Top,p.value,FDR,logFC,feats,cluster,ranking
1,0,0,4.8346781652116,SDC1,1,3
2,0,0,4.19163159092186,C1S,1,6
3,0,0,3.99260397399203,C1R,1,8
4,0,0,5.11425319342792,ARG1,1,1
5,0,0,3.48636020614939,APOE,1,11
6,0,0,4.85533757954683,CCL16,1,2
7,0,0,3.25419523173768,XBP1,1,12
8,0,0,4.46683407777679,FN1,1,4
9,0,0,4.38989765621593,VEGFA,1,5
10,0,0,3.76478980538073,ANPEP,1,9
11,0,0,3.60147462169394,CCND1,1,10
12,0,0,4.1839696407854,ERBB3,1,7
13,0,0,2.07804348887214,IFITM3,1,31
14,0,0,2.94553738177056,LAMP2,1,17
15,0,0,3.13913804672889,PRDX4,1,14
16,0,0,2.86494564951346,ITGA1,1,18
17,0,0,3.15836475215437,ERBB2,1,13
18,0,0,2.66928074751025,IQGAP2,1,20
19,0,0,2.27385458397013,LAMP1,1,29
20,0,0,3.06328594128396,NT5E,1,15
21,0,0,2.48269139082811,STAT2,1,22
22,0,0,2.86200418797723,EGFR,1,19
23,0,0,-1.24657502396312,JAK3,1,360
24,0,0,-1.78318796607948,IL10RA,1,376
25,0,0,-1.64512315943985,TGFB1,1,374
26,0,0,2.52901600533666,MET,1,21
27,0,0,-1.08412886010486,DGKA,1,351
28,0,0,2.95596120395792,A2M,1,16
29,0,0,-1.3091194010576,CORO1A,1,363
30,0,0,2.40333796068752,ID2,1,24
31,0,0,-1.50047194634636,IL2RG,1,372
32,0,0,2.3168809437263,C1QBP,1,28
33,0,0,-1.4365017738411,PTPRC,1,369
34,0,0,2.45642725538358,IL1RAP,1,23
35,0,0,2.38633037810369,RORC,1,25
36,0,0,2.35257917688697,CEACAM1,1,27
37,0,0,-2.34718634409725,IGFBP7,1,380
38,0,0,2.02818665683756,IFNAR1,1,32
39,0,0,-1.47246593857549,CD2,1,370
40,0,0,2.35905189135565,TMPRSS2,1,26
41,0,0,1.68521029310465,PTEN,1,46
42,0,0,1.9877638865562,STAT6,1,35
43,0,0,-1.16781216218291,LUM,1,357
44,0,0,-1.2860575903117,CSF1R,1,361
45,0,0,-1.13274596162443,CD3E,1,355
46,0,0,1.99266000171783,AKT1,1,34
47,0,0,-1.64568978415002,MPEG1,1,375
48,0,0,1.90667472498095,STAT3,1,39
49,0,0,-1.14757732126335,KLRK1,1,356
50,0,0,1.57589224232201,NOTCH2,1,51
51,0,0,1.92449336521802,TXLNA,1,38
52,0,0,-0.941960820302574,SYK,1,344
53,0,0,2.11030567859518,G0S2,1,30
54,0,0,-1.05446894501661,ITGAX,1,350
55,0,0,-2.0478801103794,CXCL12,1,378
56,0,0,-0.915888095232188,FCMR,1,343
57,0,0,-0.871605112660239,ENTPD1,1,341
58,0,0,1.85809901735613,CDK12,1,40
59,0,0,1.77068362457925,CENPV,1,42
60,0,0,1.72404657015315,CCL15,1,45
61,0,0,-0.964019934137676,CD44,1,346
62,0,0,1.93626170321997,IFIT3,1,36
63,0,0,-2.24995472195033,IGKC,1,379
64,0,0,1.78173252358795,SPON2,1,41
65,0,0,-1.53873836508795,IGHGP,1,373
66,0,0,-1.47999985590174,DCN,1,371
67,0,0,1.60712068652479,STAT1,1,49
68,0,0,1.59507379544419,CTNNB1,1,50
69,0,0,1.75911841703791,FAS,1,43
70,0,0,-1.3254208589875,S100A9,1,364
71,0,0,-1.29836555222268,IGHG4,1,362
72,0,0,-1.42775729264952,IGHG2,1,368
73,0,0,1.67309406868494,MYD88,1,47
74,0,0,-0.753945808934053,LCK,1,333
75,0,0,-0.943431902548261,IL2RB,1,345
76,0,0,-1.86189218034285,IGHG1,1,377
77,0,0,-1.32659448367447,CD4,1,365
78,0,0,1.6563423977953,NF1,1,48
79,0,0,-0.976592437709034,CD38,1,347
80,0,0,1.99686345123958,ISG15,1,33
81,0,0,-1.42206236795321,IGHG3,1,367
82,0,0,-0.647413464046,CD247,1,321
83,0,0,1.93570677304262,FOXP3,1,37
84,0,0,1.57561306689312,IL4R,1,52
85,0,0,-1.24233381146917,JCHAIN,1,359
86,0,0,-0.992432723651654,SPARC,1,349
87,0,0,-0.864254576140995,CCR1,1,340
88,0,0,-0.797207147908995,GZMA,1,336
89,0,0,1.46090655562673,CD276,1,54
90,0,0,-0.671022388248581,IL7R,1,323
91,0,0,-1.12535512355354,CD8A,1,354
92,0,0,-1.09159414080449,AIF1,1,352
93,0,0,-0.591493720591348,SAMD3,1,317
94,0,0,1.47643577358358,CDKN1A,1,53
95,0,0,-1.10735389870021,C1QB,1,353
96,0,0,-0.819424909728354,FCGR2A,1,338
97,0,0,-1.1897566443489,FCGR3A,1,358
98,0,0,-0.717674331722912,CD3D,1,330
99,0,0,-0.592664916993777,LTB,1,318
100,0,0,-0.645880796184648,RUNX3,1,320
101,0,0,-0.769126196789322,CMKLR1,1,334
102,0,0,-0.422123048240276,MGP,1,289
103,0,0,1.22967269817434,RNF43,1,59
104,0,0,-0.682383340010762,CLEC12A,1,324
105,0,0,-0.469281172426938,VCAN,1,303
106,0,0,-0.540489115185589,MZB1,1,313
107,0,0,-0.688224286173888,CCL5,1,326
108,0,0,-0.86044845891838,PLA2G7,1,339
109,0,0,-0.816162859812789,COTL1,1,337
110,0,0,1.7488717006297,MX1,1,44
111,0,0,-0.557341223946514,GZMK,1,314
112,0,0,-0.704006035100098,CD86,1,328
113,0,0,-0.703086785802721,NKG7,1,327
114,0,0,1.36882635751701,FKBP11,1,56
115,0,0,-0.685876382106377,HAVCR2,1,325
116,0,0,1.37827680091922,IL1R1,1,55
117,0,0,-1.40728017803281,CD163,1,366
118,0,0,-0.529162451355973,CD27,1,309
119,0,0,1.14019112324401,CTSD,1,61
120,0,0,-0.733456038715193,TC2N,1,332
121,0,0,1.10492823186865,ESR1,1,63
122,0,0,-0.498132841562238,IRF4,1,304
123,0,0,1.26773424315056,SMAD3,1,58
124,0,0,-0.522654694191552,ANXA1,1,307
125,0,0,-0.898607755144026,VSIR,1,342
126,0,0,-0.704299627580218,IGHM,1,329
127,0,0,-0.467708933057216,CCL19,1,302
128,0,0,-0.355271686354283,ADAM28,1,280
129,0,0,1.27568580292708,SSR4,1,57
130,0,0,-0.590986866009958,SELL,1,316
131,0,0,-0.436988230830563,CCR2,1,292
132,0,0,-0.532840859448279,CCL21,1,310
133,0,0,-0.441031212394411,TOX,1,294
134,0,0,0.950791489524657,CEACAM8,1,71
135,0,0,-0.298816492648048,CXCR4,1,269
136,0,0,1.14412563918053,CD14,1,60
137,0,0,-0.581793852380792,TIGIT,1,315
138,0,0,-0.635606658467411,LILRB2,1,319
139,0,0,-0.518362665127735,FGR,1,306
140,0,0,-0.447612578443626,FASLG,1,297
141,0,0,1.02787165717279,ID1,1,65
142,0,0,-0.455643150510301,CXCR6,1,299
143,0,0,-0.448076678548889,PLEK,1,298
144,0,0,-0.432516866819638,ITGAM,1,291
145,0,0,-0.535148127511968,CXCR2,1,312
146,0,0,-0.428249690316285,GLIPR2,1,290
147,0,0,-0.534384162873826,PDGFRA,1,311
148,0,0,1.11464415523487,ARID1A,1,62
149,0,0,-0.394146826450241,CCL2,1,286
150,0,0,-0.723593699279249,VSIG4,1,331
151,0,0,1.02481847856001,BRAF,1,66
152,0,0,-0.795669841525326,IL18,1,335
153,0,0,-0.373805995488892,GATA3,1,285
154,0,0,-0.44232313341509,SLC1A3,1,295
155,0,0,-0.278765900471041,FCRL3,1,266
156,0,0,1.01964106356323,KMT2C,1,67
157,0,0,-0.332004827303726,EOMES,1,276
158,0,0,-0.462178358073243,CD8B,1,301
159,0,0,0.99746762376498,IFIT2,1,69
160,0,0,-0.324781206537372,CCR5,1,275
161,0,0,-0.418444611128426,CD28,1,288
162,0,0,-0.458183562121745,GPR34,1,300
163,0,0,0.876596582362468,LY6E,1,77
164,0,0,-0.361418383083133,TRAT1,1,282
165,0,0,-0.309438373171715,CST7,1,273
166,0,0,-0.509395657623285,KLRB1,1,305
167,0,0,1.01815567367429,IFNGR1,1,68
168,0,0,-0.415284755065348,PDCD1LG2,1,287
169,0,0,0.704799994052137,FHIT,1,84
170,0,0,1.08325009839367,CXCL9,1,64
171,0,0,0.910780564680605,SOS1,1,72
172,0,0,0.896361558780068,TUBB,1,73
173,0,0,-0.336762833738149,GPR171,1,277
174,0,0,0.895738434333814,CDKN1B,1,74
175,0,0,-0.356215534831609,PRF1,1,281
176,0,0,-0.24408512764531,MS4A1,1,261
177,0,0,-0.654977667352702,CD68,1,322
178,0,0,0.895175460498501,KRAS,1,75
179,0,0,-0.230838624678359,CTSW,1,256
180,0,0,0.89337637738149,IRF2,1,76
181,0,0,-0.371703535381772,KLRD1,1,283
182,0,0,0.751960924148657,ICOSLG,1,81
183,0,0,-0.224756342835262,CD79A,1,254
184,0,0,-0.302834505284608,FCGR1A,1,271
185,0,0,-0.320764295396935,CD80,1,274
186,0,0,0.853228771488052,TP53,1,78
187,0,0,0.660504438956742,JUN,1,87
188,0,0,0.697353563936775,CDK2,1,85
189,0,0,-0.444313062065915,CCL4,1,296
190,0,0,-0.255270468971393,TBX21,1,263
191,0,0,-0.210632328797918,NELL2,1,248
192,0,0,0.980166343736137,CXCL10,1,70
193,0,0,0.719106026617107,CDK6,1,82
194,0,0,-0.524153544733891,BCL2,1,308
195,0,0,-0.271460893162961,CTLA4,1,265
196,0,0,-0.988128394464502,CD74,1,348
197,0,0,-0.178558005201618,NOTCH3,1,239
198,0,0,-0.220892640299206,LILRB4,1,251
199,0,0,-0.161981592067808,CD37,1,236
200,0,0,0.756779121287701,CCL14,1,80
201,0,0,0.758923744402077,STAT5B,1,79
202,0,0,0.602295108377374,FADD,1,91
203,0,0,-0.21744685483885,PTGS1,1,250
204,0,0,0.616917363677888,CDK4,1,89
205,0,0,-0.162524717293957,NCAM1,1,237
206,0,0,-0.167835500630905,CCL3L1,1,238
207,0,0,0.716104355973416,CTSB,1,83
208,0,0,-0.153267260111549,BANK1,1,235
209,0,0,0.605637035456133,PIK3CA,1,90
210,0,0,0.525284618154501,EPOR,1,93
211,0,0,-0.21205361607637,GZMH,1,249
212,0,0,-0.235234554204704,TNFRSF9,1,257
213,0,0,0.694985227622672,CD47,1,86
214,0,0,0.353921063521287,ACE2,1,100
215,0,0,0.308768908359935,IL22RA1,1,103
216,0,0,-0.199088656340323,TNFRSF17,1,246
217,0,0,0.542375215793046,CD40,1,92
218,0,0,-0.150818774068325,P2RX1,1,233
219,1.11253692925365e-308,1.11253692925369e-308,-0.241840663073251,KLRF1,1,259
220,1.11253768639339e-308,1.1125382370405e-308,0.395982724382239,LIF,1,98
221,2.87821942614115e-303,4.94897457888527e-303,0.654817858684802,PSMB10,1,88
222,3.17868362253426e-300,5.44098998451811e-300,-0.179915132438372,IGLC3,1,240
223,2.1048738083842e-292,3.58678048065455e-292,-0.182165836620583,RGS1,1,242
224,1.97198105564451e-291,3.34532500511117e-291,-0.30941039313985,CXCL6,1,272
225,3.62983858652048e-290,6.13039405723424e-290,-0.204290796985762,TNFRSF13C,1,247
226,4.01029189486557e-272,6.74296867278316e-272,-0.13049956843586,CXCR3,1,223
227,3.53570542385821e-248,5.91880203112801e-248,-0.0985687730476531,PDCD1,1,211
228,2.04732179441749e-247,3.41220299069579e-247,-0.373498148026236,FLT1,1,284
229,2.30514805089992e-243,3.82513650367662e-243,-0.19338774368785,IL2RA,1,245
230,1.22722793942685e-235,2.0275939868792e-235,-0.182026079559462,EPCAM,1,241
231,3.66389575119356e-231,6.02718781581641e-231,-0.115839103069766,CD40LG,1,221
232,2.24302895058225e-230,3.67392672940189e-230,-0.148098086083445,GZMB,1,231
233,7.6507511199239e-229,1.24776198522364e-228,-0.0799447881808203,CCR7,1,205
234,1.40750457696928e-227,2.28569119336894e-227,-0.150036254381976,TREM2,1,232
235,5.0485237528327e-224,8.16357032372908e-224,-0.30144545934029,NCEH1,1,270
236,1.16853202596052e-221,1.88153461807206e-221,-0.151976012430073,CCR4,1,234
237,6.46532255375086e-215,1.03663399596007e-214,-0.135780570600824,CCL3,1,225
238,2.88092446816052e-211,4.59979536933186e-211,0.505997779351847,ARPC3,1,94
239,1.3039602311816e-204,2.07324220857324e-204,-0.113442931503346,CD19,1,220
240,1.15032349872532e-200,1.82134553964838e-200,-0.437282447354096,CTSS,1,293
241,5.50269202000935e-199,8.67644384897765e-199,-0.144857157650294,LILRA5,1,228
242,6.94848647424783e-197,1.09108465298104e-196,-0.0995401730830884,SPIB,1,214
243,2.0277979231846e-194,3.1710420197948e-194,0.34434296496433,SOX9,1,101
244,8.65646716794974e-193,1.34813832943477e-192,0.192789495917306,CXCL2,1,112
245,3.36463707687981e-190,5.21862077230349e-190,0.278945254368256,CCL20,1,106
246,6.01331163765055e-179,9.28885537523262e-179,-0.251109975399221,IRF5,1,262
247,1.43801693299739e-176,2.21233374307297e-176,-0.0759095104048329,GPR183,1,202
248,4.49239881572816e-175,6.88351431442222e-175,-0.225761354454792,ITGAE,1,255
249,5.60494273563183e-174,8.55372786963873e-174,0.453005197576604,ARPC5,1,95
250,2.02851181958266e-169,3.08333796576566e-169,-0.352016019046023,CXCL14,1,279
251,2.37554218611357e-167,3.59643836941498e-167,-0.0943033874487435,PLD4,1,208
252,1.76363614599978e-159,2.65945133126949e-159,-0.074653042410977,CD79B,1,201
253,2.99158939905689e-159,4.49329633059928e-159,-0.137039189855757,CD83,1,227
254,1.16193339845725e-153,1.73832555674703e-153,-0.280403177297383,RGS5,1,267
255,1.58812626216784e-152,2.36661952793635e-152,-0.193055628259045,IDO1,1,244
256,1.00071082088727e-151,1.48543012475456e-151,-0.0944886063892237,CX3CR1,1,209
257,2.35756040933986e-150,3.48588698657252e-150,-0.190958005325161,FEZ1,1,243
258,5.96002537475486e-148,8.77833194731319e-148,0.141184273884683,EPO,1,115
259,5.06749665401688e-143,7.4349371757778e-143,0.429761122991119,ICAM1,1,96
260,3.03802507089138e-137,4.44019048822593e-137,-0.0927720829508533,DUSP2,1,207
261,1.44064846807386e-135,2.09749585390062e-135,-0.223868503141598,CLEC10A,1,253
262,3.82476477320613e-132,5.54736875503181e-132,0.241600647709057,IRF3,1,110
263,5.01039350700108e-127,7.23935183521049e-127,-0.108868190965318,LILRA4,1,218
264,1.94302310383308e-120,2.79677567975974e-120,-0.099019604890713,IL10,1,212
265,2.52646852050146e-120,3.62286051996437e-120,-0.105170585444851,KLRC1,1,217
266,2.71727440736886e-117,3.88182058195555e-117,0.402903387599732,JAK1,1,97
267,4.0954343880873e-112,5.82870811787719e-112,0.243241629803615,SOCS2,1,109
268,6.72800255244684e-108,9.53970511167844e-108,-0.345233627669897,IRF8,1,278
269,1.25971897304752e-107,1.77952866081061e-107,-0.0900223843969161,GNLY,1,206
270,3.87879478122047e-107,5.45904450690283e-107,-0.0716949923768414,FCER1A,1,200
271,1.27692921345418e-106,1.79052804838594e-106,0.252761655212079,IL15RA,1,108
272,3.18985072273683e-103,4.45640909794112e-103,0.341668402396341,HLA-B,1,102
273,2.53476383929518e-98,3.52824270671125e-98,-0.099081746333429,CD1C,1,213
274,5.05118409912276e-98,7.0052918163016e-98,0.372750510684334,ATM,1,99
275,3.16010557448687e-96,4.36669133929094e-96,-0.137011839890222,PLVAP,1,226
276,1.48068653685057e-83,2.03862639131599e-83,-0.0686414624713916,ZNF683,1,199
277,6.25296651941155e-82,8.57807681363327e-82,-0.0774511420085926,CXCL5,1,203
278,2.06025507948258e-80,2.8161760079258e-80,0.279569302949212,RB1,1,105
279,2.92389158922695e-78,3.9823613043234e-78,-0.068111910350276,IL1B,1,198
280,8.673519961937e-78,1.17712056626288e-77,-0.03206181397201,MMP9,1,173
281,5.98310340406901e-74,8.09102951439934e-74,0.121096880701858,NOSIP,1,118
282,2.65084716186263e-73,3.57206355144609e-73,-0.28917879020929,FCGR2B,1,268
283,8.4820257622039e-71,1.13892925428886e-70,-0.0626892174550661,CXCR5,1,196
284,2.5035112544565e-70,3.3497685799066e-70,0.190913158635744,ACTB,1,113
285,2.50485749581387e-69,3.33980999441851e-69,-0.221088313666695,MIS18BP1,1,252
286,2.73072211031977e-69,3.62823217455078e-69,-0.145363549487455,MKI67,1,229
287,9.1564761796121e-68,1.21235573109846e-67,0.234346903786333,CXCL11,1,111
288,3.00789736193071e-65,3.96875346365856e-65,-0.133007790109997,NOD1,1,224
289,2.25133983342691e-63,2.96023922734333e-63,-0.112250284147803,DERL3,1,219
290,2.62400608106311e-62,3.43835279587579e-62,-0.0552930793871986,BATF3,1,192
291,1.70103354104853e-61,2.22128091270941e-61,0.132862066297431,ORC6,1,117
292,3.50414419402297e-60,4.56018764975594e-60,-0.101982522247675,CDK1,1,215
293,1.29604015197158e-57,1.68087118685734e-57,0.284195040384885,NOTCH1,1,104
294,1.57968912450533e-57,2.04177505888447e-57,-0.102143592496082,CXCL1,1,216
295,2.22969577935265e-57,2.87215049543733e-57,-0.128289140800617,SOCS3,1,222
296,1.90744519083465e-54,2.44874720444987e-54,-0.146760869345951,FABP3,1,230
297,1.62203831788494e-53,2.07533522153629e-53,-0.0432497657350479,CXCR1,1,181
298,6.42416399638617e-51,8.1918869752575e-51,0.265878961316408,TUBA1B,1,107
299,4.37961658638282e-48,5.56606790242633e-48,-0.0501052693558898,IL12RB2,1,187
300,8.36123236994057e-48,1.0590894335258e-47,-0.0595042899897447,CDKN2D,1,194
301,2.78574635705713e-46,3.51688908864355e-46,-0.268871785376574,MARCO,1,264
302,6.45935982167904e-46,8.12767129880146e-46,-0.241817777101715,TNFRSF1B,1,258
303,5.23083524845461e-45,6.5601234139035e-45,-0.0456598013839239,PAX5,1,183
304,1.92738918138792e-43,2.40923647673489e-43,0.0914654920567031,LAMP3,1,122
305,3.21286426047774e-43,4.00291284911979e-43,-0.0601658429288773,KIT,1,195
306,4.34984065208515e-43,5.40176290128221e-43,-0.0373230143394108,TNF,1,177
307,5.27127929608257e-43,6.524710529353e-43,-0.0403023547624173,CDKN1C,1,178
308,1.75181761914601e-42,2.16133342621909e-42,-0.0403614110521265,FCER2,1,179
309,1.92478391919849e-42,2.36704818542209e-42,-0.242527122904916,ACTA2,1,260
310,6.53616069142653e-41,8.01206794432924e-41,-0.054858260207949,SOX17,1,191
311,2.84919533345044e-39,3.48133191868541e-39,-0.0520331939212734,EGR3,1,188
312,3.60036125845299e-39,4.38505537888508e-39,-0.0962083060139057,CXCL13,1,210
313,1.00887036025363e-38,1.22482663545169e-38,-0.0520449653167744,CCL8,1,189
314,1.40350653512971e-37,1.69851109346907e-37,0.0883305182364421,SOCS1,1,123
315,1.5635754716516e-33,1.88621802929398e-33,-0.0324031647884947,MCEMP1,1,174
316,1.48002742980292e-31,1.77977982064908e-31,-0.0580797681080458,ID4,1,193
317,3.82635766653114e-31,4.58680098827076e-31,0.0480975489041355,IL4,1,125
318,7.86550170941842e-31,9.39902719993401e-31,-0.0369779220394854,TCL1A,1,176
319,4.08482092111161e-30,4.86593087781323e-30,0.0476139564692774,MUC5AC,1,126
320,2.16541342608805e-29,2.57142844347956e-29,-0.0776007482310554,CCL28,1,204
321,2.32822375899693e-26,2.75615273650727e-26,0.133756952817318,HIF1A,1,116
322,4.13089079946417e-24,4.87496429750428e-24,0.0411975996134366,CFC1,1,127
323,9.62119320538484e-24,1.13190508298645e-23,-0.0346266034056949,CHIT1,1,175
324,1.01145166734574e-22,1.18627047404747e-22,0.115366650731912,STAT4,1,119
325,1.80300167777429e-21,2.10812503862841e-21,0.109920524116517,IL15,1,120
326,1.54556756644548e-20,1.80158182591805e-20,0.0295403028342717,CDX2,1,131
327,3.21394877231235e-19,3.73486401675442e-19,-0.0485296266720389,CENPF,1,186
328,8.31940477616256e-19,9.63833480165176e-19,-0.0248147875209705,TFF3,1,171
329,1.40278945689671e-18,1.61816803768989e-18,-0.0452934984226476,S100B,1,182
330,1.40525119062543e-18,1.61816803768989e-18,-0.0533126491056451,IL13RA2,1,190
331,3.50814160943314e-18,4.02747375101085e-18,0.0277151916942613,IL13,1,134
332,6.23933801313121e-17,7.14141097888511e-17,0.0257501419238413,REG4,1,135
333,1.61026804108442e-16,1.83754310994618e-16,0.102428208666795,CTSL,1,121
334,3.71467388153955e-16,4.22627567360786e-16,0.0243379529631229,EGF,1,139
335,1.03966157523592e-15,1.1793176077303e-15,0.0255427776251448,IL5,1,136
336,1.13593824443086e-14,1.28469206215395e-14,0.141855049368865,IRF1,1,114
337,1.91766965536412e-14,2.16235747489129e-14,0.0244750397765169,IL12B,1,138
338,1.01546212916504e-13,1.14164381385419e-13,-0.0310945987305723,GATA2,1,172
339,1.75050852959314e-13,1.96222195057638e-13,0.0196367666205862,AIRE,1,143
340,1.31262184688582e-12,1.46704794651944e-12,0.0220503053019318,IL1A,1,140
341,4.63361629785948e-12,5.16356068383168e-12,-0.0208358241837988,CCL11,1,169
342,1.9591779690847e-11,2.17686441009411e-11,0.0204106272596965,IFNB1,1,142
343,3.47310251956551e-10,3.8477520624924e-10,0.021794841494525,PGA5,1,141
344,6.15564767261939e-10,6.79984335928886e-10,0.0305629672463081,IL23A,1,130
345,7.31852916622151e-10,8.06098864685268e-10,0.0483704683527532,CDKN2C,1,124
346,2.02551105344226e-09,2.22454971187301e-09,-0.0629414063906109,TCF7,1,197
347,3.98225691734445e-09,4.36097299305731e-09,0.0166787298667131,FOS,1,145
348,4.89222886331786e-09,5.34208898868042e-09,0.0164659221790461,IL22RA2,1,146
349,1.49536401373854e-08,1.62819004361216e-08,0.0175298107866649,CCL26,1,144
350,4.13715820674077e-08,4.49177176731854e-08,0.0336521503437805,UBE2C,1,128
351,4.90739893584581e-08,5.31285354877894e-08,-0.0408394833423115,CD274,1,180
352,2.52243608380305e-07,2.72308440865102e-07,0.0255034655974144,FGF2,1,137
353,5.58959887385684e-07,6.01713193219716e-07,0.0144420235266942,ERBB4,1,147
354,1.58923046826484e-06,1.7059536100018e-06,0.0140737843637627,CCL7,1,148
355,1.17625349217551e-05,1.25908824514561e-05,-0.0464822481784938,STMN1,1,184
356,0.000137044351594183,0.000146283296645476,-0.0217473977032929,FLT3LG,1,170
357,0.000165472639033468,0.000176133341268118,0.0288928977744375,JUNB,1,133
358,0.000227051305097448,0.000241004178595057,-0.0132395153302552,CPA3,1,167
359,0.0004045654094278,0.000428230795494608,-0.0482745201023358,CSF1,1,185
360,0.000615904559243934,0.00065012147920193,0.00741030676318345,CDX1,1,152
361,0.000688416156588388,0.000724648585882514,0.00861432667725394,DMBT1,1,149
362,0.000798817129313479,0.000838537318063873,-0.0139572263852627,CXCL3,1,168
363,0.00205903914934955,0.00215546798003534,0.0316788579355191,LAG3,1,129
364,0.00211226332460774,0.00220511006415094,0.00757619198879734,CD1A,1,150
365,0.00463835141667359,0.00482896859818073,0.00741854514848713,CCR3,1,151
366,0.00886856951079879,0.00920780441011896,0.0294229122708387,CXCL16,1,132
1,0,0,4.41703817344134,KLRK1,2,1
2,0,0,3.75884226532163,CD2,2,3
3,0,0,3.90941808501194,CD8A,2,2
4,0,0,3.3321595718175,IL2RB,2,4
5,0,0,-1.64664735125747,VEGFA,2,374
6,0,0,3.06979844156831,CD3E,2,6
7,0,0,3.0931700557607,GZMA,2,5
8,0,0,-1.33427021981302,ERBB3,2,372
9,0,0,2.87168469519306,NKG7,2,7
10,0,0,-1.61531738934848,CCL16,2,373
11,0,0,2.5928149832636,IL2RG,2,9
12,0,0,2.62309691932446,CCL5,2,8
13,0,0,-2.38670325737324,SDC1,2,380
14,0,0,-2.03804639112831,ARG1,2,378
15,0,0,2.4100874441643,CORO1A,2,10
16,0,0,-0.996319793537324,EGFR,2,364
17,0,0,2.35046341777137,PTPRC,2,11
18,0,0,2.26877979036484,LCK,2,12
19,0,0,-1.82064604692314,FN1,2,376
20,0,0,2.25473519575421,SAMD3,2,13
21,0,0,-0.821389602256895,TMPRSS2,2,361
22,0,0,-1.78733645489875,ANPEP,2,375
23,0,0,2.21874032807079,TC2N,2,14
24,0,0,2.20591934570494,FCMR,2,15
25,0,0,-0.898121117829214,MET,2,362
26,0,0,-1.23479830461532,ERBB2,2,369
27,0,0,2.11796942195299,TIGIT,2,16
28,0,0,2.11059674171699,CD3D,2,17
29,0,0,2.02275732119995,CD247,2,19
30,0,0,1.93598902672431,FASLG,2,21
31,0,0,2.04110087224375,JAK3,2,18
32,0,0,1.94704333644443,CD8B,2,20
33,0,0,1.92065589152506,CXCR6,2,23
34,0,0,1.91817706398434,KLRD1,2,24
35,0,0,-2.19829972889181,C1S,2,379
36,0,0,1.92896610959336,GZMK,2,22
37,0,0,-1.91649747568713,C1R,2,377
38,0,0,1.69535152458787,PRF1,2,28
39,0,0,1.77196120601067,CCL4,2,26
40,0,0,1.72486922487351,DGKA,2,27
41,0,0,1.78757480500548,IL10RA,2,25
42,0,0,1.51303046109411,TOX,2,29
43,0,0,1.45611189053937,EOMES,2,32
44,0,0,-0.772706021195271,IL1RAP,2,358
45,0,0,1.49646977303301,RUNX3,2,30
46,0,0,-0.70863718846292,FOXP3,2,353
47,0,0,-0.651819755128289,RORC,2,350
48,0,0,-1.293892183905,PRDX4,2,370
49,0,0,-0.948999178624994,NT5E,2,363
50,0,0,1.37395295103191,STAT4,2,33
51,0,0,1.478089732933,KLRB1,2,31
52,0,0,1.2377211771052,CST7,2,37
53,0,0,-0.774930207991807,CEACAM1,2,359
54,0,0,1.23812195044069,GPR171,2,36
55,0,0,-0.507563927964814,CCL15,2,342
56,0,0,1.15878174693295,LAG3,2,40
57,0,0,1.00014245123124,CTSW,2,44
58,0,0,0.837719535542467,ACTB,2,59
59,0,0,1.32381837402107,TGFB1,2,34
60,0,0,1.19229377823542,KLRF1,2,38
61,0,0,1.11275274691711,ITGAE,2,41
62,0,0,0.998484328905728,GZMH,2,45
63,0,0,-0.719358698534153,G0S2,2,354
64,0,0,0.982655594290418,TBX21,2,46
65,0,0,1.03152010832785,TRAT1,2,42
66,0,0,0.961469983206069,FCRL3,2,50
67,0,0,0.96252403523947,TNFRSF9,2,49
68,0,0,1.27194740974449,ATM,2,35
69,0,0,1.02859677017814,CD27,2,43
70,0,0,0.927630108108285,CCR5,2,53
71,0,0,-0.553351214100748,CDKN1A,2,346
72,0,0,-1.23394723734449,XBP1,2,368
73,0,0,-0.323300103408725,ESR1,2,327
74,0,0,-1.30836402339211,APOE,2,371
75,0,0,-0.320958333010158,RNF43,2,325
76,0,0,0.874166844521856,GATA3,2,56
77,0,0,1.17837497501981,IRF1,2,39
78,0,0,0.924416066229034,CD28,2,54
79,0,0,-0.614278083240063,CD276,2,348
80,0,0,-0.340580034537459,SOX9,2,330
81,0,0,-0.470380990766698,CENPV,2,340
82,0,0,-1.11896497420433,LAMP2,2,365
83,0,0,-1.19480744366432,CCND1,2,367
84,0,0,-1.1687961109484,A2M,2,366
85,0,0,0.969763083132009,BCL2,2,48
86,0,0,0.974869057672298,CD44,2,47
87,0,0,0.659228450884834,KLRC1,2,71
88,0,0,0.863807445373253,HLA-B,2,57
89,0,0,-0.386113850252641,ID1,2,334
90,0,0,0.938951719018123,CD38,2,51
91,0,0,-0.29975368498261,CEACAM8,2,322
92,0,0,0.784023959481324,HAVCR2,2,61
93,0,0,0.895104622122483,FCGR3A,2,55
94,0,0,0.858200576826963,TNFRSF1B,2,58
95,0,0,-0.272618397497984,FHIT,2,318
96,0,0,-0.820548276653997,STAT2,2,360
97,1.11253693100607e-308,1.11253693611895e-308,-0.752778235644033,ITGA1,2,357
98,1.11253695349771e-308,1.11253702326135e-308,0.559474300872343,CTLA4,2,74
99,1.35527809998301e-308,2.04427071589171e-308,-0.579730746977091,IL4R,2,347
100,9.33813981234463e-308,3.54849312869113e-307,0.708705553382488,COTL1,2,65
101,1.1719820887245e-306,4.40943756153754e-306,0.722869570479451,CSF1,2,64
102,8.7157193833148e-306,3.24703271143091e-305,0.452439977483517,CCL3L1,2,81
103,4.17948031838571e-304,1.54194419513261e-303,0.492278513043868,GNLY,2,79
104,6.31681634547566e-303,2.30806751084688e-302,0.480662319486637,NELL2,2,80
105,2.34502349767524e-301,8.48675170587187e-301,-0.701700195257023,C1QBP,2,352
106,6.15188532965561e-292,2.20539285402759e-291,0.938641967254754,MARCO,2,52
107,2.65205097450682e-286,9.41849878796813e-286,-0.323930332948888,EPOR,2,328
108,2.82163547771391e-273,9.927976680845e-273,0.36690930479858,PDCD1,2,94
109,1.85510827909947e-272,6.46734996383326e-272,0.688794965103788,CD74,2,67
110,8.85478447486274e-272,3.05892554586155e-271,-0.659753477270006,IFIT3,2,351
111,8.373407335492e-268,2.86657188061873e-267,0.762269403012166,CD47,2,63
112,1.71370011021171e-267,5.81433965964711e-267,0.440092943318429,RGS1,2,82
113,2.57658314465512e-264,8.6646158846809e-264,-0.726132599634387,IFNAR1,2,356
114,6.00877291590807e-260,2.00292430530279e-259,0.398229960736169,CCL3,2,89
115,4.51182536270022e-259,1.49086403289221e-258,-0.722416773810534,IFITM3,2,355
116,1.60005925085528e-255,5.24157340797441e-255,0.42570010542326,GZMB,2,86
117,2.90500973898835e-236,9.43507436594465e-236,0.795094688931009,CD163,2,60
118,5.42584409854913e-233,1.74730572665135e-232,0.660275921363162,STAT5B,2,70
119,5.63270920824742e-233,1.79868025137311e-232,-0.360555629686359,CD40,2,331
120,1.32109070539821e-232,4.18345390042759e-232,0.34779226507124,CXCR3,2,99
121,3.11152598039612e-231,9.77173448388847e-231,-0.423759104088961,CD14,2,338
122,1.96963164537274e-230,6.13491823968548e-230,-0.54342942549002,ISG15,2,345
123,2.3004207625839e-230,7.10699097383651e-230,0.702312993543813,JAK1,2,66
124,7.73084396845435e-228,2.3691296032359e-227,0.676035847984964,C1QB,2,69
125,1.22537354548806e-224,3.72513557828374e-224,0.774488979936526,CXCL12,2,62
126,5.87564985034141e-223,1.77202138343629e-222,-0.642676920798261,IL1R1,2,349
127,1.68937351844858e-216,5.05481840165703e-216,-0.185728832252342,EPCAM,2,310
128,3.46537092597358e-214,1.02878199364842e-213,0.676817987046867,NOTCH1,2,68
129,1.38553678034216e-205,4.08142617465124e-205,-0.33637256082307,ICOSLG,2,329
130,1.20399405429803e-203,3.51936723564045e-203,-0.0745499181771792,IL22RA1,2,276
131,2.92335036729643e-200,8.47994763032554e-200,-0.419235727242714,SPON2,2,337
132,6.14685206510159e-194,1.76954832177168e-193,-0.240528745855156,SPARCL1,2,316
133,1.69057508304814e-193,4.83021452299475e-193,0.606904403279919,AIF1,2,73
134,3.73482944867045e-193,1.05913073917521e-192,0.293074396121903,DUSP2,2,104
135,1.96766236919081e-192,5.53860518735187e-192,-0.282510731247144,CXCL6,2,319
136,1.12337606788942e-178,3.13884489557343e-178,-0.531503951479179,MX1,2,343
137,1.45343753188071e-177,4.03143257018007e-177,-0.111067765870515,ACE2,2,295
138,4.79898535323747e-175,1.32145973494948e-174,0.281861547138887,ZNF683,2,107
139,3.51460992273952e-174,9.60828611971944e-174,-0.167551434584537,CXCL1,2,305
140,1.03458989801424e-171,2.80817258032436e-171,0.438573851992598,FGR,2,83
141,1.61043989568088e-171,4.34019262665768e-171,0.406038542447444,PLEK,2,88
142,4.88901810098785e-170,1.30832878758827e-169,-0.179778396238987,DERL3,2,308
143,1.43442905168274e-168,3.81176950796807e-168,0.433092676407431,TCF7,2,84
144,4.88514404202516e-168,1.28913523331223e-167,0.505121049607284,IL7R,2,78
145,4.24279779749923e-164,1.11190562968945e-163,0.362227457827682,CXCL13,2,95
146,3.70681105874322e-159,9.64786439946869e-159,0.234800159495281,IL12RB2,2,113
147,2.79834576455631e-143,7.23381898320689e-143,-0.231335531226442,JUN,2,315
148,2.08001770702765e-137,5.34058600453042e-137,0.515906254944686,PSMB10,2,77
149,2.56844260128053e-133,6.55039052675579e-133,-0.539283236551814,PTEN,2,344
150,7.33643373301894e-127,1.85856321236479e-126,0.353492997964512,ANXA1,2,97
151,7.7483473598426e-127,1.94991522962924e-126,-0.0561243443468965,CXCL2,2,269
152,1.69669607989733e-123,4.24174019974328e-123,0.327172530707958,GLIPR2,2,101
153,2.94031348796259e-121,7.30273938186768e-121,0.517008444462709,ACTA2,2,76
154,2.20957970651511e-119,5.45220966542701e-119,0.235732335302693,NCAM1,2,112
155,4.54162173468584e-117,1.11342984463268e-116,0.356235350920336,LTB,2,96
156,5.92170929393144e-116,1.44246764852177e-115,-0.318966501339141,IFIT2,2,324
157,4.85929453739225e-114,1.17613498357264e-113,-0.113218044968576,P2RX1,2,298
158,3.00821080767693e-111,7.23493738555201e-111,-0.495560282242784,LAMP1,2,341
159,3.01503429002326e-110,7.20574232835744e-110,0.621917252829747,IGKC,2,72
160,5.25934120992615e-103,1.24909353735747e-102,-0.446904269858655,IFNGR1,2,339
161,6.50867172667823e-101,1.53620823362594e-100,0.37816968854174,CCR1,2,92
162,1.09354276470813e-96,2.56510031227835e-96,-0.415462515096089,SSR4,2,336
163,3.49824602280915e-95,8.15542017587407e-95,0.521254191627181,IGFBP7,2,75
164,1.34523206842138e-85,3.1170011341471e-85,0.181094503292325,CD37,2,119
165,1.4040842638571e-85,3.23364860767086e-85,-0.0892621956354161,CD19,2,285
166,7.89557211510136e-85,1.80742012273405e-84,-0.361565938620543,TXLNA,2,332
167,1.056768949435e-81,2.40462395679821e-81,-0.409995164833656,IQGAP2,2,335
168,5.6564842046717e-81,1.27944285581858e-80,0.370876119892293,KRAS,2,93
169,2.89599260164354e-80,6.51169934097355e-80,0.417866301451354,MPEG1,2,87
170,7.00061521466447e-78,1.56484340092501e-77,-0.303063129669274,TUBB,2,323
171,1.54818820461953e-77,3.44041823248782e-77,-0.105399665536057,NOTCH3,2,292
172,5.75686287508812e-77,1.27186505379854e-76,0.388621443163799,CD4,2,91
173,3.63636599128736e-76,7.98739350687402e-76,0.342988151512449,CD68,2,100
174,2.28276156591954e-73,4.98534135085871e-73,0.39541028079475,S100A9,2,90
175,2.64075134197826e-72,5.73420291400986e-72,-0.0785553932615781,CXCL5,2,278
176,1.30052738542321e-71,2.80795685489101e-71,-0.36726259930726,STAT3,2,333
177,1.34835824536363e-70,2.89478041377501e-70,0.35254277700135,CSF1R,2,98
178,2.17551169543071e-69,4.64435081047001e-69,-0.121244104954127,LIF,2,299
179,5.1408839645791e-69,1.09136084164248e-68,-0.0556891336250096,PAX5,2,268
180,1.86658153613222e-68,3.94056102072364e-68,-0.322504728976042,AKT1,2,326
181,1.61218035783444e-64,3.38468804407234e-64,-0.296379299775894,NF1,2,321
182,2.51051230686124e-64,5.24172899234764e-64,-0.0850685241032793,UBE2C,2,281
183,2.80497069864727e-59,5.82452931959534e-59,0.159534354272331,CCR4,2,125
184,4.59738307182546e-58,9.44550419348125e-58,0.309317381477769,CTSS,2,103
185,4.59846914682635e-58,9.44550419348125e-58,0.130099610982626,CX3CR1,2,131
186,5.03357728301528e-58,1.02836525136873e-57,0.290518649700531,VSIG4,2,105
187,2.91127084434277e-57,5.9159514483971e-57,0.426304854343449,IGHG1,2,85
188,3.45119492044727e-56,6.97581952005294e-56,-0.193850255599706,PDGFRA,2,312
189,8.78901336163776e-55,1.76710321556738e-54,-0.0917170189354079,CCL20,2,287
190,3.9955551287386e-52,7.99111025747722e-52,0.321669308972157,STAT1,2,102
191,9.03269951161146e-51,1.79708157822636e-50,0.248271646309553,ENTPD1,2,111
192,2.73207601682809e-44,5.40723378330563e-44,0.24831592413225,CXCL14,2,110
193,4.19614160777075e-44,8.26183321737249e-44,0.252838533214276,PLA2G7,2,109
194,5.1967894441643e-44,1.0179278292693e-43,-0.177752341919423,CDK4,2,307
195,8.10448248742716e-43,1.57933504883195e-42,0.096424134177182,CDKN2A,2,138
196,1.41709925309568e-42,2.74743732743038e-42,-0.288759685983613,STAT6,2,320
197,5.30556125112152e-41,1.02340775402344e-40,-0.0846138477837273,ORC6,2,280
198,2.69908003442934e-40,5.18005259132902e-40,-0.151162359852887,CDK2,2,302
199,2.85102948261221e-40,5.44417690147058e-40,-0.0941181606870471,CDK1,2,289
200,2.9469931918823e-40,5.59928706457639e-40,0.256419810026639,IRF2,2,108
201,3.00420599416084e-40,5.67959342179661e-40,-0.161660463105793,LY6E,2,303
202,8.03319281369342e-40,1.5111946877245e-39,0.290418450535781,JCHAIN,2,106
203,2.96997961091934e-39,5.55956774457811e-39,-0.126041314675578,SOCS2,2,301
204,3.04781092654783e-35,5.67729486317731e-35,0.229743135369526,VSIR,2,115
205,3.33666716744974e-35,6.18504157868735e-35,0.103105323768481,FLT3LG,2,135
206,7.16053495117988e-35,1.32087537934386e-34,0.127659327277836,CXCR4,2,132
207,7.34389425901841e-35,1.34815450165555e-34,-0.261699535751257,CTNNB1,2,317
208,1.46956755230555e-33,2.68478687440438e-33,-0.0889746300216995,CDKN2C,2,284
209,9.62261136104512e-33,1.7495657020082e-32,0.0852791837602663,CDKN2D,2,142
210,1.02034130842799e-32,1.84633189144114e-32,-0.198277008282407,FAS,2,313
211,2.04867294132156e-31,3.68955316446535e-31,-0.0298871411918947,EPO,2,250
212,3.16231152465557e-31,5.66829424230716e-31,-0.112915652598568,MGP,2,296
213,2.9539440328099e-29,5.26994710078761e-29,-0.186661050273444,CXCL10,2,311
214,1.3275555565603e-28,2.35734164249026e-28,0.142709812428996,FABP3,2,128
215,9.6360697127142e-28,1.70311929806111e-27,-0.0471248685031484,GATA2,2,263
216,1.03209197315235e-27,1.81571736017544e-27,0.176087823116741,CMKLR1,2,120
217,1.55507711435729e-27,2.72317651362106e-27,0.161467004813953,SELL,2,124
218,1.61409090382242e-26,2.81355295161706e-26,-0.0622345743821639,BANK1,2,274
219,1.78707517910845e-26,3.10086104137539e-26,-0.215354182206069,MYD88,2,314
220,3.38977795310873e-26,5.85507100991508e-26,-0.123643135305613,IL15,2,300
221,5.28493509428579e-26,9.08721871415654e-26,-0.0505568435087906,SPIB,2,265
222,6.41445476845526e-26,1.09796973514099e-25,-0.112976286642291,VCAN,2,297
223,9.44816969110356e-26,1.61000201014321e-25,0.162952223597736,CD86,2,123
224,1.97801899035585e-25,3.34370428417959e-25,-0.106809159554882,CCL2,2,293
225,1.97982490510634e-25,3.34370428417959e-25,-0.0764964842077794,TNFRSF17,2,277
226,2.84728274320933e-25,4.78746655937853e-25,0.134054547237706,PDCD1LG2,2,130
227,3.56632343677579e-25,5.97005685451456e-25,0.109044598336401,IRF3,2,133
228,7.07466162145888e-25,1.17911027024314e-24,0.103339446821373,IL2RA,2,134
229,5.04644545474262e-24,8.37401429171267e-24,-0.171933506921486,ICAM1,2,306
230,2.80194093458884e-23,4.62929371801636e-23,-0.0595185612298237,CENPF,2,272
231,2.95719083064333e-23,4.86464292486782e-23,0.182861158568045,SOS1,2,118
232,8.14256517402206e-23,1.33369601988293e-22,0.229861177074223,IGHG3,2,114
233,1.59475152384975e-22,2.60088231357471e-22,-0.180200698332468,CXCL9,2,309
234,1.66229628265636e-22,2.69945550174964e-22,-0.0334888673109189,FCER2,2,255
235,2.58635494697739e-22,4.18219097809109e-22,-0.0801505375789317,PLVAP,2,279
236,4.8985200235761e-22,7.88744749558862e-22,-0.0542759199180004,ID4,2,267
237,6.33205259248702e-22,1.01526581651691e-21,0.208755766462144,IGHG4,2,116
238,1.18484596719754e-21,1.89177087199607e-21,-0.110548775947477,CCL19,2,294
239,7.23134653949393e-20,1.14975384309946e-19,0.0471598115244331,TNF,2,156
240,5.59362678566796e-19,8.85657574397427e-19,0.168603641163543,ARID1A,2,122
241,3.31460211819426e-18,5.22634358885402e-18,0.197663298995276,DCN,2,117
242,3.35363926165136e-18,5.26604512160132e-18,-0.0418713959203194,SOX17,2,261
243,3.55295163053857e-18,5.55605604775578e-18,0.0676067716032789,SOCS1,2,149
244,2.98239303187802e-16,4.64471045948217e-16,-0.0341591971452004,CXCL3,2,256
245,7.09817182942246e-16,1.10094093680838e-15,-0.0911082669518187,IRF5,2,286
246,7.30785927972595e-16,1.12885631150238e-15,0.0581144580500734,CD40LG,2,152
247,8.68349242070106e-16,1.33592191087709e-15,-0.0885751288410207,IL15RA,2,283
248,1.07889950653231e-15,1.65315246968661e-15,0.149266104337551,CDKN1B,2,127
249,1.72802784937255e-15,2.63715093478541e-15,0.0596326262360951,IL10,2,151
250,2.72740327846218e-15,4.14565298326251e-15,-0.0933612121969199,STMN1,2,288
251,6.49155605528794e-15,9.82785378888218e-15,0.0856643777881163,FEZ1,2,141
252,1.05697438551197e-14,1.59385026386726e-14,-0.166605805320498,NOTCH2,2,304
253,1.96843197837875e-14,2.95653814934357e-14,0.0823535031930446,FCGR1A,2,143
254,2.00722791551101e-14,3.00293940115821e-14,0.0991984947473257,IRF4,2,136
255,3.33061697671835e-14,4.96327235746265e-14,-0.0568129747470196,CD79A,2,270
256,8.93080589019449e-14,1.32566649932575e-13,-0.033430381357034,FGF2,2,254
257,2.72983046822489e-13,4.03632520593565e-13,-0.0600903831360448,TNFRSF13C,2,273
258,7.21840340824023e-13,1.06317569578732e-12,0.173651182717224,IGHGP,2,121
259,1.59438616986633e-12,2.33925383995833e-12,0.0801151925248687,IDO1,2,144
260,7.58533577409203e-12,1.10862599775191e-11,0.134172291086868,IRF8,2,129
261,8.11352219326647e-12,1.18127909327251e-11,-0.0968633799998182,PIK3CA,2,291
262,1.21167528825045e-11,1.75739163944723e-11,-0.0345534590991916,PLD4,2,257
263,1.92888552470138e-11,2.78698288740123e-11,0.0431559067717633,EGR3,2,160
264,2.78503526459072e-11,4.00876288085028e-11,-0.0379969318847041,LAMP3,2,260
265,1.11479794959753e-10,1.59857819187571e-10,0.150820022440398,IGHG2,2,126
266,1.33166208956391e-10,1.90237441366273e-10,0.0411642533235991,CCL8,2,161
267,1.71308349774993e-10,2.43809636383885e-10,-0.0593605243222997,ADAM28,2,271
268,2.87980490706007e-10,4.08330546523442e-10,-0.0244752806580879,TCL1A,2,245
269,5.65007211175356e-10,7.98151450730986e-10,0.0920191499410207,CDK6,2,139
270,5.84661873397721e-10,8.22857451448645e-10,-0.0711780101096836,CLEC10A,2,275
271,7.78918526598956e-10,1.09221048010186e-09,0.0913433354622639,CLEC12A,2,140
272,1.04372234586194e-09,1.45814151260124e-09,0.0975834888411852,MIS18BP1,2,137
273,1.44463235359443e-08,2.0108435691058e-08,0.0280161047379632,IL2,2,164
274,4.39554905484013e-08,6.09601693736952e-08,-0.00861283125954206,CDX1,2,226
275,6.64851922392777e-08,9.18704474579111e-08,-0.0258971918602451,FCER1A,2,248
276,9.0230789766289e-08,1.24230797504311e-07,0.0386167368855239,S100B,2,162
277,1.29838496653822e-07,1.78117793243511e-07,0.0684759645297005,GPR34,2,148
278,3.7926644704147e-07,5.18421762143017e-07,0.0169510734351883,IFNB1,2,174
279,4.56116871642907e-07,6.21234448832633e-07,-0.0322811366331283,CD1C,2,253
280,5.78024913701027e-07,7.84462382879965e-07,0.0535298404029352,NOD1,2,154
281,1.03761372920525e-06,1.40317870853379e-06,-0.0222319210421125,IL23A,2,242
282,1.40670356850463e-06,1.89555800011262e-06,-0.0868819846293219,CCL14,2,282
283,3.15202229372427e-06,4.23239742620219e-06,0.0566394688801883,ITGAM,2,153
284,4.57422968514251e-06,6.1204481702611e-06,-0.0299462716954123,LILRA4,2,251
285,5.01156543227443e-06,6.68208724303257e-06,-0.0102718827408161,FOS,2,228
286,1.27328485872123e-05,1.69177708501422e-05,-0.0966863798106052,CTSD,2,290
287,1.3861002158064e-05,1.8352546411374e-05,-0.0356314552003036,JUNB,2,258
288,1.93380698671706e-05,2.55155088525167e-05,0.0775294024830315,SPARC,2,145
289,2.11072472999637e-05,2.77534739584298e-05,-0.0149348425559954,TFF3,2,237
290,2.26937243321376e-05,2.97366042972837e-05,0.0651618519765123,FLT1,2,150
291,3.70171209846008e-05,4.83385085022278e-05,-0.0231507530245138,NOSIP,2,244
292,5.77339448691326e-05,7.51332159255834e-05,0.0745910842955933,LUM,2,146
293,7.43033474173298e-05,9.63661161043867e-05,0.072779125178869,ARPC3,2,147
294,0.000111425598320136,0.000144019480821944,0.00800789801553153,IFNL1,2,184
295,0.000130479955468422,0.000168075874840679,0.0204207728470216,GPR183,2,169
296,0.000230487338500994,0.00029589590753506,-0.0144972551435693,CXCR1,2,235
297,0.000231490572967012,0.000296183224671598,-0.0145412416455535,CDKN1C,2,236
298,0.00024350269479006,0.000310506792014171,-0.0163660171151188,CCR7,2,238
299,0.000268581822046816,0.000341341446079566,0.0209585213082389,CXCR5,2,168
300,0.000300848604215958,0.000381074898673547,0.0160298082325937,CCL13,2,176
301,0.000393871033160889,0.000497245822595142,-0.0122854651881425,IL6,2,231
302,0.000892041968566457,0.00112243691409024,0.035959910439555,CD80,2,163
303,0.00102445428501831,0.00128479415282825,0.0456892269071005,CXCL11,2,158
304,0.0010463413664135,0.00130792670801688,-0.0453268484256906,HIF1A,2,262
305,0.00109056726643908,0.00135873954507164,-0.0513717304195154,BRAF,2,266
306,0.00142777969152532,0.00177305974764582,0.0252318084362428,IL13RA2,2,165
307,0.00240985045196396,0.00298287678093259,0.0235987467892872,TREM2,2,166
308,0.00344400913197158,0.00424910217580909,0.0172147888768612,IL1B,2,173
309,0.00383900510010435,0.00472110659559758,0.0527908840348179,JAK2,2,155
310,0.00420728462781097,0.00515731664054248,-0.00635195696982584,DMBT1,2,222
311,0.00438558799456017,0.00535859626344972,-0.0104703178168147,MCEMP1,2,229
312,0.00543874089144652,0.00662410749599256,0.044751995250478,SYK,2,159
313,0.00737282491584765,0.00895103344416009,0.0471230517565693,ITGAX,2,157
314,0.00902938890169066,0.0109272859319823,-0.00765539310614955,MMP9,2,225
1,0,0,4.31462727513842,CD163,3,1
2,0,0,2.42643575133465,CD74,3,21
3,0,0,3.68707152199017,MPEG1,3,3
4,0,0,3.94893565384145,CSF1R,3,2
5,0,0,3.53409420750295,FCGR3A,3,4
6,0,0,3.34387136722667,C1QB,3,5
7,0,0,3.20798150030935,IL10RA,3,6
8,0,0,2.18349677359269,CTSD,3,24
9,0,0,2.81220162610717,CD68,3,13
10,0,0,2.75304502591724,CTSB,3,14
11,0,0,2.81967152733407,CMKLR1,3,12
12,0,0,2.84857521024392,IL18,3,10
13,0,0,2.60657342976081,CD4,3,16
14,0,0,2.75189445428211,CCR1,3,15
15,0,0,3.00850813027553,PLA2G7,3,8
16,0,0,2.9333065499169,ITGAX,3,9
17,0,0,2.56514162604369,CTSS,3,18
18,0,0,2.83717378032859,VSIG4,3,11
19,0,0,2.569012261473,AIF1,3,17
20,0,0,-1.24907594352454,ERBB3,3,372
21,0,0,2.45500107622917,LILRB2,3,20
22,0,0,2.5151392506338,CLEC12A,3,19
23,0,0,2.41229908800988,IRF8,3,22
24,0,0,3.05592110747355,MARCO,3,7
25,0,0,2.3132812469735,CD86,3,23
26,0,0,-1.43766907738988,CCL16,3,374
27,0,0,2.11704416387898,IFNGR1,3,26
28,0,0,2.16518899065133,FCGR2A,3,25
29,0,0,2.06738694639621,HAVCR2,3,27
30,0,0,-2.06362457698673,SDC1,3,379
31,0,0,-1.19045210656852,ERBB2,3,369
32,0,0,-1.6952862000488,FN1,3,377
33,0,0,2.0057620273082,CXCR2,3,28
34,0,0,-1.31831521388936,VEGFA,3,373
35,0,0,-0.843668719679626,MET,3,365
36,0,0,-0.753158869274673,TMPRSS2,3,362
37,0,0,-0.88784875720007,EGFR,3,367
38,0,0,1.90349142612503,SLC1A3,3,30
39,0,0,-2.11561853468644,C1S,3,380
40,0,0,1.8386532250517,TNFRSF1B,3,31
41,0,0,-1.95921028131902,C1R,3,378
42,0,0,1.90555783692499,JAK2,3,29
43,0,0,-1.43868953777714,ITGA1,3,375
44,0,0,1.74263325819561,GPR34,3,34
45,0,0,1.73888652966234,ENTPD1,3,35
46,0,0,1.64833120200819,CD80,3,37
47,0,0,1.76473687631748,PTPRC,3,33
48,0,0,-1.59136228877674,ARG1,3,376
49,0,0,1.69509427715189,SYK,3,36
50,0,0,-0.653183589226737,RORC,3,357
51,0,0,1.79524386209667,CXCL12,3,32
52,0,0,1.51080505546092,NCEH1,3,41
53,0,0,1.45017209967485,NOTCH2,3,43
54,0,0,1.44621691239718,IRF5,3,44
55,0,0,-0.952542730430537,NT5E,3,368
56,0,0,1.57412089259525,CD38,3,39
57,0,0,1.57762488902293,TGFB1,3,38
58,0,0,-0.67581289161743,FOXP3,3,358
59,0,0,1.27966177129951,PDCD1LG2,3,47
60,0,0,1.48532002560795,ICAM1,3,42
61,0,0,1.17499882329649,FCGR1A,3,53
62,0,0,1.27533244197948,FGR,3,48
63,0,0,1.29779984287344,CTSL,3,46
64,0,0,1.05100278448114,HLA-B,3,61
65,0,0,0.831709764668524,ACTB,3,70
66,0,0,1.37391338873473,VSIR,3,45
67,0,0,-0.716177293391821,SPON2,3,360
68,0,0,1.15979906899717,STAT1,3,54
69,0,0,1.18446232259524,CXCL16,3,52
70,0,0,1.51173159362456,S100A9,3,40
71,0,0,-1.23660573317077,ANPEP,3,371
72,0,0,0.986697351304202,LILRB4,3,62
73,0,0,1.10999124957841,PLEK,3,55
74,0,0,-0.327798888674667,RNF43,3,328
75,0,0,-0.353382844726443,SOX9,3,334
76,0,0,1.09693164295278,FABP3,3,57
77,0,0,1.25436330788184,STAT2,3,49
78,0,0,-0.749008604760084,SMAD3,3,361
79,0,0,1.19689632089015,CD44,3,51
80,0,0,-0.683964864940221,G0S2,3,359
81,0,0,1.22501241087977,MYD88,3,50
82,0,0,-0.449954861033026,CCL15,3,345
83,0,0,-0.478111680951688,CENPV,3,349
84,0,0,-1.21900847575672,XBP1,3,370
85,0,0,1.07932872011327,MIS18BP1,3,60
86,0,0,1.10166683184431,COTL1,3,56
87,0,0,0.975622953039444,ITGAM,3,64
88,0,0,-0.644556905059484,CEACAM1,3,356
89,0,0,0.975651083681522,CLEC10A,3,63
90,0,0,-0.401093864834009,ID1,3,341
91,0,0,-0.601488683479037,TC2N,3,354
92,0,0,1.09388741027168,ATM,3,58
93,0,0,0.731866229037112,TREM2,3,72
94,0,0,1.08768496746831,TUBA1B,3,59
95,0,0,-0.576028281854061,IL1RAP,3,352
96,0,0,0.716624937881595,CD83,3,74
97,0,0,0.862039063872299,ICOSLG,3,68
98,0,0,-0.222370294199037,LIF,3,298
99,0,0,-0.883145457956908,PRDX4,3,366
100,0,0,0.633124657352683,LILRA5,3,82
101,0,0,-0.368755589536538,CXCL6,3,340
102,0,0,0.908951718507312,LAMP1,3,66
103,0,0,-0.218235681936831,EPCAM,3,296
104,0,0,0.911624604494361,STAT6,3,65
105,0,0,0.89119565681002,CD47,3,67
106,0,0,0.699095710790631,IL15,3,77
107,1.11253692926528e-308,1.11253692929508e-308,0.591116148935251,CD274,3,87
108,1.11253692928626e-308,1.11253692936852e-308,0.597320165800845,IL2RA,3,84
109,1.11253693045212e-308,1.11253693343194e-308,-0.795495561084299,IL1R1,3,364
110,1.1462200627698e-308,1.22889684503684e-308,-0.595168561671757,FAS,3,353
111,1.50831925582991e-302,5.16361547040841e-302,-0.285357381953745,SPARCL1,3,319
112,8.62287393994583e-296,2.92561794391031e-295,0.489551630200926,IL10,3,91
113,1.10857729749737e-284,3.72795905353095e-284,0.677221520034527,CD40,3,78
114,1.05220493918464e-283,3.50734979728231e-283,-0.360196461608079,TCF7,3,335
115,1.55775211119199e-282,5.14735480219951e-282,0.775131311410471,ARPC5,3,71
116,1.5749704611635e-271,5.15938599346686e-271,0.859347728668165,CXCL9,3,69
117,1.47813511477812e-244,4.80078071466379e-244,0.467428510180945,PTGS1,3,94
118,1.25270403399907e-240,4.03413163491211e-240,0.712724064399079,ARPC3,3,75
119,3.49925371637614e-230,1.11740874976716e-229,-0.204277715296272,DERL3,3,291
120,2.29820490467535e-228,7.27764886480514e-228,0.65087291401497,RB1,3,79
121,1.16995645122562e-226,3.6742434005432e-226,-0.339763040084598,STAT4,3,332
122,1.77049912263391e-224,5.51466939836782e-224,0.717272210207516,IL2RG,3,73
123,4.73638387480713e-224,1.4632730670136e-223,-0.203668394208186,TNFRSF13C,3,290
124,1.53744941118909e-222,4.71153851816015e-222,0.543733694632314,ANXA1,3,89
125,1.84476559249967e-222,5.60808740119904e-222,-0.463308388701726,CSF1,3,348
126,1.44069668336527e-219,4.34495825141906e-219,-0.534172120625273,FKBP11,3,351
127,2.84647697575343e-213,8.51701772272658e-213,-0.773010386513784,CCND1,3,363
128,2.40498380180022e-209,7.13979566159453e-209,-0.336384189812205,SAMD3,3,331
129,3.113609076682e-203,9.17187169875302e-203,-0.242422094319469,CEACAM8,3,305
130,2.05607671596529e-196,6.01007040051404e-196,-0.346292731153829,CD247,3,333
131,3.94512682769301e-193,1.14438793475065e-192,0.703514099629487,IRF1,3,76
132,7.22223407173928e-186,2.0791279903492e-185,-0.363121041276201,IL7R,3,337
133,7.73914375208233e-186,2.21118392916641e-185,-0.250820116188899,SOCS2,3,309
134,2.03977770677635e-181,5.78444424309717e-181,-0.611283407887265,IFITM3,3,355
135,2.65590499983481e-181,7.47588074027569e-181,-0.185874705945454,CCL28,3,287
136,5.79814602867728e-181,1.62007021389516e-180,-0.245511503797743,MGP,3,307
137,1.74795593403093e-178,4.84834492650913e-178,-0.366419094358023,LCK,3,338
138,6.29082215894991e-173,1.73225537710219e-172,0.640190052384667,LAMP2,3,81
139,4.40120342301055e-167,1.20320669118273e-166,0.488160984844279,SELL,3,93
140,2.75323371025281e-164,7.47306292782906e-164,0.643830867552431,IQGAP2,3,80
141,1.04194714783529e-161,2.80808451189652e-161,-0.321192651233159,PDGFRA,3,327
142,5.5141118213868e-161,1.47560738882179e-160,-0.10941259791213,ACE2,3,262
143,5.18353777634289e-159,1.37744360490229e-158,-0.184676627330344,FCRL3,3,286
144,1.78965509884327e-158,4.72270095528097e-158,0.597639328701056,FCGR2B,3,83
145,5.66173662435239e-156,1.4837654601751e-155,0.591321493014637,APOE,3,86
146,1.37021428313965e-155,3.56631114789774e-155,-0.455178312322368,KLRK1,3,347
147,5.02548069267747e-155,1.29910385252889e-154,-0.265348989320353,CD28,3,314
148,7.47875555424706e-154,1.92022102068505e-153,-0.0698699254108391,IL22RA1,3,235
149,1.75845032985592e-151,4.48463842513595e-151,0.593114931029926,JAK1,3,85
150,2.25864380197694e-151,5.72189763167488e-151,-0.17192976481763,MS4A1,3,284
151,1.8175742715183e-142,4.57402796805925e-142,-0.162186908318838,CXCL1,3,279
152,7.54647317117406e-141,1.88661829279349e-140,-0.424117746239084,CD3E,3,343
153,5.1630043357519e-140,1.28231480234358e-139,0.569563687700053,IFNAR1,3,88
154,2.35260346005121e-137,5.80512542090571e-137,0.28213311726429,CCL8,3,104
155,3.28966517079576e-137,8.06498558001561e-137,-0.511953068080469,C1QBP,3,350
156,5.00904641065948e-135,1.22015233080168e-134,-0.218134670042366,GPR171,3,295
157,3.68342060337408e-134,8.91528553682896e-134,0.466139465842178,CD14,3,95
158,4.90586629194941e-131,1.17989189300051e-130,-0.419302477896585,LUM,3,342
159,2.10494743935151e-128,5.03069199341868e-128,-0.123909803028764,NCAM1,3,270
160,7.62000221073946e-124,1.80975052505058e-123,0.361673693228865,GLIPR2,3,98
161,9.45341974118068e-123,2.23124192648982e-122,0.25323961717536,IL1B,3,109
162,1.31733914491628e-121,3.09005478437146e-121,-0.261277485207673,MZB1,3,312
163,3.52735398403799e-119,8.22327922659185e-119,-0.258343523850276,CD27,3,310
164,3.8996154814705e-117,9.03569440828532e-117,0.532847040320766,ACTA2,3,90
165,1.07119563332009e-116,2.46699600400995e-116,-0.229241622341035,TOX,3,299
166,9.61668911787985e-115,2.20141076192424e-114,-0.362547398293183,IL2RB,3,336
167,2.05775974021937e-110,4.68232755259498e-110,-0.289214911893891,CDKN1A,3,321
168,5.45451212476378e-110,1.23375869488703e-109,-0.206710026747921,TRAT1,3,293
169,8.83447037389012e-110,1.98644895980959e-109,0.488548555542603,PSMB10,3,92
170,1.72385746649879e-109,3.85332845452674e-109,-0.139586992891425,NELL2,3,272
171,9.56897948858834e-109,2.12643988635296e-108,-0.303095547195933,CD3D,3,324
172,5.03017358050334e-108,1.11131741894842e-107,-0.145961630717485,CTSW,3,273
173,2.70923326959132e-107,5.95091700835091e-107,-0.281093301987522,TIGIT,3,318
174,6.57212620116317e-107,1.43529192898964e-106,-0.239398353283374,IRF4,3,303
175,4.63408772031464e-105,1.00625904783974e-104,-0.0982762610955326,CD19,3,254
176,5.14009525393119e-104,1.10979329346241e-103,-0.426123265107609,CD2,3,344
177,1.55704722129964e-103,3.34281324346814e-103,-0.0906799770796937,CXCL5,3,252
178,1.52595031571746e-101,3.25764674141926e-101,-0.222068124688267,FASLG,3,297
179,1.10178758178489e-100,2.33899039708522e-100,-0.243060659995688,CD8B,3,306
180,2.19621346892898e-100,4.6364506566279e-100,-0.32915101863358,DGKA,3,330
181,1.01198646060348e-96,2.12461245872556e-96,-0.107984023765392,BANK1,3,259
182,1.41570587200376e-93,2.95586940308477e-93,0.277747458949057,NOD1,3,105
183,1.20954934402126e-92,2.51163251763973e-92,0.223369373690174,CCL3,3,113
184,2.17957957559617e-92,4.50130564525292e-92,-0.231021660572187,CDK2,3,301
185,2.26266804959965e-91,4.6476424802588e-91,-0.121549178934915,CCR4,3,269
186,1.1503890654501e-88,2.35025723048949e-88,-0.24091038124854,LTB,3,304
187,1.03818008451319e-86,2.10967075997334e-86,-0.151025926243632,TBX21,3,276
188,1.67382214043549e-86,3.3832575179015e-86,-0.217364426917262,CCL19,3,294
189,1.94524322451803e-86,3.9110710334225e-86,-0.171266592251682,EOMES,3,282
190,9.36237914067147e-86,1.8724758281343e-85,-0.169162933307463,ESR1,3,281
191,2.85785640911959e-84,5.68578762023789e-84,-0.230170225969033,GZMK,3,300
192,4.21557153043447e-84,8.34331865398482e-84,-0.0712027261350371,CXCR5,3,237
193,5.30704275014349e-83,1.04490997153084e-82,0.237689602096795,CXCR4,3,111
194,2.36701545998607e-82,4.63642203502421e-82,0.170704118260952,CHIT1,3,122
195,1.11940240164053e-81,2.18139955191486e-81,-0.101006871691204,KLRC1,3,257
196,2.77810516618831e-81,5.38612226097738e-81,0.225564714371936,JUNB,3,112
197,1.39153942471151e-79,2.68418772279378e-79,0.421619380970522,MX1,3,96
198,2.38412390058182e-79,4.57559132434898e-79,-0.179812287150154,MKI67,3,285
199,3.10138944559762e-78,5.92225120264876e-78,-0.195588354484836,KLRD1,3,288
200,2.9921788059139e-76,5.68513973123636e-76,0.199013699465653,CCL3L1,3,118
201,1.09173874596373e-75,2.06398369883687e-75,0.341319401570317,IFIT2,3,100
202,1.65657300047402e-74,3.11632544643632e-74,0.181200720405365,S100B,3,120
203,1.35286116698149e-72,2.53244947513778e-72,0.264792827229031,IL15RA,3,107
204,7.79259778542271e-70,1.45156233257874e-69,-0.0852103821672738,CD40LG,3,248
205,2.015375248709e-69,3.73581753419225e-69,0.162685276292359,EGR3,3,124
206,9.01307867900347e-69,1.66260674661231e-68,-0.26568710867168,GZMA,3,315
207,3.94362625765877e-67,7.23950713966344e-67,-0.0569127242967993,PAX5,3,223
208,9.13005406832382e-64,1.66799064709762e-63,0.141270409612474,CXCL3,3,127
209,1.56680169982564e-63,2.84873036331934e-63,0.381671693130167,IFIT3,3,97
210,5.63906679222667e-63,1.02040256240292e-62,-0.119806302360192,TNFRSF17,3,266
211,9.43145686966855e-63,1.6985562134948e-62,-0.259242811860532,IGHM,3,311
212,1.19962270130578e-61,2.15026710611411e-61,0.344908540743219,IRF2,3,99
213,7.25531826660269e-61,1.29437602878359e-60,0.282888554429776,CCL4,3,103
214,3.6444093918271e-59,6.47138116305744e-59,-0.0849031854641631,ID4,3,247
215,5.8786250537929e-58,1.03901280020525e-57,-0.0846474110194788,CXCR3,3,245
216,6.50979887777451e-58,1.14524239516404e-57,-0.117535669032804,CDKN2C,3,265
217,6.77005617216664e-58,1.18553979051767e-57,-0.249293259117467,FCMR,3,308
218,3.73255486894107e-57,6.50628830365877e-57,0.123269206115039,HPGDS,3,133
219,1.03922291229282e-56,1.80321783868163e-56,-0.0899371805888158,CENPF,3,251
220,3.48285326436964e-56,6.01583745663847e-56,-0.299428166760186,ISG15,3,322
221,4.34203638406186e-56,7.46594491377156e-56,-0.120093553893734,GZMH,3,267
222,4.91153084618713e-55,8.40712487185185e-55,-0.160262139970433,PRF1,3,278
223,6.5902065448894e-55,1.12299483724573e-54,0.108770214260479,TNF,3,135
224,8.41068220886465e-55,1.42681216043239e-54,0.310538638662341,IL4R,3,101
225,2.86128640721102e-54,4.8323948210675e-54,0.137005815070107,CDKN2B,3,128
226,6.44663629198121e-54,1.08394769511188e-53,-0.32855363891147,SSR4,3,329
227,6.52252023650946e-54,1.09187563430554e-53,-0.197004881722469,CCL21,3,289
228,1.53817524429082e-52,2.56362540715138e-52,-0.0651311603347309,PDCD1,3,228
229,1.35184051664709e-51,2.24322880491658e-51,-0.278273912267976,CDKN1B,3,317
230,2.191513093369e-51,3.62076076295749e-51,-0.171412100916719,CXCR6,3,283
231,5.65018225673324e-51,9.29467211064342e-51,0.167985574322416,RGS1,3,123
232,1.18022582091534e-50,1.92581481705123e-50,-0.450856363108855,IGKC,3,346
233,1.18082855887615e-50,1.92581481705123e-50,-0.366823824239083,IGHGP,3,339
234,2.17828079121526e-50,3.53737906265725e-50,-0.0682791755681752,SPIB,3,232
235,1.66731115880255e-49,2.69607761848921e-49,-0.263401193372094,SPARC,3,313
236,5.45627462837912e-49,8.78552694400032e-49,0.210695385788554,IDO1,3,117
237,8.0802120118377e-47,1.29556141961955e-46,-0.0600312082155695,GATA2,3,225
238,8.95869815434561e-47,1.4303803775846e-46,-0.0646565723675954,SOX17,3,227
239,3.93763067246427e-46,6.26066801479673e-46,0.106590767949295,BATF3,3,137
240,1.73847967122295e-45,2.75259281276965e-45,-0.0569644084353404,FGF2,3,224
241,3.61556656933288e-44,5.70089334583607e-44,-0.103042006647183,CDK1,3,258
242,1.30518333261411e-42,2.04946143137752e-42,-0.100217248900293,CD79A,3,256
243,1.35294094458373e-42,2.11571011910212e-42,-0.0753990511365879,UBE2C,3,241
244,1.31849318992676e-41,2.05339103349248e-41,0.276489631033092,KRAS,3,106
245,2.24556234992645e-41,3.48291303253897e-41,0.0791640473908638,MMP9,3,141
246,2.58547512262421e-41,3.99382336015119e-41,-0.121422457647556,CST7,3,268
247,3.25488542415983e-41,5.00751603716896e-41,0.221241449024159,HIF1A,3,115
248,5.07561997683445e-41,7.77715964192381e-41,-0.0847657669593204,NOTCH3,3,246
249,5.31658794969317e-40,8.1136683569615e-40,-0.314408191531587,IGHG2,3,325
250,1.14186488327786e-39,1.73563462258236e-39,-0.30301321659898,DCN,3,323
251,1.13981863666242e-36,1.72562184036542e-36,0.28309671922005,CTNNB1,3,102
252,1.18396861187771e-36,1.7853494941013e-36,-0.275022187071065,IGHG4,3,316
253,3.14364571249818e-36,4.72168130730952e-36,0.248127414468255,KMT2C,3,110
254,6.95504561806963e-36,1.0405186357742e-35,0.177887594026623,EPOR,3,121
255,6.68554840244863e-34,9.96277801149206e-34,-0.317915472960121,IGFBP7,3,326
256,6.80386436338089e-34,1.00994861643935e-33,-0.0421978573676139,TCL1A,3,215
257,3.05906209098926e-32,4.52312682714366e-32,0.0749134643767929,CCL13,3,143
258,4.9106475383648e-32,7.23273668441324e-32,-0.0462952261786239,CCR6,3,218
259,7.56037264497845e-31,1.10924386296982e-30,-0.125540605301824,JUN,3,271
260,1.79124970879588e-30,2.61798034362475e-30,-0.167307815230091,CCL5,3,280
261,4.61748798482439e-29,6.72277944150681e-29,-0.115793730466616,GATA3,3,263
262,6.41603704404214e-29,9.3057025829619e-29,0.196122376130201,CD276,3,119
263,1.14482608985907e-28,1.65412134656444e-28,-0.0452500532601041,CCR7,3,217
264,1.47902079442757e-28,2.12889356773666e-28,-0.0604005904606239,GNLY,3,226
265,5.18155514516506e-28,7.43015454778388e-28,-0.0508073628001337,ZNF683,3,219
266,6.63243179754223e-28,9.4749025679175e-28,0.135927996379226,ADAM28,3,129
267,1.13061440233926e-27,1.60911413067011e-27,-0.0741908054218638,GZMB,3,240
268,1.15075541434806e-27,1.63166812482188e-27,0.210861156535358,JAK3,3,116
269,6.25265240633597e-27,8.83274317623669e-27,0.12922096896546,CCR5,3,131
270,1.01578328666227e-26,1.42962092196913e-26,0.222111159672808,CXCL10,3,114
271,1.12077779560391e-25,1.57157034069921e-25,0.0970506865835378,CD1C,3,138
272,1.20259464809758e-25,1.68009546425397e-25,-0.0713362791063787,CCL20,3,238
273,4.1339291693705e-25,5.75418712220071e-25,0.253879283950295,A2M,3,108
274,1.16646938272225e-24,1.6177312607097e-24,-0.288157295092757,IGHG1,3,320
275,4.14128223768929e-24,5.72249909207975e-24,-0.152309091528315,NKG7,3,277
276,4.32354400013365e-24,5.95270550743039e-24,0.12703278126715,SOCS3,3,132
277,1.69593371546429e-23,2.32655166742393e-23,-0.0426644640180215,IL23A,3,216
278,4.06634337446267e-23,5.55831108739502e-23,-0.0421862891491037,IL12RB2,3,214
279,2.74437212585295e-22,3.73785450833019e-22,-0.233415767581927,IGHG3,3,302
280,2.30534609019499e-21,3.12868397955033e-21,-0.147557004649172,BCL2,3,275
281,8.43874100997518e-21,1.14118205828846e-20,0.0449308100815855,MMP12,3,149
282,1.15413703078446e-20,1.55522011240458e-20,-0.20670025841252,JCHAIN,3,292
283,2.45243867189392e-20,3.29302719194236e-20,-0.0871900401660225,CTLA4,3,250
284,4.17778606851653e-20,5.58999544378971e-20,-0.108243847193574,VCAN,3,261
285,5.04561523947771e-20,6.72748698597027e-20,0.0796743493467004,CD37,3,140
286,9.2797037306251e-20,1.23296762854459e-19,0.146330443773852,CXCL11,3,126
287,2.10228557533652e-19,2.78351400218773e-19,-0.0258927964874832,EPO,3,204
288,2.24249168637303e-19,2.95884319729775e-19,-0.0690758634198682,IGLC3,3,234
289,6.02224443633956e-19,7.91852209622504e-19,-0.0383087017390421,CD79B,3,211
290,9.2642735914486e-19,1.21393929818982e-18,-0.0986600080103385,CCL2,3,255
291,1.28794612046166e-18,1.6818540404654e-18,-0.0277876704345947,TFF3,3,206
292,4.53260254006277e-18,5.89859234665705e-18,-0.0559430287690222,FLT3LG,3,222
293,1.23497763907841e-17,1.601677484129e-17,0.133608685392091,RUNX3,3,130
294,2.13245961482329e-17,2.75624031847907e-17,-0.0817386525631446,KLRF1,3,243
295,3.81672239233684e-17,4.91645596301017e-17,0.0713553131871543,LAMP3,3,144
296,4.95381817660601e-17,6.35963144294016e-17,-0.0735528161589665,PLVAP,3,239
297,4.30420162828354e-16,5.50705932238298e-16,0.0384533820880502,PGA5,3,152
298,1.63784491050594e-14,2.08852706708811e-14,-0.0287816214162062,CXCR1,3,207
299,1.66826464930146e-14,2.12020256432962e-14,0.149826440371386,SOS1,3,125
300,4.26602668819294e-14,5.4036338050444e-14,0.0305102259046888,FOS,3,153
301,5.91379790090528e-14,7.46592426027909e-14,-0.0273417382518196,CXCL2,3,205
302,2.77062025787707e-13,3.48621092050757e-13,-0.146609323683644,AKT1,3,274
303,7.9200346691201e-13,9.93271674675128e-13,0.0538718824033814,DUSP2,3,146
304,1.37729311722814e-12,1.72161639653518e-12,-0.0665321971364065,TNFRSF9,3,229
305,2.13267977004126e-12,2.65710922169075e-12,0.0637654377169938,ORC6,3,145
306,6.61376074251294e-11,8.2131669351468e-11,-0.108003014855501,BRAF,3,260
307,2.58848025351691e-10,3.2039820727571e-10,0.0391178653444728,GPR183,3,151
308,4.60173083297312e-10,5.67746011860321e-10,0.0253104715597025,CCL7,3,154
309,5.43684242836427e-10,6.686084539736e-10,-0.0310754717703506,FCER1A,3,208
310,9.20445483076817e-10,1.12828801151352e-09,-0.0353374424593742,KIT,3,209
311,1.02305169573115e-09,1.25003101086121e-09,-0.0818816998702669,FADD,3,244
312,1.75334729744531e-09,2.13548709304236e-09,-0.0853885203663103,KLRB1,3,249
313,3.44377036029408e-09,4.18093526169888e-09,0.116579326036958,CORO1A,3,134
314,5.62663669554562e-09,6.80930555511891e-09,-0.0690552597915842,CCR2,3,233
315,5.65285215762706e-09,6.81931371396281e-09,0.107153945076927,CXCL14,3,136
316,1.24179548193254e-08,1.49329836434926e-08,-0.117444874161322,CD8A,3,264
317,2.19875400231905e-07,2.63573034978309e-07,-0.0388132771775034,IL13RA2,3,212
318,3.68306367275554e-07,4.40114526933052e-07,-0.0177347576479113,IL6,3,202
319,8.45248509132702e-07,1.00687910178817e-06,-0.0952559988634905,STAT5B,3,253
320,2.08144725651275e-06,2.47171861710889e-06,0.0946034195378194,ARID1A,3,139
321,4.66082997062792e-06,5.51749342317323e-06,-0.0669533988058941,RGS5,3,230
322,1.35107421371408e-05,1.59443540748866e-05,-0.0163240101806056,CCL11,3,199
323,2.40038105296366e-05,2.82397770936902e-05,-0.0812389764966417,CCL14,3,242
324,4.71456993109933e-05,5.52943386980786e-05,-0.0169352293763606,FCER2,3,201
325,0.000102430514371616,0.000119764909111428,-0.0533699690818017,LY6E,3,221
326,0.000111946672123022,0.000130489985910271,0.0767546159499208,NF1,3,142
327,0.00024213120251166,0.000281375709340766,-0.0699197633359483,TP53,3,236
328,0.00028720243764498,0.000332734531417965,-0.0118187938343876,MUC5AC,3,194
329,0.00034679912909822,0.000400558264611926,0.0128682780839534,IL1A,3,159
330,0.000359678663059655,0.000414175430189906,-0.0205305678653201,PLD4,3,203
331,0.000390356719522696,0.000448143665917294,-0.00797637852539099,DMBT1,3,190
332,0.000435883458181711,0.000498902753340513,-0.0509873671703941,CDK4,3,220
333,0.000607567461136516,0.00069332022592155,0.0216253760927826,CDKN2A,3,157
334,0.000692219956953658,0.000787555639647875,-0.014903337507264,CPA3,3,197
335,0.000874579040129549,0.000992059806714116,-0.0681816570648535,TXLNA,3,231
336,0.00209006486425446,0.00236376383457349,-0.0105277015486554,CFC1,3,192
337,0.00254294859518747,0.00286741978092356,-0.0127247558764623,IL2,3,195
338,0.00406113340152861,0.00456577127982506,-0.0054061514307985,CDX1,3,184
339,0.00434823343388788,0.00487412597308966,-0.0166998433388344,CDKN2D,3,200
340,0.00795508983591491,0.00889098275778725,0.0528394775723153,CDK12,3,148
341,0.00816284060042673,0.00909642061044621,0.00797966820757884,CD1A,3,162
1,0,0,4.52962688485356,IGFBP7,4,2
2,0,0,5.13271470938278,DCN,4,1
3,0,0,4.1071139585343,CXCL12,4,3
4,0,0,3.67166369210026,LUM,4,4
5,0,0,3.34756380474458,PDGFRA,4,5
6,0,0,2.94750960802839,SPARC,4,6
7,0,0,-1.49603939844315,CCL16,4,376
8,0,0,-1.20326260097321,ERBB3,4,373
9,0,0,-0.851616767205248,MET,4,366
10,0,0,-2.1261836019527,SDC1,4,380
11,0,0,2.46530930709808,CXCL14,4,7
12,0,0,-1.64792700502041,ANPEP,4,379
13,0,0,2.12540915602909,ITGA1,4,8
14,0,0,-0.665674265705603,RORC,4,349
15,0,0,1.74373741791165,C1S,4,9
16,0,0,-0.824326072412808,CEACAM1,4,362
17,0,0,1.72091101429863,C1R,4,10
18,0,0,-0.706446280764202,TMPRSS2,4,352
19,0,0,-1.5209518978766,IQGAP2,4,377
20,0,0,-1.58671495194782,ARG1,4,378
21,0,0,-0.725855352797846,IL1RAP,4,356
22,0,0,-0.499044622488665,CCL15,4,325
23,0,0,1.63977943851767,IL1R1,4,11
24,0,0,-0.338073449035337,RNF43,4,290
25,0,0,-0.830624077590186,NT5E,4,364
26,0,0,-0.494670377364429,CENPV,4,323
27,0,0,-1.02952618239886,ID2,4,369
28,0,0,1.23692562023331,CCL21,4,12
29,0,0,-1.05351693156179,PRDX4,4,370
30,0,0,-0.829708121325982,CXCL9,4,363
31,0,0,1.06904129622707,CCL2,4,15
32,0,0,-0.325251192738164,CEACAM8,4,282
33,0,0,0.995834822591845,MGP,4,17
34,0,0,-1.35300339502942,APOE,4,375
35,0,0,-0.846707080519471,IL2RG,4,365
36,0,0,1.07095084092385,RGS5,4,14
37,0,0,-0.810409476678139,PTPRC,4,361
38,0,0,-1.21454152066348,CCND1,4,374
39,0,0,-0.680499678687714,CXCL10,4,350
40,0,0,-0.72922080752999,KLRK1,4,357
41,0,0,-0.956730421510111,MYD88,4,367
42,0,0,-0.554952151447801,FOXP3,4,334
43,0,0,-1.10123826677284,LAMP2,4,371
44,0,0,1.02073858619064,CSF1,4,16
45,0,0,-1.10132610434831,XBP1,4,372
46,0,0,-0.36419291394987,FASLG,4,299
47,0,0,1.13488270824502,ACTA2,4,13
48,0,0,-0.575118546538223,FCMR,4,336
49,1.11253692925371e-308,1.11253692925445e-308,-0.498762659052133,LCK,4,324
50,6.87582257288344e-303,5.22562515539138e-302,-0.645568841373154,CD3E,4,346
51,4.25327868446551e-301,3.16910960803322e-300,-0.456032552114256,TIGIT,4,317
52,8.99420958277699e-288,6.57269161818285e-287,-0.74683931405788,CD2,4,358
53,9.52074383777349e-285,6.82619369500736e-284,-0.336647795687943,LAG3,4,289
54,4.52747852641215e-282,3.18600340747533e-281,-0.442927134455034,RUNX3,4,315
55,3.84703256131025e-278,2.65794976963258e-277,-1.02367226595225,STAT1,4,368
56,9.37804307355959e-278,6.36367208562963e-277,-0.427550741983904,CD247,4,312
57,3.99245995959695e-276,2.66163997306462e-275,-0.522463986973891,GZMA,4,331
58,2.89304178870353e-275,1.89544117190918e-274,-0.801425886254771,IL10RA,4,360
59,7.44699793581876e-275,4.79637155188338e-274,-0.797406897298815,C1QBP,4,359
60,2.17062048947748e-274,1.37472631000246e-273,-0.29154998418822,SOX9,4,265
61,2.01913886583288e-271,1.2578242115025e-270,-0.335442740726562,TOX,4,288
62,1.78663308167386e-267,1.09503317909044e-266,-0.709928896664481,CD8A,4,353
63,3.6449264447478e-264,2.19852706191149e-263,-0.379527575181396,CD8B,4,302
64,1.95651583981654e-263,1.16168127989109e-262,-0.584372030700554,CD38,4,337
65,4.44854264620171e-258,2.60068647008721e-257,-0.477611143601353,NKG7,4,321
66,5.94887139043603e-257,3.42510777025088e-256,-0.470637520824051,CD3D,4,318
67,8.71193766648499e-253,4.94109897502112e-252,-0.586042058714658,ITGAX,4,338
68,8.32611718285253e-251,4.65283019041743e-250,-0.308262371854228,PRF1,4,273
69,1.3155567838154e-248,7.24509533115702e-248,-0.349724509000891,IRF5,4,296
70,1.22067653996829e-247,6.62652978839891e-247,-0.408749414069245,ICOSLG,4,308
71,1.04958372497321e-243,5.61749035901145e-243,-0.343903679922246,CXCR6,4,293
72,4.84535065745595e-240,2.55726840254612e-239,-0.322818386507535,KLRD1,4,280
73,4.09211285377121e-237,2.13014093757955e-236,-0.362641247478543,CD27,4,298
74,4.21346860127925e-236,2.1636730655219e-235,-0.3704571712455,STAT4,4,301
75,3.63086637902313e-235,1.83963896537171e-234,0.709760981291038,VCAN,4,20
76,6.72415752496617e-229,3.36207876248324e-228,-0.211896127488317,DERL3,4,221
77,3.94244259222126e-227,1.9456210195377e-226,-0.683821511709476,CTSB,4,351
78,8.52714870523434e-225,4.15425193331909e-224,-0.601744586795301,CORO1A,4,340
79,3.62477049002557e-223,1.74356048887309e-222,-0.327923640487229,ID1,4,284
80,7.92179812632516e-222,3.76285411000436e-221,0.861553691989876,PTEN,4,18
81,4.14749076534179e-214,1.94573640843192e-213,-0.519144005145485,IL2RB,4,328
82,5.59597643346065e-214,2.59325737160373e-213,-0.19507252885486,LIF,4,214
83,7.77936231573322e-212,3.5616357590103e-211,-0.436078142399314,HAVCR2,4,313
84,7.52665238786916e-210,3.40491417546459e-209,-0.275455170422912,GPR171,4,259
85,6.6854238862032e-209,2.98877773736138e-208,-0.573089254990879,FKBP11,4,335
86,1.04874068275942e-208,4.6339704587043e-208,-0.419078532528475,CLEC12A,4,310
87,2.33505712562663e-204,1.01991000889438e-203,-0.711542846629527,SSR4,4,354
88,6.31312656406282e-203,2.72612283448167e-202,0.692143819159335,CCL19,4,21
89,6.38600294086442e-200,2.72660799722307e-199,-0.208098474090217,TNFRSF13C,4,217
90,4.12615735186767e-190,1.74215532634411e-189,-0.596539095877122,ISG15,4,339
91,1.17292474146535e-188,4.89792749183345e-188,-0.640795876182585,VEGFA,4,345
92,1.27650926863562e-187,5.27253828349504e-187,-0.477332864821164,EGFR,4,319
93,4.33891939020479e-186,1.77289179384715e-185,-0.307453285535039,CD28,4,272
94,6.2729747661425e-186,2.53588341610014e-185,0.422088541681177,NCAM1,4,28
95,3.77535825633418e-185,1.51014330253368e-184,-0.210853828382191,TBX21,4,220
96,3.96733752486667e-184,1.57040443692642e-183,-0.646934592640633,MX1,4,347
97,4.17504111917593e-184,1.63558311885246e-183,-0.392481965037325,CDKN1A,4,305
98,2.53620869452912e-183,9.83427861143955e-183,-0.365925172677979,CCL4,4,300
99,7.62735277676122e-180,2.92767076279727e-179,-0.204909849157932,FCRL3,4,216
100,1.21347445843243e-177,4.6112029420432e-177,0.779033336834098,NOTCH1,4,19
101,4.3401217858148e-177,1.63291710753431e-176,-0.400811166008279,CCL5,4,307
102,1.11688052563315e-174,4.16092744843734e-174,-0.720882282664088,IFNAR1,4,355
103,2.01457691159376e-172,7.43241967384113e-172,-0.451198876315981,SYK,4,316
104,4.93896978696635e-170,1.80462357600694e-169,-0.654221565730256,IRF1,4,348
105,9.23443497796902e-170,3.3419859920269e-169,-0.180487690328304,CTSW,4,212
106,2.85770058630919e-169,1.02445870075234e-168,-0.346404137927029,CXCL11,4,295
107,5.29974291715371e-169,1.88215169020412e-168,-0.520631558698508,IL18,4,329
108,6.60045649046319e-168,2.32238283923699e-167,-0.220431506133533,CTLA4,4,228
109,1.44896827094453e-167,5.05144901797165e-167,-0.606229397486247,PSMB10,4,341
110,4.70726715764486e-163,1.62614683627734e-162,-0.234518941481921,EOMES,4,239
111,6.23948583491983e-160,2.13604019573832e-159,-0.211966689371197,TNFRSF9,4,222
112,1.52317128295536e-159,5.16790256716988e-159,0.519807312219091,ANXA1,4,24
113,8.27304158804731e-159,2.78208478182121e-158,-0.144246389936302,CCL20,4,196
114,5.14297557142306e-157,1.71432519047434e-156,-0.611101207244254,IFIT3,4,342
115,1.82368887634629e-155,6.02610237401369e-155,-0.530674688656786,KRAS,4,332
116,1.9542685596284e-155,6.40191424705843e-155,-0.227037650654185,CCR5,4,232
117,2.07975777775894e-155,6.75476885084109e-155,-0.22554975630339,ADAM28,4,230
118,3.53398206899196e-153,1.13806202221777e-152,-0.324233381097525,FGR,4,281
119,7.5192337191457e-148,2.40109984308852e-147,0.379528337097425,NOTCH3,4,29
120,5.19874821536989e-144,1.64627026820043e-143,-0.288629488682539,IRF4,4,264
121,1.00722922002126e-142,3.16319920337249e-142,-0.400438857844603,CD14,4,306
122,1.31516437944911e-142,4.09641364090698e-142,-0.312128419564242,GZMK,4,275
123,1.55209836785586e-140,4.79510064866043e-140,-0.234590391159915,CD80,4,240
124,2.09632695793464e-140,6.4242277743159e-140,-0.278760403269508,CXCL6,4,260
125,2.5259975854949e-140,7.67903265990455e-140,-0.212458880934842,CST7,4,223
126,4.1156219602944e-138,1.24121932135862e-137,-0.243954046882172,TRAT1,4,247
127,1.31084522110765e-137,3.9222140474086e-137,-0.0910992916791438,PDCD1,4,166
128,1.43880561130006e-137,4.27145415854714e-137,0.422188543733999,SOCS3,4,27
129,3.03960751947563e-136,8.95388261550946e-136,-0.612636329553249,IFNGR1,4,343
130,3.57213131808141e-134,1.04416146220843e-133,-0.532134146887685,AKT1,4,333
131,9.28466334116273e-134,2.69326112186401e-133,0.329181450597582,ID4,4,32
132,1.0790358466485e-133,3.10631531610932e-133,-0.494198621439601,CTSS,4,322
133,3.08431234202131e-131,8.81232097720383e-131,-0.233812005436937,MKI67,4,238
134,1.84318114799861e-125,5.22693161372745e-125,-0.298348563755478,NCEH1,4,269
135,1.36107662857047e-122,3.83117865819834e-122,-0.242521224514955,ITGAE,4,246
136,4.84978751443579e-121,1.35508768785709e-120,-0.615771137028816,FN1,4,344
137,1.4264802704341e-117,3.95666060412377e-117,-0.292680133383734,SAMD3,4,267
138,5.38678230797546e-116,1.48331686741357e-115,-0.164839203440544,EPCAM,4,208
139,9.90033256890473e-114,2.7065657382617e-113,-0.339111081558452,LILRB2,4,292
140,3.06186536600715e-109,8.3107774220194e-109,-0.0669506850376767,IL22RA1,4,146
141,5.19965560312758e-107,1.40132562353793e-106,-0.356989338084386,TC2N,4,297
142,2.69888285568866e-105,7.22236257156125e-105,-0.477508727307321,TXLNA,4,320
143,9.33026223698942e-104,2.47937038465456e-103,-0.164107756832221,GZMH,4,207
144,3.11569348644675e-103,8.22196892256779e-103,-0.296019677133108,CD40,4,268
145,3.07270648579903e-102,8.05261010071467e-102,-0.24069309489271,ITGAM,4,244
146,3.40364304110035e-102,8.85879695628863e-102,-0.384893494971589,PLA2G7,4,304
147,2.94263586909797e-101,7.60681381127377e-101,-0.440517010582465,CDK12,4,314
148,4.66473334150179e-101,1.1977018038991e-100,-0.144559744858586,NELL2,4,197
149,1.15041096045618e-100,2.93393399310975e-100,0.495254930532831,IFITM3,4,25
150,1.30144469605769e-100,3.2969932300128e-100,0.547021546932117,TGFB1,4,23
151,3.25369606190306e-95,8.18810929485531e-95,-0.226427804079754,CCR2,4,231
152,5.36647214077314e-95,1.34161803519327e-94,-0.054001033076386,CXCL2,4,143
153,9.00842748328022e-95,2.2373872180696e-94,-0.316352933707416,CD86,4,276
154,2.52120024218225e-93,6.22114345473539e-93,-0.521095991669921,ATM,4,330
155,7.05132486491673e-91,1.72871190236667e-90,-0.26533202546353,CXCL16,4,254
156,2.58492172083742e-90,6.29660419178351e-90,-0.146582311938221,TNFRSF17,4,198
157,3.59446943086453e-90,8.69998970527718e-90,-0.4133629275877,ERBB2,4,309
158,1.60723752146405e-89,3.86550796301475e-89,0.313977741152033,FEZ1,4,33
159,3.42112344242267e-89,8.17626986239375e-89,-0.110960143470001,KLRC1,4,178
160,4.39881231809059e-87,1.04471792554652e-86,0.441112389167865,G0S2,4,26
161,1.23748140546402e-86,2.92076356569152e-86,-0.330861104949134,IFIT2,4,286
162,2.63010526447423e-85,6.16938271913713e-85,-0.23494174054862,CLEC10A,4,241
163,5.99406626476484e-84,1.39738968135622e-83,-0.23532374685476,SLC1A3,4,242
164,1.97849559167984e-83,4.58431905389234e-83,-0.328037165760647,FCGR2A,4,285
165,6.02097320860805e-81,1.38664837531578e-80,-0.0902811155107777,DUSP2,4,165
166,2.12163930724133e-80,4.85676467922714e-80,-0.107210277195731,CENPF,4,176
167,8.27378734001369e-80,1.88265819712886e-79,-0.383355193592619,ARPC3,4,303
168,1.50776209830559e-79,3.41041426997689e-79,-0.502790509451941,HLA-B,4,326
169,3.24708221789022e-79,7.30113161419093e-79,-0.327282450697274,CCR1,4,283
170,7.64662655285972e-79,1.70924593534513e-78,-0.176009347787629,ESR1,4,210
171,4.6383665301138e-77,1.03074811780306e-76,-0.250218202305236,FADD,4,249
172,4.75129062396257e-76,1.04970374250336e-75,-0.147709634892869,CCL28,4,199
173,1.23652190453476e-74,2.71605967470066e-74,-0.176573102494781,FCGR1A,4,211
174,1.08204026993866e-73,2.36307645159015e-73,-0.215953746697496,PLEK,4,227
175,2.01139234300909e-72,4.36759480196254e-72,-0.26465256833319,CTSL,4,253
176,7.59968190379737e-72,1.64084041104716e-71,0.623202210603695,IGKC,4,22
177,7.989109841392e-72,1.71517612414065e-71,-0.0923242465284831,CD19,4,168
178,2.25686371242855e-70,4.8180236557463e-70,0.175114957041909,FGF2,4,39
179,9.48548701210954e-70,2.01367880704e-69,-0.506463770293281,A2M,4,327
180,2.03114659386918e-68,4.28797614261278e-68,0.158285019016852,CDKN1C,4,40
181,4.12070503138813e-68,8.65120393330114e-68,-0.0738366696639925,CDKN2A,4,154
182,1.6898871736359e-67,3.52833585704198e-67,-0.221568075217015,STMN1,4,229
183,2.17277039112941e-67,4.51176365371129e-67,-0.136162092155196,LILRB4,4,193
184,1.15814144441908e-66,2.39181385260459e-66,-0.334947382345849,TUBB,4,287
185,3.31978067289467e-65,6.81900894972967e-65,-0.150199266636055,CXCL13,4,202
186,1.38719943690783e-64,2.83406336572572e-64,-0.11409155336361,ORC6,4,181
187,1.07464521790433e-63,2.18377103103554e-63,-0.231094638755315,LTB,4,234
188,4.80637972139492e-63,9.71502284111733e-63,-0.253313359564282,CDK6,4,252
189,1.16765273095448e-61,2.34766157546404e-61,-0.212572303819173,MZB1,4,224
190,1.64962711467003e-61,3.29925422934007e-61,-0.0895936829459231,LAMP3,4,164
191,1.69200832521601e-61,3.36629928577006e-61,-0.338782915450781,ARPC5,4,291
192,2.31852359057682e-61,4.58874460634992e-61,-0.124885038306133,RGS1,4,186
193,2.91402554872105e-61,5.73745962960622e-61,-0.232348632102508,CXCR2,4,237
194,6.99236360633787e-61,1.36963823216926e-60,-0.099110294263538,BANK1,4,172
195,8.18922642633008e-61,1.59584925231047e-60,-0.103373807559211,CCL3,4,173
196,1.16992397153872e-59,2.26821994481999e-59,-0.344508704794151,CSF1R,4,294
197,2.56354822839708e-59,4.94491536442078e-59,-0.0918410715212491,CXCR3,4,167
198,2.64740377389278e-59,5.08087592969327e-59,-0.0627115698100522,IL12RB2,4,145
199,3.72605964500543e-59,7.11508876935714e-59,0.349282529508966,SPON2,4,30
200,1.53389400367646e-57,2.91439860698525e-57,-0.084365913968,GNLY,4,163
201,4.90435125376373e-57,9.27190784293629e-57,-0.232213379894267,SELL,4,236
202,2.63862319454395e-56,4.96374660359752e-56,-0.0791840611658363,CXCL5,4,157
203,6.21360495987275e-56,1.1631378742619e-55,0.26854464183695,SPARCL1,4,34
204,2.94817419397082e-54,5.49169702798484e-54,-0.106812502194677,TREM2,4,174
205,6.10027696001337e-54,1.13078304624639e-53,-0.422906486309975,LAMP1,4,311
206,2.60174478889366e-52,4.79933504747372e-52,-0.109582915892237,CD83,4,177
207,6.64019125565515e-52,1.21897230780143e-51,-0.125416284034407,MS4A1,4,188
208,8.87895163573065e-52,1.62211616422003e-51,-0.320285221398699,STAT5B,4,279
209,2.97595008797256e-51,5.41081834176828e-51,-0.301942836903834,KMT2C,4,271
210,5.24514815489133e-51,9.49122047075578e-51,-0.316925991678972,ARID1A,4,277
211,5.91547294055113e-51,1.0653458376348e-50,-0.299144761520817,IL4R,4,270
212,2.89479342671687e-49,5.18878067053026e-49,-0.209041522074259,LY6E,4,219
213,3.08787536160136e-49,5.50888562163621e-49,-0.0987839532843046,CCL3L1,4,171
214,2.46909911222507e-48,4.38438160114731e-48,-0.283771000018411,CD68,4,261
215,3.33065171414743e-48,5.8867332622141e-48,-0.312043811783988,IRF2,4,274
216,4.94856343491561e-48,8.70580604290711e-48,-0.193093348931267,TCF7,4,213
217,3.70489279457787e-47,6.48783070018246e-47,-0.113484638588246,CDK1,4,180
218,4.12516243744882e-47,7.19065012032367e-47,-0.213629492831867,KLRB1,4,225
219,4.02872339282435e-46,6.99047894645318e-46,-0.0983985369751124,GZMB,4,170
220,6.97946192672264e-46,1.20554342370664e-45,-0.112045305850857,CD79A,4,179
221,1.78749887416219e-44,3.073527475935e-44,-0.236316422876266,CMKLR1,4,243
222,3.3405809273458e-44,5.71811149725858e-44,-0.251062324545564,COTL1,4,250
223,2.96159484278323e-42,5.04666385765755e-42,-0.051118558131765,PAX5,4,142
224,9.3800465755066e-42,1.59125790120201e-41,-0.292557757677792,FCGR2B,4,266
225,9.83459789185411e-42,1.66095431062425e-41,-0.0798022307161349,UBE2C,4,158
226,1.6179389447872e-40,2.72042831424396e-40,-0.246949232564024,CD44,4,248
227,2.29912328912594e-40,3.84875264258966e-40,-0.131797722727847,KLRF1,4,190
228,2.87787765906911e-40,4.79646276511521e-40,-0.274215159199463,TP53,4,258
229,1.47708958809237e-39,2.45106569203102e-39,-0.0781059532433241,IL10,4,156
230,4.98151816815225e-39,8.23033436477331e-39,-0.266334502262357,SOS1,4,255
231,1.98098062255334e-37,3.25875600246869e-37,-0.231332969649737,DGKA,4,235
232,5.55484488039839e-37,9.09845282134215e-37,-0.116697562617293,CXCR4,4,183
233,7.62479694064857e-37,1.24352911478389e-36,-0.0441679210674956,FCER2,4,132
234,1.95240488809593e-36,3.17057204049766e-36,-0.0670176071737187,CX3CR1,4,147
235,3.37858387016633e-36,5.46324200282211e-36,-0.215614504110465,CD276,4,226
236,1.38033262561938e-35,2.22256948192952e-35,0.2518397269035,BCL2,4,35
237,2.82599313155616e-35,4.53112822781159e-35,0.0973492190553391,CCL11,4,52
238,6.00619408406087e-35,9.5897216468199e-35,0.208481554596629,IL15,4,37
239,1.19654046766446e-34,1.90244927913176e-34,-0.0593176307266889,ZNF683,4,144
240,5.25997795719071e-34,8.32829843221857e-34,-0.0813470743124386,CD37,4,159
241,9.51792686222379e-34,1.50075195337968e-33,-0.318217068527896,CTNNB1,4,278
242,1.40439109425182e-33,2.20524221411442e-33,-0.284973506339435,FCGR3A,4,262
243,3.88706444188123e-33,6.07853698730397e-33,-0.251925080950606,CDKN1B,4,251
244,4.74482958881721e-32,7.38948870389562e-32,-0.0776407903417333,CD1C,4,155
245,6.74153517321655e-32,1.04562586360093e-31,-0.159815868988749,GPR34,4,206
246,9.71184197056326e-32,1.50020323122521e-31,-0.0493030647805268,CCR7,4,140
247,2.26454114668158e-31,3.4839094564332e-31,-0.0679916202447169,CD40LG,4,148
248,1.80534963534138e-30,2.7662615380231e-30,-0.0499706939821776,CXCL3,4,141
249,3.73565583699701e-30,5.70100087573843e-30,-0.0382415522077189,TNF,4,129
250,8.05273063132421e-30,1.22401505596129e-29,-0.0320352503451624,EPO,4,123
251,2.79863201778199e-28,4.23697277592494e-28,-0.116693258707354,FHIT,4,182
252,3.29711718222999e-28,4.97184337002935e-28,-0.0444784536387928,CHIT1,4,133
253,7.02276312287051e-28,1.05480236628095e-27,-0.270458014573246,TUBA1B,4,257
254,8.44025829604285e-28,1.2627158080694e-27,-0.0470523524739973,CCR6,4,136
255,9.54711865563431e-28,1.42270787809452e-27,0.153673026903382,NOD1,4,41
256,2.74413714525193e-27,4.07332857498334e-27,-0.241546020419586,IRF8,4,245
257,5.61804943937082e-27,8.3068435290308e-27,-0.287791286413071,STAT2,4,263
258,2.0969093825268e-26,3.08847118356661e-26,0.344198232196929,IGHG1,4,31
259,9.26129193942073e-26,1.35879958956752e-25,-0.0726535845533368,P2RX1,4,152
260,1.10744995214317e-25,1.61858069928618e-25,-0.0971420958720085,CD274,4,169
261,1.23631543374718e-25,1.79999948208402e-25,0.127002405023305,JUNB,4,47
262,1.1263006112538e-24,1.6335657720475e-24,-0.139103000999274,CDK2,4,195
263,4.57739507227393e-24,6.61372672039581e-24,-0.0468603218229333,IL23A,4,134
264,1.64298815008827e-23,2.36490718573312e-23,-0.269321876669232,CD47,4,256
265,1.69528138935069e-22,2.43096953944628e-22,0.227365119676416,NF1,4,36
266,3.4683945220505e-22,4.95484931721501e-22,0.140784624996439,SOCS2,4,43
267,8.8906523452813e-22,1.26533628884154e-21,-0.0477020822710385,CXCR5,4,137
268,5.17912561253471e-21,7.34353631628057e-21,-0.0823870749343797,CXCL1,4,160
269,8.31723771399618e-21,1.17492577372437e-20,-0.072470901142692,LILRA5,4,151
270,7.91241958406438e-20,1.11359979331277e-19,-0.158238662179251,ENTPD1,4,205
271,1.06667556403801e-19,1.49570743296842e-19,-0.0491417377553905,SOX17,4,139
272,2.9183637378144e-19,4.07712581018187e-19,-0.22894685621004,MPEG1,4,233
273,7.23961908513314e-19,1.00771254664857e-18,-0.195974971665198,AIF1,4,215
274,1.86526746586207e-18,2.58686728842186e-18,-0.0827176160227465,IL2RA,4,162
275,1.14648781005036e-17,1.5842377011605e-17,-0.167418567021512,VSIG4,4,209
276,2.80852158437497e-17,3.86680507993655e-17,0.13147434024729,EPOR,4,46
277,6.66282813350067e-17,9.1403418437915e-17,0.0622574991239526,BATF3,4,58
278,3.92868482400598e-16,5.37014472346142e-16,-0.0468723257841946,PLD4,4,135
279,1.23187046950548e-15,1.67781641007915e-15,-0.208682649757066,STAT6,4,218
280,1.40221766988338e-15,1.90300969484173e-15,0.049739940101076,IL6,4,62
281,4.03330269942329e-15,5.45428834797457e-15,-0.131345012390096,IL7R,4,189
282,6.60469138941172e-15,8.89993875168953e-15,-0.0712322144877096,PTGS1,4,150
283,9.81731333295305e-15,1.31822581855907e-14,-0.0704079971117527,CDKN2C,4,149
284,1.11286503003033e-14,1.48904475849129e-14,0.0324400581440446,CDX1,4,66
285,5.89594140201173e-14,7.8612552026823e-14,0.0704823998542936,SOCS1,4,55
286,6.76623818868441e-14,8.99010668426601e-14,0.134893424535165,HIF1A,4,44
287,1.83298975787613e-13,2.42695508011474e-13,-0.157256377774842,JAK2,4,204
288,2.14948921268935e-13,2.83613160007622e-13,-0.155856835549285,CCL14,4,203
289,3.67720962629265e-13,4.83508532176888e-13,-0.0239335020679838,IL4,4,116
290,1.36473232198602e-12,1.7882699391541e-12,-0.0397920286748458,IL1B,4,131
291,2.97351816648974e-12,3.88294468476323e-12,0.19149572063506,NOTCH2,4,38
292,1.08406993029082e-11,1.41077593667983e-11,0.151089096637063,ICAM1,4,42
293,1.19495799246159e-11,1.54977487076931e-11,-0.038837740668365,EGR3,4,130
294,2.7948621314569e-11,3.61240683657695e-11,-0.0160702857693431,AREG,4,107
295,5.02104429908123e-11,6.46778587678259e-11,-0.122014825991359,BRAF,4,184
296,7.02368337003221e-11,9.0168908128792e-11,-0.148131846149685,C1QB,4,200
297,9.14884731982758e-11,1.17055958974225e-10,0.0434558163940267,CPA3,4,63
298,3.38992296070706e-10,4.32272055392175e-10,-0.132493890911832,VSIR,4,191
299,3.94747086863407e-10,5.01685260896639e-10,-0.136259783423112,ACTB,4,194
300,4.78213451854657e-10,6.05737039015899e-10,-0.125200462869005,JAK3,4,187
301,3.27873212895497e-09,4.13926315283351e-09,-0.149560064365318,JAK1,4,201
302,6.22319199360091e-09,7.83050648201437e-09,-0.0355489817841278,SPIB,4,127
303,1.29044751328898e-07,1.61838301996638e-07,-0.0272753262117843,CD79B,4,121
304,1.34823665452444e-07,1.68529581815555e-07,0.0794950464182784,IL15RA,4,53
305,1.4344330836284e-07,1.78716253042227e-07,-0.0242850825900183,TCL1A,4,117
306,1.72234357583384e-07,2.13885803534921e-07,-0.133319694353897,STAT3,4,192
307,2.8536797920962e-07,3.53224208793667e-07,0.107261897956429,SMAD3,4,50
308,3.37612895988337e-07,4.16535391154443e-07,0.132069629068171,JCHAIN,4,45
309,3.88002145540101e-07,4.77154742088151e-07,0.0305585131453785,TFF3,4,68
310,4.07578585545151e-07,4.99612459700508e-07,0.0698361569978798,GATA3,4,56
311,8.84652357568556e-07,1.08092571021238e-06,0.0748126211878354,PDCD1LG2,4,54
312,1.61405371739377e-06,1.9658346558001e-06,-0.0149533186959588,MMP9,4,104
313,2.73149894477971e-06,3.31619680196898e-06,-0.0163770713568461,CFC1,4,108
314,3.89884480785906e-06,4.71834721970205e-06,0.0209476792862953,CCL26,4,70
315,5.84222682739152e-06,7.0477656965358e-06,-0.0482642685884413,IRF3,4,138
316,6.0575221793565e-06,7.28436211441604e-06,-0.0825641778581057,MIS18BP1,4,161
317,6.69910329526651e-06,8.03047082713335e-06,0.124934288062721,IGHG3,4,48
318,1.02691146473576e-05,1.22712690754588e-05,-0.0224344009933147,HPGDS,4,112
319,1.36391819382074e-05,1.62473013683976e-05,-0.12435746940713,MARCO,4,185
320,1.91971776755406e-05,2.27966484897045e-05,-0.1068710987102,TNFRSF1B,4,175
321,2.42836360076923e-05,2.87469834358974e-05,0.108227641345559,IGHG4,4,49
322,4.61110636167907e-05,5.44167831502499e-05,0.0605641168978801,FABP3,4,59
323,5.45435750879141e-05,6.41689118681343e-05,-0.0244956716206891,CCL8,4,118
324,7.05601667172927e-05,8.27557510881828e-05,-0.0230510915532247,GATA2,4,115
325,9.39110835892709e-05,0.000109803728504378,-0.022734523153025,FCER1A,4,113
326,0.000158726413152687,0.000185018518398838,0.102572922444809,CTSD,4,51
327,0.000184654228463001,0.000214582895461592,-0.0727058829976828,RB1,4,153
328,0.000185558575142066,0.000214976398030442,-0.0107425056059017,MMP12,4,102
329,0.000214042532600784,0.000247222378079933,-0.0154960558137968,MCEMP1,4,106
330,0.000346166216336265,0.000398615643053881,0.0322453468435228,FLT3LG,4,67
331,0.000489064032859254,0.000561463240140533,-0.00849926330498552,CD1A,4,101
332,0.000896410530025063,0.00102601205243832,-0.0262315659330849,LILRA4,4,120
333,0.00172475561567375,0.00196818959145953,-0.0202621587695658,CDKN2D,4,111
334,0.00263543868523446,0.00299840329457813,0.00977067832984367,AIRE,4,75
335,0.00396731709696119,0.0045002402890903,-0.0376993470607669,JUN,4,128
336,0.00458876002239289,0.00518966907294435,-0.0137249756100005,CXCR1,4,103
337,0.00506898201817195,0.00571576607390309,-0.00804565274815262,IL12B,4,99
338,0.0051111093633501,0.00574621762743502,-0.0340105073503666,IDO1,4,125
339,0.00556606112537452,0.00623924255941686,-0.0257319081812501,IGLC3,4,119
340,0.00732363120325212,0.00818523487422296,-0.022957626423245,IL13RA2,4,114
1,0,0,-1.79828632408653,CCL16,5,372
2,0,0,-1.38234448009706,ERBB3,5,363
3,0,0,-2.69535454744368,SDC1,5,379
4,0,0,-1.03781836937814,EGFR,5,353
5,0,0,-2.20763866591059,ARG1,5,377
6,0,0,-2.02884013321501,FN1,5,376
7,0,0,-1.80819593238088,ITGA1,5,373
8,0,0,-1.22473843015858,NT5E,5,359
9,0,0,-1.51220954444186,VEGFA,5,367
10,0,0,-0.925713522453493,MET,5,349
11,0,0,-1.32141978822372,ERBB2,5,362
12,0,0,-0.819446514106521,TMPRSS2,5,340
13,0,0,-2.56274303006948,C1R,5,378
14,0,0,-2.70267262378035,C1S,5,380
15,0,0,-0.731449394005939,RORC,5,327
16,0,0,-1.65004957532009,PRDX4,5,369
17,0,0,-0.567337748678082,CCL15,5,307
18,0,0,-0.902174445827416,G0S2,5,347
19,0,0,-0.752160390305568,FOXP3,5,332
20,0,0,-0.59589145043595,CENPV,5,310
21,0,0,-1.99305738637123,CCND1,5,375
22,0,0,-0.366909683631748,RNF43,5,269
23,0,0,-1.64822214984857,ANPEP,5,368
24,0,0,-1.97162613530253,XBP1,5,374
25,0,0,-0.480545237326643,ID1,5,293
26,0,0,-0.817716727464859,SPON2,5,338
27,0,0,-0.818065274189861,CSF1,5,339
28,0,0,-0.822138968821167,CEACAM1,5,341
29,0,0,-1.77385105742612,A2M,5,371
30,0,0,1.87625476082047,ITGAX,5,2
31,0,0,1.86803692645743,MPEG1,5,3
32,0,0,-1.23594764816842,ID2,5,360
33,0,0,2.02695847015841,S100A9,5,1
34,0,0,-0.910886778733981,FAS,5,348
35,0,0,-1.2176388478052,C1QBP,5,358
36,0,0,-0.998448521195251,ISG15,5,350
37,0,0,-1.42058419691692,IQGAP2,5,364
38,0,0,-0.339419264340958,ESR1,5,266
39,0,0,-1.74624108031713,APOE,5,370
40,0,0,-0.596980025221672,CDKN1A,5,311
41,0,0,-1.46274517948097,LAMP2,5,365
42,0,0,-0.702920150223421,CD276,5,323
43,0,0,-0.697782518202796,IL1RAP,5,320
44,0,0,-1.18557127215961,IL1R1,5,357
45,0,0,-1.49402508715675,LAMP1,5,366
46,0,0,-0.865566000028723,FKBP11,5,344
47,0,0,-1.01375052788567,TXLNA,5,352
48,0,0,1.36799033394544,FCGR2A,5,4
49,0,0,-0.481479065881943,STAT4,5,294
50,0,0,1.23793949311267,CD74,5,6
51,0,0,-0.643024152178774,TC2N,5,316
52,0,0,-0.78911957030738,CCL14,5,335
53,0,0,-0.717416420405132,SMAD3,5,325
54,0,0,-0.849217799489303,NF1,5,342
55,0,0,-0.90072294597298,AKT1,5,346
56,0,0,-0.743672070415958,KLRK1,5,328
57,0,0,-1.27689078756193,IFITM3,5,361
58,0,0,-0.400230049235783,EPOR,5,276
59,0,0,-1.0976429989536,IFNAR1,5,356
60,0,0,1.19901713587859,CSF1R,5,7
61,0,0,-0.815423904589283,CDK12,5,337
62,0,0,-0.320521642962293,SOX9,5,258
63,0,0,-0.225619298683375,LIF,5,232
64,0,0,-1.08572739838124,CTNNB1,5,355
65,0,0,-0.529708982019611,LCK,5,302
66,0,0,-1.01055771321395,STAT3,5,351
67,0,0,1.02354391278483,CLEC12A,5,9
68,0,0,-0.698523390668279,CD3E,5,321
69,1.1125369292536e-308,1.11253692925361e-308,1.29000566851103,CD163,5,5
70,1.11253692925363e-308,1.11253692925375e-308,-0.328928609621705,SOCS2,5,261
71,1.11253692925363e-308,1.11253692925378e-308,-0.377103798649173,FASLG,5,272
72,1.11253706532141e-308,1.11253764738926e-308,1.10024637093206,VSIR,5,8
73,2.05358526586021e-308,9.7972155591922e-308,-0.586920508517757,FCMR,5,308
74,4.70539639339254e-308,2.41628463444495e-307,-0.745896561017476,CDKN1B,5,330
75,2.17984728539647e-305,1.10445595793421e-304,-1.06664293437762,CD47,5,354
76,4.2525904312266e-301,2.1262952156134e-300,-0.625702010512729,IL2RB,5,314
77,1.18546220123387e-300,5.850332941154e-300,-0.359956340740094,LAG3,5,268
78,3.16015890986775e-298,1.53956459711498e-297,-0.699585096359056,IL4R,5,322
79,8.9695272381369e-297,4.3144561398634e-296,-0.381472035459824,CXCR6,5,275
80,4.73532534961449e-295,2.24927954106683e-294,-0.452932311125808,CD247,5,288
81,1.2505006055996e-286,5.86654605096131e-286,-0.400643442687951,CDK2,5,277
82,1.25461491580437e-280,5.81406912202026e-280,-0.403687661559948,CD8B,5,279
83,3.81156408464986e-278,1.74505343634577e-277,-0.417335241755687,SAMD3,5,281
84,1.44467148493538e-276,6.53541862232667e-276,-0.69006615021734,SOS1,5,318
85,2.46276646741473e-273,1.10100147955016e-272,0.854919332418537,FGR,5,13
86,1.29514537991814e-272,5.72273539963819e-272,-0.873498356543228,SSR4,5,345
87,1.2523805912617e-263,5.47016809976367e-263,-0.653963591700566,TUBB,5,317
88,1.72254030508466e-262,7.43824222650194e-262,-0.347522632595322,KLRD1,5,267
89,5.69171171396677e-262,2.43016904641283e-261,-0.495988197035446,CD3D,5,298
90,4.9857868165599e-261,2.10510998921427e-260,-0.539426728065173,GZMA,5,304
91,6.00709201084222e-258,2.50845600452745e-257,-0.493148351002653,FLT1,5,297
92,1.97776781680522e-252,8.16904098245649e-252,-0.449917480968285,TIGIT,5,286
93,8.0328468948592e-252,3.28223851617908e-251,0.888585063049016,SYK,5,12
94,5.36896396774329e-251,2.17043224227931e-250,-0.42609096489672,LY6E,5,284
95,7.96380413289582e-251,3.18552165315834e-250,-0.476272295092832,CDK6,5,292
96,2.08113505555513e-246,8.23782626157258e-246,-0.296812917564659,GPR171,5,250
97,4.05712147434757e-242,1.58938779407434e-241,-0.730092915382366,CD2,5,326
98,6.71434696822209e-242,2.60352229380043e-241,-0.516283039081957,BCL2,5,300
99,1.08996432629757e-241,4.18370145447532e-241,0.960943490485811,AIF1,5,11
100,7.0181619107493e-240,2.66690152608486e-239,-0.774393773845799,MX1,5,334
101,2.92784094008047e-239,1.10156391805003e-238,0.834128501016288,LILRB2,5,14
102,1.09226754187188e-237,4.06923201873827e-237,-0.378552661169995,TCF7,5,274
103,1.11525147769102e-237,4.11452001478244e-237,0.75092502278516,CLEC10A,5,17
104,1.88088813836131e-235,6.87247589016635e-235,0.727822710160929,ITGAM,5,18
105,8.43274459816264e-235,3.05185042600156e-234,-0.325307225292785,JUN,5,260
106,2.34451548453764e-229,8.40486683136174e-229,-0.481657944030539,NKG7,5,295
107,1.02441895661228e-226,3.63812339731463e-226,-0.372225622218656,CD27,5,271
108,6.9568180281368e-225,2.44776930619622e-224,-0.338485301396287,CD28,5,264
109,4.55320903269858e-223,1.58735727745452e-222,-0.535169614496556,BRAF,5,303
110,1.68529145210042e-222,5.82191592543791e-222,-0.464705148489795,CCL5,5,290
111,2.0490463739759e-215,7.01475335234995e-215,-0.690362738658578,CD8A,5,319
112,1.00900152886244e-214,3.42339804435466e-214,-0.307799032323295,PRF1,5,253
113,1.58607269585295e-213,5.33369579136387e-213,-0.806934531298859,JAK1,5,336
114,6.09544177227035e-209,2.0318139240901e-208,-0.220671411264542,FCRL3,5,226
115,6.58508028800176e-207,2.17593957342662e-206,-0.319766189964015,TOX,5,256
116,9.48216429430665e-207,3.10622623434178e-206,0.687256721895003,VCAN,5,20
117,1.10013142679181e-199,3.57307642889651e-199,-0.744071392540386,IFIT3,5,329
118,2.81832704847722e-197,9.075968461198e-197,0.626137949693561,CCR2,5,22
119,5.46208368827593e-192,1.74419479121414e-191,-0.413413814395982,CDK4,5,280
120,6.19084801683982e-192,1.96043520533257e-191,-0.62225791870813,KRAS,5,313
121,1.2526561590374e-191,3.93396149119175e-191,-0.0752636260697053,IL22RA1,5,160
122,2.44745623112208e-190,7.6232243264457e-190,-0.283620991442925,GATA3,5,248
123,3.26486393787002e-190,1.00865715153709e-189,-0.220419387365637,TBX21,5,225
124,2.27406142542771e-188,6.96889791663337e-188,-0.20989069563942,TNFRSF13C,5,221
125,5.44678443904159e-188,1.65582246946865e-187,-0.44351685525516,PIK3CA,5,285
126,4.63760274335296e-183,1.39864209720168e-182,-0.488402793325744,CXCL14,5,296
127,2.74897423946262e-182,8.22527725193517e-182,-0.267503327606148,CEACAM8,5,246
128,1.606227929745e-181,4.76848916643055e-181,-0.253709295015887,EOMES,5,241
129,1.21200309239048e-180,3.57024166750679e-180,-0.119467292129032,ACE2,5,192
130,1.06016460765001e-177,3.0989426992847e-177,-0.369505755961394,FADD,5,270
131,2.73866706797529e-175,7.94422508267645e-175,-0.70640463825258,NOTCH1,5,324
132,6.50408309934557e-174,1.87238755890252e-173,-0.858412458639998,PTEN,5,343
133,2.44108840764278e-172,6.97453830755088e-172,-0.766268801507656,ATM,5,333
134,4.4855093120454e-170,1.27201010341587e-169,-0.595595841850592,STAT5B,5,309
135,7.53520738704324e-167,2.12102133857512e-166,-0.521150715600477,CXCL10,5,301
136,1.82632836454649e-165,5.10297631270354e-165,-0.24856555822788,FHIT,5,239
137,1.80028815281694e-159,4.99349998591559e-159,-0.170961826996287,NELL2,5,208
138,7.00949308028553e-159,1.93015026848446e-158,-0.222227606409228,TNFRSF9,5,229
139,1.07304035149137e-157,2.93349160839365e-157,0.80425037395052,IL10RA,5,15
140,2.01560715414009e-152,5.47093370409454e-152,-0.751096454675904,STAT2,5,331
141,5.61688813845193e-152,1.51377127135584e-151,0.967270767358431,IGKC,5,10
142,1.27225202101518e-151,3.40461808440676e-151,-0.54435726288057,TP53,5,305
143,6.07119396991515e-151,1.61332427172568e-150,-0.060512795995224,CXCL2,5,148
144,7.19950185943781e-151,1.89986854624058e-150,0.774486608095389,FCGR3A,5,16
145,2.71738172194599e-147,7.12141416785844e-147,-0.558117440043378,ARID1A,5,306
146,5.81531040970384e-147,1.51357394225169e-146,-0.330790462738717,GZMK,5,262
147,1.01248792849141e-145,2.61731573351525e-145,0.599597630345739,CXCR2,5,23
148,4.22431067626974e-145,1.08462030877196e-144,-0.237798162987959,FEZ1,5,236
149,1.67683244626072e-144,4.27648543341666e-144,-0.257680384112932,TRAT1,5,243
150,6.70079497236316e-141,1.69753472633199e-140,-0.377983264171441,CTSL,5,273
151,1.15764869064269e-138,2.91328809565707e-138,-0.1522010673,IL13RA2,5,203
152,6.00553347448017e-135,1.50138336862002e-134,-0.187128694733951,CCL28,5,215
153,4.29617500081592e-134,1.06702385641177e-133,-0.173035847062111,CTSW,5,210
154,1.31505017374043e-130,3.2449290001388e-130,-0.0926053363716907,PDCD1,5,176
155,8.1195039915555e-127,1.99058807534914e-126,0.56000069779435,CD86,5,24
156,3.06835463973002e-126,7.4741971993424e-126,-0.338821933078235,CCL4,5,265
157,5.45920053110415e-126,1.32133516039463e-125,-0.134037146983896,NCAM1,5,199
158,1.53461315740627e-124,3.69084177097716e-124,-0.423206646678278,DGKA,5,283
159,1.49595636867392e-123,3.57524163582444e-123,-0.324463372737415,PDGFRA,5,259
160,7.13784087855832e-122,1.69523720865756e-121,-0.180762496660609,DERL3,5,212
161,1.52954602010956e-117,3.61010861889207e-117,0.302932061753828,CX3CR1,5,47
162,9.6786308188744e-116,2.27029611800753e-115,-0.203823048030279,CTLA4,5,219
163,1.54787332398456e-115,3.6085390375101e-115,-0.208838230230215,CST7,5,220
164,1.75960161246161e-115,4.07712568741107e-115,-0.508253530784042,CXCL9,5,299
165,4.44757197742358e-113,1.02428930389151e-112,-0.632092087668428,STAT6,5,315
166,2.0077449870005e-110,4.59604274132645e-110,0.500949332192511,SELL,5,29
167,3.42280613925096e-109,7.78842115518183e-109,-0.106539850783419,CD19,5,187
168,3.25371318304624e-107,7.3595893426045e-107,0.632671541391152,CD4,5,21
169,4.11530713730749e-107,9.2533533264901e-107,-0.17291105732283,GZMH,5,209
170,1.97496692678853e-104,4.41463195399793e-104,-0.220164157197843,SPARCL1,5,224
171,1.06491805809661e-100,2.36648457354801e-100,-0.132436977327053,CCL20,5,198
172,3.26899172666968e-99,7.22219102403771e-99,0.308535147437006,CD1C,5,45
173,2.4304389551156e-98,5.33853643320194e-98,0.520095324301952,CCR1,5,27
174,3.90873309225057e-98,8.53631364974251e-98,-0.221531084653806,MKI67,5,228
175,2.56478587427035e-97,5.56924932698698e-97,-0.471640542493919,IRF2,5,291
176,3.65692791575448e-97,7.89563981810626e-97,0.51147002279391,COTL1,5,28
177,6.4253423524464e-95,1.37945203046871e-94,0.259223079516908,FCER1A,5,51
178,1.30619136500197e-94,2.7884984196671e-94,-0.251420821916982,IL15RA,5,240
179,6.26643873894191e-94,1.33030543061336e-93,-0.310214626137877,RGS5,5,255
180,2.93165257715513e-92,6.18904432954981e-92,0.713498068766856,IGHG1,5,19
181,1.4161173088646e-91,2.97306396336218e-91,0.476604483644562,ENTPD1,5,31
182,4.64899708116845e-90,9.7066972024396e-90,-0.422261320323597,KMT2C,5,282
183,4.55039222496391e-89,9.44890188790306e-89,-0.152081044372594,CDK1,5,202
184,1.16838229773389e-88,2.41296344097213e-88,0.240675620760862,CXCR1,5,53
185,9.45471401709555e-88,1.9420493656737e-87,0.385361028398344,IRF5,5,38
186,1.74014830459545e-87,3.55514169756064e-87,-0.182000196672499,IRF3,5,213
187,2.86736409632063e-87,5.82672917968899e-87,-0.617035053032836,STAT1,5,312
188,3.81826017152166e-87,7.71775992116075e-87,-0.0646969297910705,PAX5,5,155
189,2.14954598067759e-86,4.32183847966922e-86,-0.224463348971267,ITGAE,5,231
190,1.18665718176419e-83,2.37331436352838e-83,-0.152791815065782,EPCAM,5,204
191,3.08474740248219e-83,6.13719378504307e-83,-0.0849740418693042,SOX17,5,171
192,9.9115700439647e-83,1.96166490453467e-82,-0.28942423807111,CD40,5,249
193,3.09527672063774e-82,6.09432722198106e-82,-0.12929371454289,CCR4,5,196
194,8.14697669413436e-82,1.59579955864486e-81,-0.111635060304062,KLRC1,5,191
195,1.32763890540828e-81,2.58719376438534e-81,0.323982445261593,ADAM28,5,42
196,8.24073284620798e-80,1.59769310283625e-79,-0.463243412418352,PSMB10,5,289
197,1.00506636606889e-79,1.93870669597044e-79,-0.150373494895006,CDKN2C,5,201
198,6.6979254978494e-79,1.28546044908222e-78,-0.179788756111364,KLRF1,5,211
199,2.61011697395442e-77,4.98414296534013e-77,0.249244913432214,P2RX1,5,52
200,2.87137806883497e-77,5.45561833078638e-77,0.495786710625656,CTSS,5,30
201,5.29881907398129e-75,1.0017667901059e-74,-0.103482339772125,UBE2C,5,185
202,1.24755900617129e-74,2.34689317992622e-74,-0.111199202855518,CENPF,5,190
203,1.51173625926673e-73,2.82985112572099e-73,0.295339441847637,CXCR4,5,49
204,1.68993259280529e-73,3.14791365326474e-73,0.474926560434604,IL18,5,32
205,2.85293727850493e-73,5.28837154064323e-73,0.458533108258152,PLA2G7,5,34
206,3.49780809041559e-73,6.45226735125213e-73,0.184754653945371,MCEMP1,5,64
207,1.46006981690644e-71,2.68032140301665e-71,-0.100793407692461,CXCR3,5,183
208,2.33973156172541e-70,4.27450958392143e-70,0.520847476097899,TNFRSF1B,5,26
209,1.49611027250897e-69,2.72020049547084e-69,-0.281424880095583,HIF1A,5,247
210,4.5519378025285e-69,8.23683983314685e-69,0.528950475720646,IFNGR1,5,25
211,3.26579545904281e-66,5.8815273669965e-66,-0.0921720353339631,CD40LG,5,175
212,1.96647363932087e-65,3.52481124029208e-65,-0.261375302446286,KLRB1,5,244
213,9.70351255138175e-65,1.73114308428409e-64,0.471402309039037,IRF8,5,33
214,1.51902863446354e-64,2.69734056586982e-64,-0.0758528849707597,CDKN2A,5,162
215,7.82646294692485e-63,1.3832818231774e-62,0.304191361438499,GLIPR2,5,46
216,5.04129561956432e-62,8.8689459973817e-62,0.420138412363091,VSIG4,5,35
217,2.33458987762461e-59,4.08822190551776e-59,-0.403005383070836,CTSB,5,278
218,8.87319900700375e-57,1.54670441406488e-56,-0.298500681107492,IFIT2,5,252
219,4.33707974822108e-56,7.52552650376257e-56,0.174304498421614,PLD4,5,67
220,2.95547190513384e-55,5.10490601795845e-55,-0.215580786349981,STMN1,5,223
221,1.21709204812314e-53,2.09273745831129e-53,-0.333114998670402,ICAM1,5,263
222,3.78858235849194e-53,6.48496079381504e-53,-0.104858411471746,NOTCH3,5,186
223,9.86252575166802e-53,1.68060976934254e-52,0.39351439913826,CORO1A,5,36
224,8.66164258156279e-52,1.46938579508654e-51,-0.0688047856836593,GATA2,5,157
225,1.49719038713879e-51,2.52858820938995e-51,-0.129773750615573,MS4A1,5,197
226,2.23520177451989e-51,3.75830386866174e-51,-0.230447984726178,CXCL11,5,234
227,2.84068575235356e-51,4.75533297750815e-51,-0.0623030321435049,IL12RB2,5,152
228,3.75013984088483e-51,6.25023306814141e-51,-0.0981865056644903,FLT3LG,5,179
229,4.24815325164336e-50,7.04933727346935e-50,0.389404998490691,JAK2,5,37
230,1.13917308130506e-49,1.88211204737358e-49,-0.227242305609088,ICOSLG,5,233
231,4.21257984068285e-49,6.92978501930512e-49,-0.161483340699995,SOCS3,5,205
232,3.99843006547783e-48,6.54915269345503e-48,-0.12069743461376,TNFRSF17,5,193
233,1.20606481347215e-46,1.96697265716489e-46,-0.451617670688395,CTSD,5,287
234,1.75596780392097e-46,2.85157164739303e-46,-0.0930678588831141,SOCS1,5,177
235,2.15298733916754e-46,3.48142633567515e-46,-0.0645428357520442,CXCR5,5,154
236,3.95816212634882e-46,6.37331189835831e-46,-0.0571853215532518,CCR7,5,146
237,1.04671284516099e-45,1.67827376017375e-45,-0.078568839994088,DUSP2,5,166
238,1.73003485376051e-44,2.76224052281091e-44,0.226437470721134,FCGR1A,5,56
239,3.05852125468538e-43,4.86292082334912e-43,-0.037125706836499,EPO,5,134
240,4.66627255134878e-43,7.38826487296885e-43,-0.0620113672085475,FGF2,5,151
241,2.27901084008237e-42,3.59346107564855e-42,0.176394222700129,LILRA5,5,66
242,4.02762414505505e-42,6.32436849223517e-42,-0.056823374373028,CD79B,5,145
243,2.00709151064622e-41,3.13866162158668e-41,-0.221451587248496,IL7R,5,227
244,2.33957545511251e-41,3.64360111861782e-41,-0.0650838327758413,ZNF683,5,156
245,6.1541763960458e-41,9.54525318570364e-41,0.184635447461341,PTGS1,5,65
246,4.31291716601191e-40,6.66222976863625e-40,-0.0775475682433239,GNLY,5,164
247,4.7427518990707e-39,7.2965413831857e-39,0.359699615465578,TGFB1,5,39
248,9.16750774252182e-39,1.40469876699932e-38,-0.129091342489182,CXCL13,5,195
249,1.42777002103033e-38,2.17892613651216e-38,0.342359819133797,PTPRC,5,41
250,4.71847636937372e-37,7.17208408144809e-37,-0.0844222316450682,BANK1,5,170
251,3.10571680333969e-35,4.70188201302425e-35,-0.264575371832729,SPARC,5,245
252,1.22920777194916e-34,1.85356727516142e-34,0.349809897151249,IGHG4,5,40
253,2.67367028755875e-34,4.01578936471274e-34,-0.0715423066732901,NOSIP,5,158
254,3.23513940524858e-34,4.83997233856087e-34,0.301992262588478,CD68,5,48
255,5.71259614731196e-34,8.51288837638643e-34,-0.0935579824154506,ORC6,5,178
256,1.37417895537394e-33,2.0397968868832e-33,0.201184763884372,IDO1,5,61
257,4.13168149410523e-33,6.10910104186766e-33,-0.164129890871158,FABP3,5,206
258,4.87207111614076e-33,7.17591869819177e-33,-0.184459379882186,CXCL16,5,214
259,7.1679884356213e-33,1.05167397897147e-32,-0.238572523906986,RB1,5,238
260,3.97083191578924e-32,5.80352356923044e-32,-0.0746517272946924,ID4,5,159
261,9.16723426682589e-32,1.33469311164516e-31,-0.16579366632069,MZB1,5,207
262,2.02241272494607e-30,2.9332703644256e-30,-0.0990737173475442,CD79A,5,180
263,2.4061949330615e-30,3.47663146221814e-30,-0.308296611462757,TUBA1B,5,254
264,2.60919510725918e-30,3.75565962408519e-30,-0.100461716603686,RGS1,5,182
265,8.72795469913693e-30,1.25155576817813e-29,-0.236583018898576,CD38,5,235
266,2.41916773408751e-29,3.45595390583929e-29,-0.210777888884105,CD14,5,222
267,1.24814942645678e-28,1.77639244214823e-28,0.196945812518842,PLEK,5,62
268,1.47546088037506e-28,2.09207139754673e-28,-0.320354188097133,ACTA2,5,257
269,3.64292794357134e-28,5.14614356340933e-28,0.20735334899309,GPR34,5,59
270,1.27406046194763e-27,1.79312213163e-27,-0.297375064569879,DCN,5,251
271,8.17002476629513e-26,1.14561232885319e-25,0.193152174215261,SLC1A3,5,63
272,2.41361812174917e-25,3.37196649362016e-25,0.315987346666887,IGHG3,5,43
273,3.98862272300625e-25,5.55192906499039e-25,-0.238137243122052,ARPC5,5,237
274,7.60783920822652e-25,1.05510178800222e-24,0.227460708877659,CMKLR1,5,55
275,6.2877787860791e-24,8.68856704985476e-24,-0.101566325249564,IL2RA,5,184
276,9.84866581651679e-24,1.35597572836101e-23,0.31497726272225,IGHGP,5,44
277,4.24490574904402e-21,5.82333640663077e-21,-0.0457371912028087,CXCL3,5,141
278,1.16219630419181e-20,1.58861365321183e-20,-0.046372719451066,IL23A,5,142
279,1.48564327651818e-20,2.02345679239036e-20,0.28017345861925,IGHG2,5,50
280,4.12218538205342e-20,5.59439444707249e-20,-0.10741015723989,NOD1,5,188
281,1.71946467174905e-19,2.32525471624428e-19,0.236206346927316,FCGR2B,5,54
282,1.15540357609325e-18,1.55692680466465e-18,0.0832880522698741,IL1B,5,72
283,1.63013439595334e-17,2.18887304050272e-17,-0.12094225640926,IRF4,5,194
284,4.77582554497606e-17,6.390189109475e-17,0.210675507827375,ACTB,5,58
285,7.27926216359878e-17,9.70568288479836e-17,-0.0523719054561989,CXCL5,5,144
286,1.77708943696911e-16,2.36116778338552e-16,-0.223846527213509,MYD88,5,230
287,2.20159200165383e-16,2.91499986281691e-16,-0.202058003717574,IL2RG,5,218
288,2.39500142201924e-16,3.16007132071985e-16,-0.0397324057801149,CCR6,5,136
289,2.43208759169165e-16,3.19790063959456e-16,-0.256100791107513,MARCO,5,242
290,6.34962408700776e-16,8.32019707952743e-16,0.0860991111233085,CD37,5,70
291,9.32851258608255e-16,1.21815628271869e-15,-0.0642251049892954,CCL3,5,153
292,5.77297233900169e-15,7.51277222198852e-15,0.219125726686129,JCHAIN,5,57
293,1.75521078057095e-14,2.27638258231045e-14,0.203670666705577,C1QB,5,60
294,1.85598617524757e-14,2.39889369589823e-14,-0.0791723400201092,PLVAP,5,167
295,3.67052887952364e-13,4.72813889565756e-13,-0.0151459853560035,CDX2,5,116
296,5.00610864421665e-13,6.42676109730517e-13,-0.0480602329836068,CDKN2B,5,143
297,6.00329568037556e-13,7.68098437219768e-13,-0.0840616937877718,CCR5,5,169
298,6.63669354805052e-13,8.46289781295032e-13,-0.0315724193365558,CDKN1C,5,131
299,6.86084420500445e-13,8.71946755151069e-13,-0.196961078024295,IRF1,5,217
300,1.59629947921968e-12,2.02197934034493e-12,-0.0598415639996126,CCL3L1,5,147
301,3.70611786068594e-12,4.67881989056697e-12,-0.0915428381064802,CCL2,5,173
302,1.77583640817315e-11,2.23449614273442e-11,-0.107534571333519,NCEH1,5,189
303,2.74490836746451e-11,3.44245933873437e-11,-0.0297685381037562,FCER2,5,130
304,4.2564403758915e-11,5.32055046986437e-11,0.0698493113463761,LILRA4,5,73
305,5.23270334438927e-11,6.51943367497679e-11,-0.192552990862231,HLA-B,5,216
306,9.7626978802811e-11,1.21236117467543e-10,0.112713830796512,ANXA1,5,68
307,1.74427622054641e-10,2.15903897005745e-10,-0.149031547540399,ARPC3,5,200
308,6.85745471770058e-10,8.46049608027995e-10,-0.0918265750811696,PDCD1LG2,5,174
309,3.20472165542875e-08,3.94108164745283e-08,-0.0897452209535105,LTB,5,172
310,4.70813804688303e-08,5.7712659929534e-08,0.110667843159043,HAVCR2,5,69
311,6.40432886549961e-08,7.82522498035321e-08,-0.0405389751020368,LAMP3,5,137
312,1.81288506511771e-07,2.20800104084849e-07,-0.0771685744690985,CXCL6,5,163
313,2.69554849106722e-07,3.27255088372379e-07,-0.0104193298527533,AIRE,5,105
314,3.11129269459619e-07,3.76525867498902e-07,-0.100235685605104,IGHM,5,181
315,5.30166691344957e-07,6.39566167336773e-07,0.0277362443025029,MMP9,5,78
316,5.46079941412779e-07,6.56678410559671e-07,-0.0244229936561634,TCL1A,5,128
317,5.83583471812366e-07,6.99563783245107e-07,-0.0783566781884724,IL15,5,165
318,6.00890937808979e-07,7.18045774740288e-07,0.0840452368450907,CCL19,5,71
319,6.5768285350525e-07,7.83446659347947e-07,-0.0120383606433464,REG4,5,108
320,9.67348167399659e-07,1.14872594878709e-06,-0.0200463650000095,IL6,5,122
321,1.59699464512817e-06,1.89052325591496e-06,-0.0124455458305501,IL13,5,110
322,1.62780417141396e-06,1.92101113396679e-06,-0.0424250629742936,GZMB,5,139
323,1.82955813319879e-06,2.15242133317504e-06,-0.0224562657315742,IL2,5,125
324,1.87924476361121e-06,2.20405250053167e-06,-0.0127561238679022,IL5,5,112
325,3.45609903906111e-06,4.04097733797914e-06,-0.0153675835897806,PGA5,5,118
326,1.02411450899039e-05,1.19375310863911e-05,-0.0203985144092329,TNF,5,123
327,1.21645424594484e-05,1.41361655492061e-05,-0.0755327284830321,RUNX3,5,161
328,1.6898457766279e-05,1.9577481558494e-05,-0.0238092770226724,HPGDS,5,127
329,2.35137632707528e-05,2.71587539297449e-05,-0.0436356610296819,CXCL1,5,140
330,3.76221185148965e-05,4.33224395020021e-05,0.0494860821335004,LILRB4,5,75
331,7.88586921910966e-05,9.05326375607755e-05,-0.0380415571030494,IGLC3,5,135
332,0.000129833792959723,0.000148604943749081,0.0279398416162031,BATF3,5,77
333,0.000162653789082267,0.000185610930484269,-0.0255774534367161,CDKN2D,5,129
334,0.000181884583728403,0.000206934556337704,-0.00961859692786389,DMBT1,5,102
335,0.000235766742017589,0.000267436901393086,-0.0832297072587649,LUM,5,168
336,0.000243426542863604,0.0002753038282386,-0.0617621065454373,CCL21,5,150
337,0.000267897998484749,0.000302080829151942,-0.0156994238662606,TFF3,5,119
338,0.000309874536344898,0.000348379656245744,-0.00514045698623581,IFNL1,5,92
339,0.000346849359964805,0.000388798692585917,-0.0138867641161517,MUC5AC,5,113
340,0.00093487875809509,0.00104486449434157,-0.00836748117994414,EGF,5,98
341,0.0012426780813461,0.00138480255399272,-0.00681684678034091,CDX1,5,93
342,0.00132891464624329,0.00147657182915922,-0.0219982876916872,SPIB,5,124
343,0.00164543242436814,0.00182292805032039,-0.0146899533719658,CCL13,5,114
344,0.0019374247195269,0.00214017846924483,-0.00928797586984297,IL12B,5,101
345,0.00205924259383214,0.00226815126277163,-0.00987106897648125,CCL26,5,103
346,0.00229618968350099,0.00252182682002999,-0.00904182103104217,IFNB1,5,100
347,0.00238549889145568,0.00261236189842409,0.0130034145176738,CCR3,5,84
348,0.00241006574051754,0.0026316809810249,-0.0112162974441413,MS4A2,5,106
349,0.00262069982052954,0.00285348404527572,-0.0124370271545493,IL4,5,109
350,0.0027064366901465,0.00293841697787335,-0.0406477100995848,CD80,5,138
351,0.00302860620714521,0.00327883293081248,-0.0119862915911699,CFC1,5,107
352,0.00386719468318454,0.00417481244207422,0.0142408885186208,CEACAM6,5,81
353,0.00433369885900822,0.00466517157626948,0.0629526573094486,CD44,5,74
354,0.00489944513724637,0.00525929139026447,-0.032385133968707,CD274,5,132
355,0.00601078846598528,0.00643408342837861,-0.00894303757301848,MMP12,5,99
356,0.00609906475026888,0.00651023765478139,-0.0609516374006161,JAK3,5,149
1,0,0,3.8711822972814,C1S,6,3
2,0,0,3.49809651222608,APOE,6,4
3,0,0,4.51536920339629,SDC1,6,2
4,0,0,4.52613331892894,ARG1,6,1
5,0,0,3.37842447900943,C1R,6,6
6,0,0,2.05851595350861,IFITM3,6,13
7,0,0,-1.21738756194254,JAK3,6,354
8,0,0,-1.58151561833853,IL2RG,6,369
9,0,0,-1.04341669807256,DGKA,6,344
10,0,0,-1.84545647378767,IL10RA,6,376
11,0,0,3.38461460672138,FN1,6,5
12,0,0,-1.47191508964198,PTPRC,6,364
13,0,0,2.98574633349505,CCND1,6,8
14,0,0,-1.5263850948999,CD2,6,366
15,0,0,-1.5519484472013,IGHG4,6,367
16,0,0,2.61747038800597,XBP1,6,10
17,0,0,-1.71178059278577,IGHG2,6,372
18,0,0,-1.83668133289454,IGHGP,6,375
19,0,0,-1.28308279942384,CORO1A,6,357
20,0,0,-1.18493175195009,CD3E,6,350
21,0,0,-1.62082138325692,TGFB1,6,370
22,0,0,3.02700260124561,ANPEP,6,7
23,0,0,-1.75548222487463,IGHG3,6,373
24,0,0,-1.10873963145718,ITGAX,6,348
25,0,0,2.97017094846865,CCL16,6,9
26,0,0,-0.936998075940703,FCMR,6,336
27,0,0,-1.17324666989143,KLRK1,6,349
28,0,0,-2.32404197712251,IGHG1,6,379
29,0,0,-1.33272617284983,CSF1R,6,360
30,0,0,-0.957990944341129,SYK,6,339
31,0,0,-0.783921919900212,LCK,6,321
32,0,0,-1.76368727369831,MPEG1,6,374
33,0,0,-0.881002406289104,ENTPD1,6,329
34,0,0,-0.88703480880327,TC2N,6,330
35,0,0,-2.72965174109982,IGKC,6,380
36,0,0,-1.0758907773679,CD38,6,345
37,0,0,-1.42032950889008,JCHAIN,6,363
38,0,0,-0.911030380412438,FCGR2A,6,333
39,0,0,-0.997667834981076,CD44,6,342
40,0,0,-0.691944554388016,RUNX3,6,309
41,0,0,-0.540152467803737,IRF4,6,292
42,0,0,-0.745500019730551,CLEC12A,6,317
43,0,0,-0.986008303356221,IL2RB,6,340
44,0,0,-1.08804637242983,LUM,6,346
45,0,0,-0.657728097181109,CD247,6,307
46,0,0,-0.569167264218588,MZB1,6,296
47,0,0,-0.69254595921603,IL7R,6,310
48,0,0,-2.24800888802797,IGFBP7,6,378
49,0,0,-0.604069776551663,SAMD3,6,302
50,0,0,-0.606262537979371,LTB,6,303
51,0,0,-0.364231013531761,ADAM28,6,244
52,0,0,-0.763626854861595,CD3D,6,320
53,0,0,-0.566872031726083,CD27,6,295
54,0,0,-0.585386760029113,GZMK,6,299
55,0,0,-0.464861193610507,VCAN,6,271
56,0,0,-0.463814243056351,CCR2,6,270
57,0,0,-0.905907571040476,CCR1,6,332
58,0,0,-1.25487135000546,CD8A,6,355
59,0,0,-0.825987192189139,GZMA,6,325
60,0,0,2.06482699422905,LAMP2,6,12
61,0,0,-1.09261209902901,VSIR,6,347
62,0,0,-0.403467795019394,MGP,6,257
63,0,0,-0.950315592903831,PLA2G7,6,337
64,0,0,-0.760897576302454,CD86,6,319
65,0,0,-1.34317135021459,FCGR3A,6,361
66,0,0,-0.807197468016718,BCL2,6,323
67,0,0,-0.66204393538472,TIGIT,6,308
68,0,0,-1.18709804477321,AIF1,6,351
69,0,0,-0.801720262127492,CMKLR1,6,322
70,0,0,2.11081575092554,PRDX4,6,11
71,0,0,-1.6812133013468,ATM,6,371
72,0,0,-0.486128196732764,CD28,6,280
73,0,0,-1.30686428754675,S100A9,6,359
74,0,0,-0.738887931942126,HAVCR2,6,316
75,0,0,-0.716969633460058,CCL5,6,314
76,0,0,-1.35033305315144,CD4,6,362
77,0,0,-1.2061863989247,IRF8,6,353
78,0,0,-0.640095315412369,SELL,6,304
79,0,0,-1.1899867941505,C1QB,6,352
80,0,0,-0.738355934130415,NKG7,6,315
81,0,0,-1.99703580128711,CXCL12,6,377
82,0,0,-0.462761376234107,TOX,6,269
83,0,0,-0.290000466493784,FCRL3,6,221
84,0,0,-0.716729135239827,LILRB2,6,313
85,0,0,-0.474322020890588,FASLG,6,275
86,0,0,-0.291798510957882,CXCR4,6,222
87,0,0,-1.0103165476463,IL18,6,343
88,0,0,-0.534482643428642,CD8B,6,291
89,0,0,-0.841494495271132,COTL1,6,327
90,0,0,-0.5563136640471,FGR,6,294
91,0,0,-0.458864064995836,GLIPR2,6,267
92,0,0,-0.533469147264096,ANXA1,6,290
93,0,0,-0.490238134067162,CLEC10A,6,282
94,0,0,-0.483524686967419,CXCR6,6,279
95,0,0,-0.354447924664357,EOMES,6,242
96,0,0,-0.395865594905253,TRAT1,6,253
97,0,0,-0.454484932937354,ITGAM,6,265
98,0,0,-0.293010536520061,TBX21,6,223
99,0,0,1.59463894248998,LAMP1,6,17
100,0,0,-0.715652180462087,IGHM,6,312
101,0,0,1.99775238074914,A2M,6,14
102,0,0,-0.573108400044787,CXCR2,6,298
103,0,0,-0.342487873632261,CCR5,6,241
104,0,0,-1.30215491718296,DCN,6,358
105,0,0,-0.2500245066116,TNFRSF17,6,211
106,0,0,-0.447564082585882,CCL19,6,262
107,0,0,-0.478706358532372,IRF5,6,277
108,0,0,-0.439699039951284,KLRD1,6,260
109,0,0,-1.52024465900568,CD163,6,365
110,0,0,-1.26602462671571,TNFRSF1B,6,356
111,0,0,-0.375052013888538,CD80,6,246
112,0,0,-0.751482409028946,MIS18BP1,6,318
113,0,0,-0.389049237437057,GATA3,6,252
114,0,0,1.64035449852616,IQGAP2,6,16
115,0,0,-0.375109030523311,GPR171,6,247
116,0,0,-0.82697523125789,VSIG4,6,326
117,0,0,-0.398295671421406,CCL2,6,255
118,0,0,-0.887390706579552,SPARC,6,331
119,0,0,-0.457914450798908,PLEK,6,266
120,0,0,-0.27226484627247,TNFRSF13C,6,215
121,0,0,1.6911044380237,FOXP3,6,15
122,0,0,-0.952093822803557,JAK2,6,338
123,0,0,-0.572688214379864,KLRB1,6,297
124,0,0,-0.514525181908719,CCL21,6,286
125,0,0,-0.249839421180092,MS4A1,6,210
126,0,0,-0.459746933826037,SLC1A3,6,268
127,0,0,-0.4878857142779,GPR34,6,281
128,0,0,-0.513244148277494,NCEH1,6,285
129,0,0,-0.314168439293904,CST7,6,230
130,0,0,-0.220506178917746,NELL2,6,198
131,0,0,-0.233530122201925,CD79A,6,203
132,0,0,-0.822175303186315,CD68,6,324
133,0,0,1.47643405058769,ERBB3,6,18
134,0,0,-0.388396808493621,PRF1,6,251
135,0,0,-0.299769382359452,CTLA4,6,225
136,0,0,1.40968855618683,NT5E,6,21
137,0,0,1.44390612511377,ERBB2,6,20
138,0,0,-0.525243461150634,CCL4,6,289
139,0,0,-1.57243356171304,CD74,6,368
140,0,0,-0.443610324499934,PDCD1LG2,6,261
141,0,0,-0.478413310365953,STAT4,6,276
142,0,0,-0.231657134402007,CTSW,6,201
143,0,0,-0.21677939314182,IGLC3,6,197
144,0,0,-0.377469209497502,ITGAE,6,249
145,0,0,-0.857445486778354,CTSS,6,328
146,0,0,1.46518222712581,ISG15,6,19
147,0,0,1.31929797453778,C1QBP,6,22
148,0,0,-0.240228629655827,PTGS1,6,209
149,0,0,-0.233650545393972,EPCAM,6,204
150,0,0,-0.281622704532222,TNFRSF9,6,218
151,0,0,-0.296015180987872,KLRF1,6,224
152,0,0,-0.317497367600775,FCGR1A,6,231
153,0,0,-0.181196709505225,CCL3L1,6,182
154,0,0,-0.166672112269112,P2RX1,6,177
155,0,0,-0.164486580811581,CD37,6,174
156,0,0,-0.396152274572301,CXCL6,6,254
157,0,0,-0.234053204622849,LILRB4,6,205
158,0,0,-0.319568249976568,NOD1,6,232
159,0,0,-0.478852175628882,PDGFRA,6,278
160,0,0,-0.190031619815215,CCR4,6,184
161,0,0,-0.989127789231465,IRF1,6,341
162,0,0,-0.0853051856403345,CCR7,6,132
163,0,0,1.12478371635202,G0S2,6,23
164,0,0,1.05485559990568,TMPRSS2,6,24
165,0,0,-0.174020358993469,NOTCH3,6,179
166,0,0,-0.156127898008843,BANK1,6,169
167,0,0,-0.165111697109864,NCAM1,6,175
168,0,0,1.01118569793268,MET,6,27
169,0,0,-0.145190910399398,CXCR3,6,165
170,0,0,-0.920742214736128,NOTCH1,6,335
171,0,0,-0.232539918807116,GZMH,6,202
172,0,0,-0.236918637792709,DERL3,6,207
173,1.11253692925408e-308,1.11253692925466e-308,-0.599268760548107,CSF1,6,301
174,1.29763182516607e-308,1.51676716170614e-308,-0.152585371287334,LILRA4,6,168
175,1.85406112016571e-302,4.02596128950252e-302,-0.180800759699341,TREM2,6,180
176,5.66185009244985e-300,1.22244490632447e-299,-0.132313574297256,CD19,6,160
177,2.31323893921782e-295,4.96627568871607e-295,-0.150866161844296,KLRC1,6,167
178,5.68057073471332e-295,1.21270611190504e-294,1.03946207486439,IFNAR1,6,25
179,2.554631448624e-290,5.42323994679953e-290,-0.204823628558764,RGS1,6,190
180,1.69653387418453e-287,3.58157151216729e-287,-0.111852091788692,PLD4,6,146
181,3.62898624421628e-286,7.61886614807802e-286,1.03360878066088,ITGA1,6,26
182,1.67340966975002e-277,3.49393227750014e-277,-0.112471514221025,SPIB,6,147
183,1.62862001053143e-275,3.38183390164993e-275,0.911488146936288,EGFR,6,31
184,8.75165480377711e-275,1.8074069703452e-274,-0.117224944406999,CX3CR1,6,149
185,7.06312808289606e-266,1.4508046872975e-265,1.00341669084938,VEGFA,6,28
186,1.62823280097041e-265,3.32649712026197e-265,-0.127191815166167,CD40LG,6,157
187,2.15198114786833e-263,4.37300981919769e-263,-0.913481427642959,ACTA2,6,334
188,2.17267413658881e-263,4.39157538246671e-263,0.99146369239576,ID2,6,29
189,3.66856387226223e-261,7.37594852624151e-261,-0.230952406842081,PLVAP,6,200
190,6.43797315835393e-255,1.28759463167072e-254,-0.282894365236857,SOCS3,6,219
191,1.14139574362768e-247,2.27083969936389e-247,-0.181187819616137,CD83,6,181
192,5.6260066129154e-247,1.1134804754728e-246,-0.22553983493463,IL2RA,6,199
193,7.1777832171759e-244,1.41324229146469e-243,0.981146842455558,IFIT3,6,30
194,8.55765280039014e-244,1.67624127017945e-243,-0.157701727104478,CCL3,6,173
195,1.14658572151516e-238,2.23437217526023e-238,0.73116341018101,CCL15,6,35
196,7.5890259406101e-235,1.47134176399576e-234,-0.381917740428932,IL15,6,250
197,4.051669512807e-232,7.81540312115034e-232,-0.165145553763611,GZMB,6,176
198,8.64489492056534e-230,1.65912124738124e-229,-0.214372833122648,CCL28,6,195
199,2.77984652163504e-227,5.30824963930327e-227,-0.196586356527074,CXCL1,6,186
200,1.65317292691536e-226,3.14102856113915e-226,-0.197122291448717,CDK1,6,187
201,4.94161311216236e-224,9.34235314737177e-224,-0.324579479156802,LAG3,6,236
202,7.07609968430078e-215,1.33114746536353e-214,-0.0918476160892515,FCER1A,6,138
203,3.07664507291957e-211,5.75923708231252e-211,-0.262703617155804,IDO1,6,213
204,6.84820100049428e-210,1.27564528440583e-209,-0.168112181006722,LILRA5,6,178
205,6.53418560847629e-209,1.21121489327855e-208,-0.330703345998013,FABP3,6,237
206,7.70914384152452e-208,1.42207507756279e-207,0.761838197328393,IL1RAP,6,33
207,5.48368530002659e-207,1.00666686667158e-206,-0.334068281796563,EPOR,6,238
208,1.2146489875326e-206,2.21907026568456e-206,-0.0997523257726051,PDCD1,6,140
209,1.82523861977693e-206,3.31861567232178e-206,-0.0831187297971813,CD79B,6,130
210,1.04142069063478e-204,1.88447553543437e-204,0.749450673051735,CEACAM1,6,34
211,8.92735550106683e-193,1.60777018502629e-192,-0.0811554064408761,GPR183,6,129
212,4.26622440058106e-189,7.64700600104143e-189,-0.271606772653071,MKI67,6,214
213,4.1386783985023e-187,7.38355770624811e-187,-0.213784704785179,CD274,6,194
214,1.53803463669704e-186,2.73108954179847e-186,-0.130029985587223,UBE2C,6,159
215,4.61277562478643e-184,8.1528127321806e-184,-0.34048857757143,TCF7,6,240
216,1.31748413538546e-183,2.317796164104e-183,0.77695782129952,PTEN,6,32
217,8.2928790488613e-179,1.45220923436277e-178,-0.502394301941354,RB1,6,283
218,7.94195731088237e-177,1.38437787987855e-176,-0.593727279309747,STAT5B,6,300
219,5.90770173514908e-173,1.02508066637291e-172,-0.12542072673324,IL10,6,155
220,3.5816110936833e-171,6.1864191618167e-171,-0.0887496055043735,CXCR5,6,136
221,3.24091741074975e-169,5.57261817232992e-169,-0.699639414377466,JAK1,6,311
222,3.7638690259809e-168,6.44265869312046e-168,-0.124798931833872,ID4,6,154
223,1.63981054400677e-167,2.79429599427169e-167,-0.473852650600011,BRAF,6,274
224,1.47463638168956e-165,2.50161529036617e-165,-0.135338033235752,CD1C,6,161
225,8.56971713751834e-165,1.44733000544754e-164,-0.375864262173577,RGS5,6,248
226,6.37683633611614e-160,1.07221141934696e-159,0.609375174637653,RORC,6,37
227,9.64323399634092e-157,1.61428586722889e-156,-0.109021968010867,DUSP2,6,145
228,3.65926507790183e-155,6.09877512983633e-155,-0.0914219783640286,ZNF683,6,137
229,2.31652409714328e-154,3.8440137856525e-154,0.59981566766399,CDKN1A,6,38
230,7.05672456840801e-152,1.16589362434564e-151,-0.105513560602568,CXCL5,6,142
231,7.43462414437333e-148,1.2230117640095e-147,-0.374499583569387,HIF1A,6,245
232,3.97546707655464e-145,6.51154090125317e-145,-0.515659216297001,KMT2C,6,287
233,2.82652057715242e-142,4.60977604857477e-142,-0.213037431063794,IRF3,6,193
234,9.54658573376561e-139,1.55030024736366e-138,-0.104467519283086,KIT,6,141
235,1.46295661225825e-130,2.36563196875804e-130,-0.519299610364063,ARID1A,6,288
236,8.56812109692774e-126,1.37961271899687e-125,0.724502744659236,MX1,6,36
237,1.46667347171618e-118,2.35162835127493e-118,-0.644047910524761,CD47,6,305
238,2.479480988492e-118,3.95883519170986e-118,-0.504108187797695,CDK12,6,284
239,2.93896358865119e-117,4.67282913676756e-117,-0.105838866512579,GNLY,6,143
240,6.54372579577896e-117,1.03608991766498e-116,-0.0600277793431527,FCER2,6,116
241,6.94038658593141e-117,1.09433481437926e-116,-0.287632695203469,STMN1,6,220
242,4.80352912231921e-113,7.54273167967464e-113,-0.0756732262447645,IL12RB2,6,128
243,1.07273802183314e-112,1.67753270903945e-112,-0.122904931748649,CENPF,6,153
244,8.27396906415295e-112,1.288568952614e-111,-0.649046056144931,NOTCH2,6,306
245,1.29566016358489e-111,2.00959535576431e-111,-0.0945977028097558,CDKN2D,6,139
246,1.58133825895265e-111,2.44271763578054e-111,-0.0668727388800017,CHIT1,6,120
247,5.90339915944592e-111,9.08215255299372e-111,-0.451714888078836,ICAM1,6,263
248,1.48466767992722e-105,2.27489402569495e-105,-0.0863826950108603,EGR3,6,134
249,9.67145764663184e-105,1.47596542398398e-104,-0.0864845377149726,IL1B,6,135
250,1.85124579686059e-104,2.8138936112281e-104,-0.473586237570892,FCGR2B,6,273
251,9.26029989430105e-102,1.40195775292208e-101,-0.0497070532113215,CCL11,6,108
252,1.78647400054037e-100,2.6938893658942e-100,0.591300582922099,STAT3,6,39
253,4.81993084772808e-100,7.23942182662715e-100,-0.337554515590108,FLT1,6,239
254,1.81755893731894e-99,2.71918266213069e-99,-0.121325865383325,FLT3LG,6,151
255,1.66973368739859e-95,2.48823059298616e-95,-0.107142982933117,S100B,6,144
256,2.77112150503075e-93,4.11338348402995e-93,-0.279556762506292,CXCL16,6,217
257,2.71686893366338e-92,4.01716029101974e-92,-0.0721175557991092,BATF3,6,125
258,9.57650503391388e-92,1.4104929894912e-91,0.540536979829713,AKT1,6,41
259,1.4973445959248e-90,2.19687624112517e-90,-0.542807651363816,MARCO,6,293
260,2.5937195459908e-89,3.79082087490958e-89,-0.19918971037803,FEZ1,6,188
261,2.13170097222718e-87,3.10362593657594e-87,-0.0679843822067134,CCR6,6,121
262,9.1751888946944e-86,1.33075258778011e-85,0.550165170414752,STAT1,6,40
263,5.21198667044614e-84,7.53062712840127e-84,-0.0642428956634194,PAX5,6,118
264,9.14968711466054e-84,1.31700041801932e-83,-0.236587306508818,IL15RA,6,206
265,1.27093194608757e-83,1.8224684509935e-83,-0.0842814085817476,SOX17,6,131
266,5.99680020177215e-83,8.56685743110316e-83,-0.402198043949271,SOS1,6,256
267,1.51788073046261e-82,2.16027969129509e-82,-0.0334721398010086,MMP9,6,98
268,9.80547612612702e-82,1.39032870445086e-81,-0.0593647728351802,TCL1A,6,114
269,2.03535460362316e-80,2.87522211664237e-80,-0.127945887828218,ORC6,6,158
270,3.97514394037857e-75,5.59464702719941e-75,0.363087010789749,CENPV,6,47
271,6.90305656258346e-75,9.67956270768166e-75,0.410322160516546,CD14,6,45
272,2.19399722966054e-72,3.06514318849631e-72,0.326581238569919,ACTB,6,50
273,3.44742240256041e-72,4.79860993762988e-72,0.479046332188448,CXCL10,6,42
274,6.08413394402074e-72,8.4378499953572e-72,-0.0666349037080305,CXCL3,6,119
275,6.59199472945274e-71,9.10893817160743e-71,-0.468517292695921,IFNGR1,6,272
276,5.3049965924048e-68,7.30398081562975e-68,-0.277080256482501,CDK6,6,216
277,2.58221223585442e-67,3.54238501669563e-67,0.345061863049853,LY6E,6,48
278,9.3108459513472e-67,1.27270556169492e-66,0.462698798174837,CXCL9,6,43
279,1.16853593547807e-66,1.5915543207228e-66,-0.0532200133998453,CPA3,6,110
280,2.72098486097422e-66,3.692765168465e-66,-0.312943712927409,CXCL14,6,228
281,3.10515706749603e-66,4.19914478878465e-66,-0.157242436421971,CXCL13,6,172
282,3.91980879703402e-65,5.28201185415931e-65,-0.137270238352049,LIF,6,163
283,2.11824607097844e-63,2.84428801050109e-63,-0.0513844343496421,CXCR1,6,109
284,8.51278255969264e-63,1.13903428615606e-62,-0.45373382699557,STAT6,6,264
285,1.83974726640374e-62,2.45299635520501e-62,-0.0745342209588769,CCL8,6,127
286,4.02372312707473e-62,5.346205553456e-62,0.380173180538642,IFIT2,6,46
287,8.74881757063107e-62,1.15838002677345e-61,-0.0857199858861812,CDKN2B,6,133
288,9.00904931235567e-62,1.18869400649137e-61,-0.258443246498168,CTSL,6,212
289,1.00288146063371e-60,1.31866766450106e-60,-0.418264191546791,TUBA1B,6,258
290,5.0455522193836e-60,6.61141325298538e-60,-0.320061895840205,SMAD3,6,233
291,4.35244345159979e-59,5.68360313267325e-59,-0.358730226286806,NF1,6,243
292,6.55453487324932e-59,8.529874150119e-59,-0.0482951212685106,TNF,6,106
293,4.88035964131048e-58,6.32947666791123e-58,-0.135996436487625,JUNB,6,162
294,2.75373679309171e-57,3.55925163732947e-57,0.425233062556649,CTSD,6,44
295,1.64231884420348e-54,2.11552935863501e-54,-0.0686638349232823,GATA2,6,123
296,2.77320969269303e-54,3.5602016325113e-54,-0.0594698503194945,HPGDS,6,115
297,1.83120219282609e-53,2.34295230058557e-53,-0.422245775717644,HLA-B,6,259
298,2.65843322971189e-53,3.38994841372656e-53,0.344688243374362,SPON2,6,49
299,7.67382322621255e-52,9.75268503665811e-52,-0.0629033327288626,IL23A,6,117
300,1.10360822290291e-50,1.39790374901035e-50,-0.323414142342501,TP53,6,235
301,1.84855868235926e-50,2.33372856909143e-50,-0.0429847777926974,MCEMP1,6,104
302,4.177404846273e-49,5.25633722378723e-49,-0.0494851506642339,CDKN1C,6,107
303,1.37071952999465e-48,1.7190541960329e-48,-0.067987821875361,CDKN2A,6,122
304,1.80994455859328e-47,2.2624306982416e-47,-0.122565894243353,CDKN2C,6,152
305,2.64607017448561e-47,3.29674316821157e-47,-0.156967467698355,SPARCL1,6,171
306,3.00937401390855e-47,3.73713112838317e-47,-0.313038279129851,ARPC3,6,229
307,6.59279384276364e-47,8.16046143403967e-47,-0.320457521282534,KRAS,6,234
308,6.84529563435224e-47,8.44549461381115e-47,0.257792468006144,ID1,6,54
309,1.52589323098045e-46,1.87650300250023e-46,-0.0407533165497181,TFF3,6,103
310,8.65918639238396e-45,1.06144865455028e-44,0.220842262824007,ESR1,6,56
311,1.74027746071521e-44,2.12638403560057e-44,-0.308635534913515,CDKN1B,6,227
312,3.83110798786791e-44,4.66609306214684e-44,-0.0341084028790575,MUC5AC,6,99
313,1.00024591907055e-40,1.21435606788117e-40,-0.206366975902565,CD40,6,191
314,5.85744538731522e-40,7.08862817573176e-40,0.28674070465647,CD276,6,52
315,1.37959505741341e-39,1.66427340259394e-39,-0.201857100913131,ICOSLG,6,189
316,3.70270229804927e-35,4.45261668752761e-35,-0.301610532346281,PSMB10,6,226
317,3.99262219531859e-33,4.78610862530303e-33,-0.0439248147944318,IL2,6,105
318,7.7443427289718e-33,9.25424602833113e-33,-0.0271347431455139,CEACAM6,6,95
319,7.82196206875624e-33,9.31769776215482e-33,0.32395725336076,MYD88,6,51
320,8.84693648949402e-33,1.05057370812742e-32,-0.0286335076206212,MS4A2,6,96
321,3.04416514695233e-32,3.60368459763826e-32,-0.0229581473510848,CCL7,6,93
322,8.45925516405338e-30,9.98297193273378e-30,-0.0539684571904166,FGF2,6,111
323,4.49978301515213e-28,5.2938623707672e-28,-0.0352234303467612,IL6,6,100
324,2.24408636554974e-26,2.63195314478055e-26,-0.036643532790763,CCL13,6,101
325,4.13123690677459e-26,4.83036930638262e-26,-0.125533663512894,SOCS2,6,156
326,3.0320661307763e-25,3.53431021378834e-25,-0.0300380197851856,CFC1,6,97
327,5.36152644570502e-25,6.23052002864805e-25,-0.238260803153043,IRF2,6,208
328,5.38567450753099e-25,6.23950095384689e-25,-0.11734072807622,FHIT,6,150
329,1.68364915724493e-23,1.94464036399111e-23,-0.0695527461166956,SOCS1,6,124
330,2.04127861174744e-22,2.35056324989098e-22,0.265885565417547,IL1R1,6,53
331,3.16481806574249e-22,3.63332587607899e-22,-0.215773709287692,ARPC5,6,196
332,6.06592273211851e-22,6.94292360905129e-22,-0.139941008269707,CDK2,6,164
333,1.40539471629998e-20,1.60375373031229e-20,-0.0186904916066656,CCR3,6,90
334,2.13766191471105e-20,2.43207044188681e-20,-0.0208862012977295,MMP12,6,92
335,7.18845730485963e-20,8.15407097267662e-20,-0.0194222156624637,ERBB4,6,91
336,2.94011543208602e-19,3.32513054819253e-19,-0.0726400245267419,IL13RA2,6,126
337,5.33997150536308e-19,6.02133285471207e-19,-0.0169183037656972,DMBT1,6,86
338,8.71207236239252e-19,9.79463756718686e-19,-0.0551715492021207,NOSIP,6,112
339,8.92961330532651e-19,1.00095960354692e-18,-0.156315578943012,PIK3CA,6,170
340,4.57897665523143e-17,5.11767979114101e-17,-0.184734167438476,FKBP11,6,183
341,1.23240277220683e-16,1.37335206286978e-16,0.197731090763179,CCL14,6,58
342,7.87008946991063e-16,8.74454385545627e-16,0.187820244488839,FAS,6,59
343,9.68347915170716e-16,1.07280527045152e-15,-0.0230590086084265,PGA5,6,94
344,1.05787396215783e-15,1.16858170238365e-15,0.223065688398347,CTNNB1,6,55
345,3.09299363267637e-15,3.40677559541166e-15,-0.190480861280585,CTSB,6,185
346,2.03547471147342e-14,2.23549245768758e-14,0.204986047021616,SSR4,6,57
347,2.76368629106396e-14,3.02651524669828e-14,-0.0158272909637062,IL22RA2,6,84
348,5.24398547877169e-14,5.72619104003804e-14,-0.0174457309034754,IL12B,6,88
349,1.28706046405583e-13,1.40138388636452e-13,-0.2076977749253,STAT2,6,192
350,1.99681715327029e-13,2.16797290926489e-13,-0.0174988495797448,IL1A,6,89
351,1.72695571634359e-12,1.86963866726657e-12,0.100733996974469,RNF43,6,60
352,3.42561533750916e-12,3.69810746662921e-12,-0.0172206325601934,AREG,6,87
353,8.13143758523352e-12,8.75338890195111e-12,-0.115353706387853,CDK4,6,148
354,8.46266154419388e-12,9.08421295704426e-12,-0.0138778908313244,EGF,6,80
355,1.10608274656876e-11,1.18397589773557e-11,-0.14998196467751,IL4R,6,166
356,1.41490275443779e-11,1.51028945698415e-11,-0.0144818649853362,CDX2,6,81
357,1.95827280842999e-11,2.08443604258654e-11,-0.0156132293971152,IL13,6,83
358,2.90273890266731e-09,3.08111950562451e-09,-0.0145648508669606,IFNB1,6,82
359,2.11338941907209e-08,2.2370138697699e-08,-0.0159302192272681,CCL26,6,85
360,2.81950284609239e-08,2.97614189309752e-08,0.0509401976920078,ACE2,6,63
361,1.22856254823138e-07,1.2932237349804e-07,-0.037993415591549,LAMP3,6,102
362,1.30786002307261e-07,1.37289173692705e-07,-0.0127230251466723,REG4,6,78
363,1.34354403422727e-06,1.40646482921863e-06,-0.0129647552594339,IL5,6,79
364,1.75220076718805e-06,1.82922058113038e-06,-0.0113517024040626,CD1A,6,76
365,2.58574505569989e-06,2.69200855113961e-06,-0.0123791635021794,FOS,6,77
366,3.28372252787018e-06,3.40932940052095e-06,0.0644426833822308,CEACAM8,6,62
367,4.46080258248759e-06,4.61881466306617e-06,-0.00890550525537432,CDX1,6,74
368,4.65571647376183e-06,4.80753331529754e-06,0.0322614025168772,IL22RA1,6,66
369,5.98566953248566e-06,6.16410412559499e-06,-0.057760741693736,SOX9,6,113
370,6.57283616968294e-06,6.75048039048518e-06,-0.00592421625013573,IFNL1,6,71
371,3.51661185899867e-05,3.60192050247842e-05,0.0433972149878852,CCL20,6,65
372,4.53529173109295e-05,4.63282488660033e-05,-0.0087407075107572,AIRE,6,73
373,0.000763809762345886,0.000778143993810822,0.0762785583557504,TUBB,6,61
374,0.00337492377267782,0.00342906693480635,0.0438361491213596,JUN,6,64
1,0,0,-1.84965801415516,CCL16,7,371
2,0,0,-2.55230932496345,ARG1,7,379
3,0,0,-1.39969422991084,ERBB3,7,363
4,0,0,-2.91543103833719,SDC1,7,380
5,0,0,4.69950531202104,IL7R,7,1
6,0,0,-2.21190814514602,ANPEP,7,374
7,0,0,-0.590613935442528,CCL15,7,328
8,0,0,-1.60441014122738,VEGFA,7,368
9,0,0,-0.831636412069388,TMPRSS2,7,346
10,0,0,-1.01190314417282,EGFR,7,355
11,0,0,3.51138441355182,CD2,7,2
12,0,0,-0.929252389199104,MET,7,353
13,0,0,-2.03216937898599,FN1,7,372
14,0,0,3.23300192939964,DGKA,7,3
15,0,0,-2.41897865108136,CCND1,7,378
16,0,0,2.99849191283405,CD3E,7,4
17,0,0,-1.2609299686321,ERBB2,7,359
18,0,0,-1.14156447306159,NT5E,7,357
19,0,0,2.63634259501859,LTB,7,5
20,0,0,2.5983634672793,TCF7,7,6
21,0,0,2.46860334195306,CD28,7,7
22,0,0,-2.27263703228613,C1R,7,376
23,0,0,-2.41082890270736,C1S,7,377
24,0,0,-1.56986845015497,PRDX4,7,367
25,0,0,2.34925642804446,IL2RG,7,9
26,0,0,-2.10157140952081,A2M,7,373
27,0,0,2.39502074257082,FCMR,7,8
28,0,0,-1.39612078565184,IFIT3,7,362
29,0,0,-2.26663892897375,APOE,7,375
30,0,0,-0.860575714209072,G0S2,7,348
31,0,0,2.18256606195748,CORO1A,7,10
32,0,0,-1.84572672180666,LAMP2,7,370
33,0,0,-0.469988472843786,ID1,7,320
34,0,0,1.96792271274903,LCK,7,12
35,0,0,-0.824210335588619,CEACAM1,7,345
36,0,0,1.97833475961443,JAK3,7,11
37,0,0,-1.4024941121019,ITGA1,7,364
38,0,0,-1.5218895521644,MARCO,7,366
39,0,0,1.92377442462457,TC2N,7,13
40,0,0,1.86965003518665,CD3D,7,14
41,0,0,1.84655349398996,CD247,7,15
42,0,0,-0.752213517183322,IL1RAP,7,340
43,0,0,-1.04412787981039,ISG15,7,356
44,0,0,-0.610381184863653,CDKN1A,7,330
45,0,0,-0.754231945652675,SPON2,7,341
46,0,0,-1.76061667163341,IFITM3,7,369
47,0,0,-0.33105684731318,ESR1,7,305
48,0,0,-0.89429463198816,CCL14,7,350
49,0,0,-0.710152409174561,CD276,7,337
50,0,0,1.64629201487704,PTPRC,7,16
51,0,0,-1.16865589890588,ID2,7,358
52,0,0,1.57488149588802,ATM,7,17
53,0,0,-1.50903018523535,XBP1,7,365
54,0,0,-0.32301714512048,RNF43,7,303
55,0,0,1.19167360936902,CD40LG,7,27
56,0,0,1.43764157378461,SELL,7,20
57,0,0,1.29055208260277,TRAT1,7,23
58,0,0,1.22106692669409,CCR4,7,25
59,0,0,1.19350619340351,NELL2,7,26
60,0,0,1.38735537861591,BCL2,7,21
61,0,0,1.47488641071641,IL10RA,7,18
62,0,0,1.36980044323893,CCL19,7,22
63,0,0,-0.336437059801394,SOX9,7,308
64,0,0,1.28508930016553,CD44,7,24
65,1.48789982181902e-308,4.38885843614958e-308,-0.638495416244012,IFIT2,7,331
66,3.97021170994846e-305,2.28587946936415e-304,-1.29052548353751,LAMP1,7,360
67,3.62292222255353e-300,2.05479170831385e-299,-0.70674791492455,CXCL10,7,336
68,1.70563646673281e-298,9.53149790233006e-298,-1.34469855918282,CTSD,7,361
69,4.65879616678105e-288,2.56571383098078e-287,-0.906301650552236,CTSB,7,352
70,2.12343462242165e-283,1.15272165217169e-282,1.05742445438204,CTLA4,7,28
71,2.64725296468608e-276,1.41683961490238e-275,0.989281980131148,GATA3,7,34
72,4.77593726988426e-276,2.52063355910551e-275,-0.455887833658947,CENPV,7,319
73,1.66040214388174e-269,8.64318924212417e-269,1.03156363843506,STAT4,7,31
74,1.85484845744801e-262,9.52489748419299e-262,1.04991740926838,RUNX3,7,30
75,2.18333369572458e-255,1.10622240583378e-254,0.76902120654578,CCR7,7,44
76,1.59571593703624e-251,7.97857968518156e-251,1.44500941584481,IGKC,7,19
77,1.41546646819939e-249,6.9854189339708e-249,-0.502813895336196,CTSL,7,322
78,6.46133224585082e-242,3.14782853002974e-241,-0.866604575632019,MX1,7,349
79,2.69536514227274e-232,1.29650475197932e-231,1.01550836186578,KLRB1,7,33
80,1.39883004293038e-231,6.64444270391913e-231,1.05711380062118,IL2RB,7,29
81,1.57767265599786e-225,7.40142727505198e-225,-0.370843732130112,EPOR,7,311
82,1.98090335721105e-218,9.17979604561223e-218,-1.01176035284432,STAT2,7,354
83,1.94498537542823e-216,8.90475232123744e-216,-0.55613425987978,CD14,7,326
84,1.36242263430798e-211,6.16334048853606e-211,0.948216344415797,TIGIT,7,36
85,3.99162106017591e-208,1.78448941513743e-207,0.813531832131375,GPR171,7,42
86,1.33844084305965e-188,5.91404093444949e-188,0.906401725630688,CCL21,7,37
87,2.1232988289233e-188,9.27417879299821e-188,-0.818862490642391,C1QBP,7,344
88,1.42625932741195e-184,6.15884709564251e-184,-0.745485568883602,AKT1,7,339
89,2.84213320437019e-182,1.21349507602325e-181,-0.53876410090959,CXCL14,7,324
90,1.85977567539954e-180,7.8523861850202e-180,-0.401635620191009,CXCL16,7,315
91,4.55147943385691e-180,1.90061778556668e-179,-0.840532321778266,IL1R1,7,347
92,4.67962570655195e-179,1.93288887879323e-178,0.776652755964912,CD27,7,43
93,8.12717798540293e-179,3.32078240263781e-178,-0.903375154352103,IFNAR1,7,351
94,2.38384445473271e-178,9.6368180084939e-178,0.823645451673486,GZMK,7,40
95,5.08843707135943e-176,2.03537482854378e-175,-0.670801685374744,FCGR2B,7,334
96,5.99751134351263e-172,2.37401490680714e-171,0.957431496722664,CD4,7,35
97,8.24482445881732e-166,3.22993123128933e-165,0.764925767479202,SAMD3,7,45
98,3.67820058735001e-157,1.42624104407451e-156,-0.649267336441767,CXCL9,7,332
99,1.68863109022458e-152,6.48161428571058e-152,-0.268116506216674,CEACAM8,7,289
100,3.57828017158504e-151,1.3597464652023e-150,0.880687315213499,TGFB1,7,39
101,2.45721977761261e-144,9.24498530190898e-144,0.512687557684195,FLT3LG,7,54
102,1.57887557475691e-143,5.88208547458473e-143,0.478156492238426,CXCR5,7,60
103,2.65243035060847e-142,9.78566537117698e-142,-0.742506973933635,MYD88,7,338
104,4.16173692191504e-140,1.52063464454588e-139,0.821669117272481,STAT5B,7,41
105,7.11970469967572e-140,2.57665503416837e-139,-0.435604991747493,FLT1,7,317
106,9.03401758181575e-139,3.23861007649995e-138,-0.5667722171768,ICAM1,7,327
107,5.59644620566148e-135,1.98752295154332e-134,-0.602741916714603,NF1,7,329
108,1.0444937355961e-133,3.67507055117137e-133,1.0303099260515,IGHG1,7,32
109,1.9565160310326e-133,6.82088157607681e-133,-0.789690026984842,IQGAP2,7,343
110,1.03628445490445e-128,3.57989175330635e-128,-0.383592283138764,CD40,7,312
111,1.29870575880304e-126,4.44601971482123e-126,-0.29640295225228,KLRD1,7,296
112,4.98059285531262e-126,1.68984400448104e-125,-0.0710245233832168,IL22RA1,7,228
113,1.10954107833636e-124,3.73120008644084e-124,-0.65280211108497,FCGR3A,7,333
114,2.33654472793893e-119,7.78848242646303e-119,0.890019123767409,IGFBP7,7,38
115,5.20005082886124e-113,1.71827766518889e-112,-0.149946317594565,IL13RA2,7,260
116,1.7188874367763e-110,5.6308381549569e-110,-0.383699274808209,RORC,7,313
117,2.39851020783851e-110,7.79003315366363e-110,-0.683856797338976,STAT3,7,335
118,2.64112156087659e-110,8.50530672146693e-110,0.480509552674803,CXCR4,7,59
119,6.56234865642887e-109,2.09553990709491e-108,-0.058235170890882,CXCL2,7,223
120,6.14302045852172e-106,1.94528981186523e-105,0.35589130660916,GPR183,7,70
121,1.56178729681768e-103,4.90478655198946e-103,-0.776078468089944,STAT1,7,342
122,1.16217605011443e-98,3.61989261511056e-98,-0.262268756812334,JUN,7,287
123,4.99735759864571e-98,1.54389909551657e-97,0.494613650600847,CCR2,7,57
124,1.62684464905787e-97,4.98549166646772e-97,0.631995764208965,IGHM,7,52
125,8.2824811704496e-97,2.5178742758167e-96,0.444233756233798,IL2RA,7,61
126,9.63015521402632e-96,2.90433252486506e-95,0.363658114523001,CXCR3,7,69
127,5.10122845268239e-95,1.52635182048765e-94,0.659785690727835,LUM,7,50
128,7.80580995777656e-93,2.31734983121489e-92,-0.327663057551223,LY6E,7,304
129,5.67108006753969e-92,1.67055071756985e-91,0.723684625544045,IGHG4,7,47
130,2.05212670577663e-91,5.99852421688547e-91,0.762496727787723,IGHG3,7,46
131,7.08552954411945e-88,2.05534444791252e-87,0.619374493347358,VSIR,7,53
132,2.10807579816703e-87,6.06870305532937e-87,0.488713026861259,ANXA1,7,58
133,1.78971904421785e-85,5.11348298347964e-85,-0.165753610575005,EPCAM,7,264
134,1.66293968515081e-81,4.71579910714413e-81,0.383065593457312,MS4A1,7,66
135,1.89349756395685e-80,5.32984499484146e-80,0.285388120061627,CCR6,7,76
136,2.1711934665641e-80,6.06656998010553e-80,0.670140193682571,JCHAIN,7,49
137,9.80498437558846e-79,2.71963070271796e-78,-0.515250080539781,TXLNA,7,323
138,3.93164829865767e-78,1.08262779238399e-77,-0.304153997580013,CXCR2,7,297
139,5.54636248298683e-77,1.51627175793883e-76,-0.291390990774925,NCEH1,7,294
140,1.33805120241072e-72,3.63185326368623e-72,-0.101160273405592,ACE2,7,240
141,7.68077138906047e-72,2.06999512612977e-71,-0.401207783016886,VSIG4,7,314
142,8.51767813213156e-72,2.27937865507748e-71,-0.294556148424629,CXCL11,7,295
143,5.6211598789538e-71,1.49373479300872e-70,0.691290409867131,IGHGP,7,48
144,4.27953922973097e-68,1.12932285229011e-67,-0.242982615521802,CXCL6,7,285
145,5.37514888192349e-68,1.40865970698684e-67,0.653472465165321,IGHG2,7,51
146,8.04612026444357e-68,2.09419568526614e-67,-0.334487283996534,FOXP3,7,307
147,3.15678558739384e-66,8.16039811707263e-66,-0.117723365473757,NCAM1,7,248
148,3.98558852542679e-65,1.02332678355552e-64,0.387452928525069,TOX,7,64
149,1.77932452192038e-62,4.53787461966278e-62,-0.3050679167967,CLEC12A,7,299
150,3.55771329978714e-58,9.01287369279404e-58,-0.274716614508439,CCL4,7,291
151,2.49183096968188e-56,6.27083290383521e-56,-0.54557938576187,PTEN,7,325
152,7.68382286508502e-53,1.92095571627126e-52,0.206682053000866,IL12RB2,7,88
153,6.1037683032778e-52,1.51596859819972e-51,-0.180186239572432,FEZ1,7,267
154,9.76857442531036e-52,2.41042745559605e-51,-0.291176559066165,LILRB2,7,293
155,1.47700813865729e-50,3.62105221090172e-50,-0.353881725109627,CD68,7,309
156,3.99468350316028e-50,9.73063930256985e-50,-0.359152948222886,TUBB,7,310
157,7.08977564417498e-50,1.71599665273025e-49,0.388779903544935,ACTB,7,63
158,7.81371276092681e-50,1.87924737288113e-49,-0.4728624275769,IFNGR1,7,321
159,2.07940208724416e-49,4.96964020850803e-49,0.275051073952723,TBX21,7,77
160,2.64049360136985e-49,6.27117230325342e-49,0.507473040960796,CD47,7,55
161,3.68302637247098e-49,8.69285727663956e-49,0.497521594293647,TNFRSF1B,7,56
162,2.36456243074977e-48,5.5465044671908e-48,-0.240205348844162,FGR,7,284
163,5.70407933712057e-46,1.32978536693608e-45,0.218603579777553,CD37,7,87
164,2.82837526198842e-45,6.55355243631465e-45,0.184884300028987,IL23A,7,89
165,3.84063516459983e-45,8.84509916695723e-45,-0.429018324372207,SSR4,7,316
166,3.04062199382618e-44,6.96045998586716e-44,-0.204967711723231,FABP3,7,271
167,9.14068502088003e-44,2.07991635205653e-43,0.287329890553497,MGP,7,74
168,1.09392384510737e-43,2.47435155440954e-43,0.256497469477402,FCRL3,7,81
169,5.31847169777966e-43,1.19586937583211e-42,-0.273325887791966,NKG7,7,290
170,8.49584670247883e-43,1.8990716158482e-42,-0.45080249759415,CTNNB1,7,318
171,2.65091707038404e-41,5.89092682307563e-41,0.385442259878146,SMAD3,7,65
172,3.79848224426201e-41,8.39199565592773e-41,0.371592359629709,COTL1,7,68
173,3.96515263376238e-41,8.70958381982494e-41,0.260755699592216,CCR5,7,80
174,3.20197787799274e-39,6.99282525078874e-39,0.152312178323594,IL2,7,98
175,7.09518318230218e-39,1.54066834815705e-38,0.432971199347051,CD8A,7,62
176,7.47994659156984e-38,1.6149884686344e-37,0.27192350450321,GLIPR2,7,78
177,1.35684562322147e-37,2.91300190296135e-37,-0.10798902959193,LILRA5,7,244
178,2.29564451512091e-37,4.90081413340421e-37,0.255416808550645,CXCL13,7,82
179,5.99307959136649e-35,1.27227387973143e-34,-0.291003397593519,CD38,7,292
180,7.73012306566636e-35,1.63191486941845e-34,0.379641667420457,HLA-B,7,67
181,9.13008122021475e-35,1.91681263186828e-34,0.161076267828284,CDKN2D,7,93
182,1.57471499090328e-34,3.28786646452332e-34,-0.334360050373287,C1QB,7,306
183,8.34657681354562e-34,1.73316895581822e-33,0.181197580334346,LILRA4,7,91
184,1.37485625214535e-33,2.8393770424741e-33,-0.304193575443033,IL18,7,298
185,1.74075141814114e-33,3.57559750753314e-33,-0.224415720361438,CDK4,7,280
186,8.24872568168096e-33,1.68522352636493e-32,-0.317451551349993,CSF1R,7,301
187,1.66236763211426e-32,3.37807326311989e-32,-0.148993606742256,FCGR1A,7,259
188,3.06056452280695e-32,6.18624743971613e-32,-0.310281319072978,CTSS,7,300
189,4.75537093329678e-32,9.56106325213108e-32,-0.094341947230693,CCL3,7,238
190,8.71667735112627e-32,1.74333547022526e-31,0.234277953899934,IDO1,7,86
191,1.41292755427151e-31,2.8110600556187e-31,-0.140469097307752,KLRF1,7,256
192,2.10184954249032e-31,4.15991055284546e-31,-0.1133027282839,CXCL1,7,247
193,2.45070917699026e-31,4.82523050391867e-31,-0.208974018516431,ICOSLG,7,273
194,1.38515869096874e-29,2.71319743591817e-29,-0.217176152815513,RGS5,7,277
195,1.58523816666248e-29,3.08918206836788e-29,0.183816914570117,RGS1,7,90
196,1.84985354226882e-27,3.58645074521507e-27,-0.249178290666364,RB1,7,286
197,2.11479202501193e-27,4.07929426144434e-27,-0.182107264388649,IL15,7,268
198,6.79813776339425e-27,1.30469310610597e-26,0.133554595413086,SPIB,7,103
199,9.23416576728541e-27,1.76330803596405e-26,0.319832726917981,CDKN1B,7,72
200,2.30627568549881e-26,4.38192380244772e-26,-0.0930358876753393,TREM2,7,237
201,1.5227922439671e-25,2.87891070998755e-25,-0.111778008683967,GZMH,7,245
202,1.54445134700129e-25,2.90540352406184e-25,-0.234912731228991,CCR1,7,282
203,1.46025025761955e-24,2.73347338864744e-24,0.34098107251571,JAK1,7,71
204,3.40341527275189e-24,6.33969511591036e-24,-0.206112346988909,HAVCR2,7,272
205,7.64588255228932e-24,1.41728554627802e-23,-0.213982265799268,CMKLR1,7,276
206,8.26835978632641e-24,1.52523141689517e-23,0.140633366629062,LAMP3,7,101
207,1.32174520160094e-23,2.42639215752829e-23,-0.104971647123563,PTGS1,7,242
208,3.25180734415903e-23,5.94080187875208e-23,-0.152881485352163,LAG3,7,261
209,5.22569547154278e-23,9.50126449371412e-23,0.115890826372173,PDCD1,7,105
210,2.03351529727694e-22,3.67969434745351e-22,-0.0504108747186479,CXCL3,7,215
211,8.22253309822049e-22,1.48083534470321e-21,-0.213377172419109,FCGR2A,7,275
212,9.49679728538458e-22,1.70225611719158e-21,-0.0864776228937347,ORC6,7,235
213,1.35764701257739e-20,2.42209326187515e-20,-0.157117674705406,CDK2,7,262
214,2.08812060983811e-20,3.70787771840412e-20,-0.0622322844533367,CXCL5,7,226
215,2.27953979829689e-20,4.02895406210613e-20,-0.237612035233795,IL4R,7,283
216,2.55799368626095e-20,4.5001740776813e-20,0.14069004465129,CD79A,7,100
217,3.25252461170107e-20,5.69566521864705e-20,0.242691932076731,GZMA,7,84
218,4.5221990257573e-20,7.8827322467329e-20,0.0774382485442169,MMP9,7,118
219,8.79831838073301e-20,1.52664885145139e-19,-0.0805348188112256,CCL3L1,7,232
220,1.78811659149855e-19,3.08856502167931e-19,-0.145976962444061,PDCD1LG2,7,258
221,2.27475037278159e-19,3.91133548261088e-19,-0.13990809927977,ITGAM,7,255
222,2.37055687069212e-19,4.05770995884238e-19,-0.221383827198374,ITGAX,7,278
223,2.70377870379442e-19,4.60733590781112e-19,-0.319908216071554,CD163,7,302
224,6.84235186182463e-19,1.16075611941668e-18,-0.233849634784005,JAK2,7,281
225,1.3386935559834e-18,2.26090467232752e-18,-0.132005338498249,ITGAE,7,252
226,3.71975004806787e-18,6.2089536849074e-18,-0.137574836641002,IL15RA,7,253
227,3.72497123897692e-18,6.2089536849074e-18,0.109688194228632,KIT,7,106
228,3.72537221094444e-18,6.2089536849074e-18,0.286329172145809,IRF1,7,75
229,8.48323693639168e-18,1.40769870560212e-17,0.296342274359989,DCN,7,73
230,1.26665944325063e-17,2.09274168884887e-17,0.17568668599905,IRF4,7,92
231,1.6375272548812e-17,2.69376777859246e-17,-0.222206424582257,FKBP11,7,279
232,1.29259511207517e-16,2.11718164908864e-16,0.108583870053484,SOCS1,7,107
233,1.86476051772819e-16,3.04124032934212e-16,0.0985958928954698,NOSIP,7,110
234,3.15605101427068e-16,5.12521104881563e-16,0.248513668080784,KLRK1,7,83
235,4.03287188682991e-16,6.52123964678879e-16,-0.266552353499441,STAT6,7,288
236,1.24273944869742e-15,2.00102114620771e-15,-0.212818129068018,ARPC3,7,274
237,2.6997141091295e-15,4.32865553362536e-15,0.156768633386899,VCAN,7,95
238,3.8213923039425e-15,6.1013826701603e-15,0.267681175201095,MPEG1,7,79
239,6.6492541726824e-15,1.05720359230934e-14,-0.0827195322101314,CDK1,7,234
240,3.51844102926419e-14,5.57086496300163e-14,0.09677421494398,BANK1,7,111
241,4.48972679907633e-14,7.07923727655189e-14,-0.200946798917783,ARPC5,7,270
242,5.49115279461671e-14,8.62247133038987e-14,0.156624772714792,CXCR6,7,96
243,1.46412357897699e-13,2.28957596712451e-13,0.160803620960599,CD8B,7,94
244,1.56554614397486e-13,2.43814563405922e-13,0.123031375035705,IRF3,7,104
245,1.90512299920722e-13,2.95488465183162e-13,-0.0818330689391262,LILRB4,7,233
246,2.95000415197097e-13,4.55691698271938e-13,-0.198109217728412,KRAS,7,269
247,5.46693549699407e-13,8.4106699953755e-13,0.0759136496602356,FCER1A,7,119
248,9.63619516169584e-13,1.47651377477598e-12,-0.142981728011541,HIF1A,7,257
249,9.87376682372194e-13,1.50683991687323e-12,-0.0614218621622052,KLRC1,7,225
250,1.03222357674025e-12,1.56897983664518e-12,-0.104993898007317,SOCS2,7,243
251,1.54443718493931e-12,2.33819175409139e-12,0.0788179664376234,ZNF683,7,117
252,1.58909743803241e-12,2.39625804147744e-12,-0.0790829639506152,LIF,7,230
253,1.98819553178144e-12,2.98622253785355e-12,-0.047546889320501,SOX17,7,213
254,2.16551010113392e-12,3.23973952138145e-12,-0.100294983711534,CD80,7,239
255,2.39313123839697e-12,3.56623478663079e-12,-0.16277154745695,CSF1,7,263
256,3.90944341124066e-12,5.80308006356036e-12,0.0582967756281205,CCL11,7,131
257,4.232919765777e-12,6.25879187157689e-12,0.0604015513315963,TNF,7,127
258,4.31680683707022e-12,6.35808758948326e-12,0.237699540625791,ACTA2,7,85
259,1.18286084232314e-11,1.73547150611118e-11,0.138201251363581,CLEC10A,7,102
260,1.4094192061755e-11,2.0599203782565e-11,0.0734935459752596,PLD4,7,121
261,1.83117270088116e-11,2.66607519668522e-11,-0.0262626187261617,EPO,7,192
262,4.13124206000668e-11,5.99187779695626e-11,0.075387449577441,DUSP2,7,120
263,4.29500532935791e-11,6.20571112226616e-11,0.0594994629925291,TCL1A,7,129
264,6.03061297227963e-11,8.68042776312976e-11,-0.0761268532059067,DERL3,7,229
265,8.66217785343783e-11,1.24212361671939e-10,-0.18000958883188,IRF2,7,266
266,1.27286326266888e-10,1.81837608952697e-10,0.0948808407249185,CTSW,7,112
267,1.30266676841502e-10,1.85398266665808e-10,-0.104947224412168,FASLG,7,241
268,8.02014557068245e-10,1.13718481972363e-09,-0.129798597529666,CD86,7,250
269,1.07594690609931e-09,1.5199249974637e-09,0.093389539425849,TNFRSF13C,7,114
270,1.70741127781768e-09,2.40302327989155e-09,0.104448803149262,SOCS3,7,108
271,3.25934592379862e-09,4.570300557356e-09,0.0636626189502992,EGR3,7,125
272,4.81642001657237e-09,6.72882208197612e-09,-0.0401933186653571,CCL8,7,208
273,6.14843404386146e-09,8.55825984127234e-09,-0.0558111709454098,CCL20,7,221
274,7.96870656253984e-09,1.10514908531574e-08,-0.0293825511337247,CDKN1C,7,199
275,1.78776866083738e-08,2.47037124042984e-08,-0.17745637084422,TUBA1B,7,265
276,2.38124335602016e-08,3.27852346118718e-08,0.0921318451218723,CST7,7,115
277,1.49787780595587e-07,2.05485041972286e-07,-0.0478711157194637,P2RX1,7,214
278,1.89172213585497e-07,2.58580723606074e-07,-0.0432549917083579,GNLY,7,211
279,2.02892554378214e-07,2.7634111349004e-07,0.153102390507565,ARID1A,7,97
280,2.90015658042162e-07,3.93592678771505e-07,-0.0442872532362851,UBE2C,7,212
281,6.29070869690967e-07,8.5070082022266e-07,-0.138828282843187,CDK12,7,254
282,7.46402606647302e-07,1.00579074654601e-06,-0.131459908903224,SOS1,7,251
283,8.66281985369242e-07,1.16320549272195e-06,-0.0550846775392191,TNFRSF17,7,219
284,8.73708386270665e-07,1.16904643233399e-06,0.0587252170337707,S100B,7,130
285,1.48173220935297e-06,1.97564294580396e-06,0.0431932883724234,CD79B,7,135
286,2.67024648735034e-06,3.54787994822773e-06,0.0560394661866365,CD1C,7,132
287,9.14539078516072e-06,1.21088797852302e-05,-0.029492429385873,FGF2,7,200
288,9.74235553019481e-06,1.28544968801181e-05,-0.0319419480997056,IL1B,7,203
289,1.039961270109e-05,1.3659869290201e-05,0.0596369042425259,IGLC3,7,128
290,1.04246370898903e-05,1.3659869290201e-05,0.0335756244947677,TFF3,7,139
291,1.0535388392216e-05,1.37575518523782e-05,-0.0801498497864663,GPR34,7,231
292,2.71869439339902e-05,3.53802695031379e-05,0.0987726764351805,CCL5,7,109
293,4.94676608151676e-05,6.4156010613528e-05,-0.0329777609033987,CDKN2B,7,204
294,6.15318238642214e-05,7.95309288040957e-05,0.147423231427835,CXCL12,7,99
295,9.1270460607086e-05,0.000117568728917602,-0.121759957811606,NOTCH1,7,249
296,0.000111832971276446,0.000143569355017059,0.0697201950251851,SPARCL1,7,123
297,0.000119867532961969,0.000153365867089388,-0.112826046701755,IRF8,7,246
298,0.000122705346225984,0.000156469904583469,-0.0880750064355008,MIS18BP1,7,236
299,0.000179654463923009,0.000228323398965697,-0.0271655480597279,GATA2,7,196
300,0.000246771116213815,0.000312576747204166,0.0214710582188275,CCL26,7,144
301,0.000275036178601943,0.000347221753716738,-0.0115726003053842,FOS,7,184
302,0.000388980102180755,0.000489445161684393,0.070313261057171,MZB1,7,122
303,0.000550728500775509,0.000690682608233312,0.0180811906930742,IL12B,7,147
304,0.00102853473796015,0.00128566842245019,0.0263499493213667,CPA3,7,140
305,0.00103718307449278,0.00129222809281067,0.0204154329178378,MS4A2,7,146
306,0.00108040613287811,0.0013416808186068,-0.0515169617656666,MKI67,7,217
307,0.00140515289421441,0.00173927719805041,0.0882347308630076,SPARC,7,116
308,0.00178395365853451,0.00220098178650361,-0.0176325627584213,CXCR1,7,187
309,0.00203503836129436,0.00250263617246556,-0.0424142866372833,TNFRSF9,7,210
310,0.00216270951737772,0.00265106327936624,-0.0267214734659404,CD19,7,193
311,0.00222239966405554,0.00271547225833153,-0.0295073006016191,CENPF,7,201
312,0.00270412707219047,0.00329348810074481,-0.0706041887949315,SYK,7,227
313,0.00318107796629979,0.00386201158847898,-0.0573857746902092,FADD,7,222
314,0.00467252612902623,0.00565464945550945,0.015326740342288,MMP12,7,148
315,0.00482171181662156,0.00581666822322601,0.0229791164116456,CHIT1,7,142
316,0.00505204577624072,0.00607524492079581,0.0221529689459507,PAX5,7,143
317,0.0056777353934142,0.00680611813721576,0.0940394099342159,NOTCH2,7,113
318,0.00573207658633729,0.00684965126669236,-0.0505819316895961,STMN1,7,216
319,0.00586832196834712,0.00699047757984923,-0.0412797953359345,FHIT,7,209
320,0.0060422799992859,0.00717520749915201,0.0390016029064597,CCL28,7,137
321,0.0068089416539769,0.0080604293723091,-0.0353571334694196,CD274,7,207
322,0.00704379272906682,0.0083125504256068,0.0342396570317061,CD83,7,138
323,0.0095141610105947,0.0111931306006996,-0.00694656428528001,AIRE,7,178
324,0.00990977252406343,0.0116225727134077,0.0130598352367635,IL5,7,150
1,0,0,6.20849602958151,CXCL6,8,1
2,0,0,4.0420854231074,SOX9,8,3
3,0,0,4.14271710476372,EPCAM,8,2
4,0,0,-1.89488723990359,MARCO,8,379
5,0,0,3.0378793623275,CXCL1,8,4
6,0,0,2.9675487496809,VEGFA,8,5
7,0,0,2.5095602856909,ERBB2,8,6
8,0,0,-1.04674935999695,CCL14,8,372
9,0,0,2.48338170117632,IL18,8,7
10,0,0,2.41799661687323,CCL28,8,8
11,0,0,-1.38563563555818,CCL16,8,375
12,0,0,-0.824751311237975,CXCL14,8,367
13,0,0,2.28956423686756,ANPEP,8,9
14,0,0,-0.709895574657004,FOXP3,8,362
15,0,0,-1.7578885648923,CD163,8,378
16,0,0,-2.35679498362338,APOE,8,380
17,0,0,1.89100781319364,LAMP2,8,11
18,0,0,1.90850599627861,ERBB3,8,10
19,0,0,1.79535222697539,CXCL5,8,12
20,0,0,1.60894074102124,NOTCH2,8,19
21,0,0,1.66582600640239,LIF,8,17
22,0,0,1.78772369754467,CCL2,8,14
23,0,0,1.68334511896613,CD47,8,15
24,0,0,-0.78124087252384,G0S2,8,365
25,0,0,1.67834287068316,SMAD3,8,16
26,0,0,-0.635782560366048,FLT1,8,353
27,0,0,1.79442682115261,IGKC,8,13
28,0,0,1.56334207012007,NCEH1,8,20
29,0,0,1.62888192749209,TC2N,8,18
30,0,0,-1.00396089840609,C1QB,8,370
31,0,0,-1.59968650800166,CXCL12,8,377
32,0,0,-0.32175488976554,ESR1,8,313
33,0,0,1.496102727315,MET,8,21
34,0,0,-1.47052285267195,ARG1,8,376
35,0,0,1.39356682190682,TMPRSS2,8,22
36,0,0,1.33008580034447,STAT1,8,24
37,0,1.1125369292536e-308,-0.187587146155506,IL13RA2,8,273
38,1.11253693558586e-308,1.11253699257624e-308,-0.319368158569749,FEZ1,8,311
39,1.11253696499307e-308,1.11253727748436e-308,-0.646777727390404,CMKLR1,8,355
40,1.00519603342408e-307,9.54936231752912e-307,1.39092626950753,TP53,8,23
41,3.07742977321342e-287,2.85225198492937e-286,-1.09309862992379,ITGA1,8,373
42,2.13478818728291e-280,1.9314750265894e-279,1.28047568534659,EGFR,8,26
43,8.5381024342248e-264,7.54529982559429e-263,-1.02276408016434,IL10RA,8,371
44,1.72139960865447e-261,1.48666329838332e-260,1.24074547449027,TUBB,8,27
45,3.23871231612008e-250,2.73491262250137e-249,-0.686842899149123,PLA2G7,8,359
46,3.14769645641025e-248,2.60027098573011e-247,-0.727965138781377,CD68,8,363
47,3.75299099909018e-244,3.03433314820056e-243,1.31942704747533,CCND1,8,25
48,4.5963432788002e-232,3.63877176238338e-231,1.09812887698105,CD276,8,30
49,6.77600389931398e-230,5.25486016681468e-229,-0.612483659891717,FCMR,8,351
50,1.64294826615518e-228,1.24864068227793e-227,1.10650831256854,IL1RAP,8,29
51,4.56535753441307e-228,3.40163894720983e-227,-0.384010591010343,FABP3,8,328
52,1.889005193298e-212,1.38042687202546e-211,1.01233799507071,VCAN,8,32
53,1.62540630952415e-206,1.16538565588523e-205,1.09358979241922,NF1,8,31
54,1.6700209308637e-201,1.17519991431147e-200,0.809696676441325,NCAM1,8,39
55,5.87252403043945e-183,4.05738023921278e-182,0.993650484824265,SPON2,8,33
56,8.24893719648188e-180,5.59749309761263e-179,-0.775848723368799,IL2RG,8,364
57,3.39612405825207e-176,2.26408270550137e-175,-0.414535838595951,CCL21,8,333
58,1.73281420635375e-175,1.13529206623175e-174,0.79019029848515,ADAM28,8,41
59,7.66408682390635e-174,4.93619151370251e-173,-0.37032175811458,PDCD1LG2,8,325
60,1.42584889769932e-173,9.03037635209557e-173,0.928925411747037,BCL2,8,34
61,1.12317924580863e-172,6.99685431815198e-172,-0.817278528939776,CD4,8,366
62,2.15975944927642e-170,1.3237235334275e-169,-1.23071833745595,A2M,8,374
63,3.83747927929658e-170,2.31467004148047e-169,0.869997811866519,HLA-B,8,37
64,4.15720802825245e-168,2.46834226677494e-167,-0.406161377938161,SAMD3,8,331
65,1.79188091388231e-167,1.0475611496543e-166,-0.640353658614492,CD3E,8,354
66,6.26909427163275e-167,3.609478520031e-166,-0.424684008418891,PDGFRA,8,334
67,1.826515097944e-166,1.03593393614736e-165,-0.878211958899605,MPEG1,8,369
68,4.26813194515199e-164,2.38513255758499e-163,-0.866478832808481,DCN,8,368
69,3.7264450294627e-160,2.05224508868965e-159,0.839871541209424,HIF1A,8,38
70,4.22500369881728e-158,2.29357343650082e-157,0.907100571538992,CSF1,8,36
71,4.45304540305415e-156,2.383320074874e-155,1.12890998376948,IGHG1,8,28
72,3.96236453629191e-152,2.09124794970956e-151,0.731963696656924,JUN,8,47
73,1.15535998397793e-148,6.01420265632349e-148,-0.513373120337579,CD14,8,342
74,4.18549116423141e-148,2.14930627352423e-147,-0.361170000745605,CCL15,8,323
75,4.49521717677246e-146,2.27757670289804e-145,-0.664311346922326,ISG15,8,357
76,1.15103404289396e-144,5.75517021446972e-144,-0.630828521715883,KLRK1,8,352
77,3.20873239794876e-140,1.58353027431242e-139,-0.678238940612499,PTPRC,8,358
78,1.59818608177147e-139,7.78603475734826e-139,-0.406945859302286,CD247,8,332
79,1.25585607390642e-138,6.04082668461328e-138,-0.562001808853699,VSIG4,8,348
80,6.02808987176432e-134,2.86334268908799e-133,-0.326610901051487,CD28,8,316
81,1.40474838747158e-133,6.59017762023691e-133,-0.687010463143214,CTSB,8,360
82,5.0385702727371e-129,2.33494719956111e-128,-0.206915220310964,TNFRSF13C,8,279
83,3.06332599363857e-128,1.40248659949714e-127,-0.556149194459105,CD38,8,347
84,8.2787670047195e-128,3.74515650213498e-127,0.927513034247249,SDC1,8,35
85,1.08347794400505e-127,4.84378374966956e-127,0.62025154578332,RNF43,8,53
86,7.54963703342942e-124,3.33588613105014e-123,0.491595758011597,CXCL3,8,66
87,1.32531166024295e-123,5.7887175964634e-123,-0.434093290610039,LCK,8,337
88,2.93936279925899e-123,1.26927029968002e-122,-0.265613837288968,SPARCL1,8,300
89,8.06743354339077e-121,3.44452218706579e-120,-0.691865259614247,FCGR3A,8,361
90,1.32152216857789e-120,5.57976026732881e-120,0.721008183006624,CDKN1A,8,48
91,1.46076668343591e-120,6.09990483193036e-120,-0.207982234948995,IL2RA,8,280
92,5.56180392455452e-120,2.297266838403e-119,0.702677676792333,CDK6,8,50
93,3.61268262902388e-119,1.47614989142913e-118,0.745575325670488,BRAF,8,46
94,7.57519817207073e-118,3.06231415466688e-117,-0.550377263131768,JAK3,8,346
95,1.33394556032203e-117,5.33578224128812e-117,-0.312314611831922,CCL19,8,308
96,2.38778712241896e-117,9.45165735957524e-117,-0.40522426611664,CTSL,8,330
97,7.313841179104e-116,2.86521613202019e-115,0.626079407596604,ITGAM,8,52
98,2.5473179326269e-115,9.87735524896155e-115,0.772100998256674,IL4R,8,44
99,7.91582089568478e-111,3.03839589935379e-110,0.751506142515776,KMT2C,8,45
100,3.25988113232058e-110,1.23875483028181e-109,0.80779932674076,C1QBP,8,40
101,9.62971818459585e-110,3.62306228727364e-109,-0.648612493380147,CD2,8,356
102,4.09346268934305e-108,1.52501551171604e-107,-0.604038069498525,FCGR2B,8,350
103,5.86639001135228e-108,2.16429922748921e-107,-0.428208962597699,NKG7,8,336
104,8.36013858530723e-107,3.05466602155457e-106,-0.332362127212635,CD27,8,317
105,5.20626995195977e-106,1.88417388737593e-105,0.702823418608588,CXCL11,8,49
106,1.02279506886626e-104,3.66662383178466e-104,0.780878496278548,CTNNB1,8,43
107,2.048078751311e-104,7.27355070559046e-104,-0.265073349574186,GATA3,8,298
108,4.44361611039183e-104,1.5634945573601e-103,-0.256600013795021,CD80,8,294
109,6.53757946568116e-102,2.27915614399895e-101,0.786963801942245,STAT6,8,42
110,1.22638186037756e-99,4.23659188130424e-99,-0.528121597446515,SPARC,8,343
111,1.07812212012537e-98,3.69086851934812e-98,0.55993618984968,EPOR,8,58
112,2.07718692843957e-96,7.04759850720576e-96,-0.4822813743458,IL2RB,8,341
113,1.84579542560852e-95,6.20709966133835e-95,-0.332932454160627,GZMK,8,318
114,4.63221611459327e-95,1.54407203819775e-94,-0.267408061903505,PRF1,8,301
115,8.01651994207188e-95,2.64893702433681e-94,-0.434189721639588,GZMA,8,338
116,8.57751342224917e-94,2.8098750865989e-93,-0.37103121091527,IL7R,8,326
117,4.35527518121761e-91,1.41453381954078e-90,0.564439516014488,STMN1,8,57
118,1.82313912380082e-90,5.87112599190091e-90,-0.392299774971134,CD3D,8,329
119,1.45157656721821e-89,4.63528651716734e-89,-0.287571151590571,ID1,8,303
120,2.17277208772304e-89,6.88044494445636e-89,0.356771371355482,IL23A,8,85
121,2.06241670727085e-88,6.47701114680107e-88,-0.296616159257085,SLC1A3,8,305
122,2.89949063923697e-88,9.03120035172181e-88,-0.447454176306933,CCR1,8,339
123,4.61222170638384e-88,1.42491402311047e-87,-0.359005567069982,TIGIT,8,321
124,3.82744641263244e-87,1.17292712645189e-86,-0.192328158088375,FCRL3,8,274
125,8.16254189872809e-87,2.48141273721336e-86,-0.183262509095635,DERL3,8,272
126,9.12232955832447e-87,2.75117875568514e-86,-0.542106593028034,CSF1R,8,344
127,2.38604602110374e-85,7.13935029936553e-85,-0.272093984453409,LAG3,8,302
128,2.1340060343136e-80,6.33533041436844e-80,0.536668699354286,CDK4,8,60
129,2.34713106221793e-80,6.91402948560329e-80,0.552901450089674,LTB,8,59
130,4.76333845536781e-80,1.39236047156904e-79,0.482939980007926,IL15RA,8,70
131,6.98530454607688e-80,2.02627154771696e-79,0.406222667298381,CCL20,8,75
132,2.63203013802003e-79,7.57705645793648e-79,0.637242759568996,ARID1A,8,51
133,3.24415035532468e-78,9.26900101521348e-78,-0.235787293501285,GPR171,8,289
134,9.20079413187002e-77,2.6091804254557e-76,-0.373170764677205,LILRB2,8,327
135,1.50428120001753e-75,4.23427300745673e-75,-0.325079885762616,CCL4,8,314
136,1.04807688318469e-73,2.92845011478074e-73,-0.589910587072449,TNFRSF1B,8,349
137,1.19755291576206e-73,3.3216796203619e-73,-0.288790371994791,TCF7,8,304
138,1.07147305498829e-72,2.95043304996774e-72,-0.203290616175144,CST7,8,276
139,4.71990045978913e-72,1.29033249979845e-71,-0.32608984034207,KLRB1,8,315
140,2.80784530580112e-71,7.62129440146018e-71,-0.362192532344039,CD86,8,324
141,3.19462175332595e-67,8.60961890967276e-67,-0.102644237503511,CD19,8,246
142,1.50994267330487e-65,4.04069166095672e-65,-0.263004058599335,CXCR6,8,296
143,1.93705352528672e-65,5.14741496230044e-65,0.464982024606064,ACTB,8,71
144,3.07408969194775e-65,8.11218113152877e-65,0.298051210740979,CDKN2B,8,93
145,2.2117131292791e-64,5.79621371811073e-64,0.611100693354117,IFNAR1,8,54
146,2.99612283164306e-64,7.79812791797512e-64,0.600782632523445,ID2,8,55
147,1.11602507070011e-63,2.88496276779623e-63,-0.31459605720978,SELL,8,310
148,1.66675024935199e-63,4.27949388347132e-63,-0.255077229398031,PLEK,8,293
149,2.14596936393907e-63,5.47294200199233e-63,-0.252888445791649,FASLG,8,292
150,6.50947751365569e-63,1.64906763679277e-62,-0.337978805529781,CCL5,8,319
151,1.86497773055224e-62,4.6933214411248e-62,-0.204062858023695,EOMES,8,277
152,6.81806179593389e-62,1.70451544898345e-61,-0.192658417817486,KLRF1,8,275
153,2.06645693531182e-61,5.13237670208165e-61,-0.360109814822706,ENTPD1,8,322
154,1.84059446668367e-60,4.54172660610253e-60,-0.424974820662551,LUM,8,335
155,2.88778244229998e-59,7.07972469725153e-59,0.533247940187364,ARPC5,8,61
156,5.88779858841106e-59,1.43420734845912e-58,0.399292206703626,GLIPR2,8,78
157,6.06791830439541e-59,1.46866812463073e-58,-0.261418832870347,MZB1,8,295
158,1.64333179874223e-58,3.95231698431672e-58,-0.155123808774836,MS4A1,8,266
159,2.25182272320536e-58,5.38171468439014e-58,-0.133667098647901,CCR4,8,257
160,5.11567377714114e-58,1.21497252207102e-57,0.581572888354176,IL1R1,8,56
161,6.11213387583657e-58,1.44261544895523e-57,-0.217662819435398,TRAT1,8,281
162,1.67359124232334e-56,3.92570785236338e-56,0.488409835664324,SYK,8,68
163,1.86783667231322e-56,4.35446586183448e-56,-0.320248510990915,CLEC12A,8,312
164,1.910105012295e-56,4.42585307726892e-56,0.351100387322736,FHIT,8,88
165,3.72739857280094e-56,8.58431186463252e-56,0.530106121800594,ICAM1,8,62
166,1.12843102492611e-54,2.58315535826459e-54,-0.246980869840296,IRF4,8,291
167,2.31361867951588e-54,5.26452154620379e-54,-0.167525502232874,TBX21,8,268
168,2.32827754334466e-53,5.26634206232723e-53,-0.229417189226442,KLRD1,8,285
169,2.5166875048434e-53,5.65882397538753e-53,-0.138193894851182,NELL2,8,259
170,2.95278654100347e-52,6.60034638577243e-52,-0.0751827349204895,GATA2,8,228
171,1.35307497580429e-51,3.00683327956509e-51,-0.313653045725497,HAVCR2,8,309
172,2.34763823570063e-51,5.18664261375724e-51,0.516388429046628,TXLNA,8,64
173,5.14394670071163e-51,1.12988424639909e-50,-0.0946776376377865,CD40LG,8,239
174,8.38855406697604e-51,1.83198307209822e-50,-0.451032390725497,CD8A,8,340
175,4.61880396435504e-50,1.00294028940281e-49,-0.0599721937426519,PAX5,8,217
176,3.43071555604644e-49,7.40722676873663e-49,0.489123207118411,CDK12,8,67
177,2.83496906989069e-48,6.08637427434157e-48,0.368603432100395,IL15,8,83
178,6.49319018888234e-48,1.38618666953669e-47,0.374957478406536,FADD,8,82
179,7.25436110220952e-46,1.54003196583218e-45,0.356294129339056,CDK2,8,86
180,4.72663151012747e-45,9.97844429915799e-45,-0.0976430029686761,CXCR3,8,242
181,4.93133843686541e-45,1.03530862210434e-44,0.51915723576738,IRF1,8,63
182,1.46645174545112e-44,3.06182232566717e-44,-0.546166582588572,IGFBP7,8,345
183,2.32871221221678e-42,4.83557727126981e-42,0.484573645884132,JAK1,8,69
184,4.60000681957489e-42,9.50001408390469e-42,-0.235647082378406,CD8B,8,288
185,4.97387220855375e-42,1.02166023743266e-41,-0.13561545696992,TNFRSF17,8,258
186,6.03346711328521e-42,1.23264381884321e-41,-0.297642749218071,IGHM,8,306
187,2.46416859220192e-41,5.00740141730872e-41,0.493688810980631,ACTA2,8,65
188,5.00632275881482e-41,1.01191630231364e-40,-0.232897278228288,GPR34,8,286
189,1.80298108636518e-40,3.62504133766543e-40,0.358175899470826,RORC,8,84
190,1.92907618769605e-40,3.85815237539211e-40,-0.0763275231756684,SOX17,8,230
191,1.21830315628062e-39,2.42384921144834e-39,-0.0514653145931293,FCER2,8,209
192,8.33126210594463e-39,1.64889562513489e-38,-0.138762102179388,GZMH,8,260
193,1.37722184170976e-38,2.71162849663062e-38,-0.0993504454722009,BANK1,8,244
194,3.08207435475399e-38,6.03705285982745e-38,-0.1310733742383,CTSW,8,254
195,3.01798371509919e-36,5.88119903455223e-36,-0.114381820856774,LILRA5,8,249
196,8.26286388007918e-36,1.60198381348473e-35,-0.0903000176678112,IL10,8,237
197,1.1204154285752e-35,2.16120742567806e-35,0.404745340599109,KRAS,8,76
198,6.1827817003923e-34,1.18659446775205e-33,0.429201438910667,IFIT3,8,73
199,9.81829486014424e-34,1.87485027480143e-33,-0.0840729024028007,GNLY,8,235
200,1.19306344893417e-33,2.26682055297494e-33,-0.235254247287745,CXCR2,8,287
201,1.55375551412086e-33,2.93744823565138e-33,0.402851910795717,AKT1,8,77
202,3.42877676049354e-33,6.45017410389874e-33,0.458520430458318,IGHG3,8,72
203,4.26134631811721e-33,7.97690443785491e-33,-0.0597097822936172,CD79B,8,216
204,8.47677057635585e-33,1.57900628383099e-32,0.126846612757959,AREG,8,120
205,2.70756385450877e-32,5.01889885226018e-32,-0.101010971096069,CCL3,8,245
206,2.76184558239551e-32,5.09466660830237e-32,-0.346216726910623,AIF1,8,320
207,1.32897001118691e-31,2.43965509300012e-31,0.376919748066505,ARPC3,8,81
208,1.65225326975624e-31,3.01853962743929e-31,-0.0642907055599955,CXCR5,8,218
209,1.67923729820132e-30,3.0531587240024e-30,0.119328676567252,DMBT1,8,123
210,2.25019123979703e-30,4.07177462439464e-30,0.391149863796634,PSMB10,8,80
211,2.6659262715995e-30,4.80119423321236e-30,0.223026717852435,IRF3,8,104
212,3.26881893751756e-30,5.85920375592772e-30,0.352720398484297,IFITM3,8,87
213,5.02463628294893e-30,8.9641398475145e-30,0.397495136432348,SSR4,8,79
214,1.81921208550219e-29,3.23037660042444e-29,0.271048875554844,IDO1,8,99
215,3.90037026745714e-29,6.89367768201732e-29,-0.0556796910044215,CCR7,8,212
216,5.12783860203373e-29,9.02119754061492e-29,0.426561184767501,S100A9,8,74
217,1.25660016444148e-28,2.20049798381458e-28,-0.121635319622468,LILRB4,8,252
218,1.36025831458852e-28,2.3710924749708e-28,0.284445647336425,CD40,8,96
219,2.90873135486875e-28,5.04711376643894e-28,-0.152160307777911,SOCS3,8,265
220,3.41360541269051e-28,5.89622753101089e-28,-0.0665127061777767,CCL8,8,219
221,3.89990166128628e-28,6.70571326375016e-28,-0.0527702156128623,CHIT1,8,211
222,5.84785285844839e-28,1.00098382261729e-27,0.313036092269499,IFIT2,8,92
223,6.85079540847675e-28,1.16740011444895e-27,-0.308131404788124,CTSS,8,307
224,1.36305575727547e-26,2.3123267310923e-26,0.153129854196463,CX3CR1,8,114
225,1.42948307665522e-26,2.4142380850177e-26,0.147937316719623,FCER1A,8,117
226,1.6961566726314e-26,2.85194484778731e-26,0.334849837729444,SOS1,8,90
227,7.88758245515296e-26,1.32038825240447e-25,0.324264274190719,FAS,8,91
228,2.10353730708599e-25,3.50589551180997e-25,0.127206629294935,CDKN1C,8,119
229,3.66120956361961e-24,6.07536958155222e-24,0.296719507490615,RB1,8,94
230,1.29524294062452e-23,2.13996659755356e-23,-0.132269420022513,CTLA4,8,255
231,4.84663854073478e-23,7.97282530510482e-23,-0.0982076729376475,CD83,8,243
232,6.25155602166946e-23,1.02396176217e-22,0.263257733787163,PIK3CA,8,100
233,1.20651314735537e-22,1.96770384547227e-22,0.348670627861208,IGHG4,8,89
234,2.0766150637256e-22,3.37228087271678e-22,0.155680731045535,NOTCH3,8,112
235,6.90936422209578e-21,1.11725889548783e-20,-0.265448983409489,CORO1A,8,299
236,2.08562679304274e-19,3.35821263286542e-19,-0.178163074420058,ICOSLG,8,271
237,2.75046897856934e-19,4.4100346491829e-19,-0.117685366640349,TNFRSF9,8,251
238,9.16891246318716e-19,1.46394400672736e-18,-0.0972666000963175,CD79A,8,241
239,4.89880271806188e-18,7.78889135089339e-18,-0.239190684422554,ITGAX,8,290
240,1.18514956618837e-17,1.87648681313158e-17,-0.0737900478867616,SOCS1,8,227
241,1.27166998953953e-17,2.00512280508308e-17,0.116961253987184,ACE2,8,124
242,2.57224606545635e-17,4.03906406972486e-17,0.278860978770066,CXCL10,8,98
243,1.76455189099501e-16,2.75938155793457e-16,-0.0252694336192361,MMP9,8,192
244,1.86138061787481e-16,2.89887145406733e-16,-0.204893948687017,DGKA,8,278
245,2.08221277516797e-16,3.22955450842379e-16,-0.116487845807093,CCR5,8,250
246,2.56744464302474e-16,3.96597139979431e-16,0.0856783216819719,MCEMP1,8,128
247,2.88214305260095e-16,4.4340662347707e-16,0.29195909573542,TUBA1B,8,95
248,3.12210361470231e-16,4.78386844188257e-16,-0.227973111426618,NT5E,8,284
249,7.56716034811993e-16,1.15482768364882e-15,-0.16871475889153,RUNX3,8,269
250,7.61428624592332e-15,1.15737150938034e-14,0.156336552244896,SOCS2,8,111
251,1.28009124530045e-14,1.93798674587319e-14,-0.220528028977006,JAK2,8,282
252,2.37331900024491e-14,3.57881436544868e-14,0.245085062905303,IRF2,8,103
253,5.22124605802231e-14,7.84218775513232e-14,0.0696669073757861,CEACAM6,8,133
254,6.23272004669552e-14,9.32454180214291e-14,-0.128249954610076,TOX,8,253
255,8.18709604559593e-14,1.22003784208881e-13,-0.0695549443150872,CD37,8,221
256,1.22155940871554e-13,1.81325224731213e-13,0.125311509786375,JUNB,8,121
257,1.46032119769694e-13,2.15922978647797e-13,-0.264683024325298,CTSD,8,297
258,1.66010091607942e-13,2.44510987639604e-13,0.259503934554227,STAT3,8,101
259,2.03121450534247e-13,2.98016027810865e-13,0.0740541163303087,TFF3,8,130
260,2.41450607513375e-13,3.52889349442624e-13,-0.0670074787269683,KLRC1,8,220
261,3.87322424196096e-13,5.63917705726118e-13,0.280381760131517,IGHGP,8,97
262,4.62214631902481e-13,6.70387634057034e-13,-0.0732345623550478,CCL3L1,8,226
263,4.94563466662624e-13,7.14578392896569e-13,0.0898138952746141,PLD4,8,126
264,9.66397374693223e-13,1.39102652417964e-12,-0.0911541261462235,PLVAP,8,238
265,1.97233807175185e-12,2.82825836704038e-12,-0.072165783036678,GZMB,8,225
266,2.05403832070277e-12,2.93434045814681e-12,0.056822685845257,ERBB4,8,137
267,2.83992110522956e-12,4.04183528085106e-12,-0.0777892128640055,IGLC3,8,231
268,3.24898858331935e-12,4.60677485694534e-12,0.249668763231961,IFNGR1,8,102
269,3.40290706958898e-12,4.80708061875023e-12,-0.0433462550344363,IL12RB2,8,204
270,9.11881866555331e-12,1.28338929367047e-11,0.0636633957101994,CXCL2,8,136
271,9.70968282056162e-12,1.36150534015255e-11,0.214047418921451,CDKN1B,8,105
272,1.13428431785221e-11,1.58466191464648e-11,-0.0372117860707797,TCL1A,8,200
273,3.67235466512525e-11,5.1117024642769e-11,-0.132936466219861,FGR,8,256
274,6.94711662267256e-11,9.63468728691815e-11,0.151089816255868,CENPV,8,115
275,1.84029141518014e-10,2.54294813733983e-10,-0.0966997680319716,FCGR1A,8,240
276,2.46895252078509e-10,3.39928245615338e-10,0.0715512608659665,CDKN2A,8,131
277,4.29788838394456e-10,5.89602016570012e-10,-0.0301216120843199,CCL13,8,196
278,2.38593853077176e-09,3.26135482623479e-09,-0.0595244697812064,P2RX1,8,215
279,2.47844321814661e-09,3.37565742973374e-09,-0.0250405576313859,EPO,8,191
280,3.52567723497838e-09,4.78484767604209e-09,-0.0479738767842154,DUSP2,8,207
281,3.56039248837248e-09,4.81476564263894e-09,-0.0440446206134001,PDCD1,8,205
282,5.45970041043965e-09,7.3570431062662e-09,0.210223500312985,LAMP1,8,106
283,5.60785169167638e-09,7.52997753652659e-09,0.207984612677955,PTEN,8,107
284,6.25910056769626e-09,8.37485287226965e-09,-0.222820292511147,C1R,8,283
285,6.84808320561839e-09,9.13077760749118e-09,-0.0526803217930511,ID4,8,210
286,2.6199162414061e-08,3.48100759347663e-08,-0.108158855921252,ANXA1,8,247
287,3.08084570529277e-08,4.07916852965593e-08,0.077655551749187,CD1C,8,129
288,3.69041132275288e-08,4.86929271752116e-08,0.0663596680962896,SPIB,8,135
289,5.5699133969883e-08,7.32376156005382e-08,-0.0715834912549491,CD274,8,223
290,1.09658506850803e-07,1.43690457252777e-07,0.15427691217648,CD44,8,113
291,1.65254533802645e-07,2.15796298436443e-07,-0.16131487467587,IRF8,8,267
292,1.80902373029141e-07,2.35420896407787e-07,-0.0118626028353584,AIRE,8,176
293,2.75005080334669e-07,3.56661878932335e-07,-0.14586239309225,FKBP11,8,262
294,3.11793572816785e-07,4.02998495477477e-07,0.160361372916019,STAT5B,8,110
295,5.2981115863017e-07,6.8246861111683e-07,0.0478053467151089,CXCR1,8,140
296,6.06005378788102e-07,7.77979878173914e-07,0.18297196945988,IQGAP2,8,109
297,6.13868559023316e-07,7.85421051949024e-07,-0.0324988309772444,GPR183,8,199
298,7.67965765123551e-07,9.79285203848823e-07,0.183388829068294,XBP1,8,108
299,1.51700833151654e-06,1.92797045477019e-06,0.148540396921995,VSIR,8,116
300,2.56724076677336e-06,3.25183830457959e-06,-0.03047335496415,HPGDS,8,197
301,4.69336618549263e-06,5.92517990195082e-06,-0.146416990398113,CXCL9,8,263
302,5.97103568973775e-06,7.51322371556405e-06,-0.150359950488733,MYD88,8,264
303,7.57737535414873e-06,9.50297899200172e-06,-0.174620576007551,FN1,8,270
304,9.39461325833438e-06,1.1743266572918e-05,-0.0446390006596103,LILRA4,8,206
305,1.70155028023007e-05,2.11996428356533e-05,-0.0716838386090174,MGP,8,224
306,1.7329305148405e-05,2.15200521450781e-05,-0.0403585972500759,S100B,8,203
307,2.81689007521618e-05,3.48670432762914e-05,-0.0870805841552996,LY6E,8,236
308,3.78552055984758e-05,4.67044744396779e-05,-0.0508101173565885,RGS1,8,208
309,3.8912771168687e-05,4.78538933466054e-05,0.136353491583137,CD74,8,118
310,5.44455156636693e-05,6.67396643619173e-05,-0.140692308283763,ATM,8,261
311,9.16235453320747e-05,0.000111951598798033,-0.0395254044751069,FLT3LG,8,202
312,9.67827301599674e-05,0.000117876402117909,0.0305007998203183,MUC5AC,8,144
313,9.82200536889119e-05,0.000119244793615931,0.0468194898045827,LAMP3,8,141
314,0.00011125028060974,0.000134634097553188,-0.0202572317300635,IL6,8,189
315,0.000116867185408302,0.000140982636365571,-0.025863239900035,CCR6,8,194
316,0.000208564228961696,0.000250805085460268,0.123385601982749,TGFB1,8,122
317,0.000276982056017041,0.000332028963048818,-0.0253581929058047,BATF3,8,193
318,0.000327979671271683,0.000391925393343521,0.0388781332797994,IL1B,8,143
319,0.000499368495963089,0.000594859023404307,0.0937657821855198,CEACAM1,8,125
320,0.000647645746616098,0.000769079324106616,-0.0755831043490611,RGS5,8,229
321,0.000818687404122506,0.000969162659085833,-0.012288440647058,MMP12,8,177
322,0.000956567905690365,0.0011288689570259,0.0665701987656504,CCR2,8,134
323,0.000991081026750772,0.00116597767853032,0.0203308261149978,FOS,8,148
324,0.00100702025266068,0.0011810731358366,-0.0823237829090294,MIS18BP1,8,233
325,0.00170384254455468,0.00199218512901778,-0.111831731030902,STAT2,8,248
326,0.00183783059671459,0.00214225652377774,-0.0825756491456742,FCGR2A,8,234
327,0.00210230715844145,0.00244304807402982,0.0547398208647555,NOD1,8,138
328,0.00293408359992549,0.00339924319503562,-0.013196959057043,PGA5,8,180
329,0.00386751666236752,0.00446704052188346,-0.0160965725278774,CCL11,8,184
330,0.00733727481384613,0.00844898311897433,-0.00861423036995014,CDX2,8,171
331,0.00787438279847163,0.00904007692875897,-0.0395202068820257,CXCL13,8,201
1,0,0,6.22822037962108,IGHGP,9,1
2,0,0,6.1856976654045,IGHG2,9,2
3,0,0,4.63271429122106,IGHG1,9,6
4,0,0,5.12966677862613,IGHG3,9,3
5,0,0,3.94201827387626,IGKC,9,9
6,0,0,5.05914606757001,IGHG4,9,4
7,0,0,4.85726048689429,JCHAIN,9,5
8,0,0,4.58081814917299,MZB1,9,7
9,0,0,3.31544053471219,SSR4,9,11
10,0,0,4.16063281187909,IRF4,9,8
11,0,0,3.69999738957393,CD38,9,10
12,0,0,-1.66669374597853,CCL16,9,373
13,0,0,-2.1681116611085,ARG1,9,378
14,0,0,3.06581372013751,FKBP11,9,13
15,0,0,-1.24433301918044,ERBB3,9,366
16,0,0,3.14833510750337,DERL3,9,12
17,0,0,-1.95498712502824,ANPEP,9,376
18,0,0,2.65691865845753,TNFRSF17,9,15
19,0,0,-2.22536801013659,CCND1,9,379
20,0,0,-0.915428311949684,EGFR,9,353
21,0,0,-0.889720837944414,CEACAM1,9,349
22,0,0,-1.10030547531367,NT5E,9,360
23,0,0,-2.52500202676552,C1S,9,380
24,0,0,-0.746769175596792,TMPRSS2,9,344
25,0,0,-0.736221413193655,FOXP3,9,341
26,0,0,-0.675682592956236,RORC,9,335
27,0,0,2.16475709724935,CD27,9,16
28,0,0,-1.38715870807251,ID2,9,371
29,0,0,2.78752342827992,IGHM,9,14
30,0,0,-2.1000436340832,ACTB,9,377
31,0,0,-0.518330938956787,CCL15,9,316
32,0,0,1.92896581300038,TNFRSF13C,9,17
33,0,0,-1.60420670502943,FN1,9,372
34,0,0,-0.773423843278413,IL1RAP,9,345
35,0,0,-1.90873844766791,IFITM3,9,375
36,0,0,-0.94900745079025,CCL14,9,354
37,0,0,1.81366898609796,CCR2,9,18
38,0,0,-0.455166383085501,ID1,9,310
39,0,0,-1.03689589581188,ERBB2,9,358
40,0,0,-0.335121848247693,RNF43,9,286
41,0,0,1.66614683018254,SDC1,9,19
42,0,0,-1.20737298385224,IFIT3,9,364
43,0,0,-1.76078506281924,C1R,9,374
44,0,0,-0.736872386834819,MET,9,342
45,0,0,-0.978363577698862,ISG15,9,355
46,0,0,-1.27200559539947,ITGA1,9,367
47,0,0,-0.899464126386431,IL4R,9,352
48,0,0,1.37597722066518,CD79A,9,22
49,0,0,1.57136841225498,PRDX4,9,20
50,0,0,1.50223726122652,SYK,9,21
51,0,0,-1.33504686694548,STAT6,9,369
52,0,0,1.37527153421863,IGLC3,9,23
53,0,0,-1.38240698293492,LAMP2,9,370
54,1.11253692925894e-308,1.11253692929116e-308,1.20049606747374,ADAM28,9,26
55,9.39982211696658e-303,6.49442255354066e-302,-1.1560209284305,IFNGR1,9,363
56,3.28174538138968e-295,2.22689865165726e-294,1.31613906564345,ATM,9,24
57,1.48937158063162e-291,9.92914387087739e-291,-1.08097796033991,MYD88,9,359
58,9.31783411776533e-273,6.10478787025995e-272,-0.639632324871886,IFIT2,9,331
59,2.61316801640873e-271,1.68305736650057e-270,-1.1423298542974,MARCO,9,362
60,1.23628999004549e-267,7.82983660362175e-267,0.973794146092276,P2RX1,9,30
61,1.00999912592167e-263,6.29179783361064e-263,-0.663633513601756,G0S2,9,333
62,1.31200545078846e-253,8.04132373063903e-253,-1.3264011837681,APOE,9,368
63,1.08754245633559e-250,6.5597798953579e-250,1.24279977388045,IL2RG,9,25
64,1.68521203778935e-247,1.00059464743745e-246,-0.60738252255039,CD276,9,328
65,1.53075484209966e-243,8.94902830765974e-243,-1.10561974185156,IQGAP2,9,361
66,4.62590382630109e-236,2.66339917271868e-235,-0.684194062115395,SMAD3,9,336
67,1.55201083980653e-234,8.80244953920082e-234,1.16469624622211,CDKN1B,9,28
68,1.67029142683153e-228,9.33398150288178e-228,1.18321786303727,XBP1,9,27
69,2.21214554017372e-227,1.21828305111013e-226,-0.44476051486262,CENPV,9,307
70,7.60659928181271e-223,4.12929675298405e-222,0.808130919989034,CD19,9,32
71,3.96386003374602e-220,2.12150255327248e-219,-0.861259760648894,CTSB,9,348
72,1.93050011813431e-218,1.01887506234863e-217,-1.21219791778352,A2M,9,365
73,1.70162351167626e-208,8.85776622516413e-208,-0.420273178970766,STAT4,9,305
74,3.92804661245677e-203,2.01710501720753e-202,-0.649253628273971,CXCL10,9,332
75,6.73434228613486e-200,3.41206675830832e-199,-0.896454817944422,NOTCH1,9,350
76,6.15570008846148e-195,3.07785004423071e-194,-0.590942064584765,CSF1,9,325
77,6.90941928478345e-190,3.40984328339971e-189,1.0242404371509,VSIR,9,29
78,2.15953834718399e-189,1.05208278452554e-188,-1.03681662536074,CD163,9,357
79,2.28836724544702e-189,1.10073361173403e-188,-0.291760339202917,CEACAM8,9,277
80,5.09018295029998e-188,2.41783690139243e-187,-0.506562574731916,FLT1,9,314
81,3.18488954546546e-182,1.49414571268747e-181,-0.898116309185783,IL1R1,9,351
82,3.19138260026271e-174,1.47893340012175e-173,-1.01317625715026,LAMP1,9,356
83,3.20782529138095e-171,1.46864290448762e-170,-0.704195843987718,CXCL9,9,338
84,9.36083442900209e-168,4.23466319407234e-167,-0.849630706670325,TNFRSF1B,9,347
85,2.80669971819304e-166,1.25475987401569e-165,-0.456728012032925,CDKN1A,9,311
86,8.17941620398156e-166,3.61416064827084e-165,-0.397062826002549,FGR,9,301
87,3.72086219309427e-164,1.62520417629403e-163,-0.708832941410404,PTPRC,9,339
88,8.23487250984072e-149,3.55596767470395e-148,-0.531374200125826,SPON2,9,318
89,3.99630781730532e-142,1.70628873098433e-141,-0.499922751696154,CD14,9,313
90,1.30604230850297e-139,5.51440085812357e-139,-0.29838073688036,PRF1,9,281
91,4.9392775039312e-134,2.0625554412021e-133,-0.392188076325563,LY6E,9,300
92,2.63920388338245e-132,1.0901059518319e-131,-0.537672474268685,VSIG4,9,319
93,7.59359949626706e-129,3.10276108449627e-128,-0.597339326737733,CORO1A,9,327
94,2.19824859617918e-127,8.88653687817112e-127,-0.157692430480051,IL13RA2,9,233
95,2.03127573290167e-124,8.12510293160669e-124,-0.54615973355428,ITGAX,9,320
96,8.69043668931695e-117,3.4399645228547e-116,-0.299008868519499,LAG3,9,282
97,3.79525698357573e-115,1.48680170490599e-114,-0.475048994317543,FCMR,9,312
98,3.01925269597342e-114,1.17073063721419e-113,-0.403331507549672,CTSL,9,303
99,6.37827081689665e-111,2.44822516204117e-110,-0.185170701857819,LIF,9,242
100,2.62692022554076e-110,9.98229685705482e-110,-0.58747615101428,NF1,9,324
101,1.06283542935478e-105,3.99878676390903e-105,-0.576988725134197,STAT5B,9,323
102,3.18709267559061e-105,1.18734825169062e-104,-0.741029000365986,CTNNB1,9,343
103,1.59704106544633e-103,5.89199616378266e-103,-0.788853561250991,STAT1,9,346
104,7.14199164421429e-97,2.60957387000138e-96,-0.284258010762314,ITGAM,9,274
105,9.12596510382814e-96,3.30273022805211e-95,-0.511103455704948,FAS,9,315
106,6.23526975277945e-95,2.23528538307186e-94,-0.613766074914926,MX1,9,329
107,8.59925052363298e-95,3.05393943829955e-94,-0.244825469733949,SOX9,9,260
108,1.68624296189312e-94,5.9330770881425e-94,0.82326047152098,IGFBP7,9,31
109,4.69441673452003e-94,1.63658565056663e-93,-0.377817282794302,HIF1A,9,296
110,1.91525058007793e-93,6.61632018572369e-93,0.721449464504665,LUM,9,33
111,5.789043608517e-92,1.98183474886168e-91,-0.421410721347376,TC2N,9,306
112,8.48621498528463e-91,2.87925151286447e-90,-0.337011441004459,CXCL11,9,288
113,1.18894823444843e-90,3.99823300080001e-90,0.678693567121429,FCGR2B,9,34
114,4.20526211761107e-88,1.40175403920368e-87,0.350624058903826,CD79B,9,44
115,5.78342142980491e-87,1.91104360289207e-86,-0.591578856166815,CD4,9,326
116,7.33197499667356e-87,2.40185387822067e-86,-0.688576968323762,CD47,9,337
117,3.04554655898447e-86,9.89151873858218e-86,-0.639390393580154,STAT3,9,330
118,6.89774228754983e-86,2.22130683836349e-85,-0.712297181981465,CTSD,9,340
119,9.52963875117638e-86,3.04307792054369e-85,-0.559903948753023,AKT1,9,322
120,1.47514949625664e-82,4.67130673814608e-82,-0.372416432371644,LILRB2,9,295
121,1.3465453563165e-80,4.228820127275e-80,-0.557730690133048,VEGFA,9,321
122,3.62485317206118e-80,1.12905262736333e-79,-0.39979168716559,GZMA,9,302
123,4.25940631112916e-80,1.3159141449017e-79,-0.315402839376018,CXCL16,9,284
124,5.20675200806588e-80,1.59561755085891e-79,-0.672533404217395,PTEN,9,334
125,3.60964875873276e-78,1.09733322265477e-77,-0.238379250809813,SOCS2,9,257
126,5.89035351686654e-77,1.77645582254704e-76,-0.261063540689861,KLRD1,9,268
127,1.11731191984995e-75,3.3431380278975e-75,0.557784831349653,MIS18BP1,9,35
128,1.72513857532975e-71,5.12150514551012e-71,-0.450137685279565,TUBB,9,309
129,2.08875762334987e-71,6.15292943312371e-71,-0.0648944869925848,IL22RA1,9,184
130,1.49198254815204e-70,4.36117975613669e-70,-0.129505320242433,CCL20,9,222
131,2.93572014882187e-70,8.51582943933066e-70,-0.355032278507399,NKG7,9,292
132,6.75682791825847e-70,1.94514743101381e-69,-0.312171145832586,CD247,9,283
133,9.21529674121877e-69,2.63294192606254e-68,-0.34859350367909,CD3D,9,290
134,1.70053804401816e-67,4.82242131885753e-67,-0.339873329676258,LCK,9,289
135,1.16037206846655e-64,3.26623248901694e-64,-0.0537537643970777,CXCL2,9,172
136,2.55667098763822e-64,7.14363952428322e-64,-0.100694509921149,ACE2,9,210
137,4.8367346408255e-63,1.34157603176182e-62,-0.20246073203708,EOMES,9,247
138,3.65892074528588e-62,1.00752890087582e-61,0.539453955166008,SOS1,9,36
139,3.79727769847363e-62,1.03810469454674e-61,-0.213168024952572,CD80,9,250
140,7.36618164418553e-60,1.99939216056464e-59,-0.251647425582811,CXCR6,9,264
141,3.88152116666228e-59,1.04608371867494e-58,-0.247163316584412,EPOR,9,262
142,4.1411883794354e-58,1.10820534097568e-57,-0.214644651219292,GATA3,9,252
143,1.2849687962943e-55,3.41460239574708e-55,-0.409572630446658,KLRK1,9,304
144,2.54391950277522e-55,6.71312091010125e-55,-0.522639061340216,HLA-B,9,317
145,1.08096637148314e-54,2.83287738733512e-54,-0.177721726698034,TNFRSF9,9,238
146,1.29607675680871e-54,3.37335046292679e-54,-0.203780705139604,GPR171,9,248
147,1.40332126438868e-54,3.62763320046054e-54,-0.192410771336106,FEZ1,9,245
148,1.34073963792972e-53,3.44243961090061e-53,-0.366524513936206,IL2RB,9,293
149,5.08914588610907e-53,1.2979029776654e-52,0.516152050326777,TXLNA,9,37
150,5.77937087515532e-51,1.46410728837268e-50,-0.272572066828465,CCL4,9,270
151,2.4380987846484e-50,6.13561283553903e-50,-0.297155911056084,CLEC12A,9,280
152,8.02001377808989e-49,2.00500344452247e-48,-0.181732011568304,CCR5,9,240
153,3.27437693049607e-48,8.13243943521901e-48,-0.253158324516187,SAMD3,9,267
154,8.27967784330773e-48,2.04303738990709e-47,-0.294867833498369,CCL5,9,278
155,1.29914708674453e-47,3.18500576105109e-47,-0.223268989523266,FASLG,9,255
156,1.43976531622618e-45,3.50712064208939e-45,-0.248025597743978,NCEH1,9,263
157,1.6939415434669e-44,4.09998590138486e-44,-0.322620390713537,CXCL14,9,285
158,9.43404708978393e-44,2.26894803425183e-43,0.268187437439711,CDKN2C,9,49
159,2.70282686676099e-42,6.45958622244761e-42,0.233366133147033,BANK1,9,54
160,6.38595038387931e-42,1.51666321617134e-41,-0.448598210279726,MPEG1,9,308
161,1.13575378558486e-41,2.68066110883384e-41,-0.20056862122569,JUN,9,246
162,6.83124360402163e-41,1.60239047501741e-40,-0.117535742608933,LILRA5,9,217
163,7.12262590417878e-41,1.66048947459382e-40,-0.246789099305027,CXCR2,9,261
164,1.28038356987624e-40,2.96674241800594e-40,-0.278509642129816,HAVCR2,9,272
165,1.91623061786729e-40,4.41313718054287e-40,-0.349670775718797,ICAM1,9,291
166,3.5348550003155e-40,8.09183674771018e-40,-0.291636384791213,CMKLR1,9,276
167,6.58230250201538e-40,1.49776943159631e-39,-0.130822499738873,CXCL1,9,223
168,7.21019823726868e-40,1.63087817271554e-39,-0.387548006986883,CD8A,9,299
169,8.51146948747601e-40,1.91382154156266e-39,-0.185696146293454,TRAT1,9,243
170,1.407492491485e-39,3.14615968684881e-39,0.37633036685736,ENTPD1,9,42
171,1.8257952247348e-39,4.05732272163287e-39,-0.113225894231105,GZMB,9,215
172,2.94963624506763e-39,6.51663821584713e-39,-0.178790990737481,SPARCL1,9,239
173,3.24769705103592e-38,7.13366982308473e-38,0.352770007674096,CDK6,9,43
174,7.94646774335848e-38,1.73543548418174e-37,-0.0842854911142648,GNLY,9,202
175,6.19782573909456e-37,1.34581358906053e-36,-0.252486747102065,RGS5,9,266
176,1.76771375427827e-35,3.81665469673717e-35,0.294503598543568,IRF5,9,47
177,3.10616230381163e-35,6.66859703643173e-35,-0.167053148137653,NOD1,9,235
178,8.86845851237111e-35,1.89326642398935e-34,-0.213863229942295,TCF7,9,251
179,9.08258370080419e-35,1.9281462605059e-34,-0.379019287222965,FCGR3A,9,297
180,1.11119111372755e-34,2.34584790675815e-34,0.46731154618039,DCN,9,38
181,2.11824878282452e-34,4.44715214073654e-34,-0.132032954535071,GZMH,9,224
182,6.71081296196465e-34,1.40115875030031e-33,-0.0941434107175429,KLRC1,9,205
183,8.2985303967963e-34,1.72319210425278e-33,-0.132235697567168,CCL28,9,225
184,1.4753286210028e-33,3.04687432598405e-33,-0.127540498068462,EPCAM,9,221
185,2.37885196749438e-33,4.88629052782628e-33,0.419194251188486,IRF1,9,39
186,9.54891484792841e-33,1.95085357108215e-32,-0.379821850402382,C1QBP,9,298
187,3.17359824667196e-32,6.44902317505534e-32,-0.229552389789947,CD40,9,256
188,5.06559131131511e-32,1.02389611611689e-31,-0.120977102045722,CTSW,9,219
189,6.39224828034547e-32,1.28521393996364e-31,-0.212019497417124,GZMK,9,249
190,3.17766097374925e-31,6.3553219474985e-31,0.334359479287086,FCGR2A,9,45
191,3.88487992497354e-30,7.72908047900491e-30,0.397565825122521,STAT2,9,40
192,1.03193023745152e-29,2.04236192828948e-29,-0.0946253241545101,NCAM1,9,206
193,1.50235251192041e-29,2.95799976440288e-29,0.390008913980367,IL10RA,9,41
194,6.04376739317204e-29,1.18383072649762e-28,-0.366901408712512,JAK1,9,294
195,3.82515013918756e-28,7.45413873277576e-28,-0.0353057386806878,EPO,9,158
196,1.16470659833166e-27,2.25810462941852e-27,-0.0564951406308734,CXCL3,9,175
197,2.89979027772775e-27,5.593504089018e-27,-0.0704487661180124,CDKN2D,9,189
198,2.93653200673815e-27,5.63576849778029e-27,-0.220412041954147,IL7R,9,254
199,4.95033806384214e-27,9.45290685557796e-27,-0.290295653289049,IL18,9,275
200,9.31314193085482e-27,1.76949696686241e-26,-0.216843319900312,TIGIT,9,253
201,6.6514013757374e-26,1.25747886705483e-25,-0.0718999534480699,CXCL5,9,190
202,1.38082116167411e-25,2.59758436354536e-25,-0.135512757206476,CST7,9,228
203,1.46982780815372e-25,2.75140180836656e-25,-0.118037922599376,JUNB,9,218
204,1.86416192621563e-25,3.47245849000949e-25,-0.102151206783028,CD83,9,212
205,6.57150585622624e-25,1.21813279286145e-24,-0.295205300427392,CSF1R,9,279
206,1.03188815712317e-24,1.90348300828546e-24,-0.336014049256093,TUBA1B,9,287
207,1.76119754642977e-22,3.23311626880827e-22,-0.28182537501522,AIF1,9,273
208,8.19539268507079e-22,1.49723520208024e-21,-0.174675584702816,CD8B,9,237
209,9.15280338865481e-22,1.66414607066451e-21,-0.266437611874792,JAK2,9,269
210,7.41356406421594e-21,1.34150206876288e-20,-0.0842185648990799,CCL3,9,201
211,1.1641446961009e-20,2.09656390766988e-20,-0.187731900797544,KLRB1,9,244
212,1.56005200384339e-20,2.7963196295306e-20,0.270499845052033,CD44,9,48
213,6.68083062839896e-20,1.19188527642798e-19,0.107965686244775,CHIT1,9,62
214,8.34790045766383e-20,1.48233746444498e-19,-0.0395551507378478,TNF,9,161
215,9.35134238530668e-20,1.65279539833327e-19,0.25299482732999,BCL2,9,51
216,4.0389149233684e-19,7.10549847629627e-19,-0.161843903831614,STMN1,9,234
217,8.01320880996249e-19,1.40323472248192e-18,-0.239124016772403,CD3E,9,258
218,2.1532607500432e-18,3.75339029824042e-18,-0.0929662537585147,NELL2,9,204
219,4.56114507298096e-18,7.9143156517478e-18,0.26234997141229,PLA2G7,9,50
220,9.13081902309112e-18,1.57714146762483e-17,0.245521765972458,DGKA,9,52
221,2.74756509349629e-17,4.7243200702651e-17,-0.242227918796563,KRAS,9,259
222,3.15792838413622e-17,5.40546299987282e-17,0.32118934619021,CXCL12,9,46
223,3.76982524565374e-17,6.42391745896153e-17,0.222731784535471,PIK3CA,9,55
224,5.90856038167627e-17,1.00234506474865e-16,0.127870630661797,LILRA4,9,60
225,1.14627817926695e-16,1.93593648053974e-16,-0.100820406005058,IL2RA,9,211
226,1.67324734391546e-16,2.81342473755697e-16,-0.0525265082142193,GATA2,9,170
227,3.05729224087292e-16,5.11793414771679e-16,-0.0819566386712438,ORC6,9,199
228,4.39264016260731e-16,7.32106693767884e-16,-0.251871415626451,CD2,9,265
229,4.63932766421729e-16,7.69844765241299e-16,-0.056048036436335,SOX17,9,174
230,3.03748824041734e-15,5.01845883199388e-15,-0.112948340641787,FCGR1A,9,214
231,3.27569220254959e-15,5.3885845756227e-15,-0.27639639624556,ACTA2,9,271
232,6.54242744439706e-15,1.07160449520297e-14,0.172810655354428,VCAN,9,56
233,6.61495415691591e-14,1.07883372516225e-13,-0.139020524638751,GPR34,9,229
234,6.84916022830305e-14,1.11225678921161e-13,0.244684125432751,C1QB,9,53
235,8.99519906798129e-14,1.454542828014e-13,0.071974744054885,IL6,9,72
236,9.78487629497957e-14,1.57553092885265e-13,0.0807106270601281,PAX5,9,68
237,5.10524977573606e-13,8.18563255181308e-13,-0.0916432977680076,CD274,9,203
238,6.94782444002256e-13,1.10931650723049e-12,0.145238285405368,MGP,9,58
239,1.39089538251179e-12,2.21146546173423e-12,0.127968991663399,IRF3,9,59
240,2.6442076645162e-12,4.18666213548398e-12,-0.122814080325602,CD28,9,220
241,9.59734197940757e-12,1.51327383907671e-11,-0.169617952283257,COTL1,9,236
242,1.08596503510319e-11,1.70523435264136e-11,-0.0624691831594738,SOCS1,9,181
243,1.15420035806729e-11,1.80492237064021e-11,-0.0554386512248951,CD40LG,9,173
244,2.89321216338814e-11,4.50582222167007e-11,-0.0572850078043859,S100B,9,177
245,8.19498541572971e-10,1.27105896243971e-09,-0.0442951101560634,CCL8,9,166
246,9.0623226193154e-10,1.39987097371539e-09,-0.0748786068807928,PTGS1,9,194
247,1.09801302468463e-09,1.68925080720713e-09,-0.0744221330420614,LILRB4,9,192
248,1.17525905265513e-09,1.80080016132641e-09,0.103254151795133,CXCR4,9,65
249,2.09805890914083e-09,3.20185696977315e-09,-0.184378998191329,IRF8,9,241
250,3.02098836881488e-09,4.59190232059863e-09,-0.148818159936416,CCR1,9,231
251,3.31419710054584e-09,5.01750955461123e-09,-0.0600657138128173,NOTCH3,9,179
252,6.03615552083146e-09,9.10213927744427e-09,-0.0427708089371821,PDCD1,9,164
253,1.22789402706906e-08,1.84426770864127e-08,-0.0510485474984238,IL10,9,169
254,1.2816730345292e-08,1.91746359496494e-08,-0.113628593164488,LTB,9,216
255,1.59630798048691e-08,2.3788118924903e-08,0.12515679968343,CCL19,9,61
256,2.53367223715391e-08,3.76091972702534e-08,-0.0577572672158261,CCL3L1,9,178
257,2.65014802031554e-08,3.91850680046657e-08,0.063185116247471,CDKN2A,9,75
258,3.80712495753031e-08,5.60739334830045e-08,-0.0817724694868664,ESR1,9,198
259,5.0796709346593e-08,7.4527990547125e-08,-0.0346133130172549,CCR7,9,157
260,9.86408285838845e-08,1.4416736485337e-07,0.0682332433102575,CXCR3,9,74
261,1.00032413588187e-07,1.45641061929161e-07,-0.0440588408056058,CDKN2B,9,165
262,1.21838371760735e-07,1.76712142248394e-07,0.165148149002378,CTSS,9,57
263,1.94953927471124e-07,2.81682480756758e-07,-0.149080440420943,ARPC5,9,232
264,2.00613310337679e-07,2.8876158306181e-07,-0.0756292681251962,KLRF1,9,195
265,2.26593641566501e-07,3.24926731302907e-07,0.107712729205944,MKI67,9,63
266,5.54144816087184e-07,7.9163545155312e-07,-0.0770282441990994,IDO1,9,197
267,5.7484306206333e-07,8.18128702562042e-07,-0.0660662613011623,FCRL3,9,186
268,6.14248173722529e-07,8.70948903039406e-07,-0.0958172577215053,ANXA1,9,207
269,1.00764388600621e-06,1.42343745978572e-06,-0.0370771391894817,IL1B,9,160
270,1.58901771559389e-06,2.23639530342844e-06,-0.0156438540231216,IL1A,9,134
271,1.68819871228032e-06,2.36721590651853e-06,-0.0396631891084904,CX3CR1,9,162
272,2.62851468942709e-06,3.67218963964079e-06,-0.135033003976744,TP53,9,227
273,6.52734047992276e-06,9.08567539329908e-06,-0.0506668791739899,CCR4,9,168
274,7.76324130894121e-06,1.07665390415973e-05,0.0509410486065112,PLD4,9,76
275,8.32488540487614e-06,1.15034780140107e-05,-0.0832566436391064,SLC1A3,9,200
276,8.74868529068492e-06,1.20452913422473e-05,0.025425292727987,AIRE,9,82
277,9.14849525740643e-06,1.25502823025792e-05,-0.0166833122632166,CEACAM6,9,136
278,9.83036269140873e-06,1.3437186412717e-05,-0.0683803353508592,FHIT,9,188
279,1.03787775062574e-05,1.41359693633613e-05,-0.0340523464439725,EGR3,9,156
280,1.21805845268403e-05,1.65307932864261e-05,-0.0570610056775736,MS4A1,9,176
281,1.52727689808085e-05,2.06535665932641e-05,-0.0170606965379089,MMP9,9,138
282,1.77406250832181e-05,2.39058068497265e-05,-0.141534088002696,S100A9,9,230
283,2.60392133138098e-05,3.49643146969884e-05,-0.0764393495797749,IL15RA,9,196
284,4.55515235395587e-05,6.09492216374377e-05,-0.0747034846998516,PLEK,9,193
285,6.88134142252294e-05,9.17512189669725e-05,-0.134765125717066,NOTCH2,9,226
286,6.98686986960424e-05,9.28325367290073e-05,-0.0409477835373977,FLT3LG,9,163
287,8.78326418471298e-05,0.000116294090250555,-0.0186145958030491,IL4,9,143
288,0.000103696091676709,0.000136821232073436,0.0927423742179498,CDK4,9,67
289,0.000153525459081966,0.000201867385644108,-0.0353666607149563,LAMP3,9,159
290,0.000162432575670683,0.000212842685361585,-0.0199876303408937,MCEMP1,9,145
291,0.000188982625194004,0.000246781434961242,-0.0280153451594367,CXCR5,9,153
292,0.000220223656848651,0.000286592430145504,-0.0721105271308823,CDK2,9,191
293,0.000237178328377723,0.000307603292776569,-0.0638409035591956,ITGAE,9,182
294,0.000251028660278016,0.000324458812604238,-0.0127269488740684,MMP12,9,130
295,0.000296779276715038,0.000382291949666828,-0.0679639042602267,CXCL6,9,187
296,0.000469148282658236,0.000602284957466655,-0.103862750008681,ARID1A,9,213
297,0.00076177255032761,0.000974658481900645,0.100707004152864,SPARC,9,66
298,0.000895727190154293,0.00114220245724373,-0.0174795295285204,TFF3,9,139
299,0.00094913882186787,0.00120626338565147,-0.0292940082799134,DUSP2,9,154
300,0.000954496943288381,0.00120902946149862,-0.0201153052079978,CDKN1C,9,146
301,0.00106641492240622,0.00134630455320387,0.0758905885959792,ICOSLG,9,70
302,0.00109962448538908,0.00138363345843659,0.105774085420719,TGFB1,9,64
303,0.00161307512133976,0.00202299850201026,-0.100086106402886,PSMB10,9,209
304,0.00304629150558103,0.00380786438197629,0.0692134594023808,RUNX3,9,73
305,0.00323484029457231,0.00403029282602452,-0.0106633385495142,ERBB4,9,128
306,0.00385825053919995,0.00479129151926791,-0.0235501462598311,ZNF683,9,149
307,0.00397933750182499,0.00492556433450651,-0.053400132052975,FABP3,9,171
308,0.00474795594646358,0.00585786772615636,-0.0207172871648356,IL12RB2,9,147
309,0.00482030807709137,0.00592788695564635,-0.0607580703475914,PDGFRA,9,180
310,0.00530276796260074,0.0065001671799622,-0.0964250771731758,IFNAR1,9,208
311,0.00576057558555405,0.00703864541000174,0.076348135746583,RB1,9,69
312,0.00638059081122934,0.00777123239829215,0.0737239155977227,BRAF,9,71
313,0.00674668923240555,0.0081908687166585,-0.0167065209513783,CXCR1,9,137
314,0.00728706259446212,0.00881873817164206,-0.0196003091545465,BATF3,9,144
315,0.00860838368731799,0.0103847168291455,-0.0150807809988086,CCL13,9,133
1,0,0,-1.57622720517091,IGHG4,10,355
2,0,0,-1.18147575471794,LUM,10,331
3,0,0,-1.8821215985483,IGHGP,10,370
4,0,0,-1.73811976433511,IGHG2,10,361
5,0,0,-1.51417112382637,IRF8,10,352
6,0,0,-1.82563453732235,IGHG3,10,366
7,0,0,-1.52222590695113,IL2RG,10,353
8,0,0,-1.79842179534679,IL10RA,10,365
9,0,0,-1.65362904660704,TGFB1,10,358
10,0,0,-1.42969541146298,PTPRC,10,348
11,0,0,-1.14646081556346,JAK3,10,329
12,0,0,-2.51130428381545,IGHG1,10,377
13,0,0,-2.1987042146464,ATM,10,373
14,0,0,-1.36168357516771,CSF1R,10,344
15,0,0,-1.24615752567368,CORO1A,10,339
16,0,0,-1.09393663874471,ITGAX,10,323
17,0,0,-0.935049623830139,FCGR2A,10,297
18,0,0,-0.950608539904783,SYK,10,300
19,0,0,-0.97333195318216,DGKA,10,307
20,0,0,-1.10226628213835,CD38,10,325
21,0,0,-3.08249239209154,IGKC,10,379
22,0,0,-1.03409862577213,CD44,10,317
23,0,0,-1.85080366863154,MPEG1,10,369
24,0,0,-0.687473198688708,IL7R,10,263
25,0,0,-1.49123110711183,JCHAIN,10,351
26,0,0,-0.872982389072251,TC2N,10,289
27,0,0,-0.871658486404349,BCL2,10,288
28,0,0,-1.02478030026577,PLA2G7,10,314
29,0,0,-2.57007883295678,IGFBP7,10,378
30,0,0,-1.41500041748154,CD2,10,346
31,0,0,-1.20052360437137,VSIR,10,333
32,0,0,-0.555703085155704,MZB1,10,236
33,0,0,-1.10142158936259,CD3E,10,324
34,0,0,-1.74623805119321,TNFRSF1B,10,362
35,0,0,-3.09004950038778,CD74,10,380
36,0,0,-0.726334654094505,CLEC12A,10,268
37,0,0,-0.516107655334771,CLEC10A,10,225
38,0,0,-0.783165199145783,CD86,10,275
39,0,0,-0.452937379864307,VCAN,10,212
40,0,0,-0.515707564242988,IRF4,10,223
41,0,0,-0.869968988141358,FCMR,10,287
42,0,0,-0.963373966347753,IL2RB,10,305
43,0,0,-1.28694546752426,AIF1,10,340
44,0,0,-1.21310339334155,JAK2,10,334
45,0,0,-0.57817202384539,CCL21,10,244
46,0,0,-0.76089919145188,LILRB2,10,273
47,0,0,-1.32390915824593,C1QB,10,343
48,0,0,-1.47107128871405,FCGR3A,10,350
49,0,0,-2.42775842199331,CXCL12,10,375
50,0,0,-0.822662923168883,CMKLR1,10,278
51,0,0,-0.832020550820973,ENTPD1,10,281
52,0,0,-1.24354396943864,CTSS,10,338
53,0,0,-1.61769178693488,DCN,10,357
54,0,0,-0.583237812346301,LTB,10,247
55,0,0,-0.466926698264167,CCL19,10,216
56,0,0,-0.911204655931198,CCR1,10,295
57,0,0,-0.873604784907938,MIS18BP1,10,290
58,0,0,-0.567514942919314,GZMK,10,240
59,0,0,-1.11919348518211,IL18,10,327
60,0,0,-0.418919658283149,CCL2,10,196
61,0,0,-1.0765462049843,KLRK1,10,320
62,0,0,-0.65287233641581,SELL,10,258
63,0,0,-0.510813753114331,IRF5,10,222
64,0,0,-0.388539324494445,MGP,10,190
65,0,0,-2.10965741715001,CD47,10,372
66,0,0,-0.653518953689236,RUNX3,10,259
67,0,0,-0.721377310561539,LCK,10,266
68,0,0,-1.9152892899802,ACTA2,10,371
69,0,0,-1.59495962965662,IRF1,10,356
70,0,0,-0.546416337025659,CD27,10,233
71,0,0,-0.27588581584717,TNFRSF13C,10,158
72,0,0,-0.441968021901691,CCR2,10,206
73,0,0,-1.45168322289965,CD4,10,349
74,0,0,-0.617892454063319,CD247,10,254
75,0,0,-0.140303342951783,CD19,10,100
76,0,0,2.7262692311453,SDC1,10,2
77,0,0,2.79127790938263,ARG1,10,1
78,0,0,-0.812108230010801,GZMA,10,277
79,0,0,-0.729115578169399,CD3D,10,269
80,0,0,-0.558737267331134,STAT4,10,238
81,0,0,2.27110267593065,APOE,10,3
82,0,0,-0.740939448306706,HAVCR2,10,271
83,0,0,-1.24298024923419,CDK12,10,337
84,0,0,-0.34012960171458,ADAM28,10,177
85,0,0,-0.23709040549084,CD79A,10,138
86,0,0,-2.48203929943187,HLA-B,10,376
87,0,0,-1.68899854246535,IFNGR1,10,360
88,0,0,-0.542143947145074,ANXA1,10,231
89,0,0,-0.645489310190502,TIGIT,10,257
90,0,0,-1.0565891559534,ICAM1,10,319
91,0,0,-0.560822284074978,FGR,10,239
92,0,0,-1.79136021793815,STAT6,10,363
93,0,0,-1.21952690621379,CD8A,10,335
94,0,0,-0.70776209627631,CCL5,10,264
95,0,0,-0.558432932291984,SAMD3,10,237
96,0,0,-0.569994243023148,NCEH1,10,242
97,0,0,-0.99766388763263,CD68,10,311
98,0,0,-2.26376334077132,NOTCH2,10,374
99,0,0,-0.451947886922871,KLRD1,10,209
100,0,0,-0.249050115689123,MS4A1,10,147
101,0,0,-0.245644419176226,EPCAM,10,143
102,0,0,-0.379963990571508,CD80,10,188
103,0,0,-0.591015935213472,PDGFRA,10,249
104,0,0,-0.176965702036194,NCAM1,10,119
105,0,0,-0.738424451709195,IGHM,10,270
106,0,0,-0.48077812385377,PLEK,10,217
107,0,0,-0.526990409565893,GPR34,10,229
108,0,0,-1.8312605818431,STAT2,10,367
109,0,0,2.20331464877659,C1S,10,4
110,0,0,-0.997955929576275,SPARC,10,312
111,0,0,-0.716880416931403,NKG7,10,265
112,0,0,-0.45251391657337,ITGAM,10,211
113,0,0,-1.79647418768716,CD163,10,364
114,0,0,-0.859681988440762,COTL1,10,284
115,0,0,-1.55972647002828,JAK1,10,354
116,0,0,-0.613540669753832,KLRB1,10,252
117,0,0,-0.484331325677417,SLC1A3,10,218
118,0,0,-0.45203607016358,GLIPR2,10,210
119,0,0,-0.895531301002265,VSIG4,10,292
120,0,0,-0.245947515717383,LIF,10,144
121,0,0,-0.898801050377761,RB1,10,293
122,0,0,-0.275462969872682,CXCR4,10,157
123,0,0,-1.12922643892778,ARID1A,10,328
124,0,0,-1.30411516108505,PSMB10,10,341
125,0,0,-1.38600092374211,NOTCH1,10,345
126,0,0,-1.41945282888682,TUBA1B,10,347
127,0,0,-0.826294781215276,CSF1,10,280
128,0,0,-0.341535941637858,EOMES,10,179
129,0,0,-0.238181251609249,CTSW,10,140
130,0,0,-0.259128789606761,CCL28,10,149
131,0,0,-0.239998639450682,TNFRSF17,10,141
132,0,0,-0.529424519186508,IL15,10,230
133,0,0,-0.181341874281825,NOTCH3,10,121
134,0,0,-0.379731381432569,TRAT1,10,187
135,0,0,-0.231118162131197,CXCL1,10,135
136,0,0,-0.432382638204099,TOX,10,201
137,0,0,-0.568477301055439,CXCR2,10,241
138,0,0,-0.368358839223879,GPR171,10,184
139,0,0,-0.508703198907825,CD8B,10,221
140,0,0,-0.260506123468104,DERL3,10,150
141,0,0,-1.08014542394544,STAT5B,10,321
142,0,0,-0.330318119154972,CCR5,10,175
143,1.1125369292536e-308,1.1125369292536e-308,-1.02938578650772,TP53,10,315
144,1.1125369292536e-308,1.11253692925361e-308,-0.437926028611517,CXCL6,10,205
145,1.11253692925395e-308,1.11253692925451e-308,-0.268712651413356,FCRL3,10,154
146,1.11256024395249e-308,1.1125976113466e-308,-0.4602028266951,CXCR6,10,213
147,1.34077396462201e-308,1.70253742884543e-308,-0.867979289739742,SMAD3,10,286
148,9.38635676270417e-307,2.41001052015377e-306,-0.350610347238153,NOD1,10,182
149,1.33834060211275e-304,3.41321764297197e-304,-1.05423697122839,NF1,10,318
150,1.50006713215916e-304,3.80017006813673e-304,-1.18694828031072,S100A9,10,332
151,2.43878837387674e-303,6.13734822565001e-303,-0.166097232844836,CD37,10,117
152,6.85458441898472e-301,1.71364610474616e-300,-0.159727579968461,CD1C,10,113
153,2.41603801999049e-299,6.0006173045514e-299,-0.213885522381427,NELL2,10,129
154,8.42284902807664e-296,2.07836534459039e-295,-1.15662736416447,CTSB,10,330
155,2.31051613052039e-293,5.66449115869527e-293,-0.437109179867522,CD28,10,203
156,7.45000486939727e-292,1.81474477587884e-291,-0.555600853765277,CCL4,10,235
157,3.26875332720263e-291,7.91163225692354e-291,-0.337111336765051,FCGR1A,10,176
158,2.92429676334383e-286,7.03311879791526e-286,-0.463291766702174,PDCD1LG2,10,214
159,2.9245473039213e-285,6.98948412257957e-285,-0.957979385289266,KMT2C,10,304
160,3.32089892529093e-284,7.88713494756621e-284,-0.389017227359166,PRF1,10,191
161,3.31369051546562e-282,7.8211328936459e-282,-0.271741504420793,TBX21,10,156
162,5.76191985326635e-282,1.35156144706245e-281,-0.304913800491847,KLRF1,10,169
163,3.86155365484005e-281,9.00239502355372e-281,-0.581915525983876,CD40,10,246
164,1.23067240217877e-278,2.85155800504822e-278,-0.95756106054157,SOS1,10,302
165,1.64852293027901e-276,3.79659826367274e-276,-0.9578929034683,FKBP11,10,303
166,1.18221168512072e-275,2.70626771292687e-275,-1.84218840661475,CTSD,10,368
167,1.45524471776382e-274,3.31133528592965e-274,-0.300014155665069,IRF3,10,166
168,9.7883546322715e-271,2.21403259539484e-270,-0.372495713947087,GATA3,10,185
169,2.40886341632493e-268,5.41637927931043e-268,-0.771771980329893,BRAF,10,274
170,4.95604554177693e-268,1.10782194463247e-267,-0.975948175903289,ARPC3,10,309
171,9.65954060892349e-265,2.14656457976089e-264,-0.983108563562206,CDKN1B,10,310
172,1.94991457720526e-262,4.30795081010479e-262,-0.158488857399236,BANK1,10,110
173,1.38495629566822e-256,3.04210053383782e-256,-0.623225709798128,CDK6,10,255
174,3.63533672086233e-255,7.93924111452727e-255,-0.423095812455612,FASLG,10,198
175,1.40391646063376e-249,3.04850431451889e-249,-0.190681280426511,CCR4,10,123
176,1.95738852692019e-249,4.22617977403247e-249,-1.01255590501049,IRF2,10,313
177,3.12996936907239e-249,6.71970824998571e-249,-1.10779193158379,TXLNA,10,326
178,3.42795106305076e-249,7.31809777505191e-249,-0.304631467711918,CST7,10,168
179,7.24182550393082e-248,1.53737077737078e-247,-0.0853447478651709,GPR183,10,77
180,1.82974249576909e-245,3.86278971329025e-245,-0.120640780129444,CX3CR1,10,94
181,3.50689320449298e-245,7.36253821937718e-245,-0.907353085439459,IL4R,10,294
182,1.85297476731356e-243,3.86884841527018e-243,-0.437139594837588,EPOR,10,204
183,3.67364079724575e-238,7.62832515275064e-238,-0.143222914800089,ID4,10,102
184,3.97645125735455e-237,8.21223629236232e-237,-1.23299621124075,SSR4,10,336
185,1.31316639775707e-234,2.69731476296035e-234,-0.119320965779212,CXCL5,10,93
186,1.6230310222802e-234,3.31586983046477e-234,-0.405402287802169,LAG3,10,193
187,1.65987119645762e-234,3.37300029226684e-234,-0.381754354326781,ITGAE,10,189
188,1.42968009706705e-232,2.88977891960359e-232,-0.939178667844333,ARPC5,10,299
189,3.62633693146608e-231,7.29104779871486e-231,-0.0364260512154823,MMP9,10,44
190,1.24968611803105e-229,2.49937223606197e-229,-0.858283068430555,FAS,10,283
191,1.42926242229951e-229,2.8435587459361e-229,-0.591991363091481,HIF1A,10,250
192,2.09249751816154e-229,4.14140133802789e-229,-0.218248795298893,RGS1,10,131
193,2.98224670755395e-229,5.87178108223059e-229,-0.46497171575569,TCF7,10,215
194,2.32152218748435e-226,4.54731150125784e-226,-0.328672251200023,SOCS3,10,174
195,6.20367619567365e-221,1.20892151505438e-220,-0.237804988370154,LILRB4,10,139
196,5.6291634319791e-217,1.09136842048575e-216,-0.938019496202368,KRAS,10,298
197,4.29448155178512e-216,8.28377152120966e-216,-1.67453634525059,STAT1,10,359
198,9.55538494322528e-216,1.83386175678063e-215,-0.340767255160426,MKI67,10,178
199,8.74618031600992e-215,1.67012488446417e-214,-0.209762765441069,IGLC3,10,127
200,2.71061659616416e-208,5.15017153271185e-208,-0.162451157598089,FLT3LG,10,114
201,4.04239919989014e-205,7.64234674606108e-205,-0.283682910958331,CTLA4,10,160
202,2.23252931933169e-203,4.199807630426e-203,-0.415141572979704,FABP3,10,195
203,6.80123522504193e-203,1.27313762833298e-202,-0.111573457777656,PLD4,10,90
204,7.86928705195849e-198,1.46584758810995e-197,-0.516997621097745,ICOSLG,10,226
205,1.96994995673427e-195,3.65161455394652e-195,-0.185635362243234,TREM2,10,122
206,8.19187663519809e-193,1.51112287445403e-192,-1.31313098665435,CTNNB1,10,342
207,5.39398300248867e-190,9.90199778234663e-190,-0.681818539349326,SPON2,10,261
208,1.18696882557303e-187,2.16850073902765e-187,-0.487870137875658,CXCL16,10,219
209,1.12041669937258e-186,2.03712127158656e-186,-0.142446831495023,UBE2C,10,101
210,7.36621221857987e-185,1.33293363955255e-184,-0.247113695757431,PLVAP,10,145
211,3.14387501594817e-184,5.66195500502528e-184,-0.442447460458558,STMN1,10,207
212,4.04848674547112e-184,7.25672152490097e-184,-0.194241287871628,CD83,10,124
213,8.58165734319089e-184,1.5309999016021e-183,-0.523133763339494,RGS5,10,228
214,2.95300064496634e-182,5.24364600508039e-182,-0.159103099260243,P2RX1,10,111
215,3.33587254763226e-181,5.89596078186161e-181,-0.592684300783811,PIK3CA,10,251
216,5.43205729178911e-181,9.55639708740651e-181,-0.0279114281715852,AREG,10,40
217,2.54855627362334e-180,4.46290960357992e-180,-0.32612366898585,SOX9,10,173
218,2.63364796566147e-179,4.59076250895108e-179,-0.151367687025319,KLRC1,10,106
219,9.02226924363167e-175,1.5655079052877e-174,-0.232861995717586,GZMH,10,136
220,5.91292631249225e-173,1.02132363579413e-172,-0.127697208788168,CD40LG,10,97
221,4.22877805244099e-172,7.27120208112029e-172,-0.301890506471939,IDO1,10,167
222,9.01045786760563e-168,1.54233062598655e-167,-0.213336897770366,CDK1,10,128
223,4.04601607381341e-166,6.89455653833689e-166,-0.396588152522053,IL15RA,10,192
224,3.36208539171933e-165,5.70353771809519e-165,-0.822728120412476,CXCL9,10,279
225,8.65031342246297e-165,1.46094182246041e-164,-0.110374320914312,SPIB,10,89
226,2.95258941755966e-164,4.9645308790826e-164,-0.225427633728615,PTGS1,10,133
227,7.12204220334017e-161,1.19223613976621e-160,-0.267342910582567,TNFRSF9,10,153
228,7.41745032470576e-158,1.23624172078428e-157,-0.760511482192969,TUBB,10,272
229,1.49291372198843e-157,2.47732408015542e-157,-0.148499037768573,LILRA4,10,104
230,1.1639892687425e-156,1.92311270487886e-156,-0.0920675881325238,FCER1A,10,80
231,3.71024109733038e-156,6.1034269133575e-156,-0.247510838503644,CD274,10,146
232,2.27788970618706e-155,3.73102624289252e-155,-0.515870658789146,CDK4,10,224
233,2.88850273584811e-152,4.71086283099691e-152,-0.520087409978903,CTSL,10,227
234,5.48482189940702e-149,8.90697573407988e-149,-0.139029395004335,CXCR3,10,99
235,1.20212335320976e-148,1.94385903923282e-148,-0.424759689169102,CDK2,10,199
236,1.77729905567756e-148,2.86175271676901e-148,-0.231079539831015,JUNB,10,134
237,5.49869823380606e-144,8.81647818078628e-144,-0.0787820544650516,CCR7,10,71
238,8.92717837352855e-144,1.42534780753815e-143,-0.23577248018868,IL2RA,10,137
239,5.44424842940181e-138,8.65612720992751e-138,-0.177492112131722,LILRA5,10,120
240,6.02453970226692e-134,9.5388545285891e-134,-0.0911006848180638,CXCR5,10,79
241,2.31887083672094e-133,3.6563108628796e-133,-1.03023023079963,STAT3,10,316
242,1.14573172535581e-132,1.79908287452562e-132,-0.973518553610509,ITGA1,10,308
243,5.4731107274e-132,8.55877397700397e-132,-0.865557148635019,VEGFA,10,285
244,3.41189655670566e-131,5.31360939159067e-131,-0.968559747161175,MYD88,10,306
245,4.17719480092941e-130,6.47891438511515e-130,1.10417144782302,FOXP3,10,7
246,5.63151994227283e-128,8.69909584578736e-128,-0.586717829784107,CXCL14,10,248
247,3.1565631343169e-127,4.8562509758723e-127,-0.435423511673799,CXCL11,10,202
248,3.53604795986224e-126,5.41813800301477e-126,-0.157674908205274,CCL3,10,109
249,2.28402396217585e-120,3.48565905874217e-120,-0.174338125934056,ORC6,10,118
250,1.0215449232451e-118,1.55274828333256e-118,-0.311641522086428,SOCS2,10,170
251,1.85158165679193e-118,2.80319135291209e-118,-0.286452168648533,FHIT,10,161
252,1.11605321036056e-117,1.68293738070242e-117,-0.145928958540675,CENPF,10,103
253,3.2735363163475e-116,4.91677391388161e-116,-0.28743690689561,SPARCL1,10,162
254,1.40967010121338e-114,2.10895526953177e-114,-0.0726801458852794,PAX5,10,65
255,2.32062365850431e-114,3.45818427541813e-114,-0.579687641500043,CEACAM1,10,245
256,2.56985710425818e-113,3.81463163913329e-113,-0.954676439197704,MARCO,10,301
257,1.02513464449763e-112,1.51576328758403e-112,-0.553268271731792,CD276,10,234
258,1.39836458253153e-111,2.05960674946506e-111,-0.129495148107435,IL10,10,98
259,1.39675904810589e-110,2.04929898949898e-110,-0.0986157535522534,PDCD1,10,84
260,1.2623774774469e-108,1.84501323626852e-108,-0.422590573269663,FADD,10,197
261,2.67078879655709e-108,3.88850476127082e-108,-0.895146341246495,IL1R1,10,291
262,8.99100149186911e-108,1.3040383843169e-107,-0.205925749702856,CDKN2C,10,126
263,2.29354567555392e-107,3.31386827646574e-107,-0.0806029558494617,CXCL3,10,74
264,9.25088610903662e-106,1.33156693993709e-105,1.17887430869667,CCND1,10,5
265,9.83800024919016e-103,1.41073211120463e-102,-1.09223264347894,PTEN,10,322
266,5.18768841308299e-99,7.41098344726149e-99,-0.0799644954119232,CD79B,10,73
267,6.01028447063851e-96,8.55396291701356e-96,-0.156854166783362,CCL3L1,10,108
268,3.42660234906244e-94,4.85861527105873e-94,1.11176145475488,ANPEP,10,6
269,8.36566507728871e-94,1.18176681389208e-93,-0.1149236155377,GNLY,10,92
270,1.14388619214507e-91,1.60991390005601e-91,-0.573707697888928,CXCL10,10,243
271,6.14272451493555e-90,8.61341444898718e-90,-0.508632982954894,CD14,10,220
272,1.02903209514336e-88,1.43761836821497e-88,-0.12351119250598,S100B,10,95
273,6.37983570643336e-87,8.88035739357025e-87,-0.723011154260053,AKT1,10,267
274,5.93714702858433e-86,8.23399952869356e-86,-0.0952564066001933,IL1B,10,82
275,5.14087021384899e-85,7.10374793186407e-85,-0.154859543672567,GZMB,10,107
276,3.67311652807246e-81,5.05718942270842e-81,-0.0506788373219448,MCEMP1,10,53
277,1.41216289194773e-79,1.93726317306911e-79,-0.0695963923002561,CHIT1,10,62
278,1.51317265849773e-77,2.06836550442132e-77,-0.858193977549304,IFNAR1,10,282
279,1.79737431942546e-77,2.44803670746118e-77,-0.260882682687969,CEACAM8,10,151
280,1.18957456922535e-76,1.61442262966298e-76,-0.149085149455321,CCL20,10,105
281,7.55295705161132e-74,1.02139632726416e-73,0.959812465902467,C1R,10,8
282,8.28967783802167e-74,1.11704878668377e-73,-0.29408604111868,JUN,10,164
283,1.43573829142091e-73,1.92784646904574e-73,-0.0634244826057402,TCL1A,10,60
284,1.59067519479803e-73,2.12836821839174e-73,-0.0925577448350747,EGR3,10,81
285,5.69583996421744e-72,7.59445328562331e-72,-0.911893796419223,LAMP1,10,296
286,3.13012689408959e-70,4.15890985927993e-70,-0.0747213283406684,CCR6,10,69
287,6.90004270139883e-68,9.13594504017962e-68,-0.241635191828626,FEZ1,10,142
288,5.96298873951341e-67,7.86783236463572e-67,-0.686455322457221,ID2,10,262
289,6.18929664646116e-67,8.13817552129837e-67,-0.106798313228593,CDKN2B,10,88
290,9.56699158173301e-67,1.25360579346846e-66,-0.0478663752974902,TFF3,10,49
291,1.53090586457147e-64,1.99912106026514e-64,-0.0552594508219295,TNF,10,55
292,3.96058822355594e-63,5.15419015394268e-63,-0.0268548962342915,CCL7,10,38
293,6.74755349805185e-62,8.75109327392394e-62,-0.126366821642206,SOCS1,10,96
294,1.18064628982107e-61,1.52600540861228e-61,-0.11415600181057,LAMP3,10,91
295,4.01580938363251e-60,5.1729070026453e-60,-0.0774827768601167,IL23A,10,70
296,6.79560448981518e-60,8.72408684503295e-60,-0.103961849191776,DUSP2,10,87
297,1.66671690296402e-59,2.13249974116612e-59,-0.201686695960394,CXCL13,10,125
298,5.60063637997095e-59,7.14175108855364e-59,-0.100500057433906,KIT,10,85
299,1.72136811224171e-58,2.18769191522359e-58,-0.657364968347478,C1QBP,10,260
300,2.11192520751889e-57,2.67510526285724e-57,-0.79187942734782,ACTB,10,276
301,6.436612812339e-57,8.12595637438146e-57,-0.0958462129814204,CDKN2D,10,83
302,1.06446323046497e-56,1.33939081979034e-56,-0.0578479828084229,CPA3,10,58
303,1.39603140160089e-54,1.75079845745327e-54,-0.54227692924708,FCGR2B,10,232
304,1.74055166816594e-53,2.17568958520743e-53,-0.0745788365753096,BATF3,10,68
305,5.46140353803337e-52,6.8043716211563e-52,-0.0836506870683296,ZNF683,10,76
306,1.0217901876667e-51,1.26888977553381e-51,-0.319906525636704,CENPV,10,171
307,1.0617977925667e-50,1.31427739796529e-50,0.701820471456328,IFITM3,10,9
308,7.51501491088946e-49,9.27177164330511e-49,-0.0571800350170732,FCER2,10,56
309,9.44282508084543e-49,1.16125356981271e-48,-0.427797114857817,EGFR,10,200
310,1.09023211496128e-48,1.33641356027511e-48,-0.046004585743116,IL6,10,46
311,1.25808852743553e-48,1.5372142778955e-48,-0.101062033398692,NOSIP,10,86
312,1.3314917446929e-46,1.62168866340802e-46,-0.0574713554217129,CDKN1C,10,57
313,2.41145540354966e-46,2.92764553785581e-46,-0.214320340759527,RNF43,10,130
314,1.88698911141587e-44,2.28361739598098e-44,-0.054461013624868,CXCR1,10,54
315,5.55282433979085e-42,6.69864523530321e-42,-0.0825679477494295,CCL8,10,75
316,4.51196101955009e-38,5.42577590958555e-38,-0.0691010872874314,IL12RB2,10,61
317,4.70376587309903e-38,5.63858369645939e-38,-0.0461923689121286,CCL11,10,47
318,7.20151193699862e-36,8.60558030207387e-36,-0.0477536326695998,CCL13,10,48
319,3.43584093504735e-35,4.09285127058934e-35,-0.320417735634477,FLT1,10,172
320,5.22811143261693e-35,6.20838232623261e-35,-0.617104298740172,LAMP2,10,253
321,4.40098367861653e-34,5.20988722079215e-34,-0.346208769068809,IL1RAP,10,180
322,1.18245160406979e-33,1.39543978120037e-33,-0.350531001290043,IFIT2,10,181
323,5.42620028743145e-33,6.38376504403703e-33,-0.407909260755494,NT5E,10,194
324,7.59312805999055e-33,8.90552056418651e-33,-0.07175945128875,FGF2,10,63
325,8.11687011455005e-33,9.49049428778163e-33,-0.633750156172652,A2M,10,256
326,1.92397533220664e-32,2.24267063263349e-32,-0.0796522303729825,SOX17,10,72
327,3.55307664906864e-30,4.12895757384121e-30,-0.268726586090574,LY6E,10,155
328,6.33172886427184e-30,7.33553953787592e-30,-0.0718419610299333,GATA2,10,64
329,1.68756038886771e-28,1.94915789595663e-28,-0.279838756305201,RORC,10,159
330,5.26625758377418e-28,6.06417539949753e-28,-0.0741544863063152,CDKN2A,10,67
331,3.92104501891232e-27,4.50150183440086e-27,-0.0494102552751823,CXCL2,10,52
332,2.22020362415772e-26,2.54119691921667e-26,-0.445891291985974,IFIT3,10,208
333,1.29744212905748e-24,1.48056459171724e-24,-0.365230056620089,ERBB3,10,183
334,1.97831370721017e-24,2.25077607407144e-24,-0.0198560336210887,DMBT1,10,28
335,4.25462927205386e-24,4.82614663695664e-24,-0.0583415300170708,HPGDS,10,59
336,1.63429740798029e-23,1.84831254473962e-23,-0.0376224917141097,EPO,10,45
337,1.47906842979018e-22,1.6677922947189e-22,-0.289234324696126,MET,10,163
338,1.67911786303962e-22,1.88776564483744e-22,-0.0480374391290671,IL2,10,50
339,1.66718398825619e-21,1.86881980984469e-21,-0.159419854918987,ESR1,10,112
340,4.05843865926874e-21,4.53590203094741e-21,-0.0341253773539854,CFC1,10,43
341,4.80860088298588e-19,5.35855816872325e-19,-0.027617335175612,CEACAM6,10,39
342,5.65417037029867e-18,6.2824115225541e-18,-0.0209323635308274,CCR3,10,30
343,4.06054900902648e-17,4.49856741524801e-17,-0.0218664201755826,IL12B,10,33
344,4.25889935145876e-17,4.70459812079748e-17,-0.22180132826384,CDKN1A,10,132
345,1.19677845316302e-16,1.31819076000564e-16,-0.0319156388109496,MUC5AC,10,42
346,3.13399210400696e-16,3.44195664601919e-16,-0.0246256246467072,CCL26,10,34
347,2.07133903935899e-15,2.26832517278506e-15,0.36040227897828,ISG15,10,10
348,2.53087882486934e-15,2.7636033145125e-15,-0.379565396411206,IQGAP2,10,186
349,6.82893395865222e-15,7.43551548506546e-15,-0.073339427067833,ACE2,10,66
350,2.75284737400194e-14,2.98880572034496e-14,-0.163882700451789,ID1,10,115
351,6.9761774293454e-13,7.55255676111468e-13,0.333439455664796,CCL16,10,11
352,9.27422843434318e-13,1.00119511507114e-12,-0.0213427964124736,IL1A,10,31
353,2.38092480730165e-12,2.56303520332756e-12,-0.0197606262313236,IL13,10,26
354,2.55586295357282e-12,2.74358170157534e-12,-0.164379018898178,CCL15,10,116
355,7.11565596219758e-12,7.61675849474669e-12,-0.0204963494287652,ERBB4,10,29
356,2.97355054099606e-11,3.17401462241152e-11,-0.0256829396893537,PGA5,10,37
357,4.08724205966597e-11,4.3505657777957e-11,-0.299079357111961,PRDX4,10,165
358,6.10209316016951e-11,6.47708212531958e-11,-0.250975564277049,ERBB2,10,148
359,7.06861982120707e-11,7.48210454612446e-11,-0.0193229576575005,IFNB1,10,25
360,7.28487204144862e-11,7.68958715486244e-11,0.327691370655863,FN1,10,12
361,1.34140955141273e-10,1.41201005411867e-10,-0.0197811607642443,IL5,10,27
362,3.48755661300847e-10,3.66097103022989e-10,-0.0251366008327204,MS4A2,10,36
363,8.59408328847174e-10,8.99656101823487e-10,-0.264157111769781,MX1,10,152
364,1.87639147052929e-09,1.95887021648662e-09,0.316406631606171,XBP1,10,13
365,2.43276296517705e-09,2.53273952538981e-09,-0.0140055775769577,AIRE,10,19
366,6.37265333608651e-09,6.61641603200238e-09,-0.00767064635739546,IFNL1,10,14
367,1.29688139873543e-07,1.34281997689227e-07,-0.0161732339123282,REG4,10,22
368,1.75709079332074e-07,1.81438723223338e-07,-0.0157198675971848,CDX2,10,21
369,1.92222037823551e-07,1.97952234073034e-07,-0.0192706956074942,MMP12,10,24
370,3.0201312125081e-07,3.10175638041373e-07,-0.0117831575326044,CDX1,10,15
371,1.27230844283342e-06,1.30317306813127e-06,-0.0155148604074014,IL22RA2,10,20
372,1.93775515729453e-06,1.97942731121485e-06,-0.0172609614035174,FOS,10,23
373,3.48720279389111e-06,3.55264627795877e-06,-0.024917931604184,IL4,10,35
374,1.83003102165647e-05,1.85938980810016e-05,-0.0138658599306564,CD1A,10,18
375,1.91637371872446e-05,1.94192536830745e-05,-0.013252346754717,EGF,10,17
1,0,0,5.02711828288678,FCGR2B,11,1
2,0,0,4.64177477433061,FLT1,11,2
3,0,0,4.52009891940796,CCL14,11,3
4,0,0,2.84484278729267,IL1R1,11,4
5,0,0,-2.37270913783844,NOTCH2,11,380
6,0,0,2.37730213053669,NOTCH1,11,5
7,0,0,2.3230370680743,IGFBP7,11,6
8,0,0,-0.450323534614269,CCL19,11,332
9,0,0,2.20660232481068,FEZ1,11,7
10,0,0,2.10589725205155,IL13RA2,11,8
11,0,0,2.03760400360166,CTSL,11,9
12,0,0,1.78474736691761,EPOR,11,13
13,0,0,1.90256579290503,CD4,11,11
14,0,0,-0.316386653058025,ADAM28,11,290
15,0,0,1.87709473976293,ANPEP,11,12
16,0,1.1125369292536e-308,1.70155985861268,CEACAM1,11,14
17,1.11253693004088e-308,1.11253694685171e-308,-0.415306627125661,CXCL6,11,324
18,1.68676445042766e-304,3.56094717312498e-303,1.52478432330702,ID1,11,15
19,7.88296608079981e-296,1.57659321616004e-294,1.9089345689992,MARCO,11,10
20,1.38701371822157e-291,2.63532606462093e-290,-0.914746226981499,ERBB3,11,371
21,3.90246936011152e-267,7.06161122305891e-266,-0.680238470092638,MET,11,359
22,7.7305059036877e-267,1.33526920154606e-265,1.15819093334333,IFITM3,11,19
23,4.92267919410427e-260,8.13312214678116e-259,-1.26274566440875,FN1,11,379
24,5.61183025111614e-252,8.88539789760078e-251,-0.684106944462094,SPON2,11,360
25,6.36045128373699e-252,9.66788595128072e-251,-0.646698827950702,TC2N,11,355
26,8.75215095577227e-250,1.27916052430519e-248,1.40978603929663,CSF1,11,16
27,3.66776747429091e-235,5.16204311196487e-234,-0.32797387969789,SOX9,11,296
28,2.69385467410988e-220,3.65594562914908e-219,-0.450811951688522,STAT4,11,333
29,6.81978089490789e-220,8.93626462091367e-219,1.22620135711364,HIF1A,11,17
30,1.67720380621e-215,2.12445815453263e-214,-0.93510566536779,VEGFA,11,372
31,1.47263515775657e-210,1.80516567725001e-209,1.11066404784593,SOCS2,11,20
32,8.15709525231447e-210,9.68655061212363e-209,-0.407352701707419,IRF4,11,323
33,2.73593609871864e-208,3.1504718712518e-207,-0.361446268082495,CCR2,11,308
34,6.64755896116702e-205,7.4296247213045e-204,-0.70966808744217,ITGAX,11,362
35,7.71897868819768e-205,8.38060543290037e-204,-0.738225090625419,CD3E,11,363
36,3.9678378779589e-204,4.18827331562317e-203,-0.890442398449691,CD2,11,370
37,4.19495099120958e-204,4.30832804502605e-203,-0.603996672622596,BCL2,11,349
38,1.82684546138302e-202,1.826845461383e-201,-0.775360389371728,CORO1A,11,366
39,1.42320857934304e-198,1.38671605166759e-197,-0.992696000509754,IGHG2,11,374
40,2.40029260993767e-191,2.28027797944074e-190,-0.516583536579994,RORC,11,341
41,9.01620406423645e-187,8.35648181563384e-186,-0.88326695796256,IGHG4,11,369
42,1.17275301647065e-185,1.06106225299725e-184,-0.844907220360675,IL2RG,11,368
43,2.20076172608611e-180,1.94485919979698e-179,-1.00815626023828,IGHGP,11,375
44,2.58710408169389e-180,2.23431716146291e-179,-0.232481709208311,TNFRSF13C,11,272
45,3.01267153586468e-180,2.54403374139682e-179,1.18694611807133,SPARC,11,18
46,5.39968914949983e-177,4.46061277567387e-176,-0.632345348564549,EGFR,11,353
47,1.90683266801306e-171,1.54169449754247e-170,-0.585578862246663,IL1RAP,11,347
48,4.52712421850805e-169,3.58397333965229e-168,-0.457042509717164,ICOSLG,11,334
49,1.60450641557715e-168,1.24431109779454e-167,-0.774976173863474,ERBB2,11,365
50,2.51134710942036e-168,1.90862380315946e-167,-0.781963940997404,PTPRC,11,367
51,1.48515244214809e-167,1.1065841725809e-166,-0.474244935006715,TIGIT,11,335
52,1.48303065912476e-165,1.08375317397579e-164,0.911248767355961,SOCS3,11,28
53,5.4959532997706e-162,3.94049481870341e-161,-0.208349086424804,EPCAM,11,253
54,5.73207564758592e-162,4.03368286311593e-161,-0.423823910589015,LTB,11,327
55,2.63915924333066e-161,1.82341911357394e-160,-0.363805792525692,CD28,11,310
56,1.142434871101e-160,7.75223662532813e-160,-0.400874770116385,CD27,11,321
57,4.20351959493115e-160,2.80234639662075e-159,-0.942484148816932,IGHG3,11,373
58,3.05344426563958e-154,2.00053244990176e-153,-0.228560324394765,FCRL3,11,269
59,4.95947718647513e-154,3.19423954383151e-153,0.936583493601801,CXCL16,11,26
60,3.87850339236029e-150,2.45638548182814e-149,-0.388882337408965,MZB1,11,317
61,5.726881562221e-146,3.56756556335073e-145,-0.364990880558737,CLEC10A,11,311
62,4.5894424752989e-144,2.81288409776387e-143,-0.450304669449756,RUNX3,11,331
63,1.31038238159834e-142,7.90389373027565e-142,1.03093313535766,NT5E,11,22
64,1.95879045355543e-137,1.16303183179856e-136,-0.489537533324556,CD3D,11,338
65,4.51146498711338e-137,2.63747183862018e-136,-0.217262089571597,DERL3,11,262
66,4.10960450560709e-135,2.36613592747076e-134,-0.503138891111772,TMPRSS2,11,340
67,2.40579503369001e-133,1.36448076537644e-132,-0.405475888379048,CENPV,11,322
68,1.06922743416881e-132,5.97509448506115e-132,1.04571586189319,JAK1,11,21
69,1.87990168622608e-132,1.03530817502308e-131,1.01181664820288,CXCL14,11,23
70,2.81029649720556e-132,1.52558952705445e-131,-1.24151736689924,IGKC,11,378
71,2.12259029412697e-131,1.13603424192709e-130,0.758612118503644,CEACAM8,11,32
72,2.24884814889229e-130,1.18689207858201e-129,0.807439400349918,PDCD1LG2,11,29
73,4.38612764046908e-130,2.28318973065515e-129,-1.07773140643659,IGHG1,11,377
74,4.60669591797494e-130,2.36560060652767e-129,-0.288220355747819,GPR171,11,284
75,3.42345617822377e-128,1.73455113030004e-127,-0.180883171279098,NELL2,11,241
76,4.68294267314904e-122,2.34147133657449e-121,-0.621388807276261,KLRK1,11,352
77,5.31420326625361e-120,2.62259381970964e-119,0.994099716198163,ITGA1,11,25
78,7.429945638611e-120,3.61971710599001e-119,-0.525771320667581,SYK,11,342
79,1.25834366164849e-116,6.05279229653716e-116,-0.449030782391115,LCK,11,330
80,7.5785570650463e-116,3.59981460589691e-115,-0.319058801323813,TOX,11,291
81,2.89468054747216e-115,1.35799828153012e-114,0.914987053257394,IL4R,11,27
82,2.42484939737775e-114,1.12371069634579e-113,-0.188477010901215,CXCL1,11,242
83,1.40677663374267e-113,6.44066410629156e-113,-0.195487271123619,LIF,11,248
84,4.0177585474555e-113,1.81755743813462e-112,-0.196678505072694,MS4A1,11,250
85,1.04997459509937e-112,4.69400407220886e-112,-0.100331666480105,PLD4,11,200
86,1.29058036262054e-110,5.70256439297451e-110,-1.02747320953378,SDC1,11,376
87,1.69559751073731e-108,7.40605809287553e-108,-0.420599748652608,IL7R,11,326
88,1.88161112139487e-107,8.12513893329602e-107,0.534037052748016,GATA2,11,42
89,2.1264663930026e-107,9.0792947116964e-107,-0.36199280728658,GZMK,11,309
90,3.97220552096275e-107,1.67715344218425e-106,-0.149301566398781,NOTCH3,11,232
91,3.15399839887608e-105,1.31705427645375e-104,0.534119029461741,SOX17,11,41
92,2.55281481239816e-102,1.05442350946879e-101,0.626808530240667,NOD1,11,35
93,1.56194955694878e-101,6.38215948000568e-101,-0.386712436762435,CD247,11,316
94,2.8434693654132e-101,1.14948761580533e-100,-0.328387907363663,SLC1A3,11,297
95,8.00630330254676e-101,3.20252132101871e-100,1.00903220011352,CXCL12,11,24
96,2.30895832399027e-100,9.13962669912812e-100,-0.527678820678571,PLA2G7,11,343
97,2.53339580103024e-100,9.92464334424212e-100,-0.486078294612148,FCMR,11,337
98,4.40322381272518e-100,1.70737249881182e-99,-0.210285888314808,CXCR4,11,256
99,2.37206286981756e-98,9.10488778313819e-98,0.592236284203676,PTGS1,11,36
100,5.77226334982022e-98,2.19346007293167e-97,-0.248846743198362,RNF43,11,277
101,1.71784088092382e-97,6.46316371040638e-97,-0.689272506126685,JCHAIN,11,361
102,3.02740300910993e-96,1.12785602300174e-95,-0.322298049851789,IRF5,11,293
103,5.78081707361432e-93,2.13272862910045e-92,-0.177013590301218,CD79A,11,237
104,6.63918710765528e-93,2.42585682779713e-92,-0.227156072425082,CTLA4,11,267
105,2.19611018549469e-92,7.94782733798081e-92,-0.336963156904126,TCF7,11,300
106,6.02063382100094e-91,2.15834042639654e-90,-0.351665158551689,SAMD3,11,306
107,2.09419161964928e-90,7.43731603239929e-90,-0.337264733678736,CD8B,11,301
108,5.7650823675537e-90,2.02845490710224e-89,-0.265253153883199,TRAT1,11,281
109,1.72325753207255e-89,6.00768680906029e-89,-0.619080383894725,IRF8,11,351
110,3.00512101273514e-84,1.03813271349031e-83,0.454116701770389,KIT,11,47
111,4.4336687083563e-84,1.51783253078865e-83,-0.570558366094182,CXCL9,11,346
112,1.97058060321029e-81,6.68589847517784e-81,-0.148379748180727,TREM2,11,231
113,2.50475054612408e-80,8.42305493386855e-80,-0.292185372533424,FASLG,11,286
114,1.0986326980368e-79,3.66210899345598e-79,0.761839053857694,CTSD,11,31
115,9.69916679580382e-78,3.20494207165693e-77,-0.110275431831178,CD19,11,205
116,6.29339538502572e-76,2.06162952268086e-75,-0.419968960454322,IGHM,11,325
117,4.89282871068444e-75,1.58912385475223e-74,0.771504094543069,IFIT3,11,30
118,1.01899196366699e-71,3.28149954401231e-71,-0.641012589483712,SSR4,11,354
119,1.75357679995298e-71,5.59965700825314e-71,-0.0700559102002246,CCR7,11,180
120,2.72898929142047e-70,8.64179942283156e-70,-0.560811529650347,CD8A,11,345
121,2.58062021179736e-68,8.1044271114298e-68,-0.485747604199687,FAS,11,336
122,8.72997556278397e-68,2.719172716277e-67,-0.219752415952541,EOMES,11,263
123,7.00137422698664e-66,2.16302618394711e-65,0.684148001582088,TGFB1,11,33
124,2.73500821852139e-65,8.38147679869466e-65,0.547479956619637,CD40,11,39
125,3.6049330218423e-65,1.09589963864007e-64,-0.441596579867321,IL2RB,11,329
126,1.09433098748636e-64,3.30036329559378e-64,-0.492393105663832,FKBP11,11,339
127,2.4742359552802e-64,7.4032256929644e-64,-0.27743140636294,CXCR6,11,283
128,5.01573974509731e-63,1.48904773682575e-62,-0.231633372267906,MGP,11,271
129,9.03811171841993e-63,2.66238949844931e-62,-0.617436571196215,PRDX4,11,350
130,1.36058468702852e-62,3.97709370054488e-62,-0.213117816115725,CCR5,11,257
131,4.97510921664552e-62,1.44316145215672e-61,-0.77108315285405,C1S,11,364
132,2.67301520201708e-60,7.69504376338254e-60,-0.65222197496217,IQGAP2,11,356
133,3.70873535060293e-59,1.05963867160085e-58,0.409481962348686,CD274,11,49
134,1.71703362821271e-58,4.86919984120029e-58,-0.117010182013961,BANK1,11,212
135,2.01023338215794e-58,5.6584347053334e-58,-0.134131597483191,GZMB,11,224
136,1.75501021755998e-57,4.90370501965286e-57,-0.161043588762795,TNFRSF17,11,233
137,1.82779068874848e-57,5.06978439214907e-57,-0.110807790256908,CXCR3,11,206
138,1.47843828807463e-56,4.07106195266925e-56,-0.0780570795838237,FCER1A,11,187
139,6.13620714652181e-56,1.67752425588366e-55,-0.674515290050904,XBP1,11,358
140,8.99779486197246e-56,2.44225860539252e-55,-0.395914937421644,DGKA,11,319
141,2.20589417666196e-55,5.94496302930174e-55,-0.178988931285796,TBX21,11,240
142,4.80712175754534e-54,1.28641286469524e-53,-0.548304124337128,IL10RA,11,344
143,3.87857034107409e-53,1.03066904168402e-52,-0.195236964348972,CST7,11,247
144,2.5090238168179e-52,6.62103507215835e-52,-0.088463821426006,SPIB,11,193
145,3.28858205307159e-52,8.61835296667036e-52,-0.366917387632186,GZMA,11,312
146,3.80896334916551e-52,9.91374022385548e-52,-0.230020711408461,PRF1,11,270
147,5.14883760001733e-52,1.33099203265754e-51,-0.244592896226924,ITGAM,11,276
148,6.76334629373677e-52,1.73653485920268e-51,0.534455681398294,COTL1,11,40
149,2.41360541295188e-50,6.15550373772961e-50,-0.126560298601148,CCL20,11,218
150,1.63671691657629e-48,4.14634952199324e-48,-0.429104337625914,VSIR,11,328
151,1.76297338844117e-48,4.43662177223607e-48,-0.325142156347767,CCL5,11,294
152,2.37539282868886e-48,5.93848207172215e-48,-0.236979983755565,VCAN,11,274
153,2.43901585020781e-48,6.05768642535274e-48,-0.234309094034564,LAG3,11,273
154,3.46460768055517e-48,8.5490319390322e-48,0.642734571588316,A2M,11,34
155,1.70812284023186e-47,4.18765599540711e-47,-0.114505107290556,CD37,11,210
156,5.24262373130437e-47,1.27704937044593e-46,-0.377999759561267,CD44,11,313
157,1.5781913664977e-46,3.81982623738295e-46,-0.355849038737256,FCGR2A,11,307
158,1.62672880328609e-46,3.91238572942224e-46,-0.660009194567781,APOE,11,357
159,2.51795360236125e-46,6.01775074778156e-46,-0.0799590046928499,PDCD1,11,188
160,1.11131917513955e-45,2.63938304095643e-45,-0.148058826133869,CTSW,11,230
161,1.98277392300841e-45,4.67983907293909e-45,-0.38977505504732,CXCL10,11,318
162,1.13264031332654e-44,2.65681061150667e-44,0.475308441961603,CD14,11,45
163,1.4969990354687e-44,3.48993640170615e-44,-0.168015296310048,CXCL13,11,234
164,5.97707974239132e-44,1.3849331110419e-43,0.587794091641495,MX1,11,37
165,2.25190786355485e-43,5.18621204939908e-43,-0.227953126783355,KLRD1,11,268
166,3.71148633998528e-43,8.49617354936391e-43,-0.215020658661357,CCL2,11,259
167,6.32794046894172e-43,1.43989064562746e-42,-0.257226142208122,CCL15,11,279
168,2.09677683627325e-42,4.74270951061808e-42,-0.2137392437842,ITGAE,11,258
169,3.07124663881001e-42,6.90576167306395e-42,-0.602993273520069,C1R,11,348
170,3.41957018603342e-42,7.6437451217217e-42,-0.298597137422887,CLEC12A,11,287
171,1.37387705289639e-41,3.05306011754752e-41,0.47021461068436,RB1,11,46
172,6.61839200547326e-40,1.46220288493015e-39,0.362996038376695,IL15RA,11,54
173,2.65093723470935e-39,5.82286791439052e-39,-0.093206310705425,CD40LG,11,196
174,8.76917220288783e-39,1.91510657304447e-38,0.497780053617437,HLA-B,11,43
175,1.25536775447027e-38,2.72594140970687e-38,-0.196489266470106,MKI67,11,249
176,5.04993175154546e-38,1.09032617362913e-37,-0.104495811937825,LILRA4,11,204
177,1.81826190385332e-37,3.90361312691672e-37,-0.37802069802593,IL18,11,314
178,2.15099504463421e-37,4.59201189303935e-37,-0.33812604815014,G0S2,11,303
179,2.1737541479258e-37,4.61467361012178e-37,-0.288303127162577,CDK6,11,285
180,5.06002916907907e-37,1.06822838013891e-36,-0.0598527623488113,IL22RA1,11,166
181,5.18704193771185e-37,1.08899223001685e-36,-0.261814860453539,CCL4,11,280
182,5.22135466610318e-37,1.0901729522633e-36,0.399436576797084,CXCL11,11,51
183,6.39881843698942e-37,1.3287163967519e-36,-0.29867083765945,NKG7,11,288
184,1.13386188235965e-36,2.34167127878625e-36,-0.104413462838211,CD1C,11,203
185,3.81494741732808e-36,7.83610820856577e-36,-0.145135109730413,GZMH,11,228
186,8.96022923716658e-36,1.83058446780822e-35,-0.310608262284755,CD276,11,289
187,1.17120397636857e-35,2.37998668994683e-35,-0.130115023980462,IGLC3,11,220
188,2.85204734950284e-35,5.76477655750579e-35,-0.0591269129663111,PAX5,11,165
189,1.01732388863526e-34,2.04541310942539e-34,-0.13131096586179,RGS1,11,221
190,1.44408713175749e-34,2.88817426351499e-34,-0.11787727437367,ORC6,11,213
191,2.19926117126544e-34,4.37549342974274e-34,-0.120266178766565,CD83,11,214
192,1.07956036666329e-33,2.13662989235444e-33,-0.0616302234671266,GPR183,11,169
193,3.26655427402972e-33,6.431557637986e-33,-0.0683240856355124,CXCR5,11,177
194,7.4239796921384e-33,1.45418158918176e-32,0.548265700975329,CD163,11,38
195,8.08862119419511e-33,1.57624413015083e-32,-0.0905793821234431,LAMP3,11,195
196,8.36653457191793e-33,1.62208323333102e-32,0.286101578062032,PLVAP,11,61
197,8.31035611725869e-32,1.60301285510574e-31,-0.326034952440205,SMAD3,11,295
198,1.07892911085917e-31,2.07067203094184e-31,-0.177947217959336,CD80,11,238
199,2.02135137256977e-31,3.85986694259557e-31,0.487335022964588,CTNNB1,11,44
200,9.27306661578815e-31,1.76188265699976e-30,0.354896748618752,RGS5,11,55
201,1.75956715168505e-30,3.32654486388218e-30,-0.080680154013465,DUSP2,11,190
202,1.07522785505387e-29,2.02270586594293e-29,-0.254381741227712,CDKN1A,11,278
203,4.71740926482902e-28,8.83061832825136e-28,-0.220422565646379,FGR,11,264
204,1.33488918940719e-27,2.48655829399377e-27,-0.320868803458068,LUM,11,292
205,3.52746632168376e-27,6.53871805970646e-27,-0.0953659241189491,CENPF,11,198
206,3.15283265974146e-26,5.81590490631922e-26,-0.169628655476708,SPARCL1,11,235
207,7.69737088840963e-26,1.41304393120563e-25,-0.0574170055315368,CCR6,11,162
208,2.1375779032117e-25,3.9051904000983e-25,-0.0997657377789848,CCL3L1,11,199
209,6.06266237412192e-25,1.10230224984035e-24,-0.200676101652042,STMN1,11,251
210,2.58414154847308e-24,4.67606565914175e-24,-0.0849136398585116,ID4,11,191
211,4.67988218599052e-24,8.42822384206826e-24,-0.22049461144295,SELL,11,265
212,1.14742524545451e-23,2.05670562864488e-23,0.440090380069581,DCN,11,48
213,3.66054279575301e-23,6.53054583279878e-23,0.379225315276783,C1QB,11,53
214,7.60590894503253e-23,1.35058196220204e-22,-0.104168136167573,CCR4,11,202
215,7.82691457280293e-23,1.38336164542563e-22,-0.0395797330656918,CCL11,11,150
216,3.5028495099443e-22,6.16242043416129e-22,-0.0715389911926924,CX3CR1,11,181
217,3.93176831758146e-22,6.88512424276936e-22,0.390897192542835,FCGR3A,11,52
218,6.36709609109704e-22,1.1098607865215e-21,0.399813046362326,STAT6,11,50
219,1.04419799099949e-21,1.81185039534159e-21,-0.133440309501368,TNFRSF9,11,223
220,1.70383305536578e-21,2.94298436835908e-21,-0.399420189468772,PTEN,11,320
221,4.43485316909252e-21,7.62553938576994e-21,0.290669329227998,PIK3CA,11,59
222,9.24629313515791e-21,1.58269882493694e-20,-0.342212685791773,C1QBP,11,304
223,2.36076609705203e-20,4.02283012053708e-20,-0.342375982924642,TNFRSF1B,11,305
224,3.40779854481314e-20,5.7810868170937e-20,-0.221879224129782,HAVCR2,11,266
225,4.94956218079976e-20,8.35926057201737e-20,0.122353404099899,FCER2,11,79
226,1.0979686375043e-19,1.84411324955282e-19,-0.385364830415472,STAT1,11,315
227,1.1016150201276e-19,1.84411324955282e-19,0.335163366266489,KRAS,11,56
228,1.37387928507007e-18,2.28979880845012e-18,-0.0376680494850229,MCEMP1,11,148
229,1.98101564610516e-18,3.28727487126621e-18,-0.175889114286499,ANXA1,11,236
230,2.46000481666234e-18,4.06435578405083e-18,-0.337740437347903,IFNGR1,11,302
231,4.24158947279176e-18,6.9775064920384e-18,-0.0599458361313778,ZNF683,11,167
232,5.77485303140678e-18,9.45881099971803e-18,-0.0273478005474338,MMP9,11,145
233,8.00735486476854e-18,1.305920535885e-17,0.115271438778991,BATF3,11,82
234,1.73518545302497e-17,2.81782253055337e-17,-0.0661369052879057,CXCL5,11,173
235,1.78461936194616e-17,2.88576747889166e-17,-0.0523310493217245,IL12RB2,11,159
236,2.32062565144273e-17,3.73660062520438e-17,-0.0443617084994828,TCL1A,11,154
237,7.26096846918271e-17,1.16420591489005e-16,-0.216326355168611,ENTPD1,11,261
238,1.19651804228105e-16,1.91040695826386e-16,-0.0742109096526204,UBE2C,11,183
239,1.842052883908e-16,2.92878701207131e-16,-0.0734767957020306,IL10,11,182
240,3.77935371507332e-16,5.98397671553276e-16,0.29627610641072,NF1,11,58
241,5.0960173908326e-16,8.03521414322152e-16,-0.0768170816005806,KLRC1,11,186
242,5.44008594384833e-16,8.54228371348087e-16,-0.336852719661641,LAMP2,11,299
243,7.6858366699468e-16,1.20190038460073e-15,0.188126304042296,GATA3,11,71
244,1.04553599017334e-15,1.62829375518798e-15,-0.210137345763125,FOXP3,11,255
245,4.5953638561547e-15,7.12750312383179e-15,0.302080687077478,ISG15,11,57
246,5.10123798324892e-15,7.87996111233573e-15,-0.0755849441451268,SOCS1,11,185
247,6.72697869355001e-15,1.03491979900769e-14,-0.19219098960121,CD86,11,245
248,1.27717031465727e-14,1.95695451439421e-14,0.170119743214713,FHIT,11,72
249,1.47414082130558e-14,2.24969281966313e-14,-0.139259072552464,JUN,11,226
250,1.55947263220729e-14,2.37039840095509e-14,-0.0554082089330092,CDKN2A,11,160
251,4.8897386027494e-14,7.40279151013854e-14,0.268990207702044,JAK2,11,62
252,5.53148695926806e-14,8.34113112905502e-14,-0.333174081877996,ARG1,11,298
253,2.45909513861407e-13,3.68481526444459e-13,-0.215179592787727,CD38,11,260
254,2.46300809781296e-13,3.68481526444459e-13,0.22923059381918,MIS18BP1,11,65
255,3.06233160623505e-12,4.56347455046792e-12,-0.269310112644842,MPEG1,11,282
256,3.08069856034384e-12,4.57291192551039e-12,-0.061858324772887,ACE2,11,170
257,5.12501962115948e-12,7.57785002350431e-12,-0.240112926347746,TXLNA,11,275
258,7.27769594622655e-12,1.06917273878949e-11,0.287097710857205,STAT2,11,60
259,7.2872562985915e-12,1.06917273878949e-11,0.230032660246337,VSIG4,11,64
260,1.3823765305927e-11,2.02039646778932e-11,-0.050980025211823,EGR3,11,158
261,3.31910895279959e-11,4.83241916499558e-11,-0.0866635114272701,CDKN2C,11,192
262,3.62162222082008e-11,5.25273451874669e-11,-0.068954865447573,NCAM1,11,178
263,3.87242749497931e-11,5.59514238818302e-11,0.0765396045290523,CDKN1C,11,85
264,8.60968242987771e-11,1.23927247096725e-10,-0.142302887156432,CCL21,11,227
265,1.14472287386382e-10,1.64148940403114e-10,-0.178964257975767,CCR1,11,239
266,2.18984667021987e-10,3.12835238602838e-10,-0.13237051926427,GPR34,11,222
267,2.32254778908791e-10,3.30549872604272e-10,-0.0576802699224543,GNLY,11,163
268,2.69340402263927e-10,3.81900570374224e-10,0.12064256642013,CCL28,11,81
269,2.93026757463352e-10,4.13941144372022e-10,-0.0672586984354929,CCL3,11,174
270,3.13893804928993e-10,4.41776466196361e-10,0.220178163344228,ICAM1,11,67
271,1.31678172110788e-09,1.8464097934354e-09,0.243610581519688,STAT3,11,63
272,1.44212899949946e-09,2.01473904341837e-09,0.194527888923882,ACTB,11,70
273,1.74169491066941e-09,2.42433723829441e-09,-0.19387833740702,TP53,11,246
274,2.54679541798468e-09,3.53205203954079e-09,-0.0382209969205469,CHIT1,11,149
275,3.90282894302479e-09,5.39299999399789e-09,-0.191953286007125,CTSS,11,244
276,4.45479312906945e-09,6.13341082987823e-09,0.061577412104451,TFF3,11,89
277,5.66328078845876e-09,7.76912165925751e-09,-0.114734013635398,PLEK,11,211
278,6.86277869797515e-09,9.38077663752e-09,0.147443277977731,IL15,11,77
279,1.42261282848502e-08,1.93760887033801e-08,0.195499475739831,KMT2C,11,69
280,2.43831620857471e-08,3.30914342592282e-08,-0.0602425169876719,P2RX1,11,168
281,3.06647367600638e-08,4.14683272911895e-08,-0.0413493951433367,FGF2,11,151
282,5.74757707694338e-08,7.74496201857619e-08,0.199068107762431,AIF1,11,68
283,5.82925282994668e-08,7.82726528402734e-08,-0.205248011780339,MYD88,11,252
284,1.03179880571571e-07,1.38057586680271e-07,0.223624665948885,CD47,11,66
285,2.58056076516342e-07,3.44074768688457e-07,-0.20925261581906,ACTA2,11,254
286,3.24320622220866e-07,4.3091551204171e-07,-0.0674809708697461,CDK1,11,176
287,3.5311209591058e-07,4.67535179254426e-07,-0.112335754855216,NCEH1,11,208
288,6.1578288436341e-07,8.12491305757277e-07,-0.067394980817045,LILRB4,11,175
289,7.13636462654616e-07,9.38345521829599e-07,-0.045971803659501,CDKN2B,11,155
290,1.28018349630051e-06,1.6774818227386e-06,-0.0275844406931912,TNF,11,146
291,1.47928668250502e-06,1.93171456821961e-06,-0.191847309553193,ATM,11,243
292,2.18414448643664e-06,2.84237981111617e-06,-0.113038431193439,KLRB1,11,209
293,4.27229660678392e-06,5.5408624934399e-06,-0.0160679978022914,AREG,11,137
294,5.19443687637992e-06,6.71389800348425e-06,0.142246291564468,BRAF,11,78
295,6.09963481422239e-06,7.8571567098458e-06,-0.088491812370021,GLIPR2,11,194
296,7.30123715340384e-06,9.37320985909951e-06,-0.101783455589173,FADD,11,201
297,8.05925810532701e-06,1.03115086869504e-05,0.148074329323564,JAK3,11,76
298,1.00092029906785e-05,1.27312355886062e-05,-0.0264658615335583,CXCL2,11,144
299,1.00174722131401e-05,1.27312355886062e-05,-0.0746001661226001,FCGR1A,11,184
300,1.28530100815588e-05,1.62804794366412e-05,-0.13621333276899,TUBB,11,225
301,2.98543528187197e-05,3.76898806349285e-05,0.168731354195647,S100A9,11,73
302,3.07858548865553e-05,3.87371684003014e-05,-0.0223921231852364,IL6,11,141
303,3.47177791761457e-05,4.35404491317999e-05,-0.0124389648493245,CD1A,11,128
304,4.26240404407881e-05,5.32800505509851e-05,0.161914083351513,CCL16,11,74
305,4.51213474774459e-05,5.6216760791572e-05,0.158272575245719,ID2,11,75
306,7.29884970589755e-05,9.06393100732374e-05,0.12133119474709,IFIT2,11,80
307,0.000110814549930039,0.000137164589489951,-0.126874358829923,ARPC3,11,219
308,0.000180603091127159,0.000222821995546496,-0.123756084195285,CDKN1B,11,216
309,0.000201760561797895,0.000248119784735276,-0.125734517074527,CDK12,11,217
310,0.000243307072992315,0.000298247379797032,-0.019084576990241,EPO,11,140
311,0.000269550952463875,0.000329354861531423,0.0391755348232036,HPGDS,11,95
312,0.000329164872436901,0.000400905934378277,0.039570304840054,CD79B,11,94
313,0.000491914619819914,0.000597212637481046,0.0446577067667206,NOSIP,11,93
314,0.000572282762221513,0.000692571495682086,-0.146340546525921,CD74,11,229
315,0.000618817298018194,0.000746509756339408,-0.121288109298674,AKT1,11,215
316,0.000672862991632543,0.000809139040570779,-0.0582368011532454,ESR1,11,164
317,0.000692018694900668,0.000829549224171148,-0.0802077181910428,PDGFRA,11,189
318,0.000817037208895977,0.000976333771636702,-0.0486606064208299,JUNB,11,156
319,0.000878841316900597,0.00104689561260886,0.0591802430244323,IL2RA,11,91
320,0.00105951632947407,0.00125817564125046,0.075682471085418,FABP3,11,86
321,0.0010748043191084,0.00127235402262053,-0.111948493228322,CSF1R,11,207
322,0.00129780493295546,0.00153157103889153,-0.0262538201921089,IL23A,11,143
323,0.00266168305248301,0.0031313918264506,-0.0115690067876288,FOS,11,127
324,0.00444429019969845,0.00521243912310312,-0.0124980394799228,CCL26,11,129
325,0.00468697915992981,0.00548016024853332,-0.0253540298596192,IL1B,11,142
326,0.0050826041129487,0.00592450786171935,-0.0948444119834249,ARID1A,11,197
327,0.00760455568682337,0.00883709835166019,0.0195088940902241,PGA5,11,101
1,0,0,-0.253215743905485,CDK1,12,133
2,0,0,-1.69203751144071,VEGFA,12,337
3,0,0,-2.11456799554327,PRDX4,12,355
4,0,0,-0.157798260728858,UBE2C,12,100
5,0,0,-2.72948506174516,CD47,12,365
6,0,0,-3.05945511202521,A2M,12,374
7,0,0,-1.73547866975668,CCL16,12,339
8,0,0,-0.168916939094768,BANK1,12,103
9,0,0,-2.79971761275703,LAMP2,12,369
10,0,0,-3.5976036542934,STAT1,12,380
11,0,0,-3.06667257112849,LAMP1,12,375
12,0,0,-2.53161599373759,STAT2,12,362
13,0,0,-1.48225755228411,CDK12,12,324
14,0,0,-2.22811803045928,FN1,12,357
15,0,0,-2.3852381396784,IQGAP2,12,361
16,0,0,-1.88645020359073,C1QBP,12,347
17,0,0,-1.27104332511395,NT5E,12,302
18,0,0,-1.80160963507948,ID2,12,343
19,0,0,-1.02235937237675,EGFR,12,281
20,0,0,-2.32344120838514,STAT6,12,358
21,0,0,-3.34023820630947,CTSD,12,378
22,0,0,-1.95312300597085,SSR4,12,350
23,0,0,-1.64913407479368,TXLNA,12,334
24,0,0,-2.37903788142363,IFNAR1,12,360
25,0,0,-1.29037830196201,FKBP11,12,306
26,0,0,-1.67998672904418,PSMB10,12,336
27,0,0,-1.2961732306033,ERBB3,12,311
28,0,0,-0.171952790246169,CENPF,12,105
29,0,0,-2.19250273245631,ATM,12,356
30,0,0,-3.05617602296529,NOTCH2,12,373
31,0,0,-1.99348242419532,JAK1,12,351
32,0,0,-1.25361819364839,IL4R,12,301
33,0,0,-0.815241410797845,TMPRSS2,12,256
34,0,0,-2.35157839085625,CTNNB1,12,359
35,0,0,-1.88164198325953,ITGA1,12,346
36,0,0,-1.28889137544567,CXCL9,12,305
37,0,0,-2.05460930675768,STAT3,12,354
38,0,0,-1.19960512039641,TUBB,12,296
39,0,0,-1.36849175464628,NF1,12,321
40,0,0,-0.568550657059626,CCL15,12,213
41,0,0,-1.34348870908942,ERBB2,12,318
42,0,0,-1.29609930298768,TP53,12,310
43,0,0,-0.735665504106366,CTSL,12,238
44,0,0,-3.20459340490405,HLA-B,12,376
45,0,0,-0.903930834665012,CD276,12,264
46,0,0,-0.9612907615739,CEACAM1,12,276
47,0,0,-1.85650689565714,MYD88,12,345
48,0,0,-2.75142746440257,XBP1,12,367
49,0,0,-1.33352186073084,CTSS,12,316
50,0,0,-1.02463725803449,CXCL10,12,282
51,0,0,-1.52319452949764,AKT1,12,327
52,0,0,-0.904307631340901,MET,12,265
53,0,0,-0.141260779946867,CD19,12,93
54,0,0,-1.53429030037875,CTSB,12,328
55,0,0,-2.73948980472742,PTEN,12,366
56,0,0,-1.1775928848287,ICAM1,12,292
57,0,0,-1.77902791928885,TUBA1B,12,340
58,0,0,-1.3559156416358,ARID1A,12,319
59,0,0,-1.29553916160796,ARPC5,12,309
60,0,0,-1.32442525814542,KRAS,12,315
61,0,0,-1.2987011880918,CDKN1B,12,312
62,0,0,-2.59223158040279,SDC1,12,364
63,0,0,-2.78698824301246,C1R,12,368
64,0,0,-2.53519665318581,CCND1,12,363
65,0,0,-1.30110053931259,ISG15,12,313
66,0,0,-1.22008243894856,SOS1,12,298
67,0,0,-1.92097519179716,IFNGR1,12,348
68,0,0,-1.2529278076606,JAK2,12,300
69,0,0,-0.937263337794608,SPON2,12,274
70,0,0,-0.611074179889372,CENPV,12,219
71,0,0,-1.78335383348478,IL1R1,12,341
72,0,0,-0.90142433341073,MIS18BP1,12,263
73,0,0,-1.04763636473939,SMAD3,12,284
74,0,0,-0.713172174182901,CDKN1A,12,236
75,0,0,-1.14248545559707,FAS,12,290
76,0,0,-3.2782384350501,IFITM3,12,377
77,0,0,-1.54761527772739,MX1,12,329
78,0,0,-3.46201316434321,ACTB,12,379
79,0,0,-1.27963161969187,CSF1R,12,304
80,0,0,-0.714747401818437,RORC,12,237
81,0,0,-1.66589748432212,NOTCH1,12,335
82,0,0,-1.33608588006149,IRF2,12,317
83,0,0,-0.675884848998011,CD40,12,229
84,0,0,-1.36725494945116,IRF8,12,320
85,0,0,-1.04274014688912,CD38,12,283
86,0,0,-0.277376147991793,TNFRSF13C,12,141
87,0,0,-1.49055443810367,TGFB1,12,325
88,0,0,-1.23690824263581,ARPC3,12,299
89,0,0,-0.252094975585197,MS4A1,12,132
90,0,0,-1.92601095869298,ANPEP,12,349
91,0,0,-2.03714568424297,ACTA2,12,353
92,0,0,-0.993477195653298,RB1,12,280
93,0,0,-2.00443977122565,ARG1,12,352
94,0,0,-1.27946091963642,STAT5B,12,303
95,0,0,-1.3199490199738,C1QB,12,314
96,0,0,-1.55452416934455,IFIT3,12,330
97,0,0,-2.84170960105657,C1S,12,370
98,0,0,-0.644805850370408,ICOSLG,12,224
99,0,0,-0.737144590210156,CDK6,12,239
100,0,0,-1.58080763983163,IL10RA,12,331
101,0,0,-0.916360831010621,CSF1,12,270
102,0,0,-2.87290608722239,APOE,12,371
103,0,0,-0.0787058008497825,PAX5,12,58
104,0,0,-0.921489445839948,BRAF,12,271
105,0,0,-1.1602434813353,KMT2C,12,291
106,0,0,-1.49059265379954,CD4,12,326
107,0,0,-1.62198324507848,IRF1,12,332
108,0,0,-0.968723963611806,PLA2G7,12,277
109,0,0,-1.05207747413156,CD68,12,286
110,0,0,-0.545339847486065,CD27,12,209
111,0,0,-1.10699479385793,IL18,12,289
112,0,0,-2.8740203240001,CD74,12,372
113,0,0,-0.385582952752369,MKI67,12,166
114,0,0,-0.91619907869836,G0S2,12,269
115,0,0,-1.63670479305906,TNFRSF1B,12,333
116,0,0,-0.60558415642993,FADD,12,218
117,0,0,-0.600733846233856,CXCL16,12,217
118,0,0,-0.811386715067639,BCL2,12,255
119,0,0,-0.701876130927219,HIF1A,12,233
120,0,0,-0.543488153248909,CDK2,12,208
121,0,0,-0.352467869010572,RNF43,12,159
122,0,0,-0.7433283154996,HAVCR2,12,241
123,0,0,-1.29116189711092,IL2RG,12,307
124,0,0,-1.69272008985993,MARCO,12,338
125,0,0,-0.485081926363205,ID1,12,198
126,0,0,-0.376894972240855,SOX9,12,165
127,0,0,-0.746424291393682,CD86,12,242
128,0,0,-0.82800093472363,CD14,12,257
129,0,0,-1.38287933791602,FCGR3A,12,322
130,0,0,-0.616230938178475,LY6E,12,220
131,0,0,-1.04777221998914,CCL14,12,285
132,0,0,-0.746485308875792,PIK3CA,12,243
133,0,0,-1.20514095756589,PTPRC,12,297
134,0,0,-0.80761707304081,IL1RAP,12,253
135,0,0,-0.990967998166142,CD3E,12,279
136,0,0,-1.18193025927677,AIF1,12,294
137,0,0,-0.889422422283501,IL2RB,12,261
138,0,0,-1.85178657000057,CD163,12,344
139,0,0,-0.518721475514565,STMN1,12,204
140,0,0,-0.674438882447151,CLEC12A,12,228
141,0,0,-0.356266971144083,FHIT,12,161
142,0,0,-0.913158185554316,VSIG4,12,267
143,0,0,-0.707172354962468,FOXP3,12,235
144,0,0,-0.430856800659865,JUN,12,179
145,0,0,-0.894035242582801,CD44,12,262
146,0,0,-1.17923646030786,CD8A,12,293
147,0,0,-0.344895904703132,ESR1,12,154
148,0,0,-0.8366926458352,CCR1,12,259
149,0,0,-0.556247976197447,NCEH1,12,212
150,0,0,-0.763737190970523,CMKLR1,12,247
151,0,0,-0.199067709325678,ORC6,12,113
152,1.1125369292536e-308,1.1125369292536e-308,-1.46987829321312,MPEG1,12,323
153,1.1125369292536e-308,1.11253692925361e-308,-1.09994336552803,FCGR2B,12,287
154,1.11253692925361e-308,1.11253692925361e-308,-1.19352571764601,CD2,12,295
155,1.1125369292925e-308,1.11253692934896e-308,-0.471762612467962,EPOR,12,196
156,1.11254398414829e-308,1.11255411425349e-308,-0.758948894550398,ENTPD1,12,245
157,1.11254703635874e-308,1.11256139231062e-308,-0.536504151685843,IL15,12,206
158,1.58396459321295e-308,2.2676267380322e-308,-0.838582591596732,COTL1,12,260
159,1.86544215799653e-305,4.45828943420578e-305,-0.760450164236722,GZMA,12,246
160,2.44195888083264e-298,5.7996523419777e-298,-0.751233610217509,TC2N,12,244
161,5.5035633096045e-296,1.29897767555888e-295,-0.635704839680438,CDK4,12,223
162,1.80632162095249e-294,4.23705071581439e-294,-0.933288942814061,JAK3,12,273
163,1.42258710741915e-290,3.31646074122264e-290,-0.676938490898692,FLT1,12,230
164,1.67818893995653e-289,3.88848656819174e-289,-0.660618302091747,LCK,12,226
165,1.69410240497794e-284,3.90156917510058e-284,-0.524493845035486,STAT4,12,205
166,6.72114446191757e-283,1.53857523827024e-282,-0.569943419073628,CCL4,12,214
167,8.92026660999339e-279,2.02976126454939e-278,-0.765766743337832,FCMR,12,248
168,1.43597946537376e-278,3.24804879072651e-278,-0.548616052396447,CXCL11,12,211
169,3.8911829723072e-278,8.74940549986224e-278,-0.458746599913561,IL15RA,12,190
170,4.38073464313238e-277,9.79223037876629e-277,-0.672058414204037,CD3D,12,227
171,6.96191630841641e-271,1.54709251298151e-270,-0.259509951498011,DERL3,12,136
172,1.21937071009831e-270,2.69395854556613e-270,-0.802108488970841,DGKA,12,252
173,1.30848227773682e-270,2.87412292219658e-270,-0.772628653063452,IFIT2,12,250
174,3.42007731146564e-264,7.46913435837357e-264,-0.591219622085495,RUNX3,12,216
175,1.01600882721512e-263,2.20619059623846e-263,-0.465701720266621,IRF4,12,191
176,1.3267340821269e-261,2.86453949550143e-261,-0.924940591678588,KLRK1,12,272
177,1.43308203779411e-255,3.07667330147877e-255,-0.468335294545554,IRF5,12,194
178,6.18023125468597e-255,1.31937521167448e-254,-0.773835583513906,SYK,12,251
179,1.73207529135732e-253,3.67703134478088e-253,-0.304122603130692,IRF3,12,144
180,1.59385048572318e-250,3.36479546985999e-250,-0.468229978894492,PDCD1LG2,12,193
181,2.23097213014847e-245,4.6838088920242e-245,-0.6470256479366,CCL5,12,225
182,3.47621543622618e-244,7.25803222948343e-244,-0.496611498750867,CD8B,12,200
183,1.83722003347707e-242,3.81499241924194e-242,-0.0661355221414033,FCER2,12,46
184,4.11116468393957e-242,8.49044880378791e-242,-0.45339770262384,CXCR6,12,185
185,3.17103731360386e-241,6.51348204956438e-241,-0.586267542855529,TIGIT,12,215
186,6.25962890404785e-241,1.27884891588069e-240,-0.421735007605634,LAG3,12,176
187,1.25524839249763e-239,2.55077213448717e-239,-0.418800874447493,TOX,12,174
188,1.60374861676004e-238,3.24161954451496e-238,-0.237673596003199,LIF,12,127
189,1.79918535985017e-236,3.61740971821728e-236,-1.80072785372548,CXCL12,12,342
190,2.52461768597579e-234,5.0492353719513e-234,-0.946411482057486,VSIR,12,275
191,2.61279550251587e-232,5.19823188982199e-232,-0.240011650349807,CDKN2C,12,128
192,1.58732733352147e-229,3.14158534759445e-229,-0.243892172340741,LILRB4,12,130
193,2.44086794081486e-227,4.80585397673393e-227,-0.35600235643879,CD80,12,160
194,2.42704789713768e-226,4.75401134490869e-226,-0.401389691937884,CCR2,12,171
195,1.20272391547121e-215,2.34376968143112e-215,-0.540316206453259,CD247,12,207
196,1.92492297040417e-213,3.73199351404893e-213,-0.436435584149104,FABP3,12,182
197,4.45278096232285e-213,8.58912063798294e-213,-0.0857724027237678,CD79B,12,64
198,2.62412631771852e-212,5.03620202390427e-212,-0.915413167078928,CORO1A,12,268
199,5.24800157468411e-210,1.00213095395976e-209,-0.221538131814321,CD79A,12,121
200,4.3948528829045e-209,8.35022047751846e-209,-0.375082014536234,CCL2,12,164
201,1.09608479568121e-207,2.07220011123814e-207,-0.317825735734173,CCR5,12,149
202,3.43230426130132e-201,6.45680999650752e-201,-0.421034684192709,CD28,12,175
203,1.46244942074188e-200,2.7375900486794e-200,-0.228843014530859,EPCAM,12,125
204,3.89899171621551e-200,7.26282770667614e-200,-0.466363751712546,MZB1,12,192
205,1.39701653289067e-195,2.58959162194373e-195,-0.630198323799701,NKG7,12,222
206,5.80746077095102e-195,1.07127917134049e-194,-0.408259687671649,CXCL6,12,172
207,4.89356631202286e-193,8.98335844719197e-193,-0.440116811961844,SLC1A3,12,183
208,2.06403164433541e-191,3.77082704253585e-191,-0.704911594700249,CXCL14,12,234
209,1.92166154751909e-187,3.49393008639844e-187,-0.618673024479783,LILRB2,12,221
210,1.3770443613704e-186,2.49179455867026e-186,-0.436020385067216,CLEC10A,12,181
211,7.83347078971388e-186,1.41076725122813e-185,-0.255386788361368,FCRL3,12,135
212,1.53748264975219e-184,2.75586512691427e-184,-0.477493928954786,GZMK,12,197
213,1.66564399418826e-184,2.97157144503065e-184,-0.242383020505747,CCL28,12,129
214,1.01613862490644e-182,1.80435830590863e-182,-0.331380409897531,NOD1,12,151
215,1.08309388028901e-181,1.91430546283638e-181,-0.424772566296511,PLEK,12,178
216,5.60983055296716e-174,9.8691463431827e-174,-0.454649384109715,TCF7,12,186
217,3.56791139464751e-173,6.24795543763143e-173,-0.330026970206995,CEACAM8,12,150
218,1.0514164575577e-167,1.83274428381613e-167,-0.457604291410857,GPR34,12,188
219,1.17736111432869e-165,2.04290969609547e-165,-0.679125676974103,FCGR2A,12,231
220,2.45037014734937e-165,4.23245752723988e-165,-0.345915119708683,TRAT1,12,156
221,9.08455189440087e-164,1.56204964700106e-163,-0.392272105602911,KLRD1,12,168
222,2.00309346708719e-162,3.42871854726637e-162,-0.214533268354147,CXCL1,12,115
223,2.8093458892442e-162,4.78722617898124e-162,-0.313964395767073,FCGR1A,12,148
224,8.0783967735443e-161,1.37044230979767e-160,-0.457774174268829,ANXA1,12,189
225,9.58140036750071e-161,1.61819206206679e-160,-0.394889203246451,GLIPR2,12,169
226,3.84982672665605e-158,6.47315998287297e-158,-0.36312927032777,PRF1,12,162
227,4.55138895037184e-158,7.61906520326572e-158,-0.274598092794886,TNFRSF9,12,140
228,1.93739056807219e-157,3.22898428012029e-157,-0.34782998411676,GATA3,12,157
229,1.44170802962644e-155,2.39235393562461e-155,-1.10155102713568,DCN,12,288
230,4.03077749532193e-155,6.65954542705345e-155,-0.46905917742928,FGR,12,195
231,7.06459645946268e-147,1.16214140891597e-146,-0.342609367599919,SOCS2,12,152
232,2.36136528133886e-145,3.86775347805496e-145,-0.251817332765563,TBX21,12,131
233,3.26617673961691e-145,5.326811850019e-145,-0.508313286277848,KLRB1,12,202
234,1.08566233810066e-143,1.76304140375324e-143,-0.217955047487555,TNFRSF17,12,117
235,6.32957059034662e-143,1.02350503163053e-142,-0.0763217241808476,IL22RA1,12,53
236,1.84588137885258e-141,2.97218188120337e-141,-0.109267088988481,SPIB,12,76
237,2.39603198784986e-139,3.84173905224879e-139,-0.31194789563026,SOCS3,12,147
238,2.85278868610664e-139,4.55487269210299e-139,-0.388169012272084,FASLG,12,167
239,5.31577677463259e-139,8.45186265422751e-139,-0.363507587155898,VCAN,12,163
240,4.80408195779793e-138,7.60646309984657e-138,-0.455448550404672,SAMD3,12,187
241,6.67258021016221e-138,1.05210808293017e-137,-0.181156539314735,TREM2,12,107
242,3.44400567906041e-137,5.4079428018303e-137,-0.311849749911612,SPARCL1,12,146
243,1.03408356851158e-133,1.6170854157794e-133,-0.742939992196459,LUM,12,240
244,1.42853825608073e-133,2.22477269389618e-133,-0.214415362000787,CTSW,12,114
245,1.41215609311306e-130,2.19028291993051e-130,-0.905130914274509,JCHAIN,12,266
246,2.2970251605838e-128,3.5482502480563e-128,-0.0617443098602169,CXCL2,12,45
247,8.54927775981e-128,1.31527350150927e-127,-0.156309159844252,FLT3LG,12,99
248,9.66585016140773e-128,1.48105768602216e-127,-0.295325682602288,EOMES,12,143
249,4.37502535387844e-125,6.67674551997498e-125,-0.989097036599481,IGHG3,12,278
250,3.42864357494546e-124,5.21153823391713e-124,-0.499362069945838,RGS5,12,201
251,3.29533967846136e-121,4.98896046938375e-121,-0.345511899643681,ITGAE,12,155
252,4.74858684808347e-121,7.16056746933217e-121,-0.492821235325924,IL7R,12,199
253,1.97740903312104e-119,2.97002147267191e-119,-0.221281743224466,PTGS1,12,120
254,4.28438043272649e-119,6.40970300959063e-119,-0.163286900244375,NOTCH3,12,101
255,3.66943006057771e-118,5.46817028635101e-118,-0.176182133048253,IL13RA2,12,106
256,6.18064828225961e-118,9.17439979397924e-118,-1.29330202965615,IGFBP7,12,308
257,6.77156218245079e-118,1.00124265732734e-117,-0.186812904068028,CD83,12,108
258,1.6981858449991e-113,2.50120395775056e-113,-0.271809791686383,CST7,12,139
259,3.281836703271e-112,4.81504998935523e-112,-0.545575506850286,IGHM,12,210
260,6.08400441489548e-111,8.89200645253944e-111,-0.111959837217751,CXCL5,12,80
261,1.0226784555849e-108,1.48895713839946e-108,-0.0665843973733211,TCL1A,12,47
262,1.35355161043511e-107,1.96316645788299e-107,-0.220442187939588,GZMH,12,118
263,2.89584009564666e-107,4.18410356024994e-107,-0.164216181576125,CCL20,12,102
264,6.85915471826489e-107,9.87302573083585e-107,-0.828609356199865,IGHG4,12,258
265,3.12748546124575e-105,4.48469613310713e-105,-0.307042683812019,GPR171,12,145
266,2.26643124702994e-104,3.23775892432852e-104,-0.691380990685821,SPARC,12,232
267,1.9669904402735e-103,2.79946204982744e-103,-0.447103626532592,PDGFRA,12,184
268,1.90329425808893e-99,2.69870081370821e-99,-0.25522840694969,CTLA4,12,134
269,2.48997295000001e-99,3.51743390706319e-99,-0.131513388705844,ID4,12,89
270,1.38152310105802e-98,1.94436584593349e-98,-0.233189731177978,CD274,12,126
271,2.32307333470831e-98,3.25744600438806e-98,-0.35082712843933,ITGAM,12,158
272,1.4621581681718e-94,2.04272097024e-94,-0.267368596108752,ADAM28,12,137
273,2.1458957454244e-94,2.98696111084716e-94,-0.224846662858061,IL2RA,12,123
274,7.66655600818053e-92,1.06324499383525e-91,-0.216689219362411,JUNB,12,116
275,1.07981973321925e-91,1.49211454044841e-91,-0.277827776138373,FEZ1,12,142
276,9.53777407063781e-89,1.31317179233418e-88,-0.0975951462615146,PDCD1,12,73
277,7.10482376043087e-88,9.74668963524823e-88,-0.267973629887945,IDO1,12,138
278,8.40591770953418e-85,1.14901033439674e-84,-0.220490552003731,PLVAP,12,119
279,2.16104503293633e-82,2.94335882622149e-82,-0.395183785443628,LTB,12,170
280,7.3912620137404e-82,1.00309984472191e-81,-0.808388117069427,IGHG2,12,254
281,8.04003572385497e-82,1.08726461746081e-81,-0.120530431255725,ACE2,12,84
282,8.38706591378675e-82,1.13017200256701e-81,-0.432958271136647,SELL,12,180
283,2.24234125460694e-79,3.01091758569129e-79,-0.188669105140626,RGS1,12,110
284,1.46900442676482e-76,1.96556930341772e-76,-0.138150876722783,CD1C,12,91
285,3.672528464238e-75,4.89670461898403e-75,-0.222466156889921,CXCL13,12,122
286,4.65369012517831e-73,6.18322464184537e-73,-0.145759006845991,NCAM1,12,96
287,8.72143493105276e-73,1.15475445080141e-72,-0.110769142492739,DUSP2,12,77
288,9.01253171901909e-73,1.1891534907039e-72,-0.112284611451261,NOSIP,12,81
289,9.35294636654366e-73,1.22979917622373e-72,-0.147969434777591,CCL3,12,97
290,5.49578556715805e-72,7.20137419144844e-72,-0.140677154529759,CD37,12,92
291,5.933274942498e-71,7.7479191688977e-71,-0.111337785240594,CDKN2B,12,79
292,2.590532867961e-65,3.3712414035109e-65,-0.0957693513806606,SOX17,12,71
293,1.79208881418651e-64,2.32421074877433e-64,-0.76698665231747,IGHGP,12,249
294,8.73657832541934e-64,1.12921760668687e-63,-0.132853762054576,SOCS1,12,90
295,1.14612842380251e-63,1.47636881710155e-63,-0.171274886474128,NELL2,12,104
296,1.30512236675021e-61,1.67549493028743e-61,-0.122205533730158,IL10,12,85
297,6.90959545873009e-60,8.84055984618676e-60,-0.122808502427321,CXCR3,12,86
298,7.70194387928203e-60,9.82127071854766e-60,-0.118201319266709,LAMP3,12,82
299,3.40924775195174e-54,4.33282322990523e-54,-0.516735447479417,ITGAX,12,203
300,9.21037420416756e-51,1.16664739919455e-50,-0.0773266232395349,IL23A,12,56
301,3.50799219273672e-50,4.4286944625912e-50,-0.0944497287861114,PLD4,12,70
302,4.08692846477232e-49,5.14249277024333e-49,-0.0963415003810467,CDKN2D,12,72
303,3.57374726095441e-48,4.48192725796264e-48,-0.107320375616478,CD40LG,12,75
304,1.65288496371749e-47,2.06610620464686e-47,-0.0809716373760669,CXCR5,12,60
305,4.33665595957239e-47,5.40304676930328e-47,-0.342875027988721,CXCR2,12,153
306,5.82836570533763e-46,7.23783976479837e-46,-0.0876635691583004,IL1B,12,66
307,4.04902194325834e-45,5.01181869198099e-45,-0.0837934043178117,ZNF683,12,62
308,2.26821574177745e-44,2.79844799310203e-44,-0.0863343278277929,CDKN2A,12,65
309,6.02315493342023e-44,7.40711609935174e-44,-0.0742084831014652,BATF3,12,52
310,3.64728956054376e-43,4.47087107421491e-43,-0.143444768696952,CCR4,12,94
311,1.29696572382209e-42,1.58471696158326e-42,-0.0717063350557016,CXCL3,12,51
312,1.55883390263802e-42,1.89857975321298e-42,-0.0691439040024288,CCR7,12,50
313,7.81265731960903e-42,9.48501527620263e-42,-0.144021045562318,LILRA5,12,95
314,6.4593651253294e-40,7.81706607523937e-40,-0.0801447183024252,GATA2,12,59
315,1.13051165884438e-39,1.36379184241543e-39,-0.118603649833771,KLRC1,12,83
316,2.73391807462712e-39,3.28762300113388e-39,-0.0773217582705716,FGF2,12,55
317,1.60856137367295e-37,1.92824391796757e-37,-0.152208406018392,IGLC3,12,98
318,1.90160991708079e-34,2.27236405185756e-34,-0.0688433472941195,GPR183,12,49
319,2.51396058612972e-34,2.9946865916279e-34,-0.067782582934975,CCR6,12,48
320,7.71556502165924e-34,9.16223346322036e-34,-0.0510875811186327,TNF,12,40
321,1.8665635566536e-33,2.20963910133448e-33,-0.0923437733719829,CX3CR1,12,69
322,3.27954216275562e-33,3.87026714859357e-33,-0.190138986693954,KLRF1,12,111
323,5.10268164941307e-33,6.00315488166246e-33,-0.126758845745365,CCL3L1,12,88
324,2.28032852738227e-30,2.67445938396688e-30,-0.125174443318828,GZMB,12,87
325,1.0400760869933e-29,1.2160889632537e-29,-0.110907062055988,LILRA4,12,78
326,6.15899472918059e-28,7.17919631008781e-28,-0.078353737443242,EGR3,12,57
327,1.39523550621615e-27,1.62137459437963e-27,-0.0548011936194538,CDKN1C,12,41
328,6.76998281815983e-27,7.8432727771364e-27,-0.0770414698314202,CCL8,12,54
329,1.58527484562452e-25,1.83101653901921e-25,-0.0907363912952396,GNLY,12,68
330,2.36981795801594e-22,2.72888128498804e-22,-0.0830723974853706,KIT,12,61
331,3.92982860088942e-22,4.51158570494859e-22,-0.187513569521697,MGP,12,109
332,1.5099676664222e-21,1.72827624470011e-21,-0.0565344214952324,CHIT1,12,44
333,2.22947671162479e-19,2.5441475988511e-19,-0.41494713069287,S100A9,12,173
334,2.4297047779755e-19,2.76433477733739e-19,-0.0890625767577695,S100B,12,67
335,3.43558214569566e-18,3.89707825481897e-18,-0.225300809477014,CCL21,12,124
336,2.54545497600782e-17,2.87878836572314e-17,-0.192300632926145,CCL19,12,112
337,1.91884139730658e-16,2.16367872693324e-16,-0.0363474326370111,EPO,12,36
338,4.05980554649753e-15,4.56427842505639e-15,-0.0352857949414242,IL4,12,35
339,7.51110171143971e-14,8.41952404232179e-14,-0.0369369064007725,IL6,12,37
340,1.45076325299298e-13,1.62144128275686e-13,-0.0553736293689955,IL12RB2,12,43
341,3.58773722609081e-13,3.99806494403081e-13,-0.421760383322458,IGHG1,12,177
342,2.87269880222133e-12,3.19188755802369e-12,-0.0844370485720381,P2RX1,12,63
343,1.02225315329197e-11,1.13252535933221e-11,-0.0268091478976223,MMP9,12,31
344,1.3911602674289e-10,1.53674680704355e-10,-0.055169526833732,FCER1A,12,42
345,1.65865442691295e-10,1.82692371659977e-10,-0.0371467241673502,CCL13,12,38
346,6.70893377763306e-09,7.36819316618661e-09,-0.0461009019243795,HPGDS,12,39
347,7.7548532203898e-09,8.4923464661329e-09,-0.101065425976888,CXCR4,12,74
348,1.55319648509309e-08,1.69601915038901e-08,-0.0199842065354625,ERBB4,12,26
349,5.41135633876277e-08,5.8920212284523e-08,-0.0322161507435948,TFF3,12,34
350,2.03135112007234e-07,2.20546693036426e-07,-0.0315733575417868,CCL11,12,33
351,2.95032372497769e-07,3.19408266521801e-07,0.350380006563245,IGKC,12,1
352,3.44969125499971e-07,3.72409851392014e-07,-0.0262336396338491,MUC5AC,12,30
353,9.22325169093756e-07,9.92871286843136e-07,-0.0160973792649438,CD1A,12,22
354,8.3605967647383e-06,8.97465189435185e-06,-0.0221492451282888,PGA5,12,27
355,1.16948324255519e-05,1.25184121738302e-05,-0.0173523296803059,IL1A,12,24
356,3.29946191318656e-05,3.52189754778341e-05,-0.0168210352655227,FOS,12,23
357,4.74299042128488e-05,5.04856123274021e-05,-0.0269984967937431,MCEMP1,12,32
358,5.02197471542862e-05,5.33058768676781e-05,-0.0182782388499911,CCL26,12,25
359,0.000356032053830108,0.000376858441380059,-0.0159729733946056,AREG,12,21
360,0.000819638603419671,0.000865174081387431,0.0432924358419415,CXCR1,12,2
361,0.00146107772165563,0.00153797654911119,-0.0254863763479547,IL2,12,29
362,0.00149360249011213,0.00156787001724478,-0.00959991952946909,CDX1,12,15
363,0.00228001705751699,0.002386794715858,-0.0123697871074043,DMBT1,12,18
364,0.00516959667628431,0.00539683169502208,-0.0128442278191757,IL12B,12,20
365,0.00535831399446256,0.0055785186791665,-0.0233974600031792,CPA3,12,28
366,0.00902231773289691,0.00936743371175089,-0.0126931228877409,MMP12,12,19
378,0.556487271374136,0.559431648471354,0.00457790047073928,CEACAM6,12,3
1,0,0,-1.8646638472889,CCL16,13,358
2,0,0,-2.57631219106961,ARG1,13,375
3,0,0,4.55272028087175,IGKC,13,4
4,0,0,-1.38114370670333,ERBB3,13,339
5,0,0,-0.590872325460335,CCL15,13,256
6,0,0,-0.848447246797895,TMPRSS2,13,288
7,0,0,4.65209562168565,IGHG1,13,3
8,0,0,-1.29771909489139,NT5E,13,331
9,0,0,5.00450271955021,IGHGP,13,1
10,0,0,-2.26728798387354,ANPEP,13,368
11,0,0,4.79264446337388,IGHG2,13,2
12,0,0,-2.90461972053649,CCND1,13,377
13,0,0,4.18311599504538,IGHG3,13,5
14,0,0,-1.01659246791884,EGFR,13,310
15,0,0,-2.15578948976193,FN1,13,363
16,0,0,-2.5496414658103,LAMP2,13,373
17,0,0,-0.918845931031009,MET,13,298
18,0,0,-1.34304070907885,ISG15,13,337
19,0,0,-1.35326874831329,ERBB2,13,338
20,0,0,-0.970179586252113,CEACAM1,13,305
21,0,0,3.81059607690299,IGHG4,13,6
22,0,0,-2.19635282425614,IQGAP2,13,366
23,0,0,-1.550886082977,VEGFA,13,346
24,0,0,-1.7046862964684,ID2,13,352
25,0,0,-0.783346691562931,FOXP3,13,281
26,0,0,-0.730983859133587,RORC,13,274
27,0,0,-3.02949876103871,C1S,13,379
28,0,0,-2.09633019255167,STAT6,13,362
29,0,0,-1.79496342078132,MYD88,13,355
30,0,0,-0.876153390723415,IL1RAP,13,292
31,0,0,-0.499981869871373,ID1,13,238
32,0,0,-1.18217759237973,IL4R,13,327
33,0,0,-1.5168984056421,MX1,13,345
34,0,0,-2.49112379317111,LAMP1,13,371
35,0,0,-3.00863149815491,IFITM3,13,378
36,0,0,-1.10998775944793,CCL14,13,321
37,0,0,-3.14484428037297,ACTB,13,380
38,0,0,-2.55856848283701,C1R,13,374
39,0,0,-2.19030907281334,CD47,13,365
40,0,0,-1.2813282887173,NF1,13,330
41,0,0,-2.42141692672283,A2M,13,370
42,0,0,-1.55467288640421,IFIT3,13,347
43,0,0,-2.00948385144931,IFNAR1,13,360
44,0,0,-1.61927950918242,C1QBP,13,349
45,0,0,-0.920600320777605,G0S2,13,299
46,0,0,-2.68379078504488,STAT1,13,376
47,0,0,-0.596203225130459,CENPV,13,257
48,0,0,-0.852222694293275,CD276,13,289
49,0,0,-1.80940830152098,STAT3,13,356
50,0,0,-0.970036959909151,CXCL10,13,304
51,0,0,-1.66287650223378,ITGA1,13,351
52,0,0,-2.36458455562611,PTEN,13,369
53,0,0,-1.18265612717916,CXCL9,13,328
54,0,0,-0.684085717430096,CDKN1A,13,272
55,0,0,-1.73781939334038,IFNGR1,13,354
56,0,0,-1.94331185307969,CTNNB1,13,359
57,0,0,2.87064885109388,JCHAIN,13,7
58,0,0,-1.07219927863864,ICAM1,13,318
59,0,0,-2.53272444207106,APOE,13,372
60,0,0,-1.22832205177569,CDK12,13,329
61,0,0,-1.65576672251843,MARCO,13,350
62,0,0,-0.960032211289363,SMAD3,13,303
63,0,0,-1.32848802385958,CTSB,13,336
64,0,0,-1.4910616636342,NOTCH1,13,343
65,0,0,-1.31557641931616,AKT1,13,333
66,0,0,-1.51387967857168,IL1R1,13,344
67,0,0,-1.82046695567074,STAT2,13,357
68,0,0,-1.02293258420319,FAS,13,311
69,0,0,-0.661240046472653,CTSL,13,268
70,0,0,-1.14286937091488,KRAS,13,324
71,0,0,-1.15538832216282,ARID1A,13,325
72,0,0,-2.2000353368262,CTSD,13,367
73,0,0,-0.345980287224477,RNF43,13,201
74,0,0,-0.804252726965499,IFIT2,13,284
75,0,0,-1.0764807465944,JAK2,13,319
76,0,0,-2.08818754234236,NOTCH2,13,361
77,0,0,-2.17346546918826,HLA-B,13,364
78,0,0,-1.30731584998568,PSMB10,13,332
79,0,0,-1.43840531144258,TNFRSF1B,13,341
80,0,0,-0.877578542604944,VSIG4,13,293
81,0,0,-0.815449946707373,SPON2,13,286
82,0,0,-1.48615360109108,JAK1,13,342
83,0,0,-0.610165020608015,CD40,13,259
84,0,0,-1.05243947450019,ARPC5,13,316
85,0,0,-1.07741855314788,STAT5B,13,320
86,0,0,-1.02529456211522,TP53,13,312
87,1.11253752474028e-308,1.11253953022988e-308,-0.943029081700494,TUBB,13,301
88,1.11253846077795e-308,1.11254354265419e-308,-0.635070333219356,HIF1A,13,265
89,1.30434829343412e-307,5.56912754499975e-307,-0.788011482891485,CSF1,13,283
90,8.90707808886679e-304,3.76076630418836e-303,-1.31726041438431,TUBA1B,13,334
91,1.50932229767606e-303,6.30266453974601e-303,-1.06832359772666,IRF2,13,317
92,1.24135928333848e-300,5.12735356161558e-300,-1.73470810632189,SDC1,13,353
93,2.87370475539823e-297,1.17420194306596e-296,-1.15788632682434,TXLNA,13,326
94,1.61390275109774e-290,6.52428771720397e-290,-1.56042023437659,CD163,13,348
95,2.50767428915725e-290,1.0030697156629e-289,-0.448488667670335,EPOR,13,220
96,1.50335298087347e-276,5.95077221595761e-276,-0.941391462208964,KMT2C,13,300
97,4.72828364443748e-259,1.85231730400648e-258,-1.00620386495717,PTPRC,13,308
98,4.94783005700069e-256,1.91854634863294e-255,-0.0776051896600761,IL22RA1,13,104
99,5.37028907178173e-251,2.06132307805754e-250,-0.885013064145073,IL18,13,295
100,2.83814913197716e-245,1.07849667015137e-244,-0.952625524804936,CSF1R,13,302
101,2.40298553085343e-244,9.04093566063629e-244,-0.618160627063742,FLT1,13,260
102,1.74691191134469e-240,6.50810319912708e-240,-0.512723909698876,CXCL11,13,240
103,1.03654890166003e-239,3.82416099641568e-239,-0.342118708557602,SOX9,13,200
104,4.303474448885e-238,1.57242335632337e-237,-1.38171392409726,ACTA2,13,340
105,2.21799249241142e-234,8.02702044872665e-234,-0.735027737856177,BRAF,13,275
106,2.0053247100089e-232,7.18889990380582e-232,-1.32504394620911,ATM,13,335
107,5.3839091524097e-230,1.91204250272494e-229,-0.619482973415622,HAVCR2,13,261
108,2.69451394589925e-228,9.4806972170527e-228,-0.48779643768589,FGR,13,233
109,1.75074087086832e-225,6.10350028376133e-225,-0.625769023004307,PIK3CA,13,263
110,1.56757346938338e-224,5.41525380332417e-224,-0.653586759132909,CMKLR1,13,267
111,2.07159755505768e-220,7.09195559389118e-220,-0.479275780553155,STAT4,13,229
112,1.21654546930623e-218,4.12756498514607e-218,-1.04948943979803,FCGR3A,13,315
113,5.49504188382118e-218,1.84789019101951e-217,-0.874708702084745,SOS1,13,291
114,6.58730726127191e-218,2.19576908709062e-217,-0.523546490668035,LY6E,13,244
115,5.73423174218513e-217,1.89478961915678e-216,-1.0423849277964,TGFB1,13,313
116,2.69338031463059e-212,8.82314240999659e-212,-0.912008538089045,CTSS,13,297
117,6.02829701540148e-211,1.95790843235264e-210,-0.497129019428481,CXCL16,13,236
118,1.18074111169578e-208,3.80238663088481e-208,-0.229320777710444,LIF,13,160
119,8.76116059293668e-208,2.79768153387891e-207,-1.12806581182582,IRF1,13,323
120,3.7241184680212e-206,1.17930418154002e-205,-0.745933447853106,RB1,13,276
121,6.94917419480184e-206,2.1823852843179e-205,-0.458345806355923,CDK2,13,223
122,2.51125590411069e-204,7.82194461936103e-204,-0.883689577671295,ARPC3,13,294
123,4.39644623581415e-201,1.35825168260926e-200,1.32172795347821,MZB1,13,8
124,7.64529092517045e-199,2.3429117351329e-198,-0.30678293908267,ESR1,13,183
125,4.00215912052948e-191,1.21665637264097e-190,-1.01503518287728,CD4,13,309
126,3.63479024245716e-190,1.0962065810585e-189,-0.386177388037168,LAG3,13,212
127,4.87316923984798e-188,1.45811363082062e-187,-0.487100250431545,FADD,13,232
128,7.12877932794048e-186,2.11635636298237e-185,-1.12085009581434,PRDX4,13,322
129,1.03319960382253e-182,3.04353371668648e-182,-0.37212388084176,JUN,13,206
130,4.79388615717078e-180,1.40128979978841e-179,-0.453194352193914,IL15,13,221
131,8.32657232890513e-178,2.41534159159081e-177,-0.844034080504092,FCGR2B,13,287
132,8.90981468210387e-178,2.5649466509087e-177,-0.754027499077417,CD68,13,277
133,1.60052852612882e-177,4.5729386460824e-177,-0.678446412616133,COTL1,13,271
134,1.51287432886256e-175,4.2902406340879e-175,-0.665610254221257,CCR1,13,270
135,3.4866763538015e-174,9.81434825514489e-174,-0.545398074357785,CLEC12A,13,247
136,3.96265331725261e-174,1.10721195629119e-173,-0.632143041959292,CD14,13,264
137,1.40894016712895e-172,3.90800922269343e-172,-0.461647642902966,NCEH1,13,224
138,7.70889146367206e-172,2.12273822912714e-171,-0.493683935305318,ICOSLG,13,235
139,3.40152404766918e-170,9.29913049003076e-170,-0.486767471270049,CCL4,13,231
140,7.99585544416971e-169,2.17030362056035e-168,-0.854940866617412,AIF1,13,290
141,1.33327304173876e-162,3.59321812667183e-162,-0.888812079536064,IRF8,13,296
142,1.56294984824158e-162,4.18254184740696e-162,-0.517382171873831,CDK4,13,242
143,7.48853960963862e-162,1.98996157458926e-161,-0.623842191978445,FCMR,13,262
144,7.53702595150142e-161,1.98893740386848e-160,-0.98984147891173,IL10RA,13,307
145,9.71553888363147e-159,2.54614122467583e-158,-0.554809345457537,LILRB2,13,250
146,9.84463078386674e-155,2.56230116292423e-154,-0.808318793586796,CDKN1B,13,285
147,2.72116866697469e-152,7.03431356088705e-152,-0.300066153089433,FHIT,13,180
148,4.11882524619435e-152,1.05753621186071e-151,-0.663213524870571,IL2RB,13,269
149,7.20246400275476e-152,1.8368700141254e-151,-0.384670695586953,IL15RA,13,209
150,3.9389662072873e-148,9.97871439179444e-148,-0.758126154013893,CORO1A,13,278
151,1.79322674974862e-145,4.51275605896999e-145,-0.305934271367031,CEACAM8,13,182
152,1.72099256195403e-144,4.30248140488501e-144,-0.311868737370991,CD80,13,186
153,2.11774537618175e-144,5.25975975783688e-144,-0.166702552252632,CCL20,13,144
154,3.96544880650749e-141,9.78487367839534e-141,-0.520692026205311,CDK6,13,243
155,1.3170711498153e-139,3.22894862535371e-139,-0.978649778269713,MPEG1,13,306
156,2.63866997809088e-137,6.42752943381116e-137,-0.333768387225066,PRF1,13,196
157,9.43531369695749e-137,2.28370649990054e-136,-0.685321095972346,JAK3,13,273
158,1.50347206143028e-133,3.61594546419946e-133,-0.359018294270059,ITGAM,13,203
159,5.56217872282897e-131,1.3293257325e-130,-0.585128737830909,CXCL14,13,255
160,2.82789995648072e-130,6.71626239664154e-130,-0.563701212440237,BCL2,13,252
161,5.78215432494208e-130,1.36473207669438e-129,-0.530342910421271,NKG7,13,245
162,7.35389074020869e-126,1.72498671683904e-125,-0.22186791645984,JUNB,13,158
163,8.26242436838726e-124,1.92620936195536e-123,-0.292372617772887,NOD1,13,179
164,2.27015764645386e-123,5.26012137592969e-123,-0.553855623023595,TC2N,13,249
165,4.69831154913936e-123,1.08203538707454e-122,-0.784014896170197,CD8A,13,282
166,7.81489787295272e-123,1.7889525251337e-122,-0.770347304083265,C1QB,13,279
167,7.89013811048504e-123,1.79536076765528e-122,-0.212720912151082,LILRB4,13,157
168,2.91569346730212e-122,6.5950209379452e-122,-0.169757261208909,IL13RA2,13,145
169,2.7274659602503e-121,6.13276369760416e-121,-0.498471075017514,LCK,13,237
170,3.85269680321457e-118,8.61191050130299e-118,-0.370551183825836,PDCD1LG2,13,205
171,8.04746280537316e-118,1.7883250678607e-117,-0.537298198500717,ENTPD1,13,246
172,3.64237575443864e-115,8.04710922492239e-115,-0.652429908093292,CD3E,13,266
173,6.92961274225831e-115,1.52211146939775e-114,-0.308452001632671,SOCS2,13,184
174,4.5481117770878e-114,9.93265790398471e-114,-0.285111634204398,SPARCL1,13,177
175,8.64104850464289e-114,1.8763419610082e-113,-0.386060794078654,TCF7,13,211
176,4.50887266998171e-112,9.73506599200594e-112,-0.77091503905023,CD2,13,280
177,5.0522277600923e-112,1.08465906713846e-111,-0.552018333204468,MIS18BP1,13,248
178,6.27023219180608e-110,1.33858889487994e-109,-0.385968619757236,GPR34,13,210
179,7.97574891145079e-110,1.69317574656496e-109,-0.267874136679281,CCR5,13,175
180,2.08166743920444e-107,4.39463126054277e-107,0.859530187586355,IRF4,13,10
181,2.36685357330076e-107,4.96908485002376e-107,-0.35716011862237,CXCR6,13,202
182,2.96671069999067e-107,6.19423113184863e-107,1.03579739243021,IGHM,13,9
183,2.91126869288612e-105,6.045257395064e-105,-0.247031274587607,IRF3,13,165
184,9.60250845565302e-105,1.98312674627614e-104,-0.581459203418217,CD44,13,254
185,8.3195654441483e-103,1.7088837128521e-102,-0.486185878787598,CD86,13,230
186,2.15638906590439e-100,4.40552604862194e-100,-0.211154549381451,CCL28,13,156
187,4.42001377190364e-100,8.98184616750475e-100,-0.601483948769535,ITGAX,13,258
188,2.15243247922682e-99,4.35066139418184e-99,-0.517125725705833,GZMA,13,241
189,6.83835889156149e-97,1.37490813692771e-96,-0.467667116335537,CCL5,13,226
190,1.74931289501051e-95,3.49862579002102e-95,-0.263576657739461,FEZ1,13,172
191,1.0698046719446e-94,2.12840720072748e-94,-1.04804973585062,CD74,13,314
192,4.48007739272834e-94,8.86681983977477e-94,-0.332393416636592,FASLG,13,194
193,4.80114408680575e-94,9.45302980821859e-94,-0.466294969825819,CD3D,13,225
194,1.86189726503228e-92,3.6470152614034e-92,-0.289418899670907,GATA3,13,178
195,4.91056809215995e-90,9.5693121795937e-90,-0.321482058959376,KLRD1,13,191
196,5.06827443837295e-90,9.82624636011089e-90,-0.334311306378091,PLEK,13,197
197,2.09093295142718e-89,4.03327168295599e-89,-0.396883988595573,CXCR2,13,213
198,6.39347640698224e-89,1.22703082558246e-88,-0.401565965513642,CD247,13,217
199,1.02526982856838e-87,1.9578016826934e-87,-0.232734788684582,TNFRSF9,13,162
200,1.86710001391635e-87,3.54749002644104e-87,-0.260670095606255,FCGR1A,13,171
201,1.60044053768535e-86,3.0257084792061e-86,-0.337679632301421,IRF5,13,198
202,2.7025385298243e-86,5.08398337293688e-86,-0.316815211660429,GLIPR2,13,190
203,2.04066957357914e-84,3.81997260078856e-84,-0.332528305394605,SLC1A3,13,195
204,4.25806913238505e-84,7.93169740346232e-84,-0.403690216010821,KLRB1,13,218
205,4.63565432911781e-83,8.59292021982804e-83,-0.0586675425254801,CXCL2,13,89
206,5.68683685051325e-81,1.0490281568908e-80,-0.276596150672764,TRAT1,13,176
207,2.82287653644424e-80,5.18209219250633e-80,-0.0257704635268429,FOS,13,70
208,2.04670019349286e-79,3.73916381503504e-79,-0.489019818513947,FCGR2A,13,234
209,2.92526454843064e-78,5.31866281532843e-78,-0.255369355641903,SOCS3,13,169
210,4.41899140673474e-78,7.99627016456766e-78,-0.401436001934306,TIGIT,13,216
211,1.4099236874475e-77,2.53919905796231e-77,-0.399475048757812,RGS5,13,214
212,2.81569101054988e-77,5.0469933207969e-77,-0.572259259614496,KLRK1,13,253
213,4.95157642325524e-77,8.83379831378878e-77,0.562892347316493,IGLC3,13,11
214,2.15061643633803e-76,3.81885161592732e-76,-0.313488143336318,FABP3,13,189
215,2.78113715016368e-75,4.9154982188939e-75,-0.308508286937281,CD28,13,185
216,9.94675671695973e-71,1.74989238539107e-70,-0.382795560371146,RUNX3,13,208
217,2.23950536253748e-69,3.92171445974307e-69,-0.258318197570299,GPR171,13,170
218,3.22291903572817e-68,5.61793226411335e-68,-0.196840067862865,IL2RA,13,154
219,4.8176719510921e-67,8.35943078271696e-67,-0.472011813454657,DGKA,13,227
220,6.60853843691304e-66,1.14147482092136e-65,-0.328261730429907,ANXA1,13,193
221,1.09958168348486e-65,1.89068343766628e-65,-0.376980631028201,IL7R,13,207
222,4.08062468363026e-65,6.98485306206982e-65,-0.339903074325163,SAMD3,13,199
223,3.35094989760186e-64,5.71013883896277e-64,-0.138107870272317,CCL3,13,135
224,6.0596152167419e-64,1.02797043855444e-63,-0.183133710393507,PTGS1,13,149
225,2.28726797233533e-63,3.86294146438856e-63,-0.12789816213007,SOCS1,13,132
226,3.12359915862936e-62,5.25206938176615e-62,-0.198592509350955,CD274,13,155
227,4.59496259769916e-62,7.69200787280044e-62,-0.175458381973134,EPCAM,13,148
228,5.25665640443289e-62,8.76109400738807e-62,-0.233154593164749,EOMES,13,163
229,8.54696674262195e-62,1.41827395729098e-61,-0.362417352334621,SELL,13,204
230,3.3966719226137e-58,5.61189274170961e-58,-0.109418799700933,ACE2,13,119
231,4.09403506949711e-56,6.73477630480043e-56,-0.25296314325693,CCL2,13,168
232,4.68253686698072e-56,7.66967245453734e-56,-0.312854072056395,CD8B,13,187
233,7.86878534770059e-56,1.28332121550482e-55,-0.457590658546915,PLA2G7,13,222
234,1.63560808022136e-55,2.65611568582954e-55,-0.145764920046119,LILRA5,13,138
235,1.24982172677565e-53,2.02098832414785e-53,0.430675655667803,TNFRSF17,13,12
236,2.0822284268728e-53,3.35274068733758e-53,-0.313023176071248,GZMK,13,188
237,4.76687348807912e-53,7.64308829312268e-53,-0.11300304778462,IL10,13,123
238,9.69893785905427e-53,1.54856991026917e-52,-0.324812572018374,PDGFRA,13,192
239,1.71260624111317e-52,2.72297226620503e-52,-0.189576799146871,TBX21,13,152
240,2.10485463705149e-51,3.33268650866484e-51,-0.301532790837343,STMN1,13,181
241,2.67495635598746e-51,4.21777350736612e-51,-0.265294020402229,TOX,13,174
242,1.22215604028965e-49,1.91908799714902e-49,-0.110082056443031,S100B,13,120
243,8.87675118077724e-49,1.38813392950426e-48,-0.09910816179308,CDKN2B,13,115
244,3.87240804216028e-48,6.03079940992171e-48,-0.0678248505246638,CCR7,13,94
245,5.41502861815567e-48,8.39881989754752e-48,-0.0953291733090604,CX3CR1,13,113
246,5.70175411650159e-48,8.80758765963654e-48,-0.247776068583334,ITGAE,13,166
247,7.85412039820394e-48,1.2083262151083e-47,-0.477776174658621,VSIR,13,228
248,4.60647682951466e-47,7.05831127103057e-47,-0.561536406619049,S100A9,13,251
249,1.68324339031153e-45,2.56880517396942e-45,-0.149067284766661,NELL2,13,142
250,7.90635049654668e-45,1.2017652754751e-44,-0.143550333318656,CD83,13,137
251,8.46089473615873e-44,1.28093227081288e-43,-0.0697495716639625,CXCL3,13,97
252,3.4956846836767e-43,5.27127055475054e-43,-0.505323663026914,IL2RG,13,239
253,1.25839459780614e-41,1.89007884255467e-41,-0.171273429702698,FCRL3,13,146
254,3.31237612311404e-41,4.95552333379266e-41,-0.193122727851074,KLRF1,13,153
255,1.16954697281664e-38,1.74285431243263e-38,-0.146717263835175,RGS1,13,139
256,3.97487219702055e-38,5.90020091745238e-38,-0.189570460313889,CST7,13,151
257,2.86859544380626e-37,4.24150299084194e-37,-0.0797097319015652,CCL8,13,105
258,3.90794233279735e-37,5.75588405605808e-37,-0.0405536335533886,EPO,13,75
259,3.24316854334797e-36,4.75831678174608e-36,-0.0866471816708258,CDKN2D,13,108
260,7.38946028833705e-36,1.07999804214157e-35,-0.147360716896007,CTSW,13,141
261,7.57630078024631e-36,1.10306294884813e-35,-0.158219470840879,GZMH,13,143
262,1.00184677685056e-35,1.45306021069928e-35,-0.0941761812360457,GNLY,13,112
263,1.94048696944794e-35,2.80374543114151e-35,-0.116046057463147,NCAM1,13,126
264,7.00440913445375e-35,1.00821040571683e-34,-0.0750791743710393,GATA2,13,102
265,3.76113686556703e-34,5.39332833553009e-34,-0.242209353304243,CLEC10A,13,164
266,2.18933934301282e-33,3.12762763287544e-33,-0.230831873062109,CXCL6,13,161
267,2.51137383290508e-33,3.57423991199972e-33,-0.142454938014494,CXCL1,13,136
268,2.12392456247874e-32,3.01153482739521e-32,-0.0973671396768023,LAMP3,13,114
269,4.69899128993397e-32,6.63798026087322e-32,-0.107880363028867,KLRC1,13,118
270,5.24958626827324e-32,7.38830659979199e-32,-0.115505374324843,NOTCH3,13,125
271,7.20365141624722e-32,1.01010610264722e-31,-0.171858014832297,CTLA4,13,147
272,1.40304068776035e-31,1.96013037260638e-31,-0.0921916321360309,CD40LG,13,111
273,1.50526952585869e-31,2.0952469590707e-31,-0.18473572109395,IDO1,13,150
274,5.00554928070084e-31,6.94200265206683e-31,-0.048961479505885,TNF,13,83
275,8.680527614044e-31,1.19949108848608e-30,-0.118737800951358,GZMB,13,127
276,1.58404000160386e-30,2.18092463988938e-30,-0.0888517950815961,NOSIP,13,110
277,6.54816150789365e-30,8.98303744765191e-30,-0.0872048787925286,DUSP2,13,109
278,1.98563908651058e-29,2.71418292400727e-29,-0.252339836643854,LTB,13,167
279,1.19790617879589e-28,1.63155680266108e-28,-0.114917838826101,CCL3L1,13,124
280,4.81128850835673e-28,6.52960583276983e-28,-0.118889874054639,TREM2,13,128
281,1.13235457144969e-27,1.53129799697823e-27,-0.121909053882716,ORC6,13,130
282,1.8850079275954e-27,2.54008160456116e-27,-0.105594070627718,FLT3LG,13,117
283,7.07750340082252e-26,9.50336145693483e-26,-0.0733092067772722,EGR3,13,99
284,3.71494232859109e-25,4.97069748191765e-25,-0.0743471159449571,SOX17,13,100
285,6.20108811528512e-24,8.26811748704682e-24,0.25410776310868,DERL3,13,14
286,1.01966624561899e-23,1.35480130536789e-23,-0.147128133289693,CXCL13,13,140
287,2.72605768978622e-23,3.60941436278315e-23,-0.11165319693181,CCR4,13,122
288,5.04254538173115e-23,6.65335848978418e-23,-0.0992444113333984,CD37,13,116
289,1.23229034760408e-22,1.62031256778391e-22,-0.130367872102247,MS4A1,13,133
290,1.87289078755138e-21,2.45413275610182e-21,-0.0693127046745863,IL1B,13,96
291,3.64229371404129e-20,4.75625983276871e-20,-0.0744663994067756,CXCL5,13,101
292,1.39278298191035e-19,1.81252579837649e-19,-0.0479501557664744,CDKN1C,13,82
293,1.15113463998807e-18,1.49293912353402e-18,-0.264123299398349,SYK,13,173
294,6.51169247648535e-18,8.41647326892662e-18,-0.0727876460211726,KIT,13,98
295,7.61082752670761e-18,9.80377783101318e-18,0.194742731311677,CD79A,13,17
296,9.55154745602697e-18,1.22621217340887e-17,-0.0831877225006835,CXCR3,13,106
297,9.80725368370054e-18,1.25480013461488e-17,-0.0659961330733725,PDCD1,13,93
298,2.51405618018363e-17,3.20584345124086e-17,-0.433449792188413,CXCL12,13,219
299,8.9257435112061e-17,1.13437542951783e-16,-0.0856648036532581,CD1C,13,107
300,5.68266306604928e-16,7.19803988366243e-16,-0.120464567196272,PLVAP,13,129
301,1.10350036630136e-15,1.3931233860283e-15,-0.0539089403837664,BATF3,13,88
302,1.37961344716934e-15,1.73593745008063e-15,-0.400270256965345,XBP1,13,215
303,1.99162143903537e-14,2.49774305885624e-14,-0.0755199760414741,ID4,13,103
304,6.64601554744236e-14,8.30751943430294e-14,-0.0635117477117098,SPIB,13,91
305,1.5580965498383e-13,1.94123504570018e-13,0.391106256538435,IGFBP7,13,13
306,4.93185303779437e-13,6.12452338026753e-13,-0.0514762156720826,IL23A,13,85
307,2.30644316860233e-12,2.85488079501266e-12,-0.0532726367729537,FGF2,13,86
308,3.8603133362074e-12,4.76272424597017e-12,-0.0447924975353659,PAX5,13,79
309,4.73214479005479e-12,5.81946608485703e-12,-0.0532812181253585,CXCR5,13,87
310,8.82999013892587e-12,1.08238588799737e-11,-0.0313441852097384,IL4,13,71
311,1.84383194479151e-10,2.25291363029187e-10,-0.0468507993585648,GPR183,13,81
312,6.45776689557528e-10,7.86522891127757e-10,-0.0443203832843155,HPGDS,13,77
313,7.87295789378089e-10,9.55822364101194e-10,-0.222096559716259,FKBP11,13,159
314,2.74102816680578e-09,3.31716784517896e-09,0.235521265055083,LUM,13,15
315,8.15377370567455e-09,9.83629843859153e-09,-0.049475128504926,ZNF683,13,84
316,8.49850840399827e-09,1.02197252959473e-08,0.222682784052743,CD38,13,16
317,3.23656053606607e-08,3.87978865522116e-08,-0.0189298267978753,AREG,13,62
318,1.1708393772815e-07,1.39911623700305e-07,-0.131781084841314,CCL21,13,134
319,1.5116338979745e-07,1.80069241764988e-07,-0.111273794771855,VCAN,13,121
320,1.86475599252666e-07,2.21439774112541e-07,0.138588160564725,CCR2,13,19
321,2.20305480418464e-07,2.60797764981359e-07,-0.0222671753806934,MMP9,13,67
322,2.48177963967311e-07,2.92880827042169e-07,-0.0410939505417545,IL12RB2,13,76
323,2.51436665779964e-07,2.95807842094075e-07,-0.0152067040677119,CD1A,13,58
324,4.91600611694518e-07,5.7593305665739e-07,-0.0587963723632552,BANK1,13,90
325,4.92574324772768e-07,5.7593305665739e-07,-0.045009351734466,CDKN2A,13,80
326,5.97136698597657e-07,6.96048912475797e-07,0.125389928417939,MGP,13,20
327,9.37403573944519e-07,1.08933748654103e-06,0.0875228416982853,P2RX1,13,21
328,3.37253805623016e-06,3.90720872368128e-06,-0.0365195338912591,CCR6,13,72
329,1.44896704069508e-05,1.67357895277851e-05,-0.0217973792034873,MUC5AC,13,65
330,1.86454029190631e-05,2.1470463967406e-05,-0.0687868081240799,CDKN2C,13,95
331,4.50494082561236e-05,5.17183538892053e-05,-0.0162546497536441,CCL7,13,59
332,5.02433761235022e-05,5.75074786955748e-05,0.186927263987817,SSR4,13,18
333,0.000165966866496356,0.000189391619425271,-0.0227107483374025,TFF3,13,68
334,0.000178541192304375,0.000203130697831324,-0.037853057025756,PLD4,13,73
335,0.000185937251119186,0.000210913896791912,-0.0639171664381786,CXCR4,13,92
336,0.000537020113150224,0.000607344175586563,-0.124044178765575,SPARC,13,131
337,0.00056860594230754,0.000641158035836395,-0.00953031231227999,CDX1,13,51
338,0.00152773332587804,0.00171757001134217,-0.0234853425573684,FCER2,13,69
339,0.00312950841925715,0.00350800353781038,-0.0121764901675295,IFNB1,13,54
340,0.00711718701416579,0.0079545031334794,-0.0185825814896688,CCL13,13,61
1,0,0,3.73906744446891,IGFBP7,14,2
2,0,0,-2.33543921310065,ARG1,14,378
3,0,0,-1.31265698126376,ERBB3,14,365
4,0,0,-2.80154113502234,SDC1,14,380
5,0,0,4.51098866299441,SPARCL1,14,1
6,0,0,-0.805262594233108,TMPRSS2,14,333
7,0,0,-1.92728591260881,MARCO,14,376
8,0,0,-2.14250764349598,IQGAP2,14,377
9,0,0,-0.559041250764139,CCL15,14,296
10,0,0,-0.712408839613755,RORC,14,314
11,0,0,-1.9005020758844,ANPEP,14,374
12,0,0,3.17561203780103,FLT1,14,3
13,0,0,-2.64279359188842,APOE,14,379
14,0,0,3.02176280632041,PLVAP,14,4
15,0,0,-1.43544774170761,CCL16,14,367
16,0,0,-0.946404810226615,CXCL10,14,346
17,0,0,-0.723777665155804,FOXP3,14,315
18,0,0,-0.805899213039067,IL1RAP,14,334
19,0,0,2.93414801351025,RGS5,14,5
20,0,0,-0.808400785499539,CXCL14,14,335
21,0,0,-1.27888229481424,CTSB,14,364
22,0,0,2.24912843412626,MGP,14,7
23,0,0,-1.37584382016758,IL10RA,14,366
24,0,0,2.27305784638192,NOTCH3,14,6
25,0,0,-1.46108197899851,PRDX4,14,368
26,0,0,-1.12047243277017,PTPRC,14,357
27,1.1125369292536e-308,1.11253692925361e-308,-1.25011422109068,FCGR3A,14,362
28,1.1125369293452e-308,1.11253693049671e-308,-0.814609166850957,G0S2,14,337
29,1.13956067649235e-308,1.46664120341656e-308,-1.14008915505301,IL2RG,14,358
30,6.97938484011289e-302,8.84055413080952e-301,-1.03252470735415,CXCL9,14,351
31,9.62681445391343e-290,1.18006112660869e-288,-1.70354218837193,LAMP2,14,372
32,2.80976385810472e-289,3.33659458149923e-288,-0.780340613842843,SPON2,14,327
33,6.6917414857541e-281,7.70564171086842e-280,2.01165777327942,SPARC,14,8
34,1.80601120605146e-277,2.0184831126458e-276,-1.02371357730765,CTSS,14,350
35,4.40457716510002e-275,4.78211235068004e-274,-0.89304532196601,CD3E,14,342
36,8.94880344565704e-272,9.44595919263827e-271,-0.777526801033204,CCR1,14,326
37,7.04629571103824e-270,7.23673613566089e-269,-1.9006182415898,STAT1,14,375
38,3.46884074769849e-269,3.46884074769845e-268,-0.330202117568741,RNF43,14,247
39,1.51462338120436e-265,1.47578688425042e-264,-0.851530801555558,CD38,14,339
40,5.93465407342774e-263,5.63792136975655e-262,-1.84913204453637,CTSD,14,373
41,3.47629326622571e-257,3.22193034430659e-256,-0.894751430401456,KLRK1,14,343
42,2.18063032488015e-241,1.97295124632023e-240,-1.05010251098233,CD2,14,352
43,2.08986060945508e-239,1.84685356184409e-238,-0.784621073649072,IL2RB,14,328
44,1.46309826498579e-234,1.26358486521493e-233,-1.64886481450418,XBP1,14,370
45,5.40460397308368e-232,4.56388779949284e-231,-0.51429857484273,CENPV,14,282
46,1.50520921139786e-228,1.2434336963721e-227,-0.630588865919957,HAVCR2,14,306
47,6.79168266302409e-228,5.49114768499819e-227,-0.963221223415244,CSF1R,14,347
48,2.40720720141687e-227,1.90570570112163e-226,-1.23837543575179,MYD88,14,360
49,3.12219430404505e-221,2.42129354191252e-220,1.80238484325846,NOTCH1,14,9
50,3.15123386036459e-220,2.39493773387708e-219,1.44414110883161,SOX17,14,11
51,4.56898574725825e-213,3.40434232148644e-212,-0.685445866309706,CD14,14,308
52,3.68665294350817e-212,2.6940925356406e-211,-0.411008319451161,FASLG,14,266
53,4.75177361636617e-205,3.40693202682855e-204,-0.975317266430645,CD8A,14,348
54,3.68545960464485e-201,2.59347157363891e-200,-1.11771607815396,ID2,14,356
55,4.15385326805549e-198,2.86993498520202e-197,-0.978196973760058,IRF8,14,349
56,8.51984631247623e-198,5.78132428346593e-197,-1.60508435574499,NOTCH2,14,369
57,2.49831851306315e-196,1.66554567537542e-195,-0.582471798477521,LCK,14,302
58,2.21440839397041e-195,1.45081929260128e-194,-0.513910468350328,CCL4,14,281
59,1.71746914188134e-194,1.1061665659575e-193,-1.68413044717379,C1S,14,371
60,5.13365951813113e-194,3.25131769481633e-193,-0.469101678373203,STAT4,14,276
61,2.95460451678585e-189,1.84057330553869e-188,-0.944625375695287,C1QB,14,345
62,3.9721476611831e-189,2.4345421149187e-188,-0.537728255275597,TIGIT,14,290
63,6.58553213478245e-188,3.97222573209099e-187,-0.508132650547312,CD247,14,280
64,9.97826815963407e-185,5.92459671978284e-184,-0.789654674329914,CD68,14,330
65,7.36468286225431e-178,4.30550690408722e-177,-0.600294858125033,NKG7,14,304
66,1.02864006081524e-175,5.92247307742113e-175,-0.386592991010113,LAG3,14,262
67,7.90120728978705e-175,4.48128174644644e-174,-0.82579059812094,CORO1A,14,338
68,8.09296867561693e-170,4.52254131872721e-169,-0.416437458935159,IRF5,14,268
69,3.5484394262725e-167,1.95421301736751e-166,1.37374470366639,ENTPD1,14,12
70,1.75474450808401e-166,9.5257559010275e-166,-0.514705152914384,RUNX3,14,283
71,1.13037423842761e-164,6.04989029017584e-164,-0.56347825098548,CCL5,14,298
72,3.32639331851708e-164,1.75559647366174e-163,-0.575787457650303,LILRB2,14,301
73,1.27346513120299e-163,6.62899657338546e-163,-0.723961608774314,VSIG4,14,316
74,3.26576771916604e-159,1.67701585578796e-158,1.07553825719043,GATA2,14,18
75,9.18768125264299e-159,4.65509183467244e-158,-0.731237042188239,ITGAX,14,318
76,4.26794161133708e-158,2.13397080566852e-157,1.15386751615281,SOCS2,14,15
77,7.22285291782662e-157,3.56452481658985e-156,-0.403369975570713,CXCR6,14,265
78,1.49812334569991e-156,7.29854963289707e-156,-0.379576522155893,KLRD1,14,258
79,5.32759191001509e-156,2.56263914658958e-155,-1.06502269761785,MPEG1,14,353
80,7.82970869489781e-156,3.71911163007637e-155,1.09434347335872,ID4,14,17
81,1.08923307574197e-154,5.10998233064123e-154,-0.178129296995724,IL13RA2,14,199
82,1.31327809515143e-150,6.08592287997005e-150,-1.24254910564436,CD163,14,361
83,3.63227755793458e-150,1.66297044821097e-149,-0.689472101910455,PLA2G7,14,310
84,3.87770234169603e-150,1.75419867838628e-149,-0.540056086914309,CLEC12A,14,291
85,5.97100541968764e-150,2.66939065821325e-149,-0.788428283437492,FKBP11,14,329
86,1.39157121242018e-149,6.14880303162391e-149,-0.935387809948974,VEGFA,14,344
87,3.8359109886568e-148,1.67545537435583e-147,-0.770531964784048,IL18,14,324
88,4.24720302684554e-148,1.83401948886512e-147,-0.606474886316949,GZMA,14,305
89,7.82148488564892e-142,3.33951040061421e-141,-1.11660822882343,FN1,14,355
90,7.02734679930219e-140,2.96710198192755e-139,-0.468830624424356,CXCR2,14,275
91,1.60802669550822e-138,6.71483675047406e-138,1.49245880728413,ACTA2,14,10
92,2.5757217622276e-138,1.06388507570272e-137,-0.421472760966366,CD8B,14,271
93,1.72241993267671e-136,7.03784488620602e-136,-0.814486621774069,FCGR2B,14,336
94,1.42533808041829e-135,5.76200500594627e-135,-0.743438520272656,ICAM1,14,320
95,5.19188177583225e-135,2.07675271033291e-134,-0.31583024681267,GPR171,14,246
96,4.76714207860168e-133,1.88699373944654e-132,-0.340709261037611,PRF1,14,248
97,4.15473480892062e-132,1.62762806947409e-131,-0.307997142935021,SOX9,14,245
98,1.77475632982461e-129,6.88170821768734e-129,-0.433161179629546,SAMD3,14,272
99,8.8723938119903e-129,3.40556530157207e-128,-0.370706718340161,CD28,14,256
100,3.97787755252202e-128,1.51159346995835e-127,-0.531690246415992,CD3D,14,288
101,2.07503207905524e-126,7.80705138654461e-126,-1.20909156822286,CCND1,14,359
102,7.68879830569554e-126,2.8644542707494e-125,1.10728879039762,CCL19,14,16
103,8.96231360954443e-125,3.3064846326475e-124,-1.263449913159,C1R,14,363
104,1.07472451504167e-124,3.9268780357292e-124,-0.535454899287775,CD86,14,289
105,5.01314931678962e-122,1.81428260988578e-121,1.16680057468048,CCL21,14,14
106,1.0467208136221e-119,3.75239536958862e-119,-0.774045757670884,AIF1,14,325
107,2.78839856555322e-118,9.90272387766561e-118,0.998478807222969,ID1,14,19
108,1.4106344977678e-116,4.96334360325697e-116,-0.348603618953066,TOX,14,250
109,1.64495311042579e-115,5.73469891708063e-115,-0.396437242130812,CD27,14,263
110,2.90363245459582e-114,1.00307302976948e-113,-0.756786269406125,ISG15,14,321
111,7.63972679197531e-112,2.61540196482038e-111,-0.364286098550872,PLEK,14,252
112,1.58198940896175e-110,5.36746406612029e-110,-0.161087058823023,CCL3L1,14,195
113,3.71155124426057e-106,1.24813227683098e-105,-0.729740866350041,ERBB2,14,317
114,4.03150228924473e-106,1.3438340964149e-105,1.17573716834357,A2M,14,13
115,4.34591966870128e-106,1.43604302096217e-105,-0.246694323419315,TNFRSF9,14,228
116,4.36605518249818e-105,1.43025945633563e-104,-0.420508616681899,CXCL16,14,269
117,6.16482993204857e-105,2.00225245656281e-104,-0.470455774260955,CDKN1A,14,277
118,9.54631265905564e-105,3.07423628003484e-104,-0.273705190076579,EOMES,14,236
119,1.53252183004539e-104,4.89376718838019e-104,-0.562911388839386,SYK,14,297
120,3.83058749294687e-104,1.21301937276652e-103,-0.224409229216608,FCRL3,14,217
121,1.07029023741263e-103,3.36124206790748e-103,-0.556895433048668,FCMR,14,295
122,6.49117080318711e-103,2.02184008623863e-102,-0.587532444626618,EGFR,14,303
123,7.27892050398804e-102,2.24877218822397e-101,-0.383462103066803,TCF7,14,259
124,1.55334942788542e-101,4.76026437577795e-101,-0.873875392249262,IRF1,14,341
125,1.77138922881263e-101,5.38502325559042e-101,-0.15822964618994,CCL20,14,193
126,3.47517427932582e-101,1.04806843344746e-100,-0.301620305656822,GATA3,14,244
127,3.43295255361644e-99,1.02718265383799e-98,-1.07263806702419,LAMP1,14,354
128,6.49502786608402e-99,1.92821139774367e-98,-0.461522789852828,CTSL,14,274
129,1.33326982719111e-98,3.92746150645449e-98,-0.175102492603832,CD83,14,198
130,1.33103274784711e-97,3.89071110909152e-97,-0.268314046885024,ESR1,14,233
131,3.32176290025109e-96,9.6356481075986e-96,-0.643597780943622,FAS,14,307
132,1.41351815707761e-94,4.06921893704162e-94,-0.16774515411369,LILRA5,14,196
133,1.47548693782866e-93,4.21567696522479e-93,-0.412640423589575,CXCL11,14,267
134,2.48225847064305e-93,7.03924043913707e-93,-0.0718415281869398,IL22RA1,14,147
135,2.46673466730177e-92,6.94340128573826e-92,-0.530106271996155,IFIT2,14,287
136,4.81293618777113e-92,1.34479099364192e-91,-0.573754609556999,CD44,14,300
137,1.34164646949692e-91,3.72135517086738e-91,-0.223454701240936,TBX21,14,215
138,1.53724438828832e-90,4.23299179383739e-90,-0.548927192886657,CEACAM1,14,292
139,2.32990216941376e-89,6.36951672213828e-89,-0.529507258701189,FCGR2A,14,286
140,3.85722931229619e-89,1.04696224190897e-88,-0.179025684231975,NELL2,14,200
141,9.13398689962762e-89,2.46164185947411e-88,-0.150817832061127,CCL3,14,192
142,1.33641720037e-85,3.57632771930003e-85,-0.384948528827906,NCEH1,14,260
143,1.72120095981183e-85,4.57382073236716e-85,-0.376102286574354,GZMK,14,257
144,1.50014716925362e-84,3.9587216966415e-84,0.705608452809728,NOD1,14,23
145,6.93663106307758e-84,1.8178757268755e-83,-0.206748548952211,DERL3,14,211
146,1.29680288650562e-82,3.37524038953518e-82,-0.284095402272106,TRAT1,14,238
147,8.22718360053857e-82,2.12675494435694e-81,-0.741033312681732,PSMB10,14,319
148,9.57710319011568e-82,2.45898595421888e-81,-0.2447214809919,CST7,14,227
149,3.17180632384618e-81,8.08917049034606e-81,-0.272185941668293,CD80,14,235
150,3.5896432633854e-81,9.09376293390964e-81,-0.233757804604515,CTLA4,14,221
151,3.7276985531002e-80,9.38096324621231e-80,-0.853864300711649,ATM,14,340
152,5.00265047764531e-78,1.25066261941131e-77,-0.518107649539215,COTL1,14,284
153,5.57585305967724e-78,1.38485239390677e-77,-0.370293243026368,LTB,14,255
154,1.15652500864584e-77,2.85376300834685e-77,-0.109306916692017,DUSP2,14,168
155,9.63500614250584e-76,2.36213053816271e-75,-0.185594823016721,CTSW,14,202
156,1.23787462713728e-75,3.01533563020622e-75,-0.399541184776404,SELL,14,264
157,1.1000633883466e-74,2.66257380618921e-74,-0.483206506984226,TC2N,14,278
158,1.54656646967262e-74,3.71959024351639e-74,0.826009929615805,IFITM3,14,22
159,1.90934996740222e-72,4.56322633718766e-72,-0.197610465419036,GZMH,14,206
160,7.04140087872899e-72,1.67233270869814e-71,-0.701614176978983,S100A9,14,313
161,3.64665653207736e-71,8.60701541732555e-71,0.937192195015447,CTNNB1,14,20
162,5.25827321163665e-70,1.23342211137157e-69,-0.200773903936138,TNFRSF13C,14,208
163,1.47039202916202e-69,3.42790779804641e-69,-0.202876660071558,IL2RA,14,210
164,1.38971888515899e-68,3.22008034366108e-68,-0.238880165073625,CCR5,14,224
165,3.07519184481129e-68,7.08226000623199e-68,0.903092237082902,CCL14,14,21
166,3.35037530919908e-67,7.66953384033524e-67,-0.187503738388916,LILRB4,14,203
167,8.18952776674759e-65,1.86348536009825e-64,-0.369022722963437,LY6E,14,254
168,1.43771293656352e-64,3.25196973746507e-64,-0.686682153550373,IFIT3,14,309
169,1.44765470743596e-63,3.25508159068437e-63,-0.694313482196217,C1QBP,14,311
170,4.03149801047619e-63,9.01158378812333e-63,-0.800426239639501,STAT2,14,332
171,4.50747743606875e-63,1.00166165245972e-62,-0.241535261718634,FCGR1A,14,225
172,1.62440104817008e-61,3.58879301339903e-61,-0.768196609400572,IFNAR1,14,323
173,3.75473312429201e-61,8.24739067763569e-61,-0.697865554631348,SSR4,14,312
174,4.26503241818858e-61,9.3144386144347e-61,-0.569803491596907,ARPC3,14,299
175,3.39612886498012e-60,7.37445124967102e-60,-0.255657663489442,MKI67,14,230
176,5.61110982272353e-60,1.21148962081531e-59,0.430592938652459,FGF2,14,31
177,1.18488253135447e-59,2.54381560403784e-59,-0.36671035175618,KLRB1,14,253
178,1.73627498976864e-59,3.70665447253976e-59,-0.0881246214045152,CDKN2A,14,157
179,5.61122292815562e-58,1.19120933670342e-57,-0.288417834660387,CXCL6,14,240
180,4.12890579614919e-57,8.71657890298173e-57,-0.498237455232148,JAK3,14,279
181,4.05873866628133e-55,8.52110880213756e-55,0.469974313442147,KIT,14,29
182,5.96346112215134e-55,1.24511825627335e-54,-0.297116573307721,IRF4,14,241
183,2.89665413013114e-54,6.01491021557287e-54,-0.761055284097358,CD47,14,322
184,1.93764930034479e-53,4.00166703332078e-53,-0.519393505072207,NT5E,14,285
185,4.47173095580213e-53,9.18517709840435e-53,-0.0886943988579084,PDCD1,14,158
186,4.8514911384609e-53,9.91164856244698e-53,-0.122564379643049,KLRC1,14,177
187,8.79780326330833e-53,1.7877888984263e-52,-0.347791096929963,ICOSLG,14,249
188,1.3088044868246e-51,2.64545587762421e-51,-0.793065761362813,CD74,14,331
189,5.44452819342956e-46,1.0946670441816e-45,-0.272177783159212,FABP3,14,234
190,1.03763075020599e-45,2.07526150041198e-45,-0.549729564067177,AKT1,14,293
191,1.07290110145486e-45,2.13456763640234e-45,0.455975165469835,FEZ1,14,30
192,8.56282506694721e-45,1.69472579449998e-44,-0.247684150298453,ITGAE,14,229
193,5.82722799707102e-44,1.14732986470829e-43,-0.109722255937541,CXCR3,14,169
194,1.53589568326504e-43,3.00845546206556e-43,-0.261888510703139,ITGAM,14,231
195,3.562257510075e-43,6.94183514783842e-43,-0.300262818593395,FGR,14,243
196,1.31922929584013e-41,2.5576894511186e-41,-0.0824781172011106,IL1B,14,156
197,4.77255154026384e-41,9.20593698121961e-41,-0.123845610937514,NCAM1,14,178
198,6.07345776017869e-41,1.16561310548883e-40,-0.137067085726063,ORC6,14,183
199,3.43941620996043e-40,6.56772944615564e-40,-0.158443311729273,EPCAM,14,194
200,6.1291144509773e-40,1.16453174568569e-39,-0.549968397576808,MX1,14,294
201,1.71030392431011e-39,3.23341040416836e-39,-0.19911194050481,ADAM28,14,207
202,6.15959229336304e-39,1.15873518389998e-38,-0.0510252344360595,TNF,14,128
203,4.60482401071667e-38,8.61986760626771e-38,-0.112820198924357,SOCS1,14,173
204,5.38635056883274e-37,1.00333981184139e-36,0.377833380710235,PTGS1,14,34
205,2.88235581371699e-36,5.34290345957298e-36,0.529386505849038,CSF1,14,25
206,3.00721893649051e-36,5.54729706731256e-36,-0.105247171101685,IL10,14,166
207,5.69013206882818e-36,1.04456530732111e-35,-0.097176704610562,CD40LG,14,164
208,9.76372106065208e-36,1.78375673223452e-35,0.269616465948813,TFF3,14,38
209,1.33032961192519e-34,2.41878111259124e-34,-0.0960924528824061,CD19,14,163
210,1.36768555789596e-34,2.4748595809546e-34,-0.201032917887006,FHIT,14,209
211,1.48118553842637e-34,2.66753793650246e-34,-0.172871641934844,CXCL13,14,197
212,3.61979356948699e-34,6.48830922832575e-34,-0.146352886544635,RGS1,14,189
213,4.72255359320162e-33,8.42521298317657e-33,-0.223690575272022,CCR2,14,216
214,3.86769114661305e-32,6.86786278370539e-32,-0.147935671323849,MS4A1,14,190
215,2.61557033019134e-31,4.62286849057076e-31,-0.111549553245797,CD37,14,171
216,3.27630125791749e-31,5.76386332411412e-31,-0.109928965279994,CENPF,14,170
217,5.3605377102896e-31,9.3871167276961e-31,-0.141068044651189,CXCL1,14,185
218,6.63676514735127e-31,1.15686731926307e-30,0.358685560108441,SOCS3,14,35
219,1.4684481917784e-30,2.54799229623649e-30,-0.124904346543912,TREM2,14,179
220,3.12208689147847e-30,5.39269553982645e-30,-0.0629192204926294,CCR7,14,141
221,4.25413610622361e-30,7.31480416454742e-30,0.514632583583513,LUM,14,26
222,1.40131579975718e-29,2.39864866625102e-29,0.281350184396286,CPA3,14,37
223,6.44264862229189e-29,1.09785043787934e-28,-0.420836571957129,CDK12,14,270
224,7.53846431003246e-29,1.27884662402336e-28,-0.118145678484998,GZMB,14,175
225,2.07268636587791e-28,3.50053697348269e-28,-0.232552198359377,CLEC10A,14,220
226,2.13786668132038e-28,3.59464309248561e-28,-0.234947422429681,SLC1A3,14,223
227,2.10901173886374e-27,3.53050423245914e-27,-0.145309810049551,LIF,14,188
228,3.11809059395321e-27,5.19681765658867e-27,-0.436700598141992,TXLNA,14,273
229,3.41782361121848e-26,5.67149769547173e-26,-0.284548122902616,CDK6,14,239
230,5.5220123712155e-26,9.12332478722564e-26,-0.183461997952231,CEACAM8,14,201
231,2.95338755948396e-25,4.85838646148877e-25,-0.233882302543603,GPR34,14,222
232,2.92786263614789e-24,4.79563707644915e-24,-0.092074296017805,LAMP3,14,160
233,1.90269035727427e-22,3.10310015349451e-22,-0.215703487120571,MZB1,14,213
234,2.441444939583e-22,3.96473964547665e-22,0.498112523275067,DCN,14,27
235,3.10299401464769e-22,5.01760734283457e-22,-0.0690726107686557,ZNF683,14,145
236,6.82873641764455e-22,1.09954230453598e-21,-0.0784359918811571,CXCL5,14,152
237,7.59988002810818e-22,1.21854616484435e-21,-0.283315214877765,BCL2,14,237
238,1.10398824978685e-21,1.76267031478573e-21,-0.0789142363040214,CX3CR1,14,154
239,7.64972426937403e-21,1.21627415161596e-20,-0.360997371864117,IRF2,14,251
240,1.87203903568802e-20,2.96406180650603e-20,0.596934627475753,IGKC,14,24
241,2.02757670353014e-20,3.1970089101305e-20,-0.24384114002994,IL7R,14,226
242,9.40678230976659e-20,1.47709804864104e-19,0.426976292621123,TGFB1,14,32
243,5.80251024754544e-19,9.07388433772536e-19,0.493145463071581,CXCL12,14,28
244,7.09206809035308e-19,1.10450240751401e-18,0.166400590960272,MS4A2,14,49
245,2.36460482848197e-18,3.66755034621694e-18,-0.0605253050850818,IL12RB2,14,137
246,3.04177092514283e-18,4.69867053477348e-18,-0.143799179368072,KLRF1,14,187
247,4.50555714746497e-18,6.93162638071534e-18,-0.0627368332641607,CXCR5,14,140
248,5.74470910818279e-18,8.80237685931234e-18,-0.117962745838557,CDK1,14,174
249,1.89415132051878e-17,2.89067269798047e-17,0.197917462297278,P2RX1,14,42
250,3.80967057203261e-17,5.79069926948955e-17,-0.068518321046977,PLD4,14,144
251,7.16904509824879e-17,1.08535344116914e-16,-0.267922054405383,DGKA,14,232
252,1.0764164018932e-16,1.62316759015641e-16,-0.385104355995995,IFNGR1,14,261
253,6.04124040035734e-16,9.07379981081339e-16,0.263218887502979,STMN1,14,39
254,1.0175924054894e-15,1.52238233892116e-15,-0.11181257158138,TNFRSF17,14,172
255,1.62924540817045e-15,2.42789511805793e-15,-0.298602429559652,ARPC5,14,242
256,1.47708384909465e-14,2.19254633849986e-14,0.339900864182759,STAT5B,14,36
257,2.82678554905235e-14,4.1796829129957e-14,-0.0549335157385017,IL23A,14,133
258,2.94716454096482e-14,4.3407849828164e-14,-0.0698215646662316,CDKN2B,14,146
259,2.16065690918335e-13,3.1700757740914e-13,-0.0339846385518627,EPO,14,117
260,9.25369056169148e-13,1.35246246670875e-12,-0.0471982583447548,PAX5,14,123
261,3.07620109847748e-12,4.47876022000554e-12,-0.0500388468959819,CCR6,14,126
262,3.57268838393545e-12,5.181761778227e-12,-0.0769582187611492,BANK1,14,150
263,4.89958739757574e-12,7.07925175315127e-12,-0.0785526501635166,CD1C,14,153
264,2.85182308316461e-11,4.10489686213087e-11,0.394760806764773,IGHG1,14,33
265,3.69226022884736e-11,5.29456183759244e-11,-0.0653325681294721,GNLY,14,143
266,4.02670651519671e-10,5.75243787885245e-10,0.184247544321174,VCAN,14,46
267,6.15219450140068e-10,8.75593224918447e-10,0.106547389078863,HPGDS,14,57
268,1.35421591643917e-09,1.92015689644359e-09,-0.23158261172884,JAK2,14,218
269,1.65582732962728e-09,2.33908693404597e-09,0.179297357590207,IL15RA,14,48
270,1.78216844330189e-09,2.5082370683508e-09,0.181222803763379,EPOR,14,47
271,2.21266846275891e-09,3.10263474482799e-09,-0.0456816230865007,GPR183,14,122
272,2.77124054009143e-09,3.87158604865716e-09,-0.0939972887796242,CCL28,14,162
273,8.21363224762153e-09,1.1432894703649e-08,-0.125524255184466,JUN,14,180
274,1.00733938670679e-08,1.39704002535978e-08,-0.0536601346023708,SPIB,14,130
275,1.57172434894017e-08,2.17183728217187e-08,0.211195291603391,CMKLR1,14,41
276,1.99399600895958e-08,2.74535682392986e-08,0.186193071511532,CD40,14,45
277,2.05742983399795e-08,2.822466920286e-08,-0.131725493288688,PDCD1LG2,14,181
278,3.03397441407492e-08,4.14715927103766e-08,-0.0749098813186133,CCR4,14,149
279,3.22753056233303e-08,4.39591976231739e-08,0.189447463357156,HIF1A,14,43
280,4.83812663539704e-08,6.56602900518171e-08,-0.0930521177861657,CD274,14,161
281,6.84975006136389e-08,9.26300720042091e-08,0.230835616552162,SOS1,14,40
282,3.01863004038333e-07,4.06765750122577e-07,-0.23215998667693,TNFRSF1B,14,219
283,3.20200842852489e-07,4.29951661780727e-07,-0.0348347295264936,FCER2,14,118
284,3.32920097557046e-07,4.45456468562245e-07,0.0653022617074993,IL6,14,62
285,4.99290899491149e-07,6.65721199321532e-07,0.16609246810345,PDGFRA,14,50
286,6.35139291562995e-07,8.4389136641237e-07,-0.0331007538717023,CXCL2,14,116
287,1.18482226081164e-06,1.56875421292133e-06,-0.189081238783075,CDKN1B,14,204
288,1.40354005595994e-06,1.85189312939159e-06,0.187255879202197,RB1,14,44
289,2.27892945444911e-06,2.99651623768394e-06,-0.016786895063571,FOS,14,108
290,3.26645117234682e-06,4.28017739824755e-06,-0.0795023298079784,CXCR4,14,155
291,3.82754957051121e-06,4.99817469688749e-06,-0.149401804560596,MIS18BP1,14,191
292,4.12563490201847e-06,5.3689769272843e-06,-0.054617213493165,UBE2C,14,132
293,6.27083230451978e-06,8.1328200536434e-06,-0.217904414197949,STAT6,14,214
294,8.72519458535422e-06,1.12774623892333e-05,-0.0906940367612828,IDO1,14,159
295,9.14228034758624e-06,1.17764967189247e-05,-0.197477468795763,ACTB,14,205
296,1.92779535906454e-05,2.47487242042069e-05,0.0544835226119968,CDKN1C,14,63
297,1.97085424690644e-05,2.52163169637861e-05,-0.0418344870136548,CCL8,14,120
298,2.04218767911695e-05,2.60413193981356e-05,0.148697944585123,PIK3CA,14,52
299,2.15419718206278e-05,2.73777568288915e-05,-0.211211623103529,HLA-B,14,212
300,2.57701441147728e-05,3.26421825453788e-05,-0.137239093366529,CD276,14,184
301,2.84194758838045e-05,3.58784080925107e-05,-0.0198988841149216,MMP9,14,109
302,3.22350369600096e-05,4.05606425324624e-05,-0.0284256811610249,CXCR1,14,114
303,3.37745316024187e-05,4.2357498379271e-05,-0.0641688328992076,CD79A,14,142
304,6.66252220268512e-05,8.32815275335641e-05,-0.0396409179152104,EGR3,14,119
305,0.000243507279029573,0.000302843278094435,-0.0124253576938702,EGF,14,104
306,0.000243868534465519,0.000302843278094435,0.0779938668298693,CDKN2C,14,60
307,0.000332309631714782,0.000411327882904291,-0.0238765999902136,MCEMP1,14,111
308,0.000373358824648416,0.000460637510929864,-0.132142679477981,TUBB,14,182
309,0.000456645455982662,0.000561570463667998,-0.0271365286001422,TCL1A,14,113
310,0.000513056480529533,0.000628907943874911,0.0958983135615185,GLIPR2,14,58
311,0.000543776606575277,0.000664421577165933,0.0261801417310871,CDX1,14,74
312,0.00060250611324076,0.000733821548177849,-0.122303066799298,SMAD3,14,176
313,0.000654687188572773,0.00079482789666982,0.0525081006599352,CDKN2D,14,64
314,0.000750602668042697,0.000908372655593074,0.0380233367939581,CCL11,14,69
315,0.000764468101575609,0.000922215487615021,0.156769757447377,IGHG4,14,51
316,0.000998222820461024,0.00120039453093414,-0.0432838839614512,LILRA4,14,121
317,0.00151635257809492,0.00181770971506647,0.0279717639178448,ERBB4,14,72
318,0.00152664531889836,0.00182429314836911,-0.0159340341613225,CEACAM6,14,107
319,0.0023807144248979,0.00283596075693167,-0.143267990859693,STAT3,14,186
320,0.00376138569831139,0.00446664551674478,0.108046384359494,BRAF,14,56
321,0.00446290447657564,0.00528318909999608,-0.0226439111527146,IL2,14,110
322,0.00528448507731424,0.00623634884900438,0.115579559428301,TP53,14,54
323,0.00946626983335581,0.0111367880392421,-0.100185196917333,VSIR,14,165
324,0.00957153121872906,0.0112258699478921,0.109115286385881,NF1,14,55
1,0,0,2.76364489176413,APOE,15,5
2,0,0,2.85113864731095,C1S,15,3
3,0,0,1.69669041165467,IFITM3,15,18
4,0,0,3.05106989272777,SDC1,15,2
5,0,0,2.53251467160915,C1R,15,8
6,0,0,2.72955493706618,CCND1,15,6
7,0,0,3.11866888126541,ARG1,15,1
8,0,0,2.69315656056021,FN1,15,7
9,0,0,2.80039201642047,MARCO,15,4
10,0,0,2.31109980868517,CD163,15,9
11,0,0,1.65572859237497,CTSD,15,21
12,0,0,2.0001895309038,LAMP2,15,13
13,0,0,2.23812159134057,ANPEP,15,12
14,0,0,0.907655460319217,ACTB,15,52
15,0,0,2.3052606278863,A2M,15,10
16,0,0,2.28396840239287,CCL16,15,11
17,0,0,1.82430171912346,XBP1,15,16
18,0,0,1.67866915449128,LAMP1,15,19
19,0,0,1.89986588872084,PRDX4,15,14
20,0,0,1.86541935128402,CTSB,15,15
21,0,0,1.78059388999206,IQGAP2,15,17
22,0,0,1.45022222820562,STAT1,15,24
23,1.11253692933407e-308,1.11253693058303e-308,-0.77734690099254,DGKA,15,371
24,1.57169570520787e-298,2.48851819991253e-297,1.66050776037778,FCGR3A,15,20
25,1.76722772681014e-294,2.68618614475155e-293,1.18615160227679,CD74,15,35
26,6.42562273498258e-267,9.39129476651306e-266,1.55617664836601,C1QB,15,23
27,2.41340066717277e-258,3.39663797602086e-257,-0.553136214328063,IL7R,15,361
28,5.22124206798215e-254,7.08597137797609e-253,-0.343354069299521,MGP,15,337
29,2.66464400394787e-243,3.49160248793184e-242,-1.02972350466823,IGHG4,15,376
30,1.18144486281346e-238,1.49649682623036e-237,1.43956002303132,C1QBP,15,25
31,3.46311522532814e-238,4.24510898588592e-237,-0.401807431924423,CCL19,15,343
32,1.39327223934951e-227,1.65451078422748e-226,1.32770395346747,IFNAR1,15,29
33,2.58178277427216e-224,2.97296198249524e-223,-0.648002247144415,TC2N,15,364
34,5.64318459790591e-221,6.30708866824794e-220,-1.0988993563477,IGHG2,15,377
35,3.02011940131792e-217,3.27898677857375e-216,1.56078958965508,CXCL9,15,22
36,4.80577529049495e-214,5.07276280663342e-213,-0.438969235976755,MZB1,15,351
37,9.13092753675454e-212,9.37770936207223e-211,-1.13388332260331,IGHGP,15,378
38,9.55150674362271e-209,9.55150674362262e-208,-0.937670282355312,CD2,15,374
39,5.53489478691589e-202,5.39297440776426e-201,1.36089877026531,VSIG4,15,28
40,1.51800834749742e-201,1.44210793012252e-200,1.38842904465424,IFIT3,15,27
41,3.07842357078953e-200,2.85317306560983e-199,1.30825113851599,NT5E,15,30
42,9.65970197652446e-199,8.73973035971254e-198,-0.221344922909365,MS4A1,15,315
43,6.18072479870186e-190,5.46203586862013e-189,-0.485000285742396,CD247,15,354
44,7.64550025420054e-189,6.60293203771866e-188,1.30216769336592,ERBB3,15,31
45,3.53119205748534e-187,2.98189551520981e-186,1.23979247212184,MYD88,15,33
46,2.57983262031194e-186,2.13116607764904e-185,-0.762023985587593,KLRK1,15,370
47,4.11641508835676e-186,3.3281653905863e-185,-0.746339352721387,CD3E,15,368
48,2.52429889167097e-183,1.99840328923957e-182,-0.40538232981399,IRF4,15,345
49,1.07128155107269e-182,8.30789774301281e-182,-0.755786739709344,LUM,15,369
50,3.28056085409314e-182,2.49322624911077e-181,-1.53656947067108,IGKC,15,380
51,5.90281456973591e-179,4.39817556176389e-178,1.2660446643054,MPEG1,15,32
52,7.05736028748523e-178,5.15730174854692e-177,1.39188591010348,ISG15,15,26
53,7.38271546845299e-177,5.29326769436248e-176,1.0550309504266,PTEN,15,39
54,5.33711499779554e-176,3.75574759104122e-175,-0.620948588369935,FCMR,15,363
55,5.1169534053332e-173,3.535349625503e-172,-0.442542796184797,SAMD3,15,352
56,1.23456608928671e-172,8.37741274873112e-172,-1.30021661849729,IGHG1,15,379
57,1.25308848577548e-169,8.35392323850318e-169,-0.421493549190586,CD27,15,347
58,1.59264270367689e-166,1.04345556447795e-165,-1.01333584587981,IGHG3,15,375
59,5.70627737750785e-162,3.67522949737802e-161,-0.648588594785258,IL2RB,15,365
60,8.57431671224793e-159,5.4304005844236e-158,1.16262726382749,ID2,15,36
61,4.590604363323e-158,2.85972075092248e-157,-0.698149902974246,JAK3,15,367
62,6.66654579896536e-152,4.08594742517236e-151,-0.369386805631606,CD28,15,339
63,2.5075612518506e-151,1.51249726302099e-150,0.85067418604041,HLA-B,15,56
64,2.36170492724573e-150,1.40226230055218e-149,-0.514587149458922,LCK,15,357
65,8.6619582609875e-143,5.06391406026972e-142,1.0287456976828,CTNNB1,15,42
66,1.03638715450779e-142,5.96707755625701e-142,-0.547432323864838,IGHM,15,360
67,4.11265693343719e-142,2.33255169359127e-141,1.09824375595952,ERBB2,15,37
68,1.44836712650151e-139,8.09381629515569e-139,-0.421610576646617,LTB,15,348
69,7.16534567179256e-139,3.94613239895832e-138,1.04373463780352,STAT3,15,40
70,9.37960599915622e-139,5.09178611382767e-138,-0.2295559148819,FCRL3,15,319
71,2.02914928675835e-138,1.08602356192698e-137,1.23834525767325,CXCL10,15,34
72,6.70818888082276e-138,3.54043302043413e-137,-0.510896349209386,CD3D,15,355
73,4.08893347699273e-134,2.12848591953047e-133,0.962757257176871,MET,15,48
74,6.40313759101637e-132,3.2733894961444e-131,-0.82701975632599,JCHAIN,15,372
75,6.46063716344291e-132,3.2733894961444e-131,-0.405783743811387,GZMK,15,346
76,7.4289707649804e-132,3.71448538249016e-131,-0.196801740342757,CD79A,15,311
77,2.6725247104355e-131,1.31890829865651e-130,1.00659337256622,CD68,15,44
78,6.59859190207152e-129,3.21469861895795e-128,-0.221674913077104,TNFRSF13C,15,316
79,8.07115324088432e-129,3.88232687536215e-128,1.03040601192781,CSF1R,15,41
80,2.44094191923872e-126,1.15944741163836e-125,0.848795645318335,CCL15,15,58
81,1.31351136697989e-123,6.16215209200431e-123,-0.53385154547784,GZMA,15,359
82,3.05872177019323e-117,1.41745643008955e-116,-0.331065788015494,VCAN,15,333
83,1.61718344313553e-116,7.40397239025887e-116,1.08539998865322,MX1,15,38
84,2.13422070110191e-116,9.65480793355615e-116,0.993688115910273,CCL14,15,45
85,4.07939564002192e-116,1.82372981553918e-115,-0.515856009993248,BCL2,15,358
86,1.08398394757077e-115,4.78969651252189e-115,0.955152464745974,CTSS,15,49
87,7.36034379224221e-115,3.21486280580691e-114,-0.656958094580847,CORO1A,15,366
88,2.91079086777154e-114,1.25693242017407e-113,-0.326134770237396,TOX,15,332
89,3.28784558930823e-113,1.40379924037882e-112,0.971123815751942,IFNGR1,15,46
90,4.20432265768552e-113,1.7751584554672e-112,0.966395517884305,AIF1,15,47
91,1.44975751863208e-110,6.05393249538673e-110,1.01513638555661,VEGFA,15,43
92,5.67191848526945e-110,2.34274893956779e-109,0.859440366001464,CEACAM1,15,55
93,2.72209714523799e-109,1.11225474751658e-108,0.873547989815119,EGFR,15,54
94,9.31884283943034e-108,3.76719178615267e-107,0.939161265837204,CD4,15,50
95,1.60344322718742e-107,6.41377290874969e-107,-0.331272354981984,FASLG,15,334
96,1.99561698413719e-106,7.89931722887631e-106,-0.282493497934377,GPR171,15,329
97,8.68255474854392e-106,3.40141320046048e-105,0.933418084319411,ITGA1,15,51
98,1.57329470450567e-103,6.10053048685879e-103,-0.252353667823275,ADAM28,15,323
99,8.67763151166881e-102,3.33080805498402e-101,-0.177004354449225,NELL2,15,304
100,9.78768034691727e-102,3.71931853182853e-101,0.881157491680458,G0S2,15,53
101,2.07595739415394e-101,7.81053277008402e-101,0.825565148984764,TMPRSS2,15,59
102,2.12366998243626e-98,7.91171169927234e-98,-0.189667051803457,TNFRSF17,15,309
103,1.66671572237332e-97,6.14904829613465e-97,0.813694487584139,SPON2,15,61
104,8.79788541060242e-97,3.21461197695089e-96,-0.13485111494777,BANK1,15,291
105,1.50324637157044e-95,5.44032020187401e-95,-0.281997934238545,TRAT1,15,328
106,2.58370109849901e-94,9.2623246927322e-94,0.850164897609582,AKT1,15,57
107,7.41564535537751e-92,2.6335936776107e-91,-0.200353731694914,DERL3,15,313
108,8.65651102298147e-92,3.04580943401201e-91,-0.0992927980062009,SPIB,15,277
109,1.26193218730339e-91,4.39939661628707e-91,-0.353491829645791,CD8B,15,338
110,2.61418536109753e-91,9.03082215651861e-91,0.733515270028064,CTSL,15,66
111,8.82836273537762e-91,3.02232237787703e-90,0.809036288060318,ARPC5,15,62
112,1.31995100187426e-90,4.47840518493057e-90,-0.404325359112927,TIGIT,15,344
113,3.86605465599148e-87,1.30008917635111e-86,-0.145861534555216,NOTCH3,15,293
114,3.49905872942545e-86,1.16635290980847e-85,-0.24564773195296,EOMES,15,322
115,3.76867871706918e-86,1.24530253259678e-85,-0.186242330678446,EPCAM,15,307
116,5.7800805075115e-86,1.89347464901241e-85,0.701118768187861,RORC,15,72
117,6.27216268623263e-85,2.03711266732345e-84,0.730208601987667,CD14,15,68
118,1.64255484298011e-81,5.28958339264776e-81,-0.316889551494884,CXCR6,15,331
119,2.10123879654841e-81,6.709838173852e-81,0.731548173568272,IFIT2,15,67
120,5.78716926008338e-80,1.83260359902642e-79,0.815204600124962,TUBA1B,15,60
121,1.13944720710214e-79,3.57842924544478e-79,0.714632142425173,IL1RAP,15,70
122,7.86488002377602e-79,2.44971672871715e-78,-0.38060941249673,RUNX3,15,341
123,1.43138096038532e-78,4.42215256054004e-78,0.785678973604252,FOXP3,15,63
124,5.91712295025401e-78,1.81331187185205e-77,0.719767932458333,CCR1,15,69
125,1.15119964247319e-76,3.49964691311854e-76,0.770669207248506,PSMB10,15,64
126,3.22238395373018e-75,9.71830081283701e-75,-0.151109921903524,CCR4,15,296
127,1.14266620227464e-74,3.41900123515247e-74,-0.111287289942694,CD19,15,286
128,1.66309742799139e-73,4.93732048934937e-73,0.746680579811265,PLA2G7,15,65
129,7.19843796103035e-73,2.12047009704772e-72,-0.269427927841532,CCL2,15,327
130,3.42162223898374e-72,1.00016650062601e-71,-0.842016348447588,IGFBP7,15,373
131,8.50180857514893e-72,2.4661734798142e-71,-0.341172129001726,CCL21,15,335
132,6.55943637951863e-71,1.88832259410386e-70,-0.594521043118262,CD8A,15,362
133,6.06677583458956e-70,1.73336452416847e-69,-0.197333930319456,TBX21,15,312
134,1.2577486096347e-69,3.56674978851637e-69,0.578449054657594,CENPV,15,80
135,1.46758714775565e-68,4.13098604553439e-68,-0.173218717420133,CTSW,15,302
136,1.51495427026904e-67,4.23296046104582e-67,0.610661298519943,CDKN1A,15,78
137,2.48058808431426e-66,6.8804632995578e-66,-0.132813566175797,NCAM1,15,289
138,2.41389315037539e-65,6.64695215320754e-65,-0.385723488339488,CCL5,15,342
139,4.82376693790377e-65,1.31872765208879e-64,0.570682771863234,CXCL16,15,81
140,1.98412409300875e-64,5.38547968102376e-64,-0.341760574176748,PDGFRA,15,336
141,2.87706813675063e-64,7.75380065223573e-64,0.612910687200722,CD276,15,77
142,9.27839288141549e-63,2.48295020770275e-62,0.709429375495267,IL1R1,15,71
143,1.02875895659972e-62,2.73376505949581e-62,-0.256313357394432,PRF1,15,324
144,1.48032052585933e-62,3.90640138768434e-62,0.641096497827266,TUBB,15,75
145,2.96309562825618e-62,7.76535406025757e-62,0.533382512969291,FABP3,15,84
146,1.49776807877008e-61,3.89830047899064e-61,-0.0693816082404063,CCR7,15,263
147,8.19647608992595e-61,2.11881694841626e-60,0.60337753260658,CMKLR1,15,79
148,5.93636796087094e-59,1.52420258454794e-58,0.685980176756333,STAT2,15,73
149,6.85410145818134e-57,1.7480258752409e-56,0.653322206172658,SSR4,15,74
150,2.90253302952075e-56,7.35308367478588e-56,0.619724566644939,ARPC3,15,76
151,1.5984880507968e-55,4.0226851609456e-55,-0.369703493129034,NKG7,15,340
152,2.72631752494446e-54,6.81579381236115e-54,-0.11153545429622,CXCR3,15,287
153,9.5014854073068e-53,2.35984604887359e-52,-0.149865165464485,IGLC3,15,295
154,2.57922288625066e-52,6.36431621282627e-52,-0.07630208170677,CXCR5,15,266
155,7.7880533784466e-52,1.90932921536109e-51,0.495729584766584,LY6E,15,89
156,1.00761062069203e-51,2.45443612732673e-51,0.543146877197887,CXCL11,15,83
157,2.066210765814e-51,5.00101968795744e-51,-0.514336737833612,IL2RG,15,356
158,5.0282198462658e-50,1.20931869720317e-49,-0.100938835587872,CD40LG,15,279
159,2.51177712445348e-49,6.00298935403972e-49,0.517027398317672,CD86,15,87
160,2.54855748355769e-49,6.05282402344954e-49,0.517775050462238,LILRB2,15,86
161,5.04307309441493e-48,1.1902905440234e-47,-0.228116391631541,GATA3,15,317
162,2.11850824103621e-47,4.96934031847997e-47,-0.265390998809167,CXCL6,15,326
163,3.13902186651025e-47,7.31796508756988e-47,-0.437273287256658,SPARC,15,350
164,1.10434659337837e-46,2.55885186270599e-46,-0.151923849666174,CXCL1,15,297
165,4.97736814008838e-45,1.14630296559612e-44,-0.191909875731731,KLRF1,15,310
166,1.38469850244963e-43,3.16979175259554e-43,-0.236972872033334,KLRD1,15,320
167,3.5549427810837e-43,8.08909135815453e-43,-0.104185406995786,ID4,15,282
168,1.0957601972837e-42,2.47850520814172e-42,0.547141354091891,TXLNA,15,82
169,9.09350475227649e-41,2.04469337625152e-40,-0.263369057964642,STAT4,15,325
170,1.72470176659603e-40,3.85521571356758e-40,-0.295476738354807,KLRB1,15,330
171,4.32409586492598e-40,9.60910192205769e-40,0.522624555488568,ICAM1,15,85
172,1.60598853327139e-39,3.54811420141355e-39,-0.153374964461303,GZMH,15,298
173,1.95480314787762e-39,4.29378726123412e-39,-0.229146134075994,CCR2,15,318
174,3.2241335028104e-39,7.04121109809167e-39,-0.107330295416921,KLRC1,15,284
175,1.0503278930185e-37,2.28071199626875e-37,-0.0553657852440091,TCL1A,15,253
176,1.57080568930336e-37,3.39151228372316e-37,0.48298064550878,FAS,15,91
177,2.36867512742977e-37,5.08529123402999e-37,-0.157812553337071,PLVAP,15,301
178,6.17761172907903e-37,1.31881598710677e-36,-0.11011574415449,P2RX1,15,285
179,2.0028366310944e-36,4.2518319542786e-36,-0.177782177665647,CST7,15,305
180,9.23220455672309e-36,1.94902096197487e-35,-0.0774395538123344,PDCD1,15,267
181,2.84401925397157e-35,5.9708691519845e-35,0.386773887088567,GPR34,15,99
182,3.80096065885747e-35,7.9360717053068e-35,-0.157162193855297,CXCR4,15,300
183,5.65006261274144e-35,1.17323704526871e-34,-0.0845027935486075,CXCL5,15,272
184,7.82921918235048e-35,1.61690396157238e-34,0.503177471637615,JAK1,15,88
185,2.74395108926749e-33,5.6362238590359e-33,0.408351794882354,HAVCR2,15,96
186,5.57403540815027e-33,1.13878142747156e-32,-0.201775785149856,ITGAE,15,314
187,2.39568506991219e-31,4.86823704046329e-31,-0.101646362372173,LILRA4,15,280
188,7.81368181969912e-31,1.57936121887537e-30,0.440422417619224,CXCL14,15,94
189,9.07081917375589e-31,1.8237625851996e-30,0.344236277023956,SLC1A3,15,103
190,1.55517596088697e-30,3.11035192177395e-30,-0.471492063053951,DCN,15,353
191,4.25701864937036e-30,8.46946118722895e-30,0.29352177278119,ESR1,15,108
192,5.32109015631914e-30,1.0531324267715e-29,0.474312846082059,CD47,15,93
193,1.27540434033184e-29,2.51115880479846e-29,0.401154101582555,FCGR2A,15,98
194,2.56433709194865e-29,5.02292832443553e-29,0.495061914540044,S100A9,15,90
195,3.42918045484421e-29,6.68250550174766e-29,0.349768102418223,CD40,15,102
196,8.27097099055366e-29,1.60355560020937e-28,0.27635081775101,RNF43,15,110
197,2.87230391844131e-28,5.54048471577512e-28,-0.15551988423639,TNFRSF9,15,299
198,4.77490970908792e-28,9.16396812855258e-28,-0.137054258484389,CCL28,15,292
199,1.42682116437817e-27,2.72458312795831e-27,0.332192393821309,NCEH1,15,105
200,1.79528686502086e-26,3.41104504353962e-26,0.244571614048419,LILRB4,15,117
201,2.52772053694905e-26,4.7787751444808e-26,0.476985701239613,CXCL12,15,92
202,3.27690007240569e-26,6.16446548274338e-26,-0.424891526212482,ATM,15,349
203,6.07559718951295e-26,1.13730390739651e-25,0.405182051872979,IL18,15,97
204,1.81337584796444e-25,3.37785697169845e-25,0.434109516580537,STAT6,15,95
205,1.61533500555119e-24,2.99427952248512e-24,-0.0550090753208504,PAX5,15,252
206,3.39900243604697e-24,6.2700044936789e-24,-0.148751634521522,CTLA4,15,294
207,5.8770093937583e-24,1.07887128967544e-23,-0.0404325957145541,CCL11,15,238
208,1.99470408018689e-23,3.64417091572606e-23,-0.10414682803267,GZMB,15,281
209,6.1225015093779e-23,1.11318209261416e-22,0.209848457062676,TREM2,15,127
210,3.84074543005465e-22,6.94992030200362e-22,-0.0588452644889509,IL12RB2,15,259
211,3.26751218978688e-21,5.88461910956876e-21,0.36378351459399,IRF2,15,100
212,1.59735208437213e-20,2.86317826444061e-20,0.232994705685823,FCGR1A,15,120
213,5.58796989408001e-20,9.96914816784225e-20,0.275638027052648,ICOSLG,15,111
214,9.59119199571531e-20,1.70310885905225e-19,-0.0606101635439856,FCER1A,15,260
215,1.12670486311157e-19,1.991385339453e-19,0.21669096936955,CEACAM8,15,126
216,1.36536098835748e-19,2.40202396099928e-19,-0.187770726715628,TCF7,15,308
217,2.9154233622359e-19,5.10534966658824e-19,0.262675940724925,FADD,15,115
218,5.03932053389109e-19,8.78413671045234e-19,-0.0443814314790405,FCER2,15,239
219,5.74613747897924e-19,9.9704668585028e-19,-0.0873329866842783,CD37,15,273
220,3.37696597144778e-18,5.8329412234098e-18,0.353348273260425,TNFRSF1B,15,101
221,4.92351361070058e-18,8.46577000934939e-18,0.341138502257762,IRF8,15,104
222,5.93395211033694e-18,1.01572153240002e-17,0.324832424355622,ITGAX,15,107
223,9.19244284717598e-18,1.56642523853223e-17,-0.134810700867322,CCR5,15,290
224,1.11821294506224e-17,1.89696838894486e-17,-0.0582230527784315,GATA2,15,256
225,1.19139691559502e-17,2.01213701300493e-17,0.2220457832552,JUN,15,125
226,4.13833418696456e-16,6.95826102232981e-16,0.245649753328794,CDK4,15,116
227,2.30989064807354e-15,3.86677729633457e-15,0.330282515902301,ACTA2,15,106
228,2.92011596229039e-14,4.86685993715066e-14,0.228440385251346,CXCR2,15,123
229,2.94633470955814e-14,4.88911436520565e-14,-0.0617123949318079,PLD4,15,261
230,4.82677943559394e-14,7.97467906750303e-14,0.280861272990573,NF1,15,109
231,8.65599096811473e-14,1.42392925016606e-13,0.200378561948208,ID1,15,132
232,1.93563340583765e-13,3.17043402680305e-13,0.230820801727145,PIK3CA,15,121
233,1.98935513676232e-13,3.24444185394713e-13,0.200877333729447,PDCD1LG2,15,131
234,2.81492336326461e-13,4.57124306854937e-13,0.266963123595403,IL4R,15,113
235,3.38904854712835e-13,5.48016360812244e-13,0.274408480227,KRAS,15,112
236,4.83894259916074e-13,7.79151774441138e-13,-0.17534910960119,SELL,15,303
237,5.67688797625566e-13,9.10218325306814e-13,0.265546145417804,TP53,15,114
238,4.00519995844527e-12,6.39485707650926e-12,-0.0472312288457914,IL23A,15,242
239,4.12306088235188e-12,6.55549428993184e-12,-0.118729336555944,NOD1,15,288
240,6.27774968323821e-12,9.93977033179383e-12,0.208742693721398,CDK6,15,128
241,2.52139436045973e-11,3.97564256006099e-11,0.241960775082747,SOS1,15,118
242,5.1695036601707e-11,8.11740244159034e-11,-0.0457561613565499,CD79B,15,241
243,5.60751071644419e-11,8.76894679937773e-11,-0.0546518287070389,SOX17,15,251
244,6.26023010542248e-11,9.74953868877273e-11,0.222590955036435,RB1,15,124
245,2.80806641201876e-10,4.3553683125189e-10,-0.0310589645536845,TFF3,15,233
246,2.92573995929458e-10,4.51943570947944e-10,-0.182671642004656,CSF1,15,306
247,4.54852109301899e-10,6.99772475849076e-10,-0.0498165128785654,ZNF683,15,246
248,5.16086231061439e-10,7.90777289529624e-10,-0.242818316129718,NOTCH1,15,321
249,1.35582607163088e-09,2.06913215750897e-09,0.207246418500629,COTL1,15,129
250,1.44169643699468e-09,2.19137858423191e-09,-0.0581630360195829,GNLY,15,255
251,1.698909438945e-09,2.5720541306737e-09,-0.10505254567666,SPARCL1,15,283
252,2.13623296803576e-09,3.22130368195868e-09,0.238217835350373,NOTCH2,15,119
253,3.54582617773393e-09,5.32574682821696e-09,-0.0296417022896838,IL6,15,231
254,4.20313731609783e-09,6.28815818943771e-09,-0.0540935228564143,CX3CR1,15,250
255,5.24935682553847e-09,7.82257095570439e-09,0.185789174589024,FLT1,15,133
256,7.27411718871637e-09,1.07975177020009e-08,0.228925427294694,FCGR2B,15,122
257,1.26344002152513e-08,1.86812143260525e-08,0.148930314682702,PLEK,15,137
258,1.9487298816727e-08,2.87022230633962e-08,0.102053559250126,LILRA5,15,143
259,2.91249982618304e-08,4.27316576814501e-08,0.17242622412189,CLEC12A,15,135
260,3.5119193907534e-08,5.13280526340881e-08,0.101703360378165,CCL20,15,144
261,5.1503607564793e-08,7.49860953050627e-08,0.203144191059533,CDK12,15,130
262,7.91687964734078e-08,1.14824971984332e-07,0.112855904437463,IL2RA,15,141
263,9.37364735544521e-08,1.35436729850539e-07,-0.0947579557576953,SOCS3,15,276
264,1.70333646418091e-07,2.4517721832907e-07,-0.0385256421796389,GPR183,15,237
265,1.94514440225925e-07,2.78926367116421e-07,-0.0585031005385068,FLT3LG,15,257
266,2.82753152608012e-07,4.03933075154302e-07,-0.0529890691524933,UBE2C,15,248
267,3.31166838357242e-07,4.71323590171356e-07,-0.0479122154426623,DUSP2,15,245
268,3.63551149719596e-07,5.15482973483009e-07,-0.031644082021007,CXCR1,15,234
269,3.98035177633328e-07,5.62280176582396e-07,-0.0479013823120788,KIT,15,244
270,5.00721458620242e-07,7.04719089909971e-07,0.0816419412474008,S100B,15,150
271,5.14425817425279e-07,7.21335094544672e-07,-0.0306652732844018,CPA3,15,232
272,6.17546450602477e-07,8.62711810072554e-07,0.0902078680737842,CD83,15,147
273,6.19790326710019e-07,8.62711810072554e-07,-0.0456917585072727,CDKN2D,15,240
274,7.83699461094182e-07,1.0868824642912e-06,0.130448089022768,CDK2,15,140
275,8.16885671219548e-07,1.12878747295792e-06,-0.0795640424606978,IRF3,15,269
276,1.16016349487222e-06,1.59732655091103e-06,-0.0790124836294711,CXCL13,15,268
277,2.15980353411841e-06,2.9629073753249e-06,-0.0586628316078571,CCL3L1,15,258
278,5.54245737972477e-06,7.57602087876047e-06,0.0657101496262063,ACE2,15,155
279,7.3289761812731e-06,9.98211809635762e-06,0.112855089534895,ITGAM,15,142
280,1.10550508042558e-05,1.50032832343471e-05,0.0489794583645219,IL22RA1,15,162
281,1.23954346534854e-05,1.67625094958165e-05,-0.0840750314506803,MKI67,15,271
282,1.27300166698475e-05,1.7153923172135e-05,-0.0258363432073752,MCEMP1,15,229
283,1.50581865240666e-05,2.01513615356979e-05,-0.0895620541828706,LAG3,15,274
284,1.50604912529953e-05,2.01513615356979e-05,0.0416928488128671,IL4,15,165
285,1.68037097616045e-05,2.2404946348806e-05,0.177180844466122,IL10RA,15,134
286,3.25440284703651e-05,4.32403175480376e-05,-0.00631442548164848,IFNL1,15,205
287,3.38866183084725e-05,4.48672995025071e-05,-0.0127513684915532,DMBT1,15,216
288,3.42508990912828e-05,4.51921585232204e-05,0.0793904492098196,JUNB,15,151
289,3.64368713171269e-05,4.79100730121391e-05,0.15235359777579,JAK2,15,136
290,4.62145090307e-05,6.05569428678137e-05,0.0939569200512881,CD80,15,146
291,5.5977598896466e-05,7.30978954661756e-05,0.0572306450439487,CDKN2B,15,157
292,6.31928940818071e-05,8.22373279146804e-05,-0.100584253705379,CCL4,15,278
293,9.95359147460432e-05,0.000129090947452206,-0.0253672627086381,IL2,15,227
294,0.000124721009873257,0.000161204026366794,0.140648769604509,ARID1A,15,138
295,0.000127234057324613,0.000163894717909671,-0.0562255157829323,CDK1,15,254
296,0.000128481971596097,0.000164943071643638,0.135999196012756,FKBP11,15,139
297,0.000249069494612187,0.000318674774251284,0.0373373769338305,CXCL2,15,167
298,0.000282903236572006,0.000360749093615309,-0.0531417146109352,RGS1,15,249
299,0.000469859470786754,0.000597145815715607,-0.0161363077201666,MS4A2,15,222
300,0.000532837129491587,0.000674927030689344,-0.0738953383447904,EPOR,15,264
301,0.000580321064856843,0.00073263124466977,0.0493773690803753,LAMP3,15,161
302,0.000667787825845635,0.000840262827222984,0.0301662572331781,EPO,15,170
303,0.000729384881275729,0.000914740115131277,0.0828818213823299,IL15RA,15,149
304,0.000935005593256775,0.00116875699157097,0.0447964443936849,CCL8,15,163
305,0.00117386410865297,0.00146251921733813,-0.0256073803177702,CCR6,15,228
306,0.00170185819383358,0.00211341867208092,-0.067711547122369,GLIPR2,15,262
307,0.00293419585360153,0.00363190366243838,-0.014327354711814,CEACAM6,15,221
308,0.00320352399082331,0.00395239972893784,0.049383405357045,IL13RA2,15,160
309,0.00344979465473062,0.00424246591843895,0.0836328377633041,HIF1A,15,148
310,0.00401796433315697,0.00492524660193435,0.0283894115277122,CCL13,15,173
311,0.00461066362996282,0.00563360829384525,0.0759652701407138,FGR,15,152
312,0.00576768124172755,0.00702473997389893,0.0960128718965243,KMT2C,15,145
313,0.00909354068096856,0.0110400813379171,0.0674609323196466,STMN1,15,154
314,0.00986060709791158,0.0119332187809121,-0.0836384924618547,CD38,15,270
1,0,0,-1.81698424787116,CCL16,16,371
2,0,0,-2.53613295102273,ARG1,16,379
3,0,0,-1.34930205386355,ERBB3,16,361
4,0,0,-0.576816897146354,CCL15,16,331
5,0,0,-2.8466894574405,SDC1,16,380
6,0,0,4.81391272569543,MS4A1,16,1
7,0,0,-0.818936407698414,TMPRSS2,16,348
8,0,0,-2.09937015357091,ANPEP,16,376
9,0,0,-0.899362078857127,MET,16,353
10,0,0,4.01515519427008,IGHM,16,2
11,0,0,3.28850746035654,BANK1,16,3
12,0,0,-0.948854631708983,EGFR,16,354
13,0,0,-1.46891193621109,VEGFA,16,366
14,0,0,-2.32562190911003,CCND1,16,377
15,0,0,-1.84903024912039,FN1,16,372
16,0,0,2.75995295379163,TNFRSF13C,16,4
17,0,0,-1.19434072657357,ERBB2,16,356
18,0,0,-0.861203910061981,CEACAM1,16,351
19,0,0,2.58443637946008,FCMR,16,5
20,0,0,2.41242876811442,IGKC,16,6
21,0,0,-0.712902401271109,FOXP3,16,338
22,0,0,2.3996927116787,SELL,16,7
23,0,0,-0.665978606846178,RORC,16,335
24,0,0,-0.799701360554581,IL1RAP,16,347
25,0,0,2.31088587421017,CD19,16,9
26,0,0,-2.08243621987094,A2M,16,375
27,0,0,-2.32752166751725,APOE,16,378
28,0,0,-1.12006944732124,ISG15,16,355
29,0,0,-1.48900261500472,PRDX4,16,367
30,0,0,-1.36141446145733,ID2,16,362
31,0,0,-1.57377877149361,MARCO,16,368
32,0,0,2.37922032423908,IRF8,16,8
33,0,0,1.94865693619808,SPIB,16,12
34,0,0,2.12997086735279,LTB,16,10
35,1.1125369292536e-308,1.11253692925363e-308,1.97615023657294,CD79A,16,11
36,1.14754597362752e-308,1.48207684208944e-308,-1.73928544951173,LAMP2,16,370
37,1.19641128025768e-308,1.97394918280905e-308,1.78131271980449,PAX5,16,14
38,1.41829138779384e-302,1.41829138779383e-301,-1.28073390896196,IFIT3,16,358
39,1.4382471915469e-292,1.40136905843032e-291,-0.794305190036673,G0S2,16,346
40,2.12804624448714e-283,2.02164393226285e-282,-1.87533385465476,C1R,16,373
41,1.41652824951523e-278,1.31287984101405e-277,-0.447144394147727,ID1,16,318
42,2.5702549652682e-267,2.32546877809991e-266,-1.96329321703381,C1S,16,374
43,4.04328881637383e-259,3.57313895400491e-258,-1.30483376925108,ITGA1,16,360
44,4.1401380904829e-243,3.57557380541685e-242,1.9185744664214,MPEG1,16,13
45,1.15615517645712e-233,9.76308815674891e-233,1.6637405914139,SYK,16,17
46,8.25370897954628e-233,6.81828133092929e-232,1.31572504958787,CD74,16,24
47,3.67084260643872e-228,2.96791529882279e-227,-1.72437771337381,IFITM3,16,369
48,1.25587800362888e-222,9.9423675287289e-222,-0.69116832324939,CD276,16,336
49,2.55180550900649e-220,1.97895121106628e-219,1.63601030070137,CORO1A,16,18
50,5.34960865668555e-216,4.06570257908099e-215,-0.871881379522117,CCL14,16,352
51,7.73573338497431e-214,5.76387977703952e-213,-0.315402056936741,ESR1,16,303
52,1.90731851538138e-199,1.39380968431717e-198,1.35220139430879,ADAM28,16,23
53,1.88249416558425e-189,1.34971279796605e-188,1.75182876895135,IGHG1,16,15
54,4.79406904116726e-188,3.37360414008059e-187,-0.844391329707429,NT5E,16,349
55,4.99659352634813e-187,3.4521918909315e-186,-1.28321599416896,IQGAP2,16,359
56,1.88245968291891e-186,1.27738335626638e-185,-1.4687351630348,XBP1,16,365
57,5.69163240127212e-182,3.79442160084806e-181,1.37523982532014,LILRA4,16,21
58,1.38335604730212e-180,9.06336720646205e-180,1.66559815384009,JCHAIN,16,16
59,2.5866232054204e-174,1.66596070857589e-173,1.42639015778744,CCL19,16,20
60,9.06591921226565e-174,5.74174883443481e-173,-0.541676799297381,CDKN1A,16,329
61,5.71437300573309e-173,3.55977334783367e-172,-0.737765616670566,CXCL10,16,339
62,4.9602898821906e-170,3.04017766972976e-169,1.13407932102505,TCL1A,16,30
63,8.93713989006289e-170,5.39065580670458e-169,1.11264231737904,FCER2,16,31
64,1.11925814330353e-162,6.64559522586485e-162,1.16296757193591,FCRL3,16,27
65,2.54423389609103e-160,1.48739827771479e-159,-0.656388682880592,SPON2,16,334
66,1.05599778379178e-158,6.07998724001332e-158,-1.40783641671665,CTSD,16,364
67,1.78555567718084e-157,1.01270321989362e-156,-0.464910158048887,CENPV,16,321
68,5.68524673727927e-157,3.17704964730319e-156,1.03538422453689,PLD4,16,34
69,1.97741088757802e-155,1.08900889460821e-154,-0.300927701904505,RNF43,16,302
70,1.91739824731434e-153,1.04087333425636e-152,1.51056848713058,IGHG3,16,19
71,1.07912664064828e-152,5.77560737248362e-152,-1.39296067298719,STAT1,16,363
72,5.20109530115544e-142,2.74502252005418e-141,-1.25234543314551,LAMP1,16,357
73,3.15411387651201e-137,1.64186749736243e-136,0.8934820047828,CXCR5,16,38
74,1.28228154993043e-136,6.58468904018328e-136,-0.50873286858107,CTSL,16,328
75,2.12506185564043e-136,1.07669800685782e-135,1.36608610486927,IGFBP7,16,22
76,3.31810468331705e-125,1.6590523416585e-124,-0.858519334714295,CTSB,16,350
77,3.84610055804763e-124,1.8980756000755e-123,1.1835920520551,IL2RG,16,26
78,1.36079769876766e-123,6.62952725040663e-123,1.14589703878807,CCL21,16,29
79,9.98611286989299e-121,4.80344669691064e-120,1.19413208242231,LUM,16,25
80,9.04439635092029e-120,4.29608826668704e-119,-0.372135171218059,EPOR,16,313
81,3.69219431511175e-117,1.7321405428919e-116,0.759842372379155,CD79B,16,46
82,5.97694986524942e-115,2.7698060351156e-114,1.07283071708936,DGKA,16,33
83,1.36551979754641e-112,6.25177738635689e-112,0.769831068461,CD37,16,45
84,2.80271812990896e-110,1.26789629686356e-109,-0.740454911300247,CXCL9,16,341
85,4.38178342886513e-107,1.95891494466914e-106,-0.295796503533262,SOX9,16,301
86,4.63272139010442e-106,2.04701642818569e-105,-0.788523497626785,AKT1,16,345
87,7.19383565789917e-103,3.14213511494443e-102,0.813723160638541,GZMB,16,42
88,1.1453558943167e-98,4.94585499818576e-98,0.991073086307467,JAK3,16,35
89,4.11493172384242e-96,1.75693714051697e-95,0.818812148276514,CCR2,16,41
90,1.91281347405734e-93,8.0763235571309e-93,-0.549051777947357,CSF1,16,330
91,5.72998126901164e-93,2.39273943101585e-92,1.14766887744558,IGHG2,16,28
92,1.20647461570908e-86,4.98326471705918e-86,-0.754446799958473,FCGR3A,16,343
93,1.12418082429422e-84,4.59342702399781e-84,0.931058241155565,PTPRC,16,37
94,1.95472155836452e-82,7.9020658742395e-82,0.771956642369503,MZB1,16,44
95,1.70450268419895e-81,6.81801073679583e-81,0.965685761459363,ATM,16,36
96,1.18851957104359e-80,4.70455663538084e-80,0.540495258004474,CCR6,16,59
97,6.08778736274509e-80,2.38490638952899e-79,0.836741268573868,BCL2,16,39
98,1.65959655801711e-79,6.43517032700517e-79,-0.493052935857358,CD14,16,326
99,2.35288849435475e-79,9.03128917025067e-79,0.672650544136874,DERL3,16,50
100,5.74782518264284e-78,2.18417356940426e-77,1.07339357794245,IGHGP,16,32
101,1.50694289898659e-76,5.66968615460294e-76,-0.750596183206976,C1QBP,16,342
102,1.81444333532624e-75,6.75969085709775e-75,-0.266286577243855,CEACAM8,16,293
103,3.46129399680361e-75,1.27698225124795e-74,0.584969026137416,CD1C,16,55
104,6.04168071324704e-75,2.20753718368642e-74,-0.491719860574551,IFIT2,16,325
105,3.66409363349655e-74,1.32605293402733e-73,0.808608453562463,IL7R,16,43
106,1.8827923035618e-72,6.74963278635354e-72,-0.368209411009477,CXCL16,16,311
107,4.85474475226648e-71,1.72411495874884e-70,-0.371273795113435,CXCL11,16,312
108,1.3338002608284e-70,4.69300091772957e-70,0.67760928616084,IRF4,16,49
109,2.29117324123089e-70,7.98757643731874e-70,-0.768086020996929,STAT3,16,344
110,2.61916125802287e-69,9.04801161862433e-69,-0.375918570946711,LY6E,16,314
111,9.75223565302997e-69,3.33860319653279e-68,-0.604999957791509,NF1,16,332
112,1.23029495304583e-68,4.1742150192627e-68,-0.0575685319474511,CXCL2,16,226
113,8.95035280446756e-67,3.00985315548466e-66,-0.73897998960563,IL1R1,16,340
114,2.03785789485331e-65,6.792859649511e-65,0.55722537698508,CXCR4,16,57
115,7.03405282954237e-62,2.32429571758793e-61,-0.110034026304896,ACE2,16,252
116,1.74527479139453e-58,5.71727948905111e-58,0.404519651699116,CCR7,16,66
117,6.59101902459989e-58,2.14067284559657e-57,-0.275024200911571,JUN,16,295
118,2.31732543718761e-57,7.46257344179055e-57,0.834879731844461,IGHG4,16,40
119,2.55383341284808e-57,8.15509829312822e-57,0.627434962615168,RUNX3,16,52
120,3.741397506735e-56,1.18477587713274e-55,-0.283334772497116,KLRD1,16,300
121,9.13975854119107e-56,2.87033739310132e-55,-0.276860637445476,LAG3,16,298
122,3.3742357866624e-55,1.05099147453419e-54,0.742435844042056,TGFB1,16,47
123,1.68056933305258e-53,5.1920028175608e-53,-0.391451097620934,FLT1,16,315
124,5.39448714907969e-53,1.65314928762119e-52,0.604351873773922,CD40,16,54
125,4.16659703845377e-52,1.26664549968995e-51,0.542404037324598,PLEK,16,58
126,4.39392529361292e-52,1.32515207267691e-51,0.655477372576921,CD44,16,51
127,7.25295134844403e-52,2.17017441921948e-51,-0.707597011357681,STAT2,16,337
128,4.75280508938867e-51,1.41098901091227e-50,-0.463243277869104,VSIG4,16,320
129,1.1460239227136e-48,3.37588442349741e-48,-0.49774768434916,FKBP11,16,327
130,9.27505945632302e-43,2.71117122569443e-42,0.717317558972302,DCN,16,48
131,4.09756714695832e-42,1.18860726400318e-41,0.350822380332876,P2RX1,16,74
132,2.47377762861931e-40,7.12148105208592e-40,0.618525421387277,ITGAX,16,53
133,2.24497665186412e-39,6.41421900532605e-39,-0.134793788027452,IL13RA2,16,260
134,3.29436024296291e-39,9.3422156143724e-39,-0.606996967526979,IFNAR1,16,333
135,6.36985779680746e-38,1.79299700947174e-37,-0.330337282910633,CDK6,16,304
136,2.74248993564256e-37,7.66283952606014e-37,0.511691625327154,ENTPD1,16,61
137,3.92690600581909e-37,1.08921480453376e-36,0.469439587997222,ICOSLG,16,63
138,3.95821309278841e-35,1.08994273569535e-34,-0.0632253795714225,IL22RA1,16,229
139,7.03639564577338e-33,1.92361895352079e-32,0.31702187472054,TNFRSF17,16,77
140,9.80102885209015e-33,2.66027925985304e-32,-0.479582650456744,MX1,16,322
141,4.34435992236591e-31,1.17082040460925e-30,0.578487296398553,CD47,16,56
142,1.63762808075857e-30,4.38238500484684e-30,-0.347875810768242,CXCL14,16,308
143,3.89276482715182e-30,1.03444100301937e-29,0.377916056678525,ITGAM,16,68
144,7.34341817974018e-30,1.9378464640981e-29,-0.490467303410189,MYD88,16,324
145,8.4737907560934e-30,2.22071757745895e-29,-0.27214287259238,CCL4,16,294
146,1.52252229205781e-29,3.96272925330118e-29,0.292137174500246,CD83,16,79
147,1.82886092059095e-29,4.72766768588136e-29,0.242001182103917,FCER1A,16,84
148,3.70943966766709e-29,9.52423698455061e-29,-0.231974726113772,CXCR6,16,288
149,1.75645196065719e-28,4.47954191308543e-28,0.539338096391455,NOTCH2,16,60
150,7.13164449097023e-28,1.8066832710458e-27,0.21386910875182,GPR183,16,92
151,1.54445622046332e-26,3.88671101838451e-26,0.353598283593213,VCAN,16,72
152,4.7414691870227e-26,1.18536729675568e-25,0.344111608664151,IRF5,16,75
153,1.73735855253731e-25,4.31500816970053e-25,-0.361674306929496,FAS,16,310
154,2.00232222704991e-25,4.94079510570759e-25,-0.416559255095086,TXLNA,16,316
155,2.10256032337862e-25,5.15466401860567e-25,0.216196043012259,CDKN2D,16,90
156,3.01715758591456e-25,7.34948642722777e-25,-0.488663546095417,CTNNB1,16,323
157,5.44763717436286e-25,1.31853638615152e-24,0.495815183266276,IL10RA,16,62
158,1.05297019169031e-24,2.53245995469822e-24,-0.111244371254982,CCL20,16,253
159,2.35908400148278e-24,5.63806239348086e-24,0.351651569503226,FGR,16,73
160,3.62188008176142e-24,8.60196519418339e-24,0.277933441973656,TBX21,16,81
161,5.62406119417211e-24,1.32741817005304e-23,-0.27742226050591,HAVCR2,16,299
162,7.6709521691648e-24,1.79935915079175e-23,-0.438508939584337,SSR4,16,317
163,8.53789390320736e-24,1.99042925350846e-23,-0.207211035790148,FASLG,16,279
164,1.04869440465613e-23,2.42990166932518e-23,0.306893738788676,MGP,16,78
165,1.24368081308563e-23,2.86423459983357e-23,-0.105308631701189,CCL3,16,247
166,1.33690357667354e-23,3.06038168154183e-23,-0.351643926371537,ICAM1,16,309
167,2.83825097374861e-23,6.45829562888906e-23,-0.234623583518063,NCEH1,16,289
168,3.28445320728845e-23,7.42912034981914e-23,0.434790494385036,SPARC,16,65
169,4.46081502669968e-23,1.00302349712774e-22,0.215143482443967,CXCR3,16,91
170,2.95069597158535e-22,6.59567334824962e-22,-0.03670912446599,EPO,16,215
171,3.86465860567558e-21,8.58813023483459e-21,0.318105846471813,TCF7,16,76
172,7.02624710143478e-21,1.55231040613094e-20,-0.217651791391082,IL15,16,283
173,7.49680151195477e-21,1.6466962858629e-20,0.444194351263395,CD4,16,64
174,7.69194419968986e-21,1.67984988269089e-20,-0.129884298512108,LIF,16,258
175,7.85440954613902e-21,1.70552893001876e-20,-0.332657012922722,KLRK1,16,305
176,1.18688623038643e-20,2.56259527015252e-20,-0.196964669083381,IL15RA,16,276
177,1.23780464360887e-20,2.65743369814334e-20,-0.128380569250835,EPCAM,16,257
178,1.44338318294186e-20,3.08137982875228e-20,0.160232191469704,IL6,16,106
179,3.1910883723166e-20,6.77437755016933e-20,0.367956979259092,COTL1,16,69
180,1.14777931253371e-19,2.42308965979339e-19,-0.457883078543154,CD163,16,319
181,1.7251398113225e-19,3.6218404878594e-19,-0.193682620763342,FABP3,16,275
182,1.77679860451979e-19,3.70979928416218e-19,-0.210871892211528,STAT4,16,281
183,3.59390331777333e-19,7.46275005876429e-19,-0.145140051615625,TNFRSF9,16,264
184,6.18775664638635e-19,1.27790626392762e-18,-0.170117134543228,SOCS2,16,271
185,8.41091802038166e-19,1.72764802580812e-18,-0.345234226670828,C1QB,16,307
186,1.6951001263936e-18,3.4631077851052e-18,-0.095736786892831,NCAM1,16,245
187,2.33834944578553e-18,4.75172614651607e-18,-0.219079506596211,CXCR2,16,284
188,7.34756670988092e-18,1.4851464626355e-17,-0.238231120443801,CLEC12A,16,290
189,1.00908267058476e-16,2.02884346466778e-16,0.192501851760953,CCR4,16,100
190,1.52269698646692e-16,3.04539397293385e-16,0.365680977223071,FCGR2B,16,70
191,4.84766407376107e-16,9.64456726716864e-16,-0.0955968497049125,CCL3L1,16,244
192,1.31839117256744e-15,2.60931586237306e-15,-0.161672113609533,PRF1,16,268
193,3.58570146300636e-14,7.04787257227725e-14,-0.137354054846751,FHIT,16,262
194,3.59812441847839e-14,7.04787257227725e-14,0.216852817698921,IDO1,16,89
195,8.64650232907321e-14,1.68495942822965e-13,0.39879358202632,CXCL12,16,67
196,1.02134323370006e-13,1.98015524901032e-13,0.362183369861274,STAT6,16,71
197,1.82055981241844e-13,3.51173973969038e-13,-0.134667080293604,FCGR1A,16,259
198,1.99418357278952e-13,3.82722099828291e-13,-0.164308102949165,CXCL6,16,269
199,2.70485720308346e-13,5.16505395563676e-13,0.213080395538915,CCL2,16,93
200,5.30224171639021e-13,1.00742592611414e-12,0.202940425562356,CD80,16,97
201,6.36578024176501e-13,1.20348084172672e-12,0.0962848533977181,MMP9,16,119
202,7.55175970227864e-13,1.42062806280489e-12,-0.275883375723579,CSF1R,16,297
203,7.76137795420158e-13,1.45286877960424e-12,-0.210111645387309,NKG7,16,280
204,1.12064018508273e-12,2.08746701142861e-12,-0.254393817294766,TUBB,16,292
205,1.36717960547267e-12,2.53428414672983e-12,-0.251048732913319,CD68,16,291
206,2.76154495078358e-12,5.09411204513475e-12,0.217335846848521,CLEC10A,16,88
207,6.06031408119975e-12,1.11252142553425e-11,-0.127911743514383,FEZ1,16,256
208,8.98861502858842e-12,1.64215082253058e-11,-0.334608206406754,PTEN,16,306
209,1.34954836332199e-11,2.45372429694908e-11,-0.275657342614823,CD8A,16,296
210,1.6065870751979e-11,2.90715756464381e-11,0.211950642879828,CD27,16,94
211,3.78816138004216e-11,6.82228115836977e-11,-0.190379806763811,CCL5,16,273
212,4.44764646369549e-11,7.97219649152963e-11,0.256655547983929,RB1,16,82
213,4.99688029962616e-11,8.91462213078846e-11,0.243827555961854,MIS18BP1,16,83
214,7.11033376465467e-11,1.2625826311069e-10,-0.157939661570435,CD8B,16,266
215,1.6172129079532e-10,2.85832979080099e-10,0.0904394636672143,CCL11,16,122
216,3.48360197991036e-10,6.12855903873119e-10,-0.161455093068325,FADD,16,267
217,5.18245836283678e-10,9.07527270911509e-10,0.202214726949579,GZMK,16,98
218,5.50427367938514e-10,9.59460549617593e-10,0.181319978107813,TOX,16,102
219,1.08696021372647e-09,1.88604968591807e-09,0.157710491894316,CXCL13,16,107
220,1.76953710894048e-09,3.05647318816993e-09,-0.227626908180813,ARPC5,16,287
221,2.23426176272541e-09,3.84171705807988e-09,0.211295600834791,CD86,16,95
222,3.82276022945912e-09,6.54346345583093e-09,-0.0451947532029034,CXCL3,16,219
223,4.14587726978219e-09,7.06472359873198e-09,0.0632753335637566,CD1A,16,136
224,5.05757588056331e-09,8.57981622595561e-09,-0.0874615326087113,CTSW,16,242
225,6.3266397264924e-09,1.06849915380761e-08,0.241686968091411,VSIR,16,85
226,6.66080618240378e-09,1.11995856164311e-08,0.287435229522481,ACTA2,16,80
227,7.77209824921306e-09,1.30105609458192e-08,-0.22058454441545,CTSS,16,285
228,8.86686433376979e-09,1.47781072229497e-08,0.109156296148217,SOCS1,16,114
229,1.03175754761996e-08,1.71208676024273e-08,0.0964670772234886,EGR3,16,118
230,1.05285248267464e-08,1.7394954061581e-08,-0.212552765912202,IL18,16,282
231,1.52117329700256e-08,2.50236299939814e-08,-0.138574419443061,CDK2,16,263
232,1.73331394689482e-08,2.83904870612082e-08,-0.220653533320513,CDK12,16,286
233,2.12298384383524e-08,3.46237708436649e-08,-0.0843121321409726,CXCL1,16,241
234,2.22412287893967e-08,3.61182347861997e-08,-0.0753682605306773,TREM2,16,233
235,2.4114099169806e-08,3.89930114235161e-08,-0.176253689375189,GZMA,16,272
236,4.29391690511727e-08,6.91393399976511e-08,-0.0742455089390117,LILRA5,16,232
237,4.68081176000524e-08,7.50509902448096e-08,-0.19175423349526,CD38,16,274
238,5.28213333111074e-08,8.43365825975666e-08,-0.202252760054954,SOS1,16,278
239,6.01251089367484e-08,9.55964075144953e-08,0.0711261205309734,TNF,16,132
240,1.49836209806576e-07,2.37240665527079e-07,0.0978017816349075,LAMP3,16,117
241,1.54887873339449e-07,2.44221543024857e-07,0.237652978913926,CD2,16,86
242,1.80875473676053e-07,2.84019338830166e-07,0.22317874989216,IL4R,16,87
243,2.61046283308419e-07,4.08220525338268e-07,-0.150237312928587,RGS5,16,265
244,3.05939939089105e-07,4.76463839565e-07,-0.199100246999375,KRAS,16,277
245,6.30397434844208e-07,9.77759286697139e-07,0.122357120016715,CCR5,16,111
246,6.44506829398329e-07,9.95579655168151e-07,0.162972104093075,PDGFRA,16,105
247,8.7303409913142e-07,1.34312938327911e-06,-0.045471879767642,GATA2,16,221
248,1.33579769962898e-06,2.0467867978186e-06,0.201247961435198,JAK2,16,99
249,1.37155703908208e-06,2.09313925643048e-06,-0.0495595856308676,CXCL5,16,223
250,1.5821742644789e-06,2.40490488200793e-06,0.181789203215804,CCR1,16,101
251,1.63374306753467e-06,2.47339587913615e-06,0.0709761539065195,IL23A,16,133
252,1.88253056918335e-06,2.83873657257807e-06,0.144881021966183,STMN1,16,109
253,3.70941037584841e-06,5.57144641431778e-06,-0.0453081539783657,SOX17,16,220
254,5.58792214048235e-06,8.35988351725706e-06,0.0955004618410578,IGLC3,16,120
255,5.62269941680151e-06,8.37892462111597e-06,0.106308297178413,PLVAP,16,115
256,7.1260627202537e-06,1.05777493503766e-05,-0.117378426925884,SAMD3,16,254
257,1.22864569307089e-05,1.81667456563011e-05,0.0547855969387894,TFF3,16,138
258,1.55545082895766e-05,2.29097408916245e-05,0.117396339487891,MKI67,16,112
259,1.80399960927913e-05,2.64679479353695e-05,0.173653666455318,CD3E,16,104
260,2.36581852259127e-05,3.45773476378724e-05,-0.168481863241456,IRF2,16,270
261,2.38867328415385e-05,3.47776186964929e-05,0.0702661154667633,CD40LG,16,134
262,2.47312479306601e-05,3.58697489070642e-05,0.203136643451266,S100A9,16,96
263,2.82694409387e-05,4.08455800635209e-05,0.0691717783488489,KIT,16,135
264,2.9112051004017e-05,4.19037097785092e-05,-0.0795115671031018,CST7,16,237
265,2.92689292902486e-05,4.19705401143188e-05,-0.0455258967913542,CDKN2B,16,222
266,3.42518320497183e-05,4.89311886424547e-05,0.088017865186287,PTGS1,16,124
267,7.29423120864007e-05,0.000103813028437574,-0.083929067282821,GPR171,16,240
268,0.000140981789379145,0.000199899552104759,0.157221692520631,TP53,16,108
269,0.000142131621932821,0.000200780729867925,0.0362742630552391,IL12B,16,146
270,0.000164604437372703,0.000231665504450471,0.176582152736597,JAK1,16,103
271,0.000230036394282444,0.000322560257665421,-0.105808194383599,CDK4,16,248
272,0.000258897241678619,0.000360766627611206,-0.0653131824784174,CD274,16,230
273,0.000259182340362788,0.000360766627611206,-0.0898885164659708,PDCD1LG2,16,243
274,0.000285548701416029,0.00039601644721931,-0.0777352913714349,GATA3,16,235
275,0.00029241501038981,0.000404064377993192,0.0729747184797917,NELL2,16,129
276,0.000411683899642596,0.000566811166174589,0.0468228010304688,CHIT1,16,143
277,0.00045669990594379,0.000626519726565488,0.098248622991267,CD28,16,116
278,0.000475053058316572,0.000649353101296033,-0.107226582235236,PIK3CA,16,250
279,0.000506589823748413,0.00068997897141361,0.0887569447957299,TRAT1,16,123
280,0.000515498875192702,0.000699605616332953,0.0737940737263347,GZMH,16,128
281,0.000584674624381697,0.000790663193114038,0.0302750748886695,CCR3,16,151
282,0.000673084753728345,0.000906993639775784,0.0922020672983813,GLIPR2,16,121
283,0.000692420426903809,0.000929751809976846,-0.076564229471712,ITGAE,16,234
284,0.000800073176102224,0.00107052044689734,-0.0329681241258453,PDCD1,16,213
285,0.000814158812168737,0.00108554508289165,0.122480867032228,FCGR2A,16,110
286,0.000818539456922167,0.00108756990779868,0.0509420302745875,CX3CR1,16,142
287,0.00124171060748942,0.00164407676252955,-0.122113880585653,KMT2C,16,255
288,0.00124792130252616,0.00164656282972201,0.0783353462091498,NOD1,16,126
289,0.00139462171913725,0.00183375866184136,0.0525754504791534,ID4,16,139
290,0.00141913167993275,0.0018595518564636,-0.0325214350436567,ZNF683,16,212
291,0.00178699118155836,0.00233352800340954,0.111242460454834,CMKLR1,16,113
292,0.00279193487105872,0.00363333990069285,-0.0603216691461269,EOMES,16,228
293,0.00342995289355034,0.00444840307013354,-0.136974957368694,IFNGR1,16,261
294,0.00387008393461492,0.00500214930324377,0.0348341891797319,CPA3,16,147
295,0.0042293416958704,0.00544796557434152,-0.0383859242091349,KLRC1,16,217
296,0.00730281332577386,0.00937523332362861,-0.106605546206549,ARID1A,16,249
297,0.00831920242621019,0.0106440973803363,-0.0116106946510584,FOS,16,196
298,0.00917709641747184,0.0117023377135547,-0.0206749910274256,CDKN1C,16,202
1,0,0,3.85186511045016,CD8A,17,1
2,0,0,1.92367216806122,STAT1,17,20
3,0,0,2.01448196777249,APOE,17,14
4,0,0,2.58307775559549,CCND1,17,6
5,0,0,3.02018759465878,CD2,17,3
6,0,0,3.14446215231069,KLRK1,17,2
7,0,0,2.49161338528974,A2M,17,7
8,0,0,2.61743017008794,CD3E,17,5
9,0,0,1.38967635747107,IFITM3,17,38
10,0,0,2.81125530740491,CXCL10,17,4
11,0,0,1.90345163070469,C1S,17,21
12,0,0,0.888196375835547,ACTB,17,62
13,1.88061243269046e-308,4.49028755855375e-307,2.18246796889408,FN1,17,8
14,1.37503193860817e-305,3.7322295476507e-304,2.18220755038232,NKG7,17,9
15,8.13272007617305e-305,2.06028908596393e-303,-0.967275463344893,LUM,17,372
16,4.04103423626672e-303,9.59745631113367e-302,-0.439949631509547,CCL19,17,356
17,6.00227687376432e-299,1.3416854188414e-297,1.94847677008284,SDC1,17,19
18,7.66306034233147e-297,1.61775718338105e-295,-0.365668243745092,MGP,17,350
19,6.73336603313373e-291,1.34667320662681e-289,2.11620596574237,IL2RB,17,12
20,4.88268315302062e-279,9.27709799073899e-278,2.06949971370313,TIGIT,17,13
21,2.33408238187453e-277,4.22357764339198e-276,2.17242643094239,CXCL9,17,10
22,4.90453188817759e-272,8.4714641704886e-271,1.97064935962266,CD3D,17,16
23,1.40253221357736e-271,2.31722713547569e-270,1.9688341728084,IL2RG,17,17
24,8.20423581075927e-267,1.29900400337025e-265,2.12146166525291,CCL4,17,11
25,1.38255783643654e-266,2.10148791138366e-265,1.97186044664481,CCL5,17,15
26,2.20393182031459e-255,3.22113112199827e-254,1.90185941130391,FASLG,17,22
27,1.50950247780283e-252,2.12448496875949e-251,1.95090243291182,GZMA,17,18
28,4.40896058127282e-243,5.98358936029909e-242,-0.547496131868005,PDGFRA,17,362
29,4.03152001512777e-242,5.28268139913317e-241,1.83777720366447,CD8B,17,23
30,2.91761063466982e-236,3.69564013724838e-235,1.82163214758119,TNFRSF9,17,24
31,4.71136570713726e-234,5.77522247971638e-233,-1.73913520036684,IGFBP7,17,380
32,1.56359994393237e-232,1.85677493341962e-231,-0.405596713697905,VCAN,17,353
33,2.71447937220547e-221,3.12576412556997e-220,-1.27436832601811,DCN,17,379
34,1.45261027866362e-219,1.62350560556526e-218,1.69558856745571,LCK,17,26
35,3.72153412867504e-212,4.04052276827577e-211,1.7814542944326,ARG1,17,25
36,6.50066961674503e-212,6.86181792878624e-211,1.64150059629373,CXCR6,17,27
37,1.52497119488589e-207,1.56618663258551e-206,1.61566912203234,LAG3,17,28
38,2.25458892771625e-199,2.25458892771623e-198,1.50283561173146,C1R,17,33
39,5.3087110917942e-199,5.17259029456877e-198,1.11819579658221,HLA-B,17,51
40,6.21444146314694e-189,5.90371938998946e-188,1.48534423509267,TOX,17,34
41,1.0456507378816e-188,9.69139708280511e-188,1.51180964533199,KLRD1,17,32
42,3.74279967982314e-182,3.386342567459e-181,1.56638191453916,FCMR,17,29
43,5.55380250510464e-180,4.90801151613888e-179,-0.170048592901931,NOTCH3,17,309
44,7.94530098381307e-173,6.86185084965676e-172,-1.11764823313873,IGHG2,17,376
45,1.16746361898249e-171,9.85858167140759e-171,-0.822367118718323,SPARC,17,370
46,2.16276216204383e-170,1.7866296121232e-169,1.56227710520768,ISG15,17,30
47,1.17951093421228e-169,9.53647138299289e-169,1.53049715697592,CCL16,17,31
48,2.42482162182568e-156,1.91965045061204e-155,-1.14023728045515,IGHGP,17,377
49,1.16988695025177e-153,9.07259267542202e-153,1.40630022283143,CORO1A,17,36
50,4.05857678743619e-150,3.08451835845148e-149,-0.155235578981724,P2RX1,17,306
51,6.16453467398752e-149,4.59318269826509e-148,1.38977346816221,JAK3,17,37
52,1.23340316083521e-148,9.01333079071888e-148,1.42177468940966,CXCL11,17,35
53,1.54570349401482e-148,1.10824024099175e-147,1.34559481509932,C1QBP,17,39
54,2.83814686930381e-147,1.99721446358412e-146,1.32133537170809,PSMB10,17,41
55,6.23604104065122e-145,4.30853744626819e-144,-0.94947501757414,IGHG4,17,371
56,1.26111743374919e-140,8.5575825861551e-140,1.32885324276341,PTPRC,17,40
57,9.97295325600575e-137,6.64863550400379e-136,1.26545453892092,IQGAP2,17,42
58,2.31152729683098e-136,1.51444891861338e-135,1.16099801184064,GPR171,17,48
59,1.96513387173989e-131,1.26567944281555e-130,1.1736468383235,CTLA4,17,45
60,3.86427767910161e-130,2.44737586343097e-129,1.26382475715891,ID2,17,43
61,8.93345653466874e-129,5.56510407077716e-128,1.16437337245911,XBP1,17,47
62,4.6923854790078e-128,2.87597819681126e-127,1.10907960267144,PRF1,17,52
63,1.4239314777683e-125,8.5887930405072e-125,-1.01677496503709,IGHG3,17,374
64,5.1517302915884e-125,3.05883986063067e-124,1.14445619336267,CD27,17,49
65,8.11285534762642e-117,4.74290004938169e-116,1.0932071433029,ITGAE,17,54
66,2.3258915146356e-114,1.33914965994172e-113,-1.23818006377473,CXCL12,17,378
67,2.40158089424704e-111,1.36209065643864e-110,1.1316081099228,LAMP2,17,50
68,1.58187324571446e-110,8.83987990252193e-110,1.16478091095014,PRDX4,17,46
69,3.06237640453755e-110,1.68652613583227e-109,-0.1241834435846,CD19,17,300
70,6.90909755403909e-110,3.75065295790694e-109,1.18797219848072,IRF1,17,44
71,1.32115756638532e-108,7.07098415811867e-108,1.09508065985282,KLRB1,17,53
72,1.65962005493901e-106,8.75910584551143e-106,-0.22478223269149,DERL3,17,325
73,1.27065515696494e-105,6.61436931022852e-105,0.924679353485234,EOMES,17,60
74,6.50649051753923e-100,3.34117080630392e-99,1.07727993703139,DGKA,17,55
75,2.64791400748957e-95,1.34160976379471e-94,0.8005451403937,CD74,17,71
76,1.33265330004777e-94,6.66326650023877e-94,-0.223638178508756,PLVAP,17,323
77,5.61800728662094e-94,2.77252307651422e-93,1.06969150918174,TNFRSF1B,17,56
78,9.0688174868498e-93,4.41814185256789e-92,-1.09832588742817,IGHG1,17,375
79,7.99090706822662e-91,3.84372745053935e-90,0.810282529197855,CST7,17,69
80,7.60251589698372e-90,3.61119505106729e-89,0.922489374652699,CD247,17,61
81,1.04390147443061e-87,4.89731555905726e-87,-0.513167635838544,IGHM,17,360
82,1.1126591904351e-87,5.1562255166505e-87,1.0442170437841,ANPEP,17,57
83,1.20857123903049e-87,5.5332177208625e-87,0.983798963148203,CSF1,17,58
84,5.13959663353461e-87,2.3250556199323e-86,0.836562596576393,TRAT1,17,65
85,6.99579989152951e-87,3.1275340691544e-86,0.963482553371727,BCL2,17,59
86,2.75774829190075e-83,1.2185399429329e-82,-0.537227017751503,FCGR2A,17,361
87,8.71233262831998e-83,3.80538666524317e-82,-0.196104334502575,TNFRSF17,17,318
88,2.10192166461847e-82,9.07647991539792e-82,-0.392759007993123,CCL21,17,352
89,4.69775274380726e-78,2.0057820703896e-77,-0.762018238886434,JCHAIN,17,369
90,5.58855902087186e-77,2.35961380881253e-76,0.879771842824279,LAMP1,17,63
91,1.50935391160958e-74,6.30279655397408e-74,-0.185074855470255,CD79A,17,313
92,8.61805994711554e-73,3.55963345641726e-72,-0.360640769611575,GPR34,17,349
93,1.29496381388154e-72,5.29124999220407e-72,0.770196087562455,CD28,17,74
94,5.38013464764064e-69,2.17494804904621e-68,0.875569752329945,STAT3,17,64
95,6.50952690434171e-68,2.60381076173669e-67,-0.347484118980872,MZB1,17,348
96,7.5948308492029e-67,3.0062872111428e-66,0.661492053661879,CCR5,17,86
97,1.24544236258462e-66,4.87905255445518e-66,-0.506381823176808,SYK,17,359
98,3.20494342427378e-66,1.24273316451434e-65,0.605026183620998,CCL3L1,17,95
99,3.2867769440673e-66,1.26159115024807e-65,-0.631594385657225,CSF1R,17,366
100,9.51314180375735e-66,3.61499388542776e-65,0.815158320397076,TC2N,17,67
101,1.20185746658685e-65,4.52183997329699e-65,0.757464350478471,GZMK,17,76
102,2.40804157382371e-65,8.97113527502949e-65,0.70101977971429,CCL15,17,82
103,3.0905686104941e-65,1.1402097786289e-64,0.540587953942932,PDCD1,17,101
104,6.30030692702905e-65,2.30203522333755e-64,0.710073099600444,CXCL13,17,81
105,2.12938068348879e-64,7.70633009262615e-64,0.60635125742883,CTSW,17,94
106,5.60997305730848e-64,2.01112241677094e-63,0.813015674057111,CD47,17,68
107,9.83064422671933e-64,3.49125682818069e-63,0.823773330776331,KRAS,17,66
108,2.95455739308237e-63,1.03956649015862e-62,-0.62269105177674,FCGR2B,17,365
109,4.15479246425752e-63,1.44845975818153e-62,-0.460476500494186,CMKLR1,17,357
110,9.68485421055142e-63,3.34567690909954e-62,-0.752692593863282,MPEG1,17,368
111,6.94318195468082e-62,2.37694517367452e-61,0.532598004760401,DUSP2,17,103
112,4.85572886861371e-61,1.64747943756539e-60,0.754440569441111,SPON2,17,77
113,5.02587794350844e-61,1.69011824648956e-60,0.804392149383681,AKT1,17,70
114,1.48158517442514e-60,4.93861724808376e-60,0.596024820521461,TBX21,17,96
115,3.46090944175966e-60,1.14360485901624e-59,-0.994839184356525,IGKC,17,373
116,1.98246897939636e-59,6.49429493250537e-59,0.555214879677771,CCL3,17,100
117,8.74546764244693e-59,2.8404082941281e-58,0.725324302081636,HAVCR2,17,79
118,3.80740705710122e-57,1.22611413703259e-56,0.683323187784483,SAMD3,17,84
119,4.12446690027735e-57,1.31705665723141e-56,0.752271675429217,FAS,17,78
120,5.67448045723877e-57,1.79691881145896e-56,-0.184181396956203,MS4A1,17,312
121,5.04390586491719e-56,1.58403655261862e-55,0.760187829885324,CTNNB1,17,75
122,1.04594754964907e-55,3.25786941693971e-55,0.778134675646729,JAK1,17,73
123,3.75412493676265e-55,1.15981095607301e-54,-0.181700585451206,EPCAM,17,311
124,4.23256967541082e-55,1.29707780375492e-54,-0.232357741163193,ADAM28,17,327
125,7.52314446524777e-55,2.28703591743534e-54,0.562382814512479,GZMH,17,99
126,1.08369151129298e-54,3.26793578098993e-54,0.534076314155775,RGS1,17,102
127,1.09217853733084e-54,3.26793578098993e-54,0.523724055438157,CCL20,17,106
128,2.2232511348665e-53,6.60027680663494e-53,0.658937611343856,RUNX3,17,87
129,2.24794113711373e-53,6.62184210932725e-53,0.799541222861711,IFIT3,17,72
130,4.17907179622632e-52,1.22157483274308e-51,-0.268888809628848,CCL2,17,334
131,5.9236585679624e-52,1.71831317238604e-51,0.568018195419884,GATA3,17,97
132,9.59045316718458e-52,2.76088803297739e-51,0.614527312793169,STAT4,17,92
133,5.24330799138624e-51,1.49808799753892e-50,0.668867772942229,CEACAM1,17,85
134,8.70765308775263e-50,2.46933445772089e-49,-0.290666106957866,EPOR,17,340
135,1.63516729347687e-49,4.60269312237935e-49,0.525265398277068,FCRL3,17,105
136,9.13806900652067e-49,2.55328398711609e-48,0.69786057391469,NT5E,17,83
137,1.11778100516508e-47,3.10041446688124e-47,-0.295286984020969,SLC1A3,17,341
138,1.18116025646413e-47,3.25247027142296e-47,0.711672857273257,IFNAR1,17,80
139,1.19440839846693e-44,3.26528914688801e-44,-0.345136319647602,SELL,17,347
140,5.81006292130258e-44,1.57701707863927e-43,-0.121799891502857,BANK1,17,299
141,2.05775503496801e-43,5.54572278927548e-43,-0.582762417297867,S100A9,17,364
142,2.90017722402215e-42,7.76103764174948e-42,-0.120137813608137,LILRA4,17,297
143,1.33172145478588e-41,3.53884022950093e-41,-0.323780126698511,CXCR2,17,344
144,2.63771268584798e-41,6.9606306987655e-41,-0.484927318149009,IL18,17,358
145,3.54496526557024e-41,9.29025379942544e-41,-0.695604829935033,CD163,17,367
146,7.44899825705386e-41,1.9387803682743e-40,-0.0654892922271037,PAX5,17,275
147,9.53701330964673e-41,2.46535037936446e-40,0.642771472363686,STAT5B,17,89
148,3.44168636104064e-40,8.83676227834756e-40,-0.414484933829164,CXCL14,17,354
149,4.58422070939623e-40,1.16913011380575e-39,0.650525667685608,MYD88,17,88
150,5.5936905328908e-39,1.41706826833233e-38,0.614301249459553,TP53,17,93
151,4.61663311400221e-38,1.16180171080851e-37,-0.557914143381714,CD4,17,363
152,5.42583785817149e-38,1.35645946454287e-37,0.622341580044228,TXLNA,17,90
153,1.18690765068773e-37,2.94787521085843e-37,-0.148937210926755,IGLC3,17,305
154,1.4395135968585e-37,3.55204653770276e-37,-0.0947699163142933,KIT,17,289
155,1.83872790182666e-37,4.50784904963953e-37,-0.251588725110306,CCR2,17,330
156,5.61374623214744e-37,1.36745100526667e-36,-0.268625317763488,CLEC10A,17,333
157,6.32292769055926e-37,1.53039014166402e-36,-0.423735346787829,VSIG4,17,355
158,4.71239758929394e-36,1.13336144552639e-35,-0.210694105170021,FEZ1,17,321
159,1.50982089742396e-34,3.60837698755409e-34,-0.0527933963466585,CXCR1,17,265
160,1.70821754503818e-34,4.05701666946569e-34,-0.0889668894861709,SPIB,17,286
161,2.00788821277386e-34,4.73911503636067e-34,-0.249524060522425,ITGAM,17,329
162,3.81529713757911e-34,8.9494624214818e-34,-0.0914838674505844,CXCL5,17,287
163,1.80122894422036e-33,4.19918404174069e-33,0.615529302511712,MX1,17,91
164,6.30317034770998e-33,1.46049069032305e-32,0.481749402064024,CDKN1A,17,110
165,1.52971215464946e-32,3.52297344707151e-32,-0.335647615990161,LILRB2,17,345
166,7.76092481486899e-32,1.77659724677724e-31,-0.15671484966985,PTGS1,17,308
167,1.30274554125876e-31,2.96433117172652e-31,-0.118223525975554,NCAM1,17,296
168,2.49131401864892e-31,5.63511504218209e-31,0.532326996053345,PTEN,17,104
169,8.97440586220072e-31,2.01791374416348e-30,-0.317506562366996,CLEC12A,17,343
170,3.10735738321048e-29,6.94585768011749e-29,0.510441098475583,CTSD,17,107
171,7.5984971209943e-29,1.68855491577651e-28,-0.267879728526022,FGR,17,331
172,1.01564938236291e-28,2.24387654242968e-28,0.565455292226264,IL10RA,17,98
173,3.27725610178833e-28,7.19859721780096e-28,-0.100483110271563,ID4,17,290
174,3.98843300054662e-28,8.710370920734e-28,0.32705340096566,GZMB,17,133
175,8.36115699784748e-28,1.8155655195326e-27,0.488940774004636,TUBB,17,108
176,2.88029637555135e-27,6.21882171994041e-27,0.400083902860104,CENPV,17,122
177,7.08820737947604e-27,1.52176203627169e-26,0.446513594279509,MET,17,118
178,4.89602609998173e-26,1.04521905505228e-25,-0.072087255192489,GATA2,17,279
179,5.57903966765614e-26,1.18437713615047e-25,-0.371393824576087,ITGAX,17,351
180,1.2808641518698e-25,2.70404654283625e-25,0.456141246221988,COTL1,17,115
181,1.36773674068935e-25,2.87149149978981e-25,0.261750859611517,CXCR3,17,143
182,2.04251754802672e-25,4.26459707829754e-25,0.464004712257778,G0S2,17,112
183,2.51524330785348e-25,5.22290960100723e-25,0.488224263691103,IRF2,17,109
184,3.2171259469017e-25,6.64406445555787e-25,0.38329850431287,FADD,17,125
185,6.38426801424314e-25,1.31136315968237e-24,-0.0798753337508346,PLD4,17,284
186,1.39310888818775e-24,2.84613643823303e-24,0.262040782274624,KLRC1,17,142
187,1.88248701653723e-24,3.82537468601149e-24,-0.273756355793313,RGS5,17,336
188,3.02527163823104e-24,6.11491075812657e-24,0.476169565483733,ICAM1,17,111
189,3.19899221876058e-24,6.43183620703184e-24,-0.286685089435322,IL7R,17,339
190,6.40172721975924e-24,1.28034544395185e-23,-0.0431458228694182,CCL11,17,257
191,2.09402223260405e-23,4.16611753083529e-23,0.284117944287325,NELL2,17,141
192,2.86355164245908e-23,5.6674459590336e-23,0.455634527908435,ARPC3,17,116
193,4.01899258456083e-23,7.91304239447211e-23,-0.223915820868758,IRF5,17,324
194,1.54178916003969e-22,3.01999938564475e-22,0.243673429780515,ZNF683,17,144
195,4.3512533173627e-22,8.47936543896323e-22,-0.115326093469171,IL13RA2,17,295
196,9.28955869873872e-22,1.80103689057179e-21,-0.176146958309726,SPARCL1,17,310
197,1.11355730827792e-20,2.14797856419092e-20,0.463557298796805,ACTA2,17,113
198,2.05472637120692e-20,3.94341424777087e-20,0.429138404862869,ERBB3,17,120
199,2.48059148492729e-20,4.73680786066518e-20,-0.272539576025058,FLT1,17,335
200,3.06811101633443e-20,5.8294109310354e-20,0.447508790990248,SSR4,17,117
201,3.43020000665643e-20,6.4849552364649e-20,0.459724303114779,TUBA1B,17,114
202,3.5297641512777e-20,6.6401503835917e-20,0.41679898703537,ARPC5,17,121
203,6.21893269706275e-20,1.16413518467184e-19,-0.142561939587063,CXCR4,17,303
204,3.1658877407626e-19,5.89724187004796e-19,0.326047909017991,LY6E,17,134
205,3.48096282455578e-19,6.45251645527411e-19,-0.315188239805111,PLA2G7,17,342
206,5.49791435794583e-19,1.01417837670846e-18,0.440810502285916,NOTCH1,17,119
207,1.08690827818692e-18,1.99529055899047e-18,-0.0476473007750231,CPA3,17,259
208,3.76337028838823e-18,6.87538802686312e-18,0.397460984780113,ARID1A,17,123
209,5.345777704293e-18,9.71959582598725e-18,0.332359044834366,CDK6,17,131
210,1.13856105496215e-17,2.06025333755056e-17,0.38583293329303,FKBP11,17,124
211,1.37594259291481e-17,2.47800087823521e-17,-0.0569053456224759,CCR7,17,268
212,2.55348458110297e-17,4.57700066424118e-17,0.361420785906138,CD44,17,128
213,3.87707595598438e-17,6.9168491233524e-17,-0.0476069416554022,CDKN1C,17,258
214,4.73995380180986e-17,8.41674039573715e-17,-0.34421298385104,C1QB,17,346
215,5.31700478373683e-17,9.39749682706974e-17,0.369883955041185,CD38,17,126
216,5.49432380913941e-17,9.66594003459713e-17,0.327905788264657,TMPRSS2,17,132
217,1.27634697232112e-16,2.23507764738259e-16,0.345679231476149,IFIT2,17,130
218,4.91541813216577e-16,8.56816004689445e-16,-0.27562213616386,CCR1,17,337
219,6.49330238655355e-16,1.1266917383061e-15,0.369634122597411,CDK12,17,127
220,6.64470982189337e-16,1.14772260559976e-15,-0.0621046549668104,FCER1A,17,270
221,8.78524796566567e-16,1.51058562305563e-15,-0.190791315836629,PDCD1LG2,17,316
222,6.09813175790988e-15,1.04382435495755e-14,0.157154919301434,CDKN2A,17,156
223,8.85706179629622e-15,1.5092751043016e-14,0.347447675377157,CDKN1B,17,129
224,1.06397565620077e-14,1.80495870248345e-14,-0.202966005558686,NCEH1,17,320
225,1.82260086595908e-14,3.07817035139756e-14,-0.234140736368579,CD86,17,328
226,2.66599637087807e-14,4.48264876519321e-14,-0.112373447096269,CXCL1,17,293
227,4.68606082449424e-14,7.84450710708286e-14,0.299784488961358,CD276,17,139
228,7.68439466355788e-14,1.28073244392632e-13,0.310123837425533,EGFR,17,137
229,1.63927518248158e-13,2.72019462595197e-13,-0.0364693385848223,IL6,17,252
230,2.41645715466005e-13,3.99240747291661e-13,0.314191566910441,SMAD3,17,136
231,2.58384636658983e-13,4.25048320045081e-13,-0.114066207138964,LILRB4,17,294
232,3.44775720570048e-13,5.64718852657836e-13,0.32149336818926,SOS1,17,135
233,2.2740880998425e-12,3.70881321004357e-12,-0.0637965347541621,SOX17,17,272
234,2.89640062397263e-12,4.70355656884445e-12,-0.0519166491615732,GPR183,17,263
235,3.59007623044714e-12,5.80522964923368e-12,0.222501952793362,MKI67,17,145
236,5.24600537447007e-12,8.44695780635013e-12,-0.267898273600963,VSIR,17,332
237,1.18043047774683e-11,1.89267333984723e-11,-0.0369481979959851,MCEMP1,17,253
238,1.46050282457508e-11,2.33189526612828e-11,-0.222062631781106,FOXP3,17,322
239,2.40116912633654e-11,3.81775844354763e-11,0.110102994216937,TNF,17,164
240,4.11908077764717e-11,6.52187789794136e-11,-0.130265159029891,FCGR1A,17,301
241,4.90799595347167e-11,7.73874880630387e-11,0.207886913245529,IDO1,17,147
242,7.19761486737066e-11,1.13020398743837e-10,0.134155532878292,EGR3,17,159
243,8.95823243142713e-11,1.4008758534742e-10,-0.0415965773548863,FCER2,17,255
244,2.11773395246324e-10,3.29811025383619e-10,0.291739814100568,ERBB2,17,140
245,3.78553812766852e-10,5.87144689189405e-10,-0.0631133160547493,CX3CR1,17,271
246,4.30884903475761e-10,6.65594566344672e-10,0.305390505624577,STAT6,17,138
247,5.05109143447777e-10,7.77090989919657e-10,-0.155836053692167,CXCL6,17,307
248,8.30061595943925e-10,1.27186857443021e-09,-0.228349384483491,CD68,17,326
249,9.02725135155739e-10,1.37765281670354e-09,0.130445709706301,SOCS1,17,162
250,1.66376477258456e-09,2.52892245432854e-09,0.131755209528609,GNLY,17,160
251,3.7255515486259e-09,5.64027724493164e-09,0.200186140685062,STMN1,17,150
252,4.16163510354229e-09,6.27548150534155e-09,-0.283863324075299,NOTCH2,17,338
253,6.97702267606931e-09,1.04793225964677e-08,0.173981438176882,JUN,17,153
254,1.52183682183196e-08,2.27676374919743e-08,0.169027573147941,CD80,17,155
255,1.88724229612209e-08,2.81236106873096e-08,0.201244289418093,RORC,17,148
256,2.7273238149068e-08,4.04837128775228e-08,0.149829753068924,CEACAM8,17,158
257,3.07266783058221e-08,4.54324426311767e-08,-0.146377760790548,IL15,17,304
258,3.64804723562766e-08,5.37309282766864e-08,-0.024051337326245,MMP9,17,245
259,1.29602977996472e-07,1.90151087407951e-07,-0.0378335016551835,TCL1A,17,254
260,1.67404449304417e-07,2.44668041291071e-07,-0.108241160314212,SOCS3,17,292
261,2.20033433853606e-07,3.20355191051227e-07,0.0673910255867689,EPO,17,176
262,7.21278268812752e-07,1.04612878682766e-06,-0.072216268344194,LILRA5,17,280
263,7.90026783192804e-07,1.14148356506945e-06,0.17303720066813,CDK4,17,154
264,1.08938652094805e-06,1.56805635591007e-06,-0.0642096888357141,CD1C,17,273
265,1.64334502282977e-06,2.35649474971817e-06,-0.202473968548926,AIF1,17,319
266,6.57468818143543e-06,9.39241168776489e-06,0.0901698796878313,IL10,17,168
267,1.15315032479661e-05,1.64118772817495e-05,0.214212819932303,ITGA1,17,146
268,1.39422047058487e-05,1.97687977172481e-05,0.200882641714751,CTSB,17,149
269,1.4905155298785e-05,2.10556097157558e-05,-0.0768669308649927,CCL28,17,281
270,2.01789403424702e-05,2.83999901116247e-05,-0.035032281294403,CHIT1,17,251
271,2.03463713390485e-05,2.85299671912857e-05,0.151132432547786,HIF1A,17,157
272,3.12715861724796e-05,4.36882453880229e-05,-0.188350095250545,FCGR3A,17,314
273,4.96400252594124e-05,6.90960058555923e-05,-0.02628483755501,TFF3,17,247
274,5.01189761185981e-05,6.95080690695885e-05,0.0800324297844103,FLT3LG,17,172
275,5.25249019576434e-05,7.25798645232891e-05,-0.195647836612098,IFNGR1,17,317
276,5.73759507411614e-05,7.89958742088454e-05,-0.0841600856777992,FHIT,17,285
277,5.84942400972331e-05,8.02448059095616e-05,-0.189609711102417,IL1R1,17,315
278,5.87912369782685e-05,8.03621224882807e-05,-0.0118760187410591,AIRE,17,230
279,7.19583004675392e-05,9.80077210668992e-05,-0.0603375727314657,ORC6,17,269
280,9.76880472320972e-05,0.000132576635529275,0.100467518446104,RNF43,17,167
281,0.000114305369976918,0.000154576656908288,-0.0485363374505142,S100B,17,261
282,0.000133353600737298,0.000179696341419054,0.130694168290074,LTB,17,161
283,0.000156896261107995,0.000210673424809321,0.0583542549674067,IL12RB2,17,177
284,0.000187557080367781,0.00025095665683013,0.19787713728262,MARCO,17,151
285,0.000261148662674597,0.000348198216899463,0.182128322601214,ATM,17,152
286,0.000321602542078227,0.000427304076887155,-0.0151166680147637,IL1A,17,237
287,0.000741905218967305,0.000982313530339986,0.0393483724525417,IL4,17,185
288,0.000791932805357976,0.00104491134040288,0.12127521613838,PIK3CA,17,163
289,0.000904375212395908,0.00118914387789081,-0.0523826545591077,CCR4,17,264
290,0.00121370266189494,0.00159036900524165,-0.0332864652374571,CXCR5,17,250
291,0.00156409128151218,0.00204245596898497,-0.049345532806148,TREM2,17,262
292,0.00169360048345761,0.00220400062915717,0.0574523416524803,LAMP3,17,178
293,0.00178530240067699,0.00231540925685071,-0.0920698351527084,ICOSLG,17,288
294,0.00200090893848092,0.00258620883205017,0.0836720109577153,SOCS2,17,171
295,0.00207424458152244,0.00267190827450348,-0.0172124667942831,MS4A2,17,243
296,0.00221962335606963,0.00284951647062993,-0.132523065256773,IRF8,17,302
297,0.0022518883529396,0.00288120395325605,-0.121046238972811,CCL14,17,298
298,0.00232917294034217,0.00297008629976519,-0.0159036594147766,CEACAM6,17,238
299,0.00283261236899504,0.00359997558601376,-0.0774906238719131,FABP3,17,282
300,0.00309546930182238,0.00392092778230835,0.0554496617498008,CD37,17,180
301,0.0031999446887925,0.00403979728153206,-0.028864002183259,IL23A,17,249
302,0.00329711895074489,0.00414869271948032,-0.0129471806992905,CCR3,17,233
303,0.00358848493599966,0.00450041015075865,-0.101928141583916,MIS18BP1,17,291
304,0.00374869931851729,0.00468084344801428,-0.0649067122957829,NOD1,17,274
305,0.00375699276748515,0.00468084344801428,-0.0160504159403278,PGA5,17,240
306,0.00479253286044657,0.00595151139532581,-0.0788171572030346,ANXA1,17,283
307,0.00611508487367361,0.00756916042995431,-0.0139877322911781,CCL26,17,234
308,0.00677283105057024,0.00835609025719705,0.0864851307439226,CXCL16,17,169
309,0.00701390252598514,0.00862551119700437,0.084862930947825,IRF4,17,170
310,0.00747784594727296,0.0091663918063346,-0.0694490258073232,ID1,17,277
311,0.00982644109962776,0.0120065839802526,-0.0559527155458888,ESR1,17,267
1,0,0,3.86941911410804,SDC1,18,4
2,0,0,3.32437881134842,C1S,18,9
3,0,0,2.77132475151982,APOE,18,15
4,0,0,3.18120024284079,C1R,18,10
5,0,0,4.21987456041124,FN1,18,2
6,0,0,3.81582388762834,CCL16,18,5
7,0,0,3.59799561415006,A2M,18,7
8,0,0,3.38315857512283,ARG1,18,8
9,0,0,1.6976064486584,IFITM3,18,43
10,0,0,2.8739060895214,CCND1,18,13
11,0,0,4.5319462268992,MKI67,18,1
12,0,0,2.46609263580325,XBP1,18,22
13,0,0,3.76734024125385,STMN1,18,6
14,0,0,2.87555015605853,PRDX4,18,12
15,0,0,2.50885505899266,LAMP2,18,20
16,0,0,3.89715458089377,CDK1,18,3
17,0,0,2.66867151996196,ANPEP,18,17
18,0,0,3.03551763930154,TUBA1B,18,11
19,0,0,2.40240131910429,IQGAP2,18,23
20,0,0,2.0699469241889,STAT1,18,33
21,0,0,2.78287137313976,TUBB,18,14
22,0,0,2.62921546401731,ERBB3,18,19
23,0,0,2.29389869197949,ITGA1,18,24
24,0,0,2.63156001897305,VEGFA,18,18
25,0,0,2.50532643883891,EGFR,18,21
26,0,0,2.20571252074343,C1QBP,18,27
27,0,0,-1.01495806165729,JAK3,18,366
28,0,0,2.6728732514429,CENPF,18,16
29,0,0,-0.42977187841231,VCAN,18,307
30,0,0,-0.871230045455681,DGKA,18,355
31,0,0,1.81040938037523,IFNAR1,18,39
32,0,0,2.28213573333182,CDKN2C,18,25
33,0,0,2.21575225491162,CENPV,18,26
34,1.11253692928614e-308,1.1125369296173e-308,-0.443164990070487,CCL19,18,310
35,6.10608422111419e-306,6.62946286863829e-305,2.01358869726355,TXLNA,18,35
36,3.12398081112879e-304,3.29753530063605e-303,-1.41337848054274,IL10RA,18,378
37,2.74546634390099e-303,2.8196681369794e-302,2.18159556618658,ORC6,18,28
38,5.22500001485804e-302,5.22500001485799e-301,2.08543959104413,FAS,18,31
39,4.15794291703003e-294,4.05132899608058e-293,1.52228619226542,LAMP1,18,48
40,4.42654022942884e-289,4.20521321795755e-288,2.02391394398873,NT5E,18,34
41,5.23803731552986e-288,4.85476629244206e-287,2.08540746712352,CDK2,18,32
42,5.3397094838273e-286,4.83116572346304e-285,2.16972576224563,UBE2C,18,29
43,2.33443058405145e-282,2.06298516730136e-281,-1.27758278102332,TGFB1,18,377
44,7.03860798693855e-277,6.07879780690114e-276,-0.604746779148106,IL7R,18,332
45,1.56259200078849e-276,1.31952213399916e-275,-0.364413913514158,MGP,18,295
46,6.24513849398902e-268,5.15902745155596e-267,-0.777271526286401,FCMR,18,350
47,2.24292320672335e-264,1.813427273521e-263,1.855335274619,AKT1,18,36
48,5.61381266150409e-259,4.44426835702393e-258,1.5998674157128,CTNNB1,18,44
49,2.3817479054742e-255,1.84706980424522e-254,1.84168277676373,MET,18,37
50,1.25177574834795e-254,9.51349568744439e-254,-1.15024496851119,IL2RG,18,372
51,6.65572426728992e-247,4.95916710111813e-246,1.82755595911621,ID2,18,38
52,2.70381251904265e-240,1.97586299468491e-239,-0.982075032198591,CORO1A,18,365
53,1.21873896388186e-238,8.73812842028493e-238,-1.80630343566617,IGFBP7,18,380
54,2.53359064066922e-236,1.78289711750803e-235,-0.914931919118393,LUM,18,361
55,3.82485055595044e-236,2.6426240204749e-235,-0.724276521232534,TC2N,18,341
56,5.24496678439277e-236,3.55908460369505e-235,-1.07248027740158,PTPRC,18,368
57,1.55802004497652e-235,1.03868002998434e-234,-0.756946366332277,FCGR2A,18,348
58,7.86532268247537e-230,5.15314244713895e-229,-0.902471443989489,CD3E,18,360
59,1.95846252682953e-228,1.26138264439871e-227,1.73507122851492,CEACAM1,18,41
60,1.70890503094885e-223,1.08230651960092e-222,1.75330496003095,ERBB2,18,40
61,3.04649278492591e-223,1.8978151774948e-222,-1.10527759992639,CD2,18,370
62,1.23669182745595e-222,7.57972410376234e-222,-0.712131750064873,ENTPD1,18,339
63,1.39056076372345e-220,8.38750936849061e-220,1.28086327424295,PTEN,18,57
64,4.78708598615604e-217,2.8423323042802e-216,-1.01589191463501,CSF1R,18,367
65,1.60262759786874e-216,9.36920749523281e-216,-0.507493002562404,SAMD3,18,319
66,2.47455813046183e-216,1.42474559026591e-215,-0.848423975966142,ITGAX,18,354
67,6.4164648336889e-216,3.63918901015196e-215,-1.15571980677271,S100A9,18,374
68,5.08908559268353e-212,2.84390077238204e-211,-0.753157874714256,SYK,18,347
69,5.50878241198625e-207,3.03382219790555e-206,-0.887295584679403,KLRK1,18,357
70,1.35295719454076e-196,7.34462477036416e-196,2.0980200853584,CXCL10,18,30
71,3.10415497500616e-195,1.66137871901735e-194,1.53504936652702,CCL15,18,46
72,1.2857069016549e-190,6.78567531428957e-190,-0.607561834435953,LCK,18,333
73,6.32938255450472e-188,3.29474708316686e-187,-0.524833069607047,PDGFRA,18,323
74,3.88128892823686e-187,1.99309431450001e-186,-1.23955603693849,MPEG1,18,376
75,1.41477693310019e-184,7.16820312770764e-184,-0.256281808390397,CXCR4,18,275
76,9.07508915616126e-183,4.53754457808058e-182,1.52806428732199,IL1RAP,18,47
77,2.29315530717471e-182,1.13168703470963e-181,-0.490220368786511,FGR,18,317
78,9.15541164695106e-182,4.46032875107876e-181,1.5407748779177,CDKN1B,18,45
79,8.93985269510992e-179,4.30018230904029e-178,1.70352392142443,CXCL9,18,42
80,1.78194385890454e-176,8.46423332979639e-176,1.44785245513274,CD276,18,50
81,2.7074134851194e-175,1.27014459795723e-174,1.08593091489406,CTSD,18,67
82,1.27769433456835e-172,5.92102252604846e-172,1.38195242695517,STAT3,18,51
83,1.09477486957123e-168,5.01222229442236e-168,1.29349150675621,CD47,18,55
84,1.04301912379763e-167,4.71841984575115e-167,-0.791032111277182,CD38,18,351
85,5.21545299786625e-167,2.33161428139898e-166,-0.521789291942236,CD247,18,322
86,4.50936645613518e-166,1.99251075968759e-165,1.49458911702802,IFIT3,18,49
87,4.1812489716806e-164,1.82629265429725e-163,-1.07350871232405,CD4,18,369
88,7.3154180387675e-164,3.15893051674052e-163,-0.740968243763033,IL2RB,18,343
89,5.72331439435545e-162,2.4436623256799e-161,-0.653682014151657,CMKLR1,18,334
90,5.70626663335446e-161,2.40931257852741e-160,-0.299512869722573,ADAM28,18,282
91,3.17085241447409e-160,1.32409221703317e-159,-0.707049594488269,CCR1,18,338
92,8.25486368020026e-158,3.4096176070393e-157,1.3178161802222,STAT2,18,54
93,5.42813143375195e-156,2.21794617723201e-155,-0.726702341415949,CD44,18,342
94,5.6433768268189e-154,2.28136510020337e-153,1.35052460984015,RORC,18,53
95,8.84575949087703e-154,3.53830379635082e-153,-0.81081048918034,SPARC,18,352
96,1.87233635268179e-153,7.41133139603224e-153,-0.4428915535557,MZB1,18,309
97,1.91698446124758e-152,7.50983603375359e-152,-0.476167139169883,LTB,18,316
98,3.7002928465118e-151,1.4348074302801e-150,-1.46017872888339,CXCL12,18,379
99,2.98559308442898e-150,1.14598522432629e-149,1.37616716586009,CDKN1A,18,52
100,4.31303307752185e-149,1.63895256945829e-148,-1.12155722285296,DCN,18,371
101,6.74608318172688e-145,2.53813030599629e-144,-0.519510764458574,RUNX3,18,321
102,3.90159433978916e-144,1.453535146196e-143,-0.444308872700177,CD27,18,311
103,1.24365115439903e-142,4.58822755991881e-142,-0.371005331518602,CCR2,18,296
104,9.52268338099093e-141,3.47944200459285e-140,-0.576822100490206,CD3D,18,327
105,1.61301007040069e-140,5.83756025478347e-140,-0.167083825605179,NOTCH3,18,254
106,2.8156480215572e-139,1.00938325301106e-138,-0.553474427121884,CLEC12A,18,326
107,3.670803369255e-138,1.30364979468869e-137,1.20837684547161,CDK4,18,62
108,4.11714369336316e-138,1.44862463284997e-137,1.23572487862265,ID1,18,61
109,5.45301186584947e-136,1.90105000827776e-135,-0.447424021714028,GZMK,18,312
110,9.96380096338956e-136,3.44204033280736e-135,1.25407554232867,SPON2,18,60
111,1.25240936723251e-135,4.28752756349868e-135,-0.599402037077927,IGHM,18,329
112,1.5397857267984e-135,5.22427300163736e-135,-0.585638476853185,CD86,18,328
113,4.17087479020721e-133,1.40259506219357e-132,1.2721125047247,TP53,18,58
114,2.371213483549e-130,7.90404494516328e-130,1.26226614627194,MIS18BP1,18,59
115,3.59403374074051e-127,1.18759375780988e-126,-0.694325091867101,PLA2G7,18,337
116,1.45271905930494e-125,4.75890726324023e-125,-1.20553592564982,CD163,18,375
117,7.03321782884242e-125,2.28429297005141e-124,-0.220766818949786,MS4A1,18,268
118,4.07205891731792e-123,1.3113410072719e-122,1.17058688129981,SSR4,18,63
119,3.18768640396376e-122,1.01791666681194e-121,-0.206185462707719,CD79A,18,264
120,4.5631485550793e-121,1.44499704244175e-120,-0.374341728812186,ITGAM,18,298
121,6.38006411152205e-121,2.00365649783334e-120,-0.603779235004042,GZMA,18,331
122,1.09600246932767e-120,3.41377818315171e-120,-0.239526108171029,FCRL3,18,272
123,5.14004839005854e-120,1.58798242944899e-119,-0.210570508313599,CTSW,18,266
124,1.13764410852218e-118,3.48632871966479e-118,1.28599533284126,ISG15,18,56
125,3.80697694070503e-118,1.15732098997434e-117,-0.685958426222981,VSIG4,18,336
126,2.625761740026e-116,7.91896397785615e-116,-0.46830242751637,CXCR2,18,314
127,4.8773796807187e-116,1.45937344777406e-115,-0.898382002867112,IGHG4,18,359
128,8.91773471102077e-116,2.64745249233434e-115,-0.37618931341387,CD28,18,300
129,1.80459058597556e-115,5.31584823775738e-115,1.13669007237697,NF1,18,65
130,2.6746502002475e-115,7.81820827764667e-115,1.15966025459282,ARID1A,18,64
131,5.28819976518051e-115,1.53398161127374e-114,-0.439492572768389,CCL21,18,308
132,3.11024736065199e-113,8.95374240187697e-113,-0.543888506357553,HAVCR2,18,324
133,5.55956378348089e-113,1.58844679528027e-112,-0.55054992143558,NKG7,18,325
134,1.10920753756269e-110,3.14551391249126e-110,-0.828749078688762,C1QB,18,353
135,5.47660061819442e-110,1.54156165549175e-109,1.03122595165078,LY6E,18,73
136,1.02598882083055e-109,2.86673346996768e-109,-0.958723287477653,IGHG2,18,364
137,1.3187066011531e-109,3.65772633896478e-109,-0.891492270988789,JCHAIN,18,358
138,1.78186978713127e-105,4.90659796456434e-105,-0.386150487898778,IRF4,18,302
139,3.15166828820798e-105,8.61607157927352e-105,-0.517655802691414,CCL5,18,320
140,5.19422173113538e-105,1.40986018416532e-104,1.07626774751843,ARPC5,18,68
141,9.68713038947463e-103,2.61071599148961e-102,-0.37346106625106,PLEK,18,297
142,1.44917823030399e-102,3.87808258813747e-102,-0.473470368028147,TIGIT,18,315
143,2.44105700610344e-102,6.4867249113239e-102,-0.35508377293892,GLIPR2,18,293
144,3.16999623004436e-101,8.3652678292837e-101,-0.149321387642844,P2RX1,18,248
145,9.91239771627555e-101,2.59773181529979e-100,-0.376804777873573,CXCR6,18,301
146,1.16928313972148e-99,3.04333967872714e-99,-0.7172389095129,IL18,18,340
147,1.80929125207245e-99,4.67707942712613e-99,-0.32554221300257,CCL2,18,287
148,2.14783892540552e-99,5.51472156523037e-99,1.05401923293513,IL1R1,18,69
149,3.40934558710827e-99,8.69497532282657e-99,-0.403051527383899,CD8B,18,305
150,7.47143504101665e-99,1.89276354372421e-98,1.02874598828529,RB1,18,74
151,6.97579106092907e-98,1.75549708818081e-97,1.11110603640948,G0S2,18,66
152,9.0306024449323e-98,2.25765061123304e-97,-0.375189634097364,SLC1A3,18,299
153,1.35525380833373e-97,3.36598985076353e-97,1.03973434719125,MYD88,18,72
154,1.30131238087206e-96,3.21103055020376e-96,1.04512063526018,PSMB10,18,71
155,2.05561533946842e-96,5.03957309030965e-96,-0.188993294993689,NELL2,18,259
156,1.03318234067837e-95,2.51672621447298e-95,1.04653241504668,CDK12,18,70
157,6.27733995803703e-94,1.5193561681873e-93,-0.750653568261151,FCGR2B,18,346
158,1.97066060040971e-92,4.73956346933974e-92,-0.602316488273145,COTL1,18,330
159,1.27668431855436e-91,3.05119522673368e-91,-0.142248146197099,BANK1,18,245
160,1.98187091832689e-91,4.70694343102639e-91,-0.747348416041097,AIF1,18,345
161,6.64421857287943e-90,1.56820065695293e-89,-0.397391536652868,ANXA1,18,304
162,5.45526148399435e-89,1.27962923698634e-88,-0.927448276453073,IGHGP,18,362
163,8.16570384955921e-88,1.90366102014263e-87,0.985724052881553,FKBP11,18,75
164,2.30672765981599e-87,5.34485677274439e-87,-0.266962845461927,CCR5,18,278
165,2.6794025734215e-87,6.17074532060703e-87,-0.338608273086005,TOX,18,292
166,4.96656807722313e-87,1.13692522249686e-86,-0.387909429876303,GPR34,18,303
167,1.47884017253953e-86,3.36502554230552e-86,-0.302331118073723,GATA3,18,283
168,1.63977471552911e-86,3.70901423750629e-86,-0.671123402779307,VSIR,18,335
169,1.59612683024933e-85,3.58892423369668e-85,-0.313389136109437,PRF1,18,285
170,3.15751406586993e-85,7.05797261782695e-85,0.793097375445995,RNF43,18,81
171,1.78722064500799e-84,3.97160143335108e-84,0.836208578129817,JUN,18,80
172,4.24325453239369e-84,9.37463210645121e-84,-0.744015690477026,CD8A,18,344
173,4.7027040656164e-84,1.03296389880592e-83,-0.490696069294128,LILRB2,18,318
174,7.77822263854088e-84,1.69869230037097e-83,0.936574542680688,SMAD3,18,78
175,2.91803910176661e-83,6.3363134781217e-83,0.922042175354274,TMPRSS2,18,79
176,2.33667166953771e-81,5.04508655922915e-81,-0.882667191712751,IGHG3,18,356
177,3.0301011846089e-81,6.50530197825638e-81,0.942483262215502,IL4R,18,77
178,2.89434059707047e-80,6.1789293645324e-80,0.983011784921831,IFNGR1,18,76
179,2.68245589673347e-79,5.69459911038387e-79,-0.328141965693307,KLRD1,18,288
180,2.74830563741688e-78,5.80197856788015e-78,-0.774206744950975,FCGR3A,18,349
181,9.7052040909837e-76,2.03755665998555e-75,-0.221258883802817,TBX21,18,269
182,2.84568982757089e-75,5.94155018943371e-75,-1.15506494010508,IGKC,18,373
183,1.58222773968162e-74,3.28550022447546e-74,-0.331223521527074,FASLG,18,290
184,1.74380984835909e-74,3.60134642595894e-74,0.424551414328183,ACTB,18,104
185,7.88941254798871e-74,1.62052798283013e-73,-0.281279216242711,GPR171,18,281
186,2.26683942011421e-69,4.63117730991081e-69,-0.413979517520158,SELL,18,306
187,9.78377787888232e-69,1.98814737645738e-68,0.665440001371462,CEACAM8,18,91
188,9.06921800723008e-66,1.83313980997202e-65,-0.188854609379971,TNFRSF17,18,258
189,1.03624460838073e-64,2.08345476817289e-64,0.66888992236361,HLA-B,18,90
190,4.0790995619615e-64,8.15819912392301e-64,-0.952355137612783,IGHG1,18,363
191,1.76843213781882e-62,3.51834666162906e-62,-0.233998306274714,KLRF1,18,271
192,5.48075504840736e-62,1.08473276999728e-61,-0.273123389792785,TRAT1,18,279
193,1.53927929520243e-61,3.03070534806697e-61,-0.248235428097146,EOMES,18,274
194,4.472522719728e-60,8.76061151286921e-60,0.684413135587724,FADD,18,87
195,4.16590094845962e-59,8.11816595084434e-59,0.737037816129186,CD14,18,83
196,1.69334934836127e-58,3.28302424682289e-58,-0.245822803296374,FCGR1A,18,273
197,5.55639194109415e-58,1.07179133889126e-57,-0.259050425296417,CD80,18,276
198,1.44139719074364e-57,2.76631784082116e-57,-0.321212093765846,CLEC10A,18,286
199,3.52492359960487e-57,6.73100988869277e-57,-0.189055906230041,PTGS1,18,260
200,5.81772756142034e-57,1.10536823666985e-56,-0.230044779789003,CST7,18,270
201,4.45146343088042e-56,8.41570200862965e-56,-0.139582924678541,NCAM1,18,244
202,7.22198457175309e-56,1.35859115706246e-55,0.601500747920826,ESR1,18,95
203,1.19971105126627e-55,2.24576452946397e-55,0.663005880556035,ICOSLG,18,92
204,1.87137859260689e-55,3.48590129995399e-55,-0.134500217500154,CD37,18,241
205,2.81031638591853e-54,5.20936695926364e-54,0.690863440390367,NOTCH2,18,86
206,1.8499372525461e-53,3.41250561149279e-53,0.732095672855512,ARPC3,18,84
207,7.93700781845069e-53,1.45703525169626e-52,0.533110039894634,LIF,18,101
208,4.23212641558962e-51,7.73176941309643e-51,-0.312613634477287,PDCD1LG2,18,284
209,5.05882979023835e-51,9.19787234588788e-51,0.723524299978016,KRAS,18,85
210,5.40041204093944e-50,9.77217416931903e-50,-0.108043902864288,CD40LG,18,229
211,7.98202692048409e-50,1.43752143591656e-49,0.671600024904289,BRAF,18,89
212,3.19122892087167e-49,5.7201273109964e-49,-0.152318001269021,CCR4,18,249
213,2.80384126423347e-46,5.00215812398458e-46,-0.115916000423598,CXCR3,18,232
214,1.66938287095851e-45,2.96432472413192e-45,0.679368190455643,IRF2,18,88
215,2.02035245850818e-45,3.57085550806099e-45,-0.124322023430411,LILRA4,18,235
216,9.90280184586494e-44,1.74215958399476e-43,-0.174261049707424,LILRB4,18,255
217,3.75640188860682e-43,6.57803095700735e-43,0.76413731577124,MX1,18,82
218,1.60607859539238e-42,2.7995865424271e-42,-0.33347057258464,CCL4,18,291
219,3.78470659351036e-42,6.56707080152478e-42,-0.185865425684049,PLVAP,18,257
220,1.04386426169184e-41,1.80303827019499e-41,0.642911970683247,STAT5B,18,93
221,2.4477460147472e-41,4.20879405250652e-41,0.542493705870714,TCF7,18,99
222,3.42569934981776e-41,5.86380969788626e-41,-0.176244784482858,GZMH,18,256
223,2.03022640396258e-39,3.45957862558648e-39,0.609501536655334,SOS1,18,94
224,4.95137374616047e-39,8.39965189080791e-39,-0.106754400263345,CD19,18,228
225,1.74692322637091e-38,2.95035922675977e-38,-0.274996519369804,IRF5,18,280
226,7.10236278049809e-38,1.19420259141118e-37,-0.329200189787272,KLRB1,18,289
227,1.82770902130865e-36,3.05960100483385e-36,-0.448028113940664,CD68,18,313
228,4.00018218961029e-36,6.66697031601718e-36,-0.134798837594188,GZMB,18,242
229,7.0626554575385e-36,1.17196902788849e-35,-0.0900516447140677,SPIB,18,220
230,1.16970658241928e-35,1.93255870138839e-35,-0.197560259867986,CTLA4,18,263
231,3.65390197606163e-35,6.01074783940875e-35,-0.356232713827751,FLT1,18,294
232,5.72989138005858e-35,9.38516691561314e-35,0.309725783671349,CDKN2A,18,117
233,1.22975842277287e-34,2.00561459508022e-34,-0.094326566275355,CX3CR1,18,222
234,2.67981901315615e-34,4.3518428418775e-34,0.542609456421342,IFIT2,18,98
235,9.26885337030685e-34,1.49879331094323e-33,-0.26229186004708,CXCL6,18,277
236,2.22940758774775e-32,3.58972408196673e-32,-0.148044239779725,IGLC3,18,246
237,4.98874403493661e-31,7.99883009821065e-31,0.534337264162589,KMT2C,18,100
238,5.2498824195222e-31,8.3821652076405e-31,0.300271281706558,CDKN2D,18,118
239,7.58662452006189e-31,1.20624155549101e-30,-0.122935003120171,CCL3L1,18,234
240,1.5117717079528e-30,2.39363853759192e-30,0.560196848555711,JAK1,18,96
241,4.09954716487496e-30,6.46401627656632e-30,-0.0446656362074182,MCEMP1,18,197
242,1.36011530682841e-29,2.1357182503917e-29,0.555748105828275,STAT6,18,97
243,3.61358779651434e-28,5.65087803570143e-28,0.341692635677426,CCL20,18,114
244,9.07315018608315e-28,1.41303158635721e-27,0.376573745872804,SOCS2,18,112
245,2.56574681979932e-27,3.97952567968874e-27,-0.0778196439139199,PDCD1,18,215
246,2.61434893993796e-26,4.03842519177409e-26,0.408002014715474,CD40,18,108
247,6.09457014220247e-26,9.37626175723457e-26,-0.190565176329267,FEZ1,18,261
248,5.70310694331989e-25,8.73863160669983e-25,0.444947947970202,CXCL11,18,103
249,7.94761051786951e-25,1.21288835212466e-24,0.490246651312362,CTSB,18,102
250,1.45787905687481e-24,2.21597616644971e-24,-0.0830361682088984,PLD4,18,217
251,2.17375073684329e-24,3.29093737051973e-24,0.411962304236546,PIK3CA,18,106
252,2.86279759298666e-24,4.31691700529734e-24,-0.166216855520283,TNFRSF9,18,253
253,5.11143034519274e-24,7.6772471587875e-24,0.216270310322752,CXCL2,18,121
254,1.21619022140267e-23,1.81949718162604e-23,-0.105776292552396,CD1C,18,227
255,1.37224558416768e-23,2.04491498817144e-23,-0.0307279499518096,MMP9,18,189
256,1.77851820377975e-23,2.63998795873557e-23,-0.0715500345460652,CXCR5,18,214
257,4.13006627791306e-23,6.1067127844629e-23,0.391172807124223,CDK6,18,109
258,4.97642210764496e-23,7.32961395699647e-23,-0.101707319511434,KLRC1,18,224
259,1.13317054484903e-22,1.66256682255841e-22,-0.0875548701093846,GNLY,18,219
260,2.00447993512551e-22,2.92962452056806e-22,-0.0825142033501183,CXCL5,18,216
261,2.47980707250111e-22,3.61044707873725e-22,-0.0585062912903883,CHIT1,18,203
262,3.00130639171735e-22,4.35303980478089e-22,0.417559401939859,CSF1,18,105
263,1.2779544938563e-21,1.84647417363268e-21,-0.0620684293433054,GPR183,18,206
264,8.03547443693036e-21,1.15662132046725e-20,-0.148071164336101,IL2RA,18,247
265,9.61794256121477e-21,1.37917666915533e-20,0.294559526080849,FHIT,18,119
266,3.87974893718667e-20,5.54249848169526e-20,-0.128729763996171,RGS1,18,238
267,8.1368935924965e-20,1.15805976222797e-19,-0.0624438869740944,BATF3,18,208
268,1.18941679867662e-19,1.68648650558625e-19,0.352509860047624,HIF1A,18,113
269,1.56874495631079e-19,2.21607094200037e-19,0.389657471374075,CD74,18,110
270,1.68597368162609e-19,2.37285184821451e-19,0.310815056915987,EPOR,18,116
271,1.83218915809735e-19,2.56912132869739e-19,-0.113371574275792,LILRA5,18,231
272,2.79426679901398e-19,3.90375508685776e-19,-0.0593079123885799,CCR7,18,204
273,3.49232651050705e-19,4.86111382414901e-19,0.207608933355613,LAMP3,18,124
274,3.62448590981772e-18,5.02665929098809e-18,0.170956617114949,IL22RA1,18,126
275,5.96897648455711e-18,8.2480402332062e-18,-0.112273796991831,TREM2,18,230
276,3.72580380246572e-17,5.12972987296005e-17,-0.130653415398745,EPCAM,18,239
277,4.0081036170641e-17,5.4984814963334e-17,-0.0541521968244837,PAX5,18,199
278,1.75034692211444e-16,2.39256054101974e-16,-0.124463878115822,CXCL1,18,236
279,9.62075994588115e-16,1.31035440123113e-15,-0.0861415023438068,IL10,18,218
280,1.92069668047191e-15,2.60665978064044e-15,0.388458871648739,ACTA2,18,111
281,7.64211036137833e-15,1.03345264673444e-14,0.408596060933359,IRF1,18,107
282,1.17186021114522e-14,1.57910241218151e-14,-0.0635191001294004,ZNF683,18,209
283,2.41509650568445e-14,3.24288576735014e-14,-0.102236346506298,IL13RA2,18,225
284,7.00707158910895e-14,9.37565916852608e-14,0.212962809727863,DERL3,18,123
285,9.55530020574833e-14,1.27404002743311e-13,-0.0552534335726569,IL12RB2,18,200
286,1.80367048385609e-13,2.39648525827033e-13,0.116263321499065,EPO,18,137
287,4.2986961883663e-13,5.69165348982298e-13,-0.0914357728868508,CCL3,18,221
288,5.1266244226576e-13,6.76429611322877e-13,-0.208535233262861,RGS5,18,265
289,7.20440680210887e-13,9.47292243875905e-13,-0.0714706864552903,KIT,18,213
290,1.0218840161597e-12,1.33902043496789e-12,-0.0621631144690703,CCL8,18,207
291,2.57187217232353e-12,3.35845850681423e-12,-0.155019135873187,ITGAE,18,252
292,2.98253040121308e-12,3.88137517966085e-12,-0.0575439173955548,FCER1A,18,202
293,3.78625882736569e-12,4.9105063290067e-12,0.323640486588164,ICAM1,18,115
294,1.41711342609658e-11,1.8316432037983e-11,-0.0438181721872499,FCER2,18,196
295,5.22669409191575e-11,6.73269069467113e-11,-0.13544851633563,IDO1,18,243
296,9.36799860754696e-11,1.20264846988779e-10,-0.0608412452014817,SOX17,18,205
297,1.39589863909425e-10,1.78599825877378e-10,0.129326743308974,CDKN2B,18,133
298,1.47848849117868e-10,1.8853208947916e-10,-0.133082066136585,SOCS3,18,240
299,2.12130824915023e-10,2.6959770390538e-10,0.282326088319803,CCL14,18,120
300,4.37756798084372e-10,5.54491944240205e-10,-0.0651843440002299,DUSP2,18,210
301,6.99357858599407e-10,8.82910253381311e-10,0.0925895662157004,IL4,18,139
302,7.09881330645871e-10,8.93228164388843e-10,-0.0395100880400221,CXCR1,18,192
303,9.09959620011118e-10,1.14120348384233e-09,-0.153804046645086,FABP3,18,251
304,1.58444762614957e-09,1.98055953268696e-09,0.124625887843844,ACE2,18,135
305,1.74673383494026e-09,2.17625854845016e-09,-0.0691868514680152,S100B,18,211
306,1.80658047223011e-09,2.24346594590667e-09,-0.215513357918991,CXCL14,18,267
307,3.00132401492005e-09,3.71499389468932e-09,-0.0408928212876921,CDKN1C,18,194
308,3.58798407298785e-09,4.42673359654346e-09,-0.0472715397671917,CD79B,18,198
309,1.68351853465132e-08,2.07034641801781e-08,-0.152338881725867,STAT4,18,250
310,2.23883273924331e-08,2.74437561584665e-08,-0.104730102869436,CXCL13,18,226
311,3.50197692412013e-08,4.2789428654844e-08,-0.0407449385479998,TCL1A,18,193
312,1.01238811058307e-07,1.23303680135118e-07,0.159233674416457,SOX9,18,129
313,1.08002385518647e-07,1.31121107019444e-07,0.13145824607561,JUNB,18,132
314,1.17127400912573e-07,1.41746536136235e-07,0.10060485131571,NOSIP,18,138
315,5.26403518074772e-07,6.35026466248931e-07,0.132248375497059,IRF3,18,131
316,9.96527311454475e-07,1.19835562769842e-06,0.215586556959668,JAK2,18,122
317,1.68334371031156e-06,2.01788835936402e-06,-0.196702370510682,CTSS,18,262
318,1.97422415436232e-05,2.3591357819424e-05,-0.0433610674893399,GATA2,18,195
319,3.0291073288581e-05,3.60834101870244e-05,0.202798866319715,NOTCH1,18,125
320,4.90037778776189e-05,5.81919862296724e-05,-0.116373367136173,NCEH1,18,233
321,6.5080950684463e-05,7.70428699691462e-05,0.12114110835548,IL15RA,18,136
322,0.000101411386141062,0.000119678033334173,-0.0282022740752609,TNF,18,188
323,0.000109705566400078,0.000129065372235386,0.128413674383442,CXCL16,18,134
324,0.000152796278957903,0.000179205512358034,-0.096486890083455,LAG3,18,223
325,0.000223423381461796,0.000261233492170715,-0.0341776295339001,CXCL3,18,190
326,0.000261866768288879,0.00030524347223857,0.167236909241166,IRF8,18,127
327,0.000439856652246216,0.000511148403221903,-0.0570165606251838,CD83,18,201
328,0.00130685958073558,0.00151404463621805,-0.0355791552005023,IL1B,18,191
329,0.00147465291922292,0.00170324653284107,-0.0227684360028681,CCL11,18,186
330,0.00154784271859726,0.00178236434262715,-0.0223494986184339,TFF3,18,185
331,0.00211093046650424,0.00242342470474808,0.161377281682614,MARCO,18,128
332,0.00238521681228767,0.00273006743575094,-0.0151340574087781,CCL26,18,179
333,0.00318733906623344,0.00363720373924537,0.144141313557547,ATM,18,130
334,0.00345657947391976,0.00393263532960931,-0.0129458377231426,IFNB1,18,177
335,0.00383389462067348,0.00434889539061469,-0.0217703807571487,CCL13,18,184
336,0.00635301107390528,0.00718495300025002,-0.126723924116157,TNFRSF1B,18,237
1,0,0,5.36402620209089,MKI67,19,1
2,0,0,3.58287003122538,CDK1,19,2
3,0,0,3.44678087325293,STMN1,19,3
4,1.11253955306281e-308,1.11278619112875e-308,1.32188942050475,ACTB,19,37
5,1.79580941530974e-290,1.36481515563538e-288,2.91198964871801,TUBA1B,19,5
6,4.76309152914082e-225,3.01662463512261e-223,3.1382417174908,CD8A,19,4
7,1.49161347137942e-218,8.09733027320253e-217,2.56235142699281,CENPF,19,10
8,2.57926043912985e-213,1.22514870858671e-211,2.78606707817589,CD2,19,6
9,1.20947003827864e-210,5.1066512727319e-209,2.61397388886721,CORO1A,19,8
10,2.54268840550672e-193,9.66221594092536e-192,2.32023034969238,TUBB,19,12
11,1.07918688695349e-188,3.72810015493025e-187,2.72340109095358,KLRK1,19,7
12,1.46631167316459e-184,4.64332029835465e-183,2.61360020340012,GZMA,19,9
13,2.77524604236943e-182,8.1122576623107e-181,2.22837700221859,UBE2C,19,14
14,4.96501000852088e-175,1.34764557374137e-173,2.3904401391451,CD3E,19,11
15,9.64455977738581e-170,2.44328847693771e-168,2.21289639330179,IL2RG,19,15
16,7.30923043565177e-159,1.73594222846733e-157,2.26388210821189,IL2RB,19,13
17,2.36981737975498e-154,5.29723884886421e-153,2.19853027516279,NKG7,19,16
18,1.11838864019828e-145,2.36104268486297e-144,1.94228310563371,PTPRC,19,19
19,2.68863387018711e-139,5.37726774037417e-138,1.7645555425313,ACTA2,19,21
20,1.24450694973175e-136,2.36456320449028e-135,1.94718738998406,LCK,19,18
21,3.41655973905216e-135,6.1823461944753e-134,1.96153811676672,CD3D,19,17
22,7.12051967467567e-128,1.22990794380762e-126,1.87851266992235,CD8B,19,20
23,1.4518478872027e-123,2.39870520494365e-122,1.6362926489634,CDKN2C,19,25
24,2.810783414172e-116,4.45040707243912e-115,1.70790246797463,COTL1,19,23
25,3.62735058937893e-115,5.51357289585594e-114,1.71242484780904,JAK3,19,22
26,1.27137525519222e-109,1.85816383451172e-108,1.61618971889596,MIS18BP1,19,26
27,1.55639434168523e-108,2.19048092533479e-107,-0.926973451566783,ERBB3,19,375
28,1.64834928399276e-107,2.23704545684728e-106,1.60763141177155,FASLG,19,27
29,1.98679172054314e-105,2.60338225450476e-104,1.65203149598502,CCL5,19,24
30,4.36165427561844e-99,5.5247620824501e-98,1.58960285981715,TIGIT,19,28
31,1.4494873164851e-95,1.77679090407853e-94,1.49379144320948,PRF1,19,29
32,4.22488257572596e-94,5.01704805867454e-93,1.29483076427159,ORC6,19,39
33,2.24210015491454e-92,2.58181229959858e-91,-0.601321709574219,FOXP3,19,367
34,1.53343368551544e-91,1.71383764851725e-90,1.44374226750301,TGFB1,19,30
35,9.51087288909008e-90,1.03260905652978e-88,1.43494440678846,RUNX3,19,31
36,6.03850703531248e-88,6.37397964838541e-87,1.4257302540077,CD247,19,32
37,2.038015509766e-86,2.09309701002995e-85,-0.593680176062502,TMPRSS2,19,366
38,2.84654707609516e-86,2.84654707609513e-85,-0.99180947818856,VEGFA,19,377
39,1.97492096682032e-84,1.9242819676711e-83,1.32021192490522,TOX,19,38
40,5.2451042633112e-81,4.98284905014568e-80,1.35786350573726,SAMD3,19,33
41,2.29627912299478e-79,2.12825869936103e-78,1.33174987160927,PSMB10,19,35
42,1.27684191661218e-77,1.15523792455386e-76,1.27118108606655,KLRD1,19,40
43,9.39520720475953e-77,8.30274125071779e-76,1.33918775396862,CD38,19,34
44,3.79086532427802e-72,3.27392914369466e-71,1.33016056921038,IL10RA,19,36
45,5.88677930322595e-70,4.97105807827963e-69,1.25601528652091,DGKA,19,41
46,4.18883289369408e-66,3.46034021652987e-65,1.16551595803698,ITGAE,19,44
47,9.49835954561146e-65,7.67952473900499e-64,1.12512801000256,CD47,19,46
48,8.11105523789222e-64,6.42125206333131e-63,-1.28677206678619,SDC1,19,380
49,2.17095458154186e-63,1.6835974305835e-62,1.07921142197976,LAG3,19,50
50,2.24555233708066e-63,1.70661977618129e-62,1.03918867885437,GPR171,19,51
51,2.54590745016071e-63,1.89695064913935e-62,1.18704095989532,TNFRSF1B,19,42
52,4.09896259617376e-63,2.99539574335776e-62,1.17660659508141,CCL4,19,43
53,9.37215379168929e-63,6.71965743555075e-62,-0.790277720850204,ERBB2,19,371
54,6.79884061087929e-62,4.78436931876694e-61,1.07971977622122,CXCR6,19,49
55,3.48022237598172e-60,2.40451727795098e-59,0.832343651833464,HLA-B,19,70
56,4.26468487658104e-60,2.89389330910853e-59,1.07991733554901,HAVCR2,19,48
57,6.57070180912698e-60,4.3804678727513e-59,1.13619162177678,KRAS,19,45
58,1.20596852218161e-55,7.90117307636225e-55,-1.07245003603194,ARG1,19,378
59,2.02803284159552e-55,1.30619064373948e-54,0.931730547061693,GZMH,19,59
60,7.32580746954764e-55,4.62792744764638e-54,0.96337358401025,CDK2,19,57
61,7.42904142911658e-55,4.62792744764638e-54,1.12505578437718,IRF1,19,47
62,1.126470912783e-54,6.90417656221834e-54,0.91791944392073,EOMES,19,61
63,4.23871913305539e-53,2.55668773104927e-52,-0.85447350841311,CCL16,19,373
64,7.97398302390626e-52,4.73455242044436e-51,-0.467837564613843,RORC,19,362
65,1.59003253786406e-51,9.29557483674381e-51,-0.583240493385351,EGFR,19,365
66,2.13412344411034e-50,1.22873774054839e-49,0.839641951229249,TBX21,19,68
67,1.4652396189226e-49,8.31031425657594e-49,0.969922634664124,GZMK,19,56
68,1.60684916769796e-49,8.97945123125324e-49,0.809909942251392,CD74,19,72
69,3.37141069029831e-48,1.85671893088892e-47,0.911583606842307,CD27,19,63
70,8.0893087503285e-48,4.39133903589262e-47,0.972872753668196,CXCL13,19,55
71,1.17982683562532e-47,6.31456616250167e-47,0.813742037259237,CCR5,19,71
72,1.5469031165959e-47,8.16421089314503e-47,0.990898696990336,ARPC5,19,53
73,6.50473568745667e-47,3.38602679621035e-46,1.03575559773787,NOTCH1,19,52
74,3.68231033931067e-46,1.89091612018655e-45,0.921148222609458,CD44,19,60
75,7.89753919528733e-46,4.00141985894557e-45,0.973456186112696,JAK1,19,54
76,1.20683208482795e-45,6.03416042413977e-45,0.79525170192206,GATA3,19,76
77,1.2517680467976e-44,6.17755659458552e-44,0.771184832098166,CST7,19,79
78,2.5073706873629e-44,1.22153956563833e-43,0.945241036929743,FCMR,19,58
79,7.49651524960408e-44,3.57967190133863e-43,0.795340600079212,TRAT1,19,75
80,7.53615137123919e-44,3.57967190133863e-43,0.779325493746456,TNFRSF9,19,77
81,5.89051480287053e-43,2.76345138900098e-42,0.834525546836359,STAT1,19,69
82,7.08417982370214e-43,3.28291260122784e-42,0.707196392542372,CTSW,19,87
83,1.15324238143268e-42,5.27990487884841e-42,-1.09579937148294,C1S,19,379
84,8.46136535330116e-42,3.82776051696959e-41,-0.626882666357098,NT5E,19,368
85,1.0054164719187e-41,4.49480305093066e-41,-0.511935843579162,MET,19,364
86,1.13247814380377e-41,5.00397319355156e-41,0.911932695648219,STAT5B,19,62
87,1.41001214771055e-41,6.15867374862083e-41,0.742379942084361,GZMB,19,84
88,1.82993161032579e-41,7.90197740822502e-41,0.871750201417562,ENTPD1,19,65
89,6.74539536593026e-41,2.88005644837473e-40,0.748717337193931,CTLA4,19,81
90,1.29130501167007e-40,5.45217671594032e-40,-0.883454552115145,ANPEP,19,374
91,4.28620214323471e-40,1.78984265321889e-39,0.897487059308097,TP53,19,64
92,9.57651699695637e-39,3.95551789004722e-38,0.854712395134158,TC2N,19,67
93,1.59401499667895e-38,6.51317955632259e-38,0.862745155884899,ARID1A,19,66
94,6.35960478691953e-38,2.57090406279724e-37,-0.986507063865617,C1R,19,376
95,1.21352506228514e-37,4.85410024914059e-37,0.747196600624988,CD28,19,82
96,3.38653774074129e-35,1.34050452237675e-34,-0.244096573231181,RNF43,19,347
97,2.57963238704181e-34,1.0105776361607e-33,0.537395075129063,CXCR3,19,100
98,1.67015313898016e-33,6.47610400829037e-33,0.758651121286746,BCL2,19,80
99,5.32803015365713e-33,2.04510248322192e-32,-0.465389953219285,IL1RAP,19,361
100,6.87908017933384e-32,2.61405046814688e-31,0.77932472535219,ARPC3,19,78
101,5.4785678724126e-31,2.06124335793742e-30,-0.79870844748232,FN1,19,372
102,6.66238747419882e-31,2.48206592176034e-30,0.79740063133533,AIF1,19,74
103,9.22707267275797e-29,3.40416273363885e-28,0.743944048843737,TXLNA,19,83
104,1.089689225988e-28,3.98155678726388e-28,0.698907777972273,RB1,19,88
105,1.64841699132173e-28,5.96569958764055e-28,0.799269231511575,FCGR3A,19,73
106,1.02903640777719e-26,3.68899844297481e-26,0.712134641150063,IRF2,19,86
107,1.54782312437763e-26,5.49694193704203e-26,0.553817445678604,GLIPR2,19,98
108,2.40438275407471e-26,8.45986524581842e-26,0.466511160964555,KLRC1,19,107
109,3.81864083917993e-26,1.33126928338383e-25,0.515979142937173,GNLY,19,104
110,1.29422166100976e-25,4.47094755621554e-25,0.450688510508221,ZNF683,19,109
111,1.5757563500004e-25,5.39448119819958e-25,0.404444107804755,CDKN2D,19,119
112,2.55179789401065e-25,8.65788571182183e-25,0.616800154350968,KLRB1,19,94
113,1.12491497508194e-24,3.78289991620474e-24,0.680406713853035,JAK2,19,89
114,1.82536471203415e-24,6.08454904011383e-24,0.649438823338196,CCR1,19,92
115,1.22062037544342e-23,4.0333542840739e-23,0.376483519676088,PDCD1,19,128
116,7.98262954395886e-23,2.61499933336582e-22,-0.417816166262175,CEACAM1,19,358
117,9.56924985380156e-23,3.10796149097828e-22,0.430962242855319,RGS1,19,114
118,1.48360213340456e-22,4.77770178554011e-22,-0.423728025247388,G0S2,19,359
119,1.86414242479215e-22,5.95272370942035e-22,0.665468246891823,ATM,19,90
120,4.01584218890002e-22,1.27168335981834e-21,0.513617654260521,ANXA1,19,105
121,4.06017286755842e-22,1.27509561129933e-21,-0.212385784605238,ESR1,19,344
122,5.6092112150341e-22,1.74713136205979e-21,0.521722700115091,STAT4,19,102
123,3.79394812504864e-21,1.17211405489308e-20,-0.670107874853069,XBP1,19,370
124,7.5422964900299e-21,2.31134892436401e-20,0.519898746333116,CDK4,19,103
125,8.35424864529785e-20,2.53969158817055e-19,0.58965476000035,CDKN1B,19,96
126,6.69133092994032e-19,2.01802043918836e-18,0.626557129876757,CXCL10,19,93
127,1.01777879008115e-18,3.04532236402233e-18,-0.205252059103218,FHIT,19,342
128,1.27422549348102e-18,3.78285693377179e-18,-0.0606097023071787,IL22RA1,19,306
129,1.66526194898861e-18,4.90542279547032e-18,-0.650131772221685,APOE,19,369
130,2.06573311874881e-18,6.03829680865036e-18,0.460876269998028,IDO1,19,108
131,1.16204422217257e-17,3.3708153009586e-17,0.600597326112515,IRF8,19,95
132,2.17956350006171e-17,6.27450098502611e-17,0.332449270432892,CCL3,19,136
133,3.97426488114604e-17,1.13550425175601e-16,0.719181985577148,MARCO,19,85
134,4.39783255678532e-17,1.24714654595404e-16,-0.262054189239494,CCL15,19,349
135,7.12452182509744e-17,2.00542095817557e-16,0.284208070921146,CDKN2A,19,145
136,8.54112479975721e-17,2.38649075287334e-16,-0.0961431319042687,CD19,19,323
137,2.11263089872951e-16,5.85985212786287e-16,0.656521553598849,CD163,19,91
138,4.08386059844454e-16,1.12454132420937e-15,0.555498951130113,C1QB,19,97
139,1.69513978417133e-15,4.63419509341805e-15,0.269289769642315,DUSP2,19,149
140,3.96143160409816e-15,1.07524572111236e-14,0.535869890494442,ID2,19,101
141,4.22870341661455e-15,1.13965056617981e-14,-0.502510143917603,PRDX4,19,363
142,5.147517889635e-15,1.37750478736711e-14,0.442861499663777,CXCL11,19,110
143,5.9289473279319e-15,1.57552446476512e-14,0.437100386785251,CD86,19,113
144,3.43499037675837e-14,9.06455793866792e-14,0.368326497502213,PLEK,19,129
145,2.01787771852132e-13,5.28823126233175e-13,0.319682870184976,NOD1,19,140
146,2.05767265754342e-13,5.35558636894865e-13,0.479261720003638,AKT1,19,106
147,2.20499657092362e-13,5.69999113572092e-13,0.544158064344094,MPEG1,19,99
148,5.54651950938386e-13,1.42410636051748e-12,0.389578082579686,SELL,19,125
149,6.72885076822461e-13,1.71608274625862e-12,0.293655723629609,FCRL3,19,144
150,7.7583593655121e-13,1.96545103926306e-12,0.358122220874804,IRF4,19,131
151,2.69119144758539e-12,6.77253476875793e-12,0.440536601341968,VSIG4,19,111
152,3.12083624629469e-12,7.80209061573672e-12,0.282275212041266,CXCR4,19,146
153,4.48434178806797e-12,1.11375809115414e-11,-0.17964752714079,SOX9,19,340
154,4.66056980324686e-12,1.1500107306713e-11,0.428685680398103,CD68,19,116
155,1.85012541030437e-11,4.53579132848812e-11,0.411762042884374,FAS,19,118
156,2.18000772145134e-11,5.31027521891993e-11,-0.207088704085059,ID1,19,343
157,2.82701456209167e-11,6.84245562799259e-11,0.423620967925497,CTSS,19,117
158,3.75144232250813e-11,9.02245621869045e-11,0.235678015444882,CCL3L1,19,158
159,4.50121681818273e-11,1.07576251000594e-10,0.348253530883305,CDK6,19,133
160,4.55399885299126e-11,1.08157472758542e-10,0.438753994865741,CTNNB1,19,112
161,5.73600424332153e-11,1.35383951084607e-10,-0.426063085540783,IL1R1,19,360
162,1.26078355372841e-10,2.95739352109134e-10,-0.173739967516777,SPARCL1,19,339
163,1.32465543718825e-10,3.08815377994807e-10,0.320912053308017,FGR,19,138
164,2.19561030888729e-10,5.0873897401047e-10,0.401844565045161,NOTCH2,19,121
165,2.27798268071442e-10,5.24626314346349e-10,0.428969607145261,MYD88,19,115
166,3.10104558993148e-10,7.09877906128893e-10,0.385082727068604,SOS1,19,126
167,3.77033986078419e-10,8.57921644968857e-10,0.243147832981007,IL2RA,19,154
168,4.97021919613403e-10,1.1242162467446e-09,0.391751095709939,CDK12,19,122
169,6.96003260006068e-10,1.56497774439234e-09,0.383234023449758,VSIR,19,127
170,7.28465390102063e-10,1.62833440140461e-09,0.344092178829081,CLEC12A,19,134
171,1.87071868191574e-09,4.15715262647942e-09,0.29585383527445,FADD,19,143
172,2.33374647098162e-09,5.15595150565707e-09,0.402200108355675,CSF1R,19,120
173,2.368980369643e-09,5.20354069632565e-09,0.367341344947985,ITGAX,19,130
174,2.75583989312455e-09,6.01850091601914e-09,-0.231705649426007,CDKN1A,19,346
175,5.63402414808731e-09,1.22338810072753e-08,-0.256299173735038,CD276,19,348
176,6.1430509179682e-09,1.32634053910677e-08,0.326262454382959,CMKLR1,19,137
177,1.07728955062611e-08,2.31282502394306e-08,0.390214567193713,CXCL9,19,123
178,1.29574893768814e-08,2.76620559731177e-08,-0.0527673189807089,PAX5,19,303
179,2.02852655796417e-08,4.30636922919767e-08,0.199807648381599,NELL2,19,165
180,2.49358697173771e-08,5.26423916255738e-08,-0.345729459552387,IFITM3,19,352
181,2.52511391792118e-08,5.30134413707209e-08,0.317699565518107,SYK,19,141
182,3.34619253531408e-08,6.98655584296347e-08,-0.349992274313853,IGHG4,19,353
183,5.89083047281934e-08,1.22323255719746e-07,0.320121641046607,SMAD3,19,139
184,6.89593868815917e-08,1.42416125081548e-07,-0.0751103677384927,ACE2,19,314
185,8.82017118005264e-08,1.81171083698379e-07,0.389747387747213,S100A9,19,124
186,1.08276858036219e-07,2.21210785235287e-07,0.270013347421353,HIF1A,19,148
187,1.34200062061912e-07,2.72706008468057e-07,0.241330447440912,ITGAM,19,156
188,1.83510370087552e-07,3.70925216134414e-07,0.235311041627723,KLRF1,19,159
189,1.87122057872439e-07,3.76224243341412e-07,0.182952146973017,CCR4,19,167
190,2.55231684177715e-07,5.1046336835543e-07,-0.374127873900025,IGHGP,19,356
191,2.8643553401072e-07,5.69871743057978e-07,-0.0837294057956907,LILRA4,19,320
192,3.19865544137329e-07,6.33067222771797e-07,-0.355067381127949,LAMP2,19,355
193,3.35252764771963e-07,6.60083163799719e-07,0.343622425356736,C1QBP,19,135
194,3.51110535865275e-07,6.87742286746414e-07,0.210689552161437,CD80,19,162
195,3.99022915371288e-07,7.77583117133791e-07,0.240738027993803,NCEH1,19,157
196,4.2562375773334e-07,8.25188918054436e-07,0.253510471609783,CXCR2,19,150
197,5.86144825234195e-07,1.13063468826901e-06,-0.381008934666115,CCND1,19,357
198,6.55861103228029e-07,1.25872332942753e-06,0.149183230040867,IL10,19,175
199,7.16842513746643e-07,1.36884500112424e-06,-0.105918959407237,EPCAM,19,328
200,1.061272661144e-06,2.01641805617361e-06,-0.217315084851896,CD14,19,345
201,1.17455177609096e-06,2.22054564634111e-06,-0.0417911297551344,FCER2,19,299
202,1.21408742664003e-06,2.28392684219411e-06,-0.164575672138948,CXCL6,19,337
203,1.86432401491277e-06,3.48986761412243e-06,0.25348564142015,LILRB2,19,151
204,2.24108148462388e-06,4.17456354978959e-06,-0.0976768783358091,CD79A,19,324
205,2.41882834062947e-06,4.48368180214244e-06,0.11620153787835,BATF3,19,184
206,2.75057353606591e-06,5.0738735131313e-06,0.279609775169326,PLA2G7,19,147
207,2.87364787331335e-06,5.27529561284577e-06,0.209256294987609,PDCD1LG2,19,164
208,2.93151444605734e-06,5.35565139183552e-06,0.31501709944012,CD4,19,142
209,5.58403653859661e-06,1.01527937065393e-05,0.210060203254305,GPR34,19,163
210,8.96496416184105e-06,1.62223161023791e-05,-0.309280156214063,IGHG2,19,351
211,1.1820914276716e-05,2.12888503561709e-05,0.108425003651229,IL12RB2,19,185
212,1.33612204781191e-05,2.3902637705489e-05,0.348428456459323,CXCL12,19,132
213,1.33980574507083e-05,2.3902637705489e-05,0.12812212416765,FLT3LG,19,179
214,1.76827785095107e-05,3.13993263252994e-05,0.242941070420591,CSF1,19,155
215,2.17599725067225e-05,3.84594862909514e-05,0.164397469302766,FCGR1A,19,171
216,3.85625028762106e-05,6.78414402451854e-05,0.252153080167515,IL18,19,152
217,3.92458209874872e-05,6.87254008075813e-05,-0.0899873965997792,CXCL1,19,322
218,3.95740239805221e-05,6.89822436357725e-05,0.179940382283841,IRF5,19,168
219,4.36211259106955e-05,7.56896248678734e-05,0.134798297912543,LILRB4,19,176
220,5.97266692151865e-05,0.000103164246826231,-0.354924233858426,IGKC,19,354
221,6.22178678120605e-05,0.000106980949179109,0.104440929481041,CX3CR1,19,187
222,6.8011977372445e-05,0.000116416898205086,0.216780618653627,BRAF,19,161
223,7.51550260863647e-05,0.000128066860595599,-0.0364424244532272,CXCL2,19,297
224,8.95124010779314e-05,0.000151851394685777,-0.0883695438855235,MS4A1,19,321
225,0.000158983852104745,0.000268506061332458,-0.18150904534275,SPON2,19,341
226,0.000165753665317735,0.000278700853189113,0.246722235384981,PTEN,19,153
227,0.00019237698948075,0.000322040775342224,0.127160782376587,TNFRSF13C,19,180
228,0.000222432965917556,0.000370721609862594,0.218241814094175,KMT2C,19,160
229,0.000228491503138033,0.000379156206080579,-0.144240095751688,ICOSLG,19,334
230,0.000233991330133362,0.000386594371524685,0.103114471601903,CD37,19,189
231,0.000300707345928887,0.000494670092870032,0.162583218158902,IL15,19,172
232,0.000327257114978243,0.000536024584878157,-0.279443329128513,A2M,19,350
233,0.000400965835823743,0.000653935697909967,-0.120826570520459,EPOR,19,333
234,0.000462532835194244,0.000751121698178687,0.104322016505374,NCAM1,19,188
235,0.000490595214952396,0.000793302900774088,-0.105881620350735,MGP,19,327
236,0.000514571232538607,0.0008285468998503,0.149676465990438,FABP3,19,173
237,0.000570358176904264,0.000914498342715698,0.187477086730758,FCGR2A,19,166
238,0.000604607255672252,0.000965339315779226,0.0934435206536613,SOCS1,19,194
239,0.000610718961883676,0.000971017596300406,-0.0596314080431071,BANK1,19,305
240,0.0007686592281821,0.00121704377795499,-0.103010837105706,CEACAM8,19,326
241,0.000986455555192316,0.00155540709947336,-0.0774410869445653,LIF,19,317
242,0.00144890644917443,0.00227514235820779,0.0744193268079596,CCL8,19,204
243,0.00165553035920194,0.00258889521192074,0.0845574570532397,S100B,19,199
244,0.00171418762821164,0.00266963647016567,0.100096978244637,JUNB,19,191
245,0.00211974360034036,0.00328776558420137,0.0551636585469853,CEACAM6,19,212
246,0.00272332852465497,0.00420676763971093,-0.0353586364212695,CCR7,19,296
247,0.00293564772616585,0.00451638111717824,0.149492302367055,PIK3CA,19,174
248,0.00315097180471144,0.00482810195883205,-0.173103481387738,FCGR2B,19,338
249,0.00449071856417784,0.00685330543930755,0.128880700945935,TCF7,19,178
250,0.00484259010973914,0.0073607369668035,-0.115285772482559,PDGFRA,19,331
251,0.00594614617839982,0.00900213365654156,0.0488729734663808,TNF,19,214
252,0.00598811625770618,0.00902969911876328,0.133142892701969,CTSL,19,177
253,0.00602549028584205,0.00905014351233193,0.125816620170042,LY6E,19,181
254,0.0077559930615496,0.0116034541865703,0.0619876829628742,EGR3,19,211
255,0.0083378740182638,0.0124250671644715,0.170418358339594,CTSB,19,170
256,0.00842864135198941,0.0125112645068593,0.065491981224877,CD40LG,19,209
257,0.00982584705619209,0.014528489810712,-0.065385957394455,DERL3,19,312
1,0,0,-0.0528800254292011,CCL11,20,153
2,9.68871623343121e-291,1.84085608435188e-288,3.63312420431407,IGKC,20,5
3,5.14175404756064e-277,6.51288846024332e-275,3.86936571884134,IGHG1,20,1
4,2.93165089527646e-273,2.78506835051271e-271,3.58004809251208,A2M,20,6
5,2.06280486389803e-254,1.56773169656248e-252,2.47515948659108,APOE,20,14
6,2.57531064492755e-236,1.63103007512083e-234,2.6228567709434,C1S,20,11
7,3.85342783498276e-231,2.09186082470503e-229,-0.0353367958245051,MMP9,20,135
8,4.21026715857928e-223,1.99987690032521e-221,-0.0358873410894686,MS4A2,20,137
9,3.87301304322681e-211,1.63527217380684e-209,3.69918794487985,IGHG3,20,4
10,1.71830621353452e-199,6.52956361143104e-198,3.39705244822144,FN1,20,7
11,3.12347361491935e-195,1.07901815788124e-193,3.83348247074315,IGHGP,20,2
12,2.92789682342997e-188,9.27167327419518e-187,3.74326758609343,IGHG2,20,3
13,2.76082078971669e-168,8.07009153917193e-167,-0.0244774224191988,IL13,20,127
14,6.33250768325734e-168,1.71882351402697e-166,-0.0250564546578899,IFNB1,20,128
15,1.85714896923245e-156,4.70477738872214e-155,-0.0241819851626383,CCR3,20,125
16,3.91629524487848e-156,9.30120120658658e-155,2.63382934174911,SDC1,20,10
17,1.75344328869418e-155,3.91946146884591e-154,2.31369992298677,C1R,20,16
18,8.66440065739488e-134,1.82915124989443e-132,3.00305958550217,IGHG4,20,8
19,2.87275342795761e-131,5.74550685591518e-130,1.48696592632572,IFITM3,20,24
20,5.89059160879357e-129,1.11921240567076e-127,2.559858481009,CCND1,20,12
21,3.82084774861947e-122,6.91391497369234e-121,2.04658519030897,XBP1,20,17
22,3.18833518504737e-118,5.50712441053638e-117,2.40762912079201,PRDX4,20,15
23,1.58060232462416e-108,2.6114299276399e-107,2.52082560385837,ARG1,20,13
24,7.1720373732459e-107,1.13557258409726e-105,2.75314847870422,JCHAIN,20,9
25,2.63588978321146e-91,4.00655247048139e-90,-0.237710660464072,MS4A1,20,264
26,1.786561543996e-85,2.61112841045571e-84,1.91646883717442,LAMP2,20,18
27,1.09929356428748e-81,1.54715390529351e-80,-0.566231532525175,PDGFRA,20,346
28,2.98012625763835e-81,4.04445706393771e-80,1.53898483604221,STAT1,20,23
29,2.03120511756149e-63,2.66157911956329e-62,-0.451330092051175,SLC1A3,20,327
30,8.28749575022246e-63,1.04974946169486e-61,1.8566496024878,CCL16,20,19
31,2.06746976018247e-59,2.53431777054628e-58,-0.00864803928285996,IFNL1,20,102
32,6.04342152557331e-56,7.17656306161835e-55,1.64888269038128,ANPEP,20,21
33,7.03746164690003e-55,8.10374371461211e-54,-0.625826263452966,FOXP3,20,354
34,4.63963636500594e-53,5.18547593735956e-52,1.58386867156412,SSR4,20,22
35,1.30599307100041e-48,1.41793533422902e-47,1.67823188249965,CXCL9,20,20
36,1.56804197268034e-45,1.65515541560703e-44,-1.03717193607163,TGFB1,20,376
37,1.87975033718869e-42,1.93055440035595e-41,1.41314489121178,C1QBP,20,25
38,6.44544660831187e-42,6.4454466083119e-41,-1.08799728581262,NOTCH1,20,379
39,3.96391716313106e-40,3.8622782615123e-39,-0.7145651085072,VSIG4,20,362
40,9.50382689861436e-40,9.02863555368371e-39,-0.4606621375501,SAMD3,20,328
41,1.20012190510352e-39,1.11230810716911e-38,-0.675587871100883,DGKA,20,359
42,1.41544668205931e-39,1.28064223614891e-38,-0.743717741910713,ITGAX,20,363
43,1.81919644652526e-39,1.60766197599906e-38,-0.371423297774758,VCAN,20,310
44,1.37710955482315e-38,1.18932188825636e-37,-0.752884183964705,JAK3,20,364
45,1.64804973091171e-38,1.39168643943656e-37,-0.649243934744333,FCGR2A,20,356
46,1.7499006216025e-37,1.44557007871511e-36,-0.373145342077441,CCL19,20,311
47,2.56430572667077e-37,2.07326845986147e-36,-0.449385996207349,FGR,20,326
48,4.75566323872691e-36,3.76490006399212e-35,-0.543119452707579,CLEC12A,20,342
49,5.66486101498414e-36,4.39315752182442e-35,-0.603980501533337,CMKLR1,20,350
50,1.31181805326248e-35,9.96981720479476e-35,-0.781956221754662,CORO1A,20,367
51,1.59722976290919e-35,1.19009276452057e-34,-1.04884863128882,MPEG1,20,377
52,2.52006889895861e-35,1.84158881077745e-34,-0.652821307555177,CCR1,20,357
53,4.66715624887746e-34,3.34626297089329e-33,-0.160412633820903,NOTCH3,20,229
54,1.43899248718344e-33,1.0126243428328e-32,1.40081375437344,CXCL10,20,26
55,2.10925984670791e-32,1.45730680318001e-31,-0.0966348502144704,PDCD1,20,198
56,2.42383476757883e-31,1.64474502085707e-30,-1.14065505567316,CD163,20,380
57,2.73274294302413e-31,1.82182862868275e-30,-0.536937172108033,LILRB2,20,340
58,5.40803689657478e-31,3.54319658741106e-30,-0.378004373936604,EPOR,20,314
59,1.50394353348031e-30,9.68641597834772e-30,-0.888410144801346,S100A9,20,371
60,1.59006850591605e-30,1.00704338708016e-29,-0.933725956909145,IL10RA,20,373
61,4.09042703212569e-30,2.54813487247173e-29,-0.572733596167651,ENTPD1,20,347
62,4.35015440652306e-30,2.66622366851413e-29,1.10719128081468,SPON2,20,27
63,2.47113146787289e-29,1.4905237425265e-28,0.80432523058895,CD74,20,36
64,2.8500319030081e-29,1.69220644241105e-28,-0.940847743526009,TNFRSF1B,20,374
65,8.41672586148652e-29,4.92054742671519e-28,-0.0751040398320494,CCR7,20,177
66,7.08583689323787e-28,4.07972427186423e-27,-0.575697552405474,FCMR,20,348
67,1.77680432510994e-27,1.00773976648026e-26,-0.349087012856248,ITGAM,20,303
68,3.63995627177034e-27,2.0340932106952e-26,0.970859718327528,MZB1,20,31
69,5.06962968744745e-27,2.79196997279716e-26,0.902105559431995,CTSD,20,33
70,9.62280793542248e-27,5.2238100220865e-26,1.07355848465062,NT5E,20,28
71,2.04375328612192e-26,1.09383978693849e-25,-0.753927723795833,PTPRC,20,365
72,3.66269571109124e-26,1.93308940307593e-25,-0.434084862543202,CXCR2,20,324
73,6.24831367927401e-26,3.25254684674537e-25,-0.846958289954723,CD4,20,369
74,1.23876138128875e-25,6.36120709310439e-25,-0.887063088871711,DCN,20,370
75,6.02118917094927e-24,3.05073584661429e-23,-0.0978967711928076,SOX17,20,200
76,7.41678232936617e-24,3.7083911646831e-23,0.940619166543129,LAMP1,20,32
77,1.11030130962707e-23,5.47940906049719e-23,-0.0468636504539104,TFF3,20,147
78,5.44468158350504e-23,2.65253718170759e-22,0.974730284107885,FKBP11,20,30
79,5.74768119755445e-23,2.76470741148188e-22,-0.516352700594589,TC2N,20,338
80,8.0920149679426e-23,3.84370710977273e-22,-0.483107803609413,HAVCR2,20,334
81,8.61652390920263e-23,4.04231985863829e-22,-1.05823199837595,IGFBP7,20,378
82,1.04986367662758e-22,4.86522191607901e-22,-0.377988934075739,GPR34,20,313
83,2.01075943516225e-22,9.20588657062239e-22,-0.690163161839581,CSF1R,20,361
84,2.76089682375411e-22,1.24897713455543e-21,-0.673641518204172,JAK2,20,358
85,3.38942251929678e-22,1.51527124392092e-21,0.999395301128104,IQGAP2,20,29
86,5.65664920227255e-22,2.49944964751578e-21,-0.0739322781140796,HPGDS,20,174
87,1.13561274987639e-21,4.96014764313828e-21,-0.552705232829307,COTL1,20,344
88,1.83002929644349e-21,7.90239923464235e-21,-1.00717205420939,CXCL12,20,375
89,1.85258978226923e-21,7.90993390182366e-21,-0.616027934066476,SPARC,20,352
90,2.57507141347971e-21,1.08725237458032e-20,-0.343991017040604,IRF5,20,301
91,4.15814919683443e-21,1.73636999428251e-20,-0.303871730145789,CCL2,20,291
92,8.16335527765749e-21,3.37182065816287e-20,-0.759500816964451,FCGR3A,20,366
93,9.11799450619589e-21,3.72563216382198e-20,-0.361469415647947,ANXA1,20,307
94,1.04823211359354e-20,4.2375340762292e-20,-0.59941107831513,LUM,20,349
95,2.25310924508457e-20,9.01243698033826e-20,-0.21506898336868,CD274,20,254
96,4.18144514895194e-20,1.65515537146014e-19,-0.680499960672901,C1QB,20,360
97,5.28619107492199e-20,2.07087897780449e-19,-0.463915247844742,CD86,20,329
98,5.77517502186202e-20,2.23935357990568e-19,-0.932679872960295,NOTCH2,20,372
99,5.85756763667221e-20,2.24835929488428e-19,-0.548768416981674,CD44,20,343
100,7.5916372000691e-20,2.88482213602626e-19,-0.195472093817662,CCL28,20,247
101,1.55383672569875e-19,5.8461183739161e-19,-0.132102527883165,KLRC1,20,215
102,3.11429646422718e-19,1.16022809451601e-18,-0.236806096504775,KLRF1,20,263
103,3.79533323473044e-19,1.40022002834715e-18,-0.208953861953778,CXCR4,20,253
104,4.64247300942459e-19,1.69628821498207e-18,-0.254633412251188,FCGR1A,20,270
105,1.12189819685178e-18,4.06020299813026e-18,-0.818126190983202,ATM,20,368
106,1.63293732794609e-18,5.85392626999539e-18,-0.066306635105114,PAX5,20,164
107,1.78583292820772e-18,6.34221039924237e-18,-0.157270244600653,CCR4,20,228
108,1.85006238148724e-18,6.5094787496773e-18,-0.357154517442657,IL15,20,304
109,2.89527810107931e-18,1.00936300771572e-17,-0.530524928203124,IL2RB,20,339
110,4.66461782147134e-18,1.61141342923556e-17,-0.0973075233015565,SPIB,20,199
111,1.17980681034375e-17,4.03897826964527e-17,0.836944389702215,ERBB3,20,34
112,1.78959135054429e-17,6.07182779648955e-17,-0.152025908412124,IL13RA2,20,226
113,3.68237814825483e-17,1.23832185516534e-16,-0.474973464340996,MIS18BP1,20,332
114,3.78530379977084e-17,1.26176793325695e-16,-0.358757705876699,CCL21,20,306
115,4.62475519241169e-17,1.52215503453802e-16,-0.465070311597368,BCL2,20,330
116,4.64657852648449e-17,1.52215503453802e-16,-0.147485258144268,GZMB,20,223
117,5.15421725046301e-17,1.67401927792816e-16,-0.167930462240208,NELL2,20,235
118,8.22475134954814e-17,2.64864873968499e-16,-0.614748525528549,FCGR2B,20,351
119,1.48046720446372e-16,4.72754233358164e-16,0.748593216437517,CEACAM1,20,37
120,1.7431684327431e-16,5.52003337035315e-16,0.658055306387799,HLA-B,20,39
121,1.78393523183097e-16,5.60244122393197e-16,-0.561950643675041,KLRK1,20,345
122,1.95063297002965e-16,6.07574203779724e-16,-0.383659790201471,IL7R,20,315
123,3.93171449320914e-16,1.21467602229226e-15,0.807708734002955,ERBB2,20,35
124,4.51300561410076e-16,1.38301784948249e-15,-0.296911858916772,GLIPR2,20,289
125,1.38735187692848e-15,4.21754970586258e-15,-0.634368541262208,CD2,20,355
126,2.57325285197779e-15,7.76060383929812e-15,-0.377864729566909,RUNX3,20,312
127,4.77050429751108e-15,1.42739498665686e-14,-0.264529842509792,PRF1,20,274
128,4.95314154485178e-15,1.47046389612787e-14,-0.287279491688802,LAG3,20,285
129,5.20323416021473e-15,1.53273564409426e-14,-0.0472233405497112,MCEMP1,20,148
130,7.54657020774097e-15,2.20592052226274e-14,-0.410253843387676,NKG7,20,321
131,1.08238886095786e-14,3.13975394781669e-14,-0.541042796228588,KMT2C,20,341
132,2.11389354213297e-14,6.08545110614039e-14,-0.402992809851622,FLT1,20,319
133,2.42066794559931e-14,6.91619413028374e-14,-0.13365403322174,NCAM1,20,217
134,2.51463695883483e-14,7.13106003251667e-14,-0.197223043456463,FCRL3,20,248
135,3.17688024392161e-14,8.94232957548305e-14,0.600477300943894,CCL15,20,43
136,3.792438027953e-14,1.05965180192805e-13,-0.23294781534769,SPARCL1,20,262
137,1.03754714772441e-13,2.87786800098743e-13,-0.0611038784235832,TCL1A,20,160
138,1.1312697062361e-13,3.11509049543273e-13,-0.442135859622995,CXCL14,20,325
139,1.31094671632392e-13,3.58388310937475e-13,-0.472297059723601,PLA2G7,20,331
140,1.61908095621532e-13,4.39464830972729e-13,-0.494668309350604,CD3E,20,335
141,1.82336502080892e-13,4.91403338941412e-13,0.643317141428267,MET,20,40
142,1.92974186731148e-13,5.16409795477719e-13,-0.357235862616655,SELL,20,305
143,2.30367037952609e-13,6.12164156797143e-13,-0.323533397889603,LTB,20,294
144,4.42448720504213e-13,1.16757301244167e-12,-0.175769791029631,LILRB4,20,240
145,4.68841276304357e-13,1.22868748272866e-12,-0.191216111175567,TBX21,20,246
146,4.86567582459389e-13,1.26640877626416e-12,-0.481923296737316,CD68,20,333
147,5.36071396621554e-13,1.38576279398769e-12,-0.229068217781678,FEZ1,20,260
148,5.89779076842693e-13,1.51429762973124e-12,-0.284310806979985,CXCR6,20,284
149,7.130839906385e-13,1.81860346605792e-12,-0.0776188765212408,GATA2,20,180
150,1.35230189468951e-12,3.42583146654675e-12,0.447964907895116,IGLC3,20,52
151,1.48991338187822e-12,3.74945089479288e-12,-0.499320319408137,IL18,20,336
152,2.12814955131993e-12,5.32037387829982e-12,0.684257546308151,CTNNB1,20,38
153,2.32070195916731e-12,5.76383493126522e-12,-0.426807394103305,SYK,20,323
154,3.39938426379256e-12,8.3880910405271e-12,-0.331112149121779,CD247,20,297
155,3.73250295578274e-12,9.15065240772541e-12,-0.108127293257626,S100B,20,205
156,4.33304454544561e-12,1.05548520978803e-11,0.599939715873898,CXCL6,20,44
157,6.45298958202073e-12,1.56187008991585e-11,-0.288128603895103,PDCD1LG2,20,286
158,7.53978657138585e-12,1.81336639058647e-11,-0.140149189311187,LILRA5,20,218
159,8.34897586886043e-12,1.99535272337545e-11,-0.280283307889934,PLEK,20,281
160,9.26736990874664e-12,2.20100035332733e-11,-0.268395460820803,CD28,20,276
161,1.03575321387816e-11,2.44463491474349e-11,-0.121654478190839,BANK1,20,211
162,1.73493887608335e-11,4.06960970933132e-11,0.477055537082701,SOX9,20,50
163,1.98206877166789e-11,4.62077382352024e-11,-0.220149870896149,NOD1,20,255
164,3.05318701216408e-11,7.03707145844287e-11,-0.274177004622794,CLEC10A,20,280
165,3.0555705016923e-11,7.03707145844287e-11,0.522191446638713,IRF4,20,46
166,3.413874768049e-11,7.81489404734108e-11,-0.0667437458215878,CCR6,20,166
167,3.6057155192923e-11,8.20462213970704e-11,-0.262275196760671,FASLG,20,272
168,3.72171882348363e-11,8.4181735293082e-11,-0.508567915489384,AIF1,20,337
169,5.31303691770498e-11,1.19464735427686e-10,-0.624106665411166,STAT6,20,353
170,5.92941297161637e-11,1.32539819365543e-10,-0.226770892531391,CD80,20,258
171,1.1493223651307e-10,2.55404970029044e-10,-0.292657535770409,STAT4,20,288
172,1.29654756528361e-10,2.86446555120798e-10,-0.0932583807877503,KIT,20,193
173,1.34408966401816e-10,2.95233567819018e-10,-0.174264254173483,IL2RA,20,239
174,1.42769824836005e-10,3.11796169182081e-10,0.622478272009537,IGHM,20,42
175,1.46565007858877e-10,3.18255445636419e-10,-0.223028050762076,MGP,20,256
176,1.70641906464539e-10,3.68431388957527e-10,-0.22863687514008,GATA3,20,259
177,1.97070032355643e-10,4.23088205057313e-10,-0.3462705463805,CCL5,20,302
178,3.94191441518342e-10,8.41532290881854e-10,0.628651180375527,ID2,20,41
179,7.38394467192427e-10,1.56754132700068e-09,-0.0536051051916228,FCER2,20,154
180,9.36072550520127e-10,1.97615316220915e-09,-0.162035752835327,EPCAM,20,232
181,1.21224732271288e-09,2.545049627795e-09,-0.150879099343214,CTSW,20,225
182,1.24241462123913e-09,2.5940525058839e-09,-0.0906456415588551,CX3CR1,20,191
183,1.85125969398285e-09,3.84414581264199e-09,-0.0842701088584964,PLD4,20,187
184,1.90538335056184e-09,3.93503083268205e-09,-0.329723637709771,LCK,20,296
185,2.28459156967953e-09,4.69267457555797e-09,-0.201518797627272,SOCS3,20,251
186,2.54521952939491e-09,5.19991086650573e-09,-0.161023701379067,GZMH,20,230
187,2.63895997192396e-09,5.36259245631607e-09,-0.0939011747876174,GNLY,20,195
188,2.89555454099211e-09,5.85271662540959e-09,-0.0643939378724364,GPR183,20,162
189,3.20483847358357e-09,6.44359058180823e-09,-0.30543612000345,TIGIT,20,292
190,4.98723481305942e-09,9.97446962611883e-09,-0.113827038168245,CD37,20,208
191,5.87700328917036e-09,1.16924672768834e-08,-0.054007223267366,CDKN1C,20,155
192,7.64039366094425e-09,1.51216124539521e-08,0.505666384827739,EGFR,20,47
193,1.16801518291723e-08,2.29971901299766e-08,-0.362093324391519,CSF1,20,308
194,1.35926962936784e-08,2.66248690288546e-08,0.569706526892259,VEGFA,20,45
195,2.20533104588719e-08,4.2975681919853e-08,-0.253183091601837,TCF7,20,269
196,2.6746427137812e-08,5.18553179202478e-08,-0.260978286047672,GZMK,20,271
197,3.34277783474008e-08,6.44799785381334e-08,-0.22576975824378,KLRD1,20,257
198,4.27830966179467e-08,8.21089733071702e-08,-0.0710169033720472,CXCR5,20,170
199,5.83560787951368e-08,1.11433718302271e-07,-0.0664326651279593,IL23A,20,165
200,7.66470487252442e-08,1.45629392577964e-07,-0.390031777768281,VSIR,20,316
201,7.98140131488558e-08,1.50892164162016e-07,-0.414829666732089,STAT5B,20,322
202,8.14052795026171e-08,1.53138644608884e-07,-0.328330851524,GZMA,20,295
203,8.38544203820566e-08,1.5696886573981e-07,-0.273174633115289,CCL4,20,279
204,9.41131690513888e-08,1.75308844311411e-07,-0.280315638134967,CD40,20,282
205,1.3113988627202e-07,2.43088569674965e-07,-0.0597074193325997,CHIT1,20,158
206,1.38413226098604e-07,2.55325368531406e-07,-0.12889784091403,CD83,20,214
207,1.7208933283284e-07,3.15912784910528e-07,-0.404740201887232,ARID1A,20,320
208,2.24868015370463e-07,4.10816566542192e-07,-0.268637467839289,KLRB1,20,277
209,2.29699658846253e-07,4.17635743356823e-07,-0.14523342797841,PTGS1,20,221
210,2.72863117367133e-07,4.93752307616717e-07,0.484908631591855,ISG15,20,48
211,4.37356428751576e-07,7.87656127609474e-07,-0.0690739243748782,FCER1A,20,169
212,6.0875777280633e-07,1.09116959276606e-06,0.445201781060024,G0S2,20,53
213,8.0811791859856e-07,1.44171271862654e-06,-0.335150022722277,RB1,20,299
214,9.99810259394586e-07,1.77536401200908e-06,-0.24191233500199,NCEH1,20,265
215,1.04778814066919e-06,1.85190462071764e-06,-0.39895468214636,IRF8,20,318
216,1.2015404115638e-06,2.11382109441781e-06,-0.109750713930913,CCL3L1,20,207
217,1.23569937880532e-06,2.16389752970516e-06,-0.10032903888193,CD1C,20,201
218,1.37747336677254e-06,2.40110036409893e-06,-0.18570344558892,GPR171,20,243
219,1.40118292954846e-06,2.43127631611148e-06,-0.0251040243685415,CCL26,20,129
220,1.53922731300523e-06,2.65866535882721e-06,0.458067385598734,PSMB10,20,51
221,1.70949420668029e-06,2.93940180334167e-06,0.478321245729547,STAT3,20,49
222,1.88117804709318e-06,3.22003449502436e-06,-0.246192960875819,ICOSLG,20,268
223,2.22083516183503e-06,3.78438278698346e-06,-0.161142561484685,CST7,20,231
224,2.60797281054931e-06,4.42423958932473e-06,-0.0783860810793079,CXCL5,20,181
225,3.19165638945848e-06,5.39035301330766e-06,0.240689991317385,CCL20,20,68
226,3.35588274691946e-06,5.64263470720971e-06,-0.163715020999501,CCR5,20,234
227,3.47479020998577e-06,5.81682942640789e-06,-0.363100081717555,NF1,20,309
228,3.67985078709409e-06,6.13308464515681e-06,0.282961327472974,CEACAM8,20,62
229,4.17694648671152e-06,6.93117757620252e-06,0.258631539743889,TNFRSF17,20,65
230,4.56231376936273e-06,7.53773579286017e-06,0.404432056830298,TUBB,20,54
231,6.16556930386119e-06,1.01424949587327e-05,-0.162154225527715,EOMES,20,233
232,6.33546522262758e-06,1.03770551060279e-05,-0.0686747627189683,EGR3,20,167
233,9.86109046315793e-06,1.60824651330473e-05,-0.316396967260945,ACTB,20,293
234,1.03310331497569e-05,1.67768914397761e-05,-0.18816488328198,TOX,20,245
235,1.03957819246782e-05,1.68102005590542e-05,-0.197366792807481,FABP3,20,249
236,1.05337176624656e-05,1.69610708124445e-05,0.336827001892321,RORC,20,58
237,1.42952586390662e-05,2.29206678601062e-05,-0.171336626537394,TRAT1,20,237
238,1.84316839131369e-05,2.94287390209749e-05,0.336965859761659,CXCL11,20,57
239,1.92415808165718e-05,3.05933084112857e-05,-0.0799105805139405,CD40LG,20,183
240,1.97121984911195e-05,3.12017399080496e-05,-0.0623336204095509,FGF2,20,161
241,1.97884718890525e-05,3.12017399080496e-05,-0.283203826202961,BRAF,20,283
242,2.40877600749694e-05,3.77215824074329e-05,-0.337851240169948,KRAS,20,300
243,2.41219592763321e-05,3.77215824074329e-05,0.22794947988317,CD79A,20,70
244,3.0488981093462e-05,4.74828394078506e-05,-0.334233486000485,IRF2,20,298
245,3.12295014556242e-05,4.84375940944376e-05,-0.116448239679876,CDK1,20,209
246,3.58445762886192e-05,5.5369670689737e-05,-0.0935693979055277,P2RX1,20,194
247,3.80744022605412e-05,5.85760034777557e-05,-0.0457367535073276,CPA3,20,145
248,4.21181881057183e-05,6.45359333877942e-05,-0.171325294525352,ITGAE,20,236
249,4.41702885830412e-05,6.74084725363681e-05,-0.0909928242799545,FLT3LG,20,192
250,4.5869451157785e-05,6.97215657598332e-05,-0.199724894493302,CD8B,20,250
251,4.63804817405535e-05,7.02174623960571e-05,0.385389542335827,TXLNA,20,55
252,5.34301608516912e-05,8.05692901731851e-05,-0.0879360356468012,LILRA4,20,188
253,7.1315729350095e-05,0.000107114534201724,-0.0892841040220445,SOCS1,20,190
254,7.4188225041732e-05,0.000110990257936449,-0.0559747403652784,IL12RB2,20,156
255,7.78174774847596e-05,0.00011596329978121,-0.392391677326336,STAT2,20,317
256,8.49624163586262e-05,0.000126116086782336,-0.0819016234602232,UBE2C,20,184
257,9.81647474536038e-05,0.000145146319192099,-0.076888023994942,CD19,20,178
258,0.000104849268255539,0.00015442915479498,-0.0689143768751172,CDKN2D,20,168
259,0.000107305706640897,0.000157436944106336,0.294216128892576,CDKN1A,20,61
260,0.000114227967287105,0.000166948567573461,-0.146289108673715,ADAM28,20,222
261,0.00013898928274412,0.000202359875259639,0.297881204092231,TMPRSS2,20,59
262,0.00015641062731569,0.000226855108320467,-0.0214356677636785,IL1A,20,122
263,0.000217452810759272,0.000314190372960165,-0.0609654724191566,IL1B,20,159
264,0.000287444544737477,0.000413745935606974,0.297504859488036,IL1RAP,20,60
265,0.000320206002027488,0.000459163323662058,-0.128232026243726,IRF3,20,213
266,0.000351344459471321,0.000501920656387602,-0.103755718605162,RGS1,20,204
267,0.000358811363019834,0.000510667857481411,-0.096037405800264,ORC6,20,196
268,0.000372963100064253,0.000528828276210508,0.346154775375492,ITGA1,20,56
269,0.000390675434955913,0.000551883514064116,-0.0201482372219191,IL5,20,120
270,0.000501195927920729,0.000705386861518063,-0.0219220526524403,MMP12,20,123
271,0.000535265464610424,0.000750556740044137,-0.118679757757694,CXCL13,20,210
272,0.000544412135086474,0.000760575776959045,-0.263174211415929,IL4R,20,273
273,0.000580120556948044,0.000807493815532076,-0.208544917587722,CD3D,20,252
274,0.000614052549585615,0.000851605725702677,-0.0456608311770604,IL22RA1,20,144
275,0.000762751749189316,0.00105398423524342,-0.272994267430427,CDK12,20,278
276,0.00084652897617294,0.00116551090922361,-0.291494013687299,MX1,20,287
277,0.000892265977319846,0.00122404718910304,-0.0658948952490655,DUSP2,20,163
278,0.00103378065386004,0.0014130814693051,-0.0742755234614824,IL10,20,176
279,0.00112731503672338,0.00153541116112863,-0.0398734775435882,IL2,20,139
280,0.00140118169503351,0.00190160372897406,-0.0231308167232171,CEACAM6,20,124
281,0.00141575579861771,0.00191454520809512,-0.183585951017491,RGS5,20,242
282,0.00147980120161067,0.00199405835678033,0.216679452778812,CENPV,20,71
283,0.00150865149783981,0.00202575112784144,-0.242137805362422,CCL14,20,266
284,0.00166947469925862,0.00223380417506435,-0.267058684331346,IL2RG,20,275
285,0.001933363730313,0.002577818307084,-0.178706012017735,CTSL,20,241
286,0.00218354178854886,0.00290120936940058,-0.300271454886378,ACTA2,20,290
287,0.00296498167906277,0.00392575971443851,-0.142170930822747,IL15RA,20,220
288,0.00300937032258178,0.00397069695340652,0.231703138955465,CD276,20,69
289,0.00323010367825579,0.00424719514787958,-0.0822953337026499,TREM2,20,186
290,0.00326441638841461,0.00427751112964673,-0.0194669955568467,IL12B,20,118
291,0.00396428292560044,0.00517672684442669,-0.100678819797839,PLVAP,20,202
292,0.00401651929362054,0.00522697716293084,-0.0451653336569356,CD79B,20,142
293,0.00444384520608494,0.00576334873144122,0.250104092167609,TP53,20,67
294,0.00460442935325999,0.0059513032457102,0.270939199056473,IFIT3,20,64
295,0.00604869908529206,0.007791544584444,0.272415151747534,IFNAR1,20,63
296,0.0060861122250088,0.00781325218075455,-0.0504609860479087,CCL8,20,151
297,0.00627480495474531,0.00802836997576841,-0.0159468193115696,DMBT1,20,112
298,0.00666889022124653,0.00850395397340162,-0.100852121004662,CTLA4,20,203
299,0.00707449792824314,0.00899100071147957,-0.0338991612898998,CCL13,20,133
300,0.00734523612023311,0.00930396575229527,-0.1407441314948,STMN1,20,219
301,0.00752477640948801,0.00949971772626394,-0.0197374074110457,AREG,20,119
302,0.00769666875826936,0.00968455009318661,-0.0728049864872456,CCL3,20,172
303,0.00781527486312239,0.00980133481183667,-0.0357718721830831,CXCR1,20,136
304,0.00788038106748562,0.00985047633435702,-0.0179148403139412,CCL7,20,113
305,0.0082344738095795,0.0102593444184925,-0.108866887109546,FHIT,20,206
306,0.00835991022536316,0.0103815878615621,0.250685126709292,PTEN,20,66
1,0,0,-4.22195217442376,IGKC,21,380
2,0,0,-3.05774472890572,STAT2,21,378
3,0,0,-3.12754622286737,IGHG1,21,379
4,0,0,-2.25929347427168,TNFRSF1B,21,376
5,0,0,-2.21902257396095,TUBA1B,21,375
6,0,0,-2.18732386792599,IRF1,21,374
7,0,0,-1.81786458961129,AKT1,21,366
8,0,0,-1.88905894640022,TGFB1,21,367
9,0,0,-2.14672344815938,DCN,21,372
10,0,0,-2.08523170109993,IGHG3,21,370
11,0,0,-1.58144458344736,STAT5B,21,359
12,0,0,-2.12877144968117,IGHGP,21,371
13,0,0,-1.64368091880278,C1QB,21,362
14,0,0,-1.95137293543694,IGHG2,21,368
15,0,0,-1.47359301537912,JAK2,21,355
16,0,0,-1.43654270664273,FKBP11,21,353
17,0,0,-1.67917891547652,CD2,21,363
18,0,0,-1.73810553950445,JCHAIN,21,365
19,0,0,-1.71633209376572,IGHG4,21,364
20,0,0,-1.61784754310195,CD8A,21,360
21,0,0,-1.35084729055069,ICAM1,21,350
22,0,0,-1.44628151224489,CXCL9,21,354
23,0,0,-1.39032621312813,CORO1A,21,352
24,0,0,-1.35304268338263,IL18,21,351
25,0,0,-1.30777596956985,CCL14,21,349
26,0,0,-1.25032867372436,JAK3,21,345
27,0,0,-1.28892544501121,SPARC,21,347
28,0,0,-1.21709158156123,CD38,21,344
29,0,0,-1.26385808513017,LUM,21,346
30,0,0,-1.29160274128179,KLRK1,21,348
31,0,0,-1.07821945354841,COTL1,21,340
32,0,0,-1.05630776588769,CSF1,21,339
33,0,0,-0.984117780800295,CD276,21,331
34,0,0,-1.00561335211871,MIS18BP1,21,334
35,0,0,-1.05461985081168,CCR1,21,337
36,0,0,-1.11016012447833,IL2RB,21,342
37,0,0,-1.02601721803244,SYK,21,336
38,0,0,-1.13493520793905,CXCL10,21,343
39,0,0,-1.05530797144996,DGKA,21,338
40,0,0,-1.00599265611465,FCGR2A,21,335
41,0,0,-0.947407786935192,BCL2,21,327
42,0,0,-0.943943193699983,ENTPD1,21,326
43,0,0,-0.936133204129398,CMKLR1,21,324
44,0,0,-0.986320522610251,FCMR,21,332
45,0,0,-0.94807410373935,TC2N,21,328
46,0,0,-0.822964767846938,CDK6,21,316
47,0,0,-0.990094490654872,CXCL14,21,333
48,0,0,-0.950922138158249,GZMA,21,329
49,0,0,-0.870111549877906,CD86,21,323
50,0,0,-0.857559488687681,HAVCR2,21,321
51,0,0,-0.799938319876922,HIF1A,21,314
52,0,0,-0.849713279224275,LILRB2,21,320
53,0,0,-0.769072113097425,CDK4,21,311
54,0,0,-0.783816221894552,CTSL,21,312
55,0,0,-0.838306207877437,CD3D,21,319
56,0,0,-0.825397188465726,CCL5,21,317
57,0,0,-0.734478614048446,CD40,21,309
58,0,0,-0.812895703219976,LCK,21,315
59,0,0,-0.794281858436743,CLEC12A,21,313
60,0,0,-0.695281249856446,LY6E,21,305
61,0,0,-0.829201790183406,FLT1,21,318
62,0,0,-0.664110727965825,CXCL16,21,301
63,0,0,-0.860985162743942,IGHM,21,322
64,0,0,-0.647260863359265,CENPV,21,299
65,0,0,-0.735331678698885,TIGIT,21,310
66,0,0,-0.720531186260846,SELL,21,306
67,0,0,-0.726078847666535,RGS5,21,308
68,0,0,-0.639751065348709,NCEH1,21,297
69,0,0,-0.677072719254572,CXCR2,21,303
70,0,0,-0.684341823282001,CD247,21,304
71,0,0,-0.595287177408359,CDK2,21,289
72,0,0,-0.616353976317965,STAT4,21,292
73,0,0,-0.601893727174957,ANXA1,21,290
74,0,0,-0.646807393979573,CXCL11,21,298
75,0,0,-0.67008726645053,PDGFRA,21,302
76,0,0,-0.625261112376311,SAMD3,21,294
77,0,0,-0.590240066252845,CD27,21,287
78,0,0,-0.62981574066399,LTB,21,295
79,0,0,-0.59517454825978,CD8B,21,288
80,0,0,-0.548441037281706,IRF5,21,282
81,0,0,-0.550313467533958,PDCD1LG2,21,283
82,0,0,-0.585035362114447,TCF7,21,286
83,0,0,-0.53144064056009,EPOR,21,277
84,0,0,-0.529544313308793,PLEK,21,276
85,0,0,-0.620361025499479,CCL21,21,293
86,0,0,-0.523169186548727,FABP3,21,275
87,0,0,-0.523010323010172,ID1,21,274
88,0,0,-0.542621680750327,CLEC10A,21,280
89,0,0,-0.579071743881773,MZB1,21,285
90,0,0,-0.541978165207637,SLC1A3,21,279
91,0,0,-0.534404717855701,CXCR6,21,278
92,0,0,-0.473687022168869,JUN,21,264
93,0,0,-0.500900143249698,GLIPR2,21,271
94,0,0,-0.543218104287177,IRF4,21,281
95,0,0,-0.49021553708717,LAG3,21,268
96,0,0,-0.507787127773225,FASLG,21,272
97,0,0,-0.510073809365064,CD28,21,273
98,0,0,-0.487631406323559,TOX,21,266
99,0,0,-0.492142674982077,KLRD1,21,269
100,0,0,-0.469934004556308,CCR2,21,263
101,0,0,-0.426600978497711,SOCS2,21,258
102,0,0,-0.393748058373335,CEACAM8,21,251
103,0,0,-0.447733802052665,PRF1,21,261
104,0,0,-0.427698350355054,GATA3,21,259
105,0,0,-0.467921702137632,VCAN,21,262
106,0,0,-0.369544405361371,RNF43,21,244
107,0,0,-0.39033325849544,NOD1,21,250
108,0,0,-0.40675028559094,CD80,21,254
109,0,0,-0.420231252898236,TRAT1,21,257
110,0,0,-0.490033398924908,CCL19,21,267
111,0,0,-0.368953894313334,ESR1,21,243
112,0,0,-0.438350737064842,CCL2,21,260
113,0,0,-0.407620174240482,GPR171,21,255
114,0,0,-0.49472448046412,CXCL6,21,270
115,0,0,-0.376770542793368,FCGR1A,21,247
116,0,0,-0.384259479177681,SOCS3,21,249
117,0,0,-0.404663776769585,MKI67,21,253
118,0,0,-0.37420465746454,FEZ1,21,246
119,0,0,-0.369928842537456,EOMES,21,245
120,0,0,-0.361858641306414,CCR5,21,241
121,0,0,-0.333126892959497,IRF3,21,237
122,0,0,-0.403652675651636,MGP,21,252
123,0,0,-0.353601516355926,ADAM28,21,240
124,0,0,-0.343305251306552,CST7,21,239
125,0,0,-0.36292345515296,IDO1,21,242
126,0,0,-0.382616784192221,SPARCL1,21,248
127,0,0,-0.322754798588221,TNFRSF9,21,234
128,0,0,-0.294777414109372,CD274,21,230
129,0,0,-0.326319836108871,CTLA4,21,235
130,0,0,-0.337106956798829,KLRF1,21,238
131,0,0,-0.274137941808384,JUNB,21,222
132,0,0,-0.296896924186451,TBX21,21,232
133,0,0,-0.283100355052827,IL2RA,21,225
134,0,0,-0.263319969804194,LILRB4,21,219
135,0,0,-0.289140764294655,CXCR4,21,228
136,0,0,-0.286508182839709,FCRL3,21,227
137,0,0,-0.298031320197812,CXCL13,21,233
138,0,0,-0.259737906349525,CDKN2C,21,217
139,0,0,-0.25511636231137,LIF,21,216
140,0,0,-0.280420157442309,TNFRSF13C,21,224
141,0,0,-0.262351499387681,PTGS1,21,218
142,0,0,-0.277210234095782,DERL3,21,223
143,0,0,-0.269996187843281,GZMH,21,220
144,0,0,-0.272004295655364,CCL28,21,221
145,0,0,-0.283514477645673,PLVAP,21,226
146,0,0,-0.24733266389388,CTSW,21,212
147,0,0,-0.249767017651323,TNFRSF17,21,213
148,0,0,-0.246428740010939,CDK1,21,211
149,0,0,-0.24101970343977,CD79A,21,210
150,0,0,-0.214788193320958,CD83,21,205
151,0,0,-0.229062113323242,IGLC3,21,208
152,0,0,-0.240747490440169,CXCL1,21,209
153,0,0,-0.205487213236643,LILRA5,21,204
154,0,0,-0.225041950065429,NELL2,21,207
155,0,0,-0.25024847388767,EPCAM,21,214
156,0,0,-0.253583849535933,MS4A1,21,215
157,0,0,-0.202386697786061,TREM2,21,203
158,0,0,-0.199954947708175,IL13RA2,21,201
159,0,0,-0.189619500239455,CCL3L1,21,198
160,0,0,-0.187112927393241,CCL20,21,197
161,0,0,-0.20186709499403,CCR4,21,202
162,0,0,-0.180898548042572,CCL3,21,195
163,0,0,-0.173180089417421,FLT3LG,21,192
164,0,0,-0.190978386422594,GZMB,21,199
165,0,0,-0.177235617680025,NCAM1,21,193
166,0,0,-0.170489533904796,CD37,21,191
167,0,0,-0.167808266595097,CENPF,21,189
168,0,0,-0.17020152630149,P2RX1,21,190
169,0,0,-0.184182883758264,NOTCH3,21,196
170,0,0,-0.162669544403353,KLRC1,21,186
171,0,0,-0.15266703219662,UBE2C,21,183
172,0,0,-0.163823182351469,CD1C,21,188
173,0,0,-0.151220357182183,CXCR3,21,182
174,0,0,-0.137600892181431,ACE2,21,175
175,0,0,-0.147682271179692,IL10,21,179
176,0,0,-0.163424157276654,BANK1,21,187
177,0,0,-0.14309383763156,LAMP3,21,177
178,0,0,-0.162013436168521,LILRA4,21,185
179,0,0,-0.148310370760824,ID4,21,180
180,0,0,-0.130253062250938,NOSIP,21,171
181,0,0,-0.144516973566593,S100B,21,178
182,0,0,-0.129483365461413,CDKN2B,21,170
183,0,0,-0.137884557596627,CD19,21,176
184,0,0,-0.127579883964909,DUSP2,21,169
185,0,0,-0.134849141920073,CD40LG,21,174
186,0,0,-0.122827922150287,CX3CR1,21,167
187,0,0,-0.117056711375021,CDKN2D,21,164
188,0,0,-0.12388888180548,KIT,21,168
189,0,0,-0.131032299350296,GNLY,21,172
190,0,0,-0.104592540508797,CDKN2A,21,155
191,0,0,-0.114351172092812,PLD4,21,162
192,0,0,-0.11549806633416,SPIB,21,163
193,0,0,-0.121560669817795,CXCL5,21,166
194,0,0,-0.106908534801054,PDCD1,21,159
195,0,0,-0.106445367928879,IL1B,21,158
196,0,0,-0.110430052190028,SOX17,21,161
197,0,0,-0.104749043503179,EGR3,21,156
198,0,0,-0.105174200758025,CCL8,21,157
199,0,0,-0.094134514033548,FGF2,21,149
200,0,0,-0.101110958218055,ZNF683,21,153
201,0,0,-0.089252694125822,IL23A,21,147
202,0,0,-0.0979872177973263,GATA2,21,152
203,0,0,-0.0955682875911531,CXCR5,21,151
204,0,0,-0.0875513309127842,BATF3,21,146
205,0,0,-0.0774085690489185,IL22RA1,21,138
206,0,0,-0.0951753607714233,FCER1A,21,150
207,0,0,-0.0859453270359674,CD79B,21,144
208,0,0,-0.0867751654215754,IL12RB2,21,145
209,0,0,-0.0848910903838615,CXCL3,21,142
210,0,0,-0.0849731711724906,GPR183,21,143
211,0,0,-0.0829386168563105,CCR6,21,141
212,0,0,-0.0808576352425347,HPGDS,21,139
213,0,0,-0.0810263616163273,CCR7,21,140
214,0,0,-0.0761464732050563,PAX5,21,137
215,0,0,-0.0627386828193835,CXCL2,21,129
216,0,0,-0.0751216535788765,CHIT1,21,136
217,0,0,-0.0665319187182155,CDKN1C,21,133
218,0,0,-0.0687363783580121,TCL1A,21,135
219,0,0,-0.0638396407195956,IL2,21,130
220,0,0,-0.0598516090499002,TNF,21,127
221,0,0,-0.0652142030419284,FCER2,21,132
222,0,0,-0.0644506594166706,CPA3,21,131
223,0,0,-0.0553811225886592,CCL13,21,126
224,0,0,-0.0463822500050464,EPO,21,121
225,0,0,-0.050715555641753,IL6,21,122
226,0,0,-0.0526305752505203,CCL11,21,124
227,0,0,-0.0527654025511452,MCEMP1,21,125
228,0,0,-0.0454939499103297,IL4,21,120
229,1.11253692990569e-308,1.11253693033567e-308,-0.0509780093423394,TFF3,21,123
230,3.88774333537831e-279,6.42322811932089e-279,-0.041925094769467,CFC1,21,118
231,5.21328321045339e-279,8.575963722824e-279,-0.0411406090025778,MUC5AC,21,117
232,5.69229601170671e-247,9.32358829503666e-247,-0.0358675507971875,PGA5,21,116
233,1.78642436973311e-230,2.91348180471494e-230,-0.035170102068954,MMP9,21,114
234,1.62195457618679e-222,2.63394332885037e-222,-0.0357180502547066,MS4A2,21,115
235,1.55615217038869e-211,2.51633116913919e-211,-0.0331181507961021,CEACAM6,21,113
236,8.80496044848427e-205,1.41774786882377e-204,-0.0300540169009561,CCL26,21,112
237,7.92861085262974e-188,1.27125406075922e-187,-0.0280173999050525,MMP12,21,111
238,2.51755678716132e-186,4.0196284837029e-186,-0.025932698163065,FOS,21,106
239,7.43621884424025e-186,1.18232768234782e-185,-0.0271964951727833,CCL7,21,110
240,6.11861659580804e-183,9.6878096100292e-183,-0.0268988254859579,IL1A,21,108
241,2.81567729193469e-180,4.43965714081001e-180,-0.0269490582956106,AREG,21,109
242,7.4742646271644e-175,1.17364485881092e-174,-0.0259076425658668,IL12B,21,105
243,4.99287850622861e-174,7.80779354883473e-174,-0.0260994005314924,ERBB4,21,107
244,7.71882733880009e-173,1.20211245440327e-172,-0.0256353246175886,IL5,21,104
245,1.54401650396586e-167,2.394801108192e-167,-0.0243619554286564,IL13,21,102
246,3.17665050162726e-167,4.90702110007467e-167,-0.0249382562069476,IFNB1,21,103
247,8.08718436845228e-156,1.24418221053115e-155,-0.0240679118339907,CCR3,21,101
248,3.19137364702906e-153,4.89000800754457e-153,-0.0221820623875563,REG4,21,100
249,6.9771420528329e-149,1.06478473095439e-148,-0.0215969186839315,CDX2,21,97
250,2.91295456694887e-147,4.4276909417623e-147,-0.0216297954482114,DMBT1,21,98
251,1.08091982037534e-146,1.63645231769972e-146,-0.0218504102662112,IL22RA2,21,99
252,3.64566934466254e-144,5.49743790068156e-144,-0.0210219991750131,CD1A,21,96
253,2.59113397668213e-136,3.89182178315893e-136,-0.0201033336856809,EGF,21,95
254,1.52566924064022e-121,2.28249728914673e-121,-0.0173490270135669,AIRE,21,94
255,2.93560215938622e-104,4.37462282575206e-104,-0.0151491094675661,CDX1,21,93
256,1.0369057174994e-58,1.53915692441316e-58,-0.00860724401230478,IFNL1,21,91
257,0.000794727067185651,0.00117508282307606,4.26500929902264,SDC1,21,1
258,0.00150448955186432,0.00221591484383117,2.86135985286238,C1S,21,13
259,0.00271378157854028,0.00398161003801276,3.98289057495329,ANPEP,21,2
260,0.0043063603686381,0.00629391130800953,3.7606850622114,IFNGR1,21,3
261,0.0072282684625639,0.0105239157692501,3.52114787542283,CD163,21,7
