sample,x0,y0,n_hep,n_cd4,hep_with_cd4_contact,contact_frac,score
54023_b,843.953109741211,-11083.6330566406,34,54,5,0.147058823529412,5
54023_b,843.953109741211,-11033.6330566406,44,60,4,0.0909090909090909,4
54023_b,843.953109741211,-10983.6330566406,47,65,6,0.127659574468085,6
54023_b,843.953109741211,-10933.6330566406,44,54,5,0.113636363636364,5
54023_b,843.953109741211,-10883.6330566406,40,52,7,0.175,7
54023_b,843.953109741211,-10833.6330566406,34,56,11,0.323529411764706,11
54023_b,893.953109741211,-11133.6330566406,43,45,11,0.255813953488372,11
54023_b,893.953109741211,-11083.6330566406,63,49,12,0.19047619047619,12
54023_b,893.953109741211,-11033.6330566406,73,53,14,0.191780821917808,14
54023_b,893.953109741211,-10983.6330566406,74,54,9,0.121621621621622,9
54023_b,893.953109741211,-10933.6330566406,72,44,10,0.138888888888889,10
54023_b,893.953109741211,-10883.6330566406,66,45,16,0.242424242424242,16
54023_b,893.953109741211,-10833.6330566406,55,53,21,0.381818181818182,21
54023_b,893.953109741211,-10783.6330566406,36,57,17,0.472222222222222,17
54023_b,943.953109741211,-11183.6330566406,37,21,10,0.27027027027027,10
54023_b,943.953109741211,-11133.6330566406,58,34,13,0.224137931034483,13
54023_b,943.953109741211,-11083.6330566406,83,36,14,0.168674698795181,14
54023_b,943.953109741211,-11033.6330566406,96,39,16,0.166666666666667,16
54023_b,943.953109741211,-10983.6330566406,97,41,11,0.11340206185567,11
54023_b,943.953109741211,-10933.6330566406,95,39,17,0.178947368421053,17
54023_b,943.953109741211,-10883.6330566406,84,37,22,0.261904761904762,22
54023_b,943.953109741211,-10833.6330566406,67,49,28,0.417910447761194,28
54023_b,943.953109741211,-10783.6330566406,44,54,23,0.522727272727273,23
54023_b,943.953109741211,-10733.6330566406,33,55,22,0.666666666666667,22
54023_b,993.953109741211,-11183.6330566406,51,8,10,0.196078431372549,10
54023_b,993.953109741211,-11133.6330566406,73,10,13,0.178082191780822,13
54023_b,993.953109741211,-11083.6330566406,103,10,13,0.12621359223301,13
54023_b,993.953109741211,-11033.6330566406,111,12,16,0.144144144144144,16
54023_b,993.953109741211,-10983.6330566406,112,17,12,0.107142857142857,12
54023_b,993.953109741211,-10933.6330566406,106,20,19,0.179245283018868,19
54023_b,993.953109741211,-10883.6330566406,94,30,25,0.265957446808511,25
54023_b,993.953109741211,-10833.6330566406,72,43,32,0.444444444444444,32
54023_b,993.953109741211,-10783.6330566406,49,48,26,0.530612244897959,26
54023_b,993.953109741211,-10733.6330566406,38,48,24,0.631578947368421,24
54023_b,993.953109741211,-10683.6330566406,32,42,20,0.625,20
54023_b,993.953109741211,-10633.6330566406,36,30,13,0.361111111111111,13
54023_b,993.953109741211,-10583.6330566406,37,19,6,0.162162162162162,6
54023_b,993.953109741211,-10533.6330566406,51,12,16,0.313725490196078,16
54023_b,993.953109741211,-10483.6330566406,59,7,20,0.338983050847458,20
54023_b,993.953109741211,-10433.6330566406,53,5,14,0.264150943396226,14
54023_b,993.953109741211,-10383.6330566406,39,5,14,0.358974358974359,14
54023_b,1043.95310974121,-11033.6330566406,114,7,18,0.157894736842105,18
54023_b,1043.95310974121,-10983.6330566406,107,13,13,0.121495327102804,13
54023_b,1043.95310974121,-10933.6330566406,100,19,22,0.22,22
54023_b,1043.95310974121,-10883.6330566406,86,29,24,0.27906976744186,24
54023_b,1043.95310974121,-10833.6330566406,66,40,26,0.393939393939394,26
54023_b,1043.95310974121,-10783.6330566406,53,41,21,0.39622641509434,21
54023_b,1043.95310974121,-10733.6330566406,51,40,20,0.392156862745098,20
54023_b,1043.95310974121,-10683.6330566406,45,36,15,0.333333333333333,15
54023_b,1043.95310974121,-10633.6330566406,56,24,8,0.142857142857143,8
54023_b,1043.95310974121,-10583.6330566406,67,13,6,0.0895522388059701,6
54023_b,1043.95310974121,-10533.6330566406,80,10,16,0.2,16
54023_b,1043.95310974121,-10483.6330566406,89,5,20,0.224719101123596,20
54023_b,1093.95310974121,-11033.6330566406,112,8,16,0.142857142857143,16
54023_b,1093.95310974121,-10983.6330566406,98,15,14,0.142857142857143,14
54023_b,1093.95310974121,-10933.6330566406,85,22,23,0.270588235294118,23
54023_b,1093.95310974121,-10883.6330566406,77,30,26,0.337662337662338,26
54023_b,1093.95310974121,-10833.6330566406,70,36,28,0.4,28
54023_b,1093.95310974121,-10783.6330566406,69,33,22,0.318840579710145,22
54023_b,1093.95310974121,-10733.6330566406,72,29,21,0.291666666666667,21
54023_b,1093.95310974121,-10683.6330566406,69,24,16,0.231884057971015,16
54023_b,1093.95310974121,-10633.6330566406,84,14,8,0.0952380952380952,8
54023_b,1093.95310974121,-10583.6330566406,97,8,6,0.0618556701030928,6
54023_b,1093.95310974121,-10533.6330566406,113,8,16,0.141592920353982,16
54023_b,1093.95310974121,-10483.6330566406,121,5,20,0.165289256198347,20
54023_b,1143.95310974121,-11033.6330566406,104,8,14,0.134615384615385,14
54023_b,1143.95310974121,-10983.6330566406,90,16,17,0.188888888888889,17
54023_b,1143.95310974121,-10933.6330566406,78,22,24,0.307692307692308,24
54023_b,1143.95310974121,-10883.6330566406,73,26,25,0.342465753424658,25
54023_b,1143.95310974121,-10833.6330566406,74,28,26,0.351351351351351,26
54023_b,1143.95310974121,-10783.6330566406,78,27,23,0.294871794871795,23
54023_b,1143.95310974121,-10733.6330566406,87,22,22,0.252873563218391,22
54023_b,1143.95310974121,-10683.6330566406,91,17,17,0.186813186813187,17
54023_b,1143.95310974121,-10633.6330566406,104,11,10,0.0961538461538462,10
54023_b,1143.95310974121,-10583.6330566406,119,9,9,0.0756302521008403,9
54023_b,1143.95310974121,-10533.6330566406,138,7,15,0.108695652173913,15
54023_b,1143.95310974121,-10483.6330566406,147,5,19,0.129251700680272,19
54023_b,1143.95310974121,-10333.6330566406,110,9,14,0.127272727272727,14
54023_b,1143.95310974121,-10283.6330566406,77,7,10,0.12987012987013,10
54023_b,1143.95310974121,-10233.6330566406,46,6,6,0.130434782608696,6
54023_b,1193.95310974121,-11033.6330566406,115,7,12,0.104347826086957,12
54023_b,1193.95310974121,-10983.6330566406,102,15,15,0.147058823529412,15
54023_b,1193.95310974121,-10933.6330566406,84,23,23,0.273809523809524,23
54023_b,1193.95310974121,-10883.6330566406,78,28,24,0.307692307692308,24
54023_b,1193.95310974121,-10833.6330566406,79,29,24,0.30379746835443,24
54023_b,1193.95310974121,-10783.6330566406,82,28,21,0.25609756097561,21
54023_b,1193.95310974121,-10733.6330566406,92,21,19,0.206521739130435,19
54023_b,1193.95310974121,-10683.6330566406,103,14,14,0.135922330097087,14
54023_b,1193.95310974121,-10633.6330566406,113,8,9,0.079646017699115,9
54023_b,1193.95310974121,-10583.6330566406,128,7,9,0.0703125,9
54023_b,1193.95310974121,-10383.6330566406,144,11,9,0.0625,9
54023_b,1193.95310974121,-10333.6330566406,121,16,12,0.0991735537190083,12
54023_b,1193.95310974121,-10283.6330566406,91,16,14,0.153846153846154,14
54023_b,1193.95310974121,-10233.6330566406,67,15,12,0.17910447761194,12
54023_b,1193.95310974121,-10183.6330566406,36,12,7,0.194444444444444,7
54023_b,1243.95310974121,-11033.6330566406,131,8,13,0.099236641221374,13
54023_b,1243.95310974121,-10983.6330566406,121,12,15,0.12396694214876,15
54023_b,1243.95310974121,-10933.6330566406,103,21,25,0.242718446601942,25
54023_b,1243.95310974121,-10883.6330566406,97,25,26,0.268041237113402,26
54023_b,1243.95310974121,-10833.6330566406,98,26,25,0.255102040816327,25
54023_b,1243.95310974121,-10783.6330566406,97,23,22,0.22680412371134,22
54023_b,1243.95310974121,-10733.6330566406,106,21,23,0.216981132075472,23
54023_b,1243.95310974121,-10683.6330566406,111,13,14,0.126126126126126,14
54023_b,1243.95310974121,-10633.6330566406,113,12,10,0.0884955752212389,10
54023_b,1243.95310974121,-10583.6330566406,117,14,10,0.0854700854700855,10
54023_b,1243.95310974121,-10533.6330566406,133,12,9,0.0676691729323308,9
54023_b,1243.95310974121,-10483.6330566406,129,10,6,0.0465116279069768,6
54023_b,1243.95310974121,-10433.6330566406,138,12,10,0.072463768115942,10
54023_b,1243.95310974121,-10383.6330566406,131,16,10,0.0763358778625954,10
54023_b,1243.95310974121,-10333.6330566406,122,18,13,0.10655737704918,13
54023_b,1243.95310974121,-10283.6330566406,105,17,13,0.123809523809524,13
54023_b,1243.95310974121,-10233.6330566406,91,19,16,0.175824175824176,16
54023_b,1243.95310974121,-10183.6330566406,65,16,15,0.230769230769231,15
54023_b,1243.95310974121,-10133.6330566406,47,8,12,0.25531914893617,12
54023_b,1293.95310974121,-11033.6330566406,137,5,10,0.072992700729927,10
54023_b,1293.95310974121,-10983.6330566406,136,9,14,0.102941176470588,14
54023_b,1293.95310974121,-10933.6330566406,119,17,23,0.19327731092437,23
54023_b,1293.95310974121,-10883.6330566406,117,20,27,0.230769230769231,27
54023_b,1293.95310974121,-10833.6330566406,113,21,26,0.230088495575221,26
54023_b,1293.95310974121,-10783.6330566406,106,20,21,0.19811320754717,21
54023_b,1293.95310974121,-10733.6330566406,108,21,21,0.194444444444444,21
54023_b,1293.95310974121,-10683.6330566406,105,17,13,0.123809523809524,13
54023_b,1293.95310974121,-10633.6330566406,95,26,11,0.115789473684211,11
54023_b,1293.95310974121,-10583.6330566406,94,32,13,0.138297872340426,13
54023_b,1293.95310974121,-10533.6330566406,111,31,14,0.126126126126126,14
54023_b,1293.95310974121,-10483.6330566406,106,27,11,0.10377358490566,11
54023_b,1293.95310974121,-10433.6330566406,114,26,15,0.131578947368421,15
54023_b,1293.95310974121,-10383.6330566406,121,22,15,0.12396694214876,15
54023_b,1293.95310974121,-10333.6330566406,131,20,16,0.122137404580153,16
54023_b,1293.95310974121,-10283.6330566406,127,18,14,0.110236220472441,14
54023_b,1293.95310974121,-10233.6330566406,128,19,19,0.1484375,19
54023_b,1293.95310974121,-10183.6330566406,114,16,18,0.157894736842105,18
54023_b,1293.95310974121,-10133.6330566406,89,8,15,0.168539325842697,15
54023_b,1343.95310974121,-11033.6330566406,126,6,9,0.0714285714285714,9
54023_b,1343.95310974121,-10983.6330566406,131,9,13,0.099236641221374,13
54023_b,1343.95310974121,-10933.6330566406,116,16,21,0.181034482758621,21
54023_b,1343.95310974121,-10883.6330566406,111,18,23,0.207207207207207,23
54023_b,1343.95310974121,-10833.6330566406,103,19,22,0.213592233009709,22
54023_b,1343.95310974121,-10783.6330566406,96,18,21,0.21875,21
54023_b,1343.95310974121,-10733.6330566406,101,20,21,0.207920792079208,21
54023_b,1343.95310974121,-10683.6330566406,103,17,14,0.135922330097087,14
54023_b,1343.95310974121,-10633.6330566406,93,28,14,0.150537634408602,14
54023_b,1343.95310974121,-10583.6330566406,88,37,16,0.181818181818182,16
54023_b,1343.95310974121,-10533.6330566406,99,40,14,0.141414141414141,14
54023_b,1343.95310974121,-10483.6330566406,94,36,11,0.117021276595745,11
54023_b,1343.95310974121,-10433.6330566406,99,35,15,0.151515151515152,15
54023_b,1343.95310974121,-10383.6330566406,106,30,15,0.141509433962264,15
54023_b,1343.95310974121,-10333.6330566406,129,25,16,0.124031007751938,16
54023_b,1343.95310974121,-10283.6330566406,139,18,14,0.100719424460432,14
54023_b,1343.95310974121,-10233.6330566406,144,19,19,0.131944444444444,19
54023_b,1343.95310974121,-10183.6330566406,137,16,18,0.131386861313869,18
54023_b,1343.95310974121,-10133.6330566406,116,8,15,0.129310344827586,15
54023_b,1393.95310974121,-11033.6330566406,113,8,9,0.079646017699115,9
54023_b,1393.95310974121,-10983.6330566406,119,12,11,0.092436974789916,11
54023_b,1393.95310974121,-10933.6330566406,105,19,18,0.171428571428571,18
54023_b,1393.95310974121,-10883.6330566406,96,19,14,0.145833333333333,14
54023_b,1393.95310974121,-10833.6330566406,86,22,14,0.162790697674419,14
54023_b,1393.95310974121,-10783.6330566406,84,19,16,0.19047619047619,16
54023_b,1393.95310974121,-10733.6330566406,90,20,16,0.177777777777778,16
54023_b,1393.95310974121,-10683.6330566406,100,18,13,0.13,13
54023_b,1393.95310974121,-10633.6330566406,91,30,15,0.164835164835165,15
54023_b,1393.95310974121,-10583.6330566406,82,36,15,0.182926829268293,15
54023_b,1393.95310974121,-10533.6330566406,87,41,15,0.172413793103448,15
54023_b,1393.95310974121,-10483.6330566406,88,37,12,0.136363636363636,12
54023_b,1393.95310974121,-10433.6330566406,86,36,16,0.186046511627907,16
54023_b,1393.95310974121,-10383.6330566406,104,30,15,0.144230769230769,15
54023_b,1393.95310974121,-10333.6330566406,139,20,13,0.0935251798561151,13
54023_b,1393.95310974121,-10283.6330566406,156,12,8,0.0512820512820513,8
54023_b,1393.95310974121,-10233.6330566406,165,13,13,0.0787878787878788,13
54023_b,1393.95310974121,-10183.6330566406,162,10,12,0.0740740740740741,12
54023_b,1443.95310974121,-11033.6330566406,84,8,9,0.107142857142857,9
54023_b,1443.95310974121,-10983.6330566406,92,13,14,0.152173913043478,14
54023_b,1443.95310974121,-10933.6330566406,84,16,17,0.202380952380952,17
54023_b,1443.95310974121,-10883.6330566406,83,15,13,0.156626506024096,13
54023_b,1443.95310974121,-10833.6330566406,78,17,15,0.192307692307692,15
54023_b,1443.95310974121,-10783.6330566406,85,13,18,0.211764705882353,18
54023_b,1443.95310974121,-10733.6330566406,98,13,22,0.224489795918367,22
54023_b,1443.95310974121,-10683.6330566406,107,15,22,0.205607476635514,22
54023_b,1443.95310974121,-10633.6330566406,96,29,25,0.260416666666667,25
54023_b,1443.95310974121,-10583.6330566406,82,36,23,0.280487804878049,23
54023_b,1443.95310974121,-10533.6330566406,82,42,23,0.280487804878049,23
54023_b,1443.95310974121,-10483.6330566406,80,38,14,0.175,14
54023_b,1443.95310974121,-10433.6330566406,86,34,10,0.116279069767442,10
54023_b,1443.95310974121,-10383.6330566406,114,21,9,0.0789473684210526,9
54023_b,1443.95310974121,-10333.6330566406,154,11,7,0.0454545454545455,7
54023_b,1443.95310974121,-10233.6330566406,187,5,14,0.0748663101604278,14
54023_b,1443.95310974121,-10183.6330566406,184,6,20,0.108695652173913,20
54023_b,1443.95310974121,-10133.6330566406,150,7,20,0.133333333333333,20
54023_b,1443.95310974121,-10083.6330566406,106,9,22,0.207547169811321,22
54023_b,1443.95310974121,-10033.6330566406,69,9,21,0.304347826086957,21
54023_b,1443.95310974121,-9983.63305664063,34,6,10,0.294117647058824,10
54023_b,1493.95310974121,-11033.6330566406,53,6,5,0.0943396226415094,5
54023_b,1493.95310974121,-10983.6330566406,64,11,10,0.15625,10
54023_b,1493.95310974121,-10933.6330566406,61,12,11,0.180327868852459,11
54023_b,1493.95310974121,-10883.6330566406,62,11,7,0.112903225806452,7
54023_b,1493.95310974121,-10833.6330566406,69,13,10,0.144927536231884,10
54023_b,1493.95310974121,-10783.6330566406,85,13,22,0.258823529411765,22
54023_b,1493.95310974121,-10733.6330566406,98,12,24,0.244897959183673,24
54023_b,1493.95310974121,-10683.6330566406,115,15,27,0.234782608695652,27
54023_b,1493.95310974121,-10633.6330566406,115,25,31,0.269565217391304,31
54023_b,1493.95310974121,-10583.6330566406,111,30,34,0.306306306306306,34
54023_b,1493.95310974121,-10533.6330566406,112,33,29,0.258928571428571,29
54023_b,1493.95310974121,-10483.6330566406,117,30,23,0.196581196581197,23
54023_b,1493.95310974121,-10433.6330566406,124,27,20,0.161290322580645,20
54023_b,1493.95310974121,-10383.6330566406,147,17,16,0.108843537414966,16
54023_b,1493.95310974121,-10333.6330566406,176,10,14,0.0795454545454545,14
54023_b,1493.95310974121,-10183.6330566406,183,6,19,0.103825136612022,19
54023_b,1493.95310974121,-10133.6330566406,147,8,19,0.129251700680272,19
54023_b,1493.95310974121,-10083.6330566406,105,9,18,0.171428571428571,18
54023_b,1493.95310974121,-10033.6330566406,70,9,19,0.271428571428571,19
54023_b,1493.95310974121,-9983.63305664063,35,7,9,0.257142857142857,9
54023_b,1543.95310974121,-10983.6330566406,38,9,8,0.210526315789474,8
54023_b,1543.95310974121,-10933.6330566406,38,10,9,0.236842105263158,9
54023_b,1543.95310974121,-10883.6330566406,42,9,5,0.119047619047619,5
54023_b,1543.95310974121,-10833.6330566406,56,12,11,0.196428571428571,11
54023_b,1543.95310974121,-10783.6330566406,77,11,25,0.324675324675325,25
54023_b,1543.95310974121,-10733.6330566406,96,10,28,0.291666666666667,28
54023_b,1543.95310974121,-10683.6330566406,126,11,34,0.26984126984127,34
54023_b,1543.95310974121,-10633.6330566406,135,14,46,0.340740740740741,46
54023_b,1543.95310974121,-10583.6330566406,135,14,44,0.325925925925926,44
54023_b,1543.95310974121,-10533.6330566406,134,16,36,0.26865671641791,36
54023_b,1543.95310974121,-10483.6330566406,141,15,28,0.198581560283688,28
54023_b,1543.95310974121,-10433.6330566406,144,14,22,0.152777777777778,22
54023_b,1543.95310974121,-10383.6330566406,158,11,12,0.0759493670886076,12
54023_b,1543.95310974121,-10333.6330566406,169,8,12,0.0710059171597633,12
54023_b,1543.95310974121,-10233.6330566406,176,5,26,0.147727272727273,26
54023_b,1543.95310974121,-10183.6330566406,151,8,24,0.158940397350993,24
54023_b,1543.95310974121,-10133.6330566406,119,12,25,0.210084033613445,25
54023_b,1543.95310974121,-10083.6330566406,96,13,24,0.25,24
54023_b,1543.95310974121,-10033.6330566406,74,12,21,0.283783783783784,21
54023_b,1543.95310974121,-9983.63305664063,42,10,10,0.238095238095238,10
54023_b,1593.95310974121,-10933.6330566406,33,10,14,0.424242424242424,14
54023_b,1593.95310974121,-10883.6330566406,39,9,10,0.256410256410256,10
54023_b,1593.95310974121,-10833.6330566406,54,12,16,0.296296296296296,16
54023_b,1593.95310974121,-10783.6330566406,76,13,28,0.368421052631579,28
54023_b,1593.95310974121,-10733.6330566406,98,11,31,0.316326530612245,31
54023_b,1593.95310974121,-10683.6330566406,125,11,32,0.256,32
54023_b,1593.95310974121,-10633.6330566406,136,13,44,0.323529411764706,44
54023_b,1593.95310974121,-10583.6330566406,143,10,42,0.293706293706294,42
54023_b,1593.95310974121,-10533.6330566406,148,7,36,0.243243243243243,36
54023_b,1593.95310974121,-10483.6330566406,156,7,35,0.224358974358974,35
54023_b,1593.95310974121,-10433.6330566406,156,6,29,0.185897435897436,29
54023_b,1593.95310974121,-10233.6330566406,170,5,26,0.152941176470588,26
54023_b,1593.95310974121,-10183.6330566406,141,8,24,0.170212765957447,24
54023_b,1593.95310974121,-10133.6330566406,111,12,25,0.225225225225225,25
54023_b,1593.95310974121,-10083.6330566406,90,13,25,0.277777777777778,25
54023_b,1593.95310974121,-10033.6330566406,77,14,26,0.337662337662338,26
54023_b,1593.95310974121,-9983.63305664063,47,15,15,0.319148936170213,15
54023_b,1593.95310974121,-9933.63305664063,39,11,10,0.256410256410256,10
54023_b,1593.95310974121,-9883.63305664063,31,7,7,0.225806451612903,7
54023_b,1643.95310974121,-10883.6330566406,31,8,9,0.290322580645161,9
54023_b,1643.95310974121,-10833.6330566406,48,9,12,0.25,12
54023_b,1643.95310974121,-10783.6330566406,67,11,21,0.313432835820896,21
54023_b,1643.95310974121,-10733.6330566406,91,10,24,0.263736263736264,24
54023_b,1643.95310974121,-10683.6330566406,113,8,25,0.221238938053097,25
54023_b,1643.95310974121,-10633.6330566406,127,9,34,0.267716535433071,34
54023_b,1643.95310974121,-10583.6330566406,139,9,36,0.258992805755396,36
54023_b,1643.95310974121,-10533.6330566406,149,6,31,0.208053691275168,31
54023_b,1643.95310974121,-10483.6330566406,157,6,33,0.210191082802548,33
54023_b,1643.95310974121,-10433.6330566406,160,7,30,0.1875,30
54023_b,1643.95310974121,-10383.6330566406,161,5,20,0.124223602484472,20
54023_b,1643.95310974121,-10333.6330566406,160,5,20,0.125,20
54023_b,1643.95310974121,-10283.6330566406,157,7,25,0.159235668789809,25
54023_b,1643.95310974121,-10233.6330566406,143,9,28,0.195804195804196,28
54023_b,1643.95310974121,-10183.6330566406,118,10,26,0.220338983050847,26
54023_b,1643.95310974121,-10133.6330566406,100,15,27,0.27,27
54023_b,1643.95310974121,-10083.6330566406,87,17,26,0.298850574712644,26
54023_b,1643.95310974121,-10033.6330566406,77,22,26,0.337662337662338,26
54023_b,1643.95310974121,-9983.63305664063,50,26,14,0.28,14
54023_b,1643.95310974121,-9933.63305664063,43,30,9,0.209302325581395,9
54023_b,1643.95310974121,-9883.63305664063,36,25,7,0.194444444444444,7
54023_b,1693.95310974121,-10833.6330566406,52,9,12,0.230769230769231,12
54023_b,1693.95310974121,-10783.6330566406,73,11,20,0.273972602739726,20
54023_b,1693.95310974121,-10733.6330566406,101,10,20,0.198019801980198,20
54023_b,1693.95310974121,-10683.6330566406,129,8,21,0.162790697674419,21
54023_b,1693.95310974121,-10633.6330566406,145,8,30,0.206896551724138,30
54023_b,1693.95310974121,-10583.6330566406,165,7,31,0.187878787878788,31
54023_b,1693.95310974121,-10483.6330566406,175,5,33,0.188571428571429,33
54023_b,1693.95310974121,-10433.6330566406,161,6,30,0.186335403726708,30
54023_b,1693.95310974121,-10383.6330566406,155,5,20,0.129032258064516,20
54023_b,1693.95310974121,-10333.6330566406,135,5,19,0.140740740740741,19
54023_b,1693.95310974121,-10283.6330566406,128,8,25,0.1953125,25
54023_b,1693.95310974121,-10233.6330566406,107,11,21,0.196261682242991,21
54023_b,1693.95310974121,-10183.6330566406,90,11,17,0.188888888888889,17
54023_b,1693.95310974121,-10133.6330566406,80,14,18,0.225,18
54023_b,1693.95310974121,-10083.6330566406,73,17,17,0.232876712328767,17
54023_b,1693.95310974121,-10033.6330566406,73,29,21,0.287671232876712,21
54023_b,1693.95310974121,-9983.63305664063,61,37,21,0.344262295081967,21
54023_b,1693.95310974121,-9933.63305664063,56,44,18,0.321428571428571,18
54023_b,1693.95310974121,-9883.63305664063,50,41,16,0.32,16
54023_b,1693.95310974121,-9833.63305664063,30,37,14,0.466666666666667,14
54023_b,1743.95310974121,-10833.6330566406,43,13,16,0.372093023255814,16
54023_b,1743.95310974121,-10783.6330566406,64,13,18,0.28125,18
54023_b,1743.95310974121,-10733.6330566406,96,12,18,0.1875,18
54023_b,1743.95310974121,-10683.6330566406,123,7,15,0.121951219512195,15
54023_b,1743.95310974121,-10633.6330566406,140,6,21,0.15,21
54023_b,1743.95310974121,-10383.6330566406,142,6,12,0.0845070422535211,12
54023_b,1743.95310974121,-10333.6330566406,113,7,12,0.106194690265487,12
54023_b,1743.95310974121,-10283.6330566406,105,11,17,0.161904761904762,17
54023_b,1743.95310974121,-10233.6330566406,83,14,12,0.144578313253012,12
54023_b,1743.95310974121,-10183.6330566406,69,16,11,0.159420289855072,11
54023_b,1743.95310974121,-10133.6330566406,64,17,13,0.203125,13
54023_b,1743.95310974121,-10083.6330566406,66,20,15,0.227272727272727,15
54023_b,1743.95310974121,-10033.6330566406,80,31,26,0.325,26
54023_b,1743.95310974121,-9983.63305664063,76,39,29,0.381578947368421,29
54023_b,1743.95310974121,-9933.63305664063,73,45,27,0.36986301369863,27
54023_b,1743.95310974121,-9883.63305664063,70,41,25,0.357142857142857,25
54023_b,1743.95310974121,-9833.63305664063,48,37,23,0.479166666666667,23
54023_b,1793.95310974121,-10833.6330566406,38,14,16,0.421052631578947,16
54023_b,1793.95310974121,-10783.6330566406,61,15,17,0.278688524590164,17
54023_b,1793.95310974121,-10733.6330566406,99,16,25,0.252525252525253,25
54023_b,1793.95310974121,-10683.6330566406,125,9,19,0.152,19
54023_b,1793.95310974121,-10633.6330566406,146,5,14,0.0958904109589041,14
54023_b,1793.95310974121,-10383.6330566406,123,7,12,0.0975609756097561,12
54023_b,1793.95310974121,-10333.6330566406,96,9,12,0.125,12
54023_b,1793.95310974121,-10283.6330566406,87,12,17,0.195402298850575,17
54023_b,1793.95310974121,-10233.6330566406,66,15,11,0.166666666666667,11
54023_b,1793.95310974121,-10183.6330566406,63,17,12,0.19047619047619,12
54023_b,1793.95310974121,-10133.6330566406,67,15,14,0.208955223880597,14
54023_b,1793.95310974121,-10083.6330566406,67,17,12,0.17910447761194,12
54023_b,1793.95310974121,-10033.6330566406,80,29,27,0.3375,27
54023_b,1793.95310974121,-9983.63305664063,84,37,31,0.369047619047619,31
54023_b,1793.95310974121,-9933.63305664063,85,43,25,0.294117647058824,25
54023_b,1793.95310974121,-9883.63305664063,79,41,25,0.316455696202532,25
54023_b,1793.95310974121,-9833.63305664063,66,37,23,0.348484848484849,23
54023_b,1793.95310974121,-9783.63305664062,40,22,5,0.125,5
54023_b,1843.95310974121,-10833.6330566406,39,13,11,0.282051282051282,11
54023_b,1843.95310974121,-10783.6330566406,66,13,12,0.181818181818182,12
54023_b,1843.95310974121,-10733.6330566406,100,15,20,0.2,20
54023_b,1843.95310974121,-10683.6330566406,133,8,19,0.142857142857143,19
54023_b,1843.95310974121,-10433.6330566406,127,5,4,0.031496062992126,4
54023_b,1843.95310974121,-10383.6330566406,102,10,7,0.0686274509803922,7
54023_b,1843.95310974121,-10333.6330566406,70,11,4,0.0571428571428571,4
54023_b,1843.95310974121,-10283.6330566406,63,15,9,0.142857142857143,9
54023_b,1843.95310974121,-10233.6330566406,48,18,11,0.229166666666667,11
54023_b,1843.95310974121,-10183.6330566406,53,19,12,0.226415094339623,12
54023_b,1843.95310974121,-10133.6330566406,59,18,14,0.23728813559322,14
54023_b,1843.95310974121,-10083.6330566406,68,20,14,0.205882352941176,14
54023_b,1843.95310974121,-10033.6330566406,79,29,23,0.291139240506329,23
54023_b,1843.95310974121,-9983.63305664063,88,35,29,0.329545454545455,29
54023_b,1843.95310974121,-9933.63305664063,90,42,26,0.288888888888889,26
54023_b,1843.95310974121,-9883.63305664063,94,38,26,0.276595744680851,26
54023_b,1843.95310974121,-9833.63305664063,85,34,24,0.282352941176471,24
54023_b,1843.95310974121,-9783.63305664062,61,21,10,0.163934426229508,10
54023_b,1843.95310974121,-9733.63305664063,44,11,2,0.0454545454545455,2
54023_b,1893.95310974121,-10833.6330566406,52,11,16,0.307692307692308,16
54023_b,1893.95310974121,-10783.6330566406,85,11,17,0.2,17
54023_b,1893.95310974121,-10733.6330566406,128,14,35,0.2734375,35
54023_b,1893.95310974121,-10683.6330566406,160,9,34,0.2125,34
54023_b,1893.95310974121,-10633.6330566406,183,6,30,0.163934426229508,30
54023_b,1893.95310974121,-10383.6330566406,97,9,9,0.0927835051546392,9
54023_b,1893.95310974121,-10333.6330566406,62,11,6,0.0967741935483871,6
54023_b,1893.95310974121,-10283.6330566406,50,15,10,0.2,10
54023_b,1893.95310974121,-10233.6330566406,39,18,8,0.205128205128205,8
54023_b,1893.95310974121,-10183.6330566406,45,26,11,0.244444444444444,11
54023_b,1893.95310974121,-10133.6330566406,50,30,14,0.28,14
54023_b,1893.95310974121,-10083.6330566406,62,32,17,0.274193548387097,17
54023_b,1893.95310974121,-10033.6330566406,81,36,27,0.333333333333333,27
54023_b,1893.95310974121,-9983.63305664063,95,37,35,0.368421052631579,35
54023_b,1893.95310974121,-9933.63305664063,97,31,30,0.309278350515464,30
54023_b,1893.95310974121,-9883.63305664063,106,25,31,0.292452830188679,31
54023_b,1893.95310974121,-9833.63305664063,98,23,26,0.26530612244898,26
54023_b,1893.95310974121,-9783.63305664062,70,15,12,0.171428571428571,12
54023_b,1893.95310974121,-9733.63305664063,50,9,4,0.08,4
54023_b,1893.95310974121,-9683.63305664063,35,6,2,0.0571428571428571,2
54023_b,1943.95310974121,-10833.6330566406,44,10,13,0.295454545454545,13
54023_b,1943.95310974121,-10783.6330566406,79,10,14,0.177215189873418,14
54023_b,1943.95310974121,-10733.6330566406,118,14,33,0.279661016949153,33
54023_b,1943.95310974121,-10683.6330566406,148,10,38,0.256756756756757,38
54023_b,1943.95310974121,-10633.6330566406,174,7,34,0.195402298850575,34
54023_b,1943.95310974121,-10583.6330566406,178,6,26,0.146067415730337,26
54023_b,1943.95310974121,-10533.6330566406,160,6,26,0.1625,26
54023_b,1943.95310974121,-10483.6330566406,138,6,12,0.0869565217391304,12
54023_b,1943.95310974121,-10433.6330566406,113,8,9,0.079646017699115,9
54023_b,1943.95310974121,-10383.6330566406,79,15,12,0.151898734177215,12
54023_b,1943.95310974121,-10333.6330566406,57,19,11,0.192982456140351,11
54023_b,1943.95310974121,-10283.6330566406,52,30,15,0.288461538461538,15
54023_b,1943.95310974121,-10233.6330566406,39,33,11,0.282051282051282,11
54023_b,1943.95310974121,-10183.6330566406,43,44,13,0.302325581395349,13
54023_b,1943.95310974121,-10133.6330566406,45,52,16,0.355555555555556,16
54023_b,1943.95310974121,-10083.6330566406,55,53,15,0.272727272727273,15
54023_b,1943.95310974121,-10033.6330566406,69,44,13,0.188405797101449,13
54023_b,1943.95310974121,-9983.63305664063,80,38,15,0.1875,15
54023_b,1943.95310974121,-9933.63305664063,85,30,11,0.129411764705882,11
54023_b,1943.95310974121,-9883.63305664063,93,22,12,0.129032258064516,12
54023_b,1943.95310974121,-9833.63305664063,87,24,9,0.103448275862069,9
54023_b,1943.95310974121,-9783.63305664062,64,23,9,0.140625,9
54023_b,1943.95310974121,-9733.63305664063,49,22,6,0.122448979591837,6
54023_b,1943.95310974121,-9683.63305664063,31,16,2,0.0645161290322581,2
54023_b,1993.95310974121,-10833.6330566406,41,6,12,0.292682926829268,12
54023_b,1993.95310974121,-10783.6330566406,75,6,12,0.16,12
54023_b,1993.95310974121,-10733.6330566406,115,11,33,0.28695652173913,33
54023_b,1993.95310974121,-10683.6330566406,143,10,39,0.272727272727273,39
54023_b,1993.95310974121,-10633.6330566406,164,9,38,0.231707317073171,38
54023_b,1993.95310974121,-10583.6330566406,155,10,31,0.2,31
54023_b,1993.95310974121,-10533.6330566406,136,11,31,0.227941176470588,31
54023_b,1993.95310974121,-10483.6330566406,107,11,16,0.149532710280374,16
54023_b,1993.95310974121,-10433.6330566406,80,14,13,0.1625,13
54023_b,1993.95310974121,-10383.6330566406,53,20,11,0.207547169811321,11
54023_b,1993.95310974121,-10333.6330566406,43,23,10,0.232558139534884,10
54023_b,1993.95310974121,-10283.6330566406,38,39,14,0.368421052631579,14
54023_b,1993.95310974121,-10233.6330566406,31,44,9,0.290322580645161,9
54023_b,1993.95310974121,-10183.6330566406,37,58,11,0.297297297297297,11
54023_b,1993.95310974121,-10133.6330566406,39,72,13,0.333333333333333,13
54023_b,1993.95310974121,-10083.6330566406,46,85,12,0.260869565217391,12
54023_b,1993.95310974121,-10033.6330566406,51,77,10,0.196078431372549,10
54023_b,1993.95310974121,-9983.63305664063,58,74,12,0.206896551724138,12
54023_b,1993.95310974121,-9933.63305664063,64,66,11,0.171875,11
54023_b,1993.95310974121,-9883.63305664063,69,58,12,0.173913043478261,12
54023_b,1993.95310974121,-9833.63305664063,66,52,9,0.136363636363636,9
54023_b,1993.95310974121,-9783.63305664062,56,48,11,0.196428571428571,11
54023_b,1993.95310974121,-9733.63305664063,46,41,8,0.173913043478261,8
54023_b,2043.95310974121,-10733.6330566406,99,6,22,0.222222222222222,22
54023_b,2043.95310974121,-10683.6330566406,122,8,28,0.229508196721311,28
54023_b,2043.95310974121,-10633.6330566406,137,9,30,0.218978102189781,30
54023_b,2043.95310974121,-10583.6330566406,124,11,23,0.185483870967742,23
54023_b,2043.95310974121,-10533.6330566406,108,13,23,0.212962962962963,23
54023_b,2043.95310974121,-10483.6330566406,84,16,17,0.202380952380952,17
54023_b,2043.95310974121,-10433.6330566406,63,23,15,0.238095238095238,15
54023_b,2043.95310974121,-10383.6330566406,45,33,13,0.288888888888889,13
54023_b,2043.95310974121,-10333.6330566406,40,37,12,0.3,12
54023_b,2043.95310974121,-10283.6330566406,32,56,14,0.4375,14
54023_b,2043.95310974121,-10033.6330566406,32,121,9,0.28125,9
54023_b,2043.95310974121,-9983.63305664063,36,116,10,0.277777777777778,10
54023_b,2043.95310974121,-9933.63305664063,38,100,11,0.289473684210526,11
54023_b,2043.95310974121,-9883.63305664063,47,86,12,0.25531914893617,12
54023_b,2043.95310974121,-9833.63305664063,43,79,9,0.209302325581395,9
54023_b,2043.95310974121,-9783.63305664062,36,60,10,0.277777777777778,10
54023_b,2043.95310974121,-9733.63305664063,36,48,8,0.222222222222222,8
54023_b,2093.95310974121,-10733.6330566406,80,5,20,0.25,20
54023_b,2093.95310974121,-10683.6330566406,93,8,26,0.279569892473118,26
54023_b,2093.95310974121,-10633.6330566406,105,9,28,0.266666666666667,28
54023_b,2093.95310974121,-10583.6330566406,98,10,20,0.204081632653061,20
54023_b,2093.95310974121,-10533.6330566406,83,14,20,0.240963855421687,20
54023_b,2093.95310974121,-10483.6330566406,60,20,14,0.233333333333333,14
54023_b,2093.95310974121,-10433.6330566406,49,34,12,0.244897959183673,12
54023_b,2093.95310974121,-10383.6330566406,35,48,10,0.285714285714286,10
54023_b,2093.95310974121,-10333.6330566406,32,62,11,0.34375,11
54023_b,2093.95310974121,-9733.63305664063,32,58,17,0.53125,17
54023_b,2143.95310974121,-10683.6330566406,52,6,12,0.230769230769231,12
54023_b,2143.95310974121,-10633.6330566406,60,7,14,0.233333333333333,14
54023_b,2143.95310974121,-10583.6330566406,59,11,14,0.23728813559322,14
54023_b,2143.95310974121,-10533.6330566406,49,17,18,0.36734693877551,18
54023_b,2143.95310974121,-10483.6330566406,37,26,18,0.486486486486487,18
54023_b,2143.95310974121,-10433.6330566406,32,41,16,0.5,16
54023_b,2193.95310974121,-10633.6330566406,31,5,7,0.225806451612903,7
54023_b,2193.95310974121,-10583.6330566406,31,11,7,0.225806451612903,7
54023_b,2193.95310974121,-10533.6330566406,30,18,11,0.366666666666667,11
54023_b,2193.95310974121,-9833.63305664063,36,91,27,0.75,27
54023_b,2193.95310974121,-9783.63305664062,40,72,32,0.8,32
54023_b,2193.95310974121,-9733.63305664063,44,54,30,0.681818181818182,30
54023_b,2193.95310974121,-9683.63305664063,34,38,18,0.529411764705882,18
54023_b,2193.95310974121,-9633.63305664063,30,27,15,0.5,15
54023_b,2243.95310974121,-10433.6330566406,30,44,18,0.6,18
54023_b,2243.95310974121,-9933.63305664063,31,116,25,0.806451612903226,25
54023_b,2243.95310974121,-9883.63305664063,32,86,24,0.75,24
54023_b,2243.95310974121,-9833.63305664063,40,73,28,0.7,28
54023_b,2243.95310974121,-9783.63305664062,42,55,31,0.738095238095238,31
54023_b,2243.95310974121,-9733.63305664063,43,43,29,0.674418604651163,29
54023_b,2243.95310974121,-9683.63305664063,35,26,16,0.457142857142857,16
54023_b,2243.95310974121,-9633.63305664063,33,21,13,0.393939393939394,13
54023_b,2293.95310974121,-10483.6330566406,30,24,16,0.533333333333333,16
54023_b,2293.95310974121,-10433.6330566406,40,39,20,0.5,20
54023_b,2293.95310974121,-10383.6330566406,44,54,25,0.568181818181818,25
54023_b,2293.95310974121,-10333.6330566406,46,80,25,0.543478260869565,25
54023_b,2293.95310974121,-10283.6330566406,48,99,23,0.479166666666667,23
54023_b,2293.95310974121,-10233.6330566406,37,124,23,0.621621621621622,23
54023_b,2293.95310974121,-10183.6330566406,38,124,20,0.526315789473684,20
54023_b,2293.95310974121,-10133.6330566406,39,136,22,0.564102564102564,22
54023_b,2293.95310974121,-10083.6330566406,38,124,23,0.605263157894737,23
54023_b,2293.95310974121,-10033.6330566406,32,110,20,0.625,20
54023_b,2293.95310974121,-9983.63305664063,32,88,15,0.46875,15
54023_b,2293.95310974121,-9933.63305664063,33,88,24,0.727272727272727,24
54023_b,2293.95310974121,-9883.63305664063,32,64,23,0.71875,23
54023_b,2293.95310974121,-9833.63305664063,42,50,27,0.642857142857143,27
54023_b,2293.95310974121,-9783.63305664062,46,45,31,0.673913043478261,31
54023_b,2293.95310974121,-9733.63305664063,40,37,29,0.725,29
54023_b,2293.95310974121,-9683.63305664063,33,22,16,0.484848484848485,16
54023_b,2293.95310974121,-9633.63305664063,34,19,16,0.470588235294118,16
54023_b,2343.95310974121,-10483.6330566406,30,18,15,0.5,15
54023_b,2343.95310974121,-10433.6330566406,42,27,20,0.476190476190476,20
54023_b,2343.95310974121,-10383.6330566406,56,38,30,0.535714285714286,30
54023_b,2343.95310974121,-10333.6330566406,60,56,32,0.533333333333333,32
54023_b,2343.95310974121,-10283.6330566406,66,67,30,0.454545454545455,30
54023_b,2343.95310974121,-10233.6330566406,58,88,34,0.586206896551724,34
54023_b,2343.95310974121,-10183.6330566406,58,88,30,0.517241379310345,30
54023_b,2343.95310974121,-10133.6330566406,50,97,27,0.54,27
54023_b,2343.95310974121,-10083.6330566406,48,86,27,0.5625,27
54023_b,2343.95310974121,-10033.6330566406,39,79,24,0.615384615384615,24
54023_b,2343.95310974121,-9983.63305664063,33,65,16,0.484848484848485,16
54023_b,2343.95310974121,-9933.63305664063,31,66,23,0.741935483870968,23
54023_b,2343.95310974121,-9833.63305664063,32,38,17,0.53125,17
54023_b,2343.95310974121,-9783.63305664062,39,39,25,0.641025641025641,25
54023_b,2343.95310974121,-9733.63305664063,35,31,22,0.628571428571429,22
54023_b,2343.95310974121,-9683.63305664063,33,21,12,0.363636363636364,12
54023_b,2343.95310974121,-9633.63305664063,42,19,13,0.30952380952381,13
54023_b,2343.95310974121,-9583.63305664063,33,16,11,0.333333333333333,11
54023_b,2393.95310974121,-10433.6330566406,37,20,14,0.378378378378378,14
54023_b,2393.95310974121,-10383.6330566406,54,27,24,0.444444444444444,24
54023_b,2393.95310974121,-10333.6330566406,63,33,27,0.428571428571429,27
54023_b,2393.95310974121,-10283.6330566406,78,37,28,0.358974358974359,28
54023_b,2393.95310974121,-10233.6330566406,69,46,33,0.478260869565217,33
54023_b,2393.95310974121,-10183.6330566406,70,40,30,0.428571428571429,30
54023_b,2393.95310974121,-10133.6330566406,61,49,28,0.459016393442623,28
54023_b,2393.95310974121,-10083.6330566406,55,47,27,0.490909090909091,27
54023_b,2393.95310974121,-10033.6330566406,39,49,23,0.58974358974359,23
54023_b,2393.95310974121,-9983.63305664063,31,46,14,0.451612903225806,14
54023_b,2393.95310974121,-9833.63305664063,30,31,9,0.3,9
54023_b,2393.95310974121,-9783.63305664062,38,33,18,0.473684210526316,18
54023_b,2393.95310974121,-9733.63305664063,37,28,19,0.513513513513514,19
54023_b,2393.95310974121,-9683.63305664063,42,20,13,0.30952380952381,13
54023_b,2393.95310974121,-9633.63305664063,61,17,22,0.360655737704918,22
54023_b,2393.95310974121,-9583.63305664063,58,17,20,0.344827586206897,20
54023_b,2393.95310974121,-9533.63305664062,49,5,12,0.244897959183673,12
54023_b,2443.95310974121,-10383.6330566406,48,20,21,0.4375,21
54023_b,2443.95310974121,-10333.6330566406,58,24,24,0.413793103448276,24
54023_b,2443.95310974121,-10283.6330566406,75,25,26,0.346666666666667,26
54023_b,2443.95310974121,-10233.6330566406,74,30,34,0.45945945945946,34
54023_b,2443.95310974121,-10183.6330566406,73,22,28,0.383561643835616,28
54023_b,2443.95310974121,-10133.6330566406,58,26,21,0.362068965517241,21
54023_b,2443.95310974121,-10083.6330566406,51,26,20,0.392156862745098,20
54023_b,2443.95310974121,-10033.6330566406,34,34,16,0.470588235294118,16
54023_b,2443.95310974121,-9733.63305664063,35,32,13,0.371428571428571,13
54023_b,2443.95310974121,-9683.63305664063,49,19,10,0.204081632653061,10
54023_b,2443.95310974121,-9633.63305664063,70,14,20,0.285714285714286,20
54023_b,2443.95310974121,-9583.63305664063,71,14,20,0.28169014084507,20
54023_b,2443.95310974121,-9533.63305664062,60,6,13,0.216666666666667,13
54023_b,2493.95310974121,-10383.6330566406,41,10,16,0.390243902439024,16
54023_b,2493.95310974121,-10333.6330566406,48,15,17,0.354166666666667,17
54023_b,2493.95310974121,-10283.6330566406,61,13,16,0.262295081967213,16
54023_b,2493.95310974121,-10233.6330566406,61,15,20,0.327868852459016,20
54023_b,2493.95310974121,-10183.6330566406,57,14,13,0.228070175438597,13
54023_b,2493.95310974121,-10133.6330566406,40,22,7,0.175,7
54023_b,2493.95310974121,-10083.6330566406,33,27,6,0.181818181818182,6
54023_b,2493.95310974121,-9733.63305664063,39,26,13,0.333333333333333,13
54023_b,2493.95310974121,-9683.63305664063,50,16,10,0.2,10
54023_b,2493.95310974121,-9633.63305664063,69,11,20,0.289855072463768,20
54023_b,2493.95310974121,-9583.63305664063,70,11,20,0.285714285714286,20
54023_b,2493.95310974121,-9533.63305664062,56,5,13,0.232142857142857,13
54023_b,2543.95310974121,-10283.6330566406,38,11,8,0.210526315789474,8
54023_b,2543.95310974121,-10233.6330566406,40,13,12,0.3,12
54023_b,2543.95310974121,-10183.6330566406,40,13,9,0.225,9
54023_b,2543.95310974121,-9733.63305664063,35,27,12,0.342857142857143,12
54023_b,2543.95310974121,-9683.63305664063,47,17,9,0.191489361702128,9
54023_b,2543.95310974121,-9633.63305664063,65,11,16,0.246153846153846,16
54023_b,2543.95310974121,-9583.63305664063,69,11,16,0.231884057971015,16
54023_b,2543.95310974121,-9533.63305664062,56,5,10,0.178571428571429,10
54023_b,2593.95310974121,-9683.63305664063,39,17,6,0.153846153846154,6
54023_b,2593.95310974121,-9633.63305664063,52,12,11,0.211538461538462,11
54023_b,2593.95310974121,-9583.63305664063,57,10,11,0.192982456140351,11
54023_b,2593.95310974121,-9533.63305664062,48,8,8,0.166666666666667,8
54023_b,2643.95310974121,-9633.63305664063,34,13,3,0.0882352941176471,3
54023_b,2643.95310974121,-9583.63305664063,33,9,3,0.0909090909090909,3
54023_b,2743.95310974121,-10083.6330566406,38,20,5,0.131578947368421,5
54023_b,2743.95310974121,-10033.6330566406,40,30,11,0.275,11
54023_b,2743.95310974121,-9983.63305664063,42,37,15,0.357142857142857,15
54023_b,2743.95310974121,-9933.63305664063,33,34,13,0.393939393939394,13
54023_b,2793.95310974121,-10133.6330566406,33,10,5,0.151515151515152,5
54023_b,2793.95310974121,-10083.6330566406,43,21,8,0.186046511627907,8
54023_b,2793.95310974121,-10033.6330566406,45,30,13,0.288888888888889,13
54023_b,2793.95310974121,-9983.63305664063,46,37,19,0.41304347826087,19
54023_b,2793.95310974121,-9933.63305664063,36,34,17,0.472222222222222,17
54023_b,2843.95310974121,-10183.6330566406,37,9,10,0.27027027027027,10
54023_b,2843.95310974121,-10133.6330566406,43,14,12,0.27906976744186,12
54023_b,2843.95310974121,-10083.6330566406,52,34,15,0.288461538461538,15
54023_b,2843.95310974121,-10033.6330566406,48,46,15,0.3125,15
54023_b,2843.95310974121,-9983.63305664063,44,53,19,0.431818181818182,19
54023_b,2843.95310974121,-9933.63305664063,34,50,17,0.5,17
54023_b,2893.95310974121,-10233.6330566406,41,5,10,0.24390243902439,10
54023_b,2893.95310974121,-10183.6330566406,58,12,15,0.258620689655172,15
54023_b,2893.95310974121,-10133.6330566406,65,20,18,0.276923076923077,18
54023_b,2893.95310974121,-10083.6330566406,73,37,21,0.287671232876712,21
54023_b,2893.95310974121,-10033.6330566406,62,58,21,0.338709677419355,21
54023_b,2893.95310974121,-9983.63305664063,49,65,21,0.428571428571429,21
54023_b,2893.95310974121,-9933.63305664063,34,62,17,0.5,17
54023_b,2943.95310974121,-10233.6330566406,46,6,12,0.260869565217391,12
54023_b,2943.95310974121,-10183.6330566406,57,16,17,0.298245614035088,17
54023_b,2943.95310974121,-10133.6330566406,63,29,21,0.333333333333333,21
54023_b,2943.95310974121,-10083.6330566406,69,48,24,0.347826086956522,24
54023_b,2943.95310974121,-10033.6330566406,56,72,24,0.428571428571429,24
54023_b,2943.95310974121,-9983.63305664063,40,77,22,0.55,22
54023_b,2943.95310974121,-9933.63305664063,31,71,18,0.580645161290323,18
54023_b,2943.95310974121,-9583.63305664063,31,26,15,0.483870967741936,15
54023_b,2943.95310974121,-9533.63305664062,41,21,15,0.365853658536585,15
54023_b,2943.95310974121,-9483.63305664063,40,15,14,0.35,14
54023_b,2943.95310974121,-9433.63305664063,37,10,12,0.324324324324324,12
54023_b,2993.95310974121,-10233.6330566406,45,9,15,0.333333333333333,15
54023_b,2993.95310974121,-10183.6330566406,56,21,21,0.375,21
54023_b,2993.95310974121,-10133.6330566406,62,39,27,0.435483870967742,27
54023_b,2993.95310974121,-10083.6330566406,59,64,27,0.457627118644068,27
54023_b,2993.95310974121,-10033.6330566406,42,83,20,0.476190476190476,20
54023_b,2993.95310974121,-9583.63305664063,43,28,23,0.534883720930233,23
54023_b,2993.95310974121,-9533.63305664062,58,24,24,0.413793103448276,24
54023_b,2993.95310974121,-9483.63305664063,57,16,23,0.403508771929825,23
54023_b,2993.95310974121,-9433.63305664063,53,11,19,0.358490566037736,19
54023_b,2993.95310974121,-9383.63305664063,39,7,13,0.333333333333333,13
54023_b,3043.95310974121,-10233.6330566406,48,9,17,0.354166666666667,17
54023_b,3043.95310974121,-10183.6330566406,63,22,23,0.365079365079365,23
54023_b,3043.95310974121,-10133.6330566406,78,38,34,0.435897435897436,34
54023_b,3043.95310974121,-10083.6330566406,75,59,34,0.453333333333333,34
54023_b,3043.95310974121,-10033.6330566406,55,77,25,0.454545454545455,25
54023_b,3043.95310974121,-9983.63305664063,33,83,17,0.515151515151515,17
54023_b,3043.95310974121,-9583.63305664063,52,28,29,0.557692307692308,29
54023_b,3043.95310974121,-9533.63305664062,69,22,29,0.420289855072464,29
54023_b,3043.95310974121,-9483.63305664063,68,14,28,0.411764705882353,28
54023_b,3043.95310974121,-9433.63305664063,64,10,24,0.375,24
54023_b,3043.95310974121,-9383.63305664063,46,5,10,0.217391304347826,10
54023_b,3093.95310974121,-10233.6330566406,48,7,14,0.291666666666667,14
54023_b,3093.95310974121,-10183.6330566406,64,18,21,0.328125,21
54023_b,3093.95310974121,-10133.6330566406,82,32,32,0.390243902439024,32
54023_b,3093.95310974121,-10083.6330566406,79,46,30,0.379746835443038,30
54023_b,3093.95310974121,-10033.6330566406,59,62,25,0.423728813559322,25
54023_b,3093.95310974121,-9983.63305664063,39,72,19,0.487179487179487,19
54023_b,3093.95310974121,-9583.63305664063,59,35,34,0.576271186440678,34
54023_b,3093.95310974121,-9533.63305664062,76,22,36,0.473684210526316,36
54023_b,3093.95310974121,-9483.63305664063,75,14,35,0.466666666666667,35
54023_b,3093.95310974121,-9433.63305664063,70,10,31,0.442857142857143,31
54023_b,3093.95310974121,-9383.63305664063,50,6,19,0.38,19
54023_b,3143.95310974121,-10233.6330566406,38,7,12,0.315789473684211,12
54023_b,3143.95310974121,-10183.6330566406,53,19,21,0.39622641509434,21
54023_b,3143.95310974121,-10133.6330566406,74,30,34,0.45945945945946,34
54023_b,3143.95310974121,-10083.6330566406,73,44,33,0.452054794520548,33
54023_b,3143.95310974121,-10033.6330566406,56,52,28,0.5,28
54023_b,3143.95310974121,-9983.63305664063,43,59,24,0.558139534883721,24
54023_b,3143.95310974121,-9583.63305664063,60,31,33,0.55,33
54023_b,3143.95310974121,-9533.63305664062,75,19,35,0.466666666666667,35
54023_b,3143.95310974121,-9483.63305664063,73,13,35,0.479452054794521,35
54023_b,3143.95310974121,-9433.63305664063,67,8,30,0.447761194029851,30
54023_b,3193.95310974121,-10233.6330566406,37,12,12,0.324324324324324,12
54023_b,3193.95310974121,-10183.6330566406,54,23,23,0.425925925925926,23
54023_b,3193.95310974121,-10133.6330566406,77,29,37,0.480519480519481,37
54023_b,3193.95310974121,-10083.6330566406,75,41,36,0.48,36
54023_b,3193.95310974121,-10033.6330566406,57,43,30,0.526315789473684,30
54023_b,3193.95310974121,-9983.63305664063,47,51,28,0.595744680851064,28
54023_b,3193.95310974121,-9933.63305664063,31,46,12,0.387096774193548,12
54023_b,3193.95310974121,-9633.63305664063,36,33,15,0.416666666666667,15
54023_b,3193.95310974121,-9583.63305664063,66,31,32,0.484848484848485,32
54023_b,3193.95310974121,-9533.63305664062,76,18,34,0.447368421052632,34
54023_b,3193.95310974121,-9483.63305664063,73,9,30,0.410958904109589,30
54023_b,3193.95310974121,-9433.63305664063,63,6,27,0.428571428571429,27
54023_b,3243.95310974121,-10233.6330566406,30,19,8,0.266666666666667,8
54023_b,3243.95310974121,-10183.6330566406,45,31,18,0.4,18
54023_b,3243.95310974121,-10133.6330566406,64,32,23,0.359375,23
54023_b,3243.95310974121,-10083.6330566406,64,39,23,0.359375,23
54023_b,3243.95310974121,-10033.6330566406,49,39,21,0.428571428571429,21
54023_b,3243.95310974121,-9983.63305664063,43,41,19,0.441860465116279,19
54023_b,3243.95310974121,-9633.63305664063,45,33,12,0.266666666666667,12
54023_b,3243.95310974121,-9583.63305664063,70,29,23,0.328571428571429,23
54023_b,3243.95310974121,-9533.63305664062,75,14,23,0.306666666666667,23
54023_b,3243.95310974121,-9483.63305664063,69,7,19,0.27536231884058,19
54023_b,3243.95310974121,-9433.63305664063,55,5,18,0.327272727272727,18
54023_b,3293.95310974121,-10183.6330566406,32,50,16,0.5,16
54023_b,3293.95310974121,-10133.6330566406,43,55,22,0.511627906976744,22
54023_b,3293.95310974121,-10083.6330566406,44,61,23,0.522727272727273,23
54023_b,3293.95310974121,-10033.6330566406,32,61,21,0.65625,21
54023_b,3293.95310974121,-9983.63305664063,30,51,21,0.7,21
54023_b,3293.95310974121,-9683.63305664063,35,40,10,0.285714285714286,10
54023_b,3293.95310974121,-9633.63305664063,50,29,9,0.18,9
54023_b,3293.95310974121,-9583.63305664063,71,24,19,0.267605633802817,19
54023_b,3293.95310974121,-9533.63305664062,73,10,19,0.26027397260274,19
54023_b,3343.95310974121,-10083.6330566406,30,71,20,0.666666666666667,20
54023_b,3343.95310974121,-9683.63305664063,43,36,12,0.27906976744186,12
54023_b,3343.95310974121,-9633.63305664063,58,26,12,0.206896551724138,12
54023_b,3343.95310974121,-9583.63305664063,73,18,16,0.219178082191781,16
54023_b,3343.95310974121,-9533.63305664062,73,11,15,0.205479452054795,15
54023_b,3343.95310974121,-9483.63305664063,61,5,6,0.0983606557377049,6
54023_b,3393.95310974121,-9683.63305664063,44,35,15,0.340909090909091,15
54023_b,3393.95310974121,-9633.63305664063,56,26,15,0.267857142857143,15
54023_b,3393.95310974121,-9583.63305664063,69,20,17,0.246376811594203,17
54023_b,3393.95310974121,-9533.63305664062,68,12,16,0.235294117647059,16
54023_b,3393.95310974121,-9483.63305664063,53,5,3,0.0566037735849057,3
54023_b,3443.95310974121,-9683.63305664063,40,34,14,0.35,14
54023_b,3443.95310974121,-9633.63305664063,49,30,15,0.306122448979592,15
54023_b,3443.95310974121,-9583.63305664063,58,25,18,0.310344827586207,18
54023_b,3443.95310974121,-9533.63305664062,58,14,17,0.293103448275862,17
54023_b,3443.95310974121,-9483.63305664063,40,8,4,0.1,4
54023_b,3493.95310974121,-9683.63305664063,39,34,15,0.384615384615385,15
54023_b,3493.95310974121,-9633.63305664063,46,30,16,0.347826086956522,16
54023_b,3493.95310974121,-9583.63305664063,50,25,19,0.38,19
54023_b,3493.95310974121,-9533.63305664062,50,15,19,0.38,19
54023_b,3493.95310974121,-9483.63305664063,31,8,4,0.129032258064516,4
54023_b,3543.95310974121,-9683.63305664063,30,35,15,0.5,15
54023_b,3543.95310974121,-9633.63305664063,39,32,16,0.41025641025641,16
54023_b,3543.95310974121,-9583.63305664063,41,25,16,0.390243902439024,16
54023_b,3543.95310974121,-9533.63305664062,41,16,16,0.390243902439024,16
54023_b,3693.95310974121,-9633.63305664063,32,13,6,0.1875,6
54023_b,3743.95310974121,-9633.63305664063,36,12,5,0.138888888888889,5
54023_b,3743.95310974121,-9583.63305664063,36,6,5,0.138888888888889,5
54023_b,3743.95310974121,-9533.63305664062,32,5,4,0.125,4
54023_b,3793.95310974121,-9633.63305664063,40,11,8,0.2,8
54023_b,3793.95310974121,-9583.63305664063,40,6,8,0.2,8
54023_b,3843.95310974121,-9633.63305664063,47,13,14,0.297872340425532,14
54023_b,3843.95310974121,-9583.63305664063,47,8,14,0.297872340425532,14
54023_b,3843.95310974121,-9533.63305664062,44,6,12,0.272727272727273,12
54023_b,3893.95310974121,-9683.63305664063,34,16,10,0.294117647058824,10
54023_b,3893.95310974121,-9633.63305664063,50,14,15,0.3,15
54023_b,3893.95310974121,-9583.63305664063,50,8,15,0.3,15
54023_b,3893.95310974121,-9533.63305664062,46,5,12,0.260869565217391,12
54023_b,3943.95310974121,-9683.63305664063,37,17,10,0.27027027027027,10
54023_b,3943.95310974121,-9633.63305664063,51,16,14,0.274509803921569,14
54023_b,3943.95310974121,-9583.63305664063,51,10,14,0.274509803921569,14
54023_b,3943.95310974121,-9533.63305664062,43,6,10,0.232558139534884,10
54023_b,3993.95310974121,-9633.63305664063,41,14,15,0.365853658536585,15
54023_b,3993.95310974121,-9583.63305664063,41,11,15,0.365853658536585,15
54023_b,3993.95310974121,-9533.63305664062,33,7,11,0.333333333333333,11
54023_b,4043.95310974121,-9633.63305664063,33,15,13,0.393939393939394,13
54023_b,4043.95310974121,-9583.63305664063,32,11,12,0.375,12
54023_b,4193.95310974121,-9483.63305664063,31,7,2,0.0645161290322581,2
54023_b,4193.95310974121,-9433.63305664063,31,11,3,0.0967741935483871,3
54023_b,4243.95310974121,-9533.63305664062,40,13,6,0.15,6
54023_b,4243.95310974121,-9483.63305664063,51,9,7,0.137254901960784,7
54023_b,4243.95310974121,-9433.63305664063,59,13,12,0.203389830508475,12
54023_b,4243.95310974121,-9383.63305664063,59,15,16,0.271186440677966,16
54023_b,4243.95310974121,-9333.63305664063,42,11,14,0.333333333333333,14
54023_b,4293.95310974121,-9583.63305664063,46,28,11,0.239130434782609,11
54023_b,4293.95310974121,-9533.63305664062,67,15,9,0.134328358208955,9
54023_b,4293.95310974121,-9483.63305664063,82,10,9,0.109756097560976,9
54023_b,4293.95310974121,-9433.63305664063,93,14,14,0.150537634408602,14
54023_b,4293.95310974121,-9383.63305664063,90,16,18,0.2,18
54023_b,4293.95310974121,-9333.63305664063,71,15,18,0.253521126760563,18
54023_b,4293.95310974121,-9283.63305664062,48,15,18,0.375,18
54023_b,4293.95310974121,-9233.63305664063,30,14,16,0.533333333333333,16
54023_b,4343.95310974121,-9633.63305664063,31,32,11,0.354838709677419,11
54023_b,4343.95310974121,-9583.63305664063,52,22,14,0.269230769230769,14
54023_b,4343.95310974121,-9533.63305664062,75,13,11,0.146666666666667,11
54023_b,4343.95310974121,-9483.63305664063,95,10,10,0.105263157894737,10
54023_b,4343.95310974121,-9433.63305664063,112,14,20,0.178571428571429,20
54023_b,4343.95310974121,-9383.63305664063,111,17,25,0.225225225225225,25
54023_b,4343.95310974121,-9333.63305664063,100,18,25,0.25,25
54023_b,4343.95310974121,-9283.63305664062,80,18,29,0.3625,29
54023_b,4343.95310974121,-9233.63305664063,57,17,27,0.473684210526316,27
54023_b,4343.95310974121,-9183.63305664063,39,10,18,0.461538461538462,18
54023_b,4393.95310974121,-9733.63305664063,33,53,20,0.606060606060606,20
54023_b,4393.95310974121,-9683.63305664063,30,43,18,0.6,18
54023_b,4393.95310974121,-9633.63305664063,44,33,15,0.340909090909091,15
54023_b,4393.95310974121,-9583.63305664063,67,22,16,0.238805970149254,16
54023_b,4393.95310974121,-9533.63305664062,89,11,16,0.179775280898876,16
54023_b,4393.95310974121,-9483.63305664063,114,7,14,0.12280701754386,14
54023_b,4393.95310974121,-9433.63305664063,138,8,23,0.166666666666667,23
54023_b,4393.95310974121,-9383.63305664063,142,12,33,0.232394366197183,33
54023_b,4393.95310974121,-9333.63305664063,130,15,31,0.238461538461538,31
54023_b,4393.95310974121,-9283.63305664062,115,14,31,0.269565217391304,31
54023_b,4393.95310974121,-9233.63305664063,90,14,31,0.344444444444444,31
54023_b,4393.95310974121,-9183.63305664063,61,10,22,0.360655737704918,22
54023_b,4393.95310974121,-9133.63305664062,35,5,8,0.228571428571429,8
54023_b,4443.95310974121,-9933.63305664063,30,28,4,0.133333333333333,4
54023_b,4443.95310974121,-9883.63305664063,42,35,9,0.214285714285714,9
54023_b,4443.95310974121,-9833.63305664063,47,41,13,0.276595744680851,13
54023_b,4443.95310974121,-9783.63305664062,46,44,18,0.391304347826087,18
54023_b,4443.95310974121,-9733.63305664063,48,39,20,0.416666666666667,20
54023_b,4443.95310974121,-9683.63305664063,45,31,18,0.4,18
54023_b,4443.95310974121,-9633.63305664063,59,24,15,0.254237288135593,15
54023_b,4443.95310974121,-9583.63305664063,72,16,16,0.222222222222222,16
54023_b,4443.95310974121,-9533.63305664062,89,9,16,0.179775280898876,16
54023_b,4443.95310974121,-9483.63305664063,112,7,14,0.125,14
54023_b,4443.95310974121,-9433.63305664063,140,6,23,0.164285714285714,23
54023_b,4443.95310974121,-9383.63305664063,143,8,33,0.230769230769231,33
54023_b,4443.95310974121,-9333.63305664063,148,11,31,0.209459459459459,31
54023_b,4443.95310974121,-9283.63305664062,142,10,31,0.21830985915493,31
54023_b,4443.95310974121,-9233.63305664063,125,10,31,0.248,31
54023_b,4443.95310974121,-9183.63305664063,91,8,19,0.208791208791209,19
54023_b,4443.95310974121,-9133.63305664062,62,5,8,0.129032258064516,8
54023_b,4493.95310974121,-9983.63305664063,30,11,3,0.1,3
54023_b,4493.95310974121,-9933.63305664063,48,16,4,0.0833333333333333,4
54023_b,4493.95310974121,-9883.63305664063,67,19,7,0.104477611940299,7
54023_b,4493.95310974121,-9833.63305664063,76,23,10,0.131578947368421,10
54023_b,4493.95310974121,-9783.63305664062,73,29,17,0.232876712328767,17
54023_b,4493.95310974121,-9733.63305664063,73,26,20,0.273972602739726,20
54023_b,4493.95310974121,-9683.63305664063,67,23,18,0.26865671641791,18
54023_b,4493.95310974121,-9633.63305664063,76,21,18,0.236842105263158,18
54023_b,4493.95310974121,-9583.63305664063,83,14,14,0.168674698795181,14
54023_b,4493.95310974121,-9533.63305664062,102,7,11,0.107843137254902,11
54023_b,4493.95310974121,-9483.63305664063,125,6,13,0.104,13
54023_b,4493.95310974121,-9433.63305664063,154,5,18,0.116883116883117,18
54023_b,4493.95310974121,-9383.63305664063,154,7,25,0.162337662337662,25
54023_b,4493.95310974121,-9333.63305664063,168,11,37,0.220238095238095,37
54023_b,4493.95310974121,-9283.63305664062,160,10,36,0.225,36
54023_b,4493.95310974121,-9233.63305664063,147,9,33,0.224489795918367,33
54023_b,4493.95310974121,-9183.63305664063,111,8,28,0.252252252252252,28
54023_b,4493.95310974121,-9133.63305664062,83,5,18,0.216867469879518,18
54023_b,4543.95310974121,-9983.63305664063,39,6,1,0.0256410256410256,1
54023_b,4543.95310974121,-9933.63305664063,61,8,2,0.0327868852459016,2
54023_b,4543.95310974121,-9883.63305664063,84,9,4,0.0476190476190476,4
54023_b,4543.95310974121,-9833.63305664063,96,10,8,0.0833333333333333,8
54023_b,4543.95310974121,-9783.63305664062,91,16,15,0.164835164835165,15
54023_b,4543.95310974121,-9733.63305664063,85,13,15,0.176470588235294,15
54023_b,4543.95310974121,-9683.63305664063,80,13,13,0.1625,13
54023_b,4543.95310974121,-9633.63305664063,81,12,11,0.135802469135802,11
54023_b,4543.95310974121,-9583.63305664063,87,11,11,0.126436781609195,11
54023_b,4543.95310974121,-9533.63305664062,102,6,10,0.0980392156862745,10
54023_b,4543.95310974121,-9483.63305664063,127,6,14,0.110236220472441,14
54023_b,4543.95310974121,-9433.63305664063,156,5,18,0.115384615384615,18
54023_b,4543.95310974121,-9383.63305664063,163,7,23,0.141104294478528,23
54023_b,4543.95310974121,-9333.63305664063,178,8,35,0.196629213483146,35
54023_b,4543.95310974121,-9283.63305664062,176,7,34,0.193181818181818,34
54023_b,4543.95310974121,-9233.63305664063,161,6,31,0.192546583850932,31
54023_b,4543.95310974121,-9183.63305664063,124,5,27,0.217741935483871,27
54023_b,4593.95310974121,-9983.63305664063,52,5,1,0.0192307692307692,1
54023_b,4593.95310974121,-9933.63305664063,80,6,1,0.0125,1
54023_b,4593.95310974121,-9883.63305664063,106,7,2,0.0188679245283019,2
54023_b,4593.95310974121,-9833.63305664063,120,8,6,0.05,6
54023_b,4593.95310974121,-9783.63305664062,110,12,12,0.109090909090909,12
54023_b,4593.95310974121,-9733.63305664063,99,10,13,0.131313131313131,13
54023_b,4593.95310974121,-9683.63305664063,94,9,13,0.138297872340426,13
54023_b,4593.95310974121,-9633.63305664063,95,8,11,0.115789473684211,11
54023_b,4593.95310974121,-9583.63305664063,106,7,12,0.113207547169811,12
54023_b,4593.95310974121,-9383.63305664063,175,5,13,0.0742857142857143,13
54023_b,4593.95310974121,-9333.63305664063,178,7,30,0.168539325842697,30
54023_b,4593.95310974121,-9283.63305664062,174,5,23,0.132183908045977,23
54023_b,4593.95310974121,-9233.63305664063,166,5,23,0.13855421686747,23
54023_b,4593.95310974121,-9183.63305664063,130,5,23,0.176923076923077,23
54023_b,4643.95310974121,-9833.63305664063,128,6,13,0.1015625,13
54023_b,4643.95310974121,-9783.63305664062,125,8,16,0.128,16
54023_b,4643.95310974121,-9733.63305664063,116,8,18,0.155172413793103,18
54023_b,4643.95310974121,-9683.63305664063,115,6,16,0.139130434782609,16
54023_b,4643.95310974121,-9633.63305664063,113,5,12,0.106194690265487,12
54023_b,4643.95310974121,-9333.63305664063,163,6,26,0.159509202453988,26
54023_b,4643.95310974121,-9283.63305664062,161,6,26,0.161490683229814,26
54023_b,4643.95310974121,-9233.63305664063,152,6,26,0.171052631578947,26
54023_b,4643.95310974121,-9183.63305664063,130,7,28,0.215384615384615,28
54023_b,4643.95310974121,-9133.63305664062,102,6,26,0.254901960784314,26
54023_b,4693.95310974121,-9833.63305664063,126,5,13,0.103174603174603,13
54023_b,4693.95310974121,-9783.63305664062,129,8,16,0.124031007751938,16
54023_b,4693.95310974121,-9733.63305664063,125,8,18,0.144,18
54023_b,4693.95310974121,-9683.63305664063,125,8,17,0.136,17
54023_b,4693.95310974121,-9633.63305664063,118,7,13,0.110169491525424,13
54023_b,4693.95310974121,-9583.63305664063,126,6,10,0.0793650793650794,10
54023_b,4693.95310974121,-9533.63305664062,137,5,15,0.109489051094891,15
54023_b,4693.95310974121,-9483.63305664063,147,5,18,0.122448979591837,18
54023_b,4693.95310974121,-9383.63305664063,155,7,16,0.103225806451613,16
54023_b,4693.95310974121,-9333.63305664063,148,10,29,0.195945945945946,29
54023_b,4693.95310974121,-9283.63305664062,142,9,25,0.176056338028169,25
54023_b,4693.95310974121,-9233.63305664063,133,11,27,0.203007518796992,27
54023_b,4693.95310974121,-9183.63305664063,124,12,31,0.25,31
54023_b,4693.95310974121,-9133.63305664062,108,9,27,0.25,27
54023_b,4693.95310974121,-9083.63305664063,82,5,14,0.170731707317073,14
54023_b,4743.95310974121,-9883.63305664063,86,5,14,0.162790697674419,14
54023_b,4743.95310974121,-9833.63305664063,114,7,23,0.201754385964912,23
54023_b,4743.95310974121,-9783.63305664062,123,9,24,0.195121951219512,24
54023_b,4743.95310974121,-9733.63305664063,128,9,21,0.1640625,21
54023_b,4743.95310974121,-9683.63305664063,131,8,18,0.137404580152672,18
54023_b,4743.95310974121,-9633.63305664063,128,9,17,0.1328125,17
54023_b,4743.95310974121,-9583.63305664063,129,10,14,0.108527131782946,14
54023_b,4743.95310974121,-9533.63305664062,133,16,27,0.203007518796992,27
54023_b,4743.95310974121,-9483.63305664063,136,15,26,0.191176470588235,26
54023_b,4743.95310974121,-9433.63305664063,130,16,25,0.192307692307692,25
54023_b,4743.95310974121,-9383.63305664063,124,17,15,0.120967741935484,15
54023_b,4743.95310974121,-9333.63305664063,112,17,21,0.1875,21
54023_b,4743.95310974121,-9283.63305664062,112,11,22,0.196428571428571,22
54023_b,4743.95310974121,-9233.63305664063,98,16,27,0.275510204081633,27
54023_b,4743.95310974121,-9183.63305664063,103,16,34,0.330097087378641,34
54023_b,4743.95310974121,-9133.63305664062,95,14,36,0.378947368421053,36
54023_b,4743.95310974121,-9083.63305664063,78,11,26,0.333333333333333,26
54023_b,4743.95310974121,-9033.63305664062,55,9,16,0.290909090909091,16
54023_b,4793.95310974121,-9883.63305664063,77,6,19,0.246753246753247,19
54023_b,4793.95310974121,-9833.63305664063,106,8,28,0.264150943396226,28
54023_b,4793.95310974121,-9783.63305664062,122,9,28,0.229508196721311,28
54023_b,4793.95310974121,-9733.63305664063,134,9,25,0.186567164179104,25
54023_b,4793.95310974121,-9683.63305664063,134,7,19,0.141791044776119,19
54023_b,4793.95310974121,-9633.63305664063,123,8,16,0.130081300813008,16
54023_b,4793.95310974121,-9583.63305664063,119,10,9,0.0756302521008403,9
54023_b,4793.95310974121,-9533.63305664062,114,19,22,0.192982456140351,22
54023_b,4793.95310974121,-9483.63305664063,107,19,21,0.196261682242991,21
54023_b,4793.95310974121,-9433.63305664063,97,20,20,0.206185567010309,20
54023_b,4793.95310974121,-9383.63305664063,89,22,15,0.168539325842697,15
54023_b,4793.95310974121,-9333.63305664063,81,21,19,0.234567901234568,19
54023_b,4793.95310974121,-9283.63305664062,89,13,21,0.235955056179775,21
54023_b,4793.95310974121,-9233.63305664063,93,17,26,0.279569892473118,26
54023_b,4793.95310974121,-9183.63305664063,109,18,37,0.339449541284404,37
54023_b,4793.95310974121,-9133.63305664062,110,15,37,0.336363636363636,37
54023_b,4793.95310974121,-9083.63305664063,95,13,31,0.326315789473684,31
54023_b,4793.95310974121,-9033.63305664062,73,11,21,0.287671232876712,21
54023_b,4793.95310974121,-8983.63305664063,48,6,13,0.270833333333333,13
54023_b,4843.95310974121,-9883.63305664063,60,5,17,0.283333333333333,17
54023_b,4843.95310974121,-9833.63305664063,89,6,24,0.269662921348315,24
54023_b,4843.95310974121,-9783.63305664062,110,7,24,0.218181818181818,24
54023_b,4843.95310974121,-9733.63305664063,130,11,24,0.184615384615385,24
54023_b,4843.95310974121,-9683.63305664063,132,9,18,0.136363636363636,18
54023_b,4843.95310974121,-9633.63305664063,118,11,19,0.161016949152542,19
54023_b,4843.95310974121,-9583.63305664063,106,15,15,0.141509433962264,15
54023_b,4843.95310974121,-9533.63305664062,97,23,26,0.268041237113402,26
54023_b,4843.95310974121,-9483.63305664063,84,20,23,0.273809523809524,23
54023_b,4843.95310974121,-9433.63305664063,68,23,22,0.323529411764706,22
54023_b,4843.95310974121,-9383.63305664063,56,24,15,0.267857142857143,15
54023_b,4843.95310974121,-9333.63305664063,55,22,19,0.345454545454545,19
54023_b,4843.95310974121,-9283.63305664062,67,16,22,0.328358208955224,22
54023_b,4843.95310974121,-9233.63305664063,74,19,24,0.324324324324324,24
54023_b,4843.95310974121,-9183.63305664063,97,18,35,0.360824742268041,35
54023_b,4843.95310974121,-9133.63305664062,111,16,36,0.324324324324324,36
54023_b,4843.95310974121,-9083.63305664063,100,14,30,0.3,30
54023_b,4843.95310974121,-9033.63305664062,81,12,20,0.246913580246914,20
54023_b,4843.95310974121,-8983.63305664063,58,8,15,0.258620689655172,15
54023_b,4843.95310974121,-8933.63305664063,32,5,7,0.21875,7
54023_b,4893.95310974121,-9733.63305664063,117,8,15,0.128205128205128,15
54023_b,4893.95310974121,-9683.63305664063,121,10,15,0.12396694214876,15
54023_b,4893.95310974121,-9633.63305664063,108,13,19,0.175925925925926,19
54023_b,4893.95310974121,-9583.63305664063,88,19,20,0.227272727272727,20
54023_b,4893.95310974121,-9533.63305664062,84,29,31,0.369047619047619,31
54023_b,4893.95310974121,-9483.63305664063,61,26,26,0.426229508196721,26
54023_b,4893.95310974121,-9433.63305664063,49,28,22,0.448979591836735,22
54023_b,4893.95310974121,-9383.63305664063,37,29,16,0.432432432432432,16
54023_b,4893.95310974121,-9333.63305664063,42,26,20,0.476190476190476,20
54023_b,4893.95310974121,-9283.63305664062,54,17,20,0.37037037037037,20
54023_b,4893.95310974121,-9233.63305664063,66,20,22,0.333333333333333,22
54023_b,4893.95310974121,-9183.63305664063,88,16,30,0.340909090909091,30
54023_b,4893.95310974121,-9133.63305664062,112,14,34,0.303571428571429,34
54023_b,4893.95310974121,-9083.63305664063,106,12,26,0.245283018867925,26
54023_b,4893.95310974121,-9033.63305664062,94,11,21,0.223404255319149,21
54023_b,4893.95310974121,-8983.63305664063,73,7,16,0.219178082191781,16
54023_b,4893.95310974121,-8933.63305664063,48,5,9,0.1875,9
54023_b,4943.95310974121,-9733.63305664063,104,7,15,0.144230769230769,15
54023_b,4943.95310974121,-9683.63305664063,113,8,16,0.141592920353982,16
54023_b,4943.95310974121,-9633.63305664063,104,13,21,0.201923076923077,21
54023_b,4943.95310974121,-9583.63305664063,87,19,23,0.264367816091954,23
54023_b,4943.95310974121,-9533.63305664062,75,31,27,0.36,27
54023_b,4943.95310974121,-9483.63305664063,54,28,22,0.407407407407407,22
54023_b,4943.95310974121,-9433.63305664063,41,31,17,0.414634146341463,17
54023_b,4943.95310974121,-9383.63305664063,34,28,9,0.264705882352941,9
54023_b,4943.95310974121,-9333.63305664063,37,24,10,0.27027027027027,10
54023_b,4943.95310974121,-9283.63305664062,53,14,10,0.188679245283019,10
54023_b,4943.95310974121,-9233.63305664063,70,15,10,0.142857142857143,10
54023_b,4943.95310974121,-9183.63305664063,89,11,16,0.179775280898876,16
54023_b,4943.95310974121,-9133.63305664062,105,11,20,0.19047619047619,20
54023_b,4943.95310974121,-9083.63305664063,106,11,20,0.188679245283019,20
54023_b,4943.95310974121,-9033.63305664062,104,10,19,0.182692307692308,19
54023_b,4943.95310974121,-8983.63305664063,88,8,18,0.204545454545455,18
54023_b,4943.95310974121,-8933.63305664063,63,6,11,0.174603174603175,11
54023_b,4993.95310974121,-9733.63305664063,83,6,8,0.0963855421686747,8
54023_b,4993.95310974121,-9683.63305664063,92,9,15,0.16304347826087,15
54023_b,4993.95310974121,-9633.63305664063,84,12,21,0.25,21
54023_b,4993.95310974121,-9583.63305664063,74,15,22,0.297297297297297,22
54023_b,4993.95310974121,-9533.63305664062,62,21,21,0.338709677419355,21
54023_b,4993.95310974121,-9483.63305664063,45,18,16,0.355555555555556,16
54023_b,4993.95310974121,-9433.63305664063,40,18,7,0.175,7
54023_b,4993.95310974121,-9383.63305664063,40,17,7,0.175,7
54023_b,4993.95310974121,-9333.63305664063,46,15,10,0.217391304347826,10
54023_b,4993.95310974121,-9283.63305664062,65,10,10,0.153846153846154,10
54023_b,4993.95310974121,-9233.63305664063,84,9,10,0.119047619047619,10
54023_b,4993.95310974121,-9183.63305664063,101,6,13,0.128712871287129,13
54023_b,4993.95310974121,-9133.63305664062,114,5,12,0.105263157894737,12
54023_b,4993.95310974121,-9083.63305664063,117,5,13,0.111111111111111,13
54023_b,4993.95310974121,-9033.63305664062,119,5,14,0.117647058823529,14
54023_b,4993.95310974121,-8983.63305664063,104,5,14,0.134615384615385,14
54023_b,5043.95310974121,-9733.63305664063,73,9,10,0.136986301369863,10
54023_b,5043.95310974121,-9683.63305664063,88,14,22,0.25,22
54023_b,5043.95310974121,-9633.63305664063,88,18,29,0.329545454545455,29
54023_b,5043.95310974121,-9583.63305664063,79,18,28,0.354430379746835,28
54023_b,5043.95310974121,-9533.63305664062,80,20,24,0.3,24
54023_b,5043.95310974121,-9483.63305664063,71,15,19,0.267605633802817,19
54023_b,5043.95310974121,-9433.63305664063,69,15,10,0.144927536231884,10
54023_b,5043.95310974121,-9383.63305664063,72,12,10,0.138888888888889,10
54023_b,5043.95310974121,-9333.63305664063,78,11,13,0.166666666666667,13
54023_b,5043.95310974121,-9283.63305664062,87,8,13,0.149425287356322,13
54023_b,5043.95310974121,-9233.63305664063,92,8,13,0.141304347826087,13
54023_b,5043.95310974121,-9033.63305664062,116,5,11,0.0948275862068965,11
54023_b,5043.95310974121,-8983.63305664063,108,5,12,0.111111111111111,12
54023_b,5043.95310974121,-8933.63305664063,85,5,11,0.129411764705882,11
54023_b,5093.95310974121,-9733.63305664063,68,6,12,0.176470588235294,12
54023_b,5093.95310974121,-9683.63305664063,83,11,24,0.289156626506024,24
54023_b,5093.95310974121,-9633.63305664063,91,15,34,0.373626373626374,34
54023_b,5093.95310974121,-9583.63305664063,88,15,39,0.443181818181818,39
54023_b,5093.95310974121,-9533.63305664062,89,17,33,0.370786516853933,33
54023_b,5093.95310974121,-9483.63305664063,85,15,29,0.341176470588235,29
54023_b,5093.95310974121,-9433.63305664063,90,13,20,0.222222222222222,20
54023_b,5093.95310974121,-9383.63305664063,96,10,17,0.177083333333333,17
54023_b,5093.95310974121,-9333.63305664063,96,8,10,0.104166666666667,10
54023_b,5143.95310974121,-9783.63305664062,39,5,13,0.333333333333333,13
54023_b,5143.95310974121,-9733.63305664063,61,7,15,0.245901639344262,15
54023_b,5143.95310974121,-9683.63305664063,80,10,22,0.275,22
54023_b,5143.95310974121,-9633.63305664063,92,14,32,0.347826086956522,32
54023_b,5143.95310974121,-9583.63305664063,97,12,34,0.350515463917526,34
54023_b,5143.95310974121,-9533.63305664062,103,12,28,0.271844660194175,28
54023_b,5143.95310974121,-9483.63305664063,105,10,26,0.247619047619048,26
54023_b,5143.95310974121,-9433.63305664063,109,8,20,0.18348623853211,20
54023_b,5143.95310974121,-9383.63305664063,116,5,16,0.137931034482759,16
54023_b,5193.95310974121,-9783.63305664062,35,5,13,0.371428571428571,13
54023_b,5193.95310974121,-9733.63305664063,58,7,15,0.258620689655172,15
54023_b,5193.95310974121,-9683.63305664063,74,10,18,0.243243243243243,18
54023_b,5193.95310974121,-9633.63305664063,87,12,25,0.28735632183908,25
54023_b,5193.95310974121,-9583.63305664063,91,10,26,0.285714285714286,26
54023_b,5193.95310974121,-9533.63305664062,102,8,20,0.196078431372549,20
54023_b,5193.95310974121,-9483.63305664063,109,6,18,0.165137614678899,18
54023_b,5193.95310974121,-9133.63305664062,110,5,2,0.0181818181818182,2
54023_b,5193.95310974121,-9083.63305664063,108,5,2,0.0185185185185185,2
54023_b,5193.95310974121,-9033.63305664062,96,9,7,0.0729166666666667,7
54023_b,5193.95310974121,-8983.63305664063,84,9,8,0.0952380952380952,8
54023_b,5193.95310974121,-8933.63305664063,63,8,7,0.111111111111111,7
54023_b,5193.95310974121,-8883.63305664062,47,5,6,0.127659574468085,6
54023_b,5193.95310974121,-8833.63305664063,30,5,6,0.2,6
54023_b,5243.95310974121,-9733.63305664063,55,6,12,0.218181818181818,12
54023_b,5243.95310974121,-9683.63305664063,73,8,15,0.205479452054795,15
54023_b,5243.95310974121,-9633.63305664063,86,10,22,0.255813953488372,22
54023_b,5243.95310974121,-9583.63305664063,85,9,24,0.282352941176471,24
54023_b,5243.95310974121,-9533.63305664062,99,7,19,0.191919191919192,19
54023_b,5243.95310974121,-9483.63305664063,106,5,18,0.169811320754717,18
54023_b,5243.95310974121,-9283.63305664062,121,5,5,0.0413223140495868,5
54023_b,5243.95310974121,-9233.63305664063,123,7,5,0.040650406504065,5
54023_b,5243.95310974121,-9183.63305664063,110,15,4,0.0363636363636364,4
54023_b,5243.95310974121,-9133.63305664062,94,27,5,0.0531914893617021,5
54023_b,5243.95310974121,-9083.63305664063,90,32,5,0.0555555555555556,5
54023_b,5243.95310974121,-9033.63305664062,78,36,10,0.128205128205128,10
54023_b,5243.95310974121,-8983.63305664063,67,38,13,0.194029850746269,13
54023_b,5243.95310974121,-8933.63305664063,54,30,11,0.203703703703704,11
54023_b,5243.95310974121,-8883.63305664062,42,18,10,0.238095238095238,10
54023_b,5243.95310974121,-8833.63305664063,30,13,9,0.3,9
54023_b,5293.95310974121,-9433.63305664063,108,5,16,0.148148148148148,16
54023_b,5293.95310974121,-9383.63305664063,112,9,11,0.0982142857142857,11
54023_b,5293.95310974121,-9333.63305664063,100,14,7,0.07,7
54023_b,5293.95310974121,-9283.63305664062,93,27,9,0.0967741935483871,9
54023_b,5293.95310974121,-9233.63305664063,94,48,3,0.0319148936170213,3
54023_b,5293.95310974121,-9183.63305664063,84,64,5,0.0595238095238095,5
54023_b,5293.95310974121,-9133.63305664062,72,85,6,0.0833333333333333,6
54023_b,5293.95310974121,-9083.63305664063,68,88,5,0.0735294117647059,5
54023_b,5293.95310974121,-9033.63305664062,58,84,6,0.103448275862069,6
54023_b,5293.95310974121,-8983.63305664063,49,71,8,0.163265306122449,8
54023_b,5293.95310974121,-8933.63305664063,44,54,7,0.159090909090909,7
54023_b,5293.95310974121,-8883.63305664062,35,28,6,0.171428571428571,6
54023_b,5343.95310974121,-9433.63305664063,104,5,9,0.0865384615384615,9
54023_b,5343.95310974121,-9383.63305664063,108,13,8,0.0740740740740741,8
54023_b,5343.95310974121,-9333.63305664063,95,23,9,0.0947368421052632,9
54023_b,5343.95310974121,-9283.63305664062,86,39,12,0.13953488372093,12
54023_b,5343.95310974121,-9233.63305664063,67,81,6,0.0895522388059701,6
54023_b,5343.95310974121,-9183.63305664063,58,129,8,0.137931034482759,8
54023_b,5343.95310974121,-9133.63305664062,46,152,7,0.152173913043478,7
54023_b,5343.95310974121,-9083.63305664063,43,162,6,0.13953488372093,6
54023_b,5343.95310974121,-9033.63305664062,35,159,6,0.171428571428571,6
54023_b,5343.95310974121,-8983.63305664063,35,133,8,0.228571428571429,8
54023_b,5343.95310974121,-8933.63305664063,35,84,7,0.2,7
54023_b,5393.95310974121,-9433.63305664063,108,6,9,0.0833333333333333,9
54023_b,5393.95310974121,-9383.63305664063,108,15,10,0.0925925925925926,10
54023_b,5393.95310974121,-9333.63305664063,91,32,11,0.120879120879121,11
54023_b,5393.95310974121,-9283.63305664062,82,58,14,0.170731707317073,14
54023_b,5393.95310974121,-9233.63305664063,61,117,9,0.147540983606557,9
54023_b,5393.95310974121,-9183.63305664063,41,183,9,0.219512195121951,9
54023_b,5443.95310974121,-9433.63305664063,104,6,9,0.0865384615384615,9
54023_b,5443.95310974121,-9383.63305664063,99,16,11,0.111111111111111,11
54023_b,5443.95310974121,-9333.63305664063,82,34,12,0.146341463414634,12
54023_b,5443.95310974121,-9283.63305664062,62,68,14,0.225806451612903,14
54023_b,5443.95310974121,-9233.63305664063,39,147,9,0.230769230769231,9
54023_b,5493.95310974121,-9433.63305664063,122,6,9,0.0737704918032787,9
54023_b,5493.95310974121,-9383.63305664063,105,16,11,0.104761904761905,11
54023_b,5493.95310974121,-9333.63305664063,88,34,12,0.136363636363636,12
54023_b,5493.95310974121,-9283.63305664062,64,68,13,0.203125,13
54023_b,5493.95310974121,-9233.63305664063,41,158,8,0.195121951219512,8
54023_b,5543.95310974121,-9383.63305664063,113,8,5,0.0442477876106195,5
54023_b,5543.95310974121,-9333.63305664063,99,20,5,0.0505050505050505,5
54023_b,5543.95310974121,-9283.63305664062,75,46,7,0.0933333333333333,7
54023_b,5543.95310974121,-9233.63305664063,53,129,8,0.150943396226415,8
54023_b,5543.95310974121,-9183.63305664063,31,216,7,0.225806451612903,7
54023_b,5593.95310974121,-9333.63305664063,108,11,3,0.0277777777777778,3
54023_b,5593.95310974121,-9283.63305664062,83,34,4,0.0481927710843374,4
54023_b,5593.95310974121,-9233.63305664063,68,98,6,0.0882352941176471,6
54023_b,5593.95310974121,-9183.63305664063,39,160,5,0.128205128205128,5
54023_b,5643.95310974121,-9283.63305664062,93,15,1,0.010752688172043,1
54023_b,5643.95310974121,-9233.63305664063,82,63,4,0.0487804878048781,4
54023_b,5643.95310974121,-9183.63305664063,59,110,6,0.101694915254237,6
54023_b,5643.95310974121,-9133.63305664062,41,161,6,0.146341463414634,6
54023_b,5693.95310974121,-9283.63305664062,119,5,1,0.00840336134453782,1
54023_b,5693.95310974121,-9233.63305664063,104,34,4,0.0384615384615385,4
54023_b,5693.95310974121,-9183.63305664063,79,69,7,0.0886075949367089,7
54023_b,5693.95310974121,-9133.63305664062,56,109,7,0.125,7
54023_b,5693.95310974121,-9083.63305664063,33,151,8,0.242424242424242,8
54023_b,5743.95310974121,-9583.63305664063,116,5,6,0.0517241379310345,6
54023_b,5743.95310974121,-9533.63305664062,149,5,6,0.0402684563758389,6
54023_b,5743.95310974121,-9233.63305664063,111,18,5,0.0450450450450451,5
54023_b,5743.95310974121,-9183.63305664063,86,44,8,0.0930232558139535,8
54023_b,5743.95310974121,-9133.63305664062,62,70,8,0.129032258064516,8
54023_b,5743.95310974121,-9083.63305664063,42,106,9,0.214285714285714,9
54023_b,5793.95310974121,-9683.63305664063,41,5,6,0.146341463414634,6
54023_b,5793.95310974121,-9633.63305664063,71,5,6,0.0845070422535211,6
54023_b,5793.95310974121,-9583.63305664063,105,6,10,0.0952380952380952,10
54023_b,5793.95310974121,-9533.63305664062,141,6,10,0.0709219858156028,10
54023_b,5793.95310974121,-9233.63305664063,123,7,9,0.0731707317073171,9
54023_b,5793.95310974121,-9183.63305664063,94,21,11,0.117021276595745,11
54023_b,5793.95310974121,-9133.63305664062,64,41,9,0.140625,9
54023_b,5793.95310974121,-9083.63305664063,47,73,10,0.212765957446809,10
54023_b,5843.95310974121,-9683.63305664063,40,5,6,0.15,6
54023_b,5843.95310974121,-9633.63305664063,73,5,6,0.0821917808219178,6
54023_b,5843.95310974121,-9583.63305664063,109,5,6,0.055045871559633,6
54023_b,5843.95310974121,-9533.63305664062,145,5,6,0.0413793103448276,6
54023_b,5843.95310974121,-9233.63305664063,121,6,8,0.0661157024793388,8
54023_b,5843.95310974121,-9183.63305664063,96,13,10,0.104166666666667,10
54023_b,5843.95310974121,-9133.63305664062,65,31,8,0.123076923076923,8
54023_b,5843.95310974121,-9083.63305664063,50,61,8,0.16,8
54023_b,5893.95310974121,-9633.63305664063,67,5,10,0.149253731343284,10
54023_b,5893.95310974121,-9583.63305664063,99,5,10,0.101010101010101,10
54023_b,5893.95310974121,-9533.63305664062,134,5,10,0.0746268656716418,10
54023_b,5893.95310974121,-9233.63305664063,102,7,9,0.0882352941176471,9
54023_b,5893.95310974121,-9183.63305664063,78,12,10,0.128205128205128,10
54023_b,5893.95310974121,-9133.63305664062,48,21,8,0.166666666666667,8
54023_b,5893.95310974121,-9083.63305664063,37,43,7,0.189189189189189,7
54023_b,5943.95310974121,-9633.63305664063,43,5,9,0.209302325581395,9
54023_b,5943.95310974121,-9583.63305664063,70,5,9,0.128571428571429,9
54023_b,5943.95310974121,-9533.63305664062,99,5,9,0.0909090909090909,9
54023_b,5943.95310974121,-9283.63305664062,81,5,5,0.0617283950617284,5
54023_b,5943.95310974121,-9233.63305664063,73,8,11,0.150684931506849,11
54023_b,5943.95310974121,-9183.63305664063,55,11,11,0.2,11
54023_b,5943.95310974121,-9133.63305664062,32,14,7,0.21875,7
54023_b,5993.95310974121,-9383.63305664063,86,6,4,0.0465116279069768,4
54023_b,5993.95310974121,-9333.63305664063,74,8,7,0.0945945945945946,7
54023_b,5993.95310974121,-9283.63305664062,61,9,7,0.114754098360656,7
54023_b,5993.95310974121,-9233.63305664063,58,12,12,0.206896551724138,12
54023_b,5993.95310974121,-9183.63305664063,42,13,10,0.238095238095238,10
54023_b,6043.95310974121,-9383.63305664063,60,8,4,0.0666666666666667,4
54023_b,6043.95310974121,-9333.63305664063,50,9,5,0.1,5
54023_b,6043.95310974121,-9283.63305664062,40,10,5,0.125,5
54023_b,6043.95310974121,-9233.63305664063,35,12,5,0.142857142857143,5
54023_b,6093.95310974121,-9383.63305664063,30,9,4,0.133333333333333,4
54023_b,6643.95310974121,-9033.63305664062,33,52,10,0.303030303030303,10
54023_b,6643.95310974121,-8983.63305664063,32,44,10,0.3125,10
54023_b,6693.95310974121,-9033.63305664062,36,42,12,0.333333333333333,12
54023_b,6693.95310974121,-8983.63305664063,35,37,12,0.342857142857143,12
56784_c,12150.40965271,-11230.3745117188,99,11,20,0.202020202020202,20
56784_c,12150.40965271,-11180.3745117187,133,13,26,0.195488721804511,26
56784_c,12150.40965271,-11130.3745117188,170,15,34,0.2,34
56784_c,12150.40965271,-11080.3745117187,201,14,31,0.154228855721393,31
56784_c,12150.40965271,-11030.3745117188,199,12,30,0.150753768844221,30
56784_c,12150.40965271,-10980.3745117188,194,7,22,0.11340206185567,22
56784_c,12150.40965271,-10930.3745117188,176,5,16,0.0909090909090909,16
56784_c,12200.40965271,-11230.3745117188,114,12,24,0.210526315789474,24
56784_c,12200.40965271,-11180.3745117187,138,16,33,0.239130434782609,33
56784_c,12200.40965271,-11130.3745117188,159,16,33,0.207547169811321,33
56784_c,12200.40965271,-11080.3745117187,185,15,30,0.162162162162162,30
56784_c,12200.40965271,-11030.3745117188,190,12,25,0.131578947368421,25
56784_c,12200.40965271,-10980.3745117188,202,7,17,0.0841584158415842,17
56784_c,12250.40965271,-11230.3745117188,107,12,26,0.242990654205607,26
56784_c,12250.40965271,-11180.3745117187,130,16,35,0.269230769230769,35
56784_c,12250.40965271,-11130.3745117188,138,16,35,0.253623188405797,35
56784_c,12250.40965271,-11080.3745117187,159,15,32,0.20125786163522,32
56784_c,12250.40965271,-11030.3745117188,167,12,25,0.149700598802395,25
56784_c,12250.40965271,-10980.3745117188,193,7,17,0.0880829015544041,17
56784_c,12300.40965271,-11230.3745117188,124,5,15,0.120967741935484,15
56784_c,12300.40965271,-11180.3745117187,145,7,18,0.124137931034483,18
56784_c,12300.40965271,-11130.3745117188,150,7,18,0.12,18
56784_c,12300.40965271,-11080.3745117187,165,8,19,0.115151515151515,19
56784_c,12300.40965271,-11030.3745117188,174,6,15,0.0862068965517242,15
56784_c,12300.40965271,-10980.3745117188,195,5,11,0.0564102564102564,11
56784_c,12300.40965271,-10830.3745117188,195,5,27,0.138461538461538,27
56784_c,12300.40965271,-10780.3745117188,152,8,25,0.164473684210526,25
56784_c,12300.40965271,-10730.3745117188,108,8,25,0.231481481481482,25
56784_c,12300.40965271,-10680.3745117187,59,8,25,0.423728813559322,25
56784_c,12350.40965271,-10830.3745117188,206,5,28,0.135922330097087,28
56784_c,12350.40965271,-10780.3745117188,174,10,33,0.189655172413793,33
56784_c,12350.40965271,-10730.3745117188,136,12,35,0.257352941176471,35
56784_c,12350.40965271,-10680.3745117187,88,12,35,0.397727272727273,35
56784_c,12350.40965271,-10630.3745117188,42,11,19,0.452380952380952,19
56784_c,12400.40965271,-10780.3745117188,184,11,37,0.201086956521739,37
56784_c,12400.40965271,-10730.3745117188,157,14,43,0.273885350318471,43
56784_c,12400.40965271,-10680.3745117187,110,14,43,0.390909090909091,43
56784_c,12400.40965271,-10630.3745117188,67,13,27,0.402985074626866,27
56784_c,12450.40965271,-10830.3745117188,211,5,22,0.104265402843602,22
56784_c,12450.40965271,-10780.3745117188,201,12,34,0.169154228855721,34
56784_c,12450.40965271,-10730.3745117188,185,14,40,0.216216216216216,40
56784_c,12450.40965271,-10680.3745117187,150,15,47,0.313333333333333,47
56784_c,12450.40965271,-10630.3745117188,107,14,34,0.317757009345794,34
56784_c,12450.40965271,-10580.3745117188,60,11,27,0.45,27
56784_c,12500.40965271,-10780.3745117188,210,12,32,0.152380952380952,32
56784_c,12500.40965271,-10730.3745117188,199,14,42,0.21105527638191,42
56784_c,12500.40965271,-10680.3745117187,179,16,57,0.318435754189944,57
56784_c,12500.40965271,-10630.3745117188,143,16,52,0.363636363636364,52
56784_c,12500.40965271,-10580.3745117188,99,14,46,0.464646464646465,46
56784_c,12500.40965271,-10530.3745117188,64,6,26,0.40625,26
56784_c,12550.40965271,-10780.3745117188,221,5,18,0.081447963800905,18
56784_c,12550.40965271,-10730.3745117188,217,7,28,0.129032258064516,28
56784_c,12550.40965271,-10680.3745117187,201,9,43,0.213930348258706,43
56784_c,12550.40965271,-10630.3745117188,178,10,46,0.258426966292135,46
56784_c,12550.40965271,-10580.3745117188,136,10,46,0.338235294117647,46
56784_c,12550.40965271,-10530.3745117188,96,7,32,0.333333333333333,32
56784_c,12600.40965271,-10680.3745117187,226,6,46,0.20353982300885,46
56784_c,12600.40965271,-10630.3745117188,208,6,38,0.182692307692308,38
56784_c,12600.40965271,-10580.3745117188,178,6,38,0.213483146067416,38
56784_c,12600.40965271,-10530.3745117188,147,5,30,0.204081632653061,30
56784_c,12650.40965271,-11180.3745117187,96,5,22,0.229166666666667,22
56784_c,12650.40965271,-11130.3745117188,130,5,22,0.169230769230769,22
56784_c,12650.40965271,-11080.3745117187,158,6,25,0.158227848101266,25
56784_c,12650.40965271,-11030.3745117188,164,8,27,0.164634146341463,27
56784_c,12650.40965271,-10980.3745117188,185,12,25,0.135135135135135,25
56784_c,12650.40965271,-10930.3745117188,187,10,21,0.112299465240642,21
56784_c,12650.40965271,-10880.3745117188,202,11,29,0.143564356435644,29
56784_c,12650.40965271,-10830.3745117188,209,10,28,0.133971291866029,28
56784_c,12650.40965271,-10780.3745117188,222,8,28,0.126126126126126,28
56784_c,12650.40965271,-10580.3745117188,204,6,32,0.156862745098039,32
56784_c,12650.40965271,-10530.3745117188,174,6,28,0.160919540229885,28
56784_c,12650.40965271,-10480.3745117188,131,6,28,0.213740458015267,28
56784_c,12700.40965271,-11080.3745117187,134,5,24,0.17910447761194,24
56784_c,12700.40965271,-11030.3745117188,155,9,34,0.219354838709677,34
56784_c,12700.40965271,-10980.3745117188,181,19,39,0.215469613259669,39
56784_c,12700.40965271,-10930.3745117188,191,18,39,0.204188481675393,39
56784_c,12700.40965271,-10880.3745117188,202,19,45,0.222772277227723,45
56784_c,12700.40965271,-10830.3745117188,208,17,37,0.177884615384615,37
56784_c,12700.40965271,-10780.3745117188,214,14,34,0.158878504672897,34
56784_c,12700.40965271,-10580.3745117188,198,5,23,0.116161616161616,23
56784_c,12700.40965271,-10530.3745117188,182,6,25,0.137362637362637,25
56784_c,12700.40965271,-10480.3745117188,151,7,28,0.185430463576159,28
56784_c,12700.40965271,-10430.3745117188,114,7,24,0.210526315789474,24
56784_c,12700.40965271,-10380.3745117188,76,6,22,0.289473684210526,22
56784_c,12750.40965271,-11080.3745117187,100,5,22,0.22,22
56784_c,12750.40965271,-11030.3745117188,134,9,32,0.238805970149254,32
56784_c,12750.40965271,-10980.3745117188,159,20,39,0.245283018867925,39
56784_c,12750.40965271,-10930.3745117188,178,19,41,0.230337078651685,41
56784_c,12750.40965271,-10880.3745117188,192,20,47,0.244791666666667,47
56784_c,12750.40965271,-10830.3745117188,203,19,46,0.226600985221675,46
56784_c,12750.40965271,-10780.3745117188,206,15,36,0.174757281553398,36
56784_c,12750.40965271,-10530.3745117188,180,7,27,0.15,27
56784_c,12750.40965271,-10480.3745117188,160,11,42,0.2625,42
56784_c,12750.40965271,-10430.3745117188,140,11,43,0.307142857142857,43
56784_c,12750.40965271,-10380.3745117188,102,11,42,0.411764705882353,42
56784_c,12750.40965271,-10330.3745117188,60,8,29,0.483333333333333,29
56784_c,12800.40965271,-11030.3745117188,123,8,25,0.203252032520325,25
56784_c,12800.40965271,-10980.3745117188,152,19,36,0.236842105263158,36
56784_c,12800.40965271,-10930.3745117188,181,19,41,0.226519337016575,41
56784_c,12800.40965271,-10880.3745117188,200,20,46,0.23,46
56784_c,12800.40965271,-10830.3745117188,199,19,45,0.226130653266332,45
56784_c,12800.40965271,-10780.3745117188,194,15,35,0.180412371134021,35
56784_c,12800.40965271,-10530.3745117188,172,7,26,0.151162790697674,26
56784_c,12800.40965271,-10480.3745117188,163,14,46,0.282208588957055,46
56784_c,12800.40965271,-10430.3745117188,152,15,49,0.322368421052632,49
56784_c,12800.40965271,-10380.3745117188,115,15,48,0.417391304347826,48
56784_c,12800.40965271,-10330.3745117188,73,12,37,0.506849315068493,37
56784_c,12800.40965271,-10280.3745117188,35,9,22,0.628571428571429,22
56784_c,12850.40965271,-11030.3745117188,101,7,24,0.237623762376238,24
56784_c,12850.40965271,-10980.3745117188,127,19,36,0.283464566929134,36
56784_c,12850.40965271,-10930.3745117188,165,19,41,0.248484848484849,41
56784_c,12850.40965271,-10880.3745117188,187,19,38,0.203208556149733,38
56784_c,12850.40965271,-10830.3745117188,186,19,41,0.220430107526882,41
56784_c,12850.40965271,-10780.3745117188,183,17,38,0.207650273224044,38
56784_c,12850.40965271,-10730.3745117188,182,7,29,0.159340659340659,29
56784_c,12850.40965271,-10680.3745117187,161,7,26,0.161490683229814,26
56784_c,12850.40965271,-10630.3745117188,160,8,27,0.16875,27
56784_c,12850.40965271,-10580.3745117188,158,9,29,0.183544303797468,29
56784_c,12850.40965271,-10530.3745117188,153,10,37,0.241830065359477,37
56784_c,12850.40965271,-10480.3745117188,157,16,56,0.356687898089172,56
56784_c,12850.40965271,-10430.3745117188,148,18,59,0.398648648648649,59
56784_c,12850.40965271,-10380.3745117188,116,17,52,0.448275862068966,52
56784_c,12850.40965271,-10330.3745117188,79,14,41,0.518987341772152,41
56784_c,12850.40965271,-10280.3745117188,47,11,24,0.51063829787234,24
56784_c,12900.40965271,-10980.3745117188,102,10,17,0.166666666666667,17
56784_c,12900.40965271,-10930.3745117188,146,11,21,0.143835616438356,21
56784_c,12900.40965271,-10880.3745117188,176,11,21,0.119318181818182,21
56784_c,12900.40965271,-10830.3745117188,183,12,29,0.158469945355191,29
56784_c,12900.40965271,-10780.3745117188,184,13,33,0.179347826086957,33
56784_c,12900.40965271,-10730.3745117188,179,7,29,0.162011173184358,29
56784_c,12900.40965271,-10680.3745117187,158,7,26,0.164556962025316,26
56784_c,12900.40965271,-10630.3745117188,154,9,30,0.194805194805195,30
56784_c,12900.40965271,-10580.3745117188,153,8,26,0.169934640522876,26
56784_c,12900.40965271,-10530.3745117188,157,9,32,0.203821656050955,32
56784_c,12900.40965271,-10480.3745117188,167,16,56,0.335329341317365,56
56784_c,12900.40965271,-10430.3745117188,162,19,62,0.382716049382716,62
56784_c,12900.40965271,-10380.3745117188,136,18,54,0.397058823529412,54
56784_c,12900.40965271,-10330.3745117188,98,17,51,0.520408163265306,51
56784_c,12900.40965271,-10280.3745117188,60,14,31,0.516666666666667,31
56784_c,12950.40965271,-10780.3745117188,183,6,23,0.12568306010929,23
56784_c,12950.40965271,-10730.3745117188,179,6,23,0.128491620111732,23
56784_c,12950.40965271,-10680.3745117187,166,7,24,0.144578313253012,24
56784_c,12950.40965271,-10630.3745117188,154,10,31,0.201298701298701,31
56784_c,12950.40965271,-10580.3745117188,153,9,28,0.183006535947712,28
56784_c,12950.40965271,-10530.3745117188,158,9,31,0.19620253164557,31
56784_c,12950.40965271,-10480.3745117188,167,15,48,0.287425149700599,48
56784_c,12950.40965271,-10430.3745117188,157,17,51,0.32484076433121,51
56784_c,12950.40965271,-10380.3745117188,143,15,41,0.286713286713287,41
56784_c,12950.40965271,-10330.3745117188,113,14,39,0.345132743362832,39
56784_c,12950.40965271,-10280.3745117188,79,12,23,0.291139240506329,23
56784_c,13000.40965271,-10780.3745117188,176,6,27,0.153409090909091,27
56784_c,13000.40965271,-10730.3745117188,170,8,27,0.158823529411765,27
56784_c,13000.40965271,-10680.3745117187,157,8,20,0.127388535031847,20
56784_c,13000.40965271,-10630.3745117188,138,13,29,0.210144927536232,29
56784_c,13000.40965271,-10580.3745117188,139,13,28,0.201438848920863,28
56784_c,13000.40965271,-10530.3745117188,138,12,26,0.188405797101449,26
56784_c,13000.40965271,-10480.3745117188,152,13,33,0.217105263157895,33
56784_c,13000.40965271,-10430.3745117188,148,15,37,0.25,37
56784_c,13000.40965271,-10380.3745117188,153,11,27,0.176470588235294,27
56784_c,13000.40965271,-10330.3745117188,139,10,26,0.18705035971223,26
56784_c,13000.40965271,-10280.3745117188,114,11,22,0.192982456140351,22
56784_c,13000.40965271,-10230.3745117188,79,6,13,0.164556962025316,13
56784_c,13050.40965271,-10780.3745117188,150,6,25,0.166666666666667,25
56784_c,13050.40965271,-10730.3745117188,151,8,24,0.158940397350993,24
56784_c,13050.40965271,-10680.3745117187,147,9,17,0.115646258503401,17
56784_c,13050.40965271,-10630.3745117188,123,14,28,0.227642276422764,28
56784_c,13050.40965271,-10580.3745117188,125,15,29,0.232,29
56784_c,13050.40965271,-10530.3745117188,124,14,27,0.217741935483871,27
56784_c,13050.40965271,-10480.3745117188,142,12,31,0.21830985915493,31
56784_c,13050.40965271,-10430.3745117188,144,12,32,0.222222222222222,32
56784_c,13050.40965271,-10380.3745117188,163,8,22,0.134969325153374,22
56784_c,13050.40965271,-10330.3745117188,160,7,25,0.15625,25
56784_c,13050.40965271,-10280.3745117188,145,8,23,0.158620689655172,23
56784_c,13050.40965271,-10230.3745117188,115,6,20,0.173913043478261,20
56784_c,13100.40965271,-10680.3745117187,111,5,2,0.018018018018018,2
56784_c,13100.40965271,-10630.3745117188,95,9,13,0.136842105263158,13
56784_c,13100.40965271,-10580.3745117188,102,11,17,0.166666666666667,17
56784_c,13100.40965271,-10530.3745117188,106,12,21,0.19811320754717,21
56784_c,13100.40965271,-10480.3745117188,133,11,25,0.18796992481203,25
56784_c,13100.40965271,-10430.3745117188,150,11,28,0.186666666666667,28
56784_c,13100.40965271,-10380.3745117188,173,8,23,0.132947976878613,23
56784_c,13100.40965271,-10330.3745117188,175,8,33,0.188571428571429,33
56784_c,13100.40965271,-10280.3745117188,171,10,41,0.239766081871345,41
56784_c,13100.40965271,-10230.3745117188,148,9,39,0.263513513513514,39
56784_c,13100.40965271,-10180.3745117188,129,6,32,0.248062015503876,32
56784_c,13100.40965271,-10130.3745117188,97,6,33,0.34020618556701,33
56784_c,13150.40965271,-10680.3745117187,79,5,2,0.0253164556962025,2
56784_c,13150.40965271,-10630.3745117188,72,10,17,0.236111111111111,17
56784_c,13150.40965271,-10580.3745117188,82,12,21,0.25609756097561,21
56784_c,13150.40965271,-10530.3745117188,88,13,25,0.284090909090909,25
56784_c,13150.40965271,-10480.3745117188,120,11,24,0.2,24
56784_c,13150.40965271,-10430.3745117188,145,10,29,0.2,29
56784_c,13150.40965271,-10380.3745117188,177,5,18,0.101694915254237,18
56784_c,13150.40965271,-10330.3745117188,187,5,28,0.149732620320856,28
56784_c,13150.40965271,-10280.3745117188,192,7,39,0.203125,39
56784_c,13150.40965271,-10230.3745117188,177,8,41,0.231638418079096,41
56784_c,13150.40965271,-10180.3745117188,164,6,33,0.201219512195122,33
56784_c,13150.40965271,-10130.3745117188,131,7,37,0.282442748091603,37
56784_c,13150.40965271,-10080.3745117188,102,5,22,0.215686274509804,22
56784_c,13200.40965271,-10680.3745117187,43,5,1,0.0232558139534884,1
56784_c,13200.40965271,-10630.3745117188,48,9,13,0.270833333333333,13
56784_c,13200.40965271,-10580.3745117188,73,11,17,0.232876712328767,17
56784_c,13200.40965271,-10530.3745117188,88,12,21,0.238636363636364,21
56784_c,13200.40965271,-10480.3745117188,123,10,21,0.170731707317073,21
56784_c,13200.40965271,-10430.3745117188,158,9,27,0.170886075949367,27
56784_c,13200.40965271,-10380.3745117188,188,5,18,0.0957446808510638,18
56784_c,13200.40965271,-10330.3745117188,196,6,29,0.147959183673469,29
56784_c,13200.40965271,-10280.3745117188,201,9,45,0.223880597014925,45
56784_c,13200.40965271,-10230.3745117188,192,12,54,0.28125,54
56784_c,13200.40965271,-10180.3745117188,182,10,47,0.258241758241758,47
56784_c,13200.40965271,-10130.3745117188,160,11,51,0.31875,51
56784_c,13200.40965271,-10080.3745117188,142,9,43,0.302816901408451,43
56784_c,13200.40965271,-10030.3745117188,136,6,28,0.205882352941176,28
56784_c,13200.40965271,-9580.37451171875,125,5,7,0.056,7
56784_c,13200.40965271,-9530.37451171875,107,7,14,0.130841121495327,14
56784_c,13200.40965271,-9480.37451171875,83,7,15,0.180722891566265,15
56784_c,13200.40965271,-9430.37451171875,62,8,18,0.290322580645161,18
56784_c,13200.40965271,-9380.37451171875,40,7,15,0.375,15
56784_c,13250.40965271,-10630.3745117188,39,5,14,0.358974358974359,14
56784_c,13250.40965271,-10580.3745117188,73,6,17,0.232876712328767,17
56784_c,13250.40965271,-10530.3745117188,101,7,20,0.198019801980198,20
56784_c,13250.40965271,-10480.3745117188,132,7,21,0.159090909090909,21
56784_c,13250.40965271,-10430.3745117188,161,7,26,0.161490683229814,26
56784_c,13250.40965271,-10330.3745117188,181,6,28,0.154696132596685,28
56784_c,13250.40965271,-10280.3745117188,178,19,40,0.224719101123596,40
56784_c,13250.40965271,-10230.3745117188,178,23,51,0.286516853932584,51
56784_c,13250.40965271,-10180.3745117188,175,21,44,0.251428571428571,44
56784_c,13250.40965271,-10130.3745117188,165,22,48,0.290909090909091,48
56784_c,13250.40965271,-10080.3745117188,165,20,41,0.248484848484849,41
56784_c,13250.40965271,-10030.3745117188,167,7,30,0.179640718562874,30
56784_c,13250.40965271,-9930.37451171875,176,5,24,0.136363636363636,24
56784_c,13250.40965271,-9830.37451171875,178,5,14,0.0786516853932584,14
56784_c,13250.40965271,-9630.37451171875,181,6,16,0.0883977900552486,16
56784_c,13250.40965271,-9580.37451171875,155,9,8,0.0516129032258065,8
56784_c,13250.40965271,-9530.37451171875,126,13,16,0.126984126984127,16
56784_c,13250.40965271,-9480.37451171875,94,17,18,0.191489361702128,18
56784_c,13250.40965271,-9430.37451171875,65,23,22,0.338461538461539,22
56784_c,13250.40965271,-9380.37451171875,41,21,18,0.439024390243902,18
56784_c,13250.40965271,-9330.37451171875,31,17,18,0.580645161290323,18
56784_c,13300.40965271,-10480.3745117188,151,5,22,0.145695364238411,22
56784_c,13300.40965271,-10430.3745117188,182,7,35,0.192307692307692,35
56784_c,13300.40965271,-10330.3745117188,196,6,30,0.153061224489796,30
56784_c,13300.40965271,-10280.3745117188,185,22,46,0.248648648648649,46
56784_c,13300.40965271,-10230.3745117188,179,25,48,0.268156424581006,48
56784_c,13300.40965271,-10180.3745117188,171,23,35,0.204678362573099,35
56784_c,13300.40965271,-10130.3745117188,169,25,42,0.248520710059172,42
56784_c,13300.40965271,-10080.3745117188,174,24,45,0.258620689655172,45
56784_c,13300.40965271,-10030.3745117188,183,9,33,0.180327868852459,33
56784_c,13300.40965271,-9980.37451171875,201,6,25,0.124378109452736,25
56784_c,13300.40965271,-9930.37451171875,209,7,29,0.138755980861244,29
56784_c,13300.40965271,-9880.37451171875,209,5,22,0.105263157894737,22
56784_c,13300.40965271,-9830.37451171875,215,6,16,0.0744186046511628,16
56784_c,13300.40965271,-9780.37451171875,228,5,15,0.0657894736842105,15
56784_c,13300.40965271,-9730.37451171875,222,6,16,0.0720720720720721,16
56784_c,13300.40965271,-9680.37451171875,218,5,10,0.0458715596330275,10
56784_c,13300.40965271,-9630.37451171875,200,9,14,0.07,14
56784_c,13300.40965271,-9580.37451171875,163,16,8,0.049079754601227,8
56784_c,13300.40965271,-9530.37451171875,130,21,16,0.123076923076923,16
56784_c,13300.40965271,-9480.37451171875,99,26,18,0.181818181818182,18
56784_c,13300.40965271,-9430.37451171875,66,32,22,0.333333333333333,22
56784_c,13300.40965271,-9380.37451171875,41,33,18,0.439024390243902,18
56784_c,13300.40965271,-9330.37451171875,31,36,18,0.580645161290323,18
56784_c,13350.40965271,-10430.3745117188,186,6,32,0.172043010752688,32
56784_c,13350.40965271,-10280.3745117188,191,20,36,0.18848167539267,36
56784_c,13350.40965271,-10230.3745117188,172,24,38,0.22093023255814,38
56784_c,13350.40965271,-10180.3745117188,151,25,25,0.165562913907285,25
56784_c,13350.40965271,-10130.3745117188,140,27,28,0.2,28
56784_c,13350.40965271,-10080.3745117188,142,27,33,0.232394366197183,33
56784_c,13350.40965271,-10030.3745117188,150,16,28,0.186666666666667,28
56784_c,13350.40965271,-9980.37451171875,165,14,20,0.121212121212121,20
56784_c,13350.40965271,-9930.37451171875,180,15,24,0.133333333333333,24
56784_c,13350.40965271,-9880.37451171875,186,13,23,0.123655913978495,23
56784_c,13350.40965271,-9830.37451171875,191,16,20,0.104712041884817,20
56784_c,13350.40965271,-9780.37451171875,204,14,19,0.0931372549019608,19
56784_c,13350.40965271,-9730.37451171875,201,16,18,0.0895522388059701,18
56784_c,13350.40965271,-9680.37451171875,199,21,13,0.0653266331658292,13
56784_c,13350.40965271,-9630.37451171875,173,25,16,0.092485549132948,16
56784_c,13350.40965271,-9580.37451171875,137,32,10,0.072992700729927,10
56784_c,13350.40965271,-9530.37451171875,111,38,19,0.171171171171171,19
56784_c,13350.40965271,-9480.37451171875,88,47,24,0.272727272727273,24
56784_c,13350.40965271,-9430.37451171875,58,50,26,0.448275862068966,26
56784_c,13350.40965271,-9380.37451171875,41,54,22,0.536585365853659,22
56784_c,13350.40965271,-9330.37451171875,32,64,20,0.625,20
56784_c,13400.40965271,-10280.3745117188,192,22,41,0.213541666666667,41
56784_c,13400.40965271,-10230.3745117188,167,26,41,0.245508982035928,41
56784_c,13400.40965271,-10180.3745117188,139,29,28,0.201438848920863,28
56784_c,13400.40965271,-10130.3745117188,120,35,31,0.258333333333333,31
56784_c,13400.40965271,-10080.3745117188,112,40,34,0.303571428571429,34
56784_c,13400.40965271,-10030.3745117188,112,32,27,0.241071428571429,27
56784_c,13400.40965271,-9980.37451171875,123,34,20,0.16260162601626,20
56784_c,13400.40965271,-9930.37451171875,138,39,24,0.173913043478261,24
56784_c,13400.40965271,-9880.37451171875,145,38,23,0.158620689655172,23
56784_c,13400.40965271,-9830.37451171875,146,37,16,0.10958904109589,16
56784_c,13400.40965271,-9780.37451171875,159,33,13,0.0817610062893082,13
56784_c,13400.40965271,-9730.37451171875,158,31,11,0.069620253164557,11
56784_c,13400.40965271,-9680.37451171875,154,30,6,0.038961038961039,6
56784_c,13400.40965271,-9630.37451171875,134,29,9,0.0671641791044776,9
56784_c,13400.40965271,-9580.37451171875,106,35,8,0.0754716981132076,8
56784_c,13400.40965271,-9530.37451171875,96,38,22,0.229166666666667,22
56784_c,13400.40965271,-9480.37451171875,84,47,26,0.30952380952381,26
56784_c,13400.40965271,-9430.37451171875,67,53,30,0.447761194029851,30
56784_c,13400.40965271,-9380.37451171875,52,60,26,0.5,26
56784_c,13400.40965271,-9330.37451171875,44,78,24,0.545454545454545,24
56784_c,13450.40965271,-10280.3745117188,178,21,38,0.213483146067416,38
56784_c,13450.40965271,-10230.3745117188,154,25,31,0.201298701298701,31
56784_c,13450.40965271,-10180.3745117188,124,31,17,0.137096774193548,17
56784_c,13450.40965271,-10130.3745117188,100,37,17,0.17,17
56784_c,13450.40965271,-10080.3745117188,78,48,13,0.166666666666667,13
56784_c,13450.40965271,-10030.3745117188,71,49,7,0.0985915492957746,7
56784_c,13450.40965271,-9980.37451171875,82,67,5,0.0609756097560976,5
56784_c,13450.40965271,-9930.37451171875,92,79,9,0.0978260869565217,9
56784_c,13450.40965271,-9880.37451171875,100,87,8,0.08,8
56784_c,13450.40965271,-9830.37451171875,103,85,10,0.0970873786407767,10
56784_c,13450.40965271,-9780.37451171875,112,78,11,0.0982142857142857,11
56784_c,13450.40965271,-9730.37451171875,102,62,11,0.107843137254902,11
56784_c,13450.40965271,-9680.37451171875,100,52,7,0.07,7
56784_c,13450.40965271,-9630.37451171875,90,40,7,0.0777777777777778,7
56784_c,13450.40965271,-9580.37451171875,80,40,11,0.1375,11
56784_c,13450.40965271,-9530.37451171875,77,37,19,0.246753246753247,19
56784_c,13450.40965271,-9480.37451171875,80,44,28,0.35,28
56784_c,13450.40965271,-9430.37451171875,76,49,34,0.447368421052632,34
56784_c,13450.40965271,-9380.37451171875,65,58,36,0.553846153846154,36
56784_c,13450.40965271,-9330.37451171875,52,84,31,0.596153846153846,31
56784_c,13450.40965271,-9280.37451171875,35,129,22,0.628571428571429,22
56784_c,13450.40965271,-8980.37451171875,35,42,5,0.142857142857143,5
56784_c,13450.40965271,-8930.37451171875,40,13,5,0.125,5
56784_c,13500.40965271,-10280.3745117188,162,9,35,0.216049382716049,35
56784_c,13500.40965271,-10230.3745117188,146,12,25,0.171232876712329,25
56784_c,13500.40965271,-10180.3745117188,121,21,13,0.107438016528926,13
56784_c,13500.40965271,-10130.3745117188,97,31,14,0.144329896907216,14
56784_c,13500.40965271,-10080.3745117188,70,58,12,0.171428571428571,12
56784_c,13500.40965271,-10030.3745117188,51,88,8,0.156862745098039,8
56784_c,13500.40965271,-9980.37451171875,50,133,8,0.16,8
56784_c,13500.40965271,-9930.37451171875,54,149,8,0.148148148148148,8
56784_c,13500.40965271,-9880.37451171875,56,161,5,0.0892857142857143,5
56784_c,13500.40965271,-9830.37451171875,58,147,7,0.120689655172414,7
56784_c,13500.40965271,-9780.37451171875,60,128,8,0.133333333333333,8
56784_c,13500.40965271,-9730.37451171875,55,86,8,0.145454545454545,8
56784_c,13500.40965271,-9680.37451171875,65,69,11,0.169230769230769,11
56784_c,13500.40965271,-9630.37451171875,74,47,11,0.148648648648649,11
56784_c,13500.40965271,-9580.37451171875,79,43,20,0.253164556962025,20
56784_c,13500.40965271,-9530.37451171875,94,33,28,0.297872340425532,28
56784_c,13500.40965271,-9480.37451171875,108,37,40,0.37037037037037,40
56784_c,13500.40965271,-9430.37451171875,108,37,40,0.37037037037037,40
56784_c,13500.40965271,-9380.37451171875,100,48,48,0.48,48
56784_c,13500.40965271,-9330.37451171875,81,82,39,0.481481481481482,39
56784_c,13500.40965271,-9280.37451171875,58,140,29,0.5,29
56784_c,13500.40965271,-9230.37451171875,35,208,19,0.542857142857143,19
56784_c,13500.40965271,-9080.37451171875,45,188,18,0.4,18
56784_c,13500.40965271,-9030.37451171875,65,124,18,0.276923076923077,18
56784_c,13500.40965271,-8980.37451171875,87,45,18,0.206896551724138,18
56784_c,13500.40965271,-8930.37451171875,100,15,26,0.26,26
56784_c,13550.40965271,-10280.3745117188,114,5,16,0.140350877192982,16
56784_c,13550.40965271,-10230.3745117188,104,9,15,0.144230769230769,15
56784_c,13550.40965271,-10180.3745117188,89,18,11,0.123595505617978,11
56784_c,13550.40965271,-10130.3745117188,68,30,11,0.161764705882353,11
56784_c,13550.40965271,-10080.3745117188,44,69,9,0.204545454545455,9
56784_c,13550.40965271,-9680.37451171875,42,88,14,0.333333333333333,14
56784_c,13550.40965271,-9630.37451171875,65,59,15,0.230769230769231,15
56784_c,13550.40965271,-9580.37451171875,90,44,25,0.277777777777778,25
56784_c,13550.40965271,-9530.37451171875,119,27,33,0.277310924369748,33
56784_c,13550.40965271,-9480.37451171875,138,31,50,0.36231884057971,50
56784_c,13550.40965271,-9430.37451171875,144,30,49,0.340277777777778,49
56784_c,13550.40965271,-9380.37451171875,138,38,59,0.427536231884058,59
56784_c,13550.40965271,-9330.37451171875,112,69,49,0.4375,49
56784_c,13550.40965271,-9280.37451171875,82,118,37,0.451219512195122,37
56784_c,13550.40965271,-9230.37451171875,52,186,23,0.442307692307692,23
56784_c,13550.40965271,-9180.37451171875,43,208,17,0.395348837209302,17
56784_c,13550.40965271,-9130.37451171875,42,210,10,0.238095238095238,10
56784_c,13550.40965271,-9080.37451171875,69,177,23,0.333333333333333,23
56784_c,13550.40965271,-9030.37451171875,101,123,23,0.227722772277228,23
56784_c,13550.40965271,-8980.37451171875,134,45,21,0.156716417910448,21
56784_c,13550.40965271,-8930.37451171875,150,15,28,0.186666666666667,28
56784_c,13600.40965271,-10230.3745117188,71,6,8,0.112676056338028,8
56784_c,13600.40965271,-10180.3745117188,65,14,10,0.153846153846154,10
56784_c,13600.40965271,-10130.3745117188,54,25,10,0.185185185185185,10
56784_c,13600.40965271,-10080.3745117188,35,64,8,0.228571428571429,8
56784_c,13600.40965271,-9730.37451171875,30,117,10,0.333333333333333,10
56784_c,13600.40965271,-9680.37451171875,58,77,25,0.431034482758621,25
56784_c,13600.40965271,-9630.37451171875,88,48,29,0.329545454545455,29
56784_c,13600.40965271,-9580.37451171875,119,35,46,0.38655462184874,46
56784_c,13600.40965271,-9530.37451171875,148,15,43,0.290540540540541,43
56784_c,13600.40965271,-9480.37451171875,161,18,63,0.391304347826087,63
56784_c,13600.40965271,-9430.37451171875,169,20,65,0.384615384615385,65
56784_c,13600.40965271,-9380.37451171875,163,24,72,0.441717791411043,72
56784_c,13600.40965271,-9330.37451171875,134,47,59,0.440298507462687,59
56784_c,13600.40965271,-9280.37451171875,98,82,48,0.489795918367347,48
56784_c,13600.40965271,-9230.37451171875,71,119,32,0.450704225352113,32
56784_c,13600.40965271,-9180.37451171875,58,130,18,0.310344827586207,18
56784_c,13600.40965271,-9130.37451171875,64,133,11,0.171875,11
56784_c,13600.40965271,-9080.37451171875,99,108,24,0.242424242424242,24
56784_c,13600.40965271,-9030.37451171875,138,72,24,0.173913043478261,24
56784_c,13600.40965271,-8980.37451171875,169,29,21,0.124260355029586,21
56784_c,13600.40965271,-8930.37451171875,189,13,28,0.148148148148148,28
56784_c,13650.40965271,-10180.3745117188,40,9,5,0.125,5
56784_c,13650.40965271,-10130.3745117188,40,16,5,0.125,5
56784_c,13650.40965271,-10080.3745117188,31,50,5,0.161290322580645,5
56784_c,13650.40965271,-9730.37451171875,45,100,10,0.222222222222222,10
56784_c,13650.40965271,-9680.37451171875,80,66,25,0.3125,25
56784_c,13650.40965271,-9630.37451171875,111,43,29,0.261261261261261,29
56784_c,13650.40965271,-9580.37451171875,137,32,48,0.35036496350365,48
56784_c,13650.40965271,-9530.37451171875,159,14,38,0.238993710691824,38
56784_c,13650.40965271,-9480.37451171875,166,20,61,0.367469879518072,61
56784_c,13650.40965271,-9430.37451171875,167,20,63,0.377245508982036,63
56784_c,13650.40965271,-9380.37451171875,167,22,76,0.455089820359281,76
56784_c,13650.40965271,-9330.37451171875,136,38,62,0.455882352941176,62
56784_c,13650.40965271,-9280.37451171875,105,64,60,0.571428571428571,60
56784_c,13650.40965271,-9230.37451171875,88,78,39,0.443181818181818,39
56784_c,13650.40965271,-9180.37451171875,79,80,26,0.329113924050633,26
56784_c,13650.40965271,-9130.37451171875,83,75,8,0.0963855421686747,8
56784_c,13650.40965271,-9080.37451171875,123,55,19,0.154471544715447,19
56784_c,13650.40965271,-9030.37451171875,164,29,19,0.115853658536585,19
56784_c,13650.40965271,-8980.37451171875,196,7,16,0.0816326530612245,16
56784_c,13700.40965271,-9780.37451171875,35,157,7,0.2,7
56784_c,13700.40965271,-9730.37451171875,63,69,10,0.158730158730159,10
56784_c,13700.40965271,-9680.37451171875,105,44,20,0.19047619047619,20
56784_c,13700.40965271,-9630.37451171875,139,31,23,0.165467625899281,23
56784_c,13700.40965271,-9580.37451171875,161,24,38,0.236024844720497,38
56784_c,13700.40965271,-9530.37451171875,176,11,29,0.164772727272727,29
56784_c,13700.40965271,-9480.37451171875,180,18,47,0.261111111111111,47
56784_c,13700.40965271,-9430.37451171875,174,18,49,0.281609195402299,49
56784_c,13700.40965271,-9380.37451171875,169,20,62,0.366863905325444,62
56784_c,13700.40965271,-9330.37451171875,144,30,49,0.340277777777778,49
56784_c,13700.40965271,-9280.37451171875,112,42,48,0.428571428571429,48
56784_c,13700.40965271,-9230.37451171875,107,46,32,0.299065420560748,32
56784_c,13700.40965271,-9180.37451171875,108,45,26,0.240740740740741,26
56784_c,13700.40965271,-9130.37451171875,114,40,8,0.0701754385964912,8
56784_c,13700.40965271,-9080.37451171875,156,26,19,0.121794871794872,19
56784_c,13700.40965271,-9030.37451171875,190,15,24,0.126315789473684,24
56784_c,13700.40965271,-8980.37451171875,208,5,26,0.125,26
56784_c,13700.40965271,-8930.37451171875,226,5,36,0.15929203539823,36
56784_c,13700.40965271,-8880.37451171875,231,5,38,0.164502164502165,38
56784_c,13700.40965271,-8830.37451171875,222,6,29,0.130630630630631,29
56784_c,13700.40965271,-8780.37451171875,206,6,32,0.155339805825243,32
56784_c,13700.40965271,-8730.37451171875,197,6,33,0.16751269035533,33
56784_c,13700.40965271,-8630.37451171875,117,5,18,0.153846153846154,18
56784_c,13750.40965271,-9780.37451171875,36,106,7,0.194444444444444,7
56784_c,13750.40965271,-9730.37451171875,65,44,10,0.153846153846154,10
56784_c,13750.40965271,-9680.37451171875,105,27,20,0.19047619047619,20
56784_c,13750.40965271,-9630.37451171875,138,22,23,0.166666666666667,23
56784_c,13750.40965271,-9580.37451171875,165,17,34,0.206060606060606,34
56784_c,13750.40965271,-9530.37451171875,179,9,25,0.139664804469274,25
56784_c,13750.40965271,-9480.37451171875,181,16,43,0.237569060773481,43
56784_c,13750.40965271,-9430.37451171875,177,16,45,0.254237288135593,45
56784_c,13750.40965271,-9380.37451171875,166,17,52,0.313253012048193,52
56784_c,13750.40965271,-9330.37451171875,146,21,48,0.328767123287671,48
56784_c,13750.40965271,-9280.37451171875,121,22,47,0.388429752066116,47
56784_c,13750.40965271,-9230.37451171875,125,20,31,0.248,31
56784_c,13750.40965271,-9180.37451171875,125,17,22,0.176,22
56784_c,13750.40965271,-9130.37451171875,137,13,11,0.0802919708029197,11
56784_c,13750.40965271,-9080.37451171875,164,6,3,0.0182926829268293,3
56784_c,13750.40965271,-9030.37451171875,191,6,12,0.0628272251308901,12
56784_c,13750.40965271,-8830.37451171875,216,6,27,0.125,27
56784_c,13750.40965271,-8780.37451171875,211,6,27,0.127962085308057,27
56784_c,13750.40965271,-8730.37451171875,208,6,27,0.129807692307692,27
56784_c,13750.40965271,-8680.37451171875,178,6,22,0.123595505617978,22
56784_c,13750.40965271,-8630.37451171875,137,7,22,0.160583941605839,22
56784_c,13800.40965271,-9780.37451171875,36,17,6,0.166666666666667,6
56784_c,13800.40965271,-9730.37451171875,60,9,8,0.133333333333333,8
56784_c,13800.40965271,-9680.37451171875,99,6,12,0.121212121212121,12
56784_c,13800.40965271,-9630.37451171875,137,8,16,0.116788321167883,16
56784_c,13800.40965271,-9580.37451171875,163,12,31,0.190184049079755,31
56784_c,13800.40965271,-9530.37451171875,180,11,31,0.172222222222222,31
56784_c,13800.40965271,-9480.37451171875,187,20,49,0.262032085561497,49
56784_c,13800.40965271,-9430.37451171875,183,21,58,0.316939890710383,58
56784_c,13800.40965271,-9380.37451171875,172,21,63,0.366279069767442,63
56784_c,13800.40965271,-9330.37451171875,161,19,54,0.335403726708075,54
56784_c,13800.40965271,-9280.37451171875,146,19,48,0.328767123287671,48
56784_c,13800.40965271,-9230.37451171875,160,10,26,0.1625,26
56784_c,13800.40965271,-9180.37451171875,157,7,17,0.10828025477707,17
56784_c,13800.40965271,-8830.37451171875,197,6,27,0.137055837563452,27
56784_c,13800.40965271,-8780.37451171875,198,7,29,0.146464646464646,29
56784_c,13800.40965271,-8730.37451171875,204,8,34,0.166666666666667,34
56784_c,13800.40965271,-8680.37451171875,184,10,29,0.157608695652174,29
56784_c,13800.40965271,-8630.37451171875,144,11,29,0.201388888888889,29
56784_c,13800.40965271,-8580.37451171875,104,8,18,0.173076923076923,18
56784_c,13800.40965271,-8530.37451171875,64,6,8,0.125,8
56784_c,13850.40965271,-9580.37451171875,145,5,16,0.110344827586207,16
56784_c,13850.40965271,-9530.37451171875,172,6,24,0.13953488372093,24
56784_c,13850.40965271,-9480.37451171875,192,12,39,0.203125,39
56784_c,13850.40965271,-9430.37451171875,193,13,45,0.233160621761658,45
56784_c,13850.40965271,-9380.37451171875,181,15,51,0.281767955801105,51
56784_c,13850.40965271,-9330.37451171875,178,14,45,0.252808988764045,45
56784_c,13850.40965271,-9280.37451171875,167,13,39,0.233532934131737,39
56784_c,13850.40965271,-9230.37451171875,180,7,20,0.111111111111111,20
56784_c,13850.40965271,-9180.37451171875,181,6,18,0.0994475138121547,18
56784_c,13850.40965271,-8930.37451171875,190,5,27,0.142105263157895,27
56784_c,13850.40965271,-8880.37451171875,190,5,27,0.142105263157895,27
56784_c,13850.40965271,-8830.37451171875,183,8,34,0.185792349726776,34
56784_c,13850.40965271,-8780.37451171875,185,8,35,0.189189189189189,35
56784_c,13850.40965271,-8730.37451171875,175,9,41,0.234285714285714,41
56784_c,13850.40965271,-8680.37451171875,156,11,37,0.237179487179487,37
56784_c,13850.40965271,-8630.37451171875,122,12,37,0.30327868852459,37
56784_c,13850.40965271,-8580.37451171875,86,8,20,0.232558139534884,20
56784_c,13850.40965271,-8530.37451171875,48,6,8,0.166666666666667,8
56784_c,13900.40965271,-9530.37451171875,146,5,23,0.157534246575342,23
56784_c,13900.40965271,-9480.37451171875,170,10,38,0.223529411764706,38
56784_c,13900.40965271,-9430.37451171875,184,10,46,0.25,46
56784_c,13900.40965271,-9380.37451171875,178,11,49,0.275280898876405,49
56784_c,13900.40965271,-9330.37451171875,194,9,43,0.221649484536082,43
56784_c,13900.40965271,-9280.37451171875,191,8,35,0.183246073298429,35
56784_c,13900.40965271,-8880.37451171875,191,5,28,0.146596858638743,28
56784_c,13900.40965271,-8830.37451171875,184,9,33,0.179347826086957,33
56784_c,13900.40965271,-8780.37451171875,180,12,33,0.183333333333333,33
56784_c,13900.40965271,-8730.37451171875,162,13,39,0.240740740740741,39
56784_c,13900.40965271,-8680.37451171875,137,16,39,0.284671532846715,39
56784_c,13900.40965271,-8630.37451171875,103,16,36,0.349514563106796,36
56784_c,13900.40965271,-8580.37451171875,67,11,21,0.313432835820896,21
56784_c,13900.40965271,-8530.37451171875,34,6,8,0.235294117647059,8
56784_c,13950.40965271,-9480.37451171875,135,9,34,0.251851851851852,34
56784_c,13950.40965271,-9430.37451171875,163,10,52,0.319018404907975,52
56784_c,13950.40965271,-9380.37451171875,174,10,52,0.298850574712644,52
56784_c,13950.40965271,-9330.37451171875,197,9,50,0.253807106598985,50
56784_c,13950.40965271,-9280.37451171875,207,8,42,0.202898550724638,42
56784_c,13950.40965271,-8880.37451171875,185,5,15,0.0810810810810811,15
56784_c,13950.40965271,-8830.37451171875,178,9,26,0.146067415730337,26
56784_c,13950.40965271,-8780.37451171875,164,19,29,0.176829268292683,29
56784_c,13950.40965271,-8730.37451171875,134,23,35,0.261194029850746,35
56784_c,13950.40965271,-8680.37451171875,104,26,35,0.336538461538462,35
56784_c,13950.40965271,-8630.37451171875,75,23,29,0.386666666666667,29
56784_c,13950.40965271,-8580.37451171875,41,18,11,0.268292682926829,11
56784_c,14000.40965271,-9480.37451171875,98,8,30,0.306122448979592,30
56784_c,14000.40965271,-9430.37451171875,136,9,47,0.345588235294118,47
56784_c,14000.40965271,-9380.37451171875,161,9,47,0.291925465838509,47
56784_c,14000.40965271,-9330.37451171875,188,7,39,0.207446808510638,39
56784_c,14000.40965271,-9280.37451171875,208,6,33,0.158653846153846,33
56784_c,14000.40965271,-8880.37451171875,167,6,18,0.107784431137725,18
56784_c,14000.40965271,-8830.37451171875,162,23,28,0.17283950617284,28
56784_c,14000.40965271,-8780.37451171875,142,40,30,0.211267605633803,30
56784_c,14000.40965271,-8730.37451171875,114,44,36,0.315789473684211,36
56784_c,14000.40965271,-8680.37451171875,82,46,36,0.439024390243902,36
56784_c,14000.40965271,-8630.37451171875,56,42,27,0.482142857142857,27
56784_c,14050.40965271,-9080.37451171875,196,7,18,0.0918367346938776,18
56784_c,14050.40965271,-9030.37451171875,182,8,22,0.120879120879121,22
56784_c,14050.40965271,-8980.37451171875,171,8,22,0.128654970760234,22
56784_c,14050.40965271,-8930.37451171875,167,8,18,0.107784431137725,18
56784_c,14050.40965271,-8880.37451171875,148,15,21,0.141891891891892,21
56784_c,14050.40965271,-8830.37451171875,137,34,27,0.197080291970803,27
56784_c,14050.40965271,-8780.37451171875,114,51,26,0.228070175438597,26
56784_c,14050.40965271,-8730.37451171875,86,54,26,0.302325581395349,26
56784_c,14050.40965271,-8680.37451171875,50,53,24,0.48,24
56784_c,14050.40965271,-8630.37451171875,32,44,15,0.46875,15
56784_c,14100.40965271,-9130.37451171875,201,5,23,0.114427860696517,23
56784_c,14100.40965271,-9080.37451171875,191,9,30,0.157068062827225,30
56784_c,14100.40965271,-9030.37451171875,183,9,30,0.163934426229508,30
56784_c,14100.40965271,-8980.37451171875,169,9,30,0.177514792899408,30
56784_c,14100.40965271,-8930.37451171875,164,9,20,0.121951219512195,20
56784_c,14100.40965271,-8880.37451171875,147,18,15,0.102040816326531,15
56784_c,14100.40965271,-8830.37451171875,132,43,22,0.166666666666667,22
56784_c,14100.40965271,-8780.37451171875,99,61,25,0.252525252525253,25
56784_c,14100.40965271,-8730.37451171875,71,64,25,0.352112676056338,25
56784_c,14100.40965271,-8680.37451171875,34,62,21,0.617647058823529,21
56784_c,14150.40965271,-9130.37451171875,191,5,23,0.120418848167539,23
56784_c,14150.40965271,-9080.37451171875,188,9,30,0.159574468085106,30
56784_c,14150.40965271,-9030.37451171875,182,9,30,0.164835164835165,30
56784_c,14150.40965271,-8980.37451171875,174,9,30,0.172413793103448,30
56784_c,14150.40965271,-8930.37451171875,169,9,20,0.118343195266272,20
56784_c,14150.40965271,-8880.37451171875,148,19,11,0.0743243243243243,11
56784_c,14150.40965271,-8830.37451171875,126,50,15,0.119047619047619,15
56784_c,14150.40965271,-8780.37451171875,89,65,17,0.191011235955056,17
56784_c,14150.40965271,-8730.37451171875,62,68,17,0.274193548387097,17
56784_c,14200.40965271,-9130.37451171875,179,6,29,0.162011173184358,29
56784_c,14200.40965271,-9080.37451171875,182,10,36,0.197802197802198,36
56784_c,14200.40965271,-9030.37451171875,177,10,36,0.203389830508475,36
56784_c,14200.40965271,-8980.37451171875,166,9,30,0.180722891566265,30
56784_c,14200.40965271,-8930.37451171875,166,9,20,0.120481927710843,20
56784_c,14200.40965271,-8880.37451171875,150,20,11,0.0733333333333333,11
56784_c,14200.40965271,-8830.37451171875,122,51,12,0.0983606557377049,12
56784_c,14200.40965271,-8780.37451171875,96,59,12,0.125,12
56784_c,14200.40965271,-8730.37451171875,69,59,12,0.173913043478261,12
56784_c,14200.40965271,-8680.37451171875,30,57,8,0.266666666666667,8
56784_c,14250.40965271,-9430.37451171875,190,5,27,0.142105263157895,27
56784_c,14250.40965271,-9180.37451171875,178,5,29,0.162921348314607,29
56784_c,14250.40965271,-9130.37451171875,173,5,26,0.15028901734104,26
56784_c,14250.40965271,-9080.37451171875,185,9,33,0.178378378378378,33
56784_c,14250.40965271,-9030.37451171875,198,8,30,0.151515151515152,30
56784_c,14250.40965271,-8980.37451171875,192,9,37,0.192708333333333,37
56784_c,14250.40965271,-8930.37451171875,197,10,32,0.16243654822335,32
56784_c,14250.40965271,-8880.37451171875,179,22,26,0.145251396648045,26
56784_c,14250.40965271,-8830.37451171875,153,40,31,0.202614379084967,31
56784_c,14250.40965271,-8780.37451171875,122,43,29,0.237704918032787,29
56784_c,14250.40965271,-8730.37451171875,89,45,18,0.202247191011236,18
56784_c,14250.40965271,-8680.37451171875,49,42,11,0.224489795918367,11
56784_c,14250.40965271,-8630.37451171875,31,29,8,0.258064516129032,8
56784_c,14300.40965271,-9630.37451171875,123,5,23,0.186991869918699,23
56784_c,14300.40965271,-9580.37451171875,169,6,33,0.195266272189349,33
56784_c,14300.40965271,-9530.37451171875,189,6,33,0.174603174603175,33
56784_c,14300.40965271,-9480.37451171875,199,7,37,0.185929648241206,37
56784_c,14300.40965271,-9430.37451171875,194,9,38,0.195876288659794,38
56784_c,14300.40965271,-9380.37451171875,175,5,21,0.12,21
56784_c,14300.40965271,-9280.37451171875,142,5,21,0.147887323943662,21
56784_c,14300.40965271,-9230.37451171875,153,5,20,0.130718954248366,20
56784_c,14300.40965271,-9080.37451171875,179,6,28,0.156424581005587,28
56784_c,14300.40965271,-9030.37451171875,208,5,23,0.110576923076923,23
56784_c,14300.40965271,-8980.37451171875,209,6,30,0.143540669856459,30
56784_c,14300.40965271,-8930.37451171875,212,7,27,0.127358490566038,27
56784_c,14300.40965271,-8880.37451171875,203,14,22,0.108374384236453,22
56784_c,14300.40965271,-8830.37451171875,185,30,30,0.162162162162162,30
56784_c,14300.40965271,-8780.37451171875,145,40,30,0.206896551724138,30
56784_c,14300.40965271,-8730.37451171875,103,44,19,0.184466019417476,19
56784_c,14300.40965271,-8680.37451171875,63,43,14,0.222222222222222,14
56784_c,14300.40965271,-8630.37451171875,35,36,11,0.314285714285714,11
56784_c,14350.40965271,-9630.37451171875,131,5,23,0.175572519083969,23
56784_c,14350.40965271,-9580.37451171875,175,6,33,0.188571428571429,33
56784_c,14350.40965271,-9530.37451171875,185,7,33,0.178378378378378,33
56784_c,14350.40965271,-9480.37451171875,194,9,43,0.221649484536082,43
56784_c,14350.40965271,-9430.37451171875,186,11,48,0.258064516129032,48
56784_c,14350.40965271,-9380.37451171875,164,7,30,0.182926829268293,30
56784_c,14350.40965271,-9330.37451171875,144,6,27,0.1875,27
56784_c,14350.40965271,-9280.37451171875,146,6,31,0.212328767123288,31
56784_c,14350.40965271,-9230.37451171875,151,5,21,0.139072847682119,21
56784_c,14350.40965271,-8880.37451171875,234,9,23,0.0982905982905983,23
56784_c,14350.40965271,-8830.37451171875,210,27,33,0.157142857142857,33
56784_c,14350.40965271,-8780.37451171875,167,42,34,0.203592814371258,34
56784_c,14350.40965271,-8730.37451171875,116,50,25,0.21551724137931,25
56784_c,14350.40965271,-8680.37451171875,76,52,24,0.315789473684211,24
56784_c,14350.40965271,-8630.37451171875,48,49,22,0.458333333333333,22
56784_c,14350.40965271,-8580.37451171875,34,31,13,0.382352941176471,13
56784_c,14400.40965271,-9530.37451171875,159,5,19,0.119496855345912,19
56784_c,14400.40965271,-9480.37451171875,171,7,29,0.169590643274854,29
56784_c,14400.40965271,-9430.37451171875,170,9,34,0.2,34
56784_c,14400.40965271,-9380.37451171875,153,6,22,0.143790849673203,22
56784_c,14400.40965271,-9330.37451171875,132,6,23,0.174242424242424,23
56784_c,14400.40965271,-9280.37451171875,132,6,26,0.196969696969697,26
56784_c,14400.40965271,-9230.37451171875,137,7,19,0.138686131386861,19
56784_c,14400.40965271,-9180.37451171875,138,5,21,0.152173913043478,21
56784_c,14400.40965271,-9130.37451171875,149,5,23,0.154362416107383,23
56784_c,14400.40965271,-9080.37451171875,170,6,33,0.194117647058824,33
56784_c,14400.40965271,-9030.37451171875,213,5,28,0.131455399061033,28
56784_c,14400.40965271,-8930.37451171875,251,5,32,0.127490039840637,32
56784_c,14400.40965271,-8880.37451171875,244,7,23,0.0942622950819672,23
56784_c,14400.40965271,-8830.37451171875,223,19,33,0.147982062780269,33
56784_c,14400.40965271,-8780.37451171875,181,38,37,0.204419889502762,37
56784_c,14400.40965271,-8730.37451171875,131,46,28,0.213740458015267,28
56784_c,14400.40965271,-8680.37451171875,90,49,29,0.322222222222222,29
56784_c,14400.40965271,-8630.37451171875,72,49,29,0.402777777777778,29
56784_c,14400.40965271,-8580.37451171875,61,37,19,0.311475409836066,19
56784_c,14400.40965271,-8530.37451171875,43,18,14,0.325581395348837,14
56784_c,14400.40965271,-8480.37451171875,36,8,12,0.333333333333333,12
56784_c,14450.40965271,-9530.37451171875,115,5,19,0.165217391304348,19
56784_c,14450.40965271,-9480.37451171875,131,9,30,0.229007633587786,30
56784_c,14450.40965271,-9430.37451171875,141,10,37,0.262411347517731,37
56784_c,14450.40965271,-9380.37451171875,141,6,19,0.134751773049645,19
56784_c,14450.40965271,-9330.37451171875,132,6,19,0.143939393939394,19
56784_c,14450.40965271,-9280.37451171875,132,6,22,0.166666666666667,22
56784_c,14450.40965271,-9230.37451171875,139,5,11,0.079136690647482,11
56784_c,14450.40965271,-9130.37451171875,149,5,21,0.140939597315436,21
56784_c,14450.40965271,-9080.37451171875,162,6,31,0.191358024691358,31
56784_c,14450.40965271,-9030.37451171875,215,5,26,0.12093023255814,26
56784_c,14450.40965271,-8930.37451171875,264,5,32,0.121212121212121,32
56784_c,14450.40965271,-8830.37451171875,247,14,30,0.121457489878543,30
56784_c,14450.40965271,-8780.37451171875,200,33,36,0.18,36
56784_c,14450.40965271,-8730.37451171875,147,41,27,0.183673469387755,27
56784_c,14450.40965271,-8680.37451171875,113,44,28,0.247787610619469,28
56784_c,14450.40965271,-8630.37451171875,100,47,30,0.3,30
56784_c,14450.40965271,-8580.37451171875,89,38,22,0.247191011235955,22
56784_c,14450.40965271,-8530.37451171875,69,19,16,0.231884057971015,16
56784_c,14450.40965271,-8480.37451171875,59,9,14,0.23728813559322,14
56784_c,14450.40965271,-8430.37451171875,42,5,10,0.238095238095238,10
56784_c,14500.40965271,-9480.37451171875,99,8,25,0.252525252525253,25
56784_c,14500.40965271,-9430.37451171875,124,9,33,0.266129032258065,33
56784_c,14500.40965271,-9380.37451171875,137,7,22,0.160583941605839,22
56784_c,14500.40965271,-9330.37451171875,144,8,29,0.201388888888889,29
56784_c,14500.40965271,-9280.37451171875,147,7,28,0.19047619047619,28
56784_c,14500.40965271,-9230.37451171875,144,6,14,0.0972222222222222,14
56784_c,14500.40965271,-9180.37451171875,143,5,18,0.125874125874126,18
56784_c,14500.40965271,-9130.37451171875,147,5,21,0.142857142857143,21
56784_c,14500.40965271,-9080.37451171875,154,5,26,0.168831168831169,26
56784_c,14500.40965271,-9030.37451171875,204,5,26,0.127450980392157,26
56784_c,14500.40965271,-8830.37451171875,242,10,6,0.0247933884297521,6
56784_c,14500.40965271,-8780.37451171875,198,27,13,0.0656565656565657,13
56784_c,14500.40965271,-8730.37451171875,147,33,15,0.102040816326531,15
56784_c,14500.40965271,-8680.37451171875,121,37,19,0.15702479338843,19
56784_c,14500.40965271,-8630.37451171875,116,41,30,0.258620689655172,30
56784_c,14500.40965271,-8580.37451171875,113,33,29,0.256637168141593,29
56784_c,14500.40965271,-8530.37451171875,101,16,24,0.237623762376238,24
56784_c,14500.40965271,-8480.37451171875,91,10,22,0.241758241758242,22
56784_c,14500.40965271,-8430.37451171875,65,6,17,0.261538461538462,17
56784_c,14550.40965271,-9480.37451171875,72,5,16,0.222222222222222,16
56784_c,14550.40965271,-9430.37451171875,117,5,23,0.196581196581197,23
56784_c,14550.40965271,-9380.37451171875,144,6,24,0.166666666666667,24
56784_c,14550.40965271,-9330.37451171875,168,7,32,0.19047619047619,32
56784_c,14550.40965271,-9280.37451171875,183,6,32,0.174863387978142,32
56784_c,14550.40965271,-9230.37451171875,189,7,30,0.158730158730159,30
56784_c,14550.40965271,-9180.37451171875,177,7,35,0.19774011299435,35
56784_c,14550.40965271,-9130.37451171875,174,6,31,0.17816091954023,31
56784_c,14550.40965271,-9080.37451171875,181,5,27,0.149171270718232,27
56784_c,14550.40965271,-9030.37451171875,219,5,26,0.118721461187215,26
56784_c,14550.40965271,-8830.37451171875,242,10,10,0.0413223140495868,10
56784_c,14550.40965271,-8780.37451171875,211,19,16,0.0758293838862559,16
56784_c,14550.40965271,-8730.37451171875,171,23,18,0.105263157894737,18
56784_c,14550.40965271,-8680.37451171875,150,26,22,0.146666666666667,22
56784_c,14550.40965271,-8630.37451171875,154,29,35,0.227272727272727,35
56784_c,14550.40965271,-8580.37451171875,142,21,30,0.211267605633803,30
56784_c,14550.40965271,-8530.37451171875,123,12,26,0.211382113821138,26
56784_c,14550.40965271,-8480.37451171875,107,8,24,0.224299065420561,24
56784_c,14550.40965271,-8430.37451171875,74,5,19,0.256756756756757,19
56784_c,14600.40965271,-9330.37451171875,149,5,22,0.147651006711409,22
56784_c,14600.40965271,-9280.37451171875,171,6,27,0.157894736842105,27
56784_c,14600.40965271,-9230.37451171875,187,9,37,0.197860962566845,37
56784_c,14600.40965271,-9180.37451171875,181,9,42,0.232044198895028,42
56784_c,14600.40965271,-9130.37451171875,177,10,40,0.225988700564972,40
56784_c,14600.40965271,-9080.37451171875,180,9,37,0.205555555555556,37
56784_c,14600.40965271,-9030.37451171875,208,8,32,0.153846153846154,32
56784_c,14600.40965271,-8780.37451171875,220,6,11,0.05,11
56784_c,14600.40965271,-8730.37451171875,191,6,11,0.0575916230366492,11
56784_c,14600.40965271,-8680.37451171875,177,8,22,0.124293785310734,22
56784_c,14600.40965271,-8630.37451171875,182,10,34,0.186813186813187,34
56784_c,14600.40965271,-8580.37451171875,166,9,28,0.168674698795181,28
56784_c,14600.40965271,-8530.37451171875,142,5,25,0.176056338028169,25
56784_c,14600.40965271,-8480.37451171875,122,5,25,0.204918032786885,25
56784_c,14650.40965271,-9330.37451171875,123,5,22,0.178861788617886,22
56784_c,14650.40965271,-9280.37451171875,147,6,28,0.19047619047619,28
56784_c,14650.40965271,-9230.37451171875,168,8,37,0.220238095238095,37
56784_c,14650.40965271,-9180.37451171875,166,8,39,0.234939759036145,39
56784_c,14650.40965271,-9130.37451171875,167,8,31,0.18562874251497,31
56784_c,14650.40965271,-9080.37451171875,176,7,27,0.153409090909091,27
56784_c,14650.40965271,-9030.37451171875,200,6,21,0.105,21
56784_c,14650.40965271,-8630.37451171875,194,5,30,0.154639175257732,30
56784_c,14700.40965271,-9230.37451171875,131,7,35,0.267175572519084,35
56784_c,14700.40965271,-9180.37451171875,127,7,35,0.275590551181102,35
56784_c,14700.40965271,-9130.37451171875,142,7,27,0.190140845070423,27
56784_c,14700.40965271,-9080.37451171875,154,9,31,0.201298701298701,31
56784_c,14700.40965271,-9030.37451171875,174,9,29,0.166666666666667,29
56784_c,14700.40965271,-8980.37451171875,190,7,21,0.110526315789474,21
56784_c,14700.40965271,-8930.37451171875,212,8,26,0.122641509433962,26
56784_c,14700.40965271,-8880.37451171875,227,8,26,0.114537444933921,26
56784_c,14700.40965271,-8830.37451171875,230,8,36,0.156521739130435,36
56784_c,14700.40965271,-8780.37451171875,224,7,31,0.138392857142857,31
56784_c,14700.40965271,-8730.37451171875,211,7,34,0.161137440758294,34
56784_c,14700.40965271,-8680.37451171875,207,8,42,0.202898550724638,42
56784_c,14700.40965271,-8630.37451171875,186,8,43,0.231182795698925,43
56784_c,14700.40965271,-8580.37451171875,155,5,28,0.180645161290323,28
56784_c,14700.40965271,-8530.37451171875,125,5,28,0.224,28
56784_c,14750.40965271,-9230.37451171875,92,5,25,0.271739130434783,25
56784_c,14750.40965271,-9180.37451171875,92,6,25,0.271739130434783,25
56784_c,14750.40965271,-9130.37451171875,113,10,25,0.221238938053097,25
56784_c,14750.40965271,-9080.37451171875,124,16,34,0.274193548387097,34
56784_c,14750.40965271,-9030.37451171875,141,19,36,0.25531914893617,36
56784_c,14750.40965271,-8980.37451171875,151,17,28,0.185430463576159,28
56784_c,14750.40965271,-8930.37451171875,181,17,33,0.18232044198895,33
56784_c,14750.40965271,-8880.37451171875,194,15,31,0.15979381443299,31
56784_c,14750.40965271,-8830.37451171875,200,13,42,0.21,42
56784_c,14750.40965271,-8780.37451171875,202,10,36,0.178217821782178,36
56784_c,14750.40965271,-8730.37451171875,197,10,41,0.208121827411168,41
56784_c,14750.40965271,-8680.37451171875,196,11,49,0.25,49
56784_c,14750.40965271,-8630.37451171875,172,9,39,0.226744186046512,39
56784_c,14750.40965271,-8580.37451171875,143,5,23,0.160839160839161,23
56784_c,14800.40965271,-9180.37451171875,34,7,9,0.264705882352941,9
56784_c,14800.40965271,-9130.37451171875,61,16,13,0.213114754098361,13
56784_c,14800.40965271,-9080.37451171875,74,33,22,0.297297297297297,22
56784_c,14800.40965271,-9030.37451171875,91,40,25,0.274725274725275,25
56784_c,14800.40965271,-8980.37451171875,111,39,27,0.243243243243243,27
56784_c,14800.40965271,-8930.37451171875,145,38,34,0.23448275862069,34
56784_c,14800.40965271,-8880.37451171875,157,32,33,0.210191082802548,33
56784_c,14800.40965271,-8830.37451171875,166,21,42,0.253012048192771,42
56784_c,14800.40965271,-8780.37451171875,173,14,35,0.202312138728324,35
56784_c,14800.40965271,-8730.37451171875,172,13,40,0.232558139534884,40
56784_c,14800.40965271,-8680.37451171875,172,13,43,0.25,43
56784_c,14800.40965271,-8630.37451171875,149,11,32,0.214765100671141,32
56784_c,14800.40965271,-8580.37451171875,130,5,20,0.153846153846154,20
56784_c,14800.40965271,-8530.37451171875,97,5,15,0.154639175257732,15
56784_c,14800.40965271,-8480.37451171875,91,5,15,0.164835164835165,15
56784_c,14850.40965271,-9080.37451171875,40,34,13,0.325,13
56784_c,14850.40965271,-9030.37451171875,57,44,21,0.368421052631579,21
56784_c,14850.40965271,-8980.37451171875,74,44,25,0.337837837837838,25
56784_c,14850.40965271,-8930.37451171875,103,47,34,0.330097087378641,34
56784_c,14850.40965271,-8880.37451171875,115,39,39,0.339130434782609,39
56784_c,14850.40965271,-8830.37451171875,137,27,46,0.335766423357664,46
56784_c,14850.40965271,-8780.37451171875,156,20,45,0.288461538461538,45
56784_c,14850.40965271,-8730.37451171875,168,20,58,0.345238095238095,58
56784_c,14850.40965271,-8680.37451171875,171,15,49,0.286549707602339,49
56784_c,14850.40965271,-8630.37451171875,149,13,39,0.261744966442953,39
56784_c,14850.40965271,-8580.37451171875,120,7,28,0.233333333333333,28
56784_c,14850.40965271,-8530.37451171875,88,5,17,0.193181818181818,17
56784_c,14900.40965271,-8980.37451171875,39,48,21,0.538461538461538,21
56784_c,14900.40965271,-8930.37451171875,65,48,30,0.461538461538462,30
56784_c,14900.40965271,-8880.37451171875,72,40,35,0.486111111111111,35
56784_c,14900.40965271,-8830.37451171875,98,27,40,0.408163265306122,40
56784_c,14900.40965271,-8780.37451171875,138,19,43,0.311594202898551,43
56784_c,14900.40965271,-8730.37451171875,159,20,58,0.364779874213836,58
56784_c,14900.40965271,-8680.37451171875,162,16,50,0.308641975308642,50
56784_c,14900.40965271,-8630.37451171875,151,13,43,0.28476821192053,43
56784_c,14900.40965271,-8580.37451171875,127,8,35,0.275590551181102,35
56784_c,14900.40965271,-8530.37451171875,85,6,20,0.235294117647059,20
56784_c,14950.40965271,-8930.37451171875,30,44,11,0.366666666666667,11
56784_c,14950.40965271,-8880.37451171875,38,32,13,0.342105263157895,13
56784_c,14950.40965271,-8830.37451171875,71,21,18,0.253521126760563,18
56784_c,14950.40965271,-8780.37451171875,115,14,26,0.226086956521739,26
56784_c,14950.40965271,-8730.37451171875,144,15,40,0.277777777777778,40
56784_c,14950.40965271,-8680.37451171875,151,11,33,0.218543046357616,33
56784_c,14950.40965271,-8630.37451171875,149,10,31,0.208053691275168,31
56784_c,14950.40965271,-8580.37451171875,118,6,27,0.228813559322034,27
56784_c,14950.40965271,-8530.37451171875,83,5,21,0.253012048192771,21
56784_c,15000.40965271,-8830.37451171875,50,16,11,0.22,11
56784_c,15000.40965271,-8780.37451171875,100,11,21,0.21,21
56784_c,15000.40965271,-8730.37451171875,134,12,35,0.261194029850746,35
56784_c,15000.40965271,-8680.37451171875,144,8,29,0.201388888888889,29
56784_c,15000.40965271,-8630.37451171875,145,8,28,0.193103448275862,28
56784_c,15000.40965271,-8580.37451171875,122,5,25,0.204918032786885,25
56784_c,15000.40965271,-8530.37451171875,91,6,23,0.252747252747253,23
56784_c,15000.40965271,-8480.37451171875,73,5,15,0.205479452054795,15
56784_c,15050.40965271,-8830.37451171875,38,8,5,0.131578947368421,5
56784_c,15050.40965271,-8780.37451171875,87,7,15,0.172413793103448,15
56784_c,15050.40965271,-8730.37451171875,128,9,29,0.2265625,29
56784_c,15050.40965271,-8680.37451171875,149,7,30,0.201342281879195,30
56784_c,15050.40965271,-8630.37451171875,162,6,30,0.185185185185185,30
56784_c,15050.40965271,-8580.37451171875,144,6,30,0.208333333333333,30
56784_c,15050.40965271,-8530.37451171875,123,6,29,0.235772357723577,29
56784_c,15050.40965271,-8480.37451171875,93,5,20,0.21505376344086,20
56784_c,15100.40965271,-9230.37451171875,31,21,25,0.806451612903226,25
56784_c,15100.40965271,-9180.37451171875,32,35,26,0.8125,26
56784_c,15100.40965271,-9130.37451171875,32,40,26,0.8125,26
56784_c,15100.40965271,-8580.37451171875,167,5,25,0.149700598802395,25
56784_c,15100.40965271,-8530.37451171875,155,7,34,0.219354838709677,34
56784_c,15100.40965271,-8480.37451171875,129,7,34,0.263565891472868,34
56784_c,15100.40965271,-8430.37451171875,102,5,26,0.254901960784314,26
56784_c,15150.40965271,-9280.37451171875,44,6,30,0.681818181818182,30
56784_c,15150.40965271,-9230.37451171875,48,21,34,0.708333333333333,34
56784_c,15150.40965271,-9180.37451171875,49,35,35,0.714285714285714,35
56784_c,15150.40965271,-9130.37451171875,47,42,35,0.74468085106383,35
56784_c,15150.40965271,-9080.37451171875,30,44,24,0.8,24
56784_c,15150.40965271,-8580.37451171875,171,5,29,0.169590643274854,29
56784_c,15150.40965271,-8530.37451171875,179,7,38,0.212290502793296,38
56784_c,15150.40965271,-8480.37451171875,156,8,44,0.282051282051282,44
56784_c,15150.40965271,-8430.37451171875,130,8,36,0.276923076923077,36
56784_c,15150.40965271,-8380.37451171875,99,6,27,0.272727272727273,27
56784_c,15200.40965271,-9280.37451171875,45,16,34,0.755555555555556,34
56784_c,15200.40965271,-9230.37451171875,50,31,39,0.78,39
56784_c,15200.40965271,-9180.37451171875,51,44,40,0.784313725490196,40
56784_c,15200.40965271,-9130.37451171875,48,51,39,0.8125,39
56784_c,15200.40965271,-8780.37451171875,51,6,0,0,0
56784_c,15200.40965271,-8730.37451171875,93,5,0,0,0
56784_c,15200.40965271,-8580.37451171875,195,8,38,0.194871794871795,38
56784_c,15200.40965271,-8530.37451171875,198,9,43,0.217171717171717,43
56784_c,15200.40965271,-8480.37451171875,181,10,49,0.270718232044199,49
56784_c,15200.40965271,-8430.37451171875,155,10,40,0.258064516129032,40
56784_c,15200.40965271,-8380.37451171875,118,7,29,0.245762711864407,29
56784_c,15250.40965271,-9280.37451171875,46,16,32,0.695652173913044,32
56784_c,15250.40965271,-9230.37451171875,52,27,33,0.634615384615385,33
56784_c,15250.40965271,-9180.37451171875,52,36,33,0.634615384615385,33
56784_c,15250.40965271,-9130.37451171875,45,45,29,0.644444444444445,29
56784_c,15250.40965271,-8830.37451171875,30,9,7,0.233333333333333,7
56784_c,15250.40965271,-8780.37451171875,64,7,0,0,0
56784_c,15250.40965271,-8730.37451171875,103,6,0,0,0
56784_c,15250.40965271,-8630.37451171875,184,5,24,0.130434782608696,24
56784_c,15250.40965271,-8580.37451171875,201,10,46,0.228855721393035,46
56784_c,15250.40965271,-8530.37451171875,207,10,48,0.231884057971015,48
56784_c,15250.40965271,-8480.37451171875,194,11,54,0.278350515463918,54
56784_c,15250.40965271,-8430.37451171875,172,11,46,0.267441860465116,46
56784_c,15250.40965271,-8380.37451171875,130,7,31,0.238461538461538,31
56784_c,15300.40965271,-9280.37451171875,49,17,30,0.612244897959184,30
56784_c,15300.40965271,-9230.37451171875,59,25,31,0.525423728813559,31
56784_c,15300.40965271,-9180.37451171875,62,34,34,0.548387096774194,34
56784_c,15300.40965271,-9130.37451171875,57,43,31,0.543859649122807,31
56784_c,15300.40965271,-9080.37451171875,41,37,20,0.487804878048781,20
56784_c,15300.40965271,-9030.37451171875,33,31,17,0.515151515151515,17
56784_c,15300.40965271,-8980.37451171875,35,25,17,0.485714285714286,17
56784_c,15300.40965271,-8930.37451171875,32,19,15,0.46875,15
56784_c,15300.40965271,-8880.37451171875,35,10,13,0.371428571428571,13
56784_c,15300.40965271,-8830.37451171875,58,9,10,0.172413793103448,10
56784_c,15300.40965271,-8780.37451171875,95,7,2,0.0210526315789474,2
56784_c,15300.40965271,-8730.37451171875,125,5,0,0,0
56784_c,15300.40965271,-8630.37451171875,201,5,28,0.139303482587065,28
56784_c,15300.40965271,-8580.37451171875,212,10,49,0.231132075471698,49
56784_c,15300.40965271,-8530.37451171875,207,10,51,0.246376811594203,51
56784_c,15300.40965271,-8480.37451171875,199,10,51,0.256281407035176,51
56784_c,15300.40965271,-8430.37451171875,189,10,43,0.227513227513228,43
56784_c,15300.40965271,-8380.37451171875,152,6,24,0.157894736842105,24
56784_c,15350.40965271,-9330.37451171875,30,8,13,0.433333333333333,13
56784_c,15350.40965271,-9280.37451171875,47,16,20,0.425531914893617,20
56784_c,15350.40965271,-9230.37451171875,63,21,21,0.333333333333333,21
56784_c,15350.40965271,-9180.37451171875,71,27,26,0.366197183098592,26
56784_c,15350.40965271,-9130.37451171875,65,36,22,0.338461538461539,22
56784_c,15350.40965271,-9080.37451171875,52,33,21,0.403846153846154,21
56784_c,15350.40965271,-9030.37451171875,56,27,25,0.446428571428571,25
56784_c,15350.40965271,-8980.37451171875,60,23,27,0.45,27
56784_c,15350.40965271,-8930.37451171875,52,18,23,0.442307692307692,23
56784_c,15350.40965271,-8880.37451171875,52,9,19,0.365384615384615,19
56784_c,15350.40965271,-8830.37451171875,80,6,12,0.15,12
56784_c,15350.40965271,-8580.37451171875,215,8,38,0.176744186046512,38
56784_c,15350.40965271,-8530.37451171875,207,10,49,0.236714975845411,49
56784_c,15350.40965271,-8480.37451171875,192,10,50,0.260416666666667,50
56784_c,15350.40965271,-8430.37451171875,195,10,42,0.215384615384615,42
56784_c,15350.40965271,-8380.37451171875,165,7,28,0.16969696969697,28
56784_c,15400.40965271,-9280.37451171875,38,16,21,0.552631578947369,21
56784_c,15400.40965271,-9230.37451171875,61,18,26,0.426229508196721,26
56784_c,15400.40965271,-9180.37451171875,81,21,31,0.382716049382716,31
56784_c,15400.40965271,-9130.37451171875,80,31,28,0.35,28
56784_c,15400.40965271,-9080.37451171875,73,28,27,0.36986301369863,27
56784_c,15400.40965271,-9030.37451171875,85,24,29,0.341176470588235,29
56784_c,15400.40965271,-8980.37451171875,84,23,30,0.357142857142857,30
56784_c,15400.40965271,-8930.37451171875,65,21,26,0.4,26
56784_c,15400.40965271,-8880.37451171875,65,11,21,0.323076923076923,21
56784_c,15400.40965271,-8830.37451171875,101,7,14,0.138613861386139,14
56784_c,15400.40965271,-8580.37451171875,217,6,28,0.129032258064516,28
56784_c,15400.40965271,-8530.37451171875,212,9,45,0.212264150943396,45
56784_c,15400.40965271,-8480.37451171875,199,10,50,0.251256281407035,50
56784_c,15400.40965271,-8430.37451171875,201,9,42,0.208955223880597,42
56784_c,15400.40965271,-8380.37451171875,171,7,32,0.187134502923977,32
56784_c,15450.40965271,-9280.37451171875,41,9,19,0.463414634146342,19
56784_c,15450.40965271,-9230.37451171875,67,11,27,0.402985074626866,27
56784_c,15450.40965271,-9180.37451171875,87,12,32,0.367816091954023,32
56784_c,15450.40965271,-9130.37451171875,87,20,30,0.344827586206897,30
56784_c,15450.40965271,-9080.37451171875,78,20,30,0.384615384615385,30
56784_c,15450.40965271,-9030.37451171875,94,20,32,0.340425531914894,32
56784_c,15450.40965271,-8980.37451171875,96,19,30,0.3125,30
56784_c,15450.40965271,-8930.37451171875,82,19,26,0.317073170731707,26
56784_c,15450.40965271,-8880.37451171875,85,9,21,0.247058823529412,21
56784_c,15450.40965271,-8830.37451171875,126,5,14,0.111111111111111,14
56784_c,15450.40965271,-8530.37451171875,227,6,35,0.154185022026432,35
56784_c,15450.40965271,-8480.37451171875,215,7,40,0.186046511627907,40
56784_c,15450.40965271,-8430.37451171875,214,7,38,0.177570093457944,38
56784_c,15450.40965271,-8380.37451171875,194,6,30,0.154639175257732,30
56784_c,15500.40965271,-9280.37451171875,39,8,17,0.435897435897436,17
56784_c,15500.40965271,-9230.37451171875,61,10,25,0.409836065573771,25
56784_c,15500.40965271,-9180.37451171875,81,11,30,0.37037037037037,30
56784_c,15500.40965271,-9130.37451171875,86,17,32,0.372093023255814,32
56784_c,15500.40965271,-9080.37451171875,76,18,31,0.407894736842105,31
56784_c,15500.40965271,-9030.37451171875,91,15,23,0.252747252747253,23
56784_c,15500.40965271,-8980.37451171875,96,14,21,0.21875,21
56784_c,15500.40965271,-8930.37451171875,88,13,17,0.193181818181818,17
56784_c,15500.40965271,-8880.37451171875,89,8,14,0.157303370786517,14
56784_c,15500.40965271,-8530.37451171875,233,5,29,0.124463519313305,29
56784_c,15500.40965271,-8480.37451171875,227,6,36,0.158590308370044,36
56784_c,15500.40965271,-8430.37451171875,221,6,34,0.153846153846154,34
56784_c,15500.40965271,-8380.37451171875,202,7,37,0.183168316831683,37
56784_c,15550.40965271,-9280.37451171875,33,13,13,0.393939393939394,13
56784_c,15550.40965271,-9230.37451171875,50,18,21,0.42,21
56784_c,15550.40965271,-9180.37451171875,67,19,21,0.313432835820896,21
56784_c,15550.40965271,-9130.37451171875,71,24,24,0.338028169014085,24
56784_c,15550.40965271,-9080.37451171875,67,22,19,0.283582089552239,19
56784_c,15550.40965271,-9030.37451171875,91,16,17,0.186813186813187,17
56784_c,15550.40965271,-8980.37451171875,103,11,13,0.12621359223301,13
56784_c,15550.40965271,-8930.37451171875,103,11,17,0.16504854368932,17
56784_c,15550.40965271,-8880.37451171875,105,8,16,0.152380952380952,16
56784_c,15550.40965271,-8830.37451171875,128,5,12,0.09375,12
56784_c,15550.40965271,-8480.37451171875,223,9,37,0.165919282511211,37
56784_c,15550.40965271,-8430.37451171875,207,13,44,0.21256038647343,44
56784_c,15550.40965271,-8380.37451171875,188,15,48,0.25531914893617,48
56784_c,15600.40965271,-9230.37451171875,31,31,14,0.451612903225806,14
56784_c,15600.40965271,-9180.37451171875,43,34,14,0.325581395348837,14
56784_c,15600.40965271,-9130.37451171875,51,37,15,0.294117647058824,15
56784_c,15600.40965271,-9080.37451171875,55,34,11,0.2,11
56784_c,15600.40965271,-9030.37451171875,83,24,17,0.204819277108434,17
56784_c,15600.40965271,-8980.37451171875,97,12,15,0.154639175257732,15
56784_c,15600.40965271,-8930.37451171875,106,15,21,0.19811320754717,21
56784_c,15600.40965271,-8880.37451171875,124,15,33,0.266129032258065,33
56784_c,15600.40965271,-8830.37451171875,147,13,30,0.204081632653061,30
56784_c,15600.40965271,-8780.37451171875,149,10,20,0.134228187919463,20
56784_c,15600.40965271,-8730.37451171875,163,10,23,0.141104294478528,23
56784_c,15600.40965271,-8480.37451171875,207,7,28,0.135265700483092,28
56784_c,15600.40965271,-8430.37451171875,186,12,42,0.225806451612903,42
56784_c,15600.40965271,-8380.37451171875,165,14,46,0.278787878787879,46
56784_c,15650.40965271,-9080.37451171875,32,75,8,0.25,8
56784_c,15650.40965271,-9030.37451171875,57,47,13,0.228070175438597,13
56784_c,15650.40965271,-8980.37451171875,79,26,14,0.177215189873418,14
56784_c,15650.40965271,-8930.37451171875,106,15,20,0.188679245283019,20
56784_c,15650.40965271,-8880.37451171875,130,18,37,0.284615384615385,37
56784_c,15650.40965271,-8830.37451171875,157,13,32,0.203821656050955,32
56784_c,15650.40965271,-8780.37451171875,167,11,24,0.143712574850299,24
56784_c,15650.40965271,-8730.37451171875,179,11,27,0.150837988826816,27
56784_c,15650.40965271,-8680.37451171875,199,5,20,0.100502512562814,20
56784_c,15650.40965271,-8480.37451171875,197,6,26,0.131979695431472,26
56784_c,15650.40965271,-8430.37451171875,177,12,42,0.23728813559322,42
56784_c,15650.40965271,-8380.37451171875,156,15,48,0.307692307692308,48
56784_c,15700.40965271,-9030.37451171875,48,59,12,0.25,12
56784_c,15700.40965271,-8980.37451171875,69,41,16,0.231884057971015,16
56784_c,15700.40965271,-8930.37451171875,100,29,30,0.3,30
56784_c,15700.40965271,-8880.37451171875,128,30,50,0.390625,50
56784_c,15700.40965271,-8830.37451171875,151,19,45,0.298013245033113,45
56784_c,15700.40965271,-8780.37451171875,164,15,36,0.219512195121951,36
56784_c,15700.40965271,-8730.37451171875,179,13,38,0.212290502793296,38
56784_c,15700.40965271,-8680.37451171875,191,5,20,0.104712041884817,20
56784_c,15700.40965271,-8480.37451171875,182,6,23,0.126373626373626,23
56784_c,15700.40965271,-8430.37451171875,162,11,34,0.209876543209877,34
56784_c,15700.40965271,-8380.37451171875,136,14,40,0.294117647058824,40
56784_c,15750.40965271,-9030.37451171875,39,72,12,0.307692307692308,12
56784_c,15750.40965271,-8980.37451171875,56,55,16,0.285714285714286,16
56784_c,15750.40965271,-8930.37451171875,89,43,31,0.348314606741573,31
56784_c,15750.40965271,-8880.37451171875,126,36,49,0.388888888888889,49
56784_c,15750.40965271,-8830.37451171875,154,24,50,0.324675324675325,50
56784_c,15750.40965271,-8780.37451171875,174,16,41,0.235632183908046,41
56784_c,15750.40965271,-8730.37451171875,194,12,43,0.221649484536082,43
56784_c,15750.40965271,-8480.37451171875,161,5,17,0.105590062111801,17
56784_c,15750.40965271,-8430.37451171875,148,10,28,0.189189189189189,28
56784_c,15750.40965271,-8380.37451171875,129,13,35,0.271317829457364,35
56784_c,15800.40965271,-8930.37451171875,67,74,28,0.417910447761194,28
56784_c,15800.40965271,-8880.37451171875,109,65,50,0.458715596330275,50
56784_c,15800.40965271,-8830.37451171875,152,51,57,0.375,57
56784_c,15800.40965271,-8780.37451171875,180,32,55,0.305555555555556,55
56784_c,15800.40965271,-8730.37451171875,210,16,56,0.266666666666667,56
56784_c,15800.40965271,-8680.37451171875,208,7,36,0.173076923076923,36
56784_c,15800.40965271,-8630.37451171875,195,5,22,0.112820512820513,22
56784_c,15800.40965271,-8380.37451171875,142,5,22,0.154929577464789,22
56784_c,15850.40965271,-9180.37451171875,31,74,12,0.387096774193548,12
56784_c,15850.40965271,-9130.37451171875,31,88,12,0.387096774193548,12
56784_c,15850.40965271,-8930.37451171875,54,85,22,0.407407407407407,22
56784_c,15850.40965271,-8880.37451171875,92,73,32,0.347826086956522,32
56784_c,15850.40965271,-8830.37451171875,140,56,42,0.3,42
56784_c,15850.40965271,-8780.37451171875,177,34,46,0.259887005649718,46
56784_c,15850.40965271,-8730.37451171875,215,11,44,0.204651162790698,44
56784_c,15850.40965271,-8680.37451171875,207,6,24,0.115942028985507,24
56784_c,15850.40965271,-8630.37451171875,200,5,22,0.11,22
56784_c,15850.40965271,-8380.37451171875,163,6,27,0.165644171779141,27
56784_c,15900.40965271,-9230.37451171875,44,19,11,0.25,11
56784_c,15900.40965271,-9180.37451171875,54,27,14,0.259259259259259,14
56784_c,15900.40965271,-9130.37451171875,57,45,17,0.298245614035088,17
56784_c,15900.40965271,-9080.37451171875,49,55,17,0.346938775510204,17
56784_c,15900.40965271,-9030.37451171875,32,79,13,0.40625,13
56784_c,15900.40965271,-8930.37451171875,55,95,24,0.436363636363636,24
56784_c,15900.40965271,-8880.37451171875,93,78,29,0.311827956989247,29
56784_c,15900.40965271,-8830.37451171875,140,62,48,0.342857142857143,48
56784_c,15900.40965271,-8780.37451171875,171,35,53,0.309941520467836,53
56784_c,15900.40965271,-8730.37451171875,207,11,50,0.241545893719807,50
56784_c,15900.40965271,-8680.37451171875,198,6,30,0.151515151515152,30
56784_c,15900.40965271,-8630.37451171875,190,7,33,0.173684210526316,33
56784_c,15900.40965271,-8380.37451171875,171,6,23,0.134502923976608,23
56784_c,15950.40965271,-9280.37451171875,36,6,4,0.111111111111111,4
56784_c,15950.40965271,-9230.37451171875,64,11,11,0.171875,11
56784_c,15950.40965271,-9180.37451171875,79,17,18,0.227848101265823,18
56784_c,15950.40965271,-9130.37451171875,85,40,24,0.282352941176471,24
56784_c,15950.40965271,-9080.37451171875,74,52,24,0.324324324324324,24
56784_c,15950.40965271,-9030.37451171875,49,83,19,0.387755102040816,19
56784_c,15950.40965271,-8930.37451171875,54,99,24,0.444444444444444,24
56784_c,15950.40965271,-8880.37451171875,91,77,23,0.252747252747253,23
56784_c,15950.40965271,-8830.37451171875,144,65,46,0.319444444444444,46
56784_c,15950.40965271,-8780.37451171875,174,34,52,0.298850574712644,52
56784_c,15950.40965271,-8730.37451171875,204,12,50,0.245098039215686,50
56784_c,15950.40965271,-8680.37451171875,195,12,40,0.205128205128205,40
56784_c,15950.40965271,-8630.37451171875,192,13,44,0.229166666666667,44
56784_c,15950.40965271,-8580.37451171875,173,9,21,0.121387283236994,21
56784_c,15950.40965271,-8530.37451171875,177,8,20,0.112994350282486,20
56784_c,15950.40965271,-8480.37451171875,180,10,29,0.161111111111111,29
56784_c,15950.40965271,-8430.37451171875,180,6,25,0.138888888888889,25
56784_c,15950.40965271,-8380.37451171875,178,8,29,0.162921348314607,29
56784_c,16000.40965271,-9230.37451171875,75,6,11,0.146666666666667,11
56784_c,16000.40965271,-9180.37451171875,96,13,21,0.21875,21
56784_c,16000.40965271,-9130.37451171875,105,31,29,0.276190476190476,29
56784_c,16000.40965271,-9080.37451171875,94,50,29,0.308510638297872,29
56784_c,16000.40965271,-9030.37451171875,63,85,24,0.380952380952381,24
56784_c,16000.40965271,-8980.37451171875,33,106,20,0.606060606060606,20
56784_c,16000.40965271,-8930.37451171875,58,103,25,0.431034482758621,25
56784_c,16000.40965271,-8880.37451171875,91,85,23,0.252747252747253,23
56784_c,16000.40965271,-8830.37451171875,146,69,44,0.301369863013699,44
56784_c,16000.40965271,-8780.37451171875,171,35,50,0.292397660818713,50
56784_c,16000.40965271,-8730.37451171875,191,11,48,0.25130890052356,48
56784_c,16000.40965271,-8680.37451171875,179,17,39,0.217877094972067,39
56784_c,16000.40965271,-8630.37451171875,178,20,44,0.247191011235955,44
56784_c,16000.40965271,-8580.37451171875,158,19,29,0.183544303797468,29
56784_c,16000.40965271,-8530.37451171875,163,22,31,0.190184049079755,31
56784_c,16000.40965271,-8480.37451171875,176,28,45,0.255681818181818,45
56784_c,16000.40965271,-8430.37451171875,187,18,39,0.20855614973262,39
56784_c,16000.40965271,-8380.37451171875,184,17,38,0.206521739130435,38
56784_c,16050.40965271,-9180.37451171875,110,9,19,0.172727272727273,19
56784_c,16050.40965271,-9130.37451171875,122,25,29,0.237704918032787,29
56784_c,16050.40965271,-9080.37451171875,114,45,29,0.254385964912281,29
56784_c,16050.40965271,-9030.37451171875,79,74,25,0.316455696202532,25
56784_c,16050.40965271,-8980.37451171875,44,88,24,0.545454545454545,24
56784_c,16050.40965271,-8930.37451171875,60,86,27,0.45,27
56784_c,16050.40965271,-8880.37451171875,92,69,18,0.195652173913043,18
56784_c,16050.40965271,-8830.37451171875,148,51,33,0.222972972972973,33
56784_c,16050.40965271,-8780.37451171875,178,24,47,0.264044943820225,47
56784_c,16050.40965271,-8730.37451171875,189,10,45,0.238095238095238,45
56784_c,16050.40965271,-8680.37451171875,170,18,37,0.217647058823529,37
56784_c,16050.40965271,-8630.37451171875,158,27,42,0.265822784810127,42
56784_c,16050.40965271,-8580.37451171875,132,35,35,0.265151515151515,35
56784_c,16050.40965271,-8530.37451171875,130,40,29,0.223076923076923,29
56784_c,16050.40965271,-8480.37451171875,158,46,43,0.272151898734177,43
56784_c,16050.40965271,-8430.37451171875,174,34,37,0.21264367816092,37
56784_c,16050.40965271,-8380.37451171875,180,28,39,0.216666666666667,39
56784_c,16100.40965271,-9180.37451171875,101,6,14,0.138613861386139,14
56784_c,16100.40965271,-9130.37451171875,116,21,28,0.241379310344828,28
56784_c,16100.40965271,-9080.37451171875,105,38,26,0.247619047619048,26
56784_c,16100.40965271,-9030.37451171875,79,65,26,0.329113924050633,26
56784_c,16100.40965271,-8980.37451171875,51,74,26,0.509803921568627,26
56784_c,16100.40965271,-8930.37451171875,65,75,31,0.476923076923077,31
56784_c,16100.40965271,-8880.37451171875,92,59,18,0.195652173913043,18
56784_c,16100.40965271,-8830.37451171875,147,43,31,0.210884353741497,31
56784_c,16100.40965271,-8780.37451171875,171,18,41,0.239766081871345,41
56784_c,16100.40965271,-8730.37451171875,169,8,37,0.218934911242604,37
56784_c,16100.40965271,-8680.37451171875,143,19,31,0.216783216783217,31
56784_c,16100.40965271,-8630.37451171875,125,30,36,0.288,36
56784_c,16100.40965271,-8580.37451171875,95,38,33,0.347368421052632,33
56784_c,16100.40965271,-8530.37451171875,99,44,30,0.303030303030303,30
56784_c,16100.40965271,-8480.37451171875,137,51,51,0.372262773722628,51
56784_c,16100.40965271,-8430.37451171875,159,37,45,0.283018867924528,45
56784_c,16100.40965271,-8380.37451171875,167,28,40,0.239520958083832,40
56784_c,16150.40965271,-9180.37451171875,98,6,16,0.163265306122449,16
56784_c,16150.40965271,-9130.37451171875,112,17,31,0.276785714285714,31
56784_c,16150.40965271,-9080.37451171875,103,32,27,0.262135922330097,27
56784_c,16150.40965271,-9030.37451171875,85,56,30,0.352941176470588,30
56784_c,16150.40965271,-8980.37451171875,59,64,29,0.491525423728814,29
56784_c,16150.40965271,-8930.37451171875,66,67,37,0.560606060606061,37
56784_c,16150.40965271,-8880.37451171875,96,55,23,0.239583333333333,23
56784_c,16150.40965271,-8830.37451171875,145,40,30,0.206896551724138,30
56784_c,16150.40965271,-8780.37451171875,167,18,37,0.221556886227545,37
56784_c,16150.40965271,-8730.37451171875,164,10,35,0.213414634146341,35
56784_c,16150.40965271,-8680.37451171875,138,21,26,0.188405797101449,26
56784_c,16150.40965271,-8630.37451171875,107,34,26,0.242990654205607,26
56784_c,16150.40965271,-8580.37451171875,78,45,31,0.397435897435897,31
56784_c,16150.40965271,-8530.37451171875,80,50,27,0.3375,27
56784_c,16150.40965271,-8480.37451171875,122,55,42,0.344262295081967,42
56784_c,16150.40965271,-8430.37451171875,152,39,35,0.230263157894737,35
56784_c,16150.40965271,-8380.37451171875,167,27,35,0.209580838323353,35
56784_c,16200.40965271,-9180.37451171875,95,5,13,0.136842105263158,13
56784_c,16200.40965271,-9130.37451171875,107,9,25,0.233644859813084,25
56784_c,16200.40965271,-9080.37451171875,101,24,25,0.247524752475248,25
56784_c,16200.40965271,-9030.37451171875,89,42,28,0.314606741573034,28
56784_c,16200.40965271,-8980.37451171875,65,50,26,0.4,26
56784_c,16200.40965271,-8930.37451171875,74,53,33,0.445945945945946,33
56784_c,16200.40965271,-8880.37451171875,99,48,22,0.222222222222222,22
56784_c,16200.40965271,-8830.37451171875,137,34,23,0.167883211678832,23
56784_c,16200.40965271,-8780.37451171875,153,19,30,0.196078431372549,30
56784_c,16200.40965271,-8730.37451171875,150,10,28,0.186666666666667,28
56784_c,16200.40965271,-8680.37451171875,120,25,19,0.158333333333333,19
56784_c,16200.40965271,-8630.37451171875,83,38,20,0.240963855421687,20
56784_c,16200.40965271,-8580.37451171875,54,48,26,0.481481481481482,26
56784_c,16200.40965271,-8530.37451171875,62,52,22,0.354838709677419,22
56784_c,16200.40965271,-8480.37451171875,105,56,34,0.323809523809524,34
56784_c,16200.40965271,-8430.37451171875,143,37,31,0.216783216783217,31
56784_c,16200.40965271,-8380.37451171875,161,25,31,0.192546583850932,31
56784_c,16250.40965271,-9130.37451171875,130,8,23,0.176923076923077,23
56784_c,16250.40965271,-9080.37451171875,119,18,24,0.201680672268908,24
56784_c,16250.40965271,-9030.37451171875,111,35,29,0.261261261261261,29
56784_c,16250.40965271,-8980.37451171875,85,43,32,0.376470588235294,32
56784_c,16250.40965271,-8930.37451171875,83,52,49,0.590361445783133,49
56784_c,16250.40965271,-8880.37451171875,103,48,41,0.398058252427184,41
56784_c,16250.40965271,-8830.37451171875,137,39,43,0.313868613138686,43
56784_c,16250.40965271,-8780.37451171875,152,32,52,0.342105263157895,52
56784_c,16250.40965271,-8730.37451171875,147,31,47,0.319727891156463,47
56784_c,16250.40965271,-8680.37451171875,124,45,33,0.266129032258065,33
56784_c,16250.40965271,-8630.37451171875,85,56,25,0.294117647058824,25
56784_c,16250.40965271,-8580.37451171875,59,64,28,0.474576271186441,28
56784_c,16250.40965271,-8530.37451171875,70,57,18,0.257142857142857,18
56784_c,16250.40965271,-8480.37451171875,115,49,25,0.217391304347826,25
56784_c,16250.40965271,-8430.37451171875,142,26,23,0.161971830985916,23
56784_c,16250.40965271,-8380.37451171875,153,15,21,0.137254901960784,21
56784_c,16300.40965271,-9230.37451171875,93,5,10,0.10752688172043,10
56784_c,16300.40965271,-9130.37451171875,141,8,22,0.156028368794326,22
56784_c,16300.40965271,-9080.37451171875,137,13,25,0.182481751824818,25
56784_c,16300.40965271,-9030.37451171875,139,23,34,0.244604316546763,34
56784_c,16300.40965271,-8980.37451171875,114,31,41,0.359649122807018,41
56784_c,16300.40965271,-8930.37451171875,107,38,54,0.504672897196262,54
56784_c,16300.40965271,-8880.37451171875,122,35,49,0.401639344262295,49
56784_c,16300.40965271,-8830.37451171875,143,29,45,0.314685314685315,45
56784_c,16300.40965271,-8780.37451171875,149,27,40,0.268456375838926,40
56784_c,16300.40965271,-8730.37451171875,147,32,37,0.251700680272109,37
56784_c,16300.40965271,-8680.37451171875,125,52,29,0.232,29
56784_c,16300.40965271,-8630.37451171875,96,58,24,0.25,24
56784_c,16300.40965271,-8580.37451171875,80,58,25,0.3125,25
56784_c,16300.40965271,-8530.37451171875,91,51,24,0.263736263736264,24
56784_c,16300.40965271,-8480.37451171875,127,38,28,0.220472440944882,28
56784_c,16300.40965271,-8430.37451171875,152,11,24,0.157894736842105,24
56784_c,16300.40965271,-8380.37451171875,146,5,19,0.13013698630137,19
56784_c,16350.40965271,-9230.37451171875,118,6,23,0.194915254237288,23
56784_c,16350.40965271,-9180.37451171875,154,5,22,0.142857142857143,22
56784_c,16350.40965271,-9130.37451171875,167,8,29,0.173652694610778,29
56784_c,16350.40965271,-9080.37451171875,166,11,32,0.192771084337349,32
56784_c,16350.40965271,-9030.37451171875,169,19,40,0.236686390532544,40
56784_c,16350.40965271,-8980.37451171875,146,23,36,0.246575342465753,36
56784_c,16350.40965271,-8930.37451171875,135,30,46,0.340740740740741,46
56784_c,16350.40965271,-8880.37451171875,152,28,44,0.289473684210526,44
56784_c,16350.40965271,-8830.37451171875,165,24,40,0.242424242424242,40
56784_c,16350.40965271,-8780.37451171875,168,25,42,0.25,42
56784_c,16350.40965271,-8730.37451171875,167,33,43,0.25748502994012,43
56784_c,16350.40965271,-8680.37451171875,149,51,40,0.268456375838926,40
56784_c,16350.40965271,-8630.37451171875,127,55,35,0.275590551181102,35
56784_c,16350.40965271,-8580.37451171875,115,55,36,0.31304347826087,36
56784_c,16350.40965271,-8530.37451171875,118,48,32,0.271186440677966,32
56784_c,16350.40965271,-8480.37451171875,148,34,29,0.195945945945946,29
56784_c,16350.40965271,-8430.37451171875,164,9,22,0.134146341463415,22
56784_c,16400.40965271,-9230.37451171875,134,6,23,0.171641791044776,23
56784_c,16400.40965271,-9180.37451171875,172,5,22,0.127906976744186,22
56784_c,16400.40965271,-9130.37451171875,188,14,32,0.170212765957447,32
56784_c,16400.40965271,-9080.37451171875,187,15,33,0.176470588235294,33
56784_c,16400.40965271,-9030.37451171875,182,21,39,0.214285714285714,39
56784_c,16400.40965271,-8980.37451171875,160,25,35,0.21875,35
56784_c,16400.40965271,-8930.37451171875,147,30,40,0.272108843537415,40
56784_c,16400.40965271,-8880.37451171875,158,22,36,0.227848101265823,36
56784_c,16400.40965271,-8830.37451171875,164,21,36,0.219512195121951,36
56784_c,16400.40965271,-8780.37451171875,172,24,41,0.238372093023256,41
56784_c,16400.40965271,-8730.37451171875,174,32,46,0.264367816091954,46
56784_c,16400.40965271,-8680.37451171875,161,51,48,0.298136645962733,48
56784_c,16400.40965271,-8630.37451171875,149,52,43,0.288590604026846,43
56784_c,16400.40965271,-8580.37451171875,150,49,36,0.24,36
56784_c,16400.40965271,-8530.37451171875,144,42,29,0.201388888888889,29
56784_c,16400.40965271,-8480.37451171875,166,28,22,0.132530120481928,22
56784_c,16450.40965271,-9230.37451171875,140,8,24,0.171428571428571,24
56784_c,16450.40965271,-9180.37451171875,172,13,25,0.145348837209302,25
56784_c,16450.40965271,-9130.37451171875,185,26,37,0.2,37
56784_c,16450.40965271,-9080.37451171875,184,24,35,0.190217391304348,35
56784_c,16450.40965271,-9030.37451171875,174,30,41,0.235632183908046,41
56784_c,16450.40965271,-8980.37451171875,165,31,36,0.218181818181818,36
56784_c,16450.40965271,-8930.37451171875,154,30,35,0.227272727272727,35
56784_c,16450.40965271,-8880.37451171875,166,19,32,0.192771084337349,32
56784_c,16450.40965271,-8830.37451171875,173,19,29,0.167630057803468,29
56784_c,16450.40965271,-8780.37451171875,189,21,34,0.17989417989418,34
56784_c,16450.40965271,-8730.37451171875,185,30,39,0.210810810810811,39
56784_c,16450.40965271,-8680.37451171875,174,43,45,0.258620689655172,45
56784_c,16450.40965271,-8630.37451171875,167,44,44,0.263473053892216,44
56784_c,16450.40965271,-8580.37451171875,167,44,45,0.269461077844311,45
56784_c,16450.40965271,-8530.37451171875,148,38,38,0.256756756756757,38
56784_c,16450.40965271,-8480.37451171875,162,24,31,0.191358024691358,31
56784_c,16450.40965271,-8430.37451171875,164,6,22,0.134146341463415,22
56784_c,16500.40965271,-9230.37451171875,138,8,27,0.195652173913043,27
56784_c,16500.40965271,-9180.37451171875,154,15,29,0.188311688311688,29
56784_c,16500.40965271,-9130.37451171875,161,27,34,0.211180124223602,34
56784_c,16500.40965271,-9080.37451171875,164,24,28,0.170731707317073,28
56784_c,16500.40965271,-9030.37451171875,155,24,28,0.180645161290323,28
56784_c,16500.40965271,-8980.37451171875,162,21,20,0.123456790123457,20
56784_c,16500.40965271,-8930.37451171875,167,14,17,0.101796407185629,17
56784_c,16500.40965271,-8780.37451171875,198,5,20,0.101010101010101,20
56784_c,16500.40965271,-8730.37451171875,196,10,27,0.137755102040816,27
56784_c,16500.40965271,-8680.37451171875,186,19,35,0.188172043010753,35
56784_c,16500.40965271,-8630.37451171875,179,22,43,0.240223463687151,43
56784_c,16500.40965271,-8580.37451171875,192,22,43,0.223958333333333,43
56784_c,16500.40965271,-8530.37451171875,174,23,47,0.270114942528736,47
56784_c,16500.40965271,-8480.37451171875,180,17,41,0.227777777777778,41
56784_c,16500.40965271,-8430.37451171875,175,8,28,0.16,28
56784_c,16550.40965271,-9230.37451171875,143,9,25,0.174825174825175,25
56784_c,16550.40965271,-9180.37451171875,141,17,27,0.191489361702128,27
56784_c,16550.40965271,-9130.37451171875,141,29,32,0.226950354609929,32
56784_c,16550.40965271,-9080.37451171875,143,28,26,0.181818181818182,26
56784_c,16550.40965271,-9030.37451171875,128,27,21,0.1640625,21
56784_c,16550.40965271,-8980.37451171875,150,21,16,0.106666666666667,16
56784_c,16550.40965271,-8930.37451171875,167,14,21,0.125748502994012,21
56784_c,16550.40965271,-8780.37451171875,200,5,27,0.135,27
56784_c,16550.40965271,-8730.37451171875,196,6,30,0.153061224489796,30
56784_c,16550.40965271,-8680.37451171875,193,12,40,0.207253886010363,40
56784_c,16550.40965271,-8630.37451171875,193,14,45,0.233160621761658,45
56784_c,16550.40965271,-8580.37451171875,207,15,53,0.256038647342995,53
56784_c,16550.40965271,-8530.37451171875,199,15,54,0.271356783919598,54
56784_c,16550.40965271,-8480.37451171875,202,14,50,0.247524752475248,50
56784_c,16550.40965271,-8430.37451171875,185,7,31,0.167567567567568,31
56784_c,16600.40965271,-9280.37451171875,120,6,21,0.175,21
56784_c,16600.40965271,-9230.37451171875,134,11,23,0.171641791044776,23
56784_c,16600.40965271,-9180.37451171875,119,20,25,0.210084033613445,25
56784_c,16600.40965271,-9130.37451171875,115,31,30,0.260869565217391,30
56784_c,16600.40965271,-9080.37451171875,121,29,24,0.198347107438017,24
56784_c,16600.40965271,-9030.37451171875,110,27,16,0.145454545454545,16
56784_c,16600.40965271,-8980.37451171875,132,22,15,0.113636363636364,15
56784_c,16600.40965271,-8930.37451171875,155,14,20,0.129032258064516,20
56784_c,16600.40965271,-8780.37451171875,170,5,23,0.135294117647059,23
56784_c,16600.40965271,-8730.37451171875,179,6,24,0.134078212290503,24
56784_c,16600.40965271,-8680.37451171875,184,13,40,0.217391304347826,40
56784_c,16600.40965271,-8630.37451171875,188,16,50,0.265957446808511,50
56784_c,16600.40965271,-8580.37451171875,216,16,60,0.277777777777778,60
56784_c,16600.40965271,-8530.37451171875,215,16,64,0.297674418604651,64
56784_c,16600.40965271,-8480.37451171875,210,15,61,0.290476190476191,61
56784_c,16600.40965271,-8430.37451171875,187,7,34,0.181818181818182,34
56784_c,16650.40965271,-9330.37451171875,87,6,15,0.172413793103448,15
56784_c,16650.40965271,-9280.37451171875,120,11,27,0.225,27
56784_c,16650.40965271,-9230.37451171875,125,21,29,0.232,29
56784_c,16650.40965271,-9180.37451171875,107,29,29,0.271028037383178,29
56784_c,16650.40965271,-9130.37451171875,96,33,28,0.291666666666667,28
56784_c,16650.40965271,-9080.37451171875,104,30,21,0.201923076923077,21
56784_c,16650.40965271,-9030.37451171875,99,26,12,0.121212121212121,12
56784_c,16650.40965271,-8980.37451171875,129,18,12,0.0930232558139535,12
56784_c,16650.40965271,-8930.37451171875,155,10,20,0.129032258064516,20
56784_c,16650.40965271,-8880.37451171875,163,7,22,0.134969325153374,22
56784_c,16650.40965271,-8830.37451171875,157,8,23,0.146496815286624,23
56784_c,16650.40965271,-8780.37451171875,166,8,24,0.144578313253012,24
56784_c,16650.40965271,-8730.37451171875,177,6,20,0.112994350282486,20
56784_c,16650.40965271,-8680.37451171875,182,12,35,0.192307692307692,35
56784_c,16650.40965271,-8630.37451171875,185,14,44,0.237837837837838,44
56784_c,16650.40965271,-8580.37451171875,213,15,65,0.305164319248826,65
56784_c,16650.40965271,-8530.37451171875,220,15,69,0.313636363636364,69
56784_c,16650.40965271,-8480.37451171875,217,15,69,0.317972350230415,69
56784_c,16650.40965271,-8430.37451171875,189,8,43,0.227513227513228,43
56784_c,16700.40965271,-9330.37451171875,87,6,16,0.183908045977012,16
56784_c,16700.40965271,-9280.37451171875,115,11,28,0.243478260869565,28
56784_c,16700.40965271,-9230.37451171875,123,19,31,0.252032520325203,31
56784_c,16700.40965271,-9180.37451171875,111,21,30,0.27027027027027,30
56784_c,16700.40965271,-9130.37451171875,101,21,27,0.267326732673267,27
56784_c,16700.40965271,-9080.37451171875,112,18,20,0.178571428571429,20
56784_c,16700.40965271,-9030.37451171875,113,14,11,0.0973451327433628,11
56784_c,16700.40965271,-8980.37451171875,134,8,10,0.0746268656716418,10
56784_c,16700.40965271,-8930.37451171875,152,6,18,0.118421052631579,18
56784_c,16700.40965271,-8880.37451171875,161,6,21,0.130434782608696,21
56784_c,16700.40965271,-8830.37451171875,146,7,21,0.143835616438356,21
56784_c,16700.40965271,-8780.37451171875,149,7,22,0.147651006711409,22
56784_c,16700.40965271,-8730.37451171875,171,5,18,0.105263157894737,18
56784_c,16700.40965271,-8680.37451171875,183,11,40,0.218579234972678,40
56784_c,16700.40965271,-8630.37451171875,187,13,45,0.240641711229947,45
56784_c,16700.40965271,-8580.37451171875,220,15,65,0.295454545454545,65
56784_c,16700.40965271,-8530.37451171875,239,15,71,0.297071129707113,71
56784_c,16700.40965271,-8480.37451171875,236,15,70,0.296610169491525,70
56784_c,16700.40965271,-8430.37451171875,199,8,39,0.195979899497487,39
56784_c,16700.40965271,-8380.37451171875,163,5,28,0.171779141104294,28
56784_c,16750.40965271,-9380.37451171875,59,7,10,0.169491525423729,10
56784_c,16750.40965271,-9330.37451171875,79,10,16,0.20253164556962,16
56784_c,16750.40965271,-9280.37451171875,105,15,28,0.266666666666667,28
56784_c,16750.40965271,-9230.37451171875,116,24,35,0.301724137931035,35
56784_c,16750.40965271,-9180.37451171875,107,24,32,0.299065420560748,32
56784_c,16750.40965271,-9130.37451171875,95,20,29,0.305263157894737,29
56784_c,16750.40965271,-9080.37451171875,112,18,25,0.223214285714286,25
56784_c,16750.40965271,-9030.37451171875,116,14,14,0.120689655172414,14
56784_c,16750.40965271,-8980.37451171875,128,7,11,0.0859375,11
56784_c,16750.40965271,-8930.37451171875,145,6,21,0.144827586206897,21
56784_c,16750.40965271,-8880.37451171875,154,7,25,0.162337662337662,25
56784_c,16750.40965271,-8830.37451171875,141,8,26,0.184397163120567,26
56784_c,16750.40965271,-8780.37451171875,138,7,23,0.166666666666667,23
56784_c,16750.40965271,-8730.37451171875,162,6,21,0.12962962962963,21
56784_c,16750.40965271,-8680.37451171875,172,11,37,0.215116279069767,37
56784_c,16750.40965271,-8630.37451171875,189,11,41,0.216931216931217,41
56784_c,16750.40965271,-8580.37451171875,209,18,67,0.320574162679426,67
56784_c,16750.40965271,-8530.37451171875,233,19,74,0.317596566523605,74
56784_c,16750.40965271,-8480.37451171875,230,19,75,0.326086956521739,75
56784_c,16750.40965271,-8430.37451171875,190,12,45,0.236842105263158,45
56784_c,16750.40965271,-8380.37451171875,145,11,34,0.23448275862069,34
56784_c,16800.40965271,-9380.37451171875,47,13,10,0.212765957446809,10
56784_c,16800.40965271,-9330.37451171875,63,18,16,0.253968253968254,16
56784_c,16800.40965271,-9280.37451171875,89,25,31,0.348314606741573,31
56784_c,16800.40965271,-9230.37451171875,107,33,40,0.373831775700935,40
56784_c,16800.40965271,-9180.37451171875,110,32,39,0.354545454545455,39
56784_c,16800.40965271,-9130.37451171875,107,24,39,0.364485981308411,39
56784_c,16800.40965271,-9080.37451171875,126,19,32,0.253968253968254,32
56784_c,16800.40965271,-9030.37451171875,127,14,24,0.188976377952756,24
56784_c,16800.40965271,-8980.37451171875,132,8,17,0.128787878787879,17
56784_c,16800.40965271,-8930.37451171875,138,7,17,0.123188405797101,17
56784_c,16800.40965271,-8880.37451171875,155,6,19,0.12258064516129,19
56784_c,16800.40965271,-8830.37451171875,143,8,20,0.13986013986014,20
56784_c,16800.40965271,-8780.37451171875,144,6,15,0.104166666666667,15
56784_c,16800.40965271,-8730.37451171875,164,5,16,0.0975609756097561,16
56784_c,16800.40965271,-8680.37451171875,176,8,32,0.181818181818182,32
56784_c,16800.40965271,-8630.37451171875,179,8,34,0.189944134078212,34
56784_c,16800.40965271,-8580.37451171875,202,17,63,0.311881188118812,63
56784_c,16800.40965271,-8530.37451171875,218,19,70,0.321100917431193,70
56784_c,16800.40965271,-8480.37451171875,216,19,71,0.328703703703704,71
56784_c,16800.40965271,-8430.37451171875,174,15,49,0.281609195402299,49
56784_c,16800.40965271,-8380.37451171875,134,14,38,0.283582089552239,38
56784_c,16850.40965271,-9380.37451171875,34,26,8,0.235294117647059,8
56784_c,16850.40965271,-9330.37451171875,47,35,11,0.234042553191489,11
56784_c,16850.40965271,-9280.37451171875,70,41,25,0.357142857142857,25
56784_c,16850.40965271,-9230.37451171875,93,49,37,0.397849462365591,37
56784_c,16850.40965271,-9180.37451171875,104,43,37,0.355769230769231,37
56784_c,16850.40965271,-9130.37451171875,108,26,40,0.37037037037037,40
56784_c,16850.40965271,-9080.37451171875,125,17,36,0.288,36
56784_c,16850.40965271,-9030.37451171875,125,14,32,0.256,32
56784_c,16850.40965271,-8980.37451171875,127,8,21,0.165354330708661,21
56784_c,16850.40965271,-8930.37451171875,135,8,21,0.155555555555556,21
56784_c,16850.40965271,-8880.37451171875,155,7,22,0.141935483870968,22
56784_c,16850.40965271,-8830.37451171875,149,8,20,0.134228187919463,20
56784_c,16850.40965271,-8780.37451171875,159,5,13,0.0817610062893082,13
56784_c,16850.40965271,-8680.37451171875,179,6,25,0.139664804469274,25
56784_c,16850.40965271,-8630.37451171875,187,5,22,0.117647058823529,22
56784_c,16850.40965271,-8580.37451171875,204,16,55,0.269607843137255,55
56784_c,16850.40965271,-8530.37451171875,212,20,65,0.306603773584906,65
56784_c,16850.40965271,-8480.37451171875,212,20,66,0.311320754716981,66
56784_c,16850.40965271,-8430.37451171875,168,17,51,0.303571428571429,51
56784_c,16850.40965271,-8380.37451171875,121,17,43,0.355371900826446,43
56784_c,16900.40965271,-9330.37451171875,30,67,9,0.3,9
56784_c,16900.40965271,-9280.37451171875,53,71,19,0.358490566037736,19
56784_c,16900.40965271,-9230.37451171875,81,73,29,0.358024691358025,29
56784_c,16900.40965271,-9180.37451171875,93,51,30,0.32258064516129,30
56784_c,16900.40965271,-9130.37451171875,102,23,36,0.352941176470588,36
56784_c,16900.40965271,-9080.37451171875,120,12,32,0.266666666666667,32
56784_c,16900.40965271,-9030.37451171875,126,10,32,0.253968253968254,32
56784_c,16900.40965271,-8980.37451171875,137,7,25,0.182481751824818,25
56784_c,16900.40965271,-8930.37451171875,152,7,25,0.164473684210526,25
56784_c,16900.40965271,-8680.37451171875,182,6,32,0.175824175824176,32
56784_c,16900.40965271,-8630.37451171875,194,6,34,0.175257731958763,34
56784_c,16900.40965271,-8580.37451171875,202,17,61,0.301980198019802,61
56784_c,16900.40965271,-8530.37451171875,201,20,64,0.318407960199005,64
56784_c,16900.40965271,-8480.37451171875,191,20,62,0.324607329842932,62
56784_c,16900.40965271,-8430.37451171875,146,16,44,0.301369863013699,44
56784_c,16900.40965271,-8380.37451171875,95,16,37,0.389473684210526,37
56784_c,16950.40965271,-9280.37451171875,41,118,19,0.463414634146342,19
56784_c,16950.40965271,-9230.37451171875,66,117,29,0.439393939393939,29
56784_c,16950.40965271,-9180.37451171875,80,71,31,0.3875,31
56784_c,16950.40965271,-9130.37451171875,95,30,39,0.410526315789474,39
56784_c,16950.40965271,-9080.37451171875,114,15,38,0.333333333333333,38
56784_c,16950.40965271,-9030.37451171875,125,13,40,0.32,40
56784_c,16950.40965271,-8980.37451171875,142,10,33,0.232394366197183,33
56784_c,16950.40965271,-8930.37451171875,170,10,32,0.188235294117647,32
56784_c,16950.40965271,-8680.37451171875,196,5,26,0.13265306122449,26
56784_c,16950.40965271,-8630.37451171875,199,5,28,0.14070351758794,28
56784_c,16950.40965271,-8580.37451171875,209,14,50,0.239234449760766,50
56784_c,16950.40965271,-8530.37451171875,192,17,49,0.255208333333333,49
56784_c,16950.40965271,-8480.37451171875,170,17,48,0.282352941176471,48
56784_c,16950.40965271,-8430.37451171875,126,14,36,0.285714285714286,36
56784_c,16950.40965271,-8380.37451171875,81,14,30,0.37037037037037,30
56784_c,17000.40965271,-9280.37451171875,32,129,11,0.34375,11
56784_c,17000.40965271,-9230.37451171875,57,124,17,0.298245614035088,17
56784_c,17000.40965271,-9180.37451171875,81,77,18,0.222222222222222,18
56784_c,17000.40965271,-9130.37451171875,99,31,28,0.282828282828283,28
56784_c,17000.40965271,-9080.37451171875,118,14,29,0.245762711864407,29
56784_c,17000.40965271,-9030.37451171875,130,12,34,0.261538461538462,34
56784_c,17000.40965271,-8980.37451171875,153,10,31,0.202614379084967,31
56784_c,17000.40965271,-8930.37451171875,182,10,30,0.164835164835165,30
56784_c,17000.40965271,-8680.37451171875,197,6,23,0.116751269035533,23
56784_c,17000.40965271,-8630.37451171875,191,6,23,0.120418848167539,23
56784_c,17000.40965271,-8580.37451171875,215,10,41,0.190697674418605,41
56784_c,17000.40965271,-8530.37451171875,190,13,40,0.210526315789474,40
56784_c,17000.40965271,-8480.37451171875,162,13,37,0.228395061728395,37
56784_c,17000.40965271,-8430.37451171875,122,8,25,0.204918032786885,25
56784_c,17000.40965271,-8380.37451171875,80,8,21,0.2625,21
56784_c,17050.40965271,-9230.37451171875,54,119,10,0.185185185185185,10
56784_c,17050.40965271,-9180.37451171875,73,74,13,0.178082191780822,13
56784_c,17050.40965271,-9130.37451171875,92,27,19,0.206521739130435,19
56784_c,17050.40965271,-9080.37451171875,111,11,21,0.189189189189189,21
56784_c,17050.40965271,-9030.37451171875,133,10,28,0.210526315789474,28
56784_c,17050.40965271,-8980.37451171875,150,10,30,0.2,30
56784_c,17050.40965271,-8930.37451171875,184,8,24,0.130434782608696,24
56784_c,17050.40965271,-8780.37451171875,216,6,10,0.0462962962962963,10
56784_c,17050.40965271,-8730.37451171875,205,10,11,0.0536585365853659,11
56784_c,17050.40965271,-8680.37451171875,176,14,22,0.125,22
56784_c,17050.40965271,-8630.37451171875,177,14,22,0.124293785310734,22
56784_c,17050.40965271,-8580.37451171875,200,15,25,0.125,25
56784_c,17050.40965271,-8530.37451171875,177,13,21,0.11864406779661,21
56784_c,17050.40965271,-8480.37451171875,147,8,18,0.122448979591837,18
56784_c,17100.40965271,-9280.37451171875,30,116,14,0.466666666666667,14
56784_c,17100.40965271,-9230.37451171875,52,107,12,0.230769230769231,12
56784_c,17100.40965271,-9180.37451171875,70,62,9,0.128571428571429,9
56784_c,17100.40965271,-9130.37451171875,88,23,13,0.147727272727273,13
56784_c,17100.40965271,-9080.37451171875,111,10,17,0.153153153153153,17
56784_c,17100.40965271,-9030.37451171875,136,8,19,0.139705882352941,19
56784_c,17100.40965271,-8980.37451171875,154,9,22,0.142857142857143,22
56784_c,17100.40965271,-8930.37451171875,183,8,18,0.0983606557377049,18
56784_c,17100.40965271,-8830.37451171875,207,6,8,0.0386473429951691,8
56784_c,17100.40965271,-8780.37451171875,201,12,15,0.0746268656716418,15
56784_c,17100.40965271,-8730.37451171875,183,17,16,0.0874316939890711,16
56784_c,17100.40965271,-8680.37451171875,150,20,25,0.166666666666667,25
56784_c,17100.40965271,-8630.37451171875,146,20,24,0.164383561643836,24
56784_c,17100.40965271,-8580.37451171875,166,17,25,0.150602409638554,25
56784_c,17100.40965271,-8530.37451171875,147,13,18,0.122448979591837,18
56784_c,17100.40965271,-8480.37451171875,122,7,14,0.114754098360656,14
56784_c,17150.40965271,-9430.37451171875,31,39,12,0.387096774193548,12
56784_c,17150.40965271,-9380.37451171875,38,72,18,0.473684210526316,18
56784_c,17150.40965271,-9330.37451171875,41,84,20,0.487804878048781,20
56784_c,17150.40965271,-9280.37451171875,59,85,20,0.338983050847458,20
56784_c,17150.40965271,-9230.37451171875,74,76,16,0.216216216216216,16
56784_c,17150.40965271,-9180.37451171875,79,51,11,0.139240506329114,11
56784_c,17150.40965271,-9130.37451171875,89,21,9,0.101123595505618,9
56784_c,17150.40965271,-9080.37451171875,109,11,14,0.128440366972477,14
56784_c,17150.40965271,-9030.37451171875,120,13,18,0.15,18
56784_c,17150.40965271,-8980.37451171875,129,14,22,0.170542635658915,22
56784_c,17150.40965271,-8930.37451171875,157,10,18,0.114649681528662,18
56784_c,17150.40965271,-8880.37451171875,185,9,22,0.118918918918919,22
56784_c,17150.40965271,-8830.37451171875,182,17,16,0.0879120879120879,16
56784_c,17150.40965271,-8780.37451171875,175,28,15,0.0857142857142857,15
56784_c,17150.40965271,-8730.37451171875,161,43,14,0.0869565217391304,14
56784_c,17150.40965271,-8680.37451171875,123,47,17,0.138211382113821,17
56784_c,17150.40965271,-8630.37451171875,111,50,13,0.117117117117117,13
56784_c,17150.40965271,-8580.37451171875,132,41,14,0.106060606060606,14
56784_c,17150.40965271,-8530.37451171875,117,29,15,0.128205128205128,15
56784_c,17150.40965271,-8480.37451171875,100,13,14,0.14,14
56784_c,17150.40965271,-8430.37451171875,81,8,9,0.111111111111111,9
56784_c,17200.40965271,-9430.37451171875,43,12,12,0.27906976744186,12
56784_c,17200.40965271,-9380.37451171875,56,32,26,0.464285714285714,26
56784_c,17200.40965271,-9330.37451171875,64,42,34,0.53125,34
56784_c,17200.40965271,-9280.37451171875,84,44,40,0.476190476190476,40
56784_c,17200.40965271,-9230.37451171875,93,42,37,0.397849462365591,37
56784_c,17200.40965271,-9180.37451171875,83,45,30,0.36144578313253,30
56784_c,17200.40965271,-9130.37451171875,82,32,21,0.25609756097561,21
56784_c,17200.40965271,-9080.37451171875,95,26,18,0.189473684210526,18
56784_c,17200.40965271,-9030.37451171875,95,27,13,0.136842105263158,13
56784_c,17200.40965271,-8980.37451171875,104,24,16,0.153846153846154,16
56784_c,17200.40965271,-8930.37451171875,131,16,12,0.0916030534351145,12
56784_c,17200.40965271,-8880.37451171875,166,11,18,0.108433734939759,18
56784_c,17200.40965271,-8830.37451171875,165,18,22,0.133333333333333,22
56784_c,17200.40965271,-8780.37451171875,161,30,22,0.136645962732919,22
56784_c,17200.40965271,-8730.37451171875,142,47,21,0.147887323943662,21
56784_c,17200.40965271,-8680.37451171875,103,54,24,0.233009708737864,24
56784_c,17200.40965271,-8630.37451171875,85,60,17,0.2,17
56784_c,17200.40965271,-8580.37451171875,101,50,15,0.148514851485149,15
56784_c,17200.40965271,-8530.37451171875,94,38,20,0.212765957446809,20
56784_c,17200.40965271,-8480.37451171875,86,20,19,0.22093023255814,19
56784_c,17200.40965271,-8430.37451171875,74,12,14,0.189189189189189,14
56784_c,17250.40965271,-9430.37451171875,52,7,12,0.230769230769231,12
56784_c,17250.40965271,-9380.37451171875,71,21,29,0.408450704225352,29
56784_c,17250.40965271,-9330.37451171875,83,28,38,0.457831325301205,38
56784_c,17250.40965271,-9280.37451171875,105,31,48,0.457142857142857,48
56784_c,17250.40965271,-9230.37451171875,114,34,47,0.412280701754386,47
56784_c,17250.40965271,-9180.37451171875,92,41,46,0.5,46
56784_c,17250.40965271,-9130.37451171875,88,34,35,0.397727272727273,35
56784_c,17250.40965271,-9080.37451171875,99,30,30,0.303030303030303,30
56784_c,17250.40965271,-9030.37451171875,98,30,21,0.214285714285714,21
56784_c,17250.40965271,-8980.37451171875,96,27,21,0.21875,21
56784_c,17250.40965271,-8930.37451171875,123,17,12,0.0975609756097561,12
56784_c,17250.40965271,-8880.37451171875,152,12,17,0.111842105263158,17
56784_c,17250.40965271,-8830.37451171875,154,20,23,0.149350649350649,23
56784_c,17250.40965271,-8780.37451171875,147,33,28,0.19047619047619,28
56784_c,17250.40965271,-8730.37451171875,141,48,28,0.198581560283688,28
56784_c,17250.40965271,-8680.37451171875,107,54,31,0.289719626168224,31
56784_c,17250.40965271,-8630.37451171875,86,62,25,0.290697674418605,25
56784_c,17250.40965271,-8580.37451171875,89,52,26,0.292134831460674,26
56784_c,17250.40965271,-8530.37451171875,84,38,20,0.238095238095238,20
56784_c,17250.40965271,-8480.37451171875,73,20,19,0.26027397260274,19
56784_c,17250.40965271,-8430.37451171875,60,13,14,0.233333333333333,14
56784_c,17300.40965271,-9430.37451171875,53,6,8,0.150943396226415,8
56784_c,17300.40965271,-9380.37451171875,83,15,24,0.289156626506024,24
56784_c,17300.40965271,-9330.37451171875,98,21,33,0.336734693877551,33
56784_c,17300.40965271,-9280.37451171875,127,23,43,0.338582677165354,43
56784_c,17300.40965271,-9230.37451171875,127,27,42,0.330708661417323,42
56784_c,17300.40965271,-9180.37451171875,104,32,40,0.384615384615385,40
56784_c,17300.40965271,-9130.37451171875,90,30,28,0.311111111111111,28
56784_c,17300.40965271,-9080.37451171875,96,30,30,0.3125,30
56784_c,17300.40965271,-9030.37451171875,93,31,22,0.236559139784946,22
56784_c,17300.40965271,-8980.37451171875,103,28,20,0.194174757281553,20
56784_c,17300.40965271,-8930.37451171875,131,23,24,0.183206106870229,24
56784_c,17300.40965271,-8880.37451171875,157,18,28,0.178343949044586,28
56784_c,17300.40965271,-8830.37451171875,161,24,32,0.198757763975155,32
56784_c,17300.40965271,-8780.37451171875,154,33,39,0.253246753246753,39
56784_c,17300.40965271,-8730.37451171875,148,43,36,0.243243243243243,36
56784_c,17300.40965271,-8680.37451171875,120,47,37,0.308333333333333,37
56784_c,17300.40965271,-8630.37451171875,101,55,32,0.316831683168317,32
56784_c,17300.40965271,-8580.37451171875,106,46,40,0.377358490566038,40
56784_c,17300.40965271,-8530.37451171875,100,36,37,0.37,37
56784_c,17300.40965271,-8480.37451171875,85,23,37,0.435294117647059,37
56784_c,17300.40965271,-8430.37451171875,66,15,28,0.424242424242424,28
56784_c,17300.40965271,-8380.37451171875,43,5,13,0.302325581395349,13
56784_c,17350.40965271,-9380.37451171875,100,8,18,0.18,18
56784_c,17350.40965271,-9330.37451171875,119,14,32,0.26890756302521,32
56784_c,17350.40965271,-9280.37451171875,152,16,42,0.276315789473684,42
56784_c,17350.40965271,-9230.37451171875,151,22,44,0.291390728476821,44
56784_c,17350.40965271,-9180.37451171875,122,32,50,0.409836065573771,50
56784_c,17350.40965271,-9130.37451171875,99,35,43,0.434343434343434,43
56784_c,17350.40965271,-9080.37451171875,99,35,41,0.414141414141414,41
56784_c,17350.40965271,-9030.37451171875,95,36,32,0.336842105263158,32
56784_c,17350.40965271,-8980.37451171875,113,32,28,0.247787610619469,28
56784_c,17350.40965271,-8930.37451171875,139,25,26,0.18705035971223,26
56784_c,17350.40965271,-8880.37451171875,164,18,27,0.164634146341463,27
56784_c,17350.40965271,-8830.37451171875,176,20,31,0.176136363636364,31
56784_c,17350.40965271,-8780.37451171875,177,28,40,0.225988700564972,40
56784_c,17350.40965271,-8730.37451171875,172,37,37,0.215116279069767,37
56784_c,17350.40965271,-8680.37451171875,146,42,41,0.280821917808219,41
56784_c,17350.40965271,-8630.37451171875,136,49,31,0.227941176470588,31
56784_c,17350.40965271,-8580.37451171875,141,43,38,0.269503546099291,38
56784_c,17350.40965271,-8530.37451171875,131,33,35,0.267175572519084,35
56784_c,17350.40965271,-8480.37451171875,110,21,35,0.318181818181818,35
56784_c,17350.40965271,-8430.37451171875,91,13,25,0.274725274725275,25
56784_c,17400.40965271,-9380.37451171875,103,7,21,0.203883495145631,21
56784_c,17400.40965271,-9330.37451171875,120,15,34,0.283333333333333,34
56784_c,17400.40965271,-9280.37451171875,149,20,50,0.335570469798658,50
56784_c,17400.40965271,-9230.37451171875,150,27,53,0.353333333333333,53
56784_c,17400.40965271,-9180.37451171875,132,35,67,0.507575757575758,67
56784_c,17400.40965271,-9130.37451171875,111,38,56,0.504504504504505,56
56784_c,17400.40965271,-9080.37451171875,116,36,55,0.474137931034483,55
56784_c,17400.40965271,-9030.37451171875,122,31,40,0.327868852459016,40
56784_c,17400.40965271,-8980.37451171875,140,27,35,0.25,35
56784_c,17400.40965271,-8930.37451171875,159,21,26,0.163522012578616,26
56784_c,17400.40965271,-8880.37451171875,175,13,22,0.125714285714286,22
56784_c,17400.40965271,-8830.37451171875,190,9,25,0.131578947368421,25
56784_c,17400.40965271,-8780.37451171875,189,11,34,0.17989417989418,34
56784_c,17400.40965271,-8730.37451171875,186,10,31,0.166666666666667,31
56784_c,17400.40965271,-8680.37451171875,167,13,35,0.209580838323353,35
56784_c,17400.40965271,-8630.37451171875,167,17,30,0.179640718562874,30
56784_c,17400.40965271,-8580.37451171875,173,17,37,0.213872832369942,37
56784_c,17400.40965271,-8530.37451171875,170,16,33,0.194117647058824,33
56784_c,17400.40965271,-8480.37451171875,147,14,33,0.224489795918367,33
56784_c,17400.40965271,-8430.37451171875,120,8,23,0.191666666666667,23
56784_c,17450.40965271,-9380.37451171875,99,7,19,0.191919191919192,19
56784_c,17450.40965271,-9330.37451171875,116,12,27,0.232758620689655,27
56784_c,17450.40965271,-9280.37451171875,145,16,37,0.255172413793103,37
56784_c,17450.40965271,-9230.37451171875,145,18,37,0.255172413793103,37
56784_c,17450.40965271,-9180.37451171875,136,23,54,0.397058823529412,54
56784_c,17450.40965271,-9130.37451171875,125,21,47,0.376,47
56784_c,17450.40965271,-9080.37451171875,135,22,56,0.414814814814815,56
56784_c,17450.40965271,-9030.37451171875,147,19,49,0.333333333333333,49
56784_c,17450.40965271,-8980.37451171875,171,19,44,0.257309941520468,44
56784_c,17450.40965271,-8930.37451171875,185,17,40,0.216216216216216,40
56784_c,17450.40965271,-8880.37451171875,189,15,37,0.195767195767196,37
56784_c,17450.40965271,-8830.37451171875,201,10,29,0.144278606965174,29
56784_c,17450.40965271,-8780.37451171875,197,10,32,0.16243654822335,32
56784_c,17450.40965271,-8730.37451171875,190,7,27,0.142105263157895,27
56784_c,17450.40965271,-8680.37451171875,182,6,23,0.126373626373626,23
56784_c,17450.40965271,-8630.37451171875,199,7,21,0.105527638190955,21
56784_c,17450.40965271,-8580.37451171875,206,8,31,0.150485436893204,31
56784_c,17450.40965271,-8530.37451171875,203,7,29,0.142857142857143,29
56784_c,17450.40965271,-8480.37451171875,178,7,29,0.162921348314607,29
56784_c,17500.40965271,-9380.37451171875,100,8,22,0.22,22
56784_c,17500.40965271,-9330.37451171875,123,13,31,0.252032520325203,31
56784_c,17500.40965271,-9280.37451171875,152,16,38,0.25,38
56784_c,17500.40965271,-9230.37451171875,147,16,36,0.244897959183673,36
56784_c,17500.40965271,-9180.37451171875,138,19,45,0.326086956521739,45
56784_c,17500.40965271,-9130.37451171875,129,17,39,0.302325581395349,39
56784_c,17500.40965271,-9080.37451171875,130,21,51,0.392307692307692,51
56784_c,17500.40965271,-9030.37451171875,140,19,47,0.335714285714286,47
56784_c,17500.40965271,-8980.37451171875,170,19,45,0.264705882352941,45
56784_c,17500.40965271,-8930.37451171875,184,20,54,0.293478260869565,54
56784_c,17500.40965271,-8880.37451171875,183,17,47,0.256830601092896,47
56784_c,17500.40965271,-8830.37451171875,196,9,36,0.183673469387755,36
56784_c,17500.40965271,-8780.37451171875,200,9,43,0.215,43
56784_c,17500.40965271,-8730.37451171875,187,8,35,0.18716577540107,35
56784_c,17550.40965271,-9380.37451171875,90,10,23,0.255555555555556,23
56784_c,17550.40965271,-9330.37451171875,116,15,32,0.275862068965517,32
56784_c,17550.40965271,-9280.37451171875,142,18,39,0.274647887323944,39
56784_c,17550.40965271,-9230.37451171875,138,20,43,0.311594202898551,43
56784_c,17550.40965271,-9180.37451171875,131,22,52,0.396946564885496,52
56784_c,17550.40965271,-9130.37451171875,124,20,42,0.338709677419355,42
56784_c,17550.40965271,-9080.37451171875,121,22,51,0.421487603305785,51
56784_c,17550.40965271,-9030.37451171875,131,20,49,0.374045801526718,49
56784_c,17550.40965271,-8980.37451171875,153,18,44,0.287581699346405,44
56784_c,17550.40965271,-8930.37451171875,169,16,46,0.272189349112426,46
56784_c,17550.40965271,-8880.37451171875,174,12,42,0.241379310344828,42
56784_c,17550.40965271,-8830.37451171875,190,5,25,0.131578947368421,25
56784_c,17550.40965271,-8780.37451171875,194,5,29,0.149484536082474,29
56784_c,17600.40965271,-9380.37451171875,69,12,25,0.36231884057971,25
56784_c,17600.40965271,-9330.37451171875,98,15,31,0.316326530612245,31
56784_c,17600.40965271,-9280.37451171875,124,18,37,0.298387096774194,37
56784_c,17600.40965271,-9230.37451171875,127,18,40,0.31496062992126,40
56784_c,17600.40965271,-9180.37451171875,126,21,47,0.373015873015873,47
56784_c,17600.40965271,-9130.37451171875,125,17,38,0.304,38
56784_c,17600.40965271,-9080.37451171875,122,22,47,0.385245901639344,47
56784_c,17600.40965271,-9030.37451171875,127,20,47,0.37007874015748,47
56784_c,17600.40965271,-8980.37451171875,144,19,42,0.291666666666667,42
56784_c,17600.40965271,-8930.37451171875,167,16,46,0.275449101796407,46
56784_c,17600.40965271,-8880.37451171875,173,12,38,0.219653179190751,38
56784_c,17650.40965271,-9430.37451171875,34,8,6,0.176470588235294,6
56784_c,17650.40965271,-9380.37451171875,52,14,15,0.288461538461538,15
56784_c,17650.40965271,-9330.37451171875,87,15,20,0.229885057471264,20
56784_c,17650.40965271,-9280.37451171875,109,17,25,0.229357798165138,25
56784_c,17650.40965271,-9230.37451171875,120,17,34,0.283333333333333,34
56784_c,17650.40965271,-9180.37451171875,122,15,36,0.295081967213115,36
56784_c,17650.40965271,-9130.37451171875,128,15,39,0.3046875,39
56784_c,17650.40965271,-9080.37451171875,119,22,50,0.420168067226891,50
56784_c,17650.40965271,-9030.37451171875,130,21,52,0.4,52
56784_c,17650.40965271,-8980.37451171875,148,20,47,0.317567567567568,47
56784_c,17650.40965271,-8930.37451171875,170,19,59,0.347058823529412,59
56784_c,17650.40965271,-8880.37451171875,176,13,45,0.255681818181818,45
56784_c,17650.40965271,-8830.37451171875,189,5,27,0.142857142857143,27
56784_c,17650.40965271,-8780.37451171875,196,5,29,0.147959183673469,29
56784_c,17700.40965271,-9380.37451171875,49,15,12,0.244897959183673,12
56784_c,17700.40965271,-9330.37451171875,86,16,17,0.197674418604651,17
56784_c,17700.40965271,-9280.37451171875,108,18,23,0.212962962962963,23
56784_c,17700.40965271,-9230.37451171875,134,19,44,0.328358208955224,44
56784_c,17700.40965271,-9180.37451171875,137,15,43,0.313868613138686,43
56784_c,17700.40965271,-9130.37451171875,138,17,50,0.36231884057971,50
56784_c,17700.40965271,-9080.37451171875,124,22,58,0.467741935483871,58
56784_c,17700.40965271,-9030.37451171875,142,20,60,0.422535211267606,60
56784_c,17700.40965271,-8980.37451171875,146,17,48,0.328767123287671,48
56784_c,17700.40965271,-8930.37451171875,166,16,51,0.307228915662651,51
56784_c,17700.40965271,-8880.37451171875,173,10,36,0.208092485549133,36
56784_c,17700.40965271,-8780.37451171875,188,5,23,0.122340425531915,23
56784_c,17750.40965271,-9380.37451171875,53,12,7,0.132075471698113,7
56784_c,17750.40965271,-9330.37451171875,88,13,10,0.113636363636364,10
56784_c,17750.40965271,-9280.37451171875,111,15,16,0.144144144144144,16
56784_c,17750.40965271,-9230.37451171875,136,17,40,0.294117647058824,40
56784_c,17750.40965271,-9180.37451171875,142,13,40,0.28169014084507,40
56784_c,17750.40965271,-9130.37451171875,138,17,51,0.369565217391304,51
56784_c,17750.40965271,-9080.37451171875,135,19,56,0.414814814814815,56
56784_c,17750.40965271,-9030.37451171875,160,17,58,0.3625,58
56784_c,17750.40965271,-8980.37451171875,158,14,48,0.30379746835443,48
56784_c,17750.40965271,-8930.37451171875,173,12,46,0.265895953757225,46
56784_c,17750.40965271,-8880.37451171875,181,9,37,0.204419889502762,37
56784_c,17750.40965271,-8830.37451171875,189,7,28,0.148148148148148,28
56784_c,17750.40965271,-8780.37451171875,172,9,24,0.13953488372093,24
56784_c,17750.40965271,-8730.37451171875,169,6,16,0.0946745562130178,16
56784_c,17750.40965271,-8680.37451171875,178,7,18,0.101123595505618,18
56784_c,17750.40965271,-8630.37451171875,200,5,19,0.095,19
56784_c,17750.40965271,-8480.37451171875,199,7,22,0.110552763819095,22
56784_c,17750.40965271,-8430.37451171875,157,6,18,0.114649681528662,18
56784_c,17750.40965271,-8380.37451171875,105,5,6,0.0571428571428571,6
56784_c,17800.40965271,-9430.37451171875,37,9,4,0.108108108108108,4
56784_c,17800.40965271,-9380.37451171875,69,10,5,0.072463768115942,5
56784_c,17800.40965271,-9330.37451171875,102,12,10,0.0980392156862745,10
56784_c,17800.40965271,-9280.37451171875,132,14,20,0.151515151515152,20
56784_c,17800.40965271,-9230.37451171875,153,14,38,0.248366013071895,38
56784_c,17800.40965271,-9180.37451171875,158,11,38,0.240506329113924,38
56784_c,17800.40965271,-9130.37451171875,159,15,50,0.314465408805031,50
56784_c,17800.40965271,-9080.37451171875,163,15,47,0.288343558282209,47
56784_c,17800.40965271,-9030.37451171875,179,13,46,0.256983240223464,46
56784_c,17800.40965271,-8980.37451171875,180,11,40,0.222222222222222,40
56784_c,17800.40965271,-8930.37451171875,183,9,38,0.207650273224044,38
56784_c,17800.40965271,-8880.37451171875,183,7,29,0.158469945355191,29
56784_c,17800.40965271,-8830.37451171875,184,6,29,0.157608695652174,29
56784_c,17800.40965271,-8780.37451171875,171,8,24,0.140350877192982,24
56784_c,17800.40965271,-8730.37451171875,172,7,27,0.156976744186047,27
56784_c,17800.40965271,-8680.37451171875,182,8,28,0.153846153846154,28
56784_c,17800.40965271,-8630.37451171875,205,6,29,0.141463414634146,29
56784_c,17800.40965271,-8580.37451171875,218,5,27,0.123853211009174,27
56784_c,17800.40965271,-8530.37451171875,224,6,23,0.102678571428571,23
56784_c,17800.40965271,-8480.37451171875,196,11,22,0.112244897959184,22
56784_c,17800.40965271,-8430.37451171875,158,10,20,0.126582278481013,20
56784_c,17800.40965271,-8380.37451171875,102,9,8,0.0784313725490196,8
56784_c,17850.40965271,-9430.37451171875,52,9,11,0.211538461538462,11
56784_c,17850.40965271,-9380.37451171875,83,9,11,0.132530120481928,11
56784_c,17850.40965271,-9330.37451171875,113,10,14,0.123893805309735,14
56784_c,17850.40965271,-9280.37451171875,141,12,23,0.163120567375887,23
56784_c,17850.40965271,-9230.37451171875,150,12,34,0.226666666666667,34
56784_c,17850.40965271,-9180.37451171875,156,7,32,0.205128205128205,32
56784_c,17850.40965271,-9130.37451171875,164,10,41,0.25,41
56784_c,17850.40965271,-9080.37451171875,173,11,44,0.254335260115607,44
56784_c,17850.40965271,-9030.37451171875,195,9,43,0.220512820512821,43
56784_c,17850.40965271,-8980.37451171875,198,7,37,0.186868686868687,37
56784_c,17850.40965271,-8930.37451171875,193,7,37,0.191709844559585,37
56784_c,17850.40965271,-8880.37451171875,183,7,30,0.163934426229508,30
56784_c,17850.40965271,-8830.37451171875,178,6,29,0.162921348314607,29
56784_c,17850.40965271,-8780.37451171875,163,8,24,0.147239263803681,24
56784_c,17850.40965271,-8730.37451171875,172,7,29,0.168604651162791,29
56784_c,17850.40965271,-8680.37451171875,185,8,33,0.178378378378378,33
56784_c,17850.40965271,-8630.37451171875,206,5,26,0.12621359223301,26
56784_c,17850.40965271,-8530.37451171875,227,5,16,0.0704845814977974,16
56784_c,17850.40965271,-8480.37451171875,187,10,12,0.0641711229946524,12
56784_c,17850.40965271,-8430.37451171875,147,9,8,0.054421768707483,8
56784_c,17850.40965271,-8380.37451171875,97,9,8,0.0824742268041237,8
56784_c,17900.40965271,-9330.37451171875,123,5,12,0.0975609756097561,12
56784_c,17900.40965271,-9280.37451171875,152,6,21,0.138157894736842,21
56784_c,17900.40965271,-9230.37451171875,150,6,26,0.173333333333333,26
56784_c,17900.40965271,-9180.37451171875,153,6,26,0.169934640522876,26
56784_c,17900.40965271,-9130.37451171875,158,8,33,0.208860759493671,33
56784_c,17900.40965271,-9080.37451171875,171,9,38,0.222222222222222,38
56784_c,17900.40965271,-9030.37451171875,190,9,46,0.242105263157895,46
56784_c,17900.40965271,-8980.37451171875,196,7,40,0.204081632653061,40
56784_c,17900.40965271,-8930.37451171875,191,7,44,0.230366492146597,44
56784_c,17900.40965271,-8880.37451171875,178,8,39,0.219101123595506,39
56784_c,17900.40965271,-8830.37451171875,165,7,30,0.181818181818182,30
56784_c,17900.40965271,-8780.37451171875,144,8,24,0.166666666666667,24
56784_c,17900.40965271,-8730.37451171875,150,8,34,0.226666666666667,34
56784_c,17900.40965271,-8680.37451171875,165,8,32,0.193939393939394,32
56784_c,17900.40965271,-8630.37451171875,192,5,26,0.135416666666667,26
56784_c,17900.40965271,-8530.37451171875,216,6,16,0.0740740740740741,16
56784_c,17900.40965271,-8480.37451171875,174,12,8,0.0459770114942529,8
56784_c,17900.40965271,-8430.37451171875,132,11,4,0.0303030303030303,4
56784_c,17900.40965271,-8380.37451171875,81,11,4,0.0493827160493827,4
56784_c,17950.40965271,-9280.37451171875,145,5,27,0.186206896551724,27
56784_c,17950.40965271,-9180.37451171875,141,6,25,0.177304964539007,25
56784_c,17950.40965271,-9130.37451171875,145,6,24,0.16551724137931,24
56784_c,17950.40965271,-9080.37451171875,162,10,26,0.160493827160494,26
56784_c,17950.40965271,-9030.37451171875,176,10,31,0.176136363636364,31
56784_c,17950.40965271,-8980.37451171875,186,10,34,0.182795698924731,34
56784_c,17950.40965271,-8930.37451171875,181,9,33,0.18232044198895,33
56784_c,17950.40965271,-8880.37451171875,175,10,31,0.177142857142857,31
56784_c,17950.40965271,-8830.37451171875,161,6,25,0.15527950310559,25
56784_c,17950.40965271,-8780.37451171875,151,7,19,0.125827814569536,19
56784_c,17950.40965271,-8730.37451171875,156,7,29,0.185897435897436,29
56784_c,17950.40965271,-8680.37451171875,172,7,27,0.156976744186047,27
56784_c,17950.40965271,-8630.37451171875,188,5,26,0.138297872340426,26
56784_c,17950.40965271,-8530.37451171875,210,10,19,0.0904761904761905,19
56784_c,17950.40965271,-8480.37451171875,172,15,10,0.0581395348837209,10
56784_c,17950.40965271,-8430.37451171875,127,14,6,0.047244094488189,6
56784_c,17950.40965271,-8380.37451171875,81,14,6,0.0740740740740741,6
56784_c,18000.40965271,-9330.37451171875,113,5,24,0.212389380530973,24
56784_c,18000.40965271,-9280.37451171875,143,6,33,0.230769230769231,33
56784_c,18000.40965271,-9180.37451171875,145,6,25,0.172413793103448,25
56784_c,18000.40965271,-9130.37451171875,147,7,20,0.136054421768708,20
56784_c,18000.40965271,-9080.37451171875,154,20,23,0.149350649350649,23
56784_c,18000.40965271,-9030.37451171875,162,21,33,0.203703703703704,33
56784_c,18000.40965271,-8980.37451171875,175,21,33,0.188571428571429,33
56784_c,18000.40965271,-8930.37451171875,172,20,32,0.186046511627907,32
56784_c,18000.40965271,-8880.37451171875,173,18,31,0.179190751445087,31
56784_c,18000.40965271,-8530.37451171875,180,11,19,0.105555555555556,19
56784_c,18000.40965271,-8480.37451171875,145,13,10,0.0689655172413793,10
56784_c,18000.40965271,-8430.37451171875,107,12,6,0.0560747663551402,6
56784_c,18000.40965271,-8380.37451171875,70,12,6,0.0857142857142857,6
56784_c,18050.40965271,-9380.37451171875,80,5,28,0.35,28
56784_c,18050.40965271,-9330.37451171875,106,5,28,0.264150943396226,28
56784_c,18050.40965271,-9280.37451171875,131,7,41,0.312977099236641,41
56784_c,18050.40965271,-9180.37451171875,136,6,27,0.198529411764706,27
56784_c,18050.40965271,-9130.37451171875,133,9,23,0.172932330827068,23
56784_c,18050.40965271,-9080.37451171875,135,25,31,0.22962962962963,31
56784_c,18050.40965271,-9030.37451171875,144,25,37,0.256944444444444,37
56784_c,18050.40965271,-8980.37451171875,162,25,37,0.228395061728395,37
56784_c,18050.40965271,-8930.37451171875,162,24,36,0.222222222222222,36
56784_c,18050.40965271,-8880.37451171875,167,20,33,0.197604790419162,33
56784_c,18050.40965271,-8530.37451171875,166,12,12,0.072289156626506,12
56784_c,18050.40965271,-8480.37451171875,132,13,12,0.0909090909090909,12
56784_c,18050.40965271,-8430.37451171875,94,13,12,0.127659574468085,12
56784_c,18050.40965271,-8380.37451171875,58,13,9,0.155172413793103,9
56784_c,18100.40965271,-9330.37451171875,110,6,25,0.227272727272727,25
56784_c,18100.40965271,-9280.37451171875,139,8,38,0.273381294964029,38
56784_c,18100.40965271,-9230.37451171875,138,6,26,0.188405797101449,26
56784_c,18100.40965271,-9180.37451171875,140,9,31,0.221428571428571,31
56784_c,18100.40965271,-9130.37451171875,126,14,27,0.214285714285714,27
56784_c,18100.40965271,-9080.37451171875,125,27,25,0.2,25
56784_c,18100.40965271,-9030.37451171875,129,28,31,0.24031007751938,31
56784_c,18100.40965271,-8980.37451171875,144,28,31,0.215277777777778,31
56784_c,18100.40965271,-8930.37451171875,148,26,27,0.182432432432432,27
56784_c,18100.40965271,-8880.37451171875,165,20,24,0.145454545454545,24
56784_c,18100.40965271,-8830.37451171875,174,5,17,0.0977011494252874,17
56784_c,18100.40965271,-8580.37451171875,154,8,17,0.11038961038961,17
56784_c,18100.40965271,-8530.37451171875,135,20,21,0.155555555555556,21
56784_c,18100.40965271,-8480.37451171875,112,21,21,0.1875,21
56784_c,18100.40965271,-8430.37451171875,81,21,21,0.259259259259259,21
56784_c,18100.40965271,-8380.37451171875,43,18,9,0.209302325581395,9
56784_c,18150.40965271,-9380.37451171875,96,5,28,0.291666666666667,28
56784_c,18150.40965271,-9330.37451171875,116,7,32,0.275862068965517,32
56784_c,18150.40965271,-9280.37451171875,143,8,40,0.27972027972028,40
56784_c,18150.40965271,-9230.37451171875,140,6,28,0.2,28
56784_c,18150.40965271,-9180.37451171875,131,13,30,0.229007633587786,30
56784_c,18150.40965271,-9130.37451171875,112,17,24,0.214285714285714,24
56784_c,18150.40965271,-9080.37451171875,112,30,20,0.178571428571429,20
56784_c,18150.40965271,-9030.37451171875,119,31,23,0.19327731092437,23
56784_c,18150.40965271,-8980.37451171875,133,31,22,0.165413533834586,22
56784_c,18150.40965271,-8930.37451171875,140,24,16,0.114285714285714,16
56784_c,18150.40965271,-8880.37451171875,162,18,14,0.0864197530864198,14
56784_c,18150.40965271,-8780.37451171875,176,5,18,0.102272727272727,18
56784_c,18150.40965271,-8730.37451171875,152,8,20,0.131578947368421,20
56784_c,18150.40965271,-8680.37451171875,145,8,20,0.137931034482759,20
56784_c,18150.40965271,-8630.37451171875,139,17,23,0.165467625899281,23
56784_c,18150.40965271,-8580.37451171875,125,25,25,0.2,25
56784_c,18150.40965271,-8530.37451171875,101,33,23,0.227722772277228,23
56784_c,18150.40965271,-8480.37451171875,83,30,21,0.253012048192771,21
56784_c,18150.40965271,-8430.37451171875,58,30,21,0.362068965517241,21
56784_c,18150.40965271,-8380.37451171875,30,20,9,0.3,9
56784_c,18200.40965271,-9330.37451171875,134,5,20,0.149253731343284,20
56784_c,18200.40965271,-9280.37451171875,164,6,28,0.170731707317073,28
56784_c,18200.40965271,-9230.37451171875,153,7,22,0.143790849673203,22
56784_c,18200.40965271,-9180.37451171875,129,17,23,0.178294573643411,23
56784_c,18200.40965271,-9130.37451171875,108,23,23,0.212962962962963,23
56784_c,18200.40965271,-9080.37451171875,104,32,18,0.173076923076923,18
56784_c,18200.40965271,-9030.37451171875,110,33,20,0.181818181818182,20
56784_c,18200.40965271,-8980.37451171875,128,31,19,0.1484375,19
56784_c,18200.40965271,-8930.37451171875,140,21,16,0.114285714285714,16
56784_c,18200.40965271,-8880.37451171875,154,14,12,0.0779220779220779,12
56784_c,18200.40965271,-8830.37451171875,166,6,20,0.120481927710843,20
56784_c,18200.40965271,-8780.37451171875,153,7,21,0.137254901960784,21
56784_c,18200.40965271,-8730.37451171875,126,11,23,0.182539682539683,23
56784_c,18200.40965271,-8680.37451171875,112,12,24,0.214285714285714,24
56784_c,18200.40965271,-8630.37451171875,108,30,27,0.25,27
56784_c,18200.40965271,-8580.37451171875,88,41,26,0.295454545454545,26
56784_c,18200.40965271,-8530.37451171875,66,45,20,0.303030303030303,20
56784_c,18200.40965271,-8480.37451171875,52,41,18,0.346153846153846,18
56784_c,18200.40965271,-8430.37451171875,35,40,17,0.485714285714286,17
56784_c,18250.40965271,-9330.37451171875,140,5,25,0.178571428571429,25
56784_c,18250.40965271,-9280.37451171875,165,6,32,0.193939393939394,32
56784_c,18250.40965271,-9230.37451171875,145,8,24,0.16551724137931,24
56784_c,18250.40965271,-9180.37451171875,111,24,20,0.18018018018018,20
56784_c,18250.40965271,-9130.37451171875,93,29,22,0.236559139784946,22
56784_c,18250.40965271,-9080.37451171875,102,29,17,0.166666666666667,17
56784_c,18250.40965271,-9030.37451171875,111,29,16,0.144144144144144,16
56784_c,18250.40965271,-8980.37451171875,135,26,14,0.103703703703704,14
56784_c,18250.40965271,-8930.37451171875,151,9,11,0.0728476821192053,11
56784_c,18250.40965271,-8830.37451171875,164,5,20,0.121951219512195,20
56784_c,18250.40965271,-8780.37451171875,153,9,26,0.169934640522876,26
56784_c,18250.40965271,-8730.37451171875,123,15,28,0.227642276422764,28
56784_c,18250.40965271,-8680.37451171875,108,20,28,0.259259259259259,28
56784_c,18250.40965271,-8630.37451171875,100,52,28,0.28,28
56784_c,18250.40965271,-8580.37451171875,78,76,28,0.358974358974359,28
56784_c,18250.40965271,-8530.37451171875,55,76,21,0.381818181818182,21
56784_c,18250.40965271,-8480.37451171875,44,70,19,0.431818181818182,19
56784_c,18250.40965271,-8430.37451171875,30,65,18,0.6,18
56784_c,18300.40965271,-9330.37451171875,156,5,20,0.128205128205128,20
56784_c,18300.40965271,-9280.37451171875,180,5,23,0.127777777777778,23
56784_c,18300.40965271,-9230.37451171875,153,10,21,0.137254901960784,21
56784_c,18300.40965271,-9180.37451171875,102,29,17,0.166666666666667,17
56784_c,18300.40965271,-9130.37451171875,85,33,20,0.235294117647059,20
56784_c,18300.40965271,-9080.37451171875,98,30,12,0.122448979591837,12
56784_c,18300.40965271,-9030.37451171875,116,33,21,0.181034482758621,21
56784_c,18300.40965271,-8980.37451171875,141,28,19,0.134751773049645,19
56784_c,18300.40965271,-8930.37451171875,166,9,19,0.114457831325301,19
56784_c,18300.40965271,-8880.37451171875,175,6,24,0.137142857142857,24
56784_c,18300.40965271,-8830.37451171875,175,9,33,0.188571428571429,33
56784_c,18300.40965271,-8780.37451171875,151,11,33,0.218543046357616,33
56784_c,18300.40965271,-8730.37451171875,116,17,35,0.301724137931035,35
56784_c,18300.40965271,-8680.37451171875,94,22,30,0.319148936170213,30
56784_c,18300.40965271,-8630.37451171875,73,66,28,0.383561643835616,28
56784_c,18300.40965271,-8580.37451171875,39,98,19,0.487179487179487,19
56784_c,18350.40965271,-9280.37451171875,166,8,20,0.120481927710843,20
56784_c,18350.40965271,-9230.37451171875,134,18,18,0.134328358208955,18
56784_c,18350.40965271,-9180.37451171875,89,42,15,0.168539325842697,15
56784_c,18350.40965271,-9130.37451171875,72,44,18,0.25,18
56784_c,18350.40965271,-9080.37451171875,84,43,12,0.142857142857143,12
56784_c,18350.40965271,-9030.37451171875,105,40,20,0.19047619047619,20
56784_c,18350.40965271,-8980.37451171875,129,30,18,0.13953488372093,18
56784_c,18350.40965271,-8930.37451171875,157,6,18,0.114649681528662,18
56784_c,18350.40965271,-8880.37451171875,164,5,23,0.140243902439024,23
56784_c,18350.40965271,-8830.37451171875,158,8,31,0.19620253164557,31
56784_c,18350.40965271,-8780.37451171875,133,12,32,0.240601503759399,32
56784_c,18350.40965271,-8730.37451171875,103,19,34,0.330097087378641,34
56784_c,18350.40965271,-8680.37451171875,76,30,29,0.381578947368421,29
56784_c,18350.40965271,-8630.37451171875,50,73,19,0.38,19
56784_c,18400.40965271,-9380.37451171875,113,8,9,0.079646017699115,9
56784_c,18400.40965271,-9330.37451171875,136,12,14,0.102941176470588,14
56784_c,18400.40965271,-9280.37451171875,152,26,16,0.105263157894737,16
56784_c,18400.40965271,-9230.37451171875,115,41,14,0.121739130434783,14
56784_c,18400.40965271,-9180.37451171875,73,64,10,0.136986301369863,10
56784_c,18400.40965271,-9130.37451171875,58,60,13,0.224137931034483,13
56784_c,18400.40965271,-9080.37451171875,70,56,6,0.0857142857142857,6
56784_c,18400.40965271,-9030.37451171875,95,44,14,0.147368421052632,14
56784_c,18400.40965271,-8980.37451171875,124,29,13,0.104838709677419,13
56784_c,18400.40965271,-8930.37451171875,162,6,15,0.0925925925925926,15
56784_c,18400.40965271,-8880.37451171875,171,11,28,0.16374269005848,28
56784_c,18400.40965271,-8830.37451171875,162,13,30,0.185185185185185,30
56784_c,18400.40965271,-8780.37451171875,133,15,29,0.218045112781955,29
56784_c,18400.40965271,-8730.37451171875,102,19,29,0.284313725490196,29
56784_c,18400.40965271,-8680.37451171875,63,30,22,0.349206349206349,22
56784_c,18400.40965271,-8630.37451171875,39,60,9,0.230769230769231,9
56784_c,18450.40965271,-9430.37451171875,69,5,4,0.0579710144927536,4
56784_c,18450.40965271,-9380.37451171875,92,20,6,0.0652173913043478,6
56784_c,18450.40965271,-9330.37451171875,109,30,11,0.100917431192661,11
56784_c,18450.40965271,-9280.37451171875,118,48,13,0.110169491525424,13
56784_c,18450.40965271,-9230.37451171875,83,66,12,0.144578313253012,12
56784_c,18450.40965271,-9180.37451171875,51,83,9,0.176470588235294,9
56784_c,18450.40965271,-9130.37451171875,43,71,10,0.232558139534884,10
56784_c,18450.40965271,-9080.37451171875,63,61,3,0.0476190476190476,3
56784_c,18450.40965271,-9030.37451171875,92,45,11,0.119565217391304,11
56784_c,18450.40965271,-8980.37451171875,127,27,10,0.078740157480315,10
56784_c,18450.40965271,-8930.37451171875,164,6,13,0.0792682926829268,13
56784_c,18450.40965271,-8880.37451171875,179,12,32,0.17877094972067,32
56784_c,18450.40965271,-8830.37451171875,166,14,32,0.192771084337349,32
56784_c,18450.40965271,-8780.37451171875,143,16,31,0.216783216783217,31
56784_c,18450.40965271,-8730.37451171875,108,20,32,0.296296296296296,32
56784_c,18450.40965271,-8680.37451171875,71,31,25,0.352112676056338,25
56784_c,18450.40965271,-8630.37451171875,41,51,7,0.170731707317073,7
56784_c,18500.40965271,-9430.37451171875,51,9,1,0.0196078431372549,1
56784_c,18500.40965271,-9380.37451171875,67,38,3,0.0447761194029851,3
56784_c,18500.40965271,-9330.37451171875,80,64,8,0.1,8
56784_c,18500.40965271,-9280.37451171875,85,82,10,0.117647058823529,10
56784_c,18500.40965271,-9230.37451171875,59,103,10,0.169491525423729,10
56784_c,18500.40965271,-9180.37451171875,36,114,9,0.25,9
56784_c,18500.40965271,-9130.37451171875,32,91,13,0.40625,13
56784_c,18500.40965271,-9080.37451171875,56,65,6,0.107142857142857,6
56784_c,18500.40965271,-9030.37451171875,90,49,14,0.155555555555556,14
56784_c,18500.40965271,-8980.37451171875,129,27,13,0.10077519379845,13
56784_c,18500.40965271,-8930.37451171875,170,9,16,0.0941176470588235,16
56784_c,18500.40965271,-8880.37451171875,187,11,23,0.122994652406417,23
56784_c,18500.40965271,-8830.37451171875,173,13,23,0.132947976878613,23
56784_c,18500.40965271,-8780.37451171875,146,15,21,0.143835616438356,21
56784_c,18500.40965271,-8730.37451171875,107,18,22,0.205607476635514,22
56784_c,18500.40965271,-8680.37451171875,66,25,17,0.257575757575758,17
56784_c,18500.40965271,-8630.37451171875,37,33,6,0.162162162162162,6
56784_c,18550.40965271,-9380.37451171875,35,48,3,0.0857142857142857,3
56784_c,18550.40965271,-9330.37451171875,42,75,6,0.142857142857143,6
56784_c,18550.40965271,-9280.37451171875,47,95,10,0.212765957446809,10
56784_c,18550.40965271,-9230.37451171875,40,115,13,0.325,13
56784_c,18550.40965271,-9180.37451171875,31,121,14,0.451612903225806,14
56784_c,18550.40965271,-9130.37451171875,33,90,17,0.515151515151515,17
56784_c,18550.40965271,-9080.37451171875,61,63,14,0.229508196721311,14
56784_c,18550.40965271,-9030.37451171875,93,43,10,0.10752688172043,10
56784_c,18550.40965271,-8980.37451171875,127,22,5,0.0393700787401575,5
56784_c,18550.40965271,-8930.37451171875,171,5,4,0.0233918128654971,4
56784_c,18550.40965271,-8880.37451171875,195,7,9,0.0461538461538462,9
56784_c,18550.40965271,-8830.37451171875,183,11,15,0.0819672131147541,15
56784_c,18550.40965271,-8780.37451171875,155,20,20,0.129032258064516,20
56784_c,18550.40965271,-8730.37451171875,114,23,21,0.184210526315789,21
56784_c,18550.40965271,-8680.37451171875,68,31,20,0.294117647058824,20
56784_c,18550.40965271,-8630.37451171875,35,27,11,0.314285714285714,11
56784_c,18600.40965271,-9330.37451171875,36,82,12,0.333333333333333,12
56784_c,18600.40965271,-9280.37451171875,47,97,16,0.340425531914894,16
56784_c,18600.40965271,-9230.37451171875,48,111,19,0.395833333333333,19
56784_c,18600.40965271,-9180.37451171875,46,115,21,0.456521739130435,21
56784_c,18600.40965271,-9130.37451171875,55,82,22,0.4,22
56784_c,18600.40965271,-9080.37451171875,78,54,16,0.205128205128205,16
56784_c,18600.40965271,-9030.37451171875,106,39,12,0.113207547169811,12
56784_c,18600.40965271,-8980.37451171875,143,23,7,0.048951048951049,7
56784_c,18600.40965271,-8930.37451171875,183,7,5,0.0273224043715847,5
56784_c,18600.40965271,-8880.37451171875,205,7,9,0.0439024390243902,9
56784_c,18600.40965271,-8830.37451171875,192,12,16,0.0833333333333333,16
56784_c,18600.40965271,-8780.37451171875,160,24,19,0.11875,19
56784_c,18600.40965271,-8730.37451171875,111,30,20,0.18018018018018,20
56784_c,18600.40965271,-8680.37451171875,66,34,19,0.287878787878788,19
56784_c,18600.40965271,-8630.37451171875,33,29,11,0.333333333333333,11
56784_c,18650.40965271,-9330.37451171875,41,76,17,0.414634146341463,17
56784_c,18650.40965271,-9280.37451171875,54,82,21,0.388888888888889,21
56784_c,18650.40965271,-9230.37451171875,73,93,29,0.397260273972603,29
56784_c,18650.40965271,-9180.37451171875,81,90,36,0.444444444444444,36
56784_c,18650.40965271,-9130.37451171875,88,64,35,0.397727272727273,35
56784_c,18650.40965271,-9080.37451171875,104,39,29,0.278846153846154,29
56784_c,18650.40965271,-9030.37451171875,126,33,25,0.198412698412698,25
56784_c,18650.40965271,-8980.37451171875,151,20,15,0.0993377483443709,15
56784_c,18650.40965271,-8930.37451171875,177,7,6,0.0338983050847458,6
56784_c,18650.40965271,-8830.37451171875,178,9,12,0.0674157303370787,12
56784_c,18650.40965271,-8780.37451171875,147,22,13,0.0884353741496599,13
56784_c,18650.40965271,-8730.37451171875,100,33,14,0.14,14
56784_c,18650.40965271,-8680.37451171875,61,40,14,0.229508196721311,14
56784_c,18700.40965271,-9330.37451171875,61,59,22,0.360655737704918,22
56784_c,18700.40965271,-9280.37451171875,81,61,26,0.320987654320988,26
56784_c,18700.40965271,-9230.37451171875,113,67,34,0.300884955752212,34
56784_c,18700.40965271,-9180.37451171875,122,67,42,0.344262295081967,42
56784_c,18700.40965271,-9130.37451171875,127,48,41,0.322834645669291,41
56784_c,18700.40965271,-9080.37451171875,132,29,35,0.265151515151515,35
56784_c,18700.40965271,-9030.37451171875,148,27,31,0.209459459459459,31
56784_c,18700.40965271,-8980.37451171875,161,19,21,0.130434782608696,21
56784_c,18700.40965271,-8930.37451171875,185,8,14,0.0756756756756757,14
56784_c,18700.40965271,-8830.37451171875,177,7,14,0.0790960451977401,14
56784_c,18700.40965271,-8780.37451171875,143,22,15,0.104895104895105,15
56784_c,18700.40965271,-8730.37451171875,97,33,13,0.134020618556701,13
56784_c,18700.40965271,-8680.37451171875,53,39,8,0.150943396226415,8
56784_c,18750.40965271,-9380.37451171875,45,21,16,0.355555555555556,16
56784_c,18750.40965271,-9330.37451171875,85,26,32,0.376470588235294,32
56784_c,18750.40965271,-9280.37451171875,109,29,38,0.348623853211009,38
56784_c,18750.40965271,-9230.37451171875,143,32,47,0.328671328671329,47
56784_c,18750.40965271,-9180.37451171875,146,32,56,0.383561643835616,56
56784_c,18750.40965271,-9130.37451171875,147,24,52,0.353741496598639,52
56784_c,18750.40965271,-9080.37451171875,140,19,38,0.271428571428571,38
56784_c,18750.40965271,-9030.37451171875,152,16,32,0.210526315789474,32
56784_c,18750.40965271,-8980.37451171875,159,12,22,0.138364779874214,22
56784_c,18750.40965271,-8930.37451171875,168,5,14,0.0833333333333333,14
56784_c,18750.40965271,-8830.37451171875,162,7,15,0.0925925925925926,15
56784_c,18750.40965271,-8780.37451171875,133,20,16,0.120300751879699,16
56784_c,18750.40965271,-8730.37451171875,92,31,14,0.152173913043478,14
56784_c,18750.40965271,-8680.37451171875,58,38,8,0.137931034482759,8
56784_c,18750.40965271,-8630.37451171875,32,39,9,0.28125,9
56784_c,18800.40965271,-9380.37451171875,51,12,17,0.333333333333333,17
56784_c,18800.40965271,-9330.37451171875,96,15,33,0.34375,33
56784_c,18800.40965271,-9280.37451171875,122,17,38,0.311475409836066,38
56784_c,18800.40965271,-9230.37451171875,155,18,43,0.27741935483871,43
56784_c,18800.40965271,-9180.37451171875,163,21,56,0.343558282208589,56
56784_c,18800.40965271,-9130.37451171875,164,20,52,0.317073170731707,52
56784_c,18800.40965271,-9080.37451171875,152,17,37,0.243421052631579,37
56784_c,18800.40965271,-9030.37451171875,161,15,33,0.204968944099379,33
56784_c,18800.40965271,-8980.37451171875,164,12,26,0.158536585365854,26
56784_c,18800.40965271,-8930.37451171875,159,5,14,0.0880503144654088,14
56784_c,18800.40965271,-8830.37451171875,137,7,10,0.072992700729927,10
56784_c,18800.40965271,-8780.37451171875,112,15,11,0.0982142857142857,11
56784_c,18800.40965271,-8730.37451171875,76,26,9,0.118421052631579,9
56784_c,18800.40965271,-8680.37451171875,48,34,3,0.0625,3
56784_c,18850.40965271,-9430.37451171875,32,5,4,0.125,4
56784_c,18850.40965271,-9380.37451171875,63,6,12,0.19047619047619,12
56784_c,18850.40965271,-9330.37451171875,108,8,21,0.194444444444444,21
56784_c,18850.40965271,-9280.37451171875,139,10,26,0.18705035971223,26
56784_c,18850.40965271,-9230.37451171875,178,13,39,0.219101123595506,39
56784_c,18850.40965271,-9180.37451171875,181,12,51,0.281767955801105,51
56784_c,18850.40965271,-9130.37451171875,179,13,53,0.29608938547486,53
56784_c,18850.40965271,-9080.37451171875,167,12,44,0.263473053892216,44
56784_c,18850.40965271,-9030.37451171875,170,10,42,0.247058823529412,42
56784_c,18850.40965271,-8980.37451171875,162,6,28,0.17283950617284,28
56784_c,18850.40965271,-8830.37451171875,134,7,11,0.082089552238806,11
56784_c,18850.40965271,-8780.37451171875,114,11,11,0.0964912280701754,11
56784_c,18850.40965271,-8730.37451171875,83,19,9,0.108433734939759,9
56784_c,18850.40965271,-8680.37451171875,57,25,3,0.0526315789473684,3
56784_c,18850.40965271,-8630.37451171875,31,24,1,0.032258064516129,1
56784_c,18900.40965271,-9280.37451171875,131,6,23,0.175572519083969,23
56784_c,18900.40965271,-9230.37451171875,171,7,31,0.181286549707602,31
56784_c,18900.40965271,-9180.37451171875,175,9,39,0.222857142857143,39
56784_c,18900.40965271,-9130.37451171875,185,9,40,0.216216216216216,40
56784_c,18900.40965271,-9080.37451171875,172,8,31,0.180232558139535,31
56784_c,18900.40965271,-9030.37451171875,172,6,29,0.168604651162791,29
56784_c,18900.40965271,-8830.37451171875,149,5,12,0.0805369127516778,12
56784_c,18900.40965271,-8780.37451171875,131,7,12,0.0916030534351145,12
56784_c,18900.40965271,-8730.37451171875,97,11,10,0.103092783505155,10
56784_c,18900.40965271,-8680.37451171875,70,13,2,0.0285714285714286,2
56784_c,18900.40965271,-8630.37451171875,39,12,0,0,0
56784_c,18950.40965271,-9280.37451171875,121,6,13,0.107438016528926,13
56784_c,18950.40965271,-9230.37451171875,153,7,21,0.137254901960784,21
56784_c,18950.40965271,-9180.37451171875,157,8,26,0.165605095541401,26
56784_c,18950.40965271,-9130.37451171875,169,7,26,0.153846153846154,26
56784_c,18950.40965271,-9080.37451171875,157,6,20,0.127388535031847,20
56784_c,18950.40965271,-9030.37451171875,157,5,20,0.127388535031847,20
56784_c,18950.40965271,-8830.37451171875,144,7,11,0.0763888888888889,11
56784_c,18950.40965271,-8780.37451171875,128,6,9,0.0703125,9
56784_c,18950.40965271,-8730.37451171875,94,9,9,0.0957446808510638,9
56784_c,18950.40965271,-8680.37451171875,74,12,7,0.0945945945945946,7
56784_c,18950.40965271,-8630.37451171875,41,12,5,0.121951219512195,5
56784_c,19000.40965271,-9280.37451171875,107,5,11,0.102803738317757,11
56784_c,19000.40965271,-9230.37451171875,142,5,18,0.126760563380282,18
56784_c,19000.40965271,-9180.37451171875,160,6,22,0.1375,22
56784_c,19000.40965271,-9130.37451171875,177,6,26,0.146892655367232,26
56784_c,19000.40965271,-9080.37451171875,168,5,22,0.130952380952381,22
56784_c,19000.40965271,-9030.37451171875,160,5,24,0.15,24
56784_c,19000.40965271,-8880.37451171875,151,5,15,0.0993377483443709,15
56784_c,19000.40965271,-8830.37451171875,141,9,23,0.163120567375887,23
56784_c,19000.40965271,-8780.37451171875,126,8,21,0.166666666666667,21
56784_c,19000.40965271,-8730.37451171875,94,10,21,0.223404255319149,21
56784_c,19000.40965271,-8680.37451171875,69,15,19,0.27536231884058,19
56784_c,19000.40965271,-8630.37451171875,36,16,12,0.333333333333333,12
56784_c,19050.40965271,-9330.37451171875,75,6,12,0.16,12
56784_c,19050.40965271,-9280.37451171875,106,7,16,0.150943396226415,16
56784_c,19050.40965271,-9230.37451171875,141,10,32,0.226950354609929,32
56784_c,19050.40965271,-9180.37451171875,158,10,30,0.189873417721519,30
56784_c,19050.40965271,-9130.37451171875,167,10,34,0.203592814371258,34
56784_c,19050.40965271,-9080.37451171875,161,7,30,0.186335403726708,30
56784_c,19050.40965271,-9030.37451171875,157,7,29,0.184713375796178,29
56784_c,19050.40965271,-8930.37451171875,156,5,15,0.0961538461538462,15
56784_c,19050.40965271,-8880.37451171875,156,7,19,0.121794871794872,19
56784_c,19050.40965271,-8830.37451171875,153,8,24,0.156862745098039,24
56784_c,19050.40965271,-8780.37451171875,139,7,22,0.158273381294964,22
56784_c,19050.40965271,-8730.37451171875,106,9,22,0.207547169811321,22
56784_c,19050.40965271,-8680.37451171875,78,12,20,0.256410256410256,20
56784_c,19050.40965271,-8630.37451171875,47,13,12,0.25531914893617,12
56784_c,19100.40965271,-9330.37451171875,53,9,12,0.226415094339623,12
56784_c,19100.40965271,-9280.37451171875,80,10,20,0.25,20
56784_c,19100.40965271,-9230.37451171875,108,13,30,0.277777777777778,30
56784_c,19100.40965271,-9180.37451171875,134,13,28,0.208955223880597,28
56784_c,19100.40965271,-9130.37451171875,147,13,32,0.217687074829932,32
56784_c,19100.40965271,-9080.37451171875,152,7,32,0.210526315789474,32
56784_c,19100.40965271,-9030.37451171875,152,8,29,0.190789473684211,29
56784_c,19100.40965271,-8980.37451171875,160,5,22,0.1375,22
56784_c,19100.40965271,-8930.37451171875,164,6,21,0.128048780487805,21
56784_c,19100.40965271,-8880.37451171875,167,7,25,0.149700598802395,25
56784_c,19100.40965271,-8830.37451171875,171,8,29,0.169590643274854,29
56784_c,19100.40965271,-8780.37451171875,156,6,22,0.141025641025641,22
56784_c,19100.40965271,-8730.37451171875,120,9,22,0.183333333333333,22
56784_c,19100.40965271,-8680.37451171875,86,13,20,0.232558139534884,20
56784_c,19100.40965271,-8630.37451171875,53,15,12,0.226415094339623,12
56784_c,19150.40965271,-9330.37451171875,53,9,12,0.226415094339623,12
56784_c,19150.40965271,-9280.37451171875,80,11,23,0.2875,23
56784_c,19150.40965271,-9230.37451171875,102,15,35,0.343137254901961,35
56784_c,19150.40965271,-9180.37451171875,126,15,34,0.26984126984127,34
56784_c,19150.40965271,-9130.37451171875,136,15,38,0.279411764705882,38
56784_c,19150.40965271,-9080.37451171875,144,9,38,0.263888888888889,38
56784_c,19150.40965271,-9030.37451171875,143,9,32,0.223776223776224,32
56784_c,19150.40965271,-8980.37451171875,154,6,26,0.168831168831169,26
56784_c,19150.40965271,-8930.37451171875,164,6,24,0.146341463414634,24
56784_c,19150.40965271,-8880.37451171875,169,7,28,0.165680473372781,28
56784_c,19150.40965271,-8830.37451171875,173,8,31,0.179190751445087,31
56784_c,19150.40965271,-8780.37451171875,158,7,22,0.139240506329114,22
56784_c,19150.40965271,-8730.37451171875,125,8,19,0.152,19
56784_c,19150.40965271,-8680.37451171875,86,13,19,0.22093023255814,19
56784_c,19150.40965271,-8630.37451171875,52,15,11,0.211538461538462,11
56784_c,19200.40965271,-9330.37451171875,42,10,11,0.261904761904762,11
56784_c,19200.40965271,-9280.37451171875,71,12,23,0.323943661971831,23
56784_c,19200.40965271,-9230.37451171875,96,16,35,0.364583333333333,35
56784_c,19200.40965271,-9180.37451171875,128,16,36,0.28125,36
56784_c,19200.40965271,-9130.37451171875,140,16,41,0.292857142857143,41
56784_c,19200.40965271,-9080.37451171875,153,9,39,0.254901960784314,39
56784_c,19200.40965271,-9030.37451171875,154,8,30,0.194805194805195,30
56784_c,19200.40965271,-8980.37451171875,166,6,30,0.180722891566265,30
56784_c,19200.40965271,-8930.37451171875,182,6,30,0.164835164835165,30
56784_c,19200.40965271,-8880.37451171875,185,7,34,0.183783783783784,34
56784_c,19200.40965271,-8830.37451171875,191,6,33,0.172774869109948,33
56784_c,19200.40965271,-8780.37451171875,174,6,26,0.149425287356322,26
56784_c,19200.40965271,-8730.37451171875,137,6,15,0.109489051094891,15
56784_c,19200.40965271,-8680.37451171875,88,14,15,0.170454545454545,15
56784_c,19200.40965271,-8630.37451171875,55,16,7,0.127272727272727,7
56784_c,19250.40965271,-9330.37451171875,36,8,8,0.222222222222222,8
56784_c,19250.40965271,-9280.37451171875,62,10,19,0.306451612903226,19
56784_c,19250.40965271,-9230.37451171875,91,14,28,0.307692307692308,28
56784_c,19250.40965271,-9180.37451171875,124,15,29,0.233870967741935,29
56784_c,19250.40965271,-9130.37451171875,138,15,29,0.210144927536232,29
56784_c,19250.40965271,-9080.37451171875,146,10,31,0.212328767123288,31
56784_c,19250.40965271,-9030.37451171875,154,9,23,0.149350649350649,23
56784_c,19250.40965271,-8980.37451171875,162,7,25,0.154320987654321,25
56784_c,19250.40965271,-8930.37451171875,174,6,27,0.155172413793103,27
56784_c,19250.40965271,-8880.37451171875,178,8,34,0.191011235955056,34
56784_c,19250.40965271,-8830.37451171875,188,6,26,0.138297872340426,26
56784_c,19250.40965271,-8780.37451171875,179,6,19,0.106145251396648,19
56784_c,19250.40965271,-8730.37451171875,144,7,10,0.0694444444444445,10
56784_c,19250.40965271,-8680.37451171875,103,14,11,0.106796116504854,11
56784_c,19250.40965271,-8630.37451171875,73,14,5,0.0684931506849315,5
56784_c,19250.40965271,-8580.37451171875,37,14,6,0.162162162162162,6
56784_c,19300.40965271,-9280.37451171875,57,6,7,0.12280701754386,7
56784_c,19300.40965271,-9230.37451171875,84,8,11,0.130952380952381,11
56784_c,19300.40965271,-9180.37451171875,120,9,14,0.116666666666667,14
56784_c,19300.40965271,-9130.37451171875,146,9,16,0.10958904109589,16
56784_c,19300.40965271,-9080.37451171875,152,6,18,0.118421052631579,18
56784_c,19300.40965271,-9030.37451171875,157,6,18,0.114649681528662,18
56784_c,19300.40965271,-8980.37451171875,170,7,28,0.164705882352941,28
56784_c,19300.40965271,-8930.37451171875,177,6,28,0.15819209039548,28
56784_c,19300.40965271,-8880.37451171875,176,7,32,0.181818181818182,32
56784_c,19300.40965271,-8830.37451171875,178,6,27,0.151685393258427,27
56784_c,19300.40965271,-8780.37451171875,165,6,20,0.121212121212121,20
56784_c,19300.40965271,-8730.37451171875,128,6,7,0.0546875,7
56784_c,19300.40965271,-8680.37451171875,96,14,12,0.125,12
56784_c,19300.40965271,-8630.37451171875,71,14,9,0.126760563380282,9
56784_c,19300.40965271,-8580.37451171875,42,14,10,0.238095238095238,10
56784_c,19350.40965271,-9180.37451171875,128,5,11,0.0859375,11
56784_c,19350.40965271,-9130.37451171875,160,5,13,0.08125,13
56784_c,19350.40965271,-8980.37451171875,157,5,18,0.114649681528662,18
56784_c,19350.40965271,-8880.37451171875,144,5,22,0.152777777777778,22
56784_c,19350.40965271,-8830.37451171875,141,5,22,0.156028368794326,22
56784_c,19350.40965271,-8780.37451171875,127,6,22,0.173228346456693,22
56784_c,19350.40965271,-8680.37451171875,72,11,12,0.166666666666667,12
56784_c,19350.40965271,-8630.37451171875,55,11,9,0.163636363636364,9
56784_c,19350.40965271,-8580.37451171875,37,11,10,0.27027027027027,10
56784_c,19400.40965271,-8680.37451171875,53,10,12,0.226415094339623,12
56784_c,19400.40965271,-8630.37451171875,46,10,9,0.195652173913043,9
56784_c,19400.40965271,-8580.37451171875,34,10,10,0.294117647058824,10
