sample,x0,y0,n_hep,n_cd4,n_chol,score
54023_b,843.953109741211,-11083.6330566406,34,54,49,42.8485705712571
54023_b,843.953109741211,-11033.6330566406,44,60,73,51.3809303146605
54023_b,843.953109741211,-10983.6330566406,47,65,62,55.2720544217419
54023_b,843.953109741211,-10933.6330566406,44,54,57,48.7442304278158
54023_b,843.953109741211,-10883.6330566406,40,52,58,45.6070170039655
54023_b,843.953109741211,-10833.6330566406,34,56,75,43.6348484585429
54023_b,893.953109741211,-11133.6330566406,43,45,8,43.9886348958455
54023_b,893.953109741211,-11083.6330566406,63,49,8,55.5607775323564
54023_b,893.953109741211,-11033.6330566406,73,53,18,62.201286160336
54023_b,893.953109741211,-10983.6330566406,74,54,16,63.2139225171164
54023_b,893.953109741211,-10933.6330566406,72,44,15,56.2849891178812
54023_b,893.953109741211,-10883.6330566406,66,45,23,54.4977063737549
54023_b,893.953109741211,-10833.6330566406,55,53,39,53.9907399467724
54023_b,893.953109741211,-10783.6330566406,36,57,34,45.2990066116245
54023_b,943.953109741211,-11183.6330566406,37,21,2,27.8747197295327
54023_b,943.953109741211,-11133.6330566406,58,34,2,44.407206622349
54023_b,943.953109741211,-11083.6330566406,83,36,2,54.6626014748658
54023_b,943.953109741211,-11033.6330566406,96,39,9,61.1882341631134
54023_b,943.953109741211,-10983.6330566406,97,41,13,63.0634601017103
54023_b,943.953109741211,-10933.6330566406,95,39,12,60.8687111741328
54023_b,943.953109741211,-10883.6330566406,84,37,20,55.7494394590654
54023_b,943.953109741211,-10833.6330566406,67,49,25,57.2974694031072
54023_b,943.953109741211,-10783.6330566406,44,54,23,48.7442304278158
54023_b,943.953109741211,-10733.6330566406,33,55,27,42.6028168082816
54023_b,993.953109741211,-11183.6330566406,51,8,2,20.1990098767242
54023_b,993.953109741211,-11133.6330566406,73,10,2,27.0185121722126
54023_b,993.953109741211,-11083.6330566406,103,10,2,32.0936130717624
54023_b,993.953109741211,-11033.6330566406,111,12,4,36.4965751817893
54023_b,993.953109741211,-10983.6330566406,112,17,4,43.6348484585429
54023_b,993.953109741211,-10933.6330566406,106,20,3,46.0434577328854
54023_b,993.953109741211,-10883.6330566406,94,30,8,53.103672189407
54023_b,993.953109741211,-10833.6330566406,72,43,11,55.6417109729742
54023_b,993.953109741211,-10783.6330566406,49,48,9,48.4974226119286
54023_b,993.953109741211,-10733.6330566406,38,48,15,42.7083130081252
54023_b,993.953109741211,-10683.6330566406,32,42,15,36.6606055596467
54023_b,993.953109741211,-10633.6330566406,36,30,10,32.86335345031
54023_b,993.953109741211,-10583.6330566406,37,19,7,26.5141471671257
54023_b,993.953109741211,-10533.6330566406,51,12,7,24.738633753706
54023_b,993.953109741211,-10483.6330566406,59,7,1,20.3224014329016
54023_b,993.953109741211,-10433.6330566406,53,5,1,16.2788205960997
54023_b,993.953109741211,-10383.6330566406,39,5,1,13.9642400437689
54023_b,1043.95310974121,-11033.6330566406,114,7,0,28.2488937836511
54023_b,1043.95310974121,-10983.6330566406,107,13,0,37.296112397943
54023_b,1043.95310974121,-10933.6330566406,100,19,0,43.5889894354067
54023_b,1043.95310974121,-10883.6330566406,86,29,0,49.9399639567351
54023_b,1043.95310974121,-10833.6330566406,66,40,0,51.3809303146605
54023_b,1043.95310974121,-10783.6330566406,53,41,0,46.6154480832267
54023_b,1043.95310974121,-10733.6330566406,51,40,0,45.1663591625449
54023_b,1043.95310974121,-10683.6330566406,45,36,0,40.2492235949962
54023_b,1043.95310974121,-10633.6330566406,56,24,0,36.6606055596467
54023_b,1043.95310974121,-10583.6330566406,67,13,0,29.5127091267474
54023_b,1043.95310974121,-10533.6330566406,80,10,1,28.2842712474619
54023_b,1043.95310974121,-10483.6330566406,89,5,1,21.095023109729
54023_b,1093.95310974121,-11033.6330566406,112,8,0,29.9332590941915
54023_b,1093.95310974121,-10983.6330566406,98,15,0,38.3405790253616
54023_b,1093.95310974121,-10933.6330566406,85,22,0,43.2434966208793
54023_b,1093.95310974121,-10883.6330566406,77,30,0,48.0624593627917
54023_b,1093.95310974121,-10833.6330566406,70,36,0,50.1996015920445
54023_b,1093.95310974121,-10783.6330566406,69,33,0,47.7179211617606
54023_b,1093.95310974121,-10733.6330566406,72,29,0,45.6946386351835
54023_b,1093.95310974121,-10683.6330566406,69,24,0,40.6939798987516
54023_b,1093.95310974121,-10633.6330566406,84,14,0,34.2928563989645
54023_b,1093.95310974121,-10583.6330566406,97,8,0,27.8567765543682
54023_b,1093.95310974121,-10533.6330566406,113,8,1,30.0665927567458
54023_b,1093.95310974121,-10483.6330566406,121,5,1,24.5967477524977
54023_b,1143.95310974121,-11033.6330566406,104,8,0,28.8444102037119
54023_b,1143.95310974121,-10983.6330566406,90,16,0,37.9473319220206
54023_b,1143.95310974121,-10933.6330566406,78,22,0,41.424630354416
54023_b,1143.95310974121,-10883.6330566406,73,26,0,43.5660418215839
54023_b,1143.95310974121,-10833.6330566406,74,28,3,45.5192267069642
54023_b,1143.95310974121,-10783.6330566406,78,27,3,45.8911756223351
54023_b,1143.95310974121,-10733.6330566406,87,22,3,43.7492857084547
54023_b,1143.95310974121,-10683.6330566406,91,17,3,39.3319208785943
54023_b,1143.95310974121,-10633.6330566406,104,11,3,33.8230690505755
54023_b,1143.95310974121,-10583.6330566406,119,9,0,32.7261363439071
54023_b,1143.95310974121,-10533.6330566406,138,7,1,31.0805405358401
54023_b,1143.95310974121,-10483.6330566406,147,5,1,27.1108834234519
54023_b,1143.95310974121,-10333.6330566406,110,9,5,31.4642654451046
54023_b,1143.95310974121,-10283.6330566406,77,7,4,23.2163735324878
54023_b,1143.95310974121,-10233.6330566406,46,6,4,16.6132477258362
54023_b,1193.95310974121,-11033.6330566406,115,7,0,28.3725219182222
54023_b,1193.95310974121,-10983.6330566406,102,15,0,39.1152144312159
54023_b,1193.95310974121,-10933.6330566406,84,23,0,43.9545219516718
54023_b,1193.95310974121,-10883.6330566406,78,28,0,46.7332857821917
54023_b,1193.95310974121,-10833.6330566406,79,29,5,47.8643917750973
54023_b,1193.95310974121,-10783.6330566406,82,28,11,47.9165942028438
54023_b,1193.95310974121,-10733.6330566406,92,21,15,43.9545219516718
54023_b,1193.95310974121,-10683.6330566406,103,14,15,37.9736750920951
54023_b,1193.95310974121,-10633.6330566406,113,8,15,30.0665927567458
54023_b,1193.95310974121,-10583.6330566406,128,7,11,29.9332590941915
54023_b,1193.95310974121,-10383.6330566406,144,11,4,39.7994974842648
54023_b,1193.95310974121,-10333.6330566406,121,16,7,44
54023_b,1193.95310974121,-10283.6330566406,91,16,6,38.1575680566778
54023_b,1193.95310974121,-10233.6330566406,67,15,6,31.7017349682947
54023_b,1193.95310974121,-10183.6330566406,36,12,6,20.7846096908265
54023_b,1243.95310974121,-11033.6330566406,131,8,0,32.3728281124773
54023_b,1243.95310974121,-10983.6330566406,121,12,0,38.1051177665153
54023_b,1243.95310974121,-10933.6330566406,103,21,0,46.5080638169339
54023_b,1243.95310974121,-10883.6330566406,97,25,0,49.2442890089805
54023_b,1243.95310974121,-10833.6330566406,98,26,6,50.4777178564959
54023_b,1243.95310974121,-10783.6330566406,97,23,26,47.2334627144782
54023_b,1243.95310974121,-10733.6330566406,106,21,47,47.1805044483418
54023_b,1243.95310974121,-10683.6330566406,111,13,52,37.9868398264452
54023_b,1243.95310974121,-10633.6330566406,113,12,56,36.8239052790439
54023_b,1243.95310974121,-10583.6330566406,117,14,51,40.4722126896961
54023_b,1243.95310974121,-10533.6330566406,133,12,32,39.9499687108764
54023_b,1243.95310974121,-10483.6330566406,129,10,26,35.9165699921359
54023_b,1243.95310974121,-10433.6330566406,138,12,23,40.6939798987516
54023_b,1243.95310974121,-10383.6330566406,131,16,21,45.7820925690384
54023_b,1243.95310974121,-10333.6330566406,122,18,24,46.8614980554399
54023_b,1243.95310974121,-10283.6330566406,105,17,23,42.2492603485552
54023_b,1243.95310974121,-10233.6330566406,91,19,8,41.5812457725836
54023_b,1243.95310974121,-10183.6330566406,65,16,6,32.2490309931942
54023_b,1243.95310974121,-10133.6330566406,47,8,4,19.3907194296653
54023_b,1293.95310974121,-11033.6330566406,137,5,0,26.1725046566048
54023_b,1293.95310974121,-10983.6330566406,136,9,0,34.9857113690718
54023_b,1293.95310974121,-10933.6330566406,119,17,0,44.977772288098
54023_b,1293.95310974121,-10883.6330566406,117,20,0,48.3735464897913
54023_b,1293.95310974121,-10833.6330566406,113,21,7,48.7134478352744
54023_b,1293.95310974121,-10783.6330566406,106,20,29,46.0434577328854
54023_b,1293.95310974121,-10733.6330566406,108,21,61,47.6235235991626
54023_b,1293.95310974121,-10683.6330566406,105,17,74,42.2492603485552
54023_b,1293.95310974121,-10633.6330566406,95,26,78,49.6990945591567
54023_b,1293.95310974121,-10583.6330566406,94,32,72,54.8452368032084
54023_b,1293.95310974121,-10533.6330566406,111,31,52,58.6600375042499
54023_b,1293.95310974121,-10483.6330566406,106,27,36,53.497663500381
54023_b,1293.95310974121,-10433.6330566406,114,26,25,54.4426303552648
54023_b,1293.95310974121,-10383.6330566406,121,22,23,51.5945733580577
54023_b,1293.95310974121,-10333.6330566406,131,20,26,51.1859355682789
54023_b,1293.95310974121,-10283.6330566406,127,18,24,47.8121323515277
54023_b,1293.95310974121,-10233.6330566406,128,19,8,49.3153120237518
54023_b,1293.95310974121,-10183.6330566406,114,16,6,42.7083130081252
54023_b,1293.95310974121,-10133.6330566406,89,8,4,26.6833281282527
54023_b,1343.95310974121,-11033.6330566406,126,6,0,27.495454169735
54023_b,1343.95310974121,-10983.6330566406,131,9,0,34.3365694267788
54023_b,1343.95310974121,-10933.6330566406,116,16,0,43.081318457076
54023_b,1343.95310974121,-10883.6330566406,111,18,0,44.698993277254
54023_b,1343.95310974121,-10833.6330566406,103,19,7,44.2379927211893
54023_b,1343.95310974121,-10783.6330566406,96,18,30,41.5692193816531
54023_b,1343.95310974121,-10733.6330566406,101,20,67,44.9444101084885
54023_b,1343.95310974121,-10683.6330566406,103,17,82,41.8449519058154
54023_b,1343.95310974121,-10633.6330566406,93,28,89,51.0294032886923
54023_b,1343.95310974121,-10583.6330566406,88,37,84,57.0613704707484
54023_b,1343.95310974121,-10533.6330566406,99,40,68,62.9285308902091
54023_b,1343.95310974121,-10483.6330566406,94,36,47,58.172158288996
54023_b,1343.95310974121,-10433.6330566406,99,35,34,58.8642506110458
54023_b,1343.95310974121,-10383.6330566406,106,30,28,56.3914887194867
54023_b,1343.95310974121,-10333.6330566406,129,25,30,56.7890834580027
54023_b,1343.95310974121,-10283.6330566406,139,18,23,50.0199960015992
54023_b,1343.95310974121,-10233.6330566406,144,19,7,52.3067873224881
54023_b,1343.95310974121,-10183.6330566406,137,16,5,46.8187996428785
54023_b,1343.95310974121,-10133.6330566406,116,8,4,30.4630924234556
54023_b,1393.95310974121,-11033.6330566406,113,8,0,30.0665927567458
54023_b,1393.95310974121,-10983.6330566406,119,12,0,37.7888872553824
54023_b,1393.95310974121,-10933.6330566406,105,19,0,44.6654228682546
54023_b,1393.95310974121,-10883.6330566406,96,19,0,42.7083130081252
54023_b,1393.95310974121,-10833.6330566406,86,22,4,43.4971263418631
54023_b,1393.95310974121,-10783.6330566406,84,19,27,39.9499687108764
54023_b,1393.95310974121,-10733.6330566406,90,20,64,42.4264068711929
54023_b,1393.95310974121,-10683.6330566406,100,18,79,42.4264068711929
54023_b,1393.95310974121,-10633.6330566406,91,30,90,52.2494019104525
54023_b,1393.95310974121,-10583.6330566406,82,36,107,54.3323108288245
54023_b,1393.95310974121,-10533.6330566406,87,41,92,59.7243668865565
54023_b,1393.95310974121,-10483.6330566406,88,37,71,57.0613704707484
54023_b,1393.95310974121,-10433.6330566406,86,36,58,55.6417109729742
54023_b,1393.95310974121,-10383.6330566406,104,30,48,55.8569601750758
54023_b,1393.95310974121,-10333.6330566406,139,20,28,52.7257053058563
54023_b,1393.95310974121,-10283.6330566406,156,12,20,43.2666153055679
54023_b,1393.95310974121,-10233.6330566406,165,13,4,46.3141447076376
54023_b,1393.95310974121,-10183.6330566406,162,10,2,40.2492235949962
54023_b,1443.95310974121,-11033.6330566406,84,8,0,25.9229627936314
54023_b,1443.95310974121,-10983.6330566406,92,13,0,34.5832329315812
54023_b,1443.95310974121,-10933.6330566406,84,16,0,36.6606055596467
54023_b,1443.95310974121,-10883.6330566406,83,15,0,35.2845575287547
54023_b,1443.95310974121,-10833.6330566406,78,17,2,36.4142829120663
54023_b,1443.95310974121,-10783.6330566406,85,13,19,33.2415402771893
54023_b,1443.95310974121,-10733.6330566406,98,13,52,35.6931365951495
54023_b,1443.95310974121,-10683.6330566406,107,15,67,40.0624512480203
54023_b,1443.95310974121,-10633.6330566406,96,29,78,52.7636238330917
54023_b,1443.95310974121,-10583.6330566406,82,36,97,54.3323108288245
54023_b,1443.95310974121,-10533.6330566406,82,42,87,58.6856030044848
54023_b,1443.95310974121,-10483.6330566406,80,38,70,55.1361950083609
54023_b,1443.95310974121,-10433.6330566406,86,34,57,54.0740233383831
54023_b,1443.95310974121,-10383.6330566406,114,21,46,48.9285192909003
54023_b,1443.95310974121,-10333.6330566406,154,11,25,41.1582312545134
54023_b,1443.95310974121,-10233.6330566406,187,5,2,30.5777697028413
54023_b,1443.95310974121,-10183.6330566406,184,6,0,33.2264954516723
54023_b,1443.95310974121,-10133.6330566406,150,7,0,32.4037034920393
54023_b,1443.95310974121,-10083.6330566406,106,9,0,30.886890422961
54023_b,1443.95310974121,-10033.6330566406,69,9,0,24.9198715887542
54023_b,1443.95310974121,-9983.63305664063,34,6,0,14.2828568570857
54023_b,1493.95310974121,-11033.6330566406,53,6,0,17.832554500127
54023_b,1493.95310974121,-10983.6330566406,64,11,0,26.5329983228432
54023_b,1493.95310974121,-10933.6330566406,61,12,0,27.0554985169374
54023_b,1493.95310974121,-10883.6330566406,62,11,0,26.1151297144012
54023_b,1493.95310974121,-10833.6330566406,69,13,1,29.9499582637439
54023_b,1493.95310974121,-10783.6330566406,85,13,4,33.2415402771893
54023_b,1493.95310974121,-10733.6330566406,98,12,20,34.2928563989645
54023_b,1493.95310974121,-10683.6330566406,115,15,30,41.5331193145904
54023_b,1493.95310974121,-10633.6330566406,115,25,37,53.619026473818
54023_b,1493.95310974121,-10583.6330566406,111,30,57,57.706152185014
54023_b,1493.95310974121,-10533.6330566406,112,33,61,60.7947366142827
54023_b,1493.95310974121,-10483.6330566406,117,30,46,59.2452529743945
54023_b,1493.95310974121,-10433.6330566406,124,27,36,57.8619045659577
54023_b,1493.95310974121,-10383.6330566406,147,17,29,49.9899989998
54023_b,1493.95310974121,-10333.6330566406,176,10,8,41.9523539268061
54023_b,1493.95310974121,-10183.6330566406,183,6,0,33.1360830515618
54023_b,1493.95310974121,-10133.6330566406,147,8,0,34.2928563989645
54023_b,1493.95310974121,-10083.6330566406,105,9,0,30.7408522978788
54023_b,1493.95310974121,-10033.6330566406,70,9,0,25.0998007960223
54023_b,1493.95310974121,-9983.63305664063,35,7,0,15.6524758424985
54023_b,1543.95310974121,-10983.6330566406,38,9,0,18.4932420089069
54023_b,1543.95310974121,-10933.6330566406,38,10,0,19.4935886896179
54023_b,1543.95310974121,-10883.6330566406,42,9,0,19.4422220952236
54023_b,1543.95310974121,-10833.6330566406,56,12,0,25.9229627936314
54023_b,1543.95310974121,-10783.6330566406,77,11,1,29.1032644217105
54023_b,1543.95310974121,-10733.6330566406,96,10,6,30.9838667696593
54023_b,1543.95310974121,-10683.6330566406,126,11,8,37.2290209379726
54023_b,1543.95310974121,-10633.6330566406,135,14,15,43.4741302385683
54023_b,1543.95310974121,-10583.6330566406,135,14,36,43.4741302385683
54023_b,1543.95310974121,-10533.6330566406,134,16,41,46.3033476111609
54023_b,1543.95310974121,-10483.6330566406,141,15,36,45.9891291502677
54023_b,1543.95310974121,-10433.6330566406,144,14,34,44.8998886412873
54023_b,1543.95310974121,-10383.6330566406,158,11,27,41.6893271713517
54023_b,1543.95310974121,-10333.6330566406,169,8,6,36.7695526217005
54023_b,1543.95310974121,-10233.6330566406,176,5,0,29.6647939483827
54023_b,1543.95310974121,-10183.6330566406,151,8,0,34.7562943939655
54023_b,1543.95310974121,-10133.6330566406,119,12,3,37.7888872553824
54023_b,1543.95310974121,-10083.6330566406,96,13,3,35.3270434653114
54023_b,1543.95310974121,-10033.6330566406,74,12,3,29.7993288515027
54023_b,1543.95310974121,-9983.63305664063,42,10,3,20.4939015319192
54023_b,1593.95310974121,-10933.6330566406,33,10,0,18.165902124585
54023_b,1593.95310974121,-10883.6330566406,39,9,0,18.7349939951952
54023_b,1593.95310974121,-10833.6330566406,54,12,0,25.4558441227157
54023_b,1593.95310974121,-10783.6330566406,76,13,0,31.4324672910034
54023_b,1593.95310974121,-10733.6330566406,98,11,0,32.832910318764
54023_b,1593.95310974121,-10683.6330566406,125,11,0,37.0809924354783
54023_b,1593.95310974121,-10633.6330566406,136,13,4,42.0475920832573
54023_b,1593.95310974121,-10583.6330566406,143,10,24,37.8153408023781
54023_b,1593.95310974121,-10533.6330566406,148,7,25,32.1869538788622
54023_b,1593.95310974121,-10483.6330566406,156,7,25,33.0454232837166
54023_b,1593.95310974121,-10433.6330566406,156,6,25,30.5941170815567
54023_b,1593.95310974121,-10233.6330566406,170,5,0,29.1547594742265
54023_b,1593.95310974121,-10183.6330566406,141,8,0,33.5857112474933
54023_b,1593.95310974121,-10133.6330566406,111,12,14,36.4965751817893
54023_b,1593.95310974121,-10083.6330566406,90,13,14,34.2052627529741
54023_b,1593.95310974121,-10033.6330566406,77,14,14,32.832910318764
54023_b,1593.95310974121,-9983.63305664063,47,15,14,26.5518360947035
54023_b,1593.95310974121,-9933.63305664063,39,11,14,20.712315177208
54023_b,1593.95310974121,-9883.63305664063,31,7,0,14.7309198626562
54023_b,1643.95310974121,-10883.6330566406,31,8,0,15.7480157480236
54023_b,1643.95310974121,-10833.6330566406,48,9,0,20.7846096908265
54023_b,1643.95310974121,-10783.6330566406,67,11,0,27.1477439209965
54023_b,1643.95310974121,-10733.6330566406,91,10,0,30.1662062579967
54023_b,1643.95310974121,-10683.6330566406,113,8,0,30.0665927567458
54023_b,1643.95310974121,-10633.6330566406,127,9,0,33.8082830087539
54023_b,1643.95310974121,-10583.6330566406,139,9,1,35.3694783676548
54023_b,1643.95310974121,-10533.6330566406,149,6,1,29.8998327754521
54023_b,1643.95310974121,-10483.6330566406,157,6,1,30.6920185064456
54023_b,1643.95310974121,-10433.6330566406,160,7,1,33.466401061363
54023_b,1643.95310974121,-10383.6330566406,161,5,1,28.3725219182222
54023_b,1643.95310974121,-10333.6330566406,160,5,0,28.2842712474619
54023_b,1643.95310974121,-10283.6330566406,157,7,0,33.1511689085016
54023_b,1643.95310974121,-10233.6330566406,143,9,0,35.8747822293042
54023_b,1643.95310974121,-10183.6330566406,118,10,0,34.3511280746353
54023_b,1643.95310974121,-10133.6330566406,100,15,14,38.7298334620742
54023_b,1643.95310974121,-10083.6330566406,87,17,14,38.4577690460588
54023_b,1643.95310974121,-10033.6330566406,77,22,19,41.1582312545134
54023_b,1643.95310974121,-9983.63305664063,50,26,20,36.0555127546399
54023_b,1643.95310974121,-9933.63305664063,43,30,21,35.9165699921359
54023_b,1643.95310974121,-9883.63305664063,36,25,7,30
54023_b,1693.95310974121,-10833.6330566406,52,9,0,21.6333076527839
54023_b,1693.95310974121,-10783.6330566406,73,11,0,28.3372546306095
54023_b,1693.95310974121,-10733.6330566406,101,10,0,31.7804971641414
54023_b,1693.95310974121,-10683.6330566406,129,8,0,32.124756808418
54023_b,1693.95310974121,-10633.6330566406,145,8,0,34.0587727318528
54023_b,1693.95310974121,-10583.6330566406,165,7,0,33.9852909359329
54023_b,1693.95310974121,-10483.6330566406,175,5,0,29.5803989154981
54023_b,1693.95310974121,-10433.6330566406,161,6,0,31.0805405358401
54023_b,1693.95310974121,-10383.6330566406,155,5,0,27.8388218141501
54023_b,1693.95310974121,-10333.6330566406,135,5,0,25.9807621135332
54023_b,1693.95310974121,-10283.6330566406,128,8,0,32
54023_b,1693.95310974121,-10233.6330566406,107,11,0,34.3074335968169
54023_b,1693.95310974121,-10183.6330566406,90,11,0,31.4642654451046
54023_b,1693.95310974121,-10133.6330566406,80,14,15,33.466401061363
54023_b,1693.95310974121,-10083.6330566406,73,17,15,35.2278299076171
54023_b,1693.95310974121,-10033.6330566406,73,29,30,46.0108682813094
54023_b,1693.95310974121,-9983.63305664063,61,37,34,47.5078940808788
54023_b,1693.95310974121,-9933.63305664063,56,44,36,49.6386945839634
54023_b,1693.95310974121,-9883.63305664063,50,41,21,45.2769256906871
54023_b,1693.95310974121,-9833.63305664063,30,37,21,33.3166624979154
54023_b,1743.95310974121,-10833.6330566406,43,13,0,23.6431808350738
54023_b,1743.95310974121,-10783.6330566406,64,13,0,28.8444102037119
54023_b,1743.95310974121,-10733.6330566406,96,12,0,33.9411254969543
54023_b,1743.95310974121,-10683.6330566406,123,7,0,29.3428015022424
54023_b,1743.95310974121,-10633.6330566406,140,6,0,28.9827534923789
54023_b,1743.95310974121,-10383.6330566406,142,6,0,29.1890390386529
54023_b,1743.95310974121,-10333.6330566406,113,7,0,28.1247222208505
54023_b,1743.95310974121,-10283.6330566406,105,11,0,33.9852909359329
54023_b,1743.95310974121,-10233.6330566406,83,14,0,34.0881210981186
54023_b,1743.95310974121,-10183.6330566406,69,16,0,33.2264954516723
54023_b,1743.95310974121,-10133.6330566406,64,17,16,32.9848450049413
54023_b,1743.95310974121,-10083.6330566406,66,20,18,36.3318042491699
54023_b,1743.95310974121,-10033.6330566406,80,31,33,49.7995983919549
54023_b,1743.95310974121,-9983.63305664063,76,39,37,54.4426303552648
54023_b,1743.95310974121,-9933.63305664063,73,45,39,57.3149195236284
54023_b,1743.95310974121,-9883.63305664063,70,41,23,53.5723809439155
54023_b,1743.95310974121,-9833.63305664063,48,37,21,42.142615011411
54023_b,1793.95310974121,-10833.6330566406,38,14,0,23.0651251893416
54023_b,1793.95310974121,-10783.6330566406,61,15,0,30.2489669245084
54023_b,1793.95310974121,-10733.6330566406,99,16,0,39.7994974842648
54023_b,1793.95310974121,-10683.6330566406,125,9,0,33.5410196624968
54023_b,1793.95310974121,-10633.6330566406,146,5,0,27.0185121722126
54023_b,1793.95310974121,-10383.6330566406,123,7,0,29.3428015022424
54023_b,1793.95310974121,-10333.6330566406,96,9,0,29.3938769133981
54023_b,1793.95310974121,-10283.6330566406,87,12,0,32.310988842807
54023_b,1793.95310974121,-10233.6330566406,66,15,0,31.4642654451046
54023_b,1793.95310974121,-10183.6330566406,63,17,1,32.7261363439071
54023_b,1793.95310974121,-10133.6330566406,67,15,17,31.7017349682947
54023_b,1793.95310974121,-10083.6330566406,67,17,21,33.7490740613724
54023_b,1793.95310974121,-10033.6330566406,80,29,37,48.1663783151692
54023_b,1793.95310974121,-9983.63305664063,84,37,41,55.7494394590654
54023_b,1793.95310974121,-9933.63305664063,85,43,42,60.4565960007674
54023_b,1793.95310974121,-9883.63305664063,79,41,26,56.9122131005288
54023_b,1793.95310974121,-9833.63305664063,66,37,22,49.4165964024234
54023_b,1793.95310974121,-9783.63305664062,40,22,6,29.6647939483827
54023_b,1843.95310974121,-10833.6330566406,39,13,0,22.5166604983954
54023_b,1843.95310974121,-10783.6330566406,66,13,0,29.2916370317536
54023_b,1843.95310974121,-10733.6330566406,100,15,0,38.7298334620742
54023_b,1843.95310974121,-10683.6330566406,133,8,0,32.6190128606002
54023_b,1843.95310974121,-10433.6330566406,127,5,0,25.1992063367083
54023_b,1843.95310974121,-10383.6330566406,102,10,0,31.9374388453426
54023_b,1843.95310974121,-10333.6330566406,70,11,0,27.7488738510232
54023_b,1843.95310974121,-10283.6330566406,63,15,0,30.7408522978788
54023_b,1843.95310974121,-10233.6330566406,48,18,0,29.3938769133981
54023_b,1843.95310974121,-10183.6330566406,53,19,4,31.7332633052449
54023_b,1843.95310974121,-10133.6330566406,59,18,13,32.5883414736007
54023_b,1843.95310974121,-10083.6330566406,68,20,17,36.8781778291716
54023_b,1843.95310974121,-10033.6330566406,79,29,33,47.8643917750973
54023_b,1843.95310974121,-9983.63305664063,88,35,37,55.4977477020464
54023_b,1843.95310974121,-9933.63305664063,90,42,35,61.4817045957576
54023_b,1843.95310974121,-9883.63305664063,94,38,26,59.7662111899357
54023_b,1843.95310974121,-9833.63305664063,85,34,22,53.7587202228625
54023_b,1843.95310974121,-9783.63305664062,61,21,6,35.7910603363466
54023_b,1843.95310974121,-9733.63305664063,44,11,2,22
54023_b,1893.95310974121,-10833.6330566406,52,11,0,23.9165214862028
54023_b,1893.95310974121,-10783.6330566406,85,11,0,30.5777697028413
54023_b,1893.95310974121,-10733.6330566406,128,14,0,42.3320209770335
54023_b,1893.95310974121,-10683.6330566406,160,9,0,37.9473319220206
54023_b,1893.95310974121,-10633.6330566406,183,6,0,33.1360830515618
54023_b,1893.95310974121,-10383.6330566406,97,9,0,29.5465734053883
54023_b,1893.95310974121,-10333.6330566406,62,11,0,26.1151297144012
54023_b,1893.95310974121,-10283.6330566406,50,15,4,27.3861278752583
54023_b,1893.95310974121,-10233.6330566406,39,18,5,26.4952825989835
54023_b,1893.95310974121,-10183.6330566406,45,26,13,34.2052627529741
54023_b,1893.95310974121,-10133.6330566406,50,30,22,38.7298334620742
54023_b,1893.95310974121,-10083.6330566406,62,32,28,44.5421149026402
54023_b,1893.95310974121,-10033.6330566406,81,36,35,54
54023_b,1893.95310974121,-9983.63305664063,95,37,37,59.2874354311266
54023_b,1893.95310974121,-9933.63305664063,97,31,30,54.8361194834208
54023_b,1893.95310974121,-9883.63305664063,106,25,21,51.478150704935
54023_b,1893.95310974121,-9833.63305664063,98,23,16,47.4763098818769
54023_b,1893.95310974121,-9783.63305664062,70,15,5,32.4037034920393
54023_b,1893.95310974121,-9733.63305664063,50,9,2,21.2132034355964
54023_b,1893.95310974121,-9683.63305664063,35,6,1,14.4913767461894
54023_b,1943.95310974121,-10833.6330566406,44,10,0,20.976176963403
54023_b,1943.95310974121,-10783.6330566406,79,10,0,28.1069386451104
54023_b,1943.95310974121,-10733.6330566406,118,14,0,40.6448028658032
54023_b,1943.95310974121,-10683.6330566406,148,10,0,38.4707681233427
54023_b,1943.95310974121,-10633.6330566406,174,7,0,34.8998567332303
54023_b,1943.95310974121,-10583.6330566406,178,6,0,32.6802692767364
54023_b,1943.95310974121,-10533.6330566406,160,6,1,30.9838667696593
54023_b,1943.95310974121,-10483.6330566406,138,6,1,28.7749891398763
54023_b,1943.95310974121,-10433.6330566406,113,8,1,30.0665927567458
54023_b,1943.95310974121,-10383.6330566406,79,15,7,34.423828956117
54023_b,1943.95310974121,-10333.6330566406,57,19,12,32.9089653438087
54023_b,1943.95310974121,-10283.6330566406,52,30,18,39.496835316263
54023_b,1943.95310974121,-10233.6330566406,39,33,24,35.8747822293042
54023_b,1943.95310974121,-10183.6330566406,43,44,37,43.4971263418631
54023_b,1943.95310974121,-10133.6330566406,45,52,39,48.3735464897913
54023_b,1943.95310974121,-10083.6330566406,55,53,46,53.9907399467724
54023_b,1943.95310974121,-10033.6330566406,69,44,54,55.0999092558237
54023_b,1943.95310974121,-9983.63305664063,80,38,53,55.1361950083609
54023_b,1943.95310974121,-9933.63305664063,85,30,47,50.4975246918104
54023_b,1943.95310974121,-9883.63305664063,93,22,47,45.2327315115946
54023_b,1943.95310974121,-9833.63305664063,87,24,36,45.6946386351835
54023_b,1943.95310974121,-9783.63305664062,64,23,21,38.3666521865018
54023_b,1943.95310974121,-9733.63305664063,49,22,16,32.832910318764
54023_b,1943.95310974121,-9683.63305664063,31,16,9,22.2710574513201
54023_b,1993.95310974121,-10833.6330566406,41,6,0,15.6843871413581
54023_b,1993.95310974121,-10783.6330566406,75,6,0,21.2132034355964
54023_b,1993.95310974121,-10733.6330566406,115,11,2,35.5668384875575
54023_b,1993.95310974121,-10683.6330566406,143,10,10,37.8153408023781
54023_b,1993.95310974121,-10633.6330566406,164,9,14,38.4187454245971
54023_b,1993.95310974121,-10583.6330566406,155,10,14,39.3700393700591
54023_b,1993.95310974121,-10533.6330566406,136,11,15,38.6781592116274
54023_b,1993.95310974121,-10483.6330566406,107,11,15,34.3074335968169
54023_b,1993.95310974121,-10433.6330566406,80,14,17,33.466401061363
54023_b,1993.95310974121,-10383.6330566406,53,20,30,32.5576411921994
54023_b,1993.95310974121,-10333.6330566406,43,23,35,31.4483703870328
54023_b,1993.95310974121,-10283.6330566406,38,39,41,38.4967531098403
54023_b,1993.95310974121,-10233.6330566406,31,44,47,36.9323706252388
54023_b,1993.95310974121,-10183.6330566406,37,58,56,46.3249392876019
54023_b,1993.95310974121,-10133.6330566406,39,72,46,52.9905651979671
54023_b,1993.95310974121,-10083.6330566406,46,85,51,62.5299928034539
54023_b,1993.95310974121,-10033.6330566406,51,77,62,62.6657801355732
54023_b,1993.95310974121,-9983.63305664063,58,74,67,65.5133574166368
54023_b,1993.95310974121,-9933.63305664063,64,66,70,64.9923072370877
54023_b,1993.95310974121,-9883.63305664063,69,58,71,63.2613626157388
54023_b,1993.95310974121,-9833.63305664063,66,52,62,58.5832740635073
54023_b,1993.95310974121,-9783.63305664062,56,48,45,51.8459255872629
54023_b,1993.95310974121,-9733.63305664063,46,41,33,43.4281015012169
54023_b,2043.95310974121,-10733.6330566406,99,6,2,24.3721152139079
54023_b,2043.95310974121,-10683.6330566406,122,8,10,31.2409987036266
54023_b,2043.95310974121,-10633.6330566406,137,9,14,35.1140997321589
54023_b,2043.95310974121,-10583.6330566406,124,11,14,36.9323706252388
54023_b,2043.95310974121,-10533.6330566406,108,13,16,37.4699879903904
54023_b,2043.95310974121,-10483.6330566406,84,16,19,36.6606055596467
54023_b,2043.95310974121,-10433.6330566406,63,23,21,38.0657326213486
54023_b,2043.95310974121,-10383.6330566406,45,33,34,38.5356977359954
54023_b,2043.95310974121,-10333.6330566406,40,37,51,38.4707681233427
54023_b,2043.95310974121,-10283.6330566406,32,56,60,42.3320209770335
54023_b,2043.95310974121,-10033.6330566406,32,121,57,62.2253967444162
54023_b,2043.95310974121,-9983.63305664063,36,116,67,64.621977685614
54023_b,2043.95310974121,-9933.63305664063,38,100,93,61.6441400296898
54023_b,2043.95310974121,-9883.63305664063,47,86,105,63.5767253010093
54023_b,2043.95310974121,-9833.63305664063,43,79,104,58.2837884835912
54023_b,2043.95310974121,-9783.63305664062,36,60,88,46.475800154489
54023_b,2043.95310974121,-9733.63305664063,36,48,69,41.5692193816531
54023_b,2093.95310974121,-10733.6330566406,80,5,2,20
54023_b,2093.95310974121,-10683.6330566406,93,8,10,27.2763633939717
54023_b,2093.95310974121,-10633.6330566406,105,9,14,30.7408522978788
54023_b,2093.95310974121,-10583.6330566406,98,10,16,31.3049516849971
54023_b,2093.95310974121,-10533.6330566406,83,14,23,34.0881210981186
54023_b,2093.95310974121,-10483.6330566406,60,20,33,34.6410161513776
54023_b,2093.95310974121,-10433.6330566406,49,34,36,40.8166632639171
54023_b,2093.95310974121,-10383.6330566406,35,48,49,40.9878030638384
54023_b,2093.95310974121,-10333.6330566406,32,62,64,44.5421149026402
54023_b,2093.95310974121,-9733.63305664063,32,58,86,43.081318457076
54023_b,2143.95310974121,-10683.6330566406,52,6,10,17.6635217326557
54023_b,2143.95310974121,-10633.6330566406,60,7,14,20.4939015319192
54023_b,2143.95310974121,-10583.6330566406,59,11,27,25.475478405714
54023_b,2143.95310974121,-10533.6330566406,49,17,45,28.8617393793236
54023_b,2143.95310974121,-10483.6330566406,37,26,57,31.0161248385417
54023_b,2143.95310974121,-10433.6330566406,32,41,76,36.2215405525497
54023_b,2193.95310974121,-10633.6330566406,31,5,15,12.4498995979887
54023_b,2193.95310974121,-10583.6330566406,31,11,39,18.4661853126194
54023_b,2193.95310974121,-10533.6330566406,30,18,60,23.2379000772445
54023_b,2193.95310974121,-9833.63305664063,36,91,162,57.2363520850167
54023_b,2193.95310974121,-9783.63305664062,40,72,122,53.665631459995
54023_b,2193.95310974121,-9733.63305664063,44,54,87,48.7442304278158
54023_b,2193.95310974121,-9683.63305664063,34,38,33,35.9444015112229
54023_b,2193.95310974121,-9633.63305664063,30,27,10,28.4604989415154
54023_b,2243.95310974121,-10433.6330566406,30,44,92,36.3318042491699
54023_b,2243.95310974121,-9933.63305664063,31,116,127,59.9666574022598
54023_b,2243.95310974121,-9883.63305664063,32,86,149,52.459508194416
54023_b,2243.95310974121,-9833.63305664063,40,73,140,54.0370243444252
54023_b,2243.95310974121,-9783.63305664062,42,55,98,48.0624593627917
54023_b,2243.95310974121,-9733.63305664063,43,43,70,43
54023_b,2243.95310974121,-9683.63305664063,35,26,31,30.1662062579967
54023_b,2243.95310974121,-9633.63305664063,33,21,8,26.3248931621764
54023_b,2293.95310974121,-10483.6330566406,30,24,67,26.8328157299975
54023_b,2293.95310974121,-10433.6330566406,40,39,92,39.496835316263
54023_b,2293.95310974121,-10383.6330566406,44,54,108,48.7442304278158
54023_b,2293.95310974121,-10333.6330566406,46,80,100,60.6630035524124
54023_b,2293.95310974121,-10283.6330566406,48,99,84,68.9347517584564
54023_b,2293.95310974121,-10233.6330566406,37,124,88,67.7347768875044
54023_b,2293.95310974121,-10183.6330566406,38,124,70,68.6440092069221
54023_b,2293.95310974121,-10133.6330566406,39,136,58,72.8285658241325
54023_b,2293.95310974121,-10083.6330566406,38,124,59,68.6440092069221
54023_b,2293.95310974121,-10033.6330566406,32,110,87,59.3295878967653
54023_b,2293.95310974121,-9983.63305664063,32,88,92,53.0659966456864
54023_b,2293.95310974121,-9933.63305664063,33,88,102,53.8887743412299
54023_b,2293.95310974121,-9883.63305664063,32,64,112,45.2548339959391
54023_b,2293.95310974121,-9833.63305664063,42,50,97,45.8257569495584
54023_b,2293.95310974121,-9783.63305664062,46,45,55,45.4972526643093
54023_b,2293.95310974121,-9733.63305664063,40,37,34,38.4707681233427
54023_b,2293.95310974121,-9683.63305664063,33,22,17,26.944387170615
54023_b,2293.95310974121,-9633.63305664063,34,19,2,25.4165300542777
54023_b,2343.95310974121,-10483.6330566406,30,18,53,23.2379000772445
54023_b,2343.95310974121,-10433.6330566406,42,27,77,33.6749164809655
54023_b,2343.95310974121,-10383.6330566406,56,38,93,46.1302503786832
54023_b,2343.95310974121,-10333.6330566406,60,56,87,57.9655069847578
54023_b,2343.95310974121,-10283.6330566406,66,67,76,66.4981202741852
54023_b,2343.95310974121,-10233.6330566406,58,88,87,71.442284397967
54023_b,2343.95310974121,-10183.6330566406,58,88,71,71.442284397967
54023_b,2343.95310974121,-10133.6330566406,50,97,59,69.6419413859206
54023_b,2343.95310974121,-10083.6330566406,48,86,60,64.249513616836
54023_b,2343.95310974121,-10033.6330566406,39,79,84,55.5067563455117
54023_b,2343.95310974121,-9983.63305664063,33,65,84,46.3141447076376
54023_b,2343.95310974121,-9933.63305664063,31,66,87,45.2327315115946
54023_b,2343.95310974121,-9833.63305664063,32,38,71,34.8711915483254
54023_b,2343.95310974121,-9783.63305664062,39,39,33,39
54023_b,2343.95310974121,-9733.63305664063,35,31,17,32.9393381840012
54023_b,2343.95310974121,-9683.63305664063,33,21,6,26.3248931621764
54023_b,2343.95310974121,-9633.63305664063,42,19,0,28.2488937836511
54023_b,2343.95310974121,-9583.63305664063,33,16,0,22.9782505861521
54023_b,2393.95310974121,-10433.6330566406,37,20,38,27.2029410174709
54023_b,2393.95310974121,-10383.6330566406,54,27,43,38.1837661840736
54023_b,2393.95310974121,-10333.6330566406,63,33,45,45.596052460712
54023_b,2393.95310974121,-10283.6330566406,78,37,40,53.7215040742532
54023_b,2393.95310974121,-10233.6330566406,69,46,50,56.3382640840131
54023_b,2393.95310974121,-10183.6330566406,70,40,50,52.9150262212918
54023_b,2393.95310974121,-10133.6330566406,61,49,49,54.6717477313466
54023_b,2393.95310974121,-10083.6330566406,55,47,50,50.8428952755446
54023_b,2393.95310974121,-10033.6330566406,39,49,59,43.7149859887888
54023_b,2393.95310974121,-9983.63305664063,31,46,50,37.7624151769984
54023_b,2393.95310974121,-9833.63305664063,30,31,26,30.4959013639538
54023_b,2393.95310974121,-9783.63305664062,38,33,8,35.4118624192516
54023_b,2393.95310974121,-9733.63305664063,37,28,3,32.1869538788622
54023_b,2393.95310974121,-9683.63305664063,42,20,0,28.9827534923789
54023_b,2393.95310974121,-9633.63305664063,61,17,0,32.2024843762092
54023_b,2393.95310974121,-9583.63305664063,58,17,0,31.4006369362152
54023_b,2393.95310974121,-9533.63305664062,49,5,0,15.6524758424985
54023_b,2443.95310974121,-10383.6330566406,48,20,16,30.9838667696593
54023_b,2443.95310974121,-10333.6330566406,58,24,21,37.3095162123553
54023_b,2443.95310974121,-10283.6330566406,75,25,12,43.3012701892219
54023_b,2443.95310974121,-10233.6330566406,74,30,18,47.116875957559
54023_b,2443.95310974121,-10183.6330566406,73,22,22,40.0749298190278
54023_b,2443.95310974121,-10133.6330566406,58,26,25,38.8329756778952
54023_b,2443.95310974121,-10083.6330566406,51,26,21,36.4142829120663
54023_b,2443.95310974121,-10033.6330566406,34,34,24,34
54023_b,2443.95310974121,-9733.63305664063,35,32,0,33.466401061363
54023_b,2443.95310974121,-9683.63305664063,49,19,0,30.5122926047847
54023_b,2443.95310974121,-9633.63305664063,70,14,0,31.3049516849971
54023_b,2443.95310974121,-9583.63305664063,71,14,0,31.5277655408689
54023_b,2443.95310974121,-9533.63305664062,60,6,0,18.9736659610103
54023_b,2493.95310974121,-10383.6330566406,41,10,9,20.2484567313166
54023_b,2493.95310974121,-10333.6330566406,48,15,10,26.8328157299975
54023_b,2493.95310974121,-10283.6330566406,61,13,6,28.1602556806575
54023_b,2493.95310974121,-10233.6330566406,61,15,4,30.2489669245084
54023_b,2493.95310974121,-10183.6330566406,57,14,5,28.2488937836511
54023_b,2493.95310974121,-10133.6330566406,40,22,7,29.6647939483827
54023_b,2493.95310974121,-10083.6330566406,33,27,6,29.8496231131986
54023_b,2493.95310974121,-9733.63305664063,39,26,0,31.8433666561813
54023_b,2493.95310974121,-9683.63305664063,50,16,0,28.2842712474619
54023_b,2493.95310974121,-9633.63305664063,69,11,0,27.5499546279118
54023_b,2493.95310974121,-9583.63305664063,70,11,0,27.7488738510232
54023_b,2493.95310974121,-9533.63305664062,56,5,0,16.7332005306815
54023_b,2543.95310974121,-10283.6330566406,38,11,3,20.4450483002609
54023_b,2543.95310974121,-10233.6330566406,40,13,1,22.8035085019828
54023_b,2543.95310974121,-10183.6330566406,40,13,1,22.8035085019828
54023_b,2543.95310974121,-9733.63305664063,35,27,1,30.7408522978788
54023_b,2543.95310974121,-9683.63305664063,47,17,1,28.2665880502051
54023_b,2543.95310974121,-9633.63305664063,65,11,0,26.7394839142419
54023_b,2543.95310974121,-9583.63305664063,69,11,0,27.5499546279118
54023_b,2543.95310974121,-9533.63305664062,56,5,0,16.7332005306815
54023_b,2593.95310974121,-9683.63305664063,39,17,1,25.7487863791675
54023_b,2593.95310974121,-9633.63305664063,52,12,0,24.9799919935936
54023_b,2593.95310974121,-9583.63305664063,57,10,0,23.8746727726267
54023_b,2593.95310974121,-9533.63305664062,48,8,0,19.5959179422654
54023_b,2643.95310974121,-9633.63305664063,34,13,0,21.0237960416286
54023_b,2643.95310974121,-9583.63305664063,33,9,0,17.2336879396141
54023_b,2743.95310974121,-10083.6330566406,38,20,0,27.5680975041804
54023_b,2743.95310974121,-10033.6330566406,40,30,0,34.6410161513776
54023_b,2743.95310974121,-9983.63305664063,42,37,0,39.4208066888541
54023_b,2743.95310974121,-9933.63305664063,33,34,0,33.4962684488885
54023_b,2793.95310974121,-10133.6330566406,33,10,4,18.165902124585
54023_b,2793.95310974121,-10083.6330566406,43,21,4,30.0499584026334
54023_b,2793.95310974121,-10033.6330566406,45,30,7,36.7423461417477
54023_b,2793.95310974121,-9983.63305664063,46,37,9,41.2553026894725
54023_b,2793.95310974121,-9933.63305664063,36,34,16,34.9857113690718
54023_b,2843.95310974121,-10183.6330566406,37,9,4,18.2482875908947
54023_b,2843.95310974121,-10133.6330566406,43,14,5,24.5356882927706
54023_b,2843.95310974121,-10083.6330566406,52,34,5,42.0475920832573
54023_b,2843.95310974121,-10033.6330566406,48,46,9,46.9893604978829
54023_b,2843.95310974121,-9983.63305664063,44,53,17,48.2907858705986
54023_b,2843.95310974121,-9933.63305664063,34,50,34,41.2310562561766
54023_b,2893.95310974121,-10233.6330566406,41,5,2,14.3178210632764
54023_b,2893.95310974121,-10183.6330566406,58,12,5,26.3818119165458
54023_b,2893.95310974121,-10133.6330566406,65,20,15,36.0555127546399
54023_b,2893.95310974121,-10083.6330566406,73,37,25,51.9711458407451
54023_b,2893.95310974121,-10033.6330566406,62,58,35,59.9666574022598
54023_b,2893.95310974121,-9983.63305664063,49,65,42,56.4358042380899
54023_b,2893.95310974121,-9933.63305664063,34,62,59,45.912961132996
54023_b,2943.95310974121,-10233.6330566406,46,6,2,16.6132477258362
54023_b,2943.95310974121,-10183.6330566406,57,16,5,30.199337741083
54023_b,2943.95310974121,-10133.6330566406,63,29,15,42.743420546325
54023_b,2943.95310974121,-10083.6330566406,69,48,33,57.5499782797526
54023_b,2943.95310974121,-10033.6330566406,56,72,58,63.4980314655502
54023_b,2943.95310974121,-9983.63305664063,40,77,74,55.4977477020464
54023_b,2943.95310974121,-9933.63305664063,31,71,103,46.9148164229596
54023_b,2943.95310974121,-9583.63305664063,31,26,40,28.3901391331568
54023_b,2943.95310974121,-9533.63305664062,41,21,6,29.3428015022424
54023_b,2943.95310974121,-9483.63305664063,40,15,3,24.4948974278318
54023_b,2943.95310974121,-9433.63305664063,37,10,0,19.2353840616713
54023_b,2993.95310974121,-10233.6330566406,45,9,2,20.1246117974981
54023_b,2993.95310974121,-10183.6330566406,56,21,5,34.2928563989645
54023_b,2993.95310974121,-10133.6330566406,62,39,15,49.173163412577
54023_b,2993.95310974121,-10083.6330566406,59,64,46,61.4491659829489
54023_b,2993.95310974121,-10033.6330566406,42,83,81,59.0423576765021
54023_b,2993.95310974121,-9583.63305664063,43,28,60,34.6987031457949
54023_b,2993.95310974121,-9533.63305664062,58,24,10,37.3095162123553
54023_b,2993.95310974121,-9483.63305664063,57,16,2,30.199337741083
54023_b,2993.95310974121,-9433.63305664063,53,11,0,24.1453929352993
54023_b,2993.95310974121,-9383.63305664063,39,7,0,16.5227116418583
54023_b,3043.95310974121,-10233.6330566406,48,9,2,20.7846096908265
54023_b,3043.95310974121,-10183.6330566406,63,22,2,37.2290209379726
54023_b,3043.95310974121,-10133.6330566406,78,38,11,54.4426303552648
54023_b,3043.95310974121,-10083.6330566406,75,59,46,66.5206734782504
54023_b,3043.95310974121,-10033.6330566406,55,77,102,65.0768776140958
54023_b,3043.95310974121,-9983.63305664063,33,83,135,52.3354564325181
54023_b,3043.95310974121,-9583.63305664063,52,28,86,38.1575680566778
54023_b,3043.95310974121,-9533.63305664062,69,22,29,38.9615194775563
54023_b,3043.95310974121,-9483.63305664063,68,14,2,30.854497241083
54023_b,3043.95310974121,-9433.63305664063,64,10,0,25.298221281347
54023_b,3043.95310974121,-9383.63305664063,46,5,0,15.1657508881031
54023_b,3093.95310974121,-10233.6330566406,48,7,1,18.3303027798234
54023_b,3093.95310974121,-10183.6330566406,64,18,1,33.9411254969543
54023_b,3093.95310974121,-10133.6330566406,82,32,10,51.2249938994628
54023_b,3093.95310974121,-10083.6330566406,79,46,45,60.2826674924062
54023_b,3093.95310974121,-10033.6330566406,59,62,106,60.4814021001498
54023_b,3093.95310974121,-9983.63305664063,39,72,136,52.9905651979671
54023_b,3093.95310974121,-9583.63305664063,59,35,85,45.4422710700071
54023_b,3093.95310974121,-9533.63305664062,76,22,30,40.8900966005217
54023_b,3093.95310974121,-9483.63305664063,75,14,2,32.4037034920393
54023_b,3093.95310974121,-9433.63305664063,70,10,0,26.4575131106459
54023_b,3093.95310974121,-9383.63305664063,50,6,0,17.3205080756888
54023_b,3143.95310974121,-10233.6330566406,38,7,1,16.3095064303001
54023_b,3143.95310974121,-10183.6330566406,53,19,1,31.7332633052449
54023_b,3143.95310974121,-10133.6330566406,74,30,1,47.116875957559
54023_b,3143.95310974121,-10083.6330566406,73,44,29,56.674509261219
54023_b,3143.95310974121,-10033.6330566406,56,52,88,53.9629502529282
54023_b,3143.95310974121,-9983.63305664063,43,59,128,50.3686410378521
54023_b,3143.95310974121,-9583.63305664063,60,31,100,43.1277173056956
54023_b,3143.95310974121,-9533.63305664062,75,19,41,37.7491721763538
54023_b,3143.95310974121,-9483.63305664063,73,13,3,30.8058436014987
54023_b,3143.95310974121,-9433.63305664063,67,8,0,23.1516738055805
54023_b,3193.95310974121,-10233.6330566406,37,12,2,21.0713075057055
54023_b,3193.95310974121,-10183.6330566406,54,23,9,35.2420203734122
54023_b,3193.95310974121,-10133.6330566406,77,29,11,47.2546294028426
54023_b,3193.95310974121,-10083.6330566406,75,41,32,55.4526825320471
54023_b,3193.95310974121,-10033.6330566406,57,43,83,49.5075751779463
54023_b,3193.95310974121,-9983.63305664063,47,51,117,48.9591666595746
54023_b,3193.95310974121,-9933.63305664063,31,46,161,37.7624151769984
54023_b,3193.95310974121,-9633.63305664063,36,33,148,34.4673758792282
54023_b,3193.95310974121,-9583.63305664063,66,31,93,45.2327315115946
54023_b,3193.95310974121,-9533.63305664062,76,18,38,36.9864840178139
54023_b,3193.95310974121,-9483.63305664063,73,9,1,25.6320112359526
54023_b,3193.95310974121,-9433.63305664063,63,6,0,19.4422220952236
54023_b,3243.95310974121,-10233.6330566406,30,19,11,23.8746727726267
54023_b,3243.95310974121,-10183.6330566406,45,31,30,37.3496987939662
54023_b,3243.95310974121,-10133.6330566406,64,32,33,45.2548339959391
54023_b,3243.95310974121,-10083.6330566406,64,39,56,49.9599839871872
54023_b,3243.95310974121,-10033.6330566406,49,39,91,43.7149859887888
54023_b,3243.95310974121,-9983.63305664063,43,41,121,41.988093550434
54023_b,3243.95310974121,-9633.63305664063,45,33,122,38.5356977359954
54023_b,3243.95310974121,-9583.63305664063,70,29,89,45.0555213042752
54023_b,3243.95310974121,-9533.63305664062,75,14,35,32.4037034920393
54023_b,3243.95310974121,-9483.63305664063,69,7,1,21.9772609758359
54023_b,3243.95310974121,-9433.63305664063,55,5,0,16.583123951777
54023_b,3293.95310974121,-10183.6330566406,32,50,32,40
54023_b,3293.95310974121,-10133.6330566406,43,55,38,48.6312656631513
54023_b,3293.95310974121,-10083.6330566406,44,61,62,51.8073353879545
54023_b,3293.95310974121,-10033.6330566406,32,61,98,44.181444068749
54023_b,3293.95310974121,-9983.63305664063,30,51,119,39.1152144312159
54023_b,3293.95310974121,-9683.63305664063,35,40,122,37.4165738677394
54023_b,3293.95310974121,-9633.63305664063,50,29,88,38.0788655293195
54023_b,3293.95310974121,-9583.63305664063,71,24,70,41.2795348811006
54023_b,3293.95310974121,-9533.63305664062,73,10,16,27.0185121722126
54023_b,3343.95310974121,-10083.6330566406,30,71,81,46.1519230368573
54023_b,3343.95310974121,-9683.63305664063,43,36,114,39.344631145812
54023_b,3343.95310974121,-9633.63305664063,58,26,87,38.8329756778952
54023_b,3343.95310974121,-9583.63305664063,73,18,70,36.2491379207837
54023_b,3343.95310974121,-9533.63305664062,73,11,16,28.3372546306095
54023_b,3343.95310974121,-9483.63305664063,61,5,2,17.464249196573
54023_b,3393.95310974121,-9683.63305664063,44,35,56,39.2428337406972
54023_b,3393.95310974121,-9633.63305664063,56,26,43,38.1575680566778
54023_b,3393.95310974121,-9583.63305664063,69,20,43,37.1483512420134
54023_b,3393.95310974121,-9533.63305664062,68,12,10,28.5657137141714
54023_b,3393.95310974121,-9483.63305664063,53,5,6,16.2788205960997
54023_b,3443.95310974121,-9683.63305664063,40,34,37,36.8781778291716
54023_b,3443.95310974121,-9633.63305664063,49,30,30,38.3405790253616
54023_b,3443.95310974121,-9583.63305664063,58,25,31,38.0788655293195
54023_b,3443.95310974121,-9533.63305664062,58,14,9,28.49561369755
54023_b,3443.95310974121,-9483.63305664063,40,8,7,17.8885438199983
54023_b,3493.95310974121,-9683.63305664063,39,34,16,36.4142829120663
54023_b,3493.95310974121,-9633.63305664063,46,30,14,37.1483512420134
54023_b,3493.95310974121,-9583.63305664063,50,25,15,35.3553390593274
54023_b,3493.95310974121,-9533.63305664062,50,15,7,27.3861278752583
54023_b,3493.95310974121,-9483.63305664063,31,8,7,15.7480157480236
54023_b,3543.95310974121,-9683.63305664063,30,35,1,32.4037034920393
54023_b,3543.95310974121,-9633.63305664063,39,32,7,35.3270434653114
54023_b,3543.95310974121,-9583.63305664063,41,25,9,32.0156211871642
54023_b,3543.95310974121,-9533.63305664062,41,16,8,25.6124969497314
54023_b,3693.95310974121,-9633.63305664063,32,13,5,20.3960780543711
54023_b,3743.95310974121,-9633.63305664063,36,12,4,20.7846096908265
54023_b,3743.95310974121,-9583.63305664063,36,6,5,14.6969384566991
54023_b,3743.95310974121,-9533.63305664062,32,5,3,12.6491106406735
54023_b,3793.95310974121,-9633.63305664063,40,11,6,20.976176963403
54023_b,3793.95310974121,-9583.63305664063,40,6,6,15.4919333848297
54023_b,3843.95310974121,-9633.63305664063,47,13,6,24.7184141886166
54023_b,3843.95310974121,-9583.63305664063,47,8,6,19.3907194296653
54023_b,3843.95310974121,-9533.63305664062,44,6,2,16.2480768092719
54023_b,3893.95310974121,-9683.63305664063,34,16,5,23.3238075793812
54023_b,3893.95310974121,-9633.63305664063,50,14,5,26.4575131106459
54023_b,3893.95310974121,-9583.63305664063,50,8,5,20
54023_b,3893.95310974121,-9533.63305664062,46,5,1,15.1657508881031
54023_b,3943.95310974121,-9683.63305664063,37,17,2,25.0798724079689
54023_b,3943.95310974121,-9633.63305664063,51,16,2,28.5657137141714
54023_b,3943.95310974121,-9583.63305664063,51,10,2,22.5831795812724
54023_b,3943.95310974121,-9533.63305664062,43,6,0,16.062378404209
54023_b,3993.95310974121,-9633.63305664063,41,14,3,23.9582971014219
54023_b,3993.95310974121,-9583.63305664063,41,11,2,21.2367605815953
54023_b,3993.95310974121,-9533.63305664062,33,7,0,15.1986841535707
54023_b,4043.95310974121,-9633.63305664063,33,15,12,22.248595461287
54023_b,4043.95310974121,-9583.63305664063,32,11,8,18.7616630392937
54023_b,4193.95310974121,-9483.63305664063,31,7,19,14.7309198626562
54023_b,4193.95310974121,-9433.63305664063,31,11,12,18.4661853126194
54023_b,4243.95310974121,-9533.63305664062,40,13,74,22.8035085019828
54023_b,4243.95310974121,-9483.63305664063,51,9,29,21.4242852856286
54023_b,4243.95310974121,-9433.63305664063,59,13,12,27.6947648482525
54023_b,4243.95310974121,-9383.63305664063,59,15,0,29.748949561287
54023_b,4243.95310974121,-9333.63305664063,42,11,0,21.4941852602047
54023_b,4293.95310974121,-9583.63305664063,46,28,104,35.8887168898527
54023_b,4293.95310974121,-9533.63305664062,67,15,74,31.7017349682947
54023_b,4293.95310974121,-9483.63305664063,82,10,29,28.6356421265527
54023_b,4293.95310974121,-9433.63305664063,93,14,12,36.0832371053374
54023_b,4293.95310974121,-9383.63305664063,90,16,0,37.9473319220206
54023_b,4293.95310974121,-9333.63305664063,71,15,0,32.6343377441614
54023_b,4293.95310974121,-9283.63305664062,48,15,0,26.8328157299975
54023_b,4293.95310974121,-9233.63305664063,30,14,0,20.4939015319192
54023_b,4343.95310974121,-9633.63305664063,31,32,144,31.4960314960472
54023_b,4343.95310974121,-9583.63305664063,52,22,106,33.8230690505755
54023_b,4343.95310974121,-9533.63305664062,75,13,74,31.224989991992
54023_b,4343.95310974121,-9483.63305664063,95,10,29,30.8220700148449
54023_b,4343.95310974121,-9433.63305664063,112,14,12,39.5979797464467
54023_b,4343.95310974121,-9383.63305664063,111,17,0,43.4396132579469
54023_b,4343.95310974121,-9333.63305664063,100,18,0,42.4264068711929
54023_b,4343.95310974121,-9283.63305664062,80,18,0,37.9473319220206
54023_b,4343.95310974121,-9233.63305664063,57,17,0,31.1287648325468
54023_b,4343.95310974121,-9183.63305664063,39,10,0,19.7484176581315
54023_b,4393.95310974121,-9733.63305664063,33,53,149,41.821047332653
54023_b,4393.95310974121,-9683.63305664063,30,43,145,35.9165699921359
54023_b,4393.95310974121,-9633.63305664063,44,33,97,38.1051177665153
54023_b,4393.95310974121,-9583.63305664063,67,22,73,38.3927076409049
54023_b,4393.95310974121,-9533.63305664062,89,11,51,31.288975694324
54023_b,4393.95310974121,-9483.63305664063,114,7,19,28.2488937836511
54023_b,4393.95310974121,-9433.63305664063,138,8,2,33.2264954516723
54023_b,4393.95310974121,-9383.63305664063,142,12,0,41.2795348811006
54023_b,4393.95310974121,-9333.63305664063,130,15,0,44.1588043316392
54023_b,4393.95310974121,-9283.63305664062,115,14,0,40.1248052954778
54023_b,4393.95310974121,-9233.63305664063,90,14,0,35.4964786985977
54023_b,4393.95310974121,-9183.63305664063,61,10,0,24.6981780704569
54023_b,4393.95310974121,-9133.63305664062,35,5,0,13.228756555323
54023_b,4443.95310974121,-9933.63305664063,30,28,117,28.9827534923789
54023_b,4443.95310974121,-9883.63305664063,42,35,147,38.3405790253616
54023_b,4443.95310974121,-9833.63305664063,47,41,121,43.8976081352959
54023_b,4443.95310974121,-9783.63305664062,46,44,85,44.988887516808
54023_b,4443.95310974121,-9733.63305664063,48,39,85,43.2666153055679
54023_b,4443.95310974121,-9683.63305664063,45,31,75,37.3496987939662
54023_b,4443.95310974121,-9633.63305664063,59,24,43,37.6297754444536
54023_b,4443.95310974121,-9583.63305664063,72,16,30,33.9411254969543
54023_b,4443.95310974121,-9533.63305664062,89,9,25,28.3019433961698
54023_b,4443.95310974121,-9483.63305664063,112,7,10,28
54023_b,4443.95310974121,-9433.63305664063,140,6,0,28.9827534923789
54023_b,4443.95310974121,-9383.63305664063,143,8,0,33.8230690505755
54023_b,4443.95310974121,-9333.63305664063,148,11,0,40.348482003664
54023_b,4443.95310974121,-9283.63305664062,142,10,0,37.6828873628336
54023_b,4443.95310974121,-9233.63305664063,125,10,0,35.3553390593274
54023_b,4443.95310974121,-9183.63305664063,91,8,0,26.9814751264641
54023_b,4443.95310974121,-9133.63305664062,62,5,0,17.606816861659
54023_b,4493.95310974121,-9983.63305664063,30,11,67,18.165902124585
54023_b,4493.95310974121,-9933.63305664063,48,16,85,27.712812921102
54023_b,4493.95310974121,-9883.63305664063,67,19,106,35.6791255498225
54023_b,4493.95310974121,-9833.63305664063,76,23,98,41.8090899207338
54023_b,4493.95310974121,-9783.63305664062,73,29,70,46.0108682813094
54023_b,4493.95310974121,-9733.63305664063,73,26,57,43.5660418215839
54023_b,4493.95310974121,-9683.63305664063,67,23,39,39.255572852781
54023_b,4493.95310974121,-9633.63305664063,76,21,17,39.9499687108764
54023_b,4493.95310974121,-9583.63305664063,83,14,6,34.0881210981186
54023_b,4493.95310974121,-9533.63305664062,102,7,2,26.7207784317748
54023_b,4493.95310974121,-9483.63305664063,125,6,0,27.3861278752583
54023_b,4493.95310974121,-9433.63305664063,154,5,0,27.7488738510232
54023_b,4493.95310974121,-9383.63305664063,154,7,0,32.832910318764
54023_b,4493.95310974121,-9333.63305664063,168,11,0,42.9883705204094
54023_b,4493.95310974121,-9283.63305664062,160,10,0,40
54023_b,4493.95310974121,-9233.63305664063,147,9,0,36.3730669589464
54023_b,4493.95310974121,-9183.63305664063,111,8,0,29.7993288515027
54023_b,4493.95310974121,-9133.63305664062,83,5,0,20.3715487874634
54023_b,4543.95310974121,-9983.63305664063,39,6,43,15.2970585407784
54023_b,4543.95310974121,-9933.63305664063,61,8,54,22.0907220343745
54023_b,4543.95310974121,-9883.63305664063,84,9,74,27.495454169735
54023_b,4543.95310974121,-9833.63305664063,96,10,72,30.9838667696593
54023_b,4543.95310974121,-9783.63305664062,91,16,52,38.1575680566778
54023_b,4543.95310974121,-9733.63305664063,85,13,42,33.2415402771893
54023_b,4543.95310974121,-9683.63305664063,80,13,31,32.2490309931942
54023_b,4543.95310974121,-9633.63305664063,81,12,11,31.1769145362398
54023_b,4543.95310974121,-9583.63305664063,87,11,4,30.935416596516
54023_b,4543.95310974121,-9533.63305664062,102,6,2,24.738633753706
54023_b,4543.95310974121,-9483.63305664063,127,6,0,27.6043474836845
54023_b,4543.95310974121,-9433.63305664063,156,5,0,27.9284800875379
54023_b,4543.95310974121,-9383.63305664063,163,7,0,33.7786915081091
54023_b,4543.95310974121,-9333.63305664063,178,8,0,37.7359245282264
54023_b,4543.95310974121,-9283.63305664062,176,7,0,35.0998575495685
54023_b,4543.95310974121,-9233.63305664063,161,6,0,31.0805405358401
54023_b,4543.95310974121,-9183.63305664063,124,5,0,24.8997991959775
54023_b,4593.95310974121,-9983.63305664063,52,5,7,16.1245154965971
54023_b,4593.95310974121,-9933.63305664063,80,6,8,21.9089023002066
54023_b,4593.95310974121,-9883.63305664063,106,7,8,27.2396769437525
54023_b,4593.95310974121,-9833.63305664063,120,8,8,30.9838667696593
54023_b,4593.95310974121,-9783.63305664062,110,12,4,36.3318042491699
54023_b,4593.95310974121,-9733.63305664063,99,10,4,31.4642654451046
54023_b,4593.95310974121,-9683.63305664063,94,9,3,29.086079144498
54023_b,4593.95310974121,-9633.63305664063,95,8,3,27.5680975041804
54023_b,4593.95310974121,-9583.63305664063,106,7,2,27.2396769437525
54023_b,4593.95310974121,-9383.63305664063,175,5,0,29.5803989154981
54023_b,4593.95310974121,-9333.63305664063,178,7,0,35.2987251894456
54023_b,4593.95310974121,-9283.63305664062,174,5,0,29.4957624075053
54023_b,4593.95310974121,-9233.63305664063,166,5,0,28.8097205817759
54023_b,4593.95310974121,-9183.63305664063,130,5,0,25.4950975679639
54023_b,4643.95310974121,-9833.63305664063,128,6,2,27.712812921102
54023_b,4643.95310974121,-9783.63305664062,125,8,2,31.6227766016838
54023_b,4643.95310974121,-9733.63305664063,116,8,0,30.4630924234556
54023_b,4643.95310974121,-9683.63305664063,115,6,0,26.2678510731274
54023_b,4643.95310974121,-9633.63305664063,113,5,0,23.7697286480094
54023_b,4643.95310974121,-9333.63305664063,163,6,0,31.2729915422238
54023_b,4643.95310974121,-9283.63305664062,161,6,0,31.0805405358401
54023_b,4643.95310974121,-9233.63305664063,152,6,0,30.199337741083
54023_b,4643.95310974121,-9183.63305664063,130,7,0,30.1662062579967
54023_b,4643.95310974121,-9133.63305664062,102,6,0,24.738633753706
54023_b,4693.95310974121,-9833.63305664063,126,5,1,25.0998007960223
54023_b,4693.95310974121,-9783.63305664062,129,8,1,32.124756808418
54023_b,4693.95310974121,-9733.63305664063,125,8,0,31.6227766016838
54023_b,4693.95310974121,-9683.63305664063,125,8,0,31.6227766016838
54023_b,4693.95310974121,-9633.63305664063,118,7,0,28.7402157263998
54023_b,4693.95310974121,-9583.63305664063,126,6,0,27.495454169735
54023_b,4693.95310974121,-9533.63305664062,137,5,0,26.1725046566048
54023_b,4693.95310974121,-9483.63305664063,147,5,0,27.1108834234519
54023_b,4693.95310974121,-9383.63305664063,155,7,0,32.9393381840012
54023_b,4693.95310974121,-9333.63305664063,148,10,0,38.4707681233427
54023_b,4693.95310974121,-9283.63305664062,142,9,0,35.749125863439
54023_b,4693.95310974121,-9233.63305664063,133,11,0,38.2491829978106
54023_b,4693.95310974121,-9183.63305664063,124,12,0,38.5746030439718
54023_b,4693.95310974121,-9133.63305664062,108,9,0,31.1769145362398
54023_b,4693.95310974121,-9083.63305664063,82,5,0,20.2484567313166
54023_b,4743.95310974121,-9883.63305664063,86,5,1,20.7364413533277
54023_b,4743.95310974121,-9833.63305664063,114,7,1,28.2488937836511
54023_b,4743.95310974121,-9783.63305664062,123,9,1,33.2716095192283
54023_b,4743.95310974121,-9733.63305664063,128,9,0,33.9411254969543
54023_b,4743.95310974121,-9683.63305664063,131,8,0,32.3728281124773
54023_b,4743.95310974121,-9633.63305664063,128,9,0,33.9411254969543
54023_b,4743.95310974121,-9583.63305664063,129,10,0,35.9165699921359
54023_b,4743.95310974121,-9533.63305664062,133,16,0,46.1302503786832
54023_b,4743.95310974121,-9483.63305664063,136,15,0,45.1663591625449
54023_b,4743.95310974121,-9433.63305664063,130,16,0,45.6070170039655
54023_b,4743.95310974121,-9383.63305664063,124,17,0,45.912961132996
54023_b,4743.95310974121,-9333.63305664063,112,17,0,43.6348484585429
54023_b,4743.95310974121,-9283.63305664062,112,11,0,35.0998575495685
54023_b,4743.95310974121,-9233.63305664063,98,16,0,39.5979797464467
54023_b,4743.95310974121,-9183.63305664063,103,16,0,40.5955662603689
54023_b,4743.95310974121,-9133.63305664062,95,14,0,36.4691650576209
54023_b,4743.95310974121,-9083.63305664063,78,11,0,29.2916370317536
54023_b,4743.95310974121,-9033.63305664062,55,9,0,22.248595461287
54023_b,4793.95310974121,-9883.63305664063,77,6,0,21.4941852602047
54023_b,4793.95310974121,-9833.63305664063,106,8,0,29.1204395571221
54023_b,4793.95310974121,-9783.63305664062,122,9,0,33.1360830515618
54023_b,4793.95310974121,-9733.63305664063,134,9,0,34.7275107083707
54023_b,4793.95310974121,-9683.63305664063,134,7,0,30.6267856622271
54023_b,4793.95310974121,-9633.63305664063,123,8,0,31.3687742827162
54023_b,4793.95310974121,-9583.63305664063,119,10,0,34.4963766213207
54023_b,4793.95310974121,-9533.63305664062,114,19,0,46.5403051128804
54023_b,4793.95310974121,-9483.63305664063,107,19,0,45.088801270382
54023_b,4793.95310974121,-9433.63305664063,97,20,0,44.0454310910905
54023_b,4793.95310974121,-9383.63305664063,89,22,0,44.2492937796752
54023_b,4793.95310974121,-9333.63305664063,81,21,0,41.2431812546026
54023_b,4793.95310974121,-9283.63305664062,89,13,0,34.0147027033899
54023_b,4793.95310974121,-9233.63305664063,93,17,0,39.7617907041421
54023_b,4793.95310974121,-9183.63305664063,109,18,0,44.2944691807002
54023_b,4793.95310974121,-9133.63305664062,110,15,0,40.6201920231798
54023_b,4793.95310974121,-9083.63305664063,95,13,0,35.1425667816112
54023_b,4793.95310974121,-9033.63305664062,73,11,0,28.3372546306095
54023_b,4793.95310974121,-8983.63305664063,48,6,0,16.9705627484771
54023_b,4843.95310974121,-9883.63305664063,60,5,0,17.3205080756888
54023_b,4843.95310974121,-9833.63305664063,89,6,0,23.1084400165827
54023_b,4843.95310974121,-9783.63305664062,110,7,0,27.7488738510232
54023_b,4843.95310974121,-9733.63305664063,130,11,0,37.8153408023781
54023_b,4843.95310974121,-9683.63305664063,132,9,0,34.4673758792282
54023_b,4843.95310974121,-9633.63305664063,118,11,0,36.0277670693036
54023_b,4843.95310974121,-9583.63305664063,106,15,0,39.8748040747538
54023_b,4843.95310974121,-9533.63305664062,97,23,0,47.2334627144782
54023_b,4843.95310974121,-9483.63305664063,84,20,0,40.9878030638384
54023_b,4843.95310974121,-9433.63305664063,68,23,0,39.5474398665704
54023_b,4843.95310974121,-9383.63305664063,56,24,0,36.6606055596467
54023_b,4843.95310974121,-9333.63305664063,55,22,0,34.7850542618522
54023_b,4843.95310974121,-9283.63305664062,67,16,0,32.7414110874898
54023_b,4843.95310974121,-9233.63305664063,74,19,0,37.4966665185054
54023_b,4843.95310974121,-9183.63305664063,97,18,0,41.7851648315524
54023_b,4843.95310974121,-9133.63305664062,111,16,0,42.142615011411
54023_b,4843.95310974121,-9083.63305664063,100,14,0,37.4165738677394
54023_b,4843.95310974121,-9033.63305664062,81,12,0,31.1769145362398
54023_b,4843.95310974121,-8983.63305664063,58,8,0,21.540659228538
54023_b,4843.95310974121,-8933.63305664063,32,5,0,12.6491106406735
54023_b,4893.95310974121,-9733.63305664063,117,8,0,30.5941170815567
54023_b,4893.95310974121,-9683.63305664063,121,10,0,34.7850542618522
54023_b,4893.95310974121,-9633.63305664063,108,13,0,37.4699879903904
54023_b,4893.95310974121,-9583.63305664063,88,19,0,40.8900966005217
54023_b,4893.95310974121,-9533.63305664062,84,29,0,49.3558507170123
54023_b,4893.95310974121,-9483.63305664063,61,26,0,39.8246155034798
54023_b,4893.95310974121,-9433.63305664063,49,28,0,37.0405183549043
54023_b,4893.95310974121,-9383.63305664063,37,29,0,32.7566787083184
54023_b,4893.95310974121,-9333.63305664063,42,26,0,33.0454232837166
54023_b,4893.95310974121,-9283.63305664062,54,17,0,30.2985148150862
54023_b,4893.95310974121,-9233.63305664063,66,20,0,36.3318042491699
54023_b,4893.95310974121,-9183.63305664063,88,16,0,37.5233260785874
54023_b,4893.95310974121,-9133.63305664062,112,14,0,39.5979797464467
54023_b,4893.95310974121,-9083.63305664063,106,12,0,35.665109000254
54023_b,4893.95310974121,-9033.63305664062,94,11,0,32.1558703816271
54023_b,4893.95310974121,-8983.63305664063,73,7,0,22.6053091109146
54023_b,4893.95310974121,-8933.63305664063,48,5,0,15.4919333848297
54023_b,4943.95310974121,-9733.63305664063,104,7,0,26.9814751264641
54023_b,4943.95310974121,-9683.63305664063,113,8,0,30.0665927567458
54023_b,4943.95310974121,-9633.63305664063,104,13,0,36.7695526217005
54023_b,4943.95310974121,-9583.63305664063,87,19,0,40.6571027005123
54023_b,4943.95310974121,-9533.63305664062,75,31,0,48.2182538049648
54023_b,4943.95310974121,-9483.63305664063,54,28,0,38.8844441904472
54023_b,4943.95310974121,-9433.63305664063,41,31,0,35.6510869399518
54023_b,4943.95310974121,-9383.63305664063,34,28,0,30.854497241083
54023_b,4943.95310974121,-9333.63305664063,37,24,0,29.7993288515027
54023_b,4943.95310974121,-9283.63305664062,53,14,0,27.2396769437525
54023_b,4943.95310974121,-9233.63305664063,70,15,0,32.4037034920393
54023_b,4943.95310974121,-9183.63305664063,89,11,0,31.288975694324
54023_b,4943.95310974121,-9133.63305664062,105,11,0,33.9852909359329
54023_b,4943.95310974121,-9083.63305664063,106,11,0,34.1467421579278
54023_b,4943.95310974121,-9033.63305664062,104,10,0,32.2490309931942
54023_b,4943.95310974121,-8983.63305664063,88,8,0,26.5329983228432
54023_b,4943.95310974121,-8933.63305664063,63,6,0,19.4422220952236
54023_b,4993.95310974121,-9733.63305664063,83,6,0,22.3159136044214
54023_b,4993.95310974121,-9683.63305664063,92,9,0,28.7749891398763
54023_b,4993.95310974121,-9633.63305664063,84,12,0,31.7490157327751
54023_b,4993.95310974121,-9583.63305664063,74,15,0,33.3166624979154
54023_b,4993.95310974121,-9533.63305664062,62,21,0,36.0832371053374
54023_b,4993.95310974121,-9483.63305664063,45,18,0,28.4604989415154
54023_b,4993.95310974121,-9433.63305664063,40,18,0,26.8328157299975
54023_b,4993.95310974121,-9383.63305664063,40,17,0,26.0768096208106
54023_b,4993.95310974121,-9333.63305664063,46,15,0,26.2678510731274
54023_b,4993.95310974121,-9283.63305664062,65,10,0,25.4950975679639
54023_b,4993.95310974121,-9233.63305664063,84,9,0,27.495454169735
54023_b,4993.95310974121,-9183.63305664063,101,6,0,24.6170672501823
54023_b,4993.95310974121,-9133.63305664062,114,5,0,23.8746727726267
54023_b,4993.95310974121,-9083.63305664063,117,5,0,24.1867732448956
54023_b,4993.95310974121,-9033.63305664062,119,5,0,24.3926218353009
54023_b,4993.95310974121,-8983.63305664063,104,5,0,22.8035085019828
54023_b,5043.95310974121,-9733.63305664063,73,9,0,25.6320112359526
54023_b,5043.95310974121,-9683.63305664063,88,14,0,35.0998575495685
54023_b,5043.95310974121,-9633.63305664063,88,18,0,39.7994974842648
54023_b,5043.95310974121,-9583.63305664063,79,18,0,37.7094152699296
54023_b,5043.95310974121,-9533.63305664062,80,20,0,40
54023_b,5043.95310974121,-9483.63305664063,71,15,0,32.6343377441614
54023_b,5043.95310974121,-9433.63305664063,69,15,0,32.1714158842908
54023_b,5043.95310974121,-9383.63305664063,72,12,1,29.3938769133981
54023_b,5043.95310974121,-9333.63305664063,78,11,3,29.2916370317536
54023_b,5043.95310974121,-9283.63305664062,87,8,7,26.3818119165458
54023_b,5043.95310974121,-9233.63305664063,92,8,7,27.1293199325011
54023_b,5043.95310974121,-9033.63305664062,116,5,1,24.0831891575846
54023_b,5043.95310974121,-8983.63305664063,108,5,1,23.2379000772445
54023_b,5043.95310974121,-8933.63305664063,85,5,0,20.6155281280883
54023_b,5093.95310974121,-9733.63305664063,68,6,0,20.1990098767242
54023_b,5093.95310974121,-9683.63305664063,83,11,0,30.2158898594763
54023_b,5093.95310974121,-9633.63305664063,91,15,0,36.9459064038223
54023_b,5093.95310974121,-9583.63305664063,88,15,0,36.3318042491699
54023_b,5093.95310974121,-9533.63305664062,89,17,0,38.8973006775534
54023_b,5093.95310974121,-9483.63305664063,85,15,0,35.7071421427143
54023_b,5093.95310974121,-9433.63305664063,90,13,0,34.2052627529741
54023_b,5093.95310974121,-9383.63305664063,96,10,1,30.9838667696593
54023_b,5093.95310974121,-9333.63305664063,96,8,11,27.712812921102
54023_b,5143.95310974121,-9783.63305664062,39,5,0,13.9642400437689
54023_b,5143.95310974121,-9733.63305664063,61,7,0,20.6639783197718
54023_b,5143.95310974121,-9683.63305664063,80,10,0,28.2842712474619
54023_b,5143.95310974121,-9633.63305664063,92,14,0,35.8887168898527
54023_b,5143.95310974121,-9583.63305664063,97,12,0,34.117444218464
54023_b,5143.95310974121,-9533.63305664062,103,12,0,35.1567916624939
54023_b,5143.95310974121,-9483.63305664063,105,10,0,32.4037034920393
54023_b,5143.95310974121,-9433.63305664063,109,8,0,29.5296461204668
54023_b,5143.95310974121,-9383.63305664063,116,5,1,24.0831891575846
54023_b,5193.95310974121,-9783.63305664062,35,5,0,13.228756555323
54023_b,5193.95310974121,-9733.63305664063,58,7,0,20.1494416796099
54023_b,5193.95310974121,-9683.63305664063,74,10,0,27.2029410174709
54023_b,5193.95310974121,-9633.63305664063,87,12,0,32.310988842807
54023_b,5193.95310974121,-9583.63305664063,91,10,0,30.1662062579967
54023_b,5193.95310974121,-9533.63305664062,102,8,0,28.5657137141714
54023_b,5193.95310974121,-9483.63305664063,109,6,0,25.5734237050888
54023_b,5193.95310974121,-9133.63305664062,110,5,56,23.4520787991172
54023_b,5193.95310974121,-9083.63305664063,108,5,52,23.2379000772445
54023_b,5193.95310974121,-9033.63305664062,96,9,43,29.3938769133981
54023_b,5193.95310974121,-8983.63305664063,84,9,36,27.495454169735
54023_b,5193.95310974121,-8933.63305664063,63,8,31,22.4499443206437
54023_b,5193.95310974121,-8883.63305664062,47,5,20,15.3297097167559
54023_b,5193.95310974121,-8833.63305664063,30,5,11,12.2474487139159
54023_b,5243.95310974121,-9733.63305664063,55,6,0,18.165902124585
54023_b,5243.95310974121,-9683.63305664063,73,8,0,24.1660919471891
54023_b,5243.95310974121,-9633.63305664063,86,10,0,29.3257565972304
54023_b,5243.95310974121,-9583.63305664063,85,9,0,27.6586333718787
54023_b,5243.95310974121,-9533.63305664062,99,7,0,26.3248931621764
54023_b,5243.95310974121,-9483.63305664063,106,5,0,23.0217288664427
54023_b,5243.95310974121,-9283.63305664062,121,5,43,24.5967477524977
54023_b,5243.95310974121,-9233.63305664063,123,7,63,29.3428015022424
54023_b,5243.95310974121,-9183.63305664063,110,15,71,40.6201920231798
54023_b,5243.95310974121,-9133.63305664062,94,27,81,50.37856687124
54023_b,5243.95310974121,-9083.63305664063,90,32,84,53.665631459995
54023_b,5243.95310974121,-9033.63305664062,78,36,73,52.9905651979671
54023_b,5243.95310974121,-8983.63305664063,67,38,56,50.4579032461715
54023_b,5243.95310974121,-8933.63305664063,54,30,49,40.2492235949962
54023_b,5243.95310974121,-8883.63305664062,42,18,35,27.495454169735
54023_b,5243.95310974121,-8833.63305664063,30,13,14,19.7484176581315
54023_b,5293.95310974121,-9433.63305664063,108,5,5,23.2379000772445
54023_b,5293.95310974121,-9383.63305664063,112,9,10,31.7490157327751
54023_b,5293.95310974121,-9333.63305664063,100,14,29,37.4165738677394
54023_b,5293.95310974121,-9283.63305664062,93,27,54,50.1098792654702
54023_b,5293.95310974121,-9233.63305664063,94,48,74,67.1714224949867
54023_b,5293.95310974121,-9183.63305664063,84,64,77,73.3212111192934
54023_b,5293.95310974121,-9133.63305664062,72,85,87,78.2304288624318
54023_b,5293.95310974121,-9083.63305664063,68,88,102,77.3563184232549
54023_b,5293.95310974121,-9033.63305664062,58,84,90,69.7997134664606
54023_b,5293.95310974121,-8983.63305664063,49,71,76,58.9830484122345
54023_b,5293.95310974121,-8933.63305664063,44,54,70,48.7442304278158
54023_b,5293.95310974121,-8883.63305664062,35,28,55,31.3049516849971
54023_b,5343.95310974121,-9433.63305664063,104,5,12,22.8035085019828
54023_b,5343.95310974121,-9383.63305664063,108,13,20,37.4699879903904
54023_b,5343.95310974121,-9333.63305664063,95,23,41,46.743983570081
54023_b,5343.95310974121,-9283.63305664062,86,39,71,57.913728942281
54023_b,5343.95310974121,-9233.63305664063,67,81,89,73.6681749468521
54023_b,5343.95310974121,-9183.63305664063,58,129,88,86.4985549012237
54023_b,5343.95310974121,-9133.63305664062,46,152,95,83.6181798414675
54023_b,5343.95310974121,-9083.63305664063,43,162,108,83.4625664594613
54023_b,5343.95310974121,-9033.63305664062,35,159,97,74.5989276062331
54023_b,5343.95310974121,-8983.63305664063,35,133,86,68.2275604136628
54023_b,5343.95310974121,-8933.63305664063,35,84,81,54.2217668469038
54023_b,5393.95310974121,-9433.63305664063,108,6,15,25.4558441227157
54023_b,5393.95310974121,-9383.63305664063,108,15,24,40.2492235949962
54023_b,5393.95310974121,-9333.63305664063,91,32,50,53.9629502529282
54023_b,5393.95310974121,-9283.63305664062,82,58,89,68.9637585982667
54023_b,5393.95310974121,-9233.63305664063,61,117,99,84.4807670419723
54023_b,5393.95310974121,-9183.63305664063,41,183,96,86.6198591548151
54023_b,5443.95310974121,-9433.63305664063,104,6,16,24.9799919935936
54023_b,5443.95310974121,-9383.63305664063,99,16,26,39.7994974842648
54023_b,5443.95310974121,-9333.63305664063,82,34,57,52.8015151297764
54023_b,5443.95310974121,-9283.63305664062,62,68,98,64.9307323229917
54023_b,5443.95310974121,-9233.63305664063,39,147,104,75.7165767847438
54023_b,5493.95310974121,-9433.63305664063,122,6,16,27.0554985169374
54023_b,5493.95310974121,-9383.63305664063,105,16,23,40.9878030638384
54023_b,5493.95310974121,-9333.63305664063,88,34,50,54.6991773247094
54023_b,5493.95310974121,-9283.63305664062,64,68,90,65.9696900098826
54023_b,5493.95310974121,-9233.63305664063,41,158,85,80.4860236314356
54023_b,5543.95310974121,-9383.63305664063,113,8,16,30.0665927567458
54023_b,5543.95310974121,-9333.63305664063,99,20,40,44.497190922574
54023_b,5543.95310974121,-9283.63305664062,75,46,72,58.7367006223537
54023_b,5543.95310974121,-9233.63305664063,53,129,67,82.6861536171565
54023_b,5543.95310974121,-9183.63305664063,31,216,67,81.8290901819152
54023_b,5593.95310974121,-9333.63305664063,108,11,20,34.4673758792282
54023_b,5593.95310974121,-9283.63305664062,83,34,43,53.1224999411737
54023_b,5593.95310974121,-9233.63305664063,68,98,42,81.6333265278342
54023_b,5593.95310974121,-9183.63305664063,39,160,51,78.993670632526
54023_b,5643.95310974121,-9283.63305664062,93,15,17,37.3496987939662
54023_b,5643.95310974121,-9233.63305664063,82,63,18,71.8748913042656
54023_b,5643.95310974121,-9183.63305664063,59,110,36,80.5605362444913
54023_b,5643.95310974121,-9133.63305664062,41,161,44,81.2465383877984
54023_b,5693.95310974121,-9283.63305664062,119,5,3,24.3926218353009
54023_b,5693.95310974121,-9233.63305664063,104,34,6,59.464274989274
54023_b,5693.95310974121,-9183.63305664063,79,69,29,73.8308878451289
54023_b,5693.95310974121,-9133.63305664062,56,109,40,78.1280999384984
54023_b,5693.95310974121,-9083.63305664063,33,151,63,70.5903676148524
54023_b,5743.95310974121,-9583.63305664063,116,5,0,24.0831891575846
54023_b,5743.95310974121,-9533.63305664062,149,5,0,27.2946881279124
54023_b,5743.95310974121,-9233.63305664063,111,18,4,44.698993277254
54023_b,5743.95310974121,-9183.63305664063,86,44,32,61.5142259969188
54023_b,5743.95310974121,-9133.63305664062,62,70,55,65.8786763680024
54023_b,5743.95310974121,-9083.63305664063,42,106,79,66.7233092704491
54023_b,5793.95310974121,-9683.63305664063,41,5,0,14.3178210632764
54023_b,5793.95310974121,-9633.63305664063,71,5,0,18.8414436814168
54023_b,5793.95310974121,-9583.63305664063,105,6,0,25.0998007960223
54023_b,5793.95310974121,-9533.63305664062,141,6,0,29.086079144498
54023_b,5793.95310974121,-9233.63305664063,123,7,4,29.3428015022424
54023_b,5793.95310974121,-9183.63305664063,94,21,43,44.4297197830461
54023_b,5793.95310974121,-9133.63305664062,64,41,94,51.2249938994628
54023_b,5793.95310974121,-9083.63305664063,47,73,100,58.5747385824299
54023_b,5843.95310974121,-9683.63305664063,40,5,0,14.142135623731
54023_b,5843.95310974121,-9633.63305664063,73,5,0,19.1049731745428
54023_b,5843.95310974121,-9583.63305664063,109,5,0,23.3452350598575
54023_b,5843.95310974121,-9533.63305664062,145,5,0,26.9258240356725
54023_b,5843.95310974121,-9233.63305664063,121,6,2,26.944387170615
54023_b,5843.95310974121,-9183.63305664063,96,13,36,35.3270434653114
54023_b,5843.95310974121,-9133.63305664062,65,31,85,44.8887513749269
54023_b,5843.95310974121,-9083.63305664063,50,61,88,55.2268050859363
54023_b,5893.95310974121,-9633.63305664063,67,5,0,18.3030052177231
54023_b,5893.95310974121,-9583.63305664063,99,5,0,22.248595461287
54023_b,5893.95310974121,-9533.63305664062,134,5,0,25.8843582110896
54023_b,5893.95310974121,-9233.63305664063,102,7,3,26.7207784317748
54023_b,5893.95310974121,-9183.63305664063,78,12,29,30.5941170815567
54023_b,5893.95310974121,-9133.63305664062,48,21,72,31.7490157327751
54023_b,5893.95310974121,-9083.63305664063,37,43,75,39.8873413503583
54023_b,5943.95310974121,-9633.63305664063,43,5,0,14.6628782986152
54023_b,5943.95310974121,-9583.63305664063,70,5,0,18.7082869338697
54023_b,5943.95310974121,-9533.63305664062,99,5,0,22.248595461287
54023_b,5943.95310974121,-9283.63305664062,81,5,1,20.1246117974981
54023_b,5943.95310974121,-9233.63305664063,73,8,2,24.1660919471891
54023_b,5943.95310974121,-9183.63305664063,55,11,23,24.5967477524977
54023_b,5943.95310974121,-9133.63305664062,32,14,64,21.1660104885167
54023_b,5993.95310974121,-9383.63305664063,86,6,1,22.7156333832011
54023_b,5993.95310974121,-9333.63305664063,74,8,1,24.3310501211929
54023_b,5993.95310974121,-9283.63305664062,61,9,1,23.43074902772
54023_b,5993.95310974121,-9233.63305664063,58,12,1,26.3818119165458
54023_b,5993.95310974121,-9183.63305664063,42,13,17,23.3666428910958
54023_b,6043.95310974121,-9383.63305664063,60,8,1,21.9089023002066
54023_b,6043.95310974121,-9333.63305664063,50,9,1,21.2132034355964
54023_b,6043.95310974121,-9283.63305664062,40,10,1,20
54023_b,6043.95310974121,-9233.63305664063,35,12,1,20.4939015319192
54023_b,6093.95310974121,-9383.63305664063,30,9,1,16.431676725155
54023_b,6643.95310974121,-9033.63305664062,33,52,29,41.424630354416
54023_b,6643.95310974121,-8983.63305664063,32,44,32,37.5233260785874
54023_b,6693.95310974121,-9033.63305664062,36,42,7,38.8844441904472
54023_b,6693.95310974121,-8983.63305664063,35,37,12,35.9861084308932
56784_c,12150.40965271,-11230.3745117188,99,11,0,33
56784_c,12150.40965271,-11180.3745117187,133,13,0,41.5812457725836
56784_c,12150.40965271,-11130.3745117188,170,15,0,50.4975246918104
56784_c,12150.40965271,-11080.3745117187,201,14,0,53.0471488394994
56784_c,12150.40965271,-11030.3745117188,199,12,0,48.8671668914825
56784_c,12150.40965271,-10980.3745117188,194,7,0,36.8510515453766
56784_c,12150.40965271,-10930.3745117188,176,5,0,29.6647939483827
56784_c,12200.40965271,-11230.3745117188,114,12,1,36.9864840178139
56784_c,12200.40965271,-11180.3745117187,138,16,1,46.9893604978829
56784_c,12200.40965271,-11130.3745117188,159,16,1,50.438080851674
56784_c,12200.40965271,-11080.3745117187,185,15,1,52.6782687642637
56784_c,12200.40965271,-11030.3745117188,190,12,0,47.7493455452533
56784_c,12200.40965271,-10980.3745117188,202,7,0,37.6031913539263
56784_c,12250.40965271,-11230.3745117188,107,12,1,35.8329457343378
56784_c,12250.40965271,-11180.3745117187,130,16,1,45.6070170039655
56784_c,12250.40965271,-11130.3745117188,138,16,1,46.9893604978829
56784_c,12250.40965271,-11080.3745117187,159,15,1,48.8364617882991
56784_c,12250.40965271,-11030.3745117188,167,12,0,44.7660585711988
56784_c,12250.40965271,-10980.3745117188,193,7,0,36.7559518989782
56784_c,12300.40965271,-11230.3745117188,124,5,1,24.8997991959775
56784_c,12300.40965271,-11180.3745117187,145,7,1,31.859064644148
56784_c,12300.40965271,-11130.3745117188,150,7,1,32.4037034920393
56784_c,12300.40965271,-11080.3745117187,165,8,1,36.3318042491699
56784_c,12300.40965271,-11030.3745117188,174,6,0,32.310988842807
56784_c,12300.40965271,-10980.3745117188,195,5,0,31.224989991992
56784_c,12300.40965271,-10830.3745117188,195,5,0,31.224989991992
56784_c,12300.40965271,-10780.3745117188,152,8,0,34.8711915483254
56784_c,12300.40965271,-10730.3745117188,108,8,0,29.3938769133981
56784_c,12300.40965271,-10680.3745117187,59,8,0,21.7255609824004
56784_c,12350.40965271,-10830.3745117188,206,5,0,32.0936130717624
56784_c,12350.40965271,-10780.3745117188,174,10,0,41.7133072292284
56784_c,12350.40965271,-10730.3745117188,136,12,1,40.3980197534483
56784_c,12350.40965271,-10680.3745117187,88,12,1,32.4961536185438
56784_c,12350.40965271,-10630.3745117188,42,11,1,21.4941852602047
56784_c,12400.40965271,-10780.3745117188,184,11,0,44.988887516808
56784_c,12400.40965271,-10730.3745117188,157,14,1,46.8828326789242
56784_c,12400.40965271,-10680.3745117187,110,14,1,39.2428337406972
56784_c,12400.40965271,-10630.3745117188,67,13,1,29.5127091267474
56784_c,12450.40965271,-10830.3745117188,211,5,0,32.4807635378234
56784_c,12450.40965271,-10780.3745117188,201,12,0,49.1121166312347
56784_c,12450.40965271,-10730.3745117188,185,14,1,50.8920425999979
56784_c,12450.40965271,-10680.3745117187,150,15,1,47.4341649025257
56784_c,12450.40965271,-10630.3745117188,107,14,1,38.7040049607273
56784_c,12450.40965271,-10580.3745117188,60,11,1,25.6904651573303
56784_c,12500.40965271,-10780.3745117188,210,12,0,50.1996015920445
56784_c,12500.40965271,-10730.3745117188,199,14,1,52.7825728815866
56784_c,12500.40965271,-10680.3745117187,179,16,1,53.5163526410386
56784_c,12500.40965271,-10630.3745117188,143,16,1,47.8330429724056
56784_c,12500.40965271,-10580.3745117188,99,14,1,37.2290209379726
56784_c,12500.40965271,-10530.3745117188,64,6,1,19.5959179422654
56784_c,12550.40965271,-10780.3745117188,221,5,0,33.2415402771893
56784_c,12550.40965271,-10730.3745117188,217,7,1,38.9743505398102
56784_c,12550.40965271,-10680.3745117187,201,9,1,42.5323406362735
56784_c,12550.40965271,-10630.3745117188,178,10,1,42.190046219458
56784_c,12550.40965271,-10580.3745117188,136,10,1,36.8781778291716
56784_c,12550.40965271,-10530.3745117188,96,7,1,25.9229627936314
56784_c,12600.40965271,-10680.3745117187,226,6,0,36.8239052790439
56784_c,12600.40965271,-10630.3745117188,208,6,0,35.3270434653114
56784_c,12600.40965271,-10580.3745117188,178,6,0,32.6802692767364
56784_c,12600.40965271,-10530.3745117188,147,5,0,27.1108834234519
56784_c,12650.40965271,-11180.3745117187,96,5,2,21.9089023002066
56784_c,12650.40965271,-11130.3745117188,130,5,2,25.4950975679639
56784_c,12650.40965271,-11080.3745117187,158,6,2,30.7896086366813
56784_c,12650.40965271,-11030.3745117188,164,8,0,36.2215405525497
56784_c,12650.40965271,-10980.3745117188,185,12,3,47.116875957559
56784_c,12650.40965271,-10930.3745117188,187,10,3,43.2434966208793
56784_c,12650.40965271,-10880.3745117188,202,11,3,47.1380949975707
56784_c,12650.40965271,-10830.3745117188,209,10,3,45.7165178026498
56784_c,12650.40965271,-10780.3745117188,222,8,3,42.142615011411
56784_c,12650.40965271,-10580.3745117188,204,6,0,34.9857113690718
56784_c,12650.40965271,-10530.3745117188,174,6,0,32.310988842807
56784_c,12650.40965271,-10480.3745117188,131,6,0,28.0356915377524
56784_c,12700.40965271,-11080.3745117187,134,5,2,25.8843582110896
56784_c,12700.40965271,-11030.3745117188,155,9,4,37.3496987939662
56784_c,12700.40965271,-10980.3745117188,181,19,7,58.642987645583
56784_c,12700.40965271,-10930.3745117188,191,18,7,58.6344608570762
56784_c,12700.40965271,-10880.3745117188,202,19,7,61.9515940069342
56784_c,12700.40965271,-10830.3745117188,208,17,7,59.464274989274
56784_c,12700.40965271,-10780.3745117188,214,14,3,54.735728733616
56784_c,12700.40965271,-10580.3745117188,198,5,1,31.4642654451046
56784_c,12700.40965271,-10530.3745117188,182,6,3,33.0454232837166
56784_c,12700.40965271,-10480.3745117188,151,7,3,32.5115364140177
56784_c,12700.40965271,-10430.3745117188,114,7,2,28.2488937836511
56784_c,12700.40965271,-10380.3745117188,76,6,2,21.3541565040626
56784_c,12750.40965271,-11080.3745117187,100,5,2,22.3606797749979
56784_c,12750.40965271,-11030.3745117188,134,9,5,34.7275107083707
56784_c,12750.40965271,-10980.3745117188,159,20,13,56.3914887194867
56784_c,12750.40965271,-10930.3745117188,178,19,13,58.1549653941949
56784_c,12750.40965271,-10880.3745117188,192,20,13,61.9677335393187
56784_c,12750.40965271,-10830.3745117188,203,19,13,62.104750220897
56784_c,12750.40965271,-10780.3745117188,206,15,8,55.5877684387492
56784_c,12750.40965271,-10530.3745117188,180,7,4,35.4964786985977
56784_c,12750.40965271,-10480.3745117188,160,11,6,41.9523539268061
56784_c,12750.40965271,-10430.3745117188,140,11,5,39.2428337406972
56784_c,12750.40965271,-10380.3745117188,102,11,5,33.4962684488885
56784_c,12750.40965271,-10330.3745117188,60,8,5,21.9089023002066
56784_c,12800.40965271,-11030.3745117188,123,8,5,31.3687742827162
56784_c,12800.40965271,-10980.3745117188,152,19,13,53.7401153701776
56784_c,12800.40965271,-10930.3745117188,181,19,13,58.642987645583
56784_c,12800.40965271,-10880.3745117188,200,20,13,63.2455532033676
56784_c,12800.40965271,-10830.3745117188,199,19,13,61.4898365585728
56784_c,12800.40965271,-10780.3745117188,194,15,8,53.9444158370447
56784_c,12800.40965271,-10530.3745117188,172,7,4,34.6987031457949
56784_c,12800.40965271,-10480.3745117188,163,14,6,47.7702836499848
56784_c,12800.40965271,-10430.3745117188,152,15,5,47.7493455452533
56784_c,12800.40965271,-10380.3745117188,115,15,5,41.5331193145904
56784_c,12800.40965271,-10330.3745117188,73,12,5,29.5972971738975
56784_c,12800.40965271,-10280.3745117188,35,9,2,17.7482393492989
56784_c,12850.40965271,-11030.3745117188,101,7,5,26.5894716006167
56784_c,12850.40965271,-10980.3745117188,127,19,13,49.1222963632606
56784_c,12850.40965271,-10930.3745117188,165,19,13,55.9910707166777
56784_c,12850.40965271,-10880.3745117188,187,19,13,59.6070465633049
56784_c,12850.40965271,-10830.3745117188,186,19,13,59.4474557908074
56784_c,12850.40965271,-10780.3745117188,183,17,8,55.7763390695374
56784_c,12850.40965271,-10730.3745117188,182,7,0,35.6931365951495
56784_c,12850.40965271,-10680.3745117187,161,7,1,33.570820663189
56784_c,12850.40965271,-10630.3745117188,160,8,1,35.7770876399966
56784_c,12850.40965271,-10580.3745117188,158,9,1,37.7094152699296
56784_c,12850.40965271,-10530.3745117188,153,10,4,39.1152144312159
56784_c,12850.40965271,-10480.3745117188,157,16,7,50.1198563445667
56784_c,12850.40965271,-10430.3745117188,148,18,9,51.6139516022558
56784_c,12850.40965271,-10380.3745117188,116,17,10,44.407206622349
56784_c,12850.40965271,-10330.3745117188,79,14,10,33.2565782966318
56784_c,12850.40965271,-10280.3745117188,47,11,7,22.7376340018042
56784_c,12900.40965271,-10980.3745117188,102,10,10,31.9374388453426
56784_c,12900.40965271,-10930.3745117188,146,11,10,40.0749298190278
56784_c,12900.40965271,-10880.3745117188,176,11,10,44
56784_c,12900.40965271,-10830.3745117188,183,12,10,46.8614980554399
56784_c,12900.40965271,-10780.3745117188,184,13,5,48.9080770425499
56784_c,12900.40965271,-10730.3745117188,179,7,0,35.3977400408557
56784_c,12900.40965271,-10680.3745117187,158,7,1,33.2565782966318
56784_c,12900.40965271,-10630.3745117188,154,9,1,37.2290209379726
56784_c,12900.40965271,-10580.3745117188,153,8,1,34.9857113690718
56784_c,12900.40965271,-10530.3745117188,157,9,4,37.589892258425
56784_c,12900.40965271,-10480.3745117188,167,16,7,51.6913919332804
56784_c,12900.40965271,-10430.3745117188,162,19,9,55.4797260267208
56784_c,12900.40965271,-10380.3745117188,136,18,12,49.4772675074119
56784_c,12900.40965271,-10330.3745117188,98,17,12,40.8166632639171
56784_c,12900.40965271,-10280.3745117188,60,14,9,28.9827534923789
56784_c,12950.40965271,-10780.3745117188,183,6,6,33.1360830515618
56784_c,12950.40965271,-10730.3745117188,179,6,0,32.7719392163479
56784_c,12950.40965271,-10680.3745117187,166,7,0,34.0881210981186
56784_c,12950.40965271,-10630.3745117188,154,10,0,39.2428337406972
56784_c,12950.40965271,-10580.3745117188,153,9,0,37.107950630559
56784_c,12950.40965271,-10530.3745117188,158,9,1,37.7094152699296
56784_c,12950.40965271,-10480.3745117188,167,15,4,50.0499750249688
56784_c,12950.40965271,-10430.3745117188,157,17,7,51.662365412358
56784_c,12950.40965271,-10380.3745117188,143,15,10,46.3141447076376
56784_c,12950.40965271,-10330.3745117188,113,14,15,39.7743636027027
56784_c,12950.40965271,-10280.3745117188,79,12,14,30.7896086366813
56784_c,13000.40965271,-10780.3745117188,176,6,1,32.4961536185438
56784_c,13000.40965271,-10730.3745117188,170,8,0,36.8781778291716
56784_c,13000.40965271,-10680.3745117187,157,8,0,35.4400902933387
56784_c,13000.40965271,-10630.3745117188,138,13,0,42.3556371690947
56784_c,13000.40965271,-10580.3745117188,139,13,0,42.5088226136646
56784_c,13000.40965271,-10530.3745117188,138,12,0,40.6939798987516
56784_c,13000.40965271,-10480.3745117188,152,13,1,44.4522215417857
56784_c,13000.40965271,-10430.3745117188,148,15,4,47.116875957559
56784_c,13000.40965271,-10380.3745117188,153,11,7,41.024382993532
56784_c,13000.40965271,-10330.3745117188,139,10,12,37.2827037646145
56784_c,13000.40965271,-10280.3745117188,114,11,12,35.4118624192516
56784_c,13000.40965271,-10230.3745117188,79,6,11,21.7715410570772
56784_c,13050.40965271,-10780.3745117188,150,6,2,30
56784_c,13050.40965271,-10730.3745117188,151,8,1,34.7562943939655
56784_c,13050.40965271,-10680.3745117187,147,9,1,36.3730669589464
56784_c,13050.40965271,-10630.3745117188,123,14,0,41.4969878424929
56784_c,13050.40965271,-10580.3745117188,125,15,0,43.3012701892219
56784_c,13050.40965271,-10530.3745117188,124,14,0,41.6653333119993
56784_c,13050.40965271,-10480.3745117188,142,12,1,41.2795348811006
56784_c,13050.40965271,-10430.3745117188,144,12,4,41.5692193816531
56784_c,13050.40965271,-10380.3745117188,163,8,7,36.1109401705356
56784_c,13050.40965271,-10330.3745117188,160,7,12,33.466401061363
56784_c,13050.40965271,-10280.3745117188,145,8,12,34.0587727318528
56784_c,13050.40965271,-10230.3745117188,115,6,11,26.2678510731274
56784_c,13100.40965271,-10680.3745117187,111,5,2,23.5584379787795
56784_c,13100.40965271,-10630.3745117188,95,9,1,29.2403830344269
56784_c,13100.40965271,-10580.3745117188,102,11,1,33.4962684488885
56784_c,13100.40965271,-10530.3745117188,106,12,1,35.665109000254
56784_c,13100.40965271,-10480.3745117188,133,11,1,38.2491829978106
56784_c,13100.40965271,-10430.3745117188,150,11,0,40.6201920231798
56784_c,13100.40965271,-10380.3745117188,173,8,2,37.2021504754766
56784_c,13100.40965271,-10330.3745117188,175,8,7,37.4165738677394
56784_c,13100.40965271,-10280.3745117188,171,10,7,41.3521462562707
56784_c,13100.40965271,-10230.3745117188,148,9,7,36.4965751817893
56784_c,13100.40965271,-10180.3745117188,129,6,7,27.8208554864871
56784_c,13100.40965271,-10130.3745117188,97,6,5,24.1246761636296
56784_c,13150.40965271,-10680.3745117187,79,5,2,19.8746069143518
56784_c,13150.40965271,-10630.3745117188,72,10,1,26.8328157299975
56784_c,13150.40965271,-10580.3745117188,82,12,1,31.3687742827162
56784_c,13150.40965271,-10530.3745117188,88,13,1,33.8230690505755
56784_c,13150.40965271,-10480.3745117188,120,11,1,36.3318042491699
56784_c,13150.40965271,-10430.3745117188,145,10,0,38.0788655293195
56784_c,13150.40965271,-10380.3745117188,177,5,0,29.748949561287
56784_c,13150.40965271,-10330.3745117188,187,5,5,30.5777697028413
56784_c,13150.40965271,-10280.3745117188,192,7,5,36.6606055596467
56784_c,13150.40965271,-10230.3745117188,177,8,6,37.6297754444536
56784_c,13150.40965271,-10180.3745117188,164,6,6,31.3687742827162
56784_c,13150.40965271,-10130.3745117188,131,7,6,30.2820078594534
56784_c,13150.40965271,-10080.3745117188,102,5,1,22.5831795812724
56784_c,13200.40965271,-10680.3745117187,43,5,2,14.6628782986152
56784_c,13200.40965271,-10630.3745117188,48,9,1,20.7846096908265
56784_c,13200.40965271,-10580.3745117188,73,11,1,28.3372546306095
56784_c,13200.40965271,-10530.3745117188,88,12,1,32.4961536185438
56784_c,13200.40965271,-10480.3745117188,123,10,1,35.0713558335004
56784_c,13200.40965271,-10430.3745117188,158,9,0,37.7094152699296
56784_c,13200.40965271,-10380.3745117188,188,5,0,30.6594194335118
56784_c,13200.40965271,-10330.3745117188,196,6,0,34.2928563989645
56784_c,13200.40965271,-10280.3745117188,201,9,0,42.5323406362735
56784_c,13200.40965271,-10230.3745117188,192,12,7,48
56784_c,13200.40965271,-10180.3745117188,182,10,7,42.6614580154031
56784_c,13200.40965271,-10130.3745117188,160,11,7,41.9523539268061
56784_c,13200.40965271,-10080.3745117188,142,9,7,35.749125863439
56784_c,13200.40965271,-10030.3745117188,136,6,7,28.5657137141714
56784_c,13200.40965271,-9580.37451171875,125,5,9,25
56784_c,13200.40965271,-9530.37451171875,107,7,11,27.367864366808
56784_c,13200.40965271,-9480.37451171875,83,7,12,24.1039415863879
56784_c,13200.40965271,-9430.37451171875,62,8,14,22.2710574513201
56784_c,13200.40965271,-9380.37451171875,40,7,7,16.7332005306815
56784_c,13250.40965271,-10630.3745117188,39,5,1,13.9642400437689
56784_c,13250.40965271,-10580.3745117188,73,6,1,20.9284495364563
56784_c,13250.40965271,-10530.3745117188,101,7,1,26.5894716006167
56784_c,13250.40965271,-10480.3745117188,132,7,1,30.3973683071413
56784_c,13250.40965271,-10430.3745117188,161,7,0,33.570820663189
56784_c,13250.40965271,-10330.3745117188,181,6,0,32.9545141065682
56784_c,13250.40965271,-10280.3745117188,178,19,0,58.1549653941949
56784_c,13250.40965271,-10230.3745117188,178,23,10,63.9843730921856
56784_c,13250.40965271,-10180.3745117188,175,21,10,60.6217782649107
56784_c,13250.40965271,-10130.3745117188,165,22,10,60.2494813255683
56784_c,13250.40965271,-10080.3745117188,165,20,10,57.4456264653803
56784_c,13250.40965271,-10030.3745117188,167,7,10,34.1906419945575
56784_c,13250.40965271,-9930.37451171875,176,5,0,29.6647939483827
56784_c,13250.40965271,-9830.37451171875,178,5,0,29.8328677803526
56784_c,13250.40965271,-9630.37451171875,181,6,13,32.9545141065682
56784_c,13250.40965271,-9580.37451171875,155,9,15,37.3496987939662
56784_c,13250.40965271,-9530.37451171875,126,13,17,40.4722126896961
56784_c,13250.40965271,-9480.37451171875,94,17,21,39.9749921826134
56784_c,13250.40965271,-9430.37451171875,65,23,26,38.6652298583624
56784_c,13250.40965271,-9380.37451171875,41,21,16,29.3428015022424
56784_c,13250.40965271,-9330.37451171875,31,17,15,22.956480566498
56784_c,13300.40965271,-10480.3745117188,151,5,2,27.4772633280682
56784_c,13300.40965271,-10430.3745117188,182,7,1,35.6931365951495
56784_c,13300.40965271,-10330.3745117188,196,6,0,34.2928563989645
56784_c,13300.40965271,-10280.3745117188,185,22,2,63.7965516309463
56784_c,13300.40965271,-10230.3745117188,179,25,18,66.8954408012983
56784_c,13300.40965271,-10180.3745117188,171,23,24,62.7136348811006
56784_c,13300.40965271,-10130.3745117188,169,25,24,65
56784_c,13300.40965271,-10080.3745117188,174,24,26,64.621977685614
56784_c,13300.40965271,-10030.3745117188,183,9,24,40.5832477754061
56784_c,13300.40965271,-9980.37451171875,201,6,9,34.7275107083707
56784_c,13300.40965271,-9930.37451171875,209,7,3,38.2491829978106
56784_c,13300.40965271,-9880.37451171875,209,5,3,32.3264597504892
56784_c,13300.40965271,-9830.37451171875,215,6,2,35.9165699921359
56784_c,13300.40965271,-9780.37451171875,228,5,3,33.7638860322683
56784_c,13300.40965271,-9730.37451171875,222,6,5,36.4965751817893
56784_c,13300.40965271,-9680.37451171875,218,5,13,33.0151480384384
56784_c,13300.40965271,-9630.37451171875,200,9,36,42.4264068711929
56784_c,13300.40965271,-9580.37451171875,163,16,38,51.0685813392148
56784_c,13300.40965271,-9530.37451171875,130,21,39,52.2494019104525
56784_c,13300.40965271,-9480.37451171875,99,26,40,50.7346035758633
56784_c,13300.40965271,-9430.37451171875,66,32,37,45.9565011723042
56784_c,13300.40965271,-9380.37451171875,41,33,17,36.783148315499
56784_c,13300.40965271,-9330.37451171875,31,36,15,33.4065861769801
56784_c,13350.40965271,-10430.3745117188,186,6,1,33.4065861769801
56784_c,13350.40965271,-10280.3745117188,191,20,9,61.8061485614498
56784_c,13350.40965271,-10230.3745117188,172,24,27,64.249513616836
56784_c,13350.40965271,-10180.3745117188,151,25,36,61.4410286372225
56784_c,13350.40965271,-10130.3745117188,140,27,36,61.4817045957576
56784_c,13350.40965271,-10080.3745117188,142,27,41,61.9193023216509
56784_c,13350.40965271,-10030.3745117188,150,16,32,48.9897948556636
56784_c,13350.40965271,-9980.37451171875,165,14,15,48.0624593627917
56784_c,13350.40965271,-9930.37451171875,180,15,6,51.9615242270663
56784_c,13350.40965271,-9880.37451171875,186,13,7,49.173163412577
56784_c,13350.40965271,-9830.37451171875,191,16,7,55.281099844341
56784_c,13350.40965271,-9780.37451171875,204,14,9,53.4415568635496
56784_c,13350.40965271,-9730.37451171875,201,16,11,56.7097875150313
56784_c,13350.40965271,-9680.37451171875,199,21,19,64.6451854355759
56784_c,13350.40965271,-9630.37451171875,173,25,46,65.7647321898295
56784_c,13350.40965271,-9580.37451171875,137,32,49,66.2117814289874
56784_c,13350.40965271,-9530.37451171875,111,38,50,64.9461315245181
56784_c,13350.40965271,-9480.37451171875,88,47,51,64.3117407632541
56784_c,13350.40965271,-9430.37451171875,58,50,48,53.8516480713451
56784_c,13350.40965271,-9380.37451171875,41,54,23,47.0531614240744
56784_c,13350.40965271,-9330.37451171875,32,64,17,45.2548339959391
56784_c,13400.40965271,-10280.3745117188,192,22,20,64.9923072370877
56784_c,13400.40965271,-10230.3745117188,167,26,39,65.8938540381423
56784_c,13400.40965271,-10180.3745117188,139,29,61,63.4901567173999
56784_c,13400.40965271,-10130.3745117188,120,35,60,64.8074069840786
56784_c,13400.40965271,-10080.3745117188,112,40,65,66.9328021227261
56784_c,13400.40965271,-10030.3745117188,112,32,49,59.8665181883831
56784_c,13400.40965271,-9980.37451171875,123,34,32,64.668384856899
56784_c,13400.40965271,-9930.37451171875,138,39,15,73.3621155638249
56784_c,13400.40965271,-9880.37451171875,145,38,18,74.2293742395825
56784_c,13400.40965271,-9830.37451171875,146,37,17,73.4982993000519
56784_c,13400.40965271,-9780.37451171875,159,33,19,72.4361788058978
56784_c,13400.40965271,-9730.37451171875,158,31,20,69.9857128276908
56784_c,13400.40965271,-9680.37451171875,154,30,24,67.9705818718657
56784_c,13400.40965271,-9630.37451171875,134,29,48,62.3377895020348
56784_c,13400.40965271,-9580.37451171875,106,35,49,60.9097693313643
56784_c,13400.40965271,-9530.37451171875,96,38,50,60.398675482166
56784_c,13400.40965271,-9480.37451171875,84,47,51,62.83311228962
56784_c,13400.40965271,-9430.37451171875,67,53,52,59.5902676617583
56784_c,13400.40965271,-9380.37451171875,52,60,31,55.8569601750758
56784_c,13400.40965271,-9330.37451171875,44,78,27,58.5832740635073
56784_c,13450.40965271,-10280.3745117188,178,21,22,61.1391854705311
56784_c,13450.40965271,-10230.3745117188,154,25,45,62.0483682299543
56784_c,13450.40965271,-10180.3745117188,124,31,74,62
56784_c,13450.40965271,-10130.3745117188,100,37,74,60.8276253029822
56784_c,13450.40965271,-10080.3745117188,78,48,80,61.1882341631134
56784_c,13450.40965271,-10030.3745117188,71,49,65,58.9830484122345
56784_c,13450.40965271,-9980.37451171875,82,67,44,74.1215218408257
56784_c,13450.40965271,-9930.37451171875,92,79,22,85.2525659437885
56784_c,13450.40965271,-9880.37451171875,100,87,22,93.2737905308882
56784_c,13450.40965271,-9830.37451171875,103,85,20,93.5681569766125
56784_c,13450.40965271,-9780.37451171875,112,78,21,93.4665715643834
56784_c,13450.40965271,-9730.37451171875,102,62,23,79.5235814082842
56784_c,13450.40965271,-9680.37451171875,100,52,27,72.1110255092798
56784_c,13450.40965271,-9630.37451171875,90,40,45,60
56784_c,13450.40965271,-9580.37451171875,80,40,46,56.5685424949238
56784_c,13450.40965271,-9530.37451171875,77,37,45,53.3760245803301
56784_c,13450.40965271,-9480.37451171875,80,44,45,59.3295878967653
56784_c,13450.40965271,-9430.37451171875,76,49,42,61.0245852095694
56784_c,13450.40965271,-9380.37451171875,65,58,35,61.400325732035
56784_c,13450.40965271,-9330.37451171875,52,84,32,66.0908465674332
56784_c,13450.40965271,-9280.37451171875,35,129,32,67.1937497093294
56784_c,13450.40965271,-8980.37451171875,35,42,9,38.3405790253616
56784_c,13450.40965271,-8930.37451171875,40,13,1,22.8035085019828
56784_c,13500.40965271,-10280.3745117188,162,9,22,38.1837661840736
56784_c,13500.40965271,-10230.3745117188,146,12,42,41.8568990729127
56784_c,13500.40965271,-10180.3745117188,121,21,75,50.4083326445142
56784_c,13500.40965271,-10130.3745117188,97,31,86,54.8361194834208
56784_c,13500.40965271,-10080.3745117188,70,58,100,63.718129288296
56784_c,13500.40965271,-10030.3745117188,51,88,95,66.9925368977769
56784_c,13500.40965271,-9980.37451171875,50,133,81,81.5475321515005
56784_c,13500.40965271,-9930.37451171875,54,149,61,89.6994983263563
56784_c,13500.40965271,-9880.37451171875,56,161,50,94.9526197637538
56784_c,13500.40965271,-9830.37451171875,58,147,40,92.3363417079104
56784_c,13500.40965271,-9780.37451171875,60,128,31,87.6356092008266
56784_c,13500.40965271,-9730.37451171875,55,86,32,68.7749954561976
56784_c,13500.40965271,-9680.37451171875,65,69,31,66.9701426010129
56784_c,13500.40965271,-9630.37451171875,74,47,43,58.9745707911469
56784_c,13500.40965271,-9580.37451171875,79,43,44,58.2837884835912
56784_c,13500.40965271,-9530.37451171875,94,33,43,55.6956012625773
56784_c,13500.40965271,-9480.37451171875,108,37,37,63.2139225171164
56784_c,13500.40965271,-9430.37451171875,108,37,30,63.2139225171164
56784_c,13500.40965271,-9380.37451171875,100,48,29,69.2820323027551
56784_c,13500.40965271,-9330.37451171875,81,82,25,81.4984662432368
56784_c,13500.40965271,-9280.37451171875,58,140,25,90.1110426085505
56784_c,13500.40965271,-9230.37451171875,35,208,24,85.3229160308062
56784_c,13500.40965271,-9080.37451171875,45,188,10,91.9782583005354
56784_c,13500.40965271,-9030.37451171875,65,124,9,89.7775027498538
56784_c,13500.40965271,-8980.37451171875,87,45,9,62.5699608438426
56784_c,13500.40965271,-8930.37451171875,100,15,1,38.7298334620742
56784_c,13550.40965271,-10280.3745117188,114,5,20,23.8746727726267
56784_c,13550.40965271,-10230.3745117188,104,9,34,30.5941170815567
56784_c,13550.40965271,-10180.3745117188,89,18,61,40.024992192379
56784_c,13550.40965271,-10130.3745117188,68,30,74,45.1663591625449
56784_c,13550.40965271,-10080.3745117188,44,69,88,55.0999092558237
56784_c,13550.40965271,-9680.37451171875,42,88,25,60.7947366142827
56784_c,13550.40965271,-9630.37451171875,65,59,27,61.9273768215642
56784_c,13550.40965271,-9580.37451171875,90,44,24,62.9285308902091
56784_c,13550.40965271,-9530.37451171875,119,27,21,56.6833308830736
56784_c,13550.40965271,-9480.37451171875,138,31,18,65.4064217030713
56784_c,13550.40965271,-9430.37451171875,144,30,20,65.7267069006199
56784_c,13550.40965271,-9380.37451171875,138,38,34,72.4154679609267
56784_c,13550.40965271,-9330.37451171875,112,69,33,87.9090439033437
56784_c,13550.40965271,-9280.37451171875,82,118,33,98.3666610188635
56784_c,13550.40965271,-9230.37451171875,52,186,33,98.346326825154
56784_c,13550.40965271,-9180.37451171875,43,208,34,94.5727233402951
56784_c,13550.40965271,-9130.37451171875,42,210,14,93.9148550549912
56784_c,13550.40965271,-9080.37451171875,69,177,11,110.512442738363
56784_c,13550.40965271,-9030.37451171875,101,123,10,111.458512460915
56784_c,13550.40965271,-8980.37451171875,134,45,9,77.6530746332687
56784_c,13550.40965271,-8930.37451171875,150,15,1,47.4341649025257
56784_c,13600.40965271,-10230.3745117188,71,6,25,20.6397674405503
56784_c,13600.40965271,-10180.3745117188,65,14,49,30.1662062579967
56784_c,13600.40965271,-10130.3745117188,54,25,62,36.7423461417477
56784_c,13600.40965271,-10080.3745117188,35,64,73,47.3286382647969
56784_c,13600.40965271,-9730.37451171875,30,117,40,59.2452529743945
56784_c,13600.40965271,-9680.37451171875,58,77,27,66.8281377864145
56784_c,13600.40965271,-9630.37451171875,88,48,25,64.9923072370877
56784_c,13600.40965271,-9580.37451171875,119,35,18,64.5368112010502
56784_c,13600.40965271,-9530.37451171875,148,15,13,47.116875957559
56784_c,13600.40965271,-9480.37451171875,161,18,10,53.8330753347791
56784_c,13600.40965271,-9430.37451171875,169,20,15,58.1377674149945
56784_c,13600.40965271,-9380.37451171875,163,24,47,62.5459830844476
56784_c,13600.40965271,-9330.37451171875,134,47,51,79.359939516106
56784_c,13600.40965271,-9280.37451171875,98,82,52,89.6437393240599
56784_c,13600.40965271,-9230.37451171875,71,119,52,91.9184421103839
56784_c,13600.40965271,-9180.37451171875,58,130,41,86.8331733843696
56784_c,13600.40965271,-9130.37451171875,64,133,8,92.2605007573664
56784_c,13600.40965271,-9080.37451171875,99,108,5,103.402127637685
56784_c,13600.40965271,-9030.37451171875,138,72,4,99.6794863550169
56784_c,13600.40965271,-8980.37451171875,169,29,1,70.0071424927486
56784_c,13600.40965271,-8930.37451171875,189,13,1,49.5681349255749
56784_c,13650.40965271,-10180.3745117188,40,9,23,18.9736659610103
56784_c,13650.40965271,-10130.3745117188,40,16,37,25.298221281347
56784_c,13650.40965271,-10080.3745117188,31,50,48,39.3700393700591
56784_c,13650.40965271,-9730.37451171875,45,100,33,67.0820393249937
56784_c,13650.40965271,-9680.37451171875,80,66,24,72.6636084983398
56784_c,13650.40965271,-9630.37451171875,111,43,26,69.0869017976635
56784_c,13650.40965271,-9580.37451171875,137,32,19,66.2117814289874
56784_c,13650.40965271,-9530.37451171875,159,14,16,47.1805044483418
56784_c,13650.40965271,-9480.37451171875,166,20,15,57.6194411635517
56784_c,13650.40965271,-9430.37451171875,167,20,25,57.7927331071996
56784_c,13650.40965271,-9380.37451171875,167,22,56,60.613529842767
56784_c,13650.40965271,-9330.37451171875,136,38,61,71.8888030224457
56784_c,13650.40965271,-9280.37451171875,105,64,61,81.9756061276768
56784_c,13650.40965271,-9230.37451171875,88,78,59,82.8492607088319
56784_c,13650.40965271,-9180.37451171875,79,80,45,79.4984276574072
56784_c,13650.40965271,-9130.37451171875,83,75,12,78.8986691902975
56784_c,13650.40965271,-9080.37451171875,123,55,5,82.2496200599128
56784_c,13650.40965271,-9030.37451171875,164,29,3,68.9637585982667
56784_c,13650.40965271,-8980.37451171875,196,7,0,37.0405183549043
56784_c,13700.40965271,-9780.37451171875,35,157,30,74.128267212987
56784_c,13700.40965271,-9730.37451171875,63,69,30,65.9317829275077
56784_c,13700.40965271,-9680.37451171875,105,44,21,67.9705818718657
56784_c,13700.40965271,-9630.37451171875,139,31,23,65.6429737291052
56784_c,13700.40965271,-9580.37451171875,161,24,17,62.1610810716802
56784_c,13700.40965271,-9530.37451171875,176,11,15,44
56784_c,13700.40965271,-9480.37451171875,180,18,16,56.9209978830308
56784_c,13700.40965271,-9430.37451171875,174,18,29,55.9642743185329
56784_c,13700.40965271,-9380.37451171875,169,20,52,58.1377674149945
56784_c,13700.40965271,-9330.37451171875,144,30,56,65.7267069006199
56784_c,13700.40965271,-9280.37451171875,112,42,55,68.585712797929
56784_c,13700.40965271,-9230.37451171875,107,46,52,70.1569668671615
56784_c,13700.40965271,-9180.37451171875,108,45,37,69.7137002317335
56784_c,13700.40965271,-9130.37451171875,114,40,12,67.5277720645365
56784_c,13700.40965271,-9080.37451171875,156,26,5,63.6867333123626
56784_c,13700.40965271,-9030.37451171875,190,15,3,53.3853912601566
56784_c,13700.40965271,-8980.37451171875,208,5,0,32.2490309931942
56784_c,13700.40965271,-8930.37451171875,226,5,0,33.6154726279432
56784_c,13700.40965271,-8880.37451171875,231,5,2,33.9852909359329
56784_c,13700.40965271,-8830.37451171875,222,6,2,36.4965751817893
56784_c,13700.40965271,-8780.37451171875,206,6,3,35.1567916624939
56784_c,13700.40965271,-8730.37451171875,197,6,3,34.3802268753422
56784_c,13700.40965271,-8630.37451171875,117,5,3,24.1867732448956
56784_c,13750.40965271,-9780.37451171875,36,106,20,61.773780845922
56784_c,13750.40965271,-9730.37451171875,65,44,21,53.4789678284838
56784_c,13750.40965271,-9680.37451171875,105,27,17,53.2447180478966
56784_c,13750.40965271,-9630.37451171875,138,22,19,55.0999092558237
56784_c,13750.40965271,-9580.37451171875,165,17,13,52.9622507074615
56784_c,13750.40965271,-9530.37451171875,179,9,12,40.137264480779
56784_c,13750.40965271,-9480.37451171875,181,16,18,53.8144961882948
56784_c,13750.40965271,-9430.37451171875,177,16,36,53.2165387826003
56784_c,13750.40965271,-9380.37451171875,166,17,56,53.1224999411737
56784_c,13750.40965271,-9330.37451171875,146,21,60,55.3714727996285
56784_c,13750.40965271,-9280.37451171875,121,22,58,51.5945733580577
56784_c,13750.40965271,-9230.37451171875,125,20,53,50
56784_c,13750.40965271,-9180.37451171875,125,17,34,46.0977222864644
56784_c,13750.40965271,-9130.37451171875,137,13,12,42.2018956920184
56784_c,13750.40965271,-9080.37451171875,164,6,5,31.3687742827162
56784_c,13750.40965271,-9030.37451171875,191,6,3,33.8526217596215
56784_c,13750.40965271,-8830.37451171875,216,6,1,36
56784_c,13750.40965271,-8780.37451171875,211,6,2,35.5808937493144
56784_c,13750.40965271,-8730.37451171875,208,6,5,35.3270434653114
56784_c,13750.40965271,-8680.37451171875,178,6,13,32.6802692767364
56784_c,13750.40965271,-8630.37451171875,137,7,12,30.967725134404
56784_c,13800.40965271,-9780.37451171875,36,17,7,24.738633753706
56784_c,13800.40965271,-9730.37451171875,60,9,9,23.2379000772445
56784_c,13800.40965271,-9680.37451171875,99,6,10,24.3721152139079
56784_c,13800.40965271,-9630.37451171875,137,8,12,33.1058907144937
56784_c,13800.40965271,-9580.37451171875,163,12,11,44.226688774992
56784_c,13800.40965271,-9530.37451171875,180,11,13,44.497190922574
56784_c,13800.40965271,-9480.37451171875,187,20,22,61.1555394056826
56784_c,13800.40965271,-9430.37451171875,183,21,39,61.9919349593155
56784_c,13800.40965271,-9380.37451171875,172,21,54,60.0999168052669
56784_c,13800.40965271,-9330.37451171875,161,19,55,55.3082272360993
56784_c,13800.40965271,-9280.37451171875,146,19,53,52.6687763290548
56784_c,13800.40965271,-9230.37451171875,160,10,44,40
56784_c,13800.40965271,-9180.37451171875,157,7,26,33.1511689085016
56784_c,13800.40965271,-8830.37451171875,197,6,1,34.3802268753422
56784_c,13800.40965271,-8780.37451171875,198,7,1,37.2290209379726
56784_c,13800.40965271,-8730.37451171875,204,8,5,40.3980197534483
56784_c,13800.40965271,-8680.37451171875,184,10,13,42.8952211790544
56784_c,13800.40965271,-8630.37451171875,144,11,12,39.7994974842648
56784_c,13800.40965271,-8580.37451171875,104,8,12,28.8444102037119
56784_c,13800.40965271,-8530.37451171875,64,6,12,19.5959179422654
56784_c,13850.40965271,-9580.37451171875,145,5,6,26.9258240356725
56784_c,13850.40965271,-9530.37451171875,172,6,10,32.124756808418
56784_c,13850.40965271,-9480.37451171875,192,12,19,48
56784_c,13850.40965271,-9430.37451171875,193,13,33,50.0899191454728
56784_c,13850.40965271,-9380.37451171875,181,15,35,52.1056618804521
56784_c,13850.40965271,-9330.37451171875,178,14,35,49.9199358973947
56784_c,13850.40965271,-9280.37451171875,167,13,32,46.593991028887
56784_c,13850.40965271,-9230.37451171875,180,7,23,35.4964786985977
56784_c,13850.40965271,-9180.37451171875,181,6,9,32.9545141065682
56784_c,13850.40965271,-8930.37451171875,190,5,0,30.8220700148449
56784_c,13850.40965271,-8880.37451171875,190,5,1,30.8220700148449
56784_c,13850.40965271,-8830.37451171875,183,8,1,38.262252939418
56784_c,13850.40965271,-8780.37451171875,185,8,1,38.4707681233427
56784_c,13850.40965271,-8730.37451171875,175,9,14,39.6862696659689
56784_c,13850.40965271,-8680.37451171875,156,11,23,41.424630354416
56784_c,13850.40965271,-8630.37451171875,122,12,22,38.262252939418
56784_c,13850.40965271,-8580.37451171875,86,8,22,26.229754097208
56784_c,13850.40965271,-8530.37451171875,48,6,22,16.9705627484771
56784_c,13900.40965271,-9530.37451171875,146,5,4,27.0185121722126
56784_c,13900.40965271,-9480.37451171875,170,10,10,41.2310562561766
56784_c,13900.40965271,-9430.37451171875,184,10,15,42.8952211790544
56784_c,13900.40965271,-9380.37451171875,178,11,15,44.2492937796752
56784_c,13900.40965271,-9330.37451171875,194,9,14,41.7851648315524
56784_c,13900.40965271,-9280.37451171875,191,8,12,39.0896405713841
56784_c,13900.40965271,-8880.37451171875,191,5,1,30.9030742807249
56784_c,13900.40965271,-8830.37451171875,184,9,1,40.6939798987516
56784_c,13900.40965271,-8780.37451171875,180,12,4,46.475800154489
56784_c,13900.40965271,-8730.37451171875,162,13,22,45.8911756223351
56784_c,13900.40965271,-8680.37451171875,137,16,29,46.8187996428785
56784_c,13900.40965271,-8630.37451171875,103,16,28,40.5955662603689
56784_c,13900.40965271,-8580.37451171875,67,11,28,27.1477439209965
56784_c,13900.40965271,-8530.37451171875,34,6,25,14.2828568570857
56784_c,13950.40965271,-9480.37451171875,135,9,7,34.8568501158668
56784_c,13950.40965271,-9430.37451171875,163,10,11,40.3732584763727
56784_c,13950.40965271,-9380.37451171875,174,10,11,41.7133072292284
56784_c,13950.40965271,-9330.37451171875,197,9,10,42.1070065428546
56784_c,13950.40965271,-9280.37451171875,207,8,9,40.6939798987516
56784_c,13950.40965271,-8880.37451171875,185,5,0,30.4138126514911
56784_c,13950.40965271,-8830.37451171875,178,9,1,40.024992192379
56784_c,13950.40965271,-8780.37451171875,164,19,7,55.8211429478115
56784_c,13950.40965271,-8730.37451171875,134,23,26,55.515763527128
56784_c,13950.40965271,-8680.37451171875,104,26,33,52
56784_c,13950.40965271,-8630.37451171875,75,23,33,41.5331193145904
56784_c,13950.40965271,-8580.37451171875,41,18,32,27.1661554144123
56784_c,14000.40965271,-9480.37451171875,98,8,4,28
56784_c,14000.40965271,-9430.37451171875,136,9,4,34.9857113690718
56784_c,14000.40965271,-9380.37451171875,161,9,4,38.0657326213486
56784_c,14000.40965271,-9330.37451171875,188,7,3,36.2767142944341
56784_c,14000.40965271,-9280.37451171875,208,6,3,35.3270434653114
56784_c,14000.40965271,-8880.37451171875,167,6,4,31.6543835826888
56784_c,14000.40965271,-8830.37451171875,162,23,4,61.0409698481274
56784_c,14000.40965271,-8780.37451171875,142,40,10,75.3657747256671
56784_c,14000.40965271,-8730.37451171875,114,44,25,70.8237248385031
56784_c,14000.40965271,-8680.37451171875,82,46,26,61.4166101311364
56784_c,14000.40965271,-8630.37451171875,56,42,24,48.4974226119286
56784_c,14050.40965271,-9080.37451171875,196,7,8,37.0405183549043
56784_c,14050.40965271,-9030.37451171875,182,8,8,38.1575680566778
56784_c,14050.40965271,-8980.37451171875,171,8,12,36.9864840178139
56784_c,14050.40965271,-8930.37451171875,167,8,12,36.5513337649941
56784_c,14050.40965271,-8880.37451171875,148,15,11,47.116875957559
56784_c,14050.40965271,-8830.37451171875,137,34,13,68.2495421230062
56784_c,14050.40965271,-8780.37451171875,114,51,22,76.249590162833
56784_c,14050.40965271,-8730.37451171875,86,54,33,68.1469001496033
56784_c,14050.40965271,-8680.37451171875,50,53,34,51.478150704935
56784_c,14050.40965271,-8630.37451171875,32,44,32,37.5233260785874
56784_c,14100.40965271,-9130.37451171875,201,5,4,31.7017349682947
56784_c,14100.40965271,-9080.37451171875,191,9,8,41.4608248832558
56784_c,14100.40965271,-9030.37451171875,183,9,8,40.5832477754061
56784_c,14100.40965271,-8980.37451171875,169,9,12,39
56784_c,14100.40965271,-8930.37451171875,164,9,13,38.4187454245971
56784_c,14100.40965271,-8880.37451171875,147,18,12,51.4392845984467
56784_c,14100.40965271,-8830.37451171875,132,43,14,75.3392328073495
56784_c,14100.40965271,-8780.37451171875,99,61,23,77.7110030819317
56784_c,14100.40965271,-8730.37451171875,71,64,25,67.4091981854109
56784_c,14100.40965271,-8680.37451171875,34,62,25,45.912961132996
56784_c,14150.40965271,-9130.37451171875,191,5,4,30.9030742807249
56784_c,14150.40965271,-9080.37451171875,188,9,8,41.1339276024063
56784_c,14150.40965271,-9030.37451171875,182,9,8,40.4722126896961
56784_c,14150.40965271,-8980.37451171875,174,9,12,39.5727178748188
56784_c,14150.40965271,-8930.37451171875,169,9,13,39
56784_c,14150.40965271,-8880.37451171875,148,19,13,53.0282943342514
56784_c,14150.40965271,-8830.37451171875,126,50,17,79.3725393319377
56784_c,14150.40965271,-8780.37451171875,89,65,23,76.0591874792257
56784_c,14150.40965271,-8730.37451171875,62,68,20,64.9307323229917
56784_c,14200.40965271,-9130.37451171875,179,6,4,32.7719392163479
56784_c,14200.40965271,-9080.37451171875,182,10,8,42.6614580154031
56784_c,14200.40965271,-9030.37451171875,177,10,8,42.0713679359253
56784_c,14200.40965271,-8980.37451171875,166,9,12,38.6522961801754
56784_c,14200.40965271,-8930.37451171875,166,9,13,38.6522961801754
56784_c,14200.40965271,-8880.37451171875,150,20,14,54.7722557505166
56784_c,14200.40965271,-8830.37451171875,122,51,17,78.8796551716601
56784_c,14200.40965271,-8780.37451171875,96,59,20,75.2595508889071
56784_c,14200.40965271,-8730.37451171875,69,59,18,63.8043885637971
56784_c,14200.40965271,-8680.37451171875,30,57,18,41.3521462562707
56784_c,14250.40965271,-9430.37451171875,190,5,1,30.8220700148449
56784_c,14250.40965271,-9180.37451171875,178,5,1,29.8328677803526
56784_c,14250.40965271,-9130.37451171875,173,5,1,29.4108823397055
56784_c,14250.40965271,-9080.37451171875,185,9,4,40.8044115262063
56784_c,14250.40965271,-9030.37451171875,198,8,4,39.7994974842648
56784_c,14250.40965271,-8980.37451171875,192,9,7,41.5692193816531
56784_c,14250.40965271,-8930.37451171875,197,10,8,44.3846820423443
56784_c,14250.40965271,-8880.37451171875,179,22,10,62.7534859589489
56784_c,14250.40965271,-8830.37451171875,153,40,14,78.2304288624318
56784_c,14250.40965271,-8780.37451171875,122,43,19,72.4292758489273
56784_c,14250.40965271,-8730.37451171875,89,45,23,63.285069329187
56784_c,14250.40965271,-8680.37451171875,49,42,23,45.365184888855
56784_c,14250.40965271,-8630.37451171875,31,29,22,29.9833287011299
56784_c,14300.40965271,-9630.37451171875,123,5,0,24.7991935352745
56784_c,14300.40965271,-9580.37451171875,169,6,0,31.8433666561813
56784_c,14300.40965271,-9530.37451171875,189,6,0,33.6749164809655
56784_c,14300.40965271,-9480.37451171875,199,7,0,37.322915213043
56784_c,14300.40965271,-9430.37451171875,194,9,0,41.7851648315524
56784_c,14300.40965271,-9380.37451171875,175,5,0,29.5803989154981
56784_c,14300.40965271,-9280.37451171875,142,5,0,26.6458251889485
56784_c,14300.40965271,-9230.37451171875,153,5,1,27.6586333718787
56784_c,14300.40965271,-9080.37451171875,179,6,1,32.7719392163479
56784_c,14300.40965271,-9030.37451171875,208,5,1,32.2490309931942
56784_c,14300.40965271,-8980.37451171875,209,6,0,35.4118624192516
56784_c,14300.40965271,-8930.37451171875,212,7,1,38.5227205685165
56784_c,14300.40965271,-8880.37451171875,203,14,3,53.3104117410474
56784_c,14300.40965271,-8830.37451171875,185,30,11,74.4983221287567
56784_c,14300.40965271,-8780.37451171875,145,40,13,76.1577310586391
56784_c,14300.40965271,-8730.37451171875,103,44,20,67.3201307188274
56784_c,14300.40965271,-8680.37451171875,63,43,20,52.0480547186924
56784_c,14300.40965271,-8630.37451171875,35,36,25,35.4964786985977
56784_c,14350.40965271,-9630.37451171875,131,5,0,25.5929677841395
56784_c,14350.40965271,-9580.37451171875,175,6,0,32.4037034920393
56784_c,14350.40965271,-9530.37451171875,185,7,0,35.9861084308932
56784_c,14350.40965271,-9480.37451171875,194,9,0,41.7851648315524
56784_c,14350.40965271,-9430.37451171875,186,11,0,45.2327315115946
56784_c,14350.40965271,-9380.37451171875,164,7,0,33.8821486921948
56784_c,14350.40965271,-9330.37451171875,144,6,0,29.3938769133981
56784_c,14350.40965271,-9280.37451171875,146,6,0,29.5972971738975
56784_c,14350.40965271,-9230.37451171875,151,5,1,27.4772633280682
56784_c,14350.40965271,-8880.37451171875,234,9,7,45.8911756223351
56784_c,14350.40965271,-8830.37451171875,210,27,26,75.2994023880668
56784_c,14350.40965271,-8780.37451171875,167,42,30,83.7496268648404
56784_c,14350.40965271,-8730.37451171875,116,50,37,76.1577310586391
56784_c,14350.40965271,-8680.37451171875,76,52,43,62.8649345820069
56784_c,14350.40965271,-8630.37451171875,48,49,47,48.4974226119286
56784_c,14350.40965271,-8580.37451171875,34,31,36,32.4653661614959
56784_c,14400.40965271,-9530.37451171875,159,5,0,28.1957443597434
56784_c,14400.40965271,-9480.37451171875,171,7,0,34.5976877840124
56784_c,14400.40965271,-9430.37451171875,170,9,0,39.1152144312159
56784_c,14400.40965271,-9380.37451171875,153,6,0,30.2985148150862
56784_c,14400.40965271,-9330.37451171875,132,6,0,28.1424945589406
56784_c,14400.40965271,-9280.37451171875,132,6,0,28.1424945589406
56784_c,14400.40965271,-9230.37451171875,137,7,1,30.967725134404
56784_c,14400.40965271,-9180.37451171875,138,5,1,26.2678510731274
56784_c,14400.40965271,-9130.37451171875,149,5,1,27.2946881279124
56784_c,14400.40965271,-9080.37451171875,170,6,1,31.9374388453426
56784_c,14400.40965271,-9030.37451171875,213,5,1,32.6343377441614
56784_c,14400.40965271,-8930.37451171875,251,5,1,35.4259791678367
56784_c,14400.40965271,-8880.37451171875,244,7,10,41.3279566395437
56784_c,14400.40965271,-8830.37451171875,223,19,34,65.0922422412994
56784_c,14400.40965271,-8780.37451171875,181,38,41,82.9337084664613
56784_c,14400.40965271,-8730.37451171875,131,46,48,77.6273147803014
56784_c,14400.40965271,-8680.37451171875,90,49,56,66.407830863536
56784_c,14400.40965271,-8630.37451171875,72,49,57,59.39696961967
56784_c,14400.40965271,-8580.37451171875,61,37,41,47.5078940808788
56784_c,14400.40965271,-8530.37451171875,43,18,34,27.8208554864871
56784_c,14400.40965271,-8480.37451171875,36,8,27,16.9705627484771
56784_c,14450.40965271,-9530.37451171875,115,5,0,23.9791576165636
56784_c,14450.40965271,-9480.37451171875,131,9,0,34.3365694267788
56784_c,14450.40965271,-9430.37451171875,141,10,0,37.5499667110372
56784_c,14450.40965271,-9380.37451171875,141,6,0,29.086079144498
56784_c,14450.40965271,-9330.37451171875,132,6,0,28.1424945589406
56784_c,14450.40965271,-9280.37451171875,132,6,0,28.1424945589406
56784_c,14450.40965271,-9230.37451171875,139,5,1,26.3628526529281
56784_c,14450.40965271,-9130.37451171875,149,5,1,27.2946881279124
56784_c,14450.40965271,-9080.37451171875,162,6,3,31.1769145362398
56784_c,14450.40965271,-9030.37451171875,215,5,3,32.78719262151
56784_c,14450.40965271,-8930.37451171875,264,5,3,36.3318042491699
56784_c,14450.40965271,-8830.37451171875,247,14,33,58.8047617119566
56784_c,14450.40965271,-8780.37451171875,200,33,40,81.2403840463596
56784_c,14450.40965271,-8730.37451171875,147,41,45,77.6337555448659
56784_c,14450.40965271,-8680.37451171875,113,44,53,70.5124102552168
56784_c,14450.40965271,-8630.37451171875,100,47,56,68.5565460040105
56784_c,14450.40965271,-8580.37451171875,89,38,40,58.1549653941949
56784_c,14450.40965271,-8530.37451171875,69,19,33,36.2077339804634
56784_c,14450.40965271,-8480.37451171875,59,9,28,23.0434372436058
56784_c,14450.40965271,-8430.37451171875,42,5,19,14.4913767461894
56784_c,14500.40965271,-9480.37451171875,99,8,0,28.1424945589406
56784_c,14500.40965271,-9430.37451171875,124,9,0,33.4065861769801
56784_c,14500.40965271,-9380.37451171875,137,7,0,30.967725134404
56784_c,14500.40965271,-9330.37451171875,144,8,0,33.9411254969543
56784_c,14500.40965271,-9280.37451171875,147,7,0,32.0780298646909
56784_c,14500.40965271,-9230.37451171875,144,6,1,29.3938769133981
56784_c,14500.40965271,-9180.37451171875,143,5,1,26.7394839142419
56784_c,14500.40965271,-9130.37451171875,147,5,4,27.1108834234519
56784_c,14500.40965271,-9080.37451171875,154,5,8,27.7488738510232
56784_c,14500.40965271,-9030.37451171875,204,5,8,31.9374388453426
56784_c,14500.40965271,-8830.37451171875,242,10,33,49.1934955049954
56784_c,14500.40965271,-8780.37451171875,198,27,38,73.1163456417237
56784_c,14500.40965271,-8730.37451171875,147,33,38,69.6491205974634
56784_c,14500.40965271,-8680.37451171875,121,37,46,66.9103878332804
56784_c,14500.40965271,-8630.37451171875,116,41,48,68.9637585982667
56784_c,14500.40965271,-8580.37451171875,113,33,32,61.0655385630881
56784_c,14500.40965271,-8530.37451171875,101,16,28,40.1995024844836
56784_c,14500.40965271,-8480.37451171875,91,10,28,30.1662062579967
56784_c,14500.40965271,-8430.37451171875,65,6,19,19.7484176581315
56784_c,14550.40965271,-9480.37451171875,72,5,0,18.9736659610103
56784_c,14550.40965271,-9430.37451171875,117,5,0,24.1867732448956
56784_c,14550.40965271,-9380.37451171875,144,6,0,29.3938769133981
56784_c,14550.40965271,-9330.37451171875,168,7,0,34.2928563989645
56784_c,14550.40965271,-9280.37451171875,183,6,0,33.1360830515618
56784_c,14550.40965271,-9230.37451171875,189,7,0,36.3730669589464
56784_c,14550.40965271,-9180.37451171875,177,7,0,35.1994318135961
56784_c,14550.40965271,-9130.37451171875,174,6,3,32.310988842807
56784_c,14550.40965271,-9080.37451171875,181,5,7,30.0832179129826
56784_c,14550.40965271,-9030.37451171875,219,5,7,33.0907842155486
56784_c,14550.40965271,-8830.37451171875,242,10,27,49.1934955049954
56784_c,14550.40965271,-8780.37451171875,211,19,32,63.3166644731069
56784_c,14550.40965271,-8730.37451171875,171,23,32,62.7136348811006
56784_c,14550.40965271,-8680.37451171875,150,26,40,62.449979983984
56784_c,14550.40965271,-8630.37451171875,154,29,36,66.8281377864145
56784_c,14550.40965271,-8580.37451171875,142,21,26,54.6076917659042
56784_c,14550.40965271,-8530.37451171875,123,12,22,38.4187454245971
56784_c,14550.40965271,-8480.37451171875,107,8,22,29.2574776766556
56784_c,14550.40965271,-8430.37451171875,74,5,13,19.2353840616713
56784_c,14600.40965271,-9330.37451171875,149,5,0,27.2946881279124
56784_c,14600.40965271,-9280.37451171875,171,6,0,32.0312347560939
56784_c,14600.40965271,-9230.37451171875,187,9,0,41.024382993532
56784_c,14600.40965271,-9180.37451171875,181,9,0,40.3608721412211
56784_c,14600.40965271,-9130.37451171875,177,10,3,42.0713679359253
56784_c,14600.40965271,-9080.37451171875,180,9,7,40.2492235949962
56784_c,14600.40965271,-9030.37451171875,208,8,7,40.7921561087423
56784_c,14600.40965271,-8780.37451171875,220,6,14,36.3318042491699
56784_c,14600.40965271,-8730.37451171875,191,6,14,33.8526217596215
56784_c,14600.40965271,-8680.37451171875,177,8,16,37.6297754444536
56784_c,14600.40965271,-8630.37451171875,182,10,13,42.6614580154031
56784_c,14600.40965271,-8580.37451171875,166,9,6,38.6522961801754
56784_c,14600.40965271,-8530.37451171875,142,5,4,26.6458251889485
56784_c,14600.40965271,-8480.37451171875,122,5,4,24.6981780704569
56784_c,14650.40965271,-9330.37451171875,123,5,0,24.7991935352745
56784_c,14650.40965271,-9280.37451171875,147,6,0,29.698484809835
56784_c,14650.40965271,-9230.37451171875,168,8,0,36.6606055596467
56784_c,14650.40965271,-9180.37451171875,166,8,0,36.4417343165772
56784_c,14650.40965271,-9130.37451171875,167,8,3,36.5513337649941
56784_c,14650.40965271,-9080.37451171875,176,7,7,35.0998575495685
56784_c,14650.40965271,-9030.37451171875,200,6,7,34.6410161513776
56784_c,14650.40965271,-8630.37451171875,194,5,1,31.1448230047949
56784_c,14700.40965271,-9230.37451171875,131,7,0,30.2820078594534
56784_c,14700.40965271,-9180.37451171875,127,7,0,29.8161030317512
56784_c,14700.40965271,-9130.37451171875,142,7,3,31.5277655408689
56784_c,14700.40965271,-9080.37451171875,154,9,5,37.2290209379726
56784_c,14700.40965271,-9030.37451171875,174,9,5,39.5727178748188
56784_c,14700.40965271,-8980.37451171875,190,7,5,36.4691650576209
56784_c,14700.40965271,-8930.37451171875,212,8,5,41.182520563948
56784_c,14700.40965271,-8880.37451171875,227,8,2,42.614551505325
56784_c,14700.40965271,-8830.37451171875,230,8,0,42.8952211790544
56784_c,14700.40965271,-8780.37451171875,224,7,0,39.5979797464467
56784_c,14700.40965271,-8730.37451171875,211,7,0,38.4317577011513
56784_c,14700.40965271,-8680.37451171875,207,8,0,40.6939798987516
56784_c,14700.40965271,-8630.37451171875,186,8,0,38.5746030439718
56784_c,14700.40965271,-8580.37451171875,155,5,0,27.8388218141501
56784_c,14700.40965271,-8530.37451171875,125,5,1,25
56784_c,14750.40965271,-9230.37451171875,92,5,0,21.4476105895272
56784_c,14750.40965271,-9180.37451171875,92,6,0,23.4946802489415
56784_c,14750.40965271,-9130.37451171875,113,10,6,33.6154726279432
56784_c,14750.40965271,-9080.37451171875,124,16,6,44.5421149026402
56784_c,14750.40965271,-9030.37451171875,141,19,7,51.7590571784301
56784_c,14750.40965271,-8980.37451171875,151,17,7,50.6655701635736
56784_c,14750.40965271,-8930.37451171875,181,17,7,55.4707129934347
56784_c,14750.40965271,-8880.37451171875,194,15,1,53.9444158370447
56784_c,14750.40965271,-8830.37451171875,200,13,1,50.9901951359279
56784_c,14750.40965271,-8780.37451171875,202,10,0,44.9444101084885
56784_c,14750.40965271,-8730.37451171875,197,10,0,44.3846820423443
56784_c,14750.40965271,-8680.37451171875,196,11,0,46.4327470649756
56784_c,14750.40965271,-8630.37451171875,172,9,0,39.344631145812
56784_c,14750.40965271,-8580.37451171875,143,5,0,26.7394839142419
56784_c,14800.40965271,-9180.37451171875,34,7,5,15.4272486205415
56784_c,14800.40965271,-9130.37451171875,61,16,14,31.2409987036266
56784_c,14800.40965271,-9080.37451171875,74,33,14,49.4165964024234
56784_c,14800.40965271,-9030.37451171875,91,40,15,60.3324125159934
56784_c,14800.40965271,-8980.37451171875,111,39,15,65.7951365983839
56784_c,14800.40965271,-8930.37451171875,145,38,10,74.2293742395825
56784_c,14800.40965271,-8880.37451171875,157,32,2,70.8801805866774
56784_c,14800.40965271,-8830.37451171875,166,21,2,59.0423576765021
56784_c,14800.40965271,-8780.37451171875,173,14,1,49.2138191974571
56784_c,14800.40965271,-8730.37451171875,172,13,1,47.2863616701476
56784_c,14800.40965271,-8680.37451171875,172,13,1,47.2863616701476
56784_c,14800.40965271,-8630.37451171875,149,11,0,40.4845649599943
56784_c,14800.40965271,-8580.37451171875,130,5,0,25.4950975679639
56784_c,14800.40965271,-8530.37451171875,97,5,0,22.0227155455452
56784_c,14800.40965271,-8480.37451171875,91,5,0,21.3307290077015
56784_c,14850.40965271,-9080.37451171875,40,34,25,36.8781778291716
56784_c,14850.40965271,-9030.37451171875,57,44,26,50.0799361021957
56784_c,14850.40965271,-8980.37451171875,74,44,25,57.0613704707484
56784_c,14850.40965271,-8930.37451171875,103,47,10,69.5772951471958
56784_c,14850.40965271,-8880.37451171875,115,39,2,66.9701426010129
56784_c,14850.40965271,-8830.37451171875,137,27,2,60.8194047981399
56784_c,14850.40965271,-8780.37451171875,156,20,1,55.8569601750758
56784_c,14850.40965271,-8730.37451171875,168,20,1,57.9655069847578
56784_c,14850.40965271,-8680.37451171875,171,15,1,50.6458290484024
56784_c,14850.40965271,-8630.37451171875,149,13,0,44.0113621693308
56784_c,14850.40965271,-8580.37451171875,120,7,0,28.9827534923789
56784_c,14850.40965271,-8530.37451171875,88,5,0,20.976176963403
56784_c,14900.40965271,-8980.37451171875,39,48,40,43.2666153055679
56784_c,14900.40965271,-8930.37451171875,65,48,17,55.8569601750758
56784_c,14900.40965271,-8880.37451171875,72,40,2,53.665631459995
56784_c,14900.40965271,-8830.37451171875,98,27,2,51.4392845984467
56784_c,14900.40965271,-8780.37451171875,138,19,1,51.2054684579684
56784_c,14900.40965271,-8730.37451171875,159,20,2,56.3914887194867
56784_c,14900.40965271,-8680.37451171875,162,16,2,50.9116882454314
56784_c,14900.40965271,-8630.37451171875,151,13,1,44.3057558337514
56784_c,14900.40965271,-8580.37451171875,127,8,1,31.8747549010185
56784_c,14900.40965271,-8530.37451171875,85,6,1,22.5831795812724
56784_c,14950.40965271,-8930.37451171875,30,44,37,36.3318042491699
56784_c,14950.40965271,-8880.37451171875,38,32,9,34.8711915483254
56784_c,14950.40965271,-8830.37451171875,71,21,2,38.6134691526156
56784_c,14950.40965271,-8780.37451171875,115,14,1,40.1248052954778
56784_c,14950.40965271,-8730.37451171875,144,15,2,46.475800154489
56784_c,14950.40965271,-8680.37451171875,151,11,2,40.7553677446297
56784_c,14950.40965271,-8630.37451171875,149,10,1,38.6005181312376
56784_c,14950.40965271,-8580.37451171875,118,6,1,26.6082693913001
56784_c,14950.40965271,-8530.37451171875,83,5,1,20.3715487874634
56784_c,15000.40965271,-8830.37451171875,50,16,8,28.2842712474619
56784_c,15000.40965271,-8780.37451171875,100,11,1,33.166247903554
56784_c,15000.40965271,-8730.37451171875,134,12,2,40.0998753115268
56784_c,15000.40965271,-8680.37451171875,144,8,2,33.9411254969543
56784_c,15000.40965271,-8630.37451171875,145,8,1,34.0587727318528
56784_c,15000.40965271,-8580.37451171875,122,5,1,24.6981780704569
56784_c,15000.40965271,-8530.37451171875,91,6,1,23.3666428910958
56784_c,15000.40965271,-8480.37451171875,73,5,0,19.1049731745428
56784_c,15050.40965271,-8830.37451171875,38,8,26,17.4355957741627
56784_c,15050.40965271,-8780.37451171875,87,7,0,24.6779253585061
56784_c,15050.40965271,-8730.37451171875,128,9,1,33.9411254969543
56784_c,15050.40965271,-8680.37451171875,149,7,1,32.2955105239103
56784_c,15050.40965271,-8630.37451171875,162,6,1,31.1769145362398
56784_c,15050.40965271,-8580.37451171875,144,6,1,29.3938769133981
56784_c,15050.40965271,-8530.37451171875,123,6,1,27.1661554144123
56784_c,15050.40965271,-8480.37451171875,93,5,0,21.5638586528478
56784_c,15100.40965271,-9230.37451171875,31,21,21,25.5147016443462
56784_c,15100.40965271,-9180.37451171875,32,35,43,33.466401061363
56784_c,15100.40965271,-9130.37451171875,32,40,65,35.7770876399966
56784_c,15100.40965271,-8580.37451171875,167,5,2,28.8963665535998
56784_c,15100.40965271,-8530.37451171875,155,7,2,32.9393381840012
56784_c,15100.40965271,-8480.37451171875,129,7,1,30.0499584026334
56784_c,15100.40965271,-8430.37451171875,102,5,0,22.5831795812724
56784_c,15150.40965271,-9280.37451171875,44,6,5,16.2480768092719
56784_c,15150.40965271,-9230.37451171875,48,21,10,31.7490157327751
56784_c,15150.40965271,-9180.37451171875,49,35,24,41.4125584816973
56784_c,15150.40965271,-9130.37451171875,47,42,41,44.4297197830461
56784_c,15150.40965271,-9080.37451171875,30,44,59,36.3318042491699
56784_c,15150.40965271,-8580.37451171875,171,5,1,29.2403830344269
56784_c,15150.40965271,-8530.37451171875,179,7,1,35.3977400408557
56784_c,15150.40965271,-8480.37451171875,156,8,1,35.3270434653114
56784_c,15150.40965271,-8430.37451171875,130,8,0,32.2490309931942
56784_c,15150.40965271,-8380.37451171875,99,6,0,24.3721152139079
56784_c,15200.40965271,-9280.37451171875,45,16,7,26.8328157299975
56784_c,15200.40965271,-9230.37451171875,50,31,8,39.3700393700591
56784_c,15200.40965271,-9180.37451171875,51,44,22,47.370877129308
56784_c,15200.40965271,-9130.37451171875,48,51,26,49.4772675074119
56784_c,15200.40965271,-8780.37451171875,51,6,0,17.4928556845359
56784_c,15200.40965271,-8730.37451171875,93,5,0,21.5638586528478
56784_c,15200.40965271,-8580.37451171875,195,8,1,39.496835316263
56784_c,15200.40965271,-8530.37451171875,198,9,1,42.2137418384109
56784_c,15200.40965271,-8480.37451171875,181,10,1,42.5440947723653
56784_c,15200.40965271,-8430.37451171875,155,10,0,39.3700393700591
56784_c,15200.40965271,-8380.37451171875,118,7,0,28.7402157263998
56784_c,15250.40965271,-9280.37451171875,46,16,9,27.1293199325011
56784_c,15250.40965271,-9230.37451171875,52,27,11,37.4699879903904
56784_c,15250.40965271,-9180.37451171875,52,36,37,43.2666153055679
56784_c,15250.40965271,-9130.37451171875,45,45,46,45
56784_c,15250.40965271,-8830.37451171875,30,9,22,16.431676725155
56784_c,15250.40965271,-8780.37451171875,64,7,0,21.1660104885167
56784_c,15250.40965271,-8730.37451171875,103,6,0,24.8596057893121
56784_c,15250.40965271,-8630.37451171875,184,5,1,30.3315017762062
56784_c,15250.40965271,-8580.37451171875,201,10,1,44.8330235429198
56784_c,15250.40965271,-8530.37451171875,207,10,1,45.4972526643093
56784_c,15250.40965271,-8480.37451171875,194,11,1,46.1952378498044
56784_c,15250.40965271,-8430.37451171875,172,11,0,43.4971263418631
56784_c,15250.40965271,-8380.37451171875,130,7,0,30.1662062579967
56784_c,15300.40965271,-9280.37451171875,49,17,7,28.8617393793236
56784_c,15300.40965271,-9230.37451171875,59,25,9,38.405728739343
56784_c,15300.40965271,-9180.37451171875,62,34,30,45.912961132996
56784_c,15300.40965271,-9130.37451171875,57,43,43,49.5075751779463
56784_c,15300.40965271,-9080.37451171875,41,37,52,38.9486841883009
56784_c,15300.40965271,-9030.37451171875,33,31,53,31.984371183439
56784_c,15300.40965271,-8980.37451171875,35,25,51,29.5803989154981
56784_c,15300.40965271,-8930.37451171875,32,19,31,24.6576560118759
56784_c,15300.40965271,-8880.37451171875,35,10,18,18.7082869338697
56784_c,15300.40965271,-8830.37451171875,58,9,4,22.8473193175917
56784_c,15300.40965271,-8780.37451171875,95,7,1,25.7875939164553
56784_c,15300.40965271,-8730.37451171875,125,5,1,25
56784_c,15300.40965271,-8630.37451171875,201,5,1,31.7017349682947
56784_c,15300.40965271,-8580.37451171875,212,10,1,46.0434577328854
56784_c,15300.40965271,-8530.37451171875,207,10,1,45.4972526643093
56784_c,15300.40965271,-8480.37451171875,199,10,1,44.6094160463909
56784_c,15300.40965271,-8430.37451171875,189,10,0,43.4741302385683
56784_c,15300.40965271,-8380.37451171875,152,6,0,30.199337741083
56784_c,15350.40965271,-9330.37451171875,30,8,6,15.4919333848297
56784_c,15350.40965271,-9280.37451171875,47,16,8,27.4226184016042
56784_c,15350.40965271,-9230.37451171875,63,21,10,36.3730669589464
56784_c,15350.40965271,-9180.37451171875,71,27,31,43.7835585579793
56784_c,15350.40965271,-9130.37451171875,65,36,43,48.3735464897913
56784_c,15350.40965271,-9080.37451171875,52,33,48,41.424630354416
56784_c,15350.40965271,-9030.37451171875,56,27,49,38.8844441904472
56784_c,15350.40965271,-8980.37451171875,60,23,49,37.1483512420134
56784_c,15350.40965271,-8930.37451171875,52,18,30,30.5941170815567
56784_c,15350.40965271,-8880.37451171875,52,9,18,21.6333076527839
56784_c,15350.40965271,-8830.37451171875,80,6,7,21.9089023002066
56784_c,15350.40965271,-8580.37451171875,215,8,0,41.4728827066554
56784_c,15350.40965271,-8530.37451171875,207,10,0,45.4972526643093
56784_c,15350.40965271,-8480.37451171875,192,10,0,43.8178046004133
56784_c,15350.40965271,-8430.37451171875,195,10,0,44.1588043316392
56784_c,15350.40965271,-8380.37451171875,165,7,0,33.9852909359329
56784_c,15400.40965271,-9280.37451171875,38,16,8,24.6576560118759
56784_c,15400.40965271,-9230.37451171875,61,18,10,33.1360830515618
56784_c,15400.40965271,-9180.37451171875,81,21,31,41.2431812546026
56784_c,15400.40965271,-9130.37451171875,80,31,41,49.7995983919549
56784_c,15400.40965271,-9080.37451171875,73,28,47,45.2106182218293
56784_c,15400.40965271,-9030.37451171875,85,24,46,45.1663591625449
56784_c,15400.40965271,-8980.37451171875,84,23,46,43.9545219516718
56784_c,15400.40965271,-8930.37451171875,65,21,27,36.9459064038223
56784_c,15400.40965271,-8880.37451171875,65,11,17,26.7394839142419
56784_c,15400.40965271,-8830.37451171875,101,7,5,26.5894716006167
56784_c,15400.40965271,-8580.37451171875,217,6,0,36.0832371053374
56784_c,15400.40965271,-8530.37451171875,212,9,0,43.6806593356831
56784_c,15400.40965271,-8480.37451171875,199,10,0,44.6094160463909
56784_c,15400.40965271,-8430.37451171875,201,9,1,42.5323406362735
56784_c,15400.40965271,-8380.37451171875,171,7,1,34.5976877840124
56784_c,15450.40965271,-9280.37451171875,41,9,6,19.2093727122985
56784_c,15450.40965271,-9230.37451171875,67,11,20,27.1477439209965
56784_c,15450.40965271,-9180.37451171875,87,12,49,32.310988842807
56784_c,15450.40965271,-9130.37451171875,87,20,59,41.7133072292284
56784_c,15450.40965271,-9080.37451171875,78,20,68,39.496835316263
56784_c,15450.40965271,-9030.37451171875,94,20,68,43.3589667773576
56784_c,15450.40965271,-8980.37451171875,96,19,56,42.7083130081252
56784_c,15450.40965271,-8930.37451171875,82,19,29,39.4715087119811
56784_c,15450.40965271,-8880.37451171875,85,9,20,27.6586333718787
56784_c,15450.40965271,-8830.37451171875,126,5,7,25.0998007960223
56784_c,15450.40965271,-8530.37451171875,227,6,0,36.9052841744919
56784_c,15450.40965271,-8480.37451171875,215,7,0,38.7943294825417
56784_c,15450.40965271,-8430.37451171875,214,7,1,38.7040049607273
56784_c,15450.40965271,-8380.37451171875,194,6,1,34.117444218464
56784_c,15500.40965271,-9280.37451171875,39,8,13,17.6635217326557
56784_c,15500.40965271,-9230.37451171875,61,10,38,24.6981780704569
56784_c,15500.40965271,-9180.37451171875,81,11,63,29.8496231131986
56784_c,15500.40965271,-9130.37451171875,86,17,74,38.2361085886103
56784_c,15500.40965271,-9080.37451171875,76,18,74,36.9864840178139
56784_c,15500.40965271,-9030.37451171875,91,15,71,36.9459064038223
56784_c,15500.40965271,-8980.37451171875,96,14,48,36.6606055596467
56784_c,15500.40965271,-8930.37451171875,88,13,28,33.8230690505755
56784_c,15500.40965271,-8880.37451171875,89,8,18,26.6833281282527
56784_c,15500.40965271,-8530.37451171875,233,5,0,34.132096331752
56784_c,15500.40965271,-8480.37451171875,227,6,0,36.9052841744919
56784_c,15500.40965271,-8430.37451171875,221,6,1,36.4142829120663
56784_c,15500.40965271,-8380.37451171875,202,7,1,37.6031913539263
56784_c,15550.40965271,-9280.37451171875,33,13,13,20.712315177208
56784_c,15550.40965271,-9230.37451171875,50,18,40,30
56784_c,15550.40965271,-9180.37451171875,67,19,67,35.6791255498225
56784_c,15550.40965271,-9130.37451171875,71,24,76,41.2795348811006
56784_c,15550.40965271,-9080.37451171875,67,22,71,38.3927076409049
56784_c,15550.40965271,-9030.37451171875,91,16,68,38.1575680566778
56784_c,15550.40965271,-8980.37451171875,103,11,45,33.6600653594137
56784_c,15550.40965271,-8930.37451171875,103,11,24,33.6600653594137
56784_c,15550.40965271,-8880.37451171875,105,8,16,28.9827534923789
56784_c,15550.40965271,-8830.37451171875,128,5,14,25.298221281347
56784_c,15550.40965271,-8480.37451171875,223,9,0,44.7995535692042
56784_c,15550.40965271,-8430.37451171875,207,13,1,51.8748493973718
56784_c,15550.40965271,-8380.37451171875,188,15,1,53.103672189407
56784_c,15600.40965271,-9230.37451171875,31,31,37,31
56784_c,15600.40965271,-9180.37451171875,43,34,71,38.2361085886103
56784_c,15600.40965271,-9130.37451171875,51,37,82,43.4396132579469
56784_c,15600.40965271,-9080.37451171875,55,34,79,43.2434966208793
56784_c,15600.40965271,-9030.37451171875,83,24,83,44.6318272088428
56784_c,15600.40965271,-8980.37451171875,97,12,61,34.117444218464
56784_c,15600.40965271,-8930.37451171875,106,15,37,39.8748040747538
56784_c,15600.40965271,-8880.37451171875,124,15,27,43.1277173056956
56784_c,15600.40965271,-8830.37451171875,147,13,25,43.7149859887888
56784_c,15600.40965271,-8780.37451171875,149,10,18,38.6005181312376
56784_c,15600.40965271,-8730.37451171875,163,10,13,40.3732584763727
56784_c,15600.40965271,-8480.37451171875,207,7,0,38.0657326213486
56784_c,15600.40965271,-8430.37451171875,186,12,1,47.2440472440709
56784_c,15600.40965271,-8380.37451171875,165,14,1,48.0624593627917
56784_c,15650.40965271,-9080.37451171875,32,75,77,48.9897948556636
56784_c,15650.40965271,-9030.37451171875,57,47,81,51.7590571784301
56784_c,15650.40965271,-8980.37451171875,79,26,69,45.3210767744986
56784_c,15650.40965271,-8930.37451171875,106,15,46,39.8748040747538
56784_c,15650.40965271,-8880.37451171875,130,18,37,48.3735464897913
56784_c,15650.40965271,-8830.37451171875,157,13,37,45.1774279923061
56784_c,15650.40965271,-8780.37451171875,167,11,30,42.8602379834737
56784_c,15650.40965271,-8730.37451171875,179,11,15,44.3734154646676
56784_c,15650.40965271,-8680.37451171875,199,5,4,31.543620591175
56784_c,15650.40965271,-8480.37451171875,197,6,0,34.3802268753422
56784_c,15650.40965271,-8430.37451171875,177,12,0,46.0868744872117
56784_c,15650.40965271,-8380.37451171875,156,15,0,48.3735464897913
56784_c,15700.40965271,-9030.37451171875,48,59,63,53.2165387826003
56784_c,15700.40965271,-8980.37451171875,69,41,72,53.1883445878888
56784_c,15700.40965271,-8930.37451171875,100,29,59,53.8516480713451
56784_c,15700.40965271,-8880.37451171875,128,30,49,61.9677335393187
56784_c,15700.40965271,-8830.37451171875,151,19,47,53.5630469633683
56784_c,15700.40965271,-8780.37451171875,164,15,42,49.598387070549
56784_c,15700.40965271,-8730.37451171875,179,13,16,48.2389883807694
56784_c,15700.40965271,-8680.37451171875,191,5,4,30.9030742807249
56784_c,15700.40965271,-8480.37451171875,182,6,0,33.0454232837166
56784_c,15700.40965271,-8430.37451171875,162,11,0,42.2137418384109
56784_c,15700.40965271,-8380.37451171875,136,14,0,43.6348484585429
56784_c,15750.40965271,-9030.37451171875,39,72,55,52.9905651979671
56784_c,15750.40965271,-8980.37451171875,56,55,86,55.4977477020464
56784_c,15750.40965271,-8930.37451171875,89,43,74,61.8627513128862
56784_c,15750.40965271,-8880.37451171875,126,36,71,67.349832961931
56784_c,15750.40965271,-8830.37451171875,154,24,61,60.7947366142827
56784_c,15750.40965271,-8780.37451171875,174,16,53,52.7636238330917
56784_c,15750.40965271,-8730.37451171875,194,12,17,48.2493523272593
56784_c,15750.40965271,-8480.37451171875,161,5,0,28.3725219182222
56784_c,15750.40965271,-8430.37451171875,148,10,0,38.4707681233427
56784_c,15750.40965271,-8380.37451171875,129,13,0,40.9511904588865
56784_c,15800.40965271,-8930.37451171875,67,74,78,70.4130669691358
56784_c,15800.40965271,-8880.37451171875,109,65,77,84.1724420460759
56784_c,15800.40965271,-8830.37451171875,152,51,66,88.0454428122206
56784_c,15800.40965271,-8780.37451171875,180,32,55,75.8946638440411
56784_c,15800.40965271,-8730.37451171875,210,16,15,57.9655069847578
56784_c,15800.40965271,-8680.37451171875,208,7,3,38.1575680566778
56784_c,15800.40965271,-8630.37451171875,195,5,2,31.224989991992
56784_c,15800.40965271,-8380.37451171875,142,5,0,26.6458251889485
56784_c,15850.40965271,-9180.37451171875,31,74,38,47.8957200593122
56784_c,15850.40965271,-9130.37451171875,31,88,38,52.2302594288024
56784_c,15850.40965271,-8930.37451171875,54,85,70,67.7495387438173
56784_c,15850.40965271,-8880.37451171875,92,73,71,81.9512049941915
56784_c,15850.40965271,-8830.37451171875,140,56,60,88.5437744847146
56784_c,15850.40965271,-8780.37451171875,177,34,57,77.5757694128779
56784_c,15850.40965271,-8730.37451171875,215,11,17,48.6312656631513
56784_c,15850.40965271,-8680.37451171875,207,6,5,35.2420203734122
56784_c,15850.40965271,-8630.37451171875,200,5,4,31.6227766016838
56784_c,15850.40965271,-8380.37451171875,163,6,0,31.2729915422238
56784_c,15900.40965271,-9230.37451171875,44,19,14,28.9136645896019
56784_c,15900.40965271,-9180.37451171875,54,27,40,38.1837661840736
56784_c,15900.40965271,-9130.37451171875,57,45,44,50.6458290484024
56784_c,15900.40965271,-9080.37451171875,49,55,45,51.9133894096697
56784_c,15900.40965271,-9030.37451171875,32,79,59,50.2792203599061
56784_c,15900.40965271,-8930.37451171875,55,95,86,72.2841614740048
56784_c,15900.40965271,-8880.37451171875,93,78,82,85.1704173994703
56784_c,15900.40965271,-8830.37451171875,140,62,71,93.1665175908169
56784_c,15900.40965271,-8780.37451171875,171,35,60,77.3627817493658
56784_c,15900.40965271,-8730.37451171875,207,11,22,47.7179211617606
56784_c,15900.40965271,-8680.37451171875,198,6,6,34.4673758792282
56784_c,15900.40965271,-8630.37451171875,190,7,6,36.4691650576209
56784_c,15900.40965271,-8380.37451171875,171,6,0,32.0312347560939
56784_c,15950.40965271,-9280.37451171875,36,6,4,14.6969384566991
56784_c,15950.40965271,-9230.37451171875,64,11,5,26.5329983228432
56784_c,15950.40965271,-9180.37451171875,79,17,30,36.6469644036174
56784_c,15950.40965271,-9130.37451171875,85,40,40,58.309518948453
56784_c,15950.40965271,-9080.37451171875,74,52,45,62.0322496770833
56784_c,15950.40965271,-9030.37451171875,49,83,61,63.7730350540101
56784_c,15950.40965271,-8930.37451171875,54,99,94,73.1163456417237
56784_c,15950.40965271,-8880.37451171875,91,77,85,83.7078252017098
56784_c,15950.40965271,-8830.37451171875,144,65,77,96.7470929795826
56784_c,15950.40965271,-8780.37451171875,174,34,64,76.9155380921177
56784_c,15950.40965271,-8730.37451171875,204,12,33,49.4772675074119
56784_c,15950.40965271,-8680.37451171875,195,12,17,48.3735464897913
56784_c,15950.40965271,-8630.37451171875,192,13,17,49.9599839871872
56784_c,15950.40965271,-8580.37451171875,173,9,17,39.4588393138977
56784_c,15950.40965271,-8530.37451171875,177,8,13,37.6297754444536
56784_c,15950.40965271,-8480.37451171875,180,10,7,42.4264068711929
56784_c,15950.40965271,-8430.37451171875,180,6,3,32.86335345031
56784_c,15950.40965271,-8380.37451171875,178,8,3,37.7359245282264
56784_c,16000.40965271,-9230.37451171875,75,6,4,21.2132034355964
56784_c,16000.40965271,-9180.37451171875,96,13,18,35.3270434653114
56784_c,16000.40965271,-9130.37451171875,105,31,33,57.0526073023837
56784_c,16000.40965271,-9080.37451171875,94,50,32,68.5565460040105
56784_c,16000.40965271,-9030.37451171875,63,85,45,73.1778655059028
56784_c,16000.40965271,-8980.37451171875,33,106,83,59.143892330485
56784_c,16000.40965271,-8930.37451171875,58,103,87,77.2916554357584
56784_c,16000.40965271,-8880.37451171875,91,85,73,87.9488487701801
56784_c,16000.40965271,-8830.37451171875,146,69,71,100.369318020997
56784_c,16000.40965271,-8780.37451171875,171,35,61,77.3627817493658
56784_c,16000.40965271,-8730.37451171875,191,11,29,45.8366665454634
56784_c,16000.40965271,-8680.37451171875,179,17,17,55.1633936592012
56784_c,16000.40965271,-8630.37451171875,178,20,21,59.6657355607052
56784_c,16000.40965271,-8580.37451171875,158,19,24,54.7905101272109
56784_c,16000.40965271,-8530.37451171875,163,22,26,59.8832196863195
56784_c,16000.40965271,-8480.37451171875,176,28,20,70.199715099137
56784_c,16000.40965271,-8430.37451171875,187,18,16,58.0172388174412
56784_c,16000.40965271,-8380.37451171875,184,17,12,55.9285258164383
56784_c,16050.40965271,-9180.37451171875,110,9,6,31.4642654451046
56784_c,16050.40965271,-9130.37451171875,122,25,25,55.2268050859363
56784_c,16050.40965271,-9080.37451171875,114,45,30,71.6240183178799
56784_c,16050.40965271,-9030.37451171875,79,74,46,76.4591394144611
56784_c,16050.40965271,-8980.37451171875,44,88,83,62.2253967444162
56784_c,16050.40965271,-8930.37451171875,60,86,95,71.8331399842719
56784_c,16050.40965271,-8880.37451171875,92,69,77,79.6743371481684
56784_c,16050.40965271,-8830.37451171875,148,51,71,86.8792265158939
56784_c,16050.40965271,-8780.37451171875,178,24,59,65.3605385534728
56784_c,16050.40965271,-8730.37451171875,189,10,28,43.4741302385683
56784_c,16050.40965271,-8680.37451171875,170,18,22,55.3172667437573
56784_c,16050.40965271,-8630.37451171875,158,27,26,65.3146231712317
56784_c,16050.40965271,-8580.37451171875,132,35,30,67.9705818718657
56784_c,16050.40965271,-8530.37451171875,130,40,38,72.1110255092798
56784_c,16050.40965271,-8480.37451171875,158,46,32,85.2525659437885
56784_c,16050.40965271,-8430.37451171875,174,34,23,76.9155380921177
56784_c,16050.40965271,-8380.37451171875,180,28,19,70.9929573971954
56784_c,16100.40965271,-9180.37451171875,101,6,2,24.6170672501823
56784_c,16100.40965271,-9130.37451171875,116,21,22,49.3558507170123
56784_c,16100.40965271,-9080.37451171875,105,38,32,63.166446789415
56784_c,16100.40965271,-9030.37451171875,79,65,50,71.6589143093865
56784_c,16100.40965271,-8980.37451171875,51,74,96,61.4328902136307
56784_c,16100.40965271,-8930.37451171875,65,75,108,69.8212002188447
56784_c,16100.40965271,-8880.37451171875,92,59,89,73.6749618255755
56784_c,16100.40965271,-8830.37451171875,147,43,79,79.5047168412038
56784_c,16100.40965271,-8780.37451171875,171,18,62,55.4797260267208
56784_c,16100.40965271,-8730.37451171875,169,8,22,36.7695526217005
56784_c,16100.40965271,-8680.37451171875,143,19,20,52.1248501196886
56784_c,16100.40965271,-8630.37451171875,125,30,26,61.2372435695795
56784_c,16100.40965271,-8580.37451171875,95,38,35,60.0832755431992
56784_c,16100.40965271,-8530.37451171875,99,44,47,66
56784_c,16100.40965271,-8480.37451171875,137,51,41,83.5882766899761
56784_c,16100.40965271,-8430.37451171875,159,37,31,76.7007170761786
56784_c,16100.40965271,-8380.37451171875,167,28,25,68.381283989115
56784_c,16150.40965271,-9180.37451171875,98,6,0,24.2487113059643
56784_c,16150.40965271,-9130.37451171875,112,17,19,43.6348484585429
56784_c,16150.40965271,-9080.37451171875,103,32,38,57.4108003776293
56784_c,16150.40965271,-9030.37451171875,85,56,59,68.9927532426414
56784_c,16150.40965271,-8980.37451171875,59,64,113,61.4491659829489
56784_c,16150.40965271,-8930.37451171875,66,67,124,66.4981202741852
56784_c,16150.40965271,-8880.37451171875,96,55,106,72.6636084983398
56784_c,16150.40965271,-8830.37451171875,145,40,87,76.1577310586391
56784_c,16150.40965271,-8780.37451171875,167,18,67,54.8270006474912
56784_c,16150.40965271,-8730.37451171875,164,10,18,40.4969134626332
56784_c,16150.40965271,-8680.37451171875,138,21,19,53.8330753347791
56784_c,16150.40965271,-8630.37451171875,107,34,31,60.3158354000009
56784_c,16150.40965271,-8580.37451171875,78,45,40,59.2452529743945
56784_c,16150.40965271,-8530.37451171875,80,50,52,63.2455532033676
56784_c,16150.40965271,-8480.37451171875,122,55,47,81.9145896650896
56784_c,16150.40965271,-8430.37451171875,152,39,37,76.9935062196806
56784_c,16150.40965271,-8380.37451171875,167,27,25,67.1490878567982
56784_c,16200.40965271,-9180.37451171875,95,5,0,21.7944947177034
56784_c,16200.40965271,-9130.37451171875,107,9,13,31.0322412983658
56784_c,16200.40965271,-9080.37451171875,101,24,34,49.2341345003647
56784_c,16200.40965271,-9030.37451171875,89,42,61,61.1391854705311
56784_c,16200.40965271,-8980.37451171875,65,50,120,57.0087712549569
56784_c,16200.40965271,-8930.37451171875,74,53,127,62.6258732474047
56784_c,16200.40965271,-8880.37451171875,99,48,114,68.9347517584564
56784_c,16200.40965271,-8830.37451171875,137,34,94,68.2495421230062
56784_c,16200.40965271,-8780.37451171875,153,19,67,53.9166022668343
56784_c,16200.40965271,-8730.37451171875,150,10,9,38.7298334620742
56784_c,16200.40965271,-8680.37451171875,120,25,8,54.7722557505166
56784_c,16200.40965271,-8630.37451171875,83,38,21,56.1604843283959
56784_c,16200.40965271,-8580.37451171875,54,48,29,50.9116882454314
56784_c,16200.40965271,-8530.37451171875,62,52,42,56.7802782663136
56784_c,16200.40965271,-8480.37451171875,105,56,41,76.6811580507233
56784_c,16200.40965271,-8430.37451171875,143,37,35,72.7392603756733
56784_c,16200.40965271,-8380.37451171875,161,25,22,63.4428877022476
56784_c,16250.40965271,-9130.37451171875,130,8,8,32.2490309931942
56784_c,16250.40965271,-9080.37451171875,119,18,29,46.2817458616245
56784_c,16250.40965271,-9030.37451171875,111,35,56,62.3297681689897
56784_c,16250.40965271,-8980.37451171875,85,43,104,60.4565960007674
56784_c,16250.40965271,-8930.37451171875,83,52,111,65.6962708226274
56784_c,16250.40965271,-8880.37451171875,103,48,103,70.3135833249878
56784_c,16250.40965271,-8830.37451171875,137,39,85,73.095827514298
56784_c,16250.40965271,-8780.37451171875,152,32,61,69.7423830966508
56784_c,16250.40965271,-8730.37451171875,147,31,14,67.5055553269507
56784_c,16250.40965271,-8680.37451171875,124,45,17,74.6993975879324
56784_c,16250.40965271,-8630.37451171875,85,56,27,68.9927532426414
56784_c,16250.40965271,-8580.37451171875,59,64,30,61.4491659829489
56784_c,16250.40965271,-8530.37451171875,70,57,34,63.166446789415
56784_c,16250.40965271,-8480.37451171875,115,49,33,75.0666370633453
56784_c,16250.40965271,-8430.37451171875,142,26,23,60.7618301238533
56784_c,16250.40965271,-8380.37451171875,153,15,13,47.9061582680139
56784_c,16300.40965271,-9230.37451171875,93,5,0,21.5638586528478
56784_c,16300.40965271,-9130.37451171875,141,8,4,33.5857112474933
56784_c,16300.40965271,-9080.37451171875,137,13,21,42.2018956920184
56784_c,16300.40965271,-9030.37451171875,139,23,43,56.5420197729087
56784_c,16300.40965271,-8980.37451171875,114,31,86,59.4474557908074
56784_c,16300.40965271,-8930.37451171875,107,38,93,63.7651942677194
56784_c,16300.40965271,-8880.37451171875,122,35,89,65.3452370108182
56784_c,16300.40965271,-8830.37451171875,143,29,75,64.3972049082878
56784_c,16300.40965271,-8780.37451171875,149,27,56,63.4271235355979
56784_c,16300.40965271,-8730.37451171875,147,32,14,68.585712797929
56784_c,16300.40965271,-8680.37451171875,125,52,16,80.6225774829855
56784_c,16300.40965271,-8630.37451171875,96,58,26,74.6190324247105
56784_c,16300.40965271,-8580.37451171875,80,58,28,68.1175454637056
56784_c,16300.40965271,-8530.37451171875,91,51,26,68.1248853210044
56784_c,16300.40965271,-8480.37451171875,127,38,25,69.4694177318336
56784_c,16300.40965271,-8430.37451171875,152,11,16,40.8900966005217
56784_c,16300.40965271,-8380.37451171875,146,5,6,27.0185121722126
56784_c,16350.40965271,-9230.37451171875,118,6,0,26.6082693913001
56784_c,16350.40965271,-9180.37451171875,154,5,0,27.7488738510232
56784_c,16350.40965271,-9130.37451171875,167,8,3,36.5513337649941
56784_c,16350.40965271,-9080.37451171875,166,11,16,42.731721238443
56784_c,16350.40965271,-9030.37451171875,169,19,36,56.6656862660288
56784_c,16350.40965271,-8980.37451171875,146,23,67,57.9482527778017
56784_c,16350.40965271,-8930.37451171875,135,30,72,63.6396103067893
56784_c,16350.40965271,-8880.37451171875,152,28,69,65.2380257212004
56784_c,16350.40965271,-8830.37451171875,165,24,59,62.9285308902091
56784_c,16350.40965271,-8780.37451171875,168,25,42,64.8074069840786
56784_c,16350.40965271,-8730.37451171875,167,33,12,74.2361098118699
56784_c,16350.40965271,-8680.37451171875,149,51,16,87.17224328879
56784_c,16350.40965271,-8630.37451171875,127,55,24,83.5763124336076
56784_c,16350.40965271,-8580.37451171875,115,55,21,79.5298686029343
56784_c,16350.40965271,-8530.37451171875,118,48,18,75.2595508889071
56784_c,16350.40965271,-8480.37451171875,148,34,17,70.9365914038728
56784_c,16350.40965271,-8430.37451171875,164,9,8,38.4187454245971
56784_c,16400.40965271,-9230.37451171875,134,6,0,28.3548937575157
56784_c,16400.40965271,-9180.37451171875,172,5,0,29.3257565972304
56784_c,16400.40965271,-9130.37451171875,188,14,1,51.3030213535226
56784_c,16400.40965271,-9080.37451171875,187,15,5,52.9622507074615
56784_c,16400.40965271,-9030.37451171875,182,21,13,61.8223260642949
56784_c,16400.40965271,-8980.37451171875,160,25,26,63.2455532033676
56784_c,16400.40965271,-8930.37451171875,147,30,29,66.407830863536
56784_c,16400.40965271,-8880.37451171875,158,22,28,58.9576118919347
56784_c,16400.40965271,-8830.37451171875,164,21,27,58.6856030044848
56784_c,16400.40965271,-8780.37451171875,172,24,22,64.249513616836
56784_c,16400.40965271,-8730.37451171875,174,32,9,74.6190324247105
56784_c,16400.40965271,-8680.37451171875,161,51,15,90.6145683651365
56784_c,16400.40965271,-8630.37451171875,149,52,17,88.0227243386616
56784_c,16400.40965271,-8580.37451171875,150,49,14,85.7321409974112
56784_c,16400.40965271,-8530.37451171875,144,42,11,77.7688883808943
56784_c,16400.40965271,-8480.37451171875,166,28,11,68.1762421962372
56784_c,16450.40965271,-9230.37451171875,140,8,1,33.466401061363
56784_c,16450.40965271,-9180.37451171875,172,13,1,47.2863616701476
56784_c,16450.40965271,-9130.37451171875,185,26,2,69.3541635375988
56784_c,16450.40965271,-9080.37451171875,184,24,4,66.4529909033446
56784_c,16450.40965271,-9030.37451171875,174,30,4,72.2495674727538
56784_c,16450.40965271,-8980.37451171875,165,31,3,71.5192281837549
56784_c,16450.40965271,-8930.37451171875,154,30,3,67.9705818718657
56784_c,16450.40965271,-8880.37451171875,166,19,2,56.1604843283959
56784_c,16450.40965271,-8830.37451171875,173,19,2,57.3323643328967
56784_c,16450.40965271,-8780.37451171875,189,21,5,63
56784_c,16450.40965271,-8730.37451171875,185,30,6,74.4983221287567
56784_c,16450.40965271,-8680.37451171875,174,43,15,86.4985549012237
56784_c,16450.40965271,-8630.37451171875,167,44,16,85.7204759669474
56784_c,16450.40965271,-8580.37451171875,167,44,14,85.7204759669474
56784_c,16450.40965271,-8530.37451171875,148,38,11,74.9933330370107
56784_c,16450.40965271,-8480.37451171875,162,24,10,62.3538290724796
56784_c,16450.40965271,-8430.37451171875,164,6,1,31.3687742827162
56784_c,16500.40965271,-9230.37451171875,138,8,10,33.2264954516723
56784_c,16500.40965271,-9180.37451171875,154,15,10,48.0624593627917
56784_c,16500.40965271,-9130.37451171875,161,27,12,65.9317829275077
56784_c,16500.40965271,-9080.37451171875,164,24,12,62.7375485654325
56784_c,16500.40965271,-9030.37451171875,155,24,9,60.9918027279076
56784_c,16500.40965271,-8980.37451171875,162,21,2,58.3266662856708
56784_c,16500.40965271,-8930.37451171875,167,14,2,48.3528696149463
56784_c,16500.40965271,-8780.37451171875,198,5,0,31.4642654451046
56784_c,16500.40965271,-8730.37451171875,196,10,1,44.2718872423573
56784_c,16500.40965271,-8680.37451171875,186,19,6,59.4474557908074
56784_c,16500.40965271,-8630.37451171875,179,22,6,62.7534859589489
56784_c,16500.40965271,-8580.37451171875,192,22,6,64.9923072370877
56784_c,16500.40965271,-8530.37451171875,174,23,6,63.2613626157388
56784_c,16500.40965271,-8480.37451171875,180,17,5,55.3172667437573
56784_c,16500.40965271,-8430.37451171875,175,8,0,37.4165738677394
56784_c,16550.40965271,-9230.37451171875,143,9,10,35.8747822293042
56784_c,16550.40965271,-9180.37451171875,141,17,11,48.9591666595746
56784_c,16550.40965271,-9130.37451171875,141,29,13,63.9452891149927
56784_c,16550.40965271,-9080.37451171875,143,28,13,63.2771680782255
56784_c,16550.40965271,-9030.37451171875,128,27,10,58.7877538267963
56784_c,16550.40965271,-8980.37451171875,150,21,3,56.1248608016091
56784_c,16550.40965271,-8930.37451171875,167,14,2,48.3528696149463
56784_c,16550.40965271,-8780.37451171875,200,5,0,31.6227766016838
56784_c,16550.40965271,-8730.37451171875,196,6,1,34.2928563989645
56784_c,16550.40965271,-8680.37451171875,193,12,3,48.1248376620639
56784_c,16550.40965271,-8630.37451171875,193,14,3,51.9807656734681
56784_c,16550.40965271,-8580.37451171875,207,15,3,55.7225268630201
56784_c,16550.40965271,-8530.37451171875,199,15,3,54.6351535185909
56784_c,16550.40965271,-8480.37451171875,202,14,2,53.1789432012333
56784_c,16550.40965271,-8430.37451171875,185,7,0,35.9861084308932
56784_c,16600.40965271,-9280.37451171875,120,6,3,26.8328157299975
56784_c,16600.40965271,-9230.37451171875,134,11,11,38.3927076409049
56784_c,16600.40965271,-9180.37451171875,119,20,19,48.7852436706019
56784_c,16600.40965271,-9130.37451171875,115,31,22,59.7076209541127
56784_c,16600.40965271,-9080.37451171875,121,29,22,59.2368128784796
56784_c,16600.40965271,-9030.37451171875,110,27,19,54.4977063737549
56784_c,16600.40965271,-8980.37451171875,132,22,11,53.8887743412299
56784_c,16600.40965271,-8930.37451171875,155,14,3,46.5832587954085
56784_c,16600.40965271,-8780.37451171875,170,5,0,29.1547594742265
56784_c,16600.40965271,-8730.37451171875,179,6,1,32.7719392163479
56784_c,16600.40965271,-8680.37451171875,184,13,4,48.9080770425499
56784_c,16600.40965271,-8630.37451171875,188,16,4,54.8452368032084
56784_c,16600.40965271,-8580.37451171875,216,16,4,58.7877538267963
56784_c,16600.40965271,-8530.37451171875,215,16,4,58.6515131944607
56784_c,16600.40965271,-8480.37451171875,210,15,3,56.1248608016091
56784_c,16600.40965271,-8430.37451171875,187,7,0,36.1801050302511
56784_c,16650.40965271,-9330.37451171875,87,6,0,22.8473193175917
56784_c,16650.40965271,-9280.37451171875,120,11,4,36.3318042491699
56784_c,16650.40965271,-9230.37451171875,125,21,17,51.234753829798
56784_c,16650.40965271,-9180.37451171875,107,29,27,55.7045779088218
56784_c,16650.40965271,-9130.37451171875,96,33,29,56.2849891178812
56784_c,16650.40965271,-9080.37451171875,104,30,29,55.8569601750758
56784_c,16650.40965271,-9030.37451171875,99,26,25,50.7346035758633
56784_c,16650.40965271,-8980.37451171875,129,18,12,48.187135212627
56784_c,16650.40965271,-8930.37451171875,155,10,2,39.3700393700591
56784_c,16650.40965271,-8880.37451171875,163,7,0,33.7786915081091
56784_c,16650.40965271,-8830.37451171875,157,8,0,35.4400902933387
56784_c,16650.40965271,-8780.37451171875,166,8,0,36.4417343165772
56784_c,16650.40965271,-8730.37451171875,177,6,1,32.5883414736007
56784_c,16650.40965271,-8680.37451171875,182,12,4,46.7332857821917
56784_c,16650.40965271,-8630.37451171875,185,14,4,50.8920425999979
56784_c,16650.40965271,-8580.37451171875,213,15,4,56.5243310442503
56784_c,16650.40965271,-8530.37451171875,220,15,4,57.4456264653803
56784_c,16650.40965271,-8480.37451171875,217,15,3,57.0526073023837
56784_c,16650.40965271,-8430.37451171875,189,8,0,38.8844441904472
56784_c,16700.40965271,-9330.37451171875,87,6,3,22.8473193175917
56784_c,16700.40965271,-9280.37451171875,115,11,9,35.5668384875575
56784_c,16700.40965271,-9230.37451171875,123,19,21,48.3425278610873
56784_c,16700.40965271,-9180.37451171875,111,21,31,48.2804308182933
56784_c,16700.40965271,-9130.37451171875,101,21,32,46.0543157586778
56784_c,16700.40965271,-9080.37451171875,112,18,30,44.8998886412873
56784_c,16700.40965271,-9030.37451171875,113,14,24,39.7743636027027
56784_c,16700.40965271,-8980.37451171875,134,8,12,32.7414110874898
56784_c,16700.40965271,-8930.37451171875,152,6,2,30.199337741083
56784_c,16700.40965271,-8880.37451171875,161,6,0,31.0805405358401
56784_c,16700.40965271,-8830.37451171875,146,7,0,31.9687347262916
56784_c,16700.40965271,-8780.37451171875,149,7,0,32.2955105239103
56784_c,16700.40965271,-8730.37451171875,171,5,0,29.2403830344269
56784_c,16700.40965271,-8680.37451171875,183,11,3,44.8664685483491
56784_c,16700.40965271,-8630.37451171875,187,13,3,49.3051721424842
56784_c,16700.40965271,-8580.37451171875,220,15,3,57.4456264653803
56784_c,16700.40965271,-8530.37451171875,239,15,3,59.8748695196908
56784_c,16700.40965271,-8480.37451171875,236,15,3,59.4978991225741
56784_c,16700.40965271,-8430.37451171875,199,8,0,39.89987468652
56784_c,16700.40965271,-8380.37451171875,163,5,0,28.5482048472404
56784_c,16750.40965271,-9380.37451171875,59,7,4,20.3224014329016
56784_c,16750.40965271,-9330.37451171875,79,10,7,28.1069386451104
56784_c,16750.40965271,-9280.37451171875,105,15,16,39.6862696659689
56784_c,16750.40965271,-9230.37451171875,116,24,22,52.7636238330917
56784_c,16750.40965271,-9180.37451171875,107,24,32,50.6754378372797
56784_c,16750.40965271,-9130.37451171875,95,20,29,43.5889894354067
56784_c,16750.40965271,-9080.37451171875,112,18,26,44.8998886412873
56784_c,16750.40965271,-9030.37451171875,116,14,17,40.2988833592198
56784_c,16750.40965271,-8980.37451171875,128,7,11,29.9332590941915
56784_c,16750.40965271,-8930.37451171875,145,6,1,29.4957624075053
56784_c,16750.40965271,-8880.37451171875,154,7,0,32.832910318764
56784_c,16750.40965271,-8830.37451171875,141,8,0,33.5857112474933
56784_c,16750.40965271,-8780.37451171875,138,7,0,31.0805405358401
56784_c,16750.40965271,-8730.37451171875,162,6,0,31.1769145362398
56784_c,16750.40965271,-8680.37451171875,172,11,3,43.4971263418631
56784_c,16750.40965271,-8630.37451171875,189,11,5,45.596052460712
56784_c,16750.40965271,-8580.37451171875,209,18,9,61.3351449007826
56784_c,16750.40965271,-8530.37451171875,233,19,9,66.5357047005591
56784_c,16750.40965271,-8480.37451171875,230,19,9,66.1059755241536
56784_c,16750.40965271,-8430.37451171875,190,12,6,47.7493455452533
56784_c,16750.40965271,-8380.37451171875,145,11,4,39.9374510954317
56784_c,16800.40965271,-9380.37451171875,47,13,4,24.7184141886166
56784_c,16800.40965271,-9330.37451171875,63,18,8,33.6749164809655
56784_c,16800.40965271,-9280.37451171875,89,25,17,47.169905660283
56784_c,16800.40965271,-9230.37451171875,107,33,23,59.4222180669823
56784_c,16800.40965271,-9180.37451171875,110,32,32,59.3295878967653
56784_c,16800.40965271,-9130.37451171875,107,24,29,50.6754378372797
56784_c,16800.40965271,-9080.37451171875,126,19,25,48.9285192909003
56784_c,16800.40965271,-9030.37451171875,127,14,16,42.166337284616
56784_c,16800.40965271,-8980.37451171875,132,8,10,32.4961536185438
56784_c,16800.40965271,-8930.37451171875,138,7,1,31.0805405358401
56784_c,16800.40965271,-8880.37451171875,155,6,0,30.4959013639538
56784_c,16800.40965271,-8830.37451171875,143,8,0,33.8230690505755
56784_c,16800.40965271,-8780.37451171875,144,6,0,29.3938769133981
56784_c,16800.40965271,-8730.37451171875,164,5,0,28.6356421265527
56784_c,16800.40965271,-8680.37451171875,176,8,2,37.5233260785874
56784_c,16800.40965271,-8630.37451171875,179,8,4,37.841775856849
56784_c,16800.40965271,-8580.37451171875,202,17,8,58.6003412959345
56784_c,16800.40965271,-8530.37451171875,218,19,8,64.3583716388164
56784_c,16800.40965271,-8480.37451171875,216,19,8,64.0624695121879
56784_c,16800.40965271,-8430.37451171875,174,15,6,51.0881590977792
56784_c,16800.40965271,-8380.37451171875,134,14,4,43.3128156554154
56784_c,16850.40965271,-9380.37451171875,34,26,7,29.732137494637
56784_c,16850.40965271,-9330.37451171875,47,35,12,40.5585995813465
56784_c,16850.40965271,-9280.37451171875,70,41,21,53.5723809439155
56784_c,16850.40965271,-9230.37451171875,93,49,26,67.5055553269507
56784_c,16850.40965271,-9180.37451171875,104,43,28,66.873013989202
56784_c,16850.40965271,-9130.37451171875,108,26,21,52.9905651979671
56784_c,16850.40965271,-9080.37451171875,125,17,16,46.0977222864644
56784_c,16850.40965271,-9030.37451171875,125,14,7,41.8330013267038
56784_c,16850.40965271,-8980.37451171875,127,8,2,31.8747549010185
56784_c,16850.40965271,-8930.37451171875,135,8,0,32.86335345031
56784_c,16850.40965271,-8880.37451171875,155,7,0,32.9393381840012
56784_c,16850.40965271,-8830.37451171875,149,8,0,34.5253530032641
56784_c,16850.40965271,-8780.37451171875,159,5,0,28.1957443597434
56784_c,16850.40965271,-8680.37451171875,179,6,0,32.7719392163479
56784_c,16850.40965271,-8630.37451171875,187,5,2,30.5777697028413
56784_c,16850.40965271,-8580.37451171875,204,16,6,57.1314274283428
56784_c,16850.40965271,-8530.37451171875,212,20,9,65.1152823843988
56784_c,16850.40965271,-8480.37451171875,212,20,9,65.1152823843988
56784_c,16850.40965271,-8430.37451171875,168,17,9,53.4415568635496
56784_c,16850.40965271,-8380.37451171875,121,17,7,45.3541618817943
56784_c,16900.40965271,-9330.37451171875,30,67,17,44.8330235429198
56784_c,16900.40965271,-9280.37451171875,53,71,25,61.34329629226
56784_c,16900.40965271,-9230.37451171875,81,73,25,76.8960337078578
56784_c,16900.40965271,-9180.37451171875,93,51,25,68.869441699494
56784_c,16900.40965271,-9130.37451171875,102,23,13,48.4355241532493
56784_c,16900.40965271,-9080.37451171875,120,12,8,37.9473319220206
56784_c,16900.40965271,-9030.37451171875,126,10,0,35.4964786985977
56784_c,16900.40965271,-8980.37451171875,137,7,0,30.967725134404
56784_c,16900.40965271,-8930.37451171875,152,7,0,32.6190128606002
56784_c,16900.40965271,-8680.37451171875,182,6,0,33.0454232837166
56784_c,16900.40965271,-8630.37451171875,194,6,2,34.117444218464
56784_c,16900.40965271,-8580.37451171875,202,17,6,58.6003412959345
56784_c,16900.40965271,-8530.37451171875,201,20,9,63.4034699365894
56784_c,16900.40965271,-8480.37451171875,191,20,9,61.8061485614498
56784_c,16900.40965271,-8430.37451171875,146,16,9,48.3321838943783
56784_c,16900.40965271,-8380.37451171875,95,16,7,38.9871773792359
56784_c,16950.40965271,-9280.37451171875,41,118,22,69.5557330491168
56784_c,16950.40965271,-9230.37451171875,66,117,22,87.8749110952609
56784_c,16950.40965271,-9180.37451171875,80,71,22,75.3657747256671
56784_c,16950.40965271,-9130.37451171875,95,30,11,53.3853912601566
56784_c,16950.40965271,-9080.37451171875,114,15,8,41.3521462562707
56784_c,16950.40965271,-9030.37451171875,125,13,1,40.3112887414927
56784_c,16950.40965271,-8980.37451171875,142,10,1,37.6828873628336
56784_c,16950.40965271,-8930.37451171875,170,10,1,41.2310562561766
56784_c,16950.40965271,-8680.37451171875,196,5,0,31.3049516849971
56784_c,16950.40965271,-8630.37451171875,199,5,2,31.543620591175
56784_c,16950.40965271,-8580.37451171875,209,14,6,54.0925133451941
56784_c,16950.40965271,-8530.37451171875,192,17,9,57.1314274283428
56784_c,16950.40965271,-8480.37451171875,170,17,9,53.7587202228625
56784_c,16950.40965271,-8430.37451171875,126,14,9,42
56784_c,16950.40965271,-8380.37451171875,81,14,7,33.6749164809655
56784_c,17000.40965271,-9280.37451171875,32,129,18,64.249513616836
56784_c,17000.40965271,-9230.37451171875,57,124,19,84.0713982279348
56784_c,17000.40965271,-9180.37451171875,81,77,19,78.9746794865291
56784_c,17000.40965271,-9130.37451171875,99,31,11,55.3985559378582
56784_c,17000.40965271,-9080.37451171875,118,14,9,40.6448028658032
56784_c,17000.40965271,-9030.37451171875,130,12,3,39.496835316263
56784_c,17000.40965271,-8980.37451171875,153,10,2,39.1152144312159
56784_c,17000.40965271,-8930.37451171875,182,10,2,42.6614580154031
56784_c,17000.40965271,-8680.37451171875,197,6,0,34.3802268753422
56784_c,17000.40965271,-8630.37451171875,191,6,0,33.8526217596215
56784_c,17000.40965271,-8580.37451171875,215,10,0,46.3680924774785
56784_c,17000.40965271,-8530.37451171875,190,13,3,49.6990945591567
56784_c,17000.40965271,-8480.37451171875,162,13,3,45.8911756223351
56784_c,17000.40965271,-8430.37451171875,122,8,3,31.2409987036266
56784_c,17000.40965271,-8380.37451171875,80,8,3,25.298221281347
56784_c,17050.40965271,-9230.37451171875,54,119,24,80.1623352953243
56784_c,17050.40965271,-9180.37451171875,73,74,22,73.4982993000519
56784_c,17050.40965271,-9130.37451171875,92,27,14,49.8397431775085
56784_c,17050.40965271,-9080.37451171875,111,11,13,34.9428104193123
56784_c,17050.40965271,-9030.37451171875,133,10,4,36.4691650576209
56784_c,17050.40965271,-8980.37451171875,150,10,4,38.7298334620742
56784_c,17050.40965271,-8930.37451171875,184,8,4,38.3666521865018
56784_c,17050.40965271,-8780.37451171875,216,6,2,36
56784_c,17050.40965271,-8730.37451171875,205,10,0,45.2769256906871
56784_c,17050.40965271,-8680.37451171875,176,14,1,49.6386945839634
56784_c,17050.40965271,-8630.37451171875,177,14,1,49.7795138586146
56784_c,17050.40965271,-8580.37451171875,200,15,1,54.7722557505166
56784_c,17050.40965271,-8530.37451171875,177,13,4,47.9687398208458
56784_c,17050.40965271,-8480.37451171875,147,8,4,34.2928563989645
56784_c,17100.40965271,-9280.37451171875,30,116,30,58.9915248150105
56784_c,17100.40965271,-9230.37451171875,52,107,36,74.5922247958861
56784_c,17100.40965271,-9180.37451171875,70,62,33,65.8786763680024
56784_c,17100.40965271,-9130.37451171875,88,23,28,44.988887516808
56784_c,17100.40965271,-9080.37451171875,111,10,26,33.3166624979154
56784_c,17100.40965271,-9030.37451171875,136,8,22,32.9848450049413
56784_c,17100.40965271,-8980.37451171875,154,9,19,37.2290209379726
56784_c,17100.40965271,-8930.37451171875,183,8,18,38.262252939418
56784_c,17100.40965271,-8830.37451171875,207,6,17,35.2420203734122
56784_c,17100.40965271,-8780.37451171875,201,12,9,49.1121166312347
56784_c,17100.40965271,-8730.37451171875,183,17,4,55.7763390695374
56784_c,17100.40965271,-8680.37451171875,150,20,6,54.7722557505166
56784_c,17100.40965271,-8630.37451171875,146,20,6,54.0370243444252
56784_c,17100.40965271,-8580.37451171875,166,17,5,53.1224999411737
56784_c,17100.40965271,-8530.37451171875,147,13,2,43.7149859887888
56784_c,17100.40965271,-8480.37451171875,122,7,2,29.2232783924049
56784_c,17150.40965271,-9430.37451171875,31,39,14,34.7706773014274
56784_c,17150.40965271,-9380.37451171875,38,72,16,52.3067873224881
56784_c,17150.40965271,-9330.37451171875,41,84,28,58.6856030044848
56784_c,17150.40965271,-9280.37451171875,59,85,47,70.8166647054209
56784_c,17150.40965271,-9230.37451171875,74,76,53,74.9933330370107
56784_c,17150.40965271,-9180.37451171875,79,51,59,63.4744042902334
56784_c,17150.40965271,-9130.37451171875,89,21,62,43.2319326424346
56784_c,17150.40965271,-9080.37451171875,109,11,58,34.6265793863616
56784_c,17150.40965271,-9030.37451171875,120,13,57,39.496835316263
56784_c,17150.40965271,-8980.37451171875,129,14,50,42.4970587217516
56784_c,17150.40965271,-8930.37451171875,157,10,38,39.6232255123179
56784_c,17150.40965271,-8880.37451171875,185,9,33,40.8044115262063
56784_c,17150.40965271,-8830.37451171875,182,17,29,55.6237359406935
56784_c,17150.40965271,-8780.37451171875,175,28,19,70
56784_c,17150.40965271,-8730.37451171875,161,43,12,83.2045671823368
56784_c,17150.40965271,-8680.37451171875,123,47,14,76.0328876210815
56784_c,17150.40965271,-8630.37451171875,111,50,16,74.4983221287567
56784_c,17150.40965271,-8580.37451171875,132,41,12,73.5662966309981
56784_c,17150.40965271,-8530.37451171875,117,29,4,58.2494635168428
56784_c,17150.40965271,-8480.37451171875,100,13,4,36.0555127546399
56784_c,17150.40965271,-8430.37451171875,81,8,2,25.4558441227157
56784_c,17200.40965271,-9430.37451171875,43,12,14,22.7156333832011
56784_c,17200.40965271,-9380.37451171875,56,32,21,42.3320209770335
56784_c,17200.40965271,-9330.37451171875,64,42,32,51.8459255872629
56784_c,17200.40965271,-9280.37451171875,84,44,50,60.7947366142827
56784_c,17200.40965271,-9230.37451171875,93,42,59,62.497999967999
56784_c,17200.40965271,-9180.37451171875,83,45,65,61.1146463623901
56784_c,17200.40965271,-9130.37451171875,82,32,63,51.2249938994628
56784_c,17200.40965271,-9080.37451171875,95,26,59,49.6990945591567
56784_c,17200.40965271,-9030.37451171875,95,27,59,50.6458290484024
56784_c,17200.40965271,-8980.37451171875,104,24,49,49.9599839871872
56784_c,17200.40965271,-8930.37451171875,131,16,38,45.7820925690384
56784_c,17200.40965271,-8880.37451171875,166,11,33,42.731721238443
56784_c,17200.40965271,-8830.37451171875,165,18,30,54.4977063737549
56784_c,17200.40965271,-8780.37451171875,161,30,21,69.4982014155762
56784_c,17200.40965271,-8730.37451171875,142,47,18,81.6945530620004
56784_c,17200.40965271,-8680.37451171875,103,54,19,74.5788173679363
56784_c,17200.40965271,-8630.37451171875,85,60,21,71.4142842854285
56784_c,17200.40965271,-8580.37451171875,101,50,18,71.0633520177595
56784_c,17200.40965271,-8530.37451171875,94,38,9,59.7662111899357
56784_c,17200.40965271,-8480.37451171875,86,20,5,41.4728827066554
56784_c,17200.40965271,-8430.37451171875,74,12,3,29.7993288515027
56784_c,17250.40965271,-9430.37451171875,52,7,13,19.0787840283389
56784_c,17250.40965271,-9380.37451171875,71,21,26,38.6134691526156
56784_c,17250.40965271,-9330.37451171875,83,28,38,48.2078831727758
56784_c,17250.40965271,-9280.37451171875,105,31,51,57.0526073023837
56784_c,17250.40965271,-9230.37451171875,114,34,60,62.2575296650935
56784_c,17250.40965271,-9180.37451171875,92,41,66,61.4166101311364
56784_c,17250.40965271,-9130.37451171875,88,34,58,54.6991773247094
56784_c,17250.40965271,-9080.37451171875,99,30,53,54.4977063737549
56784_c,17250.40965271,-9030.37451171875,98,30,60,54.2217668469038
56784_c,17250.40965271,-8980.37451171875,96,27,51,50.9116882454314
56784_c,17250.40965271,-8930.37451171875,123,17,40,45.7274534606947
56784_c,17250.40965271,-8880.37451171875,152,12,35,42.7083130081252
56784_c,17250.40965271,-8830.37451171875,154,20,32,55.4977477020464
56784_c,17250.40965271,-8780.37451171875,147,33,21,69.6491205974634
56784_c,17250.40965271,-8730.37451171875,141,48,18,82.2678552048125
56784_c,17250.40965271,-8680.37451171875,107,54,24,76.0131567559196
56784_c,17250.40965271,-8630.37451171875,86,62,27,73.0205450541147
56784_c,17250.40965271,-8580.37451171875,89,52,26,68.0294054067798
56784_c,17250.40965271,-8530.37451171875,84,38,18,56.4977875673021
56784_c,17250.40965271,-8480.37451171875,73,20,14,38.2099463490856
56784_c,17250.40965271,-8430.37451171875,60,13,7,27.9284800875379
56784_c,17300.40965271,-9430.37451171875,53,6,11,17.832554500127
56784_c,17300.40965271,-9380.37451171875,83,15,24,35.2845575287547
56784_c,17300.40965271,-9330.37451171875,98,21,36,45.365184888855
56784_c,17300.40965271,-9280.37451171875,127,23,46,54.0462764674867
56784_c,17300.40965271,-9230.37451171875,127,27,56,58.5576638878294
56784_c,17300.40965271,-9180.37451171875,104,32,64,57.6888204074238
56784_c,17300.40965271,-9130.37451171875,90,30,56,51.9615242270663
56784_c,17300.40965271,-9080.37451171875,96,30,51,53.665631459995
56784_c,17300.40965271,-9030.37451171875,93,31,60,53.6935750346352
56784_c,17300.40965271,-8980.37451171875,103,28,49,53.7028863283902
56784_c,17300.40965271,-8930.37451171875,131,23,38,54.8908006864538
56784_c,17300.40965271,-8880.37451171875,157,18,33,53.1601354400081
56784_c,17300.40965271,-8830.37451171875,161,24,30,62.1610810716802
56784_c,17300.40965271,-8780.37451171875,154,33,20,71.2881476824865
56784_c,17300.40965271,-8730.37451171875,148,43,18,79.7746827007165
56784_c,17300.40965271,-8680.37451171875,120,47,23,75.0999334220744
56784_c,17300.40965271,-8630.37451171875,101,55,26,74.5318723768563
56784_c,17300.40965271,-8580.37451171875,106,46,25,69.8283610003844
56784_c,17300.40965271,-8530.37451171875,100,36,17,60
56784_c,17300.40965271,-8480.37451171875,85,23,13,44.2153819388683
56784_c,17300.40965271,-8430.37451171875,66,15,7,31.4642654451046
56784_c,17300.40965271,-8380.37451171875,43,5,4,14.6628782986152
56784_c,17350.40965271,-9380.37451171875,100,8,21,28.2842712474619
56784_c,17350.40965271,-9330.37451171875,119,14,36,40.8166632639171
56784_c,17350.40965271,-9280.37451171875,152,16,41,49.3153120237518
56784_c,17350.40965271,-9230.37451171875,151,22,47,57.6367938039583
56784_c,17350.40965271,-9180.37451171875,122,32,57,62.4819974072532
56784_c,17350.40965271,-9130.37451171875,99,35,49,58.8642506110458
56784_c,17350.40965271,-9080.37451171875,99,35,40,58.8642506110458
56784_c,17350.40965271,-9030.37451171875,95,36,44,58.4807660688538
56784_c,17350.40965271,-8980.37451171875,113,32,36,60.1331855134916
56784_c,17350.40965271,-8930.37451171875,139,25,25,58.949130612758
56784_c,17350.40965271,-8880.37451171875,164,18,20,54.3323108288245
56784_c,17350.40965271,-8830.37451171875,176,20,17,59.3295878967653
56784_c,17350.40965271,-8780.37451171875,177,28,14,70.3988636271922
56784_c,17350.40965271,-8730.37451171875,172,37,14,79.7746827007165
56784_c,17350.40965271,-8680.37451171875,146,42,18,78.3070878018076
56784_c,17350.40965271,-8630.37451171875,136,49,21,81.6333265278342
56784_c,17350.40965271,-8580.37451171875,141,43,21,77.8652682522831
56784_c,17350.40965271,-8530.37451171875,131,33,16,65.749524713111
56784_c,17350.40965271,-8480.37451171875,110,21,12,48.0624593627917
56784_c,17350.40965271,-8430.37451171875,91,13,7,34.3947670438397
56784_c,17400.40965271,-9380.37451171875,103,7,12,26.8514431641951
56784_c,17400.40965271,-9330.37451171875,120,15,19,42.4264068711929
56784_c,17400.40965271,-9280.37451171875,149,20,20,54.5893762558247
56784_c,17400.40965271,-9230.37451171875,150,27,26,63.6396103067893
56784_c,17400.40965271,-9180.37451171875,132,35,27,67.9705818718657
56784_c,17400.40965271,-9130.37451171875,111,38,15,64.9461315245181
56784_c,17400.40965271,-9080.37451171875,116,36,8,64.621977685614
56784_c,17400.40965271,-9030.37451171875,122,31,9,61.4979674460872
56784_c,17400.40965271,-8980.37451171875,140,27,5,61.4817045957576
56784_c,17400.40965271,-8930.37451171875,159,21,5,57.7840808527747
56784_c,17400.40965271,-8880.37451171875,175,13,5,47.6969600708473
56784_c,17400.40965271,-8830.37451171875,190,9,5,41.3521462562707
56784_c,17400.40965271,-8780.37451171875,189,11,4,45.596052460712
56784_c,17400.40965271,-8730.37451171875,186,10,6,43.1277173056956
56784_c,17400.40965271,-8680.37451171875,167,13,10,46.593991028887
56784_c,17400.40965271,-8630.37451171875,167,17,11,53.2822672190289
56784_c,17400.40965271,-8580.37451171875,173,17,14,54.230987451825
56784_c,17400.40965271,-8530.37451171875,170,16,14,52.1536192416212
56784_c,17400.40965271,-8480.37451171875,147,14,10,45.365184888855
56784_c,17400.40965271,-8430.37451171875,120,8,5,30.9838667696593
56784_c,17450.40965271,-9380.37451171875,99,7,9,26.3248931621764
56784_c,17450.40965271,-9330.37451171875,116,12,17,37.3095162123553
56784_c,17450.40965271,-9280.37451171875,145,16,18,48.1663783151692
56784_c,17450.40965271,-9230.37451171875,145,18,21,51.0881590977792
56784_c,17450.40965271,-9180.37451171875,136,23,21,55.9285258164383
56784_c,17450.40965271,-9130.37451171875,125,21,13,51.234753829798
56784_c,17450.40965271,-9080.37451171875,135,22,5,54.4977063737549
56784_c,17450.40965271,-9030.37451171875,147,19,6,52.8488410468953
56784_c,17450.40965271,-8980.37451171875,171,19,5,57
56784_c,17450.40965271,-8930.37451171875,185,17,4,56.0802995712398
56784_c,17450.40965271,-8880.37451171875,189,15,4,53.2447180478966
56784_c,17450.40965271,-8830.37451171875,201,10,4,44.8330235429198
56784_c,17450.40965271,-8780.37451171875,197,10,2,44.3846820423443
56784_c,17450.40965271,-8730.37451171875,190,7,0,36.4691650576209
56784_c,17450.40965271,-8680.37451171875,182,6,5,33.0454232837166
56784_c,17450.40965271,-8630.37451171875,199,7,6,37.322915213043
56784_c,17450.40965271,-8580.37451171875,206,8,8,40.5955662603689
56784_c,17450.40965271,-8530.37451171875,203,7,9,37.6961536499415
56784_c,17450.40965271,-8480.37451171875,178,7,9,35.2987251894456
56784_c,17500.40965271,-9380.37451171875,100,8,5,28.2842712474619
56784_c,17500.40965271,-9330.37451171875,123,13,12,39.9874980462644
56784_c,17500.40965271,-9280.37451171875,152,16,13,49.3153120237518
56784_c,17500.40965271,-9230.37451171875,147,16,15,48.4974226119286
56784_c,17500.40965271,-9180.37451171875,138,19,14,51.2054684579684
56784_c,17500.40965271,-9130.37451171875,129,17,11,46.8294778958724
56784_c,17500.40965271,-9080.37451171875,130,21,4,52.2494019104525
56784_c,17500.40965271,-9030.37451171875,140,19,3,51.5751878329105
56784_c,17500.40965271,-8980.37451171875,170,19,2,56.8330889535313
56784_c,17500.40965271,-8930.37451171875,184,20,1,60.6630035524124
56784_c,17500.40965271,-8880.37451171875,183,17,1,55.7763390695374
56784_c,17500.40965271,-8830.37451171875,196,9,1,42
56784_c,17500.40965271,-8780.37451171875,200,9,1,42.4264068711929
56784_c,17500.40965271,-8730.37451171875,187,8,0,38.6781592116274
56784_c,17550.40965271,-9380.37451171875,90,10,5,30
56784_c,17550.40965271,-9330.37451171875,116,15,12,41.7133072292284
56784_c,17550.40965271,-9280.37451171875,142,18,12,50.5568986390582
56784_c,17550.40965271,-9230.37451171875,138,20,13,52.5357021462548
56784_c,17550.40965271,-9180.37451171875,131,22,12,53.6842621258782
56784_c,17550.40965271,-9130.37451171875,124,20,9,49.7995983919549
56784_c,17550.40965271,-9080.37451171875,121,22,2,51.5945733580577
56784_c,17550.40965271,-9030.37451171875,131,20,2,51.1859355682789
56784_c,17550.40965271,-8980.37451171875,153,18,2,52.4785670536077
56784_c,17550.40965271,-8930.37451171875,169,16,1,52
56784_c,17550.40965271,-8880.37451171875,174,12,1,45.6946386351835
56784_c,17550.40965271,-8830.37451171875,190,5,1,30.8220700148449
56784_c,17550.40965271,-8780.37451171875,194,5,1,31.1448230047949
56784_c,17600.40965271,-9380.37451171875,69,12,5,28.7749891398763
56784_c,17600.40965271,-9330.37451171875,98,15,6,38.3405790253616
56784_c,17600.40965271,-9280.37451171875,124,18,6,47.2440472440709
56784_c,17600.40965271,-9230.37451171875,127,18,6,47.8121323515277
56784_c,17600.40965271,-9180.37451171875,126,21,4,51.4392845984467
56784_c,17600.40965271,-9130.37451171875,125,17,1,46.0977222864644
56784_c,17600.40965271,-9080.37451171875,122,22,0,51.8073353879545
56784_c,17600.40965271,-9030.37451171875,127,20,0,50.3984126734166
56784_c,17600.40965271,-8980.37451171875,144,19,0,52.3067873224881
56784_c,17600.40965271,-8930.37451171875,167,16,0,51.6913919332804
56784_c,17600.40965271,-8880.37451171875,173,12,0,45.5631429995781
56784_c,17650.40965271,-9430.37451171875,34,8,3,16.4924225024706
56784_c,17650.40965271,-9380.37451171875,52,14,6,26.9814751264641
56784_c,17650.40965271,-9330.37451171875,87,15,8,36.1247837363769
56784_c,17650.40965271,-9280.37451171875,109,17,8,43.0464865000618
56784_c,17650.40965271,-9230.37451171875,120,17,8,45.1663591625449
56784_c,17650.40965271,-9180.37451171875,122,15,5,42.7784992724149
56784_c,17650.40965271,-9130.37451171875,128,15,2,43.8178046004133
56784_c,17650.40965271,-9080.37451171875,119,22,0,51.1663952218641
56784_c,17650.40965271,-9030.37451171875,130,21,0,52.2494019104525
56784_c,17650.40965271,-8980.37451171875,148,20,0,54.4058820349418
56784_c,17650.40965271,-8930.37451171875,170,19,0,56.8330889535313
56784_c,17650.40965271,-8880.37451171875,176,13,0,47.8330429724056
56784_c,17650.40965271,-8830.37451171875,189,5,0,30.7408522978788
56784_c,17650.40965271,-8780.37451171875,196,5,0,31.3049516849971
56784_c,17700.40965271,-9380.37451171875,49,15,4,27.1108834234519
56784_c,17700.40965271,-9330.37451171875,86,16,5,37.0944739819828
56784_c,17700.40965271,-9280.37451171875,108,18,5,44.0908153700972
56784_c,17700.40965271,-9230.37451171875,134,19,5,50.4579032461715
56784_c,17700.40965271,-9180.37451171875,137,15,3,45.3321078265726
56784_c,17700.40965271,-9130.37451171875,138,17,1,48.4355241532493
56784_c,17700.40965271,-9080.37451171875,124,22,0,52.2302594288024
56784_c,17700.40965271,-9030.37451171875,142,20,0,53.2916503778969
56784_c,17700.40965271,-8980.37451171875,146,17,0,49.8196748283246
56784_c,17700.40965271,-8930.37451171875,166,16,0,51.5363949069005
56784_c,17700.40965271,-8880.37451171875,173,10,0,41.5932686861709
56784_c,17700.40965271,-8780.37451171875,188,5,0,30.6594194335118
56784_c,17750.40965271,-9380.37451171875,53,12,5,25.219040425837
56784_c,17750.40965271,-9330.37451171875,88,13,6,33.8230690505755
56784_c,17750.40965271,-9280.37451171875,111,15,6,40.8044115262063
56784_c,17750.40965271,-9230.37451171875,136,17,3,48.0832611206852
56784_c,17750.40965271,-9180.37451171875,142,13,2,42.9651021178817
56784_c,17750.40965271,-9130.37451171875,138,17,1,48.4355241532493
56784_c,17750.40965271,-9080.37451171875,135,19,0,50.6458290484024
56784_c,17750.40965271,-9030.37451171875,160,17,0,52.1536192416212
56784_c,17750.40965271,-8980.37451171875,158,14,0,47.0319040652194
56784_c,17750.40965271,-8930.37451171875,173,12,0,45.5631429995781
56784_c,17750.40965271,-8880.37451171875,181,9,0,40.3608721412211
56784_c,17750.40965271,-8830.37451171875,189,7,0,36.3730669589464
56784_c,17750.40965271,-8780.37451171875,172,9,0,39.344631145812
56784_c,17750.40965271,-8730.37451171875,169,6,0,31.8433666561813
56784_c,17750.40965271,-8680.37451171875,178,7,0,35.2987251894456
56784_c,17750.40965271,-8630.37451171875,200,5,0,31.6227766016838
56784_c,17750.40965271,-8480.37451171875,199,7,19,37.322915213043
56784_c,17750.40965271,-8430.37451171875,157,6,19,30.6920185064456
56784_c,17750.40965271,-8380.37451171875,105,5,19,22.9128784747792
56784_c,17800.40965271,-9430.37451171875,37,9,4,18.2482875908947
56784_c,17800.40965271,-9380.37451171875,69,10,5,26.2678510731274
56784_c,17800.40965271,-9330.37451171875,102,12,6,34.9857113690718
56784_c,17800.40965271,-9280.37451171875,132,14,6,42.9883705204094
56784_c,17800.40965271,-9230.37451171875,153,14,3,46.2817458616245
56784_c,17800.40965271,-9180.37451171875,158,11,2,41.6893271713517
56784_c,17800.40965271,-9130.37451171875,159,15,1,48.8364617882991
56784_c,17800.40965271,-9080.37451171875,163,15,0,49.4469412603045
56784_c,17800.40965271,-9030.37451171875,179,13,0,48.2389883807694
56784_c,17800.40965271,-8980.37451171875,180,11,0,44.497190922574
56784_c,17800.40965271,-8930.37451171875,183,9,0,40.5832477754061
56784_c,17800.40965271,-8880.37451171875,183,7,0,35.7910603363466
56784_c,17800.40965271,-8830.37451171875,184,6,0,33.2264954516723
56784_c,17800.40965271,-8780.37451171875,171,8,0,36.9864840178139
56784_c,17800.40965271,-8730.37451171875,172,7,0,34.6987031457949
56784_c,17800.40965271,-8680.37451171875,182,8,0,38.1575680566778
56784_c,17800.40965271,-8630.37451171875,205,6,0,35.0713558335004
56784_c,17800.40965271,-8580.37451171875,218,5,0,33.0151480384384
56784_c,17800.40965271,-8530.37451171875,224,6,6,36.6606055596467
56784_c,17800.40965271,-8480.37451171875,196,11,20,46.4327470649756
56784_c,17800.40965271,-8430.37451171875,158,10,20,39.7492138287036
56784_c,17800.40965271,-8380.37451171875,102,9,20,30.2985148150862
56784_c,17850.40965271,-9430.37451171875,52,9,4,21.6333076527839
56784_c,17850.40965271,-9380.37451171875,83,9,5,27.3313007374329
56784_c,17850.40965271,-9330.37451171875,113,10,6,33.6154726279432
56784_c,17850.40965271,-9280.37451171875,141,12,6,41.1339276024063
56784_c,17850.40965271,-9230.37451171875,150,12,3,42.4264068711929
56784_c,17850.40965271,-9180.37451171875,156,7,2,33.0454232837166
56784_c,17850.40965271,-9130.37451171875,164,10,1,40.4969134626332
56784_c,17850.40965271,-9080.37451171875,173,11,0,43.6233882223745
56784_c,17850.40965271,-9030.37451171875,195,9,0,41.8927201313068
56784_c,17850.40965271,-8980.37451171875,198,7,1,37.2290209379726
56784_c,17850.40965271,-8930.37451171875,193,7,1,36.7559518989782
56784_c,17850.40965271,-8880.37451171875,183,7,1,35.7910603363466
56784_c,17850.40965271,-8830.37451171875,178,6,1,32.6802692767364
56784_c,17850.40965271,-8780.37451171875,163,8,1,36.1109401705356
56784_c,17850.40965271,-8730.37451171875,172,7,0,34.6987031457949
56784_c,17850.40965271,-8680.37451171875,185,8,0,38.4707681233427
56784_c,17850.40965271,-8630.37451171875,206,5,0,32.0936130717624
56784_c,17850.40965271,-8530.37451171875,227,5,9,33.689761055846
56784_c,17850.40965271,-8480.37451171875,187,10,27,43.2434966208793
56784_c,17850.40965271,-8430.37451171875,147,9,27,36.3730669589464
56784_c,17850.40965271,-8380.37451171875,97,9,27,29.5465734053883
56784_c,17900.40965271,-9330.37451171875,123,5,3,24.7991935352745
56784_c,17900.40965271,-9280.37451171875,152,6,3,30.199337741083
56784_c,17900.40965271,-9230.37451171875,150,6,0,30
56784_c,17900.40965271,-9180.37451171875,153,6,0,30.2985148150862
56784_c,17900.40965271,-9130.37451171875,158,8,1,35.5527776692624
56784_c,17900.40965271,-9080.37451171875,171,9,2,39.2300904918661
56784_c,17900.40965271,-9030.37451171875,190,9,7,41.3521462562707
56784_c,17900.40965271,-8980.37451171875,196,7,8,37.0405183549043
56784_c,17900.40965271,-8930.37451171875,191,7,8,36.5650105975644
56784_c,17900.40965271,-8880.37451171875,178,8,7,37.7359245282264
56784_c,17900.40965271,-8830.37451171875,165,7,6,33.9852909359329
56784_c,17900.40965271,-8780.37451171875,144,8,1,33.9411254969543
56784_c,17900.40965271,-8730.37451171875,150,8,0,34.6410161513776
56784_c,17900.40965271,-8680.37451171875,165,8,0,36.3318042491699
56784_c,17900.40965271,-8630.37451171875,192,5,0,30.9838667696593
56784_c,17900.40965271,-8530.37451171875,216,6,13,36
56784_c,17900.40965271,-8480.37451171875,174,12,29,45.6946386351835
56784_c,17900.40965271,-8430.37451171875,132,11,29,38.1051177665153
56784_c,17900.40965271,-8380.37451171875,81,11,29,29.8496231131986
56784_c,17950.40965271,-9280.37451171875,145,5,3,26.9258240356725
56784_c,17950.40965271,-9180.37451171875,141,6,0,29.086079144498
56784_c,17950.40965271,-9130.37451171875,145,6,7,29.4957624075053
56784_c,17950.40965271,-9080.37451171875,162,10,8,40.2492235949962
56784_c,17950.40965271,-9030.37451171875,176,10,14,41.9523539268061
56784_c,17950.40965271,-8980.37451171875,186,10,15,43.1277173056956
56784_c,17950.40965271,-8930.37451171875,181,9,15,40.3608721412211
56784_c,17950.40965271,-8880.37451171875,175,10,8,41.8330013267038
56784_c,17950.40965271,-8830.37451171875,161,6,7,31.0805405358401
56784_c,17950.40965271,-8780.37451171875,151,7,1,32.5115364140177
56784_c,17950.40965271,-8730.37451171875,156,7,0,33.0454232837166
56784_c,17950.40965271,-8680.37451171875,172,7,0,34.6987031457949
56784_c,17950.40965271,-8630.37451171875,188,5,0,30.6594194335118
56784_c,17950.40965271,-8530.37451171875,210,10,14,45.8257569495584
56784_c,17950.40965271,-8480.37451171875,172,15,22,50.7937003968012
56784_c,17950.40965271,-8430.37451171875,127,14,22,42.166337284616
56784_c,17950.40965271,-8380.37451171875,81,14,22,33.6749164809655
56784_c,18000.40965271,-9330.37451171875,113,5,0,23.7697286480094
56784_c,18000.40965271,-9280.37451171875,143,6,0,29.2916370317536
56784_c,18000.40965271,-9180.37451171875,145,6,0,29.4957624075053
56784_c,18000.40965271,-9130.37451171875,147,7,12,32.0780298646909
56784_c,18000.40965271,-9080.37451171875,154,20,14,55.4977477020464
56784_c,18000.40965271,-9030.37451171875,162,21,20,58.3266662856708
56784_c,18000.40965271,-8980.37451171875,175,21,21,60.6217782649107
56784_c,18000.40965271,-8930.37451171875,172,20,21,58.6515131944607
56784_c,18000.40965271,-8880.37451171875,173,18,9,55.8032257132148
56784_c,18000.40965271,-8530.37451171875,180,11,11,44.497190922574
56784_c,18000.40965271,-8480.37451171875,145,13,15,43.4165866921848
56784_c,18000.40965271,-8430.37451171875,107,12,15,35.8329457343378
56784_c,18000.40965271,-8380.37451171875,70,12,15,28.9827534923789
56784_c,18050.40965271,-9380.37451171875,80,5,0,20
56784_c,18050.40965271,-9330.37451171875,106,5,0,23.0217288664427
56784_c,18050.40965271,-9280.37451171875,131,7,0,30.2820078594534
56784_c,18050.40965271,-9180.37451171875,136,6,1,28.5657137141714
56784_c,18050.40965271,-9130.37451171875,133,9,15,34.5976877840124
56784_c,18050.40965271,-9080.37451171875,135,25,17,58.0947501931113
56784_c,18050.40965271,-9030.37451171875,144,25,23,60
56784_c,18050.40965271,-8980.37451171875,162,25,24,63.6396103067893
56784_c,18050.40965271,-8930.37451171875,162,24,23,62.3538290724796
56784_c,18050.40965271,-8880.37451171875,167,20,9,57.7927331071996
56784_c,18050.40965271,-8530.37451171875,166,12,10,44.6318272088428
56784_c,18050.40965271,-8480.37451171875,132,13,14,41.424630354416
56784_c,18050.40965271,-8430.37451171875,94,13,14,34.9571165858971
56784_c,18050.40965271,-8380.37451171875,58,13,14,27.459060435492
56784_c,18100.40965271,-9330.37451171875,110,6,0,25.6904651573303
56784_c,18100.40965271,-9280.37451171875,139,8,0,33.3466640010661
56784_c,18100.40965271,-9230.37451171875,138,6,0,28.7749891398763
56784_c,18100.40965271,-9180.37451171875,140,9,5,35.4964786985977
56784_c,18100.40965271,-9130.37451171875,126,14,20,42
56784_c,18100.40965271,-9080.37451171875,125,27,22,58.0947501931113
56784_c,18100.40965271,-9030.37451171875,129,28,28,60.0999168052669
56784_c,18100.40965271,-8980.37451171875,144,28,28,63.4980314655502
56784_c,18100.40965271,-8930.37451171875,148,26,23,62.0322496770833
56784_c,18100.40965271,-8880.37451171875,165,20,8,57.4456264653803
56784_c,18100.40965271,-8830.37451171875,174,5,6,29.4957624075053
56784_c,18100.40965271,-8580.37451171875,154,8,3,35.0998575495685
56784_c,18100.40965271,-8530.37451171875,135,20,10,51.9615242270663
56784_c,18100.40965271,-8480.37451171875,112,21,10,48.4974226119286
56784_c,18100.40965271,-8430.37451171875,81,21,10,41.2431812546026
56784_c,18100.40965271,-8380.37451171875,43,18,10,27.8208554864871
56784_c,18150.40965271,-9380.37451171875,96,5,0,21.9089023002066
56784_c,18150.40965271,-9330.37451171875,116,7,0,28.49561369755
56784_c,18150.40965271,-9280.37451171875,143,8,0,33.8230690505755
56784_c,18150.40965271,-9230.37451171875,140,6,3,28.9827534923789
56784_c,18150.40965271,-9180.37451171875,131,13,15,41.2674205639267
56784_c,18150.40965271,-9130.37451171875,112,17,31,43.6348484585429
56784_c,18150.40965271,-9080.37451171875,112,30,32,57.9655069847578
56784_c,18150.40965271,-9030.37451171875,119,31,33,60.7371385562409
56784_c,18150.40965271,-8980.37451171875,133,31,30,64.2105910267146
56784_c,18150.40965271,-8930.37451171875,140,24,18,57.9655069847578
56784_c,18150.40965271,-8880.37451171875,162,18,2,54
56784_c,18150.40965271,-8780.37451171875,176,5,0,29.6647939483827
56784_c,18150.40965271,-8730.37451171875,152,8,1,34.8711915483254
56784_c,18150.40965271,-8680.37451171875,145,8,4,34.0587727318528
56784_c,18150.40965271,-8630.37451171875,139,17,4,48.6106984109465
56784_c,18150.40965271,-8580.37451171875,125,25,7,55.9016994374948
56784_c,18150.40965271,-8530.37451171875,101,33,10,57.7321400954442
56784_c,18150.40965271,-8480.37451171875,83,30,9,49.8998997994986
56784_c,18150.40965271,-8430.37451171875,58,30,6,41.7133072292284
56784_c,18150.40965271,-8380.37451171875,30,20,6,24.4948974278318
56784_c,18200.40965271,-9330.37451171875,134,5,0,25.8843582110896
56784_c,18200.40965271,-9280.37451171875,164,6,0,31.3687742827162
56784_c,18200.40965271,-9230.37451171875,153,7,7,32.7261363439071
56784_c,18200.40965271,-9180.37451171875,129,17,25,46.8294778958724
56784_c,18200.40965271,-9130.37451171875,108,23,40,49.8397431775085
56784_c,18200.40965271,-9080.37451171875,104,32,43,57.6888204074238
56784_c,18200.40965271,-9030.37451171875,110,33,43,60.2494813255683
56784_c,18200.40965271,-8980.37451171875,128,31,36,62.9920629920945
56784_c,18200.40965271,-8930.37451171875,140,21,18,54.2217668469038
56784_c,18200.40965271,-8880.37451171875,154,14,3,46.4327470649756
56784_c,18200.40965271,-8830.37451171875,166,6,1,31.559467676119
56784_c,18200.40965271,-8780.37451171875,153,7,1,32.7261363439071
56784_c,18200.40965271,-8730.37451171875,126,11,3,37.2290209379726
56784_c,18200.40965271,-8680.37451171875,112,12,6,36.6606055596467
56784_c,18200.40965271,-8630.37451171875,108,30,6,56.9209978830308
56784_c,18200.40965271,-8580.37451171875,88,41,8,60.0666296707248
56784_c,18200.40965271,-8530.37451171875,66,45,9,54.4977063737549
56784_c,18200.40965271,-8480.37451171875,52,41,7,46.1735855224608
56784_c,18200.40965271,-8430.37451171875,35,40,4,37.4165738677394
56784_c,18250.40965271,-9330.37451171875,140,5,0,26.4575131106459
56784_c,18250.40965271,-9280.37451171875,165,6,0,31.4642654451046
56784_c,18250.40965271,-9230.37451171875,145,8,9,34.0587727318528
56784_c,18250.40965271,-9180.37451171875,111,24,27,51.6139516022558
56784_c,18250.40965271,-9130.37451171875,93,29,47,51.9326486903951
56784_c,18250.40965271,-9080.37451171875,102,29,49,54.3874985635486
56784_c,18250.40965271,-9030.37451171875,111,29,49,56.7362318100171
56784_c,18250.40965271,-8980.37451171875,135,26,40,59.2452529743945
56784_c,18250.40965271,-8930.37451171875,151,9,22,36.8646171823335
56784_c,18250.40965271,-8830.37451171875,164,5,1,28.6356421265527
56784_c,18250.40965271,-8780.37451171875,153,9,3,37.107950630559
56784_c,18250.40965271,-8730.37451171875,123,15,11,42.9534631898291
56784_c,18250.40965271,-8680.37451171875,108,20,16,46.475800154489
56784_c,18250.40965271,-8630.37451171875,100,52,23,72.1110255092798
56784_c,18250.40965271,-8580.37451171875,78,76,25,76.9935062196806
56784_c,18250.40965271,-8530.37451171875,55,76,23,64.6529195009785
56784_c,18250.40965271,-8480.37451171875,44,70,15,55.4977477020464
56784_c,18250.40965271,-8430.37451171875,30,65,10,44.1588043316392
56784_c,18300.40965271,-9330.37451171875,156,5,0,27.9284800875379
56784_c,18300.40965271,-9280.37451171875,180,5,0,30
56784_c,18300.40965271,-9230.37451171875,153,10,9,39.1152144312159
56784_c,18300.40965271,-9180.37451171875,102,29,31,54.3874985635486
56784_c,18300.40965271,-9130.37451171875,85,33,59,52.9622507074615
56784_c,18300.40965271,-9080.37451171875,98,30,61,54.2217668469038
56784_c,18300.40965271,-9030.37451171875,116,33,61,61.8708331930321
56784_c,18300.40965271,-8980.37451171875,141,28,52,62.83311228962
56784_c,18300.40965271,-8930.37451171875,166,9,30,38.6522961801754
56784_c,18300.40965271,-8880.37451171875,175,6,2,32.4037034920393
56784_c,18300.40965271,-8830.37451171875,175,9,1,39.6862696659689
56784_c,18300.40965271,-8780.37451171875,151,11,3,40.7553677446297
56784_c,18300.40965271,-8730.37451171875,116,17,11,44.407206622349
56784_c,18300.40965271,-8680.37451171875,94,22,22,45.4752680036083
56784_c,18300.40965271,-8630.37451171875,73,66,29,69.4118145563131
56784_c,18300.40965271,-8580.37451171875,39,98,32,61.8223260642949
56784_c,18350.40965271,-9280.37451171875,166,8,1,36.4417343165772
56784_c,18350.40965271,-9230.37451171875,134,18,10,49.1121166312347
56784_c,18350.40965271,-9180.37451171875,89,42,35,61.1391854705311
56784_c,18350.40965271,-9130.37451171875,72,44,76,56.2849891178812
56784_c,18350.40965271,-9080.37451171875,84,43,78,60.0999168052669
56784_c,18350.40965271,-9030.37451171875,105,40,77,64.8074069840786
56784_c,18350.40965271,-8980.37451171875,129,30,68,62.2093240599832
56784_c,18350.40965271,-8930.37451171875,157,6,43,30.6920185064456
56784_c,18350.40965271,-8880.37451171875,164,5,2,28.6356421265527
56784_c,18350.40965271,-8830.37451171875,158,8,1,35.5527776692624
56784_c,18350.40965271,-8780.37451171875,133,12,3,39.9499687108764
56784_c,18350.40965271,-8730.37451171875,103,19,11,44.2379927211893
56784_c,18350.40965271,-8680.37451171875,76,30,28,47.7493455452533
56784_c,18350.40965271,-8630.37451171875,50,73,38,60.4152298679729
56784_c,18400.40965271,-9380.37451171875,113,8,1,30.0665927567458
56784_c,18400.40965271,-9330.37451171875,136,12,1,40.3980197534483
56784_c,18400.40965271,-9280.37451171875,152,26,2,62.8649345820069
56784_c,18400.40965271,-9230.37451171875,115,41,8,68.6658576004116
56784_c,18400.40965271,-9180.37451171875,73,64,27,68.3520299625403
56784_c,18400.40965271,-9130.37451171875,58,60,73,58.9915248150105
56784_c,18400.40965271,-9080.37451171875,70,56,76,62.6099033699941
56784_c,18400.40965271,-9030.37451171875,95,44,75,64.6529195009785
56784_c,18400.40965271,-8980.37451171875,124,29,69,59.9666574022598
56784_c,18400.40965271,-8930.37451171875,162,6,50,31.1769145362398
56784_c,18400.40965271,-8880.37451171875,171,11,6,43.3704968844029
56784_c,18400.40965271,-8830.37451171875,162,13,5,45.8911756223351
56784_c,18400.40965271,-8780.37451171875,133,15,9,44.6654228682546
56784_c,18400.40965271,-8730.37451171875,102,19,17,44.0227214061103
56784_c,18400.40965271,-8680.37451171875,63,30,35,43.4741302385683
56784_c,18400.40965271,-8630.37451171875,39,60,48,48.3735464897913
56784_c,18450.40965271,-9430.37451171875,69,5,2,18.5741756210067
56784_c,18450.40965271,-9380.37451171875,92,20,3,42.8952211790544
56784_c,18450.40965271,-9330.37451171875,109,30,3,57.1839138219832
56784_c,18450.40965271,-9280.37451171875,118,48,8,75.2595508889071
56784_c,18450.40965271,-9230.37451171875,83,66,8,74.0135122798533
56784_c,18450.40965271,-9180.37451171875,51,83,21,65.0615093584525
56784_c,18450.40965271,-9130.37451171875,43,71,64,55.2539591341652
56784_c,18450.40965271,-9080.37451171875,63,61,65,61.9919349593155
56784_c,18450.40965271,-9030.37451171875,92,45,60,64.3428317685817
56784_c,18450.40965271,-8980.37451171875,127,27,58,58.5576638878294
56784_c,18450.40965271,-8930.37451171875,164,6,45,31.3687742827162
56784_c,18450.40965271,-8880.37451171875,179,12,4,46.3465209050259
56784_c,18450.40965271,-8830.37451171875,166,14,6,48.2078831727758
56784_c,18450.40965271,-8780.37451171875,143,16,13,47.8330429724056
56784_c,18450.40965271,-8730.37451171875,108,20,30,46.475800154489
56784_c,18450.40965271,-8680.37451171875,71,31,48,46.9148164229596
56784_c,18450.40965271,-8630.37451171875,41,51,72,45.7274534606947
56784_c,18500.40965271,-9430.37451171875,51,9,2,21.4242852856286
56784_c,18500.40965271,-9380.37451171875,67,38,3,50.4579032461715
56784_c,18500.40965271,-9330.37451171875,80,64,4,71.5541752799933
56784_c,18500.40965271,-9280.37451171875,85,82,15,83.4865258589672
56784_c,18500.40965271,-9230.37451171875,59,103,19,77.9551152907877
56784_c,18500.40965271,-9180.37451171875,36,114,33,64.0624695121879
56784_c,18500.40965271,-9130.37451171875,32,91,68,53.9629502529282
56784_c,18500.40965271,-9080.37451171875,56,65,68,60.3324125159934
56784_c,18500.40965271,-9030.37451171875,90,49,57,66.407830863536
56784_c,18500.40965271,-8980.37451171875,129,27,51,59.016946718718
56784_c,18500.40965271,-8930.37451171875,170,9,37,39.1152144312159
56784_c,18500.40965271,-8880.37451171875,187,11,4,45.3541618817943
56784_c,18500.40965271,-8830.37451171875,173,13,6,47.4236228055175
56784_c,18500.40965271,-8780.37451171875,146,15,19,46.7974358271904
56784_c,18500.40965271,-8730.37451171875,107,18,31,43.8862165149834
56784_c,18500.40965271,-8680.37451171875,66,25,62,40.6201920231798
56784_c,18500.40965271,-8630.37451171875,37,33,84,34.9428104193123
56784_c,18550.40965271,-9380.37451171875,35,48,3,40.9878030638384
56784_c,18550.40965271,-9330.37451171875,42,75,13,56.1248608016091
56784_c,18550.40965271,-9280.37451171875,47,95,24,66.8206554891525
56784_c,18550.40965271,-9230.37451171875,40,115,29,67.8232998312527
56784_c,18550.40965271,-9180.37451171875,31,121,40,61.2454079911302
56784_c,18550.40965271,-9130.37451171875,33,90,70,54.4977063737549
56784_c,18550.40965271,-9080.37451171875,61,63,61,61.9919349593155
56784_c,18550.40965271,-9030.37451171875,93,43,50,63.2376470150495
56784_c,18550.40965271,-8980.37451171875,127,22,43,52.8583011456101
56784_c,18550.40965271,-8930.37451171875,171,5,32,29.2403830344269
56784_c,18550.40965271,-8880.37451171875,195,7,5,36.9459064038223
56784_c,18550.40965271,-8830.37451171875,183,11,9,44.8664685483491
56784_c,18550.40965271,-8780.37451171875,155,20,23,55.6776436283002
56784_c,18550.40965271,-8730.37451171875,114,23,35,51.2054684579684
56784_c,18550.40965271,-8680.37451171875,68,31,71,45.912961132996
56784_c,18550.40965271,-8630.37451171875,35,27,103,30.7408522978788
56784_c,18600.40965271,-9330.37451171875,36,82,13,54.3323108288245
56784_c,18600.40965271,-9280.37451171875,47,97,23,67.5203672975792
56784_c,18600.40965271,-9230.37451171875,48,111,28,72.9931503635786
56784_c,18600.40965271,-9180.37451171875,46,115,42,72.7323861838727
56784_c,18600.40965271,-9130.37451171875,55,82,59,67.1565335615233
56784_c,18600.40965271,-9080.37451171875,78,54,50,64.8999229583518
56784_c,18600.40965271,-9030.37451171875,106,39,40,64.296189622714
56784_c,18600.40965271,-8980.37451171875,143,23,33,57.3498038357587
56784_c,18600.40965271,-8930.37451171875,183,7,19,35.7910603363466
56784_c,18600.40965271,-8880.37451171875,205,7,5,37.8813938497516
56784_c,18600.40965271,-8830.37451171875,192,12,11,48
56784_c,18600.40965271,-8780.37451171875,160,24,31,61.9677335393187
56784_c,18600.40965271,-8730.37451171875,111,30,46,57.706152185014
56784_c,18600.40965271,-8680.37451171875,66,34,76,47.370877129308
56784_c,18600.40965271,-8630.37451171875,33,29,109,30.935416596516
56784_c,18650.40965271,-9330.37451171875,41,76,16,55.8211429478115
56784_c,18650.40965271,-9280.37451171875,54,82,26,66.5432190384565
56784_c,18650.40965271,-9230.37451171875,73,93,31,82.3953882204581
56784_c,18650.40965271,-9180.37451171875,81,90,41,85.3814968245463
56784_c,18650.40965271,-9130.37451171875,88,64,53,75.0466521571749
56784_c,18650.40965271,-9080.37451171875,104,39,43,63.6867333123626
56784_c,18650.40965271,-9030.37451171875,126,33,33,64.482555780614
56784_c,18650.40965271,-8980.37451171875,151,20,26,54.9545266561364
56784_c,18650.40965271,-8930.37451171875,177,7,12,35.1994318135961
56784_c,18650.40965271,-8830.37451171875,178,9,11,40.024992192379
56784_c,18650.40965271,-8780.37451171875,147,22,33,56.8682688324517
56784_c,18650.40965271,-8730.37451171875,100,33,49,57.4456264653803
56784_c,18650.40965271,-8680.37451171875,61,40,78,49.3963561409139
56784_c,18700.40965271,-9330.37451171875,61,59,15,59.9916660878826
56784_c,18700.40965271,-9280.37451171875,81,61,21,70.2922470831599
56784_c,18700.40965271,-9230.37451171875,113,67,28,87.0114934936759
56784_c,18700.40965271,-9180.37451171875,122,67,37,90.4101764183657
56784_c,18700.40965271,-9130.37451171875,127,48,48,78.0768851837726
56784_c,18700.40965271,-9080.37451171875,132,29,38,61.8708331930321
56784_c,18700.40965271,-9030.37451171875,148,27,32,63.2139225171164
56784_c,18700.40965271,-8980.37451171875,161,19,25,55.3082272360993
56784_c,18700.40965271,-8930.37451171875,185,8,11,38.4707681233427
56784_c,18700.40965271,-8830.37451171875,177,7,10,35.1994318135961
56784_c,18700.40965271,-8780.37451171875,143,22,29,56.0892146495206
56784_c,18700.40965271,-8730.37451171875,97,33,35,56.5773806392626
56784_c,18700.40965271,-8680.37451171875,53,39,64,45.4642716866772
56784_c,18750.40965271,-9380.37451171875,45,21,6,30.7408522978788
56784_c,18750.40965271,-9330.37451171875,85,26,15,47.0106370941726
56784_c,18750.40965271,-9280.37451171875,109,29,15,56.2227711874824
56784_c,18750.40965271,-9230.37451171875,143,32,16,67.6461381011511
56784_c,18750.40965271,-9180.37451171875,146,32,26,68.3520299625403
56784_c,18750.40965271,-9130.37451171875,147,24,36,59.39696961967
56784_c,18750.40965271,-9080.37451171875,140,19,27,51.5751878329105
56784_c,18750.40965271,-9030.37451171875,152,16,27,49.3153120237518
56784_c,18750.40965271,-8980.37451171875,159,12,26,43.6806593356831
56784_c,18750.40965271,-8930.37451171875,168,5,10,28.9827534923789
56784_c,18750.40965271,-8830.37451171875,162,7,10,33.6749164809655
56784_c,18750.40965271,-8780.37451171875,133,20,21,51.5751878329105
56784_c,18750.40965271,-8730.37451171875,92,31,26,53.4041196912748
56784_c,18750.40965271,-8680.37451171875,58,38,40,46.946778377222
56784_c,18750.40965271,-8630.37451171875,32,39,60,35.3270434653114
56784_c,18800.40965271,-9380.37451171875,51,12,8,24.738633753706
56784_c,18800.40965271,-9330.37451171875,96,15,8,37.9473319220206
56784_c,18800.40965271,-9280.37451171875,122,17,8,45.5411901469428
56784_c,18800.40965271,-9230.37451171875,155,18,7,52.820450584977
56784_c,18800.40965271,-9180.37451171875,163,21,14,58.5064099052403
56784_c,18800.40965271,-9130.37451171875,164,20,19,57.2712842531054
56784_c,18800.40965271,-9080.37451171875,152,17,19,50.8330601085553
56784_c,18800.40965271,-9030.37451171875,161,15,19,49.1426495012225
56784_c,18800.40965271,-8980.37451171875,164,12,19,44.3621460256377
56784_c,18800.40965271,-8930.37451171875,159,5,5,28.1957443597434
56784_c,18800.40965271,-8830.37451171875,137,7,7,30.967725134404
56784_c,18800.40965271,-8780.37451171875,112,15,17,40.9878030638384
56784_c,18800.40965271,-8730.37451171875,76,26,26,44.4522215417857
56784_c,18800.40965271,-8680.37451171875,48,34,29,40.3980197534483
56784_c,18850.40965271,-9430.37451171875,32,5,9,12.6491106406735
56784_c,18850.40965271,-9380.37451171875,63,6,9,19.4422220952236
56784_c,18850.40965271,-9330.37451171875,108,8,9,29.3938769133981
56784_c,18850.40965271,-9280.37451171875,139,10,9,37.2827037646145
56784_c,18850.40965271,-9230.37451171875,178,13,7,48.1040538832228
56784_c,18850.40965271,-9180.37451171875,181,12,4,46.6047207909242
56784_c,18850.40965271,-9130.37451171875,179,13,8,48.2389883807694
56784_c,18850.40965271,-9080.37451171875,167,12,8,44.7660585711988
56784_c,18850.40965271,-9030.37451171875,170,10,8,41.2310562561766
56784_c,18850.40965271,-8980.37451171875,162,6,8,31.1769145362398
56784_c,18850.40965271,-8830.37451171875,134,7,5,30.6267856622271
56784_c,18850.40965271,-8780.37451171875,114,11,9,35.4118624192516
56784_c,18850.40965271,-8730.37451171875,83,19,17,39.7114593033296
56784_c,18850.40965271,-8680.37451171875,57,25,21,37.7491721763538
56784_c,18850.40965271,-8630.37451171875,31,24,27,27.2763633939717
56784_c,18900.40965271,-9280.37451171875,131,6,5,28.0356915377524
56784_c,18900.40965271,-9230.37451171875,171,7,3,34.5976877840124
56784_c,18900.40965271,-9180.37451171875,175,9,3,39.6862696659689
56784_c,18900.40965271,-9130.37451171875,185,9,5,40.8044115262063
56784_c,18900.40965271,-9080.37451171875,172,8,5,37.0944739819828
56784_c,18900.40965271,-9030.37451171875,172,6,5,32.124756808418
56784_c,18900.40965271,-8830.37451171875,149,5,1,27.2946881279124
56784_c,18900.40965271,-8780.37451171875,131,7,1,30.2820078594534
56784_c,18900.40965271,-8730.37451171875,97,11,7,32.6649659421222
56784_c,18900.40965271,-8680.37451171875,70,13,8,30.1662062579967
56784_c,18900.40965271,-8630.37451171875,39,12,8,21.6333076527839
56784_c,18950.40965271,-9280.37451171875,121,6,4,26.944387170615
56784_c,18950.40965271,-9230.37451171875,153,7,2,32.7261363439071
56784_c,18950.40965271,-9180.37451171875,157,8,3,35.4400902933387
56784_c,18950.40965271,-9130.37451171875,169,7,4,34.3947670438397
56784_c,18950.40965271,-9080.37451171875,157,6,4,30.6920185064456
56784_c,18950.40965271,-9030.37451171875,157,5,4,28.0178514522438
56784_c,18950.40965271,-8830.37451171875,144,7,0,31.7490157327751
56784_c,18950.40965271,-8780.37451171875,128,6,0,27.712812921102
56784_c,18950.40965271,-8730.37451171875,94,9,7,29.086079144498
56784_c,18950.40965271,-8680.37451171875,74,12,8,29.7993288515027
56784_c,18950.40965271,-8630.37451171875,41,12,8,22.1810730128188
56784_c,19000.40965271,-9280.37451171875,107,5,3,23.1300670124408
56784_c,19000.40965271,-9230.37451171875,142,5,1,26.6458251889485
56784_c,19000.40965271,-9180.37451171875,160,6,0,30.9838667696593
56784_c,19000.40965271,-9130.37451171875,177,6,0,32.5883414736007
56784_c,19000.40965271,-9080.37451171875,168,5,0,28.9827534923789
56784_c,19000.40965271,-9030.37451171875,160,5,0,28.2842712474619
56784_c,19000.40965271,-8880.37451171875,151,5,0,27.4772633280682
56784_c,19000.40965271,-8830.37451171875,141,9,0,35.6230262611138
56784_c,19000.40965271,-8780.37451171875,126,8,0,31.7490157327751
56784_c,19000.40965271,-8730.37451171875,94,10,7,30.6594194335118
56784_c,19000.40965271,-8680.37451171875,69,15,8,32.1714158842908
56784_c,19000.40965271,-8630.37451171875,36,16,8,24
56784_c,19050.40965271,-9330.37451171875,75,6,1,21.2132034355964
56784_c,19050.40965271,-9280.37451171875,106,7,1,27.2396769437525
56784_c,19050.40965271,-9230.37451171875,141,10,0,37.5499667110372
56784_c,19050.40965271,-9180.37451171875,158,10,0,39.7492138287036
56784_c,19050.40965271,-9130.37451171875,167,10,0,40.8656334834051
56784_c,19050.40965271,-9080.37451171875,161,7,0,33.570820663189
56784_c,19050.40965271,-9030.37451171875,157,7,0,33.1511689085016
56784_c,19050.40965271,-8930.37451171875,156,5,0,27.9284800875379
56784_c,19050.40965271,-8880.37451171875,156,7,0,33.0454232837166
56784_c,19050.40965271,-8830.37451171875,153,8,0,34.9857113690718
56784_c,19050.40965271,-8780.37451171875,139,7,0,31.1929479209644
56784_c,19050.40965271,-8730.37451171875,106,9,3,30.886890422961
56784_c,19050.40965271,-8680.37451171875,78,12,4,30.5941170815567
56784_c,19050.40965271,-8630.37451171875,47,13,5,24.7184141886166
56784_c,19100.40965271,-9330.37451171875,53,9,1,21.8403296678416
56784_c,19100.40965271,-9280.37451171875,80,10,1,28.2842712474619
56784_c,19100.40965271,-9230.37451171875,108,13,1,37.4699879903904
56784_c,19100.40965271,-9180.37451171875,134,13,1,41.7372735094184
56784_c,19100.40965271,-9130.37451171875,147,13,1,43.7149859887888
56784_c,19100.40965271,-9080.37451171875,152,7,0,32.6190128606002
56784_c,19100.40965271,-9030.37451171875,152,8,0,34.8711915483254
56784_c,19100.40965271,-8980.37451171875,160,5,0,28.2842712474619
56784_c,19100.40965271,-8930.37451171875,164,6,0,31.3687742827162
56784_c,19100.40965271,-8880.37451171875,167,7,0,34.1906419945575
56784_c,19100.40965271,-8830.37451171875,171,8,0,36.9864840178139
56784_c,19100.40965271,-8780.37451171875,156,6,0,30.5941170815567
56784_c,19100.40965271,-8730.37451171875,120,9,1,32.86335345031
56784_c,19100.40965271,-8680.37451171875,86,13,3,33.436506994601
56784_c,19100.40965271,-8630.37451171875,53,15,4,28.1957443597434
56784_c,19150.40965271,-9330.37451171875,53,9,1,21.8403296678416
56784_c,19150.40965271,-9280.37451171875,80,11,1,29.6647939483827
56784_c,19150.40965271,-9230.37451171875,102,15,1,39.1152144312159
56784_c,19150.40965271,-9180.37451171875,126,15,1,43.4741302385683
56784_c,19150.40965271,-9130.37451171875,136,15,1,45.1663591625449
56784_c,19150.40965271,-9080.37451171875,144,9,0,36
56784_c,19150.40965271,-9030.37451171875,143,9,0,35.8747822293042
56784_c,19150.40965271,-8980.37451171875,154,6,0,30.3973683071413
56784_c,19150.40965271,-8930.37451171875,164,6,0,31.3687742827162
56784_c,19150.40965271,-8880.37451171875,169,7,0,34.3947670438397
56784_c,19150.40965271,-8830.37451171875,173,8,0,37.2021504754766
56784_c,19150.40965271,-8780.37451171875,158,7,0,33.2565782966318
56784_c,19150.40965271,-8730.37451171875,125,8,2,31.6227766016838
56784_c,19150.40965271,-8680.37451171875,86,13,12,33.436506994601
56784_c,19150.40965271,-8630.37451171875,52,15,16,27.9284800875379
56784_c,19200.40965271,-9330.37451171875,42,10,1,20.4939015319192
56784_c,19200.40965271,-9280.37451171875,71,12,1,29.1890390386529
56784_c,19200.40965271,-9230.37451171875,96,16,1,39.1918358845309
56784_c,19200.40965271,-9180.37451171875,128,16,1,45.2548339959391
56784_c,19200.40965271,-9130.37451171875,140,16,1,47.3286382647969
56784_c,19200.40965271,-9080.37451171875,153,9,0,37.107950630559
56784_c,19200.40965271,-9030.37451171875,154,8,0,35.0998575495685
56784_c,19200.40965271,-8980.37451171875,166,6,0,31.559467676119
56784_c,19200.40965271,-8930.37451171875,182,6,0,33.0454232837166
56784_c,19200.40965271,-8880.37451171875,185,7,0,35.9861084308932
56784_c,19200.40965271,-8830.37451171875,191,6,0,33.8526217596215
56784_c,19200.40965271,-8780.37451171875,174,6,0,32.310988842807
56784_c,19200.40965271,-8730.37451171875,137,6,2,28.6705423736629
56784_c,19200.40965271,-8680.37451171875,88,14,20,35.0998575495685
56784_c,19200.40965271,-8630.37451171875,55,16,25,29.6647939483827
56784_c,19250.40965271,-9330.37451171875,36,8,1,16.9705627484771
56784_c,19250.40965271,-9280.37451171875,62,10,1,24.8997991959775
56784_c,19250.40965271,-9230.37451171875,91,14,1,35.6931365951495
56784_c,19250.40965271,-9180.37451171875,124,15,1,43.1277173056956
56784_c,19250.40965271,-9130.37451171875,138,15,1,45.4972526643093
56784_c,19250.40965271,-9080.37451171875,146,10,0,38.2099463490856
56784_c,19250.40965271,-9030.37451171875,154,9,0,37.2290209379726
56784_c,19250.40965271,-8980.37451171875,162,7,0,33.6749164809655
56784_c,19250.40965271,-8930.37451171875,174,6,0,32.310988842807
56784_c,19250.40965271,-8880.37451171875,178,8,0,37.7359245282264
56784_c,19250.40965271,-8830.37451171875,188,6,0,33.5857112474933
56784_c,19250.40965271,-8780.37451171875,179,6,0,32.7719392163479
56784_c,19250.40965271,-8730.37451171875,144,7,2,31.7490157327751
56784_c,19250.40965271,-8680.37451171875,103,14,33,37.9736750920951
56784_c,19250.40965271,-8630.37451171875,73,14,43,31.9687347262916
56784_c,19250.40965271,-8580.37451171875,37,14,45,22.7596133534821
56784_c,19300.40965271,-9280.37451171875,57,6,1,18.4932420089069
56784_c,19300.40965271,-9230.37451171875,84,8,1,25.9229627936314
56784_c,19300.40965271,-9180.37451171875,120,9,1,32.86335345031
56784_c,19300.40965271,-9130.37451171875,146,9,1,36.2491379207837
56784_c,19300.40965271,-9080.37451171875,152,6,0,30.199337741083
56784_c,19300.40965271,-9030.37451171875,157,6,0,30.6920185064456
56784_c,19300.40965271,-8980.37451171875,170,7,0,34.4963766213207
56784_c,19300.40965271,-8930.37451171875,177,6,0,32.5883414736007
56784_c,19300.40965271,-8880.37451171875,176,7,0,35.0998575495685
56784_c,19300.40965271,-8830.37451171875,178,6,0,32.6802692767364
56784_c,19300.40965271,-8780.37451171875,165,6,0,31.4642654451046
56784_c,19300.40965271,-8730.37451171875,128,6,2,27.712812921102
56784_c,19300.40965271,-8680.37451171875,96,14,46,36.6606055596467
56784_c,19300.40965271,-8630.37451171875,71,14,66,31.5277655408689
56784_c,19300.40965271,-8580.37451171875,42,14,68,24.2487113059643
56784_c,19350.40965271,-9180.37451171875,128,5,0,25.298221281347
56784_c,19350.40965271,-9130.37451171875,160,5,0,28.2842712474619
56784_c,19350.40965271,-8980.37451171875,157,5,0,28.0178514522438
56784_c,19350.40965271,-8880.37451171875,144,5,0,26.8328157299975
56784_c,19350.40965271,-8830.37451171875,141,5,0,26.5518360947035
56784_c,19350.40965271,-8780.37451171875,127,6,0,27.6043474836845
56784_c,19350.40965271,-8680.37451171875,72,11,44,28.1424945589406
56784_c,19350.40965271,-8630.37451171875,55,11,64,24.5967477524977
56784_c,19350.40965271,-8580.37451171875,37,11,66,20.174241001832
56784_c,19400.40965271,-8680.37451171875,53,10,35,23.0217288664427
56784_c,19400.40965271,-8630.37451171875,46,10,52,21.4476105895272
56784_c,19400.40965271,-8580.37451171875,34,10,54,18.4390889145858
