feats,p.value,estimate,adj.p.value,score,av_expr,high_expr,sample_id,condition,network,score_rank
IGHG4,1.539175279016e-235,26.5546481204433,6.35746310897911e-235,14357.4675688509,5.62969201537623,234,18321_a,irHepatitis,contact,1
IGHGP,1.11253700035333e-308,18.0277931229314,1.11253731522357e-308,13069.4693523165,5.83409588497719,448,18321_a,irHepatitis,contact,2
CCL8,1.11253700035333e-308,15.5543876569011,1.11253731522357e-308,11276.3437759521,5.51467926658551,527,18321_a,irHepatitis,contact,3
CXCL6,1.11253700035333e-308,13.3119744382845,1.11253731522357e-308,9650.67885756229,5.71603810470864,714,18321_a,irHepatitis,contact,4
CCL19,1.11253700035333e-308,12.3123155028249,1.11253731522357e-308,8925.96387272366,6.46763779440174,2496,18321_a,irHepatitis,contact,5
IDO1,1.11253700035333e-308,11.471531730803,1.11253731522357e-308,8316.42738284749,6.18027174219432,1942,18321_a,irHepatitis,contact,6
IGHG1,1.11253700035333e-308,11.1734926664878,1.11253731522357e-308,8100.36031405553,5.83697570273445,979,18321_a,irHepatitis,contact,7
EPCAM,1.11253700035333e-308,10.7549278854417,1.11253731522357e-308,7796.91665123227,5.48317698830769,615,18321_a,irHepatitis,contact,8
MS4A1,1.11253700035333e-308,9.98908716310237,1.11253731522357e-308,7241.7110428077,6.05161908216386,594,18321_a,irHepatitis,contact,9
CCL21,1.11253700035333e-308,9.75568625836793,1.11253731522357e-308,7072.50419921743,6.28725105972169,1496,18321_a,irHepatitis,contact,10
IL7R,1.11253700035333e-308,9.61629484566892,1.11253731522357e-308,6971.45068790724,6.32640632594196,1847,18321_a,irHepatitis,contact,11
IGHM,1.11253700035333e-308,9.47729262124693,1.11253731522357e-308,6870.67932340361,6.52637703026927,2504,18321_a,irHepatitis,contact,12
JCHAIN,1.11253700035333e-308,9.38921022617693,1.11253731522357e-308,6806.82291263852,6.36219002276421,2322,18321_a,irHepatitis,contact,13
CXCL9,1.11253700035333e-308,9.20118010758369,1.11253731522357e-308,6670.50817597001,6.33715017581972,4032,18321_a,irHepatitis,contact,14
IGLC3,4.20099513195239e-138,20.0713795913333,1.20937738647114e-137,6349.00732178499,5.53507375942593,207,18321_a,irHepatitis,contact,15
IL1B,4.65972575343566e-129,19.7245485701598,1.30198219581291e-128,5828.496019866,5.30004554627468,197,18321_a,irHepatitis,contact,16
CXCL10,1.11253700035333e-308,7.76397730645111,1.11253731522357e-308,5628.59040853273,6.15240806314427,2590,18321_a,irHepatitis,contact,17
CCL2,1.11253700035333e-308,7.51137679051311,1.11253731522357e-308,5445.46457172513,5.676091850251,857,18321_a,irHepatitis,contact,18
IGKC,1.11253700035333e-308,7.24460642161982,1.11253731522357e-308,5252.06612652542,6.36627179294566,3485,18321_a,irHepatitis,contact,19
CXCL13,1.11253700035333e-308,7.04170681828425,1.11253731522357e-308,5104.97157483466,5.88225703216317,1541,18321_a,irHepatitis,contact,20
CXCL11,1.11253700035333e-308,6.84829401767864,1.11253731522357e-308,4964.75459693705,6.0782869241626,2838,18321_a,irHepatitis,contact,21
IGHG3,4.16634210395379e-278,7.25206064158027,2.0561168824707e-277,4631.830340616,5.43908798495843,693,18321_a,irHepatitis,contact,22
ARG1,1.11253700035333e-308,5.96857248493458,1.11253731522357e-308,4326.98970068102,7.5835753389324,14111,18321_a,irHepatitis,contact,23
SDC1,1.11253700035333e-308,5.67539622216696,1.11253731522357e-308,4114.44797940987,8.00424279623147,15342,18321_a,irHepatitis,contact,24
CCL4,1.11253700035333e-308,5.4940989871705,1.11253731522357e-308,3983.01432914061,5.79301692600959,1485,18321_a,irHepatitis,contact,25
LTB,1.11253700035333e-308,4.68168530049924,1.11253731522357e-308,3394.0450799957,5.83962896702408,1119,18321_a,irHepatitis,contact,26
CD8A,1.11253700035333e-308,4.37792321886156,1.11253731522357e-308,3173.82903972455,6.14320002380425,2785,18321_a,irHepatitis,contact,27
LUM,1.11253700035333e-308,4.25049358419063,1.11253731522357e-308,3081.44736585288,5.97990251701601,1975,18321_a,irHepatitis,contact,28
CD2,1.11253700035333e-308,4.17385487599262,1.11253731522357e-308,3025.88719599931,6.25183577450649,3359,18321_a,irHepatitis,contact,29
VCAN,1.81883935607409e-220,5.72433759054615,6.84315797334807e-220,2896.34607809146,5.56842937311876,713,18321_a,irHepatitis,contact,30
ANPEP,1.11253700035333e-308,3.89984555546479,1.11253731522357e-308,2827.2407841802,7.18380610659825,14576,18321_a,irHepatitis,contact,31
PLA2G7,1.11253700035333e-308,3.7941141773216,1.11253731522357e-308,2750.58952704641,5.89263908186936,3226,18321_a,irHepatitis,contact,32
MARCO,1.11253700035333e-308,3.56560520454191,1.11253731522357e-308,2584.92914942233,6.60039660337509,7562,18321_a,irHepatitis,contact,33
CD3E,1.11253700035333e-308,3.53573716064411,1.11253731522357e-308,2563.27594530167,5.91567782971603,2299,18321_a,irHepatitis,contact,34
CXCL5,2.19608844623837e-148,7.36011839327223,6.46909774860914e-148,2502.41019472568,5.27328557942568,462,18321_a,irHepatitis,contact,35
ITGAX,1.11253700035333e-308,3.40847563977444,1.11253731522357e-308,2471.01614758856,5.68463804725435,2008,18321_a,irHepatitis,contact,36
FCMR,1.11253700035333e-308,3.37544549000922,1.11253731522357e-308,2447.07053610327,5.86895851910884,1831,18321_a,irHepatitis,contact,37
C1S,1.11253700035333e-308,3.36164133978925,1.11253731522357e-308,2437.0630483867,8.14297583326453,17377,18321_a,irHepatitis,contact,38
IL2RG,1.11253700035333e-308,3.33621178748211,1.11253731522357e-308,2418.62758308848,5.77335442903207,2730,18321_a,irHepatitis,contact,39
CXCL14,1.11253700035333e-308,3.24670874268181,1.11253731522357e-308,2353.74125490732,6.1812985722039,3128,18321_a,irHepatitis,contact,40
GZMA,1.11253700035333e-308,3.24533073393852,1.11253731522357e-308,2352.74225059687,5.91011125435446,2006,18321_a,irHepatitis,contact,41
CORO1A,1.11253700035333e-308,3.15595460237859,1.11253731522357e-308,2287.94792972322,5.79579595069677,2595,18321_a,irHepatitis,contact,42
SPARCL1,4.37632823418391e-300,3.30697567920117,2.3422601816759e-299,2279.49607974747,5.78562607121647,1618,18321_a,irHepatitis,contact,43
CD3D,2.42886912117003e-298,3.25558336895718,1.2643428301981e-297,2230.99571627176,5.75636337919467,1618,18321_a,irHepatitis,contact,44
C1R,1.11253700035333e-308,3.04421849241088,1.11253731522357e-308,2206.94346873278,7.43140569501598,15552,18321_a,irHepatitis,contact,45
JAK3,1.11253700035333e-308,2.98878079129347,1.11253731522357e-308,2166.75322854219,5.75271946406384,2433,18321_a,irHepatitis,contact,46
SLC1A3,1.11253700035333e-308,2.72785403589185,1.11253731522357e-308,1977.59118249103,5.71886183351845,3238,18321_a,irHepatitis,contact,47
GZMK,1.36345611800791e-224,3.76474423851616,5.18113324843005e-224,1940.60909128741,5.79753758242817,1130,18321_a,irHepatitis,contact,48
CD74,1.11253700035333e-308,2.66002752767791,1.11253731522357e-308,1928.41952491031,6.71666777685682,12228,18321_a,irHepatitis,contact,49
PRF1,3.56941952573368e-267,3.12641338069542,1.6954742747235e-266,1918.11031187823,5.77826446137044,1610,18321_a,irHepatitis,contact,50
GZMB,4.7486926109116e-182,4.55417825386628,1.52923999334441e-181,1901.42688371841,5.63554294902534,820,18321_a,irHepatitis,contact,51
APOE,1.11253700035333e-308,2.60796490758431,1.11253731522357e-308,1890.67609103159,7.86039038654398,18575,18321_a,irHepatitis,contact,52
S100A9,1.11253700035333e-308,2.60035163589992,1.11253731522357e-308,1885.15675650898,6.26176319284049,5685,18321_a,irHepatitis,contact,53
BANK1,3.79154128218235e-111,7.35570728766361,9.93645301537442e-111,1870.21927115973,5.79064859577445,382,18321_a,irHepatitis,contact,54
IL2RB,4.62007495996579e-287,2.77573552941906,2.3100374799829e-286,1830.07438536935,5.83681834073291,1977,18321_a,irHepatitis,contact,55
PTPRC,1.11253700035333e-308,2.46825308912429,1.11253731522357e-308,1789.39029764199,5.67556575724783,3103,18321_a,irHepatitis,contact,56
CD163,1.11253700035333e-308,2.40459918141368,1.11253731522357e-308,1743.24361788446,6.74924801682309,10889,18321_a,irHepatitis,contact,57
CCND1,1.11253700035333e-308,2.37667733690783,1.11253731522357e-308,1723.00133484177,6.71427261892076,13779,18321_a,irHepatitis,contact,58
IGFBP7,1.11253700035333e-308,2.30502742816471,1.11253731522357e-308,1671.05785623466,6.44125563564221,7134,18321_a,irHepatitis,contact,59
CCL16,1.11253700035333e-308,2.29946027166315,1.11253731522357e-308,1667.02187796597,6.28591074653267,9567,18321_a,irHepatitis,contact,60
CD38,1.11253700035333e-308,2.29027569467548,1.11253731522357e-308,1660.36340642506,5.56833402448517,2945,18321_a,irHepatitis,contact,61
CD79A,2.19480151341381e-110,6.55128202802513,5.71249708970717e-110,1654.18736927572,5.60015647355334,416,18321_a,irHepatitis,contact,62
IL18,1.11253700035333e-308,2.27668526339623,1.11253731522357e-308,1650.51085687128,5.76692198955282,3959,18321_a,irHepatitis,contact,63
KLRB1,8.957641159411e-225,3.19213968393257,3.4382865056325e-224,1646.79019309508,5.80979534188772,1391,18321_a,irHepatitis,contact,64
FOXP3,1.11253700035333e-308,2.27060819585178,1.11253731522357e-308,1646.10521234882,5.96010675431806,8310,18321_a,irHepatitis,contact,65
CSF1R,1.11253700035333e-308,2.26282804359737,1.11253731522357e-308,1640.46489571372,5.70682675136289,3293,18321_a,irHepatitis,contact,66
MKI67,1.64715969341318e-202,3.51493195016611,5.74239159171566e-202,1633.11870684185,5.5973109176791,1170,18321_a,irHepatitis,contact,67
IL10RA,1.11253700035333e-308,2.24406745169239,1.11253731522357e-308,1626.86417491216,5.92260496374539,4344,18321_a,irHepatitis,contact,68
NOTCH3,1.37026168439235e-108,6.47720426324198,3.49462711455767e-108,1608.70557936627,5.64672647818929,427,18321_a,irHepatitis,contact,69
FCGR2A,5.5149245472781e-269,2.58601130770154,2.68675811277651e-268,1597.34797689695,5.53264579124403,2096,18321_a,irHepatitis,contact,70
CCR1,1.11253700035333e-308,2.18324429033594,1.11253731522357e-308,1582.76967938302,5.70508862634967,3417,18321_a,irHepatitis,contact,71
XBP1,1.11253700035333e-308,2.18025822360903,1.11253731522357e-308,1580.60489374869,6.91939665021063,14624,18321_a,irHepatitis,contact,72
MGP,2.75127791378307e-124,5.54005922723392,7.46775433741118e-124,1576.19386326572,5.71284496590265,522,18321_a,irHepatitis,contact,73
DGKA,1.06787614627822e-229,2.96500944954783,4.31694612325237e-229,1563.23100463092,5.76401327531886,1562,18321_a,irHepatitis,contact,74
VSIG4,1.11253700035333e-308,2.15156192247944,1.11253731522357e-308,1559.80115889437,5.88520079867145,4860,18321_a,irHepatitis,contact,75
SELL,5.18294624203116e-202,3.35281326133056,1.79047233815622e-201,1553.95121204562,5.59514728903489,1232,18321_a,irHepatitis,contact,76
AIF1,1.11253700035333e-308,2.14321117594992,1.11253731522357e-308,1553.74718295332,5.80335604651229,4255,18321_a,irHepatitis,contact,77
DCN,1.11253700035333e-308,2.13401509108446,1.11253731522357e-308,1547.0803686355,6.22863674475833,4462,18321_a,irHepatitis,contact,78
C1QB,1.11253700035333e-308,2.08737654390623,1.11253731522357e-308,1513.26918282779,5.81847669828009,5076,18321_a,irHepatitis,contact,79
TGFB1,1.11253700035333e-308,2.0857797069591,1.11253731522357e-308,1512.1115363317,5.72350548607517,4538,18321_a,irHepatitis,contact,80
MPEG1,1.11253700035333e-308,2.0855121272272,1.11253731522357e-308,1511.91755112887,6.00692093181851,5605,18321_a,irHepatitis,contact,81
FN1,1.11253700035333e-308,2.08279676428137,1.11253731522357e-308,1509.94901551506,6.24341187532679,10475,18321_a,irHepatitis,contact,82
NKG7,1.0418387351649e-226,2.82694505786176,4.08143009652229e-226,1470.98176159356,5.88238226593006,1664,18321_a,irHepatitis,contact,83
CMKLR1,4.00329864993337e-291,2.1168080507549,2.02833798263291e-290,1415.43575876069,5.64796854628523,3205,18321_a,irHepatitis,contact,84
CTSS,7.55874398515684e-300,2.01622879087941,3.98933710327722e-299,1388.68327125253,5.49099900346877,3606,18321_a,irHepatitis,contact,85
CCL14,1.11253700035333e-308,1.91399431178244,1.11253731522357e-308,1387.57361080042,5.92047247462595,6517,18321_a,irHepatitis,contact,86
CXCR6,9.30973026196536e-183,3.29829267186877,3.04973922374727e-182,1382.45302632203,5.58834192908049,1190,18321_a,irHepatitis,contact,87
CD247,2.87389128706693e-198,3.03245515270876,9.8385467485174e-198,1379.33097118625,5.83390350688617,1390,18321_a,irHepatitis,contact,88
PDGFRA,4.02563543993224e-242,2.4529125124038,1.73834257633438e-241,1363.40949908958,5.95056471525098,2208,18321_a,irHepatitis,contact,89
CTLA4,5.87491344516115e-139,4.19615032892851,1.70417336577194e-138,1335.58696715905,5.59045458233921,750,18321_a,irHepatitis,contact,90
G0S2,1.11253700035333e-308,1.83089867031793,1.11253731522357e-308,1327.3324081182,5.7153663873079,6585,18321_a,irHepatitis,contact,91
IGHG2,9.05309538681116e-103,5.63511640740503,2.29345083132549e-102,1324.04474592193,5.34859902166482,485,18321_a,irHepatitis,contact,92
LCK,5.6791888976442e-203,2.80261400998979,1.99823313065259e-202,1305.14361626773,5.70080040814704,1564,18321_a,irHepatitis,contact,93
ERBB3,1.11253700035333e-308,1.79072406989461,1.11253731522357e-308,1298.20733965343,6.01234882479429,7803,18321_a,irHepatitis,contact,94
ACTB,3.03089030667409e-250,2.25186888306326,1.32383714544386e-249,1293.78293114106,7.5199729418673,19695,18321_a,irHepatitis,contact,95
ERBB2,1.11253700035333e-308,1.76477700518344,1.11253731522357e-308,1279.39669740161,5.96947155437659,8599,18321_a,irHepatitis,contact,96
FGR,4.59691620461544e-225,2.46466748144824,1.78247771199374e-224,1273.1394169404,5.47188988057305,2036,18321_a,irHepatitis,contact,97
CXCL12,1.11253700035333e-308,1.74462655053912,1.11253731522357e-308,1264.78837859002,6.42059522122051,8739,18321_a,irHepatitis,contact,98
A2M,1.11253700035333e-308,1.71681688601277,1.11253731522357e-308,1244.62742179698,6.14114337206552,10343,18321_a,irHepatitis,contact,99
VSIR,1.60299950673596e-256,2.05393455171483,7.08302107627517e-256,1209.7467210927,5.64359890168312,3096,18321_a,irHepatitis,contact,100
KLRK1,9.34435603500719e-195,2.67540490518582,3.1147853450024e-194,1195.28883183427,5.97025383275222,1644,18321_a,irHepatitis,contact,101
HLA-B,1.11253700035333e-308,1.63413552658832,1.11253731522357e-308,1184.68655795207,6.34135456828906,14407,18321_a,irHepatitis,contact,102
CD68,8.03306753575336e-257,1.98191554395434,3.59125372186621e-256,1168.69754831744,5.5665116150281,3364,18321_a,irHepatitis,contact,103
PRDX4,1.11253700035333e-308,1.61135745074467,1.11253731522357e-308,1168.17331298009,5.89263663566182,9204,18321_a,irHepatitis,contact,104
CXCL1,1.01354671401542e-99,5.11515434430886,2.53386678503855e-99,1165.96090763599,5.26576245533638,502,18321_a,irHepatitis,contact,105
CCR2,4.79356053713065e-129,3.94600595672178,1.32960073292675e-128,1165.91139915424,5.41251950573541,762,18321_a,irHepatitis,contact,106
CCL5,1.42722553696904e-177,2.82320342496162,4.5195475337353e-177,1149.61359852117,5.68623478737131,1412,18321_a,irHepatitis,contact,107
LAMP3,1.13138096567669e-102,4.8893652458143,2.84718388713338e-102,1147.73077372069,5.07231804315406,545,18321_a,irHepatitis,contact,108
LAMP2,1.11253700035333e-308,1.58243553564561,1.11253731522357e-308,1147.20601651624,6.5645394144005,13890,18321_a,irHepatitis,contact,109
SOX9,6.08699891852399e-177,2.73765314344599,1.91161949507365e-176,1110.80661288226,5.16894780821994,1520,18321_a,irHepatitis,contact,110
RGS5,4.06047335230481e-207,2.32604809993374,1.4695046417865e-206,1105.41671169257,5.7679868639108,2203,18321_a,irHepatitis,contact,111
IFITM3,8.08573308089249e-258,1.81971490553483,3.65783163183232e-257,1077.22910282966,7.16172253735268,18140,18321_a,irHepatitis,contact,112
ICAM1,8.46079854456713e-241,1.92861277855379,3.61247578307361e-240,1066.11315947019,5.46349152900072,3471,18321_a,irHepatitis,contact,113
TNFRSF13C,1.34694301862519e-93,4.91837942760887,3.26011686036671e-93,1051.75892681257,5.5027483915143,511,18321_a,irHepatitis,contact,114
ITGA1,3.70625795558695e-292,1.53849668677467,1.90321354476087e-291,1032.40023905357,5.96869036301716,9329,18321_a,irHepatitis,contact,115
RUNX3,8.46869273948173e-176,2.49140844767912,2.63778954180578e-175,1004.33308598049,5.62133524537533,1705,18321_a,irHepatitis,contact,116
TC2N,6.08602585782125e-193,2.25015549802262,2.01103463128006e-192,995.902909532281,5.57072824051086,2121,18321_a,irHepatitis,contact,117
NT5E,9.60237634906369e-265,1.6261074744148,4.50481853412865e-264,988.548197650635,5.56683292798421,6267,18321_a,irHepatitis,contact,118
GLIPR2,1.07751294595379e-144,2.88849233671731,3.14965322663416e-144,957.52827098201,5.41086875531963,1213,18321_a,irHepatitis,contact,119
FCGR3A,3.22368439381819e-238,1.7343052270757,1.36111118850102e-237,948.395668791228,5.78435085633095,4491,18321_a,irHepatitis,contact,120
HAVCR2,1.12586640690804e-195,2.09090516714961,3.78609942146068e-195,938.57709557816,5.50088601430368,2493,18321_a,irHepatitis,contact,121
IQGAP2,7.91332780799375e-268,1.49384941664914,3.80641084435142e-267,918.753626827653,6.09812500861705,11458,18321_a,irHepatitis,contact,122
CTSD,4.28891202869964e-260,1.53217586023807,1.96359827819983e-259,915.040078104705,6.42967948526094,14418,18321_a,irHepatitis,contact,123
CCL20,1.67928672037161e-75,5.30804307183049,3.75369972788949e-75,913.915038082502,5.26897765442187,436,18321_a,irHepatitis,contact,124
STAT1,2.92941240767787e-263,1.5034203937416,1.35753257916779e-262,908.825261781135,6.24993196556573,12894,18321_a,irHepatitis,contact,125
SYK,1.08372380359938e-169,2.32986208073863,3.32108907554649e-169,906.447934517237,5.45756115401174,1866,18321_a,irHepatitis,contact,126
IRF8,1.75824368696305e-210,1.85825627410832,6.4867242819996e-210,897.497928458966,5.57668344504194,3394,18321_a,irHepatitis,contact,127
IL1RAP,2.37723229637508e-236,1.59769648891335,9.92690409475307e-236,866.820875604973,5.62194102040329,6014,18321_a,irHepatitis,contact,128
PLVAP,1.75406762817465e-99,3.78196943769917,4.35650783468214e-99,859.997108230265,5.57225033708409,715,18321_a,irHepatitis,contact,129
CD4,1.73408032527949e-230,1.61162011677531,7.08548950114202e-230,852.618104853997,5.82987676557765,5582,18321_a,irHepatitis,contact,130
TMPRSS2,9.09482147918509e-229,1.61713372365574,3.60003350217743e-228,849.131498748259,5.52264223079877,5605,18321_a,irHepatitis,contact,131
CXCR4,2.06530271529307e-96,3.84142936586506,5.06332278587977e-96,846.354827755929,5.5882389605928,654,18321_a,irHepatitis,contact,132
FCGR2B,1.66445020313253e-212,1.71390207144856,6.200892913631e-212,835.764712143715,5.93933027982848,4395,18321_a,irHepatitis,contact,133
MZB1,1.41495592818225e-75,4.82309171058184,3.1815577083388e-75,831.244343278873,5.42289800765939,464,18321_a,irHepatitis,contact,134
PLEK,3.3365468610248e-132,2.68385714424635,9.39176153473646e-132,812.500970512125,5.38561858754276,1291,18321_a,irHepatitis,contact,135
VEGFA,1.33511394098273e-229,1.507885061724,5.34045576393093e-229,794.659905432052,6.09043777001101,7525,18321_a,irHepatitis,contact,136
ENTPD1,9.65133509220957e-163,2.09567236238232,2.93400586803171e-162,781.79953148235,5.49974452950063,2202,18321_a,irHepatitis,contact,137
GPR34,1.47098784050506e-157,2.11861925934308,4.43631253485653e-157,765.07562893714,5.52543922263607,2142,18321_a,irHepatitis,contact,138
IRF1,4.24358624207038e-206,1.57996468401337,1.50706801120257e-205,747.144949809261,5.68484049897728,5433,18321_a,irHepatitis,contact,139
MET,9.19077535585699e-207,1.5624094990552,3.29480625964685e-206,741.233492863938,5.48015070368684,5811,18321_a,irHepatitis,contact,140
CCL3,2.30184091080213e-53,5.73731652077041,4.37349773052405e-53,695.381699649528,5.19042600172917,322,18321_a,irHepatitis,contact,141
LAMP1,4.25018733102551e-208,1.44687923136451,1.55295306325932e-207,690.871429496688,6.38749961927618,13701,18321_a,irHepatitis,contact,142
GNLY,4.42869367028538e-93,3.22129629270989,1.05181474669278e-92,685.01609458707,5.80985599838217,829,18321_a,irHepatitis,contact,143
ID2,9.93342731843111e-198,1.43146826663797,3.37026998303913e-197,649.336827425736,5.82765000636953,8826,18321_a,irHepatitis,contact,144
CCR5,4.13195550331241e-78,3.52509093531161,9.40205443867494e-78,628.110877927065,5.41440884805714,655,18321_a,irHepatitis,contact,145
CLEC12A,9.27645089700356e-135,2.02793098768064,2.65041454200102e-134,625.863120606632,5.61059781751525,2100,18321_a,irHepatitis,contact,146
TUBA1B,1.31041914300815e-182,1.47775847840959,4.25606217387264e-182,618.885457470316,5.65604056021603,6451,18321_a,irHepatitis,contact,147
ADAM28,6.32989781566551e-70,3.78170327311457,1.33631176108494e-69,602.560233901094,5.29412596562645,562,18321_a,irHepatitis,contact,148
CD86,5.85684338006023e-126,2.05898938070277,1.60115142764236e-125,593.726288246731,5.38790166249966,1950,18321_a,irHepatitis,contact,149
CTSB,6.6681241863748e-179,1.44477120691229,2.12931696707767e-178,592.739627081291,5.59322507471109,7263,18321_a,irHepatitis,contact,150
TNFRSF1B,4.72397822876731e-175,1.46627595155335,1.45944042839966e-174,588.562785698713,5.62198970949178,6439,18321_a,irHepatitis,contact,151
EGFR,8.44628259046907e-149,1.50240700791708,2.5074901440455e-148,512.247851507861,5.35707237053137,5190,18321_a,irHepatitis,contact,152
NCEH1,2.94046717232783e-109,2.01309596063189,7.54984814516605e-109,503.079135887219,5.27115994954618,1876,18321_a,irHepatitis,contact,153
CXCL3,3.46270331865606e-37,5.90220713139735,5.9271498247266e-37,495.511529843668,5.08643754793486,260,18321_a,irHepatitis,contact,154
CDK1,1.12136479886939e-57,3.76243994767254,2.21936783109566e-57,493.37929941772,5.32335606519022,509,18321_a,irHepatitis,contact,155
TRAT1,9.66997946623551e-75,2.87781089322749,2.12404173246792e-74,490.450506464987,5.53363050699585,840,18321_a,irHepatitis,contact,156
IRF4,5.46125471112948e-57,3.70116890802391,1.07527294830529e-56,479.485217076691,5.37445693894591,519,18321_a,irHepatitis,contact,157
GPR171,5.51729937889704e-82,2.56240142699908,1.2783986365737e-81,479.435784978681,5.53398020846728,1035,18321_a,irHepatitis,contact,158
IFNAR1,2.01008076742062e-153,1.35768933953024,6.01441489464437e-153,477.359966195876,6.09593639904069,12406,18321_a,irHepatitis,contact,159
LILRB2,6.55719219345456e-110,1.78894496626922,1.69505648538281e-109,449.747558463119,5.42522915151354,2454,18321_a,irHepatitis,contact,160
PSMB10,2.87482371377763e-133,1.4698288547645,8.15248515847388e-133,448.573872796439,5.48199204897557,5041,18321_a,irHepatitis,contact,161
CD83,5.84776856237885e-43,4.61165528343779,1.05816764462094e-42,448.460873912005,5.19484622508383,354,18321_a,irHepatitis,contact,162
KLRF1,5.11606074659632e-73,2.68409083864162,1.11091604783234e-72,446.783902418036,5.76555875244143,952,18321_a,irHepatitis,contact,163
ITGAM,2.0495002299839e-94,2.06712869259587,4.99237235508899e-94,445.932169784077,5.40162502975668,1631,18321_a,irHepatitis,contact,164
RORC,2.24755304812504e-127,1.52392037323987,6.18891419048924e-127,444.403319599722,5.33869983705538,4356,18321_a,irHepatitis,contact,165
STMN1,1.57538812294082e-88,2.18649302255693,3.6726839675921e-88,442.049824362997,5.38930922004796,1411,18321_a,irHepatitis,contact,166
CDKN1A,3.74892213598085e-122,1.55870265493409,1.00323268427657e-121,435.803774460681,5.37350811198532,3831,18321_a,irHepatitis,contact,167
SPIB,2.36273512659417e-38,4.95374979026442,4.08108794593538e-38,429.185023367556,5.21509644046613,304,18321_a,irHepatitis,contact,168
FASLG,1.55358518811954e-66,2.61196526807801,3.22602388789851e-66,395.791229898146,5.55194904847298,906,18321_a,irHepatitis,contact,169
TREM2,9.3913976336696e-36,4.60833424131226,1.59318352714038e-35,371.677222233506,5.13736558592008,313,18321_a,irHepatitis,contact,170
CD47,4.83930911645709e-123,1.3193517709817,1.30421096755581e-122,371.583808708381,5.77367720191557,9283,18321_a,irHepatitis,contact,171
COTL1,2.86694804715259e-93,1.73912401612174,6.89519150581004e-93,370.585007192162,5.56511353027157,2316,18321_a,irHepatitis,contact,172
CD28,1.41533720940638e-64,2.48481308090865,2.90717913283473e-64,365.312443688298,5.44754956122842,953,18321_a,irHepatitis,contact,173
SPARC,4.4200971409853e-92,1.70567309447792,1.04325274135057e-91,358.791178579219,5.71911908090879,2490,18321_a,irHepatitis,contact,174
IFNGR1,3.16709283558192e-118,1.31867708644303,8.41605089175616e-118,356.771022289613,5.79977157546582,8708,18321_a,irHepatitis,contact,175
FCGR1A,1.43050419519452e-71,2.12256257897443,3.0885886032609e-71,346.24411304316,5.28261139453915,1307,18321_a,irHepatitis,contact,176
IL1R1,1.8301392674338e-113,1.32220194642916,4.82953417795032e-113,343.227393204057,5.76893918923571,8118,18321_a,irHepatitis,contact,177
CEACAM1,5.19461447257905e-98,1.51647850432088,1.28178798674029e-97,339.699854224886,5.24450066641444,3735,18321_a,irHepatitis,contact,178
TCF7,2.03422351455767e-73,2.01588178593033,4.44255710075813e-73,337.415466272153,5.3651046977623,1484,18321_a,irHepatitis,contact,179
CCL28,1.60847914692837e-51,2.86678100967118,3.01094618636838e-51,335.288818329621,5.24071436831178,692,18321_a,irHepatitis,contact,180
GZMH,1.665560322247e-58,2.49500318265386,3.31368022227152e-58,331.934659042959,5.47712651386554,892,18321_a,irHepatitis,contact,181
FABP3,3.29061763064362e-71,1.98924623067507,6.98566871309818e-71,322.83967690544,5.26034956944021,1550,18321_a,irHepatitis,contact,182
CD44,1.20600806584522e-79,1.74999163861678,2.76074135554931e-79,318.00306707557,5.37627821012583,2073,18321_a,irHepatitis,contact,183
CD14,1.04347117326971e-89,1.4950249231915,2.44764843112648e-89,306.311949530173,5.30330747859141,3691,18321_a,irHepatitis,contact,184
DUSP2,5.58051648993815e-27,4.89612896038611,8.55079139587297e-27,295.973522928458,5.29604689473404,248,18321_a,irHepatitis,contact,185
IFIT3,3.24098623023249e-93,1.30831727270318,7.74575325464368e-93,278.62518088658,5.6400067642148,7091,18321_a,irHepatitis,contact,186
FLT1,4.192998516498e-81,1.50481269455837,9.65660264405599e-81,278.504678771794,5.77021170343204,3338,18321_a,irHepatitis,contact,187
CCR7,1.73225013628991e-17,7.04278074747077,2.49339034769003e-17,271.812780168078,5.44380921893445,136,18321_a,irHepatitis,contact,188
SOCS1,1.77810540905244e-39,3.04410912834252,3.12814840481449e-39,271.61145951368,5.25612645833364,531,18321_a,irHepatitis,contact,189
LIF,1.8351856785827e-36,3.25348375276249,3.12722223256245e-36,267.715896266565,5.12018033969835,473,18321_a,irHepatitis,contact,190
ANXA1,7.941308036036e-59,1.98494999196349,1.5882616072072e-58,265.54748823528,5.42695861884505,1322,18321_a,irHepatitis,contact,191
CCL11,3.83548159665154e-31,3.71571969258936,6.20205534777696e-31,260.23356056357,5.12656314140731,378,18321_a,irHepatitis,contact,192
CD37,9.51702222656988e-34,3.36978454929748,1.58617037109498e-33,256.220931832975,5.40873100274498,427,18321_a,irHepatitis,contact,193
SAMD3,2.91305943669716e-54,2.05311564166582,5.6190994210402e-54,253.088368203721,5.71586869288091,1188,18321_a,irHepatitis,contact,194
CPA3,1.17322284960925e-25,4.33269298745291,1.76914556687109e-25,248.717689785492,5.15056167144221,289,18321_a,irHepatitis,contact,195
IL2RA,2.35017981991999e-49,2.21779918268443,4.31433976603669e-49,248.331804213879,5.26540181956064,996,18321_a,irHepatitis,contact,196
TIGIT,9.99313631214549e-51,2.13731210961707,1.85238624322697e-50,246.06861762199,5.35951279389564,1059,18321_a,irHepatitis,contact,197
ID4,9.22397989604379e-26,4.25844308753295,1.39645910776759e-25,245.479679918396,5.35776700024311,295,18321_a,irHepatitis,contact,198
NELL2,1.91892782521068e-32,3.33120660312293,3.15667780770588e-32,243.281204092514,5.5376274917708,425,18321_a,irHepatitis,contact,199
CHIT1,8.27991636614817e-25,4.38371735861009,1.24362380203016e-24,243.080610210799,5.00677779912743,280,18321_a,irHepatitis,contact,200
EGR3,7.15366978401029e-29,3.7235247161604,1.12796453025888e-28,241.311740527289,5.2549127646126,370,18321_a,irHepatitis,contact,201
ID1,1.15870589963817e-67,1.55141371892655,2.43264222023483e-67,239.113031748887,5.38052792794274,2687,18321_a,irHepatitis,contact,202
JAK2,3.08207489199157e-75,1.36558468393797,6.84905531553683e-75,234.291013967533,5.50013267798149,4491,18321_a,irHepatitis,contact,203
SOCS3,2.25540431940322e-55,1.86020295547726,4.39514687883705e-55,234.067200251698,5.26982384578894,1469,18321_a,irHepatitis,contact,204
IL13RA2,7.28042570723913e-52,1.97067315844221,1.36958503403508e-51,232.045257824817,5.68249919104398,1306,18321_a,irHepatitis,contact,205
LY6E,2.14218811793841e-67,1.43553911091335,4.47270046602526e-67,220.371580541611,5.18960317076528,3509,18321_a,irHepatitis,contact,206
CD274,7.20691364635093e-42,2.32117796445705,1.29792757612007e-41,219.893389554256,5.20770496479962,833,18321_a,irHepatitis,contact,207
ACTA2,4.26986072220621e-75,1.28159614188349,9.43341322347883e-75,219.463471988439,5.59764386637056,6589,18321_a,irHepatitis,contact,208
C1QBP,1.59220083297453e-76,1.25678312881932,3.60140664601382e-76,219.348055924848,5.60691617897061,8122,18321_a,irHepatitis,contact,209
IRF5,2.69140741010006e-54,1.72127938780963,5.2180347746838e-54,212.319004800245,5.26165860700076,1713,18321_a,irHepatitis,contact,210
ISG15,5.02911870937157e-64,1.41903472983104,1.02745435997914e-63,206.824597368106,5.31316779968726,3477,18321_a,irHepatitis,contact,211
PTEN,2.17084769854185e-71,1.2608146862273,4.66057697992036e-71,205.145170384179,6.40685035897171,15080,18321_a,irHepatitis,contact,212
CXCR2,3.16919329288226e-54,1.6338502626517,6.08229015805687e-54,201.267671164245,5.48705649248175,1983,18321_a,irHepatitis,contact,213
CCR4,6.42068673680155e-32,2.79170116776463,1.04267562392504e-31,200.508905437399,5.41225895821447,543,18321_a,irHepatitis,contact,214
STAT3,2.67257375201978e-71,1.23120947315844,5.7054945267838e-71,200.072154552705,5.74568784848285,9702,18321_a,irHepatitis,contact,215
MX1,3.15162570912709e-66,1.32557386227024,6.50879222537116e-66,199.926625934407,5.40435916860723,4889,18321_a,irHepatitis,contact,216
CTSL,3.15048905529912e-56,1.50783462031882,6.17106103615291e-56,192.6970538655,5.2694204993793,2595,18321_a,irHepatitis,contact,217
KLRD1,4.65133557139745e-38,2.19246000050314,7.99777157072865e-38,188.466227605236,5.63033760192168,866,18321_a,irHepatitis,contact,218
ZNF683,2.99378315797769e-29,2.81806309753933,4.74015666679801e-29,185.085959433549,5.38911428621964,507,18321_a,irHepatitis,contact,219
AKT1,9.12264262098214e-64,1.23694165377128,1.85379903527979e-63,179.547877883438,5.57219323178215,7693,18321_a,irHepatitis,contact,220
CCL15,2.70249508913192e-52,1.50398446934675,5.10919469587129e-52,178.583490957367,5.18764469322685,2522,18321_a,irHepatitis,contact,221
SPON2,4.77312165652971e-54,1.43493473123623,9.11450366573512e-54,176.176399624494,5.13113590584271,3018,18321_a,irHepatitis,contact,222
RGS1,9.52885754050216e-27,2.92541140045274,1.4542031587915e-26,175.277406843589,5.42736216463647,443,18321_a,irHepatitis,contact,223
JAK1,2.96833252606169e-61,1.23552335755314,5.99982106331619e-61,172.194507721014,5.60003774782769,7431,18321_a,irHepatitis,contact,224
CSF1,5.69728340087941e-51,1.45473851473812,1.06125867271283e-50,168.301390440433,5.57340576169629,2718,18321_a,irHepatitis,contact,225
MYD88,2.67237085155931e-60,1.21553929602016,5.37302075974887e-60,166.738125932276,5.69304463255261,8889,18321_a,irHepatitis,contact,226
CD27,7.41200274920972e-30,2.39529031121021,1.17847742456054e-29,160.662785269978,5.44956849786721,628,18321_a,irHepatitis,contact,227
S100B,6.82598904301404e-34,2.05373237717513,1.14267657988781e-33,156.837700658494,5.2624159884232,921,18321_a,irHepatitis,contact,228
CENPF,1.90244026196814e-23,2.98665725408993,2.82393476385896e-23,156.250915823983,5.15087417728588,411,18321_a,irHepatitis,contact,229
MCEMP1,7.59983260512679e-17,4.14598805945042,1.08162411608546e-16,153.881748027154,5.25006001532133,229,18321_a,irHepatitis,contact,230
TBX21,7.6672415199351e-31,2.20493311210175,1.22934674159297e-30,152.897075835763,5.46059657183627,755,18321_a,irHepatitis,contact,231
IFIT2,1.09646436326543e-48,1.36985438455901,2.00315604827338e-48,151.275750732399,5.21192378867408,3361,18321_a,irHepatitis,contact,232
FEZ1,7.40786575397919e-39,1.69273960353523,1.29127935161105e-38,148.619619332789,5.56472987312532,1541,18321_a,irHepatitis,contact,233
CD8B,4.06938392871652e-33,1.97965560781389,6.72332996918382e-33,147.64631117554,5.30441303457187,954,18321_a,irHepatitis,contact,234
ITGAE,1.65488893524744e-33,1.95458197779929,2.74610391001758e-33,147.53492453024,5.28604795511179,976,18321_a,irHepatitis,contact,235
TNFRSF9,6.33912847309791e-20,3.18810659651127,9.26488007606617e-20,140.930126378003,5.08297680802497,350,18321_a,irHepatitis,contact,236
RNF43,1.20630682577592e-38,1.56175696788192,2.09313513148334e-38,136.358047323776,5.00373111159177,1875,18321_a,irHepatitis,contact,237
ESR1,2.14802618095614e-41,1.44705693481622,3.83215938386542e-41,135.504494338904,5.1143955445991,2474,18321_a,irHepatitis,contact,238
CTNNB1,2.82497917711652e-50,1.18681582205849,5.21112663739941e-50,135.404711589594,5.87618999048238,10584,18321_a,irHepatitis,contact,239
TNF,9.38415596229515e-15,4.18144913924257,1.29202147306962e-14,135.05977715472,5.28843219571327,213,18321_a,irHepatitis,contact,240
MIS18BP1,2.6780014250636e-41,1.44310600261746,4.75532963329051e-41,134.816287583961,5.27738558380783,2401,18321_a,irHepatitis,contact,241
GATA3,1.12168641080034e-30,1.93274830139517,1.79092788279046e-30,133.287578998441,5.40825442203632,947,18321_a,irHepatitis,contact,242
JUNB,8.38356019225698e-26,2.28961651721656,1.27430114922306e-25,132.204609370352,5.13539105478551,642,18321_a,irHepatitis,contact,243
LAG3,1.38074872512934e-35,1.58684583059338,2.33193118021845e-35,127.372706829601,5.28107873960339,1650,18321_a,irHepatitis,contact,244
BCL2,3.06110235428349e-34,1.60722736996449,5.14698625941472e-34,124.028318668817,5.40180863798011,1559,18321_a,irHepatitis,contact,245
CD276,1.63467373186634e-41,1.31550316301565,2.93007555711891e-41,123.544881764582,5.19098128461627,3651,18321_a,irHepatitis,contact,246
ARPC3,4.38173601274102e-43,1.26109056687698,7.96679275043822e-43,122.998846681586,5.4401236587994,4665,18321_a,irHepatitis,contact,247
CLEC10A,5.74383305518637e-28,1.8854826484218,8.90880228967682e-28,118.265496015302,5.13413352652327,938,18321_a,irHepatitis,contact,248
CCL3L1,3.8887188523722e-12,4.48087556049312,5.06066152021039e-12,117.725780826193,5.14335330671589,170,18321_a,irHepatitis,contact,249
JUN,2.53852011565948e-32,1.55286042202724,4.15792087909743e-32,112.972368597332,5.02812433212096,1708,18321_a,irHepatitis,contact,250
SSR4,4.0503308962275e-40,1.19297505268772,7.15872437472768e-40,108.208331094966,5.50339394606869,6925,18321_a,irHepatitis,contact,251
GPR183,3.2315426106155e-12,3.91300238302882,4.23443514494445e-12,103.53045771656,5.19889765281404,200,18321_a,irHepatitis,contact,252
STAT6,5.54695320267055e-39,1.16837967245478,9.71355860375487e-39,102.919725976249,5.72376495267642,8925,18321_a,irHepatitis,contact,253
MMP9,7.2067042033682e-06,8.60612798131344,8.45230739901209e-06,101.900848257658,5.46512769311109,58,18321_a,irHepatitis,contact,254
TFF3,8.29789082292143e-14,3.3688523634076,1.1342440693202e-13,101.470473055979,5.30964572715972,269,18321_a,irHepatitis,contact,255
SOX17,4.11982244116002e-18,2.37748223437747,5.97531499099544e-18,95.1723294529626,5.47625389998878,511,18321_a,irHepatitis,contact,256
KIT,5.17835835460446e-15,2.79858881681244,7.15554972636252e-15,92.0575873980947,5.14557370225936,368,18321_a,irHepatitis,contact,257
TUBB,3.69550458662472e-32,1.23567629401488,6.02700318848666e-32,89.4328204402896,5.26162612842205,4327,18321_a,irHepatitis,contact,258
CXCL2,7.03126322472035e-11,3.81500324658577,8.99622904172975e-11,89.1874115857418,4.85661068796615,202,18321_a,irHepatitis,contact,259
CXCL16,2.01907731037545e-27,1.42721060629863,3.10627278519301e-27,87.7265782393313,5.25944775113894,1974,18321_a,irHepatitis,contact,260
TXLNA,5.82098737576183e-31,1.17716811631816,9.37277628300633e-31,81.9528762504434,5.4349063421478,6272,18321_a,irHepatitis,contact,261
CST7,9.34097575209732e-17,2.20899016749886,1.3195430430472e-16,81.5328018102324,5.5331417164755,534,18321_a,irHepatitis,contact,262
CD19,2.70054322781241e-13,2.78094377600266,3.61340291045322e-13,80.4809390868047,5.24237288522483,330,18321_a,irHepatitis,contact,263
PAX5,3.02727856525655e-13,2.73013420231981,4.03637142034207e-13,78.6986905949343,5.2264144791599,339,18321_a,irHepatitis,contact,264
ARPC5,3.20808034562205e-28,1.19335026983669,5.01675115776288e-28,75.5470793043451,5.40757640353583,5068,18321_a,irHepatitis,contact,265
NOTCH2,8.18542467144525e-29,1.14792767221359,1.28531461783025e-28,74.2394816416083,6.57079052460491,14247,18321_a,irHepatitis,contact,266
STAT2,3.27860993203267e-28,1.1375043487316,5.10603186136235e-28,71.9869207042598,5.84954572594161,9485,18321_a,irHepatitis,contact,267
NOTCH1,8.79726468568285e-28,1.14657710229308,1.35892706526808e-27,71.4293935441128,5.76893761575062,7868,18321_a,irHepatitis,contact,268
LILRB4,3.40662461263589e-17,1.86543038330667,4.8849711426477e-17,70.7338083049072,5.16847703858009,720,18321_a,irHepatitis,contact,269
CD80,4.86615657905108e-18,1.76146514030863,7.03094866935137e-18,70.2194466494992,5.12002742731715,864,18321_a,irHepatitis,contact,270
FCRL3,1.23633371541108e-11,2.7690684362913,1.59798235325241e-11,69.5487139799708,5.53658959442693,311,18321_a,irHepatitis,contact,271
TNFRSF17,2.58578233398004e-13,2.33619385694228,3.48438754224261e-13,67.7112571165372,5.17161650656488,426,18321_a,irHepatitis,contact,272
CD40LG,1.98961646145304e-12,2.49050260693783,2.61610468979984e-12,67.101809058024,5.43002604352955,361,18321_a,irHepatitis,contact,273
CENPV,2.98174658347331e-22,1.3171573955489,4.39171977410798e-22,65.284067037717,5.11709282732423,2406,18321_a,irHepatitis,contact,274
FAS,5.17112405146735e-24,1.18827172885513,7.70598878257879e-24,63.7138849693619,5.34543140520798,4672,18321_a,irHepatitis,contact,275
CDKN2C,7.81466116404582e-16,1.77758936448524,1.09984120086571e-15,61.8340857662108,5.15801525749521,783,18321_a,irHepatitis,contact,276
ATM,4.51671768196501e-24,1.13945742170243,6.75729416986891e-24,61.2506867202584,5.69071396994623,7271,18321_a,irHepatitis,contact,277
PTGS1,2.48715403232476e-13,2.02436127167482,3.36341114691605e-13,58.7519584280199,5.36261514393877,557,18321_a,irHepatitis,contact,278
IL4R,1.78232174491619e-22,1.17249579853212,2.63533954501227e-22,58.7173645439152,5.30677945000834,4989,18321_a,irHepatitis,contact,279
CEACAM6,4.08280204501138e-08,3.34199516457211,5.02092160875186e-08,56.8603622247972,5.08888539882687,191,18321_a,irHepatitis,contact,280
CD40,2.8924773391273e-19,1.29421746904461,4.21126968915086e-19,55.2462655288673,5.19496763153783,2342,18321_a,irHepatitis,contact,281
BATF3,4.54736814743339e-10,2.48077352487321,5.74086344194249e-10,53.3646692151792,5.15580081627653,325,18321_a,irHepatitis,contact,282
KRAS,8.4368259679036e-21,1.14465724381163,1.23783547019435e-20,52.9079817318742,5.45389828644421,5971,18321_a,irHepatitis,contact,283
HPGDS,1.28087477175931e-11,2.07301345811066,1.64994038396114e-11,51.9930282391043,5.03222989665915,498,18321_a,irHepatitis,contact,284
IL10,2.63290926443526e-13,1.73575986097328,3.53535519606148e-13,50.2771813962699,5.26214897504106,744,18321_a,irHepatitis,contact,285
IL12RB2,4.88361374293488e-10,2.31879653393049,6.14494444475249e-10,49.7149176032696,5.29034492091524,360,18321_a,irHepatitis,contact,286
TOX,4.52370599124032e-13,1.74571634032688,5.98957587690356e-13,49.6207207035257,5.42157240362185,714,18321_a,irHepatitis,contact,287
CD79B,2.30538213037087e-07,3.21852346078335,2.81686562553354e-07,49.1882087139359,5.31379634349038,183,18321_a,irHepatitis,contact,288
STAT4,1.18684223569559e-15,1.4194510573932,1.6642068249606e-15,48.782956107317,5.20715512780235,1399,18321_a,irHepatitis,contact,289
EOMES,1.84767044848332e-10,2.16551662291071,2.34820993452729e-10,48.5333967915417,5.42158269840114,407,18321_a,irHepatitis,contact,290
TP53,6.91825547403823e-17,1.1514339095867,9.88322210576889e-17,42.8446058479857,5.36909419766322,4697,18321_a,irHepatitis,contact,291
SOS1,8.13512058107754e-17,1.15472277692303,1.1534872465707e-16,42.7798877076786,5.32433820630843,4611,18321_a,irHepatitis,contact,292
PDCD1LG2,8.6718005966305e-14,1.38413675478063,1.18110545760559e-13,41.6294560068465,5.36728602870686,1428,18321_a,irHepatitis,contact,293
CCL7,1.67702332568311e-06,3.03640052608107,2.01667361949235e-06,40.3795425362689,4.90970170515907,198,18321_a,irHepatitis,contact,294
RB1,3.58597923748217e-15,1.19237964357725,4.97325587680008e-15,39.6606274208601,5.25865354719952,3242,18321_a,irHepatitis,contact,295
FKBP11,2.08307956143961e-15,1.1624389892999,2.91018468142299e-15,39.2961675440075,5.29155918790853,4043,18321_a,irHepatitis,contact,296
NF1,2.57607785423508e-15,1.1278598335995,3.58574939417337e-15,37.8876408938454,5.39142055962041,5577,18321_a,irHepatitis,contact,297
CTSW,5.60963714662534e-09,1.98865392117133,6.94352480689781e-09,37.7819979452484,5.48555109248085,438,18321_a,irHepatitis,contact,298
UBE2C,1.96879864711619e-09,1.83585121262152,2.44491335262795e-09,36.801183901843,5.09312098844066,532,18321_a,irHepatitis,contact,299
CDK12,1.0809235528049e-14,1.13330000858371,1.48285541540022e-14,36.4450872128711,5.36682952231535,5054,18321_a,irHepatitis,contact,300
CX3CR1,1.49775140631211e-05,3.14415291541268,1.74050622140245e-05,34.9282706817445,5.24184193127153,165,18321_a,irHepatitis,contact,301
LILRA5,1.81198554857636e-09,1.71528977230555,2.25755576543939e-09,34.5267978482875,5.13202524090114,623,18321_a,irHepatitis,contact,302
SMAD3,1.80816170594964e-13,1.14730941788801,2.4539337437888e-13,33.6635446737469,5.31772867512708,4136,18321_a,irHepatitis,contact,303
IL15RA,3.59647846445565e-12,1.26408005740973,4.69643235908298e-12,33.3098569633565,5.20331595919692,1943,18321_a,irHepatitis,contact,304
STAT5B,3.74305183991246e-13,1.12231621794688,4.97328566142215e-13,32.1136250987848,5.43531192054833,5193,18321_a,irHepatitis,contact,305
CXCR1,3.38454083614995e-06,2.53225878580598,4.01914224292806e-06,31.8970718640778,5.28405758499846,239,18321_a,irHepatitis,contact,306
CDKN1B,1.15341957161533e-12,1.11435387971727,1.52187304588134e-12,30.6316826587131,5.3515030055456,5505,18321_a,irHepatitis,contact,307
CEACAM8,7.83983365371249e-10,1.4055137923918,9.83213461521698e-10,29.468892302064,5.0034487574995,1138,18321_a,irHepatitis,contact,308
IL22RA1,4.98390341977713e-08,1.7293100221738,6.10930096617841e-08,29.0774268898026,4.75224078453546,563,18321_a,irHepatitis,contact,309
KMT2C,5.57486448050144e-12,1.12152436464278,7.23019966754453e-12,29.061783964819,5.31148502840873,4830,18321_a,irHepatitis,contact,310
IL15,7.929875644125e-11,1.24796406586302,1.0111921962307e-10,29.024896990126,5.15774646267686,1931,18321_a,irHepatitis,contact,311
PDCD1,7.10489326682952e-06,2.41558450174727,8.35869796097591e-06,28.6360943759166,5.32061173470944,232,18321_a,irHepatitis,contact,312
CXCR5,1.71866390331001e-06,2.08847544775,2.06022802289528e-06,27.7223465913369,5.17278318239807,329,18321_a,irHepatitis,contact,313
DMBT1,0.000105051406296158,2.89606708452348,0.000120602822938188,26.5310464795577,4.83213516050041,165,18321_a,irHepatitis,contact,314
IRF2,4.14792586331795e-11,1.09877322559255,5.32503995966493e-11,26.2670833086658,5.46090851390833,6119,18321_a,irHepatitis,contact,315
EPOR,9.35816871187051e-10,1.24034365298965,1.16977108898381e-09,25.7862500318458,5.24624550909956,1925,18321_a,irHepatitis,contact,316
ICOSLG,3.88772245976317e-10,1.17973448337847,4.92444844903335e-10,25.5625191456028,5.06203717506991,2682,18321_a,irHepatitis,contact,317
ORC6,4.60848377981287e-07,1.74634721172487,5.57714597556972e-07,25.4795494061335,5.04868951697891,496,18321_a,irHepatitis,contact,318
FGF2,2.66128897175921e-06,1.96348987975491,3.17018748986991e-06,25.2047304936815,5.00054159927645,373,18321_a,irHepatitis,contact,319
CCL13,5.34145115977582e-06,2.07309954765431,6.32321321094957e-06,25.1674558509302,5.06082398651671,323,18321_a,irHepatitis,contact,320
CDKN2B,2.84002928459322e-07,1.62707123083094,3.45901002610713e-07,24.5269294081196,5.07670993595453,596,18321_a,irHepatitis,contact,321
GATA2,2.43853405644518e-06,1.85889044960188,2.9139715139911e-06,24.0245111468178,5.25716401423541,411,18321_a,irHepatitis,contact,322
SOCS2,5.09979020693223e-07,1.36614170332485,6.15212786868015e-07,19.7938853994984,5.47340734368472,994,18321_a,irHepatitis,contact,323
PIK3CA,3.75772164381665e-08,1.13434446698241,4.63615008003353e-08,19.3937375232476,5.21453747988213,3193,18321_a,irHepatitis,contact,324
CXCR3,3.74202017276347e-05,1.84076805159737,4.32209016914929e-05,18.7635006972901,5.21772942878118,349,18321_a,irHepatitis,contact,325
P2RX1,5.15742170651389e-05,1.89630480512576,5.93884923780388e-05,18.7212477217383,5.03037879374315,342,18321_a,irHepatitis,contact,326
ACE2,7.25625303861073e-06,1.56297178878176,8.48423432206793e-06,18.4956563767993,4.89571079284144,590,18321_a,irHepatitis,contact,327
BRAF,3.7305717195284e-07,1.11942559774617,4.52912860517825e-07,16.5692162168217,5.20664988835904,3324,18321_a,irHepatitis,contact,328
IL22RA2,0.00164680127218078,2.31825271485628,0.00185143338292513,14.8574973381114,5.04296033520572,186,18321_a,irHepatitis,contact,329
NCAM1,0.00049162191198353,1.89790759691007,0.000559330319023178,14.4578816465724,5.29578544034207,284,18321_a,irHepatitis,contact,330
FCER2,0.00101566143695906,2.04948825929976,0.00115209357028192,14.1255141671923,5.15425507227945,238,18321_a,irHepatitis,contact,331
HIF1A,5.91138502253922e-06,1.16569283586709,6.97616866013945e-06,14.0333452128283,5.28672353797526,1988,18321_a,irHepatitis,contact,332
CDK2,1.0846704443946e-05,1.1410682661761,1.26433978180966e-05,13.0442922029244,5.14110306486651,2322,18321_a,irHepatitis,contact,333
CFC1,0.000359195669247196,1.56573597683583,0.000409892955897701,12.418859236216,4.96443861642314,469,18321_a,irHepatitis,contact,334
ARID1A,1.66287353545868e-05,1.07229570364834,1.92649982766554e-05,11.799947587077,5.31484746854239,5046,18321_a,irHepatitis,contact,335
CDK6,0.000164065166570457,1.12770658013985,0.000187785431616788,9.82824122246299,5.07468191273785,2189,18321_a,irHepatitis,contact,336
KLRC1,0.00138096345756225,1.47128252934526,0.00156180391033826,9.68835700488468,5.23744618593729,475,18321_a,irHepatitis,contact,337
AREG,0.0107498931606537,2.02670733284004,0.0118748819797919,9.18677951239888,4.97080606440468,179,18321_a,irHepatitis,contact,338
MUC5AC,0.0036814650825239,1.48663481080058,0.00411457862164435,8.33176226775855,4.89414184957982,418,18321_a,irHepatitis,contact,339
FLT3LG,0.00432853715371533,1.49898424041393,0.004823589790064,8.15826015317058,5.27002837023619,383,18321_a,irHepatitis,contact,340
MS4A2,0.0130578106112991,1.8573620771407,0.0142996196896071,8.05792170429921,5.07285746563556,216,18321_a,irHepatitis,contact,341
CDK4,0.00141011540317767,1.0829478814384,0.0015900411074407,7.10856057084611,5.20075783565079,2872,18321_a,irHepatitis,contact,342
LILRA4,0.00670699275976127,1.41916159156567,0.00745221417751252,7.10234263123701,5.00699205492729,450,18321_a,irHepatitis,contact,343
FOS,0.0685326831784894,2.64810747136405,0.0731528640669269,7.09810516213228,5.1115848864341,78,18321_a,irHepatitis,contact,344
NOD1,0.0033523355449104,1.2283391283257,0.00375778025683172,6.99919672856163,5.23987978461236,883,18321_a,irHepatitis,contact,345
CDKN2D,0.00885982536077073,1.39487565593141,0.0098155499623699,6.59250069617242,5.24368771355322,454,18321_a,irHepatitis,contact,346
CD1C,0.0126834562705131,1.50695368528409,0.0139298074647254,6.58155510587816,5.16596001877319,341,18321_a,irHepatitis,contact,347
PGA5,0.0119449025177018,1.46262349273611,0.0131567042223962,6.47569334702731,4.99512237194888,394,18321_a,irHepatitis,contact,348
PLD4,0.0418154429321149,1.89539689964791,0.0453996237548676,6.01691766912411,5.07975089926706,171,18321_a,irHepatitis,contact,349
EPO,0.0422410691705681,1.83373367827519,0.0457310720365125,5.80259777130454,4.8643528555483,187,18321_a,irHepatitis,contact,350
IL23A,0.0170677478884016,1.41856121112739,0.0186371959700937,5.77434516920747,4.98128782791755,392,18321_a,irHepatitis,contact,351
EGF,0.0455247093876544,1.59748898802965,0.0491459930889451,4.93544228757024,4.98154395709371,234,18321_a,irHepatitis,contact,352
IL2,0.0319970208769021,1.38028664106757,0.0348391631324435,4.75110187059144,5.15143288305504,390,18321_a,irHepatitis,contact,353
CDKN2A,0.0645448826653721,1.5038564871413,0.0692854672679136,4.12115995877481,5.02825203655891,253,18321_a,irHepatitis,contact,354
DERL3,0.0509705231600691,1.32209993171899,0.0548691184159384,3.93524074671939,5.06808027713888,413,18321_a,irHepatitis,contact,355
IL4,0.0945613045279024,1.62949136036433,0.0998147103350081,3.84316666522516,5.13307614004443,181,18321_a,irHepatitis,contact,356
IFNB1,0.0683326131487497,1.42581304573187,0.0731447690042954,3.8259812831953,4.88989676417532,292,18321_a,irHepatitis,contact,357
NOSIP,0.0689495242128352,1.27095061427266,0.0733916504226257,3.39900563489142,4.85934211663543,452,18321_a,irHepatitis,contact,358
CCL26,0.112461419224834,1.46665557595926,0.118380441289299,3.20485518121778,4.92180476337787,226,18321_a,irHepatitis,contact,359
IL1A,0.13551943337709,1.43211740123449,0.142257968738382,2.8622874510287,4.97360380062832,248,18321_a,irHepatitis,contact,360
CCR3,0.157887433842139,1.4860544133309,0.164375958520583,2.74306763473237,4.96480728689142,187,18321_a,irHepatitis,contact,361
FADD,0.149464119120724,1.04394957125481,0.156033970510646,1.9842338234942,5.13286479753265,2381,18321_a,irHepatitis,contact,362
AIRE,0.255847330597875,1.40874288198599,0.264910042580906,1.92036220085785,4.78453845626445,176,18321_a,irHepatitis,contact,363
MMP12,0.273265090447839,1.4766750457689,0.281411204255228,1.91570962682557,5.05960943996186,157,18321_a,irHepatitis,contact,364
FHIT,0.257679301808881,1.06956984360156,0.266081887737431,1.45037893827463,5.00348426827758,1114,18321_a,irHepatitis,contact,365
CDKN1C,0.0846029700839164,0.54360677499751,0.0895518903395215,1.34259235108367,5.20662043081276,245,18321_a,irHepatitis,contact,366
IL6,0.328562535253942,1.18775765142048,0.337442603774319,1.32200763383135,4.98448267821363,341,18321_a,irHepatitis,contact,367
IRF3,0.344023508453212,1.08440686388593,0.352369092216228,1.15711123158324,4.95952044711723,730,18321_a,irHepatitis,contact,368
CDX1,0.424883485860128,1.26655475725925,0.432857170581364,1.08409525707271,4.94127993652042,160,18321_a,irHepatitis,contact,369
IL13,0.196406835044087,0.641755038437872,0.203919664799872,1.04449937528016,4.90339788957153,259,18321_a,irHepatitis,contact,370
CCR6,0.433074528491092,1.19730279645487,0.440022248199506,1.00195739097731,5.16884270429264,250,18321_a,irHepatitis,contact,371
REG4,0.489917929904811,1.18623224167448,0.496450168970209,0.846397335262118,4.90982940371323,242,18321_a,irHepatitis,contact,372
CD1A,0.139421459181593,0.343082681775846,0.145950838812687,0.675959975629891,4.79454517399677,155,18321_a,irHepatitis,contact,373
IL12B,0.539761556478023,0.818820688522858,0.545503700695875,0.504907598954903,4.88877437892612,265,18321_a,irHepatitis,contact,374
TCL1A,0.764857446882376,1.05553616466632,0.770943845663934,0.282953153233613,5.00074185310605,213,18321_a,irHepatitis,contact,375
CDX2,0.89909080859832,1.0072401154529,0.903847902823708,0.107141378985847,4.87492452296535,259,18321_a,irHepatitis,contact,376
IL5,1,0.995503692197735,1,1.10523112017728e-16,4.93839193482886,263,18321_a,irHepatitis,contact,377
ERBB4,1,0.891334104863449,1,0,4.92918432368776,169,18321_a,irHepatitis,contact,378
FCER1A,0.0822139175292231,0,0.0872661694444267,0,4.90065932206754,116,18321_a,irHepatitis,contact,378
IFNL1,0.415429963790496,0,0.424363941506421,0,4.98606110884681,85,18321_a,irHepatitis,contact,378
IGHG4,1.02572490401726e-272,25.9827080236222,4.33083848362842e-272,16272.3918084317,5.62969201537623,234,18321_a,irHepatitis,local,1
IGHGP,1.11253692925366e-308,15.8617936918968,1.11253692925392e-308,11720.6381372493,5.83409588497719,448,18321_a,irHepatitis,local,2
CCL8,1.11253692925366e-308,14.9140734574189,1.11253692925392e-308,11020.346219486,5.51467926658551,527,18321_a,irHepatitis,local,3
CXCL6,1.11253692925366e-308,12.1613919252847,1.11253692925392e-308,8986.32757241982,5.71603810470864,714,18321_a,irHepatitis,local,4
CCL19,1.11253692925366e-308,12.1228068522692,1.11253692925392e-308,8957.81618921196,6.46763779440174,2496,18321_a,irHepatitis,local,5
IDO1,1.11253692925366e-308,10.9795362175457,1.11253692925392e-308,8113.0276575478,6.18027174219432,1942,18321_a,irHepatitis,local,6
IGHG1,1.11253692925366e-308,10.847064057277,1.11253692925392e-308,8015.14098193419,5.83697570273445,979,18321_a,irHepatitis,local,7
IL1B,3.34496940442131e-156,20.3193920915234,9.85339824558215e-156,7274.2573719394,5.30004554627468,197,18321_a,irHepatitis,local,8
EPCAM,1.11253692925366e-308,9.59497153534893,1.11253692925392e-308,7089.94149636956,5.48317698830769,615,18321_a,irHepatitis,local,9
MS4A1,1.11253692925366e-308,9.5791408053465,1.11253692925392e-308,7078.24381189508,6.05161908216386,594,18321_a,irHepatitis,local,10
IL7R,1.11253692925366e-308,9.51912167471788,1.11253692925392e-308,7033.89431869939,6.32640632594196,1847,18321_a,irHepatitis,local,11
JCHAIN,1.11253692925366e-308,9.20003484715181,1.11253692925392e-308,6798.11384437791,6.36219002276421,2322,18321_a,irHepatitis,local,12
IGHM,1.11253692925366e-308,9.15819646680687,1.11253692925392e-308,6767.19851879767,6.52637703026927,2504,18321_a,irHepatitis,local,13
CCL21,1.11253692925366e-308,8.97686167449856,1.11253692925392e-308,6633.20613914487,6.28725105972169,1496,18321_a,irHepatitis,local,14
CXCL9,1.11253692925366e-308,8.77029338765411,1.11253692925392e-308,6480.56815962228,6.33715017581972,4032,18321_a,irHepatitis,local,15
CXCL10,1.11253692925366e-308,7.50934206883859,1.11253692925392e-308,5548.8227086602,6.15240806314427,2590,18321_a,irHepatitis,local,16
CCL2,1.11253692925366e-308,7.23629112816925,1.11253692925392e-308,5347.05919245359,5.676091850251,857,18321_a,irHepatitis,local,17
IGKC,1.11253692925366e-308,7.06799121231899,1.11253692925392e-308,5222.69857785184,6.36627179294566,3485,18321_a,irHepatitis,local,18
IGHG3,1.11253692925379e-308,7.04774686387846,1.11253692925459e-308,5199.68313460546,5.43908798495843,693,18321_a,irHepatitis,local,19
IGLC3,3.53193275620527e-133,16.5832729439442,9.65564350617268e-133,5057.59928671623,5.53507375942593,207,18321_a,irHepatitis,local,20
CXCL11,1.11253692925366e-308,6.63025794977407,1.11253692925392e-308,4899.24756905783,6.0782869241626,2838,18321_a,irHepatitis,local,21
CXCL13,1.11253692925366e-308,6.60108746463899,1.11253692925392e-308,4877.69283778358,5.88225703216317,1541,18321_a,irHepatitis,local,22
ARG1,1.11253692925366e-308,5.18259296076474,1.11253692925392e-308,3829.53516390838,7.5835753389324,14111,18321_a,irHepatitis,local,23
SDC1,1.11253692925366e-308,5.12417902366868,1.11253692925392e-308,3786.3717845218,8.00424279623147,15342,18321_a,irHepatitis,local,24
CCL4,1.11253692925366e-308,5.06862749203399,1.11253692925392e-308,3745.32350127545,5.79301692600959,1485,18321_a,irHepatitis,local,25
LTB,1.11253692925366e-308,4.70945576983611,1.11253692925392e-308,3479.9233916293,5.83962896702408,1119,18321_a,irHepatitis,local,26
CD8A,1.11253692925366e-308,4.16241480760958,1.11253692925392e-308,3075.70245110697,6.14320002380425,2785,18321_a,irHepatitis,local,27
LUM,1.11253692925366e-308,3.9726007480488,1.11253692925392e-308,2935.44454908856,5.97990251701601,1975,18321_a,irHepatitis,local,28
VCAN,5.9524712952004e-234,5.45543232646982,2.21758734527074e-233,2929.68229776043,5.56842937311876,713,18321_a,irHepatitis,local,29
CD2,1.11253692925366e-308,3.89565274015778,1.11253692925392e-308,2878.58592556898,6.25183577450649,3359,18321_a,irHepatitis,local,30
ANPEP,1.11253692925366e-308,3.60877193060306,1.11253692925392e-308,2666.60320642481,7.18380610659825,14576,18321_a,irHepatitis,local,31
PLA2G7,1.11253692925366e-308,3.5706284847609,1.11253692925392e-308,2638.4181515245,5.89263908186936,3226,18321_a,irHepatitis,local,32
MARCO,1.11253692925366e-308,3.3407432304099,1.11253692925392e-308,2468.55073730424,6.60039660337509,7562,18321_a,irHepatitis,local,33
ITGAX,1.11253692925366e-308,3.28327041582636,1.11253692925392e-308,2426.08277462944,5.68463804725435,2008,18321_a,irHepatitis,local,34
FCMR,1.11253692925366e-308,3.28299893723123,1.11253692925392e-308,2425.88217295492,5.86895851910884,1831,18321_a,irHepatitis,local,35
SPARCL1,1.11253692925366e-308,3.25447136925526,1.11253692925392e-308,2404.8025077117,5.78562607121647,1618,18321_a,irHepatitis,local,36
CD3E,1.11253692925366e-308,3.24782790130588,1.11253692925392e-308,2399.89349897514,5.91567782971603,2299,18321_a,irHepatitis,local,37
GZMK,2.03306207378954e-270,3.84675803615842,8.48970975868159e-270,2388.79224131557,5.79753758242817,1130,18321_a,irHepatitis,local,38
IL2RG,1.11253692925366e-308,3.1890386054361,1.11253692925392e-308,2356.45275850041,5.77335442903207,2730,18321_a,irHepatitis,local,39
C1S,1.11253692925366e-308,3.16790623736099,1.11253692925392e-308,2340.83757373615,8.14297583326453,17377,18321_a,irHepatitis,local,40
CD3D,1.11253692925366e-308,3.11916911837268,1.11253692925392e-308,2304.82461412958,5.75636337919467,1618,18321_a,irHepatitis,local,41
GZMA,1.11253692925366e-308,3.05784362900607,1.11253692925392e-308,2259.50982291382,5.91011125435446,2006,18321_a,irHepatitis,local,42
CORO1A,1.11253692925366e-308,3.03973337610795,1.11253692925392e-308,2246.12774741114,5.79579595069677,2595,18321_a,irHepatitis,local,43
CXCL14,1.11253692925366e-308,3.02110214365851,1.11253692925392e-308,2232.36070833394,6.1812985722039,3128,18321_a,irHepatitis,local,44
GZMB,1.44395373478309e-210,4.4951745995224,4.89912874301407e-210,2171.95816516406,5.63554294902534,820,18321_a,irHepatitis,local,45
CXCL5,2.03643661305241e-145,6.45215094360721,5.81839032300688e-145,2149.62207459965,5.27328557942568,462,18321_a,irHepatitis,local,46
BANK1,3.76865169670219e-127,7.2925053738665,1.00145989143135e-126,2122.85990586379,5.79064859577445,382,18321_a,irHepatitis,local,47
C1R,1.11253692925366e-308,2.85524176560868,1.11253692925392e-308,2109.80272339289,7.43140569501598,15552,18321_a,irHepatitis,local,48
JAK3,1.11253692925366e-308,2.84776684442098,1.11253692925392e-308,2104.27933505188,5.75271946406384,2433,18321_a,irHepatitis,local,49
MGP,2.04569296482625e-154,5.87287455838849,5.97971789718441e-154,2078.30675410898,5.71284496590265,522,18321_a,irHepatitis,local,50
PRF1,1.35800606686139e-296,3.02390133064552,6.37089265934974e-296,2060.06051076701,5.77826446137044,1610,18321_a,irHepatitis,local,51
NOTCH3,4.40142983168471e-129,6.60798438574727,1.18620094754623e-128,1953.00001136972,5.64672647818929,427,18321_a,irHepatitis,local,52
SLC1A3,1.11253692925366e-308,2.56377315185776,1.11253692925392e-308,1894.4299719565,5.71886183351845,3238,18321_a,irHepatitis,local,53
APOE,1.11253692925366e-308,2.51546713752643,1.11253692925392e-308,1858.73556533214,7.86039038654398,18575,18321_a,irHepatitis,local,54
CD74,1.11253692925366e-308,2.51377099319379,1.11253692925392e-308,1857.48224591962,6.71666777685682,12228,18321_a,irHepatitis,local,55
S100A9,1.11253692925366e-308,2.50279454776163,1.11253692925392e-308,1849.37150211331,6.26176319284049,5685,18321_a,irHepatitis,local,56
IL2RB,1.3623124014947e-303,2.64157715714337,6.55289509579727e-303,1842.16749155572,5.83681834073291,1977,18321_a,irHepatitis,local,57
KLRB1,7.85761277084366e-249,3.10733187568649,3.11030505512562e-248,1775.16340658445,5.80979534188772,1391,18321_a,irHepatitis,local,58
DGKA,7.35432361296487e-260,2.90670311357093,3.03765540535506e-259,1734.36241639085,5.76401327531886,1562,18321_a,irHepatitis,local,59
PTPRC,1.11253692925366e-308,2.31133376175734,1.11253692925392e-308,1707.89679667844,5.67556575724783,3103,18321_a,irHepatitis,local,60
CD163,1.11253692925366e-308,2.25545267009015,1.11253692925392e-308,1666.60499406976,6.74924801682309,10889,18321_a,irHepatitis,local,61
CCND1,1.11253692925366e-308,2.2330945126868,1.11253692925392e-308,1650.0840458447,6.71427261892076,13779,18321_a,irHepatitis,local,62
FCGR2A,4.03488999362562e-288,2.48202593410171,1.84729903322619e-287,1642.47948974011,5.53264579124403,2096,18321_a,irHepatitis,local,63
CD38,1.11253692925366e-308,2.19015415823396,1.11253692925392e-308,1618.35444667055,5.56833402448517,2945,18321_a,irHepatitis,local,64
CCL16,1.11253692925366e-308,2.1806408203003,1.11253692925392e-308,1611.32482608894,6.28591074653267,9567,18321_a,irHepatitis,local,65
SELL,6.38545119560936e-218,3.20055706766451,2.24673282808477e-217,1600.62908483332,5.59514728903489,1232,18321_a,irHepatitis,local,66
IGFBP7,1.11253692925366e-308,2.16413065531588,1.11253692925392e-308,1599.12509173812,6.44125563564221,7134,18321_a,irHepatitis,local,67
FOXP3,1.11253692925366e-308,2.14386899848349,1.11253692925392e-308,1584.15329520575,5.96010675431806,8310,18321_a,irHepatitis,local,68
IL18,1.11253692925366e-308,2.12776466898939,1.11253692925392e-308,1572.25344187832,5.76692198955282,3959,18321_a,irHepatitis,local,69
MKI67,9.82856728227465e-209,3.2825039996222,3.30518191793307e-208,1572.17167445566,5.5973109176791,1170,18321_a,irHepatitis,local,70
XBP1,1.11253692925366e-308,2.0917171637792,1.11253692925392e-308,1545.6171249191,6.91939665021063,14624,18321_a,irHepatitis,local,71
IL10RA,1.11253692925366e-308,2.08947338690545,1.11253692925392e-308,1543.95914743504,5.92260496374539,4344,18321_a,irHepatitis,local,72
CCR1,1.11253692925366e-308,2.08625538002099,1.11253692925392e-308,1541.58128935993,5.70508862634967,3417,18321_a,irHepatitis,local,73
CSF1R,1.11253692925366e-308,2.0742882650657,1.11253692925392e-308,1532.738517435,5.70682675136289,3293,18321_a,irHepatitis,local,74
AIF1,1.11253692925366e-308,2.02417127717903,1.11253692925392e-308,1495.70594148814,5.80335604651229,4255,18321_a,irHepatitis,local,75
CD79A,8.34689251325519e-109,6.00082466141712,2.0867231283138e-108,1493.36454007124,5.60015647355334,416,18321_a,irHepatitis,local,76
VSIG4,1.11253692925366e-308,2.01812196205936,1.11253692925392e-308,1491.23596571661,5.88520079867145,4860,18321_a,irHepatitis,local,77
C1QB,1.11253692925366e-308,1.99321713633208,1.11253692925392e-308,1472.83322666384,5.81847669828009,5076,18321_a,irHepatitis,local,78
TGFB1,1.11253692925366e-308,1.97801663247018,1.11253692925392e-308,1461.60123053971,5.72350548607517,4538,18321_a,irHepatitis,local,79
FN1,1.11253692925366e-308,1.97700000212724,1.11253692925392e-308,1460.85001938413,6.24341187532679,10475,18321_a,irHepatitis,local,80
DCN,1.11253692925366e-308,1.96833506883517,1.11253692925392e-308,1454.44730418227,6.22863674475833,4462,18321_a,irHepatitis,local,81
MPEG1,1.11253692925366e-308,1.96823889523898,1.11253692925392e-308,1454.3762393367,6.00692093181851,5605,18321_a,irHepatitis,local,82
CMKLR1,4.85166045786821e-308,2.01393261389235,2.36362945383323e-307,1425.09272814583,5.64796854628523,3205,18321_a,irHepatitis,local,83
CXCR6,5.46480835216258e-196,3.12431065738125,1.79019583950153e-195,1404.71615697205,5.58834192908049,1190,18321_a,irHepatitis,local,84
FGR,4.97803908143821e-254,2.39712589410742,2.03403747413604e-253,1398.12745936184,5.47188988057305,2036,18321_a,irHepatitis,local,85
CTSS,1.11262198781283e-308,1.92326616676153,1.11295669876668e-308,1380.6651457928,5.49099900346877,3606,18321_a,irHepatitis,local,86
CCL14,1.11253692925366e-308,1.84834596295463,1.11253692925392e-308,1365.78463981057,5.92047247462595,6517,18321_a,irHepatitis,local,87
NKG7,1.50129484716046e-224,2.60337135035648,5.4855004030863e-224,1341.70660749173,5.88238226593006,1664,18321_a,irHepatitis,local,88
ACTB,1.80706697510654e-273,2.09549704596141,7.71556686000543e-273,1316.00153486405,7.5199729418673,19695,18321_a,irHepatitis,local,89
G0S2,1.11253692925366e-308,1.76892158442775,1.11253692925392e-308,1307.09617001506,5.7153663873079,6585,18321_a,irHepatitis,local,90
CD68,4.01210535271556e-290,1.93756240765408,1.85926833418526e-289,1291.11478511268,5.5665116150281,3364,18321_a,irHepatitis,local,91
VSIR,1.41625528844346e-281,1.99053050381439,6.33149423068842e-281,1287.23307113423,5.64359890168312,3096,18321_a,irHepatitis,local,92
PDGFRA,8.19148548213026e-247,2.26854260057565,3.20903554970051e-246,1285.4365954141,5.95056471525098,2208,18321_a,irHepatitis,local,93
ERBB2,1.11253692925366e-308,1.73423539398774,1.11253692925392e-308,1281.46575933113,5.96947155437659,8599,18321_a,irHepatitis,local,94
ERBB3,1.11253692925366e-308,1.72605367295143,1.11253692925392e-308,1275.42010059485,6.01234882479429,7803,18321_a,irHepatitis,local,95
CTLA4,2.32941046015669e-142,3.90466405454358,6.55685907303366e-142,1273.39477347938,5.59045458233921,750,18321_a,irHepatitis,local,96
CD247,2.65977522447854e-195,2.78338665886323,8.63858619916107e-195,1247.0291779374,5.83390350688617,1390,18321_a,irHepatitis,local,97
A2M,1.11253692925366e-308,1.65496118332713,1.11253692925392e-308,1222.88825196866,6.14114337206552,10343,18321_a,irHepatitis,local,98
ICAM1,2.49765370079021e-279,1.89407331695214,1.10361442593056e-278,1215.05918735182,5.46349152900072,3471,18321_a,irHepatitis,local,99
CCR2,1.47004767474966e-139,3.79058719131458,4.1074861500358e-139,1211.75229524239,5.41251950573541,762,18321_a,irHepatitis,local,100
CXCL12,1.11253692925366e-308,1.63564741437469,1.11253692925392e-308,1208.61687123108,6.42059522122051,8739,18321_a,irHepatitis,local,101
LAMP3,3.68700149229302e-112,4.70921678035268,9.27854680179701e-112,1208.31305436672,5.07231804315406,545,18321_a,irHepatitis,local,102
PRDX4,1.11253692925366e-308,1.61508643111868,1.11253692925392e-308,1193.42389563382,5.89263663566182,9204,18321_a,irHepatitis,local,103
HLA-B,1.11253692925366e-308,1.58634672773527,1.11253692925392e-308,1172.18747873975,6.34135456828906,14407,18321_a,irHepatitis,local,104
LAMP2,1.11253692925366e-308,1.55660496126351,1.11253692925392e-308,1150.21061476401,6.5645394144005,13890,18321_a,irHepatitis,local,105
IFITM3,5.46297373529773e-286,1.74362262848083,2.47134526120612e-285,1145.28342952515,7.16172253735268,18140,18321_a,irHepatitis,local,106
LCK,2.10309108696655e-193,2.56025087370864,6.77266621226517e-193,1135.86941923669,5.70080040814704,1564,18321_a,irHepatitis,local,107
CXCL1,2.3474204836422e-103,4.76058926712257,5.68165467378367e-103,1124.98888164411,5.26576245533638,502,18321_a,irHepatitis,local,108
IGHG2,2.53287723118198e-99,4.94582756563758,6.09173004967819e-99,1122.8342596516,5.34859902166482,485,18321_a,irHepatitis,local,109
CTSD,1.1125369293533e-308,1.5199544233918,1.11253692975212e-308,1111.89512057162,6.42967948526094,14418,18321_a,irHepatitis,local,110
ITGA1,1.11253692925366e-308,1.50445905748658,1.11253692925392e-308,1111.67882697374,5.96869036301716,9329,18321_a,irHepatitis,local,111
NT5E,1.17262169455058e-301,1.5881685047254,5.56995304911524e-301,1100.47192722761,5.56683292798421,6267,18321_a,irHepatitis,local,112
TC2N,3.63443455810297e-214,2.2153018099815,1.25553193825375e-213,1088.73833369549,5.57072824051086,2121,18321_a,irHepatitis,local,113
IQGAP2,1.11253692927348e-308,1.47679342072143,1.11253692935433e-308,1082.70265370014,6.09812500861705,11458,18321_a,irHepatitis,local,114
RGS5,4.61350797939082e-215,2.17242508989221,1.60837892859496e-214,1072.15001692308,5.7679868639108,2203,18321_a,irHepatitis,local,115
KLRK1,2.80680087926887e-186,2.44837147604038,8.88820278435144e-186,1046.06373087301,5.97025383275222,1644,18321_a,irHepatitis,local,116
CCL5,8.20381864992854e-173,2.61198087794715,2.49396086957828e-172,1034.97815000191,5.68623478737131,1412,18321_a,irHepatitis,local,117
RUNX3,6.49080353249028e-186,2.38044328180479,2.03843416722835e-185,1015.04586948174,5.62133524537533,1705,18321_a,irHepatitis,local,118
IL1RAP,3.36726445249284e-279,1.5775289585885,1.4707591861463e-278,1011.52283222298,5.62194102040329,6014,18321_a,irHepatitis,local,119
TNFRSF13C,4.46854761687109e-94,4.5195042780325,1.04174729718467e-93,971.449074150037,5.5027483915143,511,18321_a,irHepatitis,local,120
SOX9,2.38827093027738e-169,2.49546766944436,7.2027218532175e-169,968.906026414625,5.16894780821994,1520,18321_a,irHepatitis,local,121
HAVCR2,8.60465098617221e-208,2.00531643904396,2.86821699539074e-207,956.105593444086,5.50088601430368,2493,18321_a,irHepatitis,local,122
GLIPR2,1.59229015691157e-147,2.71819547977496,4.58386560323027e-147,918.790397517911,5.41086875531963,1213,18321_a,irHepatitis,local,123
STAT1,6.65861648959498e-275,1.44576532487362,2.87531166596147e-274,912.733319944623,6.24993196556573,12894,18321_a,irHepatitis,local,124
SYK,3.23426381719148e-178,2.22610656154681,9.99203455717692e-178,909.779354706569,5.45756115401174,1866,18321_a,irHepatitis,local,125
TMPRSS2,5.45547825730114e-252,1.56984941824673,2.18219130292045e-251,908.243952539365,5.52264223079877,5605,18321_a,irHepatitis,local,126
FCGR3A,3.50686265613297e-235,1.63771542895478,1.31941367260448e-234,884.125219056871,5.78435085633095,4491,18321_a,irHepatitis,local,127
GNLY,1.08362545468511e-115,3.25946999617382,2.76360854214995e-115,862.837032185647,5.80985599838217,829,18321_a,irHepatitis,local,128
MZB1,1.33499936232988e-81,4.611176389003,2.96666524962196e-81,858.695396224759,5.42289800765939,464,18321_a,irHepatitis,local,129
IRF8,1.20688709330721e-210,1.75916239648279,4.13168554465533e-210,850.299632534688,5.57668344504194,3394,18321_a,irHepatitis,local,130
FCGR2B,6.97709381522818e-225,1.63893634406231,2.57407344639486e-224,845.918987735666,5.93933027982848,4395,18321_a,irHepatitis,local,131
IRF1,1.43327663209579e-235,1.55377667842958,5.44645120196399e-235,840.200906749293,5.68484049897728,5433,18321_a,irHepatitis,local,132
MET,2.87134343737477e-238,1.535792127639,1.11337806755348e-237,840.017587204985,5.48015070368684,5811,18321_a,irHepatitis,local,133
LAMP1,3.53188267670684e-253,1.43571653346213,1.42778235866872e-252,834.570818669508,6.38749961927618,13701,18321_a,irHepatitis,local,134
CXCR4,1.12591498045359e-98,3.6821223688911,2.69086599102116e-98,830.446522502498,5.5882389605928,654,18321_a,irHepatitis,local,135
VEGFA,3.69694480232354e-236,1.45256166672684,1.41902931806358e-235,787.437420165281,6.09043777001101,7525,18321_a,irHepatitis,local,136
CD4,7.15387161207697e-223,1.52444101011635,2.56459548357476e-222,779.765025359126,5.82987676557765,5582,18321_a,irHepatitis,local,137
CCL20,4.53051988807574e-74,4.61382327520889,9.4076369260589e-74,779.184597920635,5.26897765442187,436,18321_a,irHepatitis,local,138
PLEK,2.11271702517706e-134,2.52082328272315,5.81762659106727e-134,775.905442811792,5.38561858754276,1291,18321_a,irHepatitis,local,139
PLVAP,1.17378805196444e-96,3.40511216569039,2.77043142699681e-96,752.148187085995,5.57225033708409,715,18321_a,irHepatitis,local,140
ENTPD1,4.83115672571974e-163,1.97631865295295,1.44554295730197e-162,738.641752998194,5.49974452950063,2202,18321_a,irHepatitis,local,141
CTSB,2.35315985518872e-219,1.43963539042631,8.35701630814684e-219,724.727393660262,5.59322507471109,7263,18321_a,irHepatitis,local,142
ID2,1.65376080536806e-223,1.40569190262099,5.98503910514154e-223,721.082588049585,5.82765000636953,8826,18321_a,irHepatitis,local,143
GPR34,1.8631322284824e-157,1.98490391575965,5.53117380330711e-157,716.319271835087,5.52543922263607,2142,18321_a,irHepatitis,local,144
TUBA1B,3.33793327684256e-201,1.4477430027024,1.1029692566958e-200,668.298803071832,5.65604056021603,6451,18321_a,irHepatitis,local,145
CCL3,1.62676344119366e-53,5.22821805066095,3.07547317240593e-53,635.492086874008,5.19042600172917,322,18321_a,irHepatitis,local,146
EGFR,4.29180407718492e-179,1.49099624525686,1.33679143387727e-178,612.361140390008,5.35707237053137,5190,18321_a,irHepatitis,local,147
TNFRSF1B,1.71351503870057e-186,1.42818741576559,5.47172869501022e-186,610.896142140992,5.62198970949178,6439,18321_a,irHepatitis,local,148
CLEC12A,1.67384186729527e-138,1.92315063901656,4.64277306257083e-138,610.103426782581,5.61059781751525,2100,18321_a,irHepatitis,local,149
CCR5,8.55015990423237e-79,3.31267459237798,1.84605725205017e-78,595.480661621723,5.41440884805714,655,18321_a,irHepatitis,local,150
IFNAR1,1.72985065229521e-175,1.33715719446151,5.30115522477566e-175,538.077879971908,6.09593639904069,12406,18321_a,irHepatitis,local,151
ADAM28,8.57479307418332e-67,3.47391492549893,1.74247131988752e-66,528.46713465311,5.29412596562645,562,18321_a,irHepatitis,local,152
CD86,9.34922264740624e-119,1.90840369219134,2.41680585443154e-118,518.651323476473,5.38790166249966,1950,18321_a,irHepatitis,local,153
RORC,6.27982941109817e-149,1.50594306903488,1.82162990550939e-148,513.899813507348,5.33869983705538,4356,18321_a,irHepatitis,local,154
NCEH1,3.90821892656718e-113,1.92396434816195,9.90082128063685e-113,497.977833215004,5.27115994954618,1876,18321_a,irHepatitis,local,155
PSMB10,5.38991551194418e-144,1.43609921757105,1.52848350338715e-143,473.751501865023,5.48199204897557,5041,18321_a,irHepatitis,local,156
TRAT1,2.26391801221709e-76,2.69827566081931,4.77938247023608e-76,469.98395501581,5.53363050699585,840,18321_a,irHepatitis,local,157
GPR171,6.80805021874914e-84,2.43603855870277,1.53080419119803e-83,466.499050373398,5.53398020846728,1035,18321_a,irHepatitis,local,158
CDKN1A,6.58844631507987e-133,1.5243569742104,1.78829257123597e-132,463.951001847896,5.37350811198532,3831,18321_a,irHepatitis,local,159
LILRB2,1.6270285898531e-117,1.72284492153596,4.17750583881202e-117,463.300048893412,5.42522915151354,2454,18321_a,irHepatitis,local,160
IRF4,1.02122899853751e-56,3.42909770524209,1.95993444163764e-56,442.092164098297,5.37445693894591,519,18321_a,irHepatitis,local,161
CD83,3.37205888321223e-45,4.29702773553695,6.10182083628879e-45,440.019102158367,5.19484622508383,354,18321_a,irHepatitis,local,162
ITGAM,2.07599052467964e-97,1.96155763972744,4.93047749611416e-97,436.682580861669,5.40162502975668,1631,18321_a,irHepatitis,local,163
CD14,5.82753854388084e-121,1.51337957844262,1.5272169977067e-120,418.979441307799,5.30330747859141,3691,18321_a,irHepatitis,local,164
STMN1,9.06446465575908e-86,2.04570568069835,2.05029557689789e-85,400.585905403995,5.38930922004796,1411,18321_a,irHepatitis,local,165
CDK1,1.60526429508432e-52,3.34543851567907,3.01980411946555e-52,398.980799212593,5.32335606519022,509,18321_a,irHepatitis,local,166
FABP3,7.7749460767192e-87,1.9543606068883,1.76914940667862e-86,387.498888262631,5.26034956944021,1550,18321_a,irHepatitis,local,167
CXCL3,6.88930849101044e-34,5.04170994291686,1.11877659255725e-33,384.974496816262,5.08643754793486,260,18321_a,irHepatitis,local,168
CD47,6.007984970338e-128,1.28725724333255,1.6077706258651e-127,377.08630810167,5.77367720191557,9283,18321_a,irHepatitis,local,169
IFNGR1,1.59410586438588e-125,1.29036658782409,4.20666825324051e-125,370.795643997733,5.79977157546582,8708,18321_a,irHepatitis,local,170
TREM2,3.149175058211e-37,4.33949305571154,5.27174679348097e-37,364.72791641195,5.13736558592008,313,18321_a,irHepatitis,local,171
SPARC,3.01790428516288e-96,1.63282563460724,7.07903474297465e-96,359.12955850561,5.71911908090879,2490,18321_a,irHepatitis,local,172
SPIB,9.12846389611381e-36,4.43627646203155,1.50165206949058e-35,357.926175417518,5.21509644046613,304,18321_a,irHepatitis,local,173
CD28,3.37199410000166e-66,2.36416302649074,6.77967067725201e-66,356.40966148356,5.44754956122842,953,18321_a,irHepatitis,local,174
TCF7,1.08364165354161e-79,1.95985385560732,2.36657372612537e-79,356.348261806394,5.3651046977623,1484,18321_a,irHepatitis,local,175
IL1R1,1.48146282996725e-119,1.29165582224455,3.85586216018874e-119,353.415886062365,5.76893918923571,8118,18321_a,irHepatitis,local,176
CEACAM1,4.81967199413719e-104,1.46692026463466,1.17402266523854e-103,348.974674213737,5.24450066641444,3735,18321_a,irHepatitis,local,177
KLRF1,1.10104896661364e-64,2.33437877790742,2.20209793322728e-64,343.782054548357,5.76555875244143,952,18321_a,irHepatitis,local,178
DUSP2,1.73354142860402e-30,4.91645217181751,2.7108878307388e-30,336.911617720549,5.29604689473404,248,18321_a,irHepatitis,local,179
GZMH,1.82820969357078e-61,2.39054133799531,3.61833168519217e-61,334.327613326409,5.47712651386554,892,18321_a,irHepatitis,local,180
FASLG,7.91355613383726e-61,2.35046614754597,1.55810949785397e-60,325.2789262766,5.55194904847298,906,18321_a,irHepatitis,local,181
COTL1,6.05372324380258e-87,1.6345219467694,1.38579206785842e-86,324.492210239378,5.56511353027157,2316,18321_a,irHepatitis,local,182
FCGR1A,2.75413158356663e-70,1.99635362385736,5.62672043954473e-70,319.751676419839,5.28261139453915,1307,18321_a,irHepatitis,local,183
IFIT3,1.01279098845952e-107,1.29461561394914,2.51542859878836e-107,318.946545278259,5.6400067642148,7091,18321_a,irHepatitis,local,184
CCL28,7.84834711126945e-52,2.67767816178335,1.46914872033615e-51,315.093426378873,5.24071436831178,692,18321_a,irHepatitis,local,185
SAMD3,1.76468101914147e-66,2.06478006164266,3.56690844294552e-66,312.613165131509,5.71586869288091,1188,18321_a,irHepatitis,local,186
C1QBP,3.03030077533158e-106,1.27301769852441,7.47736554951947e-106,309.299200833024,5.60691617897061,8122,18321_a,irHepatitis,local,187
CD44,7.15531506917953e-79,1.66732926196063,1.55372555787898e-78,300.013169822695,5.37627821012583,2073,18321_a,irHepatitis,local,188
STAT3,2.14944298195427e-104,1.25282815262609,5.26960214930725e-104,299.054641505196,5.74568784848285,9702,18321_a,irHepatitis,local,189
RGS1,1.89359087188938e-39,3.27790640146407,3.25594810551115e-39,292.2658170791,5.42736216463647,443,18321_a,irHepatitis,local,190
CCR7,1.70574412522732e-18,7.05829467971447,2.40960136649213e-18,288.772694394552,5.44380921893445,136,18321_a,irHepatitis,local,191
CPA3,8.2185943221636e-30,4.25805240771739,1.26953896033421e-29,285.166681844364,5.15056167144221,289,18321_a,irHepatitis,local,192
NELL2,3.33027349994339e-37,3.36637740587452,5.55045583323898e-37,282.750770729474,5.5376274917708,425,18321_a,irHepatitis,local,193
JAK2,3.78658008240842e-90,1.36323208099322,8.77378311777561e-90,280.691114689699,5.50013267798149,4491,18321_a,irHepatitis,local,194
ID1,9.58902402437104e-80,1.53585700871863,2.10625961228959e-79,279.443328550044,5.38052792794274,2687,18321_a,irHepatitis,local,195
ANXA1,1.31821513260164e-61,1.91625395067625,2.62262696538546e-61,268.623184601062,5.42695861884505,1322,18321_a,irHepatitis,local,196
MX1,7.77971669709585e-88,1.3381127558756,1.79169233024026e-87,268.393261651077,5.40435916860723,4889,18321_a,irHepatitis,local,197
SOCS1,1.11857592162876e-40,2.90464975387771,1.95879654478769e-40,267.202644415938,5.25612645833364,531,18321_a,irHepatitis,local,198
LY6E,3.99244196762798e-81,1.42631460000478,8.82051132382925e-81,264.046475302318,5.18960317076528,3509,18321_a,irHepatitis,local,199
EGR3,7.12130146856222e-32,3.51027064185719,1.12753939918902e-31,251.755320327261,5.2549127646126,370,18321_a,irHepatitis,local,200
SOCS3,1.08539446628783e-60,1.81567428214169,2.12603039788337e-60,250.695889470462,5.26982384578894,1469,18321_a,irHepatitis,local,201
FLT1,9.04109949029472e-77,1.42559490975886,1.91933955659888e-76,249.6177787756,5.77021170343204,3338,18321_a,irHepatitis,local,202
PTEN,6.98604872087565e-83,1.24648289613518,1.56158736113691e-82,235.797976681814,6.40685035897171,15080,18321_a,irHepatitis,local,203
ISG15,1.56120626240048e-73,1.40171467994886,3.22423032452274e-73,234.988008753882,5.31316779968726,3477,18321_a,irHepatitis,local,204
CD274,1.26783081786322e-45,2.23062365420708,2.30514694156949e-45,230.599691291144,5.20770496479962,833,18321_a,irHepatitis,local,205
CCL11,4.37101966810322e-30,3.35447205048054,6.80732571261976e-30,226.77088623397,5.12656314140731,378,18321_a,irHepatitis,local,206
ID4,3.02219339669535e-26,3.85456444428354,4.53926280926575e-26,226.498946163523,5.35776700024311,295,18321_a,irHepatitis,local,207
ACTA2,5.65286910705179e-77,1.25333329757978,1.20679228128072e-76,220.04382785813,5.59764386637056,6589,18321_a,irHepatitis,local,208
TIGIT,2.35671412532843e-48,1.99529971038238,4.34733673604273e-48,218.818166471986,5.35951279389564,1059,18321_a,irHepatitis,local,209
MYD88,4.87473739401652e-77,1.21880339199694,1.04655379080581e-76,214.162020870618,5.69304463255261,8889,18321_a,irHepatitis,local,210
JUNB,7.01221877581079e-38,2.46570350852165,1.18957282803933e-37,210.942363701273,5.13539105478551,642,18321_a,irHepatitis,local,211
AKT1,1.34812148045348e-74,1.22934516790171,2.81475913501275e-74,209.102497163364,5.57219323178215,7693,18321_a,irHepatitis,local,212
IRF5,1.73177908657847e-55,1.65641210453239,3.30691483869255e-55,208.862022615059,5.26165860700076,1713,18321_a,irHepatitis,local,213
IL13RA2,3.31130270073502e-50,1.81962181279641,6.13802451843565e-50,207.312994018498,5.68249919104398,1306,18321_a,irHepatitis,local,214
CTNNB1,3.25622548683443e-75,1.20649870550589,6.83627450274631e-75,206.930590444639,5.87618999048238,10584,18321_a,irHepatitis,local,215
JAK1,5.72949932356288e-73,1.22966445863898,1.17687013132643e-72,204.546177892203,5.60003774782769,7431,18321_a,irHepatitis,local,216
ZNF683,3.01928869561671e-32,2.7495907231151,4.84105360478628e-32,199.558975308731,5.38911428621964,507,18321_a,irHepatitis,local,217
CCL15,3.8393452258528e-59,1.47736372509325,7.48180095294391e-59,198.71608559476,5.18764469322685,2522,18321_a,irHepatitis,local,218
CD37,5.72931176219895e-29,2.951438165187,8.77878415175645e-29,191.930171218992,5.40873100274498,427,18321_a,irHepatitis,local,219
CTSL,4.28507322056529e-57,1.45038382473568,8.26562347114118e-57,188.248525820328,5.2694204993793,2595,18321_a,irHepatitis,local,220
SPON2,1.58018510839025e-57,1.39534414652344,3.06362418973621e-57,182.496793440898,5.13113590584271,3018,18321_a,irHepatitis,local,221
CD8B,3.36236254966042e-40,1.99159278901676,5.86099893977504e-40,181.017381911675,5.30441303457187,954,18321_a,irHepatitis,local,222
S100B,4.41481013779449e-39,2.0240935814866,7.55688221784642e-39,178.759552815097,5.2624159884232,921,18321_a,irHepatitis,local,223
CHIT1,1.66061562323385e-21,3.67050868653071,2.40852647644604e-21,175.623190896699,5.00677779912743,280,18321_a,irHepatitis,local,224
CENPF,1.05821526311042e-26,2.93397548558914,1.60207888439028e-26,175.482918215673,5.15087417728588,411,18321_a,irHepatitis,local,225
KLRD1,1.19089170279596e-37,2.0531999413053,2.01128376472207e-37,174.565001509766,5.63033760192168,866,18321_a,irHepatitis,local,226
IL2RA,1.75357251115363e-39,1.93352290035947,3.02889797381081e-39,172.545966206753,5.26540181956064,996,18321_a,irHepatitis,local,227
CCR4,4.72352252438022e-30,2.55284873838437,7.32627983373258e-30,172.381105879744,5.41225895821447,543,18321_a,irHepatitis,local,228
IFIT2,6.40679973834581e-55,1.3505172957309,1.2172919502857e-54,168.524057964206,5.21192378867408,3361,18321_a,irHepatitis,local,229
KIT,1.02808351361771e-23,3.09691998232277,1.50838507789471e-23,163.925427523472,5.14557370225936,368,18321_a,irHepatitis,local,230
CD27,8.90336352489324e-31,2.33464553450551,1.39804881795844e-30,161.54278315683,5.44956849786721,628,18321_a,irHepatitis,local,231
LIF,1.75089635679247e-26,2.67509524324599,2.64024053802038e-26,158.652099789646,5.12018033969835,473,18321_a,irHepatitis,local,232
CXCR2,4.87705925092497e-46,1.51055954246602,8.910012093036e-46,157.603281008268,5.48705649248175,1983,18321_a,irHepatitis,local,233
RNF43,5.51948237060594e-45,1.54382871886446,9.94030000393487e-45,157.328566712236,5.00373111159177,1875,18321_a,irHepatitis,local,234
JUN,4.28876703667704e-43,1.57529287561,7.68741261291167e-43,153.677948071971,5.02812433212096,1708,18321_a,irHepatitis,local,235
MCEMP1,2.31754610695848e-17,3.89036753441085,3.22588835400814e-17,149.014450358015,5.25006001532133,229,18321_a,irHepatitis,local,236
ITGAE,9.50256304551431e-35,1.88018436608351,1.55645429193769e-34,147.291606432078,5.28604795511179,976,18321_a,irHepatitis,local,237
CD276,1.17493810703225e-46,1.29782180570753,2.15689121097707e-46,137.254647632374,5.19098128461627,3651,18321_a,irHepatitis,local,238
CLEC10A,4.49630901868322e-32,1.88235288157405,7.17898078613287e-32,135.867226067184,5.13413352652327,938,18321_a,irHepatitis,local,239
MIS18BP1,1.54158789039054e-42,1.40580446052863,2.73739905770282e-42,135.344894146179,5.27738558380783,2401,18321_a,irHepatitis,local,240
STAT6,8.96849475031633e-51,1.17289891062609,1.67060196329422e-50,135.16266762742,5.72376495267642,8925,18321_a,irHepatitis,local,241
ESR1,2.72747917717021e-42,1.40101489610818,4.82066087127758e-42,134.084405373093,5.1143955445991,2474,18321_a,irHepatitis,local,242
TBX21,5.8427138657347e-29,2.03463384548606,8.91659144168348e-29,132.271083018875,5.46059657183627,755,18321_a,irHepatitis,local,243
CSF1,2.10954439516942e-41,1.35656888476082,3.71123551002028e-41,127.055586273021,5.57340576169629,2718,18321_a,irHepatitis,local,244
BCL2,7.31082657420639e-36,1.55853837776656,1.21315026122202e-35,126.091532272385,5.40180863798011,1559,18321_a,irHepatitis,local,245
GPR183,2.99143283689116e-14,4.02727849322988,4.0167649399952e-14,125.41121952806,5.19889765281404,200,18321_a,irHepatitis,local,246
LAG3,8.40638378696181e-36,1.53052996848243,1.38888079958499e-35,123.611832505226,5.28107873960339,1650,18321_a,irHepatitis,local,247
SOX17,5.36612273900747e-23,2.3890384687157,7.84279477239554e-23,122.508343416922,5.47625389998878,511,18321_a,irHepatitis,local,248
CD40LG,3.57388658104702e-19,2.82529589927932,5.06745112238011e-19,120.005751674355,5.43002604352955,361,18321_a,irHepatitis,local,249
SSR4,8.83487809876283e-43,1.1773140434124,1.57617543546004e-42,114.002205233401,5.50339394606869,6925,18321_a,irHepatitis,local,250
FEZ1,5.61617114696642e-32,1.53496275270064,8.92947713743614e-32,110.451426594575,5.56472987312532,1541,18321_a,irHepatitis,local,251
ARPC3,9.33471561014966e-40,1.22217894239115,1.61972234331364e-39,109.836810177201,5.4401236587994,4665,18321_a,irHepatitis,local,252
ARPC5,1.30861723305018e-38,1.20489400523072,2.22993071102722e-38,105.102015468553,5.40757640353583,5068,18321_a,irHepatitis,local,253
TUBB,1.69162383968748e-37,1.22852757293647,2.84432327027099e-37,104.019379871309,5.26162612842205,4327,18321_a,irHepatitis,local,254
GATA3,9.20329907135975e-26,1.76365611232463,1.37147201847714e-25,101.670630995034,5.40825442203632,947,18321_a,irHepatitis,local,255
TFF3,1.4443753783911e-14,3.12796401121916,1.94632143187453e-14,99.6835659399557,5.30964572715972,269,18321_a,irHepatitis,local,256
TNFRSF9,4.11249423302042e-16,2.67221083802183,5.6416888395226e-16,94.6692999289966,5.08297680802497,350,18321_a,irHepatitis,local,257
CXCL2,8.40176237129235e-12,3.63275240157069,1.08594207520105e-11,92.644557382524,4.85661068796615,202,18321_a,irHepatitis,local,258
FAS,9.85112793774745e-33,1.19939145663001,1.59294834738044e-32,88.3924182703025,5.34543140520798,4672,18321_a,irHepatitis,local,259
STAT2,1.79826439440247e-34,1.1364493824909,2.93279171619286e-34,88.3033343697925,5.84954572594161,9485,18321_a,irHepatitis,local,260
TNF,7.44806478315024e-12,3.40563192384188,9.65960620340304e-12,87.2627345462196,5.28843219571327,213,18321_a,irHepatitis,local,261
CST7,4.81622295479146e-18,2.13500626615275,6.7783878622991e-18,85.1323963304539,5.5331417164755,534,18321_a,irHepatitis,local,262
ATM,1.37105534800609e-32,1.1476624412189,2.20763149255218e-32,84.2007135288268,5.69071396994623,7271,18321_a,irHepatitis,local,263
TNFRSF17,6.60211470703244e-16,2.36799058997282,8.96001281668688e-16,82.7706755469041,5.17161650656488,426,18321_a,irHepatitis,local,264
CD19,4.70725500615412e-14,2.67955781996825,6.29843979696678e-14,82.2278222414416,5.24237288522483,330,18321_a,irHepatitis,local,265
TXLNA,3.91719094529714e-31,1.15750511166325,6.17648364818636e-31,81.0424461587021,5.4349063421478,6272,18321_a,irHepatitis,local,266
CXCL16,6.7380405788941e-26,1.36789475768937,1.00805331495266e-25,79.2824185809325,5.25944775113894,1974,18321_a,irHepatitis,local,267
NOTCH2,3.1895364015178e-29,1.13035637883114,4.90697907925815e-29,74.1684379246093,6.57079052460491,14247,18321_a,irHepatitis,local,268
CCL3L1,2.07986178735933e-09,3.63901782475097,2.55775883235128e-09,72.7474757630944,5.14335330671589,170,18321_a,irHepatitis,local,269
CD40,1.07594830241955e-24,1.30415762382978,1.59711076140403e-24,71.974946198118,5.19496763153783,2342,18321_a,irHepatitis,local,270
LILRB4,1.41704064487174e-17,1.80258079079584,1.97968913621787e-17,69.9317994354744,5.16847703858009,720,18321_a,irHepatitis,local,271
FCRL3,4.5790128689845e-12,2.60285115328674,5.97946697668079e-12,67.9592402408854,5.53658959442693,311,18321_a,irHepatitis,local,272
NOTCH1,8.38866264532463e-27,1.12736873499008,1.27507672208934e-26,67.6905067089173,5.76893761575062,7868,18321_a,irHepatitis,local,273
NF1,1.25066332441453e-24,1.14955672979909,1.84206226076559e-24,63.2697265175123,5.39142055962041,5577,18321_a,irHepatitis,local,274
KRAS,1.19747877879011e-24,1.14230829975603,1.77059119042895e-24,62.9204246100652,5.45389828644421,5971,18321_a,irHepatitis,local,275
TOX,5.44725150637734e-16,1.76249542131784,7.41919560008384e-16,61.9451052605441,5.42157240362185,714,18321_a,irHepatitis,local,276
CDKN2C,4.73678793356467e-16,1.70241606675545,6.47474609623948e-16,60.0714571331194,5.15801525749521,783,18321_a,irHepatitis,local,277
CD80,2.43283199215298e-16,1.63377695206433,3.34955129354396e-16,58.7380480672377,5.12002742731715,864,18321_a,irHepatitis,local,278
IL10,1.93186118046294e-15,1.72204754989974,2.61248131165807e-15,58.3434747144198,5.26214897504106,744,18321_a,irHepatitis,local,279
IL4R,1.31061879630731e-22,1.15390306640545,1.90818062297615e-22,58.1409899134884,5.30677945000834,4989,18321_a,irHepatitis,local,280
CENPV,2.25099165842214e-20,1.26845316872545,3.24006375075914e-20,57.3852412158113,5.11709282732423,2406,18321_a,irHepatitis,local,281
TP53,9.54287089489321e-21,1.15289704065641,1.37881784793134e-20,53.1468156745576,5.36909419766322,4697,18321_a,irHepatitis,local,282
STAT4,6.89142836276073e-17,1.40079330206123,9.52270101036028e-17,52.1286571706355,5.20715512780235,1399,18321_a,irHepatitis,local,283
CTSW,1.54173560421055e-11,2.0590419053692,1.9792551675676e-11,51.2609338133446,5.48555109248085,438,18321_a,irHepatitis,local,284
CDK12,7.56354948472777e-20,1.14148934612701,1.08458445441379e-19,50.2579053186339,5.36682952231535,5054,18321_a,irHepatitis,local,285
FKBP11,3.35980228606095e-19,1.16461401706268,4.78174108128524e-19,49.5394597065889,5.29155918790853,4043,18321_a,irHepatitis,local,286
IL12RB2,2.0099782899977e-10,2.21408430504397,2.54597250066376e-10,49.4354699377649,5.29034492091524,360,18321_a,irHepatitis,local,287
SOS1,2.13014447918163e-19,1.14965215675014,3.04306354168804e-19,49.4269112032593,5.32433820630843,4611,18321_a,irHepatitis,local,288
PTGS1,3.85361446081249e-12,1.84789000372135,5.04956377623705e-12,48.5662627936284,5.36261514393877,557,18321_a,irHepatitis,local,289
CCL7,8.63488167613571e-08,2.95871229299733,1.03837184713024e-07,48.1230729884535,4.90970170515907,198,18321_a,irHepatitis,local,290
CEACAM6,1.34197369040297e-07,3.01505797457959,1.60867508628748e-07,47.7101393524571,5.08888539882687,191,18321_a,irHepatitis,local,291
BATF3,1.15735450403039e-09,2.28970903327024,1.45146769482359e-09,47.1156382332539,5.15580081627653,325,18321_a,irHepatitis,local,292
CXCR1,2.36971772511603e-08,2.66990210249619,2.86781125969456e-08,46.8779005553802,5.28405758499846,239,18321_a,irHepatitis,local,293
PAX5,1.20434295520904e-09,2.22546370052072,1.5054286940113e-09,45.7050861685224,5.2264144791599,339,18321_a,irHepatitis,local,294
STAT5B,7.62159913932285e-18,1.13033259530995,1.06871131842903e-17,44.5526758014726,5.43531192054833,5193,18321_a,irHepatitis,local,295
SMAD3,2.98168760697705e-17,1.15246734506455,4.13518719215795e-17,43.8530617739979,5.31772867512708,4136,18321_a,irHepatitis,local,296
FGF2,1.78944615668398e-09,2.09561758142411,2.21494964019515e-09,42.2085874479717,5.00054159927645,373,18321_a,irHepatitis,local,297
ORC6,2.41692597809438e-10,1.86054247682606,3.051268676664e-10,41.198651541488,5.04868951697891,496,18321_a,irHepatitis,local,298
EOMES,1.89167389507492e-09,1.99587916824579,2.33388337704049e-09,40.0888372642737,5.42158269840114,407,18321_a,irHepatitis,local,299
HPGDS,4.66109422433512e-10,1.85234885153026,5.86495299750776e-10,39.8006801248918,5.03222989665915,498,18321_a,irHepatitis,local,300
PDCD1LG2,1.43921936958585e-13,1.34131179249265,1.91224951203714e-13,39.6619262198114,5.36728602870686,1428,18321_a,irHepatitis,local,301
CEACAM8,3.49863545589237e-12,1.40594938121367,4.60028191432214e-12,37.0870439638837,5.0034487574995,1138,18321_a,irHepatitis,local,302
UBE2C,1.41209927327971e-09,1.76838575664246,1.75933679949603e-09,36.036498101227,5.09312098844066,532,18321_a,irHepatitis,local,303
RB1,1.38361293025349e-13,1.16127883246909,1.84481724033799e-13,34.3841981890066,5.25865354719952,3242,18321_a,irHepatitis,local,304
IL22RA1,2.87684753381677e-09,1.71090790216931,3.51511917315233e-09,33.6476913024048,4.75224078453546,563,18321_a,irHepatitis,local,305
ACE2,2.60602295038892e-09,1.67876156281185,3.19447974563803e-09,33.1814618699564,4.89571079284144,590,18321_a,irHepatitis,local,306
IRF2,1.54453021013677e-13,1.0993059734268,2.04502257788144e-13,32.4283020464605,5.46090851390833,6119,18321_a,irHepatitis,local,307
P2RX1,2.23941374232881e-07,2.02443920104233,2.67602900026713e-07,30.997973234372,5.03037879374315,342,18321_a,irHepatitis,local,308
ICOSLG,4.96432851605036e-12,1.17762216045383,6.46042752088745e-12,30.6520246492536,5.06203717506991,2682,18321_a,irHepatitis,local,309
CXCR5,3.59251496291686e-07,2.05456883026422,4.27948490880378e-07,30.4882464344415,5.17278318239807,329,18321_a,irHepatitis,local,310
EPOR,2.57162348097818e-11,1.23242682919974,3.29029266926501e-11,30.0513708583054,5.24624550909956,1925,18321_a,irHepatitis,local,311
CCL13,5.69845413824662e-07,2.06135250804615,6.74583355929506e-07,29.6379217028423,5.06082398651671,323,18321_a,irHepatitis,local,312
PIK3CA,8.92644326028942e-12,1.15080197005195,1.14984692844406e-11,29.2787072797661,5.21453747988213,3193,18321_a,irHepatitis,local,313
CDKN1B,3.2291005569704e-12,1.10033024909793,4.26061879044705e-12,29.1134372316935,5.3515030055456,5505,18321_a,irHepatitis,local,314
IL15,9.85925916742016e-11,1.22365866204602,1.2572209676576e-10,28.1931261555758,5.15774646267686,1931,18321_a,irHepatitis,local,315
CD79B,2.09209969575035e-05,2.60900231455603,2.43864381713231e-05,28.1113666410528,5.31379634349038,183,18321_a,irHepatitis,local,316
PDCD1,5.61300149876093e-06,2.31782981851058,6.60353117501286e-06,28.0235474791362,5.32061173470944,232,18321_a,irHepatitis,local,317
IL15RA,1.63824305446827e-10,1.21823771347976,2.08204802909011e-10,27.4496081769954,5.20331595919692,1943,18321_a,irHepatitis,local,318
CDKN2B,5.54136565692131e-08,1.58858597487606,6.68482206231777e-08,26.5427930729022,5.07670993595453,596,18321_a,irHepatitis,local,319
SOCS2,7.74168625241554e-09,1.37279090012856,9.39885231922653e-09,25.6391301006661,5.47340734368472,994,18321_a,irHepatitis,local,320
NCAM1,1.29644241935399e-05,2.02200014017241,1.51584036724467e-05,22.7541773162264,5.29578544034207,284,18321_a,irHepatitis,local,321
KMT2C,1.71368915713141e-09,1.09496533353352,2.12811071800633e-09,22.101456310991,5.31148502840873,4830,18321_a,irHepatitis,local,322
DMBT1,0.000217617464901084,2.56041186916334,0.000248332242229466,21.5913689675155,4.83213516050041,165,18321_a,irHepatitis,local,323
ARID1A,6.27815312677367e-09,1.08836429045636,7.64646855183973e-09,20.5550547655091,5.31484746854239,5046,18321_a,irHepatitis,local,324
CXCR3,1.24048270551258e-05,1.81852846961349,1.45488712374933e-05,20.5446887820795,5.21772942878118,349,18321_a,irHepatitis,local,325
CX3CR1,0.000349935128038632,2.46387210616103,0.000396941339267702,19.606909714284,5.24184193127153,165,18321_a,irHepatitis,local,326
FCER2,0.000178797511764115,2.05278465334607,0.000204647754428807,17.7140055421387,5.15425507227945,238,18321_a,irHepatitis,local,327
HIF1A,3.99718080569256e-07,1.16762393841949,4.74665220675992e-07,17.2020270718842,5.28672353797526,1988,18321_a,irHepatitis,local,328
MMP9,0.0200047044002909,3.97599198916591,0.0216575147353576,15.553237008097,5.46512769311109,58,18321_a,irHepatitis,local,329
CDK2,1.91334255259343e-06,1.13671737830502,2.25798189436492e-06,14.9667698925017,5.14110306486651,2322,18321_a,irHepatitis,local,330
FLT3LG,0.000137254263656332,1.63427602493886,0.000158050364210321,14.5347205013251,5.27002837023619,383,18321_a,irHepatitis,local,331
FOS,0.0130008740754802,3.19994396202701,0.0141556795091188,13.8965204407843,5.1115848864341,78,18321_a,irHepatitis,local,332
IL22RA2,0.00155553347068806,2.11655057366844,0.00174366583734945,13.6854820829489,5.04296033520572,186,18321_a,irHepatitis,local,333
LILRA5,8.32422438211264e-05,1.39941311075126,9.64391849147196e-05,13.1457447468936,5.13202524090114,623,18321_a,irHepatitis,local,334
AREG,0.00258850917308745,2.13453381139531,0.00288455567675435,12.7147203015388,4.97080606440468,179,18321_a,irHepatitis,local,335
GATA2,0.000528274586406195,1.54221727777868,0.000597453401292721,11.6374086573986,5.25716401423541,411,18321_a,irHepatitis,local,336
NOD1,0.000145397314670235,1.27182857347467,0.00016692138844317,11.2379287354453,5.23987978461236,883,18321_a,irHepatitis,local,337
IFNL1,0.0221389485755147,2.82831001253606,0.0238322959169847,10.7770401079846,4.98606110884681,85,18321_a,irHepatitis,local,338
BRAF,5.02732765164527e-05,1.08472088785349,5.84215445756943e-05,10.736607378533,5.20664988835904,3324,18321_a,irHepatitis,local,339
PGA5,0.00130514657507955,1.52288520052272,0.00146732455186458,10.1141505741454,4.99512237194888,394,18321_a,irHepatitis,local,340
FHIT,0.000245781897428281,1.20886378683844,0.000279632098870499,10.0469467308553,5.00348426827758,1114,18321_a,irHepatitis,local,341
CDK4,0.000108370034198715,1.0916237772872,0.000125169036460522,9.96648026942384,5.20075783565079,2872,18321_a,irHepatitis,local,342
IL23A,0.00281130414588569,1.47709634891026,0.00312367127320632,8.6766216991845,4.98128782791755,392,18321_a,irHepatitis,local,343
CFC1,0.00224916447381109,1.413959197539,0.00251377205896533,8.62118703743837,4.96443861642314,469,18321_a,irHepatitis,local,344
CCR6,0.00804208563090859,1.69461326551566,0.00880689492721978,8.17323301804978,5.16884270429264,250,18321_a,irHepatitis,local,345
DERL3,0.00419765179502484,1.43506637658475,0.00465045971460478,7.85444835359716,5.06808027713888,413,18321_a,irHepatitis,local,346
CDK6,0.000812069245618463,1.10074942324353,0.000915686389718149,7.83285027749356,5.07468191273785,2189,18321_a,irHepatitis,local,347
CD1C,0.00590080755811344,1.50403199076609,0.00651833393047415,7.71969395694271,5.16596001877319,341,18321_a,irHepatitis,local,348
MS4A2,0.0137510115363117,1.74495578935144,0.0149296696679955,7.48000233005302,5.07285746563556,216,18321_a,irHepatitis,local,349
PLD4,0.0222792730455503,1.90157282734898,0.0239156038342066,7.23377032603508,5.07975089926706,171,18321_a,irHepatitis,local,350
CDKN2D,0.00658395745815829,1.36750674927181,0.00725189517130478,6.86914951373015,5.24368771355322,454,18321_a,irHepatitis,local,351
KLRC1,0.00681056832591364,1.34857785095091,0.00747981492441382,6.72843210598954,5.23744618593729,475,18321_a,irHepatitis,local,352
EPO,0.0243318730213931,1.79744608151491,0.0259722240115994,6.67925237429425,4.8643528555483,187,18321_a,irHepatitis,local,353
IL4,0.0243318730213931,1.79744608151491,0.0259722240115994,6.67925237429425,5.13307614004443,181,18321_a,irHepatitis,local,353
MUC5AC,0.0128850717443981,1.37261981631215,0.014069905927791,5.97321025518679,4.89414184957982,418,18321_a,irHepatitis,local,355
CCL26,0.0267940663831783,1.60497234621471,0.0283614073136706,5.80931749049942,4.92180476337787,226,18321_a,irHepatitis,local,356
IFNB1,0.0208156024278984,1.49640883724514,0.022471388984663,5.79417351455136,4.88989676417532,292,18321_a,irHepatitis,local,357
LILRA4,0.0251021717516702,1.31033420634734,0.0267193985031784,4.82832067938123,5.00699205492729,450,18321_a,irHepatitis,local,358
EGF,0.0606029185456407,1.48108302272941,0.0632667830970974,4.1520862540071,4.98154395709371,234,18321_a,irHepatitis,local,359
NOSIP,0.041493487401694,1.27500164594703,0.0436773551596779,4.05733420029203,4.85934211663543,452,18321_a,irHepatitis,local,360
IL6,0.0575671711381652,1.33772573131492,0.0604296271616099,3.81894318917982,4.98448267821363,341,18321_a,irHepatitis,local,361
FADD,0.0306571614975681,1.05940874820383,0.0323603371363219,3.69192188232631,5.13286479753265,2381,18321_a,irHepatitis,local,362
IRF3,0.060563269054966,1.15713745194454,0.0632667830970974,3.24469058576486,4.95952044711723,730,18321_a,irHepatitis,local,363
AIRE,0.130732096896342,1.53016683881981,0.135286490445134,3.11328527191771,4.78453845626445,176,18321_a,irHepatitis,local,364
REG4,0.110364145237684,1.41099124409248,0.114585724563715,3.10978232890614,4.90982940371323,242,18321_a,irHepatitis,local,365
IL2,0.131014285483709,1.237617293455,0.135286490445134,2.51539392184274,5.15143288305504,390,18321_a,irHepatitis,local,366
IL1A,0.191127336504605,1.32121609773502,0.196824899381436,2.18636873178327,4.97360380062832,248,18321_a,irHepatitis,local,367
CCR3,0.267510083351944,1.36443180001724,0.274740085604699,1.79913706799421,4.96480728689142,187,18321_a,irHepatitis,local,368
IL13,0.0701127597556789,0.594289771426754,0.0729941060470082,1.57941449588333,4.90339788957153,259,18321_a,irHepatitis,local,369
CDKN2A,0.484867256144652,1.16097712088252,0.495294508964967,0.840408262432014,5.02825203655891,253,18321_a,irHepatitis,local,370
CDKN1C,0.548425640898824,1.12842856179307,0.55871781110336,0.677851072954766,5.20662043081276,245,18321_a,irHepatitis,local,371
CD1A,0.339532166581953,0.56622945344195,0.347768795959952,0.611633462212764,4.79454517399677,155,18321_a,irHepatitis,local,372
ERBB4,0.6013661216179,1.17592222791135,0.61101370645669,0.598016827729352,4.92918432368776,169,18321_a,irHepatitis,local,373
IL5,0.740480189304598,1.0525507747578,0.750353258495326,0.316245615301795,4.93839193482886,263,18321_a,irHepatitis,local,374
CDX2,0.819221340929017,0.917803308115938,0.827936461577198,0.183010873668201,4.87492452296535,259,18321_a,irHepatitis,local,375
MMP12,0.852349548314131,1.07122137582859,0.857575279060603,0.171136793351212,5.05960943996186,157,18321_a,irHepatitis,local,376
CDX1,0.853061724960284,1.06116303350251,0.857575279060603,0.168643607424263,4.94127993652042,160,18321_a,irHepatitis,local,377
TCL1A,0.892187925296216,1.00947293061285,0.894541983146602,0.115159147628811,5.00074185310605,213,18321_a,irHepatitis,local,378
IL12B,0.912341852007919,0.942825720493277,0.912341852007919,0.0864953232005222,4.88877437892612,265,18321_a,irHepatitis,local,379
FCER1A,0.0253424459189981,0,0.0268998029307801,0,4.90065932206754,116,18321_a,irHepatitis,local,380
CXCL6,1.11253692925371e-308,25.9343100308142,1.11253692925406e-308,19149.2192966815,6.18499191379162,449,24774_d,irHepatitis,contact,1
IDO1,1.11253692925371e-308,22.4308700515436,1.11253692925406e-308,16562.3704321425,5.67797801718066,305,24774_d,irHepatitis,contact,2
EPCAM,1.11253692925371e-308,20.8430421752301,1.11253692925406e-308,15389.9596692272,5.67115440907958,320,24774_d,irHepatitis,contact,3
IGHM,1.11253692925371e-308,18.4449810993967,1.11253692925406e-308,13619.2938071545,6.889337136579,350,24774_d,irHepatitis,contact,4
IL7R,1.11253692925371e-308,18.1766238072793,1.11253692925406e-308,13421.1457696508,7.52911594892792,1973,24774_d,irHepatitis,contact,5
JCHAIN,7.55598054304945e-120,30.9448209707663,1.59515144797711e-119,8487.78908682951,5.86717151250341,136,24774_d,irHepatitis,contact,6
CCL19,1.11253692925371e-308,9.89533133334041,1.11253692925406e-308,7306.4550200224,6.64971368950939,1779,24774_d,irHepatitis,contact,7
IGHG4,3.19933052643508e-160,19.4524294313446,7.79324102593161e-160,7143.91780601354,5.40251583127032,229,24774_d,irHepatitis,contact,8
CXCL1,3.8966130297687e-234,12.8047630807188,1.23392745942676e-233,6881.85338467889,5.38051613640096,375,24774_d,irHepatitis,contact,9
ARG1,1.11253692925371e-308,9.31127730050082,1.11253692925406e-308,6875.20472870299,7.53189916473012,12855,24774_d,irHepatitis,contact,10
NOTCH3,1.11253692925371e-308,9.0181701765551,1.11253692925406e-308,6658.782059768,6.53313102742246,898,24774_d,irHepatitis,contact,11
SDC1,1.11253692925371e-308,8.88682182525839,1.11253692925406e-308,6561.79785697834,7.82591031320066,13177,24774_d,irHepatitis,contact,12
KLRB1,1.11253692925371e-308,8.35047929458215,1.11253692925406e-308,6165.77649663163,6.21100519444977,778,24774_d,irHepatitis,contact,13
RGS5,1.11253692925371e-308,8.11084928013499,1.11253692925406e-308,5988.83993301133,6.60169202129595,1968,24774_d,irHepatitis,contact,14
MGP,1.11253692925371e-308,7.95125653412456,1.11253692925406e-308,5871.0008045409,6.38630636143037,1237,24774_d,irHepatitis,contact,15
APOE,1.11253692925371e-308,7.79715333376681,1.11253692925406e-308,5757.21501365366,7.7471981102907,15167,24774_d,irHepatitis,contact,16
CXCL11,1.11253692925371e-308,7.56811175000218,1.11253692925406e-308,5588.09667156717,5.4828770348516,1334,24774_d,irHepatitis,contact,17
SPARCL1,1.11253692925371e-308,7.35579343416354,1.11253692925406e-308,5431.32635510742,6.74822137856167,2806,24774_d,irHepatitis,contact,18
CCL8,2.6519617588096e-108,21.426600654634,5.27615428454266e-108,5307.45234000489,5.28685456298583,172,24774_d,irHepatitis,contact,19
CCL21,1.11253692925371e-308,7.02986483768327,1.11253692925406e-308,5190.66916539832,6.53130403165473,1375,24774_d,irHepatitis,contact,20
ID4,9.77464305696694e-244,9.06710808570671,3.25821435232231e-243,5073.50913443722,6.16500754511691,482,24774_d,irHepatitis,contact,21
IGHG3,8.53652350872354e-128,17.2099640407141,1.83269996232483e-127,5035.40379883725,5.66150220398773,213,24774_d,irHepatitis,contact,22
SOX9,2.40173756159015e-305,7.00210538010786,9.31285993269648e-305,4911.362565748,5.07375964833039,741,24774_d,irHepatitis,contact,23
CCL20,2.86864383785733e-173,12.30610129151,7.62296963906144e-173,4889.13259764969,5.18942439048348,326,24774_d,irHepatitis,contact,24
CXCL10,1.11253692925371e-308,6.47669945667153,1.11253692925406e-308,4782.22625036644,5.75271131074645,1826,24774_d,irHepatitis,contact,25
CCL2,2.09591089599533e-216,8.68473288775267,6.27122945258446e-216,4312.99808021152,5.54621194735559,486,24774_d,irHepatitis,contact,26
ISG15,1.11253692925371e-308,5.48538365832543,1.11253692925406e-308,4050.26447493306,6.83145022891194,12654,24774_d,irHepatitis,contact,27
BANK1,1.16815795443521e-98,17.4450247219963,2.18669961913981e-98,3933.81663220922,6.20743321227614,170,24774_d,irHepatitis,contact,28
MS4A1,4.51615346591406e-112,13.5842331311736,9.12839530344331e-112,3482.75108979163,6.54942908310463,221,24774_d,irHepatitis,contact,29
MARCO,1.11253692925371e-308,4.58503129547152,1.11253692925406e-308,3385.46773192777,6.02922607535749,4202,24774_d,irHepatitis,contact,30
NELL2,8.20153785672595e-157,9.07883786369636,1.93576669910302e-156,3262.94829073767,6.07257118870353,364,24774_d,irHepatitis,contact,31
LTB,9.96920855670866e-240,5.91991859063994,3.23786260816179e-239,3257.85505175772,5.93373428267673,709,24774_d,irHepatitis,contact,32
CCND1,1.11253692925371e-308,4.37782837988009,1.11253692925406e-308,3232.47449382512,6.65329600017227,12494,24774_d,irHepatitis,contact,33
MKI67,3.34672135855834e-245,5.66587724358241,1.12544612057714e-244,3189.4660245442,5.70770022371345,796,24774_d,irHepatitis,contact,34
FCMR,1.11253692925371e-308,4.2121428572977,1.11253692925406e-308,3110.1366177665,6.1988863738297,1994,24774_d,irHepatitis,contact,35
PLA2G7,1.11253692925371e-308,4.10512598562474,1.11253692925406e-308,3031.11814603252,5.4905331547836,1918,24774_d,irHepatitis,contact,36
FOXP3,1.11253692925371e-308,3.92040310089441,1.11253692925406e-308,2894.72357742384,6.23465000534514,9574,24774_d,irHepatitis,contact,37
MX1,1.11253692925371e-308,3.82738970768553,1.11253692925406e-308,2826.0449095908,6.91977125183546,13525,24774_d,irHepatitis,contact,38
IL1B,4.68660757305563e-45,27.679584850996,7.21016549700867e-45,2825.30007209315,5.01598603145681,86,24774_d,irHepatitis,contact,39
CD3E,1.11253692925371e-308,3.80760140176864,1.11253692925406e-308,2811.43373971344,6.13043528752374,2183,24774_d,irHepatitis,contact,40
CCL16,1.11253692925371e-308,3.73505179248382,1.11253692925406e-308,2757.8649971314,6.26588289860063,9433,24774_d,irHepatitis,contact,41
CXCL9,1.11253692925371e-308,3.72137701756885,1.11253692925406e-308,2747.76789937293,5.64198926208039,4039,24774_d,irHepatitis,contact,42
CD40LG,2.62780666549701e-122,9.48402129515032,5.57858398261936e-122,2655.04447608988,5.93479421243686,300,24774_d,irHepatitis,contact,43
PLVAP,1.96186525178123e-271,4.23453680029105,6.96737192221372e-271,2639.49969951944,5.64607797837428,1133,24774_d,irHepatitis,contact,44
ANPEP,1.11253692925371e-308,3.46279790453878,1.11253692925406e-308,2556.83981472094,6.04115454104952,10146,24774_d,irHepatitis,contact,45
LUM,1.11253692925371e-308,3.41815432081813,1.11253692925406e-308,2523.87615484949,5.96349387176896,1741,24774_d,irHepatitis,contact,46
CD2,1.11253692925371e-308,3.40728600484092,1.11253692925406e-308,2515.85127330123,6.3567892390748,2608,24774_d,irHepatitis,contact,47
SELL,5.38354882202647e-241,4.49187538708571,1.76357633825005e-240,2485.08361021801,5.77712186283807,949,24774_d,irHepatitis,contact,48
IGHG1,4.67896120709641e-163,6.6433779870062,1.17748692628916e-162,2483.15049062636,5.42828432523669,524,24774_d,irHepatitis,contact,49
DGKA,1.11253692925371e-308,3.32603478492707,1.11253692925406e-308,2455.85748798731,5.98827393922601,2152,24774_d,irHepatitis,contact,50
IFIT3,1.11253692925371e-308,3.27284137667383,1.11253692925406e-308,2416.58086028567,6.2514280550445,11239,24774_d,irHepatitis,contact,51
IFITM3,1.11253692925371e-308,3.21875208996924,1.11253692925406e-308,2376.64273926079,7.62477136468366,17584,24774_d,irHepatitis,contact,52
SLC1A3,1.11253692925371e-308,3.17921443032258,1.11253692925406e-308,2347.44916078688,5.56125775108923,1993,24774_d,irHepatitis,contact,53
XBP1,1.11253692925371e-308,3.15278186081398,1.11253692925406e-308,2327.93203966457,6.5225724296024,12253,24774_d,irHepatitis,contact,54
CD8A,1.11253692925371e-308,3.12414970184386,1.11253692925406e-308,2306.79079895276,6.3229201635229,2577,24774_d,irHepatitis,contact,55
ITGAX,1.11253692925371e-308,3.10315292190903,1.11253692925406e-308,2291.28732332458,5.72575416005373,1965,24774_d,irHepatitis,contact,56
CSF1R,1.11253692925371e-308,3.04828506676343,1.11253692925406e-308,2250.7743276338,5.58436388085293,2583,24774_d,irHepatitis,contact,57
C1S,1.11253692925371e-308,3.04820222629564,1.11253692925406e-308,2250.71316038924,7.66807949593369,15078,24774_d,irHepatitis,contact,58
STAT1,1.11253692925371e-308,3.04002100089431,1.11253692925406e-308,2244.67235656066,6.5989703725536,13755,24774_d,irHepatitis,contact,59
VSIG4,1.11253692925371e-308,3.01246563453591,1.11253692925406e-308,2224.32619147778,6.08132397875144,4921,24774_d,irHepatitis,contact,60
PRDX4,1.11253692925371e-308,3.00622124315685,1.11253692925406e-308,2219.71549546351,5.7956378279101,9307,24774_d,irHepatitis,contact,61
TCF7,1.11253692925371e-308,2.99570423730194,1.11253692925406e-308,2211.95001216279,5.48106196767255,2201,24774_d,irHepatitis,contact,62
TC2N,1.11253692934875e-308,3.00481650539305,1.11253692965534e-308,2198.25959477512,5.79160503909895,1845,24774_d,irHepatitis,contact,63
CCR1,1.11253692925371e-308,2.94409987964955,1.11253692925406e-308,2173.84669805202,5.3384197264845,2010,24774_d,irHepatitis,contact,64
S100A9,1.11253692925371e-308,2.86364631956711,1.11253692925406e-308,2114.44188398961,6.0512725180683,4663,24774_d,irHepatitis,contact,65
IGLC3,1.29110429636171e-22,41.6982270298567,1.65749875884273e-22,2101.64794192347,5.65816890032988,44,24774_d,irHepatitis,contact,66
GPR34,1.1125369306148e-308,2.87945244467281,1.11253693475632e-308,2098.88460838998,5.43453880937369,2022,24774_d,irHepatitis,contact,67
IL2RG,1.11253692925371e-308,2.82557853568983,1.11253692925406e-308,2086.33362351388,5.80662382391258,2242,24774_d,irHepatitis,contact,68
CD163,1.11253692925371e-308,2.82455423555015,1.11253692925406e-308,2085.57730695959,6.71281254173788,8033,24774_d,irHepatitis,contact,69
C1QB,1.11253692925371e-308,2.77513947279425,1.11253692925406e-308,2049.09073271174,5.52574241537399,3354,24774_d,irHepatitis,contact,70
CORO1A,1.11253692925371e-308,2.74899207432566,1.11253692925406e-308,2029.7841744606,5.87088751438302,2918,24774_d,irHepatitis,contact,71
HAVCR2,1.11253692976798e-308,2.76202531483741,1.11253693137819e-308,2015.97778104507,5.3371272543257,2179,24774_d,irHepatitis,contact,72
VCAN,5.60504703803171e-148,5.91233964294701,1.27539992482159e-147,2004.63153134412,5.73627276877603,544,24774_d,irHepatitis,contact,73
LAMP1,1.11253692925371e-308,2.71013308177417,1.11253692925406e-308,2001.09170609987,6.40171568049776,13407,24774_d,irHepatitis,contact,74
FN1,1.11253692925371e-308,2.66376432544427,1.11253692925406e-308,1966.85422369063,6.15061844651543,9937,24774_d,irHepatitis,contact,75
FCGR3A,1.11253692925371e-308,2.64971654485017,1.11253692925406e-308,1956.48170825034,5.63697627066478,4100,24774_d,irHepatitis,contact,76
AIF1,1.11253692925371e-308,2.63703990434753,1.11253692925406e-308,1947.12160695434,5.46467637689671,2770,24774_d,irHepatitis,contact,77
IGKC,1.40685964155929e-224,3.77382178320401,4.311344062843e-224,1945.1700232193,5.40753280657195,1147,24774_d,irHepatitis,contact,78
MPEG1,1.11253692925371e-308,2.62945550943587,1.11253692925406e-308,1941.52148722016,5.86507142635992,4211,24774_d,irHepatitis,contact,79
EGR3,2.00046604068278e-65,13.0036781833617,3.39364774758687e-65,1937.21841740328,5.2704000957967,180,24774_d,irHepatitis,contact,80
TFF3,2.54268840584449e-72,11.5704927891865,4.43220914780231e-72,1907.42934564909,5.93977034319041,200,24774_d,irHepatitis,contact,81
IL10RA,1.11253692925371e-308,2.56218700023368,1.11253692925406e-308,1891.85217143951,6.07534624363395,4036,24774_d,irHepatitis,contact,82
CTSD,1.11253692925371e-308,2.52091109595155,1.11253692925406e-308,1861.375118384,6.24524620961972,12830,24774_d,irHepatitis,contact,83
LAMP2,1.11253692925371e-308,2.51386947909715,1.11253692925406e-308,1856.17577183543,5.85840235402564,10346,24774_d,irHepatitis,contact,84
CXCL13,1.76625625090586e-134,6.0104621365925,3.90219404269899e-134,1851.08734469635,5.08350061073574,555,24774_d,irHepatitis,contact,85
NT5E,1.11253692925371e-308,2.50540909123684,1.11253692925406e-308,1849.92884171547,5.39190547245704,7183,24774_d,irHepatitis,contact,86
G0S2,1.11253692925371e-308,2.49350208707866,1.11253692925406e-308,1841.13701985783,5.44002064437492,6228,24774_d,irHepatitis,contact,87
TMPRSS2,1.11253692925371e-308,2.49344570958754,1.11253692925406e-308,1841.09539218624,5.3819565653205,6740,24774_d,irHepatitis,contact,88
C1R,1.11253692925371e-308,2.49146401267317,1.11253692925406e-308,1839.63215878047,7.09569868524519,14385,24774_d,irHepatitis,contact,89
ERBB3,1.11253692925371e-308,2.47306231833245,1.11253692925406e-308,1826.0448267889,5.660906672297,7496,24774_d,irHepatitis,contact,90
IGFBP7,1.11253692925371e-308,2.42535278889067,1.11253692925406e-308,1790.81735242245,6.67793515751492,7701,24774_d,irHepatitis,contact,91
IQGAP2,1.11253692925371e-308,2.42335696843386,1.11253692925406e-308,1789.34369056066,6.02727126134356,11461,24774_d,irHepatitis,contact,92
IFIT2,1.11253692925371e-308,2.41489644328143,1.11253692925406e-308,1783.09665906777,5.39728479215485,6467,24774_d,irHepatitis,contact,93
CD68,1.11253692925371e-308,2.36290457828099,1.11253692925406e-308,1744.70721962041,5.4118734568981,3617,24774_d,irHepatitis,contact,94
FCGR2B,1.11253692925371e-308,2.36285878082782,1.11253692925406e-308,1744.67340397338,5.80694352328476,7120,24774_d,irHepatitis,contact,95
CCL7,2.26981004139573e-35,21.3721707201542,3.23044125741714e-35,1704.87477371386,4.67922691877369,89,24774_d,irHepatitis,contact,96
CCL4,8.52282241055593e-191,3.88493027156769,2.39901667852685e-190,1700.24363851084,5.5748052539624,1017,24774_d,irHepatitis,contact,97
IGHGP,9.4723752980603e-64,11.5689747601996,1.57872921634338e-63,1678.8556767485,5.35512796817879,195,24774_d,irHepatitis,contact,98
IGHG2,1.61638146663297e-64,11.4273115323345,2.70583681639e-64,1678.50357939924,5.44542079855678,203,24774_d,irHepatitis,contact,99
CTSS,1.11253692940947e-308,2.28645183351579,1.11253692990446e-308,1671.59085540904,5.05468730459319,2986,24774_d,irHepatitis,contact,100
CD86,1.57560610681442e-251,2.88190449594753,5.39396685215749e-251,1664.28318414147,5.20647662244665,1730,24774_d,irHepatitis,contact,101
A2M,1.11253692925371e-308,2.23249106579596,1.11253692925406e-308,1648.41327746968,6.13533006119363,10879,24774_d,irHepatitis,contact,102
PDGFRA,1.11253692925371e-308,2.21790263705222,1.11253692925406e-308,1637.64156151209,6.26350570832007,3215,24774_d,irHepatitis,contact,103
DCN,1.11253692925371e-308,2.20769530589954,1.11253692925406e-308,1630.10473394875,6.36948885637422,5334,24774_d,irHepatitis,contact,104
CD74,1.11253692925371e-308,2.18504361539223,1.11253692925406e-308,1613.37931544139,6.35525981954965,11089,24774_d,irHepatitis,contact,105
CEACAM1,1.11253692925371e-308,2.17382768239767,1.11253692925406e-308,1605.09776253813,5.0766133281495,5439,24774_d,irHepatitis,contact,106
FCGR2A,1.11254054443542e-308,2.2142127498347,1.11255123934831e-308,1596.52141347316,5.36575899954203,3153,24774_d,irHepatitis,contact,107
IL18,1.11253692925371e-308,2.12825238277331,1.11253692925406e-308,1571.44614790169,5.40383515495216,3666,24774_d,irHepatitis,contact,108
VSIR,1.11253694896923e-308,2.14395658872789,1.11253700811611e-308,1557.03757220312,5.68661273172105,3297,24774_d,irHepatitis,contact,109
CMKLR1,1.40257904279866e-265,2.52141349158733,4.88972510333477e-265,1537.67579029101,5.47741538219175,2213,24774_d,irHepatitis,contact,110
FABP3,1.19644702703655e-237,2.80564663782877,3.85296500232109e-237,1530.57369894829,4.94719300208211,1821,24774_d,irHepatitis,contact,111
NKG7,2.94115427744622e-235,2.83350960112688,9.39192122209717e-235,1530.17649142393,5.89342616559359,1717,24774_d,irHepatitis,contact,112
PTPRC,1.04799778890459e-279,2.38139543554507,3.82922269022829e-279,1529.7473675513,5.57652550731131,2482,24774_d,irHepatitis,contact,113
CCL14,1.11253692925371e-308,2.06906120181449,1.11253692925406e-308,1527.74092099327,5.66857841629108,6320,24774_d,irHepatitis,contact,114
LCK,2.24293509158908e-214,3.08221755755996,6.55627180618345e-214,1516.28282501353,5.78961173189992,1389,24774_d,irHepatitis,contact,115
CCL15,1.11253692925371e-308,2.03483807506194,1.11253692925406e-308,1502.47145523829,4.88819819364839,4143,24774_d,irHepatitis,contact,116
ITGA1,1.11253692925371e-308,2.01399942401372,1.11253692925406e-308,1487.08473786292,5.71891506058424,9548,24774_d,irHepatitis,contact,117
CXCL14,9.93868143056038e-225,2.86651271552653,3.07048694602679e-224,1478.50486743061,5.55971514856458,1738,24774_d,irHepatitis,contact,118
C1QBP,1.11253692925371e-308,1.98427165431699,1.11253692925406e-308,1465.13452671608,5.46766609928139,8675,24774_d,irHepatitis,contact,119
ID2,1.11253692925371e-308,1.95807247535129,1.11253692925406e-308,1445.78973509406,5.42401201162715,7834,24774_d,irHepatitis,contact,120
CD28,1.76424310987685e-161,3.84682784574461,4.41060777469214e-161,1423.897473025,5.74521187870253,878,24774_d,irHepatitis,contact,121
IL1RAP,1.11253692925371e-308,1.91726057045875,1.11253692925406e-308,1415.65528710704,5.04614594333877,5023,24774_d,irHepatitis,contact,122
CDK1,3.49614222825193e-101,6.10553446890098,6.67605048610921e-101,1412.26772380937,5.25446509476766,444,24774_d,irHepatitis,contact,123
VEGFA,1.11253692925371e-308,1.90744187289723,1.11253692925406e-308,1408.40541646888,5.81741350573497,7718,24774_d,irHepatitis,contact,124
CTSB,1.11253692925371e-308,1.90703469763744,1.11253692925406e-308,1408.10476885834,5.14363121706856,5508,24774_d,irHepatitis,contact,125
PTGS1,6.78436563044577e-102,5.90166481455609,1.30865936018751e-101,1374.78726326865,5.48791607674655,468,24774_d,irHepatitis,contact,126
CDKN1A,1.11253693051488e-308,1.85996540076803,1.11253693440721e-308,1355.90399278688,5.05882905462674,4958,24774_d,irHepatitis,contact,127
MYD88,1.11253692925371e-308,1.82585954715489,1.11253692925406e-308,1348.16715123194,5.4776956647116,9222,24774_d,irHepatitis,contact,128
IFNGR1,1.11253692925371e-308,1.8058747807443,1.11253692925406e-308,1333.41092004111,5.67315198979963,9270,24774_d,irHepatitis,contact,129
ERBB2,1.11253692925371e-308,1.80409451950595,1.11253692925406e-308,1332.09642149389,5.38762324188005,6791,24774_d,irHepatitis,contact,130
CXCL5,5.15558778662523e-39,15.1071133547869,7.53508984199072e-39,1331.85425475101,5.27746622045364,112,24774_d,irHepatitis,contact,131
ENTPD1,3.26926261596272e-243,2.35041970234589,1.08027808179638e-242,1312.34182899803,5.57630174453194,2324,24774_d,irHepatitis,contact,132
CCR7,3.33219348716049e-65,8.79927390357991,5.62770455609328e-65,1306.37892275351,6.05429030958004,220,24774_d,irHepatitis,contact,133
IL1R1,1.11253692925371e-308,1.73247126589824,1.11253692925406e-308,1279.21167582507,5.68174120079324,9316,24774_d,irHepatitis,contact,134
ITGAM,6.44869368787244e-213,2.58609797102945,1.87061343617674e-212,1263.5331956742,5.41491512004541,1825,24774_d,irHepatitis,contact,135
IFNAR1,1.11253692925371e-308,1.70719156999818,1.11253692925406e-308,1260.5458065589,5.5967533349474,10147,24774_d,irHepatitis,contact,136
CXCL12,1.11253692925371e-308,1.70387784547922,1.11253692925406e-308,1258.09903865079,6.38946850351913,8125,24774_d,irHepatitis,contact,137
SSR4,1.11253692925371e-308,1.69590764674139,1.11253692925406e-308,1252.21405141621,5.21337906254718,7244,24774_d,irHepatitis,contact,138
CD14,2.63277607826631e-293,1.84996304255453,9.90549415585344e-293,1246.30047997816,4.88617762013394,4718,24774_d,irHepatitis,contact,139
FGR,5.33798889497055e-229,2.34691484969088,1.66265227876132e-228,1233.57866484012,5.50614737337005,2239,24774_d,irHepatitis,contact,140
ACTB,4.74419105261119e-212,2.52849936709794,1.3657519696911e-211,1230.3453358742,7.58051782329428,18030,24774_d,irHepatitis,contact,141
STAT2,1.11253692925371e-308,1.64750606395358,1.11253692925406e-308,1216.47558287747,6.05726025056173,11457,24774_d,irHepatitis,contact,142
SYK,8.82756857310709e-206,2.5658690783731,2.50334034162738e-205,1211.48701546442,5.40798973917674,1783,24774_d,irHepatitis,contact,143
TREM2,3.26801205335619e-105,4.96680718694104,6.3684337450018e-105,1194.95049678558,5.02495043102949,534,24774_d,irHepatitis,contact,144
CCL5,2.54428425531506e-186,2.7765024312151,6.95559724474621e-186,1186.52992317307,5.67862554164914,1501,24774_d,irHepatitis,contact,145
CTNNB1,1.11258726177197e-308,1.61392362993515,1.11273410819155e-308,1159.44260770128,5.71785950454745,11116,24774_d,irHepatitis,contact,146
CLEC12A,6.79740047684406e-175,2.88599088314375,1.83192353276648e-174,1157.38580985082,5.50848500828599,1369,24774_d,irHepatitis,contact,147
HLA-B,1.16661199993043e-297,1.69047334298363,4.43312559973565e-297,1155.79973133606,6.15447208760239,13590,24774_d,irHepatitis,contact,148
TUBA1B,2.07984907105641e-302,1.64767631938075,7.98325906062058e-302,1144.55572351526,5.38130005032443,7232,24774_d,irHepatitis,contact,149
CD247,1.19763713368473e-158,3.06525732994706,2.88039310633036e-158,1114.61368091483,5.79015011032255,1158,24774_d,irHepatitis,contact,150
ARPC5,2.6268579711833e-277,1.74231839099314,9.50672408618717e-277,1109.59595918683,4.9897809695529,5299,24774_d,irHepatitis,contact,151
TXLNA,4.09259019659934e-285,1.60663388708516,1.52469046539975e-284,1052.06816967649,5.28340736883144,7805,24774_d,irHepatitis,contact,152
EGFR,4.41474655330476e-267,1.71038899389135,1.55333675023686e-266,1048.99058268215,5.07263143350248,5578,24774_d,irHepatitis,contact,153
CXCR2,2.77794197643338e-150,2.9874924911282,6.39768455178596e-150,1028.79099930497,5.39599976070666,1210,24774_d,irHepatitis,contact,154
IRF8,2.31295108432628e-223,2.00493148882158,7.03137129635188e-223,1027.80397133295,5.20101876287132,3033,24774_d,irHepatitis,contact,155
TRAT1,1.01007135069766e-117,3.77661516042288,2.12059178599508e-117,1017.39155377562,5.80437949673756,737,24774_d,irHepatitis,contact,156
NCEH1,2.23842858381756e-160,2.76251479396601,5.4877603990366e-160,1015.52209854493,4.93598096521748,1403,24774_d,irHepatitis,contact,157
ACTA2,1.02324743634292e-280,1.56700067039627,3.77508762922632e-280,1010.24665586146,5.8048791544756,10280,24774_d,irHepatitis,contact,158
LIF,1.26424451903286e-55,7.86190558080217,2.06185801387333e-55,993.805444454605,5.03432574362603,240,24774_d,irHepatitis,contact,159
STAT3,3.21964567142869e-276,1.56314838574998,1.15421259919142e-275,991.574134675396,5.4795986336978,9437,24774_d,irHepatitis,contact,160
AKT1,5.79604494630455e-262,1.57785875814877,2.00227007235975e-261,949.113787312501,5.28936941828863,7750,24774_d,irHepatitis,contact,161
RUNX3,2.24004412343515e-164,2.49066452517133,5.7128642074185e-164,938.525879308556,5.67914812100217,1602,24774_d,irHepatitis,contact,162
CD38,4.44554993678133e-171,2.38233099678883,1.14918977957613e-170,934.469684456272,5.21461275353444,1839,24774_d,irHepatitis,contact,163
CD79A,3.54581815141242e-29,14.0910424549691,4.81218177691685e-29,923.092901104566,5.8086120854285,97,24774_d,irHepatitis,contact,164
RGS1,2.93636456734319e-99,4.0674084634934,5.52385413658619e-99,922.808555794746,5.0653821758507,652,24774_d,irHepatitis,contact,165
CXCR4,3.74407869773235e-115,3.41717459090913,7.77458964556444e-115,900.347285975339,5.47873200018225,833,24774_d,irHepatitis,contact,166
CD3D,5.32085502297682e-153,2.56742082042565,1.24044472928294e-152,900.199063049909,5.77224208981067,1463,24774_d,irHepatitis,contact,167
CD44,8.92016724184356e-174,2.25844051126595,2.38708700838067e-173,899.901574550222,5.50892299519698,1953,24774_d,irHepatitis,contact,168
LAMP3,5.31000214361669e-110,3.53701774763877,1.06200042872334e-109,889.965899950046,4.39537386334165,842,24774_d,irHepatitis,contact,169
ID1,1.92575414863549e-214,1.79880628559344,5.67276415877121e-214,885.188781696115,5.09955756146856,3960,24774_d,irHepatitis,contact,170
PAX5,9.20471575971723e-25,15.7410521089725,1.19378566166981e-24,871.187134149274,5.67894010344065,81,24774_d,irHepatitis,contact,171
TGFB1,9.22707066487383e-215,1.76274298401596,2.73928660363442e-214,868.73906475904,5.61584725053937,3967,24774_d,irHepatitis,contact,172
CD47,1.58702262774103e-247,1.52510058015107,5.38454105840708e-247,866.679061213734,5.57557594842183,9437,24774_d,irHepatitis,contact,173
MET,2.22179959312135e-219,1.71732191963751,6.70066543957232e-219,864.616319461352,4.92826068925831,4595,24774_d,irHepatitis,contact,174
TUBB,7.12993425266135e-232,1.61868701877461,2.23915290579447e-231,861.522596949934,5.06337716719237,5865,24774_d,irHepatitis,contact,175
JAK3,1.60632118788521e-160,2.26242126802739,3.96364968439207e-160,832.434530892642,5.81522308724744,1868,24774_d,irHepatitis,contact,176
S100B,5.85364996912186e-100,3.58641456179357,1.10666019316732e-99,819.465041671066,5.49156344682072,746,24774_d,irHepatitis,contact,177
GZMA,9.75692911142418e-142,2.52324822704346,2.19386571736165e-141,819.271209779228,5.76702721228686,1477,24774_d,irHepatitis,contact,178
LILRB2,5.29122909045097e-156,2.26389933881752,1.24115250269838e-155,809.428284893884,5.43420176024602,1870,24774_d,irHepatitis,contact,179
CD19,4.49836987150439e-32,11.212166523094,6.26146722040905e-32,809.283055995372,5.75315497785917,122,24774_d,irHepatitis,contact,180
KLRK1,1.02024163617575e-146,2.39405290363666,2.30768941515943e-146,804.778561434858,6.23218145171877,1614,24774_d,irHepatitis,contact,181
CCL3L1,9.34717477947941e-38,9.40822042084197,1.35569710542068e-37,802.17459740088,4.90130537224501,175,24774_d,irHepatitis,contact,182
CXCL3,1.34406239384062e-35,9.92142117534878,1.9346352638615e-35,796.638346334846,4.95551885128301,163,24774_d,irHepatitis,contact,183
CPA3,1.87372661168118e-28,12.2559641607397,2.51595799448356e-28,782.47533169762,5.81666474565257,116,24774_d,irHepatitis,contact,184
FLT1,7.72555483629936e-189,1.78117435853691,2.14285462612683e-188,771.505073510891,5.92252074110889,3667,24774_d,irHepatitis,contact,185
GZMK,1.16443222913006e-112,2.91218597778779,2.36622592015733e-112,750.578941705779,5.75275449873118,1039,24774_d,irHepatitis,contact,186
PSMB10,4.05072367641735e-206,1.58228626767202,1.15734962183353e-205,748.316393975134,5.1167888242158,5682,24774_d,irHepatitis,contact,187
CTSL,2.52697523026354e-172,1.88635297382262,6.62241784482859e-172,745.331284233109,4.95435627788481,3024,24774_d,irHepatitis,contact,188
CLEC10A,5.67682217696619e-112,2.88424843348992,1.14137165462812e-111,738.809289360838,5.09284908295537,1045,24774_d,irHepatitis,contact,189
IL13RA2,6.76181829722122e-78,4.15606411570489,1.20069670698321e-77,738.492468310469,5.14747348346915,595,24774_d,irHepatitis,contact,190
NCAM1,3.10870616043589e-50,6.42157478090623,4.96348042422537e-50,732.02772561397,5.69330583295078,278,24774_d,irHepatitis,contact,191
COTL1,1.54456650121211e-160,1.98243599149965,3.8361782383046e-160,729.494559151064,5.30896514071534,2441,24774_d,irHepatitis,contact,192
IL10,5.83781228615549e-78,4.08872060195664,1.04148763790567e-77,727.12695517432,5.07723875923899,544,24774_d,irHepatitis,contact,193
CENPV,2.575133097883e-171,1.81246074604251,6.70240121366808e-171,711.927602492912,4.74894913248915,3300,24774_d,irHepatitis,contact,194
CD4,9.59134303017622e-187,1.61713592804941,2.64109445758476e-186,692.655786769363,5.59569850899844,4733,24774_d,irHepatitis,contact,195
ICAM1,4.82218432863301e-166,1.8102105678108,1.23812840870307e-165,689.067330040015,5.12437935778787,3181,24774_d,irHepatitis,contact,196
ZNF683,1.00860317151744e-16,18.4755945320473,1.25251374240728e-16,680.507787985591,5.456806330766,61,24774_d,irHepatitis,contact,197
KRAS,7.54249752715031e-189,1.51760042523573,2.10746254435082e-188,657.375985330167,5.14690859597654,6385,24774_d,irHepatitis,contact,198
SOX17,2.76549134166183e-69,4.15401265407645,4.77675777196135e-69,655.757227551961,5.87298046055512,508,24774_d,irHepatitis,contact,199
SOCS3,6.00738361967371e-87,3.22215258028163,1.09750277667116e-86,639.700118236905,5.45469928547561,786,24774_d,irHepatitis,contact,200
PRF1,2.83620748223412e-114,2.42673286446598,5.82572347702143e-114,634.474725909093,5.7985594586031,1375,24774_d,irHepatitis,contact,201
SPON2,1.56949188223435e-157,1.74229723130989,3.72754322030659e-157,629.065314452407,4.94311827296539,3420,24774_d,irHepatitis,contact,202
FGF2,9.45323786127149e-62,4.39718250861095,1.56865955776558e-61,617.865344433464,5.15748338482656,458,24774_d,irHepatitis,contact,203
CCR2,2.3636169086579e-60,4.49236110445012,3.90510619691305e-60,616.778324957862,5.69046427528595,405,24774_d,irHepatitis,contact,204
PTEN,1.17253676858349e-175,1.53124550711779,3.1825998004409e-175,616.775311016403,6.3459046248633,14320,24774_d,irHepatitis,contact,205
CD8B,8.12644727367151e-108,2.48971226054873,1.60835935624749e-107,613.923372886582,5.74685875230287,1260,24774_d,irHepatitis,contact,206
IRF1,6.4946225441217e-173,1.54182626171949,1.713858726921e-172,611.297489085505,5.29923424180311,5391,24774_d,irHepatitis,contact,207
CCR4,3.55007717803983e-54,4.96550261205011,5.74055033044739e-54,611.117444276642,5.96164539332701,351,24774_d,irHepatitis,contact,208
CD83,6.47710604050288e-43,6.27099531811379,9.76706466425038e-43,609.182578194629,4.82883548142237,267,24774_d,irHepatitis,contact,209
CXCR5,7.4474725953519e-29,9.37973734361656,1.00713152535008e-28,607.49832057701,5.81074893287353,133,24774_d,irHepatitis,contact,210
GNLY,5.30755974673923e-85,3.00292053905636,9.65010863043496e-85,582.718534557116,5.87031185328792,864,24774_d,irHepatitis,contact,211
CXCR1,2.83847337982041e-26,9.84092179151768,3.73224873471195e-26,578.88185257127,6.22144841072406,136,24774_d,irHepatitis,contact,212
ARPC3,5.86959240521884e-159,1.54912775541298,1.42066567769628e-158,564.411134438486,5.01833701058809,4956,24774_d,irHepatitis,contact,213
RNF43,5.95061103141664e-117,2.09150497320915,1.24243527029578e-116,559.726389888804,4.55477035672347,1909,24774_d,irHepatitis,contact,214
FAS,1.69963508536225e-158,1.5304144977186,4.06202095872739e-158,555.9659655298,5.05246561216431,5218,24774_d,irHepatitis,contact,215
GZMB,2.79498116812734e-78,3.10830842176214,5.0098719051339e-78,555.062483387231,5.50723284304446,791,24774_d,irHepatitis,contact,216
STMN1,1.17807762048832e-97,2.48500198371867,2.19445831267432e-97,554.619814803297,5.26642008307521,1203,24774_d,irHepatitis,contact,217
IL4R,3.60773233978709e-163,1.46937149358714,9.13958859412728e-163,549.601201928976,5.2010123677576,6572,24774_d,irHepatitis,contact,218
CEACAM8,1.74167700245616e-114,2.06596913193228,3.5969416355073e-114,541.159648980779,4.48007962762604,1923,24774_d,irHepatitis,contact,219
CCL13,4.66735146196754e-37,6.39255613407158,6.7437017321204e-37,534.76964565391,4.95019485421931,248,24774_d,irHepatitis,contact,220
GPR171,1.049612828527e-80,2.8399781893724,1.89029798502493e-80,523.005799851797,5.68875654300683,848,24774_d,irHepatitis,contact,221
TNFRSF13C,5.32307705481646e-42,5.50119999559446,7.96365858594589e-42,522.814916475279,5.54535543102954,281,24774_d,irHepatitis,contact,222
SPARC,2.82550960405162e-136,1.6640551513816,6.31584499729185e-136,519.37305227975,5.71125367134759,3413,24774_d,irHepatitis,contact,223
CDK6,6.50211855186609e-127,1.77220241120309,1.38809272455568e-126,514.924360580257,4.75868429647161,2828,24774_d,irHepatitis,contact,224
IL2RB,3.43333545403464e-95,2.32039323005075,6.3642315733325e-95,504.713492010727,5.81577583639608,1316,24774_d,irHepatitis,contact,225
NOTCH1,7.32540124816881e-152,1.40474534478733,1.69734906969765e-151,488.853608198374,5.53862149958558,8145,24774_d,irHepatitis,contact,226
JAK1,1.0363902470294e-148,1.40492996313965,2.37245960163358e-148,478.725459415916,5.38202122196909,7786,24774_d,irHepatitis,contact,227
ANXA1,3.30799515223269e-101,2.0007122279061,6.34867756489102e-101,462.894288594333,5.34786278686476,1791,24774_d,irHepatitis,contact,228
CD276,1.40093842176835e-129,1.55256492205021,3.0247534106362e-129,460.640321729539,4.90094357561268,4214,24774_d,irHepatitis,contact,229
NF1,4.23707622925124e-135,1.42378242208509,9.41572495389164e-135,440.525562746549,5.11848566636645,6399,24774_d,irHepatitis,contact,230
TNFRSF1B,1.66110563989473e-133,1.41183968006027,3.64867134774565e-133,431.650687891833,5.41725717413241,6467,24774_d,irHepatitis,contact,231
CDK12,7.13980133557235e-132,1.41413122514874,1.55035686143857e-131,427.033050701399,5.13818913303281,6469,24774_d,irHepatitis,contact,232
STAT6,3.49705490468829e-133,1.36517587539434,7.63724634357213e-133,416.367578896308,5.81860604932338,11198,24774_d,irHepatitis,contact,233
CXCR6,4.40801540850468e-68,2.62540296794542,7.57939301009854e-68,407.179946860322,5.60352067803627,897,24774_d,irHepatitis,contact,234
P2RX1,5.94891408553344e-35,5.15799945334329,8.43502743471159e-35,406.487853302341,5.77111507947715,273,24774_d,irHepatitis,contact,235
CCL3,6.76028141441782e-41,4.30356002143179,1.00347927245264e-40,398.057458377947,5.05321898610589,369,24774_d,irHepatitis,contact,236
RORC,2.28052312751706e-106,1.61426640127558,4.46700406420868e-106,392.669680615827,4.7987805144074,3241,24774_d,irHepatitis,contact,237
LY6E,7.67279243452899e-107,1.58876753220414,1.51070524617669e-106,388.197749827511,4.80991020413764,3394,24774_d,irHepatitis,contact,238
GPR183,4.40473428309772e-31,5.32098795286102,6.0865419184623e-31,371.923531671088,5.40871216484052,239,24774_d,irHepatitis,contact,239
ATM,8.45898005431703e-114,1.34798993157594,1.72817872077445e-113,350.961946840937,5.47096134669651,7587,24774_d,irHepatitis,contact,240
TNFRSF17,1.20386072766203e-12,12.6307663242201,1.46155615498905e-12,346.657538640724,5.30232990086262,69,24774_d,irHepatitis,contact,241
BCL2,3.0607786470661e-83,1.79981867607333,5.53855183754819e-83,341.958157273716,5.48693436516493,1962,24774_d,irHepatitis,contact,242
ACE2,3.15418837676086e-67,2.21298535178446,5.39906118544652e-67,338.862209148575,4.50494585396112,1253,24774_d,irHepatitis,contact,243
FKBP11,4.45399685019688e-100,1.45149197127204,8.46259401537407e-100,332.050136156299,4.9257003235907,4482,24774_d,irHepatitis,contact,244
LILRB4,4.81267930027476e-53,2.75579461230072,7.716532211411e-53,331.978881275927,4.89918997481294,726,24774_d,irHepatitis,contact,245
IRF2,1.61974087626538e-104,1.38008683424364,3.14031394377982e-104,329.822237432455,5.07088500443282,5903,24774_d,irHepatitis,contact,246
CXCL16,3.04309942527754e-75,1.78465926582927,5.37850130979286e-75,306.213631182259,4.9613265530332,1965,24774_d,irHepatitis,contact,247
STAT4,6.42106022316609e-65,2.05356303044659,1.07964729416067e-64,303.533963983102,5.3230550978222,1264,24774_d,irHepatitis,contact,248
GZMH,4.09937174756274e-49,2.72107817059669,6.43703001683405e-49,303.171198727746,5.44178107831184,718,24774_d,irHepatitis,contact,249
JAK2,1.13748548676287e-90,1.44269735505534,2.09827419888296e-90,298.788159674595,5.17143498271721,4208,24774_d,irHepatitis,contact,250
FCGR1A,9.06507983005954e-43,3.05165526738989,1.36155349226191e-42,295.420765534134,4.96469971123641,559,24774_d,irHepatitis,contact,251
CTLA4,2.16353643896184e-35,3.61982474535621,3.10242961058679e-35,288.929828952763,5.67331079517868,384,24774_d,irHepatitis,contact,252
GATA2,1.18300745770849e-46,2.71899789395711,1.84238866364438e-46,287.536350367,5.71208319512941,696,24774_d,irHepatitis,contact,253
TCL1A,6.2073056087163e-10,12.7991285124101,7.32539171214967e-10,271.34311165207,5.71343056636009,58,24774_d,irHepatitis,contact,254
PLEK,3.93073370454759e-43,2.72250690638602,5.97471523091233e-43,265.831925667777,4.97165058291589,648,24774_d,irHepatitis,contact,255
CDK4,6.05386210600337e-74,1.56681334451536,1.06503129642652e-73,264.150002542655,4.74240923798921,2741,24774_d,irHepatitis,contact,256
NOTCH2,2.18617840201057e-88,1.30693284728411,4.01327436117882e-88,263.798296011638,6.33795197921329,12713,24774_d,irHepatitis,contact,257
JUN,1.03410610321432e-66,1.64082465413881,1.76215389785401e-66,249.302104694863,4.78484563652182,2255,24774_d,irHepatitis,contact,258
CENPF,6.27767409760944e-28,3.97538994804861,8.37023213014592e-28,249.000072203247,5.00995782492889,327,24774_d,irHepatitis,contact,259
CD27,1.47372415410613e-49,2.16976836817893,2.34315974293024e-49,243.966318497824,5.47542287416299,988,24774_d,irHepatitis,contact,260
KLRD1,3.20175146874462e-44,2.42271436377833,4.88620706073476e-44,242.634955213917,5.46089129360011,803,24774_d,irHepatitis,contact,261
FCRL3,1.55330893245217e-25,4.07339083367674,2.02837592553892e-25,232.689355084427,5.80352345142939,288,24774_d,irHepatitis,contact,262
CCL11,1.68720892720154e-08,12.7229784530192,1.96668525256621e-08,227.71084408166,5.59283588552751,54,24774_d,irHepatitis,contact,263
IL2RA,2.18942682269492e-35,2.8428212438912,3.12775260384989e-35,226.876575810355,5.26903503412541,541,24774_d,irHepatitis,contact,264
SOS1,1.15878641301862e-73,1.32040414181259,2.02921123017085e-73,221.750438972291,5.06596476345328,5615,24774_d,irHepatitis,contact,265
CCR5,1.38729047362498e-39,2.45925281311888,2.04329604642439e-39,220.037873160505,5.33926266271903,720,24774_d,irHepatitis,contact,266
RB1,1.91324772637851e-69,1.38566605735656,3.31979057545129e-69,219.253343363576,4.95738455837211,4134,24774_d,irHepatitis,contact,267
GLIPR2,1.37905566051898e-47,1.99409553262359,2.15654794649059e-47,215.163108196751,5.33575253158367,1123,24774_d,irHepatitis,contact,268
SAMD3,1.2970957470884e-45,2.07510635072067,2.00364383696583e-45,214.475110036338,5.62383574871258,1021,24774_d,irHepatitis,contact,269
FASLG,1.73582054173945e-33,2.60725115805969,2.44300668837405e-33,196.674934973116,5.42768415481597,606,24774_d,irHepatitis,contact,270
TIGIT,1.05126235830127e-38,2.21934267233802,1.53057354848461e-38,194.077614749146,5.47571274995071,824,24774_d,irHepatitis,contact,271
CDK2,9.49920023719365e-55,1.53631748577247,1.54260516672375e-54,191.104026131933,4.77460688014643,2420,24774_d,irHepatitis,contact,272
CEACAM6,1.30671231554895e-09,9.31579064584452,1.5325638268784e-09,190.561498822601,5.21282516176125,76,24774_d,irHepatitis,contact,273
MCEMP1,9.05341442421711e-17,4.79351227010922,1.12796638727951e-16,177.076200165248,5.35184958651306,191,24774_d,irHepatitis,contact,274
CDKN2C,3.65193596642151e-30,2.57862449533913,4.99185491813013e-30,174.785087168395,5.12707336450615,576,24774_d,irHepatitis,contact,275
CDKN1B,1.88957087580347e-58,1.29463889141051,3.10838499049922e-58,172.075097166628,5.03078979619338,5176,24774_d,irHepatitis,contact,276
TP53,2.00298690171573e-57,1.31300001830511,3.28075440798265e-57,171.415711648296,4.98886636901087,4678,24774_d,irHepatitis,contact,277
MIS18BP1,3.85315328944213e-49,1.47479602949004,6.07551141073862e-49,164.406983939272,5.05708678936449,2499,24774_d,irHepatitis,contact,278
IRF5,4.29103552892586e-41,1.76241104560267,6.39448431761501e-41,163.815156267917,4.94368182781419,1371,24774_d,irHepatitis,contact,279
GATA3,4.44324394102567e-34,2.08898836998721,6.27670147802883e-34,160.427012975872,5.419749375397,864,24774_d,irHepatitis,contact,280
CCR6,3.60852051085216e-15,4.68967240462477,4.42334772298006e-15,155.957299999241,5.21208099513334,182,24774_d,irHepatitis,contact,281
STAT5B,4.3247883637477e-53,1.26061679948426,6.96364228061071e-53,151.995904016961,5.13987813695454,5709,24774_d,irHepatitis,contact,282
UBE2C,9.15334194754974e-26,2.62799621363156,1.19940342760997e-25,151.512111067557,4.61265791690699,537,24774_d,irHepatitis,contact,283
FCER2,2.97073773873389e-12,5.51849461643157,3.57240614151543e-12,146.473047391874,5.17557658399217,144,24774_d,irHepatitis,contact,284
MZB1,7.0596616384631e-17,3.92294029890747,8.82457704807887e-17,145.892382263491,5.30102942259332,239,24774_d,irHepatitis,contact,285
SMAD3,1.75413301166868e-49,1.28952470133034,2.77737726847541e-49,144.768097073562,5.04174542589262,4635,24774_d,irHepatitis,contact,286
CST7,8.01386155291363e-29,2.20127651854464,1.0798820532295e-28,142.408931741905,5.43193079424385,716,24774_d,irHepatitis,contact,287
LILRA5,7.32504509409127e-25,2.5595293745205,9.53259293066672e-25,142.241565491125,5.05368941703642,517,24774_d,irHepatitis,contact,288
ICOSLG,6.22299039292822e-43,1.43168408799372,9.42126035582758e-43,139.135223634145,4.79205019496403,2620,24774_d,irHepatitis,contact,289
SPIB,2.97960751365727e-07,9.24021472215426,3.42069744770321e-07,138.846276049679,5.69139088375968,60,24774_d,irHepatitis,contact,290
IRF4,3.43077129733283e-17,3.60135477187913,4.30261746860223e-17,136.531542292577,5.43449981885245,258,24774_d,irHepatitis,contact,291
CCL28,1.06270672113436e-23,2.52450633295834,1.37356651030972e-23,133.542946572514,5.03040116406343,520,24774_d,irHepatitis,contact,292
ORC6,2.05568071559564e-22,2.67376750653345,2.62133782525618e-22,133.517962766158,4.71069213520349,480,24774_d,irHepatitis,contact,293
AREG,1.22891029183012e-11,5.17854280047948,1.46850915375927e-11,130.096948197513,5.44402634085223,141,24774_d,irHepatitis,contact,294
KLRC1,1.61531898478739e-22,2.58527424961563,2.06673809501416e-22,129.722183968907,5.41719694317708,493,24774_d,irHepatitis,contact,295
ARID1A,3.40041835127682e-46,1.22696508337737,5.27411825912324e-46,128.457128801505,5.17373279186096,6351,24774_d,irHepatitis,contact,296
TNFRSF9,1.37567389572081e-15,3.6507744682359,1.69726000121399e-15,124.928891447695,5.14465915719532,244,24774_d,irHepatitis,contact,297
KMT2C,1.80337554042888e-44,1.2383815959853,2.76323671517329e-44,124.734851752912,5.0513785588683,5645,24774_d,irHepatitis,contact,298
PIK3CA,3.79476047535318e-39,1.29708863760669,5.56760224183092e-39,114.74979646253,4.90773022352678,3773,24774_d,irHepatitis,contact,299
EOMES,1.97135971945692e-19,2.63836540480739,2.49705564464543e-19,113.635435520408,5.35407863526789,425,24774_d,irHepatitis,contact,300
BRAF,1.29172843128689e-39,1.26496384145863,1.90994865326466e-39,113.270981545836,4.98668009274197,4418,24774_d,irHepatitis,contact,301
LAG3,2.54860476991384e-32,1.53908986658265,3.56055078149727e-32,111.964442813038,4.86624751414501,1744,24774_d,irHepatitis,contact,302
PDCD1LG2,2.3556011803058e-27,1.71471477085788,3.11891445476029e-27,105.134309382304,5.12716155418938,1162,24774_d,irHepatitis,contact,303
IL15RA,5.11574509599941e-33,1.39340511944272,7.17336950730545e-33,103.603829960442,4.87714274677648,2392,24774_d,irHepatitis,contact,304
KLRF1,1.53511416223723e-12,3.59697793803018,1.8577814702234e-12,97.8464915255194,5.86305147737516,235,24774_d,irHepatitis,contact,305
CD40,2.19409612760522e-31,1.37697696810787,3.04290703828461e-31,97.2068184121421,4.77496499705487,2458,24774_d,irHepatitis,contact,306
HIF1A,2.2259295643325e-30,1.39026130057292,3.05362178500487e-30,94.9233965878565,4.88683734995315,2306,24774_d,irHepatitis,contact,307
EPOR,5.89352661943786e-31,1.32018180781998,8.11427578038546e-31,91.8929489455896,5.07451912501391,2986,24774_d,irHepatitis,contact,308
IL15,9.33379228830309e-28,1.47471559299982,1.24015422012419e-27,91.7844421507552,4.73872495835464,1779,24774_d,irHepatitis,contact,309
CD274,7.33024557569914e-23,1.79652984505021,9.44235023310398e-23,91.5645416748893,4.95259113790043,964,24774_d,irHepatitis,contact,310
FHIT,2.49535599846885e-27,1.48050997806411,3.29248360909085e-27,90.6891807314684,4.57243770958056,1798,24774_d,irHepatitis,contact,311
CSF1,9.52928706790539e-30,1.31672840020221,1.29789572967887e-29,87.987982695529,5.44042780097301,2864,24774_d,irHepatitis,contact,312
DERL3,1.94842417080681e-15,2.39618496294419,2.39612033950352e-15,81.162991117525,4.59491998839207,450,24774_d,irHepatitis,contact,313
FADD,5.7835383678896e-28,1.29074104460885,7.73853725281003e-28,80.9518797116058,4.79626261229915,3075,24774_d,irHepatitis,contact,314
TNF,2.13008683867753e-07,5.24743173065545,2.45282726878018e-07,80.6106941580162,4.84619696139565,105,24774_d,irHepatitis,contact,315
TBX21,7.07969319154534e-18,1.93237521442702,8.90822322114977e-18,76.3081466838811,5.46993768274472,690,24774_d,irHepatitis,contact,316
ESR1,9.21849762057199e-21,1.65107218753308,1.17158163739711e-20,76.1690368539061,4.52947687498484,1123,24774_d,irHepatitis,contact,317
SOCS1,7.38401201281359e-19,1.58910203974252,9.32200852116001e-19,66.344691771242,4.76790172891052,1132,24774_d,irHepatitis,contact,318
CTSW,6.77898653618997e-12,2.39637299453788,8.12622991719934e-12,61.6279880073016,5.32804171224563,361,24774_d,irHepatitis,contact,319
MMP12,0.0120378294799821,12.4791708178841,0.0132207375791711,55.1542053790186,4.58799965778865,27,24774_d,irHepatitis,contact,320
HPGDS,3.87545927857536e-07,3.50357887386903,4.43576664415253e-07,51.7248466099669,4.8947685578203,168,24774_d,irHepatitis,contact,321
CX3CR1,4.05394826102813e-06,4.14656849934649,4.61227646464279e-06,51.4830450887858,5.11366442627556,124,24774_d,irHepatitis,contact,322
SOCS2,8.18870077248964e-16,1.43333842605771,1.01358511190426e-15,49.7921791892747,5.44793655794988,1363,24774_d,irHepatitis,contact,323
DUSP2,3.34630555515437e-10,2.23068437227269,3.96135860111733e-10,48.6690582769368,5.20610139922621,384,24774_d,irHepatitis,contact,324
FEZ1,1.23775728651175e-14,1.50514265607838,1.51237224718478e-14,48.1990180105935,5.32082274191978,1142,24774_d,irHepatitis,contact,325
FLT3LG,1.39632013980152e-10,2.11789661327856,1.6581301660143e-10,48.0593324519864,5.00048734988472,424,24774_d,irHepatitis,contact,326
CD1C,8.41652847499764e-05,4.73768195161744,9.51869291815209e-05,44.4523811824315,5.59859636191919,84,24774_d,irHepatitis,contact,327
TOX,1.23767445232608e-10,1.81251358833329,1.47434574258279e-10,41.3481778499597,5.45540357833379,575,24774_d,irHepatitis,contact,328
IL22RA1,2.00775632643709e-12,1.51115285667436,2.42205525093998e-12,40.7013959874268,4.33962817036685,1040,24774_d,irHepatitis,contact,329
NOD1,3.885913061881e-13,1.37928707631152,4.73284283177814e-13,39.4148498735963,5.11864272335439,1390,24774_d,irHepatitis,contact,330
CD80,6.31005675916743e-09,1.97811897188639,7.37791251841115e-09,37.3491039876052,4.98973873202467,427,24774_d,irHepatitis,contact,331
ADAM28,1.7888513407275e-07,2.38484128336383,2.06615048473085e-07,37.0521389371378,5.48926292554809,265,24774_d,irHepatitis,contact,332
CDKN2B,7.50543737619326e-08,2.11720534851493,8.69532378949219e-08,34.732865959757,4.74909257074345,357,24774_d,irHepatitis,contact,333
CD37,5.4596241912755e-08,1.97907332542669,6.34451740882168e-08,33.096638498662,5.33892991759929,379,24774_d,irHepatitis,contact,334
IL6,0.00491278966097081,6.08068697054653,0.00542691881153753,32.3244049798075,5.24984896280696,51,24774_d,irHepatitis,contact,335
JUNB,1.13884174775846e-09,1.49999166217537,1.33981382089231e-09,30.8897094497093,4.87127454073894,862,24774_d,irHepatitis,contact,336
FOS,0.000123766417597138,3.39487082730969,0.000138735217365524,30.5440415387615,4.5326137219821,131,24774_d,irHepatitis,contact,337
CDKN2D,5.28682554430072e-07,2.08858836466573,6.03301413463746e-07,30.18611214033,5.22629838323733,330,24774_d,irHepatitis,contact,338
CXCR3,9.65359032619211e-05,2.73757125482916,0.000108853540770119,25.3104766505675,5.28775750548191,166,24774_d,irHepatitis,contact,339
CDKN1C,8.81274285200885e-06,1.93186837235368,9.99654413063691e-06,22.4856184052283,5.05343563727569,353,24774_d,irHepatitis,contact,340
KIT,0.000681228294829845,2.84707953456172,0.000759140035294255,20.7598023549198,5.44036666351506,142,24774_d,irHepatitis,contact,341
CFC1,0.0402999872845277,6.44738353452783,0.0438796423155316,20.7051540817855,5.16835898294219,35,24774_d,irHepatitis,contact,342
PDCD1,0.000162983808684079,2.24954866785825,0.000182158374411618,19.620247858849,5.15964694495685,217,24774_d,irHepatitis,contact,343
CXCL2,0.00103602143604736,2.52203932397962,0.00115113492894151,17.3323809430933,4.42964050666159,156,24774_d,irHepatitis,contact,344
CD79B,0.00523569829437118,2.70368801741381,0.00576685609235086,14.2004590538753,5.40323155353412,115,24774_d,irHepatitis,contact,345
ITGAE,0.0001005449914863,1.42456499167961,0.000113038747824834,13.1129857768066,4.79740387950697,635,24774_d,irHepatitis,contact,346
MS4A2,0.0765922540896223,4.45716097484096,0.0826848197558423,11.4516024149929,5.65398705347754,37,24774_d,irHepatitis,contact,347
IRF3,0.00334994108945787,1.15622353861699,0.00371130499706703,6.58910117609678,4.71194067191328,1286,24774_d,irHepatitis,contact,348
CCL26,0.0549022045346678,2.25997586289436,0.0596081077804964,6.55890596258975,4.87900198404423,98,24774_d,irHepatitis,contact,349
CDKN2A,0.0394620527417654,1.93534918263003,0.0430907472467553,6.25585319693739,4.82370250408967,156,24774_d,irHepatitis,contact,350
NOSIP,0.017865686289554,1.22217389092346,0.0195647285015289,4.91909515067094,4.66061066161051,716,24774_d,irHepatitis,contact,351
IL23A,0.0713712408541285,1.46044400913182,0.0772680100415066,3.8553681307773,4.88175916517809,257,24774_d,irHepatitis,contact,352
EPO,0.378520092506772,1.52777713488886,0.406321003255857,1.48421428550701,4.56434053329368,72,24774_d,irHepatitis,contact,353
IL2,0.664562325851471,1.33756066738508,0.710468594224143,0.546562883350759,5.16204423823963,76,24774_d,irHepatitis,contact,354
IL12RB2,0.665596893536302,1.11289361217279,0.710468594224143,0.453026778645141,5.11085887614387,147,24774_d,irHepatitis,contact,355
BATF3,0.78598346888691,1.11804273217058,0.834284128986105,0.269246512674859,5.07019817026229,120,24774_d,irHepatitis,contact,356
LILRA4,0.779354915515734,0.59219749414685,0.829565456291257,0.147628162923307,5.00709521423435,109,24774_d,irHepatitis,contact,357
AIRE,1,0,1,0,4.97083448347839,16,24774_d,irHepatitis,contact,358
CCR3,1,0,1,0,4.90394817756221,30,24774_d,irHepatitis,contact,358
CD1A,1,0,1,0,5.14286403395095,23,24774_d,irHepatitis,contact,358
CDX1,1,0,1,0,4.88836984600828,10,24774_d,irHepatitis,contact,358
CDX2,1,0,1,0,4.49239600262872,35,24774_d,irHepatitis,contact,358
CHIT1,1,0,1,0,4.9395267058261,38,24774_d,irHepatitis,contact,358
DMBT1,1,0,1,0,5.03128645099726,14,24774_d,irHepatitis,contact,358
EGF,1,0,1,0,4.62605789761008,21,24774_d,irHepatitis,contact,358
ERBB4,1,0,1,0,5.28384916953118,43,24774_d,irHepatitis,contact,358
FCER1A,1,0,1,0,4.72164500389693,19,24774_d,irHepatitis,contact,358
IFNB1,1,0,1,0,5.60842558791128,17,24774_d,irHepatitis,contact,358
IFNL1,1,0,1,0,4.95502553158853,10,24774_d,irHepatitis,contact,358
IL12B,1,0,1,0,4.77926938118558,22,24774_d,irHepatitis,contact,358
IL13,1,0,1,0,4.6571776428398,40,24774_d,irHepatitis,contact,358
IL1A,1,0,1,0,4.52757878870833,33,24774_d,irHepatitis,contact,358
IL22RA2,1,0,1,0,5.18223038547306,25,24774_d,irHepatitis,contact,358
IL4,0.289686089048645,0,0.311843381978711,0,4.5740636429897,92,24774_d,irHepatitis,contact,358
IL5,1,0,1,0,4.7408376543529,25,24774_d,irHepatitis,contact,358
MMP9,1,0,1,0,5.23367081342765,15,24774_d,irHepatitis,contact,358
MUC5AC,1,0,1,0,4.40884709518832,30,24774_d,irHepatitis,contact,358
PGA5,1,0,1,0,4.76560817226523,31,24774_d,irHepatitis,contact,358
PLD4,1,0,1,0,5.41072818803632,23,24774_d,irHepatitis,contact,358
REG4,1,0,1,0,4.83651481118325,32,24774_d,irHepatitis,contact,358
CXCL6,1.11253692925364e-308,21.8618207620085,1.11253692925373e-308,16165.1285478967,6.18499191379162,449,24774_d,irHepatitis,local,1
IDO1,1.11253692925364e-308,19.6112124298667,1.11253692925373e-308,14500.9774510556,5.67797801718066,305,24774_d,irHepatitis,local,2
EPCAM,1.11253692925364e-308,18.4487019779214,1.11253692925373e-308,13641.3907268507,5.67115440907958,320,24774_d,irHepatitis,local,3
IL7R,1.11253692925364e-308,17.9208127014005,1.11253692925373e-308,13251.0573640941,7.52911594892792,1973,24774_d,irHepatitis,local,4
IGHM,1.11253692925364e-308,17.8401864316546,1.11253692925373e-308,13191.4404626033,6.889337136579,350,24774_d,irHepatitis,local,5
JCHAIN,3.10722810502629e-150,30.9430993899819,6.59635016709493e-150,10652.2867555785,5.86717151250341,136,24774_d,irHepatitis,local,6
CCL19,1.11253692925364e-308,10.3007119156982,1.11253692925373e-308,7616.58116516434,6.64971368950939,1779,24774_d,irHepatitis,local,7
NOTCH3,1.11253692925364e-308,9.05730433234013,1.11253692925373e-308,6697.17725817857,6.53313102742246,898,24774_d,irHepatitis,local,8
ID4,8.16728687828731e-301,9.46250894591069,2.77104376227605e-300,6538.3852814178,6.16500754511691,482,24774_d,irHepatitis,local,9
IGHG4,4.18708877490171e-166,16.5332447921148,9.58490201483523e-166,6295.81199692083,5.40251583127032,229,24774_d,irHepatitis,local,10
CXCL1,7.1776224848218e-245,11.1820134753953,2.09807426479406e-244,6286.10730388606,5.38051613640096,375,24774_d,irHepatitis,local,11
MGP,1.11253692925364e-308,8.00764459090195,1.11253692925373e-308,5921.03492142559,6.38630636143037,1237,24774_d,irHepatitis,local,12
ARG1,1.11253692925364e-308,7.85724333185418,1.11253692925373e-308,5809.82480252746,7.53189916473012,12855,24774_d,irHepatitis,local,13
KLRB1,1.11253692925364e-308,7.72895979465789,1.11253692925373e-308,5714.96903127529,6.21100519444977,778,24774_d,irHepatitis,local,14
RGS5,1.11253692925364e-308,7.48199956472423,1.11253692925373e-308,5532.3610085239,6.60169202129595,1968,24774_d,irHepatitis,local,15
SDC1,1.11253692925364e-308,7.48000756385172,1.11253692925373e-308,5530.88807767692,7.82591031320066,13177,24774_d,irHepatitis,local,16
CCL8,2.22161854184493e-127,18.486767259105,4.41997406230928e-127,5391.29724476718,5.28685456298583,172,24774_d,irHepatitis,local,17
APOE,1.11253692925364e-308,7.2074307856619,1.11253692925373e-308,5329.33859529038,7.7471981102907,15167,24774_d,irHepatitis,local,18
SPARCL1,1.11253692925364e-308,7.18142428840034,1.11253692925373e-308,5310.1087984729,6.74822137856167,2806,24774_d,irHepatitis,local,19
IGHG3,9.10319743392943e-146,15.8896559627351,1.90066759609516e-145,5306.64930026703,5.66150220398773,213,24774_d,irHepatitis,local,20
CCL21,1.11253692925364e-308,6.89869125023028,1.11253692925373e-308,5101.04954597464,6.53130403165473,1375,24774_d,irHepatitis,local,21
CXCL11,1.11253692925364e-308,6.74076815808924,1.11253692925373e-308,4984.27761224908,5.4828770348516,1334,24774_d,irHepatitis,local,22
CCL2,4.42551894242951e-261,8.31060629799388,1.36723349440912e-260,4982.10311149308,5.54621194735559,486,24774_d,irHepatitis,local,23
SOX9,1.11253692925364e-308,6.26216259279534,1.11253692925373e-308,4630.38574885226,5.07375964833039,741,24774_d,irHepatitis,local,24
CXCL10,1.11253692925364e-308,5.83002341294411,1.11253692925373e-308,4310.85218991753,5.75271131074645,1826,24774_d,irHepatitis,local,25
CCL20,1.58365215343413e-175,10.5063326434366,3.69194980555197e-175,4228.72174733672,5.18942439048348,326,24774_d,irHepatitis,local,26
MS4A1,5.91548191336652e-128,13.6114027547164,1.1830963826733e-127,3987.50561236919,6.54942908310463,221,24774_d,irHepatitis,local,27
NELL2,7.57034694198784e-179,9.29954586590009,1.78678996146297e-178,3814.10172468451,6.07257118870353,364,24774_d,irHepatitis,local,28
ISG15,1.11253692925364e-308,4.88906742860101,1.11253692925373e-308,3615.08788874587,6.83145022891194,12654,24774_d,irHepatitis,local,29
BANK1,1.74156998917382e-94,15.1943372871349,3.2126048343983e-94,3280.27830553053,6.20743321227614,170,24774_d,irHepatitis,local,30
LTB,1.68335703533524e-256,5.47162041648228,5.11740538741913e-256,3222.46156562382,5.93373428267673,709,24774_d,irHepatitis,local,31
MARCO,1.11253692925364e-308,4.00125438628746,1.11253692925373e-308,2958.61869014929,6.02922607535749,4202,24774_d,irHepatitis,local,32
FCMR,1.11253692925364e-308,3.96762604580494,1.11253692925373e-308,2933.75312873654,6.1988863738297,1994,24774_d,irHepatitis,local,33
CD40LG,1.10318089075583e-133,9.53131141012953,2.24175795982468e-133,2917.96923765984,5.93479421243686,300,24774_d,irHepatitis,local,34
CCND1,1.11253692925364e-308,3.90212303197989,1.11253692925373e-308,2885.31870736406,6.65329600017227,12494,24774_d,irHepatitis,local,35
PLA2G7,1.11253692925364e-308,3.77430306609637,1.11253692925373e-308,2790.80571130632,5.4905331547836,1918,24774_d,irHepatitis,local,36
SELL,7.05687519333677e-276,4.31784855281869,2.35229173111226e-275,2735.61389817785,5.77712186283807,949,24774_d,irHepatitis,local,37
MKI67,8.14437353593881e-248,4.77338548324426,2.39911778578042e-247,2715.78795988694,5.70770022371345,796,24774_d,irHepatitis,local,38
MX1,1.11253692925364e-308,3.52074432938805,1.11253692925373e-308,2603.31860225202,6.91977125183546,13525,24774_d,irHepatitis,local,39
FOXP3,1.11253692925364e-308,3.50839635034133,1.11253692925373e-308,2594.18822510869,6.23465000534514,9574,24774_d,irHepatitis,local,40
CXCL9,1.11253692925364e-308,3.47353756843286,1.11253692925373e-308,2568.41284726126,5.64198926208039,4039,24774_d,irHepatitis,local,41
CD3E,1.11253692925364e-308,3.47167776522334,1.11253692925373e-308,2567.03766637935,6.13043528752374,2183,24774_d,irHepatitis,local,42
IGHG1,2.86529042238673e-178,6.12397030600893,6.72105160806763e-178,2503.52484903549,5.42828432523669,524,24774_d,irHepatitis,local,43
LUM,1.11253692925364e-308,3.33215616330313,1.11253692925373e-308,2463.8722139314,5.96349387176896,1741,24774_d,irHepatitis,local,44
CCL16,1.11253692925364e-308,3.31341284287181,1.11253692925373e-308,2450.01297560513,6.26588289860063,9433,24774_d,irHepatitis,local,45
ANPEP,1.11253692925364e-308,3.20025866113787,1.11253692925373e-308,2366.34419461138,6.04115454104952,10146,24774_d,irHepatitis,local,46
CD2,1.11253692925364e-308,3.17717605099684,1.11253692925373e-308,2349.2763865723,6.3567892390748,2608,24774_d,irHepatitis,local,47
DGKA,1.11253692925364e-308,3.11802965190009,1.11253692925373e-308,2305.54219101043,5.98827393922601,2152,24774_d,irHepatitis,local,48
PLVAP,8.62631120856279e-269,3.63010288103309,2.80170791389219e-268,2240.64678248249,5.64607797837428,1133,24774_d,irHepatitis,local,49
IFITM3,1.11253692925364e-308,2.99510002852488,1.11253692925373e-308,2214.64522566443,7.62477136468366,17584,24774_d,irHepatitis,local,50
CCL7,6.35063495953988e-46,21.2484123420568,9.3900439090473e-46,2211.32991073621,4.67922691877369,89,24774_d,irHepatitis,local,51
IFIT3,1.11253692925364e-308,2.97180834052533,1.11253692925373e-308,2197.42282069144,6.2514280550445,11239,24774_d,irHepatitis,local,52
SLC1A3,1.11253692925364e-308,2.95233449460479,1.11253692925373e-308,2183.02341516825,5.56125775108923,1993,24774_d,irHepatitis,local,53
ITGAX,1.11253692925364e-308,2.91970437836417,1.11253692925373e-308,2158.89596351157,5.72575416005373,1965,24774_d,irHepatitis,local,54
IGLC3,3.58915367166827e-26,36.5246106920642,4.65487506905782e-26,2139.95122672731,5.65816890032988,44,24774_d,irHepatitis,local,55
XBP1,1.11253692925364e-308,2.89216538904547,1.11253692925373e-308,2138.53300713835,6.5225724296024,12253,24774_d,irHepatitis,local,56
CD8A,1.11253692925364e-308,2.88338616097066,1.11253692925373e-308,2132.04144580292,6.3229201635229,2577,24774_d,irHepatitis,local,57
TCF7,1.11253692925364e-308,2.86416442373978,1.11253692925373e-308,2117.82845519095,5.48106196767255,2201,24774_d,irHepatitis,local,58
STAT1,1.11253692925364e-308,2.84463623896701,1.11253692925373e-308,2103.38887028193,6.5989703725536,13755,24774_d,irHepatitis,local,59
PRDX4,1.11253692925364e-308,2.84101742811458,1.11253692925373e-308,2100.71303905739,5.7956378279101,9307,24774_d,irHepatitis,local,60
C1S,1.11253692925364e-308,2.82612565155924,1.11253692925373e-308,2089.70172005774,7.66807949593369,15078,24774_d,irHepatitis,local,61
CCR7,5.67236845288204e-88,10.3790749036148,1.0119718366644e-87,2085.07188495648,6.05429030958004,220,24774_d,irHepatitis,local,62
VSIG4,1.11253692925364e-308,2.78750174232289,1.11253692925373e-308,2061.14232124899,6.08132397875144,4921,24774_d,irHepatitis,local,63
TC2N,1.11253692925364e-308,2.75712111947732,1.11253692925373e-308,2038.67819627925,5.79160503909895,1845,24774_d,irHepatitis,local,64
CSF1R,1.11253692925364e-308,2.72765265116656,1.11253692925373e-308,2016.88853916245,5.58436388085293,2583,24774_d,irHepatitis,local,65
S100A9,1.11253692925364e-308,2.68109134590296,1.11253692925373e-308,1982.46004882134,6.0512725180683,4663,24774_d,irHepatitis,local,66
IL2RG,1.11253692925364e-308,2.65771422179109,1.11253692925373e-308,1965.17447043963,5.80662382391258,2242,24774_d,irHepatitis,local,67
CORO1A,1.11253692925364e-308,2.65112434069968,1.11253692925373e-308,1960.30176216351,5.87088751438302,2918,24774_d,irHepatitis,local,68
GPR34,1.11253692925364e-308,2.64515123950782,1.11253692925373e-308,1955.88511500283,5.43453880937369,2022,24774_d,irHepatitis,local,69
CD163,1.11253692925364e-308,2.60086141925695,1.11253692925373e-308,1923.136212452,6.71281254173788,8033,24774_d,irHepatitis,local,70
CCR1,1.11253692925364e-308,2.59471247544076,1.11253692925373e-308,1918.58954324706,5.3384197264845,2010,24774_d,irHepatitis,local,71
CXCL13,1.59228756731754e-154,5.33422019787186,3.49751026347206e-154,1889.02304189845,5.08350061073574,555,24774_d,irHepatitis,local,72
C1QB,1.11253692925364e-308,2.54417432873738,1.11253692925373e-308,1881.22048570487,5.52574241537399,3354,24774_d,irHepatitis,local,73
HAVCR2,1.11253692925364e-308,2.5090686994553,1.11253692925373e-308,1855.26258328323,5.3371272543257,2179,24774_d,irHepatitis,local,74
VCAN,3.25940755352972e-155,5.19833678793856,7.20101668803077e-155,1849.14791225902,5.73627276877603,544,24774_d,irHepatitis,local,75
LAMP1,1.11253692925364e-308,2.49961056908425,1.11253692925373e-308,1848.26902611637,6.40171568049776,13407,24774_d,irHepatitis,local,76
CTSD,1.11253692925364e-308,2.47987680173869,1.11253692925373e-308,1833.67742876737,6.24524620961972,12830,24774_d,irHepatitis,local,77
MPEG1,1.11253692925364e-308,2.45483564613453,1.11253692925373e-308,1815.16142757351,5.86507142635992,4211,24774_d,irHepatitis,local,78
AIF1,1.11253692925364e-308,2.45020622761434,1.11253692925373e-308,1811.73833000559,5.46467637689671,2770,24774_d,irHepatitis,local,79
FN1,1.11253692925364e-308,2.43957381319482,1.11253692925373e-308,1803.8764804489,6.15061844651543,9937,24774_d,irHepatitis,local,80
FCGR3A,1.11253692925364e-308,2.43239247384864,1.11253692925373e-308,1798.56643445864,5.63697627066478,4100,24774_d,irHepatitis,local,81
IGKC,1.31518819652139e-231,3.37740852337311,3.72963816923977e-231,1795.50864824645,5.40753280657195,1147,24774_d,irHepatitis,local,82
CMKLR1,1.11253692925364e-308,2.40614256511987,1.11253692925373e-308,1779.15665365445,5.47741538219175,2213,24774_d,irHepatitis,local,83
IL10RA,1.11253692925364e-308,2.3853271073869,1.11253692925373e-308,1763.76522977902,6.07534624363395,4036,24774_d,irHepatitis,local,84
CD86,1.76858378612691e-286,2.67571739181541,5.9474499002498e-286,1760.5395179763,5.20647662244665,1730,24774_d,irHepatitis,local,85
NT5E,1.11253692925364e-308,2.37179903492565,1.11253692925373e-308,1753.76226466821,5.39190547245704,7183,24774_d,irHepatitis,local,86
LAMP2,1.11253692925364e-308,2.34152745208852,1.11253692925373e-308,1731.37876636596,5.85840235402564,10346,24774_d,irHepatitis,local,87
G0S2,1.11253692925364e-308,2.31763737179875,1.11253692925373e-308,1713.71389649497,5.44002064437492,6228,24774_d,irHepatitis,local,88
IQGAP2,1.11253692925364e-308,2.30689929635487,1.11253692925373e-308,1705.77391876864,6.02727126134356,11461,24774_d,irHepatitis,local,89
C1R,1.11253692925364e-308,2.30467521521938,1.11253692925373e-308,1704.12938248561,7.09569868524519,14385,24774_d,irHepatitis,local,90
TMPRSS2,1.11253692925364e-308,2.29855153300505,1.11253692925373e-308,1699.60139228486,5.3819565653205,6740,24774_d,irHepatitis,local,91
IFIT2,1.11253692925364e-308,2.28679815139884,1.11253692925373e-308,1690.91067404116,5.39728479215485,6467,24774_d,irHepatitis,local,92
ERBB3,1.11253692925364e-308,2.26789412699025,1.11253692925373e-308,1676.93260753132,5.660906672297,7496,24774_d,irHepatitis,local,93
IGFBP7,1.11253692925364e-308,2.26121289847485,1.11253692925373e-308,1671.99235488791,6.67793515751492,7701,24774_d,irHepatitis,local,94
CTSS,1.11253692925364e-308,2.25041515593448,1.11253692925373e-308,1664.0082579505,5.05468730459319,2986,24774_d,irHepatitis,local,95
CXCL14,2.00086316337003e-271,2.65796338280757,6.55455174207423e-271,1656.72713316102,5.55971514856458,1738,24774_d,irHepatitis,local,96
CD68,1.11253692925364e-308,2.1823571653389,1.11253692925373e-308,1613.68462852065,5.4118734568981,3617,24774_d,irHepatitis,local,97
FCGR2B,1.11253692925364e-308,2.16999104659071,1.11253692925373e-308,1604.54083846861,5.80694352328476,7120,24774_d,irHepatitis,local,98
CCL4,2.23411190064653e-203,3.42857748978098,5.89557307115055e-203,1599.84601716238,5.5748052539624,1017,24774_d,irHepatitis,local,99
TFF3,3.62535262771939e-70,9.97705225624357,6.04225437953232e-70,1595.26086578793,5.93977034319041,200,24774_d,irHepatitis,local,100
IL1B,3.03694959603113e-38,18.4409343484946,4.27422535737714e-38,1593.06400209459,5.01598603145681,86,24774_d,irHepatitis,local,101
A2M,1.11253692925364e-308,2.12434642495449,1.11253692925373e-308,1570.79016489472,6.13533006119363,10879,24774_d,irHepatitis,local,102
TREM2,4.0924874896966e-139,4.90845963917876,8.36099594669198e-139,1564.08152277307,5.02495043102949,534,24774_d,irHepatitis,local,103
FCGR2A,1.11253692925364e-308,2.10141554244018,1.11253692925373e-308,1553.83454772102,5.36575899954203,3153,24774_d,irHepatitis,local,104
PTPRC,4.23003161998352e-304,2.22164493245491,1.46128365053976e-303,1551.91597967594,5.57652550731131,2482,24774_d,irHepatitis,local,105
CEACAM1,1.11253692925364e-308,2.08493971322769,1.11253692925373e-308,1541.65194408282,5.0766133281495,5439,24774_d,irHepatitis,local,106
PDGFRA,1.11253692925364e-308,2.08124565998304,1.11253692925373e-308,1538.92047691855,6.26350570832007,3215,24774_d,irHepatitis,local,107
VSIR,1.11253692925364e-308,2.07089580027599,1.11253692925373e-308,1531.26755475627,5.68661273172105,3297,24774_d,irHepatitis,local,108
CD74,1.11253692925364e-308,2.0590601864337,1.11253692925373e-308,1522.51603212298,6.35525981954965,11089,24774_d,irHepatitis,local,109
CXCL5,6.84686808197005e-45,14.9537022826436,1.00455979581028e-44,1520.67993539515,5.27746622045364,112,24774_d,irHepatitis,local,110
DCN,1.11253692925364e-308,2.04913705562691,1.11253692925373e-308,1515.1786430356,6.36948885637422,5334,24774_d,irHepatitis,local,111
IL18,1.11253692925364e-308,2.04607729321902,1.11253692925373e-308,1512.91618497284,5.40383515495216,3666,24774_d,irHepatitis,local,112
IGHGP,3.22865215391532e-66,9.84665150915088,5.24311033541803e-66,1484.86078349678,5.35512796817879,195,24774_d,irHepatitis,local,113
PTGS1,1.70084824695132e-119,5.40027575972546,3.2808240296523e-119,1476.84850824702,5.48791607674655,468,24774_d,irHepatitis,local,114
FABP3,1.80842068528151e-254,2.51959312037245,5.45396714608709e-254,1472.1079572746,4.94719300208211,1821,24774_d,irHepatitis,local,115
ACTB,1.4060578685342e-261,2.41491003914996,4.41571892597519e-261,1450.47688162137,7.58051782329428,18030,24774_d,irHepatitis,local,116
CCL15,1.11253692925364e-308,1.95274356994973,1.11253692925373e-308,1443.90310271742,4.88819819364839,4143,24774_d,irHepatitis,local,117
C1QBP,1.11253692925364e-308,1.94226508313275,1.11253692925373e-308,1436.15507073838,5.46766609928139,8675,24774_d,irHepatitis,local,118
ITGAM,3.49508875445395e-253,2.46297131562919,1.04577458794685e-252,1431.73180131123,5.41491512004541,1825,24774_d,irHepatitis,local,119
CCL14,1.11253692925364e-308,1.9362816579729,1.11253692925373e-308,1431.73078980045,5.66857841629108,6320,24774_d,irHepatitis,local,120
EGR3,1.62634588514165e-62,10.045767871258,2.618692526923e-62,1429.25097592822,5.2704000957967,180,24774_d,irHepatitis,local,121
ITGA1,1.11253692925364e-308,1.93046106560898,1.11253692925373e-308,1427.42691114314,5.71891506058424,9548,24774_d,irHepatitis,local,122
LCK,1.16967575250918e-218,2.79986311038655,3.22084627502527e-218,1404.99041420922,5.78961173189992,1389,24774_d,irHepatitis,local,123
ENTPD1,1.01671373091069e-274,2.20732269626331,3.35957580648751e-274,1392.58165633716,5.57630174453194,2324,24774_d,irHepatitis,local,124
CTSB,1.11253692925364e-308,1.86172759173388,1.11253692925373e-308,1376.60381398074,5.14363121706856,5508,24774_d,irHepatitis,local,125
ID2,1.11253692925364e-308,1.85773403708177,1.11253692925373e-308,1373.65088864954,5.42401201162715,7834,24774_d,irHepatitis,local,126
IL1RAP,1.11253692925364e-308,1.85411263577953,1.11253692925373e-308,1370.97314198737,5.04614594333877,5023,24774_d,irHepatitis,local,127
VEGFA,1.11253692925364e-308,1.83895362388798,1.11253692925373e-308,1359.76422308928,5.81741350573497,7718,24774_d,irHepatitis,local,128
FGR,1.99857229843085e-264,2.2183526516366,6.4360802830824e-264,1346.96161637113,5.50614737337005,2239,24774_d,irHepatitis,local,129
CD28,5.9537129863586e-165,3.52652447588294,1.35473708671633e-164,1333.52887079949,5.74521187870253,878,24774_d,irHepatitis,local,130
CD14,1.11253692925364e-308,1.7987638169757,1.11253692925373e-308,1330.04696384886,4.88617762013394,4718,24774_d,irHepatitis,local,131
MYD88,1.11253692925364e-308,1.77428889018267,1.11253692925373e-308,1311.9496451435,5.4776956647116,9222,24774_d,irHepatitis,local,132
CDKN1A,1.11253692925364e-308,1.75787710232127,1.11253692925373e-308,1299.81439513992,5.05882905462674,4958,24774_d,irHepatitis,local,133
TRAT1,3.02261085518045e-147,3.833434411963,6.3810673609365e-147,1293.30067077103,5.80437949673756,737,24774_d,irHepatitis,local,134
SYK,7.54085949869717e-233,2.41334167087935,2.15453128534205e-232,1289.88766000872,5.40798973917674,1783,24774_d,irHepatitis,local,135
IFNGR1,1.11253692925364e-308,1.74292482247883,1.11253692925373e-308,1288.7583386308,5.67315198979963,9270,24774_d,irHepatitis,local,136
ARPC5,1.11253692925364e-308,1.73663408009277,1.11253692925373e-308,1284.10682033141,4.9897809695529,5299,24774_d,irHepatitis,local,137
CDK1,1.26838951986739e-106,5.24740907460767,2.38607929480004e-106,1279.50866565674,5.25446509476766,444,24774_d,irHepatitis,local,138
EGFR,1.11253692925364e-308,1.71231269683991,1.11253692925373e-308,1266.12303521922,5.07263143350248,5578,24774_d,irHepatitis,local,139
ERBB2,1.11253692925364e-308,1.70986179381846,1.11253692925373e-308,1264.31078166397,5.38762324188005,6791,24774_d,irHepatitis,local,140
IL1R1,1.11253692925364e-308,1.69742691752786,1.11253692925373e-308,1255.11615071795,5.68174120079324,9316,24774_d,irHepatitis,local,141
NKG7,4.42356018423155e-223,2.44409971889885,1.23599475735881e-222,1251.3534685378,5.89342616559359,1717,24774_d,irHepatitis,local,142
IFNAR1,1.11253692925364e-308,1.67329092611237,1.11253692925373e-308,1237.26944855578,5.5967533349474,10147,24774_d,irHepatitis,local,143
HLA-B,1.11253692925364e-308,1.65918227534148,1.11253692925373e-308,1226.83719061022,6.15447208760239,13590,24774_d,irHepatitis,local,144
SSR4,1.11253692925364e-308,1.65100069239716,1.11253692925373e-308,1220.78754170586,5.21337906254718,7244,24774_d,irHepatitis,local,145
CLEC12A,3.7063541998982e-198,2.68383764529383,9.58105167320623e-198,1220.07742369293,5.50848500828599,1369,24774_d,irHepatitis,local,146
CD44,5.85322482824621e-230,2.28954434147954,1.64757439609893e-229,1208.48464592133,5.50892299519698,1953,24774_d,irHepatitis,local,147
TUBA1B,1.11253692925364e-308,1.61839850419534,1.11253692925373e-308,1196.6807406776,5.38130005032443,7232,24774_d,irHepatitis,local,148
TUBB,1.11253692927039e-308,1.62509830812906,1.11253692931266e-308,1191.70674400088,5.06337716719237,5865,24774_d,irHepatitis,local,149
CTNNB1,1.11253692925364e-308,1.6037783209508,1.11253692925373e-308,1185.87024396214,5.71785950454745,11116,24774_d,irHepatitis,local,150
IGHG2,2.17157538861681e-59,8.77044734234186,3.40991176724954e-59,1184.68630851708,5.44542079855678,203,24774_d,irHepatitis,local,151
CXCL12,1.11253692925364e-308,1.60168772195187,1.11253692925373e-308,1184.32440741322,6.38946850351913,8125,24774_d,irHepatitis,local,152
STAT2,1.11253692925364e-308,1.58940479357315,1.11253692925373e-308,1175.24213021645,6.05726025056173,11457,24774_d,irHepatitis,local,153
TXLNA,1.11253692925364e-308,1.55668704906927,1.11253692925373e-308,1151.04988422468,5.28340736883144,7805,24774_d,irHepatitis,local,154
STAT3,1.11253692925364e-308,1.54325401855354,1.11253692925373e-308,1141.11719529459,5.4795986336978,9437,24774_d,irHepatitis,local,155
ACTA2,1.11253692925364e-308,1.52569390419678,1.11253692925373e-308,1128.13284650759,5.8048791544756,10280,24774_d,irHepatitis,local,156
LAMP3,8.51892321216636e-141,3.45228896563464,1.74983287601255e-140,1113.43986041274,4.39537386334165,842,24774_d,irHepatitis,local,157
CD79A,4.97954399436072e-33,14.8376055273975,6.78217461597517e-33,1103.62065028072,5.8086120854285,97,24774_d,irHepatitis,local,158
CD19,2.31863458736347e-39,12.3822646311324,3.27539458437963e-39,1101.52428233349,5.75315497785917,122,24774_d,irHepatitis,local,159
CCL5,2.07838041636581e-191,2.50396071234944,5.19595104091453e-191,1099.39440847798,5.67862554164914,1501,24774_d,irHepatitis,local,160
RUNX3,1.36105723457e-195,2.42750014440178,3.47115267876912e-195,1089.20919541337,5.67914812100217,1602,24774_d,irHepatitis,local,161
CD47,1.11253731578338e-308,1.50517524679042,1.1125382767886e-308,1088.64677376852,5.57557594842183,9437,24774_d,irHepatitis,local,162
NCEH1,1.2740026931058e-183,2.57297455660579,3.10333989346284e-183,1083.55911217677,4.93598096521748,1403,24774_d,irHepatitis,local,163
IRF8,1.99143950095241e-248,1.89089535610801,5.91208601845247e-248,1078.47641201754,5.20101876287132,3033,24774_d,irHepatitis,local,164
AKT1,2.63933136098897e-303,1.52246944219089,9.03554880338567e-303,1060.72388337646,5.28936941828863,7750,24774_d,irHepatitis,local,165
ID1,1.32399437055585e-263,1.74953314135851,4.2278811832876e-263,1058.99105676614,5.09955756146856,3960,24774_d,irHepatitis,local,166
CD247,8.88321113452899e-162,2.80358998741784,1.99740842078167e-161,1039.66823311255,5.79015011032255,1158,24774_d,irHepatitis,local,167
CD38,7.03237253946547e-200,2.25183337071056,1.84296659654957e-199,1032.61533491949,5.21461275353444,1839,24774_d,irHepatitis,local,168
LIF,4.79833282024379e-61,7.40437613680331,7.59736029871933e-61,1028.38952297871,5.03432574362603,240,24774_d,irHepatitis,local,169
TGFB1,5.08008580574431e-258,1.71652990427337,1.55680048885713e-257,1016.9437672909,5.61584725053937,3967,24774_d,irHepatitis,local,170
PAX5,3.90299872079528e-28,15.9906698786325,5.11427418586968e-28,1009.18136918722,5.67894010344065,81,24774_d,irHepatitis,local,171
MET,2.25408506001659e-261,1.66059314508542,7.02092067874021e-261,996.624845217903,4.92826068925831,4595,24774_d,irHepatitis,local,172
PSMB10,3.04773156468387e-262,1.56277866159611,9.65114995483225e-262,941.047325923664,5.1167888242158,5682,24774_d,irHepatitis,local,173
LILRB2,2.16923252596157e-187,2.16882053103579,5.3181184507445e-187,932.178668120266,5.43420176024602,1870,24774_d,irHepatitis,local,174
GZMA,4.35328398100153e-168,2.40936464620333,1.00257449259429e-167,928.480867873062,5.76702721228686,1477,24774_d,irHepatitis,local,175
S100B,3.90977249263448e-118,3.41722586391028,7.46589722211609e-118,923.818177028504,5.49156344682072,746,24774_d,irHepatitis,local,176
CLEC10A,6.70528382440665e-142,2.83254651505879,1.38478687677963e-141,920.759431074308,5.09284908295537,1045,24774_d,irHepatitis,local,177
CXCR4,1.42128525929698e-125,3.17784741732073,2.78396081717965e-125,913.540802325221,5.47873200018225,833,24774_d,irHepatitis,local,178
RGS1,1.73564788473684e-109,3.64074299774389,3.28132435920397e-109,911.752704732313,5.0653821758507,652,24774_d,irHepatitis,local,179
CXCR2,3.28430879409633e-151,2.61261014381561,7.05105842800342e-151,905.272531218961,5.39599976070666,1210,24774_d,irHepatitis,local,180
JAK3,2.82903948197659e-182,2.16361774019317,6.84735670796883e-182,904.458313222852,5.81522308724744,1868,24774_d,irHepatitis,local,181
CD3D,2.1930356135654e-155,2.35757812001544,4.87341247458978e-155,839.569881618073,5.77224208981067,1463,24774_d,irHepatitis,local,182
COTL1,7.03545518143873e-191,1.91688482393411,1.74736795355995e-190,839.294200131098,5.30896514071534,2441,24774_d,irHepatitis,local,183
CCR4,1.15089600017958e-69,5.24351965024567,1.90148034812279e-69,832.34493423485,5.96164539332701,351,24774_d,irHepatitis,local,184
IRF1,4.5879412387164e-233,1.54194936687547,1.32077096266078e-232,824.910368862612,5.29923424180311,5391,24774_d,irHepatitis,local,185
KRAS,5.71788162692036e-239,1.49666545745541,1.65862215132041e-238,821.032114112328,5.14690859597654,6385,24774_d,irHepatitis,local,186
CXCL3,7.49661571498905e-41,8.86844612070419,1.06693407179619e-40,819.369369064658,4.95551885128301,163,24774_d,irHepatitis,local,187
CTSL,1.4404633101469e-197,1.784939139949,3.6984868774042e-197,809.013488377847,4.95435627788481,3024,24774_d,irHepatitis,local,188
CENPV,1.32051542027591e-199,1.73806816751442,3.43695794318387e-199,795.924699357588,4.74894913248915,3300,24774_d,irHepatitis,local,189
ARPC3,3.70975494736515e-221,1.55745020838619,1.02898312408668e-220,790.49995687976,5.01833701058809,4956,24774_d,irHepatitis,local,190
CD4,6.08653557822133e-218,1.56599011354334,1.65205965694579e-217,783.241655150713,5.59569850899844,4733,24774_d,irHepatitis,local,191
ICAM1,2.80807356972188e-194,1.7398687608529,7.11378637662877e-194,775.405587056991,5.12437935778787,3181,24774_d,irHepatitis,local,192
KLRK1,2.48471905167621e-152,2.20468053027162,5.39538994078262e-152,769.615996480685,6.23218145171877,1614,24774_d,irHepatitis,local,193
FAS,3.11385360546445e-218,1.53629796099866,8.5126933099028e-218,769.420557748263,5.05246561216431,5218,24774_d,irHepatitis,local,194
FGF2,2.45094559489101e-76,4.258900998184,4.15785413419011e-76,741.474634654463,5.15748338482656,458,24774_d,irHepatitis,local,195
IL10,1.68658054100295e-86,3.74344723643955,2.99486264290243e-86,739.329387471023,5.07723875923899,544,24774_d,irHepatitis,local,196
CCL3L1,5.84878457968155e-41,7.96264491511958,8.35540654240221e-41,737.657473589058,4.90130537224501,175,24774_d,irHepatitis,local,197
CDK6,4.33708272755493e-179,1.7881434413486,1.0300571477943e-178,734.382517835741,4.75868429647161,2828,24774_d,irHepatitis,local,198
SPON2,5.60704235689058e-189,1.68765750139014,1.38355590624573e-188,731.539714928202,4.94311827296539,3420,24774_d,irHepatitis,local,199
RNF43,1.68187844611402e-153,2.06389667282311,3.67306787082372e-153,726.028506800716,4.55477035672347,1909,24774_d,irHepatitis,local,200
IL4R,6.10052630124099e-215,1.45997613507812,1.64411347125644e-214,720.129461812018,5.2010123677576,6572,24774_d,irHepatitis,local,201
IL13RA2,2.61641070819292e-86,3.6175376667628,4.62435380982935e-86,712.873834116386,5.14747348346915,595,24774_d,irHepatitis,local,202
CCR2,4.94265691118985e-70,4.45327552104839,8.20178876092638e-70,710.667305666442,5.69046427528595,405,24774_d,irHepatitis,local,203
CXCR5,7.5748130800753e-33,9.60527640236213,1.02801034658165e-32,710.410847426835,5.81074893287353,133,24774_d,irHepatitis,local,204
PTEN,6.31602497955018e-205,1.4819684992883,1.67838426030005e-204,696.802106425886,6.3459046248633,14320,24774_d,irHepatitis,local,205
NCAM1,3.99740239097927e-53,5.68340431149507,6.1748492218379e-53,685.710489056169,5.69330583295078,278,24774_d,irHepatitis,local,206
JAK1,1.19877134333722e-209,1.41537013439078,3.2079796511841e-209,680.876523482101,5.38202122196909,7786,24774_d,irHepatitis,local,207
FLT1,1.43617035829503e-181,1.62829839452019,3.45408060855766e-181,678.033093828861,5.92252074110889,3667,24774_d,irHepatitis,local,208
GNLY,4.71341591957945e-103,2.83667271665798,8.8231431006906e-103,668.365058086705,5.87031185328792,864,24774_d,irHepatitis,local,209
GZMK,2.57111175028305e-110,2.56581007603582,4.88511232553779e-110,647.456570614724,5.75275449873118,1039,24774_d,irHepatitis,local,210
NOTCH1,3.11977046878634e-194,1.39110575393065,7.85107800091926e-194,619.826294433484,5.53862149958558,8145,24774_d,irHepatitis,local,211
CD83,7.65341675461977e-49,5.50938891182868,1.15408665347441e-48,610.393557344938,4.82883548142237,267,24774_d,irHepatitis,local,212
SOCS3,3.6114004362277e-91,2.90281736557685,6.56618261132309e-91,604.515048330556,5.45469928547561,786,24774_d,irHepatitis,local,213
ANXA1,3.41767445157769e-132,1.99407238941006,6.87151477036783e-132,603.630183411848,5.34786278686476,1791,24774_d,irHepatitis,local,214
TNFRSF13C,3.47108363573356e-49,5.37636666329008,5.29723607059741e-49,599.906834944724,5.54535543102954,281,24774_d,irHepatitis,local,215
PRF1,3.50712721070322e-118,2.21415992241512,6.73085020235972e-118,598.820090673104,5.7985594586031,1375,24774_d,irHepatitis,local,216
CEACAM8,9.40183729616861e-133,1.95733569829112,1.90037136837451e-132,595.035752513756,4.48007962762604,1923,24774_d,irHepatitis,local,217
NF1,8.87574703099578e-180,1.41848982241547,2.12124771809962e-179,584.817812786936,5.11848566636645,6399,24774_d,irHepatitis,local,218
P2RX1,1.50106459231918e-48,5.29988244225237,2.2456871853594e-48,583.611977145936,5.77111507947715,273,24774_d,irHepatitis,local,219
CD276,1.57640877411305e-160,1.52302177161727,3.5237372597821e-160,560.408754078667,4.90094357561268,4214,24774_d,irHepatitis,local,220
GPR171,1.16716108032695e-88,2.72709730523818,2.10199625840872e-88,552.163337635743,5.68875654300683,848,24774_d,irHepatitis,local,221
SPARC,1.27748851656577e-150,1.59013441897268,2.72722267581457e-150,548.823553702847,5.71125367134759,3413,24774_d,irHepatitis,local,222
STAT6,2.01944944770637e-171,1.3540071979459,4.6792121349294e-171,532.177941049782,5.81860604932338,11198,24774_d,irHepatitis,local,223
CDK12,1.28680060358776e-162,1.39151174589045,2.91062041287707e-162,518.709138665706,5.13818913303281,6469,24774_d,irHepatitis,local,224
CD8B,3.50764960689696e-102,2.21931982268001,6.53385711088649e-102,518.452492563593,5.74685875230287,1260,24774_d,irHepatitis,local,225
LY6E,2.57538383402235e-142,1.58281786198423,5.34779156791526e-142,516.031996120627,4.80991020413764,3394,24774_d,irHepatitis,local,226
CXCR1,3.66758745291643e-27,7.99356105731989,4.77288778119262e-27,486.570167340521,6.22144841072406,136,24774_d,irHepatitis,local,227
IL2RB,4.11493260706236e-99,2.1346250903456,7.62767995455463e-99,483.580746714677,5.81577583639608,1316,24774_d,irHepatitis,local,228
SOX17,1.64374688586654e-61,3.4351326525838,2.61348877250747e-61,480.783613073145,5.87298046055512,508,24774_d,irHepatitis,local,229
TNFRSF1B,9.21298701335351e-152,1.37339878250828,1.98916765061042e-151,477.630080898089,5.41725717413241,6467,24774_d,irHepatitis,local,230
GZMB,4.09794521116216e-75,2.67886955255402,6.92097413440721e-75,458.845875191324,5.50723284304446,791,24774_d,irHepatitis,local,231
ZNF683,8.60928502762264e-15,13.9934896883277,1.05193836350373e-14,453.192249144148,5.456806330766,61,24774_d,irHepatitis,local,232
STMN1,1.15464585586073e-90,2.18255604103181,2.089359167748e-90,451.983052661346,5.26642008307521,1203,24774_d,irHepatitis,local,233
ATM,1.33467579191416e-146,1.33972771681357,2.80208177307945e-146,449.999448269045,5.47096134669651,7587,24774_d,irHepatitis,local,234
CPA3,1.73133784700388e-22,8.80292461237219,2.21024692534486e-22,441.096749416686,5.81666474565257,116,24774_d,irHepatitis,local,235
RORC,9.70076316912346e-121,1.55333058439585,1.88076020625863e-120,429.248292786218,4.7987805144074,3241,24774_d,irHepatitis,local,236
FKBP11,3.38148326603958e-127,1.43518064518957,6.69251896403668e-127,417.938944722171,4.9257003235907,4482,24774_d,irHepatitis,local,237
ACE2,4.33501138663434e-84,2.12337005651543,7.62640892093078e-84,407.581781753751,4.50494585396112,1253,24774_d,irHepatitis,local,238
JAK2,8.90801014613845e-123,1.44089147408142,1.73591992591416e-122,404.935194258267,5.17143498271721,4208,24774_d,irHepatitis,local,239
CCL13,9.21346041234674e-35,5.08633945112905,1.27313271152428e-34,398.615470376613,4.95019485421931,248,24774_d,irHepatitis,local,240
CCL3,4.96959736247232e-45,3.87172150883016,7.31956200674218e-45,394.965888962674,5.05321898610589,369,24774_d,irHepatitis,local,241
IRF2,2.07280237735927e-126,1.35626395398562,4.08116530257266e-126,392.498475662514,5.07088500443282,5903,24774_d,irHepatitis,local,242
AREG,3.87148442251631e-24,7.12309941322013,4.97014892079797e-24,383.994922514489,5.44402634085223,141,24774_d,irHepatitis,local,243
STAT4,1.72093052818092e-79,2.04400513959381,2.95906606655543e-79,370.703546234864,5.3230550978222,1264,24774_d,irHepatitis,local,244
GPR183,1.16677597564485e-32,4.96219631557437,1.57784651510692e-32,364.862745633252,5.40871216484052,239,24774_d,irHepatitis,local,245
CTLA4,1.21612211526135e-42,3.66503116526237,1.75047880227012e-42,353.722810918436,5.67331079517868,384,24774_d,irHepatitis,local,246
LILRB4,5.7067209718916e-60,2.54938109019597,8.99814925028551e-60,347.769897874524,4.89918997481294,726,24774_d,irHepatitis,local,247
CDK4,9.06102666489818e-93,1.54560194332519,1.66337687568179e-92,327.569359949457,4.74240923798921,2741,24774_d,irHepatitis,local,248
BCL2,5.04643237507899e-84,1.69343666918478,8.8370705185715e-84,324.798555888995,5.48693436516493,1962,24774_d,irHepatitis,local,249
CXCL16,8.90164537455827e-84,1.69388024736692,1.55166295519823e-83,323.922263977845,4.9613265530332,1965,24774_d,irHepatitis,local,250
FCGR1A,5.60539772830316e-49,2.84210968369282,8.48625950898487e-49,315.766740362316,4.96469971123641,559,24774_d,irHepatitis,local,251
JUN,3.69161684808514e-82,1.60615667605843,6.4055452158555e-82,301.1638741151,4.78484563652182,2255,24774_d,irHepatitis,local,252
CXCR6,1.37782951903423e-56,2.21159173783815,2.15463052359262e-56,284.464341322095,5.60352067803627,897,24774_d,irHepatitis,local,253
IL2RA,5.98258645247585e-44,2.82521010898775,8.71027912621004e-44,281.178728432042,5.26903503412541,541,24774_d,irHepatitis,local,254
GATA2,1.14035286828485e-48,2.48821110249834,1.71278296422231e-48,274.680458013094,5.71208319512941,696,24774_d,irHepatitis,local,255
GZMH,3.57331757986697e-49,2.41055536506123,5.4314427213978e-49,268.905104722973,5.44178107831184,718,24774_d,irHepatitis,local,256
NOTCH2,2.47861868827754e-91,1.26233957534682,4.52824568050704e-91,263.358802821881,6.33795197921329,12713,24774_d,irHepatitis,local,257
PLEK,2.78106975320371e-46,2.50914421449453,4.12815041491176e-46,263.19938879437,4.97165058291589,648,24774_d,irHepatitis,local,258
SOS1,4.63899899066104e-88,1.2987299920449,8.31518687005281e-88,261.165496751393,5.06596476345328,5615,24774_d,irHepatitis,local,259
RB1,2.14365134937582e-80,1.35134030995842,3.70267051255824e-80,247.895672933538,4.95738455837211,4134,24774_d,irHepatitis,local,260
GLIPR2,1.58908583376158e-55,1.93565450970159,2.47480580667787e-55,244.238991437009,5.33575253158367,1123,24774_d,irHepatitis,local,261
KLRD1,1.14821066609733e-47,2.22805155157107,1.71105903183131e-47,240.815152193685,5.46089129360011,803,24774_d,irHepatitis,local,262
SAMD3,9.22545399711202e-53,1.99784195803059,1.41930061494031e-52,239.371521159883,5.62383574871258,1021,24774_d,irHepatitis,local,263
TNFRSF17,4.1167666231989e-11,9.80801954629697,4.9039853191711e-11,234.542780446802,5.30232990086262,69,24774_d,irHepatitis,local,264
STAT5B,5.03367036940282e-78,1.27533292746285,8.61619252420303e-78,226.990753252657,5.13987813695454,5709,24774_d,irHepatitis,local,265
CDKN1B,5.89827011075024e-77,1.29228397253849,1.00508638658524e-76,226.827359933476,5.03078979619338,5176,24774_d,irHepatitis,local,266
TCL1A,2.60538163463729e-09,11.1544069219988,3.05569450975979e-09,220.474512228322,5.71343056636009,58,24774_d,irHepatitis,local,267
MIS18BP1,4.61583996305336e-65,1.47146041257529,7.4639114296182e-65,217.979993046096,5.05708678936449,2499,24774_d,irHepatitis,local,268
CENPF,6.4216581594365e-28,3.47232085219271,8.3856704487487e-28,217.41140548657,5.00995782492889,327,24774_d,irHepatitis,local,269
TP53,1.67384222656952e-72,1.30292060004678,2.81442498272751e-72,215.334996975368,4.98886636901087,4678,24774_d,irHepatitis,local,270
CDK2,6.23781829571072e-62,1.48289527659007,9.95954181668099e-62,208.98390531201,4.77460688014643,2420,24774_d,irHepatitis,local,271
PIK3CA,6.28378388266616e-68,1.34510743996172,1.02924046354015e-67,208.138984848727,4.90773022352678,3773,24774_d,irHepatitis,local,272
IRF5,2.68757343761317e-52,1.74090688318925,4.11805607376211e-52,206.72535640078,4.94368182781419,1371,24774_d,irHepatitis,local,273
ARID1A,1.77108169661988e-72,1.2480658015142,2.96480636438571e-72,206.198612553752,5.17373279186096,6351,24774_d,irHepatitis,local,274
ICOSLG,5.61198197978336e-62,1.44863893478419,8.99811456674125e-62,204.309330792121,4.79205019496403,2620,24774_d,irHepatitis,local,275
FCRL3,8.72000185999193e-25,3.61762057188046,1.12325447688032e-24,200.412590545406,5.80352345142939,288,24774_d,irHepatitis,local,276
SMAD3,7.01011483321033e-68,1.29465907617667,1.14328053073817e-67,200.19110323622,5.04174542589262,4635,24774_d,irHepatitis,local,277
KMT2C,5.58997715241073e-69,1.25882847713,9.19563341089211e-69,197.834205749129,5.0513785588683,5645,24774_d,irHepatitis,local,278
TIGIT,1.34697645223635e-41,2.09568361071181,1.93151340320684e-41,197.220858125233,5.47571274995071,824,24774_d,irHepatitis,local,279
CD27,2.44339317341153e-44,1.94144415555435,3.57111309960147e-44,194.960513980295,5.47542287416299,988,24774_d,irHepatitis,local,280
LILRA5,5.1182982222079e-32,2.50764287676416,6.87262658812368e-32,180.675420940195,5.05368941703642,517,24774_d,irHepatitis,local,281
CEACAM6,5.84219207169537e-10,8.1154766168725,6.91599061446804e-10,172.541077677615,5.21282516176125,76,24774_d,irHepatitis,local,282
CDKN2C,1.67547036522187e-31,2.37393870249176,2.24182654501518e-31,168.226896528757,5.12707336450615,576,24774_d,irHepatitis,local,283
MCEMP1,1.74167302658335e-17,4.2922118834072,2.17709128322918e-17,165.632595393129,5.35184958651306,191,24774_d,irHepatitis,local,284
UBE2C,7.37329281751296e-30,2.46663768274028,9.79668276452771e-30,165.461287145931,4.61265791690699,537,24774_d,irHepatitis,local,285
CCR5,2.21820855926756e-34,2.11496190070067,3.05405526275969e-34,163.890921357157,5.33926266271903,720,24774_d,irHepatitis,local,286
CCL28,2.69929369680349e-29,2.4879098053748,3.56156807217127e-29,163.659626968106,5.03040116406343,520,24774_d,irHepatitis,local,287
BRAF,8.37661976471853e-55,1.26955605941765,1.29923082065022e-54,158.08097624453,4.98668009274197,4418,24774_d,irHepatitis,local,288
CST7,2.14487161069727e-32,2.09115091855745,2.89025252505306e-32,152.485979026635,5.43193079424385,716,24774_d,irHepatitis,local,289
FASLG,1.46316546531721e-29,2.22778863428113,1.93729225373011e-29,147.912612799264,5.42768415481597,606,24774_d,irHepatitis,local,290
GATA3,3.36778469363084e-33,1.92341241501973,4.60344670352417e-33,143.815571434911,5.419749375397,864,24774_d,irHepatitis,local,291
HIF1A,8.11900639765241e-44,1.40843465297117,1.17756581339997e-43,139.744233190556,4.88683734995315,2306,24774_d,irHepatitis,local,292
LAG3,4.63330135080487e-40,1.50736318073626,6.56960639293228e-40,136.522085373004,4.86624751414501,1744,24774_d,irHepatitis,local,293
CD40,1.21304081140737e-42,1.38013888806603,1.75047880227012e-42,133.204717054551,4.77496499705487,2458,24774_d,irHepatitis,local,294
TNFRSF9,1.06085455573264e-16,3.42003917160124,1.32172043009312e-16,125.796861403193,5.14465915719532,244,24774_d,irHepatitis,local,295
FCER2,6.43810410500513e-12,4.64115246051341,7.71760113533738e-12,119.596869248844,5.17557658399217,144,24774_d,irHepatitis,local,296
ORC6,1.73329890461255e-22,2.38357095253304,2.21024692534486e-22,119.43322162817,4.71069213520349,480,24774_d,irHepatitis,local,297
FHIT,2.69974241126702e-35,1.46364379343994,3.7441683075966e-35,116.502126158106,4.57243770958056,1798,24774_d,irHepatitis,local,298
CCR6,4.26891134363244e-13,4.01158478349237,5.18270386766878e-13,114.258950144509,5.21208099513334,182,24774_d,irHepatitis,local,299
EOMES,1.09247198250774e-20,2.43895851993018,1.38842593094629e-20,112.102481794314,5.35407863526789,425,24774_d,irHepatitis,local,300
MZB1,6.42441286391531e-15,3.33222242682959,7.90057245400588e-15,108.892600889529,5.30102942259332,239,24774_d,irHepatitis,local,301
EPOR,6.72392183861916e-37,1.29627587200187,9.42837748588664e-37,107.966787369653,5.07451912501391,2986,24774_d,irHepatitis,local,302
PDCD1LG2,3.22537004322459e-29,1.62752137307359,4.24097099109116e-29,106.771781975438,5.12716155418938,1162,24774_d,irHepatitis,local,303
CCL11,6.10878051849459e-06,8.79646631165755,6.9919777018914e-06,105.608469157262,5.59283588552751,54,24774_d,irHepatitis,local,304
IL15RA,2.92501594278512e-34,1.34463640978902,4.01265725003012e-34,103.825553424918,4.87714274677648,2392,24774_d,irHepatitis,local,305
FADD,8.33571602933551e-36,1.28383085636754,1.16454856292187e-35,103.698245728342,4.79626261229915,3075,24774_d,irHepatitis,local,306
CSF1,2.22887272067808e-35,1.29665748752966,3.10246019728085e-35,103.458981326274,5.44042780097301,2864,24774_d,irHepatitis,local,307
KLRC1,1.14037530247603e-20,2.23201163380727,1.44447538313631e-20,102.494743016184,5.41719694317708,493,24774_d,irHepatitis,local,308
CD274,3.72670829826636e-26,1.71025810886085,4.8168338549021e-26,100.138497594809,4.95259113790043,964,24774_d,irHepatitis,local,309
IRF4,7.67925570461555e-15,3.05595288114573,9.41328118630293e-15,99.3192441338972,5.43449981885245,258,24774_d,irHepatitis,local,310
IL15,4.56018588602455e-30,1.42003589083892,6.08024784803274e-30,95.9378937436339,4.73872495835464,1779,24774_d,irHepatitis,local,311
TBX21,1.28542708899434e-20,1.85878029380377,1.62279831833173e-20,85.1332728582853,5.46993768274472,690,24774_d,irHepatitis,local,312
TNF,7.57828284956306e-08,4.99302049939357,8.75303186271721e-08,81.8625388716799,4.84619696139565,105,24774_d,irHepatitis,local,313
SPIB,2.83032082835887e-05,7.06585120007604,3.20095807969158e-05,73.9973767732622,5.69139088375968,60,24774_d,irHepatitis,local,314
ESR1,1.93307097097192e-20,1.5350106048326,2.43234095685209e-20,69.6781100162222,4.52947687498484,1123,24774_d,irHepatitis,local,315
CTSW,2.86087024012274e-13,2.32619619410268,3.48439324117513e-13,67.1863158678377,5.32804171224563,361,24774_d,irHepatitis,local,316
KLRF1,1.65430647292268e-10,2.8563725717166,1.96448893659569e-10,64.3325628661232,5.86305147737516,235,24774_d,irHepatitis,local,317
ADAM28,3.89016784982343e-11,2.65200046191026,4.64862824821668e-11,63.5684078899432,5.48926292554809,265,24774_d,irHepatitis,local,318
SOCS1,9.4709098086634e-19,1.4939042758658,1.1877708670931e-18,61.9983596996896,4.76790172891052,1132,24774_d,irHepatitis,local,319
CD1C,8.31178230749345e-06,5.10262999245496,9.45651879295662e-06,59.6897313444755,5.59859636191919,84,24774_d,irHepatitis,local,320
JUNB,2.38755764589703e-16,1.5925505933725,2.96494086745383e-16,57.2857815995712,4.87127454073894,862,24774_d,irHepatitis,local,321
EGF,0.0118954926266216,12.5193511169207,0.0130644138673879,55.4807028455593,4.62605789761008,21,24774_d,irHepatitis,local,322
DERL3,2.38558930776037e-12,2.01151119360462,2.87785376809188e-12,53.8312075360213,4.59491998839207,450,24774_d,irHepatitis,local,323
MS4A2,0.00179241964068637,8.08555737045171,0.00199741778141003,51.1345915042833,5.65398705347754,37,24774_d,irHepatitis,local,324
SOCS2,2.73256564107589e-16,1.37778127549382,3.38232880654345e-16,49.3743358453721,5.44793655794988,1363,24774_d,irHepatitis,local,325
IL22RA1,5.20585204030649e-15,1.48091946731587,6.4228044653132e-15,48.7059500085335,4.33962817036685,1040,24774_d,irHepatitis,local,326
CDKN1C,7.53763331944914e-10,2.12484372210223,8.89534366891513e-10,44.6343454316155,5.05343563727569,353,24774_d,irHepatitis,local,327
HPGDS,1.01377858139139e-06,2.9722288038474,1.16385456473936e-06,41.0221848963892,4.8947685578203,168,24774_d,irHepatitis,local,328
FEZ1,9.9088239745267e-13,1.3874805694136,1.19915704150323e-12,38.3502134318435,5.32082274191978,1142,24774_d,irHepatitis,local,329
DUSP2,7.01805891174523e-09,1.94861462290449,8.20573041988673e-09,36.584809223584,5.20610139922621,384,24774_d,irHepatitis,local,330
NOD1,3.21504010624725e-12,1.30928388523737,3.86618746953783e-12,34.6478168067192,5.11864272335439,1390,24774_d,irHepatitis,local,331
TOX,1.09504660904011e-09,1.64719859319506,1.28829012828248e-09,33.985773761458,5.45540357833379,575,24774_d,irHepatitis,local,332
CD37,4.50463025004338e-08,1.89435705463339,5.23473851686998e-08,32.0441387050883,5.33892991759929,379,24774_d,irHepatitis,local,333
CDKN2B,6.5433036299302e-08,1.93710294934954,7.58065664443132e-08,32.0440191108455,4.74909257074345,357,24774_d,irHepatitis,local,334
CXCR3,9.17066804418372e-06,2.74534837783163,1.04025488262382e-05,31.8446696707458,5.28775750548191,166,24774_d,irHepatitis,local,335
FLT3LG,3.32100344305541e-08,1.81767001560422,3.871108307856e-08,31.3010297565854,5.00048734988472,424,24774_d,irHepatitis,local,336
FOS,5.8971546542444e-05,3.03446811953231,6.6496105893557e-05,29.5510327251015,4.5326137219821,131,24774_d,irHepatitis,local,337
CX3CR1,0.000129336248181227,3.06831196694719,0.00014540761629842,27.4708884369887,5.11366442627556,124,24774_d,irHepatitis,local,338
MMP12,0.0297693890543348,7.61506192907654,0.0323210509732778,26.7614189154935,4.58799965778865,27,24774_d,irHepatitis,local,339
CD80,2.83818854755978e-07,1.72265741646762,3.26821711537187e-07,25.9689393430339,4.98973873202467,427,24774_d,irHepatitis,local,340
IL23A,8.01858121574129e-06,2.10914416988184,9.15033291886394e-06,24.7481684154899,4.88175916517809,257,24774_d,irHepatitis,local,341
IL6,0.0113126215086683,4.73967097691477,0.0124602787631709,21.2424290974785,5.24984896280696,51,24774_d,irHepatitis,local,342
PDCD1,0.000158118590127449,2.07856137709236,0.000177242077428999,18.1919126255789,5.15964694495685,217,24774_d,irHepatitis,local,343
CXCL2,0.00194211824149833,2.26555920183914,0.00215790915722036,14.1460973383918,4.42964050666159,156,24774_d,irHepatitis,local,344
CFC1,0.0630702017607929,4.98522742103384,0.0680871496281286,13.7767101732666,5.16835898294219,35,24774_d,irHepatitis,local,345
KIT,0.00298757436049273,2.34503313930822,0.00330022749124197,13.6323658391747,5.44036666351506,142,24774_d,irHepatitis,local,346
CDKN2D,0.00136167764153887,1.57536584939085,0.00152187501113168,10.3958987566471,5.22629838323733,330,24774_d,irHepatitis,local,347
CD79B,0.0165776828820276,2.25201663697397,0.0181020675148578,9.23258786124181,5.40323155353412,115,24774_d,irHepatitis,local,348
CCL26,0.024134658216791,2.35122620321218,0.0262784244194285,8.75621648370208,4.87900198404423,98,24774_d,irHepatitis,local,349
CHIT1,0.112138694523148,3.538594553174,0.120374869827108,7.74251151353462,4.9395267058261,38,24774_d,irHepatitis,local,350
IRF3,0.0021763087089227,1.1414949018138,0.00241107087285897,6.9975065378776,4.71194067191328,1286,24774_d,irHepatitis,local,351
ERBB4,0.137051115567896,3.1234924520128,0.146290516617417,6.20763301091403,5.28384916953118,43,24774_d,irHepatitis,local,352
EPO,0.0908298403879798,2.39159033136829,0.0977771652901766,5.73686894192147,4.56434053329368,72,24774_d,irHepatitis,local,353
ITGAE,0.014974031079057,1.21810679557477,0.0163980743805235,5.11779998365179,4.79740387950697,635,24774_d,irHepatitis,local,354
NOSIP,0.0338837807528842,1.17245265250034,0.0366832954019828,3.96853980720578,4.66061066161051,716,24774_d,irHepatitis,local,355
IL2,0.155097353001976,1.94616707926685,0.165089619441879,3.62707601382396,5.16204423823963,76,24774_d,irHepatitis,local,356
LILRA4,0.317715056102207,1.45403907924857,0.336300059383952,1.66720171410886,5.00709521423435,109,24774_d,irHepatitis,local,357
CDKN2A,0.306537449955355,1.35202136291724,0.325374946879986,1.59865080661237,4.82370250408967,156,24774_d,irHepatitis,local,358
BATF3,0.649374273287695,1.18998483938509,0.685450621803678,0.513771237571469,5.07019817026229,120,24774_d,irHepatitis,local,359
IL12RB2,0.714200477513078,0.794636766279512,0.751789976329556,0.267468040892506,5.11085887614387,147,24774_d,irHepatitis,local,360
AIRE,1,0,1,0,4.97083448347839,16,24774_d,irHepatitis,local,361
CCR3,1,0,1,0,4.90394817756221,30,24774_d,irHepatitis,local,361
CD1A,1,0,1,0,5.14286403395095,23,24774_d,irHepatitis,local,361
CDX1,1,0,1,0,4.88836984600828,10,24774_d,irHepatitis,local,361
CDX2,1,0,1,0,4.49239600262872,35,24774_d,irHepatitis,local,361
DMBT1,1,0,1,0,5.03128645099726,14,24774_d,irHepatitis,local,361
FCER1A,1,0,1,0,4.72164500389693,19,24774_d,irHepatitis,local,361
IFNB1,1,0,1,0,5.60842558791128,17,24774_d,irHepatitis,local,361
IFNL1,1,0,1,0,4.95502553158853,10,24774_d,irHepatitis,local,361
IL12B,1,0,1,0,4.77926938118558,22,24774_d,irHepatitis,local,361
IL13,1,0,1,0,4.6571776428398,40,24774_d,irHepatitis,local,361
IL1A,1,0,1,0,4.52757878870833,33,24774_d,irHepatitis,local,361
IL22RA2,1,0,1,0,5.18223038547306,25,24774_d,irHepatitis,local,361
IL4,0.128087942306959,0,0.137108219934209,0,4.5740636429897,92,24774_d,irHepatitis,local,361
IL5,1,0,1,0,4.7408376543529,25,24774_d,irHepatitis,local,361
MMP9,1,0,1,0,5.23367081342765,15,24774_d,irHepatitis,local,361
MUC5AC,1,0,1,0,4.40884709518832,30,24774_d,irHepatitis,local,361
PGA5,1,0,1,0,4.76560817226523,31,24774_d,irHepatitis,local,361
PLD4,1,0,1,0,5.41072818803632,23,24774_d,irHepatitis,local,361
REG4,1,0,1,0,4.83651481118325,32,24774_d,irHepatitis,local,361
EPCAM,1.1125369292536e-308,17.3387906061877,1.11253692925361e-308,12866.1139218695,6.08389264794589,3956,54023_b,AIH,contact,1
CXCL5,1.1125369292536e-308,16.2469522790222,1.11253692925361e-308,12055.9238330313,5.66305154264962,2240,54023_b,AIH,contact,2
CPA3,1.1125369292536e-308,15.8177702040037,1.11253692925361e-308,11737.452631906,5.39654692304874,805,54023_b,AIH,contact,3
MMP9,1.4197683456281e-285,17.3420462156204,2.47482555659944e-285,11374.4097946437,5.03411088597251,490,54023_b,AIH,contact,4
CCL19,1.1125369292536e-308,14.4961256258188,1.11253692925361e-308,10756.7366123539,5.84126120656543,4349,54023_b,AIH,contact,5
CXCL6,1.1125369292536e-308,12.9763737827515,1.11253692925361e-308,9629.01664675856,6.56330991117078,6423,54023_b,AIH,contact,6
CHIT1,1.1125369292536e-308,12.6295051492734,1.11253692925361e-308,9371.62549096128,5.02308782945832,870,54023_b,AIH,contact,7
ARG1,1.1125369292536e-308,12.2357697719934,1.11253692925361e-308,9079.45723458093,5.86553228088383,9038,54023_b,AIH,contact,8
CCL8,1.1125369292536e-308,11.8906410761114,1.11253692925361e-308,8823.35718586472,4.98311296388263,1215,54023_b,AIH,contact,9
CCL11,1.1125369292536e-308,10.8678979683974,1.11253692925361e-308,8064.43866406432,5.21715018658236,857,54023_b,AIH,contact,10
MS4A2,1.49342591183361e-172,19.4475545572016,2.13346558833373e-172,7694.29978140514,5.34161179580317,344,54023_b,AIH,contact,11
CCL16,1.1125369292536e-308,9.26612367831718,1.11253692925361e-308,6875.85458335345,5.61513587016351,7969,54023_b,AIH,contact,12
CXCL1,1.1125369292536e-308,9.08327087861774,1.11253692925361e-308,6740.17009385819,5.80250872251086,3756,54023_b,AIH,contact,13
SOX9,1.1125369292536e-308,8.73206940648225,1.11253692925361e-308,6479.56378903259,5.45345005271473,4701,54023_b,AIH,contact,14
SPARCL1,1.1125369292536e-308,8.20159085374718,1.11253692925361e-308,6085.92632909567,5.44822030261134,3004,54023_b,AIH,contact,15
IL1B,1.1125369292536e-308,7.83770666006394,1.11253692925361e-308,5815.90890996694,5.03879564053593,1250,54023_b,AIH,contact,16
TCL1A,1.11253747366566e-308,7.41609557555865,1.11253791909372e-308,5361.29291448042,5.34991965365234,999,54023_b,AIH,contact,17
CXCL10,1.1125369292536e-308,7.1730849061112,1.11253692925361e-308,5322.73153701585,5.62085429942389,9042,54023_b,AIH,contact,18
CCL15,1.1125369292536e-308,7.0574239370795,1.11253692925361e-308,5236.90621980228,4.4947137363767,4575,54023_b,AIH,contact,19
MARCO,1.1125369292536e-308,6.91185178944247,1.11253692925361e-308,5128.88554651029,6.21782979082465,19221,54023_b,AIH,contact,20
FCER1A,1.1125369292536e-308,6.87900443300179,1.11253692925361e-308,5104.5114226399,5.38921559982452,1652,54023_b,AIH,contact,21
IGKC,1.1125369292536e-308,6.83220592824808,1.11253692925361e-308,5069.78495830856,7.4817684406399,44108,54023_b,AIH,contact,22
CCL20,1.1125369292536e-308,6.71571901213028,1.11253692925361e-308,4983.34675352143,4.63178491131057,2072,54023_b,AIH,contact,23
CXCL3,1.1125369292536e-308,6.62208720500435,1.11253692925361e-308,4913.86800355816,4.86534105262785,1129,54023_b,AIH,contact,24
CXCL9,1.1125369292536e-308,6.45724148450714,1.11253692925361e-308,4791.5455263092,5.28176941007765,10067,54023_b,AIH,contact,25
CXCL14,1.1125369292536e-308,6.17619013815772,1.11253692925361e-308,4582.99357351407,5.77820817940455,10813,54023_b,AIH,contact,26
LILRA4,1.1125369292536e-308,5.74784311735612,1.11253692925361e-308,4265.14201783751,5.60165565420797,2516,54023_b,AIH,contact,27
DMBT1,2.32459401871378e-102,17.767929283097,2.94448575703746e-102,4158.0531931047,4.73247371089839,264,54023_b,AIH,contact,28
EPO,6.8131128724976e-254,7.02479086669324,1.13551881208293e-253,4095.01588392148,3.76848631747096,933,54023_b,AIH,contact,29
IGHG2,1.1125369292536e-308,5.50098771918821,1.11253692925361e-308,4081.96490086354,6.64223985330487,21894,54023_b,AIH,contact,30
TFF3,2.17824487009477e-179,9.88308376081728,3.17139099860541e-179,4065.74462703922,5.06410564726614,575,54023_b,AIH,contact,31
IGHG1,1.1125369292536e-308,5.33636200393162,1.11253692925361e-308,3959.80567678221,6.8136434971595,34462,54023_b,AIH,contact,32
ERBB3,1.1125369292536e-308,5.3320434771763,1.11253692925361e-308,3956.60114778878,5.05986072871414,7102,54023_b,AIH,contact,33
IGHGP,1.1125369292536e-308,5.30952242666613,1.11253692925361e-308,3939.8895784478,6.66677363246906,22716,54023_b,AIH,contact,34
IGLC3,1.1125369292536e-308,5.28361307250522,1.11253692925361e-308,3920.66374489068,5.14440801736865,2593,54023_b,AIH,contact,35
MS4A1,1.1125369292536e-308,5.23064736074854,1.11253692925361e-308,3881.36095285101,5.99068434091527,3410,54023_b,AIH,contact,36
KIT,1.1125369292536e-308,5.21142078830644,1.11253692925361e-308,3867.09402518658,5.30272387893862,1573,54023_b,AIH,contact,37
IL13RA2,1.1125369292536e-308,5.11903546120107,1.11253692925361e-308,3798.54021597092,4.84069752542419,2198,54023_b,AIH,contact,38
IGHG3,1.1125369292536e-308,5.11047813350167,1.11253692925361e-308,3792.19031789856,6.34869634369819,24865,54023_b,AIH,contact,39
GNLY,2.50784841482147e-276,5.92415729549216,4.29271350284756e-276,3759.43503310457,5.53678372348786,1168,54023_b,AIH,contact,40
CXCL11,1.1125369292536e-308,5.03094667653863,1.11253692925361e-308,3733.17462246168,5.04072878441404,5716,54023_b,AIH,contact,41
IDO1,1.1125369292536e-308,4.90577500167495,1.11253692925361e-308,3640.29196039108,5.30883368286103,2826,54023_b,AIH,contact,42
PLVAP,1.1125369292536e-308,4.8776833947634,1.11253692925361e-308,3619.44680325288,5.60468326357675,3386,54023_b,AIH,contact,43
IGHG4,1.1125369292536e-308,4.79102578837272,1.11253692925361e-308,3555.14320438359,6.20468499706856,22311,54023_b,AIH,contact,44
CCL28,1.1125369292536e-308,4.68491655851969,1.11253692925361e-308,3476.40568050094,5.31178691996358,4457,54023_b,AIH,contact,45
SPIB,1.1125369292536e-308,4.67021089856483,1.11253692925361e-308,3465.49346057898,5.24458904327915,1915,54023_b,AIH,contact,46
TMPRSS2,1.1125369292536e-308,4.62776411925552,1.11253692925361e-308,3433.99616006858,4.71275108585815,5786,54023_b,AIH,contact,47
CCL21,1.1125369292536e-308,4.5239676085201,1.11253692925361e-308,3356.97477131394,5.57825477184196,7442,54023_b,AIH,contact,48
CD1C,1.1125369292536e-308,4.43150573391819,1.11253692925361e-308,3288.36416062733,5.26180057019966,1945,54023_b,AIH,contact,49
CCND1,1.1125369292536e-308,4.40738779624825,1.11253692925361e-308,3270.46763366245,6.33686087445384,24595,54023_b,AIH,contact,50
NOTCH3,1.1125369292536e-308,4.37699323257606,1.11253692925361e-308,3247.91358547686,5.21390987961209,2399,54023_b,AIH,contact,51
IGHM,1.1125369292536e-308,4.27338681065836,1.11253692925361e-308,3171.03325064228,6.05579320116495,12045,54023_b,AIH,contact,52
ID4,1.1125369292536e-308,4.24617920990586,1.11253692925361e-308,3150.8440633585,5.07131798180012,1744,54023_b,AIH,contact,53
MKI67,1.1125369292536e-308,4.16618679936744,1.11253692925361e-308,3091.48632092721,5.38900162631622,3657,54023_b,AIH,contact,54
MET,1.1125369292536e-308,4.14305859744835,1.11253692925361e-308,3074.3242196332,4.70842828893561,6434,54023_b,AIH,contact,55
CENPF,3.29684755893981e-300,4.32318519895724,5.88169987040906e-300,2981.1931219156,4.80784231549113,1642,54023_b,AIH,contact,56
BANK1,1.1125369292536e-308,3.97781468283191,1.11253692925361e-308,2951.70626555328,5.38483694254771,2501,54023_b,AIH,contact,57
MGP,1.1125369292536e-308,3.96678074351153,1.11253692925361e-308,2943.51861720298,5.39483676549954,5495,54023_b,AIH,contact,58
JCHAIN,1.1125369292536e-308,3.86744641206582,1.11253692925361e-308,2869.80835368107,6.21627466796883,24145,54023_b,AIH,contact,59
GZMB,1.1125369292536e-308,3.85957103505188,1.11253692925361e-308,2863.96449177972,5.31193351411724,2193,54023_b,AIH,contact,60
EGR3,1.28268404886878e-236,5.24944356283757,2.0741273981708e-236,2851.29368250609,5.04969122948784,1199,54023_b,AIH,contact,61
SDC1,1.1125369292536e-308,3.77289536244084,1.11253692925361e-308,2799.64748701295,6.25455288864826,20398,54023_b,AIH,contact,62
RNF43,1.1125369292536e-308,3.75195340588717,1.11253692925361e-308,2784.10767198858,4.29498541777252,3426,54023_b,AIH,contact,63
CDK1,1.1125369292536e-308,3.67143032470041,1.11253692925361e-308,2724.3561495543,4.93159855489541,2375,54023_b,AIH,contact,64
LAMP3,1.48917095689911e-222,5.30652953284801,2.31920067058058e-222,2710.4461832693,4.58436503261957,1106,54023_b,AIH,contact,65
NT5E,1.1125369292536e-308,3.64682988413249,1.11253692925361e-308,2706.10158508877,4.97326164231483,9353,54023_b,AIH,contact,66
APOE,1.1125369292536e-308,3.61026729614807,1.11253692925361e-308,2678.97060271691,6.33689239332463,29639,54023_b,AIH,contact,67
CCL2,1.1125369292536e-308,3.60899481071803,1.11253692925361e-308,2678.02636485865,5.53798765975483,7261,54023_b,AIH,contact,68
RORC,1.1125369292536e-308,3.56902687787417,1.11253692925361e-308,2648.36847297505,4.45568796260053,4319,54023_b,AIH,contact,69
ANPEP,1.1125369292536e-308,3.53313074108807,1.11253692925361e-308,2621.73202550101,5.55931557094012,14150,54023_b,AIH,contact,70
CXCL13,1.1125369292536e-308,3.48314227790218,1.11253692925361e-308,2584.63847747124,5.26424149629498,4199,54023_b,AIH,contact,71
EGFR,1.1125369292536e-308,3.47243212042422,1.11253692925361e-308,2576.69108890404,4.72722022134706,7023,54023_b,AIH,contact,72
VCAN,1.1125369292536e-308,3.44759981207325,1.11253692925361e-308,2558.26446876408,5.71312898824437,8263,54023_b,AIH,contact,73
LIF,1.1125369292536e-308,3.4427032039012,1.11253692925361e-308,2554.6309789779,4.79861671487092,4199,54023_b,AIH,contact,74
CCL14,1.1125369292536e-308,3.39366063952094,1.11253692925361e-308,2518.23932775674,5.13306459843902,9344,54023_b,AIH,contact,75
TREM2,1.1125369292536e-308,3.37861822594321,1.11253692925361e-308,2507.07722244347,4.79710324788747,2353,54023_b,AIH,contact,76
FN1,1.1125369292536e-308,3.37704730202767,1.11253692925361e-308,2505.91153064184,5.9175676876118,14773,54023_b,AIH,contact,77
CEACAM6,1.25620629061732e-105,10.2902208051021,1.60726730786055e-105,2485.53428681351,5.13472175669607,415,54023_b,AIH,contact,78
PLD4,9.10770933122976e-281,3.84175242811045,1.56603146871824e-280,2477.22838915018,5.21873663637374,1774,54023_b,AIH,contact,79
CENPV,1.1125369292536e-308,3.29771322796676,1.11253692925361e-308,2447.04230164328,4.41017451991866,4695,54023_b,AIH,contact,80
G0S2,1.1125369292536e-308,3.27733936692505,1.11253692925361e-308,2431.92403744916,5.15240177298256,9846,54023_b,AIH,contact,81
FOXP3,1.7212830096967e-296,3.46994300527511,3.05648384899414e-296,2363.10793332609,4.76980253606781,2127,54023_b,AIH,contact,82
CDKN1A,1.1125369292536e-308,3.18288319784803,1.11253692925361e-308,2361.83357614935,4.75373602051286,7164,54023_b,AIH,contact,83
CEACAM1,1.1125369292536e-308,3.17008161035868,1.11253692925361e-308,2352.3342583042,4.8881645395602,8603,54023_b,AIH,contact,84
IGFBP7,1.1125369292536e-308,3.14946034820043,1.11253692925361e-308,2337.03241204705,6.88990841913615,36970,54023_b,AIH,contact,85
CD83,4.04246772331305e-308,3.27172535943786,7.28027362492397e-308,2315.72509363135,4.73025132068571,2311,54023_b,AIH,contact,86
ISG15,1.1125369292536e-308,3.05570673025972,1.11253692925361e-308,2267.46327332164,5.03819155389817,12735,54023_b,AIH,contact,87
IL7R,1.1125369292536e-308,3.02250306715471,1.11253692925361e-308,2242.8247548785,5.95973790508774,8752,54023_b,AIH,contact,88
NCAM1,1.1125369292536e-308,3.01191980633908,1.11253692925361e-308,2234.97152898683,4.98238208078523,3290,54023_b,AIH,contact,89
CD19,4.97075888059638e-293,3.31777869360399,8.78552732384476e-293,2233.04375544861,5.2171282600744,2173,54023_b,AIH,contact,90
CCR7,7.19771121264284e-212,4.52499295572318,1.10287510516302e-211,2199.93517698821,5.1008672589912,1271,54023_b,AIH,contact,91
PAX5,3.79743060151386e-199,4.80691678773246,5.7036507058311e-199,2196.18466509325,5.12239344682612,1155,54023_b,AIH,contact,92
MZB1,1.1125369292536e-308,2.93455412951215,1.11253692925361e-308,2177.56293375628,5.45701157947519,9256,54023_b,AIH,contact,93
A2M,1.1125369292536e-308,2.89690070887573,1.11253692925361e-308,2149.62250754897,6.13066304244192,25717,54023_b,AIH,contact,94
TNFRSF17,1.1125369292536e-308,2.86547074912407,1.11253692925361e-308,2126.30015180287,5.02444946017749,3975,54023_b,AIH,contact,95
DCN,1.1125369292536e-308,2.83095803606133,1.11253692925361e-308,2100.69026307974,6.32252301857427,25061,54023_b,AIH,contact,96
DERL3,1.1125369292536e-308,2.80962457239249,1.11253692925361e-308,2084.85993326346,5.33768804304199,4253,54023_b,AIH,contact,97
LUM,1.1125369292536e-308,2.79474469241037,1.11253692925361e-308,2073.81843473326,5.91696972002811,17991,54023_b,AIH,contact,98
FLT1,1.1125369292536e-308,2.79245085018232,1.11253692925361e-308,2072.11630705347,5.41966136526034,7751,54023_b,AIH,contact,99
RGS5,1.1125369292536e-308,2.76189238648906,1.11253692925361e-308,2049.44063813949,5.3568482846309,7930,54023_b,AIH,contact,100
CD79A,1.1125369292536e-308,2.74946845760119,1.11253692925361e-308,2040.22155890501,5.09348190247954,3941,54023_b,AIH,contact,101
CXCL12,1.1125369292536e-308,2.74157402976119,1.11253692925361e-308,2034.36356048722,6.74515847001695,37515,54023_b,AIH,contact,102
CXCR5,5.71056157926194e-223,3.87399417583222,8.93009629678821e-223,1982.45514909477,5.17041199596089,1566,54023_b,AIH,contact,103
CEACAM8,1.1125369292536e-308,2.66479418284129,1.11253692925361e-308,1977.38967575603,4.32568196411964,4117,54023_b,AIH,contact,104
ERBB2,1.1125369292536e-308,2.65851871722494,1.11253692925361e-308,1972.7330155906,5.04208495808304,10169,54023_b,AIH,contact,105
PDGFRA,1.1125369292536e-308,2.59919116735611,1.11253692925361e-308,1928.7094713507,5.43911724908357,8246,54023_b,AIH,contact,106
ACTB,1.1125369292536e-308,2.55499672769658,1.11253692925361e-308,1895.91533314998,7.30001955109828,49791,54023_b,AIH,contact,107
IL1RAP,1.1125369292536e-308,2.53317909632754,1.11253692925361e-308,1879.72573047958,4.70398393049683,6170,54023_b,AIH,contact,108
IRF4,1.1125369292536e-308,2.52959184722044,1.11253692925361e-308,1877.06384034397,5.47533411952681,8391,54023_b,AIH,contact,109
ID1,4.62245762508796e-308,2.64860948106748,8.28553725251615e-308,1874.32897565864,4.65176563787542,3060,54023_b,AIH,contact,110
PLA2G7,1.1125369292536e-308,2.50923451550156,1.11253692925361e-308,1861.95784160453,5.40969998598783,11896,54023_b,AIH,contact,111
KLRF1,1.1125369292536e-308,2.45014943063611,1.11253692925361e-308,1818.1142166235,5.65262386760387,4997,54023_b,AIH,contact,112
S100B,4.97486318401424e-192,4.11729153948027,7.32731786792795e-192,1813.63373771083,4.99219593267835,1349,54023_b,AIH,contact,113
SLC1A3,1.1125369292536e-308,2.42189419950424,1.11253692925361e-308,1797.14764341271,4.99267995005974,5864,54023_b,AIH,contact,114
CTSL,1.1125369292536e-308,2.3486132245672,1.11253692925361e-308,1742.77006926349,4.73361461733504,8169,54023_b,AIH,contact,115
C1QB,1.1125369292536e-308,2.34280994948447,1.11253692925361e-308,1738.46379438941,5.45671569152606,19496,54023_b,AIH,contact,116
VEGFA,1.1125369292536e-308,2.32891763239175,1.11253692925361e-308,1728.15510917524,5.60927686677144,13066,54023_b,AIH,contact,117
CD163,1.1125369292536e-308,2.32832362407842,1.11253692925361e-308,1727.71432995347,6.16518745887568,28269,54023_b,AIH,contact,118
CTSB,1.1125369292536e-308,2.31285740977761,1.11253692925361e-308,1716.23774662918,5.07462601952134,16752,54023_b,AIH,contact,119
FABP3,1.1125369292536e-308,2.31264765515815,1.11253692925361e-308,1716.08209985479,4.80563979159617,5906,54023_b,AIH,contact,120
TNFRSF13C,1.1125369292536e-308,2.31202657737035,1.11253692925361e-308,1715.62123394126,5.29280110168457,4242,54023_b,AIH,contact,121
CD74,1.1125369292536e-308,2.30591685933352,1.11253692925361e-308,1711.08756547051,7.12276512563694,47855,54023_b,AIH,contact,122
LTB,1.1125369292536e-308,2.29579524324642,1.11253692925361e-308,1703.57689943803,5.45047218056882,8723,54023_b,AIH,contact,123
SPON2,1.1125369292536e-308,2.28574026052702,1.11253692925361e-308,1696.11567817477,4.91672580456223,10533,54023_b,AIH,contact,124
IL2RA,1.1125369292536e-308,2.21441892682948,1.11253692925361e-308,1643.19224047637,4.93326003567481,4622,54023_b,AIH,contact,125
STAT1,1.1125369292536e-308,2.1875349828585,1.11253692925361e-308,1623.24322017524,6.32933730571015,38509,54023_b,AIH,contact,126
VSIG4,1.1125369292536e-308,2.17373266903348,1.11253692925361e-308,1613.00132118174,5.27210538238517,13059,54023_b,AIH,contact,127
IFIT3,1.1125369292536e-308,2.15926739234545,1.11253692925361e-308,1602.26747578233,5.20053624830137,17154,54023_b,AIH,contact,128
CXCL16,1.1125369292536e-308,2.1542072078352,1.11253692925361e-308,1598.5126054541,4.63912854953169,9478,54023_b,AIH,contact,129
FEZ1,1.11253692925503e-308,2.17147901121888,1.11253692925622e-308,1597.72441728041,4.91141540313763,4312,54023_b,AIH,contact,130
CTLA4,1.1125369292536e-308,2.14901965603553,1.11253692925361e-308,1594.6632232252,5.3054785151402,4594,54023_b,AIH,contact,131
CCL7,6.33338681565306e-48,14.6407904666316,7.2929908786308e-48,1591.13547670148,4.49632933593087,212,54023_b,AIH,contact,132
PRDX4,1.1125369292536e-308,2.11940270986231,1.11253692925361e-308,1572.68620002113,5.25206161025109,18161,54023_b,AIH,contact,133
CTSD,1.1125369292536e-308,2.07550111036892,1.11253692925361e-308,1540.1093615747,6.22682379086477,38518,54023_b,AIH,contact,134
CD8A,1.1125369292536e-308,2.06254733573493,1.11253692925361e-308,1530.49711444949,5.97070377354865,20647,54023_b,AIH,contact,135
S100A9,1.1125369292536e-308,2.06231452478991,1.11253692925361e-308,1530.32435890909,6.04471708393834,24852,54023_b,AIH,contact,136
C1R,1.1125369292536e-308,2.05129129693137,1.11253692925361e-308,1522.14465891525,6.06407654048704,27113,54023_b,AIH,contact,137
C1S,1.1125369292536e-308,2.0498014208246,1.11253692925361e-308,1521.03910800605,6.44164867002557,29400,54023_b,AIH,contact,138
IFITM3,1.1125369292536e-308,2.03454521808811,1.11253692925361e-308,1509.71836212006,6.65404438866431,43962,54023_b,AIH,contact,139
MCEMP1,1.08888933705676e-126,5.19262753638273,1.45185244940901e-126,1506.07261668418,5.27706437023598,836,54023_b,AIH,contact,140
FCGR3A,1.1125369292536e-308,2.01133739191531,1.11253692925361e-308,1492.49717627152,5.68901418374192,23076,54023_b,AIH,contact,141
NCEH1,1.1125369292536e-308,1.96831511189335,1.11253692925361e-308,1460.57282995964,4.95185404712029,8508,54023_b,AIH,contact,142
CCL4,1.1125369292536e-308,1.96511551266126,1.11253692925361e-308,1458.19859238106,5.21241635387854,9104,54023_b,AIH,contact,143
IQGAP2,1.1125369292536e-308,1.96382053684489,1.11253692925361e-308,1457.23766570757,5.39812071288363,22542,54023_b,AIH,contact,144
SPARC,1.1125369292536e-308,1.96180918912952,1.11253692925361e-308,1455.74516087086,5.60171064417597,17341,54023_b,AIH,contact,145
ITGA1,1.1125369292536e-308,1.95164887120206,1.11253692925361e-308,1448.20577644053,5.45156889100801,18076,54023_b,AIH,contact,146
CD68,1.1125369292536e-308,1.94264336696184,1.11253692925361e-308,1441.52331247229,5.23621234115027,15934,54023_b,AIH,contact,147
JUN,1.1125369292536e-308,1.92516980342194,1.11253692925361e-308,1428.55719134934,4.53618130098053,5421,54023_b,AIH,contact,148
ID2,1.1125369292536e-308,1.92381801288176,1.11253692925361e-308,1427.55410575454,5.11824353450403,17748,54023_b,AIH,contact,149
CD276,1.1125369292536e-308,1.89846976330769,1.11253692925361e-308,1408.74463546636,4.71105123292136,10179,54023_b,AIH,contact,150
LAMP2,1.1125369292536e-308,1.89084670729941,1.11253692925361e-308,1403.08800639326,5.58448336846598,26489,54023_b,AIH,contact,151
ADAM28,1.1125369292536e-308,1.88332991668534,1.11253692925361e-308,1397.51023072458,5.13050454528523,5991,54023_b,AIH,contact,152
TCF7,1.1125369292536e-308,1.88034891455247,1.11253692925361e-308,1395.29820141332,5.27311651003476,7397,54023_b,AIH,contact,153
KLRD1,1.1125369292536e-308,1.85664703731225,1.11253692925361e-308,1377.71040883532,5.16206434157118,6393,54023_b,AIH,contact,154
CCR2,1.1125369292536e-308,1.84930527350071,1.11253692925361e-308,1372.26251043617,5.24138062183044,7030,54023_b,AIH,contact,155
C1QBP,1.1125369292536e-308,1.84527617396071,1.11253692925361e-308,1369.27274864357,5.18888991727196,19324,54023_b,AIH,contact,156
HLA-B,1.1125369292536e-308,1.83098555397747,1.11253692925361e-308,1358.66850588555,6.5136652921354,45580,54023_b,AIH,contact,157
SOX17,1.12870446371706e-138,4.27539270433915,1.54840323542413e-138,1358.01723620504,5.02267853631169,1074,54023_b,AIH,contact,158
CCR4,6.64897111579066e-240,2.45819522466217,1.07974744615404e-239,1353.79192544958,5.26273357700582,2946,54023_b,AIH,contact,159
LAG3,1.1125369292536e-308,1.82353567669848,1.11253692925361e-308,1353.14038273368,4.94495837696174,6666,54023_b,AIH,contact,160
CSF1R,1.1125369292536e-308,1.79403993892629,1.11253692925361e-308,1331.25330127536,5.59650449003477,18645,54023_b,AIH,contact,161
LY6E,1.1125369292536e-308,1.78811002061455,1.11253692925361e-308,1326.85305178396,4.53854482384401,7801,54023_b,AIH,contact,162
CMKLR1,1.1125369292536e-308,1.78717612582882,1.11253692925361e-308,1326.1600624644,5.17869108229883,11217,54023_b,AIH,contact,163
STMN1,1.1125369292536e-308,1.7871088625769,1.11253692925361e-308,1326.11015029454,4.90701977047912,6686,54023_b,AIH,contact,164
CLEC10A,1.1125369292536e-308,1.77481399895656,1.11253692925361e-308,1316.9868429321,5.12827586589207,7414,54023_b,AIH,contact,165
XBP1,1.1125369292536e-308,1.76698642422917,1.11253692925361e-308,1311.17845234351,5.90920280881338,30489,54023_b,AIH,contact,166
CXCR6,1.1125369292536e-308,1.76409938513677,1.11253692925361e-308,1309.03614757132,5.18183935180177,7761,54023_b,AIH,contact,167
KLRB1,1.1125369292536e-308,1.75586463810239,1.11253692925361e-308,1302.92561795777,5.23566913145264,9166,54023_b,AIH,contact,168
TNFRSF9,1.11931812273437e-272,2.07277917045116,1.90735823604961e-272,1297.95447094754,5.06387469932726,4350,54023_b,AIH,contact,169
GZMK,1.1125369292536e-308,1.74833502406713,1.11253692925361e-308,1297.33832676973,5.33160276655296,8340,54023_b,AIH,contact,170
PDCD1LG2,1.1125369292536e-308,1.73913707227755,1.11253692925361e-308,1290.51305860308,4.85474433517035,7769,54023_b,AIH,contact,171
IFIT2,1.1125369292536e-308,1.73211398844772,1.11253692925361e-308,1285.30163419121,4.78881095588042,9667,54023_b,AIH,contact,172
CCR1,1.1125369292536e-308,1.72875589481398,1.11253692925361e-308,1282.80978708184,5.24747626585945,13437,54023_b,AIH,contact,173
NKG7,1.1125369292536e-308,1.72085989538086,1.11253692925361e-308,1276.95062247567,5.37573616546769,11555,54023_b,AIH,contact,174
KLRK1,1.1125369292536e-308,1.71709218158271,1.11253692925361e-308,1274.1548199279,6.01654205437644,17011,54023_b,AIH,contact,175
MPEG1,1.1125369292536e-308,1.7160302645909,1.11253692925361e-308,1273.36683273188,5.87085184571435,25664,54023_b,AIH,contact,176
IL18,1.1125369292536e-308,1.6970942131255,1.11253692925361e-308,1259.31548388536,5.45400220934343,15285,54023_b,AIH,contact,177
ICAM1,1.1125369292536e-308,1.69319563407163,1.11253692925361e-308,1256.42257379839,5.0775552836238,15644,54023_b,AIH,contact,178
LAMP1,1.1125369292536e-308,1.68884397890858,1.11253692925361e-308,1253.19346212917,5.7903533258196,32992,54023_b,AIH,contact,179
IL1R1,1.1125369292536e-308,1.68177596373963,1.11253692925361e-308,1247.94869676862,5.54354868041768,23190,54023_b,AIH,contact,180
CCL5,1.1125369292536e-308,1.67348041749543,1.11253692925361e-308,1241.79305157709,5.312276915067,12390,54023_b,AIH,contact,181
CTSS,1.1125369292536e-308,1.66956451818373,1.11253692925361e-308,1238.8872891283,5.12519197127578,18799,54023_b,AIH,contact,182
CXCR2,1.1125369292536e-308,1.66942502091111,1.11253692925361e-308,1238.78377626849,5.2615611051437,9022,54023_b,AIH,contact,183
CD27,1.1125369292536e-308,1.66241128415686,1.11253692925361e-308,1233.57928778092,5.16495348079202,9396,54023_b,AIH,contact,184
CD8B,1.1125369292536e-308,1.66089220381961,1.11253692925361e-308,1232.45206610096,5.28433646193863,8863,54023_b,AIH,contact,185
HAVCR2,1.1125369292536e-308,1.66078556544818,1.11253692925361e-308,1232.37293593172,5.00481098304371,10754,54023_b,AIH,contact,186
FCER2,6.17858535721302e-115,4.65399332544822,7.98592665218009e-115,1223.88946259095,5.14774332369972,886,54023_b,AIH,contact,187
CD38,1.1125369292536e-308,1.6466955933488,1.11253692925361e-308,1221.91758236618,5.22788182364817,15055,54023_b,AIH,contact,188
CD2,1.1125369292536e-308,1.63967496467167,1.11253692925361e-308,1216.70797978115,5.92528165022323,22313,54023_b,AIH,contact,189
GZMA,1.1125369292536e-308,1.63954937801784,1.11253692925361e-308,1216.61478918719,5.42502536584924,12771,54023_b,AIH,contact,190
FCGR2B,1.1125369292536e-308,1.63685012637716,1.11253692925361e-308,1214.61183062441,5.54437624408002,17070,54023_b,AIH,contact,191
CD86,1.1125369292536e-308,1.63279553713506,1.11253692925361e-308,1211.6031543978,5.03687018650112,10945,54023_b,AIH,contact,192
CD3E,1.1125369292536e-308,1.62882655614648,1.11253692925361e-308,1208.65800310595,5.56925127323701,17319,54023_b,AIH,contact,193
MX1,1.1125369292536e-308,1.62490422085317,1.11253692925361e-308,1205.74746488735,5.05469893669973,17255,54023_b,AIH,contact,194
SELL,1.1125369292536e-308,1.62270699623114,1.11253692925361e-308,1204.11703154624,5.28010638177172,9932,54023_b,AIH,contact,195
GPR34,1.11310314549312e-308,1.67765645486357,1.11356151102035e-308,1201.16779072248,4.98637462035469,7370,54023_b,AIH,contact,196
CLEC12A,1.1125369292536e-308,1.61293257777329,1.11253692925361e-308,1196.8640007983,5.3107506195576,9969,54023_b,AIH,contact,197
CD4,1.1125369292536e-308,1.61149947842998,1.11253692925361e-308,1195.80058064224,5.47855019224284,23021,54023_b,AIH,contact,198
ITGAX,1.1125369292536e-308,1.60950005681543,1.11253692925361e-308,1194.31692547534,5.70185065498257,13787,54023_b,AIH,contact,199
FCMR,1.1125369292536e-308,1.60380625132638,1.11253692925361e-308,1190.09188165683,5.52681802207604,13744,54023_b,AIH,contact,200
CD14,1.1125369292536e-308,1.60198526684105,1.11253692925361e-308,1188.74063436569,4.7588637724213,9901,54023_b,AIH,contact,201
IL2RB,1.1125369292536e-308,1.57655891835041,1.11253692925361e-308,1169.87321138747,5.60716386222678,15871,54023_b,AIH,contact,202
MYD88,1.1125369292536e-308,1.56908619733182,1.11253692925361e-308,1164.32813721735,5.20811927955538,22467,54023_b,AIH,contact,203
FAS,1.1125369292536e-308,1.5547294203587,1.11253692925361e-308,1153.67480318256,4.95446936772335,14001,54023_b,AIH,contact,204
LILRB2,1.1125369292536e-308,1.54553482765236,1.11253692925361e-308,1146.85202759735,5.12738281823387,10157,54023_b,AIH,contact,205
FCGR2A,1.1125369292536e-308,1.53855827448705,1.11253692925361e-308,1141.67513090106,5.40070901125574,13874,54023_b,AIH,contact,206
TIGIT,1.1125369292536e-308,1.52324931284826,1.11253692925361e-308,1130.31523568438,5.34962458426728,10603,54023_b,AIH,contact,207
SSR4,1.1125369292536e-308,1.51735442651552,1.11253692925361e-308,1125.94098139894,5.34773011450357,24198,54023_b,AIH,contact,208
CSF1,1.1125369292536e-308,1.51661088911985,1.11253692925361e-308,1125.38924529143,5.09804346059962,13951,54023_b,AIH,contact,209
TUBB,1.1125369292536e-308,1.51295011627951,1.11253692925361e-308,1122.67279744477,4.87842424663638,14269,54023_b,AIH,contact,210
AKT1,1.1125369292536e-308,1.50183164146905,1.11253692925361e-308,1114.42242019541,4.97932438998075,17885,54023_b,AIH,contact,211
AIF1,1.1125369292536e-308,1.49011972012902,1.11253692925361e-308,1105.73168059152,5.35075089967341,19086,54023_b,AIH,contact,212
FKBP11,1.1125369292536e-308,1.48484824814746,1.11253692925361e-308,1101.82002604818,5.07808731252226,16621,54023_b,AIH,contact,213
CD3D,1.1125369292536e-308,1.48197894073112,1.11253692925361e-308,1099.69087892748,5.25433195851175,11480,54023_b,AIH,contact,214
IL2RG,1.1125369292536e-308,1.48129582033227,1.11253692925361e-308,1099.18397477981,5.46089297092431,21745,54023_b,AIH,contact,215
IFNAR1,1.1125369292536e-308,1.48005120078465,1.11253692925361e-308,1098.26041458159,5.37099934489854,26984,54023_b,AIH,contact,216
CD47,1.1125369292536e-308,1.47789566247409,1.11253692925361e-308,1096.66091424178,5.66809001571449,32956,54023_b,AIH,contact,217
TUBA1B,1.1125369292536e-308,1.47595038858043,1.11253692925361e-308,1095.21743896755,5.37193465456541,23344,54023_b,AIH,contact,218
IL10RA,1.1125369292536e-308,1.47484641918125,1.11253692925361e-308,1094.39824711162,5.729272449415,25594,54023_b,AIH,contact,219
PSMB10,1.1125369292536e-308,1.46332901885674,1.11253692925361e-308,1085.85185030549,5.13040071574078,22011,54023_b,AIH,contact,220
STAT3,1.1125369292536e-308,1.44771740333402,1.11253692925361e-308,1074.26737314201,5.2436926077281,24786,54023_b,AIH,contact,221
IRF8,1.1125369292536e-308,1.4435313176105,1.11253692925361e-308,1071.16112098009,5.39489222171916,20568,54023_b,AIH,contact,222
ICOSLG,1.60745354743937e-288,1.61310065494247,2.82792753716186e-288,1068.95317792247,4.66072372054346,7829,54023_b,AIH,contact,223
UBE2C,7.82007827195621e-147,3.16053100559016,1.08453640268006e-146,1063.27631523673,4.60520069531474,1571,54023_b,AIH,contact,224
FCGR1A,2.18103593428407e-249,1.84150736477072,3.60345067403455e-249,1054.38061690802,4.83294743919995,5164,54023_b,AIH,contact,225
TC2N,1.1125369292536e-308,1.41830412282869,1.11253692925361e-308,1052.44147845346,5.38222852302645,13931,54023_b,AIH,contact,226
ACTA2,1.1125369292536e-308,1.41485639641692,1.11253692925361e-308,1049.88312004238,5.69349830715324,32886,54023_b,AIH,contact,227
IFNGR1,1.1125369292536e-308,1.4087285907343,1.11253692925361e-308,1045.33602977557,5.42824970002086,25108,54023_b,AIH,contact,228
IRF1,1.1125369292536e-308,1.40436040402574,1.11253692925361e-308,1042.09465100234,5.45656287755474,25355,54023_b,AIH,contact,229
TXLNA,1.1125369292536e-308,1.40254101533262,1.11253692925361e-308,1040.74458785633,5.00357971066673,19257,54023_b,AIH,contact,230
PTPRC,1.1125369292536e-308,1.3973025897253,1.11253692925361e-308,1036.85745511646,5.43468184834818,21225,54023_b,AIH,contact,231
CTNNB1,1.1125369292536e-308,1.39290293135305,1.11253692925361e-308,1033.59272304141,5.40952122412095,29178,54023_b,AIH,contact,232
PTEN,1.1125369292536e-308,1.38535196695508,1.11253692925361e-308,1027.98958898374,5.78228314431951,35213,54023_b,AIH,contact,233
TNFRSF1B,1.1125369292536e-308,1.3658231393552,1.11253692925361e-308,1013.49837524414,5.42022823568303,27048,54023_b,AIH,contact,234
CORO1A,1.1125369292536e-308,1.34991910590497,1.11253692925361e-308,1001.69691164523,5.50860953396954,19800,54023_b,AIH,contact,235
TGFB1,1.1125369292536e-308,1.34520387613754,1.11253692925361e-308,998.19801228521,5.39286672889994,24675,54023_b,AIH,contact,236
STAT2,1.1125369292536e-308,1.34006014406342,1.11253692925361e-308,994.381146140834,5.51617324100091,28579,54023_b,AIH,contact,237
CD28,7.21315634276411e-258,1.66649046209603,1.20748872698254e-257,986.714083124621,5.29485429145043,6700,54023_b,AIH,contact,238
CD80,1.10910525088171e-228,1.86436360998618,1.74879666114129e-228,978.578073648511,4.83723476103156,4792,54023_b,AIH,contact,239
CX3CR1,1.44441845822623e-144,2.91797577314507,1.99592368773079e-144,966.446842939078,5.05289968256195,1716,54023_b,AIH,contact,240
ZNF683,5.42151634669646e-118,3.56867699706891,7.03131812882134e-118,963.595125384912,5.36339747924889,1215,54023_b,AIH,contact,241
JAK1,1.11253692932853e-308,1.31007086743563,1.11253692939048e-308,958.732914793938,5.27031938290846,26056,54023_b,AIH,contact,242
IL23A,8.14639314819057e-120,3.3875730884294,1.06379017055409e-119,928.915345843155,4.73359053697958,1271,54023_b,AIH,contact,243
SOCS2,5.08291681032043e-229,1.76493243930541,8.04795161634069e-229,927.765153939678,4.6405372043025,5331,54023_b,AIH,contact,244
SYK,1.04940551941006e-287,1.36958468208363,1.83766865150148e-287,905.012926602957,5.23981115109559,14787,54023_b,AIH,contact,245
FASLG,1.00321883767576e-241,1.59265365217204,1.63615089406347e-241,883.795036167756,5.17013689469423,7396,54023_b,AIH,contact,246
GATA2,3.09723849619602e-102,3.74400208490981,3.91013497858634e-102,875.097470470799,5.00588483335084,1055,54023_b,AIH,contact,247
ITGAM,6.75553081080896e-235,1.61781271864714,1.08775496106246e-234,872.319983354283,5.09060796198423,6764,54023_b,AIH,contact,248
TP53,8.2039156684097e-282,1.33666383932109,1.41703997908895e-281,865.121430906533,4.98942113515605,16882,54023_b,AIH,contact,249
CDKN2B,1.46755001186511e-136,2.71299268000892,1.99167501610265e-136,848.537235656651,4.54640044133122,1800,54023_b,AIH,contact,250
STAT6,3.24521343450429e-283,1.29095646914717,5.63096395028141e-283,839.708315818239,5.47755280838096,28821,54023_b,AIH,contact,251
LCK,9.6676609349617e-259,1.41236082819757,1.6327605134602e-258,839.084631107821,5.27702159544684,11780,54023_b,AIH,contact,252
CCL13,1.37162657450065e-58,6.24649692562198,1.59882852242407e-58,832.245384589097,4.69649459871082,459,54023_b,AIH,contact,253
SOCS3,6.86842748993314e-207,1.7058103347912,1.04400097846984e-206,809.762117858888,4.92156657725387,5470,54023_b,AIH,contact,254
CDK12,2.26704600363172e-264,1.3143955904909,3.8458816133038e-264,797.922227509276,4.9558972650547,17964,54023_b,AIH,contact,255
CD40LG,1.53153812671718e-131,2.62392476448152,2.06377478068272e-131,790.358609186768,5.18522743719612,1893,54023_b,AIH,contact,256
JAK3,6.86558527646408e-258,1.30918090897257,1.1543904447152e-257,775.218949923889,5.36153069962846,18152,54023_b,AIH,contact,257
CD247,5.993031071275e-231,1.44557760274156,9.56870507178362e-231,766.310169010594,5.32874830607165,9854,54023_b,AIH,contact,258
ARPC3,3.00071597253098e-251,1.31344986791711,4.97935401555359e-251,757.663566058776,4.96652990884661,17060,54023_b,AIH,contact,259
DGKA,6.14194755313653e-244,1.33163695636511,1.00600865094478e-243,745.737496809171,5.41450209191188,15246,54023_b,AIH,contact,260
GZMH,2.77632897823904e-168,1.93073885639024,3.95132963195069e-168,744.904471056372,5.05492532766514,3705,54023_b,AIH,contact,261
MMP12,8.83929378084366e-30,11.0286045365173,9.67991826144262e-30,737.795400035028,4.48796292429388,198,54023_b,AIH,contact,262
ARPC5,2.40779686462811e-244,1.31298773533009,3.96087795912849e-244,736.523162447854,4.88359841382263,16589,54023_b,AIH,contact,263
PRF1,8.08063060136957e-186,1.71380408948237,1.18557514614689e-185,730.408491184481,5.0348345185645,5133,54023_b,AIH,contact,264
IL4R,4.74283963507875e-231,1.32822882788841,7.60455300139209e-231,704.413567853935,4.88348258020765,14629,54023_b,AIH,contact,265
AREG,2.51081673231414e-39,7.90525004915998,2.83118800676372e-39,702.620288702677,4.66971338857517,292,54023_b,AIH,contact,266
CD40,1.0993589971487e-205,1.48817073391193,1.6643682028546e-205,702.320177919872,4.61439198614135,8075,54023_b,AIH,contact,267
HPGDS,7.15689379641467e-71,4.27229868955045,8.57924177488194e-71,690.04231178171,4.80680236219183,754,54023_b,AIH,contact,268
NF1,1.6402966272386e-229,1.30127046948319,2.60800300565133e-229,685.505521610925,4.93378437411736,16710,54023_b,AIH,contact,269
CCL3,3.40102448044872e-144,2.06684706615361,4.68256993684968e-144,682.779159794986,4.88019068183614,2976,54023_b,AIH,contact,270
COTL1,5.22284670418549e-224,1.3233916567672,8.20116424624168e-224,680.390083054894,5.1414553604491,14586,54023_b,AIH,contact,271
SMAD3,8.62881862098024e-219,1.32977882146325,1.33290694145223e-218,667.696610741176,4.99897012063433,13829,54023_b,AIH,contact,272
SAMD3,3.01163690074953e-192,1.46570777031223,4.45300397776195e-192,646.368118618802,5.34938836907452,8280,54023_b,AIH,contact,273
NOTCH2,1.69571720310136e-215,1.3009233044914,2.60879569707901e-215,643.342595614395,6.12121760499148,38121,54023_b,AIH,contact,274
ENTPD1,3.74878477445595e-209,1.33061419543786,5.72103700519382e-209,638.586838072099,5.14623779584972,13380,54023_b,AIH,contact,275
ATM,7.12549945194809e-220,1.25514244764047,1.10517950683277e-219,633.351205796182,5.55541600168623,30493,54023_b,AIH,contact,276
ITGAE,9.11186718195277e-177,1.56176115971406,1.3165435472023e-176,633.056737282979,5.16726078869999,6392,54023_b,AIH,contact,277
PLEK,1.81356679845633e-183,1.4862009931469,2.65059762851309e-183,625.360349335649,4.92647105492159,7547,54023_b,AIH,contact,278
CD44,1.93649798288542e-199,1.28911192563057,2.92011600593833e-199,589.837740919976,5.11946193094178,15734,54023_b,AIH,contact,279
CXCR1,9.67385020582437e-68,3.79568886826979,1.14519099009759e-67,585.698932702881,5.751035008191,844,54023_b,AIH,contact,280
VSIR,3.39882816350496e-198,1.26129841499995,5.08486103201529e-198,573.497780561825,5.29025938056704,18753,54023_b,AIH,contact,281
KRAS,4.70417359686763e-195,1.27753924766836,6.98275768285038e-195,571.642145548511,4.93666479552944,16464,54023_b,AIH,contact,282
CDK6,2.87304769415052e-177,1.37177576994399,4.16701573960762e-177,557.629852036356,4.69919227016043,10110,54023_b,AIH,contact,283
NOTCH1,1.06947792431452e-195,1.24016770941617,1.59373180878243e-195,556.757074880966,5.39858954990744,23038,54023_b,AIH,contact,284
TRAT1,1.61273755831977e-157,1.5240556118797,2.26140321830816e-157,550.226637455416,5.13503080001934,6353,54023_b,AIH,contact,285
RGS1,1.38643272248254e-127,1.87160814704375,1.85508603712452e-127,546.699683320611,4.94011895085961,3344,54023_b,AIH,contact,286
FADD,3.04975843253567e-161,1.41882848430607,4.30820893815447e-161,524.400621840371,4.588432278306,8190,54023_b,AIH,contact,287
RB1,4.83412158232714e-173,1.28939363980757,6.93194792937476e-173,511.594676478098,4.80570037418052,13828,54023_b,AIH,contact,288
FGR,7.24393609595818e-158,1.40799893365185,1.01951693202374e-157,509.453832369501,5.15489631173233,8423,54023_b,AIH,contact,289
JAK2,1.0476983532332e-174,1.26147421251952,1.50805065995688e-174,505.35061945713,5.04782619420706,16428,54023_b,AIH,contact,290
GPR171,1.29276357660752e-138,1.53515043659619,1.76708690327646e-138,487.410203132561,5.06941428628694,5794,54023_b,AIH,contact,291
CST7,5.00933778149562e-133,1.56930545187127,6.77419344116845e-133,478.061464474369,5.00596109453785,5291,54023_b,AIH,contact,292
FCRL3,1.4885250324408e-126,1.63021289884588,1.97776053261365e-126,472.31821842106,5.17004503114045,4644,54023_b,AIH,contact,293
IL10,7.2470616432512e-86,2.38857432380329,8.97030431412201e-86,468.260223327773,4.76015263304086,1717,54023_b,AIH,contact,294
HIF1A,1.45586030710571e-151,1.33531655877308,2.03392248786826e-151,463.775139504979,4.77086967673175,10248,54023_b,AIH,contact,295
ARID1A,2.50949522756107e-161,1.2338571055275,3.55823950176569e-161,456.275568214837,4.97309799950005,18556,54023_b,AIH,contact,296
CD274,7.657678123214e-112,1.78232412117173,9.86412775193668e-112,456.01443772203,4.66190672361554,3436,54023_b,AIH,contact,297
CXCR4,5.16421091436689e-123,1.60335278215922,6.81388940090076e-123,451.466006303813,5.1737780071068,4667,54023_b,AIH,contact,298
EOMES,5.44309538637775e-130,1.49984399972861,7.30874998877577e-130,446.416139089806,5.08887237535928,5992,54023_b,AIH,contact,299
ANXA1,3.19819647133433e-138,1.36135164375515,4.35596652009694e-138,430.995974381137,4.93511596124328,8763,54023_b,AIH,contact,300
SOS1,2.72139715403348e-149,1.24333685384597,3.78802534261071e-149,425.325685898314,4.88850725559299,15914,54023_b,AIH,contact,301
DUSP2,5.22580589412999e-76,2.39627809596477,6.38522906678263e-76,415.377693821519,4.73930385922129,1629,54023_b,AIH,contact,302
IL22RA2,5.07108897662e-17,10.9807758531655,5.41296014358315e-17,412.003003472952,4.74045938395145,145,54023_b,AIH,contact,303
ACE2,2.23432376538959e-59,2.90502770341952,2.61244009491706e-59,392.319871640411,4.11726764146029,1067,54023_b,AIH,contact,304
PTGS1,1.77825622606705e-102,1.65529932601432,2.25999119031932e-102,387.816845050067,4.864889390762,3864,54023_b,AIH,contact,305
TOX,1.11468039078014e-120,1.38352245990375,1.46061568447053e-120,382.131177162265,5.11462747776379,7641,54023_b,AIH,contact,306
NELL2,1.10240748697679e-97,1.67299982968185,1.38713524851384e-97,373.502661953505,5.18419978086917,3706,54023_b,AIH,contact,307
CCL3L1,1.52371127130607e-97,1.64761147347765,1.91092502672048e-97,367.301375034546,4.96954968774871,3856,54023_b,AIH,contact,308
RUNX3,1.39255345887846e-122,1.28864988715909,1.83103915008241e-122,361.574852130337,5.15954756535769,10720,54023_b,AIH,contact,309
EPOR,6.55911524387429e-107,1.44906254982089,8.42048578605483e-107,354.289633796496,4.6028409464102,5829,54023_b,AIH,contact,310
BCL2,2.07513037635595e-124,1.23729169742477,2.74755938332844e-124,352.368955239832,5.15769408435875,14158,54023_b,AIH,contact,311
IRF2,1.44187371811665e-119,1.1995152773106,1.87641100302852e-119,328.237378794138,4.99620509278444,18273,54023_b,AIH,contact,312
LILRB4,2.29600235349435e-84,1.68413492801868,2.83273017638913e-84,324.340772715154,4.6559146828893,3323,54023_b,AIH,contact,313
CCR5,1.08224343486311e-90,1.45222831329142,1.34836886966551e-90,300.834355400863,4.95247706224596,5345,54023_b,AIH,contact,314
LILRA5,7.47162875099811e-75,1.75673706470934,9.07098698204243e-75,299.844746539639,4.69130585652143,2831,54023_b,AIH,contact,315
CDKN2C,1.76002303947673e-73,1.76154189535676,2.12996418790178e-73,295.09946093393,4.70450987941862,2741,54023_b,AIH,contact,316
GATA3,6.73131994086427e-94,1.3751330805267,8.41414992608034e-94,295.015863391662,5.00475774882202,6638,54023_b,AIH,contact,317
STAT5B,1.90411574834067e-105,1.18556054579602,2.42806706164247e-105,285.871152149549,5.0563380469542,18409,54023_b,AIH,contact,318
P2RX1,2.00187954305079e-70,1.72915223037842,2.3921831017588e-70,277.506229204888,5.10466325034821,2799,54023_b,AIH,contact,319
CDK2,6.68391678558345e-88,1.36751181702651,8.3002888186984e-88,274.497616656468,4.60030786287361,6406,54023_b,AIH,contact,320
IL12B,7.98024921017727e-14,8.75734024556018,8.47065558622169e-14,264.114565631874,4.74266174931746,153,54023_b,AIH,contact,321
TNF,1.45654320560126e-39,2.81519238412086,1.64728100633476e-39,251.747882656653,4.62688984661891,895,54023_b,AIH,contact,322
IL22RA1,5.78356361602769e-33,3.3139622804004,6.42618179558633e-33,245.996374606403,3.56400893375729,659,54023_b,AIH,contact,323
IL6,1.14558742300524e-32,3.3229368422039,1.26916390886878e-32,244.391389413566,4.84537624032337,642,54023_b,AIH,contact,324
IL15,4.49228448750531e-80,1.29260559020419,5.50667130726458e-80,236.164788348624,4.64223643670844,7839,54023_b,AIH,contact,325
CCR6,4.04588936342702e-43,2.34365685032321,4.61693080511191e-43,228.772448599814,4.6906892124406,1209,54023_b,AIH,contact,326
CDKN1B,2.14023166494921e-83,1.1703295132281,2.63200010576278e-83,222.776492954842,4.9414311456976,16897,54023_b,AIH,contact,327
GLIPR2,6.91041170066492e-75,1.28783302285354,8.41652707132266e-75,219.911465192555,4.91721021125186,7651,54023_b,AIH,contact,328
CCL26,9.54853791262634e-20,4.8149495553514,1.02788793393711e-19,210.872226781277,4.69277934203958,322,54023_b,AIH,contact,329
CTSW,3.31251236788991e-62,1.47903846204193,3.88504536974743e-62,209.37648410074,4.95215109007984,4029,54023_b,AIH,contact,330
IL15RA,2.17894483221422e-68,1.31131623347041,2.58749698825439e-68,204.299063871885,4.53747013818361,6583,54023_b,AIH,contact,331
CDK4,3.69144402811977e-71,1.2489335406033,4.43907826166301e-71,202.548949112648,4.63585065604681,8748,54023_b,AIH,contact,332
FOS,6.23666334289391e-18,5.07912817801803,6.67586498675968e-18,201.215180509571,4.57592652739343,291,54023_b,AIH,contact,333
KMT2C,7.32898615305383e-72,1.16096938935169,8.84131662908081e-72,190.160156264713,4.90059644429786,16171,54023_b,AIH,contact,334
BRAF,1.21737522566835e-69,1.19044693973541,1.45016484562373e-69,188.90211359814,4.78826384894109,12202,54023_b,AIH,contact,335
ORC6,2.57939625109405e-45,1.83820222819594,2.95232101028837e-45,188.725968810133,4.54196930882327,1908,54023_b,AIH,contact,336
TBX21,5.46775585717255e-57,1.41795467610124,6.35396705114853e-57,183.693875879345,5.01753156857452,4405,54023_b,AIH,contact,337
FGF2,2.7843369901018e-33,2.43830009661197,3.11190604776084e-33,182.778140858671,4.6547457231672,976,54023_b,AIH,contact,338
KLRC1,1.19627821853804e-47,1.69036327460541,1.37337076448476e-47,182.630709177633,4.99347462553451,2415,54023_b,AIH,contact,339
CXCL2,1.43151669160382e-20,3.96660601426591,1.54538733752685e-20,181.245999116721,4.04620482567018,395,54023_b,AIH,contact,340
FHIT,1.9110711833113e-56,1.41187513130843,2.21404588310456e-56,181.139486735753,4.43360983615518,4359,54023_b,AIH,contact,341
IRF5,4.02717374200955e-63,1.25025820197649,4.7378514611877e-63,179.624340867057,4.86332056159067,8092,54023_b,AIH,contact,342
MIS18BP1,8.46722676715e-66,1.18505527183059,9.99237941464907e-66,177.56206114679,4.89108099854361,12151,54023_b,AIH,contact,343
PDCD1,1.18093342955574e-41,1.87148889854413,1.33956627830204e-41,176.368521743911,4.87249659406744,1819,54023_b,AIH,contact,344
GPR183,1.84652513840698e-33,2.11564691307533,2.06985118759485e-33,159.460544420375,4.88456422911624,1240,54023_b,AIH,contact,345
CD79B,1.76500631133816e-34,2.0378395850192,1.9843266222145e-34,158.380360458789,4.77515833324612,1339,54023_b,AIH,contact,346
STAT4,4.77207204178554e-54,1.22339932182834,5.51181573215351e-54,150.205071498635,5.0198523776955,8433,54023_b,AIH,contact,347
IL12RB2,3.86521378093661e-31,2.11056465092845,4.24503247617316e-31,147.798876521993,4.95128848891023,1219,54023_b,AIH,contact,348
CDKN1C,7.47154684863374e-28,2.30321531190151,8.1352086030969e-28,143.861777766827,4.62964567153663,963,54023_b,AIH,contact,349
ESR1,7.16403307168712e-32,1.88145841948566,7.91375746291019e-32,134.926250349835,4.2399255733147,1516,54023_b,AIH,contact,350
JUNB,1.01086966306685e-42,1.37414144658503,1.15009123342935e-42,132.876403783115,4.5937710893085,4057,54023_b,AIH,contact,351
IL5,1.91909770083101e-08,6.22850002922914,2.01452244838615e-08,110.673130867729,4.62313470758844,157,54023_b,AIH,contact,352
SOCS1,2.12109902900619e-28,1.65790828992935,2.31614261788033e-28,105.642659374395,4.53869794685759,1853,54023_b,AIH,contact,353
CXCR3,3.82076107317057e-31,1.50360605023688,4.20837451537628e-31,105.312099003732,4.86710757687196,2551,54023_b,AIH,contact,354
BATF3,7.36398384026063e-22,1.85302419676168,7.97240415754712e-22,90.1686595412214,4.6086877094312,1254,54023_b,AIH,contact,355
PIK3CA,4.16214025254335e-33,1.1582533346181,4.63816215825946e-33,86.3585331150298,4.67591669276769,9071,54023_b,AIH,contact,356
CD37,6.38182015561465e-24,1.49121348248971,6.92883331181019e-24,79.6436078250769,4.8826710911725,2229,54023_b,AIH,contact,357
IFNL1,0.00108193256519502,9.24692813376842,0.00111117398587597,63.1473316344203,4.74810635162367,65,54023_b,AIH,contact,358
IL1A,4.9123555090352e-06,4.57044250561867,5.12828322371806e-06,55.8679785442819,4.5794165096386,173,54023_b,AIH,contact,359
NOD1,2.33148469236988e-19,1.18047835033003,2.50272368107501e-19,50.6456040427201,4.68952458439024,5519,54023_b,AIH,contact,360
MUC5AC,9.61832956433167e-07,3.29045456423377,1.006877475054e-06,45.5873561186256,4.68815349729017,258,54023_b,AIH,contact,361
IL2,9.26452576570105e-10,2.17129837713799,9.77922164157333e-10,45.1622642186278,4.71848600948055,585,54023_b,AIH,contact,362
IRF3,6.17542200318975e-15,1.17936018482023,6.57327832272299e-15,38.5865414249919,4.5673126851653,4728,54023_b,AIH,contact,363
FLT3LG,4.75207120687459e-13,1.30012262516944,5.03004751702603e-13,36.891012827399,4.65929569175755,2558,54023_b,AIH,contact,364
PGA5,8.28385522888036e-06,3.05239070940061,8.62428763554667e-06,35.7166405500929,4.40598997664225,263,54023_b,AIH,contact,365
ERBB4,2.13318279405849e-05,3.27520173563646,2.21477995011537e-05,35.225811063556,4.75649961879232,224,54023_b,AIH,contact,366
CCR3,5.99408424914457e-05,3.61847658506205,6.20640875933225e-05,35.1793809626964,5.09596677922878,193,54023_b,AIH,contact,367
REG4,0.000238431289080204,4.11796239017504,0.000245538996884763,34.3496924887329,4.55512977670262,149,54023_b,AIH,contact,368
CDKN2A,8.3348758379603e-09,1.37486651795952,8.77355351364242e-09,25.5763905318143,4.49102729808029,1606,54023_b,AIH,contact,369
CD1A,0.00251158175271123,3.52307563809986,0.00257250961194143,21.09209911575,4.81397970434614,147,54023_b,AIH,contact,370
IFNB1,0.00368994514103173,3.30189358139713,0.00376929879997865,18.4976822853702,4.79126562981151,153,54023_b,AIH,contact,371
CDX1,0.00714364602245868,3.64394551089634,0.00725824996934304,18.0066732957447,4.54535883551771,121,54023_b,AIH,contact,372
IL13,0.00549147997389916,2.67065754611391,0.00559453723882488,13.8995907174599,4.44207578113614,182,54023_b,AIH,contact,373
CDKN2D,0.000201700871288975,1.24295797549689,0.000208278073613615,10.5759873431232,4.77422434823046,1560,54023_b,AIH,contact,374
CFC1,0.0169095383542856,2.12824496433415,0.0171349988656761,8.68297856698983,4.67919501412765,228,54023_b,AIH,contact,375
IL4,0.0925116819971219,2.37001545991964,0.0934958488268785,5.64163303197512,4.46649211738653,121,54023_b,AIH,contact,376
AIRE,0.169159953219341,1.87484837961815,0.170506053642837,3.33143785212878,4.59145627802694,143,54023_b,AIH,contact,377
EGF,0.409863543174862,1.4269309215645,0.410944977325719,1.27272391838801,4.53045828599987,114,54023_b,AIH,contact,378
NOSIP,0.387396537501796,1.05540307997836,0.389446254631435,1.00084556480559,4.4625380641307,1524,54023_b,AIH,contact,379
CDX2,0.655579444152489,1.41842055714019,0.655579444152489,0.59890792003662,4.52636409901733,118,54023_b,AIH,contact,380
EPCAM,1.11253692925361e-308,16.611225878104,1.11253692925362e-308,12303.2021586235,6.08389264794589,3956,54023_b,AIH,local,1
CPA3,1.11253692925361e-308,16.0002777397717,1.11253692925362e-308,11850.6998261951,5.39654692304874,805,54023_b,AIH,local,2
CXCL5,1.11253692925361e-308,15.2838972037691,1.11253692925362e-308,11320.1083682485,5.66305154264962,2240,54023_b,AIH,local,3
MMP9,1.38190547004593e-293,16.3558347367589,2.38692763007934e-293,11029.2949531214,5.03411088597251,490,54023_b,AIH,local,4
CCL19,1.11253692925361e-308,14.799757373125,1.11253692925362e-308,10961.5273548323,5.84126120656543,4349,54023_b,AIH,local,5
CXCL6,1.11253692925361e-308,12.4479831656437,1.11253692925362e-308,9219.6719542493,6.56330991117078,6423,54023_b,AIH,local,6
CHIT1,1.11253692925361e-308,12.0265044611557,1.11253692925362e-308,8907.50127251138,5.02308782945832,870,54023_b,AIH,local,7
CCL8,1.11253692925361e-308,11.3946555212211,1.11253692925362e-308,8439.51863843172,4.98311296388263,1215,54023_b,AIH,local,8
CCL11,1.11253692925361e-308,10.8419335826408,1.11253692925362e-308,8030.14188335289,5.21715018658236,857,54023_b,AIH,local,9
ARG1,1.11253692925361e-308,10.6642289679598,1.11253692925362e-308,7898.52391517982,5.86553228088383,9038,54023_b,AIH,local,10
MS4A2,3.85568300332492e-173,17.9412216741641,5.46701321366967e-173,7122.62325404391,5.34161179580317,344,54023_b,AIH,local,11
CXCL1,1.11253692925361e-308,8.72199935215613,1.11253692925362e-308,6460.00012548188,5.80250872251086,3756,54023_b,AIH,local,12
CCL16,1.11253692925361e-308,8.25636283801976,1.11253692925362e-308,6115.12370227895,5.61513587016351,7969,54023_b,AIH,local,13
SOX9,1.11253692925361e-308,8.25504107892194,1.11253692925362e-308,6114.14473362818,5.45345005271473,4701,54023_b,AIH,local,14
SPARCL1,1.11253692925361e-308,8.0409630441717,1.11253692925362e-308,5955.58657792188,5.44822030261134,3004,54023_b,AIH,local,15
IL1B,1.11253692925361e-308,7.73322484813726,1.11253692925362e-308,5727.65847282444,5.03879564053593,1250,54023_b,AIH,local,16
FCER1A,1.11253692925361e-308,7.03947637467237,1.11253692925362e-308,5213.82958512471,5.38921559982452,1652,54023_b,AIH,local,17
TCL1A,1.11341327589741e-308,6.95262385666985,1.11409305880804e-308,4974.90001332415,5.34991965365234,999,54023_b,AIH,local,18
MARCO,1.11253692925361e-308,6.56313385067318,1.11253692925362e-308,4861.02369274106,6.21782979082465,19221,54023_b,AIH,local,19
IGKC,1.11253692925361e-308,6.56075135968566,1.11253692925362e-308,4859.25908677665,7.4817684406399,44108,54023_b,AIH,local,20
CXCL10,1.11253692925361e-308,6.49499099136925,1.11253692925362e-308,4810.55328316172,5.62085429942389,9042,54023_b,AIH,local,21
CCL20,1.11253692925361e-308,6.49117649164813,1.11253692925362e-308,4807.72805150528,4.63178491131057,2072,54023_b,AIH,local,22
CCL15,1.11253692925361e-308,6.42258838823691,1.11253692925362e-308,4756.92786925883,4.4947137363767,4575,54023_b,AIH,local,23
CXCL3,1.11253692938298e-308,6.22571839958254,1.11253692948551e-308,4552.68933177001,4.86534105262785,1129,54023_b,AIH,local,24
CXCL9,1.11253692925361e-308,5.92145657710776,1.11253692925362e-308,4385.76164554465,5.28176941007765,10067,54023_b,AIH,local,25
CXCL14,1.11253692925361e-308,5.85877868317028,1.11253692925362e-308,4339.33889471047,5.77820817940455,10813,54023_b,AIH,local,26
LILRA4,1.11253692925361e-308,5.85142651658183,1.11253692925362e-308,4333.89346927917,5.60165565420797,2516,54023_b,AIH,local,27
DMBT1,4.82051476692647e-106,17.8327714384032,6.08569970575434e-106,4324.46738778058,4.73247371089839,264,54023_b,AIH,local,28
TFF3,4.56453756262955e-185,9.55599929375527,6.57016770378495e-185,4056.13874348548,5.06410564726614,575,54023_b,AIH,local,29
IGHG2,1.11253692925361e-308,5.46961518121888,1.11253692925362e-308,4051.10265781857,6.64223985330487,21894,54023_b,AIH,local,30
EPO,3.75614854636142e-255,6.72944172996631,6.09972840862111e-255,3942.34791040942,3.76848631747096,933,54023_b,AIH,local,31
IGHG1,1.11253692925361e-308,5.31416256447772,1.11253692925362e-308,3935.96576281225,6.8136434971595,34462,54023_b,AIH,local,32
CEACAM6,3.75991510610653e-144,11.8047975076306,5.12103132731355e-144,3898.50907935748,5.13472175669607,415,54023_b,AIH,local,33
IGLC3,1.11253692925361e-308,5.25981395421556,1.11253692925362e-308,3895.71214492744,5.14440801736865,2593,54023_b,AIH,local,34
IGHGP,1.11253692925361e-308,5.24335804861829,1.11253692925362e-308,3883.52398164845,6.66677363246906,22716,54023_b,AIH,local,35
MS4A1,1.11253692925361e-308,5.11017960509202,1.11253692925362e-308,3784.88458405683,5.99068434091527,3410,54023_b,AIH,local,36
IGHG3,1.11253692925361e-308,5.0477856843127,1.11253692925362e-308,3738.67215961265,6.34869634369819,24865,54023_b,AIH,local,37
ERBB3,1.11253692925361e-308,4.99645414675748,1.11253692925362e-308,3700.65315437551,5.05986072871414,7102,54023_b,AIH,local,38
KIT,1.11253692925361e-308,4.9665601611908,1.11253692925362e-308,3678.51199812054,5.30272387893862,1573,54023_b,AIH,local,39
IL13RA2,1.11253692925361e-308,4.84301039031946,1.11253692925362e-308,3587.00413356941,4.84069752542419,2198,54023_b,AIH,local,40
IDO1,1.11253692925361e-308,4.80540824945705,1.11253692925362e-308,3559.15388675306,5.30883368286103,2826,54023_b,AIH,local,41
IGHG4,1.11253692925361e-308,4.77427221486319,1.11253692925362e-308,3536.09279958002,6.20468499706856,22311,54023_b,AIH,local,42
CXCL11,1.11253692925361e-308,4.77153673998973,1.11253692925362e-308,3534.06675402414,5.04072878441404,5716,54023_b,AIH,local,43
PLVAP,1.11253692925361e-308,4.70140510342153,1.11253692925362e-308,3482.12334486546,5.60468326357675,3386,54023_b,AIH,local,44
SPIB,1.11253692925361e-308,4.67526466303112,1.11253692925362e-308,3462.76227392471,5.24458904327915,1915,54023_b,AIH,local,45
CCL21,1.11253692925361e-308,4.47720309314643,1.11253692925362e-308,3316.06680713452,5.57825477184196,7442,54023_b,AIH,local,46
LAMP3,1.46775969089067e-260,5.50718570693397,2.44626615148445e-260,3294.88525329049,4.58436503261957,1106,54023_b,AIH,local,47
CCL28,1.11253692925361e-308,4.44287683941168,1.11253692925362e-308,3290.64286538899,5.31178691996358,4457,54023_b,AIH,local,48
CD1C,1.11253692925361e-308,4.38258041434675,1.11253692925362e-308,3245.98396348374,5.26180057019966,1945,54023_b,AIH,local,49
TMPRSS2,1.11253692925361e-308,4.35733181553178,1.11253692925362e-308,3227.28344025193,4.71275108585815,5786,54023_b,AIH,local,50
NOTCH3,1.11253692925361e-308,4.31403432707941,1.11253692925362e-308,3195.2149007414,5.21390987961209,2399,54023_b,AIH,local,51
IGHM,1.11253692925361e-308,4.20263760137462,1.11253692925362e-308,3112.70826058059,6.05579320116495,12045,54023_b,AIH,local,52
ID4,1.11253692925361e-308,4.15466342772679,1.11253692925362e-308,3077.17590667044,5.07131798180012,1744,54023_b,AIH,local,53
CCND1,1.11253692925361e-308,4.14413016838634,1.11253692925362e-308,3069.37438618028,6.33686087445384,24595,54023_b,AIH,local,54
GNLY,1.13395982328315e-257,5.13816445459021,1.8653884538857e-257,3039.93669744334,5.53678372348786,1168,54023_b,AIH,local,55
EGR3,4.83546919439147e-258,5.04224010282808,7.98903606029895e-258,2987.48175887878,5.04969122948784,1199,54023_b,AIH,local,56
MGP,1.11253692925361e-308,4.02067008159609,1.11253692925362e-308,2977.93294667136,5.39483676549954,5495,54023_b,AIH,local,57
MKI67,1.11253692925361e-308,4.01608711623761,1.11253692925362e-308,2974.53854642028,5.38900162631622,3657,54023_b,AIH,local,58
BANK1,1.11253692925361e-308,3.97398929116934,1.11253692925362e-308,2943.35854465196,5.38483694254771,2501,54023_b,AIH,local,59
MET,1.11253692925361e-308,3.84333975071155,1.11253692925362e-308,2846.59219399374,4.70842828893561,6434,54023_b,AIH,local,60
JCHAIN,1.11253692925361e-308,3.83466309024202,1.11253692925362e-308,2840.16577437837,6.21627466796883,24145,54023_b,AIH,local,61
CENPF,1.00995092288694e-301,4.08230224567436,1.76857765298175e-301,2829.31391520256,4.80784231549113,1642,54023_b,AIH,local,62
GZMB,1.11253692925361e-308,3.65888856209671,1.11253692925362e-308,2709.97733615125,5.31193351411724,2193,54023_b,AIH,local,63
RNF43,1.11253692925361e-308,3.65807039806685,1.11253692925362e-308,2709.37135814985,4.29498541777252,3426,54023_b,AIH,local,64
CDK1,1.11253692925361e-308,3.57618551484586,1.11253692925362e-308,2648.72283772181,4.93159855489541,2375,54023_b,AIH,local,65
SDC1,1.11253692925361e-308,3.54941074677711,1.11253692925362e-308,2628.8919482548,6.25455288864826,20398,54023_b,AIH,local,66
APOE,1.11253692925361e-308,3.52894627195121,1.11253692925362e-308,2613.73481459708,6.33689239332463,29639,54023_b,AIH,local,67
CCL2,1.11253692925361e-308,3.47889611799378,1.11253692925362e-308,2576.66487365911,5.53798765975483,7261,54023_b,AIH,local,68
NT5E,1.11253692925361e-308,3.40575869720458,1.11253692925362e-308,2522.49521273626,4.97326164231483,9353,54023_b,AIH,local,69
VCAN,1.11253692925361e-308,3.39585286625793,1.11253692925362e-308,2515.15840077668,5.71312898824437,8263,54023_b,AIH,local,70
RORC,1.11253692925361e-308,3.38295996220486,1.11253692925362e-308,2505.60919555001,4.45568796260053,4319,54023_b,AIH,local,71
FOXP3,1.11253692925502e-308,3.38556787474605,1.11253692925616e-308,2491.03956392244,4.76980253606781,2127,54023_b,AIH,local,72
TREM2,1.11253692925361e-308,3.36025211564,1.11253692925362e-308,2488.79049541766,4.79710324788747,2353,54023_b,AIH,local,73
CCR7,5.64101468064274e-236,4.59285854012951,8.82133982981169e-236,2487.8596966399,5.1008672589912,1271,54023_b,AIH,local,74
PLD4,2.41772280138731e-286,3.73773022507646,4.15717042772479e-286,2458.14261697791,5.21873663637374,1774,54023_b,AIH,local,75
CXCL13,1.11253692925361e-308,3.28710563196652,1.11253692925362e-308,2434.61412201625,5.26424149629498,4199,54023_b,AIH,local,76
EGFR,1.11253692925361e-308,3.28225641902931,1.11253692925362e-308,2431.02252392984,4.72722022134706,7023,54023_b,AIH,local,77
CD83,1.11253692925361e-308,3.26695956745323,1.11253692925362e-308,2419.69282082954,4.73025132068571,2311,54023_b,AIH,local,78
CCL14,1.11253692925361e-308,3.25639037794311,1.11253692925362e-308,2411.86468844786,5.13306459843902,9344,54023_b,AIH,local,79
ANPEP,1.11253692925361e-308,3.2562137700781,1.11253692925362e-308,2411.73388279378,5.55931557094012,14150,54023_b,AIH,local,80
CD19,1.11253861149929e-308,3.28652476974941,1.11253993044309e-308,2372.2084597105,5.2171282600744,2173,54023_b,AIH,local,81
LIF,1.11253692925361e-308,3.18535072253833,1.11253692925362e-308,2359.24874979663,4.79861671487092,4199,54023_b,AIH,local,82
FN1,1.11253692925361e-308,3.1847841836298,1.11253692925362e-308,2358.82913942149,5.9175676876118,14773,54023_b,AIH,local,83
CENPV,1.11253692925361e-308,3.17010666157566,1.11253692925362e-308,2347.95814637469,4.41017451991866,4695,54023_b,AIH,local,84
G0S2,1.11253692925361e-308,3.11877622170654,1.11253692925362e-308,2309.93995414521,5.15240177298256,9846,54023_b,AIH,local,85
PAX5,7.08924837268022e-209,4.71439732365951,1.05643701239941e-208,2259.52438786439,5.12239344682612,1155,54023_b,AIH,local,86
CEACAM1,1.11253692925361e-308,2.99572320556909,1.11253692925362e-308,2218.8000139098,4.8881645395602,8603,54023_b,AIH,local,87
CDKN1A,1.11253692925361e-308,2.98290797293123,1.11253692925362e-308,2209.30833647369,4.75373602051286,7164,54023_b,AIH,local,88
IGFBP7,1.11253692925361e-308,2.97312695045145,1.11253692925362e-308,2202.06396463926,6.88990841913615,36970,54023_b,AIH,local,89
IL7R,1.11253692925361e-308,2.93708638414666,1.11253692925362e-308,2175.37030720464,5.95973790508774,8752,54023_b,AIH,local,90
MZB1,1.11253692925361e-308,2.87793120483295,1.11253692925362e-308,2131.55667567817,5.45701157947519,9256,54023_b,AIH,local,91
ISG15,1.11253692925361e-308,2.86332774639604,1.11253692925362e-308,2120.74053828513,5.03819155389817,12735,54023_b,AIH,local,92
A2M,1.11253692925361e-308,2.80833570911802,1.11253692925362e-308,2080.0103623962,6.13066304244192,25717,54023_b,AIH,local,93
TNFRSF17,1.11253692925361e-308,2.80426830764416,1.11253692925362e-308,2076.99781756895,5.02444946017749,3975,54023_b,AIH,local,94
DERL3,1.11253692925361e-308,2.77610059012719,1.11253692925362e-308,2056.1352318994,5.33768804304199,4253,54023_b,AIH,local,95
NCAM1,1.11253692925361e-308,2.75348708319505,1.11253692925362e-308,2039.38640497096,4.98238208078523,3290,54023_b,AIH,local,96
DCN,1.11253692925361e-308,2.71658055943172,1.11253692925362e-308,2012.05137105087,6.32252301857427,25061,54023_b,AIH,local,97
LUM,1.11253692925361e-308,2.71513933889344,1.11253692925362e-308,2010.98392258152,5.91696972002811,17991,54023_b,AIH,local,98
CD79A,1.11253692925361e-308,2.68303080328518,1.11253692925362e-308,1987.20254681162,5.09348190247954,3941,54023_b,AIH,local,99
RGS5,1.11253692925361e-308,2.66526726480025,1.11253692925362e-308,1974.04587754252,5.3568482846309,7930,54023_b,AIH,local,100
CXCR5,5.05811520771587e-229,3.7296909589445,7.78171570417826e-229,1960.59034762297,5.17041199596089,1566,54023_b,AIH,local,101
CXCL12,1.11253692925361e-308,2.64385406766624,1.11253692925362e-308,1958.18606712664,6.74515847001695,37515,54023_b,AIH,local,102
CCL7,2.47974044630888e-57,14.8893029533701,2.84683193231835e-57,1940.65978196849,4.49632933593087,212,54023_b,AIH,local,103
FLT1,1.11253692925361e-308,2.61340479761317,1.11253692925362e-308,1935.63363615047,5.41966136526034,7751,54023_b,AIH,local,104
ERBB2,1.11253692925361e-308,2.55044728147672,1.11253692925362e-308,1889.0037814898,5.04208495808304,10169,54023_b,AIH,local,105
CEACAM8,1.11253692925361e-308,2.54028665571976,1.11253692925362e-308,1881.47825425519,4.32568196411964,4117,54023_b,AIH,local,106
PDGFRA,1.11253692925361e-308,2.51637110045713,1.11253692925362e-308,1863.76505757175,5.43911724908357,8246,54023_b,AIH,local,107
PLA2G7,1.11253692925361e-308,2.46192376100938,1.11253692925362e-308,1823.43831533487,5.40969998598783,11896,54023_b,AIH,local,108
IRF4,1.11253692925361e-308,2.45214467451038,1.11253692925362e-308,1816.19537739599,5.47533411952681,8391,54023_b,AIH,local,109
IL1RAP,1.11253692925361e-308,2.42222783611585,1.11253692925362e-308,1794.03729505964,4.70398393049683,6170,54023_b,AIH,local,110
ID1,6.55848949437643e-307,2.54365617683775,1.15917488737816e-306,1793.31032431201,4.65176563787542,3060,54023_b,AIH,local,111
ACTB,1.11253692925361e-308,2.41011176500829,1.11253692925362e-308,1785.06345572361,7.30001955109828,49791,54023_b,AIH,local,112
SLC1A3,1.11253692925361e-308,2.38691917673968,1.11253692925362e-308,1767.88572879699,4.99267995005974,5864,54023_b,AIH,local,113
KLRF1,1.11253692925361e-308,2.38572662606779,1.11253692925362e-308,1767.00245912693,5.65262386760387,4997,54023_b,AIH,local,114
CTSL,1.11253692925361e-308,2.35447785940832,1.11253692925362e-308,1743.85787628636,4.73361461733504,8169,54023_b,AIH,local,115
TNFRSF13C,1.11253692925361e-308,2.32223137184266,1.11253692925362e-308,1719.97432558775,5.29280110168457,4242,54023_b,AIH,local,116
C1QB,1.11253692925361e-308,2.29772529270686,1.11253692925362e-308,1701.82375392401,5.45671569152606,19496,54023_b,AIH,local,117
FABP3,1.11253692925361e-308,2.29751179063783,1.11253692925362e-308,1701.66562236071,4.80563979159617,5906,54023_b,AIH,local,118
CD163,1.11253692925361e-308,2.28851964954079,1.11253692925362e-308,1695.00554016283,6.16518745887568,28269,54023_b,AIH,local,119
CTSB,1.11253692925361e-308,2.28767669661221,1.11253692925362e-308,1694.38120211779,5.07462601952134,16752,54023_b,AIH,local,120
S100B,7.71172731623926e-190,3.83367028383135,1.11424196964674e-189,1669.36568886762,4.99219593267835,1349,54023_b,AIH,local,121
LTB,1.11253692925361e-308,2.24843541224698,1.11253692925362e-308,1665.31691402416,5.45047218056882,8723,54023_b,AIH,local,122
VEGFA,1.11253692925361e-308,2.22302788172526,1.11253692925362e-308,1646.49867708885,5.60927686677144,13066,54023_b,AIH,local,123
CD74,1.11253692925361e-308,2.20710992225279,1.11253692925362e-308,1634.70894677156,7.12276512563694,47855,54023_b,AIH,local,124
SPON2,1.11253692925361e-308,2.18143730935351,1.11253692925362e-308,1615.69437501401,4.91672580456223,10533,54023_b,AIH,local,125
IL2RA,1.11253692925361e-308,2.16650693889661,1.11253692925362e-308,1604.63610831038,4.93326003567481,4622,54023_b,AIH,local,126
STAT1,1.11253692925361e-308,2.15663598862969,1.11253692925362e-308,1597.32513093142,6.32933730571015,38509,54023_b,AIH,local,127
VSIG4,1.11253692925361e-308,2.13516969677345,1.11253692925362e-308,1581.42599559719,5.27210538238517,13059,54023_b,AIH,local,128
FEZ1,1.11253692925361e-308,2.13036332968356,1.11253692925362e-308,1577.86613153963,4.91141540313763,4312,54023_b,AIH,local,129
CTLA4,1.11253692925361e-308,2.10824201013605,1.11253692925362e-308,1561.48184609281,5.3054785151402,4594,54023_b,AIH,local,130
CXCL16,1.11253692925361e-308,2.09359704954212,1.11253692925362e-308,1550.63496988305,4.63912854953169,9478,54023_b,AIH,local,131
IFIT3,1.11253692925361e-308,2.08944905385643,1.11253692925362e-308,1547.56273247874,5.20053624830137,17154,54023_b,AIH,local,132
PRDX4,1.11253692925361e-308,2.0484354833262,1.11253692925362e-308,1517.18579021191,5.25206161025109,18161,54023_b,AIH,local,133
CTSD,1.11253692925361e-308,2.02080194567246,1.11253692925362e-308,1496.71884800026,6.22682379086477,38518,54023_b,AIH,local,134
CD8A,1.11253692925361e-308,2.02020158409833,1.11253692925362e-308,1496.27418666888,5.97070377354865,20647,54023_b,AIH,local,135
S100A9,1.11253692925361e-308,2.01692664015742,1.11253692925362e-308,1493.84858017488,6.04471708393834,24852,54023_b,AIH,local,136
FCGR3A,1.11253692925361e-308,1.9758945098804,1.11253692925362e-308,1463.45789152242,5.68901418374192,23076,54023_b,AIH,local,137
C1R,1.11253692925361e-308,1.97568292694859,1.11253692925362e-308,1463.30118137939,6.06407654048704,27113,54023_b,AIH,local,138
IFITM3,1.11253692925361e-308,1.9720734466731,1.11253692925362e-308,1460.62779858134,6.65404438866431,43962,54023_b,AIH,local,139
MCEMP1,5.84411896261764e-129,4.9153355476639,7.68430867056991e-129,1451.34149873492,5.27706437023598,836,54023_b,AIH,local,140
CCL4,1.11253692925361e-308,1.95853634095116,1.11253692925362e-308,1450.60146159924,5.21241635387854,9104,54023_b,AIH,local,141
C1S,1.11253692925361e-308,1.95623963882043,1.11253692925362e-308,1448.90039565625,6.44164867002557,29400,54023_b,AIH,local,142
CD68,1.11253692925361e-308,1.9139406988327,1.11253692925362e-308,1417.57143693982,5.23621234115027,15934,54023_b,AIH,local,143
IQGAP2,1.11253692925361e-308,1.9135636609493,1.11253692925362e-308,1417.29218161363,5.39812071288363,22542,54023_b,AIH,local,144
CCR4,6.61069414245614e-256,2.40935878892736,1.07813895885551e-255,1415.67440092278,5.26273357700582,2946,54023_b,AIH,local,145
SPARC,1.11253692925361e-308,1.89095850150196,1.11253692925362e-308,1400.54953729891,5.60171064417597,17341,54023_b,AIH,local,146
ITGA1,1.11253692925361e-308,1.88759652193994,1.11253692925362e-308,1398.05946736017,5.45156889100801,18076,54023_b,AIH,local,147
NCEH1,1.11253692925361e-308,1.87829884901662,1.11253692925362e-308,1391.17309121793,4.95185404712029,8508,54023_b,AIH,local,148
ID2,1.11253692925361e-308,1.86752866320108,1.11253692925362e-308,1383.19608974033,5.11824353450403,17748,54023_b,AIH,local,149
SOX17,5.2997962353448e-144,4.17055025104424,7.1925806051108e-144,1375.88364986532,5.02267853631169,1074,54023_b,AIH,local,150
CD276,1.11253692925361e-308,1.85543348381569,1.11253692925362e-308,1374.23772398121,4.71105123292136,10179,54023_b,AIH,local,151
TCF7,1.11253692925361e-308,1.85257855057156,1.11253692925362e-308,1372.12320088041,5.27311651003476,7397,54023_b,AIH,local,152
LAMP2,1.11253692925361e-308,1.84424654480933,1.11253692925362e-308,1365.95205180136,5.58448336846598,26489,54023_b,AIH,local,153
TNFRSF9,3.32784691076315e-294,2.00429322188989,5.77434623785386e-294,1354.41656135222,5.06387469932726,4350,54023_b,AIH,local,154
LAG3,1.11253692925361e-308,1.82623285553035,1.11253692925362e-308,1352.61010687518,4.94495837696174,6666,54023_b,AIH,local,155
FCER2,6.96730824894904e-127,4.633218858509,9.06704498150902e-127,1345.89020725257,5.14774332369972,886,54023_b,AIH,local,156
ADAM28,1.11253692925361e-308,1.81290710122495,1.11253692925362e-308,1342.74030856297,5.13050454528523,5991,54023_b,AIH,local,157
KLRD1,1.11253692925361e-308,1.81123295487283,1.11253692925362e-308,1341.50034221947,5.16206434157118,6393,54023_b,AIH,local,158
CCR2,1.11253692925361e-308,1.8026005160982,1.11253692925362e-308,1335.10667566255,5.24138062183044,7030,54023_b,AIH,local,159
C1QBP,1.11253692925361e-308,1.80076915152361,1.11253692925362e-308,1333.75026471777,5.18888991727196,19324,54023_b,AIH,local,160
HLA-B,1.11253692925361e-308,1.78893824671248,1.11253692925362e-308,1324.98763547662,6.5136652921354,45580,54023_b,AIH,local,161
LY6E,1.11253692925361e-308,1.76744409424685,1.11253692925362e-308,1309.06786501817,4.53854482384401,7801,54023_b,AIH,local,162
CMKLR1,1.11253692925361e-308,1.76412920734011,1.11253692925362e-308,1306.61267453157,5.17869108229883,11217,54023_b,AIH,local,163
CSF1R,1.11253692925361e-308,1.76178214680748,1.11253692925362e-308,1304.874310342,5.59650449003477,18645,54023_b,AIH,local,164
JUN,7.13605032266329e-305,1.84505554350776,1.25541626046854e-304,1292.13537568731,4.53618130098053,5421,54023_b,AIH,local,165
KLRB1,1.11253692925361e-308,1.73441480114,1.11253692925362e-308,1284.60452479078,5.23566913145264,9166,54023_b,AIH,local,166
CLEC10A,1.11253692925361e-308,1.73365019662381,1.11253692925362e-308,1284.03821595824,5.12827586589207,7414,54023_b,AIH,local,167
STMN1,1.11253692925361e-308,1.73242727918034,1.11253692925362e-308,1283.13245496018,4.90701977047912,6686,54023_b,AIH,local,168
XBP1,1.11253692925361e-308,1.71646413124146,1.11253692925362e-308,1271.30925553943,5.90920280881338,30489,54023_b,AIH,local,169
CXCR6,1.11253692925361e-308,1.71610474098538,1.11253692925362e-308,1271.04307103222,5.18183935180177,7761,54023_b,AIH,local,170
IFIT2,1.11253692925361e-308,1.69720266968751,1.11253692925362e-308,1257.04314073804,4.78881095588042,9667,54023_b,AIH,local,171
KLRK1,1.11253692925361e-308,1.69630256721821,1.11253692925362e-308,1256.37647454949,6.01654205437644,17011,54023_b,AIH,local,172
PDCD1LG2,1.11253692925361e-308,1.69419786986244,1.11253692925362e-308,1254.81761807251,4.85474433517035,7769,54023_b,AIH,local,173
GZMK,1.11253692925361e-308,1.69169159787649,1.11253692925362e-308,1252.9613329835,5.33160276655296,8340,54023_b,AIH,local,174
CCR1,1.11253692925361e-308,1.68350487634891,1.11253692925362e-308,1246.89778952745,5.24747626585945,13437,54023_b,AIH,local,175
NKG7,1.11253692925361e-308,1.67489393794598,1.11253692925362e-308,1240.5200473473,5.37573616546769,11555,54023_b,AIH,local,176
LAMP1,1.11253692925361e-308,1.67020217779838,1.11253692925362e-308,1237.0450675957,5.7903533258196,32992,54023_b,AIH,local,177
CTSS,1.11253692925361e-308,1.66507359795563,1.11253692925362e-308,1233.24655476739,5.12519197127578,18799,54023_b,AIH,local,178
MPEG1,1.11253692925361e-308,1.66105621663125,1.11253692925362e-308,1230.2710576581,5.87085184571435,25664,54023_b,AIH,local,179
ICAM1,1.11253692925361e-308,1.65396980976512,1.11253692925362e-308,1225.02246872841,5.0775552836238,15644,54023_b,AIH,local,180
IL18,1.11253692925361e-308,1.65330624089451,1.11253692925362e-308,1224.53099254109,5.45400220934343,15285,54023_b,AIH,local,181
CCL5,1.11253692925361e-308,1.65248202817185,1.11253692925362e-308,1223.9205345398,5.312276915067,12390,54023_b,AIH,local,182
GPR34,1.11253692925361e-308,1.64987537610856,1.11253692925362e-308,1221.98990235605,4.98637462035469,7370,54023_b,AIH,local,183
CD38,1.11253692925361e-308,1.64404079906574,1.11253692925362e-308,1217.66848854862,5.22788182364817,15055,54023_b,AIH,local,184
CXCR2,1.11253692925361e-308,1.64366307555645,1.11253692925362e-308,1217.38872540959,5.2615611051437,9022,54023_b,AIH,local,185
CD8B,1.11253692925361e-308,1.63500507737579,1.11253692925362e-308,1210.97612812825,5.28433646193863,8863,54023_b,AIH,local,186
FCGR2B,1.11253692925361e-308,1.62827651806112,1.11253692925362e-308,1205.99258109251,5.54437624408002,17070,54023_b,AIH,local,187
IL1R1,1.11253692925361e-308,1.62664863913998,1.11253692925362e-308,1204.78688299392,5.54354868041768,23190,54023_b,AIH,local,188
HAVCR2,1.11253692925361e-308,1.62334288036113,1.11253692925362e-308,1202.33845330894,5.00481098304371,10754,54023_b,AIH,local,189
CD86,1.11253692925361e-308,1.62207216397405,1.11253692925362e-308,1201.39728974214,5.03687018650112,10945,54023_b,AIH,local,190
GZMA,1.11253692925361e-308,1.6207777611991,1.11253692925362e-308,1200.43858271281,5.42502536584924,12771,54023_b,AIH,local,191
ICOSLG,1.11253692925361e-308,1.61240177576411,1.11253692925362e-308,1194.23485983044,4.66072372054346,7829,54023_b,AIH,local,192
CD27,1.11253692925361e-308,1.60795113781028,1.11253692925362e-308,1190.93846865001,5.16495348079202,9396,54023_b,AIH,local,193
CD3E,1.11253692925361e-308,1.60765382114963,1.11253692925362e-308,1190.71825931639,5.56925127323701,17319,54023_b,AIH,local,194
CD14,1.11253692925361e-308,1.60639066899194,1.11253692925362e-308,1189.78269824057,4.7588637724213,9901,54023_b,AIH,local,195
SELL,1.11253692925361e-308,1.60595962422754,1.11253692925362e-308,1189.46344240029,5.28010638177172,9932,54023_b,AIH,local,196
CD2,1.11253692925361e-308,1.60187884740141,1.11253692925362e-308,1186.44099103972,5.92528165022323,22313,54023_b,AIH,local,197
MX1,1.11253692925361e-308,1.59489104550832,1.11253692925362e-308,1181.26543446334,5.05469893669973,17255,54023_b,AIH,local,198
ITGAX,1.11253692925361e-308,1.5860908942029,1.11253692925362e-308,1174.74755063396,5.70185065498257,13787,54023_b,AIH,local,199
FCMR,1.11253692925361e-308,1.57838901862686,1.11253692925362e-308,1169.04311118392,5.52681802207604,13744,54023_b,AIH,local,200
CD4,1.11253692925361e-308,1.57604673869475,1.11253692925362e-308,1167.30828777424,5.47855019224284,23021,54023_b,AIH,local,201
CLEC12A,1.11253692925361e-308,1.57249162532935,1.11253692925362e-308,1164.67517214795,5.3107506195576,9969,54023_b,AIH,local,202
MYD88,1.11253692925361e-308,1.5453334590889,1.11253692925362e-308,1144.56031656982,5.20811927955538,22467,54023_b,AIH,local,203
IL2RB,1.11253692925361e-308,1.5420643354425,1.11253692925362e-308,1142.13902091119,5.60716386222678,15871,54023_b,AIH,local,204
FAS,1.11253692925361e-308,1.51705956720146,1.11253692925362e-308,1123.61909222824,4.95446936772335,14001,54023_b,AIH,local,205
LILRB2,1.11253692925361e-308,1.5147604734289,1.11253692925362e-308,1121.91625490165,5.12738281823387,10157,54023_b,AIH,local,206
FCGR2A,1.11253692925361e-308,1.51187157928936,1.11253692925362e-308,1119.7765784639,5.40070901125574,13874,54023_b,AIH,local,207
SSR4,1.11253692925361e-308,1.49980924936854,1.11253692925362e-308,1110.84254285395,5.34773011450357,24198,54023_b,AIH,local,208
TUBB,1.11253692925361e-308,1.49403784456085,1.11253692925362e-308,1106.56791793407,4.87842424663638,14269,54023_b,AIH,local,209
TIGIT,1.11253692925361e-308,1.48577351748301,1.11253692925362e-308,1100.44689547073,5.34962458426728,10603,54023_b,AIH,local,210
CX3CR1,9.21723714582996e-163,2.94938559060068,1.28770224831448e-162,1100.41663340328,5.05289968256195,1716,54023_b,AIH,local,211
CSF1,1.11253692925361e-308,1.48135635563131,1.11253692925362e-308,1097.17529856225,5.09804346059962,13951,54023_b,AIH,local,212
AIF1,1.11253692925361e-308,1.47689672687158,1.11253692925362e-308,1093.87224828854,5.35075089967341,19086,54023_b,AIH,local,213
FCGR1A,4.60145285222754e-265,1.79532983281395,7.77134259487317e-265,1092.74308181083,4.83294743919995,5164,54023_b,AIH,local,214
IL2RG,1.11253692925361e-308,1.47467677510202,1.11253692925362e-308,1092.22802795202,5.46089297092431,21745,54023_b,AIH,local,215
AKT1,1.11253692925361e-308,1.47396544377176,1.11253692925362e-308,1091.70117621801,4.97932438998075,17885,54023_b,AIH,local,216
FKBP11,1.11253692925361e-308,1.46972911095961,1.11253692925362e-308,1088.56351140136,5.07808731252226,16621,54023_b,AIH,local,217
CD3D,1.11253692925361e-308,1.46522565012024,1.11253692925362e-308,1085.22799664003,5.25433195851175,11480,54023_b,AIH,local,218
IFNAR1,1.11253692925361e-308,1.46196284291106,1.11253692925362e-308,1082.81137928778,5.37099934489854,26984,54023_b,AIH,local,219
TUBA1B,1.11253692925361e-308,1.45280155988564,1.11253692925362e-308,1076.0260211257,5.37193465456541,23344,54023_b,AIH,local,220
IL10RA,1.11253692925361e-308,1.44808570870093,1.11253692925362e-308,1072.53319820576,5.729272449415,25594,54023_b,AIH,local,221
CD47,1.11253692925361e-308,1.43834617082472,1.11253692925362e-308,1065.31955218698,5.66809001571449,32956,54023_b,AIH,local,222
PSMB10,1.11253692925361e-308,1.42806329850467,1.11253692925362e-308,1057.70348231632,5.13040071574078,22011,54023_b,AIH,local,223
STAT3,1.11253692925361e-308,1.41634141791926,1.11253692925362e-308,1049.02160250926,5.2436926077281,24786,54023_b,AIH,local,224
IRF8,1.11253692925361e-308,1.41558716688486,1.11253692925362e-308,1048.46296204392,5.39489222171916,20568,54023_b,AIH,local,225
IRF1,1.11253692925361e-308,1.40050012941678,1.11253692925362e-308,1037.28865899689,5.45656287755474,25355,54023_b,AIH,local,226
PTPRC,1.11253692925361e-308,1.39471919170167,1.11253692925362e-308,1033.00697347306,5.43468184834818,21225,54023_b,AIH,local,227
CD80,1.143022295835e-246,1.82116725410024,1.82499358158529e-246,1031.33112634504,4.83723476103156,4792,54023_b,AIH,local,228
ACTA2,1.11253692925361e-308,1.39215141637919,1.11253692925362e-308,1031.10513557607,5.69349830715324,32886,54023_b,AIH,local,229
TXLNA,1.11253692925361e-308,1.38520889601498,1.11253692925362e-308,1025.96311703042,5.00357971066673,19257,54023_b,AIH,local,230
IFNGR1,1.11253692925361e-308,1.38507055704165,1.11253692925362e-308,1025.86065545607,5.42824970002086,25108,54023_b,AIH,local,231
TC2N,1.1125369292545e-308,1.3798463040389,1.11253692925523e-308,1015.90001946863,5.38222852302645,13931,54023_b,AIH,local,232
CTNNB1,1.11253692925361e-308,1.36791159163353,1.11253692925362e-308,1013.15176679258,5.40952122412095,29178,54023_b,AIH,local,233
UBE2C,2.99114342797986e-145,3.01119777874911,4.08861331882139e-145,1002.06393591813,4.60520069531474,1571,54023_b,AIH,local,234
TNFRSF1B,1.11253692925361e-308,1.34719247111083,1.11253692925362e-308,997.806028301617,5.42022823568303,27048,54023_b,AIH,local,235
PTEN,1.11253692925361e-308,1.34492865226799,1.11253692925362e-308,996.12931755924,5.78228314431951,35213,54023_b,AIH,local,236
STAT2,1.11253692925361e-308,1.32422745443296,1.11253692925362e-308,980.796853612327,5.51617324100091,28579,54023_b,AIH,local,237
TGFB1,1.11253692925361e-308,1.32344782760587,1.11253692925362e-308,980.21941841685,5.39286672889994,24675,54023_b,AIH,local,238
CORO1A,1.11253692925361e-308,1.31602849140117,1.11253692925362e-308,974.724243414173,5.50860953396954,19800,54023_b,AIH,local,239
JAK1,1.11253692925361e-308,1.30379073566766,1.11253692925362e-308,965.660277644152,5.27031938290846,26056,54023_b,AIH,local,240
LCK,8.60652560447928e-298,1.40978079468371,1.50022005949639e-297,964.315209831424,5.27702159544684,11780,54023_b,AIH,local,241
GATA2,1.69740144310945e-112,3.7309959461653,2.15723260328291e-112,960.210728109535,5.00588483335084,1055,54023_b,AIH,local,242
STAT6,1.11253692925361e-308,1.29274303455544,1.11253692925362e-308,957.477732829634,5.47755280838096,28821,54023_b,AIH,local,243
SOCS2,6.1301550812334e-238,1.73841053536783,9.66580469240121e-238,949.523367014529,4.6405372043025,5331,54023_b,AIH,local,244
ZNF683,1.33573524173946e-122,3.37305347794322,1.72060810800337e-122,946.566166181745,5.36339747924889,1215,54023_b,AIH,local,245
CD28,1.15074856481434e-254,1.60712800107008,1.86078491331681e-254,939.713779248481,5.29485429145043,6700,54023_b,AIH,local,246
FASLG,1.22597186033177e-253,1.55099464502807,1.97402248697488e-253,903.222188521288,5.17013689469423,7396,54023_b,AIH,local,247
SOCS3,2.58154818852898e-229,1.69713175553741,3.98775736439437e-229,893.274432798599,4.92156657725387,5470,54023_b,AIH,local,248
IL23A,1.65739683898779e-118,3.29030456741547,2.1205750801864e-118,892.329916836806,4.73359053697958,1271,54023_b,AIH,local,249
SYK,2.8782942496342e-284,1.34096600693987,4.90471665856948e-284,875.485821561035,5.23981115109559,14787,54023_b,AIH,local,250
CDKN2B,2.16396645735063e-141,2.70229271714739,2.89544807673676e-141,875.252493194647,4.54640044133122,1800,54023_b,AIH,local,251
TP53,2.5781919578564e-284,1.3146313429856,4.41312136930374e-284,858.437279367241,4.98942113515605,16882,54023_b,AIH,local,252
ITGAM,1.10014155519957e-235,1.57939047109167,1.71333520891736e-235,854.469289143837,5.09060796198423,6764,54023_b,AIH,local,253
CD247,1.87837472991342e-248,1.42595252419344,3.01174007327891e-248,813.378572023342,5.32874830607165,9854,54023_b,AIH,local,254
CCL13,1.58029405955653e-59,5.94439206030326,1.83082848363256e-59,804.840425294572,4.69649459871082,459,54023_b,AIH,local,255
CDK12,2.69118033298714e-269,1.2945583000922,4.56539520774604e-269,800.56185650898,4.9558972650547,17964,54023_b,AIH,local,256
ARPC3,7.99259151742918e-265,1.29991923598203,1.34388706930225e-264,790.489381841371,4.96652990884661,17060,54023_b,AIH,local,257
PRF1,1.69548583279687e-204,1.68348591577969,2.50694403292922e-204,789.890564158107,5.0348345185645,5133,54023_b,AIH,local,258
IL4R,2.30512076023141e-258,1.32664333938154,3.82509121785125e-258,787.007043941764,4.88348258020765,14629,54023_b,AIH,local,259
JAK3,5.34266526476983e-263,1.28732693339403,8.94366872516535e-263,777.422083682842,5.36153069962846,18152,54023_b,AIH,local,260
ARPC5,1.61859640048123e-257,1.30036096622862,2.65114927665028e-257,768.88108553462,4.88359841382263,16589,54023_b,AIH,local,261
CCL3,3.17939920391575e-162,2.04244584153606,4.42553735343584e-162,759.508185096279,4.88019068183614,2976,54023_b,AIH,local,262
CD40LG,1.67292952808306e-128,2.50216045818585,2.19211455403987e-128,736.176431060468,5.18522743719612,1893,54023_b,AIH,local,263
ITGAE,1.26081332282563e-204,1.55782866425771,1.87151977606929e-204,731.39370648207,5.16726078869999,6392,54023_b,AIH,local,264
DGKA,2.48079111499714e-243,1.30506842202793,3.94435407405403e-243,729.036800003673,5.41450209191188,15246,54023_b,AIH,local,265
PLEK,3.71038286035976e-210,1.48660132866486,5.55096648400279e-210,716.886337173477,4.92647105492159,7547,54023_b,AIH,local,266
CD40,2.32207728777028e-212,1.46771084664936,3.501545116479e-212,715.223681798488,4.61439198614135,8075,54023_b,AIH,local,267
NF1,5.18862547922713e-237,1.28562255910327,8.14742843845583e-237,699.463778074242,4.93378437411736,16710,54023_b,AIH,local,268
COTL1,3.91781873555644e-233,1.30641428402805,6.07661681433244e-233,699.110348473071,5.1414553604491,14586,54023_b,AIH,local,269
ATM,8.30018577122027e-243,1.24627631634084,1.31419608044321e-242,694.689249043822,5.55541600168623,30493,54023_b,AIH,local,270
GZMH,4.67146868013243e-162,1.83265924891833,6.47867919142454e-162,680.791330775905,5.05492532766514,3705,54023_b,AIH,local,271
SAMD3,1.37784151782051e-200,1.43610868157476,2.02937897973564e-200,660.892189514605,5.34938836907452,8280,54023_b,AIH,local,272
SMAD3,3.96767990726654e-219,1.30899106911266,6.05509383438267e-219,658.27584035145,4.99897012063433,13829,54023_b,AIH,local,273
NOTCH2,2.74071980766286e-224,1.27617790137778,4.19949002787051e-224,656.939170589542,6.12121760499148,38121,54023_b,AIH,local,274
ENTPD1,6.74924349410526e-216,1.31128089715736,1.025885011104e-215,649.672743209845,5.14623779584972,13380,54023_b,AIH,local,275
VSIR,5.26631827015887e-215,1.25303814955613,7.97291212215287e-215,618.242085539991,5.29025938056704,18753,54023_b,AIH,local,276
GPR171,2.03551214985166e-173,1.55338344400581,2.89698358405854e-173,617.681914869773,5.06941428628694,5794,54023_b,AIH,local,277
KRAS,4.39784924709473e-211,1.26934619279237,6.60546527231619e-211,614.826029643947,4.93666479552944,16464,54023_b,AIH,local,278
TRAT1,7.12187925691526e-177,1.51559833080648,1.02125061042558e-176,614.718180208958,5.13503080001934,6353,54023_b,AIH,local,279
AREG,1.19204820000446e-36,7.40098198512226,1.34017253254939e-36,612.189915790159,4.66971338857517,292,54023_b,AIH,local,280
CDK6,2.59622247146743e-192,1.36415213978745,3.76551350823521e-192,601.785185706392,4.69919227016043,10110,54023_b,AIH,local,281
FADD,7.97089112691674e-177,1.41521814254182,1.13869873241668e-176,573.8451505289,4.588432278306,8190,54023_b,AIH,local,282
CD44,6.19993741699166e-197,1.26559524668988,9.09643327589509e-197,571.776599375725,5.11946193094178,15734,54023_b,AIH,local,283
JAK2,4.58376981041039e-195,1.25781256885307,6.69935587675364e-195,562.847944801278,5.04782619420706,16428,54023_b,AIH,local,284
CXCR1,6.19518835167409e-69,3.53575751214087,7.40305526300677e-69,555.306976456098,5.751035008191,844,54023_b,AIH,local,285
DUSP2,7.88974919570569e-98,2.48279949828845,9.92749898797405e-98,555.123615014146,4.73930385922129,1629,54023_b,AIH,local,286
FCRL3,7.02630794015247e-149,1.627019372891,9.67390223644181e-149,555.034095712324,5.17004503114045,4644,54023_b,AIH,local,287
MMP12,5.63890822307276e-26,9.39546095412697,6.13978545778696e-26,546.228817437237,4.48796292429388,198,54023_b,AIH,local,288
NOTCH1,5.30476641759371e-195,1.22077280360041,7.72341470760771e-195,546.094997095145,5.39858954990744,23038,54023_b,AIH,local,289
HPGDS,1.25791364899802e-62,3.76976369635761,1.47079134344384e-62,537.307515564827,4.80680236219183,754,54023_b,AIH,local,290
FGR,1.24527443928012e-166,1.38833027821293,1.74614128017138e-166,530.355729567536,5.15489631173233,8423,54023_b,AIH,local,291
CXCR4,4.99997977001474e-143,1.61561982966939,6.73756139221845e-143,529.374372142006,5.1737780071068,4667,54023_b,AIH,local,292
CD274,3.23226941633245e-129,1.78760684569788,4.26479992432754e-129,528.881884243236,4.66190672361554,3436,54023_b,AIH,local,293
IL22RA2,6.76437095893178e-20,11.2844655202766,7.22039596739909e-20,498.096675794349,4.74045938395145,145,54023_b,AIH,local,294
RGS1,3.36345009110691e-122,1.78039131754917,4.31794268452914e-122,497.979749534977,4.94011895085961,3344,54023_b,AIH,local,295
CST7,2.77184327154353e-140,1.53415921939063,3.69579102872471e-140,492.99040627641,5.00596109453785,5291,54023_b,AIH,local,296
EOMES,1.14233208587298e-143,1.48095006028489,1.54479072110936e-143,487.434862333787,5.08887237535928,5992,54023_b,AIH,local,297
RB1,1.33752507220762e-167,1.2653269269718,1.88244269421813e-167,486.190344035269,4.80570037418052,13828,54023_b,AIH,local,298
ARID1A,4.18912551832032e-172,1.22516899175783,5.91772378052685e-172,483.46656258722,4.97309799950005,18556,54023_b,AIH,local,299
IL10,1.02636214719255e-89,2.32055435700033,1.26629096082197e-89,475.490992079071,4.76015263304086,1717,54023_b,AIH,local,300
CCL3L1,1.78702336238166e-123,1.67636902021461,2.31764122083629e-123,473.804606675214,4.96954968774871,3856,54023_b,AIH,local,301
HIF1A,1.34472208092224e-147,1.30952225193876,1.84474509296192e-147,442.859239250741,4.77086967673175,10248,54023_b,AIH,local,302
SOS1,2.76149528804475e-156,1.23249446947257,3.81588439802547e-156,441.464115499411,4.88850725559299,15914,54023_b,AIH,local,303
ANXA1,7.3837479361798e-142,1.34325136402299,9.91457320052412e-142,436.513443091881,4.93511596124328,8763,54023_b,AIH,local,304
NELL2,3.35478258538113e-113,1.67240935549632,4.27791067934506e-113,433.123465718202,5.18419978086917,3706,54023_b,AIH,local,305
TOX,6.13833283909489e-137,1.3770742394842,8.15582684914706e-137,431.90501992086,5.11462747776379,7641,54023_b,AIH,local,306
ACE2,2.82125982461736e-61,2.83160598549628,3.2785282365584e-61,394.783942521751,4.11726764146029,1067,54023_b,AIH,local,307
LILRA5,4.54759032170708e-93,1.78926072869177,5.66585023688095e-93,380.443022752885,4.69130585652143,2831,54023_b,AIH,local,308
BCL2,1.28937680554982e-131,1.22732184865431,1.70718880177327e-131,369.895767185188,5.15769408435875,14158,54023_b,AIH,local,309
EPOR,1.27080903887726e-109,1.43211551058011,1.60969144924453e-109,359.091681213011,4.6028409464102,5829,54023_b,AIH,local,310
RUNX3,2.05039529719175e-123,1.26829257178727,2.65017079228866e-123,358.29256761435,5.15954756535769,10720,54023_b,AIH,local,311
IRF2,6.68709197402007e-128,1.19224811138181,8.73228505198497e-128,349.12686429767,4.99620509278444,18273,54023_b,AIH,local,312
PTGS1,4.28960867738655e-95,1.5888499498733,5.36201084673319e-95,345.240233745075,4.864889390762,3864,54023_b,AIH,local,313
TNF,7.76811487351568e-51,2.92292688402371,8.86451547127915e-51,337.252600876244,4.62688984661891,895,54023_b,AIH,local,314
CCR5,2.73043243359349e-90,1.41345022590266,3.3796883542851e-90,291.493293576723,4.95247706224596,5345,54023_b,AIH,local,315
P2RX1,3.42127872226875e-74,1.7073147788547,4.12725687130833e-74,288.811557630743,5.10466325034821,2799,54023_b,AIH,local,316
CDK2,2.94901396750543e-91,1.35625760570949,3.66217420801328e-91,282.717014522546,4.60030786287361,6406,54023_b,AIH,local,317
IL6,7.83738012060091e-37,3.34623525893421,8.83740191640459e-37,278.195103518783,4.84537624032337,642,54023_b,AIH,local,318
GATA3,1.39277678245672e-89,1.3369034058223,1.7127999266458e-89,273.528797569519,5.00475774882202,6638,54023_b,AIH,local,319
IL12B,1.16542091202013e-14,8.48411214729565,1.2335931659266e-14,272.196694639572,4.74266174931746,153,54023_b,AIH,local,320
IL22RA1,7.10699919642104e-36,3.30860065819191,7.94311674894116e-36,267.771613039832,3.56400893375729,659,54023_b,AIH,local,321
GLIPR2,1.42160025821133e-88,1.29680407953978,1.74260676813002e-88,262.311959440951,4.91721021125186,7651,54023_b,AIH,local,322
CDKN2C,7.3838318791773e-68,1.69010955057092,8.79578719149647e-68,261.251208118526,4.70450987941862,2741,54023_b,AIH,local,323
STAT5B,6.64702122412491e-97,1.1644630813612,8.33619823487613e-97,257.878017592434,5.0563380469542,18409,54023_b,AIH,local,324
IL15,1.71738418643414e-85,1.28490879859802,2.09168586809287e-85,250.787125220068,4.64223643670844,7839,54023_b,AIH,local,325
CCR6,3.23393911279877e-47,2.33591779248714,3.67933192474112e-47,250.054857015457,4.6906892124406,1209,54023_b,AIH,local,326
ORC6,5.83239459544009e-57,1.91377799927987,6.6756323682748e-57,247.803482423902,4.54196930882327,1908,54023_b,AIH,local,327
IL15RA,2.1333402254887e-80,1.32352725156205,2.5817493174704e-80,242.799907619227,4.53747013818361,6583,54023_b,AIH,local,328
LILRB4,2.52248064903053e-67,1.55648108470868,2.99544577072376e-67,238.683196673013,4.6559146828893,3323,54023_b,AIH,local,329
CDKN1B,9.2709842875009e-88,1.16327833282481,1.13278907692937e-87,233.121674270997,4.9414311456976,16897,54023_b,AIH,local,330
KLRC1,9.66693302725574e-59,1.71142858050423,1.11654545603562e-58,228.619149284671,4.99347462553451,2415,54023_b,AIH,local,331
KMT2C,1.68330756005152e-84,1.16417391892565,2.04363218153219e-84,224.564942995805,4.90059644429786,16171,54023_b,AIH,local,332
CCL26,6.73198330981286e-21,4.76477272526906,7.24689421452942e-21,221.31138642306,4.69277934203958,322,54023_b,AIH,local,333
CTSW,1.90592628277406e-66,1.45492123699419,2.2422662150283e-66,220.166898990968,4.95215109007984,4029,54023_b,AIH,local,334
TBX21,1.59812186861282e-66,1.41618984161785,1.89185766377842e-66,214.555291778778,5.01753156857452,4405,54023_b,AIH,local,335
CDK4,1.60644130389859e-69,1.23289283253516,1.92570250940525e-69,195.295587824357,4.63585065604681,8748,54023_b,AIH,local,336
MIS18BP1,4.11708814003727e-72,1.1821312287134,4.95092877599418e-72,194.308069195554,4.89108099854361,12151,54023_b,AIH,local,337
FHIT,1.50931210695201e-58,1.39993902086857,1.7379957595205e-58,186.38547531015,4.43360983615518,4359,54023_b,AIH,local,338
STAT4,9.67329303203003e-66,1.23034495978876,1.13452202227513e-65,184.184175145078,5.0198523776955,8433,54023_b,AIH,local,339
BRAF,1.62668669732469e-66,1.17436993676551,1.91969237572479e-66,177.898338755075,4.78826384894109,12202,54023_b,AIH,local,340
IRF5,3.00668131681331e-62,1.23249551121445,3.50472055334067e-62,174.594622500925,4.86332056159067,8092,54023_b,AIH,local,341
CXCL2,3.3862976629456e-20,3.8939589658901,3.62476932935021e-20,174.573830785708,4.04620482567018,395,54023_b,AIH,local,342
FGF2,2.50366545664826e-31,2.33538410318783,2.7656769579254e-31,164.556726893817,4.6547457231672,976,54023_b,AIH,local,343
CDKN1C,4.44437936945322e-31,2.33086672844588,4.89525843591949e-31,162.900773868833,4.62964567153663,963,54023_b,AIH,local,344
ESR1,1.90311278565864e-37,1.90999857788982,2.15232993616155e-37,161.49450074855,4.2399255733147,1516,54023_b,AIH,local,345
PDCD1,2.42247729730386e-40,1.76556891838247,2.74788469544915e-40,161.05274793776,4.87249659406744,1819,54023_b,AIH,local,346
CD79B,5.00747265234558e-34,1.97777455496946,5.58017480320035e-34,151.649744068823,4.77515833324612,1339,54023_b,AIH,local,347
FOS,4.62342245682397e-15,4.38289580771117,4.90754338992489e-15,144.669052117592,4.57592652739343,291,54023_b,AIH,local,348
GPR183,4.57181572644313e-31,2.0079413841953,5.02106929493754e-31,140.275241791087,4.88456422911624,1240,54023_b,AIH,local,349
IL12RB2,1.19910574388115e-29,1.97886463363026,1.31314173681509e-29,131.77930753262,4.95128848891023,1219,54023_b,AIH,local,350
BATF3,2.31304691524729e-27,1.91538556067345,2.52574088446543e-27,117.472955893284,4.6086877094312,1254,54023_b,AIH,local,351
CXCR3,1.16122642160946e-33,1.48975452877397,1.29025157956606e-33,112.976773215151,4.86710757687196,2551,54023_b,AIH,local,352
JUNB,2.06448306316339e-33,1.31113006848655,2.28718240233845e-33,98.6762103885024,4.5937710893085,4057,54023_b,AIH,local,353
PIK3CA,1.78180250685361e-36,1.15787920268433,1.99730074514564e-36,95.3113335481757,4.67591669276769,9071,54023_b,AIH,local,354
SOCS1,6.57401765843647e-25,1.57082636338612,7.13750488630245e-25,87.4659715513833,4.53869794685759,1853,54023_b,AIH,local,355
IL5,2.55100080088939e-07,5.11403275088987,2.67046915795584e-07,77.6392502288262,4.62313470758844,157,54023_b,AIH,local,356
CD1A,1.22277744086593e-06,5.16968054046255,1.27652589980509e-06,70.3820248021978,4.81397970434614,147,54023_b,AIH,local,357
CD37,4.77657566427593e-21,1.42823951565401,5.15653054666151e-21,66.828131109606,4.8826710911725,2229,54023_b,AIH,local,358
FLT3LG,3.07440271923439e-20,1.36556783156199,3.30020630878268e-20,61.3530388807888,4.65929569175755,2558,54023_b,AIH,local,359
PGA5,5.96124868783554e-08,3.41921248475034,6.25766436844615e-08,56.8799700133638,4.40598997664225,263,54023_b,AIH,local,360
NOD1,2.9369643599111e-21,1.17923757949738,3.17961953494649e-21,55.750709428184,4.68952458439024,5519,54023_b,AIH,local,361
CCR3,2.09366824994464e-06,3.90497032755771,2.17970941090127e-06,51.0637072090446,5.09596677922878,193,54023_b,AIH,local,362
IFNL1,0.00186478080816789,7.94195760882182,0.00190488362124677,49.9121202011189,4.74810635162367,65,54023_b,AIH,local,363
ERBB4,3.09240947111649e-06,3.49008268118836,3.2106983579898e-06,44.2771433635803,4.75649961879232,224,54023_b,AIH,local,364
IL2,1.20028199011952e-09,2.08025916745525,1.26696432290394e-09,42.7299988606266,4.71848600948055,585,54023_b,AIH,local,365
IRF3,3.33453594095284e-15,1.17152999401659,3.54936598756885e-15,39.0522996599798,4.5673126851653,4728,54023_b,AIH,local,366
MUC5AC,4.55442914505861e-06,2.992465462371,4.71575769788085e-06,36.8055607098609,4.68815349729017,258,54023_b,AIH,local,367
IL1A,0.00032538561899227,3.41073827284107,0.000335085461292853,27.3899321959721,4.5794165096386,173,54023_b,AIH,local,368
REG4,0.000713293651590206,3.56333225119765,0.000732571858389942,25.8185420499962,4.55512977670262,149,54023_b,AIH,local,369
CDKN2A,1.25700092443479e-08,1.34841562360051,1.3231588678261e-08,24.5303124070008,4.49102729808029,1606,54023_b,AIH,local,370
IFNB1,0.000991729859585741,3.40759325343238,0.00101578799634119,23.5671187377512,4.79126562981151,153,54023_b,AIH,local,371
CDX1,0.00959039387326146,3.41386634566398,0.00977037445533339,15.8642141025908,4.54535883551771,121,54023_b,AIH,local,372
CDKN2D,7.41350038347506e-06,1.27706424872937,7.65524496119707e-06,15.0849483358288,4.77422434823046,1560,54023_b,AIH,local,373
IL13,0.0105436706843948,2.41442452657725,0.0107128204814706,10.991014638034,4.44207578113614,182,54023_b,AIH,local,374
AIRE,0.0411921382587953,2.42337537789392,0.0417413667689126,7.72937481502923,4.59145627802694,143,54023_b,AIH,local,375
CFC1,0.0502975737024288,1.79608727418368,0.0508326542737312,5.36993892968965,4.67919501412765,228,54023_b,AIH,local,376
IL4,0.115827021882451,2.17771607418486,0.116748722321834,4.69440975185189,4.46649211738653,121,54023_b,AIH,local,377
NOSIP,0.524445555677941,1.03753826792352,0.527220399887877,0.669641369711493,4.4625380641307,1524,54023_b,AIH,local,378
EGF,0.667273708417027,1.31718176307839,0.669034325061927,0.53287241520263,4.53045828599987,114,54023_b,AIH,local,379
CDX2,0.688492322565089,1.18141886371381,0.688492322565089,0.440965904422932,4.52636409901733,118,54023_b,AIH,local,380
EPCAM,1.11253692937161e-308,12.4244155673573,1.11253692950136e-308,9086.76162477178,5.49778737557208,1699,56784_c,AIH,contact,1
CCL19,1.11253692937161e-308,9.43679482259897,1.11253692950136e-308,6901.72544454552,5.72432271000484,3905,56784_c,AIH,contact,2
CXCL6,1.11253692937161e-308,9.28585009178471,1.11253692950136e-308,6791.33000743312,5.86072488087986,4629,56784_c,AIH,contact,3
MS4A1,1.11253692937161e-308,8.53008728610682,1.11253692950136e-308,6238.59282451833,5.78459939703864,2371,56784_c,AIH,contact,4
CHIT1,1.11253692937161e-308,7.85395032663303,1.11253692950136e-308,5744.09106360024,5.07697488638294,1114,56784_c,AIH,contact,5
IGKC,1.11253692937161e-308,7.5441333391308,1.11253692950136e-308,5517.50228785661,7.29621167992826,39858,56784_c,AIH,contact,6
IGHG1,1.11253692937161e-308,7.40410294675898,1.11253692950136e-308,5415.08919737298,6.85408446200724,34759,56784_c,AIH,contact,7
IGHGP,1.11253692937161e-308,7.33121212976811,1.11253692950136e-308,5361.779528597,6.70457793889533,25734,56784_c,AIH,contact,8
IGHG2,1.11253692937161e-308,7.18857975912839,1.11253692950136e-308,5257.46344668934,6.5390584321815,23140,56784_c,AIH,contact,9
CCL8,1.11253692937161e-308,6.98206013055916,1.11253692950136e-308,5106.42256871232,4.99639152726212,1282,56784_c,AIH,contact,10
SPIB,1.11253692937161e-308,6.83308769622103,1.11253692950136e-308,4997.46959686799,5.13141776279309,1150,56784_c,AIH,contact,11
IGHG3,1.11253692937161e-308,6.58202927608305,1.11253692950136e-308,4813.85468111458,6.31667692915748,25141,56784_c,AIH,contact,12
ACTB,1.11253692937161e-308,6.17147830252854,1.11253692950136e-308,4513.59276446482,7.03658626641879,50920,56784_c,AIH,contact,13
IGHG4,1.11253692937161e-308,6.13008738073316,1.11253692950136e-308,4483.32096312775,6.09147166292889,20357,56784_c,AIH,contact,14
NOTCH3,1.11253692937161e-308,5.98500550819384,1.11253692950136e-308,4377.21340541664,5.38327192998107,1430,56784_c,AIH,contact,15
CCR7,3.2841922576812e-221,8.1601193399623,5.8046188740412e-221,4142.74721488813,5.12983284367486,777,56784_c,AIH,contact,16
IL1B,1.11253692937161e-308,5.44531412056017,1.11253692950136e-308,3982.50292879237,4.94749824876524,1759,56784_c,AIH,contact,17
LILRA4,1.11253692937161e-308,5.3296585632341,1.11253692950136e-308,3897.91669821238,5.23593111200453,1556,56784_c,AIH,contact,18
MMP9,2.58749165443263e-161,10.5270010798472,4.11400346729874e-161,3892.52193399564,4.8649321197641,530,56784_c,AIH,contact,19
ARG1,1.11253692937161e-308,5.18471076685862,1.11253692950136e-308,3791.90719888749,6.30632079149628,26908,56784_c,AIH,contact,20
CXCL1,1.11253692937161e-308,5.00226461491206,1.11253692950136e-308,3658.47277832199,5.0406163430231,2125,56784_c,AIH,contact,21
BANK1,1.11253692937161e-308,4.96329555650145,1.11253692950136e-308,3629.97223899285,5.30525573828139,1609,56784_c,AIH,contact,22
IGHM,1.11253692937161e-308,4.77303087972901,1.11253692950136e-308,3490.81963627505,5.86496346734556,7010,56784_c,AIH,contact,23
JCHAIN,1.11253692937161e-308,4.58267623084231,1.11253692950136e-308,3351.60123125445,5.88085830950693,17450,56784_c,AIH,contact,24
MGP,1.11253692937161e-308,4.40372855826273,1.11253692950136e-308,3220.72547011921,5.46427066173176,4017,56784_c,AIH,contact,25
CXCL13,1.11253692937161e-308,4.40351498478893,1.11253692950136e-308,3220.56927031768,5.17737357285474,2317,56784_c,AIH,contact,26
CCND1,1.11253692937161e-308,4.3748400298186,1.11253692950136e-308,3199.59746049662,6.35671116249259,34199,56784_c,AIH,contact,27
IGLC3,1.11253692937161e-308,4.20280386016934,1.11253692950136e-308,3073.77651898298,5.22804433700218,3955,56784_c,AIH,contact,28
IFITM3,1.11253692937161e-308,4.11644749959334,1.11253692950136e-308,3010.61864575483,6.80765981398072,45937,56784_c,AIH,contact,29
CCL16,1.11253692937161e-308,4.04427393836599,1.11253692950136e-308,2957.83355152418,5.93337648501567,22426,56784_c,AIH,contact,30
MARCO,1.11253692937161e-308,3.98378118836125,1.11253692950136e-308,2913.59137398754,6.15188630898729,28885,56784_c,AIH,contact,31
LAMP3,1.11253692937161e-308,3.9277366375175,1.11253692950136e-308,2872.60244608798,4.82886435514254,2190,56784_c,AIH,contact,32
VCAN,1.11253692937161e-308,3.914474643888,1.11253692950136e-308,2862.90311060398,5.46714262168025,3312,56784_c,AIH,contact,33
CCL21,1.11253692937161e-308,3.9038738610952,1.11253692950136e-308,2855.15008707125,5.52245029474312,6499,56784_c,AIH,contact,34
A2M,1.11253692937161e-308,3.74952762957616,1.11253692950136e-308,2742.26691716342,7.04664393773981,42024,56784_c,AIH,contact,35
IDO1,1.11253692937161e-308,3.73472746898213,1.11253692950136e-308,2731.44262280549,5.26364442829254,5198,56784_c,AIH,contact,36
STAT1,1.11253692937161e-308,3.70142927611899,1.11253692950136e-308,2707.08954644205,6.74216612025569,47655,56784_c,AIH,contact,37
CD79A,1.11253692937161e-308,3.69534158939758,1.11253692950136e-308,2702.63723576523,5.09527667194211,2811,56784_c,AIH,contact,38
APOE,1.11253692937161e-308,3.58075775875653,1.11253692950136e-308,2618.83482675503,6.99115771295314,45362,56784_c,AIH,contact,39
MZB1,1.11253692937161e-308,3.55705993843687,1.11253692950136e-308,2601.5031105786,5.44225460881019,6478,56784_c,AIH,contact,40
SOX9,1.11253692937161e-308,3.53218492076731,1.11253692950136e-308,2583.3104354584,4.92681910747465,4915,56784_c,AIH,contact,41
PLVAP,1.11253692937161e-308,3.50829191077075,1.11253692950136e-308,2565.83596471489,5.34060295036948,2691,56784_c,AIH,contact,42
CXCL10,1.11253692937161e-308,3.46735914600446,1.11253692950136e-308,2535.89924261656,5.74380777471048,17104,56784_c,AIH,contact,43
FN1,1.11253692937161e-308,3.42541875786097,1.11253692950136e-308,2505.22558175547,6.61812880709194,28580,56784_c,AIH,contact,44
CCL20,1.11253692937161e-308,3.42228252254526,1.11253692950136e-308,2502.93185433155,4.86524229069322,3152,56784_c,AIH,contact,45
TNFRSF17,1.11253692937161e-308,3.2041401685143,1.11253692950136e-308,2343.39054145453,5.13876719512523,3139,56784_c,AIH,contact,46
TFF3,3.02833621905125e-107,9.50593839331396,4.23076383543924e-107,2331.50812141502,5.04869741717877,463,56784_c,AIH,contact,47
FCER1A,2.17280834883501e-182,5.46107995493086,3.54363593372234e-182,2284.33952584721,5.10194818438667,1012,56784_c,AIH,contact,48
IL7R,1.11253692937161e-308,3.12161264903227,1.11253692950136e-308,2283.03294210095,5.73143369784643,5660,56784_c,AIH,contact,49
C1S,1.11253692937161e-308,3.10608488969186,1.11253692950136e-308,2271.67650871958,7.24822179766683,39667,56784_c,AIH,contact,50
CTSD,1.11253692937161e-308,3.08470886134432,1.11253692950136e-308,2256.04286599205,6.40629776702954,45094,56784_c,AIH,contact,51
CXCL11,1.11253692937161e-308,3.03772449107935,1.11253692950136e-308,2221.68022169919,5.14544231139808,9060,56784_c,AIH,contact,52
SDC1,1.11253692937161e-308,3.0158095456647,1.11253692950136e-308,2205.65243480465,6.53982805404125,31396,56784_c,AIH,contact,53
CD1C,4.52678813528118e-302,3.09651686379785,9.24827683552069e-302,2148.58227868899,5.10459406428045,2523,56784_c,AIH,contact,54
CCL2,1.11253692937161e-308,2.91928729768241,1.11253692950136e-308,2135.05960457072,5.19564196180934,3849,56784_c,AIH,contact,55
CD83,1.11253692937161e-308,2.84739093735377,1.11253692950136e-308,2082.47724490533,4.89457900406655,3920,56784_c,AIH,contact,56
CXCL9,1.11253692937161e-308,2.80801223124076,1.11253692950136e-308,2053.67710427892,5.53832403204291,22099,56784_c,AIH,contact,57
ANPEP,1.11253692937161e-308,2.78954043689322,1.11253692950136e-308,2040.16751172643,5.69712936520074,27696,56784_c,AIH,contact,58
TREM2,1.11253692937161e-308,2.75730743683379,1.11253692950136e-308,2016.59347829174,4.80009032977464,3283,56784_c,AIH,contact,59
IRF4,1.11253692937161e-308,2.75127394333615,1.11253692950136e-308,2012.18080255014,5.38164709871819,6293,56784_c,AIH,contact,60
LAMP2,1.11253692937161e-308,2.71168645088004,1.11253692950136e-308,1983.22796325392,6.09133905065937,37301,56784_c,AIH,contact,61
SPARCL1,1.4205089130489e-307,2.80052324486607,2.93365971173143e-307,1978.68899817891,4.91081327056261,2859,56784_c,AIH,contact,62
DERL3,1.11253761548833e-308,2.66720002624838,1.11253836205138e-308,1927.5724098686,5.14626914245353,3107,56784_c,AIH,contact,63
C1R,1.11253692937161e-308,2.63000231790275,1.11253692950136e-308,1923.48718584135,6.75178754338632,37449,56784_c,AIH,contact,64
CXCR5,7.74240466985332e-143,5.84928771102005,1.1768455098177e-142,1914.02121516541,5.08371701289768,830,56784_c,AIH,contact,65
ERBB3,1.11253692937161e-308,2.55114002571165,1.11253692950136e-308,1865.8101992307,5.39678054587843,18043,56784_c,AIH,contact,66
CXCL3,2.13554443530724e-173,4.67350964531365,3.45322078900745e-173,1858.13368713401,4.74818326773486,1159,56784_c,AIH,contact,67
CD74,1.11253692937161e-308,2.5271302093756,1.11253692950136e-308,1848.25030061676,6.90111057308898,51040,56784_c,AIH,contact,68
ADAM28,1.11253692937161e-308,2.50745430153944,1.11253692950136e-308,1833.86006364434,5.11400135524387,3827,56784_c,AIH,contact,69
HLA-B,1.11253692937161e-308,2.48504045123217,1.11253692950136e-308,1817.46739601894,6.18567469233396,46222,56784_c,AIH,contact,70
NT5E,1.11253692937161e-308,2.39601560088463,1.11253692950136e-308,1752.35788729368,5.09316024624874,18328,56784_c,AIH,contact,71
CCR2,1.11253692937161e-308,2.35971423741003,1.11253692950136e-308,1725.80840214812,5.23475528775198,5628,56784_c,AIH,contact,72
CPA3,1.04055713122276e-116,6.39436375383458,1.50920499948339e-116,1707.6795163464,5.02878603101963,684,56784_c,AIH,contact,73
LTB,1.11253692937161e-308,2.32150378431875,1.11253692950136e-308,1697.86267891207,5.41840616096572,7229,56784_c,AIH,contact,74
CDK1,1.11253692937161e-308,2.31326625269218,1.11253692950136e-308,1691.83805056143,5.01700981373056,4265,56784_c,AIH,contact,75
LUM,1.11253692937161e-308,2.30250358707262,1.11253692950136e-308,1683.96663186959,5.60916572078461,11896,56784_c,AIH,contact,76
MKI67,1.11253692937161e-308,2.29513403705849,1.11253692950136e-308,1678.57681341921,5.33469170817788,5949,56784_c,AIH,contact,77
CD19,1.07153269003575e-189,3.84448506541504,1.77808917997199e-189,1672.81039070925,5.10940896948599,1480,56784_c,AIH,contact,78
EGFR,1.11253692937161e-308,2.28696316683997,1.11253692950136e-308,1672.60093877624,5.01766947644092,15727,56784_c,AIH,contact,79
EGR3,4.43319805559949e-184,3.88450481504154,7.29270675812904e-184,1639.98563146607,4.9858860250962,1453,56784_c,AIH,contact,80
LAMP1,1.11253692937161e-308,2.22446283618591,1.11253692950136e-308,1626.89049042204,5.89201666795889,39352,56784_c,AIH,contact,81
CCL4,1.11253692937161e-308,2.20198282206101,1.11253692950136e-308,1610.44943300835,5.18308121689542,8441,56784_c,AIH,contact,82
RORC,1.11253692937161e-308,2.16486168199504,1.11253692950136e-308,1583.30039334603,4.79825490019089,12970,56784_c,AIH,contact,83
CXCL14,1.11253692937161e-308,2.16333495637115,1.11253692950136e-308,1582.18380224881,5.35808416013245,11476,56784_c,AIH,contact,84
PLA2G7,1.11253692937161e-308,2.1564446638702,1.11253692950136e-308,1577.14449515693,5.47880417691692,15073,56784_c,AIH,contact,85
S100A9,1.11253692937161e-308,2.1554903740913,1.11253692950136e-308,1576.44656263086,5.38579971024277,12035,56784_c,AIH,contact,86
CCL14,1.11253692937161e-308,2.14364791179781,1.11253692950136e-308,1567.78542027548,5.22275892864687,15280,56784_c,AIH,contact,87
IQGAP2,1.11253692937161e-308,2.14188870111023,1.11253692950136e-308,1566.49879813385,5.58460798971973,31886,56784_c,AIH,contact,88
PRDX4,1.11253692937161e-308,2.1227786342373,1.11253692950136e-308,1552.52239647807,5.61758007929595,29154,56784_c,AIH,contact,89
ID2,1.11253692937161e-308,2.11415366538044,1.11253692950136e-308,1546.21441075443,5.26004686093362,25567,56784_c,AIH,contact,90
MET,1.11253692937161e-308,2.10330122332518,1.11253692950136e-308,1538.27733287192,4.82695607260324,14209,56784_c,AIH,contact,91
SLC1A3,1.11253692937161e-308,2.10132511073607,1.11253692950136e-308,1536.83207663885,4.92325649325629,5071,56784_c,AIH,contact,92
CEACAM1,1.11253692937161e-308,2.08383284158396,1.11253692950136e-308,1524.03887287005,4.86483223383968,15235,56784_c,AIH,contact,93
GZMB,2.53826899804459e-190,3.42903738615602,4.23044833007432e-190,1496.97948224048,5.16272627132599,1724,56784_c,AIH,contact,94
VEGFA,1.11253692937161e-308,2.04296022739495,1.11253692950136e-308,1494.14614269668,5.72516774044473,20789,56784_c,AIH,contact,95
CCL15,1.11253692937161e-308,2.03551120665279,1.11253692950136e-308,1488.69820227203,4.51518157091944,8281,56784_c,AIH,contact,96
ERBB2,1.11253692937161e-308,2.00304146504517,1.11253692950136e-308,1464.95102475637,5.18826118986911,19105,56784_c,AIH,contact,97
GZMK,1.11253692937161e-308,1.99443954606555,1.11253692950136e-308,1458.65989686712,5.38062888105727,6972,56784_c,AIH,contact,98
IL1RAP,1.11253692937161e-308,1.98568236334411,1.11253692950136e-308,1452.25521477461,4.7909048664403,13111,56784_c,AIH,contact,99
RGS5,1.11253692937161e-308,1.9825564226798,1.11253692950136e-308,1449.96901648095,5.10928793961202,8590,56784_c,AIH,contact,100
CTSB,1.11253692937161e-308,1.98217569631043,1.11253692950136e-308,1449.69056718536,5.2356152466304,25013,56784_c,AIH,contact,101
ISG15,1.11253692937161e-308,1.95995517477997,1.11253692950136e-308,1433.43929313302,4.78125827137485,13912,56784_c,AIH,contact,102
IGFBP7,1.11253692937161e-308,1.9366383757015,1.11253692950136e-308,1416.3862419106,6.22833533441512,31958,56784_c,AIH,contact,103
MMP12,1.31084779614906e-84,7.28903407909668,1.7176626294367e-84,1407.85122913668,4.90856933548503,516,56784_c,AIH,contact,104
ID1,1.11253692937161e-308,1.92356859695803,1.11253692950136e-308,1406.8274853408,4.62732644753601,6927,56784_c,AIH,contact,105
ESR1,1.11253692937161e-308,1.91576623561529,1.11253692950136e-308,1401.12112456693,4.46330132120852,7386,56784_c,AIH,contact,106
FCGR3A,1.11253692937161e-308,1.90524249527993,1.11253692950136e-308,1393.42444706045,5.43992396370286,20380,56784_c,AIH,contact,107
C1QBP,1.11253692937161e-308,1.88774846487291,1.11253692950136e-308,1380.62995517443,5.26170775368153,26940,56784_c,AIH,contact,108
DCN,1.11253692937161e-308,1.88011811058222,1.11253692950136e-308,1375.04939404653,5.78184942229043,19217,56784_c,AIH,contact,109
FABP3,1.11253692937161e-308,1.87239223927043,1.11253692950136e-308,1369.39897527445,4.86325997321724,7282,56784_c,AIH,contact,110
G0S2,1.11253692937161e-308,1.86132183915353,1.11253692950136e-308,1361.30249086376,4.74447487441082,9132,56784_c,AIH,contact,111
TMPRSS2,1.11253692937161e-308,1.85763620247349,1.11253692950136e-308,1358.60695144257,4.56792653549255,8604,56784_c,AIH,contact,112
CCL3,3.4777151200802e-196,3.00847352892565,5.92615132569721e-196,1353.99450716354,4.79304238549446,2070,56784_c,AIH,contact,113
ITGA1,1.11253692937161e-308,1.84643964326432,1.11253692950136e-308,1350.41819890127,5.46316960808822,26490,56784_c,AIH,contact,114
CD8A,1.11253692937161e-308,1.8443836128396,1.11253692950136e-308,1348.91449369587,5.69231173707002,16338,56784_c,AIH,contact,115
CDKN1A,1.11253692937161e-308,1.84300244862832,1.11253692950136e-308,1347.90436087436,4.64727024521888,8479,56784_c,AIH,contact,116
CENPV,1.11253692937161e-308,1.83658339594542,1.11253692950136e-308,1343.20970129298,4.65367831700996,11074,56784_c,AIH,contact,117
CD27,1.11253692937161e-308,1.82918441381637,1.11253692950136e-308,1337.79835727377,5.10107270691165,6657,56784_c,AIH,contact,118
CD163,1.11253692937161e-308,1.82528816311497,1.11253692950136e-308,1334.94878248596,5.88532563400273,27306,56784_c,AIH,contact,119
VSIG4,1.11253692937161e-308,1.81525638432067,1.11253692950136e-308,1327.6119075978,5.07005202285465,9781,56784_c,AIH,contact,120
IFIT3,1.11253692937161e-308,1.80197879518557,1.11253692950136e-308,1317.90116613328,5.0896519048239,22196,56784_c,AIH,contact,121
GNLY,3.03217077175023e-101,5.68835444784084,4.15965665438659e-101,1316.57996474655,5.34490402238912,724,56784_c,AIH,contact,122
TNFRSF9,1.85845832342619e-285,2.00617006880979,3.697456350272e-285,1315.27921046418,5.12881129279673,4851,56784_c,AIH,contact,123
PTEN,1.11253692937161e-308,1.79759768257715,1.11253692950136e-308,1314.69698113898,5.72514362686596,38548,56784_c,AIH,contact,124
KLRB1,1.11253692937161e-308,1.77849008215908,1.11253692950136e-308,1300.72238335777,5.1741373871865,9647,56784_c,AIH,contact,125
CD47,1.11253692937161e-308,1.76501546934689,1.11253692950136e-308,1290.86754600573,5.63558442730058,37640,56784_c,AIH,contact,126
C1QB,1.11253692937161e-308,1.76291644808103,1.11253692950136e-308,1289.33239887669,5.32289144180968,18750,56784_c,AIH,contact,127
XBP1,1.11253692937161e-308,1.76209497041383,1.11253692950136e-308,1288.7316002555,6.19611364667774,38955,56784_c,AIH,contact,128
CLEC10A,1.11253692937161e-308,1.752091935843,1.11253692950136e-308,1281.4157478376,5.00901956963741,7142,56784_c,AIH,contact,129
CXCL12,1.11253692937161e-308,1.74888031937043,1.11253692950136e-308,1279.06688940171,6.21633921396496,35996,56784_c,AIH,contact,130
SPON2,1.11253692937161e-308,1.74666580170203,1.11253692950136e-308,1277.44727244206,4.90447340700201,15867,56784_c,AIH,contact,131
MYD88,1.11253692937161e-308,1.74197762766505,1.11253692950136e-308,1274.0185139867,5.14141800729561,26894,56784_c,AIH,contact,132
IFNAR1,1.11253692937161e-308,1.73871750760264,1.11253692950136e-308,1271.63418180507,5.37621327454878,32659,56784_c,AIH,contact,133
CTSL,1.11253692937161e-308,1.72348189559124,1.11253692950136e-308,1260.49141425962,4.84569815537151,11130,56784_c,AIH,contact,134
ICAM1,1.11253692937161e-308,1.72095764307827,1.11253692950136e-308,1258.64526860056,5.13313245898477,18400,56784_c,AIH,contact,135
IL2RB,1.11253692937161e-308,1.71727031705521,1.11253692950136e-308,1255.94849365587,5.43734104706863,11658,56784_c,AIH,contact,136
CD3E,1.11253692937161e-308,1.71571483695059,1.11253692950136e-308,1254.8108725866,5.52015151457094,13175,56784_c,AIH,contact,137
CCR1,1.11253692937161e-308,1.71454504518209,1.11253692950136e-308,1253.95532981331,5.17070431485122,12076,56784_c,AIH,contact,138
CD2,1.11253692937161e-308,1.70400854361287,1.11253692950136e-308,1246.24931920867,5.68503843498911,15758,56784_c,AIH,contact,139
FLT1,1.11253692937161e-308,1.70312231467552,1.11253692950136e-308,1245.60116388458,5.36111260056975,8399,56784_c,AIH,contact,140
SPARC,1.11253692937161e-308,1.70295149537826,1.11253692950136e-308,1245.47623291888,5.37999279114206,12707,56784_c,AIH,contact,141
ITGAX,1.11253692937161e-308,1.69902604609701,1.11253692950136e-308,1242.60530336123,5.60257141201927,14957,56784_c,AIH,contact,142
CTLA4,1.67764044537758e-244,2.20713684630117,3.14041068592848e-244,1238.8954309183,5.32167226212351,3703,56784_c,AIH,contact,143
SELL,1.11253692937161e-308,1.68917396422172,1.11253692950136e-308,1235.39985220555,5.12698888780105,9088,56784_c,AIH,contact,144
IL2RG,1.11253692937161e-308,1.68220985889551,1.11253692950136e-308,1230.30656112188,5.51880180768557,21096,56784_c,AIH,contact,145
GZMA,1.11253692937161e-308,1.68169087282477,1.11253692950136e-308,1229.92699375423,5.42993320389989,10564,56784_c,AIH,contact,146
CCL5,1.11253692937161e-308,1.65945789936763,1.11253692950136e-308,1213.66661281964,5.1989765742262,8698,56784_c,AIH,contact,147
AIF1,1.11253692937161e-308,1.65362447387316,1.11253692950136e-308,1209.40025947394,5.28749977247575,19498,56784_c,AIH,contact,148
NKG7,1.11253692937161e-308,1.6518681979189,1.11253692950136e-308,1208.11578368857,5.30201447838766,9522,56784_c,AIH,contact,149
CD68,1.11253692937161e-308,1.65152120883549,1.11253692950136e-308,1207.86200860593,5.07947582005813,14536,56784_c,AIH,contact,150
PDGFRA,2.65050273896351e-270,1.94506815500586,5.1387298000313e-270,1207.34897952469,5.19152843302302,4888,56784_c,AIH,contact,151
TNFRSF13C,3.87483259044334e-229,2.29008020894731,7.14774943868188e-229,1204.43902287689,5.04303974614694,3285,56784_c,AIH,contact,152
FCGR2A,1.11253692937161e-308,1.63282979661874,1.11253692950136e-308,1194.19179560291,5.09452917970303,10238,56784_c,AIH,contact,153
KLRK1,1.11253692937161e-308,1.62996606468191,1.11253692950136e-308,1192.09736715062,5.82357432974284,13246,56784_c,AIH,contact,154
CSF1R,1.11253692937161e-308,1.62755729018468,1.11253692950136e-308,1190.33567787474,5.52265697933009,17972,56784_c,AIH,contact,155
PAX5,4.00765567613272e-96,5.41306038688897,5.4196055406777e-96,1189.03264146698,5.04919939216441,720,56784_c,AIH,contact,156
CD38,1.11253692937161e-308,1.62364283770588,1.11253692950136e-308,1187.47279097486,5.30921688655668,15736,56784_c,AIH,contact,157
CD276,1.11253692937161e-308,1.62240452847626,1.11253692950136e-308,1186.5671370448,4.66958742543258,13886,56784_c,AIH,contact,158
CD3D,1.11253692937161e-308,1.62096365632298,1.11253692950136e-308,1185.51333602554,5.26098382127745,9809,56784_c,AIH,contact,159
FCMR,1.11253692937161e-308,1.61546757883615,1.11253692950136e-308,1181.49370663345,5.33823118660108,10008,56784_c,AIH,contact,160
STAT3,1.11253692937161e-308,1.61392748469897,1.11253692950136e-308,1180.36733829617,5.27734167927028,30205,56784_c,AIH,contact,161
MPEG1,1.11253692937161e-308,1.61133819293236,1.11253692950136e-308,1178.47362531365,5.70669656661263,24573,56784_c,AIH,contact,162
IL1R1,1.11253692937161e-308,1.6070350225285,1.11253692950136e-308,1175.32644438762,5.22364316475283,23813,56784_c,AIH,contact,163
CD28,1.53674748666558e-288,1.77263626576931,3.08975685149692e-288,1174.75235680298,5.22698506395826,6352,56784_c,AIH,contact,164
CTSS,1.11253692937161e-308,1.59781849584608,1.11253692950136e-308,1168.58581497793,5.12211120995386,21092,56784_c,AIH,contact,165
TUBA1B,1.11253692937161e-308,1.59061365336428,1.11253692950136e-308,1163.31645757265,5.3322768921661,26780,56784_c,AIH,contact,166
IL18,1.11253692937161e-308,1.5846717543822,1.11253692950136e-308,1158.97077069861,5.29280550942412,15733,56784_c,AIH,contact,167
LILRB2,1.11253692937161e-308,1.58217079786756,1.11253692950136e-308,1157.14166287787,5.06946714260209,11036,56784_c,AIH,contact,168
CMKLR1,1.11253692937161e-308,1.58197310238974,1.11253692950136e-308,1156.99707565994,5.11948431122935,11040,56784_c,AIH,contact,169
CD86,1.11253692937161e-308,1.5758101752944,1.11253692950136e-308,1152.48973693463,5.0721825619739,11831,56784_c,AIH,contact,170
HAVCR2,1.11253692937161e-308,1.57429235546734,1.11253692950136e-308,1151.3796592104,4.99146480501599,10727,56784_c,AIH,contact,171
CENPF,7.12412088995984e-210,2.37995153814066,1.24181923769942e-209,1146.13559376956,4.87242995793424,2934,56784_c,AIH,contact,172
CLEC12A,1.11253692937161e-308,1.56446577232053,1.11253692950136e-308,1144.19285688904,5.23683578122657,9663,56784_c,AIH,contact,173
PTPRC,1.11253692937161e-308,1.5630296262686,1.11253692950136e-308,1143.14251236687,5.37769111482502,18912,56784_c,AIH,contact,174
ID4,6.71284807667276e-172,2.89402329376868,1.08088231743036e-171,1140.65211412048,4.8937498701301,1950,56784_c,AIH,contact,175
FCGR2B,1.11253692937161e-308,1.5508709991856,1.11253692950136e-308,1134.2501386863,5.29642840529584,13275,56784_c,AIH,contact,176
CCL3L1,8.13386020127368e-158,3.10752593624925,1.287861198535e-157,1124.03069265656,4.80870712631988,1752,56784_c,AIH,contact,177
DGKA,1.11253692937161e-308,1.53575764719342,1.11253692950136e-308,1123.1967876325,5.37358175209305,10957,56784_c,AIH,contact,178
CD14,1.11253692937161e-308,1.52795560468857,1.11253692950136e-308,1117.49066004496,4.7212445431168,13194,56784_c,AIH,contact,179
CTNNB1,1.11253692937161e-308,1.52625157556439,1.11253692950136e-308,1116.24439567389,5.40732554996741,34216,56784_c,AIH,contact,180
TGFB1,1.11253692937161e-308,1.52104822119326,1.11253692950136e-308,1112.43885322697,5.30733851254281,20914,56784_c,AIH,contact,181
CORO1A,1.11253692937161e-308,1.51145352182091,1.11253692950136e-308,1105.42164218914,5.3160661468017,13886,56784_c,AIH,contact,182
COTL1,1.11253692937161e-308,1.5103381991628,1.11253692950136e-308,1104.60593612441,5.04191945134813,13095,56784_c,AIH,contact,183
SYK,1.11253692937161e-308,1.5051282622614,1.11253692950136e-308,1100.79557945641,5.14814813210787,11943,56784_c,AIH,contact,184
PSMB10,1.11253692937161e-308,1.49733983415615,1.11253692950136e-308,1095.09940894115,5.09543454197192,26162,56784_c,AIH,contact,185
IL10RA,1.11253692937161e-308,1.49552427284659,1.11253692950136e-308,1093.77157402243,5.58241116474681,22253,56784_c,AIH,contact,186
CD4,1.11253692937161e-308,1.48904543984186,1.11253692950136e-308,1089.03319330733,5.38921462919979,21846,56784_c,AIH,contact,187
AKT1,1.11253692937161e-308,1.48456320994576,1.11253692950136e-308,1085.75505483937,4.95770124756437,21926,56784_c,AIH,contact,188
IRF1,1.11253692937161e-308,1.47951382496672,1.11253692950136e-308,1082.06211995584,5.37569217125154,26201,56784_c,AIH,contact,189
IFIT2,1.11253692937161e-308,1.47604353613443,1.11253692950136e-308,1079.52407804817,4.69452647829642,12080,56784_c,AIH,contact,190
MX1,1.11253692937161e-308,1.4733289097642,1.11253692950136e-308,1077.53869993579,4.93787106784566,17817,56784_c,AIH,contact,191
LCK,3.04997334745149e-296,1.57444583033195,6.16483974484876e-296,1071.33175133094,5.21549164775003,8942,56784_c,AIH,contact,192
KLRF1,1.19524388534252e-202,2.282730757194,2.06451216559163e-202,1061.34160058503,5.35942451799205,3161,56784_c,AIH,contact,193
STAT2,1.11253692937161e-308,1.43788703095207,1.11253692950136e-308,1051.61781033306,5.57716822131901,34289,56784_c,AIH,contact,194
JAK3,1.11253692937161e-308,1.43385177460175,1.11253692950136e-308,1048.66657191453,5.2567943072467,13570,56784_c,AIH,contact,195
STAT6,1.11253692937161e-308,1.42437379825004,1.11253692950136e-308,1041.73472781077,5.31579914723746,30565,56784_c,AIH,contact,196
ACTA2,1.11253692937161e-308,1.4144256237268,1.11253692950136e-308,1034.45899801855,5.34565805542356,29434,56784_c,AIH,contact,197
IL13RA2,4.02101107145966e-157,2.86518357004104,6.31398432708541e-157,1031.79365081835,4.98846819692862,1965,56784_c,AIH,contact,198
NOTCH2,1.11253692937161e-308,1.40899119408214,1.11253692950136e-308,1030.48445559603,6.00202995539015,42242,56784_c,AIH,contact,199
TNFRSF1B,1.11253692937161e-308,1.40710537158533,1.11253692950136e-308,1029.10523422322,5.20077823988661,25370,56784_c,AIH,contact,200
FAS,1.11253692937161e-308,1.40412056523593,1.11253692950136e-308,1026.92225638848,4.89108539995183,17347,56784_c,AIH,contact,201
SSR4,1.11253692937161e-308,1.39589358333496,1.11253692950136e-308,1020.90534372002,5.24244988510499,28546,56784_c,AIH,contact,202
IFNGR1,1.11253692937161e-308,1.39098849545047,1.11253692950136e-308,1017.31794243637,5.32626273648507,28018,56784_c,AIH,contact,203
CD44,1.11254202821767e-308,1.40355809633865,1.11254751726643e-308,1011.52963126758,5.10140417371885,14338,56784_c,AIH,contact,204
IRF8,1.11253692937161e-308,1.38212338512831,1.11253692950136e-308,1010.83432605715,5.2246587679132,21971,56784_c,AIH,contact,205
TUBB,1.11253692937161e-308,1.36007124318911,1.11253692950136e-308,994.706198659065,4.84715691011163,17851,56784_c,AIH,contact,206
LY6E,3.63020988271264e-275,1.56889990206998,7.14756349964147e-275,991.421752214075,4.50574406590951,8371,56784_c,AIH,contact,207
FKBP11,1.11253692937161e-308,1.35113149667422,1.11253692950136e-308,988.1679961073,4.93863206640582,19153,56784_c,AIH,contact,208
KRAS,1.11253692937161e-308,1.34755282960672,1.11253692950136e-308,985.550690335406,4.88475638710298,19446,56784_c,AIH,contact,209
JAK1,1.11253692937161e-308,1.33946254986165,1.11253692950136e-308,979.633756607411,5.23401810206108,30021,56784_c,AIH,contact,210
NCEH1,1.96672405776559e-270,1.57683852893832,3.83259047154321e-270,979.250795430544,4.84544768603552,8257,56784_c,AIH,contact,211
TC2N,1.28908076692575e-276,1.53705623928792,2.55130568454055e-276,976.429664556321,5.34345411332786,9180,56784_c,AIH,contact,212
TXLNA,1.11253692937161e-308,1.30836248882435,1.11253692950136e-308,956.888313199649,5.00253428093846,23655,56784_c,AIH,contact,213
CD80,1.1435332875486e-246,1.68523316958689,2.17271324634235e-246,954.350594263435,5.06578109841351,6561,56784_c,AIH,contact,214
CXCL16,8.19106987638507e-265,1.56317825737604,1.5800033264093e-264,950.540569108419,4.63738481501914,8339,56784_c,AIH,contact,215
ARPC5,9.04410123138055e-303,1.31527179118108,1.85770727995925e-302,914.746764763698,4.87539384970671,20642,56784_c,AIH,contact,216
NF1,5.00912509201535e-301,1.31671347281082,1.01789707752184e-300,910.463719666672,4.88441722371282,20298,56784_c,AIH,contact,217
CXCL2,3.63351133078831e-128,3.02885614276974,5.4146443360767e-128,888.789643755981,4.17154353048224,1542,56784_c,AIH,contact,218
IL4R,5.47489638144189e-286,1.32976159319055,1.09497927628838e-285,873.439492188664,4.82706718908589,17744,56784_c,AIH,contact,219
TIGIT,3.21400585383469e-250,1.51936400099943,6.1372976103376e-250,872.842339928833,5.24924494011537,8920,56784_c,AIH,contact,220
KLRD1,8.0695198474702e-229,1.65960580080083,1.47423920290321e-228,871.63142628679,5.18286067620904,6533,56784_c,AIH,contact,221
CXCR2,1.09217726458991e-241,1.56755695995463,2.03444784580474e-241,869.735206002455,5.07373099247629,7860,56784_c,AIH,contact,222
RNF43,5.59269723797097e-216,1.71754725865354,9.79366336603212e-216,851.279830493401,4.42190741060624,5524,56784_c,AIH,contact,223
GPR34,3.15947319758798e-223,1.64744116677353,5.69004651698309e-223,844.027059243621,4.93417870525137,6475,56784_c,AIH,contact,224
PLEK,4.96390884707492e-229,1.60453841438987,9.11248967095879e-229,843.489466586227,4.89163972415746,7074,56784_c,AIH,contact,225
TCL1A,6.0800138809215e-79,4.62464251583844,7.85852134268765e-79,832.89448845772,5.14521272017858,756,56784_c,AIH,contact,226
SOCS3,2.31622300173683e-191,1.89339788142059,3.89453425070794e-191,831.114223209757,4.80953647070437,4258,56784_c,AIH,contact,227
CEACAM8,9.06495251004056e-223,1.62240080864512,1.62484997821482e-222,829.488203796306,4.40131903072499,6553,56784_c,AIH,contact,228
CD40,8.55833081001167e-253,1.42379479511747,1.64250793323456e-252,826.380641282218,4.69155882758854,11198,56784_c,AIH,contact,229
JAK2,2.98616052054517e-272,1.30757112852752,5.84918040106787e-272,817.505442773695,5.0916325850909,19379,56784_c,AIH,contact,230
CCR4,5.74895308598536e-137,2.58751979443195,8.63479119634165e-137,811.718259297653,5.1678334663081,2069,56784_c,AIH,contact,231
CD247,3.72011025285819e-222,1.58190001815143,6.63681641354982e-222,806.547760511203,5.27564260282743,7310,56784_c,AIH,contact,232
STMN1,1.70891969542111e-224,1.47620311000168,3.09233087742868e-224,760.603613386379,4.90684622360522,8917,56784_c,AIH,contact,233
S100B,3.57372493857091e-107,3.10214829866186,4.97441566541006e-107,760.345843584359,4.78668218685214,1396,56784_c,AIH,contact,234
PRF1,4.69319382418012e-189,1.74225847627305,7.75397240516716e-189,755.517267704,5.07816540189587,5152,56784_c,AIH,contact,235
FGR,6.11802034759457e-198,1.64531175029979,1.0519672995864e-197,747.137069190095,4.95503785924336,6067,56784_c,AIH,contact,236
ENTPD1,2.68657729658809e-225,1.4309114662996,4.88468599379652e-225,739.914843614265,5.0839372380853,10259,56784_c,AIH,contact,237
TP53,1.1610840957271e-244,1.28471023324883,2.18421760582325e-244,721.597853398257,4.90617649770429,19784,56784_c,AIH,contact,238
ATM,6.70631367793387e-246,1.26191352350047,1.26786029732083e-245,712.391680091158,5.37249223858941,31597,56784_c,AIH,contact,239
CX3CR1,6.30488394689335e-114,2.66734257134044,9.04096565969612e-114,695.251846271348,4.96824064236142,1780,56784_c,AIH,contact,240
SAMD3,1.11584997160387e-196,1.53063439672112,1.91001346490753e-196,690.617742499704,5.33816389876735,7480,56784_c,AIH,contact,241
CDK12,1.48042872495973e-236,1.27172065811971,2.74420934382779e-236,690.566890682678,4.91692601422539,21045,56784_c,AIH,contact,242
RGS1,2.4147150097915e-141,2.08175110758726,3.65574383952497e-141,674.035445750309,4.92479959134469,2975,56784_c,AIH,contact,243
CD8B,5.5766257308232e-184,1.58624535653993,9.13412835221041e-184,669.327448062588,5.12157982359345,6425,56784_c,AIH,contact,244
FASLG,1.64755676645185e-180,1.60676170692292,2.67551953526369e-180,665.144754199194,5.19394284793101,6159,56784_c,AIH,contact,245
ARID1A,3.92151542631703e-222,1.27094232719775,6.96343860747884e-222,647.93581923648,4.85984854762325,19617,56784_c,AIH,contact,246
PLD4,7.79316197660656e-98,2.83038851239284,1.05764341111089e-97,632.87513299485,5.00967903615894,1488,56784_c,AIH,contact,247
CXCR6,2.7019278397288e-171,1.60815755638225,4.3322049750926e-171,631.600801240891,5.18542741217738,5934,56784_c,AIH,contact,248
ARPC3,3.81870923187081e-217,1.26731342539268,6.71809957458753e-217,631.528960257229,4.89633622756277,19639,56784_c,AIH,contact,249
VSIR,2.52811906743529e-206,1.29589316213958,4.38669061929411e-206,613.482371859414,5.03962538707031,15736,56784_c,AIH,contact,250
ZNF683,1.41565392179272e-82,3.19984585423434,1.8422893502782e-82,603.056984422912,5.1594096313435,1174,56784_c,AIH,contact,251
TCF7,3.91667141312014e-168,1.55290174100159,6.25350897893132e-168,598.595564219056,4.92768352918633,6348,56784_c,AIH,contact,252
GZMH,4.26664113642563e-121,2.05360452160657,6.28420012341759e-121,569.181073482121,5.02229261196006,2840,56784_c,AIH,contact,253
FCER2,2.88070904367039e-58,4.28279338300366,3.55412154738554e-58,567.435428056507,5.08462698484919,700,56784_c,AIH,contact,254
CCR5,3.65881127392549e-141,1.70480437394943,5.51725509560193e-141,551.278089389829,4.89113330669256,4528,56784_c,AIH,contact,255
CDKN1B,1.71642749588737e-192,1.24730335640711,2.91179664480893e-192,550.754396543229,4.89000850630521,19997,56784_c,AIH,contact,256
CCL28,4.2069216549611e-113,2.12621361653471,5.94286330440602e-113,550.16922150654,4.79919721294,2506,56784_c,AIH,contact,257
IRF2,3.39065876687403e-191,1.24674391498761,5.67599264939264e-191,546.787880577828,4.88208761144354,20015,56784_c,AIH,contact,258
NOTCH1,1.61954676636625e-191,1.23621239729875,2.73523453875189e-191,543.082454140567,5.20285373505156,22412,56784_c,AIH,contact,259
TNF,2.76353840074336e-60,3.8860562852305,3.42066642437289e-60,532.928293963523,4.50283974577505,775,56784_c,AIH,contact,260
FCRL3,2.42256166854074e-120,1.90047483984722,3.55433758318718e-120,523.439015660725,5.16791188554417,3277,56784_c,AIH,contact,261
GLIPR2,1.10037174775565e-144,1.56539507241107,1.67928218532991e-144,518.8918445811,4.81613254677227,5682,56784_c,AIH,contact,262
CEACAM6,1.24549116166972e-33,6.83608090183167,1.46076123899535e-33,517.940988745533,4.84636876587296,336,56784_c,AIH,contact,263
NELL2,3.6598956545281e-100,2.25670935529054,5.00273506734056e-100,516.698599187313,5.19658636062545,2123,56784_c,AIH,contact,264
JUN,6.40172925658608e-150,1.49726777415962,1.00109346399289e-149,514.358188888207,4.515132386172,6498,56784_c,AIH,contact,265
RUNX3,4.7701515930789e-147,1.4300485396174,7.33869475858292e-147,481.808565589736,4.98259420715008,7739,56784_c,AIH,contact,266
ITGAM,2.76015091802243e-128,1.62375795623544,4.12935964113593e-128,476.923052997248,4.9694327304382,4817,56784_c,AIH,contact,267
MCEMP1,5.44960890419152e-30,6.82422110943755,6.35230485764656e-30,459.829727834821,4.94658156160877,309,56784_c,AIH,contact,268
SMAD3,1.6738822011105e-157,1.26448164021252,2.6393163337012e-157,456.466130140437,4.81519213869162,14645,56784_c,AIH,contact,269
ICOSLG,1.21600450559509e-147,1.34361762462842,1.87838094360217e-147,454.524933277956,4.68338657118675,9927,56784_c,AIH,contact,270
LILRB4,5.38688451280896e-115,1.72646071987452,7.78333123523728e-115,454.254809247049,4.66835485130016,3859,56784_c,AIH,contact,271
TRAT1,8.60254246678306e-120,1.62841124357061,1.25729466822214e-119,446.442219454567,5.07936752211044,4623,56784_c,AIH,contact,272
LIF,9.51110338717822e-111,1.75987266367068,1.33859973597323e-110,445.836435670913,4.47016110755851,3499,56784_c,AIH,contact,273
CSF1,1.88232719301871e-148,1.28787898878975,2.9195278912127e-148,438.072147356093,4.90299524068049,12550,56784_c,AIH,contact,274
HIF1A,3.40340421714028e-145,1.30678265509207,5.2148935585214e-145,434.701331646036,4.68988069480869,11302,56784_c,AIH,contact,275
EOMES,8.84646656362752e-114,1.63569509489279,1.26378093766108e-113,425.795449261721,5.01709271741524,4440,56784_c,AIH,contact,276
PDCD1LG2,3.71143138697279e-128,1.43644336516198,5.50915596503774e-128,421.480457042321,4.86262684872359,6964,56784_c,AIH,contact,277
STAT5B,1.08930594704321e-149,1.21924760184102,1.69646008146074e-149,418.201486196142,4.88836642994294,19264,56784_c,AIH,contact,278
FCGR1A,4.10141165495533e-114,1.56599931885318,5.90354707910237e-114,408.8563786142,4.77173976157696,4961,56784_c,AIH,contact,279
SOX17,8.56837899516766e-63,2.8495725879425,1.07104737439596e-62,407.246046032938,5.09953119940047,1158,56784_c,AIH,contact,280
CXCR4,2.80812172222118e-89,1.98509404025616,3.7441622962949e-89,404.755826102643,4.94210187875356,2504,56784_c,AIH,contact,281
CD274,4.1008870458486e-108,1.62853951251753,5.75032131890209e-108,402.685686587404,4.73616128928513,4321,56784_c,AIH,contact,282
LAG3,1.41184812269749e-113,1.53302701102164,2.0018742038248e-113,398.352800769995,4.84396042256754,5292,56784_c,AIH,contact,283
KIT,2.56407484867751e-72,2.39820793693758,3.28063448652341e-72,395.331457724089,5.00293112297884,1632,56784_c,AIH,contact,284
IL2RA,1.17111576700983e-87,1.9218888458522,1.55060624203393e-87,384.698621112229,4.91086895307997,2625,56784_c,AIH,contact,285
ANXA1,2.46280917341103e-117,1.41967490624464,3.58569917967889e-117,381.184349554657,4.84088477860481,6854,56784_c,AIH,contact,286
FEZ1,7.25980339596526e-102,1.59268248386034,9.99538148719855e-102,370.906009912763,4.97047026785361,4429,56784_c,AIH,contact,287
CCL11,7.75657421947078e-25,6.59721666796298,8.87800663674366e-25,366.251651558704,4.94919054219069,291,56784_c,AIH,contact,288
ORC6,1.79222620467073e-95,1.6285920098316,2.41505658785418e-95,355.297094107492,4.62815521490702,3938,56784_c,AIH,contact,289
RB1,3.42565665617484e-125,1.22327796154087,5.06517326593946e-125,350.581486045459,4.77953518719003,15710,56784_c,AIH,contact,290
CDK2,1.11716128509129e-113,1.33605734762557,1.58996737204004e-113,347.483564721849,4.61133185658102,8491,56784_c,AIH,contact,291
SOCS2,3.20848125125836e-103,1.43049936259561,4.43353772901155e-103,337.598517449336,4.66471818179874,6083,56784_c,AIH,contact,292
GPR171,2.4041476293931e-91,1.54370864891419,3.22818409600486e-91,322.107233421463,5.05211364729628,4582,56784_c,AIH,contact,293
PTGS1,1.23014158179234e-82,1.6968636625109,1.60637045045047e-82,320.036713748002,4.84246763098905,3355,56784_c,AIH,contact,294
CCL13,5.70743516814147e-41,3.42931039737823,6.79882559214345e-41,317.77436993013,4.78160338131065,742,56784_c,AIH,contact,295
CD40LG,4.99571675780811e-57,2.37731190612581,6.1435998963336e-57,308.191789999147,5.08050571219868,1439,56784_c,AIH,contact,296
CDKN2C,2.36497133848991e-87,1.52907302572962,3.12044829384085e-87,304.995231774058,4.59314577488011,4421,56784_c,AIH,contact,297
KMT2C,1.56510663097707e-106,1.188547745259,2.17058583858134e-106,289.56121131282,4.80359015198375,17935,56784_c,AIH,contact,298
CD1A,1.04364793871282e-24,5.1935444615497,1.19094959973235e-24,286.783993674561,4.69087019626666,359,56784_c,AIH,contact,299
CDK4,6.44683089009981e-100,1.25251393519634,8.78062988615745e-100,286.067820809885,4.60069077409458,10983,56784_c,AIH,contact,300
FOXP3,9.16751696865862e-64,1.9645901558845,1.14972160002979e-63,285.159827894624,4.69664483624299,2076,56784_c,AIH,contact,301
UBE2C,3.24359312906001e-67,1.86019260205854,4.10855129680935e-67,284.789013020984,4.70651103247833,2379,56784_c,AIH,contact,302
GATA2,5.00937431753916e-38,3.24121426612971,5.89338155004607e-38,278.377918523744,4.93839495976758,754,56784_c,AIH,contact,303
CST7,6.86920421592114e-75,1.55255985863685,8.81857297989877e-75,265.125731204169,4.94948000269337,3999,56784_c,AIH,contact,304
LILRA5,9.33533408294883e-66,1.75471334102328,1.17854715997361e-65,262.74517740008,4.69300798554978,2711,56784_c,AIH,contact,305
P2RX1,5.9997083094346e-55,2.09164812299803,7.3308333041323e-55,261.1432496867,5.07517427139328,1727,56784_c,AIH,contact,306
CDK6,5.09929006808474e-90,1.22705911531965,6.82299375307113e-90,252.287718810236,4.68879729479146,11802,56784_c,AIH,contact,307
BCL2,1.12371047398941e-88,1.24033468267292,1.4930418885174e-88,251.181233416009,4.96428757971397,10936,56784_c,AIH,contact,308
TOX,1.56887884944312e-77,1.39636545271793,2.02092868741826e-77,246.945402338012,5.0897483747853,5771,56784_c,AIH,contact,309
IL10,3.81737566382289e-51,2.08296719996067,4.63451358547187e-51,241.81640423318,4.75852280662444,1682,56784_c,AIH,contact,310
CXCR1,3.61369354811397e-26,4.08239512438268,4.14865120327284e-26,239.156838993231,5.32854437479216,488,56784_c,AIH,contact,311
CCR6,1.64940460326203e-39,2.62482451922605,1.95256619700801e-39,234.397890653468,4.79370228051118,1016,56784_c,AIH,contact,312
SOS1,3.8034166221294e-86,1.16429379435626,5.00103223670994e-86,229.000776171929,4.85369272813037,18702,56784_c,AIH,contact,313
PIK3CA,2.2896855151505e-81,1.20641748606154,2.96955800599724e-81,224.008778753368,4.67529599971972,12406,56784_c,AIH,contact,314
DUSP2,5.58784911102268e-49,1.96146968932891,6.71956538667284e-49,217.931198644259,4.75648264424684,1833,56784_c,AIH,contact,315
FHIT,2.30456072221826e-70,1.3581356182079,2.9387015920904e-70,217.7717040545,4.44524461070115,5861,56784_c,AIH,contact,316
NCAM1,4.32392049192225e-44,2.06085389003796,5.18324853921279e-44,205.775398617295,4.98815584140362,1594,56784_c,AIH,contact,317
ITGAE,9.40577655351644e-65,1.35966706606006,1.18350830805836e-64,200.451238188852,5.08212440616631,5720,56784_c,AIH,contact,318
EPOR,1.36313522787646e-61,1.29789224042965,1.6983324150592e-61,181.896876220396,4.54911703130604,6621,56784_c,AIH,contact,319
MIS18BP1,1.73098319067289e-67,1.16712851342965,2.19991174734348e-67,179.416260777521,4.86137364104081,14574,56784_c,AIH,contact,320
TBX21,6.07806570860352e-51,1.55101737432587,7.35562092123993e-51,179.339723614997,4.95763860512557,3218,56784_c,AIH,contact,321
FADD,2.006549890684e-61,1.23556059883174,2.49179398189517e-61,172.683523270515,4.55696966379011,8640,56784_c,AIH,contact,322
ACE2,2.65519846277568e-39,1.79628826264149,3.13346402439366e-39,159.554046133953,4.38209667708105,1909,56784_c,AIH,contact,323
STAT4,5.87638694754072e-55,1.23629318918658,7.20331303246927e-55,154.377461072518,4.7903494114188,8137,56784_c,AIH,contact,324
GATA3,2.36351335898598e-49,1.370473157086,2.85122246480848e-49,153.447110609068,4.91504257317889,4713,56784_c,AIH,contact,325
BRAF,9.90153408971305e-52,1.14478743636415,1.20595607502915e-51,134.445822883918,4.74022954997972,14471,56784_c,AIH,contact,326
JUNB,4.29251963852136e-40,1.41257278480168,5.09736707074412e-40,128.04482107585,4.4828867915584,3624,56784_c,AIH,contact,327
IL15,5.75860077447443e-44,1.1971511529776,6.88134683742227e-44,119.192019583864,4.72979659087612,8667,56784_c,AIH,contact,328
CD79B,1.7275691641772e-24,2.0922166245859,1.9654978514591e-24,114.476316599267,4.86485138031829,1090,56784_c,AIH,contact,329
CTSW,4.76006712549813e-33,1.49638549079084,5.56561694673628e-33,111.368559432757,4.98004557236474,2815,56784_c,AIH,contact,330
SOCS1,8.45543876060523e-29,1.68708908760392,9.82589213770638e-29,109.053704882825,4.6193445969707,1845,56784_c,AIH,contact,331
KLRC1,3.25753295441972e-26,1.77033134097655,3.75109855357423e-26,103.894093977209,4.94729980264174,1606,56784_c,AIH,contact,332
MS4A2,3.92149928255497e-14,3.03227686165542,4.35722142506108e-14,93.6055293466521,4.94375182686997,481,56784_c,AIH,contact,333
IL1A,6.9291396302737e-13,3.2308837930177,7.65428214972094e-13,90.4578662148464,4.75435374678429,417,56784_c,AIH,contact,334
IL4,6.2858458534039e-21,1.91799533144055,7.13021320684621e-21,89.2174450153321,4.46206841980373,1154,56784_c,AIH,contact,335
IL6,4.26380446000378e-15,2.68648318780225,4.7514536504441e-15,88.8920067431142,4.80735324112191,577,56784_c,AIH,contact,336
CXCL5,1.46927102110911e-15,2.52175644810753,1.64212643535724e-15,86.1280949995099,4.81939814227055,639,56784_c,AIH,contact,337
FGF2,1.02317068956526e-20,1.85329004524234,1.15715732748452e-20,85.3047085592506,4.63310543290769,1249,56784_c,AIH,contact,338
CXCR3,1.96095088253229e-20,1.61405067455243,2.21116123252899e-20,73.2428311128976,4.87589204861306,1702,56784_c,AIH,contact,339
IRF5,1.65925464258667e-26,1.20009613716073,1.9223072078748e-26,71.2387194951561,4.79678577019476,6189,56784_c,AIH,contact,340
IL15RA,1.75763143355984e-26,1.18932264982258,2.03009101748553e-26,70.5306928332268,4.58676780995206,6523,56784_c,AIH,contact,341
IL22RA2,7.14551267896618e-10,3.31902334545845,7.71390573297485e-10,69.8965286146389,4.73735799121672,343,56784_c,AIH,contact,342
CDKN2B,2.28637658970715e-17,1.59599217217431,2.5704825564755e-17,61.1535974149089,4.51390891480723,1578,56784_c,AIH,contact,343
CFC1,3.56563116054572e-11,2.3409628877179,3.91601110117738e-11,56.3167664434382,4.83259244882728,598,56784_c,AIH,contact,344
GPR183,7.30911236987063e-14,1.84897741963895,8.09755889373423e-14,55.926148446151,4.78869855018512,994,56784_c,AIH,contact,345
CD37,3.36332972734194e-17,1.40524161930078,3.77010411914436e-17,53.3022410911749,4.8412287383955,2307,56784_c,AIH,contact,346
IL12B,1.06266420828276e-08,2.89447071627175,1.13749971590831e-08,53.1421974917189,4.79985496772253,391,56784_c,AIH,contact,347
AREG,8.59762980652e-07,3.53255275298285,9.1005552269571e-07,49.3377833892226,4.66870585917887,246,56784_c,AIH,contact,348
CCL7,3.68508729464466e-08,2.75859752285651,3.93352014596902e-08,47.2172214802772,4.77239987200958,391,56784_c,AIH,contact,349
IFNB1,1.76428086676184e-07,2.95975472596534,1.87794602064285e-07,46.0252292565081,4.80066654890876,334,56784_c,AIH,contact,350
IL22RA1,1.09692684428726e-09,2.15268999862126,1.18082776438855e-09,44.4116163896836,4.09123431018527,597,56784_c,AIH,contact,351
IL12RB2,4.90931776426101e-11,1.77811805297217,5.36074928281375e-11,42.2077235062774,4.90644176158496,964,56784_c,AIH,contact,352
EGF,1.98992219006863e-06,3.14927416206443,2.10047342285022e-06,41.3418289386322,4.73749038237442,281,56784_c,AIH,contact,353
BATF3,3.58721125950097e-11,1.62645244476051,3.92835815161489e-11,39.1179068490801,4.69206144870428,1169,56784_c,AIH,contact,354
IL2,3.62325860779438e-10,1.74853661987229,3.93382363131962e-10,38.010523341491,4.89084603340421,966,56784_c,AIH,contact,355
HPGDS,1.75732782782463e-10,1.59941673253623,1.9134228497804e-10,35.9261891001066,4.66965384569127,1192,56784_c,AIH,contact,356
PGA5,1.90046010971734e-07,2.24980776571874,2.01724816115248e-07,34.8180241522946,4.63708620776513,492,56784_c,AIH,contact,357
PDCD1,6.8290406924821e-10,1.62874316915799,7.3932634277584e-10,34.3740817595155,4.82317916395688,1104,56784_c,AIH,contact,358
IRF3,1.39163972953453e-11,1.16304164657112,1.53282057166122e-11,29.0736607780008,4.46067349537598,4538,56784_c,AIH,contact,359
FOS,4.4784165235178e-06,2.34502139792442,4.68814952875142e-06,28.8818487540361,4.31730486809572,391,56784_c,AIH,contact,360
CDKN2D,9.1708599240519e-09,1.43848504864742,9.84442590717435e-09,26.6223805217995,4.62614413635842,1415,56784_c,AIH,contact,361
EPO,3.61104793131314e-06,1.9058997223214,3.80110308559278e-06,23.883806274183,4.27083863197712,566,56784_c,AIH,contact,362
CDX1,0.000620754527016894,3.16586803069604,0.000637531676395729,23.3785894087217,4.74907780394488,200,56784_c,AIH,contact,363
MUC5AC,4.21865192596689e-06,1.84299405608708,4.42841914880502e-06,22.8088850937374,4.75900298275229,625,56784_c,AIH,contact,364
DMBT1,0.00109802801466314,2.49258538634434,0.00112466481286252,16.9850736022168,4.75909063440069,259,56784_c,AIH,contact,365
NOSIP,5.66950029015286e-06,1.2722228696154,5.91870909411562e-06,15.3689733373619,4.44259385353401,1752,56784_c,AIH,contact,366
CDKN1C,0.000175304122406712,1.68564478709763,0.000181020561180844,14.5791219573106,4.69771300269971,592,56784_c,AIH,contact,367
IL23A,7.91743137305989e-05,1.41995189142558,8.19788534540261e-05,13.4098249287539,4.60612479094489,994,56784_c,AIH,contact,368
CDKN2A,3.33291388041959e-05,1.28507978676046,3.46040238950668e-05,13.2479884061779,4.50823713431405,1537,56784_c,AIH,contact,369
NOD1,9.09049209263177e-06,1.1000041489807,9.46407395945225e-06,12.7691578297368,4.67266535403091,4870,56784_c,AIH,contact,370
IFNL1,0.0400998998023345,3.16913229604267,0.0406345651330323,10.1931383085687,4.79829029749018,115,56784_c,AIH,contact,371
FLT3LG,0.000452439677838398,1.16011949417025,0.000465927039508378,8.93391329774332,4.66254395195527,2301,56784_c,AIH,contact,372
IL5,0.00936226207543259,1.76144021631089,0.00956360104479674,8.22780763243623,4.79256555834165,380,56784_c,AIH,contact,373
AIRE,0.0227999949679101,2.00422006403304,0.0232278769110076,7.57794596831046,4.57877739100038,242,56784_c,AIH,contact,374
ERBB4,0.0241550846789003,1.64471713555943,0.0245425994063693,6.12371013946298,4.89813280031897,390,56784_c,AIH,contact,375
REG4,0.141029870331127,1.4777524185699,0.142530188100607,2.89459715022022,4.626657136699,305,56784_c,AIH,contact,376
CCR3,0.453320745918649,1.2292018576069,0.456928072809249,0.972489632834837,4.95869499855393,336,56784_c,AIH,contact,377
CDX2,0.492627972327167,0.68646232346752,0.495234469535247,0.486016018228335,4.68939878072495,297,56784_c,AIH,contact,378
CCL26,0.766333999092728,1.05147404344427,0.768355988536244,0.279836330591097,4.72295921883101,328,56784_c,AIH,contact,379
IL13,1,0.975866122543627,1,0,4.71211447512789,319,56784_c,AIH,contact,380
EPCAM,1.11253692925367e-308,13.2261326864707,1.11253692925374e-308,9771.96880150764,5.49778737557208,1699,56784_c,AIH,local,1
CCL19,1.11253692925367e-308,9.34286005773199,1.11253692925374e-308,6902.85960115914,5.72432271000484,3905,56784_c,AIH,local,2
CXCL6,1.11253692925367e-308,9.10091237383205,1.11253692925374e-308,6724.0994696291,5.86072488087986,4629,56784_c,AIH,local,3
MS4A1,1.11253692925367e-308,8.05916375358891,1.11253692925374e-308,5954.41605140338,5.78459939703864,2371,56784_c,AIH,local,4
CHIT1,1.11253692925367e-308,7.44276729424141,1.11253692925374e-308,5498.99895308068,5.07697488638294,1114,56784_c,AIH,local,5
IGKC,1.11253692925367e-308,7.35933226400046,1.11253692925374e-308,5437.35398612058,7.29621167992826,39858,56784_c,AIH,local,6
IGHG1,1.11253692925367e-308,7.21374429001524,1.11253692925374e-308,5329.78806542529,6.85408446200724,34759,56784_c,AIH,local,7
IGHGP,1.11253692925367e-308,7.06825208286,1.11253692925374e-308,5222.29290089864,6.70457793889533,25734,56784_c,AIH,local,8
IGHG2,1.11253692925367e-308,6.93466620825018,1.11253692925374e-308,5123.59458673878,6.5390584321815,23140,56784_c,AIH,local,9
CCL8,1.11253692925367e-308,6.66265305111939,1.11253692925374e-308,4922.62094250786,4.99639152726212,1282,56784_c,AIH,local,10
SPIB,1.11253692925367e-308,6.65894277353194,1.11253692925374e-308,4919.87964860972,5.13141776279309,1150,56784_c,AIH,local,11
IGHG3,1.11253692925367e-308,6.40161632406855,1.11253692925374e-308,4729.75710140957,6.31667692915748,25141,56784_c,AIH,local,12
IGHG4,1.11253692925367e-308,6.01019400749613,1.11253692925374e-308,4440.55943823534,6.09147166292889,20357,56784_c,AIH,local,13
NOTCH3,1.11253692925367e-308,5.84761212149595,1.11253692925374e-308,4320.43777037175,5.38327192998107,1430,56784_c,AIH,local,14
ACTB,1.11253692925367e-308,5.80860794408094,1.11253692925374e-308,4291.62000376807,7.03658626641879,50920,56784_c,AIH,local,15
CCR7,5.86353441751154e-225,7.64216542586045,1.03154772159925e-224,3945.74854255389,5.12983284367486,777,56784_c,AIH,local,16
LILRA4,1.11253692925367e-308,5.21137433946318,1.11253692925374e-308,3850.36114980945,5.23593111200453,1556,56784_c,AIH,local,17
IL1B,1.11253692925367e-308,5.18137851528664,1.11253692925374e-308,3828.1990964733,4.94749824876524,1759,56784_c,AIH,local,18
CXCL1,1.11253692925367e-308,5.01834590979763,1.11253692925374e-308,3707.74441994515,5.0406163430231,2125,56784_c,AIH,local,19
IGHM,1.11253692925367e-308,4.6487625284059,1.11253692925374e-308,3434.68219093773,5.86496346734556,7010,56784_c,AIH,local,20
BANK1,1.11253692925367e-308,4.60305884112268,1.11253692925374e-308,3400.91457217625,5.30525573828139,1609,56784_c,AIH,local,21
ARG1,1.11253692925367e-308,4.59278604658287,1.11253692925374e-308,3393.32464168583,6.30632079149628,26908,56784_c,AIH,local,22
JCHAIN,1.11253692925367e-308,4.4222576730836,1.11253692925374e-308,3267.33180726407,5.88085830950693,17450,56784_c,AIH,local,23
MGP,1.11253692925367e-308,4.40682185498786,1.11253692925374e-308,3255.92723901779,5.46427066173176,4017,56784_c,AIH,local,24
MMP9,9.10269714065124e-150,9.20367735006428,1.41763316124896e-149,3158.51056737997,4.8649321197641,530,56784_c,AIH,local,25
CXCL13,1.11253692925367e-308,4.20578407335847,1.11253692925374e-308,3107.39289594286,5.17737357285474,2317,56784_c,AIH,local,26
IGLC3,1.11253692925367e-308,4.16130661581358,1.11253692925374e-308,3074.53126225128,5.22804433700218,3955,56784_c,AIH,local,27
CCND1,1.11253692925367e-308,3.9848866624441,1.11253692925374e-308,2944.18550501769,6.35671116249259,34199,56784_c,AIH,local,28
LAMP3,1.11253692925367e-308,3.92567261402254,1.11253692925374e-308,2900.43591868711,4.82886435514254,2190,56784_c,AIH,local,29
MARCO,1.11253692925367e-308,3.86752135877994,1.11253692925374e-308,2857.47156429344,6.15188630898729,28885,56784_c,AIH,local,30
CCL21,1.11253692925367e-308,3.8495299937026,1.11253692925374e-308,2844.17886094622,5.52245029474312,6499,56784_c,AIH,local,31
IFITM3,1.11253692925367e-308,3.7927574614674,1.11253692925374e-308,2802.23315943723,6.80765981398072,45937,56784_c,AIH,local,32
TFF3,1.53590805659009e-124,9.80994032779738,2.236187975112e-124,2796.72991388573,5.04869741717877,463,56784_c,AIH,local,33
VCAN,1.11253692925367e-308,3.7515733713006,1.11253692925374e-308,2771.80479055808,5.46714262168025,3312,56784_c,AIH,local,34
CCL16,1.11253692925367e-308,3.70407299194467,1.11253692925374e-308,2736.70970750325,5.93337648501567,22426,56784_c,AIH,local,35
IDO1,1.11253692925367e-308,3.67010050641571,1.11253692925374e-308,2711.6095458333,5.26364442829254,5198,56784_c,AIH,local,36
CD79A,1.11253692925367e-308,3.61698371139177,1.11253692925374e-308,2672.36484172255,5.09527667194211,2811,56784_c,AIH,local,37
MZB1,1.11253692925367e-308,3.53134635261067,1.11253692925374e-308,2609.09271085179,5.44225460881019,6478,56784_c,AIH,local,38
SOX9,1.11253692925367e-308,3.51783849898911,1.11253692925374e-308,2599.11259593125,4.92681910747465,4915,56784_c,AIH,local,39
STAT1,1.11253692925367e-308,3.47988943563429,1.11253692925374e-308,2571.0743876401,6.74216612025569,47655,56784_c,AIH,local,40
A2M,1.11253692925367e-308,3.42419870506661,1.11253692925374e-308,2529.9279622608,7.04664393773981,42024,56784_c,AIH,local,41
FCER1A,1.76772262404401e-202,5.37303670672599,2.89540774627898e-202,2496.05761707638,5.10194818438667,1012,56784_c,AIH,local,42
CCL20,1.11253692925367e-308,3.35638032232075,1.11253692925374e-308,2479.82116717026,4.86524229069322,3152,56784_c,AIH,local,43
CXCL10,1.11253692925367e-308,3.32532274606061,1.11253692925374e-308,2456.87465109796,5.74380777471048,17104,56784_c,AIH,local,44
APOE,1.11253692925367e-308,3.30119314640537,1.11253692925374e-308,2439.04678707955,6.99115771295314,45362,56784_c,AIH,local,45
PLVAP,1.11253692925367e-308,3.29245558742634,1.11253692925374e-308,2432.59114688839,5.34060295036948,2691,56784_c,AIH,local,46
TNFRSF17,1.11253692925367e-308,3.15719085128701,1.11253692925374e-308,2332.65242611253,5.13876719512523,3139,56784_c,AIH,local,47
FN1,1.11253692925367e-308,3.1388542412914,1.11253692925374e-308,2319.10464271657,6.61812880709194,28580,56784_c,AIH,local,48
CD1C,1.11253692925367e-308,3.05064180449796,1.11253692925374e-308,2253.92994647809,5.10459406428045,2523,56784_c,AIH,local,49
IL7R,1.11253692925367e-308,2.99484134598176,1.11253692925374e-308,2212.70244992592,5.73143369784643,5660,56784_c,AIH,local,50
CXCL3,5.78518300864345e-204,4.7274931428248,9.64197168107241e-204,2212.3346998408,4.74818326773486,1159,56784_c,AIH,local,51
CXCL11,1.11253692925367e-308,2.94114019451706,1.11253692925374e-308,2173.0260010986,5.14544231139808,9060,56784_c,AIH,local,52
CTSD,1.11253692925367e-308,2.90919994213494,1.11253692925374e-308,2149.42733040708,6.40629776702954,45094,56784_c,AIH,local,53
CCL2,1.11253692925367e-308,2.88297667021812,1.11253692925374e-308,2130.05258186046,5.19564196180934,3849,56784_c,AIH,local,54
C1S,1.11253692925367e-308,2.85434269299174,1.11253692925374e-308,2108.89671273739,7.24822179766683,39667,56784_c,AIH,local,55
SPARCL1,1.11253692925367e-308,2.81452216321299,1.11253692925374e-308,2079.47579402428,4.91081327056261,2859,56784_c,AIH,local,56
SDC1,1.11253692925367e-308,2.79406933059913,1.11253692925374e-308,2064.36446504075,6.53982805404125,31396,56784_c,AIH,local,57
CD83,1.11253692925367e-308,2.71562421724727,1.11253692925374e-308,2006.40623806112,4.89457900406655,3920,56784_c,AIH,local,58
IRF4,1.11253692925367e-308,2.71465972416889,1.11253692925374e-308,2005.69363396932,5.38164709871819,6293,56784_c,AIH,local,59
CXCL9,1.11253692925367e-308,2.6919352614381,1.11253692925374e-308,1988.90393843999,5.53832403204291,22099,56784_c,AIH,local,60
EGR3,2.95123366081885e-220,3.93399994400751,5.12086205986833e-220,1988.58385162489,4.9858860250962,1453,56784_c,AIH,local,61
DERL3,1.11253692925367e-308,2.63873742533045,1.11253692925374e-308,1949.59935810084,5.14626914245353,3107,56784_c,AIH,local,62
TREM2,1.11253692925367e-308,2.62379462003906,1.11253692925374e-308,1938.55904642577,4.80009032977464,3283,56784_c,AIH,local,63
ANPEP,1.11253692925367e-308,2.57785999534815,1.11253692925374e-308,1904.6208023427,5.69712936520074,27696,56784_c,AIH,local,64
LAMP2,1.11253692925367e-308,2.56254281997798,1.11253692925374e-308,1893.30389184492,6.09133905065937,37301,56784_c,AIH,local,65
ADAM28,1.11253692925367e-308,2.45131134487116,1.11253692925374e-308,1811.12185645664,5.11400135524387,3827,56784_c,AIH,local,66
C1R,1.11253692925367e-308,2.43676466962337,1.11253692925374e-308,1800.37422069215,6.75178754338632,37449,56784_c,AIH,local,67
CXCR5,1.02791745823591e-143,5.44379067765269,1.55620969772767e-143,1792.3252566452,5.08371701289768,830,56784_c,AIH,local,68
ERBB3,1.11253692925367e-308,2.42278824045785,1.11253692925374e-308,1790.04790437585,5.39678054587843,18043,56784_c,AIH,local,69
CD74,1.11253692925367e-308,2.40159543895929,1.11253692925374e-308,1774.38985829618,6.90111057308898,51040,56784_c,AIH,local,70
HLA-B,1.11253692925367e-308,2.37583680542639,1.11253692925374e-308,1755.35840222207,6.18567469233396,46222,56784_c,AIH,local,71
CD19,2.63802582664382e-202,3.74810480407106,4.30235971727318e-202,1739.69093299604,5.10940896948599,1480,56784_c,AIH,local,72
CPA3,2.37408328293334e-123,6.12658697848621,3.43023440119646e-123,1729.86238845123,5.02878603101963,684,56784_c,AIH,local,73
CCR2,1.11253692925367e-308,2.32223093725699,1.11253692925374e-308,1715.75235230961,5.23475528775198,5628,56784_c,AIH,local,74
NT5E,1.11253692925367e-308,2.27447494489672,1.11253692925374e-308,1680.46841266586,5.09316024624874,18328,56784_c,AIH,local,75
LTB,1.11253692925367e-308,2.24920858544273,1.11253692925374e-308,1661.80066736458,5.41840616096572,7229,56784_c,AIH,local,76
MKI67,1.11253692925367e-308,2.19616723158181,1.11253692925374e-308,1622.6117020483,5.33469170817788,5949,56784_c,AIH,local,77
LUM,1.11253692925367e-308,2.1921592202643,1.11253692925374e-308,1619.65043117047,5.60916572078461,11896,56784_c,AIH,local,78
CDK1,1.11253692925367e-308,2.18223248299634,1.11253692925374e-308,1612.31618092644,5.01700981373056,4265,56784_c,AIH,local,79
EGFR,1.11253692925367e-308,2.17308391178658,1.11253692925374e-308,1605.55686930003,5.01766947644092,15727,56784_c,AIH,local,80
CCL4,1.11253692925367e-308,2.15455422341332,1.11253692925374e-308,1591.86643227074,5.18308121689542,8441,56784_c,AIH,local,81
S100A9,1.11253692925367e-308,2.14336121572152,1.11253692925374e-308,1583.59661337869,5.38579971024277,12035,56784_c,AIH,local,82
CXCL14,1.11253692925367e-308,2.14288935409836,1.11253692925374e-308,1583.24798410289,5.35808416013245,11476,56784_c,AIH,local,83
PLA2G7,1.11253692925367e-308,2.13308183518522,1.11253692925374e-308,1576.00181690411,5.47880417691692,15073,56784_c,AIH,local,84
LAMP1,1.11253692925367e-308,2.11372502773337,1.11253692925374e-308,1561.70027290783,5.89201666795889,39352,56784_c,AIH,local,85
CCL14,1.11253692925367e-308,2.10486119352564,1.11253692925374e-308,1555.15133578516,5.22275892864687,15280,56784_c,AIH,local,86
SLC1A3,1.11253692925367e-308,2.0842820048168,1.11253692925374e-308,1539.94665012306,4.92325649325629,5071,56784_c,AIH,local,87
RORC,1.11253692925367e-308,2.06833098088948,1.11253692925374e-308,1528.16142825474,4.79825490019089,12970,56784_c,AIH,local,88
GZMB,2.44930365410867e-203,3.26839337468699,4.04667560244041e-203,1524.80019502814,5.16272627132599,1724,56784_c,AIH,local,89
GNLY,3.15193264390721e-119,5.56339854493118,4.46915822643559e-119,1518.02675871235,5.34490402238912,724,56784_c,AIH,local,90
CEACAM1,1.11253692925367e-308,2.02345698493111,1.11253692925374e-308,1495.00681693341,4.86483223383968,15235,56784_c,AIH,local,91
CCL3,1.15539729507561e-220,2.94125594282932,2.02327636925682e-220,1489.52341195288,4.79304238549446,2070,56784_c,AIH,local,92
IQGAP2,1.11253692925367e-308,2.01593928934144,1.11253692925374e-308,1489.45245811191,5.58460798971973,31886,56784_c,AIH,local,93
PRDX4,1.11253692925367e-308,2.0118752414625,1.11253692925374e-308,1486.44978529573,5.61758007929595,29154,56784_c,AIH,local,94
ID2,1.11253692925367e-308,1.99934480138213,1.11253692925374e-308,1477.1918205953,5.26004686093362,25567,56784_c,AIH,local,95
MET,1.11253692925367e-308,1.99826852119382,1.11253692925374e-308,1476.39662394401,4.82695607260324,14209,56784_c,AIH,local,96
CCL15,1.11253692925367e-308,1.97847256590195,1.11253692925374e-308,1461.77062085649,4.51518157091944,8281,56784_c,AIH,local,97
CTSB,1.11253692925367e-308,1.97149636694016,1.11253692925374e-308,1456.61634029514,5.2356152466304,25013,56784_c,AIH,local,98
VEGFA,1.11253692925367e-308,1.94078049987885,1.11253692925374e-308,1433.92229194785,5.72516774044473,20789,56784_c,AIH,local,99
TNFRSF13C,1.98108372624551e-267,2.32242445874343,3.76405907986647e-267,1426.21613190834,5.04303974614694,3285,56784_c,AIH,local,100
ISG15,1.11253692925367e-308,1.9208501994372,1.11253692925374e-308,1419.19702956487,4.78125827137485,13912,56784_c,AIH,local,101
TNFRSF9,1.11253883762752e-308,1.96315813639207,1.11254080723269e-308,1416.75688777894,5.12881129279673,4851,56784_c,AIH,local,102
RGS5,1.11253692925367e-308,1.90878380962202,1.11253692925374e-308,1410.28192281251,5.10928793961202,8590,56784_c,AIH,local,103
GZMK,1.11253692925367e-308,1.90810484126289,1.11253692925374e-308,1409.78027521983,5.38062888105727,6972,56784_c,AIH,local,104
IL1RAP,1.11253692925367e-308,1.90541006806963,1.11253692925374e-308,1407.78927450965,4.7909048664403,13111,56784_c,AIH,local,105
ERBB2,1.11253692925367e-308,1.90136719909468,1.11253692925374e-308,1404.80224947154,5.18826118986911,19105,56784_c,AIH,local,106
ID1,1.11253692925367e-308,1.88220313743728,1.11253692925374e-308,1390.64311338351,4.62732644753601,6927,56784_c,AIH,local,107
IGFBP7,1.11253692925367e-308,1.87890357193676,1.11253692925374e-308,1388.20526916298,6.22833533441512,31958,56784_c,AIH,local,108
ESR1,1.11253692925367e-308,1.87171336503923,1.11253692925374e-308,1382.89287141644,4.46330132120852,7386,56784_c,AIH,local,109
FCGR3A,1.11253692925367e-308,1.85571237367621,1.11253692925374e-308,1371.0707317102,5.43992396370286,20380,56784_c,AIH,local,110
CDKN1A,1.11253692925367e-308,1.83754878725654,1.11253692925374e-308,1357.65078469893,4.64727024521888,8479,56784_c,AIH,local,111
G0S2,1.11253692925367e-308,1.82814950574032,1.11253692925374e-308,1350.70623878287,4.74447487441082,9132,56784_c,AIH,local,112
CD8A,1.11253692925367e-308,1.82530003545171,1.11253692925374e-308,1348.60094198742,5.69231173707002,16338,56784_c,AIH,local,113
MMP12,1.67731249404524e-87,6.71511739343338,2.18280393060682e-87,1341.73223066943,4.90856933548503,516,56784_c,AIH,local,114
FABP3,1.11253692925367e-308,1.81299274519803,1.11253692925374e-308,1339.50784884817,4.86325997321724,7282,56784_c,AIH,local,115
TMPRSS2,1.11253692925367e-308,1.81106387333292,1.11253692925374e-308,1338.08272510756,4.56792653549255,8604,56784_c,AIH,local,116
DCN,1.11253692925367e-308,1.80720257600254,1.11253692925374e-308,1335.22985209167,5.78184942229043,19217,56784_c,AIH,local,117
C1QBP,1.11253692925367e-308,1.80522190571995,1.11253692925374e-308,1333.76645771432,5.26170775368153,26940,56784_c,AIH,local,118
CD163,1.11253692925367e-308,1.8036116985362,1.11253692925374e-308,1332.5767755346,5.88532563400273,27306,56784_c,AIH,local,119
CENPV,1.11253692925367e-308,1.79362144884775,1.11253692925374e-308,1325.19559990383,4.65367831700996,11074,56784_c,AIH,local,120
KLRB1,1.11253692925367e-308,1.77950327476939,1.11253692925374e-308,1314.76455706626,5.1741373871865,9647,56784_c,AIH,local,121
VSIG4,1.11253692925367e-308,1.77872861130291,1.11253692925374e-308,1314.19220629634,5.07005202285465,9781,56784_c,AIH,local,122
CD27,1.11253692925367e-308,1.7688247103852,1.11253692925374e-308,1306.87482841459,5.10107270691165,6657,56784_c,AIH,local,123
ITGA1,1.11253692925367e-308,1.76651840440505,1.11253692925374e-308,1305.17084202499,5.46316960808822,26490,56784_c,AIH,local,124
IFIT3,1.11253692925367e-308,1.7550194442382,1.11253692925374e-308,1296.67497383253,5.0896519048239,22196,56784_c,AIH,local,125
C1QB,1.11253692925367e-308,1.73314973110356,1.11253692925374e-308,1280.51679974524,5.32289144180968,18750,56784_c,AIH,local,126
CD47,1.11253692925367e-308,1.72849555147497,1.11253692925374e-308,1277.07811519509,5.63558442730058,37640,56784_c,AIH,local,127
CLEC10A,1.11253692925367e-308,1.72220047692954,1.11253692925374e-308,1272.42707520333,5.00901956963741,7142,56784_c,AIH,local,128
CTSL,1.11253692925367e-308,1.71426104994551,1.11253692925374e-308,1266.56112522166,4.84569815537151,11130,56784_c,AIH,local,129
PTEN,1.11253692925367e-308,1.7135838726073,1.11253692925374e-308,1266.06080090321,5.72514362686596,38548,56784_c,AIH,local,130
ICAM1,1.11253692925367e-308,1.70151507247822,1.11253692925374e-308,1257.14391331946,5.13313245898477,18400,56784_c,AIH,local,131
MYD88,1.11253692925367e-308,1.69722622645632,1.11253692925374e-308,1253.97515110347,5.14141800729561,26894,56784_c,AIH,local,132
CXCL12,1.11253692925367e-308,1.69152975621565,1.11253692925374e-308,1249.76638269096,6.21633921396496,35996,56784_c,AIH,local,133
CTLA4,2.6980009073852e-256,2.11756946473468,5.00117241368964e-256,1246.12456283035,5.32167226212351,3703,56784_c,AIH,local,134
XBP1,1.11253692925367e-308,1.68369403395572,1.11253692925374e-308,1243.97705369537,6.19611364667774,38955,56784_c,AIH,local,135
IFNAR1,1.11253692925367e-308,1.68169069973245,1.11253692925374e-308,1242.49691433847,5.37621327454878,32659,56784_c,AIH,local,136
SPON2,1.11253692925367e-308,1.68064722425396,1.11253692925374e-308,1241.72595505184,4.90447340700201,15867,56784_c,AIH,local,137
CD3E,1.11253692925367e-308,1.67220665224742,1.11253692925374e-308,1235.48974010753,5.52015151457094,13175,56784_c,AIH,local,138
ITGAX,1.11253692925367e-308,1.67065349968519,1.11253692925374e-308,1234.34221204759,5.60257141201927,14957,56784_c,AIH,local,139
IL2RB,1.11253692925367e-308,1.66721735915877,1.11253692925374e-308,1231.80346101449,5.43734104706863,11658,56784_c,AIH,local,140
CCR1,1.11253692925367e-308,1.66597699527346,1.11253692925374e-308,1230.88703310036,5.17070431485122,12076,56784_c,AIH,local,141
GZMA,1.11253692925367e-308,1.66318269862239,1.11253692925374e-308,1228.82250068233,5.42993320389989,10564,56784_c,AIH,local,142
CD2,1.11253692925367e-308,1.65619332773773,1.11253692925374e-308,1223.65848820445,5.68503843498911,15758,56784_c,AIH,local,143
IL2RG,1.11253692925367e-308,1.65106118074316,1.11253692925374e-308,1219.86666322397,5.51880180768557,21096,56784_c,AIH,local,144
SELL,1.11253692925367e-308,1.64746268856208,1.11253692925374e-308,1217.20796062666,5.12698888780105,9088,56784_c,AIH,local,145
FLT1,1.11253692925367e-308,1.63754645162406,1.11253692925374e-308,1209.88146842491,5.36111260056975,8399,56784_c,AIH,local,146
NKG7,1.11253692925367e-308,1.62704102062737,1.11253692925374e-308,1202.11965729087,5.30201447838766,9522,56784_c,AIH,local,147
CD68,1.11253692925367e-308,1.62687611983744,1.11253692925374e-308,1201.99782232878,5.07947582005813,14536,56784_c,AIH,local,148
SPARC,1.11253692925367e-308,1.62389745924743,1.11253692925374e-308,1199.79707483548,5.37999279114206,12707,56784_c,AIH,local,149
AIF1,1.11253692925367e-308,1.62262992667879,1.11253692925374e-308,1198.86057366698,5.28749977247575,19498,56784_c,AIH,local,150
CCL3L1,1.91422016109204e-173,3.00721616379243,3.0563179042646e-173,1195.96358558864,4.80870712631988,1752,56784_c,AIH,local,151
CCL5,1.11253692925367e-308,1.61474538529865,1.11253692925374e-308,1193.03517525253,5.1989765742262,8698,56784_c,AIH,local,152
KLRK1,1.11253692925367e-308,1.60196381684129,1.11253692925374e-308,1183.59166737609,5.82357432974284,13246,56784_c,AIH,local,153
CD38,1.11253692925367e-308,1.60145093372916,1.11253692925374e-308,1183.21272986734,5.30921688655668,15736,56784_c,AIH,local,154
FCGR2A,1.11253692925367e-308,1.59379605071377,1.11253692925374e-308,1177.55701176903,5.09452917970303,10238,56784_c,AIH,local,155
CSF1R,1.11253692925367e-308,1.59285890273404,1.11253692925374e-308,1176.86461127393,5.52265697933009,17972,56784_c,AIH,local,156
KLRF1,2.85440189233088e-228,2.24337548031404,5.0923601835011e-228,1175.39535805759,5.35942451799205,3161,56784_c,AIH,local,157
CTSS,1.11253692925367e-308,1.58770759378049,1.11253692925374e-308,1173.0586287109,5.12211120995386,21092,56784_c,AIH,local,158
FCMR,1.11253692925367e-308,1.58305135148387,1.11253692925374e-308,1169.61842018332,5.33823118660108,10008,56784_c,AIH,local,159
MPEG1,1.11253692925367e-308,1.58065403365418,1.11253692925374e-308,1167.8471907851,5.70669656661263,24573,56784_c,AIH,local,160
CD3D,1.11253692925367e-308,1.5757080797553,1.11253692925374e-308,1164.19293233033,5.26098382127745,9809,56784_c,AIH,local,161
CMKLR1,1.11253692925367e-308,1.57526285789803,1.11253692925374e-308,1163.86398552463,5.11948431122935,11040,56784_c,AIH,local,162
TUBA1B,1.11253692925367e-308,1.573773606004,1.11253692925374e-308,1162.76366970359,5.3322768921661,26780,56784_c,AIH,local,163
LCK,1.11253692925367e-308,1.56764240114132,1.11253692925374e-308,1158.23370285281,5.21549164775003,8942,56784_c,AIH,local,164
CD28,7.89392562741025e-295,1.708771074368,1.55424442404969e-294,1157.17380603279,5.22698506395826,6352,56784_c,AIH,local,165
LILRB2,1.11253692925367e-308,1.55953399763617,1.11253692925374e-308,1152.24290660415,5.06946714260209,11036,56784_c,AIH,local,166
CD276,1.11253692925367e-308,1.55873918914148,1.11253692925374e-308,1151.65567192283,4.66958742543258,13886,56784_c,AIH,local,167
STAT3,1.11253692925367e-308,1.55568921043416,1.11253692925374e-308,1149.40223189771,5.27734167927028,30205,56784_c,AIH,local,168
IL1R1,1.11253692925367e-308,1.55497879445867,1.11253692925374e-308,1148.87734961253,5.22364316475283,23813,56784_c,AIH,local,169
IL18,1.11253692925367e-308,1.55134125293209,1.11253692925374e-308,1146.18979587671,5.29280550942412,15733,56784_c,AIH,local,170
PTPRC,1.11253692925367e-308,1.54976366612169,1.11253692925374e-308,1145.02421486688,5.37769111482502,18912,56784_c,AIH,local,171
HAVCR2,1.11253692925367e-308,1.54900286607026,1.11253692925374e-308,1144.46210691416,4.99146480501599,10727,56784_c,AIH,local,172
CD86,1.11253692925367e-308,1.53641505288563,1.11253692925374e-308,1135.16175278682,5.0721825619739,11831,56784_c,AIH,local,173
FCGR2B,1.11253692925367e-308,1.53056129139219,1.11253692925374e-308,1130.83677162707,5.29642840529584,13275,56784_c,AIH,local,174
CLEC12A,1.11253692925367e-308,1.52448530990178,1.11253692925374e-308,1126.34760589961,5.23683578122657,9663,56784_c,AIH,local,175
PAX5,2.98963451725401e-97,5.05968658394558,4.04292212297696e-97,1124.54369207602,5.04919939216441,720,56784_c,AIH,local,176
COTL1,1.11253692925367e-308,1.5035214234247,1.11253692925374e-308,1110.85869092586,5.04191945134813,13095,56784_c,AIH,local,177
CD14,1.11253692925367e-308,1.50035230541705,1.11253692925374e-308,1108.51722626395,4.7212445431168,13194,56784_c,AIH,local,178
TGFB1,1.11253692925367e-308,1.4927606258677,1.11253692925374e-308,1102.90820528511,5.30733851254281,20914,56784_c,AIH,local,179
SYK,1.11253692925367e-308,1.48843810398623,1.11253692925374e-308,1099.71456206598,5.14814813210787,11943,56784_c,AIH,local,180
CTNNB1,1.11253692925367e-308,1.48557346291094,1.11253692925374e-308,1097.59805651754,5.40732554996741,34216,56784_c,AIH,local,181
DGKA,1.11253692925367e-308,1.47978381662212,1.11253692925374e-308,1093.32044610434,5.37358175209305,10957,56784_c,AIH,local,182
CORO1A,1.11253692925367e-308,1.47605465508087,1.11253692925374e-308,1090.56520002441,5.3160661468017,13886,56784_c,AIH,local,183
CD4,1.11253692925367e-308,1.47529947583155,1.11253692925374e-308,1090.00724493363,5.38921462919979,21846,56784_c,AIH,local,184
IL10RA,1.11253692925367e-308,1.47344535549001,1.11253692925374e-308,1088.63735045568,5.58241116474681,22253,56784_c,AIH,local,185
IRF1,1.11253692925367e-308,1.47299532509086,1.11253692925374e-308,1088.30485091674,5.37569217125154,26201,56784_c,AIH,local,186
IFIT2,1.11253692925367e-308,1.46708554505271,1.11253692925374e-308,1083.93848113008,4.69452647829642,12080,56784_c,AIH,local,187
PSMB10,1.11253692925367e-308,1.46703722069632,1.11253692925374e-308,1083.90277726152,5.09543454197192,26162,56784_c,AIH,local,188
PDGFRA,4.18074541220619e-254,1.84984027226837,7.71205464387549e-254,1079.24514018253,5.19152843302302,4888,56784_c,AIH,local,189
MX1,1.11253692925367e-308,1.44839642446538,1.11253692925374e-308,1070.13024953009,4.93787106784566,17817,56784_c,AIH,local,190
AKT1,1.11253692925367e-308,1.44794873727561,1.11253692925374e-308,1069.79948124317,4.95770124756437,21926,56784_c,AIH,local,191
CENPF,3.14875769258009e-204,2.2756838921469,5.27104811973759e-204,1066.34075689955,4.87242995793424,2934,56784_c,AIH,local,192
CXCL16,7.84521813766997e-295,1.55703104676745,1.55269942308052e-294,1054.4256261167,4.63738481501914,8339,56784_c,AIH,local,193
STAT2,1.11253692925367e-308,1.41701773490757,1.11253692925374e-308,1046.94648276622,5.57716822131901,34289,56784_c,AIH,local,194
IL13RA2,2.82373569600834e-166,2.74435492499201,4.48962160871619e-166,1046.12357581033,4.98846819692862,1965,56784_c,AIH,local,195
TNFRSF1B,1.11253692925367e-308,1.40730658945835,1.11253692925374e-308,1039.77151994025,5.20077823988661,25370,56784_c,AIH,local,196
STAT6,1.11253692925367e-308,1.39859271375722,1.11253692925374e-308,1033.33337785366,5.31579914723746,30565,56784_c,AIH,local,197
CD44,1.11253692925367e-308,1.39257758540338,1.11253692925374e-308,1028.88917273307,5.10140417371885,14338,56784_c,AIH,local,198
LY6E,2.94249693175549e-288,1.55404566678577,5.76365378385096e-288,1028.87963019546,4.50574406590951,8371,56784_c,AIH,local,199
JAK3,1.11253692925367e-308,1.39156608772621,1.11253692925374e-308,1028.14183985971,5.2567943072467,13570,56784_c,AIH,local,200
ACTA2,1.11253692925367e-308,1.39110251887465,1.11253692925374e-308,1027.7993375983,5.34565805542356,29434,56784_c,AIH,local,201
TCL1A,8.55149075576136e-95,4.73248929044156,1.14421355182722e-94,1025.05471094067,5.14521272017858,756,56784_c,AIH,local,202
ID4,3.47225417375729e-163,2.7381494341368,5.49773577511571e-163,1024.27753794713,4.8937498701301,1950,56784_c,AIH,local,203
IRF8,1.11253692925367e-308,1.38519224471457,1.11253692925374e-308,1023.4326027356,5.2246587679132,21971,56784_c,AIH,local,204
NOTCH2,1.11253692925367e-308,1.37982738341802,1.11253692925374e-308,1019.46883959659,6.00202995539015,42242,56784_c,AIH,local,205
FAS,1.11253692925367e-308,1.37489416536475,1.11253692925374e-308,1015.82399086792,4.89108539995183,17347,56784_c,AIH,local,206
IFNGR1,1.11253692925367e-308,1.37055551963201,1.11253692925374e-308,1012.61843473551,5.32626273648507,28018,56784_c,AIH,local,207
SSR4,1.11253692925367e-308,1.36446598231572,1.11253692925374e-308,1008.11925344941,5.24244988510499,28546,56784_c,AIH,local,208
PLEK,5.42014693859417e-272,1.61266379978169,1.04023022053828e-271,1007.29081004649,4.89163972415746,7074,56784_c,AIH,local,209
NCEH1,2.14325882798254e-282,1.54595895570975,4.17660694683777e-282,1002.65744990847,4.84544768603552,8257,56784_c,AIH,local,210
TUBB,1.11253692925367e-308,1.35205716653927,1.11253692925374e-308,998.951149400737,4.84715691011163,17851,56784_c,AIH,local,211
KRAS,1.11253692925367e-308,1.34580178742972,1.11253692925374e-308,994.329437903574,4.88475638710298,19446,56784_c,AIH,local,212
CD80,1.81338036862273e-260,1.64024323839321,3.39450512353023e-260,980.991642879365,5.06578109841351,6561,56784_c,AIH,local,213
FKBP11,1.11253692925367e-308,1.3257534792517,1.11253692925374e-308,979.516986926193,4.93863206640582,19153,56784_c,AIH,local,214
JAK1,1.11253692925367e-308,1.3178805247494,1.11253692925374e-308,973.70014933686,5.23401810206108,30021,56784_c,AIH,local,215
ARPC5,1.11253692925367e-308,1.30266068743397,1.11253692925374e-308,962.455155888207,4.87539384970671,20642,56784_c,AIH,local,216
CXCR2,1.79599296580085e-269,1.55300703840747,3.42953430655439e-269,961.016024472911,5.07373099247629,7860,56784_c,AIH,local,217
TIGIT,1.60246833477273e-275,1.49964409678644,3.09105567113521e-275,948.883839165518,5.24924494011537,8920,56784_c,AIH,local,218
KLRD1,5.64610166133705e-253,1.6324862557037,1.03648243058361e-252,948.185667656531,5.18286067620904,6533,56784_c,AIH,local,219
RNF43,1.59675263956225e-237,1.73444013304389,2.90318661738591e-237,945.694281463968,4.42190741060624,5524,56784_c,AIH,local,220
JAK2,1.12102623087588e-308,1.30502906130673,1.12960536637777e-308,930.840701669941,5.0916325850909,19379,56784_c,AIH,local,221
TXLNA,1.11254165782843e-308,1.28255203077367,1.11254648701124e-308,924.418547981244,5.00253428093846,23655,56784_c,AIH,local,222
GPR34,2.19129226433667e-242,1.62500742819649,4.00332240599968e-242,904.220922575872,4.93417870525137,6475,56784_c,AIH,local,223
CXCL2,1.08933130121592e-130,3.01864272885634,1.62331723318451e-130,903.330340094677,4.17154353048224,1542,56784_c,AIH,local,224
TC2N,4.08709075699766e-263,1.47491916813712,7.72683824706025e-263,891.1049315671,5.34345411332786,9180,56784_c,AIH,local,225
NF1,3.63055909556293e-298,1.29257811362682,7.26111819112585e-298,885.262153625165,4.88441722371282,20298,56784_c,AIH,local,226
ATM,1.72305748352852e-296,1.26510337111542,3.42807248031852e-296,861.562073225988,5.37249223858941,31597,56784_c,AIH,local,227
CD40,7.12745118230115e-263,1.40569427291935,1.34080764815566e-262,848.499449890572,4.69155882758854,11198,56784_c,AIH,local,228
SOCS3,4.24635237216768e-200,1.84169297217308,6.89578590352017e-200,845.467757537354,4.80953647070437,4258,56784_c,AIH,local,229
CD247,4.88201780666268e-237,1.54598989682636,8.83412745967533e-237,841.215012206993,5.27564260282743,7310,56784_c,AIH,local,230
IL4R,7.45778297194989e-281,1.30406168791155,1.44589669864335e-280,841.142157207917,4.82706718908589,17744,56784_c,AIH,local,231
PRF1,3.16281011493617e-209,1.71092116870432,5.365481444981e-209,821.394131029757,5.07816540189587,5152,56784_c,AIH,local,232
CEACAM8,3.58861190521148e-220,1.59412636866719,6.19851147263802e-220,805.497635193628,4.40131903072499,6553,56784_c,AIH,local,233
FGR,3.55976790077657e-209,1.60602862580388,6.01205245464487e-209,770.846505621574,4.95503785924336,6067,56784_c,AIH,local,234
CDK12,4.84016618072564e-259,1.26557694511752,9.01599582684188e-259,752.755789069283,4.91692601422539,21045,56784_c,AIH,local,235
FASLG,1.36736438086946e-202,1.58574001172658,2.24934400316188e-202,737.066710711658,5.19394284793101,6159,56784_c,AIH,local,236
SAMD3,3.06831778545175e-212,1.50236290636302,5.25207548861111e-212,731.691164369117,5.33816389876735,7480,56784_c,AIH,local,237
S100B,4.50807812793699e-108,2.93096210899787,6.29805032579432e-108,724.455632685337,4.78668218685214,1396,56784_c,AIH,local,238
CX3CR1,1.24363641314142e-120,2.57556476272127,1.76996942694285e-120,711.093268127301,4.96824064236142,1780,56784_c,AIH,local,239
TNF,5.26186357588917e-76,4.09794938736562,6.73235070315786e-76,710.322080473061,4.50283974577505,775,56784_c,AIH,local,240
ENTPD1,4.81881869083608e-218,1.38728898249551,8.28575159510277e-218,694.186951010532,5.0839372380853,10259,56784_c,AIH,local,241
STMN1,1.64896438169752e-209,1.43354562248329,2.80989446208547e-209,689.162918937402,4.90684622360522,8917,56784_c,AIH,local,242
TP53,4.3518290117172e-236,1.2596755046591,7.83741717750017e-236,682.667895178353,4.90617649770429,19784,56784_c,AIH,local,243
TCF7,6.76089663039293e-190,1.55560340452624,1.09325137002099e-189,677.589749844086,4.92768352918633,6348,56784_c,AIH,local,244
VSIR,5.4575978666436e-228,1.28968167542137,9.6910616323578e-228,674.880609444173,5.03962538707031,15736,56784_c,AIH,local,245
PLD4,6.11035988416661e-106,2.77207699142578,8.50526284242971e-106,671.574555014434,5.00967903615894,1488,56784_c,AIH,local,246
ARPC3,4.56716115782184e-230,1.25673296426988,8.18642094326556e-230,663.650114141812,4.89633622756277,19639,56784_c,AIH,local,247
ARID1A,1.50088230898043e-227,1.25513238422529,2.65272222052356e-227,655.53149925963,4.85984854762325,19617,56784_c,AIH,local,248
CCR4,1.18562387057619e-121,2.33425521290256,1.69374838653742e-121,649.95592047771,5.1678334663081,2069,56784_c,AIH,local,249
CXCR6,2.74625614434609e-179,1.56545866337528,4.42193785954031e-179,643.642232235168,5.18542741217738,5934,56784_c,AIH,local,250
RGS1,3.01767197969244e-141,1.98871402587383,4.55045774715527e-141,643.468334962669,4.92479959134469,2975,56784_c,AIH,local,251
NOTCH1,1.4663349191685e-220,1.2356551748582,2.55599664809188e-220,625.471294023929,5.20285373505156,22412,56784_c,AIH,local,252
CD8B,4.10376637157853e-178,1.52291684790239,6.57987857046346e-178,622.032708284102,5.12157982359345,6425,56784_c,AIH,local,253
CCL28,2.04759584669255e-124,2.11780797848824,2.96979550283652e-124,603.159940347211,4.79919721294,2506,56784_c,AIH,local,254
CDKN1B,2.22529610634423e-206,1.23959685936312,3.74164832040181e-206,586.989572319211,4.89000850630521,19997,56784_c,AIH,local,255
IRF2,7.45078327083205e-204,1.23763642311313,1.23637451655728e-203,578.866119448515,4.88208761144354,20015,56784_c,AIH,local,256
GLIPR2,7.46483322561376e-159,1.55051978566163,1.17216389493109e-158,564.545535768144,4.81613254677227,5682,56784_c,AIH,local,257
CCR5,1.45766537016798e-145,1.65298167663454,2.22454956089892e-145,551.266087144574,4.89113330669256,4528,56784_c,AIH,local,258
GZMH,7.48501584702202e-123,1.94996782083762,1.07332302712014e-122,548.3408244979,5.02229261196006,2840,56784_c,AIH,local,259
LILRB4,5.28978877432985e-130,1.71603153673139,7.85203021189586e-130,510.811594502921,4.66835485130016,3859,56784_c,AIH,local,260
CD274,1.402336992967e-134,1.65399853683973,2.09798447766716e-134,509.776014944982,4.73616128928513,4321,56784_c,AIH,local,261
ZNF683,4.06459059315289e-76,2.8959940860301,5.21805549120979e-76,502.727643482882,5.1594096313435,1174,56784_c,AIH,local,262
JUN,1.44162842586164e-145,1.47011229839889,2.20894678156219e-145,490.295778316567,4.515132386172,6498,56784_c,AIH,local,263
FCER2,3.3798797074161e-55,3.8703468925434,4.11652015646833e-55,485.435704550243,5.08462698484919,700,56784_c,AIH,local,264
NELL2,8.90946486324399e-99,2.14412098883244,1.213475501087e-98,484.075644202558,5.19658636062545,2123,56784_c,AIH,local,265
IL2RA,7.96162570577994e-106,1.95228679083994,1.10416706868481e-105,472.452205936393,4.91086895307997,2625,56784_c,AIH,local,266
ICOSLG,6.63591752889085e-154,1.33070324679217,1.03771549834507e-153,469.346496897936,4.68338657118675,9927,56784_c,AIH,local,267
RUNX3,3.9216694610163e-144,1.39073321127412,5.96093758074477e-144,459.228083532051,4.98259420715008,7739,56784_c,AIH,local,268
STAT5B,2.3263894711495e-162,1.21336595057323,3.66816597110709e-162,451.583826637328,4.88836642994294,19264,56784_c,AIH,local,269
FCGR1A,2.05788622575525e-125,1.54662340751885,3.00767986841152e-125,444.037834150054,4.77173976157696,4961,56784_c,AIH,local,270
HIF1A,1.7178077729504e-149,1.29252983480957,2.66435491314756e-149,442.748507671895,4.68988069480869,11302,56784_c,AIH,local,271
CXCR4,1.54452664529978e-98,1.95233766282986,2.09614330433542e-98,439.702797375864,4.94210187875356,2504,56784_c,AIH,local,272
ITGAM,4.08546666674804e-123,1.55900818098517,5.88059595971308e-123,439.344922501996,4.9694327304382,4817,56784_c,AIH,local,273
FCRL3,6.53305695520741e-109,1.76307346958263,9.16074407003254e-109,439.190240619447,5.16791188554417,3277,56784_c,AIH,local,274
LAG3,4.12892703017732e-126,1.51648770648144,6.05788521802078e-126,437.82168409937,4.84396042256754,5292,56784_c,AIH,local,275
CSF1,1.28992325616792e-145,1.26593308710497,1.98449731718141e-145,422.340920293582,4.90299524068049,12550,56784_c,AIH,local,276
EOMES,1.02449718595993e-115,1.58329478753037,1.44188492838806e-115,419.213843383466,5.01709271741524,4440,56784_c,AIH,local,277
PDCD1LG2,9.52359051704993e-130,1.40758872884694,1.40815735271555e-129,418.16968316415,4.86262684872359,6964,56784_c,AIH,local,278
SMAD3,2.86479204810928e-146,1.23906262544275,4.4252885295997e-146,415.24077290748,4.81519213869162,14645,56784_c,AIH,local,279
TRAT1,3.66978187296112e-116,1.5617498732959,5.18407848224991e-116,415.112708021553,5.07936752211044,4623,56784_c,AIH,local,280
ANXA1,3.94088959901102e-127,1.40805099838502,5.80441103730305e-127,409.822959090688,4.84088477860481,6854,56784_c,AIH,local,281
CCL13,6.89322078194423e-51,3.51593493361076,8.36876644453293e-51,406.095060151322,4.78160338131065,742,56784_c,AIH,local,282
SOX17,5.82431439480717e-62,2.70348060179258,7.13948216137653e-62,381.185991786294,5.09953119940047,1158,56784_c,AIH,local,283
RB1,2.85253086846175e-135,1.21767300552295,4.28443371547614e-135,377.236048028335,4.77953518719003,15710,56784_c,AIH,local,284
LIF,3.70000157171725e-95,1.67538716275879,4.96819999029172e-95,364.291578344045,4.47016110755851,3499,56784_c,AIH,local,285
CEACAM6,1.21208799600426e-28,5.58316638842374,1.40854262532605e-28,358.886148249471,4.84636876587296,336,56784_c,AIH,local,286
P2RX1,1.00390954704477e-71,2.1781396433281,1.26319744330137e-71,356.081484059539,5.07517427139328,1727,56784_c,AIH,local,287
ORC6,8.3150748912109e-97,1.60329481588231,1.12047108463126e-96,354.701215202296,4.62815521490702,3938,56784_c,AIH,local,288
FEZ1,1.64661350273405e-99,1.54102264772741,2.25076665841345e-99,350.516701905483,4.97047026785361,4429,56784_c,AIH,local,289
KIT,3.82577417276375e-67,2.22446257576834,4.75096139101381e-67,340.190265796323,5.00293112297884,1632,56784_c,AIH,local,290
CDKN2C,2.41139664567843e-93,1.52664930608946,3.20395358516714e-93,325.573547869302,4.59314577488011,4421,56784_c,AIH,local,291
UBE2C,7.8431430394077e-76,1.87560274944681,1.0001323338842e-75,324.360788981382,4.70651103247833,2379,56784_c,AIH,local,292
PTGS1,9.129089767159e-86,1.64977735652265,1.17995037806817e-85,323.044309798872,4.84246763098905,3355,56784_c,AIH,local,293
FOXP3,5.76619134497162e-70,1.96503923276198,7.23152709930435e-70,313.28413122418,4.69664483624299,2076,56784_c,AIH,local,294
IL10,4.39692389583464e-64,2.13836746847172,5.44244651601682e-64,311.954756135018,4.75852280662444,1682,56784_c,AIH,local,295
GATA2,1.6596773534598e-42,3.19634519702879,1.9647270850926e-42,307.494643025297,4.93839495976758,754,56784_c,AIH,local,296
CDK2,1.37333149056704e-100,1.29975802917838,1.88399265853962e-100,298.868011618522,4.61133185658102,8491,56784_c,AIH,local,297
SOCS2,5.58390540126611e-94,1.38989169229833,7.44520720168815e-94,298.441867174276,4.66471818179874,6083,56784_c,AIH,local,298
CDK4,7.00331681144612e-103,1.24429597782531,9.6422477838751e-103,292.683151473677,4.60069077409458,10983,56784_c,AIH,local,299
LILRA5,3.24086238601168e-73,1.73780411894163,4.1050923556148e-73,290.061877031902,4.69300798554978,2711,56784_c,AIH,local,300
TOX,2.17771764740279e-90,1.39371858986888,2.87337745143424e-90,287.739308748188,5.0897483747853,5771,56784_c,AIH,local,301
KMT2C,4.85041359419846e-104,1.17408292064938,6.70238969380151e-104,279.302334378991,4.80359015198375,17935,56784_c,AIH,local,302
ITGAE,1.22549175931099e-86,1.38795229859619,1.589374977946e-86,274.563302164602,5.08212440616631,5720,56784_c,AIH,local,303
GPR171,1.71267894212082e-81,1.46149098518813,2.20616270510479e-81,271.795427786452,5.05211364729628,4582,56784_c,AIH,local,304
CCL11,1.95369244602803e-21,5.47874183997837,2.20297664537285e-21,261.251425817668,4.94919054219069,291,56784_c,AIH,local,305
MCEMP1,5.96677553301813e-22,5.20735507724987,6.74813899567527e-22,254.486907474812,4.94658156160877,309,56784_c,AIH,local,306
BCL2,4.96189226845139e-90,1.22529255665852,6.52428741180459e-90,251.957975895355,4.96428757971397,10936,56784_c,AIH,local,307
MIS18BP1,3.05604338380233e-92,1.18518232947984,4.04632921897173e-92,249.742458970241,4.86137364104081,14574,56784_c,AIH,local,308
TBX21,1.75342075339302e-68,1.59459230024238,2.18458979111262e-68,248.779070316461,4.95763860512557,3218,56784_c,AIH,local,309
CD1A,9.43062325522757e-24,4.67581571276166,1.06974233939895e-23,247.902771732915,4.69087019626666,359,56784_c,AIH,local,310
CDK6,2.31323052806138e-89,1.2128883769339,3.02071340434132e-89,247.540121134343,4.68879729479146,11802,56784_c,AIH,local,311
CST7,5.36824413730205e-72,1.49359245800952,6.77718528961721e-72,245.106925036924,4.94948000269337,3999,56784_c,AIH,local,312
CD40LG,5.49147565051492e-49,2.14613138422155,6.5621407144518e-49,238.485571960025,5.08050571219868,1439,56784_c,AIH,local,313
SOS1,2.26662644048754e-89,1.15628841775987,2.97006223236298e-89,236.012087951704,4.85369272813037,18702,56784_c,AIH,local,314
NCAM1,1.0354849492568e-48,2.02154397729111,1.23349304300183e-48,223.358806323636,4.98815584140362,1594,56784_c,AIH,local,315
CCR6,1.8405312089936e-39,2.49562030436419,2.16533083411011e-39,222.586282589101,4.79370228051118,1016,56784_c,AIH,local,316
ACE2,7.9243543150717e-51,1.88635948643343,9.58998292906766e-51,217.614012364293,4.38209667708105,1909,56784_c,AIH,local,317
DUSP2,1.17839227489856e-49,1.88889751808106,1.41258379956294e-49,212.807951624804,4.75648264424684,1833,56784_c,AIH,local,318
FHIT,4.18223674886433e-69,1.33970372258085,5.22779593608041e-69,210.933035629335,4.44524461070115,5861,56784_c,AIH,local,319
PIK3CA,1.44093959738172e-73,1.18453456181114,1.83129447158881e-73,198.674183538499,4.67529599971972,12406,56784_c,AIH,local,320
CXCR1,1.97404703636341e-24,3.52073858165955,2.24592177789849e-24,192.168799982396,5.32854437479216,488,56784_c,AIH,local,321
EPOR,1.05253084206924e-63,1.2900620662111,1.29857701294257e-63,187.074045941322,4.54911703130604,6621,56784_c,AIH,local,322
STAT4,2.54392829081947e-63,1.23900239638732,3.12845550327313e-63,178.576363975253,4.7903494114188,8137,56784_c,AIH,local,323
FADD,1.40233749211896e-61,1.22448649362244,1.71346703217108e-61,171.574496701432,4.55696966379011,8640,56784_c,AIH,local,324
CXCL5,6.08491537992163e-25,2.89099425608987,7.00687225566733e-25,161.198412459897,4.81939814227055,639,56784_c,AIH,local,325
GATA3,3.1937113401153e-46,1.32813458469843,3.79253221638692e-46,139.132365034588,4.91504257317889,4713,56784_c,AIH,local,326
IL15,9.42408558120299e-51,1.19939848626858,1.13687381614512e-50,138.156997734378,4.72979659087612,8667,56784_c,AIH,local,327
MS4A2,3.01265381668492e-19,3.20240990781053,3.3770160776999e-19,136.570918952057,4.94375182686997,481,56784_c,AIH,local,328
JUNB,6.46336329998225e-41,1.3990785352831,7.62757159625234e-41,129.470502397539,4.4828867915584,3624,56784_c,AIH,local,329
BRAF,8.11443988431636e-50,1.13320396997468,9.75787074696271e-50,128.092401403746,4.74022954997972,14471,56784_c,AIH,local,330
FGF2,8.62647075428365e-28,1.95761948441725,9.96370482257686e-28,121.994044489076,4.63310543290769,1249,56784_c,AIH,local,331
CD79B,6.35245870883003e-25,2.03429587567236,7.29285289835472e-25,113.342392425972,4.86485138031829,1090,56784_c,AIH,local,332
IL6,2.89449498401072e-18,2.73744578890007,3.23502380565903e-18,110.548247052598,4.80735324112191,577,56784_c,AIH,local,333
KLRC1,7.69809598258484e-28,1.72517459067722,8.91852583348243e-28,107.70508146851,4.94729980264174,1606,56784_c,AIH,local,334
SOCS1,1.00592705138161e-28,1.64093071252179,1.17255300467795e-28,105.78501555295,4.6193445969707,1845,56784_c,AIH,local,335
CTSW,8.52987530152889e-30,1.41901814874786,1.0004174736361e-29,94.9805296169201,4.98004557236474,2815,56784_c,AIH,local,336
CXCR3,8.11717990661654e-25,1.63401816801176,9.2907480858864e-25,90.6400409584758,4.87589204861306,1702,56784_c,AIH,local,337
IL1A,3.28597847166025e-13,3.06362942601186,3.61933860646636e-13,88.0607857368774,4.75435374678429,417,56784_c,AIH,local,338
IRF5,3.9000777409124e-29,1.19642204705217,4.5600908970668e-29,78.2627173412665,4.79678577019476,6189,56784_c,AIH,local,339
IL12B,2.85693085525612e-11,2.98139111183965,3.11069835242787e-11,72.3842649139803,4.79985496772253,391,56784_c,AIH,local,340
IL4,8.29734622950174e-18,1.80259762854154,9.24630958126293e-18,70.8972389734548,4.46206841980373,1154,56784_c,AIH,local,341
CDKN2B,9.10628895166667e-20,1.60999443396578,1.02378396498028e-19,70.5865618820841,4.51390891480723,1578,56784_c,AIH,local,342
GPR183,6.77898522972991e-16,1.86158644989224,7.53220581081101e-16,65.0206241496701,4.78869855018512,994,56784_c,AIH,local,343
AREG,3.20026215393085e-08,3.73693694978912,3.43530965676193e-08,64.4899951440718,4.66870585917887,246,56784_c,AIH,local,344
IL15RA,1.33844542863367e-24,1.17117116941232,1.52735514378617e-24,64.379903907841,4.58676780995206,6523,56784_c,AIH,local,345
IL22RA2,1.26024449749745e-09,3.03183975155993,1.36436726224795e-09,62.1283391857391,4.73735799121672,343,56784_c,AIH,local,346
CFC1,2.62045097153084e-11,2.23914825421419,2.86141198040724e-11,54.5570478269125,4.83259244882728,598,56784_c,AIH,local,347
HPGDS,1.62841907540082e-14,1.67270842628546,1.79883502515207e-14,53.1061200488012,4.66965384569127,1192,56784_c,AIH,local,348
CD37,9.69161268917397e-15,1.34234825805753,1.07370636206592e-14,43.314243296648,4.8412287383955,2307,56784_c,AIH,local,349
BATF3,2.31839447459697e-11,1.59058159688873,2.53887579350677e-11,38.9494640600375,4.69206144870428,1169,56784_c,AIH,local,350
CDX1,2.31682494085235e-05,3.54896629155326,2.40544665990135e-05,37.877151118088,4.74907780394488,200,56784_c,AIH,local,351
IL2,1.83220034873926e-10,1.68480121853216,1.98924609291691e-10,37.7738048789045,4.89084603340421,966,56784_c,AIH,local,352
EGF,3.83943184417816e-06,2.87189493303783,4.03034281985552e-06,35.8130644456692,4.73749038237442,281,56784_c,AIH,local,353
CCL7,9.08730478437535e-07,2.4027435932715,9.59215505017398e-07,33.4250882184046,4.77239987200958,391,56784_c,AIH,local,354
PGA5,1.98037125742306e-07,2.14939286806102,2.10795820117861e-07,33.1754733712463,4.63708620776513,492,56784_c,AIH,local,355
IRF3,1.31933483782115e-12,1.16404035550716,1.44898045772265e-12,31.8410358177199,4.46067349537598,4538,56784_c,AIH,local,356
MUC5AC,1.56332513515124e-07,1.89365614572317,1.66871784089178e-07,29.6760168218557,4.75900298275229,625,56784_c,AIH,local,357
PDCD1,5.24448787525277e-09,1.53591348056616,5.66166304714787e-09,29.2838619501361,4.82317916395688,1104,56784_c,AIH,local,358
IL22RA1,3.8752978788292e-07,1.92118517433522,4.11344467585222e-07,28.3633656782106,4.09123431018527,597,56784_c,AIH,local,359
IL12RB2,2.74702083401766e-08,1.58615633084607,2.95713290914083e-08,27.6152414572339,4.90644176158496,964,56784_c,AIH,local,360
IFNB1,2.37729177569297e-05,2.40622059908515,2.46150102115348e-05,25.6189429745907,4.80066654890876,334,56784_c,AIH,local,361
CDKN2D,1.17780636281063e-07,1.37960342894018,1.26075047286772e-07,22.0108028309252,4.62614413635842,1415,56784_c,AIH,local,362
DMBT1,0.000236292786145481,2.53214281367596,0.000242679077662926,21.1445038582849,4.75909063440069,259,56784_c,AIH,local,363
FOS,9.90870635657299e-05,2.06100057201721,0.000102318163464612,19.0014188139339,4.31730486809572,391,56784_c,AIH,local,364
IL23A,1.16355036916062e-05,1.44062685109493,1.21469544033252e-05,16.367609175391,4.60612479094489,994,56784_c,AIH,local,365
NOD1,6.03202136949745e-07,1.1062066030965,6.38486941618115e-07,15.8419996719223,4.67266535403091,4870,56784_c,AIH,local,366
CDKN2A,5.63753386375744e-06,1.29595681937473,5.90155060117859e-06,15.6630168609831,4.50823713431405,1537,56784_c,AIH,local,367
FLT3LG,2.4317381829001e-06,1.20490599473736,2.55972440305274e-06,15.5757044298997,4.66254395195527,2301,56784_c,AIH,local,368
CDKN1C,0.000169908768902092,1.65477937949615,0.000174973799953374,14.3638969191964,4.69771300269971,592,56784_c,AIH,local,369
NOSIP,1.45073378290664e-05,1.24716180237712,1.51035297946445e-05,13.8944500232482,4.44259385353401,1752,56784_c,AIH,local,370
EPO,0.000455872321659334,1.63648852571149,0.000466931218950261,12.5899935484259,4.27083863197712,566,56784_c,AIH,local,371
ERBB4,0.00540498811445075,1.7228167482187,0.00552122441798732,8.99384945167136,4.89813280031897,390,56784_c,AIH,local,372
IFNL1,0.0762611021472516,2.54046232837694,0.0772779168425483,6.53811421603055,4.79829029749018,115,56784_c,AIH,local,373
CCL26,0.0450190856822555,1.60265579649518,0.0458639478800459,4.96930474977549,4.72295921883101,328,56784_c,AIH,local,374
CCR3,0.0740820790637089,1.49753466105525,0.0752705616155332,3.8974561900504,4.95869499855393,336,56784_c,AIH,local,375
REG4,0.119489496912146,1.50977864837352,0.120760661772914,3.20756520570358,4.626657136699,305,56784_c,AIH,local,376
IL5,0.171333710122083,1.33965192104161,0.172697108345866,2.36333635732977,4.79256555834165,380,56784_c,AIH,local,377
AIRE,0.23905617861584,1.48732544556859,0.240321026121744,2.12844704054376,4.57877739100038,242,56784_c,AIH,local,378
IL13,0.463238147461539,1.19111050611865,0.464460411702863,0.916576209724255,4.71211447512789,319,56784_c,AIH,local,379
CDX2,1,0.986862771066314,1,0,4.68939878072495,297,56784_c,AIH,local,380
