lr_id,source,target,18321_a,24774_d,54023_b,56784_c,comparability,n_ir_tested,n_aih_tested,n_ir_notNA,n_aih_notNA,irHep_mean,AIH_mean,irHep_min,irHep_max,AIH_min,AIH_max,log2FC,is_strict_eligible,coherent_strict_irHep,coherent_strict_AIH,coherent_strict,enriched_strict,enriched_presence
IL15-IL15RA_IL2RB_IL2RG,Hepatocyte 4,Hepatocyte 4,0,0,1.06652308915552e-05,8.19355059856441e-07,all4,2,2,2,2,0,5.74229297570583e-06,0,0,8.19355059856441e-07,1.06652308915552e-05,-6.95251292788527,TRUE,FALSE,TRUE,TRUE,AIH,
IL15-IL15RA_IL2RB_IL2RG,Hepatocyte 1,Hepatocyte 4,0,0,5.18915383931014e-06,3.23020512193253e-07,all4,2,2,2,2,0,2.75608717575169e-06,0,0,3.23020512193253e-07,5.18915383931014e-06,-5.90607341143775,TRUE,FALSE,TRUE,TRUE,AIH,
IL15-IL15RA_IL2RB_IL2RG,Macrophage 1,Sinusoidal endothelial cell,5.43129595357026e-08,0,5.0085957384728e-06,3.26931727435316e-06,all4,2,2,2,2,2.71564797678513e-08,4.13895650641298e-06,0,5.43129595357026e-08,3.26931727435316e-06,5.0085957384728e-06,-5.82381330940078,TRUE,FALSE,TRUE,TRUE,AIH,
CCL5-CCR1,IgG+ B cell,IgG+ plasmablast / plasma cell,1.59062171723142e-07,0,7.22419019869602e-06,6.56587943703925e-06,all4,2,2,2,2,7.95310858615712e-08,6.89503481786764e-06,0,1.59062171723142e-07,6.56587943703925e-06,7.22419019869602e-06,-5.78070544446426,TRUE,FALSE,TRUE,TRUE,AIH,
VEGFA-FLT1,IgG+ B cell,Hepatocyte 4,4.94529356341688e-06,1.04487829899298e-05,5.82122132828213e-08,1.82699023260841e-07,all4,2,2,2,2,7.69703827667336e-06,1.20455618271831e-07,4.94529356341688e-06,1.04487829899298e-05,5.82122132828213e-08,1.82699023260841e-07,5.53342652226852,TRUE,TRUE,FALSE,TRUE,irHepatitis,
IL15-IL15RA_IL2RB_IL2RG,Macrophage 1,Hepatocyte 4,0,0,3.07287317653958e-06,6.08553387440417e-07,all4,2,2,2,2,0,1.84071328199e-06,0,0,6.08553387440417e-07,3.07287317653958e-06,-5.33563162179255,TRUE,FALSE,TRUE,TRUE,AIH,
IL15-IL15RA_IL2RB_IL2RG,IgG+ plasmablast / plasma cell,IgG+ plasmablast / plasma cell,0,0,2.1257755281688e-06,1.26768540211098e-06,all4,2,2,2,2,0,1.69673046513989e-06,0,0,1.26768540211098e-06,2.1257755281688e-06,-5.22115262729267,TRUE,FALSE,TRUE,TRUE,AIH,
IL15-IL15RA_IL2RB_IL2RG,CD8+ T cell 1,Sinusoidal endothelial cell,1.19312024321327e-08,0,2.03693692411876e-06,1.42760039236759e-06,all4,2,2,2,2,5.96560121606634e-09,1.73226865824318e-06,0,1.19312024321327e-08,1.42760039236759e-06,2.03693692411876e-06,-5.07696657578586,TRUE,FALSE,TRUE,TRUE,AIH,
IL15-IL15RA_IL2RB_IL2RG,Stellate cell,Sinusoidal endothelial cell,4.35281404607872e-08,0,2.32018006104937e-06,1.99807608699604e-06,all4,2,2,2,2,2.17640702303936e-08,2.1591280740227e-06,0,4.35281404607872e-08,1.99807608699604e-06,2.32018006104937e-06,-5.00900772385225,TRUE,FALSE,TRUE,TRUE,AIH,
CCL5-CCR1,Cholangiocyte,CD8+ T cell 2,5.30038670166387e-05,1.97439656211768e-05,1.10465625380786e-06,1.13332456789169e-06,all4,2,2,2,2,3.63739163189078e-05,1.11899041084978e-06,1.97439656211768e-05,5.30038670166387e-05,1.10465625380786e-06,1.13332456789169e-06,4.96545051977615,TRUE,TRUE,FALSE,TRUE,irHepatitis,
IL15-IL15RA_IL2RB_IL2RG,Sinusoidal endothelial cell,Hepatocyte 1,1.05520120851438e-08,0,2.66674684854215e-06,4.46097712794867e-07,all4,2,2,2,2,5.27600604257188e-09,1.55642228066851e-06,0,1.05520120851438e-08,4.46097712794867e-07,2.66674684854215e-06,-4.94581410494659,TRUE,FALSE,TRUE,TRUE,AIH,
CCL15-CCR1,Vascular endothelial cell,CD8+ T cell 3,1.69695459045638e-05,3.29897405042097e-06,3.95919295992946e-07,1.96578675223345e-07,all4,2,2,2,2,1.01342599774924e-05,2.96248985608146e-07,3.29897405042097e-06,1.69695459045638e-05,1.96578675223345e-07,3.95919295992946e-07,4.8915721626162,TRUE,TRUE,FALSE,TRUE,irHepatitis,
CSF1-CSF1R,CD8+ T cell 2,Hepatocyte 4,7.38516702727417e-08,1.62725177327304e-06,3.83372201256177e-05,1.35926994926342e-05,all4,2,2,2,2,8.50551721772889e-07,2.59649598091259e-05,7.38516702727417e-08,1.62725177327304e-06,1.35926994926342e-05,3.83372201256177e-05,-4.8574393672788,TRUE,FALSE,TRUE,TRUE,AIH,
VEGFA-FLT1,IgG+ B cell,CD8+ T cell 2,1.9106398384637e-05,5.09529659041547e-06,5.53835226291637e-07,2.38730569963111e-07,all4,2,2,2,2,1.21008474875262e-05,3.96282898127374e-07,5.09529659041547e-06,1.9106398384637e-05,2.38730569963111e-07,5.53835226291637e-07,4.77714393478948,TRUE,TRUE,FALSE,TRUE,irHepatitis,
CCL16-CCR1,Vascular endothelial cell,CD8+ T cell 2,1.92810633666119e-05,5.5139419612818e-06,4.55035026269309e-07,4.08154142711378e-07,all4,2,2,2,2,1.23975026639468e-05,4.31594584490343e-07,5.5139419612818e-06,1.92810633666119e-05,4.08154142711378e-07,4.55035026269309e-07,4.70131376953765,TRUE,TRUE,FALSE,TRUE,irHepatitis,
IL15-IL15RA_IL2RB_IL2RG,Hepatocyte 4,Hepatocyte 1,9.08185574938893e-09,4.56416837749517e-08,3.19630095178026e-06,4.28245144381054e-07,all4,2,2,2,2,2.73617697621703e-08,1.81227304808066e-06,9.08185574938893e-09,4.56416837749517e-08,4.28245144381054e-07,3.19630095178026e-06,-4.64888026278077,TRUE,FALSE,TRUE,TRUE,AIH,
CCL16-CCR1,IgG+ plasmablast / plasma cell,Sinusoidal endothelial cell,1.0391852693742e-07,5.16039534263187e-09,2.71509583095536e-06,1.92065274829196e-06,all4,2,2,2,2,5.4539461140026e-08,2.31787428962366e-06,5.16039534263187e-09,1.0391852693742e-07,1.92065274829196e-06,2.71509583095536e-06,-4.54518781549566,TRUE,FALSE,TRUE,TRUE,AIH,
CCL5-CCR1,Hepatocyte 3,IgG+ plasmablast / plasma cell,1.14968578186475e-08,0,1.61404148170095e-06,7.22309150384044e-07,all4,2,2,2,2,5.74842890932375e-09,1.16817531604249e-06,0,1.14968578186475e-08,7.22309150384044e-07,1.61404148170095e-06,-4.5327057431972,TRUE,FALSE,TRUE,TRUE,AIH,
IL15-IL15RA_IL2RB_IL2RG,Vascular endothelial cell,Vascular endothelial cell,0,0,1.36798105167615e-06,6.57199991103043e-07,all4,2,2,2,2,0,1.0125905213896e-06,0,0,6.57199991103043e-07,1.36798105167615e-06,-4.50234363494878,TRUE,FALSE,TRUE,TRUE,AIH,
IL15-IL15RA_IL2RB_IL2RG,CD8+ T cell 2,Sinusoidal endothelial cell,9.47928068715704e-10,0,1.5121162128982e-06,5.27983183998561e-07,all4,2,2,2,2,4.73964034357852e-10,1.02004969844838e-06,0,9.47928068715704e-10,5.27983183998561e-07,1.5121162128982e-06,-4.49791083556231,TRUE,FALSE,TRUE,TRUE,AIH,
IL15-IL15RA_IL2RB_IL2RG,Hepatocyte 4,Sinusoidal endothelial cell,3.56260277797083e-08,0,1.45711773771626e-06,1.28013274858571e-06,all4,2,2,2,2,1.78130138898541e-08,1.36862524315098e-06,0,3.56260277797083e-08,1.28013274858571e-06,1.45711773771626e-06,-4.45454062692749,TRUE,FALSE,TRUE,TRUE,AIH,
VEGFA-FLT1,IgG+ B cell,IgM+ B cell,9.11157041873358e-05,2.57078826118266e-05,2.2673299320988e-06,3.0207430065688e-06,all4,2,2,2,2,5.84117933995812e-05,2.6440364693338e-06,2.57078826118266e-05,9.11157041873358e-05,2.2673299320988e-06,3.0207430065688e-06,4.44131905125486,TRUE,TRUE,FALSE,TRUE,irHepatitis,
CCL5-CCR1,Cholangiocyte,CD8+ T cell 3,0.000143881636373219,3.77652166500569e-05,5.45840170084185e-06,3.00895734772629e-06,all4,2,2,2,2,9.0823426511638e-05,4.23367952428407e-06,3.77652166500569e-05,0.000143881636373219,3.00895734772629e-06,5.45840170084185e-06,4.40798253224231,TRUE,TRUE,FALSE,TRUE,irHepatitis,
CCL5-CCR1,CD4+ T cell,CD8+ T cell 2,6.35357497199444e-05,2.54313915095163e-05,1.97487878859451e-06,2.24003241763824e-06,all4,2,2,2,2,4.44835706147303e-05,2.10745560311638e-06,2.54313915095163e-05,6.35357497199444e-05,1.97487878859451e-06,2.24003241763824e-06,4.36956635153862,TRUE,TRUE,FALSE,TRUE,irHepatitis,
IL15-IL15RA_IL2RB_IL2RG,CD8+ T cell 2,Hepatocyte 4,0,0,1.5420308273654e-06,2.32530045258377e-07,all4,2,2,2,2,0,8.87280436311891e-07,0,0,2.32530045258377e-07,1.5420308273654e-06,-4.32071690917925,TRUE,FALSE,TRUE,TRUE,AIH,
CCL15-CCR1,CD8+ T cell 3,Hepatocyte 3,0,5.00279242349607e-08,1.53760264367751e-06,1.21184590055142e-06,all4,2,2,2,2,2.50139621174804e-08,1.37472427211447e-06,0,5.00279242349607e-08,1.21184590055142e-06,1.53760264367751e-06,-4.30817060342404,TRUE,FALSE,TRUE,TRUE,AIH,
FN1-CD44,IgG+ plasmablast / plasma cell,Hepatocyte 3,2.76111163412558e-08,0,1.38383113897477e-06,8.89341231387006e-07,all4,2,2,2,2,1.38055581706279e-08,1.13658618518089e-06,0,2.76111163412558e-08,8.89341231387006e-07,1.38383113897477e-06,-4.28867704060899,TRUE,FALSE,TRUE,TRUE,AIH,
CCL14-CCR1,CD8+ T cell 2,CD8+ T cell 2,0.000701763057219559,0.000212838030019582,2.44540864406734e-05,2.24982560969218e-05,all4,2,2,2,2,0.000457300543619571,2.34761712687976e-05,0.000212838030019582,0.000701763057219559,2.24982560969218e-05,2.44540864406734e-05,4.28115153852732,TRUE,TRUE,FALSE,TRUE,irHepatitis,
IL15-IL15RA_IL2RB_IL2RG,Sinusoidal endothelial cell,Hepatocyte 4,0,0,1.15676550846336e-06,5.53957936676011e-07,all4,2,2,2,2,0,8.55361722569685e-07,0,0,5.53957936676011e-07,1.15676550846336e-06,-4.2705529303948,TRUE,FALSE,TRUE,TRUE,AIH,
IL15-IL15RA_IL2RB_IL2RG,IgG+ plasmablast / plasma cell,Sinusoidal endothelial cell,0,0,7.7765962884406e-07,8.83046267654603e-07,all4,2,2,2,2,0,8.30352948249331e-07,0,0,7.7765962884406e-07,8.83046267654603e-07,-4.22999255631395,TRUE,FALSE,TRUE,TRUE,AIH,
IL15-IL15RA_IL2RB_IL2RG,Sinusoidal endothelial cell,Cholangiocyte,1.69299172300711e-08,0,5.57336277489718e-07,1.36055047834687e-06,all4,2,2,2,2,8.46495861503555e-09,9.58943377918294e-07,0,1.69299172300711e-08,5.57336277489718e-07,1.36055047834687e-06,-4.18722812549184,TRUE,FALSE,TRUE,TRUE,AIH,
CCL14-CCR1,IgG+ plasmablast / plasma cell,IgG+ plasmablast / plasma cell,0.000155061772367347,0.000260919914061614,8.7540619475353e-06,1.41400555066021e-05,all4,2,2,2,2,0.000207990843214481,1.14470587270687e-05,0.000155061772367347,0.000260919914061614,8.7540619475353e-06,1.41400555066021e-05,4.17791655670287,TRUE,TRUE,FALSE,TRUE,irHepatitis,
IL15-IL15RA_IL2RB_IL2RG,Hepatocyte 4,IgG+ plasmablast / plasma cell,0,0,1.18443515084225e-06,3.90923387909889e-07,all4,2,2,2,2,0,7.87679269376069e-07,0,0,3.90923387909889e-07,1.18443515084225e-06,-4.15803531503069,TRUE,FALSE,TRUE,TRUE,AIH,
CCL15-CCR1,Vascular endothelial cell,CD8+ T cell 1,1.17584056047855e-05,2.20459897503143e-06,2.45943339021403e-07,5.15865525910467e-07,all4,2,2,2,2,6.98150228990847e-06,3.80904432465935e-07,2.20459897503143e-06,1.17584056047855e-05,2.45943339021403e-07,5.15865525910467e-07,4.03867944689638,TRUE,TRUE,FALSE,TRUE,irHepatitis,
FN1-CD44,IgM+ B cell,Hepatocyte 4,2.93138843058018e-08,0,1.28871107970813e-06,6.07309965764187e-07,all4,2,2,2,2,1.46569421529009e-08,9.48010522736157e-07,0,2.93138843058018e-08,6.07309965764187e-07,1.28871107970813e-06,-4.01809035186028,TRUE,FALSE,TRUE,TRUE,AIH,
IL15-IL15RA_IL2RB_IL2RG,Cholangiocyte,CD8+ T cell 3,9.83338727109405e-05,9.21146794517606e-06,2.94866564783063e-06,3.69444411496774e-06,all4,2,2,2,2,5.37726703280583e-05,3.32155488139918e-06,9.21146794517606e-06,9.83338727109405e-05,2.94866564783063e-06,3.69444411496774e-06,3.99803612905147,TRUE,TRUE,FALSE,TRUE,irHepatitis,
VEGFA-FLT1,Cholangiocyte,CD8+ T cell 2,0.000130235477931432,0.000107408737839444,5.1630860061838e-06,9.6689315366186e-06,all4,2,2,2,2,0.000118822107885438,7.4160087714012e-06,0.000107408737839444,0.000130235477931432,5.1630860061838e-06,9.6689315366186e-06,3.99351969910366,TRUE,TRUE,FALSE,TRUE,irHepatitis,
MHC-I,IgG+ plasmablast / plasma cell,IgG+ plasmablast / plasma cell,0.000297637911207134,0.00192871391776279,7.34118480493345e-05,6.66540599173534e-05,all4,2,2,2,2,0.00111317591448496,7.00329539833439e-05,0.000297637911207134,0.00192871391776279,6.66540599173534e-05,7.34118480493345e-05,3.98960188310083,TRUE,TRUE,FALSE,TRUE,irHepatitis,
IL15-IL15RA_IL2RB_IL2RG,CD8+ T cell 3,IgG+ plasmablast / plasma cell,0,0,1.18715162049032e-06,1.95869906639117e-07,all4,2,2,2,2,0,6.9151076356472e-07,0,0,1.95869906639117e-07,1.18715162049032e-06,-3.98137384205852,TRUE,FALSE,TRUE,TRUE,AIH,
IL15-IL15RA_IL2RB_IL2RG,Vascular endothelial cell,Hepatocyte 4,0,0,1.16482659870331e-06,1.92421001616706e-07,all4,2,2,2,2,0,6.7862380016001e-07,0,0,1.92421001616706e-07,1.16482659870331e-06,-3.95596765579153,TRUE,FALSE,TRUE,TRUE,AIH,
VEGFA-FLT1,CD4+ T cell,CD8+ T cell 2,1.87561246891004e-05,1.54548648881942e-06,5.36169730178144e-07,6.94610604400567e-07,all4,2,2,2,2,1.01508055889599e-05,6.15390167289355e-07,1.54548648881942e-06,1.87561246891004e-05,5.36169730178144e-07,6.94610604400567e-07,3.94496275833841,TRUE,TRUE,FALSE,TRUE,irHepatitis,
IL15-IL15RA_IL2RB_IL2RG,Stellate cell,Vascular endothelial cell,0,0,7.9926752139447e-07,5.23097462854408e-07,all4,2,2,2,2,0,6.61182492124439e-07,0,0,5.23097462854408e-07,7.9926752139447e-07,-3.92085433363094,TRUE,FALSE,TRUE,TRUE,AIH,
FN1-CD44,CD8+ T cell 3,Hepatocyte 3,2.23867220986805e-07,3.96599494127131e-09,2.25711110232505e-06,2.4935640280879e-06,all4,2,2,2,2,1.13916607964038e-07,2.37533756520648e-06,3.96599494127131e-09,2.23867220986805e-07,2.25711110232505e-06,2.4935640280879e-06,-3.91419067638205,TRUE,FALSE,TRUE,TRUE,AIH,
CSF1-CSF1R,Hepatocyte 4,IgG+ B cell,6.38757039406384e-06,7.36608225975311e-05,2.82113219829818e-06,2.409263171011e-06,all4,2,2,2,2,4.00241964957975e-05,2.61519768465459e-06,6.38757039406384e-06,7.36608225975311e-05,2.409263171011e-06,2.82113219829818e-06,3.91200739312306,TRUE,TRUE,FALSE,TRUE,irHepatitis,
CCL16-CCR1,IgM+ B cell,CD8+ T cell 3,2.52398584125806e-05,5.66074899136888e-06,8.47714718351824e-07,1.13083108985521e-06,all4,2,2,2,2,1.54503037019747e-05,9.89272904103519e-07,5.66074899136888e-06,2.52398584125806e-05,8.47714718351824e-07,1.13083108985521e-06,3.90287881242165,TRUE,TRUE,FALSE,TRUE,irHepatitis,
IL15-IL15RA_IL2RB_IL2RG,CD8+ T cell 3,Hepatocyte 4,0,0,8.04463752425531e-07,5.00053994231921e-07,all4,2,2,2,2,0,6.52258873328726e-07,0,0,5.00053994231921e-07,8.04463752425531e-07,-3.9025530570734,TRUE,FALSE,TRUE,TRUE,AIH,
CCL5-CCR1,IgM+ B cell,CD8+ T cell 2,2.29000055036623e-05,1.48516562334383e-05,1.06413595968669e-06,1.37815945145479e-06,all4,2,2,2,2,1.88758308685503e-05,1.22114770557074e-06,1.48516562334383e-05,2.29000055036623e-05,1.06413595968669e-06,1.37815945145479e-06,3.89960895673741,TRUE,TRUE,FALSE,TRUE,irHepatitis,
CCL5-CCR1,CD8+ T cell 2,Cholangiocyte,9.73063859088914e-05,9.90535990158814e-05,6.60290317396187e-06,6.58138528963564e-06,all4,2,2,2,2,9.81799924623864e-05,6.59214423179875e-06,9.73063859088914e-05,9.90535990158814e-05,6.58138528963564e-06,6.60290317396187e-06,3.88710295635487,TRUE,TRUE,FALSE,TRUE,irHepatitis,
CCL15-CCR1,IgG+ plasmablast / plasma cell,Sinusoidal endothelial cell,3.39741121920642e-08,0,1.06578271096192e-06,7.14464327994354e-07,all4,2,2,2,2,1.69870560960321e-08,8.90123519478139e-07,0,3.39741121920642e-08,7.14464327994354e-07,1.06578271096192e-06,-3.8778555271284,TRUE,FALSE,TRUE,TRUE,AIH,
HLA-B-CD8A,IgG+ plasmablast / plasma cell,IgG+ plasmablast / plasma cell,0.000297637911207134,0.00122200756007351,5.40361080389875e-05,4.92818533969908e-05,all4,2,2,2,2,0.000759822735640321,5.16589807179891e-05,0.000297637911207134,0.00122200756007351,4.92818533969908e-05,5.40361080389875e-05,3.87735580421878,TRUE,TRUE,FALSE,TRUE,irHepatitis,
CCL5-CCR1,CD8+ T cell 2,CD8+ T cell 2,0.000955458413126449,0.000581500240377797,5.91600371347998e-05,4.56414843712916e-05,all4,2,2,2,2,0.000768479326752123,5.24007607530457e-05,0.000581500240377797,0.000955458413126449,4.56414843712916e-05,5.91600371347998e-05,3.87314825550918,TRUE,TRUE,FALSE,TRUE,irHepatitis,
VEGFA-FLT1,CD8+ T cell 2,CD8+ T cell 2,0.000611685697049641,0.000328824558917003,3.49560306889609e-05,2.93194338726284e-05,all4,2,2,2,2,0.000470255127983322,3.21377322807946e-05,0.000328824558917003,0.000611685697049641,2.93194338726284e-05,3.49560306889609e-05,3.86915033292996,TRUE,TRUE,FALSE,TRUE,irHepatitis,
CCL15-CCR1,CD8+ T cell 3,IgG+ B cell,0,0,6.97775698795273e-07,5.64983517699695e-07,all4,2,2,2,2,0,6.31379608247484e-07,0,0,5.64983517699695e-07,6.97775698795273e-07,-3.85880270483182,TRUE,FALSE,TRUE,TRUE,AIH,
HLA-B-CD8A,CD8+ T cell 3,IgG+ B cell,0.000145679938164111,0.000249937058108763,1.89791310589181e-05,8.37950737582421e-06,all4,2,2,2,2,0.000197808498136437,1.36793192173711e-05,0.000145679938164111,0.000249937058108763,8.37950737582421e-06,1.89791310589181e-05,3.84945584629297,TRUE,TRUE,FALSE,TRUE,irHepatitis,
VEGFA-FLT1,CD8+ T cell 2,Cholangiocyte,2.44847019863133e-05,2.45142592185674e-05,1.13024159877463e-06,2.18676782340909e-06,all4,2,2,2,2,2.44994806024404e-05,1.65850471109186e-06,2.44847019863133e-05,2.45142592185674e-05,1.13024159877463e-06,2.18676782340909e-06,3.84745001262482,TRUE,TRUE,FALSE,TRUE,irHepatitis,
CCL14-CCR1,IgG+ B cell,IgG+ B cell,5.07015098403519e-07,0,2.9616534942487e-06,5.58220347017123e-06,all4,2,2,2,2,2.5350754920176e-07,4.27192848220996e-06,0,5.07015098403519e-07,2.9616534942487e-06,5.58220347017123e-06,-3.84636104499526,TRUE,FALSE,TRUE,TRUE,AIH,
CCL16-CCR1,IgG+ B cell,CD8+ T cell 1,1.27872175574684e-05,1.20509685407057e-05,9.52205556289646e-07,7.03422754679083e-07,all4,2,2,2,2,1.2419093049087e-05,8.27814155484364e-07,1.20509685407057e-05,1.27872175574684e-05,7.03422754679083e-07,9.52205556289646e-07,3.83328736662208,TRUE,TRUE,FALSE,TRUE,irHepatitis,
IL15-IL15RA_IL2RB_IL2RG,CD8+ T cell 2,CD8+ T cell 3,5.72332636433297e-05,6.28784823696946e-05,5.8076610682933e-06,2.55028452327798e-06,all4,2,2,2,2,6.00558730065121e-05,4.17897279578564e-06,5.72332636433297e-05,6.28784823696946e-05,2.55028452327798e-06,5.8076610682933e-06,3.83016101092962,TRUE,TRUE,FALSE,TRUE,irHepatitis,
IL15-IL15RA_IL2RB_IL2RG,CD8+ T cell 3,Vascular endothelial cell,0,0,1.20135017046316e-06,1.35300204396799e-08,all4,2,2,2,2,0,6.0744009545142e-07,0,0,1.35300204396799e-08,1.20135017046316e-06,-3.80695082697813,TRUE,FALSE,TRUE,TRUE,AIH,
CCL14-CCR1,Vascular endothelial cell,CD8+ T cell 2,6.16177081885929e-05,1.6105082360012e-05,2.83445713686159e-06,2.64260075580035e-06,all4,2,2,2,2,3.88613952743024e-05,2.73852894633097e-06,1.6105082360012e-05,6.16177081885929e-05,2.64260075580035e-06,2.83445713686159e-06,3.80418316828015,TRUE,TRUE,FALSE,TRUE,irHepatitis,
CCL16-CCR1,IgG+ B cell,CD8+ T cell 2,8.07643096580321e-06,1.28952005119055e-06,4.54803442317326e-07,1.43932104286625e-07,all4,2,2,2,2,4.68297550849688e-06,2.99367773301976e-07,1.28952005119055e-06,8.07643096580321e-06,1.43932104286625e-07,4.54803442317326e-07,3.77245916246523,TRUE,TRUE,FALSE,TRUE,irHepatitis,
CCL5-CCR1,Vascular endothelial cell,CD8+ T cell 2,1.68080295941093e-05,2.01179177770607e-06,8.56711539269035e-07,4.58155826248487e-07,all4,2,2,2,2,9.40991068590768e-06,6.57433682758761e-07,2.01179177770607e-06,1.68080295941093e-05,4.58155826248487e-07,8.56711539269035e-07,3.74732560220501,TRUE,TRUE,FALSE,TRUE,irHepatitis,
MHC-I,CD8+ T cell 3,IgG+ B cell,0.000145679938164111,0.000326002436185437,2.47799166726898e-05,1.04547527761612e-05,all4,2,2,2,2,0.000235841187174774,1.76173347244255e-05,0.000145679938164111,0.000326002436185437,1.04547527761612e-05,2.47799166726898e-05,3.73921147794253,TRUE,TRUE,FALSE,TRUE,irHepatitis,
VEGFA-FLT1,Macrophage 1,Cholangiocyte,8.55399737433232e-06,9.13942127595241e-06,4.8114705238159e-07,7.8039976835762e-07,all4,2,2,2,2,8.84670932514237e-06,6.30773410369605e-07,8.55399737433232e-06,9.13942127595241e-06,4.8114705238159e-07,7.8039976835762e-07,3.71442116140611,TRUE,TRUE,FALSE,TRUE,irHepatitis,
IL15-IL15RA_IL2RB_IL2RG,IgG+ plasmablast / plasma cell,Hepatocyte 4,0,0,8.52472618657729e-07,2.73081783418778e-07,all4,2,2,2,2,0,5.62777201038253e-07,0,0,2.73081783418778e-07,8.52472618657729e-07,-3.70492994043273,TRUE,FALSE,TRUE,TRUE,AIH,
CCL5-CCR1,Cholangiocyte,CD8+ T cell 1,6.14859314266047e-05,4.08537933891907e-05,4.54374637733868e-06,3.25844475595651e-06,all4,2,2,2,2,5.11698624078977e-05,3.90109556664759e-06,4.08537933891907e-05,6.14859314266047e-05,3.25844475595651e-06,4.54374637733868e-06,3.69747765825813,TRUE,TRUE,FALSE,TRUE,irHepatitis,
IL15-IL15RA_IL2RB_IL2RG,CD4+ T cell,Sinusoidal endothelial cell,1.73186630029189e-09,0,3.84024368583278e-07,7.48357207615186e-07,all4,2,2,2,2,8.65933150145944e-10,5.66190788099232e-07,0,1.73186630029189e-09,3.84024368583278e-07,7.48357207615186e-07,-3.68650366674433,TRUE,FALSE,TRUE,TRUE,AIH,
CCL5-CCR1,Hepatocyte 4,IgG+ B cell,1.0564910089618e-08,0,9.39210588018591e-07,2.96225007187173e-07,all4,2,2,2,2,5.28245504480901e-09,6.17717797602882e-07,0,1.0564910089618e-08,2.96225007187173e-07,9.39210588018591e-07,-3.67496458405587,TRUE,FALSE,TRUE,TRUE,AIH,
CCL16-CCR1,IgM+ B cell,CD8+ T cell 2,5.76345210328045e-06,9.25353384951454e-06,5.42166254385551e-07,5.50121943613459e-07,all4,2,2,2,2,7.5084929763975e-06,5.46144098999505e-07,5.76345210328045e-06,9.25353384951454e-06,5.42166254385551e-07,5.50121943613459e-07,3.67165365522776,TRUE,TRUE,FALSE,TRUE,irHepatitis,
CCL5-CCR1,IgG+ B cell,CD8+ T cell 3,9.82802305381622e-06,8.11997006552776e-05,4.79757705252196e-06,2.27398772344616e-06,all4,2,2,2,2,4.55138618545469e-05,3.53578238798406e-06,9.82802305381622e-06,8.11997006552776e-05,2.27398772344616e-06,4.79757705252196e-06,3.66873908402401,TRUE,TRUE,FALSE,TRUE,irHepatitis,
CCL15-CCR1,Stellate cell,Cholangiocyte,6.73673255735646e-06,6.21487696467054e-06,2.30387211746327e-07,7.12852284603421e-07,all4,2,2,2,2,6.4758047610135e-06,4.71619748174874e-07,6.21487696467054e-06,6.73673255735646e-06,2.30387211746327e-07,7.12852284603421e-07,3.65340867922623,TRUE,TRUE,FALSE,TRUE,irHepatitis,
FN1-CD44,CD4+ T cell,Hepatocyte 4,7.04949808567547e-08,0,1.01854322089558e-06,9.48521294167351e-07,all4,2,2,2,2,3.52474904283774e-08,9.83532257531464e-07,0,7.04949808567547e-08,9.48521294167351e-07,1.01854322089558e-06,-3.65147383929132,TRUE,FALSE,TRUE,TRUE,AIH,
CCL14-CCR1,IgM+ B cell,IgG+ B cell,4.26646046955923e-05,6.31540350616161e-05,3.29703638403054e-06,5.07946901165791e-06,all4,2,2,2,2,5.29093198786042e-05,4.18825269784422e-06,4.26646046955923e-05,6.31540350616161e-05,3.29703638403054e-06,5.07946901165791e-06,3.64436431642734,TRUE,TRUE,FALSE,TRUE,irHepatitis,
CCL5-CCR1,IgM+ B cell,CD8+ T cell 3,9.19766222223033e-05,2.75055534087578e-05,6.03705733700832e-06,3.49218887698279e-06,all4,2,2,2,2,5.97410878155306e-05,4.76462310699556e-06,2.75055534087578e-05,9.19766222223033e-05,3.49218887698279e-06,6.03705733700832e-06,3.63533413847536,TRUE,TRUE,FALSE,TRUE,irHepatitis,
HLA-B-CD8A,IgG+ B cell,IgG+ B cell,0.000427722158024452,0.000304157934587845,3.4589850800339e-05,2.45461665671292e-05,all4,2,2,2,2,0.000365940046306148,2.95680086837341e-05,0.000304157934587845,0.000427722158024452,2.45461665671292e-05,3.4589850800339e-05,3.62740380209127,TRUE,TRUE,FALSE,TRUE,irHepatitis,
CCL5-CCR1,CD8+ T cell 3,CD8+ T cell 3,0.00116419615494486,0.00152493289557254,0.000124963604314877,9.33334234674626e-05,all4,2,2,2,2,0.0013445645252587,0.00010914851389117,0.00116419615494486,0.00152493289557254,9.33334234674626e-05,0.000124963604314877,3.62220708178796,TRUE,TRUE,FALSE,TRUE,irHepatitis,
CCL5-CCR1,IgG+ plasmablast / plasma cell,Cholangiocyte,8.62014255302499e-05,1.50624295141384e-05,5.16997940534403e-06,2.97553905472356e-06,all4,2,2,2,2,5.06319275221941e-05,4.0727592300338e-06,1.50624295141384e-05,8.62014255302499e-05,2.97553905472356e-06,5.16997940534403e-06,3.62083763172546,TRUE,TRUE,FALSE,TRUE,irHepatitis,
IL15-IL15RA_IL2RB_IL2RG,IgM+ B cell,Vascular endothelial cell,0,0,8.6114283815061e-07,1.92305769103727e-07,all4,2,2,2,2,0,5.26724303627169e-07,0,0,1.92305769103727e-07,8.6114283815061e-07,-3.61696672921815,TRUE,FALSE,TRUE,TRUE,AIH,
CCL14-CCR1,IgG+ B cell,CD8+ T cell 2,4.3309079416067e-06,7.41106457066702e-06,4.73594059240058e-07,4.08140113290143e-07,all4,2,2,2,2,5.87098625613686e-06,4.408670862651e-07,4.3309079416067e-06,7.41106457066702e-06,4.08140113290143e-07,4.73594059240058e-07,3.601251263223,TRUE,TRUE,FALSE,TRUE,irHepatitis,
IL15-IL15RA_IL2RB_IL2RG,Macrophage 2,Vascular endothelial cell,0,0,5.67705309960598e-07,4.69275769047772e-07,all4,2,2,2,2,0,5.18490539504185e-07,0,0,4.69275769047772e-07,5.67705309960598e-07,-3.59610246977019,TRUE,FALSE,TRUE,TRUE,AIH,
CCL5-CCR1,Macrophage 2,CD8+ T cell 2,1.77590900873339e-05,2.2763917797858e-05,1.12776562316262e-06,2.23961058339908e-06,all4,2,2,2,2,2.02615039425959e-05,1.68368810328085e-06,1.77590900873339e-05,2.2763917797858e-05,1.12776562316262e-06,2.23961058339908e-06,3.5528643920626,TRUE,TRUE,FALSE,TRUE,irHepatitis,
CCL14-CCR1,IgM+ B cell,CD8+ T cell 3,6.31517483141758e-05,4.2547582011878e-05,4.61962988869888e-06,4.30445407471265e-06,all4,2,2,2,2,5.28496651630269e-05,4.46204198170576e-06,4.2547582011878e-05,6.31517483141758e-05,4.30445407471265e-06,4.61962988869888e-06,3.55235994815327,TRUE,TRUE,FALSE,TRUE,irHepatitis,
VEGFA-FLT1,IgM+ B cell,Hepatocyte 4,1.19149089991107e-05,2.70951384713321e-06,8.97653671318683e-07,2.67192883769736e-07,all4,2,2,2,2,7.31221142312193e-06,5.8242327754421e-07,2.70951384713321e-06,1.19149089991107e-05,2.67192883769736e-07,8.97653671318683e-07,3.54799329774485,TRUE,TRUE,FALSE,TRUE,irHepatitis,
CCL15-CCR1,CD8+ T cell 3,Hepatocyte 4,0,4.87977736598203e-07,4.7908997295796e-06,1.90032454324231e-06,all4,2,2,2,2,2.43988868299102e-07,3.34561213641095e-06,0,4.87977736598203e-07,1.90032454324231e-06,4.7908997295796e-06,-3.54453852479474,TRUE,FALSE,TRUE,TRUE,AIH,
CCL16-CCR1,IgG+ plasmablast / plasma cell,CD8+ T cell 2,2.28918025271734e-05,7.81017849161892e-06,1.40401797777929e-06,1.15810766839544e-06,all4,2,2,2,2,1.53509905093962e-05,1.28106282308737e-06,7.81017849161892e-06,2.28918025271734e-05,1.15810766839544e-06,1.40401797777929e-06,3.53560464027421,TRUE,TRUE,FALSE,TRUE,irHepatitis,
VEGFA-FLT1,IgM+ B cell,CD8+ T cell 3,3.52874324437058e-05,2.91293362305813e-05,3.44634140085848e-06,2.03986599577095e-06,all4,2,2,2,2,3.22083843371436e-05,2.74310369831472e-06,2.91293362305813e-05,3.52874324437058e-05,2.03986599577095e-06,3.44634140085848e-06,3.53127205415454,TRUE,TRUE,FALSE,TRUE,irHepatitis,
CCL16-CCR1,CD8+ T cell 2,CD8+ T cell 2,0.000720119741424961,0.000287876884577202,4.80079982718429e-05,3.91821516541755e-05,all4,2,2,2,2,0.000503998313001081,4.35950749630092e-05,0.000287876884577202,0.000720119741424961,3.91821516541755e-05,4.80079982718429e-05,3.52976967753999,TRUE,TRUE,FALSE,TRUE,irHepatitis,
VEGFA-FLT1,IgG+ B cell,Hepatocyte 2,3.30911043621491e-06,3.4919879009981e-06,1.87938385746803e-07,3.16446790454617e-07,all4,2,2,2,2,3.4005491686065e-06,2.5219258810071e-07,3.30911043621491e-06,3.4919879009981e-06,1.87938385746803e-07,3.16446790454617e-07,3.52756909767345,TRUE,TRUE,FALSE,TRUE,irHepatitis,
IL15-IL15RA_IL2RB_IL2RG,CD8+ T cell 1,Hepatocyte 4,0,0,7.70250953342711e-07,2.13810928953793e-07,all4,2,2,2,2,0,4.92030941148252e-07,0,0,2.13810928953793e-07,7.70250953342711e-07,-3.52693512577819,TRUE,FALSE,TRUE,TRUE,AIH,
CSF1-CSF1R,IgG+ plasmablast / plasma cell,Hepatocyte 3,1.00247626080587e-07,0,1.20110700174355e-06,9.33868998773272e-07,all4,2,2,2,2,5.01238130402935e-08,1.06748800025841e-06,0,1.00247626080587e-07,9.33868998773272e-07,1.20110700174355e-06,-3.52393936022048,TRUE,FALSE,TRUE,TRUE,AIH,
FN1-CD44,IgG+ plasmablast / plasma cell,IgG+ plasmablast / plasma cell,0.000200854204161838,0.0003288179461777,1.96120368771614e-05,2.68781864327418e-05,all4,2,2,2,2,0.000264836075169769,2.32451116549516e-05,0.000200854204161838,0.0003288179461777,1.96120368771614e-05,2.68781864327418e-05,3.50745699373555,TRUE,TRUE,FALSE,TRUE,irHepatitis,
CCL16-CCR1,Macrophage 2,CD8+ T cell 2,2.0773486664346e-05,3.38622555100192e-06,5.04789063468737e-07,1.53941851900741e-06,all4,2,2,2,2,1.2079856107674e-05,1.02210379123807e-06,3.38622555100192e-06,2.0773486664346e-05,5.04789063468737e-07,1.53941851900741e-06,3.50405140283444,TRUE,TRUE,FALSE,TRUE,irHepatitis,
IL15-IL15RA_IL2RB_IL2RG,IgM+ B cell,IgM+ B cell,1.25095653097195e-06,0,3.46196001456464e-06,1.16609507276154e-05,all4,2,2,2,2,6.25478265485975e-07,7.56145537109e-06,0,1.25095653097195e-06,3.46196001456464e-06,1.16609507276154e-05,-3.50055213956076,TRUE,FALSE,TRUE,TRUE,AIH,
IL15-IL15RA_IL2RB_IL2RG,Hepatocyte 4,Macrophage 1,4.8746467147566e-07,1.53684165619827e-09,4.8228955299946e-06,1.66732459556879e-06,all4,2,2,2,2,2.44500756565929e-07,3.24511006278169e-06,1.53684165619827e-09,4.8746467147566e-07,1.66732459556879e-06,4.8228955299946e-06,-3.49861329277521,TRUE,FALSE,TRUE,TRUE,AIH,
IL15-IL15RA_IL2RB_IL2RG,Sinusoidal endothelial cell,Stellate cell,2.29829658495472e-08,2.42506417295516e-08,1.01994120999491e-06,4.66366972374185e-07,all4,2,2,2,2,2.36168037895494e-08,7.43154091184546e-07,2.29829658495472e-08,2.42506417295516e-08,4.66366972374185e-07,1.01994120999491e-06,-3.48889255918894,TRUE,FALSE,TRUE,TRUE,AIH,
IL15-IL15RA_IL2RB_IL2RG,Macrophage 2,Sinusoidal endothelial cell,9.22133472319737e-08,0,8.88365297043689e-07,1.08502878610572e-06,all4,2,2,2,2,4.61066736159868e-08,9.86697041574706e-07,0,9.22133472319737e-08,8.88365297043689e-07,1.08502878610572e-06,-3.47645281587536,TRUE,FALSE,TRUE,TRUE,AIH,
FN1-CD44,IgG+ B cell,Hepatocyte 3,1.23521838219375e-07,0,1.07887637711644e-06,1.24041676695478e-06,all4,2,2,2,2,6.17609191096874e-08,1.15964657203561e-06,0,1.23521838219375e-07,1.07887637711644e-06,1.24041676695478e-06,-3.47490998347186,TRUE,FALSE,TRUE,TRUE,AIH,
VEGFA-FLT1,IgG+ B cell,CD8+ T cell 1,2.00818226759119e-05,3.55531396191731e-05,3.78216195971016e-06,1.14590761426844e-06,all4,2,2,2,2,2.78174811475425e-05,2.4640347869893e-06,2.00818226759119e-05,3.55531396191731e-05,1.14590761426844e-06,3.78216195971016e-06,3.47220916146901,TRUE,TRUE,FALSE,TRUE,irHepatitis,
FN1-SDC1,IgM+ B cell,IgG+ plasmablast / plasma cell,0.000255502110672018,0.000521275521810753,4.02883114394831e-05,2.9927333755893e-05,all4,2,2,2,2,0.000388388816241386,3.5107822597688e-05,0.000255502110672018,0.000521275521810753,2.9927333755893e-05,4.02883114394831e-05,3.46589140788844,TRUE,TRUE,FALSE,TRUE,irHepatitis,
IL15-IL15RA_IL2RB_IL2RG,IgG+ plasmablast / plasma cell,Vascular endothelial cell,0,0,6.54264998603258e-07,2.83581383637488e-07,all4,2,2,2,2,0,4.68923191120373e-07,0,0,2.83581383637488e-07,6.54264998603258e-07,-3.4636921835402,TRUE,FALSE,TRUE,TRUE,AIH,
HLA-B-CD8A,CD8+ T cell 2,Cholangiocyte,0.000152209824981873,7.44816477730948e-05,9.08330663880095e-06,1.13925376291045e-05,all4,2,2,2,2,0.000113345736377484,1.02379221339527e-05,7.44816477730948e-05,0.000152209824981873,9.08330663880095e-06,1.13925376291045e-05,3.46275858218236,TRUE,TRUE,FALSE,TRUE,irHepatitis,
FN1-CD44,IgG+ plasmablast / plasma cell,Sinusoidal endothelial cell,8.31520019915837e-07,0,6.43910350717521e-06,3.60906345416504e-06,all4,2,2,2,2,4.15760009957918e-07,5.02408348067012e-06,0,8.31520019915837e-07,3.60906345416504e-06,6.43910350717521e-06,-3.45469402046089,TRUE,FALSE,TRUE,TRUE,AIH,
IL15-IL15RA_IL2RB_IL2RG,Cholangiocyte,Vascular endothelial cell,0,0,5.39886160438983e-07,3.75095267054444e-07,all4,2,2,2,2,0,4.57490713746714e-07,0,0,3.75095267054444e-07,5.39886160438983e-07,-3.43134713106845,TRUE,FALSE,TRUE,TRUE,AIH,
CCL16-CCR1,IgM+ B cell,Cholangiocyte,5.24263506622564e-06,1.7721040332281e-05,7.58370748286304e-07,1.29028634188292e-06,all4,2,2,2,2,1.14818376992533e-05,1.02432854508461e-06,5.24263506622564e-06,1.7721040332281e-05,7.58370748286304e-07,1.29028634188292e-06,3.42809150461936,TRUE,TRUE,FALSE,TRUE,irHepatitis,
CSF1-CSF1R,IgM+ B cell,IgG+ plasmablast / plasma cell,0.000163309366085315,2.73915758583852e-05,7.22896561273301e-06,1.04665732847495e-05,all4,2,2,2,2,9.53504709718503e-05,8.84776944874123e-06,2.73915758583852e-05,0.000163309366085315,7.22896561273301e-06,1.04665732847495e-05,3.42296010524986,TRUE,TRUE,FALSE,TRUE,irHepatitis,
CCL16-CCR1,CD4+ T cell,CD8+ T cell 3,2.64424820794335e-05,6.32803860208651e-06,1.60996521494353e-06,1.37407287928815e-06,all4,2,2,2,2,1.638526034076e-05,1.49201904711584e-06,6.32803860208651e-06,2.64424820794335e-05,1.37407287928815e-06,1.60996521494353e-06,3.41666865320396,TRUE,TRUE,FALSE,TRUE,irHepatitis,
HLA-B-CD8A,IgM+ B cell,IgG+ B cell,0.000176361181288831,0.00017861828521037,1.79174485424877e-05,1.52694999840957e-05,all4,2,2,2,2,0.000177489733249601,1.65934742632917e-05,0.000176361181288831,0.00017861828521037,1.52694999840957e-05,1.79174485424877e-05,3.41536950813803,TRUE,TRUE,FALSE,TRUE,irHepatitis,
IL15-IL15RA_IL2RB_IL2RG,Stellate cell,Hepatocyte 4,0,0,4.13797056295571e-07,4.88643009664591e-07,all4,2,2,2,2,0,4.51220032980081e-07,0,0,4.13797056295571e-07,4.88643009664591e-07,-3.41329309599424,TRUE,FALSE,TRUE,TRUE,AIH,
CCL16-CCR1,IgG+ B cell,Macrophage 2,1.59537213668684e-05,2.70217576529242e-05,1.39434500242314e-06,2.56557644031006e-06,all4,2,2,2,2,2.14877395098963e-05,1.9799607213666e-06,1.59537213668684e-05,2.70217576529242e-05,1.39434500242314e-06,2.56557644031006e-06,3.40944331760705,TRUE,TRUE,FALSE,TRUE,irHepatitis,
CCL15-CCR1,Vascular endothelial cell,Vascular endothelial cell,5.26926597746571e-06,1.49028858026028e-06,4.38996785715864e-07,1.17258889839396e-07,all4,2,2,2,2,3.379777278863e-06,2.7812783777763e-07,1.49028858026028e-06,5.26926597746571e-06,1.17258889839396e-07,4.38996785715864e-07,3.39881709688085,TRUE,TRUE,FALSE,TRUE,irHepatitis,
CCL5-CCR1,CD4+ T cell,CD8+ T cell 3,0.000116272946530807,4.29982666117081e-05,8.8713250315116e-06,6.1954751978012e-06,all4,2,2,2,2,7.96356065712574e-05,7.5334001146564e-06,4.29982666117081e-05,0.000116272946530807,6.1954751978012e-06,8.8713250315116e-06,3.39396366844581,TRUE,TRUE,FALSE,TRUE,irHepatitis,
CSF1-CSF1R,Cholangiocyte,CD8+ T cell 2,8.37403172463359e-05,4.95087983736045e-05,5.3704243714243e-06,7.27392138730095e-06,all4,2,2,2,2,6.66245578099702e-05,6.32217287936263e-06,4.95087983736045e-05,8.37403172463359e-05,5.3704243714243e-06,7.27392138730095e-06,3.38794671519363,TRUE,TRUE,FALSE,TRUE,irHepatitis,
CCL16-CCR1,CD4+ T cell,CD8+ T cell 2,1.37723940165882e-05,3.02080442535337e-06,7.70993651980517e-07,7.70507597225164e-07,all4,2,2,2,2,8.39659922097079e-06,7.7075062460284e-07,3.02080442535337e-06,1.37723940165882e-05,7.70507597225164e-07,7.70993651980517e-07,3.36853917557413,TRUE,TRUE,FALSE,TRUE,irHepatitis,
CCL5-CCR1,Sinusoidal endothelial cell,IgM+ B cell,4.48481881066583e-07,1.38830743209706e-07,4.14310772766131e-06,2.78875860547637e-06,all4,2,2,2,2,2.93656312138144e-07,3.46593316656884e-06,1.38830743209706e-07,4.48481881066583e-07,2.78875860547637e-06,4.14310772766131e-06,-3.3672810486508,TRUE,FALSE,TRUE,TRUE,AIH,
CCL5-CCR1,Cholangiocyte,IgG+ plasmablast / plasma cell,3.56475419795205e-05,9.16480412865918e-05,5.85508665533862e-06,6.42571315921654e-06,all4,2,2,2,2,6.36477916330561e-05,6.14039990727758e-06,3.56475419795205e-05,9.16480412865918e-05,5.85508665533862e-06,6.42571315921654e-06,3.36382490124754,TRUE,TRUE,FALSE,TRUE,irHepatitis,
CSF1-CSF1R,Vascular endothelial cell,CD8+ T cell 2,4.86827223275804e-05,1.75917374916446e-05,3.18250582686589e-06,3.21959734333635e-06,all4,2,2,2,2,3.31372299096125e-05,3.20105158510112e-06,1.75917374916446e-05,4.86827223275804e-05,3.18250582686589e-06,3.21959734333635e-06,3.35295542659725,TRUE,TRUE,FALSE,TRUE,irHepatitis,
FN1-CD44,Cholangiocyte,Sinusoidal endothelial cell,1.35181559231026e-06,4.76943429614029e-07,8.47008924272689e-06,1.09951065362089e-05,all4,2,2,2,2,9.14379510962145e-07,9.7325978894679e-06,4.76943429614029e-07,1.35181559231026e-06,8.47008924272689e-06,1.09951065362089e-05,-3.34694870138465,TRUE,FALSE,TRUE,TRUE,AIH,
HLA-B-CD8A,IgG+ plasmablast / plasma cell,IgG+ B cell,0.000138108598688429,0.000344522802073535,2.97377940539684e-05,1.88158534538932e-05,all4,2,2,2,2,0.000241315700380982,2.42768237539308e-05,0.000138108598688429,0.000344522802073535,1.88158534538932e-05,2.97377940539684e-05,3.31077464971498,TRUE,TRUE,FALSE,TRUE,irHepatitis,
MHC-I,CD8+ T cell 2,Cholangiocyte,0.000152209824981873,0.000108608236355056,1.14819561861452e-05,1.47798650835376e-05,all4,2,2,2,2,0.000130409030668465,1.31309106348414e-05,0.000108608236355056,0.000152209824981873,1.14819561861452e-05,1.47798650835376e-05,3.30739564846513,TRUE,TRUE,FALSE,TRUE,irHepatitis,
CCL16-CCR1,IgM+ B cell,CD8+ T cell 1,1.6515899494578e-05,9.9192402402579e-06,9.3289817441621e-07,1.65379714052181e-06,all4,2,2,2,2,1.3217569867418e-05,1.29334765746901e-06,9.9192402402579e-06,1.6515899494578e-05,9.3289817441621e-07,1.65379714052181e-06,3.30715008725577,TRUE,TRUE,FALSE,TRUE,irHepatitis,
VEGFA-FLT1,Vascular endothelial cell,CD8+ T cell 2,1.06669359049587e-05,3.22106244240375e-06,8.60124880720298e-07,4.76547749674748e-07,all4,2,2,2,2,6.94399917368124e-06,6.68336315197523e-07,3.22106244240375e-06,1.06669359049587e-05,4.76547749674748e-07,8.60124880720298e-07,3.28927541700692,TRUE,TRUE,FALSE,TRUE,irHepatitis,
CCL16-CCR1,IgG+ B cell,IgM+ B cell,3.03404148623573e-05,7.34092333767395e-06,5.83129069307617e-07,3.18995002473317e-06,all4,2,2,2,2,1.88406691000156e-05,1.88653954702039e-06,7.34092333767395e-06,3.03404148623573e-05,5.83129069307617e-07,3.18995002473317e-06,3.28830247164911,TRUE,TRUE,FALSE,TRUE,irHepatitis,
MHC-I,IgM+ B cell,IgG+ B cell,0.000176361181288831,0.00026681055617254,2.39895208325783e-05,2.1473071307547e-05,all4,2,2,2,2,0.000221585868730685,2.27312960700626e-05,0.000176361181288831,0.00026681055617254,2.1473071307547e-05,2.39895208325783e-05,3.28245487770063,TRUE,TRUE,FALSE,TRUE,irHepatitis,
VEGFA-FLT1,Cholangiocyte,Cholangiocyte,0.000275733468020315,0.000501750933712464,2.72124136810412e-05,5.3380837469809e-05,all4,2,2,2,2,0.00038874220086639,4.02966255754251e-05,0.000275733468020315,0.000501750933712464,2.72124136810412e-05,5.3380837469809e-05,3.26858382525547,TRUE,TRUE,FALSE,TRUE,irHepatitis,
CCL5-CCR1,CD8+ T cell 1,CD8+ T cell 2,0.000177781096486206,0.000154316021526306,1.71653442469113e-05,1.74080371810235e-05,all4,2,2,2,2,0.000166048559006256,1.72866907139674e-05,0.000154316021526306,0.000177781096486206,1.71653442469113e-05,1.74080371810235e-05,3.26038208920613,TRUE,TRUE,FALSE,TRUE,irHepatitis,
HLA-B-CD8A,CD8+ T cell 3,Cholangiocyte,0.000295177673091871,8.13636052224385e-05,1.93720835385612e-05,1.98520421918629e-05,all4,2,2,2,2,0.000188270639157155,1.96120628652121e-05,8.13636052224385e-05,0.000295177673091871,1.93720835385612e-05,1.98520421918629e-05,3.25991875477732,TRUE,TRUE,FALSE,TRUE,irHepatitis,
CCL5-CCR1,CD8+ T cell 3,Cholangiocyte,0.000144197273654325,7.97100948775268e-05,1.1891473048341e-05,1.14693664714318e-05,all4,2,2,2,2,0.000111953684265926,1.16804197598864e-05,7.97100948775268e-05,0.000144197273654325,1.14693664714318e-05,1.1891473048341e-05,3.25557861926274,TRUE,TRUE,FALSE,TRUE,irHepatitis,
CCL5-CCR1,CD8+ T cell 3,CD8+ T cell 2,0.000216341456116473,9.31599064318292e-05,1.68838404244492e-05,1.56079441098532e-05,all4,2,2,2,2,0.000154750681274151,1.62458922671512e-05,9.31599064318292e-05,0.000216341456116473,1.56079441098532e-05,1.68838404244492e-05,3.2480898055622,TRUE,TRUE,FALSE,TRUE,irHepatitis,
CCL14-CCR1,IgG+ B cell,CD8+ T cell 3,1.68724435342961e-05,2.35473668901143e-05,3.20068450937464e-06,9.95466362642988e-07,all4,2,2,2,2,2.02099052122052e-05,2.09807543600882e-06,1.68724435342961e-05,2.35473668901143e-05,9.95466362642988e-07,3.20068450937464e-06,3.23946969542463,TRUE,TRUE,FALSE,TRUE,irHepatitis,
IL15-IL15RA_IL2RB_IL2RG,CD4+ T cell,Vascular endothelial cell,0,0,5.17002016374488e-07,2.68980839886358e-07,all4,2,2,2,2,0,3.92991428130423e-07,0,0,2.68980839886358e-07,5.17002016374488e-07,-3.23388588831659,TRUE,FALSE,TRUE,TRUE,AIH,
CCL15-CCR1,Macrophage 2,CD8+ T cell 2,7.7608458535759e-06,8.52823776379914e-07,2.65828708325796e-07,5.69359198241713e-07,all4,2,2,2,2,4.30683481497791e-06,4.17593953283754e-07,8.52823776379914e-07,7.7608458535759e-06,2.65828708325796e-07,5.69359198241713e-07,3.22896511605697,TRUE,TRUE,FALSE,TRUE,irHepatitis,
CCL5-CCR1,CD4+ T cell,CD8+ T cell 1,0.000106474363085125,5.34661933024197e-05,8.5815443907892e-06,8.48501559133785e-06,all4,2,2,2,2,7.99702781937724e-05,8.53327999106352e-06,5.34661933024197e-05,0.000106474363085125,8.48501559133785e-06,8.5815443907892e-06,3.22125391515707,TRUE,TRUE,FALSE,TRUE,irHepatitis,
CCL15-CCR1,CD8+ T cell 2,Cholangiocyte,4.18819600754883e-05,1.8357847744854e-05,3.37446463532601e-06,3.0089435653725e-06,all4,2,2,2,2,3.01199039101712e-05,3.19170410034926e-06,1.8357847744854e-05,4.18819600754883e-05,3.0089435653725e-06,3.37446463532601e-06,3.21958135386274,TRUE,TRUE,FALSE,TRUE,irHepatitis,
VEGFA-FLT1,CD8+ T cell 3,Cholangiocyte,1.81857337495011e-05,1.31760615937013e-05,1.55433978056284e-06,1.75471072314079e-06,all4,2,2,2,2,1.56808976716012e-05,1.65452525185182e-06,1.31760615937013e-05,1.81857337495011e-05,1.55433978056284e-06,1.75471072314079e-06,3.20862179495117,TRUE,TRUE,FALSE,TRUE,irHepatitis,
CCL5-CCR1,Cholangiocyte,Cholangiocyte,0.000113411273322885,9.59564044079583e-05,1.38388062611053e-05,8.75518214528952e-06,all4,2,2,2,2,0.000104683838865422,1.12969942031974e-05,9.59564044079583e-05,0.000113411273322885,8.75518214528952e-06,1.38388062611053e-05,3.2067151683344,TRUE,TRUE,FALSE,TRUE,irHepatitis,
CCL16-CCR1,Cholangiocyte,CD8+ T cell 2,2.7661945606789e-05,4.71350605796402e-06,8.59679593040073e-07,2.58701050344951e-06,all4,2,2,2,2,1.61877258323765e-05,1.72334504824479e-06,4.71350605796402e-06,2.7661945606789e-05,8.59679593040073e-07,2.58701050344951e-06,3.19716914349531,TRUE,TRUE,FALSE,TRUE,irHepatitis,
CCL5-CCR1,CD8+ T cell 3,CD8+ T cell 1,0.000209496107867272,0.000284304655806246,2.73958362748471e-05,2.69356425776937e-05,all4,2,2,2,2,0.000246900381836759,2.71657394262704e-05,0.000209496107867272,0.000284304655806246,2.69356425776937e-05,2.73958362748471e-05,3.18186182526895,TRUE,TRUE,FALSE,TRUE,irHepatitis,
CCL5-CCR1,Cholangiocyte,Macrophage 1,8.12288826769774e-05,6.28459616817016e-05,8.91804849046436e-06,6.8905615327884e-06,all4,2,2,2,2,7.20374221793395e-05,7.90430501162638e-06,6.28459616817016e-05,8.12288826769774e-05,6.8905615327884e-06,8.91804849046436e-06,3.18046588146962,TRUE,TRUE,FALSE,TRUE,irHepatitis,
IL15-IL15RA_IL2RB_IL2RG,Hepatocyte 2,Hepatocyte 4,0,0,6.22905091311172e-07,1.2719437603905e-07,all4,2,2,2,2,0,3.75049733675111e-07,0,0,1.2719437603905e-07,6.22905091311172e-07,-3.17378725745222,TRUE,FALSE,TRUE,TRUE,AIH,
CCL15-CCR1,Vascular endothelial cell,Macrophage 1,1.40003490359809e-05,4.7192837525852e-06,7.25127013363667e-07,1.27400018231148e-06,all4,2,2,2,2,9.35981639428303e-06,9.99563597837573e-07,4.7192837525852e-06,1.40003490359809e-05,7.25127013363667e-07,1.27400018231148e-06,3.16836482528136,TRUE,TRUE,FALSE,TRUE,irHepatitis,
IL15-IL15RA_IL2RB_IL2RG,CD8+ T cell 2,IgM+ B cell,9.83263609651976e-07,4.15420704851166e-06,3.10472738291433e-07,1.78816937283293e-07,all4,2,2,2,2,2.56873532908182e-06,2.44644837787363e-07,9.83263609651976e-07,4.15420704851166e-06,1.78816937283293e-07,3.10472738291433e-07,3.16607431226285,TRUE,TRUE,FALSE,TRUE,irHepatitis,
IL15-IL15RA_IL2RB_IL2RG,Cholangiocyte,Hepatocyte 4,0,0,5.12404305067513e-07,2.32437202232794e-07,all4,2,2,2,2,0,3.72420753650153e-07,0,0,2.32437202232794e-07,5.12404305067513e-07,-3.16476692503178,TRUE,FALSE,TRUE,TRUE,AIH,
FN1-SDC1,IgG+ B cell,CD8+ T cell 2,6.59337545063808e-05,9.50253333239012e-06,3.95648812413941e-06,4.45984289349673e-06,all4,2,2,2,2,3.77181439193854e-05,4.20816550881807e-06,9.50253333239012e-06,6.59337545063808e-05,3.95648812413941e-06,4.45984289349673e-06,3.14984627611776,TRUE,TRUE,FALSE,TRUE,irHepatitis,
VEGFA-FLT1,IgG+ B cell,CD4+ T cell,3.61100268356204e-05,1.11041909580537e-05,2.33425660335719e-06,2.90873501517159e-06,all4,2,2,2,2,2.3607108896837e-05,2.62149580926439e-06,1.11041909580537e-05,3.61100268356204e-05,2.33425660335719e-06,2.90873501517159e-06,3.14811675312178,TRUE,TRUE,FALSE,TRUE,irHepatitis,
CCL5-CCR1,Macrophage 2,CD8+ T cell 3,4.55612249847218e-05,3.54462215133283e-05,5.71634621596382e-06,3.38626049195821e-06,all4,2,2,2,2,4.0503723249025e-05,4.55130335396102e-06,3.54462215133283e-05,4.55612249847218e-05,3.38626049195821e-06,5.71634621596382e-06,3.1406263500102,TRUE,TRUE,FALSE,TRUE,irHepatitis,
HLA-B-CD8A,IgM+ B cell,IgG+ plasmablast / plasma cell,0.000195358048936796,0.00022933436609401,2.52842261773444e-05,2.30012099461446e-05,all4,2,2,2,2,0.000212346207515403,2.41427180617445e-05,0.000195358048936796,0.00022933436609401,2.30012099461446e-05,2.52842261773444e-05,3.1342854959722,TRUE,TRUE,FALSE,TRUE,irHepatitis,
MHC-I,IgG+ B cell,IgG+ B cell,0.000427722158024452,0.000305234242629354,4.60567214568577e-05,3.73673532147571e-05,all4,2,2,2,2,0.000366478200326903,4.17120373358074e-05,0.000305234242629354,0.000427722158024452,3.73673532147571e-05,4.60567214568577e-05,3.13375998586135,TRUE,TRUE,FALSE,TRUE,irHepatitis,
CCL15-CCR1,Macrophage 2,CD8+ T cell 3,7.33209384307684e-06,9.23918350121574e-06,6.15088495731912e-07,1.19310626178298e-06,all4,2,2,2,2,8.28563867214629e-06,9.04097378757446e-07,7.33209384307684e-06,9.23918350121574e-06,6.15088495731912e-07,1.19310626178298e-06,3.13145753458277,TRUE,TRUE,FALSE,TRUE,irHepatitis,
CCL14-CCR1,Cholangiocyte,CD8+ T cell 2,8.5648590602308e-06,1.35159488977215e-05,9.85125200620373e-07,1.45813933591591e-06,all4,2,2,2,2,1.10404039789761e-05,1.22163226826814e-06,8.5648590602308e-06,1.35159488977215e-05,9.85125200620373e-07,1.45813933591591e-06,3.12783737379283,TRUE,TRUE,FALSE,TRUE,irHepatitis,
CSF1-CSF1R,CD8+ T cell 3,Cholangiocyte,9.57511314732346e-05,7.52543528396352e-05,1.09655275900495e-05,8.52272654881368e-06,all4,2,2,2,2,8.55027421564349e-05,9.74412706943161e-06,7.52543528396352e-05,9.57511314732346e-05,8.52272654881368e-06,1.09655275900495e-05,3.12725055398305,TRUE,TRUE,FALSE,TRUE,irHepatitis,
CCL16-CCR1,Stellate cell,CD8+ T cell 2,2.46537670599442e-05,1.14824938106768e-05,1.09671258953271e-06,2.9562087170449e-06,all4,2,2,2,2,1.80681304353105e-05,2.0264606532888e-06,1.14824938106768e-05,2.46537670599442e-05,1.09671258953271e-06,2.9562087170449e-06,3.12724266949638,TRUE,TRUE,FALSE,TRUE,irHepatitis,
IL15-IL15RA_IL2RB_IL2RG,Vascular endothelial cell,Sinusoidal endothelial cell,3.57856814797716e-08,0,2.49759918640377e-07,7.85558733966369e-07,all4,2,2,2,2,1.78928407398858e-08,5.17659326303373e-07,0,3.57856814797716e-08,2.49759918640377e-07,7.85558733966369e-07,-3.12637185705762,TRUE,FALSE,TRUE,TRUE,AIH,
MHC-I,CD8+ T cell 2,IgG+ B cell,4.53800989600009e-05,0.00012163039122556,1.22887330441099e-05,6.83063646661294e-06,all4,2,2,2,2,8.35052450927805e-05,9.5596847553614e-06,4.53800989600009e-05,0.00012163039122556,6.83063646661294e-06,1.22887330441099e-05,3.12060256610052,TRUE,TRUE,FALSE,TRUE,irHepatitis,
CCL15-CCR1,Cholangiocyte,CD8+ T cell 2,2.12047476528857e-05,2.50259717221412e-06,1.16575133328505e-06,1.47819764538335e-06,all4,2,2,2,2,1.18536724125499e-05,1.3219744893342e-06,2.50259717221412e-06,2.12047476528857e-05,1.16575133328505e-06,1.47819764538335e-06,3.12011789043528,TRUE,TRUE,FALSE,TRUE,irHepatitis,
VEGFA-FLT1,Macrophage 2,CD8+ T cell 2,1.04620332058093e-05,9.94591325691045e-06,7.96951886201301e-07,1.47001231496817e-06,all4,2,2,2,2,1.02039732313599e-05,1.13348210058473e-06,9.94591325691045e-06,1.04620332058093e-05,7.96951886201301e-07,1.47001231496817e-06,3.11859373048951,TRUE,TRUE,FALSE,TRUE,irHepatitis,
VEGFA-FLT1,IgG+ plasmablast / plasma cell,IgM+ B cell,2.25166496450642e-05,0.00015940985139626,1.00203336745955e-05,1.10111159738083e-05,all4,2,2,2,2,9.09632505206621e-05,1.05157248242019e-05,2.25166496450642e-05,0.00015940985139626,1.00203336745955e-05,1.10111159738083e-05,3.10707835624174,TRUE,TRUE,FALSE,TRUE,irHepatitis,
CCL5-CCR1,IgM+ B cell,IgG+ B cell,4.22670597718713e-05,1.51657000071027e-05,3.54291100185027e-06,3.07153021343347e-06,all4,2,2,2,2,2.8716379889487e-05,3.30722060764187e-06,1.51657000071027e-05,4.22670597718713e-05,3.07153021343347e-06,3.54291100185027e-06,3.10028242338472,TRUE,TRUE,FALSE,TRUE,irHepatitis,
CCL14-CCR1,IgG+ plasmablast / plasma cell,IgM+ B cell,4.08875484450116e-05,8.28031295462256e-05,5.92585024705696e-06,8.48297809454541e-06,all4,2,2,2,2,6.18453389956186e-05,7.20441417080118e-06,4.08875484450116e-05,8.28031295462256e-05,5.92585024705696e-06,8.48297809454541e-06,3.09347218529772,TRUE,TRUE,FALSE,TRUE,irHepatitis,
FN1-SDC1,IgG+ B cell,Sinusoidal endothelial cell,9.02552957208247e-06,1.85878875219985e-05,1.32571472425072e-06,1.85175734689997e-06,all4,2,2,2,2,1.38067085470405e-05,1.58873603557534e-06,9.02552957208247e-06,1.85878875219985e-05,1.32571472425072e-06,1.85175734689997e-06,3.08246242604279,TRUE,TRUE,FALSE,TRUE,irHepatitis,
CCL5-CCR1,IgG+ plasmablast / plasma cell,CD8+ T cell 2,1.46871739195635e-05,1.12180346961759e-05,1.82430956978552e-06,1.15640826117814e-06,all4,2,2,2,2,1.29526043078697e-05,1.49035891548183e-06,1.12180346961759e-05,1.46871739195635e-05,1.15640826117814e-06,1.82430956978552e-06,3.08015672784254,TRUE,TRUE,FALSE,TRUE,irHepatitis,
VEGFA-FLT1,CD4+ T cell,CD8+ T cell 3,3.03837715653699e-05,1.07742641286303e-05,3.20711007990651e-06,1.61550854869931e-06,all4,2,2,2,2,2.05790178470001e-05,2.41130931430291e-06,1.07742641286303e-05,3.03837715653699e-05,1.61550854869931e-06,3.20711007990651e-06,3.06886123047803,TRUE,TRUE,FALSE,TRUE,irHepatitis,
IL15-IL15RA_IL2RB_IL2RG,Cholangiocyte,Stellate cell,8.39777427825127e-06,5.03814470142937e-06,9.52642950097879e-07,5.72614021534461e-07,all4,2,2,2,2,6.71795948984032e-06,7.6262848581617e-07,5.03814470142937e-06,8.39777427825127e-06,5.72614021534461e-07,9.52642950097879e-07,3.06315686000916,TRUE,TRUE,FALSE,TRUE,irHepatitis,
VEGFA-FLT1,IgG+ B cell,Hepatocyte 1,2.99430820944641e-06,2.02095606113316e-06,3.38150380018695e-07,1.79929429475167e-07,all4,2,2,2,2,2.50763213528978e-06,2.59039904746931e-07,2.02095606113316e-06,2.99430820944641e-06,1.79929429475167e-07,3.38150380018695e-07,3.06240214445834,TRUE,TRUE,FALSE,TRUE,irHepatitis,
IL15-IL15RA_IL2RB_IL2RG,Macrophage 1,Vascular endothelial cell,0,0,5.01437434937559e-07,1.84075806525873e-07,all4,2,2,2,2,0,3.42756620731716e-07,0,0,1.84075806525873e-07,5.01437434937559e-07,-3.05887416169227,TRUE,FALSE,TRUE,TRUE,AIH,
HLA-B-CD8A,Cholangiocyte,Cholangiocyte,0.000657678271507234,0.000707039189402675,8.73467342381249e-05,7.67308857368693e-05,all4,2,2,2,2,0.000682358730454955,8.20388099874971e-05,0.000657678271507234,0.000707039189402675,7.67308857368693e-05,8.73467342381249e-05,3.05542902478274,TRUE,TRUE,FALSE,TRUE,irHepatitis,
CCL15-CCR1,CD8+ T cell 2,CD8+ T cell 2,0.000274973030485679,0.000220389867190973,3.5634178203389e-05,2.3886501716161e-05,all4,2,2,2,2,0.000247681448838326,2.9760339959775e-05,0.000220389867190973,0.000274973030485679,2.3886501716161e-05,3.5634178203389e-05,3.05503107607161,TRUE,TRUE,FALSE,TRUE,irHepatitis,
HLA-B-CD8A,Cholangiocyte,CD8+ T cell 2,0.00044499844158122,0.000264087205967248,3.77442347275634e-05,4.80899787713559e-05,all4,2,2,2,2,0.000354542823774234,4.29171067494597e-05,0.000264087205967248,0.00044499844158122,3.77442347275634e-05,4.80899787713559e-05,3.04495499276888,TRUE,TRUE,FALSE,TRUE,irHepatitis,
CCL15-CCR1,IgG+ B cell,IgG+ B cell,0,0,2.16315905681626e-07,4.58691326249087e-07,all4,2,2,2,2,0,3.37503615965357e-07,0,0,2.16315905681626e-07,4.58691326249087e-07,-3.03928465361322,TRUE,FALSE,TRUE,TRUE,AIH,
CCL15-CCR1,Sinusoidal endothelial cell,CD8+ T cell 3,1.62398576122147e-05,4.3952063284263e-05,2.76570994253443e-06,4.47604623478107e-06,all4,2,2,2,2,3.00959604482389e-05,3.62087808865775e-06,1.62398576122147e-05,4.3952063284263e-05,2.76570994253443e-06,4.47604623478107e-06,3.03889325972508,TRUE,TRUE,FALSE,TRUE,irHepatitis,
FN1-SDC1,IgG+ plasmablast / plasma cell,IgG+ plasmablast / plasma cell,0.000842014507927376,0.000480731634736989,6.87591210997943e-05,9.26809091878287e-05,all4,2,2,2,2,0.000661373071332182,8.07200151438115e-05,0.000480731634736989,0.000842014507927376,6.87591210997943e-05,9.26809091878287e-05,3.03373277030004,TRUE,TRUE,FALSE,TRUE,irHepatitis,
CCL14-CCR1,IgG+ B cell,CD8+ T cell 1,1.82467032706006e-05,1.99946698042738e-05,2.68973789562202e-06,1.90035691010691e-06,all4,2,2,2,2,1.91206865374372e-05,2.29504740286447e-06,1.82467032706006e-05,1.99946698042738e-05,1.90035691010691e-06,2.68973789562202e-06,3.03297449780902,TRUE,TRUE,FALSE,TRUE,irHepatitis,
CSF1-CSF1R,IgG+ plasmablast / plasma cell,CD4+ T cell,7.985405227999e-05,6.71078930856581e-05,8.59104943380521e-06,9.34257266590722e-06,all4,2,2,2,2,7.34809726828241e-05,8.96681104985622e-06,6.71078930856581e-05,7.985405227999e-05,8.59104943380521e-06,9.34257266590722e-06,3.02812057099459,TRUE,TRUE,FALSE,TRUE,irHepatitis,
HLA-B-CD8A,IgG+ plasmablast / plasma cell,CD4+ T cell,0.000319875924374791,0.000356837522259599,3.94481077703095e-05,4.34480834879905e-05,all4,2,2,2,2,0.000338356723317195,4.144809562915e-05,0.000319875924374791,0.000356837522259599,3.94481077703095e-05,4.34480834879905e-05,3.02774062803502,TRUE,TRUE,FALSE,TRUE,irHepatitis,
CCL15-CCR1,CD4+ T cell,Cholangiocyte,2.05030374686469e-06,1.78184317075376e-06,1.49333822000801e-07,2.39063476484407e-07,all4,2,2,2,2,1.91607345880923e-06,1.94198649242604e-07,1.78184317075376e-06,2.05030374686469e-06,1.49333822000801e-07,2.39063476484407e-07,3.02618397161003,TRUE,TRUE,FALSE,TRUE,irHepatitis,
CCL14-CCR1,IgM+ B cell,CD8+ T cell 1,4.51624715082706e-05,3.18484671451471e-05,4.15956451300278e-06,5.2465546523595e-06,all4,2,2,2,2,3.85054693267088e-05,4.70305958268114e-06,3.18484671451471e-05,4.51624715082706e-05,4.15956451300278e-06,5.2465546523595e-06,3.02087492540099,TRUE,TRUE,FALSE,TRUE,irHepatitis,
MHC-I,IgM+ B cell,IgG+ plasmablast / plasma cell,0.000195358048936796,0.000332157295169209,3.40936208809984e-05,3.09848265908888e-05,all4,2,2,2,2,0.000263757672053002,3.25392237359436e-05,0.000195358048936796,0.000332157295169209,3.09848265908888e-05,3.40936208809984e-05,3.01714611476347,TRUE,TRUE,FALSE,TRUE,irHepatitis,
CCL16-CCR1,Vascular endothelial cell,CD8+ T cell 3,4.68590736249124e-05,1.65539198965192e-05,5.37361682206381e-06,2.38174565058776e-06,all4,2,2,2,2,3.17064967607158e-05,3.87768123632578e-06,1.65539198965192e-05,4.68590736249124e-05,2.38174565058776e-06,5.37361682206381e-06,3.0163517672899,TRUE,TRUE,FALSE,TRUE,irHepatitis,
MHC-I,IgG+ plasmablast / plasma cell,IgG+ B cell,0.000138108598688429,0.000404980837092609,4.12418701090375e-05,2.58644868271282e-05,all4,2,2,2,2,0.000271544717890519,3.35531784680829e-05,0.000138108598688429,0.000404980837092609,2.58644868271282e-05,4.12418701090375e-05,3.01490845751346,TRUE,TRUE,FALSE,TRUE,irHepatitis,
CCL14-CCR1,IgM+ B cell,CD8+ T cell 2,1.37162208047305e-05,5.63641552928113e-06,7.44963881210352e-07,1.57304565841031e-06,all4,2,2,2,2,9.67631816700582e-06,1.15900476981033e-06,5.63641552928113e-06,1.37162208047305e-05,7.44963881210352e-07,1.57304565841031e-06,3.01148532952541,TRUE,TRUE,FALSE,TRUE,irHepatitis,
VEGFA-FLT1,Macrophage 2,Hepatocyte 4,4.80022862232836e-06,6.04457115444162e-06,4.87006493672013e-07,7.81007075715307e-07,all4,2,2,2,2,5.42239988838499e-06,6.3400678469366e-07,4.80022862232836e-06,6.04457115444162e-06,4.87006493672013e-07,7.81007075715307e-07,3.00612331632926,TRUE,TRUE,FALSE,TRUE,irHepatitis,
MHC-I,CD8+ T cell 3,Cholangiocyte,0.000295177673091871,0.00010613801668455,2.52466047024886e-05,2.51402034718924e-05,all4,2,2,2,2,0.000200657844888211,2.51934040871905e-05,0.00010613801668455,0.000295177673091871,2.51402034718924e-05,2.52466047024886e-05,2.99128150975232,TRUE,TRUE,FALSE,TRUE,irHepatitis,
CCL5-CCR1,Hepatocyte 2,IgG+ plasmablast / plasma cell,1.51029609764937e-07,6.5165502337815e-08,1.66114528679936e-06,7.06211380740629e-07,all4,2,2,2,2,1.08097556051376e-07,1.18367833376999e-06,6.5165502337815e-08,1.51029609764937e-07,7.06211380740629e-07,1.66114528679936e-06,-2.99031945653745,TRUE,FALSE,TRUE,TRUE,AIH,
CCL15-CCR1,Macrophage 1,Vascular endothelial cell,1.97099822112889e-06,5.76578517711221e-07,1.08076500297879e-07,1.31058314133039e-07,all4,2,2,2,2,1.27378836942006e-06,1.19567407215459e-07,5.76578517711221e-07,1.97099822112889e-06,1.08076500297879e-07,1.31058314133039e-07,2.98918900700651,TRUE,TRUE,FALSE,TRUE,irHepatitis,
HLA-B-CD8A,CD4+ T cell,IgG+ B cell,0.000136255717569408,0.000179856751116905,2.07644675934097e-05,1.90040501622493e-05,all4,2,2,2,2,0.000158056234343157,1.98842588778295e-05,0.000136255717569408,0.000179856751116905,1.90040501622493e-05,2.07644675934097e-05,2.98777857225086,TRUE,TRUE,FALSE,TRUE,irHepatitis,
CCL14-CCR1,Macrophage 2,CD8+ T cell 2,3.15940555764409e-05,1.34640682542366e-05,1.54470360234899e-06,4.064583948636e-06,all4,2,2,2,2,2.25290619153388e-05,2.8046437754925e-06,1.34640682542366e-05,3.15940555764409e-05,1.54470360234899e-06,4.064583948636e-06,2.98504298680518,TRUE,TRUE,FALSE,TRUE,irHepatitis,
VEGFA-FLT1,CD8+ T cell 1,CD8+ T cell 2,1.73941530858365e-05,1.74920768735167e-05,2.47324923404714e-06,1.85828118462882e-06,all4,2,2,2,2,1.74431149796766e-05,2.16576520933798e-06,1.73941530858365e-05,1.74920768735167e-05,1.85828118462882e-06,2.47324923404714e-06,2.98276542279782,TRUE,TRUE,FALSE,TRUE,irHepatitis,
CCL14-CCR1,CD8+ T cell 2,Cholangiocyte,2.27315196272981e-05,2.20936545870517e-05,2.13673587656893e-06,3.46438111616403e-06,all4,2,2,2,2,2.24125871071749e-05,2.80055849636648e-06,2.20936545870517e-05,2.27315196272981e-05,2.13673587656893e-06,3.46438111616403e-06,2.97964893934479,TRUE,TRUE,FALSE,TRUE,irHepatitis,
HLA-B-CD8A,IgG+ plasmablast / plasma cell,IgM+ B cell,0.000289594932530336,7.67112930829616e-05,2.43447236212926e-05,2.20519189565963e-05,all4,2,2,2,2,0.000183153112806649,2.31983212889444e-05,7.67112930829616e-05,0.000289594932530336,2.20519189565963e-05,2.43447236212926e-05,2.97842219545704,TRUE,TRUE,FALSE,TRUE,irHepatitis,
IL15-IL15RA_IL2RB_IL2RG,CD8+ T cell 1,Hepatocyte 1,8.13048918931939e-08,1.82170168270553e-08,1.12138873692088e-06,3.0052510693861e-07,all4,2,2,2,2,4.97609543601246e-08,7.10956921929747e-07,1.82170168270553e-08,8.13048918931939e-08,3.0052510693861e-07,1.12138873692088e-06,-2.97300240461133,TRUE,FALSE,TRUE,TRUE,AIH,
CCL15-CCR1,Stellate cell,IgM+ B cell,3.87079440220019e-06,7.74050922215005e-06,4.40222951622013e-07,9.61908897430801e-07,all4,2,2,2,2,5.80565181217512e-06,7.01065924526407e-07,3.87079440220019e-06,7.74050922215005e-06,4.40222951622013e-07,9.61908897430801e-07,2.9682901193146,TRUE,TRUE,FALSE,TRUE,irHepatitis,
CCL15-CCR1,Hepatocyte 3,Vascular endothelial cell,4.8739427652637e-06,2.09622726068193e-06,2.69614209407059e-07,5.43693486337904e-07,all4,2,2,2,2,3.48508501297282e-06,4.06653847872482e-07,2.09622726068193e-06,4.8739427652637e-06,2.69614209407059e-07,5.43693486337904e-07,2.9615764291503,TRUE,TRUE,FALSE,TRUE,irHepatitis,
CCL15-CCR1,Stellate cell,CD8+ T cell 3,8.25342569143335e-06,1.84768128310118e-05,1.13493897295754e-06,2.21817955879723e-06,all4,2,2,2,2,1.33651192612226e-05,1.67655926587739e-06,8.25342569143335e-06,1.84768128310118e-05,1.13493897295754e-06,2.21817955879723e-06,2.96026389598886,TRUE,TRUE,FALSE,TRUE,irHepatitis,
HLA-B-CD8A,CD8+ T cell 3,IgM+ B cell,0.000234807623546836,7.31065726630272e-05,2.34521175254133e-05,1.60339117330931e-05,all4,2,2,2,2,0.000153957098104931,1.97430146292532e-05,7.31065726630272e-05,0.000234807623546836,1.60339117330931e-05,2.34521175254133e-05,2.96014066020578,TRUE,TRUE,FALSE,TRUE,irHepatitis,
CCL15-CCR1,Hepatocyte 3,Cholangiocyte,6.41698816287082e-06,6.34006973306348e-06,4.06382503529165e-07,1.15293894509464e-06,all4,2,2,2,2,6.37852894796715e-06,7.79660724311901e-07,6.34006973306348e-06,6.41698816287082e-06,4.06382503529165e-07,1.15293894509464e-06,2.95884302727083,TRUE,TRUE,FALSE,TRUE,irHepatitis,
HLA-B-CD8A,Cholangiocyte,CD8+ T cell 3,0.00072116771826268,0.00042691951608017,6.59706603174987e-05,8.16315647612962e-05,all4,2,2,2,2,0.000574043617171425,7.38011125393974e-05,0.00042691951608017,0.00072116771826268,6.59706603174987e-05,8.16315647612962e-05,2.95864994506684,TRUE,TRUE,FALSE,TRUE,irHepatitis,
CCL15-CCR1,Stellate cell,Vascular endothelial cell,2.71106741887937e-06,1.84352706217254e-06,1.32230873285433e-07,3.74869151175618e-07,all4,2,2,2,2,2.27729724052595e-06,2.53550012230525e-07,1.84352706217254e-06,2.71106741887937e-06,1.32230873285433e-07,3.74869151175618e-07,2.95220371081242,TRUE,TRUE,FALSE,TRUE,irHepatitis,
IL15-IL15RA_IL2RB_IL2RG,IgM+ B cell,Hepatocyte 4,0,0,3.7343731266846e-07,2.56094561205153e-07,all4,2,2,2,2,0,3.14765936936806e-07,0,0,2.56094561205153e-07,3.7343731266846e-07,-2.95128276462991,TRUE,FALSE,TRUE,TRUE,AIH,
HLA-B-CD8A,IgM+ B cell,CD8+ T cell 3,0.000522725923579027,0.000296405227395901,5.53134879859693e-05,5.05660956881866e-05,all4,2,2,2,2,0.000409565575487464,5.29397918370779e-05,0.000296405227395901,0.000522725923579027,5.05660956881866e-05,5.53134879859693e-05,2.9505614803348,TRUE,TRUE,FALSE,TRUE,irHepatitis,
CCL15-CCR1,Stellate cell,CD8+ T cell 1,7.37565639366636e-06,1.50212225454888e-05,7.42534869818656e-07,2.09840570029951e-06,all4,2,2,2,2,1.11984394695776e-05,1.42047028505908e-06,7.37565639366636e-06,1.50212225454888e-05,7.42534869818656e-07,2.09840570029951e-06,2.93815890318745,TRUE,TRUE,FALSE,TRUE,irHepatitis,
FN1-CD44,Cholangiocyte,Hepatocyte 3,6.80139915305275e-07,1.11901841269303e-08,2.69604058815005e-06,3.22228382128819e-06,all4,2,2,2,2,3.45665049716103e-07,2.95916220471912e-06,1.11901841269303e-08,6.80139915305275e-07,2.69604058815005e-06,3.22228382128819e-06,-2.93738173543064,TRUE,FALSE,TRUE,TRUE,AIH,
HLA-B-CD8A,CD8+ T cell 1,Cholangiocyte,0.000174052638492645,8.78164285269327e-05,1.77548382384567e-05,1.64278660884186e-05,all4,2,2,2,2,0.000130934533509789,1.70913521634376e-05,8.78164285269327e-05,0.000174052638492645,1.64278660884186e-05,1.77548382384567e-05,2.93408212378023,TRUE,TRUE,FALSE,TRUE,irHepatitis,
IL15-IL15RA_IL2RB_IL2RG,Sinusoidal endothelial cell,CD4+ T cell,1.38529141212842e-07,3.02503752928818e-07,2.7839062893662e-06,1.18913931154274e-06,all4,2,2,2,2,2.2051644707083e-07,1.98652280045447e-06,1.38529141212842e-07,3.02503752928818e-07,1.18913931154274e-06,2.7839062893662e-06,-2.92749883046514,TRUE,FALSE,TRUE,TRUE,AIH,
HLA-B-CD8A,CD8+ T cell 2,IgG+ B cell,4.53800989600009e-05,7.0025661687197e-05,9.76910107073321e-06,5.34325515027057e-06,all4,2,2,2,2,5.7702880323599e-05,7.55617811050189e-06,4.53800989600009e-05,7.0025661687197e-05,5.34325515027057e-06,9.76910107073321e-06,2.92518626170422,TRUE,TRUE,FALSE,TRUE,irHepatitis,
CCL16-CCR1,Stellate cell,CD8+ T cell 3,4.17987264430279e-05,2.67318409207922e-05,2.73127105074988e-06,6.2382087178122e-06,all4,2,2,2,2,3.426528368191e-05,4.48473988428104e-06,2.67318409207922e-05,4.17987264430279e-05,2.73127105074988e-06,6.2382087178122e-06,2.92065995986651,TRUE,TRUE,FALSE,TRUE,irHepatitis,
CCL5-CCR1,Sinusoidal endothelial cell,IgG+ B cell,3.48809494443018e-07,4.82854455314445e-10,2.30535234923076e-06,9.49102519332747e-07,all4,2,2,2,2,1.74646174449166e-07,1.62722743428175e-06,4.82854455314445e-10,3.48809494443018e-07,9.49102519332747e-07,2.30535234923076e-06,-2.91863296831517,TRUE,FALSE,TRUE,TRUE,AIH,
MHC-I,Cholangiocyte,Cholangiocyte,0.000657678271507234,0.00098444388243856,0.000114683970642454,0.000103100774573848,all4,2,2,2,2,0.000821061076972897,0.000108892372608151,0.000657678271507234,0.00098444388243856,0.000103100774573848,0.000114683970642454,2.91404964653662,TRUE,TRUE,FALSE,TRUE,irHepatitis,
IL15-IL15RA_IL2RB_IL2RG,CD4+ T cell,CD8+ T cell 3,3.55880353158756e-05,6.74882490961626e-06,1.85589091408794e-06,3.68013694159537e-06,all4,2,2,2,2,2.11684301127459e-05,2.76801392784165e-06,6.74882490961626e-06,3.55880353158756e-05,1.85589091408794e-06,3.68013694159537e-06,2.91401542284804,TRUE,TRUE,FALSE,TRUE,irHepatitis,
CCL15-CCR1,Macrophage 2,IgG+ B cell,3.43549728343624e-06,3.27806229708428e-06,2.1603363541896e-07,5.94070750424551e-07,all4,2,2,2,2,3.35677979026026e-06,4.05052192921755e-07,3.27806229708428e-06,3.43549728343624e-06,2.1603363541896e-07,5.94070750424551e-07,2.91329553779482,TRUE,TRUE,FALSE,TRUE,irHepatitis,
CCL5-CCR1,IgM+ B cell,CD8+ T cell 1,5.89405949340699e-05,1.89697376697728e-05,6.04832777265856e-06,4.24840709631495e-06,all4,2,2,2,2,3.89551663019213e-05,5.14836743448675e-06,1.89697376697728e-05,5.89405949340699e-05,4.24840709631495e-06,6.04832777265856e-06,2.90831908899729,TRUE,TRUE,FALSE,TRUE,irHepatitis,
FN1-CD44,CD4+ T cell,Sinusoidal endothelial cell,9.94824480571865e-08,5.40729732755174e-07,2.76325046334556e-06,2.6435792369364e-06,all4,2,2,2,2,3.2010609040618e-07,2.70341485014098e-06,9.94824480571865e-08,5.40729732755174e-07,2.6435792369364e-06,2.76325046334556e-06,-2.90626515853389,TRUE,FALSE,TRUE,TRUE,AIH,
CCL16-CCR1,Cholangiocyte,Hepatocyte 3,3.05745852593248e-07,2.69834090281256e-08,1.19922683071528e-06,1.87818366964567e-06,all4,2,2,2,2,1.66364630810687e-07,1.53870525018047e-06,2.69834090281256e-08,3.05745852593248e-07,1.19922683071528e-06,1.87818366964567e-06,-2.89525269693668,TRUE,FALSE,TRUE,TRUE,AIH,
CCL15-CCR1,Macrophage 2,Vascular endothelial cell,2.925473154457e-06,4.14352173726781e-07,3.76370658320118e-08,3.30977579529738e-07,all4,2,2,2,2,1.66991266409189e-06,1.84307322680875e-07,4.14352173726781e-07,2.925473154457e-06,3.76370658320118e-08,3.30977579529738e-07,2.89333649186464,TRUE,TRUE,FALSE,TRUE,irHepatitis,
IL15-IL15RA_IL2RB_IL2RG,Hepatocyte 4,IgM+ B cell,1.29131380552293e-08,3.62619993612291e-09,2.82845751895114e-07,4.40105801751819e-07,all4,2,2,2,2,8.2696689956761e-09,3.61475776823467e-07,3.62619993612291e-09,1.29131380552293e-08,2.82845751895114e-07,4.40105801751819e-07,-2.89156895712579,TRUE,FALSE,TRUE,TRUE,AIH,
CCL5-CCR1,Macrophage 1,Cholangiocyte,2.41268647511401e-05,8.90092352618067e-06,2.47901114694105e-06,1.91182307720389e-06,all4,2,2,2,2,1.65138941386604e-05,2.19541711207247e-06,8.90092352618067e-06,2.41268647511401e-05,1.91182307720389e-06,2.47901114694105e-06,2.88479849479336,TRUE,TRUE,FALSE,TRUE,irHepatitis,
HLA-B-CD8A,Macrophage 1,Cholangiocyte,0.000144627643148187,4.42044628351008e-05,1.30805823288944e-05,1.24735543467737e-05,all4,2,2,2,2,9.44160529916437e-05,1.27770683378341e-05,4.42044628351008e-05,0.000144627643148187,1.24735543467737e-05,1.30805823288944e-05,2.88092139882061,TRUE,TRUE,FALSE,TRUE,irHepatitis,
HLA-B-CD8A,IgG+ B cell,CD8+ T cell 3,0.000306045081208201,0.000139811323714092,4.0021861836059e-05,2.07708969670448e-05,all4,2,2,2,2,0.000222928202461146,3.03963794015519e-05,0.000139811323714092,0.000306045081208201,2.07708969670448e-05,4.0021861836059e-05,2.87269348159853,TRUE,TRUE,FALSE,TRUE,irHepatitis,
MHC-I,IgG+ plasmablast / plasma cell,CD4+ T cell,0.000319875924374791,0.0005205950496541,5.5650156966077e-05,5.93209168243452e-05,all4,2,2,2,2,0.000420235487014445,5.74855368952111e-05,0.000319875924374791,0.0005205950496541,5.5650156966077e-05,5.93209168243452e-05,2.86891497068532,TRUE,TRUE,FALSE,TRUE,irHepatitis,
IL15-IL15RA_IL2RB_IL2RG,Hepatocyte 2,Macrophage 1,2.1681778146544e-07,1.14556897766999e-08,1.56154511481998e-06,6.81117602905168e-07,all4,2,2,2,2,1.1413673562107e-07,1.12133135886257e-06,1.14556897766999e-08,2.1681778146544e-07,6.81117602905168e-07,1.56154511481998e-06,-2.86009879889269,TRUE,FALSE,TRUE,TRUE,AIH,
CCL5-CCR1,Vascular endothelial cell,CD8+ T cell 3,3.32910586559576e-05,1.10416013908732e-05,3.76525381104861e-06,2.30197591224761e-06,all4,2,2,2,2,2.21663300234154e-05,3.03361486164811e-06,1.10416013908732e-05,3.32910586559576e-05,2.30197591224761e-06,3.76525381104861e-06,2.85024022819646,TRUE,TRUE,FALSE,TRUE,irHepatitis,
VEGFA-FLT1,Macrophage 1,CD8+ T cell 2,2.78907083467013e-05,2.85484062207978e-05,4.43105031266001e-06,3.32346655802428e-06,all4,2,2,2,2,2.82195572837496e-05,3.87725843534215e-06,2.78907083467013e-05,2.85484062207978e-05,3.32346655802428e-06,4.43105031266001e-06,2.84868645797707,TRUE,TRUE,FALSE,TRUE,irHepatitis,
CCL15-CCR1,Vascular endothelial cell,Cholangiocyte,3.02847275709422e-06,1.4225018064716e-06,2.54091966995546e-07,2.83427982479898e-07,all4,2,2,2,2,2.22548728178291e-06,2.68759974737722e-07,1.4225018064716e-06,3.02847275709422e-06,2.54091966995546e-07,2.83427982479898e-07,2.84839433790818,TRUE,TRUE,FALSE,TRUE,irHepatitis,
FN1-SDC1,IgG+ B cell,IgG+ B cell,0.000124500915167019,0.000197330477596069,2.65117876808252e-05,1.81387211712653e-05,all4,2,2,2,2,0.000160915696381544,2.23252544260453e-05,0.000124500915167019,0.000197330477596069,1.81387211712653e-05,2.65117876808252e-05,2.8469582521046,TRUE,TRUE,FALSE,TRUE,irHepatitis,
CCL5-CCR1,CD8+ T cell 1,CD8+ T cell 1,0.000268377352956838,0.000342762537597779,4.26526351010423e-05,4.24947653368806e-05,all4,2,2,2,2,0.000305569945277308,4.25737002189614e-05,0.000268377352956838,0.000342762537597779,4.24947653368806e-05,4.26526351010423e-05,2.84210590292446,TRUE,TRUE,FALSE,TRUE,irHepatitis,
CCL15-CCR1,Stellate cell,CD4+ T cell,4.36124991687465e-06,4.61799785300923e-06,3.05147671625359e-07,8.733978212064e-07,all4,2,2,2,2,4.48962388494194e-06,5.89272746415879e-07,4.36124991687465e-06,4.61799785300923e-06,3.05147671625359e-07,8.733978212064e-07,2.83440828333562,TRUE,TRUE,FALSE,TRUE,irHepatitis,
CCL5-CCR1,Hepatocyte 3,IgG+ B cell,3.85705903561192e-08,2.2711270103368e-08,5.24697814286045e-07,4.85157566960061e-07,all4,2,2,2,2,3.06409302297436e-08,5.04927690623053e-07,2.2711270103368e-08,3.85705903561192e-08,4.85157566960061e-07,5.24697814286045e-07,-2.83374537467674,TRUE,FALSE,TRUE,TRUE,AIH,
VEGFA-FLT1,CD8+ T cell 1,IgM+ B cell,1.20888866309248e-05,1.84665659560552e-05,1.99894498179112e-06,2.20747964015579e-06,all4,2,2,2,2,1.527772629349e-05,2.10321231097345e-06,1.20888866309248e-05,1.84665659560552e-05,1.99894498179112e-06,2.20747964015579e-06,2.83346011679333,TRUE,TRUE,FALSE,TRUE,irHepatitis,
HLA-B-CD8A,CD8+ T cell 1,IgG+ B cell,8.56193358333344e-05,0.000125159941121167,2.03596102126952e-05,9.13370130865824e-06,all4,2,2,2,2,0.000105389638477251,1.47466557606767e-05,8.56193358333344e-05,0.000125159941121167,9.13370130865824e-06,2.03596102126952e-05,2.83334754102744,TRUE,TRUE,FALSE,TRUE,irHepatitis,
IL15-IL15RA_IL2RB_IL2RG,Sinusoidal endothelial cell,Macrophage 1,8.01900910682475e-07,3.4123622112392e-09,3.71754079743413e-06,2.58867526130667e-06,all4,2,2,2,2,4.02656636446857e-07,3.1531080293704e-06,3.4123622112392e-09,8.01900910682475e-07,2.58867526130667e-06,3.71754079743413e-06,-2.83194144482367,TRUE,FALSE,TRUE,TRUE,AIH,
VEGFA-FLT1,IgM+ B cell,CD8+ T cell 2,1.43812228679913e-05,2.9107842241862e-06,8.33577584091193e-07,1.51800281204132e-06,all4,2,2,2,2,8.64600354608875e-06,1.17579019806626e-06,2.9107842241862e-06,1.43812228679913e-05,8.33577584091193e-07,1.51800281204132e-06,2.82994121896946,TRUE,TRUE,FALSE,TRUE,irHepatitis,
IL15-IL15RA_IL2RB_IL2RG,IgM+ B cell,Macrophage 2,0,0,3.7765911119229e-07,1.92991478010065e-07,all4,2,2,2,2,0,2.85325294601177e-07,0,0,1.92991478010065e-07,3.7765911119229e-07,-2.82873046470836,TRUE,FALSE,TRUE,TRUE,AIH,
HLA-B-CD8A,CD4+ T cell,Cholangiocyte,0.000223681998239288,0.000126061863869201,2.65404932013584e-05,2.26168368054621e-05,all4,2,2,2,2,0.000174871931054245,2.45786650034103e-05,0.000126061863869201,0.000223681998239288,2.26168368054621e-05,2.65404932013584e-05,2.8284649224365,TRUE,TRUE,FALSE,TRUE,irHepatitis,
CCL15-CCR1,Stellate cell,CD8+ T cell 2,5.05873566450084e-06,6.93770854445751e-06,2.8874547657835e-07,1.3213051473784e-06,all4,2,2,2,2,5.99822210447917e-06,8.05025311978375e-07,5.05873566450084e-06,6.93770854445751e-06,2.8874547657835e-07,1.3213051473784e-06,2.82720503711935,TRUE,TRUE,FALSE,TRUE,irHepatitis,
MHC-I,CD4+ T cell,IgG+ B cell,0.000136255717569408,0.000253889039803825,2.78195811808948e-05,2.71549247628747e-05,all4,2,2,2,2,0.000195072378686616,2.74872529718847e-05,0.000136255717569408,0.000253889039803825,2.71549247628747e-05,2.78195811808948e-05,2.82506938584059,TRUE,TRUE,FALSE,TRUE,irHepatitis,
FN1-CD44,IgM+ B cell,IgG+ B cell,3.87475676727329e-05,2.99293273153012e-05,5.44430358685438e-06,4.18001356427216e-06,all4,2,2,2,2,3.4338447494017e-05,4.81215857556327e-06,2.99293273153012e-05,3.87475676727329e-05,4.18001356427216e-06,5.44430358685438e-06,2.82308592334315,TRUE,TRUE,FALSE,TRUE,irHepatitis,
CSF1-CSF1R,Cholangiocyte,CD8+ T cell 1,0.000241815007564082,0.000109335626158924,2.64694013489254e-05,2.31023028522445e-05,all4,2,2,2,2,0.000175575316861503,2.4785852100585e-05,0.000109335626158924,0.000241815007564082,2.31023028522445e-05,2.64694013489254e-05,2.8221672681205,TRUE,TRUE,FALSE,TRUE,irHepatitis,
IL15-IL15RA_IL2RB_IL2RG,IgG+ B cell,CD8+ T cell 2,0,0,3.4128517040349e-07,2.26287883300822e-07,all4,2,2,2,2,0,2.83786526852156e-07,0,0,2.26287883300822e-07,3.4128517040349e-07,-2.82202958253563,TRUE,FALSE,TRUE,TRUE,AIH,
CSF1-CSF1R,IgG+ B cell,Hepatocyte 1,6.49237438185344e-06,1.11122405918258e-06,3.95961010101844e-07,5.99669458151723e-07,all4,2,2,2,2,3.80179922051801e-06,4.97815234126784e-07,1.11122405918258e-06,6.49237438185344e-06,3.95961010101844e-07,5.99669458151723e-07,2.82116006912887,TRUE,TRUE,FALSE,TRUE,irHepatitis,
MHC-I,Cholangiocyte,CD8+ T cell 2,0.00044499844158122,0.000459714606442556,5.75904759864472e-05,7.06519522257822e-05,all4,2,2,2,2,0.000452356524011888,6.41212141061147e-05,0.00044499844158122,0.000459714606442556,5.75904759864472e-05,7.06519522257822e-05,2.81768444216562,TRUE,TRUE,FALSE,TRUE,irHepatitis,
IL15-IL15RA_IL2RB_IL2RG,Hepatocyte 2,Hepatocyte 2,0,0,5.17064631078584e-07,4.82216077629884e-08,all4,2,2,2,2,0,2.82643119420786e-07,0,0,4.82216077629884e-08,5.17064631078584e-07,-2.8170301448075,TRUE,FALSE,TRUE,TRUE,AIH,
CCL14-CCR1,Cholangiocyte,CD8+ T cell 3,4.02915534128363e-05,1.17348158151861e-05,1.91286921669939e-06,5.39409048420425e-06,all4,2,2,2,2,2.60131846140112e-05,3.65347985045182e-06,1.17348158151861e-05,4.02915534128363e-05,1.91286921669939e-06,5.39409048420425e-06,2.81614992728606,TRUE,TRUE,FALSE,TRUE,irHepatitis,
CCL15-CCR1,Hepatocyte 4,IgG+ plasmablast / plasma cell,3.49171155849336e-06,1.50779893031309e-07,1.42261598326403e-05,1.19559603588172e-05,all4,2,2,2,2,1.82124572576233e-06,1.30910600957288e-05,1.50779893031309e-07,3.49171155849336e-06,1.19559603588172e-05,1.42261598326403e-05,-2.81416821201007,TRUE,FALSE,TRUE,TRUE,AIH,
HLA-B-CD8A,CD8+ T cell 3,CD8+ T cell 3,0.00191039816324156,0.0037045538086268,0.000433593240638312,0.000366141811654923,all4,2,2,2,2,0.00280747598593418,0.000399867526146618,0.00191039816324156,0.0037045538086268,0.000366141811654923,0.000433593240638312,2.81153504753964,TRUE,TRUE,FALSE,TRUE,irHepatitis,
IL15-IL15RA_IL2RB_IL2RG,Hepatocyte 4,Macrophage 2,0,1.61259595922184e-09,2.18310637291647e-07,3.54909219751671e-07,all4,2,2,2,2,8.06297979610921e-10,2.86609928521659e-07,0,1.61259595922184e-09,2.18310637291647e-07,3.54909219751671e-07,-2.80962578293238,TRUE,FALSE,TRUE,TRUE,AIH,
CCL15-CCR1,Macrophage 2,CD8+ T cell 1,7.28706038496135e-06,5.33606290550097e-06,4.86275018949167e-07,1.2426940204626e-06,all4,2,2,2,2,6.31156164523116e-06,8.64484519705885e-07,5.33606290550097e-06,7.28706038496135e-06,4.86275018949167e-07,1.2426940204626e-06,2.80276263768332,TRUE,TRUE,FALSE,TRUE,irHepatitis,
VEGFA-FLT1,CD8+ T cell 3,Hepatocyte 4,1.46180448951767e-05,4.3498190668727e-05,4.52552005833576e-06,3.73576487678264e-06,all4,2,2,2,2,2.90581177819518e-05,4.1306424675592e-06,1.46180448951767e-05,4.3498190668727e-05,3.73576487678264e-06,4.52552005833576e-06,2.80058874854231,TRUE,TRUE,FALSE,TRUE,irHepatitis,
IL15-IL15RA_IL2RB_IL2RG,Sinusoidal endothelial cell,Macrophage 2,0,1.37161197709669e-09,9.8994244544231e-08,4.63302886925547e-07,all4,2,2,2,2,6.85805988548347e-10,2.81148565734889e-07,0,1.37161197709669e-09,9.8994244544231e-08,4.63302886925547e-07,-2.78945467940753,TRUE,FALSE,TRUE,TRUE,AIH,
CCL16-CCR1,CD4+ T cell,CD8+ T cell 1,1.98999433970162e-05,6.27648233016771e-06,1.45313095050113e-06,2.25804935443178e-06,all4,2,2,2,2,1.3088212863592e-05,1.85559015246645e-06,6.27648233016771e-06,1.98999433970162e-05,1.45313095050113e-06,2.25804935443178e-06,2.78757130070816,TRUE,TRUE,FALSE,TRUE,irHepatitis,
MHC-I,IgG+ plasmablast / plasma cell,IgM+ B cell,0.000289594932530336,0.000138139215125141,3.12387451451359e-05,3.06521229424906e-05,all4,2,2,2,2,0.000213867073827738,3.09454340438133e-05,0.000138139215125141,0.000289594932530336,3.06521229424906e-05,3.12387451451359e-05,2.78705377360307,TRUE,TRUE,FALSE,TRUE,irHepatitis,
VEGFA-FLT1,CD8+ T cell 1,CD4+ T cell,1.0895544764081e-05,1.76764626806523e-05,2.14399073474386e-06,1.91684243019285e-06,all4,2,2,2,2,1.42860037223666e-05,2.03041658246836e-06,1.0895544764081e-05,1.76764626806523e-05,1.91684243019285e-06,2.14399073474386e-06,2.78663277819605,TRUE,TRUE,FALSE,TRUE,irHepatitis,
CCL15-CCR1,Vascular endothelial cell,Macrophage 2,9.54360925292466e-06,3.46038165773364e-06,5.77127749737587e-07,1.22830392000657e-06,all4,2,2,2,2,6.50199545532915e-06,9.02715834872077e-07,3.46038165773364e-06,9.54360925292466e-06,5.77127749737587e-07,1.22830392000657e-06,2.78604321908408,TRUE,TRUE,FALSE,TRUE,irHepatitis,
MHC-I,CD8+ T cell 1,IgG+ B cell,8.56193358333344e-05,0.000184004411007726,2.66936215466316e-05,1.23530571129664e-05,all4,2,2,2,2,0.00013481187342053,1.9523339329799e-05,8.56193358333344e-05,0.000184004411007726,1.23530571129664e-05,2.66936215466316e-05,2.78472614395561,TRUE,TRUE,FALSE,TRUE,irHepatitis,
VEGFA-FLT1,CD8+ T cell 1,Cholangiocyte,8.60567372585366e-06,2.66736303395348e-06,6.05078141497291e-07,9.51582257022077e-07,all4,2,2,2,2,5.63651837990357e-06,7.78330199259684e-07,2.66736303395348e-06,8.60567372585366e-06,6.05078141497291e-07,9.51582257022077e-07,2.78412914263889,TRUE,TRUE,FALSE,TRUE,irHepatitis,
HLA-B-CD8A,Vascular endothelial cell,CD8+ T cell 2,0.000189491136049584,0.00011722446424054,2.2787659138413e-05,2.18589843296616e-05,all4,2,2,2,2,0.000153357800145062,2.23233217340373e-05,0.00011722446424054,0.000189491136049584,2.18589843296616e-05,2.2787659138413e-05,2.77770002422868,TRUE,TRUE,FALSE,TRUE,irHepatitis,
CCL5-CCR1,CD8+ T cell 3,Vascular endothelial cell,4.76364732839111e-05,2.60282098644348e-05,5.64376660043691e-06,5.04973227856118e-06,all4,2,2,2,2,3.68323415741729e-05,5.34674943949905e-06,2.60282098644348e-05,4.76364732839111e-05,5.04973227856118e-06,5.64376660043691e-06,2.77351180460271,TRUE,TRUE,FALSE,TRUE,irHepatitis,
CCL15-CCR1,Stellate cell,Macrophage 2,7.27237954342674e-06,1.40663245378922e-05,6.48640776179331e-07,2.39846126260809e-06,all4,2,2,2,2,1.06693520406595e-05,1.52355101939371e-06,7.27237954342674e-06,1.40663245378922e-05,6.48640776179331e-07,2.39846126260809e-06,2.77067481403877,TRUE,TRUE,FALSE,TRUE,irHepatitis,
MHC-I,Hepatocyte 3,Hepatocyte 3,8.64806041699905e-06,1.47685723612965e-05,0.000121284218541687,3.89578397122272e-05,all4,2,2,2,2,1.17083163891478e-05,8.01210291269571e-05,8.64806041699905e-06,1.47685723612965e-05,3.89578397122272e-05,0.000121284218541687,-2.76974084145153,TRUE,FALSE,TRUE,TRUE,AIH,
CSF1-CSF1R,Cholangiocyte,CD8+ T cell 3,0.00020374178779792,0.00017950493881215,2.91357466595709e-05,2.69967248043213e-05,all4,2,2,2,2,0.000191623363305035,2.80662357319461e-05,0.00017950493881215,0.00020374178779792,2.69967248043213e-05,2.91357466595709e-05,2.76931723691604,TRUE,TRUE,FALSE,TRUE,irHepatitis,
CCL16-CCR1,CD4+ T cell,Vascular endothelial cell,1.10182309246537e-05,1.25808426536433e-06,8.22066212685571e-07,9.0207851577801e-07,all4,2,2,2,2,6.138157595009e-06,8.6207236423179e-07,1.25808426536433e-06,1.10182309246537e-05,8.22066212685571e-07,9.0207851577801e-07,2.76669499109729,TRUE,TRUE,FALSE,TRUE,irHepatitis,
CSF1-CSF1R,Cholangiocyte,Macrophage 1,0.000474171439957469,0.000278688197417327,6.0500789046179e-05,5.02414520662416e-05,all4,2,2,2,2,0.000376429818687398,5.53711205562103e-05,0.000278688197417327,0.000474171439957469,5.02414520662416e-05,6.0500789046179e-05,2.76413711176375,TRUE,TRUE,FALSE,TRUE,irHepatitis,
CSF1-CSF1R,CD8+ T cell 2,Cholangiocyte,7.53646237240642e-05,3.0202972354237e-05,6.40971303228305e-06,9.07872523123475e-06,all4,2,2,2,2,5.27837980391506e-05,7.7442191317589e-06,3.0202972354237e-05,7.53646237240642e-05,6.40971303228305e-06,9.07872523123475e-06,2.76149920990787,TRUE,TRUE,FALSE,TRUE,irHepatitis,
CCL5-CCR1,Macrophage 2,CD8+ T cell 1,3.32446437718562e-05,2.27524599519374e-05,4.36725227238667e-06,3.83411893678534e-06,all4,2,2,2,2,2.79985518618968e-05,4.100685604586e-06,2.27524599519374e-05,3.32446437718562e-05,3.83411893678534e-06,4.36725227238667e-06,2.75747051259332,TRUE,TRUE,FALSE,TRUE,irHepatitis,
CSF1-CSF1R,IgG+ B cell,CD8+ T cell 2,8.67146803625465e-06,1.4864511214543e-06,5.26339943487127e-07,8.99995187480277e-07,all4,2,2,2,2,5.07895957885447e-06,7.13167565483702e-07,1.4864511214543e-06,8.67146803625465e-06,5.26339943487127e-07,8.99995187480277e-07,2.75385266016209,TRUE,TRUE,FALSE,TRUE,irHepatitis,
VEGFA-FLT1,CD8+ T cell 3,IgM+ B cell,3.96803411645342e-05,1.42864316144089e-05,3.98640925966716e-06,3.93987240968874e-06,all4,2,2,2,2,2.69833863894716e-05,3.96314083467795e-06,1.42864316144089e-05,3.96803411645342e-05,3.93987240968874e-06,3.98640925966716e-06,2.7529369101314,TRUE,TRUE,FALSE,TRUE,irHepatitis,
MHC-I,CD8+ T cell 3,CD8+ T cell 3,0.00191039816324156,0.00626321210645157,0.000655898266031465,0.000556903199949969,all4,2,2,2,2,0.00408680513484657,0.000606400732990717,0.00191039816324156,0.00626321210645157,0.000556903199949969,0.000655898266031465,2.75253535640528,TRUE,TRUE,FALSE,TRUE,irHepatitis,
HLA-B-CD8A,CD4+ T cell,CD8+ T cell 3,0.00062766090740717,0.000317075621892887,6.46615501272983e-05,7.56595719636097e-05,all4,2,2,2,2,0.000472368264650028,7.0160561045454e-05,0.000317075621892887,0.00062766090740717,6.46615501272983e-05,7.56595719636097e-05,2.75036181006155,TRUE,TRUE,FALSE,TRUE,irHepatitis,
CCL14-CCR1,Vascular endothelial cell,CD8+ T cell 3,0.000180597537574869,5.77571826209568e-05,2.45418190974687e-05,1.08614344710916e-05,all4,2,2,2,2,0.000119177360097913,1.77016267842802e-05,5.77571826209568e-05,0.000180597537574869,1.08614344710916e-05,2.45418190974687e-05,2.74791769732628,TRUE,TRUE,FALSE,TRUE,irHepatitis,
HLA-B-CD8A,IgG+ B cell,IgM+ B cell,0.000154523093899038,6.0674280910338e-05,1.80292578407785e-05,1.40272986786557e-05,all4,2,2,2,2,0.000107598687404688,1.60282782597171e-05,6.0674280910338e-05,0.000154523093899038,1.40272986786557e-05,1.80292578407785e-05,2.74339473642835,TRUE,TRUE,FALSE,TRUE,irHepatitis,
MHC-I,CD8+ T cell 1,Cholangiocyte,0.000174052638492645,0.000121703490171722,2.31742959852738e-05,2.14519673721066e-05,all4,2,2,2,2,0.000147878064332184,2.23131316786902e-05,0.000121703490171722,0.000174052638492645,2.14519673721066e-05,2.31742959852738e-05,2.72588015880644,TRUE,TRUE,FALSE,TRUE,irHepatitis,
IL15-IL15RA_IL2RB_IL2RG,Hepatocyte 4,Stellate cell,8.08007123339628e-08,6.41214924651181e-10,5.42642792616434e-07,5.16283096364297e-07,all4,2,2,2,2,4.0720963629307e-08,5.29462944490365e-07,6.41214924651181e-10,8.08007123339628e-08,5.16283096364297e-07,5.42642792616434e-07,-2.71986227273487,TRUE,FALSE,TRUE,TRUE,AIH,
CCL16-CCR1,Macrophage 2,CD8+ T cell 3,2.08212309854664e-05,1.03616932574939e-05,1.55607392665964e-06,3.12222712148284e-06,all4,2,2,2,2,1.55914621214801e-05,2.33915052407124e-06,1.03616932574939e-05,2.08212309854664e-05,1.55607392665964e-06,3.12222712148284e-06,2.71247477547769,TRUE,TRUE,FALSE,TRUE,irHepatitis,
HLA-B-CD8A,CD8+ T cell 1,IgM+ B cell,0.000162674575572286,0.000102363370170353,2.31322632921837e-05,1.72322169672694e-05,all4,2,2,2,2,0.000132518972871319,2.01822401297265e-05,0.000102363370170353,0.000162674575572286,1.72322169672694e-05,2.31322632921837e-05,2.71221217433245,TRUE,TRUE,FALSE,TRUE,irHepatitis,
IL15-IL15RA_IL2RB_IL2RG,Hepatocyte 4,Cholangiocyte,7.06378499137547e-08,0,3.84669176496672e-07,5.97087757887103e-07,all4,2,2,2,2,3.53189249568774e-08,4.90878467191887e-07,0,7.06378499137547e-08,3.84669176496672e-07,5.97087757887103e-07,-2.71184669152234,TRUE,FALSE,TRUE,TRUE,AIH,
CCL14-CCR1,Stellate cell,CD8+ T cell 2,4.2763041314211e-05,2.0854186980412e-05,2.96323669941529e-06,6.78719275289462e-06,all4,2,2,2,2,3.18086141473115e-05,4.87521472615495e-06,2.0854186980412e-05,4.2763041314211e-05,2.96323669941529e-06,6.78719275289462e-06,2.69423251996285,TRUE,TRUE,FALSE,TRUE,irHepatitis,
MHC-I,IgM+ B cell,CD8+ T cell 3,0.000522725923579027,0.000538859750599821,8.73276119114136e-05,7.68183897246342e-05,all4,2,2,2,2,0.000530792837089424,8.20730008180239e-05,0.000522725923579027,0.000538859750599821,7.68183897246342e-05,8.73276119114136e-05,2.69247495274211,TRUE,TRUE,FALSE,TRUE,irHepatitis,
CCL15-CCR1,Macrophage 2,Macrophage 2,6.89418701244098e-06,9.90408042631233e-06,6.51765289199975e-07,1.87006038442753e-06,all4,2,2,2,2,8.39913371937665e-06,1.26091283681375e-06,6.89418701244098e-06,9.90408042631233e-06,6.51765289199975e-07,1.87006038442753e-06,2.69126685910935,TRUE,TRUE,FALSE,TRUE,irHepatitis,
CCL16-CCR1,Stellate cell,CD8+ T cell 1,3.03529580765609e-05,2.06600365083677e-05,2.05726057414027e-06,5.7726099913689e-06,all4,2,2,2,2,2.55064972924643e-05,3.91493528275459e-06,2.06600365083677e-05,3.03529580765609e-05,2.05726057414027e-06,5.7726099913689e-06,2.68932345547247,TRUE,TRUE,FALSE,TRUE,irHepatitis,
CCL5-CCR1,Vascular endothelial cell,CD8+ T cell 1,2.75630917422052e-05,9.1038895876655e-06,3.09824921005111e-06,2.52839567648604e-06,all4,2,2,2,2,1.83334906649353e-05,2.81332244326858e-06,9.1038895876655e-06,2.75630917422052e-05,2.52839567648604e-06,3.09824921005111e-06,2.68403621150115,TRUE,TRUE,FALSE,TRUE,irHepatitis,
CCL16-CCR1,IgG+ B cell,Macrophage 1,1.72096211949723e-05,7.52102349816682e-06,2.29479184216927e-06,1.47827888008843e-06,all4,2,2,2,2,1.23653223465695e-05,1.88653536112885e-06,7.52102349816682e-06,1.72096211949723e-05,1.47827888008843e-06,2.29479184216927e-06,2.68262364226573,TRUE,TRUE,FALSE,TRUE,irHepatitis,
CCL15-CCR1,CD4+ T cell,CD8+ T cell 1,4.45619575341097e-06,1.23565226196103e-06,3.65922879812914e-07,4.48539516731348e-07,all4,2,2,2,2,2.845924007686e-06,4.07231198272131e-07,1.23565226196103e-06,4.45619575341097e-06,3.65922879812914e-07,4.48539516731348e-07,2.67172539252923,TRUE,TRUE,FALSE,TRUE,irHepatitis,
CSF1-CSF1R,IgG+ B cell,CD8+ T cell 1,2.53656754258049e-05,2.78992503140459e-05,4.34112623941209e-06,3.96221457756008e-06,all4,2,2,2,2,2.66324628699254e-05,4.15167040848609e-06,2.53656754258049e-05,2.78992503140459e-05,3.96221457756008e-06,4.34112623941209e-06,2.66780038026943,TRUE,TRUE,FALSE,TRUE,irHepatitis,
MHC-I,Cholangiocyte,CD8+ T cell 3,0.00072116771826268,0.000719757838527481,0.000101746757411047,0.000125617704061647,all4,2,2,2,2,0.000720462778395081,0.000113682230736347,0.000719757838527481,0.00072116771826268,0.000101746757411047,0.000125617704061647,2.66341768089746,TRUE,TRUE,FALSE,TRUE,irHepatitis,
IL15-IL15RA_IL2RB_IL2RG,CD8+ T cell 1,CD8+ T cell 3,1.72623704247343e-05,3.28852459736956e-05,3.54924497342619e-06,4.29508078679404e-06,all4,2,2,2,2,2.5073808199215e-05,3.92216288011011e-06,1.72623704247343e-05,3.28852459736956e-05,3.54924497342619e-06,4.29508078679404e-06,2.66205570430597,TRUE,TRUE,FALSE,TRUE,irHepatitis,
MHC-I,CD4+ T cell,Cholangiocyte,0.000223681998239288,0.000188212754944767,3.42758844757276e-05,3.09945075533072e-05,all4,2,2,2,2,0.000205947376592028,3.26351960145174e-05,0.000188212754944767,0.000223681998239288,3.09945075533072e-05,3.42758844757276e-05,2.65603776994351,TRUE,TRUE,FALSE,TRUE,irHepatitis,
VEGFA-FLT1,CD4+ T cell,Cholangiocyte,1.30930027529912e-05,2.78981282635927e-06,1.02229301145681e-06,1.42131683137223e-06,all4,2,2,2,2,7.94140778967524e-06,1.22180492141452e-06,2.78981282635927e-06,1.30930027529912e-05,1.02229301145681e-06,1.42131683137223e-06,2.65468616889837,TRUE,TRUE,FALSE,TRUE,irHepatitis,
IL15-IL15RA_IL2RB_IL2RG,Macrophage 2,Hepatocyte 4,0,0,3.24654860332971e-07,1.6839865413807e-07,all4,2,2,2,2,0,2.46526757235521e-07,0,0,1.6839865413807e-07,3.24654860332971e-07,-2.64947720992218,TRUE,FALSE,TRUE,TRUE,AIH,
CCL5-CCR1,CD8+ T cell 2,CD8+ T cell 3,0.000289677278903564,0.000267863340211476,5.53891683230895e-05,3.34520158763906e-05,all4,2,2,2,2,0.00027877030955752,4.44205920997401e-05,0.000267863340211476,0.000289677278903564,3.34520158763906e-05,5.53891683230895e-05,2.6485010218962,TRUE,TRUE,FALSE,TRUE,irHepatitis,
CCL5-CCR1,CD8+ T cell 1,CD8+ T cell 3,0.000264589455645625,0.000273113703747478,4.89084357110586e-05,3.7046626345643e-05,all4,2,2,2,2,0.000268851579696551,4.29775310283508e-05,0.000264589455645625,0.000273113703747478,3.7046626345643e-05,4.89084357110586e-05,2.64383807917389,TRUE,TRUE,FALSE,TRUE,irHepatitis,
HLA-B-CD8A,IgM+ B cell,CD8+ T cell 1,0.000400062371253308,0.000400782247047381,6.65281182311185e-05,6.15625610914786e-05,all4,2,2,2,2,0.000400422309150345,6.40453396612986e-05,0.000400062371253308,0.000400782247047381,6.15625610914786e-05,6.65281182311185e-05,2.64347275288626,TRUE,TRUE,FALSE,TRUE,irHepatitis,
CCL15-CCR1,CD8+ T cell 1,CD8+ T cell 3,1.27839516201393e-05,2.18688002840525e-05,2.71048971702937e-06,2.75975803322128e-06,all4,2,2,2,2,1.73263759520959e-05,2.73512387512533e-06,1.27839516201393e-05,2.18688002840525e-05,2.71048971702937e-06,2.75975803322128e-06,2.64273268778608,TRUE,TRUE,FALSE,TRUE,irHepatitis,
MHC-I,CD8+ T cell 3,IgM+ B cell,0.000234807623546836,9.16098539274011e-05,3.06208236690095e-05,2.16271620120983e-05,all4,2,2,2,2,0.000163208738737118,2.61239928405539e-05,9.16098539274011e-05,0.000234807623546836,2.16271620120983e-05,3.06208236690095e-05,2.64110516761587,TRUE,TRUE,FALSE,TRUE,irHepatitis,
HLA-B-CD8A,CD4+ T cell,IgG+ plasmablast / plasma cell,0.000185514479388736,0.000200379960264931,2.94383796294478e-05,3.23983569589988e-05,all4,2,2,2,2,0.000192947219826833,3.09183682942233e-05,0.000185514479388736,0.000200379960264931,2.94383796294478e-05,3.23983569589988e-05,2.63984028905747,TRUE,TRUE,FALSE,TRUE,irHepatitis,
FN1-CD44,CD4+ T cell,Hepatocyte 3,3.93470216865437e-08,1.13553061495138e-07,7.02701550813018e-07,7.36482998285577e-07,all4,2,2,2,2,7.6450041590841e-08,7.19592274549298e-07,3.93470216865437e-08,1.13553061495138e-07,7.02701550813018e-07,7.36482998285577e-07,-2.63708189372512,TRUE,FALSE,TRUE,TRUE,AIH,
IL15-IL15RA_IL2RB_IL2RG,Macrophage 1,Hepatocyte 2,0,0,3.67335088113795e-07,1.20536650879326e-07,all4,2,2,2,2,0,2.4393586949656e-07,0,0,1.20536650879326e-07,3.67335088113795e-07,-2.63667498605575,TRUE,FALSE,TRUE,TRUE,AIH,
IL15-IL15RA_IL2RB_IL2RG,IgM+ B cell,Stellate cell,4.53658710496251e-06,5.66822452817882e-07,5.34921303921921e-07,2.07528744483804e-07,all4,2,2,2,2,2.5517047788902e-06,3.71225024202862e-07,5.66822452817882e-07,4.53658710496251e-06,2.07528744483804e-07,5.34921303921921e-07,2.63619352608712,TRUE,TRUE,FALSE,TRUE,irHepatitis,
CCL15-CCR1,Cholangiocyte,CD8+ T cell 3,3.45084777308914e-05,1.28886952937062e-05,1.90156502750201e-06,5.66077103200234e-06,all4,2,2,2,2,2.36985865122988e-05,3.78116802975217e-06,1.28886952937062e-05,3.45084777308914e-05,1.90156502750201e-06,5.66077103200234e-06,2.63301543983827,TRUE,TRUE,FALSE,TRUE,irHepatitis,
MHC-I,Macrophage 1,Cholangiocyte,0.000144627643148187,6.09012424343963e-05,1.69586361523131e-05,1.61189798703824e-05,all4,2,2,2,2,0.000102764442791291,1.65388080113477e-05,6.09012424343963e-05,0.000144627643148187,1.61189798703824e-05,1.69586361523131e-05,2.63199858961178,TRUE,TRUE,FALSE,TRUE,irHepatitis,
HLA-B-CD8A,CD4+ T cell,CD4+ T cell,0.00064798602289142,0.000720504138618501,9.42619565106182e-05,0.000126464911441117,all4,2,2,2,2,0.000684245080754961,0.000110363433975868,0.00064798602289142,0.000720504138618501,9.42619565106182e-05,0.000126464911441117,2.63173858192615,TRUE,TRUE,FALSE,TRUE,irHepatitis,
CCL5-CCR1,CD8+ T cell 3,Macrophage 1,0.000294753156409064,0.000600838525161327,7.24353992213557e-05,7.24440880938342e-05,all4,2,2,2,2,0.000447795840785196,7.2439743657595e-05,0.000294753156409064,0.000600838525161327,7.24353992213557e-05,7.24440880938342e-05,2.62720779137199,TRUE,TRUE,FALSE,TRUE,irHepatitis,
CSF1-CSF1R,IgG+ plasmablast / plasma cell,Vascular endothelial cell,4.90802339567435e-05,2.94416363310037e-05,6.49537670723613e-06,6.16015888380929e-06,all4,2,2,2,2,3.92609351438736e-05,6.32776779552271e-06,2.94416363310037e-05,4.90802339567435e-05,6.16015888380929e-06,6.49537670723613e-06,2.62442513461279,TRUE,TRUE,FALSE,TRUE,irHepatitis,
IL15-IL15RA_IL2RB_IL2RG,CD8+ T cell 3,Macrophage 2,0,7.05272220972941e-08,2.0335514414519e-07,7.13756417992086e-07,all4,2,2,2,2,3.52636110486471e-08,4.58555781068638e-07,0,7.05272220972941e-08,2.0335514414519e-07,7.13756417992086e-07,-2.62336498480273,TRUE,FALSE,TRUE,TRUE,AIH,
HLA-B-CD8A,Hepatocyte 3,Hepatocyte 3,8.64806041699905e-06,1.22500976446061e-05,9.99044362810952e-05,2.93392914100643e-05,all4,2,2,2,2,1.04490790308026e-05,6.46218638455797e-05,8.64806041699905e-06,1.22500976446061e-05,2.93392914100643e-05,9.99044362810952e-05,-2.6232506838299,TRUE,FALSE,TRUE,TRUE,AIH,
CCL5-CCR1,Stellate cell,CD8+ T cell 2,1.27677608724765e-05,8.90496004072141e-06,1.38145493855843e-06,2.07977484463407e-06,all4,2,2,2,2,1.0836360456599e-05,1.73061489159625e-06,8.90496004072141e-06,1.27677608724765e-05,1.38145493855843e-06,2.07977484463407e-06,2.6142857613228,TRUE,TRUE,FALSE,TRUE,irHepatitis,
FN1-SDC1,Macrophage 1,Cholangiocyte,0.000104760841047546,5.99937556377672e-05,1.15843962804824e-05,1.52677430338069e-05,all4,2,2,2,2,8.23772983426564e-05,1.34260696571446e-05,5.99937556377672e-05,0.000104760841047546,1.15843962804824e-05,1.52677430338069e-05,2.61301438086216,TRUE,TRUE,FALSE,TRUE,irHepatitis,
HLA-B-CD8A,IgM+ B cell,CD8+ T cell 2,0.000192594672978896,0.000126154644999507,2.20062080418709e-05,3.01550038327224e-05,all4,2,2,2,2,0.000159374658989201,2.60806059372966e-05,0.000126154644999507,0.000192594672978896,2.20062080418709e-05,3.01550038327224e-05,2.60921279639039,TRUE,TRUE,FALSE,TRUE,irHepatitis,
VEGFA-FLT1,Cholangiocyte,Hepatocyte 4,4.91758236001411e-05,1.11995672791152e-05,3.73264380670715e-06,6.1207650578833e-06,all4,2,2,2,2,3.01876954396281e-05,4.92670443229523e-06,1.11995672791152e-05,4.91758236001411e-05,3.73264380670715e-06,6.1207650578833e-06,2.60387531480763,TRUE,TRUE,FALSE,TRUE,irHepatitis,
CCL16-CCR1,Macrophage 2,Cholangiocyte,1.08013230048827e-05,3.07608205894742e-06,5.73706564452497e-07,1.63833556632129e-06,all4,2,2,2,2,6.93870253191504e-06,1.10602106538689e-06,3.07608205894742e-06,1.08013230048827e-05,5.73706564452497e-07,1.63833556632129e-06,2.59925773011494,TRUE,TRUE,FALSE,TRUE,irHepatitis,
CCL15-CCR1,CD4+ T cell,IgM+ B cell,6.1403783725512e-06,1.9345214843103e-06,4.85186714638997e-07,7.69882716432637e-07,all4,2,2,2,2,4.03744992843075e-06,6.27534715535817e-07,1.9345214843103e-06,6.1403783725512e-06,4.85186714638997e-07,7.69882716432637e-07,2.59864109231035,TRUE,TRUE,FALSE,TRUE,irHepatitis,
IL15-IL15RA_IL2RB_IL2RG,Hepatocyte 2,Hepatocyte 1,1.33690510833768e-07,4.72506185765413e-08,1.40266904063088e-06,1.64310363096393e-07,all4,2,2,2,2,9.04705647051546e-08,7.83489701863637e-07,4.72506185765413e-08,1.33690510833768e-07,1.64310363096393e-07,1.40266904063088e-06,-2.59711671272355,TRUE,FALSE,TRUE,TRUE,AIH,
VEGFA-FLT1,CD4+ T cell,CD4+ T cell,3.68021304452333e-05,3.26798336344189e-05,5.50041984390769e-06,5.93359414080915e-06,all4,2,2,2,2,3.47409820398261e-05,5.71700699235842e-06,3.26798336344189e-05,3.68021304452333e-05,5.50041984390769e-06,5.93359414080915e-06,2.59349924506331,TRUE,TRUE,FALSE,TRUE,irHepatitis,
VEGFA-FLT1,CD8+ T cell 3,CD4+ T cell,4.04769352587405e-05,1.00872763436804e-05,3.98089426710976e-06,4.34494053682654e-06,all4,2,2,2,2,2.52821058012105e-05,4.16291740196815e-06,1.00872763436804e-05,4.04769352587405e-05,3.98089426710976e-06,4.34494053682654e-06,2.58900653213612,TRUE,TRUE,FALSE,TRUE,irHepatitis,
CCL14-CCR1,CD4+ T cell,CD8+ T cell 3,5.34720164341321e-05,1.08313272087835e-05,4.87137337582244e-06,5.7439969268042e-06,all4,2,2,2,2,3.21516718214578e-05,5.30768515131332e-06,1.08313272087835e-05,5.34720164341321e-05,4.87137337582244e-06,5.7439969268042e-06,2.58818587023949,TRUE,TRUE,FALSE,TRUE,irHepatitis,
HLA-B-CD8A,Vascular endothelial cell,CD8+ T cell 3,0.000399706759332687,0.000257153989928885,5.06190661659287e-05,5.88374314580979e-05,all4,2,2,2,2,0.000328430374630786,5.47282488120133e-05,0.000257153989928885,0.000399706759332687,5.06190661659287e-05,5.88374314580979e-05,2.58420366454936,TRUE,TRUE,FALSE,TRUE,irHepatitis,
HLA-B-CD8A,Hepatocyte 4,IgG+ B cell,1.88377503428489e-05,6.86018834891413e-05,9.97279383740661e-06,4.54698170429289e-06,all4,2,2,2,2,4.37198169159951e-05,7.25988777084975e-06,1.88377503428489e-05,6.86018834891413e-05,4.54698170429289e-06,9.97279383740661e-06,2.58255123257952,TRUE,TRUE,FALSE,TRUE,irHepatitis,
CCL16-CCR1,CD4+ T cell,CD4+ T cell,2.97929627540173e-05,1.22062385732053e-05,2.07394355945175e-06,4.87370609367339e-06,all4,2,2,2,2,2.09996006636113e-05,3.47382482656257e-06,1.22062385732053e-05,2.97929627540173e-05,2.07394355945175e-06,4.87370609367339e-06,2.57969051174042,TRUE,TRUE,FALSE,TRUE,irHepatitis,
IL15-IL15RA_IL2RB_IL2RG,Hepatocyte 1,Vascular endothelial cell,0,0,2.60235771672838e-07,2.02885867525834e-07,all4,2,2,2,2,0,2.31560819599336e-07,0,0,2.02885867525834e-07,2.60235771672838e-07,-2.5739088895611,TRUE,FALSE,TRUE,TRUE,AIH,
VEGFA-FLT1,Cholangiocyte,CD4+ T cell,0.000129274334920741,0.000305629030171417,2.94798984527964e-05,4.35166541103286e-05,all4,2,2,2,2,0.000217451682546079,3.64982762815625e-05,0.000129274334920741,0.000305629030171417,2.94798984527964e-05,4.35166541103286e-05,2.57325834762943,TRUE,TRUE,FALSE,TRUE,irHepatitis,
HLA-B-CD8A,IgG+ B cell,CD8+ T cell 2,9.54113145349688e-05,9.78058960058001e-05,1.94391396281245e-05,1.29648636275721e-05,all4,2,2,2,2,9.66086052703845e-05,1.62020016278483e-05,9.54113145349688e-05,9.78058960058001e-05,1.29648636275721e-05,1.94391396281245e-05,2.57252150606097,TRUE,TRUE,FALSE,TRUE,irHepatitis,
VEGFA-FLT1,Cholangiocyte,Hepatocyte 1,2.47516120340141e-05,2.77370272590471e-05,3.55322789733555e-06,5.20364159727533e-06,all4,2,2,2,2,2.62443196465306e-05,4.37843474730544e-06,2.47516120340141e-05,2.77370272590471e-05,3.55322789733555e-06,5.20364159727533e-06,2.57076588763303,TRUE,TRUE,FALSE,TRUE,irHepatitis,
IL15-IL15RA_IL2RB_IL2RG,Hepatocyte 1,Hepatocyte 2,0,0,4.0154091470162e-07,6.03545591353969e-08,all4,2,2,2,2,0,2.30947736918509e-07,0,0,6.03545591353969e-08,4.0154091470162e-07,-2.57072720220366,TRUE,FALSE,TRUE,TRUE,AIH,
CCL5-CCR1,Cholangiocyte,CD4+ T cell,3.8466037865723e-05,1.95890300346628e-05,5.83989621960664e-06,3.86214411447171e-06,all4,2,2,2,2,2.90275339501929e-05,4.85102016703918e-06,1.95890300346628e-05,3.8466037865723e-05,3.86214411447171e-06,5.83989621960664e-06,2.56954906658098,TRUE,TRUE,FALSE,TRUE,irHepatitis,
CCL15-CCR1,Stellate cell,Macrophage 1,1.94314109645317e-05,2.88373926397217e-05,2.06696995727972e-06,6.00088639757191e-06,all4,2,2,2,2,2.41344018021267e-05,4.03392817742582e-06,1.94314109645317e-05,2.88373926397217e-05,2.06696995727972e-06,6.00088639757191e-06,2.56700498587577,TRUE,TRUE,FALSE,TRUE,irHepatitis,
HLA-B-CD8A,Macrophage 2,CD8+ T cell 3,0.000378201920736701,0.000414705728679853,6.44482835927998e-05,6.94908796425064e-05,all4,2,2,2,2,0.000396453824708277,6.69695816176531e-05,0.000378201920736701,0.000414705728679853,6.44482835927998e-05,6.94908796425064e-05,2.5647385086566,TRUE,TRUE,FALSE,TRUE,irHepatitis,
CSF1-CSF1R,IgG+ plasmablast / plasma cell,Macrophage 2,7.64508456424489e-05,0.00013916058874985,1.8337542290862e-05,1.8055621505542e-05,all4,2,2,2,2,0.00010780571719615,1.8196581898202e-05,7.64508456424489e-05,0.00013916058874985,1.8055621505542e-05,1.8337542290862e-05,2.56361867211151,TRUE,TRUE,FALSE,TRUE,irHepatitis,
FN1-CD44,IgM+ B cell,IgG+ plasmablast / plasma cell,5.01452187790166e-05,6.70607996460091e-05,1.19983874106008e-05,7.76266957595286e-06,all4,2,2,2,2,5.86030092125129e-05,9.88052849327682e-06,5.01452187790166e-05,6.70607996460091e-05,7.76266957595286e-06,1.19983874106008e-05,2.56265619091826,TRUE,TRUE,FALSE,TRUE,irHepatitis,
CCL15-CCR1,Sinusoidal endothelial cell,CD8+ T cell 1,1.35768995493312e-05,2.55305765264244e-05,2.82326680654456e-06,3.81935852632039e-06,all4,2,2,2,2,1.95537380378778e-05,3.32131266643248e-06,1.35768995493312e-05,2.55305765264244e-05,2.82326680654456e-06,3.81935852632039e-06,2.54090214603537,TRUE,TRUE,FALSE,TRUE,irHepatitis,
CCL5-CCR1,CD8+ T cell 3,CD4+ T cell,0.00012949176352148,5.61195164711495e-05,1.40390451429824e-05,1.77883484701666e-05,all4,2,2,2,2,9.28056399963147e-05,1.59136968065745e-05,5.61195164711495e-05,0.00012949176352148,1.40390451429824e-05,1.77883484701666e-05,2.54043873463824,TRUE,TRUE,FALSE,TRUE,irHepatitis,
CCL5-CCR1,CD4+ T cell,Cholangiocyte,4.83944743232544e-05,3.7899216911547e-05,7.73529890185935e-06,7.06085989914347e-06,all4,2,2,2,2,4.31468456174007e-05,7.39807940050141e-06,3.7899216911547e-05,4.83944743232544e-05,7.06085989914347e-06,7.73529890185935e-06,2.53650828531931,TRUE,TRUE,FALSE,TRUE,irHepatitis,
CCL16-CCR1,Vascular endothelial cell,CD8+ T cell 1,3.09569491129565e-05,1.90290977944481e-05,4.68789415066607e-06,3.85667564611959e-06,all4,2,2,2,2,2.49930234537023e-05,4.27228489839283e-06,1.90290977944481e-05,3.09569491129565e-05,3.85667564611959e-06,4.68789415066607e-06,2.53544332354609,TRUE,TRUE,FALSE,TRUE,irHepatitis,
CSF1-CSF1R,IgG+ B cell,Macrophage 1,5.35419514667134e-05,5.74732497831546e-05,1.05728144565519e-05,8.5152443391936e-06,all4,2,2,2,2,5.5507600624934e-05,9.54402939787274e-06,5.35419514667134e-05,5.74732497831546e-05,8.5152443391936e-06,1.05728144565519e-05,2.53418114396749,TRUE,TRUE,FALSE,TRUE,irHepatitis,
FN1-SDC1,CD8+ T cell 1,Cholangiocyte,0.000128132050748961,0.00013894509140004,2.09469834800478e-05,2.51471838389366e-05,all4,2,2,2,2,0.0001335385710745,2.30470836594922e-05,0.000128132050748961,0.00013894509140004,2.09469834800478e-05,2.51471838389366e-05,2.53218239973195,TRUE,TRUE,FALSE,TRUE,irHepatitis,
CCL16-CCR1,Macrophage 2,CD8+ T cell 1,1.42927081503073e-05,1.04657465550712e-05,9.20289726107025e-07,3.29652200401489e-06,all4,2,2,2,2,1.23792273526892e-05,2.10840586506096e-06,1.04657465550712e-05,1.42927081503073e-05,9.20289726107025e-07,3.29652200401489e-06,2.52750060358996,TRUE,TRUE,FALSE,TRUE,irHepatitis,
FN1-CD44,IgG+ B cell,IgM+ B cell,4.91107423613178e-05,7.15199460178452e-05,9.12223074561407e-06,1.17268267517113e-05,all4,2,2,2,2,6.03153441895815e-05,1.04245287486627e-05,4.91107423613178e-05,7.15199460178452e-05,9.12223074561407e-06,1.17268267517113e-05,2.5272063342438,TRUE,TRUE,FALSE,TRUE,irHepatitis,
VEGFA-FLT1,IgG+ B cell,CD8+ T cell 3,1.90691098070172e-05,3.55254795937345e-06,2.87521690836437e-06,9.88051489908689e-07,all4,2,2,2,2,1.13108288831953e-05,1.93163419913653e-06,3.55254795937345e-06,1.90691098070172e-05,9.88051489908689e-07,2.87521690836437e-06,2.52126666463398,TRUE,TRUE,FALSE,TRUE,irHepatitis,
IL15-IL15RA_IL2RB_IL2RG,Hepatocyte 1,Sinusoidal endothelial cell,8.75815193833483e-07,0,3.98751612175802e-06,1.47208223883748e-06,all4,2,2,2,2,4.37907596916742e-07,2.72979918029775e-06,0,8.75815193833483e-07,1.47208223883748e-06,3.98751612175802e-06,-2.51827911705231,TRUE,FALSE,TRUE,TRUE,AIH,
MHC-I,IgG+ B cell,CD8+ T cell 3,0.000306045081208201,0.000224584459935146,6.08098752905147e-05,3.18894652227122e-05,all4,2,2,2,2,0.000265314770571674,4.63496702566135e-05,0.000224584459935146,0.000306045081208201,3.18894652227122e-05,6.08098752905147e-05,2.51587403137176,TRUE,TRUE,FALSE,TRUE,irHepatitis,
CCL14-CCR1,IgG+ plasmablast / plasma cell,CD8+ T cell 1,3.70869952530197e-05,1.30695380599881e-05,4.2418048988919e-06,4.46021643472424e-06,all4,2,2,2,2,2.50782666565039e-05,4.35101066680807e-06,1.30695380599881e-05,3.70869952530197e-05,4.2418048988919e-06,4.46021643472424e-06,2.51428619152507,TRUE,TRUE,FALSE,TRUE,irHepatitis,
FN1-CD44,CD8+ T cell 3,Hepatocyte 2,5.01289356713496e-07,5.98211330895062e-07,3.33741957887668e-06,3.36370565628289e-06,all4,2,2,2,2,5.49750343804279e-07,3.35056261757979e-06,5.01289356713496e-07,5.98211330895062e-07,3.33741957887668e-06,3.36370565628289e-06,-2.50981853019724,TRUE,FALSE,TRUE,TRUE,AIH,
HLA-B-CD8A,CD8+ T cell 3,CD4+ T cell,0.000273200016422273,9.05713587625913e-05,3.39046278517647e-05,2.99212897839004e-05,all4,2,2,2,2,0.000181885687592432,3.19129588178325e-05,9.05713587625913e-05,0.000273200016422273,2.99212897839004e-05,3.39046278517647e-05,2.50907698416719,TRUE,TRUE,FALSE,TRUE,irHepatitis,
MHC-I,Vascular endothelial cell,CD8+ T cell 2,0.000189491136049584,0.000181791669814886,3.37354304987054e-05,3.14165855100055e-05,all4,2,2,2,2,0.000185641402932235,3.25760080043555e-05,0.000181791669814886,0.000189491136049584,3.14165855100055e-05,3.37354304987054e-05,2.50893146699157,TRUE,TRUE,FALSE,TRUE,irHepatitis,
HLA-B-CD8A,CD8+ T cell 2,Vascular endothelial cell,5.10653385630769e-05,5.02462326098321e-06,5.01418801516475e-06,4.79825542714058e-06,all4,2,2,2,2,2.80449809120301e-05,4.90622172115266e-06,5.02462326098321e-06,5.10653385630769e-05,4.79825542714058e-06,5.01418801516475e-06,2.5037815691302,TRUE,TRUE,FALSE,TRUE,irHepatitis,
IL15-IL15RA_IL2RB_IL2RG,Macrophage 1,Hepatocyte 1,4.69063052200909e-07,1.60548342579794e-07,3.26971578448191e-06,7.36580116960142e-07,all4,2,2,2,2,3.14805697390352e-07,2.00314795072103e-06,1.60548342579794e-07,4.69063052200909e-07,7.36580116960142e-07,3.26971578448191e-06,-2.503294291677,TRUE,FALSE,TRUE,TRUE,AIH,
CCL15-CCR1,CD8+ T cell 1,Cholangiocyte,3.45874123560442e-06,2.0109071970994e-06,3.66646419196231e-07,5.21179351081081e-07,all4,2,2,2,2,2.73482421635191e-06,4.43912885138656e-07,2.0109071970994e-06,3.45874123560442e-06,3.66646419196231e-07,5.21179351081081e-07,2.50312113897536,TRUE,TRUE,FALSE,TRUE,irHepatitis,
HLA-B-CD8A,Cholangiocyte,IgG+ plasmablast / plasma cell,0.000199112059589344,0.000186124885600707,3.36317205390059e-05,3.42685063779836e-05,all4,2,2,2,2,0.000192618472595026,3.39501134584948e-05,0.000186124885600707,0.000199112059589344,3.36317205390059e-05,3.42685063779836e-05,2.50262296420561,TRUE,TRUE,FALSE,TRUE,irHepatitis,
VEGFA-FLT1,Stellate cell,CD8+ T cell 2,2.41884596668158e-05,2.07296644412535e-05,3.50271405077702e-06,4.34712312280371e-06,all4,2,2,2,2,2.24590620540346e-05,3.92491858679036e-06,2.07296644412535e-05,2.41884596668158e-05,3.50271405077702e-06,4.34712312280371e-06,2.5024833868849,TRUE,TRUE,FALSE,TRUE,irHepatitis,
CCL14-CCR1,CD8+ T cell 1,CD8+ T cell 2,5.99133530629119e-05,3.83546135891193e-05,7.82912887213927e-06,9.44522840236834e-06,all4,2,2,2,2,4.91339833260156e-05,8.63717863725381e-06,3.83546135891193e-05,5.99133530629119e-05,7.82912887213927e-06,9.44522840236834e-06,2.50167480423267,TRUE,TRUE,FALSE,TRUE,irHepatitis,
FN1-CD44,Hepatocyte 3,Hepatocyte 3,3.93300535719273e-06,2.30201745817333e-06,2.00092571613022e-05,1.56708329409375e-05,all4,2,2,2,2,3.11751140768303e-06,1.78400450511198e-05,2.30201745817333e-06,3.93300535719273e-06,1.56708329409375e-05,2.00092571613022e-05,-2.49895787038406,TRUE,FALSE,TRUE,TRUE,AIH,
CCL14-CCR1,Hepatocyte 2,Cholangiocyte,2.33531827745596e-05,6.77847226182128e-06,2.57635254111684e-06,2.6774516729945e-06,all4,2,2,2,2,1.50658275181904e-05,2.62690210705567e-06,6.77847226182128e-06,2.33531827745596e-05,2.57635254111684e-06,2.6774516729945e-06,2.49887040562869,TRUE,TRUE,FALSE,TRUE,irHepatitis,
VEGFA-FLT1,Hepatocyte 4,Hepatocyte 4,0.00079851445025631,0.000634411779296252,0.000215265662781477,3.81807804124496e-05,all4,2,2,2,2,0.000716463114776281,0.000126723221596963,0.000634411779296252,0.00079851445025631,3.81807804124496e-05,0.000215265662781477,2.49877360841617,TRUE,TRUE,FALSE,TRUE,irHepatitis,
CCL5-CCR1,Macrophage 1,CD8+ T cell 2,4.27249958567516e-05,1.63622903430597e-05,6.37547583546744e-06,4.02107516856902e-06,all4,2,2,2,2,2.95436430999057e-05,5.19827550201823e-06,1.63622903430597e-05,4.27249958567516e-05,4.02107516856902e-06,6.37547583546744e-06,2.49610937457548,TRUE,TRUE,FALSE,TRUE,irHepatitis,
HLA-B-CD8A,IgG+ plasmablast / plasma cell,Cholangiocyte,0.000147708599395928,0.000110954268522136,2.49123350154038e-05,2.09340196774242e-05,all4,2,2,2,2,0.000129331433959032,2.2923177346414e-05,0.000110954268522136,0.000147708599395928,2.09340196774242e-05,2.49123350154038e-05,2.4937766719769,TRUE,TRUE,FALSE,TRUE,irHepatitis,
CCL14-CCR1,IgG+ plasmablast / plasma cell,Vascular endothelial cell,1.01102286234738e-05,2.0560148900134e-05,1.75170335785953e-06,3.61993359580858e-06,all4,2,2,2,2,1.53351887618039e-05,2.68581847683405e-06,1.01102286234738e-05,2.0560148900134e-05,1.75170335785953e-06,3.61993359580858e-06,2.49291202909607,TRUE,TRUE,FALSE,TRUE,irHepatitis,
FN1-SDC1,Vascular endothelial cell,Sinusoidal endothelial cell,1.29611957646385e-05,3.17167230024102e-05,2.83315089353977e-06,5.04179411683349e-06,all4,2,2,2,2,2.23389593835243e-05,3.93747250518663e-06,1.29611957646385e-05,3.17167230024102e-05,2.83315089353977e-06,5.04179411683349e-06,2.49021081208887,TRUE,TRUE,FALSE,TRUE,irHepatitis,
VEGFA-FLT1,Cholangiocyte,CD8+ T cell 3,0.000227777858939583,0.000166765129511648,3.39211946023032e-05,3.63320742447962e-05,all4,2,2,2,2,0.000197271494225616,3.51266344235497e-05,0.000166765129511648,0.000227777858939583,3.39211946023032e-05,3.63320742447962e-05,2.48796861895309,TRUE,TRUE,FALSE,TRUE,irHepatitis,
CCL5-CCR1,IgG+ B cell,CD8+ T cell 1,7.76226363803679e-06,3.03436018080718e-05,4.54590129718234e-06,2.19666264356597e-06,all4,2,2,2,2,1.90529327230543e-05,3.37128197037416e-06,7.76226363803679e-06,3.03436018080718e-05,2.19666264356597e-06,4.54590129718234e-06,2.48231425262543,TRUE,TRUE,FALSE,TRUE,irHepatitis,
CSF1-CSF1R,Stellate cell,Macrophage 1,0.000447007458300274,0.000607520383225499,9.43833761121415e-05,9.42796220716337e-05,all4,2,2,2,2,0.000527263920762886,9.43314990918876e-05,0.000447007458300274,0.000607520383225499,9.42796220716337e-05,9.43833761121415e-05,2.48212700202537,TRUE,TRUE,FALSE,TRUE,irHepatitis,
CCL5-CCR1,CD8+ T cell 3,Macrophage 2,0.000151294633159723,0.000181890033516035,2.74743583912897e-05,3.21648619769026e-05,all4,2,2,2,2,0.000166592333337879,2.98196101840961e-05,0.000151294633159723,0.000181890033516035,2.74743583912897e-05,3.21648619769026e-05,2.48013386255292,TRUE,TRUE,FALSE,TRUE,irHepatitis,
VEGFA-FLT1,Vascular endothelial cell,CD8+ T cell 3,3.07195847151269e-05,1.25826072574484e-05,4.91862923819896e-06,2.78577250505899e-06,all4,2,2,2,2,2.16510959862877e-05,3.85220087162898e-06,1.25826072574484e-05,3.07195847151269e-05,2.78577250505899e-06,4.91862923819896e-06,2.47639690444118,TRUE,TRUE,FALSE,TRUE,irHepatitis,
MHC-I,CD8+ T cell 1,IgM+ B cell,0.000162674575572286,0.000138099259117175,3.04504238691587e-05,2.35709909995043e-05,all4,2,2,2,2,0.00015038691734473,2.70107074343315e-05,0.000138099259117175,0.000162674575572286,2.35709909995043e-05,3.04504238691587e-05,2.47502972508829,TRUE,TRUE,FALSE,TRUE,irHepatitis,
VEGFA-FLT1,IgG+ plasmablast / plasma cell,CD4+ T cell,3.95784405809004e-05,7.09983178631912e-05,1.025171309924e-05,9.59447381172157e-06,all4,2,2,2,2,5.52883792220458e-05,9.92309345548078e-06,3.95784405809004e-05,7.09983178631912e-05,9.59447381172157e-06,1.025171309924e-05,2.47255405754933,TRUE,TRUE,FALSE,TRUE,irHepatitis,
MHC-I,CD4+ T cell,CD8+ T cell 3,0.00062766090740717,0.000564260390032935,0.000100405269309538,0.000114386363935336,all4,2,2,2,2,0.000595960648720052,0.000107395816622437,0.000564260390032935,0.00062766090740717,0.000100405269309538,0.000114386363935336,2.47176467351281,TRUE,TRUE,FALSE,TRUE,irHepatitis,
CCL16-CCR1,CD8+ T cell 2,Cholangiocyte,7.53485097552701e-05,3.29094236407102e-05,1.091556629851e-05,8.52358712716626e-06,all4,2,2,2,2,5.41289666979902e-05,9.71957671283815e-06,3.29094236407102e-05,7.53485097552701e-05,8.52358712716626e-06,1.091556629851e-05,2.47175956735784,TRUE,TRUE,FALSE,TRUE,irHepatitis,
MHC-I,CD4+ T cell,IgG+ plasmablast / plasma cell,0.000185514479388736,0.000277896841731759,3.94791545450989e-05,4.40887153702115e-05,all4,2,2,2,2,0.000231705660560247,4.17839349576552e-05,0.000185514479388736,0.000277896841731759,3.94791545450989e-05,4.40887153702115e-05,2.46995109365052,TRUE,TRUE,FALSE,TRUE,irHepatitis,
CCL5-CCR1,IgG+ plasmablast / plasma cell,CD8+ T cell 3,4.16965388616566e-05,1.62877214805323e-05,6.98453411316923e-06,3.4086892141106e-06,all4,2,2,2,2,2.89921301710945e-05,5.19661166363992e-06,1.62877214805323e-05,4.16965388616566e-05,3.4086892141106e-06,6.98453411316923e-06,2.46942405104279,TRUE,TRUE,FALSE,TRUE,irHepatitis,
FN1-SDC1,CD8+ T cell 2,CD8+ T cell 2,0.00243730846158231,0.00209067052599931,0.000466106614569909,0.000353628547824763,all4,2,2,2,2,0.00226398949379081,0.000409867581197336,0.00209067052599931,0.00243730846158231,0.000353628547824763,0.000466106614569909,2.46550274712549,TRUE,TRUE,FALSE,TRUE,irHepatitis,
HLA-B-CD8A,CD4+ T cell,CD8+ T cell 1,0.000488987577633408,0.000405934583307618,7.89221299584589e-05,8.3418190087893e-05,all4,2,2,2,2,0.000447461080470513,8.1170160023176e-05,0.000405934583307618,0.000488987577633408,7.89221299584589e-05,8.3418190087893e-05,2.46206102377567,TRUE,TRUE,FALSE,TRUE,irHepatitis,
CCL15-CCR1,Hepatocyte 3,IgG+ B cell,5.9006658779627e-06,5.84402241412114e-06,8.44219088210424e-07,1.21348703225432e-06,all4,2,2,2,2,5.87234414604192e-06,1.02885306023237e-06,5.84402241412114e-06,5.9006658779627e-06,8.44219088210424e-07,1.21348703225432e-06,2.4602413310522,TRUE,TRUE,FALSE,TRUE,irHepatitis,
CCL5-CCR1,CD8+ T cell 2,CD8+ T cell 1,0.000165556010393294,0.000201906713298868,3.72624362151373e-05,2.94517900701016e-05,all4,2,2,2,2,0.000183731361846081,3.33571131426195e-05,0.000165556010393294,0.000201906713298868,2.94517900701016e-05,3.72624362151373e-05,2.45987843020062,TRUE,TRUE,FALSE,TRUE,irHepatitis,
MHC-I,Hepatocyte 2,Hepatocyte 3,9.23144118126387e-06,1.28213050004664e-05,9.41158870745602e-05,2.75720071316183e-05,all4,2,2,2,2,1.10263730908652e-05,6.08439471030892e-05,9.23144118126387e-06,1.28213050004664e-05,2.75720071316183e-05,9.41158870745602e-05,-2.45916068730263,TRUE,FALSE,TRUE,TRUE,AIH,
HLA-B-CD8A,CD8+ T cell 1,CD4+ T cell,0.000227152713364334,0.000156314622479031,3.66092087563389e-05,3.31360480817354e-05,all4,2,2,2,2,0.000191733667921683,3.48726284190371e-05,0.000156314622479031,0.000227152713364334,3.31360480817354e-05,3.66092087563389e-05,2.45735596447815,TRUE,TRUE,FALSE,TRUE,irHepatitis,
CCL5-CCR1,CD8+ T cell 1,Cholangiocyte,9.21490784080034e-05,7.00918899651404e-05,1.6957463571926e-05,1.2523132648703e-05,all4,2,2,2,2,8.11204841865719e-05,1.47402981103145e-05,7.00918899651404e-05,9.21490784080034e-05,1.2523132648703e-05,1.6957463571926e-05,2.45656415039593,TRUE,TRUE,FALSE,TRUE,irHepatitis,
CCL15-CCR1,IgG+ plasmablast / plasma cell,Hepatocyte 4,0,0,2.74142372761055e-07,1.45112104888053e-07,all4,2,2,2,2,0,2.09627238824554e-07,0,0,1.45112104888053e-07,2.74142372761055e-07,-2.45547575830422,TRUE,FALSE,TRUE,TRUE,AIH,
HLA-B-CD8A,CD8+ T cell 2,CD8+ T cell 2,0.00241763091105754,0.00217022075237544,0.000533120268528106,0.000303685928431472,all4,2,2,2,2,0.00229392583171649,0.000418403098479789,0.00217022075237544,0.00241763091105754,0.000303685928431472,0.000533120268528106,2.45472154517755,TRUE,TRUE,FALSE,TRUE,irHepatitis,
HLA-B-CD8A,CD4+ T cell,IgM+ B cell,0.00046481746058924,0.000329237953697962,5.82449652488255e-05,8.66150131918656e-05,all4,2,2,2,2,0.000397027707143601,7.24299892203456e-05,0.000329237953697962,0.00046481746058924,5.82449652488255e-05,8.66150131918656e-05,2.45381976313763,TRUE,TRUE,FALSE,TRUE,irHepatitis,
CSF1-CSF1R,Vascular endothelial cell,Macrophage 1,0.000320937120663749,0.000240119158307989,5.35364707854913e-05,4.90051442107166e-05,all4,2,2,2,2,0.000280528139485869,5.12708074981039e-05,0.000240119158307989,0.000320937120663749,4.90051442107166e-05,5.35364707854913e-05,2.45086171123534,TRUE,TRUE,FALSE,TRUE,irHepatitis,
MHC-I,IgG+ B cell,IgG+ plasmablast / plasma cell,8.99543149543707e-05,0.000268791398714213,3.98273430609669e-05,2.57298553569078e-05,all4,2,2,2,2,0.000179372856834292,3.27785992089373e-05,8.99543149543707e-05,0.000268791398714213,2.57298553569078e-05,3.98273430609669e-05,2.45045564101876,TRUE,TRUE,FALSE,TRUE,irHepatitis,
CSF1-CSF1R,CD8+ T cell 3,IgG+ plasmablast / plasma cell,0.000124730576659253,4.40399619612574e-05,1.59666048753175e-05,1.4883985999354e-05,all4,2,2,2,2,8.4385269310255e-05,1.54252954373357e-05,4.40399619612574e-05,0.000124730576659253,1.4883985999354e-05,1.59666048753175e-05,2.44812702377487,TRUE,TRUE,FALSE,TRUE,irHepatitis,
MHC-I,CD4+ T cell,CD4+ T cell,0.00064798602289142,0.0010332594606373,0.000132245197756669,0.000175789769616117,all4,2,2,2,2,0.000840622741764359,0.000154017483686393,0.00064798602289142,0.0010332594606373,0.000132245197756669,0.000175789769616117,2.44800681632828,TRUE,TRUE,FALSE,TRUE,irHepatitis,
IL15-IL15RA_IL2RB_IL2RG,CD8+ T cell 3,CD8+ T cell 3,5.5634951235447e-05,0.000193800070297187,2.04595992559792e-05,2.51911131963426e-05,all4,2,2,2,2,0.000124717510766317,2.28253562261609e-05,5.5634951235447e-05,0.000193800070297187,2.04595992559792e-05,2.51911131963426e-05,2.4475440987147,TRUE,TRUE,FALSE,TRUE,irHepatitis,
CCL14-CCR1,CD4+ T cell,CD8+ T cell 2,1.42729303128367e-05,6.06086937993514e-06,1.11129720213158e-06,2.54296825157625e-06,all4,2,2,2,2,1.01668998463859e-05,1.82713272685391e-06,6.06086937993514e-06,1.42729303128367e-05,1.11129720213158e-06,2.54296825157625e-06,2.44640205664509,TRUE,TRUE,FALSE,TRUE,irHepatitis,
HLA-B-CD8A,IgM+ B cell,Cholangiocyte,0.000169119509479416,8.24368189568771e-05,2.54201004513914e-05,2.07100489545335e-05,all4,2,2,2,2,0.000125778164218147,2.30650747029624e-05,8.24368189568771e-05,0.000169119509479416,2.07100489545335e-05,2.54201004513914e-05,2.44471503897114,TRUE,TRUE,FALSE,TRUE,irHepatitis,
FN1-SDC1,Hepatocyte 4,IgG+ B cell,8.53727213988228e-05,0.000154117721650329,2.42851577047518e-05,1.96622882670282e-05,all4,2,2,2,2,0.000119745221524576,2.197372298589e-05,8.53727213988228e-05,0.000154117721650329,1.96622882670282e-05,2.42851577047518e-05,2.44361438013201,TRUE,TRUE,FALSE,TRUE,irHepatitis,
CCL16-CCR1,Stellate cell,Cholangiocyte,1.46308064290803e-05,6.98811365919774e-06,8.31515304283462e-07,3.07233551925128e-06,all4,2,2,2,2,1.0809460044139e-05,1.95192541176737e-06,6.98811365919774e-06,1.46308064290803e-05,8.31515304283462e-07,3.07233551925128e-06,2.44141017638948,TRUE,TRUE,FALSE,TRUE,irHepatitis,
CCL14-CCR1,CD4+ T cell,Sinusoidal endothelial cell,7.45205889837824e-07,2.76749459087942e-07,2.84848555780067e-06,3.11278099235272e-06,all4,2,2,2,2,5.10977674462883e-07,2.9806332750767e-06,2.76749459087942e-07,7.45205889837824e-07,2.84848555780067e-06,3.11278099235272e-06,-2.44045912892613,TRUE,FALSE,TRUE,TRUE,AIH,
HLA-B-CD8A,IgM+ B cell,CD4+ T cell,0.000566177424612663,0.000498796966245253,7.9847413197896e-05,0.000116484003676936,all4,2,2,2,2,0.000532487195428958,9.81657084374158e-05,0.000498796966245253,0.000566177424612663,7.9847413197896e-05,0.000116484003676936,2.43889565713551,TRUE,TRUE,FALSE,TRUE,irHepatitis,
CSF1-CSF1R,Vascular endothelial cell,CD8+ T cell 1,0.000114245075182926,8.99407706544187e-05,1.79356135669556e-05,1.96944756313189e-05,all4,2,2,2,2,0.000102092922918672,1.88150445991373e-05,8.99407706544187e-05,0.000114245075182926,1.79356135669556e-05,1.96944756313189e-05,2.43700509937652,TRUE,TRUE,FALSE,TRUE,irHepatitis,
CCL16-CCR1,Cholangiocyte,CD8+ T cell 3,5.15731722181516e-05,1.68735319403091e-05,2.99146117420631e-06,9.59357357192222e-06,all4,2,2,2,2,3.42233520792303e-05,6.29251737306426e-06,1.68735319403091e-05,5.15731722181516e-05,2.99146117420631e-06,9.59357357192222e-06,2.43456427278507,TRUE,TRUE,FALSE,TRUE,irHepatitis,
MHC-I,IgM+ B cell,CD8+ T cell 1,0.000400062371253308,0.000614529134676787,9.80792976303267e-05,8.9827970583789e-05,all4,2,2,2,2,0.000507295752965048,9.39536341070579e-05,0.000400062371253308,0.000614529134676787,8.9827970583789e-05,9.80792976303267e-05,2.43222159301266,TRUE,TRUE,FALSE,TRUE,irHepatitis,
MHC-I,Hepatocyte 2,Hepatocyte 2,1.41794153600273e-05,2.28506339216622e-05,0.000172914064123078,2.72508649794379e-05,all4,2,2,2,2,1.85150246408448e-05,0.000100082464551258,1.41794153600273e-05,2.28506339216622e-05,2.72508649794379e-05,0.000172914064123078,-2.43145703105823,TRUE,FALSE,TRUE,TRUE,AIH,
VEGFA-FLT1,Vascular endothelial cell,Hepatocyte 1,4.64629010990202e-06,1.53573455640862e-06,6.16349754828381e-07,4.54080076669142e-07,all4,2,2,2,2,3.09101233315532e-06,5.35214915748761e-07,1.53573455640862e-06,4.64629010990202e-06,4.54080076669142e-07,6.16349754828381e-07,2.43075166535876,TRUE,TRUE,FALSE,TRUE,irHepatitis,
CCL5-CCR1,IgG+ plasmablast / plasma cell,Sinusoidal endothelial cell,1.08830007016688e-06,7.90200052830853e-08,5.0752706213119e-06,1.61616470848404e-06,all4,2,2,2,2,5.83660037724982e-07,3.34571766489797e-06,7.90200052830853e-08,1.08830007016688e-06,1.61616470848404e-06,5.0752706213119e-06,-2.42799080494612,TRUE,FALSE,TRUE,TRUE,AIH,
FN1-SDC1,CD8+ T cell 2,Cholangiocyte,0.000190105816592157,0.000273245101534673,2.98424833155252e-05,5.63573585589461e-05,all4,2,2,2,2,0.000231675459063415,4.30999209372357e-05,0.000190105816592157,0.000273245101534673,2.98424833155252e-05,5.63573585589461e-05,2.42507543387863,TRUE,TRUE,FALSE,TRUE,irHepatitis,
CCL14-CCR1,Macrophage 2,Hepatocyte 4,6.69672209367122e-06,6.95912280869944e-06,5.87229934529499e-07,1.8807634503046e-06,all4,2,2,2,2,6.82792245118533e-06,1.23399669241705e-06,6.69672209367122e-06,6.95912280869944e-06,5.87229934529499e-07,1.8807634503046e-06,2.42431474030788,TRUE,TRUE,FALSE,TRUE,irHepatitis,
CCL15-CCR1,Macrophage 1,CD8+ T cell 2,8.6409285419732e-06,1.21256180304269e-05,2.20637634574244e-06,1.60031091718894e-06,all4,2,2,2,2,1.03832732862e-05,1.90334363146569e-06,8.6409285419732e-06,1.21256180304269e-05,1.60031091718894e-06,2.20637634574244e-06,2.41913293841457,TRUE,TRUE,FALSE,TRUE,irHepatitis,
CCL5-CCR1,CD8+ T cell 3,IgG+ B cell,6.64640234701161e-05,9.09455944951963e-06,8.85622828817849e-06,5.2178534748199e-06,all4,2,2,2,2,3.77792914598179e-05,7.0370408814992e-06,9.09455944951963e-06,6.64640234701161e-05,5.2178534748199e-06,8.85622828817849e-06,2.41678788857224,TRUE,TRUE,FALSE,TRUE,irHepatitis,
CCL14-CCR1,IgM+ B cell,Cholangiocyte,2.92606687199382e-05,1.17507192798046e-05,3.01261689273075e-06,4.59235419517738e-06,all4,2,2,2,2,2.05056939998714e-05,3.80248554395406e-06,1.17507192798046e-05,2.92606687199382e-05,3.01261689273075e-06,4.59235419517738e-06,2.41666906910969,TRUE,TRUE,FALSE,TRUE,irHepatitis,
MHC-I,IgG+ plasmablast / plasma cell,Cholangiocyte,0.000147708599395928,0.000176096760906114,3.24458207448228e-05,2.81459589756433e-05,all4,2,2,2,2,0.000161902680151021,3.0295889860233e-05,0.000147708599395928,0.000176096760906114,2.81459589756433e-05,3.24458207448228e-05,2.4161252551346,TRUE,TRUE,FALSE,TRUE,irHepatitis,
CCL15-CCR1,Hepatocyte 4,IgM+ B cell,2.18673276454117e-06,2.6275387050634e-06,1.59001848946039e-05,1.01491931019032e-05,all4,2,2,2,2,2.40713573480229e-06,1.30246889982535e-05,2.18673276454117e-06,2.6275387050634e-06,1.01491931019032e-05,1.59001848946039e-05,-2.41328264785123,TRUE,FALSE,TRUE,TRUE,AIH,
MHC-I,IgM+ B cell,CD8+ T cell 2,0.000192594672978896,0.000210074873122852,3.22919514829913e-05,4.32826372278745e-05,all4,2,2,2,2,0.000201334773050874,3.77872943554329e-05,0.000192594672978896,0.000210074873122852,3.22919514829913e-05,4.32826372278745e-05,2.41217471256241,TRUE,TRUE,FALSE,TRUE,irHepatitis,
FN1-SDC1,Macrophage 2,IgG+ plasmablast / plasma cell,7.16243294447157e-05,0.000241292265668331,2.86093211174572e-05,3.02320576837616e-05,all4,2,2,2,2,0.000156458297556523,2.94206894006094e-05,7.16243294447157e-05,0.000241292265668331,2.86093211174572e-05,3.02320576837616e-05,2.40901596770049,TRUE,TRUE,FALSE,TRUE,irHepatitis,
FN1-CD44,IgG+ B cell,Cholangiocyte,2.70483526742387e-05,8.05571330582266e-05,1.40630399155355e-05,6.12170734585058e-06,all4,2,2,2,2,5.38027428662327e-05,1.00923736306931e-05,2.70483526742387e-05,8.05571330582266e-05,6.12170734585058e-06,1.40630399155355e-05,2.40900092404894,TRUE,TRUE,FALSE,TRUE,irHepatitis,
HLA-B-CD8A,IgG+ B cell,IgG+ plasmablast / plasma cell,8.99543149543707e-05,0.00016372902177949,2.88188570836622e-05,1.90227707034459e-05,all4,2,2,2,2,0.00012684166836693,2.39208138935541e-05,8.99543149543707e-05,0.00016372902177949,1.90227707034459e-05,2.88188570836622e-05,2.40440568663164,TRUE,TRUE,FALSE,TRUE,irHepatitis,
CCL14-CCR1,CD8+ T cell 2,CD8+ T cell 1,9.2207470513829e-05,5.87740788195654e-05,1.4302242544046e-05,1.4171593288859e-05,all4,2,2,2,2,7.54907746666972e-05,1.42369179164525e-05,5.87740788195654e-05,9.2207470513829e-05,1.4171593288859e-05,1.4302242544046e-05,2.40282780798532,TRUE,TRUE,FALSE,TRUE,irHepatitis,
CCL5-CCR1,IgG+ B cell,Vascular endothelial cell,2.20567754416644e-05,3.77877082525404e-06,2.13308822803326e-06,2.68033235069625e-06,all4,2,2,2,2,1.29177731334592e-05,2.40671028936476e-06,3.77877082525404e-06,2.20567754416644e-05,2.13308822803326e-06,2.68033235069625e-06,2.40168395988161,TRUE,TRUE,FALSE,TRUE,irHepatitis,
IL15-IL15RA_IL2RB_IL2RG,Hepatocyte 2,Sinusoidal endothelial cell,2.87155866575207e-07,0,1.31075369492686e-06,6.03791833273017e-07,all4,2,2,2,2,1.43577933287603e-07,9.57272764099937e-07,0,2.87155866575207e-07,6.03791833273017e-07,1.31075369492686e-06,-2.39929260939627,TRUE,FALSE,TRUE,TRUE,AIH,
CSF1-CSF1R,Stellate cell,CD8+ T cell 2,6.01535137159313e-05,6.31408326020645e-05,7.05648852521489e-06,1.62630049151823e-05,all4,2,2,2,2,6.16471731589979e-05,1.16597467201986e-05,6.01535137159313e-05,6.31408326020645e-05,7.05648852521489e-06,1.62630049151823e-05,2.39781996362544,TRUE,TRUE,FALSE,TRUE,irHepatitis,
CSF1-CSF1R,CD8+ T cell 2,IgM+ B cell,9.40782062453167e-05,1.85387529534135e-05,1.00786472894837e-05,1.12363862221261e-05,all4,2,2,2,2,5.63084795993651e-05,1.06575167558049e-05,1.85387529534135e-05,9.40782062453167e-05,1.00786472894837e-05,1.12363862221261e-05,2.39636458381991,TRUE,TRUE,FALSE,TRUE,irHepatitis,
CCL15-CCR1,Macrophage 2,IgM+ B cell,2.48111522104383e-06,4.89055491267365e-06,6.2125306390275e-07,7.04225917261653e-07,all4,2,2,2,2,3.68583506685874e-06,6.62739490582202e-07,2.48111522104383e-06,4.89055491267365e-06,6.2125306390275e-07,7.04225917261653e-07,2.39533796500681,TRUE,TRUE,FALSE,TRUE,irHepatitis,
CCL14-CCR1,CD8+ T cell 2,CD8+ T cell 3,0.000105411061392276,9.57605074505429e-05,2.03741144511716e-05,1.78180955107964e-05,all4,2,2,2,2,0.00010058578442141,1.9096104980984e-05,9.57605074505429e-05,0.000105411061392276,1.78180955107964e-05,2.03741144511716e-05,2.39421948159612,TRUE,TRUE,FALSE,TRUE,irHepatitis,
VEGFA-FLT1,CD8+ T cell 3,CD8+ T cell 3,7.77326273863192e-05,0.00028060331109926,3.39966988292065e-05,3.43229092461769e-05,all4,2,2,2,2,0.000179167969242789,3.41598040376917e-05,7.77326273863192e-05,0.00028060331109926,3.39966988292065e-05,3.43229092461769e-05,2.38934478628571,TRUE,TRUE,FALSE,TRUE,irHepatitis,
MHC-I,Hepatocyte 4,IgG+ B cell,1.88377503428489e-05,7.2577513683465e-05,1.12798141432524e-05,6.17953609286371e-06,all4,2,2,2,2,4.57076320131569e-05,8.72967511805805e-06,1.88377503428489e-05,7.2577513683465e-05,6.17953609286371e-06,1.12798141432524e-05,2.38220590007807,TRUE,TRUE,FALSE,TRUE,irHepatitis,
CSF1-CSF1R,Cholangiocyte,CD4+ T cell,0.000247183822143899,0.000105471771206687,3.67108479591445e-05,3.09883952532649e-05,all4,2,2,2,2,0.000176327796675293,3.38496216062047e-05,0.000105471771206687,0.000247183822143899,3.09883952532649e-05,3.67108479591445e-05,2.37943995441302,TRUE,TRUE,FALSE,TRUE,irHepatitis,
FN1-SDC1,Vascular endothelial cell,CD8+ T cell 2,5.82075712668488e-05,5.39629301852845e-05,1.15670686535422e-05,9.93733905157769e-06,all4,2,2,2,2,5.60852507260667e-05,1.075220385256e-05,5.39629301852845e-05,5.82075712668488e-05,9.93733905157769e-06,1.15670686535422e-05,2.3779329753888,TRUE,TRUE,FALSE,TRUE,irHepatitis,
CCL15-CCR1,Sinusoidal endothelial cell,Macrophage 1,4.72361797073618e-05,6.10548553990433e-05,8.92702750059566e-06,1.18532216090105e-05,all4,2,2,2,2,5.41455175532026e-05,1.03901245548031e-05,4.72361797073618e-05,6.10548553990433e-05,8.92702750059566e-06,1.18532216090105e-05,2.37639835745323,TRUE,TRUE,FALSE,TRUE,irHepatitis,
VEGFA-FLT1,CD8+ T cell 2,Macrophage 2,4.22790142915853e-05,2.48032525548387e-05,5.55639772572058e-06,7.29143547310484e-06,all4,2,2,2,2,3.3541133423212e-05,6.42391659941271e-06,2.48032525548387e-05,4.22790142915853e-05,5.55639772572058e-06,7.29143547310484e-06,2.37595638955627,TRUE,TRUE,FALSE,TRUE,irHepatitis,
CSF1-CSF1R,IgM+ B cell,CD8+ T cell 2,1.21502743932355e-05,4.00922102634758e-06,1.54884050093808e-06,1.49146285281605e-06,all4,2,2,2,2,8.07974770979154e-06,1.52015167687707e-06,4.00922102634758e-06,1.21502743932355e-05,1.49146285281605e-06,1.54884050093808e-06,2.37472631228738,TRUE,TRUE,FALSE,TRUE,irHepatitis,
CCL16-CCR1,CD4+ T cell,Cholangiocyte,8.38603513774896e-06,4.15136747336118e-06,6.71368292333339e-07,1.67162267026745e-06,all4,2,2,2,2,6.26870130555507e-06,1.17149548130039e-06,4.15136747336118e-06,8.38603513774896e-06,6.71368292333339e-07,1.67162267026745e-06,2.37409027350891,TRUE,TRUE,FALSE,TRUE,irHepatitis,
CCL14-CCR1,IgG+ plasmablast / plasma cell,Macrophage 2,3.45736146744136e-05,5.61812319295334e-05,7.00494105797776e-06,1.04551238763543e-05,all4,2,2,2,2,4.53774233019735e-05,8.73003246716602e-06,3.45736146744136e-05,5.61812319295334e-05,7.00494105797776e-06,1.04551238763543e-05,2.37169749462933,TRUE,TRUE,FALSE,TRUE,irHepatitis,
MHC-I,IgG+ B cell,IgM+ B cell,0.000154523093899038,6.7374805645214e-05,2.29334759069499e-05,1.99009943339232e-05,all4,2,2,2,2,0.000110948949772126,2.14172351204366e-05,6.7374805645214e-05,0.000154523093899038,1.99009943339232e-05,2.29334759069499e-05,2.37051444782188,TRUE,TRUE,FALSE,TRUE,irHepatitis,
FN1-CD44,Macrophage 1,Cholangiocyte,3.17530427071034e-05,1.23234586656948e-05,5.57933298704877e-06,2.87110986826904e-06,all4,2,2,2,2,2.20382506863991e-05,4.22522142765891e-06,1.23234586656948e-05,3.17530427071034e-05,2.87110986826904e-06,5.57933298704877e-06,2.37009562783391,TRUE,TRUE,FALSE,TRUE,irHepatitis,
MHC-I,Macrophage 2,CD8+ T cell 3,0.000378201920736701,0.000687222829256532,9.95601590342043e-05,0.000106589014572386,all4,2,2,2,2,0.000532712374996616,0.000103074586803295,0.000378201920736701,0.000687222829256532,9.95601590342043e-05,0.000106589014572386,2.36914063716741,TRUE,TRUE,FALSE,TRUE,irHepatitis,
CCL15-CCR1,Macrophage 2,Macrophage 1,1.48054058831106e-05,6.77075407287382e-06,1.17206473156719e-06,2.93089283364698e-06,all4,2,2,2,2,1.07880799779922e-05,2.05147878260708e-06,6.77075407287382e-06,1.48054058831106e-05,1.17206473156719e-06,2.93089283364698e-06,2.36843801835764,TRUE,TRUE,FALSE,TRUE,irHepatitis,
FN1-SDC1,IgG+ B cell,Hepatocyte 3,3.34951285073673e-05,2.47517077263258e-05,3.81240979544795e-06,7.43741445198987e-06,all4,2,2,2,2,2.91234181168465e-05,5.62491212371891e-06,2.47517077263258e-05,3.34951285073673e-05,3.81240979544795e-06,7.43741445198987e-06,2.36265220219331,TRUE,TRUE,FALSE,TRUE,irHepatitis,
VEGFA-FLT1,Cholangiocyte,CD8+ T cell 1,0.000149960973352549,0.000181396899517768,3.44355633551368e-05,2.99746638378763e-05,all4,2,2,2,2,0.000165678936435159,3.22051135965066e-05,0.000149960973352549,0.000181396899517768,2.99746638378763e-05,3.44355633551368e-05,2.36134314875704,TRUE,TRUE,FALSE,TRUE,irHepatitis,
CCL16-CCR1,IgG+ plasmablast / plasma cell,CD8+ T cell 1,2.15991912949412e-05,1.17277544980404e-05,2.80695208476069e-06,3.61295731969923e-06,all4,2,2,2,2,1.66634728964908e-05,3.20995470222996e-06,1.17277544980404e-05,2.15991912949412e-05,2.80695208476069e-06,3.61295731969923e-06,2.359249635906,TRUE,TRUE,FALSE,TRUE,irHepatitis,
HLA-B-CD8A,Hepatocyte 2,Hepatocyte 2,1.41794153600273e-05,1.80515486950403e-05,0.000142816605696856,2.27297344422385e-05,all4,2,2,2,2,1.61154820275338e-05,8.27731700695471e-05,1.41794153600273e-05,1.80515486950403e-05,2.27297344422385e-05,0.000142816605696856,-2.35735206012854,TRUE,FALSE,TRUE,TRUE,AIH,
HLA-B-CD8A,Macrophage 2,Cholangiocyte,0.000177294561321483,0.000102708317169734,3.47912530579113e-05,1.99836277984951e-05,all4,2,2,2,2,0.000140001439245608,2.73874404282032e-05,0.000102708317169734,0.000177294561321483,1.99836277984951e-05,3.47912530579113e-05,2.35187683393553,TRUE,TRUE,FALSE,TRUE,irHepatitis,
CCL5-CCR1,IgG+ plasmablast / plasma cell,IgG+ B cell,1.62935162169025e-06,0,4.72209452716557e-06,3.97819136300309e-06,all4,2,2,2,2,8.14675810845126e-07,4.35014294508433e-06,0,1.62935162169025e-06,3.97819136300309e-06,4.72209452716557e-06,-2.35169906883337,TRUE,FALSE,TRUE,TRUE,AIH,
CCL15-CCR1,Sinusoidal endothelial cell,CD8+ T cell 2,8.84393330949242e-06,1.98941946344531e-05,2.26431255981604e-06,3.29218580205447e-06,all4,2,2,2,2,1.43690639719728e-05,2.77824918093525e-06,8.84393330949242e-06,1.98941946344531e-05,2.26431255981604e-06,3.29218580205447e-06,2.35133394500032,TRUE,TRUE,FALSE,TRUE,irHepatitis,
CSF1-CSF1R,Macrophage 2,IgG+ plasmablast / plasma cell,2.01710943357262e-05,2.43621000422108e-05,4.31101602917527e-06,4.35238366478673e-06,all4,2,2,2,2,2.22665971889685e-05,4.331699846981e-06,2.01710943357262e-05,2.43621000422108e-05,4.31101602917527e-06,4.35238366478673e-06,2.34941743483504,TRUE,TRUE,FALSE,TRUE,irHepatitis,
HLA-B-CD8A,Cholangiocyte,CD8+ T cell 1,0.000422327809971529,0.000387592548355842,7.59196168873274e-05,8.30211168270947e-05,all4,2,2,2,2,0.000404960179163685,7.94703668572111e-05,0.000387592548355842,0.000422327809971529,7.59196168873274e-05,8.30211168270947e-05,2.34860937944752,TRUE,TRUE,FALSE,TRUE,irHepatitis,
FN1-SDC1,IgM+ B cell,IgM+ B cell,0.000113596268600352,0.000113839386165704,1.70175667282467e-05,2.77452664943633e-05,all4,2,2,2,2,0.000113717827383028,2.2381416611305e-05,0.000113596268600352,0.000113839386165704,1.70175667282467e-05,2.77452664943633e-05,2.34266832464306,TRUE,TRUE,FALSE,TRUE,irHepatitis,
HLA-B-CD8A,CD8+ T cell 3,Vascular endothelial cell,0.000110716158034229,2.20877218021503e-05,1.26321898238107e-05,1.34784577246364e-05,all4,2,2,2,2,6.64019399181895e-05,1.30553237742236e-05,2.20877218021503e-05,0.000110716158034229,1.26321898238107e-05,1.34784577246364e-05,2.34244644005943,TRUE,TRUE,FALSE,TRUE,irHepatitis,
HLA-B-CD8A,IgM+ B cell,IgM+ B cell,0.000603248485165581,0.000557483817367504,8.39103177798237e-05,0.000145164612013049,all4,2,2,2,2,0.000580366151266543,0.000114537464896436,0.000557483817367504,0.000603248485165581,8.39103177798237e-05,0.000145164612013049,2.3406713737131,TRUE,TRUE,FALSE,TRUE,irHepatitis,
CCL15-CCR1,Macrophage 2,Cholangiocyte,3.11306750697367e-06,1.60005052932842e-06,2.33537804279155e-07,6.23031875128655e-07,all4,2,2,2,2,2.35655901815104e-06,4.28284839703905e-07,1.60005052932842e-06,3.11306750697367e-06,2.33537804279155e-07,6.23031875128655e-07,2.33894066958424,TRUE,TRUE,FALSE,TRUE,irHepatitis,
CCL14-CCR1,Cholangiocyte,CD8+ T cell 1,2.72874519673741e-05,9.86823201681315e-06,1.857285070591e-06,5.42413129055748e-06,all4,2,2,2,2,1.85778419920936e-05,3.64070818057424e-06,9.86823201681315e-06,2.72874519673741e-05,1.857285070591e-06,5.42413129055748e-06,2.33651328473995,TRUE,TRUE,FALSE,TRUE,irHepatitis,
VEGFA-FLT1,Macrophage 2,Hepatocyte 1,3.71560323486365e-06,3.70863280557578e-06,5.38002900978689e-07,8.58543916467261e-07,all4,2,2,2,2,3.71211802021972e-06,6.98273408722975e-07,3.70863280557578e-06,3.71560323486365e-06,5.38002900978689e-07,8.58543916467261e-07,2.33495572562494,TRUE,TRUE,FALSE,TRUE,irHepatitis,
FN1-SDC1,CD4+ T cell,Cholangiocyte,9.215241803365e-05,0.000230244387108038,3.52795892362467e-05,2.87078251962605e-05,all4,2,2,2,2,0.000161198402570844,3.19937072162536e-05,9.215241803365e-05,0.000230244387108038,2.87078251962605e-05,3.52795892362467e-05,2.33128950146953,TRUE,TRUE,FALSE,TRUE,irHepatitis,
CCL15-CCR1,Vascular endothelial cell,CD4+ T cell,4.96915960540929e-06,1.21637907675441e-06,5.76831738557156e-07,5.7770937197568e-07,all4,2,2,2,2,3.09276934108185e-06,5.77270555266418e-07,1.21637907675441e-06,4.96915960540929e-06,5.76831738557156e-07,5.7770937197568e-07,2.33089628881195,TRUE,TRUE,FALSE,TRUE,irHepatitis,
IL15-IL15RA_IL2RB_IL2RG,Macrophage 2,CD8+ T cell 3,1.6804390321296e-05,1.77916752674869e-05,2.86790791852055e-06,3.94435885904923e-06,all4,2,2,2,2,1.72980327943915e-05,3.40613338878489e-06,1.6804390321296e-05,1.77916752674869e-05,2.86790791852055e-06,3.94435885904923e-06,2.32863151697009,TRUE,TRUE,FALSE,TRUE,irHepatitis,
IL15-IL15RA_IL2RB_IL2RG,IgG+ plasmablast / plasma cell,Hepatocyte 1,9.47372583653641e-08,0,6.32153879998452e-07,2.19257413185646e-07,all4,2,2,2,2,4.73686291826821e-08,4.25705646592049e-07,0,9.47372583653641e-08,2.19257413185646e-07,6.32153879998452e-07,-2.32774627233942,TRUE,FALSE,TRUE,TRUE,AIH,
CCL15-CCR1,IgM+ B cell,Sinusoidal endothelial cell,2.21760207977055e-09,0,1.79923270714486e-07,2.07005724735101e-07,all4,2,2,2,2,1.10880103988527e-09,1.93464497724794e-07,0,2.21760207977055e-09,1.79923270714486e-07,2.07005724735101e-07,-2.32770225302647,TRUE,FALSE,TRUE,TRUE,AIH,
HLA-B-CD8A,Cholangiocyte,CD4+ T cell,0.00024171554035013,0.000258488800350915,5.09372651447401e-05,4.88086172470059e-05,all4,2,2,2,2,0.000250102170350523,4.9872941195873e-05,0.00024171554035013,0.000258488800350915,4.88086172470059e-05,5.09372651447401e-05,2.32510653619017,TRUE,TRUE,FALSE,TRUE,irHepatitis,
CCL14-CCR1,CD8+ T cell 2,Vascular endothelial cell,1.19591063835517e-05,2.23446511002049e-06,1.33387663061795e-06,1.42523548167455e-06,all4,2,2,2,2,7.09678574678609e-06,1.37955605614625e-06,2.23446511002049e-06,1.19591063835517e-05,1.33387663061795e-06,1.42523548167455e-06,2.32436262232716,TRUE,TRUE,FALSE,TRUE,irHepatitis,
IL15-IL15RA_IL2RB_IL2RG,Stellate cell,Hepatocyte 1,1.70876035540256e-07,1.0535052771696e-08,7.83110964989048e-07,4.98561797960818e-07,all4,2,2,2,2,9.0705544155976e-08,6.40836381474933e-07,1.0535052771696e-08,1.70876035540256e-07,4.98561797960818e-07,7.83110964989048e-07,-2.32265768400974,TRUE,FALSE,TRUE,TRUE,AIH,
CCL5-CCR1,CD8+ T cell 3,IgM+ B cell,0.00017141968380393,4.38956308851519e-05,2.10978174559137e-05,2.19644222719807e-05,all4,2,2,2,2,0.000107657657344541,2.15311198639472e-05,4.38956308851519e-05,0.00017141968380393,2.10978174559137e-05,2.19644222719807e-05,2.31945345189247,TRUE,TRUE,FALSE,TRUE,irHepatitis,
HLA-B-CD8A,Hepatocyte 2,Hepatocyte 3,9.23144118126387e-06,1.08655365077336e-05,7.90180931120371e-05,2.16632353237667e-05,all4,2,2,2,2,1.00484888444987e-05,5.03406642179019e-05,9.23144118126387e-06,1.08655365077336e-05,2.16632353237667e-05,7.90180931120371e-05,-2.31938949125814,TRUE,FALSE,TRUE,TRUE,AIH,
IL15-IL15RA_IL2RB_IL2RG,CD8+ T cell 2,Macrophage 2,0,0,7.82574542335037e-08,2.94752401547286e-07,all4,2,2,2,2,0,1.86504927890395e-07,0,0,7.82574542335037e-08,2.94752401547286e-07,-2.31910969937337,TRUE,FALSE,TRUE,TRUE,AIH,
CSF1-CSF1R,IgM+ B cell,CD8+ T cell 1,3.58036721642325e-05,3.00094908838577e-05,6.73324741796248e-06,6.39400974483014e-06,all4,2,2,2,2,3.29065815240451e-05,6.56362858139631e-06,3.00094908838577e-05,3.58036721642325e-05,6.39400974483014e-06,6.73324741796248e-06,2.31762122273645,TRUE,TRUE,FALSE,TRUE,irHepatitis,
CCL14-CCR1,Hepatocyte 1,Cholangiocyte,3.32315099723285e-05,1.00239112976301e-05,4.06145161696455e-06,4.54144576198248e-06,all4,2,2,2,2,2.16277106349793e-05,4.30144868947352e-06,1.00239112976301e-05,3.32315099723285e-05,4.06145161696455e-06,4.54144576198248e-06,2.31750890608376,TRUE,TRUE,FALSE,TRUE,irHepatitis,
MHC-I,Vascular endothelial cell,CD8+ T cell 3,0.000399706759332687,0.000429269505932927,7.76619682767736e-05,8.87985923671667e-05,all4,2,2,2,2,0.000414488132632807,8.32302803219702e-05,0.000399706759332687,0.000429269505932927,7.76619682767736e-05,8.87985923671667e-05,2.31550311498875,TRUE,TRUE,FALSE,TRUE,irHepatitis,
CCL5-CCR1,CD8+ T cell 2,Macrophage 2,0.000123082225044538,0.000114194305501611,1.88825891297239e-05,2.87319691771243e-05,all4,2,2,2,2,0.000118638265273075,2.38072791534241e-05,0.000114194305501611,0.000123082225044538,1.88825891297239e-05,2.87319691771243e-05,2.31483339226813,TRUE,TRUE,FALSE,TRUE,irHepatitis,
FN1-CD44,CD8+ T cell 1,Hepatocyte 3,2.78059406474253e-07,3.66885798420029e-07,1.6046203056236e-06,1.97325217160304e-06,all4,2,2,2,2,3.22472602447141e-07,1.78893623861332e-06,2.78059406474253e-07,3.66885798420029e-07,1.6046203056236e-06,1.97325217160304e-06,-2.31378712200458,TRUE,FALSE,TRUE,TRUE,AIH,
CCL16-CCR1,Macrophage 1,CD8+ T cell 2,2.24649426189351e-05,1.29062699453002e-05,3.3160228184602e-06,3.72515730997562e-06,all4,2,2,2,2,1.76856062821176e-05,3.52059006421791e-06,1.29062699453002e-05,2.24649426189351e-05,3.3160228184602e-06,3.72515730997562e-06,2.31346674661333,TRUE,TRUE,FALSE,TRUE,irHepatitis,
VEGFA-FLT1,Cholangiocyte,Hepatocyte 2,1.74161033420709e-05,4.27709478898801e-05,6.74810160480816e-06,5.3123078657502e-06,all4,2,2,2,2,3.00935256159755e-05,6.03020473527918e-06,1.74161033420709e-05,4.27709478898801e-05,5.3123078657502e-06,6.74810160480816e-06,2.31027400510295,TRUE,TRUE,FALSE,TRUE,irHepatitis,
CCL5-CCR1,Sinusoidal endothelial cell,CD4+ T cell,9.20256758031811e-07,2.6310145318321e-07,3.53772064683092e-06,2.70131408677719e-06,all4,2,2,2,2,5.9167910560751e-07,3.11951736680405e-06,2.6310145318321e-07,9.20256758031811e-07,2.70131408677719e-06,3.53772064683092e-06,-2.31020233091363,TRUE,FALSE,TRUE,TRUE,AIH,
VEGFA-FLT1,CD8+ T cell 1,Hepatocyte 4,4.60745201618043e-06,1.16718411643702e-05,1.71752866102118e-06,1.49468068010858e-06,all4,2,2,2,2,8.13964659027531e-06,1.60610467056488e-06,4.60745201618043e-06,1.16718411643702e-05,1.49468068010858e-06,1.71752866102118e-06,2.30827546697491,TRUE,TRUE,FALSE,TRUE,irHepatitis,
MHC-I,IgG+ B cell,Sinusoidal endothelial cell,2.33424337274207e-06,1.88347589030361e-06,1.52646371478498e-05,5.91743965143047e-06,all4,2,2,2,2,2.10885963152284e-06,1.05910383996401e-05,1.88347589030361e-06,2.33424337274207e-06,5.91743965143047e-06,1.52646371478498e-05,-2.3030356008755,TRUE,FALSE,TRUE,TRUE,AIH,
MHC-I,Cholangiocyte,IgG+ plasmablast / plasma cell,0.000199112059589344,0.000249360984437432,4.44897758317762e-05,4.63880365355533e-05,all4,2,2,2,2,0.000224236522013388,4.54389061836647e-05,0.000199112059589344,0.000249360984437432,4.44897758317762e-05,4.63880365355533e-05,2.3018386975493,TRUE,TRUE,FALSE,TRUE,irHepatitis,
HLA-B-CD8A,CD8+ T cell 1,CD8+ T cell 3,0.000483791130420519,0.000465443657064134,9.63573311629112e-05,9.61328359365206e-05,all4,2,2,2,2,0.000474617393742327,9.62450835497159e-05,0.000465443657064134,0.000483791130420519,9.61328359365206e-05,9.63573311629112e-05,2.30142183435513,TRUE,TRUE,FALSE,TRUE,irHepatitis,
CCL16-CCR1,CD4+ T cell,IgM+ B cell,3.95515657204852e-05,1.21179815650721e-05,2.15036277233691e-06,8.25914047269583e-06,all4,2,2,2,2,2.58347736427787e-05,5.20475162251637e-06,1.21179815650721e-05,3.95515657204852e-05,2.15036277233691e-06,8.25914047269583e-06,2.30112277107439,TRUE,TRUE,FALSE,TRUE,irHepatitis,
HLA-B-CD8A,Hepatocyte 2,IgG+ B cell,1.4714265323233e-05,5.94341007474857e-05,1.02635388812626e-05,4.7302545486352e-06,all4,2,2,2,2,3.70741830353593e-05,7.49689671494892e-06,1.4714265323233e-05,5.94341007474857e-05,4.7302545486352e-06,1.02635388812626e-05,2.29890043935174,TRUE,TRUE,FALSE,TRUE,irHepatitis,
VEGFA-FLT1,CD4+ T cell,IgM+ B cell,4.27423434393135e-05,2.48894514250371e-05,4.97925174720468e-06,8.72291479734719e-06,all4,2,2,2,2,3.38158974321753e-05,6.85108327227594e-06,2.48894514250371e-05,4.27423434393135e-05,4.97925174720468e-06,8.72291479734719e-06,2.29548122926972,TRUE,TRUE,FALSE,TRUE,irHepatitis,
FN1-SDC1,Stellate cell,Stellate cell,0.000116809694235652,0.000117109342523773,1.69376928757496e-05,3.09656231356705e-05,all4,2,2,2,2,0.000116959518379713,2.39516580057101e-05,0.000116809694235652,0.000117109342523773,1.69376928757496e-05,3.09656231356705e-05,2.28557567760032,TRUE,TRUE,FALSE,TRUE,irHepatitis,
CCL5-CCR1,IgG+ plasmablast / plasma cell,CD8+ T cell 1,2.27521147345916e-05,2.80549688714856e-05,6.255465879213e-06,4.09265969789525e-06,all4,2,2,2,2,2.54035418030386e-05,5.17406278855413e-06,2.27521147345916e-05,2.80549688714856e-05,4.09265969789525e-06,6.255465879213e-06,2.28533800597763,TRUE,TRUE,FALSE,TRUE,irHepatitis,
MHC-I,Macrophage 2,IgG+ B cell,8.03612991794159e-05,0.000168332698620465,3.23527586299414e-05,1.86722757899188e-05,all4,2,2,2,2,0.000124346998899941,2.55125172099301e-05,8.03612991794159e-05,0.000168332698620465,1.86722757899188e-05,3.23527586299414e-05,2.28299604552646,TRUE,TRUE,FALSE,TRUE,irHepatitis,
CCL5-CCR1,Macrophage 2,Cholangiocyte,2.59201271379997e-05,9.08279341883341e-06,4.68748623451994e-06,2.43788649706253e-06,all4,2,2,2,2,1.75014602784165e-05,3.56268636579123e-06,9.08279341883341e-06,2.59201271379997e-05,2.43788649706253e-06,4.68748623451994e-06,2.28148151747877,TRUE,TRUE,FALSE,TRUE,irHepatitis,
CCL5-CCR1,Hepatocyte 2,IgG+ B cell,1.31216476931954e-07,1.23793419945291e-08,7.02165983437182e-07,3.55651449230341e-07,all4,2,2,2,2,7.17979094632413e-08,5.28908716333761e-07,1.23793419945291e-08,1.31216476931954e-07,3.55651449230341e-07,7.02165983437182e-07,-2.27983767661087,TRUE,FALSE,TRUE,TRUE,AIH,
IL15-IL15RA_IL2RB_IL2RG,CD8+ T cell 2,IgG+ plasmablast / plasma cell,1.17443050319062e-07,0,5.90658391446735e-07,3.38340848504782e-07,all4,2,2,2,2,5.87215251595309e-08,4.64499619975758e-07,0,1.17443050319062e-07,3.38340848504782e-07,5.90658391446735e-07,-2.27728007808027,TRUE,FALSE,TRUE,TRUE,AIH,
CCL5-CCR1,Hepatocyte 2,Hepatocyte 4,4.00844999100338e-07,4.22512087636046e-07,3.32906185999347e-06,1.00258304189275e-06,all4,2,2,2,2,4.11678543368192e-07,2.16582245094311e-06,4.00844999100338e-07,4.22512087636046e-07,1.00258304189275e-06,3.32906185999347e-06,-2.27098022428552,TRUE,FALSE,TRUE,TRUE,AIH,
IL15-IL15RA_IL2RB_IL2RG,CD8+ T cell 1,Vascular endothelial cell,0,0,2.83395574175541e-07,7.30272998007853e-08,all4,2,2,2,2,0,1.78211436988163e-07,0,0,7.30272998007853e-08,2.83395574175541e-07,-2.26687763231675,TRUE,FALSE,TRUE,TRUE,AIH,
CCL5-CCR1,Cholangiocyte,Macrophage 2,6.11756659317835e-05,4.8274381054085e-05,1.44029391144317e-05,8.26596191066815e-06,all4,2,2,2,2,5.47250234929343e-05,1.13344505125499e-05,4.8274381054085e-05,6.11756659317835e-05,8.26596191066815e-06,1.44029391144317e-05,2.26678082930548,TRUE,TRUE,FALSE,TRUE,irHepatitis,
FN1-CD44,IgG+ plasmablast / plasma cell,Hepatocyte 2,2.55115659058473e-07,7.97481557441387e-09,7.31832232340675e-07,8.88841906482323e-07,all4,2,2,2,2,1.31545237316444e-07,8.10337069411499e-07,7.97481557441387e-09,2.55115659058473e-07,7.31832232340675e-07,8.88841906482323e-07,-2.2652360375803,TRUE,FALSE,TRUE,TRUE,AIH,
MHC-I,IgG+ B cell,CD8+ T cell 2,9.54113145349688e-05,0.000131888399107988,2.89252735894028e-05,1.8304289559027e-05,all4,2,2,2,2,0.000113649856821478,2.36147815742149e-05,9.54113145349688e-05,0.000131888399107988,1.8304289559027e-05,2.89252735894028e-05,2.26457430401271,TRUE,TRUE,FALSE,TRUE,irHepatitis,
FN1-CD44,CD8+ T cell 1,CD4+ T cell,4.95257809836296e-05,9.98471409229228e-05,1.59908866688763e-05,1.50299972152256e-05,all4,2,2,2,2,7.46864609532762e-05,1.5510441942051e-05,4.95257809836296e-05,9.98471409229228e-05,1.50299972152256e-05,1.59908866688763e-05,2.26416854638694,TRUE,TRUE,FALSE,TRUE,irHepatitis,
FN1-SDC1,Macrophage 2,Stellate cell,2.28150169299804e-05,2.81685666853031e-05,3.12185820814976e-06,7.42801611792539e-06,all4,2,2,2,2,2.54917918076417e-05,5.27493716303757e-06,2.28150169299804e-05,2.81685666853031e-05,3.12185820814976e-06,7.42801611792539e-06,2.26272263477121,TRUE,TRUE,FALSE,TRUE,irHepatitis,
HLA-B-CD8A,Macrophage 2,IgG+ B cell,8.03612991794159e-05,0.00010120053687248,2.43263205965024e-05,1.34784041396383e-05,all4,2,2,2,2,9.07809180259481e-05,1.89023623680704e-05,8.03612991794159e-05,0.00010120053687248,1.34784041396383e-05,2.43263205965024e-05,2.26100215689091,TRUE,TRUE,FALSE,TRUE,irHepatitis,
VEGFA-FLT1,CD8+ T cell 2,Vascular endothelial cell,0.000160688595322342,0.000104289395102073,2.18508935861124e-05,3.3440804289308e-05,all4,2,2,2,2,0.000132488995212207,2.76458489377102e-05,0.000104289395102073,0.000160688595322342,2.18508935861124e-05,3.3440804289308e-05,2.25880955054882,TRUE,TRUE,FALSE,TRUE,irHepatitis,
CCL5-CCR1,CD8+ T cell 2,CD4+ T cell,6.79037040191211e-05,2.61415612910926e-05,8.1321744577585e-06,1.14786109252631e-05,all4,2,2,2,2,4.70226326551069e-05,9.80539269151078e-06,2.61415612910926e-05,6.79037040191211e-05,8.1321744577585e-06,1.14786109252631e-05,2.25628063116547,TRUE,TRUE,FALSE,TRUE,irHepatitis,
IL15-IL15RA_IL2RB_IL2RG,CD4+ T cell,Stellate cell,4.38892780496246e-06,6.18291355264918e-07,5.64662350203727e-07,4.1010371091107e-07,all4,2,2,2,2,2.50360958011369e-06,4.87383030557399e-07,6.18291355264918e-07,4.38892780496246e-06,4.1010371091107e-07,5.64662350203727e-07,2.25545046434059,TRUE,TRUE,FALSE,TRUE,irHepatitis,
FN1-SDC1,Macrophage 1,Vascular endothelial cell,1.34064030555995e-05,8.88716615532897e-06,2.20884210135529e-06,2.401108687167e-06,all4,2,2,2,2,1.11467846054643e-05,2.30497539426114e-06,8.88716615532897e-06,1.34064030555995e-05,2.20884210135529e-06,2.401108687167e-06,2.25087887690757,TRUE,TRUE,FALSE,TRUE,irHepatitis,
CCL16-CCR1,IgG+ B cell,Stellate cell,4.87602433782265e-06,4.73066177059865e-06,4.70804380662546e-07,1.47549860513634e-06,all4,2,2,2,2,4.80334305421065e-06,9.73151492899444e-07,4.73066177059865e-06,4.87602433782265e-06,4.70804380662546e-07,1.47549860513634e-06,2.24959349346911,TRUE,TRUE,FALSE,TRUE,irHepatitis,
CCL5-CCR1,Vascular endothelial cell,Hepatocyte 3,1.56184225867006e-07,8.99459042452382e-09,8.22165928540238e-07,3.14019370890957e-07,all4,2,2,2,2,8.25894081457649e-08,5.68092649715598e-07,8.99459042452382e-09,1.56184225867006e-07,3.14019370890957e-07,8.22165928540238e-07,-2.24914113945498,TRUE,FALSE,TRUE,TRUE,AIH,
CCL15-CCR1,CD4+ T cell,CD4+ T cell,4.06003978280597e-06,1.6454795346528e-06,3.63623645845314e-07,7.629044385843e-07,all4,2,2,2,2,2.85275965872939e-06,5.63264042214807e-07,1.6454795346528e-06,4.06003978280597e-06,3.63623645845314e-07,7.629044385843e-07,2.24891277857175,TRUE,TRUE,FALSE,TRUE,irHepatitis,
MHC-I,CD8+ T cell 1,CD4+ T cell,0.000227152713364334,0.000223428584306791,5.02506115920259e-05,4.45980060064388e-05,all4,2,2,2,2,0.000225290648835562,4.74243087992324e-05,0.000223428584306791,0.000227152713364334,4.45980060064388e-05,5.02506115920259e-05,2.2469668753424,TRUE,TRUE,FALSE,TRUE,irHepatitis,
CCL15-CCR1,CD8+ T cell 1,CD8+ T cell 2,6.5776981073811e-06,8.38823447757891e-06,1.60534899192559e-06,1.47520975996541e-06,all4,2,2,2,2,7.48296629248001e-06,1.5402793759455e-06,6.5776981073811e-06,8.38823447757891e-06,1.47520975996541e-06,1.60534899192559e-06,2.24627366415996,TRUE,TRUE,FALSE,TRUE,irHepatitis,
VEGFA-FLT1,Macrophage 2,IgM+ B cell,1.10595757716894e-05,3.61048806426947e-05,3.50192456160142e-06,6.37002068208187e-06,all4,2,2,2,2,2.35822282071921e-05,4.93597262184164e-06,1.10595757716894e-05,3.61048806426947e-05,3.50192456160142e-06,6.37002068208187e-06,2.24555330032905,TRUE,TRUE,FALSE,TRUE,irHepatitis,
FN1-SDC1,IgG+ B cell,Hepatocyte 2,2.77960375536973e-05,3.31171282302545e-05,6.07477460218357e-06,6.70096679051085e-06,all4,2,2,2,2,3.04565828919759e-05,6.38787069634721e-06,2.77960375536973e-05,3.31171282302545e-05,6.07477460218357e-06,6.70096679051085e-06,2.24504159517759,TRUE,TRUE,FALSE,TRUE,irHepatitis,
IL15-IL15RA_IL2RB_IL2RG,Macrophage 1,CD8+ T cell 3,3.20202383077517e-05,8.27297834149762e-05,1.18204686164195e-05,1.23318622304604e-05,all4,2,2,2,2,5.7375010861364e-05,1.207616542344e-05,3.20202383077517e-05,8.27297834149762e-05,1.18204686164195e-05,1.23318622304604e-05,2.24386179432244,TRUE,TRUE,FALSE,TRUE,irHepatitis,
VEGFA-FLT1,Macrophage 1,IgM+ B cell,1.36729516409043e-05,1.22075438027419e-05,2.46805434481826e-06,2.92720912786617e-06,all4,2,2,2,2,1.29402477218231e-05,2.69763173634221e-06,1.22075438027419e-05,1.36729516409043e-05,2.46805434481826e-06,2.92720912786617e-06,2.24251891663438,TRUE,TRUE,FALSE,TRUE,irHepatitis,
VEGFA-FLT1,Macrophage 2,Cholangiocyte,1.27722419833132e-05,3.55094482859953e-06,1.49104182859021e-06,1.88730604425904e-06,all4,2,2,2,2,8.16159340595639e-06,1.68917393642462e-06,3.55094482859953e-06,1.27722419833132e-05,1.49104182859021e-06,1.88730604425904e-06,2.24139373909934,TRUE,TRUE,FALSE,TRUE,irHepatitis,
CSF1-CSF1R,Macrophage 1,Cholangiocyte,1.88443640049795e-05,1.21437244725407e-05,3.24218156857825e-06,3.23855759648983e-06,all4,2,2,2,2,1.54940442387601e-05,3.24036958253404e-06,1.21437244725407e-05,1.88443640049795e-05,3.23855759648983e-06,3.24218156857825e-06,2.24116776184214,TRUE,TRUE,FALSE,TRUE,irHepatitis,
MHC-I,CD8+ T cell 2,CD8+ T cell 2,0.00241763091105754,0.00332345110491138,0.000785455600238363,0.000430352095819588,all4,2,2,2,2,0.00287054100798446,0.000607903848028975,0.00241763091105754,0.00332345110491138,0.000430352095819588,0.000785455600238363,2.23932017939184,TRUE,TRUE,FALSE,TRUE,irHepatitis,
MHC-I,IgM+ B cell,CD4+ T cell,0.000566177424612663,0.000726412688281446,0.00011283107991705,0.000161214503700625,all4,2,2,2,2,0.000646295056447055,0.000137022791808838,0.000566177424612663,0.000726412688281446,0.00011283107991705,0.000161214503700625,2.2373893655055,TRUE,TRUE,FALSE,TRUE,irHepatitis,
VEGFA-FLT1,CD4+ T cell,CD8+ T cell 1,1.37746238725823e-05,7.61316189309593e-06,2.91779153922664e-06,1.55427354364267e-06,all4,2,2,2,2,1.06938928828391e-05,2.23603254143465e-06,7.61316189309593e-06,1.37746238725823e-05,1.55427354364267e-06,2.91779153922664e-06,2.23421985724369,TRUE,TRUE,FALSE,TRUE,irHepatitis,
CCL14-CCR1,CD4+ T cell,CD8+ T cell 1,2.98774018234714e-05,2.03641627098339e-05,4.53019840010927e-06,6.07739958196265e-06,all4,2,2,2,2,2.51207822666526e-05,5.30379899103596e-06,2.03641627098339e-05,2.98774018234714e-05,4.53019840010927e-06,6.07739958196265e-06,2.23380700085116,TRUE,TRUE,FALSE,TRUE,irHepatitis,
MHC-I,IgM+ B cell,Cholangiocyte,0.000169119509479416,0.000118771163588973,3.26076691638217e-05,2.85453108675149e-05,all4,2,2,2,2,0.000143945336534194,3.05764900156683e-05,0.000118771163588973,0.000169119509479416,2.85453108675149e-05,3.26076691638217e-05,2.23329105128839,TRUE,TRUE,FALSE,TRUE,irHepatitis,
CCL16-CCR1,IgG+ B cell,CD4+ T cell,8.06147874330859e-06,4.01036057685652e-06,5.11947270580721e-07,1.98626155551902e-06,all4,2,2,2,2,6.03591966008256e-06,1.24910441304987e-06,4.01036057685652e-06,8.06147874330859e-06,5.11947270580721e-07,1.98626155551902e-06,2.23080954807174,TRUE,TRUE,FALSE,TRUE,irHepatitis,
IL15-IL15RA_IL2RB_IL2RG,Macrophage 2,Hepatocyte 1,7.41737503889019e-08,1.46472623734539e-08,4.64041985798183e-07,2.96126280187469e-07,all4,2,2,2,2,4.44105063811779e-08,3.80084132992826e-07,1.46472623734539e-08,7.41737503889019e-08,2.96126280187469e-07,4.64041985798183e-07,-2.22731596073109,TRUE,FALSE,TRUE,TRUE,AIH,
HLA-B-CD8A,Cholangiocyte,Macrophage 1,0.00012024873671641,3.9329672700747e-05,1.83041446197438e-05,1.57032233430668e-05,all4,2,2,2,2,7.97892047085785e-05,1.70036839814053e-05,3.9329672700747e-05,0.00012024873671641,1.57032233430668e-05,1.83041446197438e-05,2.22723080900122,TRUE,TRUE,FALSE,TRUE,irHepatitis,
HLA-B-CD8A,Macrophage 1,IgG+ B cell,4.78084203401541e-05,6.64478589031945e-05,1.74664473056498e-05,6.93640864057054e-06,all4,2,2,2,2,5.71281396216743e-05,1.22014279731101e-05,4.78084203401541e-05,6.64478589031945e-05,6.93640864057054e-06,1.74664473056498e-05,2.22281542583233,TRUE,TRUE,FALSE,TRUE,irHepatitis,
HLA-B-CD8A,Vascular endothelial cell,IgG+ B cell,0.000158962397666112,8.82639259288412e-05,2.41109143737154e-05,2.87910490930315e-05,all4,2,2,2,2,0.000123613161797477,2.64509817333734e-05,8.82639259288412e-05,0.000158962397666112,2.41109143737154e-05,2.87910490930315e-05,2.22243752636814,TRUE,TRUE,FALSE,TRUE,irHepatitis,
MHC-I,Hepatocyte 1,Hepatocyte 3,7.92907765356988e-06,1.46022087632947e-05,8.02517120035551e-05,2.52298096117457e-05,all4,2,2,2,2,1.12656432084323e-05,5.27407608076504e-05,7.92907765356988e-06,1.46022087632947e-05,2.52298096117457e-05,8.02517120035551e-05,-2.22229344067032,TRUE,FALSE,TRUE,TRUE,AIH,
CCL5-CCR1,Cholangiocyte,Vascular endothelial cell,1.87463336544596e-05,7.20909799801005e-06,3.27237627175819e-06,2.22363767250744e-06,all4,2,2,2,2,1.29777158262348e-05,2.74800697213281e-06,7.20909799801005e-06,1.87463336544596e-05,2.22363767250744e-06,3.27237627175819e-06,2.22043341510367,TRUE,TRUE,FALSE,TRUE,irHepatitis,
VEGFA-FLT1,Macrophage 1,Macrophage 2,8.98187443251409e-06,1.47745640414433e-05,2.72260933617756e-06,2.30380654625318e-06,all4,2,2,2,2,1.18782192369787e-05,2.51320794121537e-06,8.98187443251409e-06,1.47745640414433e-05,2.30380654625318e-06,2.72260933617756e-06,2.21979784328351,TRUE,TRUE,FALSE,TRUE,irHepatitis,
MHC-I,CD8+ T cell 3,CD4+ T cell,0.000273200016422273,0.000130412066919746,4.66432482532268e-05,4.02932972535221e-05,all4,2,2,2,2,0.000201806041671009,4.34682727533744e-05,0.000130412066919746,0.000273200016422273,4.02932972535221e-05,4.66432482532268e-05,2.2137183373844,TRUE,TRUE,FALSE,TRUE,irHepatitis,
HLA-B-CD8A,CD8+ T cell 2,CD4+ T cell,0.000135538076349621,2.91371017678459e-05,1.82288810916186e-05,1.72417661256022e-05,all4,2,2,2,2,8.23375890587334e-05,1.77353236086104e-05,2.91371017678459e-05,0.000135538076349621,1.72417661256022e-05,1.82288810916186e-05,2.21194716258523,TRUE,TRUE,FALSE,TRUE,irHepatitis,
FN1-CD44,CD4+ T cell,Hepatocyte 2,1.03182768970362e-07,5.685612713597e-08,4.70521808687876e-07,6.09488654742962e-07,all4,2,2,2,2,8.00194480531659e-08,5.40005231715419e-07,5.685612713597e-08,1.03182768970362e-07,4.70521808687876e-07,6.09488654742962e-07,-2.21063862663641,TRUE,FALSE,TRUE,TRUE,AIH,
CSF1-CSF1R,Vascular endothelial cell,Hepatocyte 1,1.45699249178628e-05,4.72492541622262e-06,1.69634578412058e-06,2.40923053245919e-06,all4,2,2,2,2,9.6474251670427e-06,2.05278815828988e-06,4.72492541622262e-06,1.45699249178628e-05,1.69634578412058e-06,2.40923053245919e-06,2.20705138676043,TRUE,TRUE,FALSE,TRUE,irHepatitis,
IL15-IL15RA_IL2RB_IL2RG,Cholangiocyte,Sinusoidal endothelial cell,1.60402803487111e-07,0,7.48554657422124e-07,3.29447165411803e-07,all4,2,2,2,2,8.02014017435554e-08,5.39000911416964e-07,0,1.60402803487111e-07,3.29447165411803e-07,7.48554657422124e-07,-2.20609768752851,TRUE,FALSE,TRUE,TRUE,AIH,
IL15-IL15RA_IL2RB_IL2RG,Hepatocyte 3,CD8+ T cell 3,9.46164729559958e-07,1.48787415863901e-06,2.64346539787817e-07,1.90555880586635e-07,all4,2,2,2,2,1.21701944409948e-06,2.27451210187226e-07,9.46164729559958e-07,1.48787415863901e-06,1.90555880586635e-07,2.64346539787817e-07,2.20446658191725,TRUE,TRUE,FALSE,TRUE,irHepatitis,
MHC-I,CD4+ T cell,CD8+ T cell 1,0.000488987577633408,0.000611399578932282,0.00011691819746277,0.000121873869812499,all4,2,2,2,2,0.000550193578282845,0.000119396033637635,0.000488987577633408,0.000611399578932282,0.00011691819746277,0.000121873869812499,2.2037422805702,TRUE,TRUE,FALSE,TRUE,irHepatitis,
CSF1-CSF1R,Cholangiocyte,Cholangiocyte,0.000365281895001571,0.000371842204510507,9.56773967703589e-05,6.44738314274928e-05,all4,2,2,2,2,0.000368562049756039,8.00756140989259e-05,0.000365281895001571,0.000371842204510507,6.44738314274928e-05,9.56773967703589e-05,2.20181375475671,TRUE,TRUE,FALSE,TRUE,irHepatitis,
FN1-CD44,IgG+ B cell,Hepatocyte 2,1.88356562663391e-06,6.2514502175305e-07,2.23001855082298e-07,2.49578918993847e-07,all4,2,2,2,2,1.25435532419348e-06,2.36290387038072e-07,6.2514502175305e-07,1.88356562663391e-06,2.23001855082298e-07,2.49578918993847e-07,2.20069677614373,TRUE,TRUE,FALSE,TRUE,irHepatitis,
VEGFA-FLT1,IgG+ B cell,Vascular endothelial cell,0.000129301446589171,0.000216342990211243,2.94869918021811e-05,4.56938649404743e-05,all4,2,2,2,2,0.000172822218400207,3.75904283713277e-05,0.000129301446589171,0.000216342990211243,2.94869918021811e-05,4.56938649404743e-05,2.19944882750504,TRUE,TRUE,FALSE,TRUE,irHepatitis,
CCL14-CCR1,Macrophage 1,Cholangiocyte,2.14153148458075e-05,1.07305628721352e-05,3.05730005855725e-06,3.87031850709922e-06,all4,2,2,2,2,1.60729388589714e-05,3.46380928282824e-06,1.07305628721352e-05,2.14153148458075e-05,3.05730005855725e-06,3.87031850709922e-06,2.19905423285443,TRUE,TRUE,FALSE,TRUE,irHepatitis,
FN1-SDC1,Macrophage 2,Macrophage 2,3.53282287766409e-05,3.78898946951253e-05,5.71887148266467e-06,1.01624070224832e-05,all4,2,2,2,2,3.66090617358831e-05,7.94063925257394e-06,3.53282287766409e-05,3.78898946951253e-05,5.71887148266467e-06,1.01624070224832e-05,2.19824740234225,TRUE,TRUE,FALSE,TRUE,irHepatitis,
IL15-IL15RA_IL2RB_IL2RG,CD4+ T cell,IgM+ B cell,1.6701367934096e-06,3.19547258859831e-07,1.96918812556286e-06,7.49636632856587e-06,all4,2,2,2,2,9.94842026134713e-07,4.73277722706437e-06,3.19547258859831e-07,1.6701367934096e-06,1.96918812556286e-06,7.49636632856587e-06,-2.19808816295869,TRUE,FALSE,TRUE,TRUE,AIH,
FN1-SDC1,Vascular endothelial cell,Stellate cell,4.33817756556977e-05,7.92044596656341e-05,1.10971087627552e-05,1.55498109852075e-05,all4,2,2,2,2,6.12931176606659e-05,1.33234598739814e-05,4.33817756556977e-05,7.92044596656341e-05,1.10971087627552e-05,1.55498109852075e-05,2.1978037643012,TRUE,TRUE,FALSE,TRUE,irHepatitis,
CCL5-CCR1,Macrophage 2,CD4+ T cell,2.6869264622711e-05,1.01244265936126e-05,4.47211084026572e-06,3.52002343097863e-06,all4,2,2,2,2,1.84968456081618e-05,3.99606713562217e-06,1.01244265936126e-05,2.6869264622711e-05,3.52002343097863e-06,4.47211084026572e-06,2.19749087422767,TRUE,TRUE,FALSE,TRUE,irHepatitis,
CCL5-CCR1,Sinusoidal endothelial cell,IgG+ plasmablast / plasma cell,3.76793722735271e-07,1.23254999319003e-06,4.98515877364585e-06,2.71125804378449e-06,all4,2,2,2,2,8.04671857962648e-07,3.84820840871517e-06,3.76793722735271e-07,1.23254999319003e-06,2.71125804378449e-06,4.98515877364585e-06,-2.1936747887977,TRUE,FALSE,TRUE,TRUE,AIH,
CCL14-CCR1,Macrophage 2,Cholangiocyte,1.54100495336354e-05,1.39387644226381e-05,2.70634327266644e-06,3.64160066794768e-06,all4,2,2,2,2,1.46744069781368e-05,3.17397197030706e-06,1.39387644226381e-05,1.54100495336354e-05,2.70634327266644e-06,3.64160066794768e-06,2.19243844032717,TRUE,TRUE,FALSE,TRUE,irHepatitis,
FN1-SDC1,Vascular endothelial cell,CD8+ T cell 3,7.04760540037179e-05,3.14781174424072e-05,1.04389022495478e-05,1.17989935395843e-05,all4,2,2,2,2,5.09770857230625e-05,1.11189478945661e-05,3.14781174424072e-05,7.04760540037179e-05,1.04389022495478e-05,1.17989935395843e-05,2.19209891368437,TRUE,TRUE,FALSE,TRUE,irHepatitis,
MHC-I,CD4+ T cell,IgM+ B cell,0.00046481746058924,0.000439101558816995,7.48354061575311e-05,0.000122946459955909,all4,2,2,2,2,0.000451959509703118,9.889093305672e-05,0.000439101558816995,0.00046481746058924,7.48354061575311e-05,0.000122946459955909,2.19175084353202,TRUE,TRUE,FALSE,TRUE,irHepatitis,
HLA-B-CD8A,Macrophage 2,CD8+ T cell 2,0.000251356808441735,0.000239607186453096,4.44690282589577e-05,6.29354121946042e-05,all4,2,2,2,2,0.000245481997447415,5.3702220226781e-05,0.000239607186453096,0.000251356808441735,4.44690282589577e-05,6.29354121946042e-05,2.1915831353677,TRUE,TRUE,FALSE,TRUE,irHepatitis,
FN1-CD44,CD8+ T cell 3,Hepatocyte 1,1.54660561474877e-06,8.5895866522335e-07,6.49959919321705e-06,4.82063332314123e-06,all4,2,2,2,2,1.20278213998606e-06,5.66011625817914e-06,8.5895866522335e-07,1.54660561474877e-06,4.82063332314123e-06,6.49959919321705e-06,-2.19131952831855,TRUE,FALSE,TRUE,TRUE,AIH,
FN1-SDC1,IgM+ B cell,IgG+ B cell,6.40768036088684e-05,7.05818632222288e-05,1.97678546114043e-05,9.64840260823392e-06,all4,2,2,2,2,6.73293334155486e-05,1.47081286098191e-05,6.40768036088684e-05,7.05818632222288e-05,9.64840260823392e-06,1.97678546114043e-05,2.19104525911047,TRUE,TRUE,FALSE,TRUE,irHepatitis,
CCL14-CCR1,Hepatocyte 3,CD8+ T cell 2,3.79816788099831e-05,1.89335535766558e-05,5.90121192656564e-06,6.49832551831094e-06,all4,2,2,2,2,2.84576161933195e-05,6.19976872243829e-06,1.89335535766558e-05,3.79816788099831e-05,5.90121192656564e-06,6.49832551831094e-06,2.19006039630893,TRUE,TRUE,FALSE,TRUE,irHepatitis,
FN1-CD44,IgG+ B cell,CD4+ T cell,3.67117715061687e-05,8.01281788146364e-05,1.39477876113429e-05,1.16032311974742e-05,all4,2,2,2,2,5.84199751604025e-05,1.27755094044085e-05,3.67117715061687e-05,8.01281788146364e-05,1.16032311974742e-05,1.39477876113429e-05,2.18896614005014,TRUE,TRUE,FALSE,TRUE,irHepatitis,
CCL5-CCR1,Macrophage 2,Macrophage 1,4.41979975707354e-05,5.32877674992091e-05,1.08506135450273e-05,1.04824198921995e-05,all4,2,2,2,2,4.87428825349723e-05,1.06665167186134e-05,4.41979975707354e-05,5.32877674992091e-05,1.04824198921995e-05,1.08506135450273e-05,2.18717718360222,TRUE,TRUE,FALSE,TRUE,irHepatitis,
VEGFA-FLT1,Hepatocyte 1,Cholangiocyte,2.31250448771254e-05,1.97816231082885e-05,3.03533660112696e-06,6.31377675104944e-06,all4,2,2,2,2,2.1453333992707e-05,4.6745566760882e-06,1.97816231082885e-05,2.31250448771254e-05,3.03533660112696e-06,6.31377675104944e-06,2.18708651657853,TRUE,TRUE,FALSE,TRUE,irHepatitis,
HLA-B-CD8A,CD8+ T cell 2,IgM+ B cell,6.9015538831773e-05,1.90154271207302e-05,1.02472973376927e-05,9.03963908482864e-06,all4,2,2,2,2,4.40154829762516e-05,9.64346821126068e-06,1.90154271207302e-05,6.9015538831773e-05,9.03963908482864e-06,1.02472973376927e-05,2.18494268213843,TRUE,TRUE,FALSE,TRUE,irHepatitis,
CCL15-CCR1,Cholangiocyte,CD8+ T cell 1,2.21662349399638e-05,1.09353631164408e-05,1.53332331617891e-06,5.67695027993296e-06,all4,2,2,2,2,1.65507990282023e-05,3.60513679805593e-06,1.09353631164408e-05,2.21662349399638e-05,1.53332331617891e-06,5.67695027993296e-06,2.1842592651373,TRUE,TRUE,FALSE,TRUE,irHepatitis,
VEGFA-FLT1,IgM+ B cell,CD4+ T cell,4.14084172381788e-05,2.46999395096947e-05,4.91437130396169e-06,9.55955936827469e-06,all4,2,2,2,2,3.30541783739368e-05,7.23696533611819e-06,2.46999395096947e-05,4.14084172381788e-05,4.91437130396169e-06,9.55955936827469e-06,2.18412674074058,TRUE,TRUE,FALSE,TRUE,irHepatitis,
CSF1-CSF1R,Sinusoidal endothelial cell,Macrophage 1,0.000549650145337624,0.000865764734086915,0.000157855396278925,0.000153842982681547,all4,2,2,2,2,0.00070770743971227,0.000155849189480236,0.000549650145337624,0.000865764734086915,0.000153842982681547,0.000157855396278925,2.18266510322499,TRUE,TRUE,FALSE,TRUE,irHepatitis,
CCL15-CCR1,Sinusoidal endothelial cell,Cholangiocyte,2.25608921047711e-06,4.2570449807873e-06,5.25185522635809e-07,8.37063539439241e-07,all4,2,2,2,2,3.25656709563221e-06,6.81124531037525e-07,2.25608921047711e-06,4.2570449807873e-06,5.25185522635809e-07,8.37063539439241e-07,2.18216883029069,TRUE,TRUE,FALSE,TRUE,irHepatitis,
VEGFA-FLT1,IgG+ plasmablast / plasma cell,Hepatocyte 3,9.33694063739527e-07,1.4748289888926e-06,8.28559221552788e-06,2.97227178899868e-06,all4,2,2,2,2,1.20426152631606e-06,5.62893200226328e-06,9.33694063739527e-07,1.4748289888926e-06,2.97227178899868e-06,8.28559221552788e-06,-2.18170743655048,TRUE,FALSE,TRUE,TRUE,AIH,
MHC-I,Hepatocyte 2,IgG+ B cell,1.4714265323233e-05,7.17735567340854e-05,1.27679925251237e-05,6.22690851463816e-06,all4,2,2,2,2,4.32439110286592e-05,9.49745051988093e-06,1.4714265323233e-05,7.17735567340854e-05,6.22690851463816e-06,1.27679925251237e-05,2.18136071902061,TRUE,TRUE,FALSE,TRUE,irHepatitis,
CCL5-CCR1,CD8+ T cell 2,Macrophage 1,0.000302195059731562,0.000586671804255136,0.000109023425983601,8.740916561237e-05,all4,2,2,2,2,0.000444433431993349,9.82162957979856e-05,0.000302195059731562,0.000586671804255136,8.740916561237e-05,0.000109023425983601,2.17739834334884,TRUE,TRUE,FALSE,TRUE,irHepatitis,
MHC-I,Cholangiocyte,CD4+ T cell,0.00024171554035013,0.00037363539938128,7.07966000762466e-05,6.55532407923848e-05,all4,2,2,2,2,0.000307675469865705,6.81749204343157e-05,0.00024171554035013,0.00037363539938128,6.55532407923848e-05,7.07966000762466e-05,2.17332679578936,TRUE,TRUE,FALSE,TRUE,irHepatitis,
MHC-I,Macrophage 2,Cholangiocyte,0.000177294561321483,0.000145011157081237,4.51344899283229e-05,2.63086044762363e-05,all4,2,2,2,2,0.00016115285920136,3.57215472022796e-05,0.000145011157081237,0.000177294561321483,2.63086044762363e-05,4.51344899283229e-05,2.17209520841982,TRUE,TRUE,FALSE,TRUE,irHepatitis,
VEGFA-FLT1,Macrophage 2,Hepatocyte 2,3.1285075390753e-06,4.71734753427021e-06,8.22547739870107e-07,8.46448226137663e-07,all4,2,2,2,2,3.92292753667275e-06,8.34497983003885e-07,3.1285075390753e-06,4.71734753427021e-06,8.22547739870107e-07,8.46448226137663e-07,2.17141427229885,TRUE,TRUE,FALSE,TRUE,irHepatitis,
MHC-I,Hepatocyte 1,Hepatocyte 2,1.11348322958231e-05,1.60676444102266e-05,0.000104480709738618,1.78504361780713e-05,all4,2,2,2,2,1.36012383530249e-05,6.11655729583447e-05,1.11348322958231e-05,1.60676444102266e-05,1.78504361780713e-05,0.000104480709738618,-2.16513459788993,TRUE,FALSE,TRUE,TRUE,AIH,
CCL15-CCR1,Sinusoidal endothelial cell,Hepatocyte 4,8.08407894598946e-06,4.30881291284731e-06,1.4936826289881e-06,1.20634500816216e-06,all4,2,2,2,2,6.19644592941838e-06,1.35001381857513e-06,4.30881291284731e-06,8.08407894598946e-06,1.20634500816216e-06,1.4936826289881e-06,2.16020446017091,TRUE,TRUE,FALSE,TRUE,irHepatitis,
HLA-B-CD8A,CD4+ T cell,CD8+ T cell 2,0.000311570318142232,7.3184161281856e-05,3.81187433005966e-05,4.78987074633403e-05,all4,2,2,2,2,0.000192377239712044,4.30087253819685e-05,7.3184161281856e-05,0.000311570318142232,3.81187433005966e-05,4.78987074633403e-05,2.16002030359531,TRUE,TRUE,FALSE,TRUE,irHepatitis,
CCL14-CCR1,Sinusoidal endothelial cell,CD8+ T cell 2,0.000177511843665436,0.000112820069044898,2.84015150063344e-05,3.65807432327356e-05,all4,2,2,2,2,0.000145165956355167,3.2491129119535e-05,0.000112820069044898,0.000177511843665436,2.84015150063344e-05,3.65807432327356e-05,2.15797591065228,TRUE,TRUE,FALSE,TRUE,irHepatitis,
VEGFA-FLT1,CD8+ T cell 2,CD8+ T cell 3,8.22309505486821e-05,0.000121507208775279,2.7652654548884e-05,1.79854062389978e-05,all4,2,2,2,2,0.00010186907966198,2.28190303939409e-05,8.22309505486821e-05,0.000121507208775279,1.79854062389978e-05,2.7652654548884e-05,2.15611656307903,TRUE,TRUE,FALSE,TRUE,irHepatitis,
IL15-IL15RA_IL2RB_IL2RG,Sinusoidal endothelial cell,Hepatocyte 2,0,0,1.35548063907769e-07,1.87384334199875e-07,all4,2,2,2,2,0,1.61466199053822e-07,0,0,1.35548063907769e-07,1.87384334199875e-07,-2.1552772061152,TRUE,FALSE,TRUE,TRUE,AIH,
HLA-B-CD8A,Macrophage 1,CD8+ T cell 3,0.000369430003802824,0.000530887210418891,0.000106224579863837,9.59315830608398e-05,all4,2,2,2,2,0.000450158607110857,0.000101078081462339,0.000369430003802824,0.000530887210418891,9.59315830608398e-05,0.000106224579863837,2.15444603344419,TRUE,TRUE,FALSE,TRUE,irHepatitis,
CCL15-CCR1,Sinusoidal endothelial cell,Macrophage 2,1.09125450065355e-05,1.43972347454586e-05,1.95813893908793e-06,3.66500506023934e-06,all4,2,2,2,2,1.26548898759971e-05,2.81157199966363e-06,1.09125450065355e-05,1.43972347454586e-05,1.95813893908793e-06,3.66500506023934e-06,2.15177822704031,TRUE,TRUE,FALSE,TRUE,irHepatitis,
HLA-B-CD8A,CD8+ T cell 2,CD8+ T cell 3,0.000580393315315984,0.000513805506760009,0.000146909004343175,9.94702225994933e-05,all4,2,2,2,2,0.000547099411037996,0.000123189613471334,0.000513805506760009,0.000580393315315984,9.94702225994933e-05,0.000146909004343175,2.15049834870256,TRUE,TRUE,FALSE,TRUE,irHepatitis,
MHC-I,Macrophage 1,IgG+ B cell,4.78084203401541e-05,9.23059302226425e-05,2.25384861238275e-05,9.07381375249828e-06,all4,2,2,2,2,7.00571752813983e-05,1.58061499381629e-05,4.78084203401541e-05,9.23059302226425e-05,9.07381375249828e-06,2.25384861238275e-05,2.14474913869766,TRUE,TRUE,FALSE,TRUE,irHepatitis,
IL15-IL15RA_IL2RB_IL2RG,Cholangiocyte,CD8+ T cell 1,1.85520879161637e-05,2.09958529145522e-05,4.71840038817433e-06,4.15596296485357e-06,all4,2,2,2,2,1.97739704153579e-05,4.43718167651395e-06,1.85520879161637e-05,2.09958529145522e-05,4.15596296485357e-06,4.71840038817433e-06,2.14417562536313,TRUE,TRUE,FALSE,TRUE,irHepatitis,
CSF1-CSF1R,Stellate cell,IgG+ plasmablast / plasma cell,0.000128218244645863,0.000111310630824088,2.44579679258155e-05,2.96709179458484e-05,all4,2,2,2,2,0.000119764437734976,2.70644429358319e-05,0.000111310630824088,0.000128218244645863,2.44579679258155e-05,2.96709179458484e-05,2.14380253099147,TRUE,TRUE,FALSE,TRUE,irHepatitis,
MHC-I,Cholangiocyte,CD8+ T cell 1,0.000422327809971529,0.000602206418258276,0.000111784321916593,0.000120191242837385,all4,2,2,2,2,0.000512267114114902,0.000115987782376989,0.000422327809971529,0.000602206418258276,0.000111784321916593,0.000120191242837385,2.14247380636174,TRUE,TRUE,FALSE,TRUE,irHepatitis,
CCL15-CCR1,Stellate cell,Hepatocyte 4,3.1534892968811e-06,1.05069381524644e-06,2.60281169987026e-07,6.20095425829543e-07,all4,2,2,2,2,2.10209155606377e-06,4.40188297908285e-07,1.05069381524644e-06,3.1534892968811e-06,2.60281169987026e-07,6.20095425829543e-07,2.14177055431288,TRUE,TRUE,FALSE,TRUE,irHepatitis,
VEGFA-FLT1,CD8+ T cell 1,CD8+ T cell 3,1.54644713358685e-05,2.05908343076847e-05,4.31389507419319e-06,3.79078617676909e-06,all4,2,2,2,2,1.80276528217766e-05,4.05234062548114e-06,1.54644713358685e-05,2.05908343076847e-05,3.79078617676909e-06,4.31389507419319e-06,2.14057484091978,TRUE,TRUE,FALSE,TRUE,irHepatitis,
CCL16-CCR1,Macrophage 2,Macrophage 2,2.09006191644632e-05,1.28230289420402e-05,1.64680195124853e-06,5.95691800071919e-06,all4,2,2,2,2,1.68618240532517e-05,3.80185997598386e-06,1.28230289420402e-05,2.09006191644632e-05,1.64680195124853e-06,5.95691800071919e-06,2.13534844032631,TRUE,TRUE,FALSE,TRUE,irHepatitis,
CSF1-CSF1R,Macrophage 2,CD8+ T cell 3,2.33213964604945e-05,2.18893423615968e-05,5.92940007556727e-06,4.2993216403242e-06,all4,2,2,2,2,2.26053694110456e-05,5.11436085794573e-06,2.18893423615968e-05,2.33213964604945e-05,4.2993216403242e-06,5.92940007556727e-06,2.13389461847289,TRUE,TRUE,FALSE,TRUE,irHepatitis,
CCL14-CCR1,IgG+ plasmablast / plasma cell,CD4+ T cell,3.06892871702715e-05,1.37554643881559e-05,3.92219832599745e-06,6.13253760464232e-06,all4,2,2,2,2,2.22223757792137e-05,5.02736796531988e-06,1.37554643881559e-05,3.06892871702715e-05,3.92219832599745e-06,6.13253760464232e-06,2.13381809667234,TRUE,TRUE,FALSE,TRUE,irHepatitis,
CCL14-CCR1,IgM+ B cell,Macrophage 2,3.32722754373891e-05,5.06047950821452e-05,8.19507294332491e-06,1.08604388859647e-05,all4,2,2,2,2,4.19385352597671e-05,9.5277559146448e-06,3.32722754373891e-05,5.06047950821452e-05,8.19507294332491e-06,1.08604388859647e-05,2.13261497805544,TRUE,TRUE,FALSE,TRUE,irHepatitis,
CCL15-CCR1,Vascular endothelial cell,IgM+ B cell,6.73627127239835e-06,1.37785856935822e-06,8.13615117345328e-07,9.68684641292532e-07,all4,2,2,2,2,4.05706492087829e-06,8.9114987931893e-07,1.37785856935822e-06,6.73627127239835e-06,8.13615117345328e-07,9.68684641292532e-07,2.12947139979983,TRUE,TRUE,FALSE,TRUE,irHepatitis,
CCL16-CCR1,Cholangiocyte,CD8+ T cell 1,4.09040130785445e-05,1.75709883786592e-05,2.44893323719581e-06,1.08476077564677e-05,all4,2,2,2,2,2.92375007286019e-05,6.64827049683175e-06,1.75709883786592e-05,4.09040130785445e-05,2.44893323719581e-06,1.08476077564677e-05,2.12896622373898,TRUE,TRUE,FALSE,TRUE,irHepatitis,
IL15-IL15RA_IL2RB_IL2RG,Sinusoidal endothelial cell,Vascular endothelial cell,0,0,2.31559479494654e-07,8.37255521538578e-08,all4,2,2,2,2,0,1.57642515824256e-07,0,0,8.37255521538578e-08,2.31559479494654e-07,-2.12853600030904,TRUE,FALSE,TRUE,TRUE,AIH,
CCL14-CCR1,Hepatocyte 2,Vascular endothelial cell,1.10558016972492e-05,2.06925173471067e-06,1.84819891760212e-06,1.08176927004411e-06,all4,2,2,2,2,6.56252671597993e-06,1.46498409382312e-06,2.06925173471067e-06,1.10558016972492e-05,1.08176927004411e-06,1.84819891760212e-06,2.12829517073915,TRUE,TRUE,FALSE,TRUE,irHepatitis,
MHC-I,CD8+ T cell 1,CD8+ T cell 3,0.000483791130420519,0.0007885051548672,0.000145448075177124,0.000145647787791213,all4,2,2,2,2,0.00063614814264386,0.000145547931484169,0.000483791130420519,0.0007885051548672,0.000145448075177124,0.000145647787791213,2.12751120902323,TRUE,TRUE,FALSE,TRUE,irHepatitis,
VEGFA-FLT1,CD8+ T cell 1,CD8+ T cell 1,1.99025200259577e-05,2.79696144928641e-05,5.7740788416507e-06,5.11361739279392e-06,all4,2,2,2,2,2.39360672594109e-05,5.44384811722231e-06,1.99025200259577e-05,2.79696144928641e-05,5.11361739279392e-06,5.7740788416507e-06,2.1269678930921,TRUE,TRUE,FALSE,TRUE,irHepatitis,
CSF1-CSF1R,IgG+ B cell,Vascular endothelial cell,2.11440976533832e-05,1.47262498482878e-05,3.57697179676735e-06,4.56608690865764e-06,all4,2,2,2,2,1.79351737508355e-05,4.0715293527125e-06,1.47262498482878e-05,2.11440976533832e-05,3.57697179676735e-06,4.56608690865764e-06,2.12643640349901,TRUE,TRUE,FALSE,TRUE,irHepatitis,
CSF1-CSF1R,Cholangiocyte,IgM+ B cell,0.000260924206719297,5.38457267014163e-05,3.87293633259852e-05,3.34100660512199e-05,all4,2,2,2,2,0.000157384966710357,3.60697146886025e-05,5.38457267014163e-05,0.000260924206719297,3.34100660512199e-05,3.87293633259852e-05,2.12399793548582,TRUE,TRUE,FALSE,TRUE,irHepatitis,
CCL15-CCR1,CD4+ T cell,Macrophage 2,3.53230807397602e-06,2.43526068196289e-06,2.66664066865485e-07,1.03100098828462e-06,all4,2,2,2,2,2.98378437796945e-06,6.48832527575054e-07,2.43526068196289e-06,3.53230807397602e-06,2.66664066865485e-07,1.03100098828462e-06,2.12329417737041,TRUE,TRUE,FALSE,TRUE,irHepatitis,
CCL5-CCR1,CD8+ T cell 1,Macrophage 1,0.000309080966766291,0.000543049406545178,0.000101369596998222,9.46424054566491e-05,all4,2,2,2,2,0.000426065186655735,9.80060012274355e-05,0.000309080966766291,0.000543049406545178,9.46424054566491e-05,0.000101369596998222,2.11960256042391,TRUE,TRUE,FALSE,TRUE,irHepatitis,
CCL15-CCR1,Stellate cell,Stellate cell,3.71500154826045e-06,6.39593267188179e-06,5.47360029367809e-07,1.70763087668657e-06,all4,2,2,2,2,5.05546711007112e-06,1.12749545302719e-06,3.71500154826045e-06,6.39593267188179e-06,5.47360029367809e-07,1.70763087668657e-06,2.1193994973076,TRUE,TRUE,FALSE,TRUE,irHepatitis,
FN1-SDC1,CD8+ T cell 1,Vascular endothelial cell,1.58813943115782e-05,1.70223741296474e-05,3.59132644929074e-06,3.91281102253012e-06,all4,2,2,2,2,1.64518842206128e-05,3.75206873591043e-06,1.58813943115782e-05,1.70223741296474e-05,3.59132644929074e-06,3.91281102253012e-06,2.11872666977036,TRUE,TRUE,FALSE,TRUE,irHepatitis,
CCL16-CCR1,CD8+ T cell 3,Hepatocyte 2,4.45465507747824e-07,6.61571977287476e-07,3.41675850218772e-06,1.70245212020955e-06,all4,2,2,2,2,5.5351874251765e-07,2.55960531119863e-06,4.45465507747824e-07,6.61571977287476e-07,1.70245212020955e-06,3.41675850218772e-06,-2.1183713438645,TRUE,FALSE,TRUE,TRUE,AIH,
CCL16-CCR1,CD8+ T cell 3,Hepatocyte 1,5.72336455685064e-07,1.31199289927636e-06,5.61049895632375e-06,2.87436097082449e-06,all4,2,2,2,2,9.42164677480712e-07,4.24242996357412e-06,5.72336455685064e-07,1.31199289927636e-06,2.87436097082449e-06,5.61049895632375e-06,-2.11679482741691,TRUE,FALSE,TRUE,TRUE,AIH,
IL15-IL15RA_IL2RB_IL2RG,Vascular endothelial cell,CD8+ T cell 3,1.38931829855208e-05,1.36435859123265e-05,3.83827200290054e-06,2.44063523778172e-06,all4,2,2,2,2,1.37683844489237e-05,3.13945362034113e-06,1.36435859123265e-05,1.38931829855208e-05,2.44063523778172e-06,3.83827200290054e-06,2.11634262321637,TRUE,TRUE,FALSE,TRUE,irHepatitis,
HLA-B-CD8A,Cholangiocyte,IgM+ B cell,0.000162477385690697,0.000136533848502325,3.33795922105955e-05,3.55134861832065e-05,all4,2,2,2,2,0.000149505617096511,3.4446539196901e-05,0.000136533848502325,0.000162477385690697,3.33795922105955e-05,3.55134861832065e-05,2.11626344652691,TRUE,TRUE,FALSE,TRUE,irHepatitis,
CCL15-CCR1,Macrophage 2,CD4+ T cell,1.80704871489028e-06,3.00003426275874e-06,2.7873885360925e-07,7.59076473907364e-07,all4,2,2,2,2,2.40354148882451e-06,5.18907663758307e-07,1.80704871489028e-06,3.00003426275874e-06,2.7873885360925e-07,7.59076473907364e-07,2.1149713918204,TRUE,TRUE,FALSE,TRUE,irHepatitis,
IL15-IL15RA_IL2RB_IL2RG,Stellate cell,CD8+ T cell 3,8.68807962627857e-06,3.90501207483418e-05,4.06472166270819e-06,6.89125342983881e-06,all4,2,2,2,2,2.38691001873102e-05,5.4779875462735e-06,8.68807962627857e-06,3.90501207483418e-05,4.06472166270819e-06,6.89125342983881e-06,2.11399119930218,TRUE,TRUE,FALSE,TRUE,irHepatitis,
HLA-B-CD8A,Hepatocyte 1,Hepatocyte 3,7.92907765356988e-06,1.18276243299063e-05,6.53851203663985e-05,2.03784065274309e-05,all4,2,2,2,2,9.87835099173808e-06,4.28817634469147e-05,7.92907765356988e-06,1.18276243299063e-05,2.03784065274309e-05,6.53851203663985e-05,-2.11278361643087,TRUE,FALSE,TRUE,TRUE,AIH,
CCL15-CCR1,Hepatocyte 2,Cholangiocyte,1.42844079447351e-05,1.71833291732424e-05,3.89385574809155e-06,3.31274516305499e-06,all4,2,2,2,2,1.57338685589888e-05,3.60330045557327e-06,1.42844079447351e-05,1.71833291732424e-05,3.31274516305499e-06,3.89385574809155e-06,2.11216840425143,TRUE,TRUE,FALSE,TRUE,irHepatitis,
CCL5-CCR1,Cholangiocyte,IgM+ B cell,5.09148216662625e-05,1.90595006167692e-05,9.89442493170752e-06,6.23775840365541e-06,all4,2,2,2,2,3.49871611415159e-05,8.06609166768147e-06,1.90595006167692e-05,5.09148216662625e-05,6.23775840365541e-06,9.89442493170752e-06,2.11047415121864,TRUE,TRUE,FALSE,TRUE,irHepatitis,
CCL15-CCR1,Vascular endothelial cell,Stellate cell,2.17838912920732e-06,5.69440453168891e-07,2.06509291977601e-07,3.58616321096929e-07,all4,2,2,2,2,1.37391479118811e-06,2.82562806537265e-07,5.69440453168891e-07,2.17838912920732e-06,2.06509291977601e-07,3.58616321096929e-07,2.10906845138059,TRUE,TRUE,FALSE,TRUE,irHepatitis,
CCL5-CCR1,CD8+ T cell 2,Vascular endothelial cell,2.32479437218049e-05,7.39217010479235e-06,4.52985504311554e-06,2.50250773814132e-06,all4,2,2,2,2,1.53200569132986e-05,3.51618139062843e-06,7.39217010479235e-06,2.32479437218049e-05,2.50250773814132e-06,4.52985504311554e-06,2.10868383927409,TRUE,TRUE,FALSE,TRUE,irHepatitis,
VEGFA-FLT1,Vascular endothelial cell,Hepatocyte 2,4.45836058142343e-06,2.29858439777204e-06,1.0703958221895e-06,4.2774561847937e-07,all4,2,2,2,2,3.37847248959773e-06,7.49070720334433e-07,2.29858439777204e-06,4.45836058142343e-06,4.2774561847937e-07,1.0703958221895e-06,2.10569589323969,TRUE,TRUE,FALSE,TRUE,irHepatitis,
FN1-SDC1,IgM+ B cell,Stellate cell,1.51932930932434e-05,3.04530945918877e-05,4.89967104198989e-06,5.6418615932919e-06,all4,2,2,2,2,2.28231938425656e-05,5.2707663176409e-06,1.51932930932434e-05,3.04530945918877e-05,4.89967104198989e-06,5.6418615932919e-06,2.10463039128685,TRUE,TRUE,FALSE,TRUE,irHepatitis,
HLA-B-CD8A,IgG+ B cell,CD8+ T cell 1,0.000190057163443583,0.000153105334672552,5.20092621753329e-05,2.77238508486017e-05,all4,2,2,2,2,0.000171581249058068,3.98665565119673e-05,0.000153105334672552,0.000190057163443583,2.77238508486017e-05,5.20092621753329e-05,2.10434349558451,TRUE,TRUE,FALSE,TRUE,irHepatitis,
CCL15-CCR1,Hepatocyte 4,IgG+ B cell,1.79621847803971e-06,0,4.24612787158039e-06,3.78518805511806e-06,all4,2,2,2,2,8.98109239019856e-07,4.01565796334923e-06,0,1.79621847803971e-06,3.78518805511806e-06,4.24612787158039e-06,-2.10417521926661,TRUE,FALSE,TRUE,TRUE,AIH,
CSF1-CSF1R,CD8+ T cell 3,CD4+ T cell,9.6654590582994e-05,2.83084425363092e-05,1.59311038876291e-05,1.30784685751157e-05,all4,2,2,2,2,6.24815165596516e-05,1.45047862313724e-05,2.83084425363092e-05,9.6654590582994e-05,1.30784685751157e-05,1.59311038876291e-05,2.1033377947203,TRUE,TRUE,FALSE,TRUE,irHepatitis,
CCL14-CCR1,Cholangiocyte,Hepatocyte 3,1.46380708447189e-07,1.87401241176036e-07,1.01372318919706e-06,7.26342032500033e-07,all4,2,2,2,2,1.66890974811613e-07,8.70032610848549e-07,1.46380708447189e-07,1.87401241176036e-07,7.26342032500033e-07,1.01372318919706e-06,-2.10144176485609,TRUE,FALSE,TRUE,TRUE,AIH,
CCL14-CCR1,Macrophage 1,CD8+ T cell 2,4.72749555040802e-05,2.53528601999684e-05,7.53903198898902e-06,9.33746620754719e-06,all4,2,2,2,2,3.63139078520243e-05,8.4382490982681e-06,2.53528601999684e-05,4.72749555040802e-05,7.53903198898902e-06,9.33746620754719e-06,2.0993931599144,TRUE,TRUE,FALSE,TRUE,irHepatitis,
CSF1-CSF1R,IgM+ B cell,Macrophage 1,6.0484205858174e-05,8.3901894218899e-05,1.94920055864283e-05,1.42012956659615e-05,all4,2,2,2,2,7.21930500385365e-05,1.68466506261949e-05,6.0484205858174e-05,8.3901894218899e-05,1.42012956659615e-05,1.94920055864283e-05,2.09633476623959,TRUE,TRUE,FALSE,TRUE,irHepatitis,
CCL16-CCR1,CD8+ T cell 1,CD8+ T cell 2,2.02733000706063e-05,6.06784543309741e-06,2.8883174414182e-06,3.20444941605003e-06,all4,2,2,2,2,1.31705727518519e-05,3.04638342873411e-06,6.06784543309741e-06,2.02733000706063e-05,2.8883174414182e-06,3.20444941605003e-06,2.09529248682285,TRUE,TRUE,FALSE,TRUE,irHepatitis,
CCL15-CCR1,Hepatocyte 1,Cholangiocyte,2.8033022775781e-05,2.4747662699082e-05,6.17233183655408e-06,6.13040465828738e-06,all4,2,2,2,2,2.63903427374315e-05,6.15136824742073e-06,2.4747662699082e-05,2.8033022775781e-05,6.13040465828738e-06,6.17233183655408e-06,2.09266308569782,TRUE,TRUE,FALSE,TRUE,irHepatitis,
FN1-SDC1,Stellate cell,Sinusoidal endothelial cell,4.6769607888549e-05,6.88864220148542e-05,8.53300836200253e-06,1.85476434408909e-05,all4,2,2,2,2,5.78280149517016e-05,1.35403259014467e-05,4.6769607888549e-05,6.88864220148542e-05,8.53300836200253e-06,1.85476434408909e-05,2.09070021612595,TRUE,TRUE,FALSE,TRUE,irHepatitis,
FN1-CD44,IgM+ B cell,CD8+ T cell 3,6.62339022698902e-05,1.7786725579564e-05,1.39929664900975e-05,5.66553046631866e-06,all4,2,2,2,2,4.20103139247271e-05,9.82924847820807e-06,1.7786725579564e-05,6.62339022698902e-05,5.66553046631866e-06,1.39929664900975e-05,2.09035070622559,TRUE,TRUE,FALSE,TRUE,irHepatitis,
CSF1-CSF1R,IgG+ B cell,Hepatocyte 2,4.00498275380327e-06,1.51140692564369e-06,6.32146957577553e-07,5.91794893073303e-07,all4,2,2,2,2,2.75819483972348e-06,6.11970925325428e-07,1.51140692564369e-06,4.00498275380327e-06,5.91794893073303e-07,6.32146957577553e-07,2.09024944018236,TRUE,TRUE,FALSE,TRUE,irHepatitis,
FN1-SDC1,IgG+ B cell,Stellate cell,2.05275631454191e-05,1.69868466462698e-05,3.15034435950132e-06,5.59180519081938e-06,all4,2,2,2,2,1.87572048958444e-05,4.37107477516035e-06,1.69868466462698e-05,2.05275631454191e-05,3.15034435950132e-06,5.59180519081938e-06,2.08963045592419,TRUE,TRUE,FALSE,TRUE,irHepatitis,
MHC-I,Hepatocyte 3,Hepatocyte 2,6.67889707275122e-06,1.02697987877868e-05,5.96566300963977e-05,1.27118557432674e-05,all4,2,2,2,2,8.47434793026901e-06,3.61842429198325e-05,6.67889707275122e-06,1.02697987877868e-05,1.27118557432674e-05,5.96566300963977e-05,-2.08811436867779,TRUE,FALSE,TRUE,TRUE,AIH,
HLA-B-CD8A,Hepatocyte 1,Hepatocyte 2,1.11348322958231e-05,1.2856945525799e-05,8.74681200605533e-05,1.47817561260267e-05,all4,2,2,2,2,1.19958889108111e-05,5.112493809329e-05,1.11348322958231e-05,1.2856945525799e-05,1.47817561260267e-05,8.74681200605533e-05,-2.08719515395993,TRUE,FALSE,TRUE,TRUE,AIH,
CCL14-CCR1,Vascular endothelial cell,CD8+ T cell 1,0.000112717046171978,6.44759734140965e-05,2.16811487373426e-05,2.01184949802151e-05,all4,2,2,2,2,8.8596509793037e-05,2.08998218587788e-05,6.44759734140965e-05,0.000112717046171978,2.01184949802151e-05,2.16811487373426e-05,2.08129729883826,TRUE,TRUE,FALSE,TRUE,irHepatitis,
CCL14-CCR1,CD4+ T cell,Hepatocyte 4,3.13872169260166e-07,4.24469224075097e-08,6.49048528370111e-07,1.15727249312226e-06,all4,2,2,2,2,1.78159545833838e-07,9.03160510746186e-07,4.24469224075097e-08,3.13872169260166e-07,6.49048528370111e-07,1.15727249312226e-06,-2.07849440713931,TRUE,FALSE,TRUE,TRUE,AIH,
IL15-IL15RA_IL2RB_IL2RG,IgG+ plasmablast / plasma cell,CD8+ T cell 2,1.94661526964928e-07,9.23390988652222e-07,2.68767570284078e-06,2.33489033911406e-06,all4,2,2,2,2,5.59026257808575e-07,2.51128302097742e-06,1.94661526964928e-07,9.23390988652222e-07,2.33489033911406e-06,2.68767570284078e-06,-2.07819565374948,TRUE,FALSE,TRUE,TRUE,AIH,
CSF1-CSF1R,Vascular endothelial cell,IgG+ plasmablast / plasma cell,0.000140567438251327,0.000146630238114901,2.5396985416579e-05,4.25668751425014e-05,all4,2,2,2,2,0.000143598838183114,3.39819302795402e-05,0.000140567438251327,0.000146630238114901,2.5396985416579e-05,4.25668751425014e-05,2.07769089289142,TRUE,TRUE,FALSE,TRUE,irHepatitis,
FN1-SDC1,Macrophage 2,Sinusoidal endothelial cell,1.72838285822102e-05,2.45459982711917e-05,1.65396049440097e-06,8.19416013047143e-06,all4,2,2,2,2,2.0914913426701e-05,4.9240603124362e-06,1.72838285822102e-05,2.45459982711917e-05,1.65396049440097e-06,8.19416013047143e-06,2.07620240859429,TRUE,TRUE,FALSE,TRUE,irHepatitis,
CCL5-CCR1,CD4+ T cell,Macrophage 2,7.60721868790584e-05,8.48466859873885e-05,1.89658897717898e-05,1.92089268688284e-05,all4,2,2,2,2,8.04594364332235e-05,1.90874083203091e-05,7.60721868790584e-05,8.48466859873885e-05,1.89658897717898e-05,1.92089268688284e-05,2.07294976952463,TRUE,TRUE,FALSE,TRUE,irHepatitis,
HLA-B-CD8A,CD8+ T cell 1,CD8+ T cell 1,0.000484683204474905,0.000628085475078423,0.000131183210584743,0.000133252164362506,all4,2,2,2,2,0.000556384339776664,0.000132217687473624,0.000484683204474905,0.000628085475078423,0.000131183210584743,0.000133252164362506,2.07277790168232,TRUE,TRUE,FALSE,TRUE,irHepatitis,
CSF1-CSF1R,CD4+ T cell,Sinusoidal endothelial cell,2.66627456530029e-06,1.31700157889845e-06,8.870004872662e-06,8.18176554868942e-06,all4,2,2,2,2,1.99163807209937e-06,8.52588521067571e-06,1.31700157889845e-06,2.66627456530029e-06,8.18176554868942e-06,8.870004872662e-06,-2.07231526893245,TRUE,FALSE,TRUE,TRUE,AIH,
HLA-B-CD8A,Vascular endothelial cell,CD8+ T cell 1,0.000266768203584903,0.000276884004271247,6.42371711368323e-05,6.50084397549934e-05,all4,2,2,2,2,0.000271826103928075,6.46228054459129e-05,0.000266768203584903,0.000276884004271247,6.42371711368323e-05,6.50084397549934e-05,2.07177367528352,TRUE,TRUE,FALSE,TRUE,irHepatitis,
CCL14-CCR1,CD8+ T cell 1,Cholangiocyte,2.20701807628813e-05,1.75439424366272e-05,3.96572461440609e-06,5.40382085676311e-06,all4,2,2,2,2,1.98070615997543e-05,4.6847727355846e-06,1.75439424366272e-05,2.20701807628813e-05,3.96572461440609e-06,5.40382085676311e-06,2.06904180700466,TRUE,TRUE,FALSE,TRUE,irHepatitis,
VEGFA-FLT1,IgM+ B cell,IgM+ B cell,6.40938256807773e-05,6.82623841613205e-05,6.91991934638783e-06,2.46363828784601e-05,all4,2,2,2,2,6.61781049210489e-05,1.5778151112424e-05,6.40938256807773e-05,6.82623841613205e-05,6.91991934638783e-06,2.46363828784601e-05,2.0651769695052,TRUE,TRUE,FALSE,TRUE,irHepatitis,
FN1-SDC1,Macrophage 1,Macrophage 1,4.13390705954726e-05,9.01073975866615e-05,1.14346055295735e-05,1.99202912450744e-05,all4,2,2,2,2,6.5723234091067e-05,1.56774483873239e-05,4.13390705954726e-05,9.01073975866615e-05,1.14346055295735e-05,1.99202912450744e-05,2.06444353040452,TRUE,TRUE,FALSE,TRUE,irHepatitis,
FN1-CD44,CD8+ T cell 3,Sinusoidal endothelial cell,1.56369989066658e-06,3.84655137457683e-06,1.19676591774313e-05,1.08911789481574e-05,all4,2,2,2,2,2.70512563262171e-06,1.14294190627943e-05,1.56369989066658e-06,3.84655137457683e-06,1.08911789481574e-05,1.19676591774313e-05,-2.06015783331675,TRUE,FALSE,TRUE,TRUE,AIH,
CCL16-CCR1,Stellate cell,Macrophage 1,5.20645856743538e-05,3.96102271962784e-05,6.16541209996592e-06,1.57534231409585e-05,all4,2,2,2,2,4.58374064353161e-05,1.09594176204622e-05,3.96102271962784e-05,5.20645856743538e-05,6.16541209996592e-06,1.57534231409585e-05,2.05968484933194,TRUE,TRUE,FALSE,TRUE,irHepatitis,
MHC-I,IgM+ B cell,IgM+ B cell,0.000603248485165581,0.000704163368108164,0.000108319626204621,0.000206075081443404,all4,2,2,2,2,0.000653705926636873,0.000157197353824012,0.000603248485165581,0.000704163368108164,0.000108319626204621,0.000206075081443404,2.05573909459078,TRUE,TRUE,FALSE,TRUE,irHepatitis,
CCL5-CCR1,Hepatocyte 3,Hepatocyte 3,9.71218500850622e-07,4.03365236644319e-07,2.55676812742971e-06,3.45012333268618e-06,all4,2,2,2,2,6.87291868747471e-07,3.00344573005794e-06,4.03365236644319e-07,9.71218500850622e-07,2.55676812742971e-06,3.45012333268618e-06,-2.05498210222999,TRUE,FALSE,TRUE,TRUE,AIH,
MHC-I,Macrophage 1,CD8+ T cell 3,0.000369430003802824,0.000895705979938451,0.000159151525208212,0.000145268615050107,all4,2,2,2,2,0.000632567991870637,0.00015221007012916,0.000369430003802824,0.000895705979938451,0.000145268615050107,0.000159151525208212,2.05482039250857,TRUE,TRUE,FALSE,TRUE,irHepatitis,
CCL14-CCR1,IgM+ B cell,Vascular endothelial cell,2.35194497973395e-05,1.03171976765262e-05,3.45620814038344e-06,4.6303578550326e-06,all4,2,2,2,2,1.69183237369329e-05,4.04328299770802e-06,1.03171976765262e-05,2.35194497973395e-05,3.45620814038344e-06,4.6303578550326e-06,2.05238592069942,TRUE,TRUE,FALSE,TRUE,irHepatitis,
CCL16-CCR1,CD4+ T cell,Hepatocyte 3,6.49231127005406e-08,4.1373280190749e-10,2.49658660473269e-07,3.14878496260276e-07,all4,2,2,2,2,3.2668422751224e-08,2.82268578366772e-07,4.1373280190749e-10,6.49231127005406e-08,2.49658660473269e-07,3.14878496260276e-07,-2.05075769754216,TRUE,FALSE,TRUE,TRUE,AIH,
FN1-SDC1,Hepatocyte 2,Vascular endothelial cell,4.45857681559597e-05,2.81407777507639e-05,1.06633928718139e-05,6.84636069188903e-06,all4,2,2,2,2,3.63632729533618e-05,8.75487678185147e-06,2.81407777507639e-05,4.45857681559597e-05,6.84636069188903e-06,1.06633928718139e-05,2.0484947579956,TRUE,TRUE,FALSE,TRUE,irHepatitis,
CSF1-CSF1R,CD4+ T cell,CD8+ T cell 2,2.26549362960032e-05,1.408274567098e-05,3.95151581046272e-06,4.86183214433529e-06,all4,2,2,2,2,1.83688409834916e-05,4.40667397739901e-06,1.408274567098e-05,2.26549362960032e-05,3.95151581046272e-06,4.86183214433529e-06,2.047943217209,TRUE,TRUE,FALSE,TRUE,irHepatitis,
CCL16-CCR1,Sinusoidal endothelial cell,CD8+ T cell 2,4.70135520328385e-05,3.19692013588427e-05,8.75531245114874e-06,1.02891135571822e-05,all4,2,2,2,2,3.94913766958406e-05,9.52221300416547e-06,3.19692013588427e-05,4.70135520328385e-05,8.75531245114874e-06,1.02891135571822e-05,2.04681113921256,TRUE,TRUE,FALSE,TRUE,irHepatitis,
CCL16-CCR1,Macrophage 1,Cholangiocyte,9.36127211205142e-06,1.82311376335723e-06,1.14782130139595e-06,1.48887105708657e-06,all4,2,2,2,2,5.59219293770433e-06,1.31834617924126e-06,1.82311376335723e-06,9.36127211205142e-06,1.14782130139595e-06,1.48887105708657e-06,2.0464299459474,TRUE,TRUE,FALSE,TRUE,irHepatitis,
HLA-B-CD8A,IgG+ B cell,Sinusoidal endothelial cell,2.33424337274207e-06,1.72853109501696e-06,1.23304128446368e-05,4.73800842621872e-06,all4,2,2,2,2,2.03138723387951e-06,8.53421063542778e-06,1.72853109501696e-06,2.33424337274207e-06,4.73800842621872e-06,1.23304128446368e-05,-2.04585336256481,TRUE,FALSE,TRUE,TRUE,AIH,
FN1-SDC1,Macrophage 1,Stellate cell,2.52478992131767e-05,3.20433528529981e-05,3.52935256327303e-06,1.02768224288974e-05,all4,2,2,2,2,2.86456260330874e-05,6.90308749608521e-06,2.52478992131767e-05,3.20433528529981e-05,3.52935256327303e-06,1.02768224288974e-05,2.04561782629741,TRUE,TRUE,FALSE,TRUE,irHepatitis,
FN1-SDC1,IgM+ B cell,Cholangiocyte,0.000220896394400566,0.000109956224212703,4.65225345091574e-05,3.35693257934347e-05,all4,2,2,2,2,0.000165426309306635,4.00459301512961e-05,0.000109956224212703,0.000220896394400566,3.35693257934347e-05,4.65225345091574e-05,2.0451858479823,TRUE,TRUE,FALSE,TRUE,irHepatitis,
CCL5-CCR1,IgM+ B cell,Macrophage 1,5.53858922072117e-05,4.04134928616509e-05,1.37536392450197e-05,9.39275398664792e-06,all4,2,2,2,2,4.78996925344313e-05,1.15731966158338e-05,4.04134928616509e-05,5.53858922072117e-05,9.39275398664792e-06,1.37536392450197e-05,2.04482125171091,TRUE,TRUE,FALSE,TRUE,irHepatitis,
FN1-SDC1,Sinusoidal endothelial cell,Sinusoidal endothelial cell,0.000101111226060573,0.000204835443152559,1.98732631447424e-05,5.42147390658015e-05,all4,2,2,2,2,0.000152973334606566,3.70440011052719e-05,0.000101111226060573,0.000204835443152559,1.98732631447424e-05,5.42147390658015e-05,2.04458992443234,TRUE,TRUE,FALSE,TRUE,irHepatitis,
CCL5-CCR1,Macrophage 1,CD8+ T cell 3,4.81617610411747e-05,4.48776785546215e-05,1.56275244708627e-05,6.85407644404527e-06,all4,2,2,2,2,4.65197197978981e-05,1.1240800457454e-05,4.48776785546215e-05,4.81617610411747e-05,6.85407644404527e-06,1.56275244708627e-05,2.0445600221411,TRUE,TRUE,FALSE,TRUE,irHepatitis,
MHC-I,Vascular endothelial cell,IgG+ B cell,0.000158962397666112,0.000143297975743727,3.24602816992718e-05,4.07571578606839e-05,all4,2,2,2,2,0.00015113018670492,3.66087197799779e-05,0.000143297975743727,0.000158962397666112,3.24602816992718e-05,4.07571578606839e-05,2.0441379512245,TRUE,TRUE,FALSE,TRUE,irHepatitis,
HLA-B-CD8A,Macrophage 2,CD4+ T cell,0.000179732721716678,0.000185655328791847,4.67467817466209e-05,4.1902819524613e-05,all4,2,2,2,2,0.000182694025254262,4.4324800635617e-05,0.000179732721716678,0.000185655328791847,4.1902819524613e-05,4.67467817466209e-05,2.04209194421203,TRUE,TRUE,FALSE,TRUE,irHepatitis,
HLA-B-CD8A,Stellate cell,IgG+ B cell,6.19396669342941e-05,7.88167833536036e-05,2.03124128248788e-05,1.38275541238227e-05,all4,2,2,2,2,7.03782251439489e-05,1.70699834743507e-05,6.19396669342941e-05,7.88167833536036e-05,1.38275541238227e-05,2.03124128248788e-05,2.04068036418196,TRUE,TRUE,FALSE,TRUE,irHepatitis,
HLA-B-CD8A,Macrophage 2,CD8+ T cell 1,0.000286549537583107,0.000365201452962405,8.0958289395549e-05,7.75302461185357e-05,all4,2,2,2,2,0.000325875495272756,7.92442677570423e-05,0.000286549537583107,0.000365201452962405,7.75302461185357e-05,8.0958289395549e-05,2.0392986093258,TRUE,TRUE,FALSE,TRUE,irHepatitis,
CCL15-CCR1,Macrophage 1,Cholangiocyte,1.29315019557696e-06,1.55927705354587e-06,1.70929327801913e-07,4.52532729301085e-07,all4,2,2,2,2,1.42621362456142e-06,3.11731028551499e-07,1.29315019557696e-06,1.55927705354587e-06,1.70929327801913e-07,4.52532729301085e-07,2.03878279152105,TRUE,TRUE,FALSE,TRUE,irHepatitis,
MHC-I,CD8+ T cell 3,Vascular endothelial cell,0.000110716158034229,2.84562662788205e-05,1.69419504944856e-05,1.68603119241613e-05,all4,2,2,2,2,6.95862121565246e-05,1.69011312093235e-05,2.84562662788205e-05,0.000110716158034229,1.68603119241613e-05,1.69419504944856e-05,2.03866610203909,TRUE,TRUE,FALSE,TRUE,irHepatitis,
FN1-SDC1,Macrophage 1,Macrophage 2,2.17126308671598e-05,2.0923933987358e-05,2.94297743217795e-06,7.37042189291848e-06,all4,2,2,2,2,2.13182824272589e-05,5.15669966254821e-06,2.0923933987358e-05,2.17126308671598e-05,2.94297743217795e-06,7.37042189291848e-06,2.03771325979494,TRUE,TRUE,FALSE,TRUE,irHepatitis,
CCL14-CCR1,Vascular endothelial cell,Hepatocyte 3,2.33789128523893e-06,5.16307167778438e-07,9.11394877569697e-06,2.88134020417957e-06,all4,2,2,2,2,1.42709922650868e-06,5.99764448993827e-06,5.16307167778438e-07,2.33789128523893e-06,2.88134020417957e-06,9.11394877569697e-06,-2.03601608691336,TRUE,FALSE,TRUE,TRUE,AIH,
FN1-SDC1,CD4+ T cell,IgG+ plasmablast / plasma cell,9.6012625796864e-05,0.000187232963502288,3.41485312229809e-05,3.48470474501894e-05,all4,2,2,2,2,0.000141622794649576,3.44977893365852e-05,9.6012625796864e-05,0.000187232963502288,3.41485312229809e-05,3.48470474501894e-05,2.03600037822486,TRUE,TRUE,FALSE,TRUE,irHepatitis,
CSF1-CSF1R,CD8+ T cell 3,IgM+ B cell,7.64394694782564e-05,1.97787254370197e-05,1.34092324582036e-05,1.00056393725538e-05,all4,2,2,2,2,4.8109097457638e-05,1.17074359153787e-05,1.97787254370197e-05,7.64394694782564e-05,1.00056393725538e-05,1.34092324582036e-05,2.03453727315871,TRUE,TRUE,FALSE,TRUE,irHepatitis,
CSF1-CSF1R,Vascular endothelial cell,Hepatocyte 2,9.7652270973169e-06,3.33877266019434e-06,1.26673285457352e-06,1.86425498801228e-06,all4,2,2,2,2,6.55199987875562e-06,1.5654939212929e-06,3.33877266019434e-06,9.7652270973169e-06,1.26673285457352e-06,1.86425498801228e-06,2.03312929182988,TRUE,TRUE,FALSE,TRUE,irHepatitis,
CSF1-CSF1R,CD8+ T cell 2,CD8+ T cell 2,0.000461549457216364,0.000130507640978782,9.07860729574178e-05,5.38806126809443e-05,all4,2,2,2,2,0.000296028549097573,7.23333428191811e-05,0.000130507640978782,0.000461549457216364,5.38806126809443e-05,9.07860729574178e-05,2.03229941849602,TRUE,TRUE,FALSE,TRUE,irHepatitis,
CCL5-CCR1,CD8+ T cell 1,CD4+ T cell,0.000122442177239815,6.5853400000775e-05,2.33724797582462e-05,2.25903324223769e-05,all4,2,2,2,2,9.41477886202951e-05,2.29814060903116e-05,6.5853400000775e-05,0.000122442177239815,2.25903324223769e-05,2.33724797582462e-05,2.0322449798894,TRUE,TRUE,FALSE,TRUE,irHepatitis,
IL15-IL15RA_IL2RB_IL2RG,IgM+ B cell,Sinusoidal endothelial cell,2.19745049044521e-09,0,1.8035498868198e-07,1.17372561810349e-07,all4,2,2,2,2,1.09872524522261e-09,1.48863775246165e-07,0,2.19745049044521e-09,1.17372561810349e-07,1.8035498868198e-07,-2.03167748348542,TRUE,FALSE,TRUE,TRUE,AIH,
IL15-IL15RA_IL2RB_IL2RG,Macrophage 2,CD8+ T cell 2,7.01254305234029e-06,1.40006265771611e-05,1.44916905229437e-06,3.64643500536525e-06,all4,2,2,2,2,1.05065848147507e-05,2.54780202882981e-06,7.01254305234029e-06,1.40006265771611e-05,1.44916905229437e-06,3.64643500536525e-06,2.02414567067766,TRUE,TRUE,FALSE,TRUE,irHepatitis,
IL15-IL15RA_IL2RB_IL2RG,IgG+ B cell,Sinusoidal endothelial cell,0,0,1.4455444420416e-07,1.4183204937644e-07,all4,2,2,2,2,0,1.431932467903e-07,0,0,1.4183204937644e-07,1.4455444420416e-07,-2.02275681820968,TRUE,FALSE,TRUE,TRUE,AIH,
VEGFA-FLT1,Cholangiocyte,IgM+ B cell,0.000131864410184478,0.000247913069017534,2.89368476191819e-05,6.47362648361426e-05,all4,2,2,2,2,0.000189888739601006,4.68365562276622e-05,0.000131864410184478,0.000247913069017534,2.89368476191819e-05,6.47362648361426e-05,2.01836350736577,TRUE,TRUE,FALSE,TRUE,irHepatitis,
VEGFA-FLT1,IgM+ B cell,Hepatocyte 1,2.23276279019315e-06,1.17355773121475e-06,3.83590835993361e-07,3.87471449242899e-07,all4,2,2,2,2,1.70316026070395e-06,3.8553114261813e-07,1.17355773121475e-06,2.23276279019315e-06,3.83590835993361e-07,3.87471449242899e-07,2.01726361259627,TRUE,TRUE,FALSE,TRUE,irHepatitis,
CSF1-CSF1R,Macrophage 2,Macrophage 1,5.26734690154247e-05,5.91926165492211e-05,1.49384123527575e-05,1.26308699682243e-05,all4,2,2,2,2,5.59330427823229e-05,1.37846411604909e-05,5.26734690154247e-05,5.91926165492211e-05,1.26308699682243e-05,1.49384123527575e-05,2.01696064167195,TRUE,TRUE,FALSE,TRUE,irHepatitis,
CCL16-CCR1,Macrophage 2,Macrophage 1,3.07943170446318e-05,1.62065793012883e-05,2.72798903574712e-06,8.83140482273238e-06,all4,2,2,2,2,2.350044817296e-05,5.77969692923975e-06,1.62065793012883e-05,3.07943170446318e-05,2.72798903574712e-06,8.83140482273238e-06,2.01486894678113,TRUE,TRUE,FALSE,TRUE,irHepatitis,
MHC-I,CD4+ T cell,Hepatocyte 3,1.49903662350025e-06,4.51023453844791e-06,1.54749638932695e-05,9.08001064571043e-06,all4,2,2,2,2,3.00463558097408e-06,1.227748726949e-05,1.49903662350025e-06,4.51023453844791e-06,9.08001064571043e-06,1.54749638932695e-05,-2.01396542925473,TRUE,FALSE,TRUE,TRUE,AIH,
HLA-B-CD8A,CD8+ T cell 3,Macrophage 2,9.86901624678705e-05,6.1899948437158e-05,2.08138521110456e-05,1.88948982339779e-05,all4,2,2,2,2,8.02950554525143e-05,1.98543751725117e-05,6.1899948437158e-05,9.86901624678705e-05,1.88948982339779e-05,2.08138521110456e-05,2.01330141311997,TRUE,TRUE,FALSE,TRUE,irHepatitis,
FN1-SDC1,Macrophage 2,Macrophage 1,1.9799819699062e-05,2.398776175377e-05,3.2473209942149e-06,7.53055471690282e-06,all4,2,2,2,2,2.1893790726416e-05,5.38893785555886e-06,1.9799819699062e-05,2.398776175377e-05,3.2473209942149e-06,7.53055471690282e-06,2.01306650973963,TRUE,TRUE,FALSE,TRUE,irHepatitis,
CCL15-CCR1,CD8+ T cell 1,CD8+ T cell 1,9.42958056804134e-06,1.17892428723448e-05,2.34193477860635e-06,2.84772856370266e-06,all4,2,2,2,2,1.06094117201931e-05,2.5948316711545e-06,9.42958056804134e-06,1.17892428723448e-05,2.34193477860635e-06,2.84772856370266e-06,2.01221796370467,TRUE,TRUE,FALSE,TRUE,irHepatitis,
CCL16-CCR1,Stellate cell,Macrophage 2,2.49065516263817e-05,1.78840760510632e-05,2.10469808577943e-06,8.43765720601138e-06,all4,2,2,2,2,2.13953138387224e-05,5.27117764589541e-06,1.78840760510632e-05,2.49065516263817e-05,2.10469808577943e-06,8.43765720601138e-06,2.01150970840485,TRUE,TRUE,FALSE,TRUE,irHepatitis,
FN1-SDC1,IgG+ B cell,IgM+ B cell,2.76188236432832e-05,9.48779121519563e-06,4.42156288329488e-06,4.72584572810643e-06,all4,2,2,2,2,1.85533074292394e-05,4.57370430570065e-06,9.48779121519563e-06,2.76188236432832e-05,4.42156288329488e-06,4.72584572810643e-06,2.00920274541268,TRUE,TRUE,FALSE,TRUE,irHepatitis,
VEGFA-FLT1,Vascular endothelial cell,IgM+ B cell,7.0898727760839e-05,5.46752545075695e-05,1.37733413710777e-05,1.743280600116e-05,all4,2,2,2,2,6.27869911342043e-05,1.56030736861188e-05,5.46752545075695e-05,7.0898727760839e-05,1.37733413710777e-05,1.743280600116e-05,2.00539375182311,TRUE,TRUE,FALSE,TRUE,irHepatitis,
MHC-I,Macrophage 2,CD8+ T cell 2,0.000251356808441735,0.00036966450855431,6.59141543767327e-05,8.88724924052922e-05,all4,2,2,2,2,0.000310510658498023,7.73933233910124e-05,0.000251356808441735,0.00036966450855431,6.59141543767327e-05,8.88724924052922e-05,2.00370789563335,TRUE,TRUE,FALSE,TRUE,irHepatitis,
FN1-SDC1,Macrophage 2,Cholangiocyte,0.000134297460907067,0.000108977737257722,3.48017510411679e-05,2.58684642989127e-05,all4,2,2,2,2,0.000121637599082394,3.03351076700403e-05,0.000108977737257722,0.000134297460907067,2.58684642989127e-05,3.48017510411679e-05,2.00186197923057,TRUE,TRUE,FALSE,TRUE,irHepatitis,
VEGFA-FLT1,CD8+ T cell 2,CD4+ T cell,3.15998568825942e-05,1.83409853078401e-05,5.4735931977284e-06,6.94445829550113e-06,all4,2,2,2,2,2.49704210952171e-05,6.20902574661477e-06,1.83409853078401e-05,3.15998568825942e-05,5.4735931977284e-06,6.94445829550113e-06,1.99965964396505,TRUE,TRUE,FALSE,TRUE,irHepatitis,
HLA-B-CD8A,IgG+ B cell,CD4+ T cell,0.000163419058727954,4.78455950185521e-05,2.84116025936719e-05,2.43858301018234e-05,all4,2,2,2,2,0.000105632326873253,2.63987163477477e-05,4.78455950185521e-05,0.000163419058727954,2.43858301018234e-05,2.84116025936719e-05,1.9985978463421,TRUE,TRUE,FALSE,TRUE,irHepatitis,
FN1-CD44,Hepatocyte 2,Hepatocyte 4,1.00923555812933e-05,3.92986941963398e-06,4.08031314957691e-05,1.5507997262426e-05,all4,2,2,2,2,7.01111250046366e-06,2.81555643790976e-05,3.92986941963398e-06,1.00923555812933e-05,1.5507997262426e-05,4.08031314957691e-05,-1.99851182372385,TRUE,FALSE,TRUE,TRUE,AIH,
MHC-I,CD8+ T cell 2,Hepatocyte 3,1.07493472712075e-05,1.41476602615813e-05,7.30927637347996e-05,2.6576236448929e-05,all4,2,2,2,2,1.24485037663944e-05,4.98345000918643e-05,1.07493472712075e-05,1.41476602615813e-05,2.6576236448929e-05,7.30927637347996e-05,-1.99711826310249,TRUE,FALSE,TRUE,TRUE,AIH,
HLA-B-CD8A,IgG+ plasmablast / plasma cell,CD8+ T cell 1,0.00029757108495578,0.000314018073321465,8.16274960483778e-05,7.15119626109276e-05,all4,2,2,2,2,0.000305794579138622,7.65697293296527e-05,0.00029757108495578,0.000314018073321465,7.15119626109276e-05,8.16274960483778e-05,1.99705687464756,TRUE,TRUE,FALSE,TRUE,irHepatitis,
FN1-SDC1,IgM+ B cell,CD4+ T cell,7.71469567440919e-05,1.82476121837018e-05,1.11385751802558e-05,1.26891618142161e-05,all4,2,2,2,2,4.76972844638968e-05,1.1913868497236e-05,1.82476121837018e-05,7.71469567440919e-05,1.11385751802558e-05,1.26891618142161e-05,1.99702936793794,TRUE,TRUE,FALSE,TRUE,irHepatitis,
FN1-SDC1,Sinusoidal endothelial cell,Stellate cell,2.78436144852252e-05,5.08029856737771e-05,4.73579017485738e-06,1.49552679486548e-05,all4,2,2,2,2,3.93233000795011e-05,9.84552906175609e-06,2.78436144852252e-05,5.08029856737771e-05,4.73579017485738e-06,1.49552679486548e-05,1.99272476748896,TRUE,TRUE,FALSE,TRUE,irHepatitis,
CCL5-CCR1,CD4+ T cell,CD4+ T cell,0.00013687643253472,5.52641801709942e-05,2.04163355379879e-05,2.79742473888999e-05,all4,2,2,2,2,9.60703063528572e-05,2.41952914634439e-05,5.52641801709942e-05,0.00013687643253472,2.04163355379879e-05,2.79742473888999e-05,1.98728170348721,TRUE,TRUE,FALSE,TRUE,irHepatitis,
CCL15-CCR1,CD8+ T cell 3,Hepatocyte 1,5.14939428735814e-08,9.59576040531974e-07,3.02470794300287e-06,1.25953763195027e-06,all4,2,2,2,2,5.05534991702778e-07,2.14212278747657e-06,5.14939428735814e-08,9.59576040531974e-07,1.25953763195027e-06,3.02470794300287e-06,-1.98672231007754,TRUE,FALSE,TRUE,TRUE,AIH,
HLA-B-CD8A,CD8+ T cell 3,CD8+ T cell 1,0.000449687437778633,0.000406413864423417,0.000109747056422492,0.000106594681860243,all4,2,2,2,2,0.000428050651101025,0.000108170869141367,0.000406413864423417,0.000449687437778633,0.000106594681860243,0.000109747056422492,1.98400376772908,TRUE,TRUE,FALSE,TRUE,irHepatitis,
FN1-SDC1,Vascular endothelial cell,Hepatocyte 2,5.0161398248431e-05,5.74954300094549e-05,1.55984370864657e-05,1.15645832163799e-05,all4,2,2,2,2,5.3828414128943e-05,1.35815101514228e-05,5.0161398248431e-05,5.74954300094549e-05,1.15645832163799e-05,1.55984370864657e-05,1.98301973716097,TRUE,TRUE,FALSE,TRUE,irHepatitis,
IL15-IL15RA_IL2RB_IL2RG,Cholangiocyte,Cholangiocyte,2.32374503565303e-05,1.21168125247001e-05,5.35448150592641e-06,3.52016097437235e-06,all4,2,2,2,2,1.76771314406152e-05,4.43732124014938e-06,1.21168125247001e-05,2.32374503565303e-05,3.52016097437235e-06,5.35448150592641e-06,1.98281581870936,TRUE,TRUE,FALSE,TRUE,irHepatitis,
VEGFA-FLT1,IgM+ B cell,Hepatocyte 2,2.42522924065154e-06,1.29068179811984e-06,5.44988404464438e-07,3.25308656086425e-07,all4,2,2,2,2,1.85795551938569e-06,4.35148530275431e-07,1.29068179811984e-06,2.42522924065154e-06,3.25308656086425e-07,5.44988404464438e-07,1.98278844461546,TRUE,TRUE,FALSE,TRUE,irHepatitis,
FN1-SDC1,Macrophage 2,CD8+ T cell 2,6.00775072416518e-05,4.04783274923544e-05,6.23082188777083e-06,1.91685978938462e-05,all4,2,2,2,2,5.02779173670031e-05,1.26997098908085e-05,4.04783274923544e-05,6.00775072416518e-05,6.23082188777083e-06,1.91685978938462e-05,1.98116993561405,TRUE,TRUE,FALSE,TRUE,irHepatitis,
CCL14-CCR1,IgM+ B cell,Hepatocyte 3,3.33993798131432e-07,5.12588563809613e-08,1.19626994549935e-06,5.9794239726566e-07,all4,2,2,2,2,1.92626327256197e-07,8.97106171382505e-07,5.12588563809613e-08,3.33993798131432e-07,5.9794239726566e-07,1.19626994549935e-06,-1.97933037022545,TRUE,FALSE,TRUE,TRUE,AIH,
CCL16-CCR1,CD8+ T cell 3,CD8+ T cell 3,0.00012077997508619,0.000260495731962605,4.55008053026483e-05,5.13100537495164e-05,all4,2,2,2,2,0.000190637853524398,4.84054295260824e-05,0.00012077997508619,0.000260495731962605,4.55008053026483e-05,5.13100537495164e-05,1.9765551079621,TRUE,TRUE,FALSE,TRUE,irHepatitis,
CCL5-CCR1,Macrophage 1,CD8+ T cell 1,3.92754030122589e-05,3.23374322851574e-05,1.09243582893171e-05,7.20919681487022e-06,all4,2,2,2,2,3.58064176487081e-05,9.06677755209364e-06,3.23374322851574e-05,3.92754030122589e-05,7.20919681487022e-06,1.09243582893171e-05,1.97602024980485,TRUE,TRUE,FALSE,TRUE,irHepatitis,
CCL5-CCR1,CD8+ T cell 1,Hepatocyte 4,3.38561330644612e-05,3.48986526279664e-05,8.53305466827945e-06,8.9035887632054e-06,all4,2,2,2,2,3.43773928462138e-05,8.71832171574243e-06,3.38561330644612e-05,3.48986526279664e-05,8.53305466827945e-06,8.9035887632054e-06,1.97358412694611,TRUE,TRUE,FALSE,TRUE,irHepatitis,
CCL5-CCR1,CD8+ T cell 1,Macrophage 2,0.000144403127683887,0.000192121975363873,4.40575247379024e-05,4.1617344241833e-05,all4,2,2,2,2,0.00016826255152388,4.28374344898677e-05,0.000144403127683887,0.000192121975363873,4.1617344241833e-05,4.40575247379024e-05,1.9725975619218,TRUE,TRUE,FALSE,TRUE,irHepatitis,
IL15-IL15RA_IL2RB_IL2RG,CD4+ T cell,Hepatocyte 4,0,0,1.50564214376823e-07,1.22688798060366e-07,all4,2,2,2,2,0,1.36626506218595e-07,0,0,1.22688798060366e-07,1.50564214376823e-07,-1.97199456472715,TRUE,FALSE,TRUE,TRUE,AIH,
HLA-B-CD8A,Cholangiocyte,Macrophage 2,0.000117046181860946,8.38954387616913e-05,2.98789625134479e-05,2.13101178293819e-05,all4,2,2,2,2,0.000100470810311319,2.55945401714149e-05,8.38954387616913e-05,0.000117046181860946,2.13101178293819e-05,2.98789625134479e-05,1.97090720923997,TRUE,TRUE,FALSE,TRUE,irHepatitis,
FN1-SDC1,IgM+ B cell,Macrophage 1,1.37068835474087e-05,1.9518408400394e-05,4.52737344657225e-06,3.88964468843102e-06,all4,2,2,2,2,1.66126459739014e-05,4.20850906750164e-06,1.37068835474087e-05,1.9518408400394e-05,3.88964468843102e-06,4.52737344657225e-06,1.96901967908375,TRUE,TRUE,FALSE,TRUE,irHepatitis,
HLA-B-CD8A,Hepatocyte 3,Hepatocyte 2,6.67889707275122e-06,8.33190674321961e-06,4.88353985163892e-05,1.0157079367728e-05,all4,2,2,2,2,7.50540190798541e-06,2.94962389420586e-05,6.67889707275122e-06,8.33190674321961e-06,1.0157079367728e-05,4.88353985163892e-05,-1.96785749078215,TRUE,FALSE,TRUE,TRUE,AIH,
CCL15-CCR1,Macrophage 1,Macrophage 2,5.80090050673464e-06,7.50942398427828e-06,1.06675289444542e-06,2.26682502111385e-06,all4,2,2,2,2,6.65516224550646e-06,1.66678895777963e-06,5.80090050673464e-06,7.50942398427828e-06,1.06675289444542e-06,2.26682502111385e-06,1.96759990879691,TRUE,TRUE,FALSE,TRUE,irHepatitis,
CCL16-CCR1,CD4+ T cell,Macrophage 2,1.42084998381565e-05,7.75300450584035e-06,1.58272279045503e-06,3.97178688738014e-06,all4,2,2,2,2,1.09807521719984e-05,2.77725483891758e-06,7.75300450584035e-06,1.42084998381565e-05,1.58272279045503e-06,3.97178688738014e-06,1.96529528114569,TRUE,TRUE,FALSE,TRUE,irHepatitis,
CSF1-CSF1R,IgG+ plasmablast / plasma cell,CD8+ T cell 1,4.54241226014453e-05,1.65525947665033e-05,9.16712213541366e-06,6.65286482922169e-06,all4,2,2,2,2,3.09883586839743e-05,7.90999348231767e-06,1.65525947665033e-05,4.54241226014453e-05,6.65286482922169e-06,9.16712213541366e-06,1.963652517945,TRUE,TRUE,FALSE,TRUE,irHepatitis,
HLA-B-CD8A,IgG+ plasmablast / plasma cell,CD8+ T cell 3,0.000380736326908116,0.000135019210313211,6.71804425322942e-05,6.51931268709364e-05,all4,2,2,2,2,0.000257877768610663,6.61867847016153e-05,0.000135019210313211,0.000380736326908116,6.51931268709364e-05,6.71804425322942e-05,1.96131532358884,TRUE,TRUE,FALSE,TRUE,irHepatitis,
MHC-I,Cholangiocyte,Macrophage 1,0.00012024873671641,4.69313899815761e-05,2.30488036531509e-05,1.98180834501107e-05,all4,2,2,2,2,8.3590063348993e-05,2.14334435516308e-05,4.69313899815761e-05,0.00012024873671641,1.98180834501107e-05,2.30488036531509e-05,1.96113158795255,TRUE,TRUE,FALSE,TRUE,irHepatitis,
VEGFA-FLT1,Macrophage 1,Vascular endothelial cell,6.40477482074208e-05,7.81314996328683e-05,1.81954421207548e-05,1.8342256224556e-05,all4,2,2,2,2,7.10896239201446e-05,1.82688491726554e-05,6.40477482074208e-05,7.81314996328683e-05,1.81954421207548e-05,1.8342256224556e-05,1.95751510880122,TRUE,TRUE,FALSE,TRUE,irHepatitis,
FN1-SDC1,IgG+ B cell,Hepatocyte 4,1.87942545288704e-05,3.14881644147316e-05,5.99529597766794e-06,6.88195183686655e-06,all4,2,2,2,2,2.5141209471801e-05,6.43862390726725e-06,1.87942545288704e-05,3.14881644147316e-05,5.99529597766794e-06,6.88195183686655e-06,1.9574742012387,TRUE,TRUE,FALSE,TRUE,irHepatitis,
FN1-SDC1,CD8+ T cell 1,IgG+ plasmablast / plasma cell,8.84270382797222e-05,0.000145505276705848,2.81591537447641e-05,3.20062226336639e-05,all4,2,2,2,2,0.000116966157492785,3.0082688189214e-05,8.84270382797222e-05,0.000145505276705848,2.81591537447641e-05,3.20062226336639e-05,1.95742234918359,TRUE,TRUE,FALSE,TRUE,irHepatitis,
IL15-IL15RA_IL2RB_IL2RG,Vascular endothelial cell,CD8+ T cell 2,6.17897446094458e-06,7.93411841836141e-06,1.60409157355217e-06,1.96170429218415e-06,all4,2,2,2,2,7.056546439653e-06,1.78289793286816e-06,6.17897446094458e-06,7.93411841836141e-06,1.60409157355217e-06,1.96170429218415e-06,1.95692833023259,TRUE,TRUE,FALSE,TRUE,irHepatitis,
FN1-SDC1,IgG+ B cell,CD8+ T cell 1,1.29343925637344e-05,1.29712308950345e-05,3.40550538347825e-06,3.19930476195813e-06,all4,2,2,2,2,1.29528117293844e-05,3.30240507271819e-06,1.29343925637344e-05,1.29712308950345e-05,3.19930476195813e-06,3.40550538347825e-06,1.95659701755207,TRUE,TRUE,FALSE,TRUE,irHepatitis,
CCL15-CCR1,CD8+ T cell 2,Vascular endothelial cell,1.2461883447807e-05,2.84461460703982e-06,2.49220124010074e-06,1.38247983994061e-06,all4,2,2,2,2,7.65324902742341e-06,1.93734054002068e-06,2.84461460703982e-06,1.2461883447807e-05,1.38247983994061e-06,2.49220124010074e-06,1.9563856602285,TRUE,TRUE,FALSE,TRUE,irHepatitis,
HLA-B-CD8A,CD8+ T cell 2,Hepatocyte 3,1.07493472712075e-05,1.01387109003015e-05,5.90517825429399e-05,2.22337269203581e-05,all4,2,2,2,2,1.04440290857545e-05,4.0642754731649e-05,1.01387109003015e-05,1.07493472712075e-05,2.22337269203581e-05,5.90517825429399e-05,-1.95553589248876,TRUE,FALSE,TRUE,TRUE,AIH,
HLA-B-CD8A,Macrophage 2,IgM+ B cell,0.000121358469565485,9.70545847101223e-05,3.09996561672076e-05,2.52678898078388e-05,all4,2,2,2,2,0.000109206527137803,2.81337729875232e-05,9.70545847101223e-05,0.000121358469565485,2.52678898078388e-05,3.09996561672076e-05,1.95490663400899,TRUE,TRUE,FALSE,TRUE,irHepatitis,
CCL15-CCR1,IgG+ plasmablast / plasma cell,Hepatocyte 3,6.72900556843649e-09,0,2.25498914875039e-07,6.90516732163719e-08,all4,2,2,2,2,3.36450278421825e-09,1.47275294045706e-07,0,6.72900556843649e-09,6.90516732163719e-08,2.25498914875039e-07,-1.95315270451072,TRUE,FALSE,TRUE,TRUE,AIH,
CCL16-CCR1,Hepatocyte 4,Hepatocyte 4,0.000317752812278689,9.783936597796e-05,8.12641385800169e-05,2.60007130316445e-05,all4,2,2,2,2,0.000207796089128325,5.36324258058307e-05,9.783936597796e-05,0.000317752812278689,2.60007130316445e-05,8.12641385800169e-05,1.95305881184726,TRUE,TRUE,FALSE,TRUE,irHepatitis,
VEGFA-FLT1,IgM+ B cell,Stellate cell,1.72491703488639e-05,1.16783300724006e-05,4.08970403181819e-06,3.31474130733036e-06,all4,2,2,2,2,1.44637502106322e-05,3.70222266957427e-06,1.16783300724006e-05,1.72491703488639e-05,3.31474130733036e-06,4.08970403181819e-06,1.95253282028065,TRUE,TRUE,FALSE,TRUE,irHepatitis,
IL15-IL15RA_IL2RB_IL2RG,Hepatocyte 3,Macrophage 1,8.22171064753135e-08,2.32760168982608e-08,5.57393948576856e-07,1.17921164739699e-07,all4,2,2,2,2,5.27465616867872e-08,3.37657556658277e-07,2.32760168982608e-08,8.22171064753135e-08,1.17921164739699e-07,5.57393948576856e-07,-1.95002282233205,TRUE,FALSE,TRUE,TRUE,AIH,
HLA-B-CD8A,Vascular endothelial cell,IgG+ plasmablast / plasma cell,7.78799778088643e-05,0.000164512439045633,2.92034081985889e-05,3.34699410123301e-05,all4,2,2,2,2,0.000121196208427249,3.13366746054595e-05,7.78799778088643e-05,0.000164512439045633,2.92034081985889e-05,3.34699410123301e-05,1.94982659750229,TRUE,TRUE,FALSE,TRUE,irHepatitis,
FN1-SDC1,Macrophage 2,Hepatocyte 3,3.28308772629894e-05,4.32555052502344e-05,5.69184918781876e-06,1.39662786922602e-05,all4,2,2,2,2,3.80431912566119e-05,9.82906394003949e-06,3.28308772629894e-05,4.32555052502344e-05,5.69184918781876e-06,1.39662786922602e-05,1.94743955555696,TRUE,TRUE,FALSE,TRUE,irHepatitis,
FN1-SDC1,CD8+ T cell 2,Vascular endothelial cell,2.39146352097131e-05,2.93391223774373e-05,6.77052687028572e-06,6.99697238452917e-06,all4,2,2,2,2,2.66268787935752e-05,6.88374962740745e-06,2.39146352097131e-05,2.93391223774373e-05,6.77052687028572e-06,6.99697238452917e-06,1.94438434290665,TRUE,TRUE,FALSE,TRUE,irHepatitis,
FN1-CD44,CD4+ T cell,CD4+ T cell,5.99744092641914e-05,0.000203864167806483,3.38871755998577e-05,3.46592967803068e-05,all4,2,2,2,2,0.000131919288535337,3.42732361900823e-05,5.99744092641914e-05,0.000203864167806483,3.38871755998577e-05,3.46592967803068e-05,1.94304612531638,TRUE,TRUE,FALSE,TRUE,irHepatitis,
MHC-I,CD8+ T cell 2,CD8+ T cell 3,0.000580393315315984,0.000850811933521629,0.000220034980275153,0.000152265164814403,all4,2,2,2,2,0.000715602624418806,0.000186150072544778,0.000580393315315984,0.000850811933521629,0.000152265164814403,0.000220034980275153,1.94242452829707,TRUE,TRUE,FALSE,TRUE,irHepatitis,
IL15-IL15RA_IL2RB_IL2RG,CD8+ T cell 1,CD4+ T cell,1.21785828586358e-05,3.83710357737956e-06,2.25862904399107e-06,1.84306042552749e-06,all4,2,2,2,2,8.0078432180077e-06,2.05084473475928e-06,3.83710357737956e-06,1.21785828586358e-05,1.84306042552749e-06,2.25862904399107e-06,1.94108071630133,TRUE,TRUE,FALSE,TRUE,irHepatitis,
IL15-IL15RA_IL2RB_IL2RG,Hepatocyte 1,Cholangiocyte,8.09060487461899e-07,1.98767920636242e-06,4.29672183521366e-07,2.30745974488387e-07,all4,2,2,2,2,1.39836984691216e-06,3.30209079004877e-07,8.09060487461899e-07,1.98767920636242e-06,2.30745974488387e-07,4.29672183521366e-07,1.93873687795509,TRUE,TRUE,FALSE,TRUE,irHepatitis,
FN1-SDC1,IgM+ B cell,CD8+ T cell 1,2.55570620424431e-05,1.26288685361726e-05,5.22169421726352e-06,4.69233487187336e-06,all4,2,2,2,2,1.90929652893079e-05,4.95701454456844e-06,1.26288685361726e-05,2.55570620424431e-05,4.69233487187336e-06,5.22169421726352e-06,1.93548563457565,TRUE,TRUE,FALSE,TRUE,irHepatitis,
CCL14-CCR1,Cholangiocyte,Cholangiocyte,2.67213404593182e-05,2.97218383160349e-05,4.14746199490925e-06,1.05557525929089e-05,all4,2,2,2,2,2.82215893876765e-05,7.35160729390909e-06,2.67213404593182e-05,2.97218383160349e-05,4.14746199490925e-06,1.05557525929089e-05,1.93391165730897,TRUE,TRUE,FALSE,TRUE,irHepatitis,
FN1-SDC1,Hepatocyte 1,Stellate cell,0.000134463423018195,0.000146042634068234,2.50064987635288e-05,4.8363839859479e-05,all4,2,2,2,2,0.000140253028543215,3.66851693115039e-05,0.000134463423018195,0.000146042634068234,2.50064987635288e-05,4.8363839859479e-05,1.93340682751545,TRUE,TRUE,FALSE,TRUE,irHepatitis,
IL15-IL15RA_IL2RB_IL2RG,Sinusoidal endothelial cell,Sinusoidal endothelial cell,3.48714462730973e-06,0,8.89786943928502e-06,4.67813793772042e-06,all4,2,2,2,2,1.74357231365486e-06,6.78800368850272e-06,0,3.48714462730973e-06,4.67813793772042e-06,8.89786943928502e-06,-1.93267579996454,TRUE,FALSE,TRUE,TRUE,AIH,
CCL16-CCR1,IgM+ B cell,Macrophage 2,1.27198331769866e-05,9.74614499575643e-06,2.02682197874414e-06,3.80030942506071e-06,all4,2,2,2,2,1.12329890863715e-05,2.91356570190243e-06,9.74614499575643e-06,1.27198331769866e-05,2.02682197874414e-06,3.80030942506071e-06,1.92991425364656,TRUE,TRUE,FALSE,TRUE,irHepatitis,
VEGFA-FLT1,CD8+ T cell 1,Hepatocyte 1,4.51441985911429e-06,5.87468079648033e-06,1.44015717230004e-06,1.22190282785151e-06,all4,2,2,2,2,5.19455032779731e-06,1.33103000007578e-06,4.51441985911429e-06,5.87468079648033e-06,1.22190282785151e-06,1.44015717230004e-06,1.92758675648359,TRUE,TRUE,FALSE,TRUE,irHepatitis,
FN1-CD44,CD8+ T cell 2,Hepatocyte 3,3.61517876237385e-06,1.86336241125268e-06,1.36457816136604e-05,7.42306014124975e-06,all4,2,2,2,2,2.73927058681327e-06,1.05344208774551e-05,1.86336241125268e-06,3.61517876237385e-06,7.42306014124975e-06,1.36457816136604e-05,-1.92522517295041,TRUE,FALSE,TRUE,TRUE,AIH,
CSF1-CSF1R,Stellate cell,CD8+ T cell 1,0.000109917480421013,0.000147893265716921,3.27054689003419e-05,3.51711912266021e-05,all4,2,2,2,2,0.000128905373068967,3.3938330063472e-05,0.000109917480421013,0.000147893265716921,3.27054689003419e-05,3.51711912266021e-05,1.92386240373582,TRUE,TRUE,FALSE,TRUE,irHepatitis,
HLA-B-CD8A,Macrophage 1,IgM+ B cell,7.47859913484696e-05,4.68204045053053e-05,1.92500502356135e-05,1.27971232861141e-05,all4,2,2,2,2,6.08031979268874e-05,1.60235867608638e-05,4.68204045053053e-05,7.47859913484696e-05,1.27971232861141e-05,1.92500502356135e-05,1.92085651030229,TRUE,TRUE,FALSE,TRUE,irHepatitis,
CCL14-CCR1,Hepatocyte 2,CD8+ T cell 2,6.42865118343829e-05,2.57108499514597e-05,1.5346617564024e-05,8.3616857137385e-06,all4,2,2,2,2,4.49986808929213e-05,1.18541516388813e-05,2.57108499514597e-05,6.42865118343829e-05,8.3616857137385e-06,1.5346617564024e-05,1.92031076561738,TRUE,TRUE,FALSE,TRUE,irHepatitis,
MHC-I,CD8+ T cell 1,CD8+ T cell 1,0.000484683204474905,0.000976666447416258,0.000194526979495605,0.000191693256262354,all4,2,2,2,2,0.000730674825945581,0.000193110117878979,0.000484683204474905,0.000976666447416258,0.000191693256262354,0.000194526979495605,1.91954888492085,TRUE,TRUE,FALSE,TRUE,irHepatitis,
FN1-SDC1,Vascular endothelial cell,Hepatocyte 1,4.55834305258977e-05,6.35318677780586e-05,1.58212522770997e-05,1.29571569634768e-05,all4,2,2,2,2,5.45576491519782e-05,1.43892046202882e-05,4.55834305258977e-05,6.35318677780586e-05,1.29571569634768e-05,1.58212522770997e-05,1.91935138817327,TRUE,TRUE,FALSE,TRUE,irHepatitis,
FN1-SDC1,IgG+ B cell,Hepatocyte 1,2.4247315322823e-05,2.3413430237574e-05,6.21520680238872e-06,6.31992030855469e-06,all4,2,2,2,2,2.38303727801985e-05,6.2675635554717e-06,2.3413430237574e-05,2.4247315322823e-05,6.21520680238872e-06,6.31992030855469e-06,1.91893282920214,TRUE,TRUE,FALSE,TRUE,irHepatitis,
CCL16-CCR1,CD4+ T cell,Hepatocyte 1,1.45923591770337e-07,1.25782555211455e-08,4.18686222060532e-07,4.38506642508335e-07,all4,2,2,2,2,7.92509236457411e-08,4.28596432284434e-07,1.25782555211455e-08,1.45923591770337e-07,4.18686222060532e-07,4.38506642508335e-07,-1.91562700344106,TRUE,FALSE,TRUE,TRUE,AIH,
CCL16-CCR1,Vascular endothelial cell,Macrophage 1,3.6669018239627e-05,2.94642518625933e-05,9.67091503812476e-06,7.81040743116762e-06,all4,2,2,2,2,3.30666350511102e-05,8.74066123464619e-06,2.94642518625933e-05,3.6669018239627e-05,7.81040743116762e-06,9.67091503812476e-06,1.91390555817692,TRUE,TRUE,FALSE,TRUE,irHepatitis,
MHC-I,Hepatocyte 2,Hepatocyte 1,1.48225571645451e-05,1.77653100483712e-05,9.89139782761811e-05,2.39304694088767e-05,all4,2,2,2,2,1.62939336064582e-05,6.14222238425289e-05,1.48225571645451e-05,1.77653100483712e-05,2.39304694088767e-05,9.89139782761811e-05,-1.91139069314444,TRUE,FALSE,TRUE,TRUE,AIH,
CCL16-CCR1,Macrophage 2,Hepatocyte 4,1.56637071184018e-06,2.15887384151188e-06,2.49496254809562e-07,6.73247449644494e-07,all4,2,2,2,2,1.86262227667603e-06,4.61371852227028e-07,1.56637071184018e-06,2.15887384151188e-06,2.49496254809562e-07,6.73247449644494e-07,1.90987230156006,TRUE,TRUE,FALSE,TRUE,irHepatitis,
FN1-CD44,CD8+ T cell 1,Cholangiocyte,3.86049367471959e-05,1.64684342388799e-05,9.62139649061844e-06,4.98067074866069e-06,all4,2,2,2,2,2.75366854930379e-05,7.30103361963956e-06,1.64684342388799e-05,3.86049367471959e-05,4.98067074866069e-06,9.62139649061844e-06,1.90842251055094,TRUE,TRUE,FALSE,TRUE,irHepatitis,
CCL14-CCR1,Stellate cell,CD8+ T cell 3,6.71681760027806e-05,4.38626390971696e-05,1.57196732484374e-05,1.38158545722926e-05,all4,2,2,2,2,5.55154075499751e-05,1.4767763910365e-05,4.38626390971696e-05,6.71681760027806e-05,1.38158545722926e-05,1.57196732484374e-05,1.90709202808648,TRUE,TRUE,FALSE,TRUE,irHepatitis,
CCL14-CCR1,Macrophage 2,CD8+ T cell 1,2.33979740693583e-05,2.42840731359722e-05,4.08386118136232e-06,8.56512719204356e-06,all4,2,2,2,2,2.38410236026653e-05,6.32449418670294e-06,2.33979740693583e-05,2.42840731359722e-05,4.08386118136232e-06,8.56512719204356e-06,1.90662697814366,TRUE,TRUE,FALSE,TRUE,irHepatitis,
FN1-SDC1,IgM+ B cell,Macrophage 2,3.09005700779713e-05,1.64159833603796e-05,6.47582210259985e-06,6.08635960087876e-06,all4,2,2,2,2,2.36582767191754e-05,6.2810908517393e-06,1.64159833603796e-05,3.09005700779713e-05,6.08635960087876e-06,6.47582210259985e-06,1.90540942647994,TRUE,TRUE,FALSE,TRUE,irHepatitis,
CCL14-CCR1,IgG+ plasmablast / plasma cell,Hepatocyte 3,3.80692002333833e-07,2.20751487889539e-08,8.93676777603303e-07,8.70981543050881e-07,all4,2,2,2,2,2.01383575561394e-07,8.82329160327092e-07,2.20751487889539e-08,3.80692002333833e-07,8.70981543050881e-07,8.93676777603303e-07,-1.90472607556505,TRUE,FALSE,TRUE,TRUE,AIH,
IL15-IL15RA_IL2RB_IL2RG,IgG+ B cell,IgG+ plasmablast / plasma cell,7.53029403413077e-08,0,2.38716952722038e-07,2.99470193075018e-07,all4,2,2,2,2,3.76514701706539e-08,2.69093572898528e-07,0,7.53029403413077e-08,2.38716952722038e-07,2.99470193075018e-07,-1.90399221188355,TRUE,FALSE,TRUE,TRUE,AIH,
FN1-CD44,CD8+ T cell 1,Sinusoidal endothelial cell,1.35442483258233e-06,2.4759960642042e-06,6.81421455562838e-06,7.7757941368606e-06,all4,2,2,2,2,1.91521044839327e-06,7.29500434624449e-06,1.35442483258233e-06,2.4759960642042e-06,6.81421455562838e-06,7.7757941368606e-06,-1.903834133924,TRUE,FALSE,TRUE,TRUE,AIH,
HLA-B-CD8A,Stellate cell,Cholangiocyte,7.36046657703337e-05,6.68913335172135e-05,2.02141815404992e-05,1.7269474177266e-05,all4,2,2,2,2,7.02479996437736e-05,1.87418278588826e-05,6.68913335172135e-05,7.36046657703337e-05,1.7269474177266e-05,2.02141815404992e-05,1.90356161496292,TRUE,TRUE,FALSE,TRUE,irHepatitis,
CCL5-CCR1,Macrophage 2,Macrophage 2,3.62131195259957e-05,3.36208674344392e-05,1.04516075265547e-05,8.15281392864606e-06,all4,2,2,2,2,3.49169934802174e-05,9.30221072760038e-06,3.36208674344392e-05,3.62131195259957e-05,8.15281392864606e-06,1.04516075265547e-05,1.90298285762406,TRUE,TRUE,FALSE,TRUE,irHepatitis,
VEGFA-FLT1,CD8+ T cell 1,Vascular endothelial cell,4.8235800644589e-05,7.0445285173172e-05,1.6196241550964e-05,1.55274224073742e-05,all4,2,2,2,2,5.93405429088805e-05,1.58618319791691e-05,4.8235800644589e-05,7.0445285173172e-05,1.55274224073742e-05,1.6196241550964e-05,1.90034967165487,TRUE,TRUE,FALSE,TRUE,irHepatitis,
VEGFA-FLT1,Macrophage 1,Hepatocyte 1,7.40927942280318e-06,9.95377814069937e-06,2.55390719394404e-06,2.05276592532053e-06,all4,2,2,2,2,8.68152878175127e-06,2.30333655963228e-06,7.40927942280318e-06,9.95377814069937e-06,2.05276592532053e-06,2.55390719394404e-06,1.89298765651935,TRUE,TRUE,FALSE,TRUE,irHepatitis,
FN1-SDC1,IgG+ B cell,Cholangiocyte,5.13185287266212e-05,0.000146411212255853,2.94286864787411e-05,2.37656165803004e-05,all4,2,2,2,2,9.88648704912369e-05,2.65971515295207e-05,5.13185287266212e-05,0.000146411212255853,2.37656165803004e-05,2.94286864787411e-05,1.89233505419893,TRUE,TRUE,FALSE,TRUE,irHepatitis,
IL15-IL15RA_IL2RB_IL2RG,CD4+ T cell,CD8+ T cell 2,5.17095733307856e-09,9.96502543097161e-07,1.00107937765736e-06,2.96952791096388e-06,all4,2,2,2,2,5.0083675021512e-07,1.98530364431062e-06,5.17095733307856e-09,9.96502543097161e-07,1.00107937765736e-06,2.96952791096388e-06,-1.8917977949001,TRUE,FALSE,TRUE,TRUE,AIH,
VEGFA-FLT1,Macrophage 1,Macrophage 1,2.95527306508991e-05,4.23360471375772e-05,1.12439995988989e-05,8.06839603903513e-06,all4,2,2,2,2,3.59443888942381e-05,9.65619781896704e-06,2.95527306508991e-05,4.23360471375772e-05,8.06839603903513e-06,1.12439995988989e-05,1.8911477940493,TRUE,TRUE,FALSE,TRUE,irHepatitis,
FN1-SDC1,IgM+ B cell,Sinusoidal endothelial cell,4.04108487008003e-06,1.28000174306822e-05,1.47950260049895e-06,2.99388369725532e-06,all4,2,2,2,2,8.42055115038113e-06,2.23669314887713e-06,4.04108487008003e-06,1.28000174306822e-05,1.47950260049895e-06,2.99388369725532e-06,1.89069582517774,TRUE,TRUE,FALSE,TRUE,irHepatitis,
CCL14-CCR1,IgM+ B cell,CD4+ T cell,4.88092366592854e-05,3.82616217648494e-05,8.68266859032081e-06,1.47354492858091e-05,all4,2,2,2,2,4.35354292120674e-05,1.1709058938065e-05,3.82616217648494e-05,4.88092366592854e-05,8.68266859032081e-06,1.47354492858091e-05,1.89036539267105,TRUE,TRUE,FALSE,TRUE,irHepatitis,
HLA-B-CD8A,Stellate cell,CD8+ T cell 3,0.000192013896272134,0.000258691194917491,5.61024604380684e-05,6.54126624629087e-05,all4,2,2,2,2,0.000225352545594812,6.07575614504886e-05,0.000192013896272134,0.000258691194917491,5.61024604380684e-05,6.54126624629087e-05,1.89023764611214,TRUE,TRUE,FALSE,TRUE,irHepatitis,
MHC-I,CD8+ T cell 2,CD4+ T cell,0.000135538076349621,4.06681851649054e-05,2.44254796176313e-05,2.3146120465536e-05,all4,2,2,2,2,8.81031307572632e-05,2.37858000415836e-05,4.06681851649054e-05,0.000135538076349621,2.3146120465536e-05,2.44254796176313e-05,1.88702572259863,TRUE,TRUE,FALSE,TRUE,irHepatitis,
FN1-SDC1,CD8+ T cell 1,Stellate cell,2.08325388888683e-05,3.06385837392012e-05,3.79575592361226e-06,1.00754156982205e-05,all4,2,2,2,2,2.57355613140347e-05,6.93558581091638e-06,2.08325388888683e-05,3.06385837392012e-05,3.79575592361226e-06,1.00754156982205e-05,1.88460142177973,TRUE,TRUE,FALSE,TRUE,irHepatitis,
MHC-I,Macrophage 2,CD8+ T cell 1,0.000286549537583107,0.000567571119298686,0.000119292985992896,0.000111961442809836,all4,2,2,2,2,0.000427060328440896,0.000115627214401366,0.000286549537583107,0.000567571119298686,0.000111961442809836,0.000119292985992896,1.88453371365136,TRUE,TRUE,FALSE,TRUE,irHepatitis,
CCL5-CCR1,IgG+ plasmablast / plasma cell,Macrophage 1,2.77555099902731e-05,6.57124540588075e-05,1.56184788546102e-05,9.62758329170497e-06,all4,2,2,2,2,4.67339820245403e-05,1.26230310731576e-05,2.77555099902731e-05,6.57124540588075e-05,9.62758329170497e-06,1.56184788546102e-05,1.88452365029515,TRUE,TRUE,FALSE,TRUE,irHepatitis,
FN1-SDC1,IgG+ B cell,Macrophage 1,1.08604813371297e-05,7.94172168338768e-06,2.85236426421422e-06,2.17192874172778e-06,all4,2,2,2,2,9.40110151025868e-06,2.512146502971e-06,7.94172168338768e-06,1.08604813371297e-05,2.17192874172778e-06,2.85236426421422e-06,1.88446849788766,TRUE,TRUE,FALSE,TRUE,irHepatitis,
CCL16-CCR1,CD8+ T cell 2,CD8+ T cell 3,0.00024905319162464,9.68390792931376e-05,6.04348608787875e-05,3.3279160405904e-05,all4,2,2,2,2,0.000172946135458889,4.68570106423457e-05,9.68390792931376e-05,0.00024905319162464,3.3279160405904e-05,6.04348608787875e-05,1.88293742024485,TRUE,TRUE,FALSE,TRUE,irHepatitis,
VEGFA-FLT1,Macrophage 2,Macrophage 2,1.12478510580094e-05,1.28264589473005e-05,3.2412182903485e-06,3.22715802106451e-06,all4,2,2,2,2,1.20371550026549e-05,3.23418815570651e-06,1.12478510580094e-05,1.28264589473005e-05,3.22715802106451e-06,3.2412182903485e-06,1.88090956310659,TRUE,TRUE,FALSE,TRUE,irHepatitis,
MHC-I,CD8+ T cell 2,IgM+ B cell,6.9015538831773e-05,2.52263957249886e-05,1.40023174148277e-05,1.15363293849329e-05,all4,2,2,2,2,4.71209672783808e-05,1.27693233998803e-05,2.52263957249886e-05,6.9015538831773e-05,1.15363293849329e-05,1.40023174148277e-05,1.87984626532817,TRUE,TRUE,FALSE,TRUE,irHepatitis,
FN1-SDC1,CD8+ T cell 2,IgG+ B cell,6.094447817573e-05,5.61894873697754e-05,1.7149415982806e-05,1.47582522033382e-05,all4,2,2,2,2,5.85669827727527e-05,1.59538340930721e-05,5.61894873697754e-05,6.094447817573e-05,1.47582522033382e-05,1.7149415982806e-05,1.87311478492637,TRUE,TRUE,FALSE,TRUE,irHepatitis,
HLA-B-CD8A,CD8+ T cell 1,IgG+ plasmablast / plasma cell,8.61795395707201e-05,8.91264284572449e-05,2.84843485038894e-05,1.93938771251551e-05,all4,2,2,2,2,8.76529840139825e-05,2.39391128145222e-05,8.61795395707201e-05,8.91264284572449e-05,1.93938771251551e-05,2.84843485038894e-05,1.87038855599537,TRUE,TRUE,FALSE,TRUE,irHepatitis,
CCL14-CCR1,Stellate cell,CD8+ T cell 1,5.6638302572421e-05,3.69827221005746e-05,1.18110488955011e-05,1.37421497601513e-05,all4,2,2,2,2,4.68105123364978e-05,1.27765993278262e-05,3.69827221005746e-05,5.6638302572421e-05,1.18110488955011e-05,1.37421497601513e-05,1.86950033403607,TRUE,TRUE,FALSE,TRUE,irHepatitis,
HLA-B-CD8A,IgG+ plasmablast / plasma cell,Vascular endothelial cell,0.000109140373283194,3.68013332432077e-05,1.89256586358537e-05,2.09714266714462e-05,all4,2,2,2,2,7.2970853263201e-05,1.99485426536499e-05,3.68013332432077e-05,0.000109140373283194,1.89256586358537e-05,2.09714266714462e-05,1.8685844280318,TRUE,TRUE,FALSE,TRUE,irHepatitis,
IL15-IL15RA_IL2RB_IL2RG,CD8+ T cell 3,IgM+ B cell,3.85844071558194e-07,2.9551426592068e-08,1.30522868643681e-06,4.591147952586e-07,all4,2,2,2,2,2.07697749075131e-07,8.82171740847705e-07,2.9551426592068e-08,3.85844071558194e-07,4.591147952586e-07,1.30522868643681e-06,-1.8682277363584,TRUE,FALSE,TRUE,TRUE,AIH,
FN1-CD44,Hepatocyte 1,Hepatocyte 3,4.68428660514774e-06,3.50304271095579e-06,2.0572996927343e-05,9.5463060767532e-06,all4,2,2,2,2,4.09366465805177e-06,1.50596515020481e-05,3.50304271095579e-06,4.68428660514774e-06,9.5463060767532e-06,2.0572996927343e-05,-1.86731533654468,TRUE,FALSE,TRUE,TRUE,AIH,
VEGFA-FLT1,Macrophage 1,Hepatocyte 2,5.93757843462322e-06,1.31403447768764e-05,3.27500405912111e-06,1.88717242674534e-06,all4,2,2,2,2,9.53896160574982e-06,2.58108824293322e-06,5.93757843462322e-06,1.31403447768764e-05,1.88717242674534e-06,3.27500405912111e-06,1.86701294502716,TRUE,TRUE,FALSE,TRUE,irHepatitis,
CCL5-CCR1,Macrophage 1,Vascular endothelial cell,7.42718178040539e-06,1.39931755574908e-06,1.35248900615016e-06,1.00162816357789e-06,all4,2,2,2,2,4.41324966807724e-06,1.17705858486403e-06,1.39931755574908e-06,7.42718178040539e-06,1.00162816357789e-06,1.35248900615016e-06,1.86567401122392,TRUE,TRUE,FALSE,TRUE,irHepatitis,
CCL5-CCR1,CD4+ T cell,IgG+ B cell,1.35861595071669e-05,3.20257310209962e-05,5.88078425331878e-06,6.57657529789588e-06,all4,2,2,2,2,2.28059452640816e-05,6.22867977560733e-06,1.35861595071669e-05,3.20257310209962e-05,5.88078425331878e-06,6.57657529789588e-06,1.86457978129981,TRUE,TRUE,FALSE,TRUE,irHepatitis,
VEGFA-FLT1,Macrophage 1,Hepatocyte 4,6.68026071098492e-06,1.27839341939946e-05,3.21744769586474e-06,2.06101970616055e-06,all4,2,2,2,2,9.73209745248976e-06,2.63923370101264e-06,6.68026071098492e-06,1.27839341939946e-05,2.06101970616055e-06,3.21744769586474e-06,1.86421768235701,TRUE,TRUE,FALSE,TRUE,irHepatitis,
CCL5-CCR1,Hepatocyte 4,Cholangiocyte,1.50213200864337e-07,1.62105936233648e-07,9.05833712931453e-07,4.77282450204927e-07,all4,2,2,2,2,1.56159568548993e-07,6.9155808156819e-07,1.50213200864337e-07,1.62105936233648e-07,4.77282450204927e-07,9.05833712931453e-07,-1.86343628159049,TRUE,FALSE,TRUE,TRUE,AIH,
FN1-SDC1,Vascular endothelial cell,Hepatocyte 3,3.28046792493173e-05,5.07981890547639e-05,1.26577391529028e-05,1.02648946458866e-05,all4,2,2,2,2,4.18014341520406e-05,1.14613168993947e-05,3.28046792493173e-05,5.07981890547639e-05,1.02648946458866e-05,1.26577391529028e-05,1.86252039614939,TRUE,TRUE,FALSE,TRUE,irHepatitis,
CSF1-CSF1R,Macrophage 2,Macrophage 2,4.20067901770411e-05,6.0802221799284e-05,1.53149953254449e-05,1.29103586796613e-05,all4,2,2,2,2,5.14045059881626e-05,1.41126770025531e-05,4.20067901770411e-05,6.0802221799284e-05,1.29103586796613e-05,1.53149953254449e-05,1.86144413067919,TRUE,TRUE,FALSE,TRUE,irHepatitis,
MHC-I,Vascular endothelial cell,CD8+ T cell 1,0.000266768203584903,0.000423928108185548,9.52624148003706e-05,9.48016970432957e-05,all4,2,2,2,2,0.000345348155885225,9.50320559218332e-05,0.000266768203584903,0.000423928108185548,9.48016970432957e-05,9.52624148003706e-05,1.86105122237176,TRUE,TRUE,FALSE,TRUE,irHepatitis,
CCL5-CCR1,CD8+ T cell 1,Vascular endothelial cell,4.20783855387168e-05,1.88837091258893e-05,8.54466934874181e-06,8.18962734077772e-06,all4,2,2,2,2,3.04810473323031e-05,8.36714834475976e-06,1.88837091258893e-05,4.20783855387168e-05,8.18962734077772e-06,8.54466934874181e-06,1.85927841581463,TRUE,TRUE,FALSE,TRUE,irHepatitis,
CCL5-CCR1,CD8+ T cell 1,IgM+ B cell,0.00013721534286823,9.07206813534567e-05,3.26057516317642e-05,3.01731799813706e-05,all4,2,2,2,2,0.000113968012110843,3.13894658065674e-05,9.07206813534567e-05,0.00013721534286823,3.01731799813706e-05,3.26057516317642e-05,1.85872148782364,TRUE,TRUE,FALSE,TRUE,irHepatitis,
MHC-I,CD4+ T cell,CD8+ T cell 2,0.000311570318142232,0.000140867327827456,5.69773561784309e-05,6.77481318726406e-05,all4,2,2,2,2,0.000226218822984844,6.23627440255357e-05,0.000140867327827456,0.000311570318142232,5.69773561784309e-05,6.77481318726406e-05,1.85817983337558,TRUE,TRUE,FALSE,TRUE,irHepatitis,
IL15-IL15RA_IL2RB_IL2RG,IgG+ B cell,Vascular endothelial cell,0,0,1.38151943613325e-07,1.07075732047685e-07,all4,2,2,2,2,0,1.22613837830505e-07,0,0,1.07075732047685e-07,1.38151943613325e-07,-1.8573052738583,TRUE,FALSE,TRUE,TRUE,AIH,
CCL5-CCR1,CD4+ T cell,Macrophage 1,9.29729156989677e-05,4.90297596710354e-05,1.97293424850469e-05,1.9422142478929e-05,all4,2,2,2,2,7.10013376850015e-05,1.95757424819879e-05,4.90297596710354e-05,9.29729156989677e-05,1.9422142478929e-05,1.97293424850469e-05,1.85628803040679,TRUE,TRUE,FALSE,TRUE,irHepatitis,
MHC-I,IgG+ B cell,CD8+ T cell 1,0.000190057163443583,0.000236112084121412,7.70663929026535e-05,4.05772136586946e-05,all4,2,2,2,2,0.000213084623782498,5.8821803280674e-05,0.000190057163443583,0.000236112084121412,4.05772136586946e-05,7.70663929026535e-05,1.85617407361526,TRUE,TRUE,FALSE,TRUE,irHepatitis,
CCL15-CCR1,Macrophage 1,Macrophage 1,2.49125305351263e-05,4.10793441579675e-05,8.64285346348477e-06,9.51893289944717e-06,all4,2,2,2,2,3.29959373465469e-05,9.08089318146597e-06,2.49125305351263e-05,4.10793441579675e-05,8.64285346348477e-06,9.51893289944717e-06,1.85601783979433,TRUE,TRUE,FALSE,TRUE,irHepatitis,
HLA-B-CD8A,CD4+ T cell,Macrophage 2,9.46067348428664e-05,6.89641931662479e-05,2.35301943896693e-05,2.16278971007648e-05,all4,2,2,2,2,8.17854640045572e-05,2.25790457452171e-05,6.89641931662479e-05,9.46067348428664e-05,2.16278971007648e-05,2.35301943896693e-05,1.85470080217942,TRUE,TRUE,FALSE,TRUE,irHepatitis,
FN1-SDC1,CD8+ T cell 2,Stellate cell,7.48664941870407e-05,0.00010887289774582,1.43097977110494e-05,3.64595263463231e-05,all4,2,2,2,2,9.18696959664306e-05,2.53846620286863e-05,7.48664941870407e-05,0.00010887289774582,1.43097977110494e-05,3.64595263463231e-05,1.85371184864703,TRUE,TRUE,FALSE,TRUE,irHepatitis,
MHC-I,Hepatocyte 1,Hepatocyte 1,1.97268680428591e-05,2.60143479119961e-05,0.000135092088360122,3.04698868740012e-05,all4,2,2,2,2,2.28706079774276e-05,8.27809876170616e-05,1.97268680428591e-05,2.60143479119961e-05,3.04698868740012e-05,0.000135092088360122,-1.85367369364553,TRUE,FALSE,TRUE,TRUE,AIH,
MHC-I,Cholangiocyte,IgM+ B cell,0.000162477385690697,0.000173262487148635,4.29471274440964e-05,4.99265116991878e-05,all4,2,2,2,2,0.000167869936419666,4.64368195716421e-05,0.000162477385690697,0.000173262487148635,4.29471274440964e-05,4.99265116991878e-05,1.85295305557497,TRUE,TRUE,FALSE,TRUE,irHepatitis,
HLA-B-CD8A,CD8+ T cell 3,IgG+ plasmablast / plasma cell,0.000132125365201314,3.57773766163468e-05,2.78965355249875e-05,1.85171408488432e-05,all4,2,2,2,2,8.39513709088304e-05,2.32068381869153e-05,3.57773766163468e-05,0.000132125365201314,1.85171408488432e-05,2.78965355249875e-05,1.85290414027397,TRUE,TRUE,FALSE,TRUE,irHepatitis,
HLA-B-CD8A,CD8+ T cell 2,Macrophage 2,7.24764276809056e-05,3.51650424933953e-05,1.40353842503047e-05,1.57686847771186e-05,all4,2,2,2,2,5.38207350871504e-05,1.49020345137117e-05,3.51650424933953e-05,7.24764276809056e-05,1.40353842503047e-05,1.57686847771186e-05,1.84938720727775,TRUE,TRUE,FALSE,TRUE,irHepatitis,
CCL14-CCR1,CD8+ T cell 1,CD8+ T cell 1,7.24084885499489e-05,6.90214573576836e-05,1.72395247931798e-05,2.19451466868541e-05,all4,2,2,2,2,7.07149729538163e-05,1.95923357400169e-05,6.90214573576836e-05,7.24084885499489e-05,1.72395247931798e-05,2.19451466868541e-05,1.84924192387215,TRUE,TRUE,FALSE,TRUE,irHepatitis,
MHC-I,Macrophage 2,CD4+ T cell,0.000179732721716678,0.000259848521423907,6.5240891886515e-05,5.67133167354342e-05,all4,2,2,2,2,0.000219790621570292,6.09771043109746e-05,0.000179732721716678,0.000259848521423907,5.67133167354342e-05,6.5240891886515e-05,1.84899161696223,TRUE,TRUE,FALSE,TRUE,irHepatitis,
FN1-SDC1,Stellate cell,Hepatocyte 3,7.89860913326641e-05,9.8657297326769e-05,1.97281702139477e-05,2.96193349117446e-05,all4,2,2,2,2,8.88216943297165e-05,2.46737525628462e-05,7.89860913326641e-05,9.8657297326769e-05,1.97281702139477e-05,2.96193349117446e-05,1.84596357070691,TRUE,TRUE,FALSE,TRUE,irHepatitis,
FN1-CD44,Hepatocyte 2,Hepatocyte 3,5.22753763268163e-06,3.35129139023244e-06,1.99486772731961e-05,1.1127864852627e-05,all4,2,2,2,2,4.28941451145703e-06,1.55382710629115e-05,3.35129139023244e-06,5.22753763268163e-06,1.1127864852627e-05,1.99486772731961e-05,-1.84567104637636,TRUE,FALSE,TRUE,TRUE,AIH,
FN1-CD44,Macrophage 1,Hepatocyte 3,4.17505952749104e-07,4.65870616585216e-07,1.5352387867359e-06,1.8753742873543e-06,all4,2,2,2,2,4.4168828466716e-07,1.7053065370451e-06,4.17505952749104e-07,4.65870616585216e-07,1.5352387867359e-06,1.8753742873543e-06,-1.84282189211439,TRUE,FALSE,TRUE,TRUE,AIH,
CCL15-CCR1,Macrophage 2,Stellate cell,2.20549712181025e-06,1.24017664923131e-06,1.49882888582324e-07,7.43269271827679e-07,all4,2,2,2,2,1.72283688552078e-06,4.46576080205001e-07,1.24017664923131e-06,2.20549712181025e-06,1.49882888582324e-07,7.43269271827679e-07,1.84281968220564,TRUE,TRUE,FALSE,TRUE,irHepatitis,
CCL14-CCR1,CD8+ T cell 3,CD8+ T cell 3,0.00018882933080118,0.000416908533903944,9.96542109220482e-05,6.92955876564362e-05,all4,2,2,2,2,0.000302868932352562,8.44748992892422e-05,0.00018882933080118,0.000416908533903944,6.92955876564362e-05,9.96542109220482e-05,1.84152356593608,TRUE,TRUE,FALSE,TRUE,irHepatitis,
VEGFA-FLT1,Hepatocyte 2,Cholangiocyte,7.90756190899698e-06,8.23620658432794e-06,1.54879010756649e-06,2.88953280157157e-06,all4,2,2,2,2,8.07188424666246e-06,2.21916145456903e-06,7.90756190899698e-06,8.23620658432794e-06,1.54879010756649e-06,2.88953280157157e-06,1.84115003681913,TRUE,TRUE,FALSE,TRUE,irHepatitis,
CCL16-CCR1,Cholangiocyte,Cholangiocyte,5.72269401632674e-05,2.82769000331107e-05,3.58422133361205e-06,2.02170528876396e-05,all4,2,2,2,2,4.27519200981891e-05,1.19006371106258e-05,2.82769000331107e-05,5.72269401632674e-05,3.58422133361205e-06,2.02170528876396e-05,1.84087168001101,TRUE,TRUE,FALSE,TRUE,irHepatitis,
MHC-I,CD8+ T cell 3,Macrophage 2,9.86901624678705e-05,7.8583930596719e-05,2.57991890697591e-05,2.3650046737952e-05,all4,2,2,2,2,8.86370465322947e-05,2.47246179038556e-05,7.8583930596719e-05,9.86901624678705e-05,2.3650046737952e-05,2.57991890697591e-05,1.83999740376396,TRUE,TRUE,FALSE,TRUE,irHepatitis,
CCL5-CCR1,IgM+ B cell,CD4+ T cell,8.5090809073388e-05,1.93414684217032e-05,1.35983207911645e-05,1.55183893883295e-05,all4,2,2,2,2,5.22161387475456e-05,1.4558355089747e-05,1.93414684217032e-05,8.5090809073388e-05,1.35983207911645e-05,1.55183893883295e-05,1.83931482391807,TRUE,TRUE,FALSE,TRUE,irHepatitis,
CSF1-CSF1R,Vascular endothelial cell,CD8+ T cell 3,0.000105784213282669,5.20214617777255e-05,2.39777530559354e-05,2.00725380420876e-05,all4,2,2,2,2,7.89028375301975e-05,2.20251455490115e-05,5.20214617777255e-05,0.000105784213282669,2.00725380420876e-05,2.39777530559354e-05,1.83872165298774,TRUE,TRUE,FALSE,TRUE,irHepatitis,
CCL15-CCR1,Macrophage 1,CD8+ T cell 3,7.00293768572452e-06,1.47960935712024e-05,3.17585143768855e-06,2.85215017308772e-06,all4,2,2,2,2,1.08995156284635e-05,3.01400080538813e-06,7.00293768572452e-06,1.47960935712024e-05,2.85215017308772e-06,3.17585143768855e-06,1.83848458323078,TRUE,TRUE,FALSE,TRUE,irHepatitis,
VEGFA-FLT1,CD8+ T cell 3,CD8+ T cell 2,1.74933467000032e-05,1.89101177708002e-05,4.73791532953186e-06,5.42234615439269e-06,all4,2,2,2,2,1.82017322354017e-05,5.08013074196227e-06,1.74933467000032e-05,1.89101177708002e-05,4.73791532953186e-06,5.42234615439269e-06,1.83162520394193,TRUE,TRUE,FALSE,TRUE,irHepatitis,
HLA-B-CD8A,Hepatocyte 2,Hepatocyte 1,1.48225571645451e-05,1.32993499854303e-05,8.09127769679618e-05,1.91892100202546e-05,all4,2,2,2,2,1.40609535749877e-05,5.00509934941082e-05,1.32993499854303e-05,1.48225571645451e-05,1.91892100202546e-05,8.09127769679618e-05,-1.82826317070377,TRUE,FALSE,TRUE,TRUE,AIH,
FN1-SDC1,Hepatocyte 1,Vascular endothelial cell,4.42651936674786e-05,3.09584279290225e-05,1.16960945685197e-05,9.42333719057471e-06,all4,2,2,2,2,3.76118107982505e-05,1.05597158795472e-05,3.09584279290225e-05,4.42651936674786e-05,9.42333719057471e-06,1.16960945685197e-05,1.82803479316657,TRUE,TRUE,FALSE,TRUE,irHepatitis,
HLA-B-CD8A,Stellate cell,IgG+ plasmablast / plasma cell,3.7305321673749e-05,0.000107575666644613,2.18877763551686e-05,1.8886080143712e-05,all4,2,2,2,2,7.24404941591812e-05,2.03869282494403e-05,3.7305321673749e-05,0.000107575666644613,1.8886080143712e-05,2.18877763551686e-05,1.82677870937367,TRUE,TRUE,FALSE,TRUE,irHepatitis,
FN1-CD44,Vascular endothelial cell,IgG+ plasmablast / plasma cell,6.80618938583767e-05,0.000110235508196168,2.42942748676495e-05,2.59134353934856e-05,all4,2,2,2,2,8.91487010272721e-05,2.51038551305676e-05,6.80618938583767e-05,0.000110235508196168,2.42942748676495e-05,2.59134353934856e-05,1.82637742365171,TRUE,TRUE,FALSE,TRUE,irHepatitis,
FN1-CD44,Hepatocyte 1,Hepatocyte 4,8.9862200037413e-06,9.3228728511953e-06,4.90189678562447e-05,1.61048206082559e-05,all4,2,2,2,2,9.1545464274683e-06,3.25618942322503e-05,8.9862200037413e-06,9.3228728511953e-06,1.61048206082559e-05,4.90189678562447e-05,-1.82534650511765,TRUE,FALSE,TRUE,TRUE,AIH,
IL15-IL15RA_IL2RB_IL2RG,CD8+ T cell 1,Cholangiocyte,2.588236519965e-06,6.63631543932933e-07,4.7618871965697e-07,3.75146695208741e-07,all4,2,2,2,2,1.62593403194897e-06,4.25667707432855e-07,6.63631543932933e-07,2.588236519965e-06,3.75146695208741e-07,4.7618871965697e-07,1.82405134913357,TRUE,TRUE,FALSE,TRUE,irHepatitis,
FN1-CD44,CD8+ T cell 2,Hepatocyte 4,7.37110297711945e-06,3.86367181767033e-06,2.74099955979623e-05,1.25344208640542e-05,all4,2,2,2,2,5.61738739739489e-06,1.99722082310083e-05,3.86367181767033e-06,7.37110297711945e-06,1.25344208640542e-05,2.74099955979623e-05,-1.82144051178608,TRUE,FALSE,TRUE,TRUE,AIH,
MHC-I,Stellate cell,IgG+ B cell,6.19396669342941e-05,0.00010118005695744,2.65550653027667e-05,1.956838657611e-05,all4,2,2,2,2,8.1559861945867e-05,2.30617259394383e-05,6.19396669342941e-05,0.00010118005695744,1.956838657611e-05,2.65550653027667e-05,1.82026436953828,TRUE,TRUE,FALSE,TRUE,irHepatitis,
CCL5-CCR1,Hepatocyte 3,Hepatocyte 1,8.46577290536124e-07,3.57336912188407e-07,3.50648378924525e-06,9.80554777524879e-07,all4,2,2,2,2,6.01957101362265e-07,2.24351928338507e-06,3.57336912188407e-07,8.46577290536124e-07,9.80554777524879e-07,3.50648378924525e-06,-1.81989362821246,TRUE,FALSE,TRUE,TRUE,AIH,
HLA-B-CD8A,CD4+ T cell,Sinusoidal endothelial cell,6.5785895040854e-06,1.656683342351e-06,1.63661591794248e-05,1.29417240533638e-05,all4,2,2,2,2,4.1176364232182e-06,1.46539416163943e-05,1.656683342351e-06,6.5785895040854e-06,1.29417240533638e-05,1.63661591794248e-05,-1.81971059831312,TRUE,FALSE,TRUE,TRUE,AIH,
VEGFA-FLT1,Stellate cell,Hepatocyte 4,1.36216542709024e-05,7.40744191732271e-06,3.0345256690898e-06,2.8567060428627e-06,all4,2,2,2,2,1.05145480941125e-05,2.94561585597625e-06,7.40744191732271e-06,1.36216542709024e-05,2.8567060428627e-06,3.0345256690898e-06,1.81943205446477,TRUE,TRUE,FALSE,TRUE,irHepatitis,
IL15-IL15RA_IL2RB_IL2RG,IgM+ B cell,CD8+ T cell 2,8.11221723042918e-08,7.09758496813142e-07,1.39021256019238e-06,1.6364651440506e-06,all4,2,2,2,2,3.95440334558717e-07,1.51333885212149e-06,8.11221723042918e-08,7.09758496813142e-07,1.39021256019238e-06,1.6364651440506e-06,-1.8189115770643,TRUE,FALSE,TRUE,TRUE,AIH,
CCL15-CCR1,Macrophage 1,CD8+ T cell 1,7.44024876350235e-06,1.06658339429226e-05,2.49786291437716e-06,2.56722126255414e-06,all4,2,2,2,2,9.05304135321247e-06,2.53254208846565e-06,7.44024876350235e-06,1.06658339429226e-05,2.49786291437716e-06,2.56722126255414e-06,1.8188622125901,TRUE,TRUE,FALSE,TRUE,irHepatitis,
CSF1-CSF1R,Cholangiocyte,Hepatocyte 3,1.69835146118719e-06,3.09580420615597e-08,3.33359300216686e-06,3.00021869656363e-06,all4,2,2,2,2,8.64654751624374e-07,3.16690584936524e-06,3.09580420615597e-08,1.69835146118719e-06,3.00021869656363e-06,3.33359300216686e-06,-1.81806268924019,TRUE,FALSE,TRUE,TRUE,AIH,
CCL14-CCR1,CD8+ T cell 2,Macrophage 2,4.97425190689096e-05,2.55396862156023e-05,6.34428261722081e-06,1.49425246705056e-05,all4,2,2,2,2,3.76411026422559e-05,1.06434036438632e-05,2.55396862156023e-05,4.97425190689096e-05,6.34428261722081e-06,1.49425246705056e-05,1.81781794976981,TRUE,TRUE,FALSE,TRUE,irHepatitis,
VEGFA-FLT1,Macrophage 1,CD8+ T cell 3,1.65511040800864e-05,2.98414494196074e-05,7.90840152261317e-06,5.19720232614716e-06,all4,2,2,2,2,2.31962767498469e-05,6.55280192438017e-06,1.65511040800864e-05,2.98414494196074e-05,5.19720232614716e-06,7.90840152261317e-06,1.81635949499824,TRUE,TRUE,FALSE,TRUE,irHepatitis,
FN1-SDC1,Hepatocyte 2,Stellate cell,0.000120940022679929,0.000126448194755536,2.22494469413966e-05,4.79481402249251e-05,all4,2,2,2,2,0.000123694108717733,3.50987935831609e-05,0.000120940022679929,0.000126448194755536,2.22494469413966e-05,4.79481402249251e-05,1.815908563368,TRUE,TRUE,FALSE,TRUE,irHepatitis,
FN1-SDC1,Vascular endothelial cell,Cholangiocyte,0.000221827102740672,0.000396604865866198,9.92582019503536e-05,7.65834861477483e-05,all4,2,2,2,2,0.000309215984303435,8.79208440490509e-05,0.000221827102740672,0.000396604865866198,7.65834861477483e-05,9.92582019503536e-05,1.81378905625826,TRUE,TRUE,FALSE,TRUE,irHepatitis,
CSF1-CSF1R,Stellate cell,Hepatocyte 1,3.4405669703292e-05,1.81260074267359e-05,4.79380865985458e-06,1.00992222020589e-05,all4,2,2,2,2,2.6265838565014e-05,7.44651543095676e-06,1.81260074267359e-05,3.4405669703292e-05,4.79380865985458e-06,1.00992222020589e-05,1.81208806411526,TRUE,TRUE,FALSE,TRUE,irHepatitis,
CCL14-CCR1,CD4+ T cell,Cholangiocyte,1.51647465907805e-05,1.11499766386007e-05,2.96281788939999e-06,4.46616469719878e-06,all4,2,2,2,2,1.31573616146906e-05,3.71449129329938e-06,1.11499766386007e-05,1.51647465907805e-05,2.96281788939999e-06,4.46616469719878e-06,1.81170914409013,TRUE,TRUE,FALSE,TRUE,irHepatitis,
FN1-CD44,IgM+ B cell,CD4+ T cell,0.00016753453356242,9.15578175408458e-05,3.97646203188619e-05,3.40784030683138e-05,all4,2,2,2,2,0.000129546175551633,3.69215116935878e-05,9.15578175408458e-05,0.00016753453356242,3.40784030683138e-05,3.97646203188619e-05,1.80962812328645,TRUE,TRUE,FALSE,TRUE,irHepatitis,
FN1-SDC1,Vascular endothelial cell,IgG+ plasmablast / plasma cell,0.000227589768864777,0.000452041345514603,8.63003588873233e-05,0.000107539596014745,all4,2,2,2,2,0.00033981555718969,9.6919977451034e-05,0.000227589768864777,0.000452041345514603,8.63003588873233e-05,0.000107539596014745,1.80938877054661,TRUE,TRUE,FALSE,TRUE,irHepatitis,
CSF1-CSF1R,Stellate cell,Macrophage 2,0.000167674058571879,0.000273205086588391,5.89936090193626e-05,6.67785670136134e-05,all4,2,2,2,2,0.000220439572580135,6.2886088016488e-05,0.000167674058571879,0.000273205086588391,5.89936090193626e-05,6.67785670136134e-05,1.80880441429225,TRUE,TRUE,FALSE,TRUE,irHepatitis,
CCL16-CCR1,Macrophage 1,CD8+ T cell 3,1.97222215715981e-05,3.07035333561366e-05,7.59852200724405e-06,6.73078618930402e-06,all4,2,2,2,2,2.52128774638673e-05,7.16465409827404e-06,1.97222215715981e-05,3.07035333561366e-05,6.73078618930402e-06,7.59852200724405e-06,1.80848266230856,TRUE,TRUE,FALSE,TRUE,irHepatitis,
CCL5-CCR1,CD8+ T cell 3,Stellate cell,4.19651720383101e-05,5.64970296509796e-05,1.27112494210056e-05,1.53356496305506e-05,all4,2,2,2,2,4.92311008446448e-05,1.40234495257781e-05,4.19651720383101e-05,5.64970296509796e-05,1.27112494210056e-05,1.53356496305506e-05,1.80829726361646,TRUE,TRUE,FALSE,TRUE,irHepatitis,
FN1-SDC1,Stellate cell,CD8+ T cell 2,0.000103105628044581,0.00012463866410861,2.52822092459331e-05,3.97210434573966e-05,all4,2,2,2,2,0.000113872146076596,3.25016263516649e-05,0.000103105628044581,0.00012463866410861,2.52822092459331e-05,3.97210434573966e-05,1.80734989690622,TRUE,TRUE,FALSE,TRUE,irHepatitis,
FN1-SDC1,IgM+ B cell,CD8+ T cell 2,2.70153611256154e-05,3.36543680921328e-05,8.23492483076604e-06,9.04063540990868e-06,all4,2,2,2,2,3.03348646088741e-05,8.63778012033736e-06,2.70153611256154e-05,3.36543680921328e-05,8.23492483076604e-06,9.04063540990868e-06,1.80667999998611,TRUE,TRUE,FALSE,TRUE,irHepatitis,
CCL16-CCR1,CD8+ T cell 2,CD8+ T cell 1,0.000181811052566697,8.40239753211399e-05,4.50361109958571e-05,3.09334911348295e-05,all4,2,2,2,2,0.000132917513943918,3.79848010653433e-05,8.40239753211399e-05,0.000181811052566697,3.09334911348295e-05,4.50361109958571e-05,1.80577013300829,TRUE,TRUE,FALSE,TRUE,irHepatitis,
CCL14-CCR1,IgM+ B cell,Macrophage 1,3.0421046328696e-05,4.47963025171567e-05,9.3287791617289e-06,1.21504778102204e-05,all4,2,2,2,2,3.76086744229263e-05,1.07396284859747e-05,3.0421046328696e-05,4.47963025171567e-05,9.3287791617289e-06,1.21504778102204e-05,1.80364807299234,TRUE,TRUE,FALSE,TRUE,irHepatitis,
MHC-I,Cholangiocyte,IgG+ B cell,0.00012563687531914,0.000118521020086292,4.09431605690615e-05,2.89417028191119e-05,all4,2,2,2,2,0.000122078947702716,3.49424316940867e-05,0.000118521020086292,0.00012563687531914,2.89417028191119e-05,4.09431605690615e-05,1.8033862617164,TRUE,TRUE,FALSE,TRUE,irHepatitis,
CSF1-CSF1R,Macrophage 1,Macrophage 1,0.000165804404802378,0.000178690221650459,5.23562663333469e-05,4.63095088191798e-05,all4,2,2,2,2,0.000172247313226418,4.93328875762634e-05,0.000165804404802378,0.000178690221650459,4.63095088191798e-05,5.23562663333469e-05,1.80288504129921,TRUE,TRUE,FALSE,TRUE,irHepatitis,
VEGFA-FLT1,CD8+ T cell 2,IgM+ B cell,1.41090035743469e-05,2.24370579458501e-05,3.31128846234097e-06,7.1113677782446e-06,all4,2,2,2,2,1.82730307600985e-05,5.21132812029278e-06,1.41090035743469e-05,2.24370579458501e-05,3.31128846234097e-06,7.1113677782446e-06,1.8007966623921,TRUE,TRUE,FALSE,TRUE,irHepatitis,
CSF1-CSF1R,CD4+ T cell,IgG+ plasmablast / plasma cell,8.35160556031768e-05,3.51983490555137e-05,1.57061636655802e-05,1.8319311388687e-05,all4,2,2,2,2,5.93572023293453e-05,1.70127375271336e-05,3.51983490555137e-05,8.35160556031768e-05,1.57061636655802e-05,1.8319311388687e-05,1.79998520021062,TRUE,TRUE,FALSE,TRUE,irHepatitis,
MHC-I,Vascular endothelial cell,Hepatocyte 3,3.07248015781108e-06,2.60503776776785e-06,1.17384576364233e-05,8.2311258515961e-06,all4,2,2,2,2,2.83875896278947e-06,9.98479174400967e-06,2.60503776776785e-06,3.07248015781108e-06,8.2311258515961e-06,1.17384576364233e-05,-1.79764910264547,TRUE,FALSE,TRUE,TRUE,AIH,
HLA-B-CD8A,IgM+ B cell,Macrophage 2,8.35186798671789e-05,5.70688491681215e-05,2.23777104759011e-05,1.80222596318835e-05,all4,2,2,2,2,7.02937645176502e-05,2.01999850538923e-05,5.70688491681215e-05,8.35186798671789e-05,1.80222596318835e-05,2.23777104759011e-05,1.79666710142666,TRUE,TRUE,FALSE,TRUE,irHepatitis,
CSF1-CSF1R,CD8+ T cell 2,Macrophage 2,0.000156096244962294,0.000100678064724927,3.2020944332139e-05,4.18785194075396e-05,all4,2,2,2,2,0.00012838715484361,3.69497318698393e-05,0.000100678064724927,0.000156096244962294,3.2020944332139e-05,4.18785194075396e-05,1.79556638425885,TRUE,TRUE,FALSE,TRUE,irHepatitis,
VEGFA-FLT1,Vascular endothelial cell,Cholangiocyte,1.32611231209798e-05,8.13731419035054e-06,2.86431600595256e-06,3.23489919683427e-06,all4,2,2,2,2,1.06992186556652e-05,3.04960760139341e-06,8.13731419035054e-06,1.32611231209798e-05,2.86431600595256e-06,3.23489919683427e-06,1.79515476173855,TRUE,TRUE,FALSE,TRUE,irHepatitis,
HLA-B-CD8A,IgM+ B cell,Macrophage 1,6.69102376329493e-05,3.83177081942055e-05,1.82494023009299e-05,1.20193989317256e-05,all4,2,2,2,2,5.26139729135774e-05,1.51344006163277e-05,3.83177081942055e-05,6.69102376329493e-05,1.20193989317256e-05,1.82494023009299e-05,1.79444684512569,TRUE,TRUE,FALSE,TRUE,irHepatitis,
CSF1-CSF1R,IgG+ B cell,Macrophage 2,2.35491093979417e-05,6.28419438326957e-05,1.13809278732911e-05,1.34603166840134e-05,all4,2,2,2,2,4.31955266153187e-05,1.24206222786523e-05,2.35491093979417e-05,6.28419438326957e-05,1.13809278732911e-05,1.34603166840134e-05,1.79428585877124,TRUE,TRUE,FALSE,TRUE,irHepatitis,
VEGFA-FLT1,Hepatocyte 1,Vascular endothelial cell,0.000284713103376655,0.000273255903560211,7.02972370418566e-05,9.05131869422485e-05,all4,2,2,2,2,0.000278984503468433,8.04052119920525e-05,0.000273255903560211,0.000284713103376655,7.02972370418566e-05,9.05131869422485e-05,1.79422733777651,TRUE,TRUE,FALSE,TRUE,irHepatitis,
CSF1-CSF1R,Cholangiocyte,Macrophage 2,0.000305659632756738,0.000280317494136205,0.000102768625942434,6.64418957746436e-05,all4,2,2,2,2,0.000292988563446472,8.46052608585389e-05,0.000280317494136205,0.000305659632756738,6.64418957746436e-05,0.000102768625942434,1.79145840718229,TRUE,TRUE,FALSE,TRUE,irHepatitis,
HLA-B-CD8A,CD4+ T cell,Hepatocyte 3,1.49903662350025e-06,4.45723864460015e-06,1.34898960956563e-05,7.34357949347421e-06,all4,2,2,2,2,2.9781376340502e-06,1.04167377945653e-05,1.49903662350025e-06,4.45723864460015e-06,7.34357949347421e-06,1.34898960956563e-05,-1.79041367194663,TRUE,FALSE,TRUE,TRUE,AIH,
CCL16-CCR1,Macrophage 1,Macrophage 1,6.21967004101053e-05,7.35673953627033e-05,1.55293027368922e-05,2.3660905663389e-05,all4,2,2,2,2,6.78820478864043e-05,1.95951042001406e-05,6.21967004101053e-05,7.35673953627033e-05,1.55293027368922e-05,2.3660905663389e-05,1.790092704992,TRUE,TRUE,FALSE,TRUE,irHepatitis,
FN1-SDC1,IgG+ B cell,Vascular endothelial cell,2.28672473160721e-05,1.30736949742007e-05,4.62366299596903e-06,5.7069453669732e-06,all4,2,2,2,2,1.79704711451364e-05,5.16530418147111e-06,1.30736949742007e-05,2.28672473160721e-05,4.62366299596903e-06,5.7069453669732e-06,1.7894544467221,TRUE,TRUE,FALSE,TRUE,irHepatitis,
MHC-I,CD8+ T cell 3,CD8+ T cell 1,0.000449687437778633,0.000639822990137518,0.000162704254846643,0.000152439444791222,all4,2,2,2,2,0.000544755213958075,0.000157571849818932,0.000449687437778633,0.000639822990137518,0.000152439444791222,0.000162704254846643,1.78929417710698,TRUE,TRUE,FALSE,TRUE,irHepatitis,
FN1-SDC1,CD8+ T cell 2,Macrophage 2,7.36411054293553e-05,5.58851885177273e-05,1.095581038675e-05,2.64548739207029e-05,all4,2,2,2,2,6.47631469735413e-05,1.87053421537264e-05,5.58851885177273e-05,7.36411054293553e-05,1.095581038675e-05,2.64548739207029e-05,1.78916310853165,TRUE,TRUE,FALSE,TRUE,irHepatitis,
FN1-SDC1,CD8+ T cell 1,CD8+ T cell 1,3.33908416078904e-05,5.58835858379897e-05,9.15665275411104e-06,1.66754030556153e-05,all4,2,2,2,2,4.46372137229401e-05,1.29160279048632e-05,3.33908416078904e-05,5.58835858379897e-05,9.15665275411104e-06,1.66754030556153e-05,1.78538301763716,TRUE,TRUE,FALSE,TRUE,irHepatitis,
FN1-CD44,Vascular endothelial cell,CD8+ T cell 2,1.65418359826391e-05,1.03124249283795e-05,5.06862443614401e-06,2.65706109623584e-06,all4,2,2,2,2,1.34271304555093e-05,3.86284276618992e-06,1.03124249283795e-05,1.65418359826391e-05,2.65706109623584e-06,5.06862443614401e-06,1.78507771082181,TRUE,TRUE,FALSE,TRUE,irHepatitis,
MHC-I,Hepatocyte 4,Hepatocyte 3,8.84311199119909e-06,2.39226630066628e-05,8.81234061998338e-05,2.46728448659632e-05,all4,2,2,2,2,1.6382887498931e-05,5.63981255328985e-05,8.84311199119909e-06,2.39226630066628e-05,2.46728448659632e-05,8.81234061998338e-05,-1.7805425660443,TRUE,FALSE,TRUE,TRUE,AIH,
CCL15-CCR1,CD8+ T cell 2,CD8+ T cell 1,5.75268305360194e-05,7.96419184122171e-05,2.45233094175639e-05,1.53393699838618e-05,all4,2,2,2,2,6.85843744741183e-05,1.99313397007129e-05,5.75268305360194e-05,7.96419184122171e-05,1.53393699838618e-05,2.45233094175639e-05,1.78044485153079,TRUE,TRUE,FALSE,TRUE,irHepatitis,
HLA-B-CD8A,Hepatocyte 1,Hepatocyte 1,1.97268680428591e-05,1.92722311430605e-05,0.000109788614217694,2.43899692281643e-05,all4,2,2,2,2,1.94995495929598e-05,6.7089291722929e-05,1.92722311430605e-05,1.97268680428591e-05,2.43899692281643e-05,0.000109788614217694,-1.78019247969352,TRUE,FALSE,TRUE,TRUE,AIH,
CCL5-CCR1,Macrophage 2,Vascular endothelial cell,1.0022934414257e-05,3.35163926717625e-06,2.06899845537128e-06,1.76217356216313e-06,all4,2,2,2,2,6.68728684071661e-06,1.91558600876721e-06,3.35163926717625e-06,1.0022934414257e-05,1.76217356216313e-06,2.06899845537128e-06,1.77890459511659,TRUE,TRUE,FALSE,TRUE,irHepatitis,
FN1-CD44,Macrophage 2,IgG+ plasmablast / plasma cell,2.41160517408857e-05,3.59844375154517e-05,8.67806600907661e-06,8.77258583039167e-06,all4,2,2,2,2,3.00502446281687e-05,8.72532591973414e-06,2.41160517408857e-05,3.59844375154517e-05,8.67806600907661e-06,8.77258583039167e-06,1.77863036405944,TRUE,TRUE,FALSE,TRUE,irHepatitis,
CCL15-CCR1,IgM+ B cell,Hepatocyte 3,0,0,2.26529180378418e-07,2.72522003444213e-10,all4,2,2,2,2,0,1.13400851190931e-07,0,0,2.72522003444213e-10,2.26529180378418e-07,-1.7766060989967,TRUE,FALSE,TRUE,TRUE,AIH,
CCL15-CCR1,Hepatocyte 4,Hepatocyte 4,0.000160114031012628,0.000108384723058026,6.0809077640039e-05,1.75156063679357e-05,all4,2,2,2,2,0.000134249377035327,3.91623420039874e-05,0.000108384723058026,0.000160114031012628,1.75156063679357e-05,6.0809077640039e-05,1.77615781557423,TRUE,TRUE,FALSE,TRUE,irHepatitis,
CCL5-CCR1,CD4+ T cell,IgM+ B cell,0.00016213046842899,8.05766890389931e-05,2.58694967453652e-05,4.50593857726137e-05,all4,2,2,2,2,0.000121353578733991,3.54644412589894e-05,8.05766890389931e-05,0.00016213046842899,2.58694967453652e-05,4.50593857726137e-05,1.77342694525639,TRUE,TRUE,FALSE,TRUE,irHepatitis,
CCL14-CCR1,Macrophage 2,Macrophage 2,3.54460441543064e-05,4.12837247825679e-05,7.5626727711128e-06,1.48329543319556e-05,all4,2,2,2,2,3.83648844684372e-05,1.11978135515342e-05,3.54460441543064e-05,4.12837247825679e-05,7.5626727711128e-06,1.48329543319556e-05,1.77231657267808,TRUE,TRUE,FALSE,TRUE,irHepatitis,
CSF1-CSF1R,Cholangiocyte,IgG+ plasmablast / plasma cell,0.000102212500648635,0.000125879420873378,3.16847161980437e-05,3.50222165308108e-05,all4,2,2,2,2,0.000114045960761007,3.33534663644273e-05,0.000102212500648635,0.000125879420873378,3.16847161980437e-05,3.50222165308108e-05,1.77227756669026,TRUE,TRUE,FALSE,TRUE,irHepatitis,
CCL5-CCR1,Sinusoidal endothelial cell,Hepatocyte 3,7.43286619242547e-07,8.68131361702738e-08,1.94578006748742e-06,1.11030549772571e-06,all4,2,2,2,2,4.15049877706411e-07,1.52804278260657e-06,8.68131361702738e-08,7.43286619242547e-07,1.11030549772571e-06,1.94578006748742e-06,-1.76984381941752,TRUE,FALSE,TRUE,TRUE,AIH,
VEGFA-FLT1,CD8+ T cell 1,Hepatocyte 2,3.33952960632101e-06,6.56425161754251e-06,1.73806987090947e-06,1.10288900680908e-06,all4,2,2,2,2,4.95189061193176e-06,1.42047943885927e-06,3.33952960632101e-06,6.56425161754251e-06,1.10288900680908e-06,1.73806987090947e-06,1.76844808148764,TRUE,TRUE,FALSE,TRUE,irHepatitis,
FN1-CD44,IgM+ B cell,CD8+ T cell 1,3.34952678837597e-05,3.47027259684478e-05,1.33148349939981e-05,6.64533223835803e-06,all4,2,2,2,2,3.40989969261037e-05,9.98008361617809e-06,3.34952678837597e-05,3.47027259684478e-05,6.64533223835803e-06,1.33148349939981e-05,1.76784079502851,TRUE,TRUE,FALSE,TRUE,irHepatitis,
MHC-I,CD8+ T cell 1,IgG+ plasmablast / plasma cell,8.61795395707201e-05,0.000133541538684658,3.84225628051293e-05,2.60661877546758e-05,all4,2,2,2,2,0.000109860539127689,3.22443752799025e-05,8.61795395707201e-05,0.000133541538684658,2.60661877546758e-05,3.84225628051293e-05,1.76707775544358,TRUE,TRUE,FALSE,TRUE,irHepatitis,
HLA-B-CD8A,Vascular endothelial cell,Cholangiocyte,0.000120046599718964,8.11609642987787e-05,3.29110537110987e-05,2.61986183324707e-05,all4,2,2,2,2,0.000100603782008871,2.95548360217847e-05,8.11609642987787e-05,0.000120046599718964,2.61986183324707e-05,3.29110537110987e-05,1.76560875197433,TRUE,TRUE,FALSE,TRUE,irHepatitis,
FN1-CD44,IgG+ B cell,CD8+ T cell 1,1.73108225990026e-05,2.37581595537051e-05,8.16234030058904e-06,3.85132534602822e-06,all4,2,2,2,2,2.05344910763538e-05,6.00683282330863e-06,1.73108225990026e-05,2.37581595537051e-05,3.85132534602822e-06,8.16234030058904e-06,1.76547045831336,TRUE,TRUE,FALSE,TRUE,irHepatitis,
HLA-B-CD8A,Hepatocyte 1,IgG+ B cell,1.50619762207033e-05,3.46468227592914e-05,9.38865378063717e-06,5.17084513745967e-06,all4,2,2,2,2,2.48543994899973e-05,7.27974945904842e-06,1.50619762207033e-05,3.46468227592914e-05,5.17084513745967e-06,9.38865378063717e-06,1.76501773529625,TRUE,TRUE,FALSE,TRUE,irHepatitis,
CCL15-CCR1,Hepatocyte 3,CD8+ T cell 1,1.94864026888348e-05,2.05461327806629e-05,5.36248323164191e-06,6.3538687799632e-06,all4,2,2,2,2,2.00162677347489e-05,5.85817600580255e-06,1.94864026888348e-05,2.05461327806629e-05,5.36248323164191e-06,6.3538687799632e-06,1.76454941516183,TRUE,TRUE,FALSE,TRUE,irHepatitis,
MHC-I,Stellate cell,CD8+ T cell 3,0.000192013896272134,0.000431754343086169,8.45236866743133e-05,9.90871491517962e-05,all4,2,2,2,2,0.000311884119679152,9.18054179130547e-05,0.000192013896272134,0.000431754343086169,8.45236866743133e-05,9.90871491517962e-05,1.76384076383612,TRUE,TRUE,FALSE,TRUE,irHepatitis,
CCL14-CCR1,Macrophage 2,CD8+ T cell 3,2.71090429281789e-05,2.14047304267926e-05,5.519621618448e-06,8.70530892480146e-06,all4,2,2,2,2,2.42568866774857e-05,7.11246527162473e-06,2.14047304267926e-05,2.71090429281789e-05,5.519621618448e-06,8.70530892480146e-06,1.76330022658313,TRUE,TRUE,FALSE,TRUE,irHepatitis,
FN1-SDC1,Hepatocyte 3,Stellate cell,6.57481771090004e-05,6.55845322651175e-05,7.78201710082738e-06,3.08822961387083e-05,all4,2,2,2,2,6.56663546870589e-05,1.93321566197679e-05,6.55845322651175e-05,6.57481771090004e-05,7.78201710082738e-06,3.08822961387083e-05,1.76169444227053,TRUE,TRUE,FALSE,TRUE,irHepatitis,
CCL5-CCR1,Hepatocyte 2,Hepatocyte 2,1.02217968956356e-06,8.70334435254113e-07,5.42758428053543e-06,1.20536585456897e-06,all4,2,2,2,2,9.46257062408835e-07,3.3164750675522e-06,8.70334435254113e-07,1.02217968956356e-06,1.20536585456897e-06,5.42758428053543e-06,-1.75997941864339,TRUE,FALSE,TRUE,TRUE,AIH,
CSF1-CSF1R,Hepatocyte 3,Hepatocyte 3,2.94274285208018e-06,2.22120721048442e-06,1.11530393792607e-05,6.54771538832509e-06,all4,2,2,2,2,2.5819750312823e-06,8.85037738379291e-06,2.22120721048442e-06,2.94274285208018e-06,6.54771538832509e-06,1.11530393792607e-05,-1.75898013336657,TRUE,FALSE,TRUE,TRUE,AIH,
IL15-IL15RA_IL2RB_IL2RG,CD8+ T cell 2,Hepatocyte 2,0,0,7.3507211369228e-08,1.49390153924913e-07,all4,2,2,2,2,0,1.1144868264707e-07,0,0,7.3507211369228e-08,1.49390153924913e-07,-1.75891113627627,TRUE,FALSE,TRUE,TRUE,AIH,
CCL14-CCR1,IgG+ B cell,Macrophage 1,1.4891931876999e-05,1.94439547420964e-05,5.83528072459616e-06,4.25033688973442e-06,all4,2,2,2,2,1.71679433095477e-05,5.04280880716529e-06,1.4891931876999e-05,1.94439547420964e-05,4.25033688973442e-06,5.83528072459616e-06,1.75802991809803,TRUE,TRUE,FALSE,TRUE,irHepatitis,
VEGFA-FLT1,Vascular endothelial cell,CD8+ T cell 1,2.16996024155097e-05,1.28742852866702e-05,6.4157969736915e-06,3.74568472087913e-06,all4,2,2,2,2,1.72869438510899e-05,5.08074084728531e-06,1.28742852866702e-05,2.16996024155097e-05,3.74568472087913e-06,6.4157969736915e-06,1.75725614261617,TRUE,TRUE,FALSE,TRUE,irHepatitis,
CCL15-CCR1,Hepatocyte 2,Vascular endothelial cell,1.03717908699131e-05,4.64879825691285e-06,2.73952979354864e-06,1.63971214701853e-06,all4,2,2,2,2,7.51029456341296e-06,2.18962097028358e-06,4.64879825691285e-06,1.03717908699131e-05,1.63971214701853e-06,2.73952979354864e-06,1.75666703209056,TRUE,TRUE,FALSE,TRUE,irHepatitis,
FN1-SDC1,Hepatocyte 4,Stellate cell,0.000135418556543379,0.000104524735348215,2.30949626295664e-05,4.79326284213259e-05,all4,2,2,2,2,0.000119971645945797,3.55137955254462e-05,0.000104524735348215,0.000135418556543379,2.30949626295664e-05,4.79326284213259e-05,1.75490647003339,TRUE,TRUE,FALSE,TRUE,irHepatitis,
MHC-I,Macrophage 2,IgM+ B cell,0.000121358469565485,0.000130346696913932,3.97799047795228e-05,3.48114104730501e-05,all4,2,2,2,2,0.000125852583239708,3.72956576262864e-05,0.000121358469565485,0.000130346696913932,3.48114104730501e-05,3.97799047795228e-05,1.75338405487581,TRUE,TRUE,FALSE,TRUE,irHepatitis,
CSF1-CSF1R,Macrophage 2,CD8+ T cell 1,2.13068549589173e-05,1.32361973596013e-05,5.41381491623788e-06,4.77482495153687e-06,all4,2,2,2,2,1.72715261592593e-05,5.09431993388738e-06,1.32361973596013e-05,2.13068549589173e-05,4.77482495153687e-06,5.41381491623788e-06,1.75215671300399,TRUE,TRUE,FALSE,TRUE,irHepatitis,
FN1-CD44,IgM+ B cell,Sinusoidal endothelial cell,1.68114119457688e-07,1.24693977409884e-06,3.26057042016421e-06,1.71690397740195e-06,all4,2,2,2,2,7.07526946778266e-07,2.48873719878308e-06,1.68114119457688e-07,1.24693977409884e-06,1.71690397740195e-06,3.26057042016421e-06,-1.74910984253605,TRUE,FALSE,TRUE,TRUE,AIH,
VEGFA-FLT1,Macrophage 1,Stellate cell,1.47253577531541e-05,2.24686428484103e-05,6.5302954403694e-06,4.47526276703652e-06,all4,2,2,2,2,1.85970003007822e-05,5.50277910370296e-06,1.47253577531541e-05,2.24686428484103e-05,4.47526276703652e-06,6.5302954403694e-06,1.74825661034161,TRUE,TRUE,FALSE,TRUE,irHepatitis,
CCL15-CCR1,Hepatocyte 3,CD8+ T cell 2,1.59726989986664e-05,1.27473397944514e-05,4.64573204120993e-06,3.85616855113753e-06,all4,2,2,2,2,1.43600193965589e-05,4.25095029617373e-06,1.27473397944514e-05,1.59726989986664e-05,3.85616855113753e-06,4.64573204120993e-06,1.7451123697929,TRUE,TRUE,FALSE,TRUE,irHepatitis,
CCL5-CCR1,IgM+ B cell,Macrophage 2,5.19812218107068e-05,2.70081906085932e-05,1.34746171619262e-05,1.00463373587101e-05,all4,2,2,2,2,3.949470620965e-05,1.17604772603181e-05,2.70081906085932e-05,5.19812218107068e-05,1.00463373587101e-05,1.34746171619262e-05,1.74369662716865,TRUE,TRUE,FALSE,TRUE,irHepatitis,
CCL5-CCR1,CD8+ T cell 2,Stellate cell,3.59356153024993e-05,4.20259365523161e-05,8.95769502841115e-06,1.42677003294552e-05,all4,2,2,2,2,3.89807759274077e-05,1.16126976789332e-05,3.59356153024993e-05,4.20259365523161e-05,8.95769502841115e-06,1.42677003294552e-05,1.74299340611004,TRUE,TRUE,FALSE,TRUE,irHepatitis,
CCL16-CCR1,IgG+ plasmablast / plasma cell,Hepatocyte 4,3.02689444118559e-07,0,6.88628534036002e-07,5.43767084043226e-07,all4,2,2,2,2,1.5134472205928e-07,6.16197809039614e-07,0,3.02689444118559e-07,5.43767084043226e-07,6.88628534036002e-07,-1.74275460579759,TRUE,FALSE,TRUE,TRUE,AIH,
FN1-CD44,CD8+ T cell 2,CD8+ T cell 2,0.000317480295117566,0.00044996648709881,0.000126599175525316,0.000103110668152591,all4,2,2,2,2,0.000383723391108188,0.000114854921838953,0.000317480295117566,0.00044996648709881,0.000103110668152591,0.000126599175525316,1.73984276440529,TRUE,TRUE,FALSE,TRUE,irHepatitis,
CCL14-CCR1,Hepatocyte 2,CD8+ T cell 3,7.35843843594621e-05,4.11040741391923e-05,1.95673451076224e-05,1.47228904160713e-05,all4,2,2,2,2,5.73442292493272e-05,1.71451177618469e-05,4.11040741391923e-05,7.35843843594621e-05,1.47228904160713e-05,1.95673451076224e-05,1.73909827276429,TRUE,TRUE,FALSE,TRUE,irHepatitis,
MHC-I,IgM+ B cell,Hepatocyte 4,3.52710622616822e-06,2.53570600330528e-07,8.20353981717184e-06,4.63423183993552e-06,all4,2,2,2,2,1.89033841324937e-06,6.41888582855368e-06,2.53570600330528e-07,3.52710622616822e-06,4.63423183993552e-06,8.20353981717184e-06,-1.73890752956004,TRUE,FALSE,TRUE,TRUE,AIH,
HLA-B-CD8A,Vascular endothelial cell,Macrophage 1,6.28623324499713e-05,2.93332167818518e-05,1.59407913418066e-05,1.16322684805674e-05,all4,2,2,2,2,4.60977746159116e-05,1.3786529911187e-05,2.93332167818518e-05,6.28623324499713e-05,1.16322684805674e-05,1.59407913418066e-05,1.73801691890095,TRUE,TRUE,FALSE,TRUE,irHepatitis,
FN1-SDC1,Hepatocyte 4,Macrophage 2,8.29323506275831e-05,7.08337633044392e-05,1.53379986395911e-05,3.07337097051104e-05,all4,2,2,2,2,7.68830569660112e-05,2.30358541723507e-05,7.08337633044392e-05,8.29323506275831e-05,1.53379986395911e-05,3.07337097051104e-05,1.7367371169161,TRUE,TRUE,FALSE,TRUE,irHepatitis,
FN1-SDC1,Vascular endothelial cell,CD8+ T cell 1,3.24304675148028e-05,2.97556014508831e-05,9.06204828082857e-06,9.54072319348364e-06,all4,2,2,2,2,3.1093034482843e-05,9.3013857371561e-06,2.97556014508831e-05,3.24304675148028e-05,9.06204828082857e-06,9.54072319348364e-06,1.73600942408455,TRUE,TRUE,FALSE,TRUE,irHepatitis,
HLA-B-CD8A,Vascular endothelial cell,IgM+ B cell,0.000158184937781755,0.000118674763296091,4.39578823764214e-05,3.91202892639289e-05,all4,2,2,2,2,0.000138429850538923,4.15390858201751e-05,0.000118674763296091,0.000158184937781755,3.91202892639289e-05,4.39578823764214e-05,1.73547831633266,TRUE,TRUE,FALSE,TRUE,irHepatitis,
MHC-I,IgG+ plasmablast / plasma cell,CD8+ T cell 1,0.00029757108495578,0.000454631686137351,0.000121541808859085,0.000104361583825451,all4,2,2,2,2,0.000376101385546565,0.000112951696342268,0.00029757108495578,0.000454631686137351,0.000104361583825451,0.000121541808859085,1.73499808976547,TRUE,TRUE,FALSE,TRUE,irHepatitis,
MHC-I,Stellate cell,Cholangiocyte,7.36046657703337e-05,9.27060586339534e-05,2.65363418067297e-05,2.33838702467861e-05,all4,2,2,2,2,8.31553622021435e-05,2.49601060267579e-05,7.36046657703337e-05,9.27060586339534e-05,2.33838702467861e-05,2.65363418067297e-05,1.73429685989567,TRUE,TRUE,FALSE,TRUE,irHepatitis,
IL15-IL15RA_IL2RB_IL2RG,Cholangiocyte,CD4+ T cell,2.23270090807591e-05,7.72691755118202e-06,4.56541906641876e-06,4.4163860506095e-06,all4,2,2,2,2,1.50269633159706e-05,4.49090255851413e-06,7.72691755118202e-06,2.23270090807591e-05,4.4163860506095e-06,4.56541906641876e-06,1.73201897136826,TRUE,TRUE,FALSE,TRUE,irHepatitis,
MHC-I,Hepatocyte 3,Hepatocyte 1,7.67591259426524e-06,9.49172208638962e-06,4.31463024203314e-05,1.39687913996634e-05,all4,2,2,2,2,8.58381734032743e-06,2.85575469099974e-05,7.67591259426524e-06,9.49172208638962e-06,1.39687913996634e-05,4.31463024203314e-05,-1.72870571580636,TRUE,FALSE,TRUE,TRUE,AIH,
IL15-IL15RA_IL2RB_IL2RG,Cholangiocyte,CD8+ T cell 2,3.67266650009104e-06,1.31354582616334e-05,1.79635020033501e-06,3.21522013099129e-06,all4,2,2,2,2,8.4040623808622e-06,2.50578516566315e-06,3.67266650009104e-06,1.31354582616334e-05,1.79635020033501e-06,3.21522013099129e-06,1.72716304119568,TRUE,TRUE,FALSE,TRUE,irHepatitis,
VEGFA-FLT1,CD8+ T cell 1,Macrophage 2,5.48316507407343e-06,6.17204572930276e-06,1.5150439492131e-06,1.9407374943983e-06,all4,2,2,2,2,5.82760540168809e-06,1.7278907218057e-06,5.48316507407343e-06,6.17204572930276e-06,1.5150439492131e-06,1.9407374943983e-06,1.72690910050874,TRUE,TRUE,FALSE,TRUE,irHepatitis,
FN1-CD44,Macrophage 1,IgM+ B cell,2.25534497803642e-05,2.66986981316147e-05,7.33642905300315e-06,7.48960232332064e-06,all4,2,2,2,2,2.46260739559894e-05,7.4130156881619e-06,2.25534497803642e-05,2.66986981316147e-05,7.33642905300315e-06,7.48960232332064e-06,1.72572194365937,TRUE,TRUE,FALSE,TRUE,irHepatitis,
CCL15-CCR1,Macrophage 2,Sinusoidal endothelial cell,2.63871100384312e-06,1.44251002736499e-06,2.58244804154427e-07,9.11709413125255e-07,all4,2,2,2,2,2.04061051560405e-06,5.84977108639841e-07,1.44251002736499e-06,2.63871100384312e-06,2.58244804154427e-07,9.11709413125255e-07,1.72432192244833,TRUE,TRUE,FALSE,TRUE,irHepatitis,
MHC-I,Macrophage 1,IgM+ B cell,7.47859913484696e-05,6.44769006242528e-05,2.51366637336331e-05,1.69476882417191e-05,all4,2,2,2,2,6.96314459863612e-05,2.10421759876761e-05,6.44769006242528e-05,7.47859913484696e-05,1.69476882417191e-05,2.51366637336331e-05,1.72422211311087,TRUE,TRUE,FALSE,TRUE,irHepatitis,
MHC-I,Cholangiocyte,Macrophage 2,0.000117046181860946,9.35105369146323e-05,3.68488393897179e-05,2.69265296176398e-05,all4,2,2,2,2,0.000105278359387789,3.18876845036788e-05,9.35105369146323e-05,0.000117046181860946,2.69265296176398e-05,3.68488393897179e-05,1.72166491236719,TRUE,TRUE,FALSE,TRUE,irHepatitis,
CCL5-CCR1,Hepatocyte 3,Sinusoidal endothelial cell,6.80914479991039e-07,1.26926428816861e-06,4.30124353269728e-06,2.34335019813178e-06,all4,2,2,2,2,9.75089384079823e-07,3.32229686541453e-06,6.80914479991039e-07,1.26926428816861e-06,2.34335019813178e-06,4.30124353269728e-06,-1.72118163315365,TRUE,FALSE,TRUE,TRUE,AIH,
CCL14-CCR1,Hepatocyte 2,CD8+ T cell 1,5.34266265050093e-05,3.792507801878e-05,1.53614611425722e-05,1.23327807785659e-05,all4,2,2,2,2,4.56758522618946e-05,1.3847120960569e-05,3.792507801878e-05,5.34266265050093e-05,1.23327807785659e-05,1.53614611425722e-05,1.71845961632965,TRUE,TRUE,FALSE,TRUE,irHepatitis,
CSF1-CSF1R,Sinusoidal endothelial cell,Macrophage 2,0.00015894134545662,0.000172349679696469,4.18034522660511e-05,5.8837477962605e-05,all4,2,2,2,2,0.000165645512576545,5.03204651143281e-05,0.00015894134545662,0.000172349679696469,4.18034522660511e-05,5.8837477962605e-05,1.71794955867471,TRUE,TRUE,FALSE,TRUE,irHepatitis,
FN1-CD44,Vascular endothelial cell,CD8+ T cell 3,6.63357742195808e-05,5.26997378740386e-05,2.2137455754588e-05,1.40042241442475e-05,all4,2,2,2,2,5.95177560468097e-05,1.80708399494178e-05,5.26997378740386e-05,6.63357742195808e-05,1.40042241442475e-05,2.2137455754588e-05,1.71706238055029,TRUE,TRUE,FALSE,TRUE,irHepatitis,
CCL14-CCR1,CD4+ T cell,CD4+ T cell,5.33581361851811e-05,3.13997432762281e-05,9.66078593779272e-06,1.61166407402023e-05,all4,2,2,2,2,4.23789397307046e-05,1.28887133389975e-05,3.13997432762281e-05,5.33581361851811e-05,9.66078593779272e-06,1.61166407402023e-05,1.71360713839869,TRUE,TRUE,FALSE,TRUE,irHepatitis,
HLA-B-CD8A,Stellate cell,CD8+ T cell 2,0.000142825691921038,0.000191731128147146,3.81435665701522e-05,6.38089606009625e-05,all4,2,2,2,2,0.000167278410034092,5.09762635855574e-05,0.000142825691921038,0.000191731128147146,3.81435665701522e-05,6.38089606009625e-05,1.71343456875185,TRUE,TRUE,FALSE,TRUE,irHepatitis,
CSF1-CSF1R,CD8+ T cell 3,Macrophage 2,0.000129435754760068,9.01007159773195e-05,3.31435927566404e-05,3.38557378829489e-05,all4,2,2,2,2,0.000109768235368694,3.34996653197946e-05,9.01007159773195e-05,0.000129435754760068,3.31435927566404e-05,3.38557378829489e-05,1.71084471188354,TRUE,TRUE,FALSE,TRUE,irHepatitis,
CSF1-CSF1R,Stellate cell,Hepatocyte 4,3.3120387520748e-05,1.54058847998121e-05,5.27743500578214e-06,9.48309205435168e-06,all4,2,2,2,2,2.426313616028e-05,7.38026353006691e-06,1.54058847998121e-05,3.3120387520748e-05,5.27743500578214e-06,9.48309205435168e-06,1.7106903400304,TRUE,TRUE,FALSE,TRUE,irHepatitis,
FN1-SDC1,Macrophage 2,Vascular endothelial cell,1.56488239574238e-05,1.63343117921834e-05,4.56196832534336e-06,5.1511393164627e-06,all4,2,2,2,2,1.59915678748036e-05,4.85655382090303e-06,1.56488239574238e-05,1.63343117921834e-05,4.56196832534336e-06,5.1511393164627e-06,1.70969876505567,TRUE,TRUE,FALSE,TRUE,irHepatitis,
CCL14-CCR1,IgM+ B cell,IgM+ B cell,9.49756036549252e-05,8.67477714159868e-05,1.67334454580568e-05,3.87816503116233e-05,all4,2,2,2,2,9.0861687535456e-05,2.775754788484e-05,8.67477714159868e-05,9.49756036549252e-05,1.67334454580568e-05,3.87816503116233e-05,1.70910664655938,TRUE,TRUE,FALSE,TRUE,irHepatitis,
FN1-SDC1,Stellate cell,Macrophage 1,4.28412477396075e-05,5.02486163250478e-05,1.22986219794571e-05,1.61096531841907e-05,all4,2,2,2,2,4.65449320323277e-05,1.42041375818239e-05,4.28412477396075e-05,5.02486163250478e-05,1.22986219794571e-05,1.61096531841907e-05,1.70902132267463,TRUE,TRUE,FALSE,TRUE,irHepatitis,
FN1-CD44,CD8+ T cell 1,IgG+ plasmablast / plasma cell,2.18659784885301e-05,4.15459036924512e-05,1.00202769675858e-05,9.32179920938957e-06,all4,2,2,2,2,3.17059410904906e-05,9.6710380884877e-06,2.18659784885301e-05,4.15459036924512e-05,9.32179920938957e-06,1.00202769675858e-05,1.70817999369043,TRUE,TRUE,FALSE,TRUE,irHepatitis,
IL15-IL15RA_IL2RB_IL2RG,CD4+ T cell,Hepatocyte 1,1.05552085516062e-07,1.3937647346639e-08,3.35453922703214e-07,2.66675916376068e-07,all4,2,2,2,2,5.97448664313507e-08,3.01064919539641e-07,1.3937647346639e-08,1.05552085516062e-07,2.66675916376068e-07,3.35453922703214e-07,-1.7076275027871,TRUE,FALSE,TRUE,TRUE,AIH,
MHC-I,IgG+ plasmablast / plasma cell,Vascular endothelial cell,0.000109140373283194,5.56619089417307e-05,2.41432803620418e-05,2.63270518447179e-05,all4,2,2,2,2,8.24011411124624e-05,2.52351661033799e-05,5.56619089417307e-05,0.000109140373283194,2.41432803620418e-05,2.63270518447179e-05,1.70537716893874,TRUE,TRUE,FALSE,TRUE,irHepatitis,
CSF1-CSF1R,Sinusoidal endothelial cell,CD8+ T cell 2,7.6702964008467e-05,9.43459786334118e-05,2.36357549418124e-05,2.8822659342658e-05,all4,2,2,2,2,8.55244713209394e-05,2.62292071422352e-05,7.6702964008467e-05,9.43459786334118e-05,2.36357549418124e-05,2.8822659342658e-05,1.7033827347962,TRUE,TRUE,FALSE,TRUE,irHepatitis,
HLA-B-CD8A,IgG+ B cell,Cholangiocyte,8.43946996255458e-05,2.6436395299416e-05,2.23527638137135e-05,1.1639653968135e-05,all4,2,2,2,2,5.54155474624809e-05,1.69962088909242e-05,2.6436395299416e-05,8.43946996255458e-05,1.1639653968135e-05,2.23527638137135e-05,1.70233212194877,TRUE,TRUE,FALSE,TRUE,irHepatitis,
HLA-B-CD8A,Macrophage 2,Macrophage 2,8.83495623098997e-05,9.08822895734557e-05,3.09454015628541e-05,2.40699045821113e-05,all4,2,2,2,2,8.96159259416777e-05,2.75076530724827e-05,8.83495623098997e-05,9.08822895734557e-05,2.40699045821113e-05,3.09454015628541e-05,1.70222503638092,TRUE,TRUE,FALSE,TRUE,irHepatitis,
HLA-B-CD8A,CD8+ T cell 1,Vascular endothelial cell,6.68778403716037e-05,2.01008268842514e-05,1.38825831267791e-05,1.28162525755039e-05,all4,2,2,2,2,4.34893336279276e-05,1.33494178511415e-05,2.01008268842514e-05,6.68778403716037e-05,1.28162525755039e-05,1.38825831267791e-05,1.70039200134884,TRUE,TRUE,FALSE,TRUE,irHepatitis,
CCL15-CCR1,Sinusoidal endothelial cell,Stellate cell,6.50877883864508e-06,5.00680965675672e-06,1.48599748027785e-06,2.00877993176145e-06,all4,2,2,2,2,5.7577942477009e-06,1.74738870601965e-06,5.00680965675672e-06,6.50877883864508e-06,1.48599748027785e-06,2.00877993176145e-06,1.69389677829474,TRUE,TRUE,FALSE,TRUE,irHepatitis,
FN1-SDC1,Stellate cell,IgG+ plasmablast / plasma cell,0.000162600827611568,0.000410628336126983,9.24824711111519e-05,8.47868575856296e-05,all4,2,2,2,2,0.000286614581869276,8.86346643483908e-05,0.000162600827611568,0.000410628336126983,8.47868575856296e-05,9.24824711111519e-05,1.69264373556088,TRUE,TRUE,FALSE,TRUE,irHepatitis,
CCL14-CCR1,CD8+ T cell 2,Macrophage 1,0.000127618671564784,0.000129704764724188,3.98999553122738e-05,3.9667303486624e-05,all4,2,2,2,2,0.000128661718144486,3.97836293994489e-05,0.000127618671564784,0.000129704764724188,3.9667303486624e-05,3.98999553122738e-05,1.69216609279983,TRUE,TRUE,FALSE,TRUE,irHepatitis,
CCL16-CCR1,Hepatocyte 3,CD8+ T cell 2,5.37489924977109e-05,2.55414754280958e-05,1.5640719980954e-05,8.83215283898991e-06,all4,2,2,2,2,3.96452339629033e-05,1.2236436409972e-05,2.55414754280958e-05,5.37489924977109e-05,8.83215283898991e-06,1.5640719980954e-05,1.6921636037498,TRUE,TRUE,FALSE,TRUE,irHepatitis,
VEGFA-FLT1,CD8+ T cell 2,Stellate cell,3.50343771713254e-05,4.55244717252478e-05,1.12857261463325e-05,1.35888415107067e-05,all4,2,2,2,2,4.02794244482866e-05,1.24372838285196e-05,3.50343771713254e-05,4.55244717252478e-05,1.12857261463325e-05,1.35888415107067e-05,1.69163315621719,TRUE,TRUE,FALSE,TRUE,irHepatitis,
VEGFA-FLT1,CD4+ T cell,Macrophage 2,7.18756190294557e-06,4.24813047579541e-06,1.72889640691207e-06,1.74847656541498e-06,all4,2,2,2,2,5.71784618937049e-06,1.73868648616353e-06,4.24813047579541e-06,7.18756190294557e-06,1.72889640691207e-06,1.74847656541498e-06,1.69094817075041,TRUE,TRUE,FALSE,TRUE,irHepatitis,
CCL16-CCR1,CD8+ T cell 1,CD8+ T cell 1,2.21186650880906e-05,2.17406288903364e-05,5.37055217392045e-06,8.16740701345903e-06,all4,2,2,2,2,2.19296469892135e-05,6.76897959368974e-06,2.17406288903364e-05,2.21186650880906e-05,5.37055217392045e-06,8.16740701345903e-06,1.68901629512533,TRUE,TRUE,FALSE,TRUE,irHepatitis,
CCL15-CCR1,Macrophage 1,Stellate cell,3.58849255052125e-06,2.29040727706547e-06,6.67867306722886e-07,1.09236936059568e-06,all4,2,2,2,2,2.93944991379336e-06,8.80118333659285e-07,2.29040727706547e-06,3.58849255052125e-06,6.67867306722886e-07,1.09236936059568e-06,1.6878848919009,TRUE,TRUE,FALSE,TRUE,irHepatitis,
MHC-I,Stellate cell,IgG+ plasmablast / plasma cell,3.7305321673749e-05,0.000139509571975782,2.94266596980912e-05,2.54326436998117e-05,all4,2,2,2,2,8.84074468247657e-05,2.74296516989515e-05,3.7305321673749e-05,0.000139509571975782,2.54326436998117e-05,2.94266596980912e-05,1.68673786608081,TRUE,TRUE,FALSE,TRUE,irHepatitis,
FN1-CD44,Stellate cell,Hepatocyte 3,1.11358498734866e-06,4.32333179078086e-07,2.42206921859419e-06,2.75676876834402e-06,all4,2,2,2,2,7.72959083213374e-07,2.5894189934691e-06,4.32333179078086e-07,1.11358498734866e-06,2.42206921859419e-06,2.75676876834402e-06,-1.68527078313379,TRUE,FALSE,TRUE,TRUE,AIH,
VEGFA-FLT1,Cholangiocyte,Macrophage 2,9.74176273713635e-05,7.67466079739158e-05,2.4827621906887e-05,2.93259674206797e-05,all4,2,2,2,2,8.70821176726396e-05,2.70767946637834e-05,7.67466079739158e-05,9.74176273713635e-05,2.4827621906887e-05,2.93259674206797e-05,1.68360542022598,TRUE,TRUE,FALSE,TRUE,irHepatitis,
CSF1-CSF1R,Sinusoidal endothelial cell,Cholangiocyte,3.6273494129572e-05,2.55670370006252e-05,7.0152505318223e-06,1.21769256889852e-05,all4,2,2,2,2,3.09202655650986e-05,9.59608811040376e-06,2.55670370006252e-05,3.6273494129572e-05,7.0152505318223e-06,1.21769256889852e-05,1.68320362155614,TRUE,TRUE,FALSE,TRUE,irHepatitis,
FN1-SDC1,IgG+ B cell,CD4+ T cell,1.90825761605036e-05,7.91043890830593e-06,3.76356436945755e-06,4.59444415344963e-06,all4,2,2,2,2,1.34965075344048e-05,4.17900426145359e-06,7.91043890830593e-06,1.90825761605036e-05,3.76356436945755e-06,4.59444415344963e-06,1.68029629920203,TRUE,TRUE,FALSE,TRUE,irHepatitis,
CCL16-CCR1,IgG+ plasmablast / plasma cell,Hepatocyte 3,4.53317952730186e-09,2.72150616708542e-07,6.51062454543941e-07,4.41460400882653e-07,all4,2,2,2,2,1.38341898117922e-07,5.46261427713297e-07,4.53317952730186e-09,2.72150616708542e-07,4.41460400882653e-07,6.51062454543941e-07,-1.67987039454014,TRUE,FALSE,TRUE,TRUE,AIH,
CCL15-CCR1,CD8+ T cell 1,Macrophage 1,1.6312825369699e-05,2.27635985595932e-05,5.48922279302198e-06,6.65036285643235e-06,all4,2,2,2,2,1.95382119646461e-05,6.06979282472716e-06,1.6312825369699e-05,2.27635985595932e-05,5.48922279302198e-06,6.65036285643235e-06,1.67895955433086,TRUE,TRUE,FALSE,TRUE,irHepatitis,
CSF1-CSF1R,Hepatocyte 2,Hepatocyte 3,2.90482685844177e-06,1.77406199640288e-06,9.60139651566e-06,5.57557547217852e-06,all4,2,2,2,2,2.33944442742233e-06,7.58848599391926e-06,1.77406199640288e-06,2.90482685844177e-06,5.57557547217852e-06,9.60139651566e-06,-1.67796519971503,TRUE,FALSE,TRUE,TRUE,AIH,
HLA-B-CD8A,IgG+ plasmablast / plasma cell,CD8+ T cell 2,0.000212073951196306,6.72215733282254e-05,5.18478533362876e-05,3.55454775147431e-05,all4,2,2,2,2,0.000139647762262266,4.36966654255154e-05,6.72215733282254e-05,0.000212073951196306,3.55454775147431e-05,5.18478533362876e-05,1.67513779440271,TRUE,TRUE,FALSE,TRUE,irHepatitis,
CCL14-CCR1,Hepatocyte 4,Hepatocyte 4,0.000102131503457582,8.00544255648604e-05,4.5531558874357e-05,1.15381513762466e-05,all4,2,2,2,2,9.10929645112212e-05,2.85348551253018e-05,8.00544255648604e-05,0.000102131503457582,1.15381513762466e-05,4.5531558874357e-05,1.67299324938141,TRUE,TRUE,FALSE,TRUE,irHepatitis,
CCL15-CCR1,IgM+ B cell,Hepatocyte 4,4.33546780223339e-10,0,1.34711798992982e-07,7.09554331542621e-08,all4,2,2,2,2,2.16773390111669e-10,1.02833616073622e-07,0,4.33546780223339e-10,7.09554331542621e-08,1.34711798992982e-07,-1.67144509125554,TRUE,FALSE,TRUE,TRUE,AIH,
CCL15-CCR1,Hepatocyte 3,CD8+ T cell 3,1.88755178201939e-05,2.55584622944626e-05,6.35053195856332e-06,7.53720103297718e-06,all4,2,2,2,2,2.22169900573282e-05,6.94386649577025e-06,1.88755178201939e-05,2.55584622944626e-05,6.35053195856332e-06,7.53720103297718e-06,1.67120575254135,TRUE,TRUE,FALSE,TRUE,irHepatitis,
CCL14-CCR1,Macrophage 1,Macrophage 1,0.000161460588408921,0.000163197925916933,4.58220132397589e-05,5.62439664746362e-05,all4,2,2,2,2,0.000162329257162927,5.10329898571975e-05,0.000161460588408921,0.000163197925916933,4.58220132397589e-05,5.62439664746362e-05,1.66851558013537,TRUE,TRUE,FALSE,TRUE,irHepatitis,
IL15-IL15RA_IL2RB_IL2RG,Hepatocyte 1,Macrophage 1,1.28124247765897e-06,5.52796949172527e-07,4.39709279042961e-06,1.63585996914751e-06,all4,2,2,2,2,9.17019713415749e-07,3.01647637978856e-06,5.52796949172527e-07,1.28124247765897e-06,1.63585996914751e-06,4.39709279042961e-06,-1.66830161431065,TRUE,FALSE,TRUE,TRUE,AIH,
VEGFA-FLT1,Macrophage 1,CD8+ T cell 1,1.92077985186545e-05,2.99528091382143e-05,9.53705563972686e-06,5.87087463251075e-06,all4,2,2,2,2,2.45803038284344e-05,7.70396513611881e-06,1.92077985186545e-05,2.99528091382143e-05,5.87087463251075e-06,9.53705563972686e-06,1.66784395406068,TRUE,TRUE,FALSE,TRUE,irHepatitis,
FN1-CD44,CD8+ T cell 2,Sinusoidal endothelial cell,5.49699843313965e-06,1.7428037420037e-05,4.3005694816851e-05,2.99034805424472e-05,all4,2,2,2,2,1.14625179265883e-05,3.64545876796491e-05,5.49699843313965e-06,1.7428037420037e-05,2.99034805424472e-05,4.3005694816851e-05,-1.66515410165795,TRUE,FALSE,TRUE,TRUE,AIH,
IL15-IL15RA_IL2RB_IL2RG,Vascular endothelial cell,Hepatocyte 2,0,0,2.02150849760319e-07,7.01826558856181e-10,all4,2,2,2,2,0,1.01426338159588e-07,0,0,7.01826558856181e-10,2.02150849760319e-07,-1.66448262694101,TRUE,FALSE,TRUE,TRUE,AIH,
FN1-SDC1,Cholangiocyte,CD8+ T cell 2,0.000133953046346077,0.000104589327087166,1.90097490796026e-05,5.62047007245006e-05,all4,2,2,2,2,0.000119271186716621,3.76072249020516e-05,0.000104589327087166,0.000133953046346077,1.90097490796026e-05,5.62047007245006e-05,1.66393711630375,TRUE,TRUE,FALSE,TRUE,irHepatitis,
CSF1-CSF1R,CD8+ T cell 3,CD8+ T cell 1,0.000120707911787168,6.66032866489723e-05,3.36711131362106e-05,2.53773854860607e-05,all4,2,2,2,2,9.36555992180703e-05,2.95242493111356e-05,6.66032866489723e-05,0.000120707911787168,2.53773854860607e-05,3.36711131362106e-05,1.66390254536491,TRUE,TRUE,FALSE,TRUE,irHepatitis,
MHC-I,CD8+ T cell 2,Macrophage 2,7.24764276809056e-05,4.21219482703536e-05,1.74224172483565e-05,1.87021109739862e-05,all4,2,2,2,2,5.72991879756296e-05,1.80622641111713e-05,4.21219482703536e-05,7.24764276809056e-05,1.74224172483565e-05,1.87021109739862e-05,1.66298382408224,TRUE,TRUE,FALSE,TRUE,irHepatitis,
FN1-SDC1,Sinusoidal endothelial cell,Macrophage 2,1.26615294558067e-05,2.53469280124444e-05,2.6473297759164e-06,9.30599365452332e-06,all4,2,2,2,2,1.90042287341256e-05,5.97666171521986e-06,1.26615294558067e-05,2.53469280124444e-05,2.6473297759164e-06,9.30599365452332e-06,1.66121393371338,TRUE,TRUE,FALSE,TRUE,irHepatitis,
FN1-CD44,CD8+ T cell 1,IgM+ B cell,3.33901959092407e-05,3.75132666470983e-05,1.10393409385449e-05,1.13197271300136e-05,all4,2,2,2,2,3.54517312781695e-05,1.11795340342792e-05,3.33901959092407e-05,3.75132666470983e-05,1.10393409385449e-05,1.13197271300136e-05,1.66087769327226,TRUE,TRUE,FALSE,TRUE,irHepatitis,
VEGFA-FLT1,Hepatocyte 1,IgM+ B cell,2.24774425629931e-05,5.30088820648265e-05,1.03435749964983e-05,1.34792711569282e-05,all4,2,2,2,2,3.77431623139098e-05,1.19114230767133e-05,2.24774425629931e-05,5.30088820648265e-05,1.03435749964983e-05,1.34792711569282e-05,1.66000497741318,TRUE,TRUE,FALSE,TRUE,irHepatitis,
MHC-I,Vascular endothelial cell,IgG+ plasmablast / plasma cell,7.78799778088643e-05,0.000189593120434489,3.94789784876977e-05,4.51302753837481e-05,all4,2,2,2,2,0.000133736549121677,4.23046269357229e-05,7.78799778088643e-05,0.000189593120434489,3.94789784876977e-05,4.51302753837481e-05,1.659417474155,TRUE,TRUE,FALSE,TRUE,irHepatitis,
VEGFA-FLT1,Cholangiocyte,Macrophage 1,0.00010211050116872,5.60056799512688e-05,3.10486661551915e-05,1.9002631348302e-05,all4,2,2,2,2,7.90580905599946e-05,2.50256487517467e-05,5.60056799512688e-05,0.00010211050116872,1.9002631348302e-05,3.10486661551915e-05,1.65766633151139,TRUE,TRUE,FALSE,TRUE,irHepatitis,
CCL14-CCR1,Macrophage 1,CD8+ T cell 3,4.61704420810837e-05,6.87380283378548e-05,1.88932557830811e-05,1.74978501896256e-05,all4,2,2,2,2,5.74542352094693e-05,1.81955529863534e-05,4.61704420810837e-05,6.87380283378548e-05,1.74978501896256e-05,1.88932557830811e-05,1.65629932811767,TRUE,TRUE,FALSE,TRUE,irHepatitis,
CCL16-CCR1,CD8+ T cell 3,Hepatocyte 3,6.58670215652356e-08,9.33264022839543e-07,1.34989417819339e-06,1.99846007026021e-06,all4,2,2,2,2,4.99565522202389e-07,1.6741771242268e-06,6.58670215652356e-08,9.33264022839543e-07,1.34989417819339e-06,1.99846007026021e-06,-1.65539724527812,TRUE,FALSE,TRUE,TRUE,AIH,
MHC-I,Hepatocyte 1,IgG+ B cell,1.50619762207033e-05,4.33999269286368e-05,1.15942664196874e-05,6.9331206666326e-06,all4,2,2,2,2,2.923095157467e-05,9.26369354316e-06,1.50619762207033e-05,4.33999269286368e-05,6.9331206666326e-06,1.15942664196874e-05,1.65288152627893,TRUE,TRUE,FALSE,TRUE,irHepatitis,
VEGFA-FLT1,IgG+ B cell,Stellate cell,1.0871417479098e-05,1.68670942177678e-05,4.96574545729711e-06,3.79295025995424e-06,all4,2,2,2,2,1.38692558484329e-05,4.37934785862567e-06,1.0871417479098e-05,1.68670942177678e-05,3.79295025995424e-06,4.96574545729711e-06,1.65264010201245,TRUE,TRUE,FALSE,TRUE,irHepatitis,
CCL5-CCR1,CD8+ T cell 2,Hepatocyte 4,4.23432734802667e-05,5.5756675194828e-05,2.09984195123249e-05,1.01978530856795e-05,all4,2,2,2,2,4.90499743375474e-05,1.55981362990022e-05,4.23432734802667e-05,5.5756675194828e-05,1.01978530856795e-05,2.09984195123249e-05,1.64993621164524,TRUE,TRUE,FALSE,TRUE,irHepatitis,
FN1-CD44,Hepatocyte 2,Sinusoidal endothelial cell,1.58100594006373e-05,1.37797644347747e-05,5.95556768961943e-05,3.33434786097617e-05,all4,2,2,2,2,1.4794911917706e-05,4.6449577752978e-05,1.37797644347747e-05,1.58100594006373e-05,3.33434786097617e-05,5.95556768961943e-05,-1.64746477340429,TRUE,FALSE,TRUE,TRUE,AIH,
CCL16-CCR1,Stellate cell,IgM+ B cell,1.88451461349588e-05,7.20755152780368e-06,1.69646146734242e-06,6.55819518442398e-06,all4,2,2,2,2,1.30263488313812e-05,4.1273283258832e-06,7.20755152780368e-06,1.88451461349588e-05,1.69646146734242e-06,6.55819518442398e-06,1.64707387058342,TRUE,TRUE,FALSE,TRUE,irHepatitis,
HLA-B-CD8A,Hepatocyte 3,Hepatocyte 1,7.67591259426524e-06,7.14811391672571e-06,3.54177176918548e-05,1.12026602246633e-05,all4,2,2,2,2,7.41201325549548e-06,2.3310188958259e-05,7.14811391672571e-06,7.67591259426524e-06,1.12026602246633e-05,3.54177176918548e-05,-1.64684415609021,TRUE,FALSE,TRUE,TRUE,AIH,
MHC-I,IgG+ B cell,CD4+ T cell,0.000163419058727954,7.08386755686687e-05,4.02804182866867e-05,3.44737116593019e-05,all4,2,2,2,2,0.000117128867148311,3.73770649729943e-05,7.08386755686687e-05,0.000163419058727954,3.44737116593019e-05,4.02804182866867e-05,1.64664410981858,TRUE,TRUE,FALSE,TRUE,irHepatitis,
MHC-I,CD8+ T cell 3,IgG+ plasmablast / plasma cell,0.000132125365201314,6.01780847226726e-05,3.64646164531207e-05,2.50149500683525e-05,all4,2,2,2,2,9.61517249619933e-05,3.07397832607366e-05,6.01780847226726e-05,0.000132125365201314,2.50149500683525e-05,3.64646164531207e-05,1.64371491265851,TRUE,TRUE,FALSE,TRUE,irHepatitis,
CCL14-CCR1,CD8+ T cell 1,CD8+ T cell 3,5.97546632903639e-05,6.24211087642258e-05,2.08769994409012e-05,1.82081613375186e-05,all4,2,2,2,2,6.10878860272949e-05,1.95425803892099e-05,5.97546632903639e-05,6.24211087642258e-05,1.82081613375186e-05,2.08769994409012e-05,1.6419223791797,TRUE,TRUE,FALSE,TRUE,irHepatitis,
HLA-B-CD8A,Macrophage 1,CD4+ T cell,0.000124835183052905,4.92401842584111e-05,3.03653143850804e-05,2.53862237217994e-05,all4,2,2,2,2,8.7037683655658e-05,2.78757690534399e-05,4.92401842584111e-05,0.000124835183052905,2.53862237217994e-05,3.03653143850804e-05,1.64098610069276,TRUE,TRUE,FALSE,TRUE,irHepatitis,
CCL5-CCR1,CD4+ T cell,Vascular endothelial cell,2.6635585198292e-05,1.21808269584297e-05,6.14696483100537e-06,6.24562396795699e-06,all4,2,2,2,2,1.94082060783609e-05,6.19629439948118e-06,1.21808269584297e-05,2.6635585198292e-05,6.14696483100537e-06,6.24562396795699e-06,1.63981762095299,TRUE,TRUE,FALSE,TRUE,irHepatitis,
CSF1-CSF1R,Macrophage 2,Cholangiocyte,1.59998559712973e-05,1.11996734579338e-05,5.93172143637064e-06,2.73824272089699e-06,all4,2,2,2,2,1.35997647146156e-05,4.33498207863382e-06,1.11996734579338e-05,1.59998559712973e-05,2.73824272089699e-06,5.93172143637064e-06,1.63896153673079,TRUE,TRUE,FALSE,TRUE,irHepatitis,
CSF1-CSF1R,CD8+ T cell 3,Macrophage 1,0.000245476523548,0.000262863998867687,9.67616852434835e-05,6.64072976270355e-05,all4,2,2,2,2,0.000254170261207844,8.15844914352595e-05,0.000245476523548,0.000262863998867687,6.64072976270355e-05,9.67616852434835e-05,1.63886738709633,TRUE,TRUE,FALSE,TRUE,irHepatitis,
FN1-CD44,CD4+ T cell,Hepatocyte 1,2.82827789823411e-07,1.63710648820249e-07,7.94604422492341e-07,7.93309544237326e-07,all4,2,2,2,2,2.2326921932183e-07,7.93956983364834e-07,1.63710648820249e-07,2.82827789823411e-07,7.93309544237326e-07,7.94604422492341e-07,-1.63857629203067,TRUE,FALSE,TRUE,TRUE,AIH,
FN1-SDC1,Stellate cell,Vascular endothelial cell,4.66379388934927e-05,5.60018081987738e-05,1.56805676512255e-05,1.72489212179979e-05,all4,2,2,2,2,5.13198735461333e-05,1.64647444346117e-05,4.66379388934927e-05,5.60018081987738e-05,1.56805676512255e-05,1.72489212179979e-05,1.63736111983746,TRUE,TRUE,FALSE,TRUE,irHepatitis,
HLA-B-CD8A,Hepatocyte 4,Hepatocyte 3,8.84311199119909e-06,2.00545932902753e-05,6.9954646579752e-05,2.0132222670593e-05,all4,2,2,2,2,1.44488526407372e-05,4.50434346251725e-05,8.84311199119909e-06,2.00545932902753e-05,2.0132222670593e-05,6.9954646579752e-05,-1.63719876178359,TRUE,FALSE,TRUE,TRUE,AIH,
CSF1-CSF1R,CD8+ T cell 1,IgM+ B cell,6.51396545509476e-05,4.07862082013211e-05,1.93238738261683e-05,1.46758203936521e-05,all4,2,2,2,2,5.29629313761344e-05,1.69998471099102e-05,4.07862082013211e-05,6.51396545509476e-05,1.46758203936521e-05,1.93238738261683e-05,1.63677265530419,TRUE,TRUE,FALSE,TRUE,irHepatitis,
HLA-B-CD8A,CD8+ T cell 1,Macrophage 2,7.23848974312976e-05,5.65094614466112e-05,2.21893590145852e-05,1.91989011163755e-05,all4,2,2,2,2,6.44471794389544e-05,2.06941300654803e-05,5.65094614466112e-05,7.23848974312976e-05,1.91989011163755e-05,2.21893590145852e-05,1.63668672031472,TRUE,TRUE,FALSE,TRUE,irHepatitis,
MHC-I,Hepatocyte 4,Hepatocyte 1,1.73044914648383e-05,2.45427894600852e-05,0.000104939949793396,2.51472180558698e-05,all4,2,2,2,2,2.09236404624617e-05,6.5043583924633e-05,1.73044914648383e-05,2.45427894600852e-05,2.51472180558698e-05,0.000104939949793396,-1.63409004556785,TRUE,FALSE,TRUE,TRUE,AIH,
CCL16-CCR1,Macrophage 1,CD8+ T cell 1,1.99648679938323e-05,1.62112651667821e-05,4.78821161168875e-06,6.84496452940972e-06,all4,2,2,2,2,1.80880665803072e-05,5.81658807054924e-06,1.62112651667821e-05,1.99648679938323e-05,4.78821161168875e-06,6.84496452940972e-06,1.62896962796029,TRUE,TRUE,FALSE,TRUE,irHepatitis,
FN1-CD44,CD8+ T cell 3,Hepatocyte 4,5.81065752027016e-06,4.9678350684007e-07,1.3162009981269e-05,6.51021333521353e-06,all4,2,2,2,2,3.15372051355512e-06,9.83611165824126e-06,4.9678350684007e-07,5.81065752027016e-06,6.51021333521353e-06,1.3162009981269e-05,-1.62664779811088,TRUE,FALSE,TRUE,TRUE,AIH,
IL15-IL15RA_IL2RB_IL2RG,Hepatocyte 1,CD8+ T cell 3,1.2933987804858e-05,3.29572850214588e-05,1.03595332410237e-05,4.45607114221144e-06,all4,2,2,2,2,2.29456364131584e-05,7.40780219161757e-06,1.2933987804858e-05,3.29572850214588e-05,4.45607114221144e-06,1.03595332410237e-05,1.62496389240588,TRUE,TRUE,FALSE,TRUE,irHepatitis,
CSF1-CSF1R,IgM+ B cell,Cholangiocyte,2.03151693471176e-05,1.81255552452282e-05,5.77933165013846e-06,6.62720563016609e-06,all4,2,2,2,2,1.92203622961729e-05,6.20326864015227e-06,1.81255552452282e-05,2.03151693471176e-05,5.77933165013846e-06,6.62720563016609e-06,1.62420948217852,TRUE,TRUE,FALSE,TRUE,irHepatitis,
CCL5-CCR1,Macrophage 1,Macrophage 2,2.9481180077748e-05,1.97659233709193e-05,8.44780835490219e-06,7.48450785319287e-06,all4,2,2,2,2,2.46235517243336e-05,7.96615810404753e-06,1.97659233709193e-05,2.9481180077748e-05,7.48450785319287e-06,8.44780835490219e-06,1.62237870821806,TRUE,TRUE,FALSE,TRUE,irHepatitis,
IL15-IL15RA_IL2RB_IL2RG,CD4+ T cell,CD8+ T cell 1,7.47001415512588e-06,8.79046519198724e-06,2.35492307312608e-06,2.86646759054198e-06,all4,2,2,2,2,8.13023967355656e-06,2.61069533183403e-06,7.47001415512588e-06,8.79046519198724e-06,2.35492307312608e-06,2.86646759054198e-06,1.62153337502631,TRUE,TRUE,FALSE,TRUE,irHepatitis,
HLA-B-CD8A,IgG+ B cell,Macrophage 2,5.19823628925582e-05,2.70346059931237e-05,1.72842786389621e-05,8.337791302741e-06,all4,2,2,2,2,3.9508484442841e-05,1.28110349708516e-05,2.70346059931237e-05,5.19823628925582e-05,8.337791302741e-06,1.72842786389621e-05,1.62122723161262,TRUE,TRUE,FALSE,TRUE,irHepatitis,
MHC-I,CD4+ T cell,Sinusoidal endothelial cell,6.5785895040854e-06,5.21326317814214e-06,2.02040193956037e-05,1.62385112292707e-05,all4,2,2,2,2,5.89592634111377e-06,1.82212653124372e-05,5.21326317814214e-06,6.5785895040854e-06,1.62385112292707e-05,2.02040193956037e-05,-1.62013678578915,TRUE,FALSE,TRUE,TRUE,AIH,
CCL14-CCR1,Hepatocyte 3,CD8+ T cell 1,3.24668500265016e-05,3.0123925231696e-05,1.03689822494594e-05,9.95177691500399e-06,all4,2,2,2,2,3.12953876290988e-05,1.01603795822317e-05,3.0123925231696e-05,3.24668500265016e-05,9.95177691500399e-06,1.03689822494594e-05,1.61852729490594,TRUE,TRUE,FALSE,TRUE,irHepatitis,
HLA-B-CD8A,Stellate cell,IgM+ B cell,6.45829904376579e-05,6.96740890061163e-05,2.49055564403697e-05,1.87638614616028e-05,all4,2,2,2,2,6.71285397218871e-05,2.18347089509862e-05,6.45829904376579e-05,6.96740890061163e-05,1.87638614616028e-05,2.49055564403697e-05,1.61822213822877,TRUE,TRUE,FALSE,TRUE,irHepatitis,
CCL14-CCR1,Hepatocyte 3,CD8+ T cell 3,4.02276889705701e-05,3.27082608691725e-05,1.23047822389104e-05,1.13963722367301e-05,all4,2,2,2,2,3.64679749198713e-05,1.18505772378203e-05,3.27082608691725e-05,4.02276889705701e-05,1.13963722367301e-05,1.23047822389104e-05,1.617841653489,TRUE,TRUE,FALSE,TRUE,irHepatitis,
VEGFA-FLT1,Macrophage 1,CD4+ T cell,1.0096795515636e-05,7.35206457593308e-06,2.91751451519436e-06,2.71020397506753e-06,all4,2,2,2,2,8.72443004578455e-06,2.81385924513094e-06,7.35206457593308e-06,1.0096795515636e-05,2.71020397506753e-06,2.91751451519436e-06,1.61645182080502,TRUE,TRUE,FALSE,TRUE,irHepatitis,
IL15-IL15RA_IL2RB_IL2RG,IgG+ B cell,Hepatocyte 1,3.88352036667912e-08,4.08628454888461e-09,2.75700672896133e-07,4.88814178005469e-08,all4,2,2,2,2,2.14607441078379e-08,1.6229104534834e-07,4.08628454888461e-09,3.88352036667912e-08,4.88814178005469e-08,2.75700672896133e-07,-1.61585416423622,TRUE,FALSE,TRUE,TRUE,AIH,
CSF1-CSF1R,IgM+ B cell,CD4+ T cell,8.92293879707625e-05,5.76530255405134e-05,1.86163871708118e-05,2.92699189105043e-05,all4,2,2,2,2,7.34412067556379e-05,2.39431530406581e-05,5.76530255405134e-05,8.92293879707625e-05,1.86163871708118e-05,2.92699189105043e-05,1.61508090757313,TRUE,TRUE,FALSE,TRUE,irHepatitis,
CCL15-CCR1,CD8+ T cell 1,Hepatocyte 4,2.92933178087957e-06,9.40631101446498e-07,6.46834359594922e-07,5.53854735985121e-07,all4,2,2,2,2,1.93498144116304e-06,6.00344547790022e-07,9.40631101446498e-07,2.92933178087957e-06,5.53854735985121e-07,6.46834359594922e-07,1.61472766657627,TRUE,TRUE,FALSE,TRUE,irHepatitis,
HLA-B-CD8A,Macrophage 1,CD8+ T cell 1,0.000310428482341086,0.000408401957714328,0.000123398827864834,0.000111284156371546,all4,2,2,2,2,0.000359415220027707,0.00011734149211819,0.000310428482341086,0.000408401957714328,0.000111284156371546,0.000123398827864834,1.61455131469912,TRUE,TRUE,FALSE,TRUE,irHepatitis,
FN1-SDC1,Sinusoidal endothelial cell,Vascular endothelial cell,6.26723701855222e-06,1.09466497418807e-05,1.94983623341067e-06,3.61006103709457e-06,all4,2,2,2,2,8.60694338021646e-06,2.77994863525262e-06,6.26723701855222e-06,1.09466497418807e-05,1.94983623341067e-06,3.61006103709457e-06,1.61420127138236,TRUE,TRUE,FALSE,TRUE,irHepatitis,
FN1-SDC1,Vascular endothelial cell,Vascular endothelial cell,0.000163522409449268,0.000128841338230728,4.73548203223259e-05,4.80833935057161e-05,all4,2,2,2,2,0.000146181873839998,4.7719106914021e-05,0.000128841338230728,0.000163522409449268,4.73548203223259e-05,4.80833935057161e-05,1.61417428879825,TRUE,TRUE,FALSE,TRUE,irHepatitis,
MHC-I,IgG+ plasmablast / plasma cell,CD8+ T cell 3,0.000380736326908116,0.000242183328443972,0.0001044933847602,9.89398534692281e-05,all4,2,2,2,2,0.000311459827676044,0.000101716619114714,0.000242183328443972,0.000380736326908116,9.89398534692281e-05,0.0001044933847602,1.61404437973882,TRUE,TRUE,FALSE,TRUE,irHepatitis,
FN1-SDC1,CD8+ T cell 1,Macrophage 2,1.77486723505704e-05,2.0249036392132e-05,4.08081925609263e-06,8.27762996119469e-06,all4,2,2,2,2,1.89988543713512e-05,6.17922460864366e-06,1.77486723505704e-05,2.0249036392132e-05,4.08081925609263e-06,8.27762996119469e-06,1.61308799072905,TRUE,TRUE,FALSE,TRUE,irHepatitis,
FN1-CD44,Vascular endothelial cell,CD8+ T cell 1,4.67331171216543e-05,7.70252562558615e-05,2.37832236401567e-05,1.66273266223928e-05,all4,2,2,2,2,6.18791866887579e-05,2.02052751312748e-05,4.67331171216543e-05,7.70252562558615e-05,1.66273266223928e-05,2.37832236401567e-05,1.61247807315943,TRUE,TRUE,FALSE,TRUE,irHepatitis,
HLA-B-CD8A,Macrophage 2,IgG+ plasmablast / plasma cell,6.81913299957181e-05,8.35495589750406e-05,2.74387631349301e-05,2.21266582645698e-05,all4,2,2,2,2,7.58704444853793e-05,2.478271069975e-05,6.81913299957181e-05,8.35495589750406e-05,2.21266582645698e-05,2.74387631349301e-05,1.61237413329889,TRUE,TRUE,FALSE,TRUE,irHepatitis,
CSF1-CSF1R,Macrophage 2,CD4+ T cell,1.99495131673898e-05,1.46232718282152e-05,5.66414187276279e-06,5.58564375793487e-06,all4,2,2,2,2,1.72863924978025e-05,5.62489281534883e-06,1.46232718282152e-05,1.99495131673898e-05,5.58564375793487e-06,5.66414187276279e-06,1.6116963224037,TRUE,TRUE,FALSE,TRUE,irHepatitis,
VEGFA-FLT1,CD8+ T cell 3,Vascular endothelial cell,0.0001236789639264,7.52787079076953e-05,2.81567623980253e-05,3.69040363267638e-05,all4,2,2,2,2,9.94788359170477e-05,3.25303993623946e-05,7.52787079076953e-05,0.0001236789639264,2.81567623980253e-05,3.69040363267638e-05,1.61120738233852,TRUE,TRUE,FALSE,TRUE,irHepatitis,
CCL16-CCR1,Stellate cell,CD4+ T cell,1.40031101027359e-05,5.14748843034211e-06,1.15907467263138e-06,5.0489075529415e-06,all4,2,2,2,2,9.575299266539e-06,3.10399111278644e-06,5.14748843034211e-06,1.40031101027359e-05,1.15907467263138e-06,5.0489075529415e-06,1.61065596917194,TRUE,TRUE,FALSE,TRUE,irHepatitis,
FN1-SDC1,IgG+ B cell,Macrophage 2,1.160789645837e-05,1.48482831758659e-05,4.57717067039149e-06,4.02471741948397e-06,all4,2,2,2,2,1.32280898171179e-05,4.30094404493773e-06,1.160789645837e-05,1.48482831758659e-05,4.02471741948397e-06,4.57717067039149e-06,1.61037430255163,TRUE,TRUE,FALSE,TRUE,irHepatitis,
FN1-CD44,IgM+ B cell,Macrophage 1,2.80571011796348e-05,1.90219092961225e-05,9.98137204656086e-06,5.41403709102635e-06,all4,2,2,2,2,2.35395052378787e-05,7.6977045687936e-06,1.90219092961225e-05,2.80571011796348e-05,5.41403709102635e-06,9.98137204656086e-06,1.60671205997907,TRUE,TRUE,FALSE,TRUE,irHepatitis,
HLA-B-CD8A,Hepatocyte 4,Hepatocyte 1,1.73044914648383e-05,1.70277720610562e-05,8.45661949425603e-05,2.01139663718708e-05,all4,2,2,2,2,1.71661317629473e-05,5.23400806572156e-05,1.70277720610562e-05,1.73044914648383e-05,2.01139663718708e-05,8.45661949425603e-05,-1.60571607937576,TRUE,FALSE,TRUE,TRUE,AIH,
FN1-SDC1,Macrophage 2,CD8+ T cell 1,1.73561207248989e-05,1.86121670255111e-05,3.9611196790558e-06,7.79921147633751e-06,all4,2,2,2,2,1.7984143875205e-05,5.88016557769665e-06,1.73561207248989e-05,1.86121670255111e-05,3.9611196790558e-06,7.79921147633751e-06,1.60511909830364,TRUE,TRUE,FALSE,TRUE,irHepatitis,
FN1-SDC1,Macrophage 1,Sinusoidal endothelial cell,2.10327285218585e-05,4.91907073747137e-05,7.01115491687453e-06,1.6026366938402e-05,all4,2,2,2,2,3.51117179482861e-05,1.15187609276382e-05,2.10327285218585e-05,4.91907073747137e-05,7.01115491687453e-06,1.6026366938402e-05,1.60404401992079,TRUE,TRUE,FALSE,TRUE,irHepatitis,
CCL14-CCR1,Hepatocyte 2,Macrophage 2,4.37231032255394e-05,2.06395541416689e-05,8.42199970807378e-06,1.27223871830615e-05,all4,2,2,2,2,3.21813286836042e-05,1.05721934455676e-05,2.06395541416689e-05,4.37231032255394e-05,8.42199970807378e-06,1.27223871830615e-05,1.60167884110914,TRUE,TRUE,FALSE,TRUE,irHepatitis,
CCL16-CCR1,Stellate cell,Stellate cell,1.50314012458904e-05,8.0074751572662e-06,1.62930094329122e-06,5.91198273334315e-06,all4,2,2,2,2,1.15194382015783e-05,3.77064183831718e-06,8.0074751572662e-06,1.50314012458904e-05,1.62930094329122e-06,5.91198273334315e-06,1.59925676361057,TRUE,TRUE,FALSE,TRUE,irHepatitis,
MHC-I,IgM+ B cell,Macrophage 1,6.69102376329493e-05,4.90631482344855e-05,2.30119829172704e-05,1.52081428613022e-05,all4,2,2,2,2,5.79866929337174e-05,1.91100628892863e-05,4.90631482344855e-05,6.69102376329493e-05,1.52081428613022e-05,2.30119829172704e-05,1.59902745278685,TRUE,TRUE,FALSE,TRUE,irHepatitis,
CSF1-CSF1R,CD8+ T cell 3,CD8+ T cell 3,0.000266752742327381,0.000475680890382211,0.000147390963620502,9.77014738522611e-05,all4,2,2,2,2,0.000371216816354796,0.000122546218736382,0.000266752742327381,0.000475680890382211,9.77014738522611e-05,0.000147390963620502,1.59856758494647,TRUE,TRUE,FALSE,TRUE,irHepatitis,
CSF1-CSF1R,Macrophage 2,Hepatocyte 4,4.20434641508238e-07,1.35402211699279e-07,8.05927882898172e-07,1.06528863967799e-06,all4,2,2,2,2,2.77918426603758e-07,9.3560826128808e-07,1.35402211699279e-07,4.20434641508238e-07,8.05927882898172e-07,1.06528863967799e-06,-1.5973111549702,TRUE,FALSE,TRUE,TRUE,AIH,
FN1-SDC1,Vascular endothelial cell,Macrophage 1,2.29928477680231e-05,2.52988908164553e-05,8.61620142262777e-06,7.29210677879796e-06,all4,2,2,2,2,2.41458692922392e-05,7.95415410071286e-06,2.29928477680231e-05,2.52988908164553e-05,7.29210677879796e-06,8.61620142262777e-06,1.59633321290125,TRUE,TRUE,FALSE,TRUE,irHepatitis,
FN1-SDC1,Macrophage 2,CD8+ T cell 3,2.5618990435551e-05,2.36723005179606e-05,5.42293889020512e-06,1.08264967549366e-05,all4,2,2,2,2,2.46456454767558e-05,8.12471782257084e-06,2.36723005179606e-05,2.5618990435551e-05,5.42293889020512e-06,1.08264967549366e-05,1.59540079897159,TRUE,TRUE,FALSE,TRUE,irHepatitis,
CCL14-CCR1,Macrophage 2,Macrophage 1,5.21639642792147e-05,5.07183387865754e-05,1.14112874248562e-05,2.26105127271283e-05,all4,2,2,2,2,5.1441151532895e-05,1.70109000759922e-05,5.07183387865754e-05,5.21639642792147e-05,1.14112874248562e-05,2.26105127271283e-05,1.59381511367713,TRUE,TRUE,FALSE,TRUE,irHepatitis,
MHC-I,Stellate cell,CD8+ T cell 2,0.000142825691921038,0.000298628749257605,5.6798276363342e-05,8.97800309671784e-05,all4,2,2,2,2,0.000220727220589322,7.32891536652602e-05,0.000142825691921038,0.000298628749257605,5.6798276363342e-05,8.97800309671784e-05,1.58997862676465,TRUE,TRUE,FALSE,TRUE,irHepatitis,
IL15-IL15RA_IL2RB_IL2RG,Macrophage 1,IgM+ B cell,2.59964606205633e-06,7.97465253345994e-06,1.70541210435784e-06,1.74504562814067e-06,all4,2,2,2,2,5.28714929775813e-06,1.72522886624925e-06,2.59964606205633e-06,7.97465253345994e-06,1.70541210435784e-06,1.74504562814067e-06,1.58983448669248,TRUE,TRUE,FALSE,TRUE,irHepatitis,
CSF1-CSF1R,Stellate cell,Hepatocyte 2,2.34414436797376e-05,1.58011685903824e-05,4.34206137502105e-06,8.63415575388229e-06,all4,2,2,2,2,1.962130613506e-05,6.48810856445167e-06,1.58011685903824e-05,2.34414436797376e-05,4.34206137502105e-06,8.63415575388229e-06,1.5896278971609,TRUE,TRUE,FALSE,TRUE,irHepatitis,
FN1-CD44,IgG+ B cell,Stellate cell,1.15686252062519e-05,2.34803507483338e-05,5.57795920130753e-06,6.02863785471599e-06,all4,2,2,2,2,1.75244879772928e-05,5.80329852801176e-06,1.15686252062519e-05,2.34803507483338e-05,5.57795920130753e-06,6.02863785471599e-06,1.58669694479519,TRUE,TRUE,FALSE,TRUE,irHepatitis,
HLA-B-CD8A,IgG+ plasmablast / plasma cell,Macrophage 2,7.21983938096071e-05,4.00990974697435e-05,2.09427778873994e-05,1.6382700325598e-05,all4,2,2,2,2,5.61487456396753e-05,1.86627391064987e-05,4.00990974697435e-05,7.21983938096071e-05,1.6382700325598e-05,2.09427778873994e-05,1.58668483274718,TRUE,TRUE,FALSE,TRUE,irHepatitis,
CCL14-CCR1,Hepatocyte 2,CD4+ T cell,2.21790677901332e-05,5.23041903401837e-06,4.28921543868157e-06,4.81480424071445e-06,all4,2,2,2,2,1.37047434120758e-05,4.55200983969801e-06,5.23041903401837e-06,2.21790677901332e-05,4.28921543868157e-06,4.81480424071445e-06,1.58027357478237,TRUE,TRUE,FALSE,TRUE,irHepatitis,
CSF1-CSF1R,CD4+ T cell,CD8+ T cell 1,6.23288775941686e-05,2.52837503163796e-05,1.55102666660355e-05,1.37466791507212e-05,all4,2,2,2,2,4.38063139552741e-05,1.46284729083784e-05,2.52837503163796e-05,6.23288775941686e-05,1.37466791507212e-05,1.55102666660355e-05,1.57929586536457,TRUE,TRUE,FALSE,TRUE,irHepatitis,
FN1-SDC1,CD4+ T cell,CD8+ T cell 2,2.9815751455929e-05,2.9105611952689e-05,7.73804008397049e-06,1.19255481846832e-05,all4,2,2,2,2,2.9460681704309e-05,9.83179413432684e-06,2.9105611952689e-05,2.9815751455929e-05,7.73804008397049e-06,1.19255481846832e-05,1.57870895883203,TRUE,TRUE,FALSE,TRUE,irHepatitis,
FN1-CD44,IgM+ B cell,CD8+ T cell 2,1.31438872382775e-05,8.96603940720394e-06,4.05601156433908e-06,3.28632935027426e-06,all4,2,2,2,2,1.10549633227407e-05,3.67117045730667e-06,8.96603940720394e-06,1.31438872382775e-05,3.28632935027426e-06,4.05601156433908e-06,1.57821704842594,TRUE,TRUE,FALSE,TRUE,irHepatitis,
HLA-B-CD8A,Vascular endothelial cell,Macrophage 2,6.54412795341177e-05,4.97001342934183e-05,2.27608621650625e-05,1.57397334699118e-05,all4,2,2,2,2,5.7570706913768e-05,1.92502978174871e-05,4.97001342934183e-05,6.54412795341177e-05,1.57397334699118e-05,2.27608621650625e-05,1.57812631755145,TRUE,TRUE,FALSE,TRUE,irHepatitis,
CSF1-CSF1R,CD4+ T cell,CD4+ T cell,0.000145374021549986,8.32404734616712e-05,3.83167881085387e-05,3.82593466091065e-05,all4,2,2,2,2,0.000114307247505829,3.82880673588226e-05,8.32404734616712e-05,0.000145374021549986,3.82593466091065e-05,3.83167881085387e-05,1.57677983162026,TRUE,TRUE,FALSE,TRUE,irHepatitis,
HLA-B-CD8A,Macrophage 2,Macrophage 1,8.23270292261361e-05,5.29885498445141e-05,2.56763737636105e-05,1.9624498227664e-05,all4,2,2,2,2,6.76577895353251e-05,2.26504359956372e-05,5.29885498445141e-05,8.23270292261361e-05,1.9624498227664e-05,2.56763737636105e-05,1.5767395374171,TRUE,TRUE,FALSE,TRUE,irHepatitis,
FN1-CD44,Macrophage 2,CD8+ T cell 2,1.35107525220478e-05,1.14286168257319e-05,2.41779091591284e-06,5.88185213306742e-06,all4,2,2,2,2,1.24696846738899e-05,4.14982152449013e-06,1.14286168257319e-05,1.35107525220478e-05,2.41779091591284e-06,5.88185213306742e-06,1.57654281823328,TRUE,TRUE,FALSE,TRUE,irHepatitis,
FN1-SDC1,Cholangiocyte,IgG+ B cell,2.47299542644938e-05,8.01135227654132e-06,3.92770388909732e-05,5.84689470787292e-05,all4,2,2,2,2,1.63706532705176e-05,4.88729929848512e-05,8.01135227654132e-06,2.47299542644938e-05,3.92770388909732e-05,5.84689470787292e-05,-1.57519143794713,TRUE,FALSE,TRUE,TRUE,AIH,
IL15-IL15RA_IL2RB_IL2RG,Macrophage 2,IgM+ B cell,6.91148793016372e-06,2.45387163345202e-06,9.98761095322744e-07,2.08238789246599e-06,all4,2,2,2,2,4.68267978180787e-06,1.54057449389437e-06,2.45387163345202e-06,6.91148793016372e-06,9.98761095322744e-07,2.08238789246599e-06,1.57507504778146,TRUE,TRUE,FALSE,TRUE,irHepatitis,
FN1-SDC1,IgM+ B cell,Hepatocyte 3,1.24098074180211e-05,2.14383390529624e-05,5.87292245369658e-06,5.43282763298313e-06,all4,2,2,2,2,1.69240732354917e-05,5.65287504333986e-06,1.24098074180211e-05,2.14383390529624e-05,5.43282763298313e-06,5.87292245369658e-06,1.57411926971624,TRUE,TRUE,FALSE,TRUE,irHepatitis,
MHC-I,CD8+ T cell 3,Hepatocyte 3,6.81826145475325e-06,1.12140272287137e-05,3.50757138573332e-05,1.87975275609441e-05,all4,2,2,2,2,9.0161443417335e-06,2.69366207091387e-05,6.81826145475325e-06,1.12140272287137e-05,1.87975275609441e-05,3.50757138573332e-05,-1.57402783749494,TRUE,FALSE,TRUE,TRUE,AIH,
FN1-SDC1,Hepatocyte 3,Sinusoidal endothelial cell,8.64246849276987e-05,0.000103731807746827,2.29130077916802e-05,4.09010150982781e-05,all4,2,2,2,2,9.50782463372629e-05,3.19070114449791e-05,8.64246849276987e-05,0.000103731807746827,2.29130077916802e-05,4.09010150982781e-05,1.57383901678449,TRUE,TRUE,FALSE,TRUE,irHepatitis,
MHC-I,CD4+ T cell,Macrophage 2,9.46067348428664e-05,7.83577135245995e-05,2.9909066148122e-05,2.81454039659337e-05,all4,2,2,2,2,8.64822241837329e-05,2.90272350570278e-05,7.83577135245995e-05,9.46067348428664e-05,2.81454039659337e-05,2.9909066148122e-05,1.57345479076765,TRUE,TRUE,FALSE,TRUE,irHepatitis,
CCL14-CCR1,Hepatocyte 4,CD8+ T cell 1,6.33028425206015e-05,5.46803221345286e-05,2.41099564421316e-05,1.55095352610502e-05,all4,2,2,2,2,5.8991582327565e-05,1.98097458515909e-05,5.46803221345286e-05,6.33028425206015e-05,1.55095352610502e-05,2.41099564421316e-05,1.57204139184865,TRUE,TRUE,FALSE,TRUE,irHepatitis,
CCL15-CCR1,CD8+ T cell 1,Macrophage 2,4.35958863087012e-06,6.1182103076852e-06,1.06620026755802e-06,2.39777321997074e-06,all4,2,2,2,2,5.23889946927766e-06,1.73198674376438e-06,4.35958863087012e-06,6.1182103076852e-06,1.06620026755802e-06,2.39777321997074e-06,1.5712329898252,TRUE,TRUE,FALSE,TRUE,irHepatitis,
VEGFA-FLT1,IgM+ B cell,CD8+ T cell 1,1.05081084221111e-05,5.29278429168832e-06,3.1604934354593e-06,2.09586824032817e-06,all4,2,2,2,2,7.90044635689971e-06,2.62818083789373e-06,5.29278429168832e-06,1.05081084221111e-05,2.09586824032817e-06,3.1604934354593e-06,1.57094788607599,TRUE,TRUE,FALSE,TRUE,irHepatitis,
FN1-CD44,IgM+ B cell,Hepatocyte 2,2.32650010548547e-07,7.13176572783436e-08,6.23440260238508e-07,4.60670396109311e-07,all4,2,2,2,2,1.51983833913445e-07,5.4205532817391e-07,7.13176572783436e-08,2.32650010548547e-07,4.60670396109311e-07,6.23440260238508e-07,-1.56700007057753,TRUE,FALSE,TRUE,TRUE,AIH,
VEGFA-FLT1,Stellate cell,Hepatocyte 2,9.21244405356126e-06,9.85176069995034e-06,3.85279220443377e-06,2.52038133995536e-06,all4,2,2,2,2,9.5321023767558e-06,3.18658677219457e-06,9.21244405356126e-06,9.85176069995034e-06,2.52038133995536e-06,3.85279220443377e-06,1.56683191844388,TRUE,TRUE,FALSE,TRUE,irHepatitis,
IL15-IL15RA_IL2RB_IL2RG,CD8+ T cell 2,CD8+ T cell 1,7.92303997561533e-06,1.21451482165144e-05,3.3782565107207e-06,3.33613126545318e-06,all4,2,2,2,2,1.00340940960649e-05,3.35719388808694e-06,7.92303997561533e-06,1.21451482165144e-05,3.33613126545318e-06,3.3782565107207e-06,1.56634001894908,TRUE,TRUE,FALSE,TRUE,irHepatitis,
FN1-SDC1,Hepatocyte 1,Cholangiocyte,0.000141089383212429,0.000169333912673949,4.09247236447317e-05,6.40217899349927e-05,all4,2,2,2,2,0.000155211647943189,5.24732567898622e-05,0.000141089383212429,0.000169333912673949,4.09247236447317e-05,6.40217899349927e-05,1.56373247530738,TRUE,TRUE,FALSE,TRUE,irHepatitis,
CCL5-CCR1,Macrophage 1,Macrophage 1,7.47659334267132e-05,0.000106787974118339,3.61288491475468e-05,2.52379321625594e-05,all4,2,2,2,2,9.07769537725261e-05,3.06833906550531e-05,7.47659334267132e-05,0.000106787974118339,2.52379321625594e-05,3.61288491475468e-05,1.56341480307596,TRUE,TRUE,FALSE,TRUE,irHepatitis,
CCL16-CCR1,IgG+ plasmablast / plasma cell,Macrophage 1,1.52811719181422e-05,3.44530153197203e-05,7.93524391622869e-06,8.84730849255114e-06,all4,2,2,2,2,2.48670936189313e-05,8.39127620438991e-06,1.52811719181422e-05,3.44530153197203e-05,7.93524391622869e-06,8.84730849255114e-06,1.56197124110969,TRUE,TRUE,FALSE,TRUE,irHepatitis,
CCL15-CCR1,Stellate cell,Hepatocyte 1,1.86111537796494e-06,9.90309416846316e-07,3.07907206167334e-07,5.98630129177842e-07,all4,2,2,2,2,1.42571239740563e-06,4.53268667672588e-07,9.90309416846316e-07,1.86111537796494e-06,3.07907206167334e-07,5.98630129177842e-07,1.55819549301122,TRUE,TRUE,FALSE,TRUE,irHepatitis,
VEGFA-FLT1,Hepatocyte 1,Stellate cell,0.000104111935714048,9.96692251058272e-05,3.56899392585449e-05,3.34645718517442e-05,all4,2,2,2,2,0.000101890580409938,3.45772555551446e-05,9.96692251058272e-05,0.000104111935714048,3.34645718517442e-05,3.56899392585449e-05,1.55783820395766,TRUE,TRUE,FALSE,TRUE,irHepatitis,
FN1-SDC1,Sinusoidal endothelial cell,Hepatocyte 3,6.66053683687046e-05,9.70499051076635e-05,2.19912114319656e-05,3.3677963461495e-05,all4,2,2,2,2,8.1827636738184e-05,2.78345874467303e-05,6.66053683687046e-05,9.70499051076635e-05,2.19912114319656e-05,3.3677963461495e-05,1.55411275995906,TRUE,TRUE,FALSE,TRUE,irHepatitis,
FN1-SDC1,Stellate cell,Cholangiocyte,0.000194568197847656,0.000335646293441727,0.000101449077527021,7.95374002922773e-05,all4,2,2,2,2,0.000265107245644691,9.0493238909649e-05,0.000194568197847656,0.000335646293441727,7.95374002922773e-05,0.000101449077527021,1.55020355607134,TRUE,TRUE,FALSE,TRUE,irHepatitis,
CSF1-CSF1R,Stellate cell,CD8+ T cell 3,8.94533344559316e-05,0.000139283987741126,4.10419275569546e-05,3.70276319889973e-05,all4,2,2,2,2,0.000114368661098529,3.90347797729759e-05,8.94533344559316e-05,0.000139283987741126,3.70276319889973e-05,4.10419275569546e-05,1.54972277961393,TRUE,TRUE,FALSE,TRUE,irHepatitis,
HLA-B-CD8A,CD8+ T cell 3,CD8+ T cell 2,0.000398343109746544,0.000397966034988632,0.000161046837699659,0.000111169671640691,all4,2,2,2,2,0.000398154572367588,0.000136108254670175,0.000397966034988632,0.000398343109746544,0.000111169671640691,0.000161046837699659,1.54824806725561,TRUE,TRUE,FALSE,TRUE,irHepatitis,
HLA-B-CD8A,CD8+ T cell 1,CD8+ T cell 2,0.000369565020298765,0.000306711926580579,0.000129025391606407,0.000102436443408213,all4,2,2,2,2,0.000338138473439672,0.00011573091750731,0.000306711926580579,0.000369565020298765,0.000102436443408213,0.000129025391606407,1.54645670729735,TRUE,TRUE,FALSE,TRUE,irHepatitis,
IL15-IL15RA_IL2RB_IL2RG,CD8+ T cell 1,Hepatocyte 2,0,0,1.45691926971263e-07,3.37914282449037e-08,all4,2,2,2,2,0,8.97416776080836e-08,0,0,3.37914282449037e-08,1.45691926971263e-07,-1.5459724076567,TRUE,FALSE,TRUE,TRUE,AIH,
CCL5-CCR1,IgG+ plasmablast / plasma cell,Macrophage 2,2.33897786876388e-05,3.78139364756642e-05,1.09323104572185e-05,9.97932583260641e-06,all4,2,2,2,2,3.06018575816515e-05,1.04558181449125e-05,2.33897786876388e-05,3.78139364756642e-05,9.97932583260641e-06,1.09323104572185e-05,1.54508026430609,TRUE,TRUE,FALSE,TRUE,irHepatitis,
CSF1-CSF1R,Stellate cell,Vascular endothelial cell,6.09279706681847e-05,4.46541212378277e-05,1.80452906136802e-05,1.81103095827318e-05,all4,2,2,2,2,5.27910459530062e-05,1.8077800098206e-05,4.46541212378277e-05,6.09279706681847e-05,1.80452906136802e-05,1.81103095827318e-05,1.54362561363157,TRUE,TRUE,FALSE,TRUE,irHepatitis,
IL15-IL15RA_IL2RB_IL2RG,Hepatocyte 2,Vascular endothelial cell,0,0,2.3243421166884e-08,1.55669023663925e-07,all4,2,2,2,2,0,8.94562224154043e-08,0,0,2.3243421166884e-08,1.55669023663925e-07,-1.5429518169769,TRUE,FALSE,TRUE,TRUE,AIH,
MHC-I,Macrophage 2,Macrophage 2,8.83495623098997e-05,0.000111215021347646,3.83826250482874e-05,3.01208853691585e-05,all4,2,2,2,2,9.97822918287728e-05,3.4251755208723e-05,8.83495623098997e-05,0.000111215021347646,3.01208853691585e-05,3.83826250482874e-05,1.54131414565609,TRUE,TRUE,FALSE,TRUE,irHepatitis,
HLA-B-CD8A,Hepatocyte 1,Cholangiocyte,2.23106761152375e-05,2.49419514083307e-05,7.37419288487216e-06,8.79959632512463e-06,all4,2,2,2,2,2.36263137617841e-05,8.0868946049984e-06,2.23106761152375e-05,2.49419514083307e-05,7.37419288487216e-06,8.79959632512463e-06,1.54127370609134,TRUE,TRUE,FALSE,TRUE,irHepatitis,
HLA-B-CD8A,Cholangiocyte,Vascular endothelial cell,0.000105069298729431,5.08240970656703e-05,2.91118436453133e-05,2.44308458511148e-05,all4,2,2,2,2,7.79466978975505e-05,2.6771344748214e-05,5.08240970656703e-05,0.000105069298729431,2.44308458511148e-05,2.91118436453133e-05,1.54014652772284,TRUE,TRUE,FALSE,TRUE,irHepatitis,
HLA-B-CD8A,CD8+ T cell 2,CD8+ T cell 1,0.000367799972345849,0.000318765588723422,0.000128973415107487,0.000107175301831656,all4,2,2,2,2,0.000343282780534635,0.000118074358469571,0.000318765588723422,0.000367799972345849,0.000107175301831656,0.000128973415107487,1.53932722992587,TRUE,TRUE,FALSE,TRUE,irHepatitis,
MHC-I,IgG+ plasmablast / plasma cell,Hepatocyte 3,5.05338708395179e-06,4.01885623369844e-06,1.919028416498e-05,7.35598009974337e-06,all4,2,2,2,2,4.53612165882511e-06,1.32731321323617e-05,4.01885623369844e-06,5.05338708395179e-06,7.35598009974337e-06,1.919028416498e-05,-1.53925953827464,TRUE,FALSE,TRUE,TRUE,AIH,
CCL15-CCR1,CD8+ T cell 2,CD4+ T cell,2.24462417927817e-05,9.85125201587433e-06,5.5354083578268e-06,5.517875105672e-06,all4,2,2,2,2,1.6148746904328e-05,5.5266417317494e-06,9.85125201587433e-06,2.24462417927817e-05,5.517875105672e-06,5.5354083578268e-06,1.53896692353515,TRUE,TRUE,FALSE,TRUE,irHepatitis,
FN1-CD44,Hepatocyte 1,Sinusoidal endothelial cell,1.87753267158565e-05,1.77825116672107e-05,6.97556610089129e-05,3.65068006027537e-05,all4,2,2,2,2,1.82789191915336e-05,5.31312308058333e-05,1.77825116672107e-05,1.87753267158565e-05,3.65068006027537e-05,6.97556610089129e-05,-1.5369636193641,TRUE,FALSE,TRUE,TRUE,AIH,
MHC-I,Vascular endothelial cell,Cholangiocyte,0.000120046599718964,0.000111745168889587,4.28429929453836e-05,3.6997918399187e-05,all4,2,2,2,2,0.000115895884304276,3.99204556722853e-05,0.000111745168889587,0.000120046599718964,3.6997918399187e-05,4.28429929453836e-05,1.53652278601994,TRUE,TRUE,FALSE,TRUE,irHepatitis,
CCL15-CCR1,CD8+ T cell 2,CD8+ T cell 3,5.33028804901174e-05,9.75170521715936e-05,3.4225477943186e-05,1.7714288052468e-05,all4,2,2,2,2,7.54099663308555e-05,2.5969882997827e-05,5.33028804901174e-05,9.75170521715936e-05,1.7714288052468e-05,3.4225477943186e-05,1.53621540888988,TRUE,TRUE,FALSE,TRUE,irHepatitis,
CCL16-CCR1,CD4+ T cell,Sinusoidal endothelial cell,4.98581313976937e-07,1.55017104272955e-07,8.84108779133804e-07,1.18808428510234e-06,all4,2,2,2,2,3.26799209124946e-07,1.03609653211807e-06,1.55017104272955e-07,4.98581313976937e-07,8.84108779133804e-07,1.18808428510234e-06,-1.53548322252774,TRUE,FALSE,TRUE,TRUE,AIH,
CCL5-CCR1,Vascular endothelial cell,IgG+ plasmablast / plasma cell,2.21953301820447e-05,9.56472431737907e-06,4.77681480260789e-06,6.11884731459993e-06,all4,2,2,2,2,1.58800272497119e-05,5.44783105860391e-06,9.56472431737907e-06,2.21953301820447e-05,4.77681480260789e-06,6.11884731459993e-06,1.53537465515964,TRUE,TRUE,FALSE,TRUE,irHepatitis,
CCL15-CCR1,Hepatocyte 3,IgM+ B cell,4.72077054551599e-06,1.0654079446478e-05,1.4140956193846e-06,3.83324312430323e-06,all4,2,2,2,2,7.687424995997e-06,2.62366937184391e-06,4.72077054551599e-06,1.0654079446478e-05,1.4140956193846e-06,3.83324312430323e-06,1.53418452805452,TRUE,TRUE,FALSE,TRUE,irHepatitis,
MHC-I,Vascular endothelial cell,Macrophage 1,6.28623324499713e-05,3.64529561900545e-05,1.98329894086737e-05,1.43988211999535e-05,all4,2,2,2,2,4.96576443200129e-05,1.71159053043136e-05,3.64529561900545e-05,6.28623324499713e-05,1.43988211999535e-05,1.98329894086737e-05,1.53410116558402,TRUE,TRUE,FALSE,TRUE,irHepatitis,
CSF1-CSF1R,Vascular endothelial cell,Macrophage 2,0.000194368857523005,0.000238843158059195,6.8807813647566e-05,8.08450701642107e-05,all4,2,2,2,2,0.0002166060077911,7.48264419058883e-05,0.000194368857523005,0.000238843158059195,6.8807813647566e-05,8.08450701642107e-05,1.53286355960253,TRUE,TRUE,FALSE,TRUE,irHepatitis,
FN1-CD44,Hepatocyte 4,Sinusoidal endothelial cell,1.68506717958089e-05,1.76814163059873e-05,6.27736829001639e-05,3.71344042212826e-05,all4,2,2,2,2,1.72660440508981e-05,4.99540435607233e-05,1.68506717958089e-05,1.76814163059873e-05,3.71344042212826e-05,6.27736829001639e-05,-1.53011294777513,TRUE,FALSE,TRUE,TRUE,AIH,
MHC-I,IgM+ B cell,Macrophage 2,8.35186798671789e-05,6.65178466679879e-05,2.83592720951846e-05,2.35324204019212e-05,all4,2,2,2,2,7.50182632675834e-05,2.59458462485529e-05,6.65178466679879e-05,8.35186798671789e-05,2.35324204019212e-05,2.83592720951846e-05,1.53004025490296,TRUE,TRUE,FALSE,TRUE,irHepatitis,
CSF1-CSF1R,Sinusoidal endothelial cell,Hepatocyte 4,6.1282689753475e-05,3.37258059952276e-05,1.60888620970534e-05,1.67806272340946e-05,all4,2,2,2,2,4.75042478743513e-05,1.6434744665574e-05,3.37258059952276e-05,6.1282689753475e-05,1.60888620970534e-05,1.67806272340946e-05,1.52862909118275,TRUE,TRUE,FALSE,TRUE,irHepatitis,
CSF1-CSF1R,Cholangiocyte,Vascular endothelial cell,9.19690580618652e-05,3.97376651947466e-05,3.00645360869298e-05,1.55686118483007e-05,all4,2,2,2,2,6.58533616283059e-05,2.28165739676153e-05,3.97376651947466e-05,9.19690580618652e-05,1.55686118483007e-05,3.00645360869298e-05,1.52724614650702,TRUE,TRUE,FALSE,TRUE,irHepatitis,
HLA-B-CD8A,Macrophage 1,Macrophage 2,6.63217792311599e-05,4.78982855812861e-05,2.15613323354752e-05,1.80190653897473e-05,all4,2,2,2,2,5.7110032406223e-05,1.97901988626112e-05,4.78982855812861e-05,6.63217792311599e-05,1.80190653897473e-05,2.15613323354752e-05,1.52673502532632,TRUE,TRUE,FALSE,TRUE,irHepatitis,
CSF1-CSF1R,Hepatocyte 1,Hepatocyte 3,5.69897080592331e-06,2.03531949828851e-06,1.39584697217714e-05,8.49510869422156e-06,all4,2,2,2,2,3.86714515210591e-06,1.12267892079965e-05,2.03531949828851e-06,5.69897080592331e-06,8.49510869422156e-06,1.39584697217714e-05,-1.52626583591038,TRUE,FALSE,TRUE,TRUE,AIH,
MHC-I,Stellate cell,Sinusoidal endothelial cell,7.94199510151617e-06,1.54446781189749e-05,4.32011663958726e-05,2.43119007419855e-05,all4,2,2,2,2,1.16933366102455e-05,3.37565335689291e-05,7.94199510151617e-06,1.54446781189749e-05,2.43119007419855e-05,4.32011663958726e-05,-1.52572112288502,TRUE,FALSE,TRUE,TRUE,AIH,
FN1-CD44,Macrophage 2,CD8+ T cell 1,2.35427416066817e-05,3.17960481186746e-05,9.14417713213343e-06,1.00338806323962e-05,all4,2,2,2,2,2.76693948626781e-05,9.58902888226482e-06,2.35427416066817e-05,3.17960481186746e-05,9.14417713213343e-06,1.00338806323962e-05,1.52425436061147,TRUE,TRUE,FALSE,TRUE,irHepatitis,
CCL14-CCR1,IgG+ B cell,Macrophage 2,1.25511545626849e-05,1.69889487383371e-05,4.62451706546407e-06,5.60942650046338e-06,all4,2,2,2,2,1.4770051650511e-05,5.11697178296372e-06,1.25511545626849e-05,1.69889487383371e-05,4.62451706546407e-06,5.60942650046338e-06,1.52075265821316,TRUE,TRUE,FALSE,TRUE,irHepatitis,
CCL16-CCR1,Cholangiocyte,Macrophage 1,5.80214795082035e-05,2.51508709179549e-05,5.74178748947032e-06,2.32683424094235e-05,all4,2,2,2,2,4.15861752130792e-05,1.45050649494469e-05,2.51508709179549e-05,5.80214795082035e-05,5.74178748947032e-06,2.32683424094235e-05,1.51652645499332,TRUE,TRUE,FALSE,TRUE,irHepatitis,
MHC-I,Macrophage 2,IgG+ plasmablast / plasma cell,6.81913299957181e-05,0.00012209092144382,3.66308716709066e-05,2.98406379062562e-05,all4,2,2,2,2,9.51411257197692e-05,3.32357547885814e-05,6.81913299957181e-05,0.00012209092144382,2.98406379062562e-05,3.66308716709066e-05,1.5160140882516,TRUE,TRUE,FALSE,TRUE,irHepatitis,
HLA-B-CD8A,Stellate cell,CD4+ T cell,8.1572649747781e-05,0.000115989261113616,3.4779640206663e-05,3.42693423065855e-05,all4,2,2,2,2,9.87809554306987e-05,3.45244912566242e-05,8.1572649747781e-05,0.000115989261113616,3.42693423065855e-05,3.4779640206663e-05,1.51534340551137,TRUE,TRUE,FALSE,TRUE,irHepatitis,
FN1-CD44,IgG+ B cell,Macrophage 1,1.50663630913844e-05,1.13758506212172e-05,6.24758329878837e-06,2.95111640669304e-06,all4,2,2,2,2,1.32211068563008e-05,4.59934985274071e-06,1.13758506212172e-05,1.50663630913844e-05,2.95111640669304e-06,6.24758329878837e-06,1.51384525256073,TRUE,TRUE,FALSE,TRUE,irHepatitis,
IL15-IL15RA_IL2RB_IL2RG,Stellate cell,CD8+ T cell 2,8.03126130145622e-06,1.12619444986741e-05,2.30422706679354e-06,4.39361554200508e-06,all4,2,2,2,2,9.64660290006517e-06,3.34892130439931e-06,8.03126130145622e-06,1.12619444986741e-05,2.30422706679354e-06,4.39361554200508e-06,1.51330164961191,TRUE,TRUE,FALSE,TRUE,irHepatitis,
FN1-CD44,CD8+ T cell 2,Hepatocyte 2,4.80000711708642e-06,3.65355536781826e-06,1.65227648582302e-05,7.71874092893926e-06,all4,2,2,2,2,4.22678124245234e-06,1.21207528935847e-05,3.65355536781826e-06,4.80000711708642e-06,7.71874092893926e-06,1.65227648582302e-05,-1.50953467674458,TRUE,FALSE,TRUE,TRUE,AIH,
VEGFA-FLT1,Hepatocyte 3,Hepatocyte 1,1.39064924650785e-05,1.02653517643279e-05,4.30234426818837e-06,4.1380644560136e-06,all4,2,2,2,2,1.20859221147032e-05,4.22020436210098e-06,1.02653517643279e-05,1.39064924650785e-05,4.1380644560136e-06,4.30234426818837e-06,1.50762087665315,TRUE,TRUE,FALSE,TRUE,irHepatitis,
MHC-I,Hepatocyte 3,IgG+ plasmablast / plasma cell,3.05333498451642e-06,5.79020678859462e-06,1.83851521593747e-05,6.92651654708083e-06,all4,2,2,2,2,4.42177088655552e-06,1.26558343532277e-05,3.05333498451642e-06,5.79020678859462e-06,6.92651654708083e-06,1.83851521593747e-05,-1.50725481057459,TRUE,FALSE,TRUE,TRUE,AIH,
FN1-SDC1,Hepatocyte 1,Macrophage 2,6.80219440235678e-05,6.91537139245981e-05,1.61103487070081e-05,3.2098651918967e-05,all4,2,2,2,2,6.85878289740829e-05,2.41045003129875e-05,6.80219440235678e-05,6.91537139245981e-05,1.61103487070081e-05,3.2098651918967e-05,1.50683810535829,TRUE,TRUE,FALSE,TRUE,irHepatitis,
CCL14-CCR1,Sinusoidal endothelial cell,Cholangiocyte,6.78532148514174e-05,2.90005129180388e-05,1.58824190465409e-05,1.81512767671721e-05,all4,2,2,2,2,4.84268638847281e-05,1.70168479068565e-05,2.90005129180388e-05,6.78532148514174e-05,1.58824190465409e-05,1.81512767671721e-05,1.5062783034337,TRUE,TRUE,FALSE,TRUE,irHepatitis,
CCL14-CCR1,Stellate cell,Cholangiocyte,2.71144526113817e-05,1.60038374815795e-05,5.74566507233693e-06,9.37579071914894e-06,all4,2,2,2,2,2.15591450464806e-05,7.56072789574293e-06,1.60038374815795e-05,2.71144526113817e-05,5.74566507233693e-06,9.37579071914894e-06,1.50593605229901,TRUE,TRUE,FALSE,TRUE,irHepatitis,
CCL15-CCR1,Hepatocyte 3,Macrophage 2,1.48760715723854e-05,1.72741988732323e-05,3.77727569847759e-06,7.49963209360968e-06,all4,2,2,2,2,1.60751352228088e-05,5.63845389604363e-06,1.48760715723854e-05,1.72741988732323e-05,3.77727569847759e-06,7.49963209360968e-06,1.50373806009697,TRUE,TRUE,FALSE,TRUE,irHepatitis,
CCL16-CCR1,IgM+ B cell,Stellate cell,3.14214036832219e-06,3.79688168529421e-06,7.72148401468553e-07,1.61647999642611e-06,all4,2,2,2,2,3.4695110268082e-06,1.19431419894733e-06,3.14214036832219e-06,3.79688168529421e-06,7.72148401468553e-07,1.61647999642611e-06,1.50247175290428,TRUE,TRUE,FALSE,TRUE,irHepatitis,
CCL15-CCR1,Cholangiocyte,Macrophage 1,2.70870183247828e-05,1.71249919629351e-05,3.63662192560679e-06,1.1909223862121e-05,all4,2,2,2,2,2.2106005143859e-05,7.77292289386392e-06,1.71249919629351e-05,2.70870183247828e-05,3.63662192560679e-06,1.1909223862121e-05,1.50230713691797,TRUE,TRUE,FALSE,TRUE,irHepatitis,
CCL5-CCR1,Stellate cell,CD8+ T cell 3,2.40754819468691e-05,1.59470870169586e-05,8.37113821165434e-06,5.70343863716776e-06,all4,2,2,2,2,2.00112844819139e-05,7.03728842441105e-06,1.59470870169586e-05,2.40754819468691e-05,5.70343863716776e-06,8.37113821165434e-06,1.50153758170261,TRUE,TRUE,FALSE,TRUE,irHepatitis,
CCL14-CCR1,Stellate cell,Macrophage 1,0.000115623068911836,7.46849756677714e-05,3.1157617141735e-05,3.60449048687074e-05,all4,2,2,2,2,9.51540222898039e-05,3.36012610052212e-05,7.46849756677714e-05,0.000115623068911836,3.1157617141735e-05,3.60449048687074e-05,1.50045232006351,TRUE,TRUE,FALSE,TRUE,irHepatitis,
CCL14-CCR1,CD8+ T cell 3,CD8+ T cell 2,2.37059927770701e-05,2.32057067978143e-05,7.6717026077785e-06,8.86590451426809e-06,all4,2,2,2,2,2.34558497874422e-05,8.2688035610233e-06,2.32057067978143e-05,2.37059927770701e-05,7.6717026077785e-06,8.86590451426809e-06,1.49893723329526,TRUE,TRUE,FALSE,TRUE,irHepatitis,
FN1-CD44,Stellate cell,Hepatocyte 4,1.30967924474522e-06,8.48528835886654e-07,3.06369194363357e-06,3.20614397491939e-06,all4,2,2,2,2,1.07910404031594e-06,3.13491795927648e-06,8.48528835886654e-07,1.30967924474522e-06,3.06369194363357e-06,3.20614397491939e-06,-1.49877154572928,TRUE,FALSE,TRUE,TRUE,AIH,
HLA-B-CD8A,CD8+ T cell 3,Macrophage 1,0.000131008706603877,8.41298732965539e-05,4.63791439822317e-05,2.96926579739564e-05,all4,2,2,2,2,0.000107569289950215,3.8035900978094e-05,8.41298732965539e-05,0.000131008706603877,2.96926579739564e-05,4.63791439822317e-05,1.49868754816442,TRUE,TRUE,FALSE,TRUE,irHepatitis,
FN1-SDC1,Hepatocyte 2,Cholangiocyte,0.000109493593230847,0.000155322910701402,4.10453582757517e-05,5.27108314965165e-05,all4,2,2,2,2,0.000132408251966124,4.68780948861341e-05,0.000109493593230847,0.000155322910701402,4.10453582757517e-05,5.27108314965165e-05,1.49707863814122,TRUE,TRUE,FALSE,TRUE,irHepatitis,
CSF1-CSF1R,Sinusoidal endothelial cell,Hepatocyte 2,4.64703560025278e-05,3.28665302376146e-05,1.39069766791038e-05,1.4223670532604e-05,all4,2,2,2,2,3.96684431200712e-05,1.40653236058539e-05,3.28665302376146e-05,4.64703560025278e-05,1.39069766791038e-05,1.4223670532604e-05,1.49276166979475,TRUE,TRUE,FALSE,TRUE,irHepatitis,
CSF1-CSF1R,CD4+ T cell,IgM+ B cell,0.000153035047526632,4.52521457811555e-05,3.28244866782595e-05,3.76997386247748e-05,all4,2,2,2,2,9.91435966538939e-05,3.52621126515171e-05,4.52521457811555e-05,0.000153035047526632,3.28244866782595e-05,3.76997386247748e-05,1.49016962806243,TRUE,TRUE,FALSE,TRUE,irHepatitis,
CSF1-CSF1R,Sinusoidal endothelial cell,Vascular endothelial cell,2.67269869453113e-05,8.18025268748426e-06,4.63949162204245e-06,7.72938979423261e-06,all4,2,2,2,2,1.74536198163978e-05,6.18444070813753e-06,8.18025268748426e-06,2.67269869453113e-05,4.63949162204245e-06,7.72938979423261e-06,1.48980708475272,TRUE,TRUE,FALSE,TRUE,irHepatitis,
HLA-B-CD8A,Macrophage 1,CD8+ T cell 2,0.000361990928230504,0.000406956092156493,0.000156606569001285,0.000117823912344062,all4,2,2,2,2,0.000384473510193498,0.000137215240672674,0.000361990928230504,0.000406956092156493,0.000117823912344062,0.000156606569001285,1.48612749800842,TRUE,TRUE,FALSE,TRUE,irHepatitis,
CCL5-CCR1,Macrophage 2,IgM+ B cell,2.41229175216184e-05,9.58786351465977e-06,6.73822533147996e-06,5.25159056887173e-06,all4,2,2,2,2,1.68553905181391e-05,5.99490795017585e-06,9.58786351465977e-06,2.41229175216184e-05,5.25159056887173e-06,6.73822533147996e-06,1.4841910453975,TRUE,TRUE,FALSE,TRUE,irHepatitis,
CCL15-CCR1,CD8+ T cell 2,Macrophage 2,3.63468452978164e-05,3.22442264771377e-05,1.0880254067598e-05,1.35996297943111e-05,all4,2,2,2,2,3.4295535887477e-05,1.22399419309545e-05,3.22442264771377e-05,3.63468452978164e-05,1.0880254067598e-05,1.35996297943111e-05,1.48289026891688,TRUE,TRUE,FALSE,TRUE,irHepatitis,
FN1-CD44,IgM+ B cell,IgM+ B cell,0.000178414482028459,0.000107576845998252,3.83194599448733e-05,6.40405359068141e-05,all4,2,2,2,2,0.000142995664013356,5.11799979258437e-05,0.000107576845998252,0.000178414482028459,3.83194599448733e-05,6.40405359068141e-05,1.48147395327201,TRUE,TRUE,FALSE,TRUE,irHepatitis,
CSF1-CSF1R,Macrophage 1,Macrophage 2,4.41542843806135e-05,3.50487094337832e-05,1.3158735117945e-05,1.51543381373373e-05,all4,2,2,2,2,3.96014969071983e-05,1.41565366276411e-05,3.50487094337832e-05,4.41542843806135e-05,1.3158735117945e-05,1.51543381373373e-05,1.48103290528482,TRUE,TRUE,FALSE,TRUE,irHepatitis,
MHC-I,Macrophage 1,CD8+ T cell 1,0.000310428482341086,0.00064406680107487,0.000182752308532417,0.000159439722837287,all4,2,2,2,2,0.000477247641707978,0.000171096015684852,0.000310428482341086,0.00064406680107487,0.000159439722837287,0.000182752308532417,1.47967912726175,TRUE,TRUE,FALSE,TRUE,irHepatitis,
FN1-SDC1,Hepatocyte 1,Sinusoidal endothelial cell,0.000165461043838889,0.000268277465886726,7.77839832122655e-05,7.77003626200337e-05,all4,2,2,2,2,0.000216869254862808,7.77421729161496e-05,0.000165461043838889,0.000268277465886726,7.77003626200337e-05,7.77839832122655e-05,1.47949998391523,TRUE,TRUE,FALSE,TRUE,irHepatitis,
CCL16-CCR1,IgM+ B cell,CD4+ T cell,1.18276606587205e-05,6.92243702206572e-06,1.55658941973543e-06,5.11220990385555e-06,all4,2,2,2,2,9.3750488403931e-06,3.33439966179549e-06,6.92243702206572e-06,1.18276606587205e-05,1.55658941973543e-06,5.11220990385555e-06,1.4784913187014,TRUE,TRUE,FALSE,TRUE,irHepatitis,
VEGFA-FLT1,Stellate cell,Hepatocyte 1,8.66188528126297e-06,7.05525908292197e-06,2.75794567962419e-06,2.82453255807303e-06,all4,2,2,2,2,7.85857218209247e-06,2.79123911884861e-06,7.05525908292197e-06,8.66188528126297e-06,2.75794567962419e-06,2.82453255807303e-06,1.47795837742925,TRUE,TRUE,FALSE,TRUE,irHepatitis,
MHC-I,CD8+ T cell 1,Macrophage 2,7.23848974312976e-05,6.91471829981816e-05,2.73876327381947e-05,2.33776545044743e-05,all4,2,2,2,2,7.07660402147396e-05,2.53826436213345e-05,6.91471829981816e-05,7.23848974312976e-05,2.33776545044743e-05,2.73876327381947e-05,1.47751325727578,TRUE,TRUE,FALSE,TRUE,irHepatitis,
IL15-IL15RA_IL2RB_IL2RG,Vascular endothelial cell,CD8+ T cell 1,1.06386271398248e-05,6.66580197980811e-06,3.02436990894717e-06,3.13219727157383e-06,all4,2,2,2,2,8.65221455981646e-06,3.0782835902605e-06,6.66580197980811e-06,1.06386271398248e-05,3.02436990894717e-06,3.13219727157383e-06,1.47697487149873,TRUE,TRUE,FALSE,TRUE,irHepatitis,
HLA-B-CD8A,IgM+ B cell,Sinusoidal endothelial cell,6.41542628818818e-06,1.28796767023123e-06,1.29101474650964e-05,8.68360289367895e-06,all4,2,2,2,2,3.8516969792097e-06,1.07968751793877e-05,1.28796767023123e-06,6.41542628818818e-06,8.68360289367895e-06,1.29101474650964e-05,-1.47587804161904,TRUE,FALSE,TRUE,TRUE,AIH,
IL15-IL15RA_IL2RB_IL2RG,CD8+ T cell 1,CD8+ T cell 1,1.29387394945519e-05,1.34271463418415e-05,4.52028825771263e-06,4.90165808885423e-06,all4,2,2,2,2,1.31829429181967e-05,4.71097317328343e-06,1.29387394945519e-05,1.34271463418415e-05,4.52028825771263e-06,4.90165808885423e-06,1.47543822997903,TRUE,TRUE,FALSE,TRUE,irHepatitis,
CSF1-CSF1R,Hepatocyte 2,Hepatocyte 2,6.20703549451585e-06,3.44846626711426e-06,1.88916090516053e-05,8.09579627865655e-06,all4,2,2,2,2,4.82775088081506e-06,1.34937026651309e-05,3.44846626711426e-06,6.20703549451585e-06,8.09579627865655e-06,1.88916090516053e-05,-1.4739514068083,TRUE,FALSE,TRUE,TRUE,AIH,
CCL5-CCR1,Cholangiocyte,Hepatocyte 2,7.42531610073388e-07,1.44840760496129e-06,4.5787500718725e-07,2.71121467121197e-07,all4,2,2,2,2,1.09546960751734e-06,3.64498237154224e-07,7.42531610073388e-07,1.44840760496129e-06,2.71121467121197e-07,4.5787500718725e-07,1.47378052685186,TRUE,TRUE,FALSE,TRUE,irHepatitis,
FN1-SDC1,CD8+ T cell 3,Cholangiocyte,0.00013476176116345,7.92027880320944e-05,3.30050288206901e-05,4.4021122650373e-05,all4,2,2,2,2,0.000106982274597772,3.85130757355316e-05,7.92027880320944e-05,0.00013476176116345,3.30050288206901e-05,4.4021122650373e-05,1.47283188250703,TRUE,TRUE,FALSE,TRUE,irHepatitis,
MHC-I,Hepatocyte 1,Cholangiocyte,2.23106761152375e-05,3.6106198680582e-05,9.62569715082148e-06,1.1364990694944e-05,all4,2,2,2,2,2.92084373979098e-05,1.04953439228827e-05,2.23106761152375e-05,3.6106198680582e-05,9.62569715082148e-06,1.1364990694944e-05,1.47253186166385,TRUE,TRUE,FALSE,TRUE,irHepatitis,
CCL5-CCR1,Stellate cell,CD8+ T cell 1,1.61334155997566e-05,1.54504821052554e-05,6.39301287125714e-06,4.93372422847747e-06,all4,2,2,2,2,1.5791948852506e-05,5.66336854986731e-06,1.54504821052554e-05,1.61334155997566e-05,4.93372422847747e-06,6.39301287125714e-06,1.47186279369438,TRUE,TRUE,FALSE,TRUE,irHepatitis,
CCL5-CCR1,Cholangiocyte,Stellate cell,1.27308679269898e-05,1.04295979967563e-05,5.31513411869787e-06,2.98398249995001e-06,all4,2,2,2,2,1.15802329618731e-05,4.14955830932394e-06,1.04295979967563e-05,1.27308679269898e-05,2.98398249995001e-06,5.31513411869787e-06,1.4702863428616,TRUE,TRUE,FALSE,TRUE,irHepatitis,
CCL15-CCR1,Hepatocyte 1,Vascular endothelial cell,1.50156757593443e-05,7.18033175777926e-06,4.78904548600034e-06,3.16606168805991e-06,all4,2,2,2,2,1.10980037585618e-05,3.97755358703013e-06,7.18033175777926e-06,1.50156757593443e-05,3.16606168805991e-06,4.78904548600034e-06,1.46955592321583,TRUE,TRUE,FALSE,TRUE,irHepatitis,
VEGFA-FLT1,Hepatocyte 3,Hepatocyte 2,1.44105473101787e-05,1.68682373266201e-05,6.93481771634052e-06,4.30579118794991e-06,all4,2,2,2,2,1.56393923183994e-05,5.62030445214522e-06,1.44105473101787e-05,1.68682373266201e-05,4.30579118794991e-06,6.93481771634052e-06,1.46882120922201,TRUE,TRUE,FALSE,TRUE,irHepatitis,
CCL14-CCR1,Macrophage 1,CD8+ T cell 1,4.39187301432038e-05,3.68428119588489e-05,1.34028475926435e-05,1.57189480778327e-05,all4,2,2,2,2,4.03807710510263e-05,1.45608978352381e-05,3.68428119588489e-05,4.39187301432038e-05,1.34028475926435e-05,1.57189480778327e-05,1.46861446712185,TRUE,TRUE,FALSE,TRUE,irHepatitis,
CSF1-CSF1R,CD8+ T cell 3,CD8+ T cell 2,4.94063100420503e-05,4.30814270016594e-05,2.13087508988933e-05,1.20643590242478e-05,all4,2,2,2,2,4.62438685218549e-05,1.66865549615706e-05,4.30814270016594e-05,4.94063100420503e-05,1.20643590242478e-05,2.13087508988933e-05,1.46799795860418,TRUE,TRUE,FALSE,TRUE,irHepatitis,
FN1-CD44,CD8+ T cell 2,Cholangiocyte,5.47364221383528e-05,4.4052218703792e-05,2.4624773055472e-05,1.1051940149144e-05,all4,2,2,2,2,4.93943204210724e-05,1.7838356602308e-05,4.4052218703792e-05,5.47364221383528e-05,1.1051940149144e-05,2.4624773055472e-05,1.46695176273242,TRUE,TRUE,FALSE,TRUE,irHepatitis,
VEGFA-FLT1,Vascular endothelial cell,Macrophage 2,1.867053297944e-05,1.04194285774342e-05,4.90475643500268e-06,5.56311054190289e-06,all4,2,2,2,2,1.45449807784371e-05,5.23393348845278e-06,1.04194285774342e-05,1.867053297944e-05,4.90475643500268e-06,5.56311054190289e-06,1.46635613763137,TRUE,TRUE,FALSE,TRUE,irHepatitis,
CCL5-CCR1,IgG+ plasmablast / plasma cell,CD4+ T cell,2.0723488450057e-05,1.43727640130069e-05,6.23366953839978e-06,6.41702663958534e-06,all4,2,2,2,2,1.7548126231532e-05,6.32534808899256e-06,1.43727640130069e-05,2.0723488450057e-05,6.23366953839978e-06,6.41702663958534e-06,1.46531639226802,TRUE,TRUE,FALSE,TRUE,irHepatitis,
MHC-I,Vascular endothelial cell,IgM+ B cell,0.000158184937781755,0.000158675110225994,5.72136215964692e-05,5.74883234557406e-05,all4,2,2,2,2,0.000158430024003874,5.73509725261049e-05,0.000158184937781755,0.000158675110225994,5.72136215964692e-05,5.74883234557406e-05,1.46520617521319,TRUE,TRUE,FALSE,TRUE,irHepatitis,
CCL5-CCR1,Cholangiocyte,Hepatocyte 1,1.36471399370058e-06,1.66079290021675e-06,5.57852162565917e-07,4.79599767588218e-07,all4,2,2,2,2,1.51275344695867e-06,5.18725965077067e-07,1.36471399370058e-06,1.66079290021675e-06,4.79599767588218e-07,5.57852162565917e-07,1.46356497340783,TRUE,TRUE,FALSE,TRUE,irHepatitis,
VEGFA-FLT1,Macrophage 2,CD4+ T cell,8.52461000549249e-06,1.44103249743949e-05,3.8634062813508e-06,4.41071045692397e-06,all4,2,2,2,2,1.14674674899437e-05,4.13705836913739e-06,8.52461000549249e-06,1.44103249743949e-05,3.8634062813508e-06,4.41071045692397e-06,1.46052982859384,TRUE,TRUE,FALSE,TRUE,irHepatitis,
CSF1-CSF1R,IgG+ plasmablast / plasma cell,Macrophage 1,5.87424822510917e-05,4.49087416737716e-05,2.32933894683829e-05,1.43287562339177e-05,all4,2,2,2,2,5.18256119624317e-05,1.88110728511503e-05,4.49087416737716e-05,5.87424822510917e-05,1.43287562339177e-05,2.32933894683829e-05,1.45980341192052,TRUE,TRUE,FALSE,TRUE,irHepatitis,
VEGFA-FLT1,Hepatocyte 4,CD8+ T cell 2,6.88582237595464e-05,0.00014527216191772,5.54152191583799e-05,2.24272818820706e-05,all4,2,2,2,2,0.000107065192838633,3.89212505202253e-05,6.88582237595464e-05,0.00014527216191772,2.24272818820706e-05,5.54152191583799e-05,1.45875776442,TRUE,TRUE,FALSE,TRUE,irHepatitis,
VEGFA-FLT1,Hepatocyte 2,Vascular endothelial cell,9.75556554639044e-05,0.000123285800277132,3.49664444966634e-05,4.53877855588875e-05,all4,2,2,2,2,0.000110420727870518,4.01771150277755e-05,9.75556554639044e-05,0.000123285800277132,3.49664444966634e-05,4.53877855588875e-05,1.45749829931421,TRUE,TRUE,FALSE,TRUE,irHepatitis,
IL15-IL15RA_IL2RB_IL2RG,Hepatocyte 4,CD4+ T cell,1.26487612101285e-06,5.35216144168992e-09,2.37166145540604e-06,1.2797568861245e-06,all4,2,2,2,2,6.35114141227271e-07,1.82570917076527e-06,5.35216144168992e-09,1.26487612101285e-06,1.2797568861245e-06,2.37166145540604e-06,-1.45739114541275,TRUE,FALSE,TRUE,TRUE,AIH,
CCL5-CCR1,CD4+ T cell,Sinusoidal endothelial cell,2.15205285691377e-06,1.00865473966341e-06,4.82534091116526e-06,4.01708562535557e-06,all4,2,2,2,2,1.58035379828859e-06,4.42121326826042e-06,1.00865473966341e-06,2.15205285691377e-06,4.01708562535557e-06,4.82534091116526e-06,-1.45731652926181,TRUE,FALSE,TRUE,TRUE,AIH,
CCL14-CCR1,Hepatocyte 4,CD8+ T cell 2,5.52114506136489e-05,4.24727087721489e-05,2.54810813017651e-05,1.00641002205587e-05,all4,2,2,2,2,4.88420796928989e-05,1.77725907611619e-05,4.24727087721489e-05,5.52114506136489e-05,1.00641002205587e-05,2.54810813017651e-05,1.45606140723994,TRUE,TRUE,FALSE,TRUE,irHepatitis,
CCL14-CCR1,IgG+ B cell,Hepatocyte 3,4.36231311336214e-07,5.05361208408977e-08,9.7384660749988e-07,5.23744354555828e-07,all4,2,2,2,2,2.43383716088556e-07,7.48795481027854e-07,5.05361208408977e-08,4.36231311336214e-07,5.23744354555828e-07,9.7384660749988e-07,-1.45525722797119,TRUE,FALSE,TRUE,TRUE,AIH,
CCL16-CCR1,CD8+ T cell 1,CD8+ T cell 3,1.97537268186128e-05,1.6839127508832e-05,6.34359865259751e-06,6.94786410679901e-06,all4,2,2,2,2,1.82964271637224e-05,6.64573137969826e-06,1.6839127508832e-05,1.97537268186128e-05,6.34359865259751e-06,6.94786410679901e-06,1.45463175406382,TRUE,TRUE,FALSE,TRUE,irHepatitis,
MHC-I,Cholangiocyte,Hepatocyte 3,5.21932098634793e-06,5.00590834857624e-06,1.60382425760734e-05,1.21449792656759e-05,all4,2,2,2,2,5.11261466746209e-06,1.40916109208746e-05,5.00590834857624e-06,5.21932098634793e-06,1.21449792656759e-05,1.60382425760734e-05,-1.45435128040274,TRUE,FALSE,TRUE,TRUE,AIH,
HLA-B-CD8A,Hepatocyte 3,IgG+ B cell,1.04324187945586e-05,3.22381384085496e-05,1.01943892981034e-05,5.32910475756987e-06,all4,2,2,2,2,2.13352786015541e-05,7.76174702783666e-06,1.04324187945586e-05,3.22381384085496e-05,5.32910475756987e-06,1.01943892981034e-05,1.4532830849872,TRUE,TRUE,FALSE,TRUE,irHepatitis,
CCL16-CCR1,Sinusoidal endothelial cell,Hepatocyte 4,1.67849825077705e-05,9.83312803861056e-06,4.82251422534662e-06,4.84669458215293e-06,all4,2,2,2,2,1.33090552731906e-05,4.83460440374978e-06,9.83312803861056e-06,1.67849825077705e-05,4.82251422534662e-06,4.84669458215293e-06,1.45211538572939,TRUE,TRUE,FALSE,TRUE,irHepatitis,
CCL15-CCR1,Hepatocyte 4,CD4+ T cell,3.01994943357354e-06,4.41892408892679e-06,1.06938522396597e-05,9.81607805968114e-06,all4,2,2,2,2,3.71943676125016e-06,1.02549651496704e-05,3.01994943357354e-06,4.41892408892679e-06,9.81607805968114e-06,1.06938522396597e-05,-1.45171047301876,TRUE,FALSE,TRUE,TRUE,AIH,
FN1-CD44,Hepatocyte 2,Hepatocyte 1,1.24173114964099e-05,5.57040085006262e-06,3.53899506324312e-05,1.39538364837058e-05,all4,2,2,2,2,8.99385617323626e-06,2.46718935580685e-05,5.57040085006262e-06,1.24173114964099e-05,1.39538364837058e-05,3.53899506324312e-05,-1.45110914938441,TRUE,FALSE,TRUE,TRUE,AIH,
CCL5-CCR1,Hepatocyte 4,CD8+ T cell 1,1.58330314362201e-05,1.3043112906952e-05,7.25016463651612e-06,3.25425098758189e-06,all4,2,2,2,2,1.44380721715861e-05,5.25220781204901e-06,1.3043112906952e-05,1.58330314362201e-05,3.25425098758189e-06,7.25016463651612e-06,1.45076310851766,TRUE,TRUE,FALSE,TRUE,irHepatitis,
HLA-B-CD8A,CD4+ T cell,Vascular endothelial cell,0.000116315324467885,3.47569395667402e-05,3.04989290385213e-05,2.47182500010439e-05,all4,2,2,2,2,7.55361320173128e-05,2.76085895197826e-05,3.47569395667402e-05,0.000116315324467885,2.47182500010439e-05,3.04989290385213e-05,1.45050179878859,TRUE,TRUE,FALSE,TRUE,irHepatitis,
MHC-I,CD8+ T cell 1,Vascular endothelial cell,6.68778403716037e-05,2.72734467266298e-05,1.79424330664524e-05,1.65038050854472e-05,all4,2,2,2,2,4.70756435491168e-05,1.72231190759498e-05,2.72734467266298e-05,6.68778403716037e-05,1.65038050854472e-05,1.79424330664524e-05,1.44815619154331,TRUE,TRUE,FALSE,TRUE,irHepatitis,
HLA-B-CD8A,Hepatocyte 2,Cholangiocyte,1.83704057019626e-05,2.02747212288226e-05,7.18998562005482e-06,6.91462252174063e-06,all4,2,2,2,2,1.93225634653926e-05,7.05230407089773e-06,1.83704057019626e-05,2.02747212288226e-05,6.91462252174063e-06,7.18998562005482e-06,1.44807536603619,TRUE,TRUE,FALSE,TRUE,irHepatitis,
MHC-I,Stellate cell,IgM+ B cell,6.45829904376579e-05,9.65677538872023e-05,3.18342856121476e-05,2.72169800523313e-05,all4,2,2,2,2,8.05753721624301e-05,2.95256328322395e-05,6.45829904376579e-05,9.65677538872023e-05,2.72169800523313e-05,3.18342856121476e-05,1.4469255645997,TRUE,TRUE,FALSE,TRUE,irHepatitis,
MHC-I,IgG+ B cell,Cholangiocyte,8.43946996255458e-05,3.99845447817584e-05,2.90399168838661e-05,1.65288007254132e-05,all4,2,2,2,2,6.21896222036521e-05,2.27843588046397e-05,3.99845447817584e-05,8.43946996255458e-05,1.65288007254132e-05,2.90399168838661e-05,1.44675743046195,TRUE,TRUE,FALSE,TRUE,irHepatitis,
CCL5-CCR1,Stellate cell,IgG+ B cell,1.5384709798398e-06,6.9311615737329e-07,3.40143472183091e-06,2.84164387541108e-06,all4,2,2,2,2,1.11579356860654e-06,3.121539298621e-06,6.9311615737329e-07,1.5384709798398e-06,2.84164387541108e-06,3.40143472183091e-06,-1.44642694335836,TRUE,FALSE,TRUE,TRUE,AIH,
CSF1-CSF1R,CD4+ T cell,Hepatocyte 2,7.79318639602603e-07,5.24472938891405e-07,1.84942815562793e-06,1.8649223167567e-06,all4,2,2,2,2,6.51895789247004e-07,1.85717523619231e-06,5.24472938891405e-07,7.79318639602603e-07,1.84942815562793e-06,1.8649223167567e-06,-1.44635645759342,TRUE,FALSE,TRUE,TRUE,AIH,
FN1-CD44,Hepatocyte 4,Hepatocyte 3,5.35963110468701e-06,4.76532727246968e-06,1.90170386508936e-05,8.71103754674084e-06,all4,2,2,2,2,5.06247918857834e-06,1.38640380988172e-05,4.76532727246968e-06,5.35963110468701e-06,8.71103754674084e-06,1.90170386508936e-05,-1.44502833845076,TRUE,FALSE,TRUE,TRUE,AIH,
MHC-I,CD4+ T cell,Hepatocyte 2,3.60370596476278e-06,3.00246962506905e-06,1.2237119338291e-05,5.90763132176712e-06,all4,2,2,2,2,3.30308779491591e-06,9.07237533002904e-06,3.00246962506905e-06,3.60370596476278e-06,5.90763132176712e-06,1.2237119338291e-05,-1.44480686847364,TRUE,FALSE,TRUE,TRUE,AIH,
CCL15-CCR1,Hepatocyte 3,CD4+ T cell,4.74485188450068e-06,5.49928368801679e-06,1.17716736728696e-06,2.53592570250741e-06,all4,2,2,2,2,5.12206778625873e-06,1.85654653489719e-06,4.74485188450068e-06,5.49928368801679e-06,1.17716736728696e-06,2.53592570250741e-06,1.44133865782732,TRUE,TRUE,FALSE,TRUE,irHepatitis,
CSF1-CSF1R,Hepatocyte 3,IgG+ plasmablast / plasma cell,2.54931831844562e-06,2.03891806483288e-07,3.91591079893067e-06,3.71548251676431e-06,all4,2,2,2,2,1.37660506246446e-06,3.81569665784749e-06,2.03891806483288e-07,2.54931831844562e-06,3.71548251676431e-06,3.91591079893067e-06,-1.44022565072509,TRUE,FALSE,TRUE,TRUE,AIH,
VEGFA-FLT1,IgG+ plasmablast / plasma cell,Vascular endothelial cell,0.000224939192982433,0.000449347158092418,0.000107400412654965,0.000141037807351472,all4,2,2,2,2,0.000337143175537426,0.000124219110003219,0.000224939192982433,0.000449347158092418,0.000107400412654965,0.000141037807351472,1.44013150977643,TRUE,TRUE,FALSE,TRUE,irHepatitis,
HLA-B-CD8A,IgM+ B cell,Vascular endothelial cell,0.000106171236527944,3.10163289364766e-05,2.90060136480584e-05,2.15029547672129e-05,all4,2,2,2,2,6.85937827322103e-05,2.52544842076356e-05,3.10163289364766e-05,0.000106171236527944,2.15029547672129e-05,2.90060136480584e-05,1.43985333857901,TRUE,TRUE,FALSE,TRUE,irHepatitis,
MHC-I,IgG+ plasmablast / plasma cell,Macrophage 2,7.21983938096071e-05,5.50536280328431e-05,2.59162406152398e-05,2.09813904925532e-05,all4,2,2,2,2,6.36260109212251e-05,2.34488155538965e-05,5.50536280328431e-05,7.21983938096071e-05,2.09813904925532e-05,2.59162406152398e-05,1.43828820509063,TRUE,TRUE,FALSE,TRUE,irHepatitis,
CSF1-CSF1R,CD8+ T cell 1,IgG+ plasmablast / plasma cell,4.16196984567867e-05,6.88311223213969e-05,2.35104836712072e-05,1.71966491074265e-05,all4,2,2,2,2,5.52254103890918e-05,2.03535663893169e-05,4.16196984567867e-05,6.88311223213969e-05,1.71966491074265e-05,2.35104836712072e-05,1.43796191086715,TRUE,TRUE,FALSE,TRUE,irHepatitis,
VEGFA-FLT1,Macrophage 2,CD8+ T cell 3,1.07484885723405e-05,1.14155170286497e-05,4.37980782198835e-06,3.74773697767471e-06,all4,2,2,2,2,1.10820028004951e-05,4.06377239983153e-06,1.07484885723405e-05,1.14155170286497e-05,3.74773697767471e-06,4.37980782198835e-06,1.4369004146352,TRUE,TRUE,FALSE,TRUE,irHepatitis,
CSF1-CSF1R,Sinusoidal endothelial cell,CD8+ T cell 1,0.000101845511021634,0.000184625248204379,5.25323189672935e-05,5.32252175638342e-05,all4,2,2,2,2,0.000143235379613006,5.28787682655638e-05,0.000101845511021634,0.000184625248204379,5.25323189672935e-05,5.32252175638342e-05,1.43682345614456,TRUE,TRUE,FALSE,TRUE,irHepatitis,
CSF1-CSF1R,IgG+ plasmablast / plasma cell,Cholangiocyte,2.84977055621004e-05,8.33958817199987e-06,8.03585743139141e-06,5.51856450527248e-06,all4,2,2,2,2,1.84186468670502e-05,6.77721096833195e-06,8.33958817199987e-06,2.84977055621004e-05,5.51856450527248e-06,8.03585743139141e-06,1.43614426855524,TRUE,TRUE,FALSE,TRUE,irHepatitis,
MHC-I,Macrophage 1,Hepatocyte 3,7.87074321110447e-06,1.36040638886376e-05,3.80336741273794e-05,2.01748372235665e-05,all4,2,2,2,2,1.0737403549871e-05,2.91042556754729e-05,7.87074321110447e-06,1.36040638886376e-05,2.01748372235665e-05,3.80336741273794e-05,-1.43463353315069,TRUE,FALSE,TRUE,TRUE,AIH,
HLA-B-CD8A,Stellate cell,CD8+ T cell 1,0.000160087606679893,0.000255394147330083,7.90330369184164e-05,7.47255496588767e-05,all4,2,2,2,2,0.000207740877004988,7.68792932886465e-05,0.000160087606679893,0.000255394147330083,7.47255496588767e-05,7.90330369184164e-05,1.43356585467236,TRUE,TRUE,FALSE,TRUE,irHepatitis,
CSF1-CSF1R,Vascular endothelial cell,Cholangiocyte,8.89869036910453e-05,5.24844473908788e-05,2.45959109211734e-05,2.77278691090952e-05,all4,2,2,2,2,7.0735675540962e-05,2.61618900151343e-05,5.24844473908788e-05,8.89869036910453e-05,2.45959109211734e-05,2.77278691090952e-05,1.43334904480294,TRUE,TRUE,FALSE,TRUE,irHepatitis,
FN1-CD44,Hepatocyte 4,Hepatocyte 1,1.25718516511285e-05,6.96519461217574e-06,3.89074679828957e-05,1.40147735916187e-05,all4,2,2,2,2,9.76852313165211e-06,2.64611207872572e-05,6.96519461217574e-06,1.25718516511285e-05,1.40147735916187e-05,3.89074679828957e-05,-1.43332137428827,TRUE,FALSE,TRUE,TRUE,AIH,
FN1-SDC1,Hepatocyte 4,Sinusoidal endothelial cell,0.000141593338221023,0.000238503872856127,6.30331213275882e-05,7.78063034093891e-05,all4,2,2,2,2,0.000190048605538575,7.04197123684886e-05,0.000141593338221023,0.000238503872856127,6.30331213275882e-05,7.78063034093891e-05,1.43171471630884,TRUE,TRUE,FALSE,TRUE,irHepatitis,
HLA-B-CD8A,Stellate cell,Sinusoidal endothelial cell,7.94199510151617e-06,1.21798132403251e-05,3.50047243428242e-05,1.93014650537035e-05,all4,2,2,2,2,1.00609041709207e-05,2.71530946982638e-05,7.94199510151617e-06,1.21798132403251e-05,1.93014650537035e-05,3.50047243428242e-05,-1.42815107893853,TRUE,FALSE,TRUE,TRUE,AIH,
FN1-SDC1,Hepatocyte 4,Hepatocyte 4,0.00371519819863242,0.00371638905723029,0.0022029172110709,0.000559440315795766,all4,2,2,2,2,0.00371579362793135,0.00138117876343333,0.00371519819863242,0.00371638905723029,0.000559440315795766,0.0022029172110709,1.42773964689345,TRUE,TRUE,FALSE,TRUE,irHepatitis,
FN1-CD44,Macrophage 2,Macrophage 1,2.68214435903277e-05,2.17033713379394e-05,7.23441135699578e-06,1.07638756635784e-05,all4,2,2,2,2,2.42624074641335e-05,8.9991435102871e-06,2.17033713379394e-05,2.68214435903277e-05,7.23441135699578e-06,1.07638756635784e-05,1.426165949577,TRUE,TRUE,FALSE,TRUE,irHepatitis,
CCL14-CCR1,IgG+ plasmablast / plasma cell,Stellate cell,1.54389798381717e-05,5.63228458370651e-06,3.31787401775512e-06,4.47403172420055e-06,all4,2,2,2,2,1.05356322109391e-05,3.89595287097784e-06,5.63228458370651e-06,1.54389798381717e-05,3.31787401775512e-06,4.47403172420055e-06,1.42440977155711,TRUE,TRUE,FALSE,TRUE,irHepatitis,
FN1-SDC1,CD8+ T cell 1,CD4+ T cell,2.02926605252532e-05,1.00367545482113e-05,4.9191701370563e-06,6.32803572702231e-06,all4,2,2,2,2,1.51647075367323e-05,5.6236029320393e-06,1.00367545482113e-05,2.02926605252532e-05,4.9191701370563e-06,6.32803572702231e-06,1.42364951223136,TRUE,TRUE,FALSE,TRUE,irHepatitis,
CCL15-CCR1,Sinusoidal endothelial cell,Hepatocyte 2,3.30804837223229e-06,1.81333840852887e-06,1.11472160815426e-06,7.37377358186457e-07,all4,2,2,2,2,2.56069339038058e-06,9.26049483170356e-07,1.81333840852887e-06,3.30804837223229e-06,7.37377358186457e-07,1.11472160815426e-06,1.42243062109121,TRUE,TRUE,FALSE,TRUE,irHepatitis,
CCL14-CCR1,Hepatocyte 4,Macrophage 2,4.88412523956921e-05,2.28079361381643e-05,1.15889640917087e-05,1.51093542419902e-05,all4,2,2,2,2,3.58245942669282e-05,1.33491591668495e-05,2.28079361381643e-05,4.88412523956921e-05,1.15889640917087e-05,1.51093542419902e-05,1.42103996943875,TRUE,TRUE,FALSE,TRUE,irHepatitis,
CSF1-CSF1R,Macrophage 1,CD8+ T cell 2,2.70058920212062e-05,1.40534839385297e-05,8.85306676035381e-06,6.42186273460189e-06,all4,2,2,2,2,2.0529687979868e-05,7.63746474747785e-06,1.40534839385297e-05,2.70058920212062e-05,6.42186273460189e-06,8.85306676035381e-06,1.42102465951298,TRUE,TRUE,FALSE,TRUE,irHepatitis,
CCL15-CCR1,Hepatocyte 3,Macrophage 1,4.66502361179262e-05,4.31371824748929e-05,1.52722955482545e-05,1.82057015379284e-05,all4,2,2,2,2,4.48937092964095e-05,1.67389985430914e-05,4.31371824748929e-05,4.66502361179262e-05,1.52722955482545e-05,1.82057015379284e-05,1.42077851968661,TRUE,TRUE,FALSE,TRUE,irHepatitis,
FN1-SDC1,Hepatocyte 3,Macrophage 2,3.59497190753233e-05,3.55562252266109e-05,7.40295432735728e-06,1.92495734991562e-05,all4,2,2,2,2,3.57529721509671e-05,1.33262639132568e-05,3.55562252266109e-05,3.59497190753233e-05,7.40295432735728e-06,1.92495734991562e-05,1.42062440259543,TRUE,TRUE,FALSE,TRUE,irHepatitis,
FN1-CD44,Stellate cell,Sinusoidal endothelial cell,5.90583028744187e-06,3.50079433610178e-06,1.47370234989372e-05,1.05895183357895e-05,all4,2,2,2,2,4.70331231177182e-06,1.26632709173633e-05,3.50079433610178e-06,5.90583028744187e-06,1.05895183357895e-05,1.47370234989372e-05,-1.41994991358755,TRUE,FALSE,TRUE,TRUE,AIH,
CCL15-CCR1,CD8+ T cell 3,IgG+ plasmablast / plasma cell,1.3915587420753e-06,0,1.43359010470835e-06,2.44468340755771e-06,all4,2,2,2,2,6.9577937103765e-07,1.93913675613303e-06,0,1.3915587420753e-06,1.43359010470835e-06,2.44468340755771e-06,-1.41927520883489,TRUE,FALSE,TRUE,TRUE,AIH,
CSF1-CSF1R,CD8+ T cell 2,Hepatocyte 2,8.13165698129152e-06,7.58019362584216e-06,3.12602371721718e-05,1.0906536716331e-05,all4,2,2,2,2,7.85592530356684e-06,2.10833869442514e-05,7.58019362584216e-06,8.13165698129152e-06,1.0906536716331e-05,3.12602371721718e-05,-1.41889019208338,TRUE,FALSE,TRUE,TRUE,AIH,
VEGFA-FLT1,Hepatocyte 3,Hepatocyte 4,8.23334904244147e-06,1.3754759078839e-05,4.599766907206e-06,3.5697332238149e-06,all4,2,2,2,2,1.09940540606402e-05,4.08475006551045e-06,8.23334904244147e-06,1.3754759078839e-05,3.5697332238149e-06,4.599766907206e-06,1.41810977514514,TRUE,TRUE,FALSE,TRUE,irHepatitis,
FN1-SDC1,CD8+ T cell 1,IgM+ B cell,1.83513682416337e-05,8.4182880509461e-06,4.10357403944012e-06,5.86176640448523e-06,all4,2,2,2,2,1.33848281462899e-05,4.98267022196267e-06,8.4182880509461e-06,1.83513682416337e-05,4.10357403944012e-06,5.86176640448523e-06,1.41716656787136,TRUE,TRUE,FALSE,TRUE,irHepatitis,
FN1-CD44,Macrophage 2,CD4+ T cell,2.94962151153373e-05,5.65855948917826e-05,1.72971709050563e-05,1.4902224650018e-05,all4,2,2,2,2,4.30409050035599e-05,1.60996977775372e-05,2.94962151153373e-05,5.65855948917826e-05,1.4902224650018e-05,1.72971709050563e-05,1.41605832124765,TRUE,TRUE,FALSE,TRUE,irHepatitis,
CSF1-CSF1R,Hepatocyte 4,CD4+ T cell,5.84173968488115e-06,1.13287282658859e-06,8.7480500271664e-06,9.99484545240222e-06,all4,2,2,2,2,3.48730625573487e-06,9.37144773978431e-06,1.13287282658859e-06,5.84173968488115e-06,8.7480500271664e-06,9.99484545240222e-06,-1.41412849253811,TRUE,FALSE,TRUE,TRUE,AIH,
CSF1-CSF1R,Macrophage 1,Vascular endothelial cell,1.15666096725587e-05,2.87637483705609e-06,2.82116763082532e-06,2.54208740270691e-06,all4,2,2,2,2,7.2214922548074e-06,2.68162751676612e-06,2.87637483705609e-06,1.15666096725587e-05,2.54208740270691e-06,2.82116763082532e-06,1.41356644460637,TRUE,TRUE,FALSE,TRUE,irHepatitis,
MHC-I,Macrophage 2,Macrophage 1,8.23270292261361e-05,6.89175486917363e-05,3.23040567265412e-05,2.45476096252461e-05,all4,2,2,2,2,7.56222889589362e-05,2.84258331758937e-05,6.89175486917363e-05,8.23270292261361e-05,2.45476096252461e-05,3.23040567265412e-05,1.41013004249092,TRUE,TRUE,FALSE,TRUE,irHepatitis,
HLA-B-CD8A,Vascular endothelial cell,Hepatocyte 3,3.07248015781108e-06,2.31000556200812e-06,1.02995542163072e-05,4.15937872417563e-06,all4,2,2,2,2,2.6912428599096e-06,7.22946647024141e-06,2.31000556200812e-06,3.07248015781108e-06,4.15937872417563e-06,1.02995542163072e-05,-1.41007298159624,TRUE,FALSE,TRUE,TRUE,AIH,
FN1-CD44,IgM+ B cell,Macrophage 2,2.53861480355846e-05,2.66410462400597e-05,1.18177102433569e-05,7.71346620762128e-06,all4,2,2,2,2,2.60135971378221e-05,9.76558822548907e-06,2.53861480355846e-05,2.66410462400597e-05,7.71346620762128e-06,1.18177102433569e-05,1.40918832582753,TRUE,TRUE,FALSE,TRUE,irHepatitis,
CSF1-CSF1R,Vascular endothelial cell,Stellate cell,9.83950888843278e-05,6.33863243015224e-05,2.66121356174288e-05,3.43097567503421e-05,all4,2,2,2,2,8.08907065929251e-05,3.04609461838855e-05,6.33863243015224e-05,9.83950888843278e-05,2.66121356174288e-05,3.43097567503421e-05,1.40763456338982,TRUE,TRUE,FALSE,TRUE,irHepatitis,
CCL14-CCR1,Sinusoidal endothelial cell,CD8+ T cell 3,0.000215830962202535,0.000203507315741662,9.13712958758777e-05,6.67013743017948e-05,all4,2,2,2,2,0.000209669138972098,7.90363350888362e-05,0.000203507315741662,0.000215830962202535,6.67013743017948e-05,9.13712958758777e-05,1.40699522315649,TRUE,TRUE,FALSE,TRUE,irHepatitis,
HLA-B-CD8A,Vascular endothelial cell,CD4+ T cell,0.000188584024966072,0.000163885329078386,6.66140625194327e-05,6.65337119689367e-05,all4,2,2,2,2,0.000176234677022229,6.65738872441847e-05,0.000163885329078386,0.000188584024966072,6.65337119689367e-05,6.66140625194327e-05,1.40383955287084,TRUE,TRUE,FALSE,TRUE,irHepatitis,
CCL5-CCR1,Vascular endothelial cell,Macrophage 1,2.39117823889475e-05,1.24036362470058e-05,7.19608633628374e-06,6.47306281867698e-06,all4,2,2,2,2,1.81577093179766e-05,6.83457457748036e-06,1.24036362470058e-05,2.39117823889475e-05,6.47306281867698e-06,7.19608633628374e-06,1.40353496368415,TRUE,TRUE,FALSE,TRUE,irHepatitis,
VEGFA-FLT1,CD8+ T cell 1,Macrophage 1,1.22154433998024e-05,1.06235550271653e-05,4.8100819124775e-06,3.76510291670794e-06,all4,2,2,2,2,1.14194992134838e-05,4.28759241459272e-06,1.06235550271653e-05,1.22154433998024e-05,3.76510291670794e-06,4.8100819124775e-06,1.40351052119323,TRUE,TRUE,FALSE,TRUE,irHepatitis,
CCL14-CCR1,Hepatocyte 1,Macrophage 2,5.65299372774927e-05,2.75970145126071e-05,1.38868603767499e-05,1.787705493133e-05,all4,2,2,2,2,4.20634758950499e-05,1.588195765404e-05,2.75970145126071e-05,5.65299372774927e-05,1.38868603767499e-05,1.787705493133e-05,1.4025419420293,TRUE,TRUE,FALSE,TRUE,irHepatitis,
CSF1-CSF1R,IgM+ B cell,IgM+ B cell,0.000162978751662891,7.0683457993116e-05,2.65458414556187e-05,6.1800033476638e-05,all4,2,2,2,2,0.000116831104828004,4.41729374661284e-05,7.0683457993116e-05,0.000162978751662891,2.65458414556187e-05,6.1800033476638e-05,1.40224106821966,TRUE,TRUE,FALSE,TRUE,irHepatitis,
CCL14-CCR1,Sinusoidal endothelial cell,Hepatocyte 4,5.56921169341625e-05,2.74361592017792e-05,1.30209035335922e-05,1.84012404588866e-05,all4,2,2,2,2,4.15641380679708e-05,1.57110719962394e-05,2.74361592017792e-05,5.56921169341625e-05,1.30209035335922e-05,1.84012404588866e-05,1.40089349000322,TRUE,TRUE,FALSE,TRUE,irHepatitis,
CSF1-CSF1R,CD8+ T cell 1,CD4+ T cell,5.8484364152518e-05,4.52760631792426e-05,2.24999779532353e-05,1.67502866476247e-05,all4,2,2,2,2,5.18802136658803e-05,1.962513230043e-05,4.52760631792426e-05,5.8484364152518e-05,1.67502866476247e-05,2.24999779532353e-05,1.40034930450107,TRUE,TRUE,FALSE,TRUE,irHepatitis,
MHC-I,Hepatocyte 2,Sinusoidal endothelial cell,1.20205736209559e-05,2.14244809587793e-05,5.72384150645061e-05,3.11967048618369e-05,all4,2,2,2,2,1.67225272898676e-05,4.42175599631715e-05,1.20205736209559e-05,2.14244809587793e-05,3.11967048618369e-05,5.72384150645061e-05,-1.40032393805847,TRUE,FALSE,TRUE,TRUE,AIH,
VEGFA-FLT1,Stellate cell,Cholangiocyte,1.15282435609903e-05,8.01119325940727e-06,3.06505208544547e-06,4.28022077840564e-06,all4,2,2,2,2,9.7697184101988e-06,3.67263643192556e-06,8.01119325940727e-06,1.15282435609903e-05,3.06505208544547e-06,4.28022077840564e-06,1.40014179143163,TRUE,TRUE,FALSE,TRUE,irHepatitis,
VEGFA-FLT1,IgG+ plasmablast / plasma cell,Cholangiocyte,1.61815170921179e-05,7.28084551652536e-06,3.45497874003487e-06,5.41445980029615e-06,all4,2,2,2,2,1.17311813043216e-05,4.43471927016551e-06,7.28084551652536e-06,1.61815170921179e-05,3.45497874003487e-06,5.41445980029615e-06,1.39404439778846,TRUE,TRUE,FALSE,TRUE,irHepatitis,
HLA-B-CD8A,CD8+ T cell 2,IgG+ plasmablast / plasma cell,5.36437801938937e-05,1.96482511587295e-05,1.86755183171197e-05,9.18554353638847e-06,all4,2,2,2,2,3.66460156763116e-05,1.39305309267541e-05,1.96482511587295e-05,5.36437801938937e-05,9.18554353638847e-06,1.86755183171197e-05,1.39241253968307,TRUE,TRUE,FALSE,TRUE,irHepatitis,
FN1-SDC1,Macrophage 1,IgG+ B cell,1.29067306850042e-05,2.00113272165363e-05,7.61019240965956e-06,4.89253448482514e-06,all4,2,2,2,2,1.64590289507703e-05,6.25136344724235e-06,1.29067306850042e-05,2.00113272165363e-05,4.89253448482514e-06,7.61019240965956e-06,1.38998095484061,TRUE,TRUE,FALSE,TRUE,irHepatitis,
MHC-I,IgG+ B cell,Macrophage 2,5.19823628925582e-05,3.35866353561418e-05,2.13191380013668e-05,1.13175872703238e-05,all4,2,2,2,2,4.278449912435e-05,1.63183626358453e-05,3.35866353561418e-05,5.19823628925582e-05,1.13175872703238e-05,2.13191380013668e-05,1.38804075104131,TRUE,TRUE,FALSE,TRUE,irHepatitis,
CCL5-CCR1,Sinusoidal endothelial cell,Sinusoidal endothelial cell,7.34759730148827e-06,6.21340383328073e-06,2.36051758395439e-05,1.20277404342467e-05,all4,2,2,2,2,6.7805005673845e-06,1.78164581368953e-05,6.21340383328073e-06,7.34759730148827e-06,1.20277404342467e-05,2.36051758395439e-05,-1.3876158694647,TRUE,FALSE,TRUE,TRUE,AIH,
VEGFA-FLT1,IgG+ plasmablast / plasma cell,CD8+ T cell 1,3.4432421737943e-05,3.24588590203758e-05,1.7168859472925e-05,8.34472284764555e-06,all4,2,2,2,2,3.34456403791594e-05,1.27567911602853e-05,3.24588590203758e-05,3.4432421737943e-05,8.34472284764555e-06,1.7168859472925e-05,1.38729114296526,TRUE,TRUE,FALSE,TRUE,irHepatitis,
VEGFA-FLT1,Macrophage 2,CD8+ T cell 1,9.41880140177542e-06,1.10839352597474e-05,4.52734010235526e-06,3.25441584132738e-06,all4,2,2,2,2,1.02513683307614e-05,3.89087797184132e-06,9.41880140177542e-06,1.10839352597474e-05,3.25441584132738e-06,4.52734010235526e-06,1.38698424062592,TRUE,TRUE,FALSE,TRUE,irHepatitis,
CCL15-CCR1,Macrophage 1,Hepatocyte 4,2.52287629966431e-06,2.05136501483754e-06,8.4451036473559e-07,8.46824238595752e-07,all4,2,2,2,2,2.28712065725092e-06,8.45667301665671e-07,2.05136501483754e-06,2.52287629966431e-06,8.4451036473559e-07,8.46824238595752e-07,1.38694394719408,TRUE,TRUE,FALSE,TRUE,irHepatitis,
CSF1-CSF1R,Macrophage 2,Vascular endothelial cell,1.10655488786742e-05,5.48018343449887e-06,3.91000404205493e-06,2.36185837936149e-06,all4,2,2,2,2,8.27286615658654e-06,3.13593121070821e-06,5.48018343449887e-06,1.10655488786742e-05,2.36185837936149e-06,3.91000404205493e-06,1.38627703622948,TRUE,TRUE,FALSE,TRUE,irHepatitis,
CCL14-CCR1,Vascular endothelial cell,Macrophage 1,0.00014171244420702,9.64829439845521e-05,4.78419595866885e-05,4.33840149464802e-05,all4,2,2,2,2,0.000119097694095786,4.56129872665843e-05,9.64829439845521e-05,0.00014171244420702,4.33840149464802e-05,4.78419595866885e-05,1.38371740446715,TRUE,TRUE,FALSE,TRUE,irHepatitis,
IL15-IL15RA_IL2RB_IL2RG,IgG+ plasmablast / plasma cell,Macrophage 1,9.29718827641002e-07,0,1.33580374792115e-06,1.23657391202784e-06,all4,2,2,2,2,4.64859413820501e-07,1.2861888299745e-06,0,9.29718827641002e-07,1.23657391202784e-06,1.33580374792115e-06,-1.38151278682639,TRUE,FALSE,TRUE,TRUE,AIH,
FN1-CD44,CD8+ T cell 1,CD8+ T cell 1,3.202936912074e-05,5.81949595296656e-05,1.5263779538212e-05,1.93216655728548e-05,all4,2,2,2,2,4.51121643252028e-05,1.72927225555334e-05,3.202936912074e-05,5.81949595296656e-05,1.5263779538212e-05,1.93216655728548e-05,1.38095128742919,TRUE,TRUE,FALSE,TRUE,irHepatitis,
IL15-IL15RA_IL2RB_IL2RG,IgG+ plasmablast / plasma cell,CD4+ T cell,1.30255733997538e-05,5.14293927258745e-06,3.07767528008921e-06,3.84444631092087e-06,all4,2,2,2,2,9.08425633617064e-06,3.46106079550504e-06,5.14293927258745e-06,1.30255733997538e-05,3.07767528008921e-06,3.84444631092087e-06,1.38020540337958,TRUE,TRUE,FALSE,TRUE,irHepatitis,
FN1-SDC1,CD4+ T cell,Macrophage 2,1.05181488972282e-05,1.97746583440134e-05,5.19061474995504e-06,6.39299773899669e-06,all4,2,2,2,2,1.51464036206208e-05,5.79180624447587e-06,1.05181488972282e-05,1.97746583440134e-05,5.19061474995504e-06,6.39299773899669e-06,1.37973927181404,TRUE,TRUE,FALSE,TRUE,irHepatitis,
CCL16-CCR1,CD8+ T cell 1,CD4+ T cell,1.16765957776654e-05,4.0452851280268e-06,2.22925051588063e-06,3.75918756717744e-06,all4,2,2,2,2,7.86094045284608e-06,2.99421904152904e-06,4.0452851280268e-06,1.16765957776654e-05,2.22925051588063e-06,3.75918756717744e-06,1.37872811304429,TRUE,TRUE,FALSE,TRUE,irHepatitis,
VEGFA-FLT1,CD8+ T cell 2,CD8+ T cell 1,6.65383891347999e-05,6.26552297704316e-05,2.97187750051389e-05,1.9938847806851e-05,all4,2,2,2,2,6.45968094526157e-05,2.4828811405995e-05,6.26552297704316e-05,6.65383891347999e-05,1.9938847806851e-05,2.97187750051389e-05,1.37777790102661,TRUE,TRUE,FALSE,TRUE,irHepatitis,
VEGFA-FLT1,Hepatocyte 2,IgM+ B cell,7.80989602394095e-06,2.24372536881508e-05,4.79502693358606e-06,6.80622984190475e-06,all4,2,2,2,2,1.51235748560459e-05,5.80062838774541e-06,7.80989602394095e-06,2.24372536881508e-05,4.79502693358606e-06,6.80622984190475e-06,1.37539159957845,TRUE,TRUE,FALSE,TRUE,irHepatitis,
VEGFA-FLT1,Cholangiocyte,Stellate cell,0.00010666228539528,0.000186681892521937,5.07831562652868e-05,6.22292289539423e-05,all4,2,2,2,2,0.000146672088958609,5.65061926096145e-05,0.00010666228539528,0.000186681892521937,5.07831562652868e-05,6.22292289539423e-05,1.37538028144451,TRUE,TRUE,FALSE,TRUE,irHepatitis,
CCL5-CCR1,CD4+ T cell,Stellate cell,2.0075993012799e-05,2.11374309336219e-05,8.1736748245473e-06,7.66267362765876e-06,all4,2,2,2,2,2.06067119732105e-05,7.91817422610303e-06,2.0075993012799e-05,2.11374309336219e-05,7.66267362765876e-06,8.1736748245473e-06,1.37465217138793,TRUE,TRUE,FALSE,TRUE,irHepatitis,
MHC-I,Stellate cell,CD4+ T cell,8.1572649747781e-05,0.000164716730930305,4.85494957136811e-05,4.64434476014346e-05,all4,2,2,2,2,0.000123144690339043,4.74964716575578e-05,8.1572649747781e-05,0.000164716730930305,4.64434476014346e-05,4.85494957136811e-05,1.37359062621813,TRUE,TRUE,FALSE,TRUE,irHepatitis,
MHC-I,Cholangiocyte,Vascular endothelial cell,0.000105069298729431,7.1428075259378e-05,3.75858771981856e-05,3.04997080398805e-05,all4,2,2,2,2,8.82486869944044e-05,3.40427926190331e-05,7.1428075259378e-05,0.000105069298729431,3.04997080398805e-05,3.75858771981856e-05,1.37300989320264,TRUE,TRUE,FALSE,TRUE,irHepatitis,
IL15-IL15RA_IL2RB_IL2RG,CD8+ T cell 3,Hepatocyte 2,0,0,7.63448026407495e-08,7.22460570572383e-08,all4,2,2,2,2,0,7.42954298489939e-08,0,0,7.22460570572383e-08,7.63448026407495e-08,-1.37269488988964,TRUE,FALSE,TRUE,TRUE,AIH,
FN1-SDC1,Macrophage 2,Hepatocyte 2,3.6736735815082e-05,4.61498143510494e-05,8.81531327857259e-06,2.31645915185687e-05,all4,2,2,2,2,4.14432750830657e-05,1.59899523985706e-05,3.6736735815082e-05,4.61498143510494e-05,8.81531327857259e-06,2.31645915185687e-05,1.37138755383719,TRUE,TRUE,FALSE,TRUE,irHepatitis,
FN1-CD44,IgG+ plasmablast / plasma cell,CD8+ T cell 2,2.31000374921278e-05,6.57985113728865e-06,6.12376623653341e-06,5.30819434519443e-06,all4,2,2,2,2,1.48399443147082e-05,5.71598029086392e-06,6.57985113728865e-06,2.31000374921278e-05,5.30819434519443e-06,6.12376623653341e-06,1.36920051969022,TRUE,TRUE,FALSE,TRUE,irHepatitis,
CCL16-CCR1,CD8+ T cell 3,Sinusoidal endothelial cell,1.39535717201036e-06,5.02272061228404e-06,9.56710095819516e-06,7.15993760900824e-06,all4,2,2,2,2,3.2090388921472e-06,8.3635192836017e-06,1.39535717201036e-06,5.02272061228404e-06,7.15993760900824e-06,9.56710095819516e-06,-1.36914748254831,TRUE,FALSE,TRUE,TRUE,AIH,
FN1-SDC1,Cholangiocyte,Cholangiocyte,0.000619547892731687,0.000813871875808323,0.000145788527250729,0.000409115283407886,all4,2,2,2,2,0.000716709884270005,0.000277451905329307,0.000619547892731687,0.000813871875808323,0.000145788527250729,0.000409115283407886,1.36900260345661,TRUE,TRUE,FALSE,TRUE,irHepatitis,
MHC-I,Sinusoidal endothelial cell,Sinusoidal endothelial cell,2.93027640426206e-05,5.14919622259552e-05,0.000132596577233744,7.61872293544344e-05,all4,2,2,2,2,4.03973631342879e-05,0.000104391903294089,2.93027640426206e-05,5.14919622259552e-05,7.61872293544344e-05,0.000132596577233744,-1.36865434192791,TRUE,FALSE,TRUE,TRUE,AIH,
VEGFA-FLT1,Vascular endothelial cell,CD4+ T cell,3.04027063276594e-05,2.79615119548e-05,1.11819976153094e-05,1.13633160439632e-05,all4,2,2,2,2,2.91821091412297e-05,1.12726568296363e-05,2.79615119548e-05,3.04027063276594e-05,1.11819976153094e-05,1.13633160439632e-05,1.36859592119478,TRUE,TRUE,FALSE,TRUE,irHepatitis,
CSF1-CSF1R,CD8+ T cell 1,Macrophage 2,8.80202005196437e-05,0.000137411327282006,4.50261018064092e-05,4.23005194552761e-05,all4,2,2,2,2,0.000112715763900825,4.36633106308427e-05,8.80202005196437e-05,0.000137411327282006,4.23005194552761e-05,4.50261018064092e-05,1.36725045896385,TRUE,TRUE,FALSE,TRUE,irHepatitis,
CCL14-CCR1,CD8+ T cell 3,Cholangiocyte,1.69524313886712e-05,1.10980868282878e-05,5.31074797935087e-06,5.53317195249589e-06,all4,2,2,2,2,1.40252591084795e-05,5.42195996592338e-06,1.10980868282878e-05,1.69524313886712e-05,5.31074797935087e-06,5.53317195249589e-06,1.36355743735312,TRUE,TRUE,FALSE,TRUE,irHepatitis,
FN1-SDC1,Stellate cell,Hepatocyte 2,9.9629439841225e-05,0.000120822062814475,3.59390573410057e-05,4.97219630629114e-05,all4,2,2,2,2,0.00011022575132785,4.28305102019585e-05,9.9629439841225e-05,0.000120822062814475,3.59390573410057e-05,4.97219630629114e-05,1.36278864338652,TRUE,TRUE,FALSE,TRUE,irHepatitis,
FN1-SDC1,Hepatocyte 2,Sinusoidal endothelial cell,0.000152602870954286,0.000203756581325114,6.34731920221518e-05,7.51064403669499e-05,all4,2,2,2,2,0.0001781797261397,6.92898161945508e-05,0.000152602870954286,0.000203756581325114,6.34731920221518e-05,7.51064403669499e-05,1.36202349801988,TRUE,TRUE,FALSE,TRUE,irHepatitis,
MHC-I,IgG+ plasmablast / plasma cell,CD8+ T cell 2,0.000212073951196306,0.000117955952232983,7.78511709836697e-05,5.07346578263415e-05,all4,2,2,2,2,0.000165014951714645,6.42929144050056e-05,0.000117955952232983,0.000212073951196306,5.07346578263415e-05,7.78511709836697e-05,1.35922523638051,TRUE,TRUE,FALSE,TRUE,irHepatitis,
MHC-I,Macrophage 2,Hepatocyte 3,4.32179966295618e-06,8.12037950334536e-06,1.90318141784692e-05,1.299271019942e-05,all4,2,2,2,2,6.22108958315077e-06,1.60122621889446e-05,4.32179966295618e-06,8.12037950334536e-06,1.299271019942e-05,1.90318141784692e-05,-1.35734435908438,TRUE,FALSE,TRUE,TRUE,AIH,
MHC-I,Macrophage 1,CD4+ T cell,0.000124835183052905,6.83583183709834e-05,4.14943042169129e-05,3.38736817052556e-05,all4,2,2,2,2,9.65967507119441e-05,3.76839929610842e-05,6.83583183709834e-05,0.000124835183052905,3.38736817052556e-05,4.14943042169129e-05,1.35693243261065,TRUE,TRUE,FALSE,TRUE,irHepatitis,
CCL15-CCR1,Cholangiocyte,Vascular endothelial cell,8.13019752383643e-06,3.75211907634319e-06,1.10119796180172e-06,3.48206223297922e-06,all4,2,2,2,2,5.94115830008981e-06,2.29163009739047e-06,3.75211907634319e-06,8.13019752383643e-06,1.10119796180172e-06,3.48206223297922e-06,1.35654633599106,TRUE,TRUE,FALSE,TRUE,irHepatitis,
FN1-CD44,Stellate cell,IgG+ plasmablast / plasma cell,3.81142678884991e-05,9.41769751242122e-05,2.80891840950885e-05,2.35199169324103e-05,all4,2,2,2,2,6.61456215063557e-05,2.58045505137494e-05,3.81142678884991e-05,9.41769751242122e-05,2.35199169324103e-05,2.80891840950885e-05,1.35642843049599,TRUE,TRUE,FALSE,TRUE,irHepatitis,
MHC-I,IgG+ plasmablast / plasma cell,Sinusoidal endothelial cell,1.0993414607039e-05,3.44963788396151e-06,2.52057386006975e-05,1.18944483797399e-05,all4,2,2,2,2,7.22152624550027e-06,1.85500934902187e-05,3.44963788396151e-06,1.0993414607039e-05,1.18944483797399e-05,2.52057386006975e-05,-1.35537378792144,TRUE,FALSE,TRUE,TRUE,AIH,
FN1-SDC1,Stellate cell,Hepatocyte 1,0.000100886277332401,0.000123770474074503,3.54638655499039e-05,5.24767238456123e-05,all4,2,2,2,2,0.000112328375703452,4.39702946977581e-05,0.000100886277332401,0.000123770474074503,3.54638655499039e-05,5.24767238456123e-05,1.35218873265909,TRUE,TRUE,FALSE,TRUE,irHepatitis,
VEGFA-FLT1,CD8+ T cell 1,Stellate cell,8.75356728339235e-06,1.03838128192274e-05,4.05700319075554e-06,3.38350305359767e-06,all4,2,2,2,2,9.56869005130986e-06,3.7202531221766e-06,8.75356728339235e-06,1.03838128192274e-05,3.38350305359767e-06,4.05700319075554e-06,1.35193792440416,TRUE,TRUE,FALSE,TRUE,irHepatitis,
FN1-SDC1,Hepatocyte 2,Macrophage 2,5.92679917613571e-05,6.09784558636207e-05,1.59020417051799e-05,3.11621175600758e-05,all4,2,2,2,2,6.01232238124889e-05,2.35320796326278e-05,5.92679917613571e-05,6.09784558636207e-05,1.59020417051799e-05,3.11621175600758e-05,1.35155198139841,TRUE,TRUE,FALSE,TRUE,irHepatitis,
VEGFA-FLT1,CD8+ T cell 3,Macrophage 2,8.79809411287154e-06,8.96223672998884e-06,3.34566828929488e-06,3.57393990763086e-06,all4,2,2,2,2,8.88016542143019e-06,3.45980409846287e-06,8.79809411287154e-06,8.96223672998884e-06,3.34566828929488e-06,3.57393990763086e-06,1.34811020497586,TRUE,TRUE,FALSE,TRUE,irHepatitis,
CSF1-CSF1R,Stellate cell,IgM+ B cell,9.05885074361465e-05,5.94078203020926e-05,2.84946379056127e-05,3.04546611891122e-05,all4,2,2,2,2,7.49981638691195e-05,2.94746495473624e-05,5.94078203020926e-05,9.05885074361465e-05,2.84946379056127e-05,3.04546611891122e-05,1.34599346788321,TRUE,TRUE,FALSE,TRUE,irHepatitis,
IL15-IL15RA_IL2RB_IL2RG,Hepatocyte 2,Macrophage 2,0,1.49483528514865e-08,2.23389560970383e-08,1.59705691114023e-07,all4,2,2,2,2,7.47417642574326e-09,9.10223236055307e-08,0,1.49483528514865e-08,2.23389560970383e-08,1.59705691114023e-07,-1.345435160963,TRUE,FALSE,TRUE,TRUE,AIH,
HLA-B-CD8A,CD4+ T cell,Hepatocyte 2,3.60370596476278e-06,1.957968723174e-06,9.41867375395681e-06,4.85360349300845e-06,all4,2,2,2,2,2.78083734396839e-06,7.13613862348263e-06,1.957968723174e-06,3.60370596476278e-06,4.85360349300845e-06,9.41867375395681e-06,-1.3449955697432,TRUE,FALSE,TRUE,TRUE,AIH,
CCL14-CCR1,IgG+ plasmablast / plasma cell,Macrophage 1,4.22631875285642e-05,1.20249587728343e-05,1.1159840343702e-05,1.01574746507366e-05,all4,2,2,2,2,2.71440731506993e-05,1.06586574972193e-05,1.20249587728343e-05,4.22631875285642e-05,1.01574746507366e-05,1.1159840343702e-05,1.34478091044747,TRUE,TRUE,FALSE,TRUE,irHepatitis,
VEGFA-FLT1,IgM+ B cell,Vascular endothelial cell,0.000112148491293122,0.000130912066295881,5.19632131799219e-05,4.36894809791239e-05,all4,2,2,2,2,0.000121530278794501,4.78263470795229e-05,0.000112148491293122,0.000130912066295881,4.36894809791239e-05,5.19632131799219e-05,1.34458379724496,TRUE,TRUE,FALSE,TRUE,irHepatitis,
CCL14-CCR1,CD4+ T cell,IgM+ B cell,7.15463586954618e-05,2.8469265013785e-05,1.15481934831289e-05,2.78427313823227e-05,all4,2,2,2,2,5.00078118546234e-05,1.96954624327258e-05,2.8469265013785e-05,7.15463586954618e-05,1.15481934831289e-05,2.78427313823227e-05,1.34221831393528,TRUE,TRUE,FALSE,TRUE,irHepatitis,
FN1-SDC1,Macrophage 1,CD8+ T cell 1,2.07149293131812e-05,2.96180500428469e-05,7.56192065887275e-06,1.22417050199516e-05,all4,2,2,2,2,2.5166489678014e-05,9.90181283941216e-06,2.07149293131812e-05,2.96180500428469e-05,7.56192065887275e-06,1.22417050199516e-05,1.34162232356925,TRUE,TRUE,FALSE,TRUE,irHepatitis,
CSF1-CSF1R,Hepatocyte 1,IgG+ B cell,1.04017380204445e-05,5.51720693224823e-06,3.51675845574154e-06,2.70878064976177e-06,all4,2,2,2,2,7.95947247634635e-06,3.11276955275166e-06,5.51720693224823e-06,1.04017380204445e-05,2.70878064976177e-06,3.51675845574154e-06,1.34141920468496,TRUE,TRUE,FALSE,TRUE,irHepatitis,
CSF1-CSF1R,CD8+ T cell 1,Macrophage 1,0.000210751448258498,0.000308065157711854,0.000112718377648389,9.19725878097639e-05,all4,2,2,2,2,0.000259408302985176,0.000102345482729077,0.000210751448258498,0.000308065157711854,9.19725878097639e-05,0.000112718377648389,1.34137843675874,TRUE,TRUE,FALSE,TRUE,irHepatitis,
MHC-I,Hepatocyte 2,Cholangiocyte,1.83704057019626e-05,2.84030509714464e-05,9.40428035443348e-06,9.00451518917046e-06,all4,2,2,2,2,2.33867283367045e-05,9.20439777180197e-06,1.83704057019626e-05,2.84030509714464e-05,9.00451518917046e-06,9.40428035443348e-06,1.34086776108194,TRUE,TRUE,FALSE,TRUE,irHepatitis,
FN1-SDC1,Stellate cell,CD8+ T cell 1,3.60969014349696e-05,4.28387006459959e-05,1.36818536403227e-05,1.74668144549774e-05,all4,2,2,2,2,3.94678010404827e-05,1.557433404765e-05,3.60969014349696e-05,4.28387006459959e-05,1.36818536403227e-05,1.74668144549774e-05,1.33888998571795,TRUE,TRUE,FALSE,TRUE,irHepatitis,
CCL16-CCR1,Sinusoidal endothelial cell,CD8+ T cell 3,4.32222632527079e-05,6.96103040271263e-05,2.40579880465048e-05,2.05028338988705e-05,all4,2,2,2,2,5.64162836399171e-05,2.22804109726876e-05,4.32222632527079e-05,6.96103040271263e-05,2.05028338988705e-05,2.40579880465048e-05,1.33850720857852,TRUE,TRUE,FALSE,TRUE,irHepatitis,
MHC-I,Vascular endothelial cell,Macrophage 2,6.54412795341177e-05,5.93667937140033e-05,2.84972361585396e-05,2.08732240904952e-05,all4,2,2,2,2,6.24040366240605e-05,2.46852301245174e-05,5.93667937140033e-05,6.54412795341177e-05,2.08732240904952e-05,2.84972361585396e-05,1.33634233590879,TRUE,TRUE,FALSE,TRUE,irHepatitis,
CCL5-CCR1,Stellate cell,Cholangiocyte,1.10510453009507e-05,8.15480352606507e-06,4.15166118541323e-06,3.40560760614923e-06,all4,2,2,2,2,9.60292441350791e-06,3.77863439578123e-06,8.15480352606507e-06,1.10510453009507e-05,3.40560760614923e-06,4.15166118541323e-06,1.33487775819046,TRUE,TRUE,FALSE,TRUE,irHepatitis,
VEGFA-FLT1,Hepatocyte 3,Stellate cell,1.64266203287085e-05,1.24149108925306e-05,4.45461765254226e-06,6.92282355297456e-06,all4,2,2,2,2,1.44207656106195e-05,5.68872060275841e-06,1.24149108925306e-05,1.64266203287085e-05,4.45461765254226e-06,6.92282355297456e-06,1.33483490860697,TRUE,TRUE,FALSE,TRUE,irHepatitis,
CCL14-CCR1,CD8+ T cell 3,IgG+ plasmablast / plasma cell,3.15184072196469e-06,3.44736179177673e-06,7.39136660075824e-06,9.39231177623501e-06,all4,2,2,2,2,3.29960125687071e-06,8.39183918849663e-06,3.15184072196469e-06,3.44736179177673e-06,7.39136660075824e-06,9.39231177623501e-06,-1.33441546669164,TRUE,FALSE,TRUE,TRUE,AIH,
MHC-I,CD8+ T cell 3,CD8+ T cell 2,0.000398343109746544,0.000607356142905868,0.000239312686055449,0.000160097768050943,all4,2,2,2,2,0.000502849626326206,0.000199705227053196,0.000398343109746544,0.000607356142905868,0.000160097768050943,0.000239312686055449,1.33205141801728,TRUE,TRUE,FALSE,TRUE,irHepatitis,
MHC-I,CD8+ T cell 2,CD8+ T cell 1,0.000367799972345849,0.000497296941450375,0.000190628607924851,0.000153164900608048,all4,2,2,2,2,0.000432548456898112,0.000171896754266449,0.000367799972345849,0.000497296941450375,0.000153164900608048,0.000190628607924851,1.33108311542882,TRUE,TRUE,FALSE,TRUE,irHepatitis,
MHC-I,Macrophage 1,Macrophage 2,6.63217792311599e-05,5.55183385000567e-05,2.65153889653483e-05,2.19056713814717e-05,all4,2,2,2,2,6.09200588656083e-05,2.421053017341e-05,5.55183385000567e-05,6.63217792311599e-05,2.19056713814717e-05,2.65153889653483e-05,1.32960658447507,TRUE,TRUE,FALSE,TRUE,irHepatitis,
CCL5-CCR1,CD8+ T cell 1,Hepatocyte 2,1.38281876160718e-05,1.812400968664e-05,7.16534557386481e-06,5.49537567293482e-06,all4,2,2,2,2,1.59760986513559e-05,6.33036062339982e-06,1.38281876160718e-05,1.812400968664e-05,5.49537567293482e-06,7.16534557386481e-06,1.32915717658996,TRUE,TRUE,FALSE,TRUE,irHepatitis,
CCL5-CCR1,IgM+ B cell,Cholangiocyte,2.16810523601582e-05,5.77405006504405e-06,5.26067314456876e-06,5.61744775989511e-06,all4,2,2,2,2,1.37275512126012e-05,5.43906045223194e-06,5.77405006504405e-06,2.16810523601582e-05,5.26067314456876e-06,5.61744775989511e-06,1.32820399296249,TRUE,TRUE,FALSE,TRUE,irHepatitis,
MHC-I,CD8+ T cell 1,CD8+ T cell 2,0.000369565020298765,0.000472290333927358,0.000190979674434246,0.000144652005234993,all4,2,2,2,2,0.000420927677113062,0.000167815839834619,0.000369565020298765,0.000472290333927358,0.000144652005234993,0.000190979674434246,1.32645190263046,TRUE,TRUE,FALSE,TRUE,irHepatitis,
CCL15-CCR1,CD4+ T cell,Sinusoidal endothelial cell,1.30206953282081e-07,5.85369312838528e-08,3.75196045392708e-07,2.3713454535422e-07,all4,2,2,2,2,9.43719422829669e-08,3.06165295373464e-07,5.85369312838528e-08,1.30206953282081e-07,2.3713454535422e-07,3.75196045392708e-07,-1.32243940623904,TRUE,FALSE,TRUE,TRUE,AIH,
CCL16-CCR1,Macrophage 1,Macrophage 2,1.58103005988197e-05,1.01880346055498e-05,3.64256432514335e-06,6.70166237967382e-06,all4,2,2,2,2,1.29991676021847e-05,5.17211335240859e-06,1.01880346055498e-05,1.58103005988197e-05,3.64256432514335e-06,6.70166237967382e-06,1.32179250444154,TRUE,TRUE,FALSE,TRUE,irHepatitis,
HLA-B-CD8A,IgG+ B cell,Macrophage 1,2.90167341296999e-05,2.17184931396946e-05,1.47663743835735e-05,5.48209541499531e-06,all4,2,2,2,2,2.53676136346972e-05,1.01242348992844e-05,2.17184931396946e-05,2.90167341296999e-05,5.48209541499531e-06,1.47663743835735e-05,1.32118554736386,TRUE,TRUE,FALSE,TRUE,irHepatitis,
CCL15-CCR1,Sinusoidal endothelial cell,Hepatocyte 1,4.35733102830071e-06,2.15571259741755e-06,1.23358184385083e-06,1.31771655715738e-06,all4,2,2,2,2,3.25652181285913e-06,1.27564920050411e-06,2.15571259741755e-06,4.35733102830071e-06,1.23358184385083e-06,1.31771655715738e-06,1.32074430390493,TRUE,TRUE,FALSE,TRUE,irHepatitis,
VEGFA-FLT1,CD8+ T cell 2,Hepatocyte 4,3.7006764421352e-05,3.03382668792149e-05,1.87032209594763e-05,8.20327420263782e-06,all4,2,2,2,2,3.36725156502834e-05,1.34532475810571e-05,3.03382668792149e-05,3.7006764421352e-05,8.20327420263782e-06,1.87032209594763e-05,1.32061459261215,TRUE,TRUE,FALSE,TRUE,irHepatitis,
FN1-CD44,Hepatocyte 2,Hepatocyte 2,1.4113478702633e-05,7.85813691735358e-06,3.84294829520092e-05,1.65777953785168e-05,all4,2,2,2,2,1.09858078099933e-05,2.7503639165263e-05,7.85813691735358e-06,1.4113478702633e-05,1.65777953785168e-05,3.84294829520092e-05,-1.32030615464918,TRUE,FALSE,TRUE,TRUE,AIH,
CSF1-CSF1R,Sinusoidal endothelial cell,Hepatocyte 1,5.06240743358448e-05,3.74590070336344e-05,1.65081098279197e-05,1.87114455320324e-05,all4,2,2,2,2,4.40415406847396e-05,1.7609777679976e-05,3.74590070336344e-05,5.06240743358448e-05,1.65081098279197e-05,1.87114455320324e-05,1.32019437005548,TRUE,TRUE,FALSE,TRUE,irHepatitis,
VEGFA-FLT1,Macrophage 1,Hepatocyte 3,5.47715283844051e-06,9.71962933122634e-06,4.04193969090458e-06,1.98825331549099e-06,all4,2,2,2,2,7.59839108483343e-06,3.01509650319779e-06,5.47715283844051e-06,9.71962933122634e-06,1.98825331549099e-06,4.04193969090458e-06,1.32014391814558,TRUE,TRUE,FALSE,TRUE,irHepatitis,
VEGFA-FLT1,Hepatocyte 3,Macrophage 2,8.66971178742279e-06,7.16084751491634e-06,2.35033189514614e-06,3.93545611048259e-06,all4,2,2,2,2,7.91527965116956e-06,3.14289400281437e-06,7.16084751491634e-06,8.66971178742279e-06,2.35033189514614e-06,3.93545611048259e-06,1.31974347194109,TRUE,TRUE,FALSE,TRUE,irHepatitis,
VEGFA-FLT1,Hepatocyte 4,Macrophage 2,2.89645745279268e-05,3.8176558225229e-05,1.32861643080528e-05,1.35761350220782e-05,all4,2,2,2,2,3.35705663765779e-05,1.34311496650655e-05,2.89645745279268e-05,3.8176558225229e-05,1.32861643080528e-05,1.35761350220782e-05,1.31860949458787,TRUE,TRUE,FALSE,TRUE,irHepatitis,
CCL5-CCR1,CD8+ T cell 1,IgG+ B cell,3.58454844042373e-05,1.5704774965135e-05,1.33110065869034e-05,7.31346671718495e-06,all4,2,2,2,2,2.57751296846862e-05,1.03122366520442e-05,1.5704774965135e-05,3.58454844042373e-05,7.31346671718495e-06,1.33110065869034e-05,1.31771195579524,TRUE,TRUE,FALSE,TRUE,irHepatitis,
MHC-I,Hepatocyte 3,Sinusoidal endothelial cell,7.22884805164938e-06,1.21539830757823e-05,2.93794935678028e-05,1.89953740680115e-05,all4,2,2,2,2,9.69141556371584e-06,2.41874338179072e-05,7.22884805164938e-06,1.21539830757823e-05,1.89953740680115e-05,2.93794935678028e-05,-1.31532242420314,TRUE,FALSE,TRUE,TRUE,AIH,
FN1-SDC1,Macrophage 2,Hepatocyte 4,4.5388485474584e-05,3.42538925492662e-05,7.83311368243398e-06,2.41275555462852e-05,all4,2,2,2,2,3.98211890119251e-05,1.59803346143596e-05,3.42538925492662e-05,4.5388485474584e-05,7.83311368243398e-06,2.41275555462852e-05,1.31471753317625,TRUE,TRUE,FALSE,TRUE,irHepatitis,
CCL5-CCR1,CD8+ T cell 1,Stellate cell,4.8145118363161e-05,6.28797034907791e-05,2.53725660970318e-05,1.92276304525572e-05,all4,2,2,2,2,5.55124109269701e-05,2.23000982747945e-05,4.8145118363161e-05,6.28797034907791e-05,1.92276304525572e-05,2.53725660970318e-05,1.31395381454173,TRUE,TRUE,FALSE,TRUE,irHepatitis,
CCL16-CCR1,IgM+ B cell,Macrophage 1,7.97769744610545e-06,6.70130389294741e-06,2.53938893855658e-06,3.31053631309751e-06,all4,2,2,2,2,7.33950066952643e-06,2.92496262582704e-06,6.70130389294741e-06,7.97769744610545e-06,2.53938893855658e-06,3.31053631309751e-06,1.31355044186342,TRUE,TRUE,FALSE,TRUE,irHepatitis,
CSF1-CSF1R,Hepatocyte 2,Cholangiocyte,8.77637846854878e-06,3.61393882032106e-06,2.06838308274227e-06,2.86209581049333e-06,all4,2,2,2,2,6.19515864443492e-06,2.4652394466178e-06,3.61393882032106e-06,8.77637846854878e-06,2.06838308274227e-06,2.86209581049333e-06,1.31316018253876,TRUE,TRUE,FALSE,TRUE,irHepatitis,
HLA-B-CD8A,Macrophage 1,Hepatocyte 3,7.87074321110447e-06,1.13667322034632e-05,3.1373512704018e-05,1.65667014351177e-05,all4,2,2,2,2,9.61873770728382e-06,2.39701070695679e-05,7.87074321110447e-06,1.13667322034632e-05,1.65667014351177e-05,3.1373512704018e-05,-1.31313380034652,TRUE,FALSE,TRUE,TRUE,AIH,
MHC-I,Stellate cell,CD8+ T cell 1,0.000160087606679893,0.000395418976325039,0.000116591634387879,0.000106974060547342,all4,2,2,2,2,0.000277753291502466,0.00011178284746761,0.000160087606679893,0.000395418976325039,0.000106974060547342,0.000116591634387879,1.31274481921279,TRUE,TRUE,FALSE,TRUE,irHepatitis,
FN1-CD44,Sinusoidal endothelial cell,Hepatocyte 3,1.10097718859608e-06,9.03135212510594e-07,2.57432318914473e-06,2.54205655019153e-06,all4,2,2,2,2,1.00205620055334e-06,2.55818986966813e-06,9.03135212510594e-07,1.10097718859608e-06,2.54205655019153e-06,2.57432318914473e-06,-1.3125099562041,TRUE,FALSE,TRUE,TRUE,AIH,
VEGFA-FLT1,Hepatocyte 3,Sinusoidal endothelial cell,0.00011626991152789,0.000140988105125383,5.0396941269524e-05,5.3126821705313e-05,all4,2,2,2,2,0.000128629008326637,5.17618814874185e-05,0.00011626991152789,0.000140988105125383,5.0396941269524e-05,5.3126821705313e-05,1.31247606611809,TRUE,TRUE,FALSE,TRUE,irHepatitis,
FN1-SDC1,Macrophage 1,IgG+ plasmablast / plasma cell,6.3989277780872e-05,3.81257905982633e-05,1.95844617076159e-05,2.14839466190213e-05,all4,2,2,2,2,5.10575341895677e-05,2.05342041633186e-05,3.81257905982633e-05,6.3989277780872e-05,1.95844617076159e-05,2.14839466190213e-05,1.31213477930091,TRUE,TRUE,FALSE,TRUE,irHepatitis,
CCL16-CCR1,CD8+ T cell 1,Cholangiocyte,6.20912073793324e-06,2.57191477536259e-06,1.46230308953001e-06,2.02012619653873e-06,all4,2,2,2,2,4.39051775664791e-06,1.74121464303437e-06,2.57191477536259e-06,6.20912073793324e-06,1.46230308953001e-06,2.02012619653873e-06,1.31135809762409,TRUE,TRUE,FALSE,TRUE,irHepatitis,
CCL15-CCR1,Hepatocyte 1,Macrophage 2,5.49184461610608e-05,6.26317380492758e-05,2.21227142017144e-05,2.51959663806046e-05,all4,2,2,2,2,5.87750921051683e-05,2.36593402911595e-05,5.49184461610608e-05,6.26317380492758e-05,2.21227142017144e-05,2.51959663806046e-05,1.31109457223342,TRUE,TRUE,FALSE,TRUE,irHepatitis,
FN1-SDC1,Macrophage 2,Hepatocyte 1,3.58146071467487e-05,4.21456602359033e-05,8.19588638372764e-06,2.31683691614637e-05,all4,2,2,2,2,3.8980133691326e-05,1.56821277725957e-05,3.58146071467487e-05,4.21456602359033e-05,8.19588638372764e-06,2.31683691614637e-05,1.31105306045575,TRUE,TRUE,FALSE,TRUE,irHepatitis,
MHC-I,IgM+ B cell,Sinusoidal endothelial cell,6.41542628818818e-06,4.20960050330576e-06,1.60076562685749e-05,1.04713384903125e-05,all4,2,2,2,2,5.31251339574697e-06,1.32394973794437e-05,4.20960050330576e-06,6.41542628818818e-06,1.04713384903125e-05,1.60076562685749e-05,-1.30982861815816,TRUE,FALSE,TRUE,TRUE,AIH,
CSF1-CSF1R,CD4+ T cell,Cholangiocyte,3.23746446031332e-05,3.15127841356604e-05,1.53136466158306e-05,1.0411377149951e-05,all4,2,2,2,2,3.19437143693968e-05,1.28625118828908e-05,3.15127841356604e-05,3.23746446031332e-05,1.0411377149951e-05,1.53136466158306e-05,1.30923607040822,TRUE,TRUE,FALSE,TRUE,irHepatitis,
CSF1-CSF1R,CD4+ T cell,Hepatocyte 3,1.03011750622212e-06,1.6582084108604e-08,1.34350289278489e-06,1.38808150556706e-06,all4,2,2,2,2,5.23349795165363e-07,1.36579219917597e-06,1.6582084108604e-08,1.03011750622212e-06,1.34350289278489e-06,1.38808150556706e-06,-1.30902228310406,TRUE,FALSE,TRUE,TRUE,AIH,
FN1-CD44,Hepatocyte 1,Hepatocyte 2,1.08671357208895e-05,4.95035707535841e-06,2.82951396743014e-05,1.10200098395055e-05,all4,2,2,2,2,7.90874639812396e-06,1.96575747569035e-05,4.95035707535841e-06,1.08671357208895e-05,1.10200098395055e-05,2.82951396743014e-05,-1.3084895061659,TRUE,FALSE,TRUE,TRUE,AIH,
VEGFA-FLT1,Hepatocyte 3,CD8+ T cell 2,1.55695499643424e-05,1.44717360025715e-05,7.50195363735897e-06,4.57899666083704e-06,all4,2,2,2,2,1.5020642983457e-05,6.04047514909801e-06,1.44717360025715e-05,1.55695499643424e-05,4.57899666083704e-06,7.50195363735897e-06,1.30757456104626,TRUE,TRUE,FALSE,TRUE,irHepatitis,
CCL14-CCR1,Hepatocyte 1,CD8+ T cell 1,6.48940725617926e-05,5.16090308300734e-05,2.86664004895135e-05,1.83498467844636e-05,all4,2,2,2,2,5.8251551695933e-05,2.35081236369885e-05,5.16090308300734e-05,6.48940725617926e-05,1.83498467844636e-05,2.86664004895135e-05,1.30742861956875,TRUE,TRUE,FALSE,TRUE,irHepatitis,
FN1-CD44,Macrophage 1,Sinusoidal endothelial cell,3.02621855017685e-06,3.36030843917822e-06,7.92131822042078e-06,8.01448602606847e-06,all4,2,2,2,2,3.19326349467753e-06,7.96790212324463e-06,3.02621855017685e-06,3.36030843917822e-06,7.92131822042078e-06,8.01448602606847e-06,-1.3066426636752,TRUE,FALSE,TRUE,TRUE,AIH,
HLA-B-CD8A,Sinusoidal endothelial cell,CD8+ T cell 3,0.00010643595198121,0.000352614310234888,9.09555846713211e-05,9.46890961990193e-05,all4,2,2,2,2,0.000229525131108049,9.28223404351702e-05,0.00010643595198121,0.000352614310234888,9.09555846713211e-05,9.46890961990193e-05,1.30567562556406,TRUE,TRUE,FALSE,TRUE,irHepatitis,
CSF1-CSF1R,Macrophage 1,CD8+ T cell 1,4.2247714346879e-05,2.77099150560738e-05,1.50182138080485e-05,1.324037963218e-05,all4,2,2,2,2,3.49788147014764e-05,1.41292967201143e-05,2.77099150560738e-05,4.2247714346879e-05,1.324037963218e-05,1.50182138080485e-05,1.30495363721948,TRUE,TRUE,FALSE,TRUE,irHepatitis,
FN1-CD44,CD8+ T cell 2,IgG+ B cell,6.34334446094358e-06,3.14190080145096e-07,9.6324331883659e-06,6.91443223223422e-06,all4,2,2,2,2,3.32876727054434e-06,8.27343271030006e-06,3.14190080145096e-07,6.34334446094358e-06,6.91443223223422e-06,9.6324331883659e-06,-1.3015090842366,TRUE,FALSE,TRUE,TRUE,AIH,
CCL14-CCR1,Sinusoidal endothelial cell,CD8+ T cell 1,0.000175027841961711,0.000148124582375738,6.7508975703514e-05,6.36125626610309e-05,all4,2,2,2,2,0.000161576212168725,6.55607691822725e-05,0.000148124582375738,0.000175027841961711,6.36125626610309e-05,6.7508975703514e-05,1.30069923250982,TRUE,TRUE,FALSE,TRUE,irHepatitis,
HLA-B-CD8A,Sinusoidal endothelial cell,Sinusoidal endothelial cell,2.93027640426206e-05,3.92300089052766e-05,0.000106987495292393,6.19100878053907e-05,all4,2,2,2,2,3.42663864739486e-05,8.44487915488917e-05,2.93027640426206e-05,3.92300089052766e-05,6.19100878053907e-05,0.000106987495292393,-1.30011445721446,TRUE,FALSE,TRUE,TRUE,AIH,
FN1-SDC1,Hepatocyte 1,IgG+ B cell,6.24372120728873e-05,5.70305394913167e-05,2.74830259623386e-05,2.09791493246129e-05,all4,2,2,2,2,5.9733875782102e-05,2.42310876434757e-05,5.70305394913167e-05,6.24372120728873e-05,2.09791493246129e-05,2.74830259623386e-05,1.30003841233803,TRUE,TRUE,FALSE,TRUE,irHepatitis,
CCL14-CCR1,IgG+ B cell,Hepatocyte 1,6.87976025846342e-07,1.05826058320891e-06,3.42589643979906e-07,3.11422946905515e-07,all4,2,2,2,2,8.73118304527624e-07,3.2700629544271e-07,6.87976025846342e-07,1.05826058320891e-06,3.11422946905515e-07,3.42589643979906e-07,1.29935177381738,TRUE,TRUE,FALSE,TRUE,irHepatitis,
HLA-B-CD8A,CD8+ T cell 3,Hepatocyte 3,6.81826145475325e-06,1.0096590512323e-05,2.7311357161577e-05,1.44463767427023e-05,all4,2,2,2,2,8.45742598353813e-06,2.08788669521396e-05,6.81826145475325e-06,1.0096590512323e-05,1.44463767427023e-05,2.7311357161577e-05,-1.29902778245247,TRUE,FALSE,TRUE,TRUE,AIH,
VEGFA-FLT1,Hepatocyte 1,Macrophage 2,3.95836835861345e-05,4.56339666662601e-05,1.5836862914304e-05,1.8744547493301e-05,all4,2,2,2,2,4.26088251261973e-05,1.72907052038025e-05,3.95836835861345e-05,4.56339666662601e-05,1.5836862914304e-05,1.8744547493301e-05,1.2988426417617,TRUE,TRUE,FALSE,TRUE,irHepatitis,
IL15-IL15RA_IL2RB_IL2RG,Hepatocyte 3,Hepatocyte 1,2.62129817457489e-08,2.14104490723213e-10,1.18012935569216e-07,8.34375423115798e-08,all4,2,2,2,2,1.3213543118236e-08,1.00725238940398e-07,2.14104490723213e-10,2.62129817457489e-08,8.34375423115798e-08,1.18012935569216e-07,-1.29845431005482,TRUE,FALSE,TRUE,TRUE,AIH,
CCL14-CCR1,CD4+ T cell,Macrophage 2,2.43268617243694e-05,2.45584174289898e-05,7.94228707819563e-06,1.18806709044135e-05,all4,2,2,2,2,2.44426395766796e-05,9.91147899130455e-06,2.43268617243694e-05,2.45584174289898e-05,7.94228707819563e-06,1.18806709044135e-05,1.29819655520078,TRUE,TRUE,FALSE,TRUE,irHepatitis,
HLA-B-CD8A,CD8+ T cell 2,Hepatocyte 1,2.05730624150845e-05,2.13680152437486e-05,8.14533990104989e-05,2.16475912725764e-05,all4,2,2,2,2,2.09705388294165e-05,5.15504951415376e-05,2.05730624150845e-05,2.13680152437486e-05,2.16475912725764e-05,8.14533990104989e-05,-1.29571785852344,TRUE,FALSE,TRUE,TRUE,AIH,
VEGFA-FLT1,Macrophage 2,Macrophage 1,7.7225553784221e-06,9.97608746977591e-06,4.34589965732715e-06,2.80863747455242e-06,all4,2,2,2,2,8.849321424099e-06,3.57726856593978e-06,7.7225553784221e-06,9.97608746977591e-06,2.80863747455242e-06,4.34589965732715e-06,1.29558032305883,TRUE,TRUE,FALSE,TRUE,irHepatitis,
FN1-SDC1,IgG+ B cell,IgG+ plasmablast / plasma cell,0.00010891063282413,3.70680499723234e-05,3.42600686054649e-05,2.51842794834004e-05,all4,2,2,2,2,7.29893413982267e-05,2.97221740444327e-05,3.70680499723234e-05,0.00010891063282413,2.51842794834004e-05,3.42600686054649e-05,1.29480276141328,TRUE,TRUE,FALSE,TRUE,irHepatitis,
FN1-CD44,CD4+ T cell,CD8+ T cell 1,1.90231004255934e-05,2.9440090168972e-05,1.10073925716489e-05,8.71840117085196e-06,all4,2,2,2,2,2.42315952972827e-05,9.86289687125044e-06,1.90231004255934e-05,2.9440090168972e-05,8.71840117085196e-06,1.10073925716489e-05,1.29276538350173,TRUE,TRUE,FALSE,TRUE,irHepatitis,
CCL14-CCR1,Hepatocyte 1,CD8+ T cell 2,5.62958051314039e-05,4.25725748625965e-05,2.82092023054957e-05,1.21202754809623e-05,all4,2,2,2,2,4.94341899970002e-05,2.0164738893229e-05,4.25725748625965e-05,5.62958051314039e-05,1.21202754809623e-05,2.82092023054957e-05,1.29169771625466,TRUE,TRUE,FALSE,TRUE,irHepatitis,
FN1-SDC1,Hepatocyte 3,Vascular endothelial cell,1.86665131760359e-05,1.34835664725898e-05,4.49071463404116e-06,8.58757036299769e-06,all4,2,2,2,2,1.60750398243129e-05,6.53914249851942e-06,1.34835664725898e-05,1.86665131760359e-05,4.49071463404116e-06,8.58757036299769e-06,1.29156231339177,TRUE,TRUE,FALSE,TRUE,irHepatitis,
CCL15-CCR1,Hepatocyte 2,Macrophage 2,3.53565548745525e-05,4.27180537797552e-05,1.5264704005279e-05,1.65826823672481e-05,all4,2,2,2,2,3.90373043271539e-05,1.59236931862636e-05,3.53565548745525e-05,4.27180537797552e-05,1.5264704005279e-05,1.65826823672481e-05,1.2911763026895,TRUE,TRUE,FALSE,TRUE,irHepatitis,
MHC-I,Macrophage 1,CD8+ T cell 2,0.000361990928230504,0.000608498225142082,0.000231267042252813,0.000165289840481772,all4,2,2,2,2,0.000485244576686293,0.000198278441367293,0.000361990928230504,0.000608498225142082,0.000165289840481772,0.000231267042252813,1.29098317676727,TRUE,TRUE,FALSE,TRUE,irHepatitis,
CSF1-CSF1R,Cholangiocyte,Hepatocyte 4,6.28311814940063e-06,8.44500609034102e-06,2.78452946315335e-06,3.19095142966273e-06,all4,2,2,2,2,7.36406211987083e-06,2.98774044640804e-06,6.28311814940063e-06,8.44500609034102e-06,2.78452946315335e-06,3.19095142966273e-06,1.28818010668861,TRUE,TRUE,FALSE,TRUE,irHepatitis,
FN1-SDC1,CD4+ T cell,Stellate cell,1.0695321536045e-05,1.52387076207404e-05,4.18101499408151e-06,6.39210665424209e-06,all4,2,2,2,2,1.29670145783927e-05,5.2865608241618e-06,1.0695321536045e-05,1.52387076207404e-05,4.18101499408151e-06,6.39210665424209e-06,1.28693660017979,TRUE,TRUE,FALSE,TRUE,irHepatitis,
VEGFA-FLT1,Cholangiocyte,Vascular endothelial cell,0.000792773992458518,0.00182505726184611,0.00040836260283614,0.000666875290118558,all4,2,2,2,2,0.00130891562715232,0.000537618946477349,0.000792773992458518,0.00182505726184611,0.00040836260283614,0.000666875290118558,1.28364231211563,TRUE,TRUE,FALSE,TRUE,irHepatitis,
CSF1-CSF1R,Cholangiocyte,Hepatocyte 2,2.89624659857781e-06,8.31300492312821e-06,1.73970294693102e-06,2.81454785241193e-06,all4,2,2,2,2,5.60462576085301e-06,2.27712539967147e-06,2.89624659857781e-06,8.31300492312821e-06,1.73970294693102e-06,2.81454785241193e-06,1.28207296123129,TRUE,TRUE,FALSE,TRUE,irHepatitis,
HLA-B-CD8A,Hepatocyte 2,Sinusoidal endothelial cell,1.20205736209559e-05,1.77708770022718e-05,4.70945673305788e-05,2.53766011664902e-05,all4,2,2,2,2,1.48957253116139e-05,3.62355842485345e-05,1.20205736209559e-05,1.77708770022718e-05,2.53766011664902e-05,4.70945673305788e-05,-1.27984866972368,TRUE,FALSE,TRUE,TRUE,AIH,
CCL5-CCR1,CD8+ T cell 3,Hepatocyte 4,1.11367582246377e-05,2.84670318545536e-05,9.40052585856684e-06,6.86877876621129e-06,all4,2,2,2,2,1.98018950395956e-05,8.13465231238906e-06,1.11367582246377e-05,2.84670318545536e-05,6.86877876621129e-06,9.40052585856684e-06,1.27862148453311,TRUE,TRUE,FALSE,TRUE,irHepatitis,
CCL14-CCR1,Hepatocyte 2,Stellate cell,1.86359005544451e-05,6.82419819074326e-06,3.65763644398792e-06,6.78366514655278e-06,all4,2,2,2,2,1.27300493725942e-05,5.22065079527035e-06,6.82419819074326e-06,1.86359005544451e-05,3.65763644398792e-06,6.78366514655278e-06,1.27836490712516,TRUE,TRUE,FALSE,TRUE,irHepatitis,
FN1-CD44,CD8+ T cell 2,Hepatocyte 1,7.83467227579039e-06,6.53461589330937e-06,2.33273883044574e-05,1.16601394079554e-05,all4,2,2,2,2,7.18464408454988e-06,1.74937638562064e-05,6.53461589330937e-06,7.83467227579039e-06,1.16601394079554e-05,2.33273883044574e-05,-1.27834644988231,TRUE,FALSE,TRUE,TRUE,AIH,
FN1-CD44,CD4+ T cell,CD8+ T cell 2,1.24242246628718e-05,5.09742672917656e-06,3.26348943422721e-06,3.90836067102063e-06,all4,2,2,2,2,8.76082569602417e-06,3.58592505262392e-06,5.09742672917656e-06,1.24242246628718e-05,3.26348943422721e-06,3.90836067102063e-06,1.27771492147648,TRUE,TRUE,FALSE,TRUE,irHepatitis,
MHC-I,Hepatocyte 1,Sinusoidal endothelial cell,1.48967406998183e-05,2.49990602103e-05,6.15443452726228e-05,3.52736094102961e-05,all4,2,2,2,2,1.99479004550591e-05,4.84089773414595e-05,1.48967406998183e-05,2.49990602103e-05,3.52736094102961e-05,6.15443452726228e-05,-1.27705355111846,TRUE,FALSE,TRUE,TRUE,AIH,
CCL5-CCR1,Stellate cell,Sinusoidal endothelial cell,1.89370961131953e-06,2.80861109362737e-06,8.09178915393616e-06,3.4352488994523e-06,all4,2,2,2,2,2.35116035247345e-06,5.76351902669423e-06,1.89370961131953e-06,2.80861109362737e-06,3.4352488994523e-06,8.09178915393616e-06,-1.27683068340234,TRUE,FALSE,TRUE,TRUE,AIH,
FN1-SDC1,CD8+ T cell 1,CD8+ T cell 2,6.87893593225034e-05,8.84669394430878e-05,2.97891532722303e-05,3.51957352859625e-05,all4,2,2,2,2,7.86281493827956e-05,3.24924442790964e-05,6.87893593225034e-05,8.84669394430878e-05,2.97891532722303e-05,3.51957352859625e-05,1.27372515366465,TRUE,TRUE,FALSE,TRUE,irHepatitis,
VEGFA-FLT1,CD4+ T cell,Vascular endothelial cell,0.000124206657791304,6.53336530691564e-05,4.10709159360916e-05,3.72715976828465e-05,all4,2,2,2,2,9.47701554302304e-05,3.91712568094691e-05,6.53336530691564e-05,0.000124206657791304,3.72715976828465e-05,4.10709159360916e-05,1.27362830347719,TRUE,TRUE,FALSE,TRUE,irHepatitis,
FN1-SDC1,CD4+ T cell,CD8+ T cell 1,1.1355901198913e-05,1.53297108516468e-05,4.92382663569811e-06,6.0608573988462e-06,all4,2,2,2,2,1.33428060252799e-05,5.49234201727215e-06,1.1355901198913e-05,1.53297108516468e-05,4.92382663569811e-06,6.0608573988462e-06,1.27338820148911,TRUE,TRUE,FALSE,TRUE,irHepatitis,
CCL15-CCR1,Hepatocyte 3,Stellate cell,8.346843033116e-06,3.59275801273876e-06,1.59280606253544e-06,3.29267894019819e-06,all4,2,2,2,2,5.96980052292738e-06,2.44274250136681e-06,3.59275801273876e-06,8.346843033116e-06,1.59280606253544e-06,3.29267894019819e-06,1.27308822143856,TRUE,TRUE,FALSE,TRUE,irHepatitis,
FN1-CD44,CD4+ T cell,CD8+ T cell 3,2.74918573496183e-05,1.99232318256661e-05,1.07532091944384e-05,8.82126091473344e-06,all4,2,2,2,2,2.37075445876422e-05,9.78723505458593e-06,1.99232318256661e-05,2.74918573496183e-05,8.82126091473344e-06,1.07532091944384e-05,1.27234113463536,TRUE,TRUE,FALSE,TRUE,irHepatitis,
CSF1-CSF1R,CD8+ T cell 1,Cholangiocyte,3.57867337664887e-05,2.50084421807066e-05,1.43053130879412e-05,1.0829582809879e-05,all4,2,2,2,2,3.03975879735977e-05,1.25674479489101e-05,2.50084421807066e-05,3.57867337664887e-05,1.0829582809879e-05,1.43053130879412e-05,1.27112611568244,TRUE,TRUE,FALSE,TRUE,irHepatitis,
CCL14-CCR1,Cholangiocyte,Macrophage 2,2.74810923782553e-05,1.38857795774319e-05,4.72437328140271e-06,1.2370918664374e-05,all4,2,2,2,2,2.06834359778436e-05,8.54764597288836e-06,1.38857795774319e-05,2.74810923782553e-05,4.72437328140271e-06,1.2370918664374e-05,1.27026586318233,TRUE,TRUE,FALSE,TRUE,irHepatitis,
CCL14-CCR1,CD8+ T cell 3,Hepatocyte 2,7.80090227232602e-07,1.48876583014953e-06,2.77868805116483e-06,2.82320871584161e-06,all4,2,2,2,2,1.13442802869106e-06,2.80094838350322e-06,7.80090227232602e-07,1.48876583014953e-06,2.77868805116483e-06,2.82320871584161e-06,-1.26957688748372,TRUE,FALSE,TRUE,TRUE,AIH,
FN1-CD44,CD8+ T cell 1,CD8+ T cell 3,3.83961839699472e-05,3.56701080201815e-05,1.5003403180201e-05,1.57938809997317e-05,all4,2,2,2,2,3.70331459950644e-05,1.53986420899664e-05,3.56701080201815e-05,3.83961839699472e-05,1.5003403180201e-05,1.57938809997317e-05,1.26346123323483,TRUE,TRUE,FALSE,TRUE,irHepatitis,
CSF1-CSF1R,Vascular endothelial cell,Hepatocyte 3,8.83160569587458e-06,2.97298251151591e-06,2.32304056256648e-06,2.54235297697993e-06,all4,2,2,2,2,5.90229410369525e-06,2.4326967697732e-06,2.97298251151591e-06,8.83160569587458e-06,2.32304056256648e-06,2.54235297697993e-06,1.26264292675443,TRUE,TRUE,FALSE,TRUE,irHepatitis,
VEGFA-FLT1,CD8+ T cell 2,Macrophage 1,6.94385819081916e-05,4.83354690724469e-05,2.94557412629031e-05,1.97187916356852e-05,all4,2,2,2,2,5.88870254903193e-05,2.45872664492941e-05,4.83354690724469e-05,6.94385819081916e-05,1.97187916356852e-05,2.94557412629031e-05,1.25844315396719,TRUE,TRUE,FALSE,TRUE,irHepatitis,
MHC-I,CD8+ T cell 3,Macrophage 1,0.000131008706603877,9.98005003495451e-05,5.87508885233126e-05,3.76882454264724e-05,all4,2,2,2,2,0.000115404603476711,4.82195669748925e-05,9.98005003495451e-05,0.000131008706603877,3.76882454264724e-05,5.87508885233126e-05,1.25819660654023,TRUE,TRUE,FALSE,TRUE,irHepatitis,
CCL5-CCR1,CD8+ T cell 3,Sinusoidal endothelial cell,2.64420936260853e-05,6.70590668747405e-05,2.2041139947981e-05,1.7085915117715e-05,all4,2,2,2,2,4.67505802504129e-05,1.9563527532848e-05,2.64420936260853e-05,6.70590668747405e-05,1.7085915117715e-05,2.2041139947981e-05,1.25481669064721,TRUE,TRUE,FALSE,TRUE,irHepatitis,
CSF1-CSF1R,Cholangiocyte,Hepatocyte 1,1.18688334524717e-05,4.75260933276495e-06,2.67352497815156e-06,4.2467641880273e-06,all4,2,2,2,2,8.31072139261833e-06,3.46014458308943e-06,4.75260933276495e-06,1.18688334524717e-05,2.67352497815156e-06,4.2467641880273e-06,1.25287477360553,TRUE,TRUE,FALSE,TRUE,irHepatitis,
CSF1-CSF1R,Sinusoidal endothelial cell,CD8+ T cell 3,8.78221050297534e-05,0.000213545574642425,6.28363663038527e-05,6.38136168471247e-05,all4,2,2,2,2,0.000150683839836089,6.33249915754887e-05,8.78221050297534e-05,0.000213545574642425,6.28363663038527e-05,6.38136168471247e-05,1.25006079199386,TRUE,TRUE,FALSE,TRUE,irHepatitis,
CSF1-CSF1R,IgG+ B cell,CD4+ T cell,7.22410767139716e-06,2.01405852373686e-05,4.28098216895642e-06,7.19724352853479e-06,all4,2,2,2,2,1.36823464543829e-05,5.7391128487456e-06,7.22410767139716e-06,2.01405852373686e-05,4.28098216895642e-06,7.19724352853479e-06,1.24663405636441,TRUE,TRUE,FALSE,TRUE,irHepatitis,
FN1-SDC1,IgG+ plasmablast / plasma cell,CD8+ T cell 2,5.28629983337486e-05,2.12768002662456e-05,1.58747332430624e-05,1.53279313401526e-05,all4,2,2,2,2,3.70698992999971e-05,1.56013322916075e-05,2.12768002662456e-05,5.28629983337486e-05,1.53279313401526e-05,1.58747332430624e-05,1.24608113436725,TRUE,TRUE,FALSE,TRUE,irHepatitis,
MHC-I,CD4+ T cell,Vascular endothelial cell,0.000116315324467885,5.44618949594465e-05,3.96790625291688e-05,3.2267022184768e-05,all4,2,2,2,2,8.53886097136659e-05,3.59730423569684e-05,5.44618949594465e-05,0.000116315324467885,3.2267022184768e-05,3.96790625291688e-05,1.24604365256628,TRUE,TRUE,FALSE,TRUE,irHepatitis,
CSF1-CSF1R,Macrophage 1,IgG+ plasmablast / plasma cell,2.00357482091931e-05,1.04725085375986e-05,7.194260685745e-06,5.62364980334784e-06,all4,2,2,2,2,1.52541283733958e-05,6.40895524454642e-06,1.04725085375986e-05,2.00357482091931e-05,5.62364980334784e-06,7.194260685745e-06,1.24496911976516,TRUE,TRUE,FALSE,TRUE,irHepatitis,
CCL15-CCR1,IgG+ plasmablast / plasma cell,Vascular endothelial cell,2.32750301809802e-07,0,2.70504440902914e-07,4.09015820111957e-07,all4,2,2,2,2,1.16375150904901e-07,3.39760130507436e-07,0,2.32750301809802e-07,2.70504440902914e-07,4.09015820111957e-07,-1.24457678931061,TRUE,FALSE,TRUE,TRUE,AIH,
CCL15-CCR1,Stellate cell,Sinusoidal endothelial cell,3.12907366447984e-06,2.5828115543437e-06,6.46867711145927e-07,1.7137518549129e-06,all4,2,2,2,2,2.85594260941177e-06,1.18030978302942e-06,2.5828115543437e-06,3.12907366447984e-06,6.46867711145927e-07,1.7137518549129e-06,1.24219287330151,TRUE,TRUE,FALSE,TRUE,irHepatitis,
MHC-I,CD8+ T cell 1,Sinusoidal endothelial cell,1.20838731823349e-05,2.66101082733019e-05,5.69415375444008e-05,3.46423694268699e-05,all4,2,2,2,2,1.93469907278184e-05,4.57919534856354e-05,1.20838731823349e-05,2.66101082733019e-05,3.46423694268699e-05,5.69415375444008e-05,-1.24097555518128,TRUE,FALSE,TRUE,TRUE,AIH,
MHC-I,CD8+ T cell 1,Hepatocyte 3,7.04535869110388e-06,1.54729533986041e-05,3.45252922382863e-05,1.88091895217186e-05,all4,2,2,2,2,1.1259156044854e-05,2.66672408800024e-05,7.04535869110388e-06,1.54729533986041e-05,1.88091895217186e-05,3.45252922382863e-05,-1.24051962447687,TRUE,FALSE,TRUE,TRUE,AIH,
CSF1-CSF1R,CD8+ T cell 1,CD8+ T cell 1,0.000102631148205638,0.000103037028523154,4.59318324724196e-05,4.10807331140628e-05,all4,2,2,2,2,0.000102834088364396,4.35062827932412e-05,0.000102631148205638,0.000103037028523154,4.10807331140628e-05,4.59318324724196e-05,1.24012940150788,TRUE,TRUE,FALSE,TRUE,irHepatitis,
HLA-B-CD8A,Macrophage 1,Macrophage 1,0.000132523429090918,0.000133256105156001,6.82883182951215e-05,4.42367475414223e-05,all4,2,2,2,2,0.00013288976712346,5.62625329182719e-05,0.000132523429090918,0.000133256105156001,4.42367475414223e-05,6.82883182951215e-05,1.23929292158547,TRUE,TRUE,FALSE,TRUE,irHepatitis,
VEGFA-FLT1,CD8+ T cell 2,Hepatocyte 1,2.56800055313165e-05,2.29862781197115e-05,1.3492555138609e-05,7.08841444619322e-06,all4,2,2,2,2,2.4333141825514e-05,1.02904847924011e-05,2.29862781197115e-05,2.56800055313165e-05,7.08841444619322e-06,1.3492555138609e-05,1.23784219109177,TRUE,TRUE,FALSE,TRUE,irHepatitis,
MHC-I,Stellate cell,Hepatocyte 3,5.79866704245189e-06,6.02946692389732e-06,1.37172380719542e-05,1.42467062714141e-05,all4,2,2,2,2,5.91406698317461e-06,1.39819721716841e-05,5.79866704245189e-06,6.02946692389732e-06,1.37172380719542e-05,1.42467062714141e-05,-1.23480297718806,TRUE,FALSE,TRUE,TRUE,AIH,
HLA-B-CD8A,Hepatocyte 4,CD8+ T cell 3,0.000276507472581769,0.000454539536755788,0.000218843013093793,9.17455831394715e-05,all4,2,2,2,2,0.000365523504668778,0.000155294298116632,0.000276507472581769,0.000454539536755788,9.17455831394715e-05,0.000218843013093793,1.23470963427549,TRUE,TRUE,FALSE,TRUE,irHepatitis,
CCL14-CCR1,CD8+ T cell 2,Stellate cell,1.19805717121801e-05,1.0639414174843e-05,2.70495115794476e-06,6.85996241492075e-06,all4,2,2,2,2,1.13099929435115e-05,4.78245678643275e-06,1.0639414174843e-05,1.19805717121801e-05,2.70495115794476e-06,6.85996241492075e-06,1.233692663207,TRUE,TRUE,FALSE,TRUE,irHepatitis,
MHC-I,CD4+ T cell,Macrophage 1,9.02920470136802e-05,2.99067930543129e-05,2.90951741050212e-05,2.1988787062728e-05,all4,2,2,2,2,6.00994200339966e-05,2.55419805838746e-05,2.99067930543129e-05,9.02920470136802e-05,2.1988787062728e-05,2.90951741050212e-05,1.23296460913815,TRUE,TRUE,FALSE,TRUE,irHepatitis,
HLA-B-CD8A,Macrophage 2,Vascular endothelial cell,6.63837485043957e-05,2.28809094386288e-05,2.14530146341874e-05,1.64957422879825e-05,all4,2,2,2,2,4.46323289715123e-05,1.89743784610849e-05,2.28809094386288e-05,6.63837485043957e-05,1.64957422879825e-05,2.14530146341874e-05,1.23199703119143,TRUE,TRUE,FALSE,TRUE,irHepatitis,
CCL15-CCR1,CD8+ T cell 2,Macrophage 1,9.35100183484058e-05,0.000163235628150941,6.66564454317166e-05,4.26515728579391e-05,all4,2,2,2,2,0.000128372823249674,5.46540091448278e-05,9.35100183484058e-05,0.000163235628150941,4.26515728579391e-05,6.66564454317166e-05,1.23123249691001,TRUE,TRUE,FALSE,TRUE,irHepatitis,
FN1-SDC1,Stellate cell,Macrophage 2,3.88694717967081e-05,3.34637430186896e-05,1.49273019091507e-05,1.58356319561246e-05,all4,2,2,2,2,3.61666074076988e-05,1.53814669326377e-05,3.34637430186896e-05,3.88694717967081e-05,1.49273019091507e-05,1.58356319561246e-05,1.23095112418852,TRUE,TRUE,FALSE,TRUE,irHepatitis,
FN1-SDC1,CD8+ T cell 1,Macrophage 1,1.84962361257197e-05,2.93360977941e-05,7.57176707394118e-06,1.27596685930521e-05,all4,2,2,2,2,2.39161669599099e-05,1.01657178334966e-05,1.84962361257197e-05,2.93360977941e-05,7.57176707394118e-06,1.27596685930521e-05,1.23047279074094,TRUE,TRUE,FALSE,TRUE,irHepatitis,
CCL14-CCR1,Hepatocyte 2,Macrophage 1,0.000115156318746936,7.85745377485968e-05,4.50189517118876e-05,3.75048607307158e-05,all4,2,2,2,2,9.68654282477662e-05,4.12619062213017e-05,7.85745377485968e-05,0.000115156318746936,3.75048607307158e-05,4.50189517118876e-05,1.23023403541807,TRUE,TRUE,FALSE,TRUE,irHepatitis,
HLA-B-CD8A,Stellate cell,Vascular endothelial cell,5.22633461106643e-05,2.26373032880866e-05,1.64146347032538e-05,1.54692562407288e-05,all4,2,2,2,2,3.74503246993754e-05,1.59419454719913e-05,2.26373032880866e-05,5.22633461106643e-05,1.54692562407288e-05,1.64146347032538e-05,1.22972632045661,TRUE,TRUE,FALSE,TRUE,irHepatitis,
CCL5-CCR1,Hepatocyte 3,Hepatocyte 2,7.30382050947166e-07,6.47813210596307e-07,2.25664881662509e-06,1.09818221154484e-06,all4,2,2,2,2,6.89097630771737e-07,1.67741551408496e-06,6.47813210596307e-07,7.30382050947166e-07,1.09818221154484e-06,2.25664881662509e-06,-1.22843025454732,TRUE,FALSE,TRUE,TRUE,AIH,
HLA-B-CD8A,Hepatocyte 3,IgG+ plasmablast / plasma cell,3.05333498451642e-06,5.03755533664229e-06,1.36866325974054e-05,5.38635241220788e-06,all4,2,2,2,2,4.04544516057936e-06,9.53649250480666e-06,3.05333498451642e-06,5.03755533664229e-06,5.38635241220788e-06,1.36866325974054e-05,-1.22764089436496,TRUE,FALSE,TRUE,TRUE,AIH,
FN1-CD44,Macrophage 1,IgG+ plasmablast / plasma cell,1.95858440024782e-05,1.34132485956428e-05,7.65268858194493e-06,6.39054509775876e-06,all4,2,2,2,2,1.64995462990605e-05,7.02161683985184e-06,1.34132485956428e-05,1.95858440024782e-05,6.39054509775876e-06,7.65268858194493e-06,1.22706064009551,TRUE,TRUE,FALSE,TRUE,irHepatitis,
IL15-IL15RA_IL2RB_IL2RG,Stellate cell,Hepatocyte 2,0,0,2.2229512096395e-08,1.0309093820045e-07,all4,2,2,2,2,0,6.26602251484224e-08,0,0,2.2229512096395e-08,1.0309093820045e-07,-1.22688150503939,TRUE,FALSE,TRUE,TRUE,AIH,
FN1-CD44,Macrophage 1,CD4+ T cell,3.04586451996064e-05,1.98499518433687e-05,1.09625623618448e-05,1.05579871750207e-05,all4,2,2,2,2,2.51542985214876e-05,1.07602747684327e-05,1.98499518433687e-05,3.04586451996064e-05,1.05579871750207e-05,1.09625623618448e-05,1.22151510683707,TRUE,TRUE,FALSE,TRUE,irHepatitis,
FN1-SDC1,Stellate cell,CD8+ T cell 3,4.99081421051168e-05,4.99085006449498e-05,1.68610243929693e-05,2.59020842123114e-05,all4,2,2,2,2,4.99083213750333e-05,2.13815543026403e-05,4.99081421051168e-05,4.99085006449498e-05,1.68610243929693e-05,2.59020842123114e-05,1.22111383157444,TRUE,TRUE,FALSE,TRUE,irHepatitis,
VEGFA-FLT1,IgG+ B cell,Sinusoidal endothelial cell,2.87144112143505e-05,4.45287512744102e-05,2.64176108250111e-05,4.96639198811577e-06,all4,2,2,2,2,3.66215812443804e-05,1.56920014065634e-05,2.87144112143505e-05,4.45287512744102e-05,4.96639198811577e-06,2.64176108250111e-05,1.2202140281099,TRUE,TRUE,FALSE,TRUE,irHepatitis,
CCL16-CCR1,Hepatocyte 1,Cholangiocyte,6.0198701236615e-05,2.47739682570687e-05,2.35216528157026e-05,1.29254056935822e-05,all4,2,2,2,2,4.24863347468419e-05,1.82235292546424e-05,2.47739682570687e-05,6.0198701236615e-05,1.29254056935822e-05,2.35216528157026e-05,1.2190872450113,TRUE,TRUE,FALSE,TRUE,irHepatitis,
VEGFA-FLT1,Hepatocyte 1,Hepatocyte 4,8.09982198282654e-05,0.000109424794121618,5.94489931861257e-05,2.24262323122925e-05,all4,2,2,2,2,9.52115069749416e-05,4.09376127492091e-05,8.09982198282654e-05,0.000109424794121618,2.24262323122925e-05,5.94489931861257e-05,1.21677077991652,TRUE,TRUE,FALSE,TRUE,irHepatitis,
CCL14-CCR1,Hepatocyte 3,Macrophage 1,7.58887410016025e-05,6.07545775107799e-05,2.88801363029201e-05,2.9907613175878e-05,all4,2,2,2,2,6.83216592561912e-05,2.93938747393991e-05,6.07545775107799e-05,7.58887410016025e-05,2.88801363029201e-05,2.9907613175878e-05,1.21552184384105,TRUE,TRUE,FALSE,TRUE,irHepatitis,
FN1-CD44,Cholangiocyte,Cholangiocyte,0.000183994878327126,0.000115145430488106,5.3320181348958e-05,7.55659446704698e-05,all4,2,2,2,2,0.000149570154407616,6.44430630097139e-05,0.000115145430488106,0.000183994878327126,5.3320181348958e-05,7.55659446704698e-05,1.2141301192459,TRUE,TRUE,FALSE,TRUE,irHepatitis,
MHC-I,Sinusoidal endothelial cell,Hepatocyte 3,1.01210376811694e-05,1.52345125101491e-05,3.63268558156199e-05,2.25918044481432e-05,all4,2,2,2,2,1.26777750956593e-05,2.94593301318815e-05,1.01210376811694e-05,1.52345125101491e-05,2.25918044481432e-05,3.63268558156199e-05,-1.2134010872932,TRUE,FALSE,TRUE,TRUE,AIH,
VEGFA-FLT1,Sinusoidal endothelial cell,Vascular endothelial cell,1.93504574490282e-05,3.98497823760046e-05,1.0589599751337e-05,1.48893382551283e-05,all4,2,2,2,2,2.96001199125164e-05,1.27394690032326e-05,1.93504574490282e-05,3.98497823760046e-05,1.0589599751337e-05,1.48893382551283e-05,1.21329070986914,TRUE,TRUE,FALSE,TRUE,irHepatitis,
CSF1-CSF1R,Stellate cell,Cholangiocyte,4.53745909787676e-05,5.64357485659876e-05,2.1016454218884e-05,2.28733093878156e-05,all4,2,2,2,2,5.09051697723776e-05,2.19448818033498e-05,4.53745909787676e-05,5.64357485659876e-05,2.1016454218884e-05,2.28733093878156e-05,1.21218221096632,TRUE,TRUE,FALSE,TRUE,irHepatitis,
CCL14-CCR1,Hepatocyte 1,CD8+ T cell 3,8.47747090863694e-05,6.81807511775493e-05,4.54417030280629e-05,2.05359499275981e-05,all4,2,2,2,2,7.64777301319594e-05,3.29888264778305e-05,6.81807511775493e-05,8.47747090863694e-05,2.05359499275981e-05,4.54417030280629e-05,1.21190106036271,TRUE,TRUE,FALSE,TRUE,irHepatitis,
FN1-SDC1,CD8+ T cell 1,CD8+ T cell 3,3.14569316492225e-05,3.45720967568625e-05,1.01037629953223e-05,1.83777517466205e-05,all4,2,2,2,2,3.30145142030425e-05,1.42407573709714e-05,3.14569316492225e-05,3.45720967568625e-05,1.01037629953223e-05,1.83777517466205e-05,1.21038820759783,TRUE,TRUE,FALSE,TRUE,irHepatitis,
CSF1-CSF1R,Macrophage 1,IgM+ B cell,1.75762363528187e-05,8.57064226336044e-06,6.00543083531095e-06,5.25526844433346e-06,all4,2,2,2,2,1.30734393080896e-05,5.6303496398222e-06,8.57064226336044e-06,1.75762363528187e-05,5.25526844433346e-06,6.00543083531095e-06,1.20856397290237,TRUE,TRUE,FALSE,TRUE,irHepatitis,
VEGFA-FLT1,Sinusoidal endothelial cell,CD4+ T cell,9.17463918451932e-07,1.89800963849451e-06,4.00006712394798e-06,2.62652538360095e-06,all4,2,2,2,2,1.40773677847322e-06,3.31329625377446e-06,9.17463918451932e-07,1.89800963849451e-06,2.62652538360095e-06,4.00006712394798e-06,-1.20797639094413,TRUE,FALSE,TRUE,TRUE,AIH,
HLA-B-CD8A,Hepatocyte 3,Sinusoidal endothelial cell,7.22884805164938e-06,1.01686781918204e-05,2.44895120362276e-05,1.58141961026684e-05,all4,2,2,2,2,8.6987631217349e-06,2.0151854069448e-05,7.22884805164938e-06,1.01686781918204e-05,1.58141961026684e-05,2.44895120362276e-05,-1.20764156428352,TRUE,FALSE,TRUE,TRUE,AIH,
FN1-SDC1,CD4+ T cell,CD8+ T cell 3,2.29178931678389e-05,1.05533947336871e-05,6.03400064710098e-06,8.4180432326346e-06,all4,2,2,2,2,1.6735643950763e-05,7.22602193986779e-06,1.05533947336871e-05,2.29178931678389e-05,6.03400064710098e-06,8.4180432326346e-06,1.20637237899501,TRUE,TRUE,FALSE,TRUE,irHepatitis,
CSF1-CSF1R,CD8+ T cell 2,Sinusoidal endothelial cell,1.71209803739445e-05,2.42519308506543e-05,5.65179472300384e-05,3.90356974217435e-05,all4,2,2,2,2,2.06864556122994e-05,4.7776822325891e-05,1.71209803739445e-05,2.42519308506543e-05,3.90356974217435e-05,5.65179472300384e-05,-1.20577909217542,TRUE,FALSE,TRUE,TRUE,AIH,
VEGFA-FLT1,Hepatocyte 1,CD8+ T cell 2,9.01120837806257e-05,0.000145113617742129,7.09696285217967e-05,3.11221227278766e-05,all4,2,2,2,2,0.000117612850761378,5.10458756248366e-05,9.01120837806257e-05,0.000145113617742129,3.11221227278766e-05,7.09696285217967e-05,1.20343221955488,TRUE,TRUE,FALSE,TRUE,irHepatitis,
CCL15-CCR1,CD4+ T cell,Stellate cell,6.49402759089247e-07,3.49268743482202e-07,1.1308232654059e-07,2.67706730669766e-07,all4,2,2,2,2,4.99335751285725e-07,1.90394528605178e-07,3.49268743482202e-07,6.49402759089247e-07,1.1308232654059e-07,2.67706730669766e-07,1.20339446084101,TRUE,TRUE,FALSE,TRUE,irHepatitis,
CSF1-CSF1R,Stellate cell,Stellate cell,0.000121431518482226,9.56823760274473e-05,4.9005695866507e-05,4.52601558827883e-05,all4,2,2,2,2,0.000108556947254837,4.71329258746476e-05,9.56823760274473e-05,0.000121431518482226,4.52601558827883e-05,4.9005695866507e-05,1.20283597453575,TRUE,TRUE,FALSE,TRUE,irHepatitis,
IL15-IL15RA_IL2RB_IL2RG,Macrophage 2,CD8+ T cell 1,8.69881689877813e-06,7.10616682700259e-06,2.90735884385816e-06,3.91070428044088e-06,all4,2,2,2,2,7.90249186289036e-06,3.40903156214952e-06,7.10616682700259e-06,8.69881689877813e-06,2.90735884385816e-06,3.91070428044088e-06,1.20180754431516,TRUE,TRUE,FALSE,TRUE,irHepatitis,
MHC-I,Vascular endothelial cell,CD4+ T cell,0.000188584024966072,0.000234909197889651,9.35377714288274e-05,9.06523327845846e-05,all4,2,2,2,2,0.000211746611427862,9.2095052106706e-05,0.000188584024966072,0.000234909197889651,9.06523327845846e-05,9.35377714288274e-05,1.20072973603485,TRUE,TRUE,FALSE,TRUE,irHepatitis,
CSF1-CSF1R,Macrophage 1,CD8+ T cell 3,3.14111588680406e-05,3.6939146184747e-05,1.72182307710559e-05,1.24780982186712e-05,all4,2,2,2,2,3.41751525263938e-05,1.48481644948636e-05,3.14111588680406e-05,3.6939146184747e-05,1.24780982186712e-05,1.72182307710559e-05,1.20010065814804,TRUE,TRUE,FALSE,TRUE,irHepatitis,
CCL14-CCR1,IgG+ B cell,Cholangiocyte,5.06423974532483e-06,5.88575440411497e-06,2.17203417804392e-06,2.54967918202289e-06,all4,2,2,2,2,5.4749970747199e-06,2.3608566800334e-06,5.06423974532483e-06,5.88575440411497e-06,2.17203417804392e-06,2.54967918202289e-06,1.19752837393964,TRUE,TRUE,FALSE,TRUE,irHepatitis,
CSF1-CSF1R,IgG+ plasmablast / plasma cell,Stellate cell,2.35884837007649e-05,1.12192741261282e-05,8.00025176725297e-06,7.1281783893796e-06,all4,2,2,2,2,1.74038789134466e-05,7.56421507831628e-06,1.12192741261282e-05,2.35884837007649e-05,7.1281783893796e-06,8.00025176725297e-06,1.19712876705983,TRUE,TRUE,FALSE,TRUE,irHepatitis,
CCL14-CCR1,Stellate cell,Macrophage 2,5.37150781996253e-05,3.68204112932641e-05,1.68142901809064e-05,2.26558501362731e-05,all4,2,2,2,2,4.52677447464447e-05,1.97350701585898e-05,3.68204112932641e-05,5.37150781996253e-05,1.68142901809064e-05,2.26558501362731e-05,1.19579782224313,TRUE,TRUE,FALSE,TRUE,irHepatitis,
CCL16-CCR1,Hepatocyte 3,CD8+ T cell 1,3.88167541473613e-05,3.82104187094825e-05,1.99429661676249e-05,1.36373108311283e-05,all4,2,2,2,2,3.85135864284219e-05,1.67901384993766e-05,3.82104187094825e-05,3.88167541473613e-05,1.36373108311283e-05,1.99429661676249e-05,1.19549255975584,TRUE,TRUE,FALSE,TRUE,irHepatitis,
MHC-I,IgM+ B cell,Vascular endothelial cell,0.000106171236527944,4.25450655219745e-05,3.70303745599419e-05,2.79019799909443e-05,all4,2,2,2,2,7.43581510249592e-05,3.24661772754431e-05,4.25450655219745e-05,0.000106171236527944,2.79019799909443e-05,3.70303745599419e-05,1.19438444389575,TRUE,TRUE,FALSE,TRUE,irHepatitis,
CSF1-CSF1R,Vascular endothelial cell,IgM+ B cell,0.000179913754657408,6.49488477940406e-05,4.79300335068142e-05,5.91710568439524e-05,all4,2,2,2,2,0.000122431301225724,5.35505451753833e-05,6.49488477940406e-05,0.000179913754657408,4.79300335068142e-05,5.91710568439524e-05,1.19229127955127,TRUE,TRUE,FALSE,TRUE,irHepatitis,
CCL14-CCR1,CD8+ T cell 3,CD8+ T cell 1,3.45565059140005e-05,4.09760240320551e-05,1.51066399585423e-05,1.79653562679839e-05,all4,2,2,2,2,3.77662649730278e-05,1.65359981132631e-05,3.45565059140005e-05,4.09760240320551e-05,1.51066399585423e-05,1.79653562679839e-05,1.18920024940605,TRUE,TRUE,FALSE,TRUE,irHepatitis,
CCL16-CCR1,CD8+ T cell 1,Hepatocyte 3,6.13528466921524e-07,2.39715913334185e-07,1.17736184990779e-06,8.85983682218037e-07,all4,2,2,2,2,4.26622190127854e-07,1.03167276606291e-06,2.39715913334185e-07,6.13528466921524e-07,8.85983682218037e-07,1.17736184990779e-06,-1.18789265844739,TRUE,FALSE,TRUE,TRUE,AIH,
CSF1-CSF1R,Hepatocyte 4,Macrophage 2,5.40561129251237e-05,7.07965000182192e-05,2.08756570736987e-05,3.39598466088764e-05,all4,2,2,2,2,6.24263064716714e-05,2.74177518412875e-05,5.40561129251237e-05,7.07965000182192e-05,2.08756570736987e-05,3.39598466088764e-05,1.18566627763592,TRUE,TRUE,FALSE,TRUE,irHepatitis,
HLA-B-CD8A,IgG+ plasmablast / plasma cell,Hepatocyte 3,5.05338708395179e-06,4.01740489392583e-06,1.50382597374413e-05,5.70608904868836e-06,all4,2,2,2,2,4.53539598893881e-06,1.03721743930648e-05,4.01740489392583e-06,5.05338708395179e-06,5.70608904868836e-06,1.50382597374413e-05,-1.18511273639379,TRUE,FALSE,TRUE,TRUE,AIH,
CCL15-CCR1,Macrophage 2,Hepatocyte 2,6.4955327949233e-07,1.65555328301046e-07,1.44779645483899e-07,1.61414855631991e-07,all4,2,2,2,2,4.07554303896688e-07,1.53097250557945e-07,1.65555328301046e-07,6.4955327949233e-07,1.44779645483899e-07,1.61414855631991e-07,1.18480063980255,TRUE,TRUE,FALSE,TRUE,irHepatitis,
FN1-SDC1,CD8+ T cell 2,Sinusoidal endothelial cell,7.19474768697855e-05,0.000168764857435144,4.52403169012602e-05,6.08338691505572e-05,all4,2,2,2,2,0.000120356167152465,5.30370930259087e-05,7.19474768697855e-05,0.000168764857435144,4.52403169012602e-05,6.08338691505572e-05,1.18152577045318,TRUE,TRUE,FALSE,TRUE,irHepatitis,
CCL15-CCR1,CD8+ T cell 2,Stellate cell,1.25726964984896e-05,1.5349669834181e-05,5.22041550561286e-06,7.03909460326629e-06,all4,2,2,2,2,1.39611831663353e-05,6.12975505443958e-06,1.25726964984896e-05,1.5349669834181e-05,5.22041550561286e-06,7.03909460326629e-06,1.18138274568426,TRUE,TRUE,FALSE,TRUE,irHepatitis,
CCL5-CCR1,IgG+ B cell,Stellate cell,9.27378386051982e-06,8.72014302694671e-06,4.61276653603093e-06,3.26946027011209e-06,all4,2,2,2,2,8.99696344373326e-06,3.94111340307151e-06,8.72014302694671e-06,9.27378386051982e-06,3.26946027011209e-06,4.61276653603093e-06,1.18130125658619,TRUE,TRUE,FALSE,TRUE,irHepatitis,
CSF1-CSF1R,Hepatocyte 4,Macrophage 1,0.000175897879430519,0.000350464557388875,0.000133612797164392,9.87019043517017e-05,all4,2,2,2,2,0.000263181218409697,0.000116157350758047,0.000175897879430519,0.000350464557388875,9.87019043517017e-05,0.000133612797164392,1.17965187222293,TRUE,TRUE,FALSE,TRUE,irHepatitis,
VEGFA-FLT1,Hepatocyte 4,Stellate cell,6.99613469702718e-05,5.18698827671778e-05,2.80379185068049e-05,2.57016135894636e-05,all4,2,2,2,2,6.09156148687248e-05,2.68697660481342e-05,5.18698827671778e-05,6.99613469702718e-05,2.57016135894636e-05,2.80379185068049e-05,1.17942747482306,TRUE,TRUE,FALSE,TRUE,irHepatitis,
HLA-B-CD8A,CD8+ T cell 1,Sinusoidal endothelial cell,1.20838731823349e-05,2.05289882261952e-05,4.59248894653406e-05,2.79582490878412e-05,all4,2,2,2,2,1.63064307042651e-05,3.69415692765909e-05,1.20838731823349e-05,2.05289882261952e-05,2.79582490878412e-05,4.59248894653406e-05,-1.17749895822482,TRUE,FALSE,TRUE,TRUE,AIH,
MHC-I,IgG+ B cell,Macrophage 1,2.90167341296999e-05,2.98931507365876e-05,1.89934542399672e-05,7.00115282583512e-06,all4,2,2,2,2,2.94549424331437e-05,1.29973035329011e-05,2.90167341296999e-05,2.98931507365876e-05,7.00115282583512e-06,1.89934542399672e-05,1.17740605443079,TRUE,TRUE,FALSE,TRUE,irHepatitis,
CSF1-CSF1R,IgM+ B cell,Macrophage 2,5.58294139944035e-05,3.65738475728286e-05,1.92429766027546e-05,2.16064426147135e-05,all4,2,2,2,2,4.62016307836161e-05,2.04247096087341e-05,3.65738475728286e-05,5.58294139944035e-05,1.92429766027546e-05,2.16064426147135e-05,1.1757892687838,TRUE,TRUE,FALSE,TRUE,irHepatitis,
FN1-SDC1,CD8+ T cell 1,IgG+ B cell,1.49121294996592e-05,2.8835808161066e-05,1.18008345937107e-05,7.51182019024054e-06,all4,2,2,2,2,2.18739688303626e-05,9.65632739197563e-06,1.49121294996592e-05,2.8835808161066e-05,7.51182019024054e-06,1.18008345937107e-05,1.17578163086122,TRUE,TRUE,FALSE,TRUE,irHepatitis,
CCL14-CCR1,CD8+ T cell 1,CD4+ T cell,2.6147790648117e-05,1.11834034052306e-05,7.03113904963588e-06,9.4413154806684e-06,all4,2,2,2,2,1.86655970266738e-05,8.23622726515214e-06,1.11834034052306e-05,2.6147790648117e-05,7.03113904963588e-06,9.4413154806684e-06,1.17577013412439,TRUE,TRUE,FALSE,TRUE,irHepatitis,
CSF1-CSF1R,Macrophage 2,CD8+ T cell 2,2.86565758497731e-06,4.32365071279574e-06,1.32279138535223e-06,1.81098294740713e-06,all4,2,2,2,2,3.59465414888652e-06,1.56688716637968e-06,2.86565758497731e-06,4.32365071279574e-06,1.32279138535223e-06,1.81098294740713e-06,1.17418350187731,TRUE,TRUE,FALSE,TRUE,irHepatitis,
CCL5-CCR1,CD8+ T cell 3,Hepatocyte 2,7.73113903647804e-06,1.85608633080717e-05,6.9954403917014e-06,4.60632380395506e-06,all4,2,2,2,2,1.31460011722749e-05,5.80088209782823e-06,7.73113903647804e-06,1.85608633080717e-05,4.60632380395506e-06,6.9954403917014e-06,1.17382233641664,TRUE,TRUE,FALSE,TRUE,irHepatitis,
CCL14-CCR1,Macrophage 1,Macrophage 2,3.78543776034113e-05,2.19463183842451e-05,1.07692257126803e-05,1.57474806699572e-05,all4,2,2,2,2,2.99003479938282e-05,1.32583531913188e-05,2.19463183842451e-05,3.78543776034113e-05,1.07692257126803e-05,1.57474806699572e-05,1.17043709366363,TRUE,TRUE,FALSE,TRUE,irHepatitis,
VEGFA-FLT1,CD8+ T cell 3,CD8+ T cell 1,2.72036382207606e-05,1.8275372139365e-05,1.16523706352442e-05,8.50733900660437e-06,all4,2,2,2,2,2.27395051800628e-05,1.00798548209243e-05,1.8275372139365e-05,2.72036382207606e-05,8.50733900660437e-06,1.16523706352442e-05,1.17001405640102,TRUE,TRUE,FALSE,TRUE,irHepatitis,
CCL5-CCR1,Sinusoidal endothelial cell,Vascular endothelial cell,5.26615768550794e-07,1.053604131659e-07,8.3147275760052e-07,7.06955389023282e-07,all4,2,2,2,2,3.15988090858347e-07,7.69214073311901e-07,1.053604131659e-07,5.26615768550794e-07,7.06955389023282e-07,8.3147275760052e-07,-1.16959890423383,TRUE,FALSE,TRUE,TRUE,AIH,
VEGFA-FLT1,Hepatocyte 2,Stellate cell,3.81540875011496e-05,4.51825994888593e-05,1.883677583268e-05,1.82450756845267e-05,all4,2,2,2,2,4.16683434950045e-05,1.85409257586033e-05,3.81540875011496e-05,4.51825994888593e-05,1.82450756845267e-05,1.883677583268e-05,1.16622351412649,TRUE,TRUE,FALSE,TRUE,irHepatitis,
FN1-SDC1,IgM+ B cell,Vascular endothelial cell,2.23752501905649e-05,2.03225662513126e-05,1.02053205706938e-05,8.77248331621557e-06,all4,2,2,2,2,2.13489082209388e-05,9.48890194345468e-06,2.03225662513126e-05,2.23752501905649e-05,8.77248331621557e-06,1.02053205706938e-05,1.16591539734486,TRUE,TRUE,FALSE,TRUE,irHepatitis,
CCL16-CCR1,IgM+ B cell,Hepatocyte 2,1.46218160870484e-07,9.79082934917507e-10,2.98847694119056e-07,1.4684929750312e-07,all4,2,2,2,2,7.35986219027007e-08,2.22848495811088e-07,9.79082934917507e-10,1.46218160870484e-07,1.4684929750312e-07,2.98847694119056e-07,-1.16365747996843,TRUE,FALSE,TRUE,TRUE,AIH,
VEGFA-FLT1,CD8+ T cell 2,Hepatocyte 2,2.1630434199881e-05,2.88240938418143e-05,1.64724991850549e-05,6.02989232709793e-06,all4,2,2,2,2,2.52272640208477e-05,1.12511957560764e-05,2.1630434199881e-05,2.88240938418143e-05,6.02989232709793e-06,1.64724991850549e-05,1.16159502021775,TRUE,TRUE,FALSE,TRUE,irHepatitis,
CCL15-CCR1,Hepatocyte 2,CD8+ T cell 1,4.03040432737882e-05,6.06443450072498e-05,2.81976740994418e-05,1.69792290803824e-05,all4,2,2,2,2,5.0474194140519e-05,2.25884515899121e-05,4.03040432737882e-05,6.06443450072498e-05,1.69792290803824e-05,2.81976740994418e-05,1.15831378799611,TRUE,TRUE,FALSE,TRUE,irHepatitis,
HLA-B-CD8A,Hepatocyte 1,Sinusoidal endothelial cell,1.48967406998183e-05,2.01374777083735e-05,4.94097855634364e-05,2.88122278462123e-05,all4,2,2,2,2,1.75171092040959e-05,3.91110067048243e-05,1.48967406998183e-05,2.01374777083735e-05,2.88122278462123e-05,4.94097855634364e-05,-1.15668868387856,TRUE,FALSE,TRUE,TRUE,AIH,
VEGFA-FLT1,CD4+ T cell,Stellate cell,9.07793309629468e-06,5.4773287602241e-06,3.3525899757275e-06,3.13448608389305e-06,all4,2,2,2,2,7.27763092825939e-06,3.24353802981028e-06,5.4773287602241e-06,9.07793309629468e-06,3.13448608389305e-06,3.3525899757275e-06,1.15449529566724,TRUE,TRUE,FALSE,TRUE,irHepatitis,
CCL15-CCR1,Vascular endothelial cell,Hepatocyte 3,6.25617779341308e-08,1.4517379852771e-07,3.85598491146503e-08,3.44889280553535e-09,all4,2,2,2,2,1.0386778823092e-07,2.10043709600928e-08,6.25617779341308e-08,1.4517379852771e-07,3.44889280553535e-09,3.85598491146503e-08,1.15262037281647,TRUE,TRUE,FALSE,TRUE,irHepatitis,
CCL5-CCR1,Vascular endothelial cell,Macrophage 2,1.92684868080574e-05,1.2301526542352e-05,7.55995504859513e-06,6.63183723978538e-06,all4,2,2,2,2,1.57850066752047e-05,7.09589614419026e-06,1.2301526542352e-05,1.92684868080574e-05,6.63183723978538e-06,7.55995504859513e-06,1.14829186899061,TRUE,TRUE,FALSE,TRUE,irHepatitis,
CCL14-CCR1,CD8+ T cell 3,Sinusoidal endothelial cell,1.6603755172213e-06,1.13119645443591e-05,1.61608585362812e-05,1.26725566141143e-05,all4,2,2,2,2,6.48617003079021e-06,1.44167075751977e-05,1.6603755172213e-06,1.13119645443591e-05,1.26725566141143e-05,1.61608585362812e-05,-1.14661377294428,TRUE,FALSE,TRUE,TRUE,AIH,
CSF1-CSF1R,CD8+ T cell 1,Vascular endothelial cell,2.6811778800439e-05,1.38794399132236e-05,1.04125116256755e-05,7.93469949302269e-06,all4,2,2,2,2,2.03456093568313e-05,9.17360555934907e-06,1.38794399132236e-05,2.6811778800439e-05,7.93469949302269e-06,1.04125116256755e-05,1.14513524647853,TRUE,TRUE,FALSE,TRUE,irHepatitis,
CCL5-CCR1,IgM+ B cell,Hepatocyte 2,1.40978041822191e-06,6.1122414215012e-07,2.85715139821391e-07,5.77038441393828e-07,all4,2,2,2,2,1.01050228018602e-06,4.31376790607609e-07,6.1122414215012e-07,1.40978041822191e-06,2.85715139821391e-07,5.77038441393828e-07,1.1448706229095,TRUE,TRUE,FALSE,TRUE,irHepatitis,
HLA-B-CD8A,CD8+ T cell 1,Hepatocyte 3,7.04535869110388e-06,1.25900712122653e-05,2.83429788176734e-05,1.51752134101731e-05,all4,2,2,2,2,9.8177149516846e-06,2.17590961139232e-05,7.04535869110388e-06,1.25900712122653e-05,1.51752134101731e-05,2.83429788176734e-05,-1.14440304498293,TRUE,FALSE,TRUE,TRUE,AIH,
IL15-IL15RA_IL2RB_IL2RG,IgM+ B cell,Hepatocyte 1,4.34842386991438e-08,0,1.52138096694466e-07,5.67482812270833e-08,all4,2,2,2,2,2.17421193495719e-08,1.04443188960774e-07,0,4.34842386991438e-08,5.67482812270833e-08,1.52138096694466e-07,-1.14249549617385,TRUE,FALSE,TRUE,TRUE,AIH,
CCL16-CCR1,Hepatocyte 2,Cholangiocyte,3.55355509775995e-05,1.94558182004485e-05,1.57156149307075e-05,9.14785366635192e-06,all4,2,2,2,2,2.7495684589024e-05,1.24317342985297e-05,1.94558182004485e-05,3.55355509775995e-05,9.14785366635192e-06,1.57156149307075e-05,1.14221399925868,TRUE,TRUE,FALSE,TRUE,irHepatitis,
FN1-SDC1,Macrophage 1,IgM+ B cell,8.77265444712819e-06,7.1622702906604e-06,2.7966965256137e-06,4.3875774289477e-06,all4,2,2,2,2,7.96746236889429e-06,3.5921369772807e-06,7.1622702906604e-06,8.77265444712819e-06,2.7966965256137e-06,4.3875774289477e-06,1.13906560672201,TRUE,TRUE,FALSE,TRUE,irHepatitis,
IL15-IL15RA_IL2RB_IL2RG,Vascular endothelial cell,Macrophage 1,6.75631479089624e-07,1.02047238530436e-07,7.74548963465821e-07,1.04825580402284e-06,all4,2,2,2,2,3.8883935881003e-07,9.11402383744331e-07,1.02047238530436e-07,6.75631479089624e-07,7.74548963465821e-07,1.04825580402284e-06,-1.13730400645155,TRUE,FALSE,TRUE,TRUE,AIH,
CCL16-CCR1,Vascular endothelial cell,IgM+ B cell,4.37660518671082e-05,3.35964157624685e-05,1.73441286986924e-05,1.77764381252261e-05,all4,2,2,2,2,3.86812338147884e-05,1.75602834119592e-05,3.35964157624685e-05,4.37660518671082e-05,1.73441286986924e-05,1.77764381252261e-05,1.1372249800325,TRUE,TRUE,FALSE,TRUE,irHepatitis,
HLA-B-CD8A,Cholangiocyte,Hepatocyte 3,5.21932098634793e-06,4.95961343138113e-06,1.32792567487223e-05,9.21737541286045e-06,all4,2,2,2,2,5.08946720886453e-06,1.12483160807914e-05,4.95961343138113e-06,5.21932098634793e-06,9.21737541286045e-06,1.32792567487223e-05,-1.13691608323427,TRUE,FALSE,TRUE,TRUE,AIH,
HLA-B-CD8A,Macrophage 2,Hepatocyte 3,4.32179966295618e-06,7.43875049108994e-06,1.58308516758946e-05,1.01313325630242e-05,all4,2,2,2,2,5.88027507702306e-06,1.29810921194594e-05,4.32179966295618e-06,7.43875049108994e-06,1.01313325630242e-05,1.58308516758946e-05,-1.13621936720237,TRUE,FALSE,TRUE,TRUE,AIH,
CCL16-CCR1,Sinusoidal endothelial cell,Cholangiocyte,1.45217355956699e-05,8.83874309183021e-06,5.20795737006097e-06,5.39432860748356e-06,all4,2,2,2,2,1.168023934375e-05,5.30114298877227e-06,8.83874309183021e-06,1.45217355956699e-05,5.20795737006097e-06,5.39432860748356e-06,1.13279160653844,TRUE,TRUE,FALSE,TRUE,irHepatitis,
FN1-SDC1,Hepatocyte 3,IgG+ B cell,2.64650423333588e-05,4.46420152403188e-05,1.28617040143793e-05,1.95467427904888e-05,all4,2,2,2,2,3.55535287868388e-05,1.6204223402434e-05,2.64650423333588e-05,4.46420152403188e-05,1.28617040143793e-05,1.95467427904888e-05,1.13136287365961,TRUE,TRUE,FALSE,TRUE,irHepatitis,
FN1-SDC1,CD8+ T cell 2,Macrophage 1,7.5551056044418e-05,0.000130619262861001,4.57370119862083e-05,4.84515395028527e-05,all4,2,2,2,2,0.000103085159452709,4.70942757445305e-05,7.5551056044418e-05,0.000130619262861001,4.57370119862083e-05,4.84515395028527e-05,1.12943588390277,TRUE,TRUE,FALSE,TRUE,irHepatitis,
HLA-B-CD8A,IgM+ B cell,Stellate cell,4.50036702329527e-05,4.60754409121e-05,2.25946289982146e-05,1.90017936779487e-05,all4,2,2,2,2,4.55395555725263e-05,2.07982113380816e-05,4.50036702329527e-05,4.60754409121e-05,1.90017936779487e-05,2.25946289982146e-05,1.12890216395705,TRUE,TRUE,FALSE,TRUE,irHepatitis,
CCL15-CCR1,Hepatocyte 3,Hepatocyte 3,3.11223334146474e-06,1.45034955910189e-06,6.1680887276698e-06,3.90555892090648e-06,all4,2,2,2,2,2.28129145028332e-06,5.03682382428814e-06,1.45034955910189e-06,3.11223334146474e-06,3.90555892090648e-06,6.1680887276698e-06,-1.12672961572849,TRUE,FALSE,TRUE,TRUE,AIH,
MHC-I,IgM+ B cell,Hepatocyte 3,2.45309843423174e-06,4.95206802287895e-06,9.82836450010363e-06,6.44348103977789e-06,all4,2,2,2,2,3.70258322855535e-06,8.13592276994076e-06,2.45309843423174e-06,4.95206802287895e-06,6.44348103977789e-06,9.82836450010363e-06,-1.12594013641401,TRUE,FALSE,TRUE,TRUE,AIH,
MHC-I,Sinusoidal endothelial cell,IgG+ plasmablast / plasma cell,1.02248338217823e-05,7.95323287679973e-06,2.67713795413488e-05,1.29995409263046e-05,all4,2,2,2,2,9.08903334929099e-06,1.98854602338267e-05,7.95323287679973e-06,1.02248338217823e-05,1.29995409263046e-05,2.67713795413488e-05,-1.12550218584854,TRUE,FALSE,TRUE,TRUE,AIH,
FN1-SDC1,Hepatocyte 2,IgG+ B cell,5.20333913856612e-05,4.76217586473421e-05,2.66579371560454e-05,1.90240244485829e-05,all4,2,2,2,2,4.98275750165017e-05,2.28409808023142e-05,4.76217586473421e-05,5.20333913856612e-05,1.90240244485829e-05,2.66579371560454e-05,1.12372321436435,TRUE,TRUE,FALSE,TRUE,irHepatitis,
FN1-CD44,Stellate cell,CD8+ T cell 3,5.12116715916618e-05,6.46498082498254e-05,2.88522671828776e-05,2.42998349751912e-05,all4,2,2,2,2,5.79307399207436e-05,2.65760510790344e-05,5.12116715916618e-05,6.46498082498254e-05,2.42998349751912e-05,2.88522671828776e-05,1.12283078988633,TRUE,TRUE,FALSE,TRUE,irHepatitis,
IL15-IL15RA_IL2RB_IL2RG,Macrophage 1,CD8+ T cell 2,2.10197625563523e-05,2.61241127706897e-05,1.26515528976754e-05,8.95045477220445e-06,all4,2,2,2,2,2.3571937663521e-05,1.08010038349399e-05,2.10197625563523e-05,2.61241127706897e-05,8.95045477220445e-06,1.26515528976754e-05,1.12253316108417,TRUE,TRUE,FALSE,TRUE,irHepatitis,
MHC-I,Hepatocyte 4,Sinusoidal endothelial cell,1.51700614111516e-05,2.4565892902713e-05,5.19618871754708e-05,3.46174432256619e-05,all4,2,2,2,2,1.98679771569323e-05,4.32896652005664e-05,1.51700614111516e-05,2.4565892902713e-05,3.46174432256619e-05,5.19618871754708e-05,-1.12174448559026,TRUE,FALSE,TRUE,TRUE,AIH,
CCL15-CCR1,Macrophage 1,CD4+ T cell,1.55631760563238e-06,1.76797636133478e-06,6.33674234954841e-07,8.461239017201e-07,all4,2,2,2,2,1.66214698348358e-06,7.3989906833747e-07,1.55631760563238e-06,1.76797636133478e-06,6.33674234954841e-07,8.461239017201e-07,1.11928298823058,TRUE,TRUE,FALSE,TRUE,irHepatitis,
CCL15-CCR1,Cholangiocyte,Stellate cell,5.230191809512e-06,4.99791174694365e-06,1.0128718295785e-06,3.64620378216882e-06,all4,2,2,2,2,5.11405177822782e-06,2.32953780587366e-06,4.99791174694365e-06,5.230191809512e-06,1.0128718295785e-06,3.64620378216882e-06,1.11888883044308,TRUE,TRUE,FALSE,TRUE,irHepatitis,
CSF1-CSF1R,Stellate cell,Hepatocyte 3,1.64592339272546e-05,8.13143076789666e-06,4.19672886529085e-06,7.07853708306921e-06,all4,2,2,2,2,1.22953323475756e-05,5.63763297418003e-06,8.13143076789666e-06,1.64592339272546e-05,4.19672886529085e-06,7.07853708306921e-06,1.11851149754729,TRUE,TRUE,FALSE,TRUE,irHepatitis,
HLA-B-CD8A,CD8+ T cell 2,Sinusoidal endothelial cell,9.32914387311389e-06,2.74716581012242e-05,4.99582983767382e-05,3.00261481548788e-05,all4,2,2,2,2,1.8400400987169e-05,3.99922232658085e-05,9.32914387311389e-06,2.74716581012242e-05,3.00261481548788e-05,4.99582983767382e-05,-1.11800736900406,TRUE,FALSE,TRUE,TRUE,AIH,
FN1-SDC1,Stellate cell,Hepatocyte 4,0.000123261398442749,5.98623591081327e-05,3.2180028477092e-05,5.21423776939842e-05,all4,2,2,2,2,9.15618787754407e-05,4.21612030855381e-05,5.98623591081327e-05,0.000123261398442749,3.2180028477092e-05,5.21423776939842e-05,1.11796880809565,TRUE,TRUE,FALSE,TRUE,irHepatitis,
CCL15-CCR1,Sinusoidal endothelial cell,Hepatocyte 3,3.48812468140616e-06,1.71416814829878e-06,1.3463939833008e-06,1.00509684826294e-06,all4,2,2,2,2,2.60114641485247e-06,1.17574541578187e-06,1.71416814829878e-06,3.48812468140616e-06,1.00509684826294e-06,1.3463939833008e-06,1.11502381892214,TRUE,TRUE,FALSE,TRUE,irHepatitis,
CCL15-CCR1,CD4+ T cell,Hepatocyte 3,6.53047526961005e-11,5.78357464672984e-10,3.77486593429773e-08,7.22521936479726e-08,all4,2,2,2,2,3.21831108684542e-10,5.50004264954749e-08,6.53047526961005e-11,5.78357464672984e-10,3.77486593429773e-08,7.22521936479726e-08,-1.11225943489423,TRUE,FALSE,TRUE,TRUE,AIH,
CCL16-CCR1,IgM+ B cell,Sinusoidal endothelial cell,6.08833256569566e-07,0,6.23207885457946e-07,7.98659923669865e-07,all4,2,2,2,2,3.04416628284783e-07,7.10933904563906e-07,0,6.08833256569566e-07,6.23207885457946e-07,7.98659923669865e-07,-1.10946182408258,TRUE,FALSE,TRUE,TRUE,AIH,
CCL15-CCR1,Hepatocyte 2,CD8+ T cell 2,4.67858360430208e-05,3.47784895410623e-05,2.6192068516328e-05,1.16095320279231e-05,all4,2,2,2,2,4.07821627920416e-05,1.89008002721255e-05,3.47784895410623e-05,4.67858360430208e-05,1.16095320279231e-05,2.6192068516328e-05,1.10758021448909,TRUE,TRUE,FALSE,TRUE,irHepatitis,
HLA-B-CD8A,CD8+ T cell 1,Macrophage 1,0.000103730815384844,6.50369845428795e-05,4.72178660984094e-05,3.10866265105552e-05,all4,2,2,2,2,8.43838999638615e-05,3.91522463044823e-05,6.50369845428795e-05,0.000103730815384844,3.10866265105552e-05,4.72178660984094e-05,1.10695029797117,TRUE,TRUE,FALSE,TRUE,irHepatitis,
CCL15-CCR1,Hepatocyte 1,CD8+ T cell 2,6.67756056679543e-05,6.97101350475736e-05,4.5927058180245e-05,1.76381347291443e-05,all4,2,2,2,2,6.82428703577639e-05,3.17825964546947e-05,6.67756056679543e-05,6.97101350475736e-05,1.76381347291443e-05,4.5927058180245e-05,1.10130901459084,TRUE,TRUE,FALSE,TRUE,irHepatitis,
MHC-I,Macrophage 1,Macrophage 1,0.000132523429090918,0.000170130492075941,8.61141320775684e-05,5.49368894087815e-05,all4,2,2,2,2,0.000151326960583429,7.05255107431749e-05,0.000132523429090918,0.000170130492075941,5.49368894087815e-05,8.61141320775684e-05,1.10094164547625,TRUE,TRUE,FALSE,TRUE,irHepatitis,
VEGFA-FLT1,Hepatocyte 1,Hepatocyte 1,0.000105612806772634,8.82024307965396e-05,6.57051021877649e-05,2.46067148591916e-05,all4,2,2,2,2,9.69076187845869e-05,4.51559085234783e-05,8.82024307965396e-05,0.000105612806772634,2.46067148591916e-05,6.57051021877649e-05,1.10089844892463,TRUE,TRUE,FALSE,TRUE,irHepatitis,
CCL15-CCR1,Hepatocyte 1,CD8+ T cell 1,6.48359210625084e-05,9.69447537802071e-05,4.89006986243754e-05,2.65490441015808e-05,all4,2,2,2,2,8.08903374213577e-05,3.77248713629781e-05,6.48359210625084e-05,9.69447537802071e-05,2.65490441015808e-05,4.89006986243754e-05,1.09949841857212,TRUE,TRUE,FALSE,TRUE,irHepatitis,
CCL14-CCR1,CD8+ T cell 1,Macrophage 2,3.36947394602798e-05,3.36221720044832e-05,1.27795600210498e-05,1.86703991596756e-05,all4,2,2,2,2,3.36584557323815e-05,1.57249795903627e-05,3.36221720044832e-05,3.36947394602798e-05,1.27795600210498e-05,1.86703991596756e-05,1.09563102497779,TRUE,TRUE,FALSE,TRUE,irHepatitis,
CCL5-CCR1,CD8+ T cell 1,Hepatocyte 1,1.76293903808026e-05,2.31489695223296e-05,1.01764469742918e-05,8.87073457229024e-06,all4,2,2,2,2,2.03891799515661e-05,9.52359077329102e-06,1.76293903808026e-05,2.31489695223296e-05,8.87073457229024e-06,1.01764469742918e-05,1.09446647542978,TRUE,TRUE,FALSE,TRUE,irHepatitis,
CSF1-CSF1R,CD8+ T cell 2,Macrophage 1,0.000314998892907572,0.00031033506800569,0.000181651003384635,0.000111241770882859,all4,2,2,2,2,0.000312666980456631,0.000146446387133747,0.00031033506800569,0.000314998892907572,0.000111241770882859,0.000181651003384635,1.09400953739435,TRUE,TRUE,FALSE,TRUE,irHepatitis,
HLA-B-CD8A,Stellate cell,Macrophage 2,3.73714168512864e-05,3.77510122734047e-05,1.95247942751504e-05,1.56196469211771e-05,all4,2,2,2,2,3.75612145623456e-05,1.75722205981637e-05,3.73714168512864e-05,3.77510122734047e-05,1.56196469211771e-05,1.95247942751504e-05,1.09390901403042,TRUE,TRUE,FALSE,TRUE,irHepatitis,
CCL5-CCR1,Stellate cell,Hepatocyte 3,3.42967252528884e-07,6.50659050822874e-07,1.05110732125827e-06,1.17317288393092e-06,all4,2,2,2,2,4.96813151675879e-07,1.1121401025946e-06,3.42967252528884e-07,6.50659050822874e-07,1.05110732125827e-06,1.17317288393092e-06,-1.0922379274326,TRUE,FALSE,TRUE,TRUE,AIH,
CCL16-CCR1,Sinusoidal endothelial cell,CD8+ T cell 1,3.91404814231834e-05,4.3129610312891e-05,1.92631627174193e-05,1.93301329146047e-05,all4,2,2,2,2,4.11350458680372e-05,1.9296647816012e-05,3.91404814231834e-05,4.3129610312891e-05,1.92631627174193e-05,1.93301329146047e-05,1.09016589260836,TRUE,TRUE,FALSE,TRUE,irHepatitis,
MHC-I,Sinusoidal endothelial cell,Stellate cell,1.15557567389987e-05,1.91119494799556e-05,4.16573084969452e-05,2.36466480043407e-05,all4,2,2,2,2,1.53338531094772e-05,3.26519782506429e-05,1.15557567389987e-05,1.91119494799556e-05,2.36466480043407e-05,4.16573084969452e-05,-1.08812293428208,TRUE,FALSE,TRUE,TRUE,AIH,
VEGFA-FLT1,Hepatocyte 4,CD8+ T cell 3,0.00016117813285621,0.000174537445016394,0.000111688197195036,4.63031733350447e-05,all4,2,2,2,2,0.000167857788936302,7.89956852650405e-05,0.00016117813285621,0.000174537445016394,4.63031733350447e-05,0.000111688197195036,1.08694202348616,TRUE,TRUE,FALSE,TRUE,irHepatitis,
CSF1-CSF1R,Hepatocyte 2,Vascular endothelial cell,5.73557487906593e-06,2.2830527863287e-06,2.22741790302251e-06,1.498436072813e-06,all4,2,2,2,2,4.00931383269731e-06,1.86292698791776e-06,2.2830527863287e-06,5.73557487906593e-06,1.498436072813e-06,2.22741790302251e-06,1.08675561725611,TRUE,TRUE,FALSE,TRUE,irHepatitis,
CSF1-CSF1R,Stellate cell,CD4+ T cell,6.23799790479939e-05,6.49161557129065e-05,2.95305997282481e-05,3.04790645597914e-05,all4,2,2,2,2,6.36480673804502e-05,3.00048321440198e-05,6.23799790479939e-05,6.49161557129065e-05,2.95305997282481e-05,3.04790645597914e-05,1.08373528996309,TRUE,TRUE,FALSE,TRUE,irHepatitis,
FN1-CD44,Stellate cell,CD8+ T cell 1,4.30555899402942e-05,7.48422051021804e-05,3.1436452704186e-05,2.41697325176497e-05,all4,2,2,2,2,5.89488975212373e-05,2.78030926109178e-05,4.30555899402942e-05,7.48422051021804e-05,2.41697325176497e-05,3.1436452704186e-05,1.08293961374793,TRUE,TRUE,FALSE,TRUE,irHepatitis,
HLA-B-CD8A,IgG+ plasmablast / plasma cell,Stellate cell,4.93732806395705e-05,3.41430472404108e-05,2.08179619427411e-05,1.85618358025573e-05,all4,2,2,2,2,4.17581639399907e-05,1.96898988726492e-05,3.41430472404108e-05,4.93732806395705e-05,1.85618358025573e-05,2.08179619427411e-05,1.08279585678533,TRUE,TRUE,FALSE,TRUE,irHepatitis,
CCL15-CCR1,CD8+ T cell 2,IgM+ B cell,2.13851229064763e-05,7.26828923277544e-06,6.5887342747002e-06,6.89707742708328e-06,all4,2,2,2,2,1.43267060696259e-05,6.74290585089174e-06,7.26828923277544e-06,2.13851229064763e-05,6.5887342747002e-06,6.89707742708328e-06,1.08199773375114,TRUE,TRUE,FALSE,TRUE,irHepatitis,
HLA-B-CD8A,Macrophage 1,IgG+ plasmablast / plasma cell,5.06375135452597e-05,3.67061481535921e-05,2.59594074615442e-05,1.52672806425425e-05,all4,2,2,2,2,4.36718308494259e-05,2.06133440520433e-05,3.67061481535921e-05,5.06375135452597e-05,1.52672806425425e-05,2.59594074615442e-05,1.08140010731284,TRUE,TRUE,FALSE,TRUE,irHepatitis,
MHC-I,CD8+ T cell 2,IgG+ plasmablast / plasma cell,5.36437801938937e-05,2.72205019168384e-05,2.54133649105966e-05,1.2757697130633e-05,all4,2,2,2,2,4.04321410553661e-05,1.90855310206148e-05,2.72205019168384e-05,5.36437801938937e-05,1.2757697130633e-05,2.54133649105966e-05,1.08116126710543,TRUE,TRUE,FALSE,TRUE,irHepatitis,
MHC-I,CD8+ T cell 2,Sinusoidal endothelial cell,9.32914387311389e-06,3.71863802375869e-05,6.10819814874534e-05,3.72578009803866e-05,all4,2,2,2,2,2.32577620553504e-05,4.916989123392e-05,9.32914387311389e-06,3.71863802375869e-05,3.72578009803866e-05,6.10819814874534e-05,-1.0785372162753,TRUE,FALSE,TRUE,TRUE,AIH,
FN1-SDC1,Cholangiocyte,Stellate cell,4.46369552634982e-05,4.60907631637315e-05,8.21496554716828e-06,3.47697552490872e-05,all4,2,2,2,2,4.53638592136149e-05,2.14923603981277e-05,4.46369552634982e-05,4.60907631637315e-05,8.21496554716828e-06,3.47697552490872e-05,1.07607106926823,TRUE,TRUE,FALSE,TRUE,irHepatitis,
FN1-SDC1,Vascular endothelial cell,Macrophage 2,3.196864922333e-05,2.7499745555838e-05,1.45272051962274e-05,1.36902273180788e-05,all4,2,2,2,2,2.9734197389584e-05,1.41087162571531e-05,2.7499745555838e-05,3.196864922333e-05,1.36902273180788e-05,1.45272051962274e-05,1.07303090054907,TRUE,TRUE,FALSE,TRUE,irHepatitis,
CCL14-CCR1,Hepatocyte 4,CD8+ T cell 3,7.64681833132496e-05,8.35971543611791e-05,5.28883313531207e-05,2.31709368071945e-05,all4,2,2,2,2,8.00326688372144e-05,3.80296340801576e-05,7.64681833132496e-05,8.35971543611791e-05,2.31709368071945e-05,5.28883313531207e-05,1.07253521793843,TRUE,TRUE,FALSE,TRUE,irHepatitis,
FN1-SDC1,IgM+ B cell,Hepatocyte 2,1.73196264758574e-05,2.02398915118545e-05,9.62821198770835e-06,8.18301197283869e-06,all4,2,2,2,2,1.87797589938559e-05,8.90561198027352e-06,1.73196264758574e-05,2.02398915118545e-05,8.18301197283869e-06,9.62821198770835e-06,1.07242605209287,TRUE,TRUE,FALSE,TRUE,irHepatitis,
HLA-B-CD8A,Sinusoidal endothelial cell,Hepatocyte 3,1.01210376811694e-05,1.2980279825968e-05,3.04883800862681e-05,1.80983321856252e-05,all4,2,2,2,2,1.15506587535687e-05,2.42933561359467e-05,1.01210376811694e-05,1.2980279825968e-05,1.80983321856252e-05,3.04883800862681e-05,-1.06953359808554,TRUE,FALSE,TRUE,TRUE,AIH,
VEGFA-FLT1,IgG+ plasmablast / plasma cell,Macrophage 2,1.8600454007381e-05,1.12786012041326e-05,7.80716581587644e-06,6.39548106692902e-06,all4,2,2,2,2,1.49395276057568e-05,7.10132344140273e-06,1.12786012041326e-05,1.8600454007381e-05,6.39548106692902e-06,7.80716581587644e-06,1.06801674744726,TRUE,TRUE,FALSE,TRUE,irHepatitis,
FN1-CD44,CD4+ T cell,Cholangiocyte,2.2871149676837e-05,1.71794791883648e-05,1.3229414725109e-05,5.82760209216575e-06,all4,2,2,2,2,2.00253144326009e-05,9.52850840863739e-06,1.71794791883648e-05,2.2871149676837e-05,5.82760209216575e-06,1.3229414725109e-05,1.06780644774832,TRUE,TRUE,FALSE,TRUE,irHepatitis,
FN1-CD44,Macrophage 1,Macrophage 1,4.11188130004941e-05,5.26972665793098e-05,1.77199972589928e-05,2.7023727495814e-05,all4,2,2,2,2,4.6908039789902e-05,2.23718623774034e-05,4.11188130004941e-05,5.26972665793098e-05,1.77199972589928e-05,2.7023727495814e-05,1.0665756763618,TRUE,TRUE,FALSE,TRUE,irHepatitis,
FN1-SDC1,IgM+ B cell,Hepatocyte 1,2.28327229771993e-05,1.6673772756106e-05,9.16872269451487e-06,9.65967273772394e-06,all4,2,2,2,2,1.97532478666527e-05,9.41419771611941e-06,1.6673772756106e-05,2.28327229771993e-05,9.16872269451487e-06,9.65967273772394e-06,1.06544443791333,TRUE,TRUE,FALSE,TRUE,irHepatitis,
FN1-SDC1,CD8+ T cell 2,CD8+ T cell 1,6.74623231112194e-05,0.000116125140022222,4.36388141156749e-05,4.42588043397117e-05,all4,2,2,2,2,9.17937315667208e-05,4.39488092276932e-05,6.74623231112194e-05,0.000116125140022222,4.36388141156749e-05,4.42588043397117e-05,1.06177246321135,TRUE,TRUE,FALSE,TRUE,irHepatitis,
MHC-I,IgM+ B cell,Stellate cell,4.50036702329527e-05,6.22701809313076e-05,2.76451015519097e-05,2.37848557693102e-05,all4,2,2,2,2,5.36369255821301e-05,2.571497866061e-05,4.50036702329527e-05,6.22701809313076e-05,2.37848557693102e-05,2.76451015519097e-05,1.05925433200665,TRUE,TRUE,FALSE,TRUE,irHepatitis,
CCL16-CCR1,Hepatocyte 1,CD8+ T cell 2,0.000114437494000314,7.8532018592816e-05,6.61316853899624e-05,2.64268095847114e-05,all4,2,2,2,2,9.64847562965652e-05,4.62792474873369e-05,7.8532018592816e-05,0.000114437494000314,2.64268095847114e-05,6.61316853899624e-05,1.05917800839953,TRUE,TRUE,FALSE,TRUE,irHepatitis,
CCL15-CCR1,Sinusoidal endothelial cell,Sinusoidal endothelial cell,1.71839723932186e-05,7.61454911399372e-06,5.35855233050931e-06,6.49468116355898e-06,all4,2,2,2,2,1.23992607536062e-05,5.92661674703415e-06,7.61454911399372e-06,1.71839723932186e-05,5.35855233050931e-06,6.49468116355898e-06,1.05906841467305,TRUE,TRUE,FALSE,TRUE,irHepatitis,
CCL5-CCR1,Hepatocyte 4,Sinusoidal endothelial cell,9.87268996870783e-06,6.30145879461422e-06,5.5484872719437e-06,2.16561780995257e-06,all4,2,2,2,2,8.08707438166103e-06,3.85705254094814e-06,6.30145879461422e-06,9.87268996870783e-06,2.16561780995257e-06,5.5484872719437e-06,1.05905563256968,TRUE,TRUE,FALSE,TRUE,irHepatitis,
FN1-CD44,Vascular endothelial cell,Macrophage 1,3.44340897821144e-05,2.45458813157683e-05,1.79214122550202e-05,1.03465648192864e-05,all4,2,2,2,2,2.94899855489414e-05,1.41339885371533e-05,2.45458813157683e-05,3.44340897821144e-05,1.03465648192864e-05,1.79214122550202e-05,1.05857823050614,TRUE,TRUE,FALSE,TRUE,irHepatitis,
VEGFA-FLT1,Stellate cell,IgM+ B cell,2.64703386698432e-05,2.54882972165494e-05,1.19736929487366e-05,1.29300840278839e-05,all4,2,2,2,2,2.59793179431963e-05,1.24518884883103e-05,2.54882972165494e-05,2.64703386698432e-05,1.19736929487366e-05,1.29300840278839e-05,1.05818700154139,TRUE,TRUE,FALSE,TRUE,irHepatitis,
VEGFA-FLT1,Sinusoidal endothelial cell,Hepatocyte 1,8.27061178811154e-06,1.0920000727261e-05,6.39578610442431e-06,2.78115805353384e-06,all4,2,2,2,2,9.59530625768628e-06,4.58847207897907e-06,8.27061178811154e-06,1.0920000727261e-05,2.78115805353384e-06,6.39578610442431e-06,1.05670396009131,TRUE,TRUE,FALSE,TRUE,irHepatitis,
FN1-CD44,Stellate cell,CD4+ T cell,6.88693662209771e-05,0.000141156841272851,5.39531832528667e-05,4.69900918512212e-05,all4,2,2,2,2,0.000105013103746914,5.04716375520439e-05,6.88693662209771e-05,0.000141156841272851,4.69900918512212e-05,5.39531832528667e-05,1.0563311286977,TRUE,TRUE,FALSE,TRUE,irHepatitis,
CSF1-CSF1R,CD4+ T cell,Macrophage 2,8.56859237702611e-05,7.97142527338937e-05,4.11072820295223e-05,3.84956433207272e-05,all4,2,2,2,2,8.27000882520774e-05,3.98014626751248e-05,7.97142527338937e-05,8.56859237702611e-05,3.84956433207272e-05,4.11072820295223e-05,1.05418935460515,TRUE,TRUE,FALSE,TRUE,irHepatitis,
HLA-B-CD8A,IgM+ B cell,Hepatocyte 3,2.45309843423174e-06,4.19372130067132e-06,8.64728360638516e-06,5.22991428134326e-06,all4,2,2,2,2,3.32340986745153e-06,6.93859894386421e-06,2.45309843423174e-06,4.19372130067132e-06,5.22991428134326e-06,8.64728360638516e-06,-1.05151731470837,TRUE,FALSE,TRUE,TRUE,AIH,
CCL5-CCR1,IgG+ plasmablast / plasma cell,Hepatocyte 2,2.86983452857539e-07,7.80790256011612e-08,5.50150660344741e-07,3.06012445829665e-07,all4,2,2,2,2,1.8253123922935e-07,4.28081553087203e-07,7.80790256011612e-08,2.86983452857539e-07,3.06012445829665e-07,5.50150660344741e-07,-1.05032919495185,TRUE,FALSE,TRUE,TRUE,AIH,
HLA-B-CD8A,Cholangiocyte,Stellate cell,4.75366943757127e-05,6.12548476177787e-05,2.61681090268932e-05,2.63228465921728e-05,all4,2,2,2,2,5.43957709967457e-05,2.6245477809533e-05,4.75366943757127e-05,6.12548476177787e-05,2.61681090268932e-05,2.63228465921728e-05,1.05009775925388,TRUE,TRUE,FALSE,TRUE,irHepatitis,
CCL14-CCR1,Sinusoidal endothelial cell,Macrophage 1,0.000404038192644393,0.000345595135016063,0.000186801798805734,0.000175958496975669,all4,2,2,2,2,0.000374816663830228,0.000181380147890702,0.000345595135016063,0.000404038192644393,0.000175958496975669,0.000186801798805734,1.0469767053343,TRUE,TRUE,FALSE,TRUE,irHepatitis,
IL15-IL15RA_IL2RB_IL2RG,Macrophage 2,CD4+ T cell,1.01469261955929e-05,4.20867076521924e-06,3.1388514478216e-06,3.76867738049869e-06,all4,2,2,2,2,7.17779848040608e-06,3.45376441416015e-06,4.20867076521924e-06,1.01469261955929e-05,3.1388514478216e-06,3.76867738049869e-06,1.0453425472765,TRUE,TRUE,FALSE,TRUE,irHepatitis,
HLA-B-CD8A,CD8+ T cell 2,Macrophage 1,0.000126499278358229,6.86905568064636e-05,6.22337387675123e-05,3.23042775662844e-05,all4,2,2,2,2,9.75949175823462e-05,4.72690081668984e-05,6.86905568064636e-05,0.000126499278358229,3.23042775662844e-05,6.22337387675123e-05,1.0451763450143,TRUE,TRUE,FALSE,TRUE,irHepatitis,
FN1-CD44,Macrophage 2,CD8+ T cell 3,1.85296423382769e-05,2.17569535714403e-05,9.11042711870309e-06,1.03831613283986e-05,all4,2,2,2,2,2.01432979548586e-05,9.74679422355086e-06,1.85296423382769e-05,2.17569535714403e-05,9.11042711870309e-06,1.03831613283986e-05,1.04374211437827,TRUE,TRUE,FALSE,TRUE,irHepatitis,
CSF1-CSF1R,IgM+ B cell,Vascular endothelial cell,2.56853985841604e-05,1.15239014797168e-05,9.70156570218771e-06,8.29933885905311e-06,all4,2,2,2,2,1.86046500319386e-05,9.00045228062041e-06,1.15239014797168e-05,2.56853985841604e-05,8.29933885905311e-06,9.70156570218771e-06,1.04374109441082,TRUE,TRUE,FALSE,TRUE,irHepatitis,
CCL16-CCR1,CD8+ T cell 1,Hepatocyte 4,3.08663666667904e-06,2.82650907736979e-06,1.3305388978869e-06,1.48983582605622e-06,all4,2,2,2,2,2.95657287202442e-06,1.41018736197156e-06,2.82650907736979e-06,3.08663666667904e-06,1.3305388978869e-06,1.48983582605622e-06,1.04362569405163,TRUE,TRUE,FALSE,TRUE,irHepatitis,
CCL5-CCR1,Hepatocyte 3,CD4+ T cell,4.33444524102016e-07,1.13220224756581e-06,2.16321933563549e-06,1.16268752476262e-06,all4,2,2,2,2,7.82823385833915e-07,1.66295343019905e-06,4.33444524102016e-07,1.13220224756581e-06,1.16268752476262e-06,2.16321933563549e-06,-1.04331329872945,TRUE,FALSE,TRUE,TRUE,AIH,
CCL16-CCR1,CD8+ T cell 2,Macrophage 2,9.47387104140433e-05,3.72258412147271e-05,3.08948223447196e-05,3.3097475295713e-05,all4,2,2,2,2,6.59822758143852e-05,3.19961488202163e-05,3.72258412147271e-05,9.47387104140433e-05,3.08948223447196e-05,3.3097475295713e-05,1.04309591676236,TRUE,TRUE,FALSE,TRUE,irHepatitis,
VEGFA-FLT1,CD4+ T cell,Sinusoidal endothelial cell,3.95492608185163e-06,5.96838164602763e-06,1.39927265400113e-05,6.54893439034403e-06,all4,2,2,2,2,4.96165386393963e-06,1.02708304651776e-05,3.95492608185163e-06,5.96838164602763e-06,6.54893439034403e-06,1.39927265400113e-05,-1.04268332670261,TRUE,FALSE,TRUE,TRUE,AIH,
VEGFA-FLT1,Vascular endothelial cell,Stellate cell,1.86757604483982e-05,2.05599276296657e-05,9.87168092587657e-06,9.12736932708943e-06,all4,2,2,2,2,1.9617844039032e-05,9.499525126483e-06,1.86757604483982e-05,2.05599276296657e-05,9.12736932708943e-06,9.87168092587657e-06,1.04259133976135,TRUE,TRUE,FALSE,TRUE,irHepatitis,
FN1-SDC1,Macrophage 1,CD8+ T cell 2,6.03318513126906e-05,8.89446355422056e-05,3.47768906039282e-05,3.7703907022998e-05,all4,2,2,2,2,7.46382434274481e-05,3.62403988134631e-05,6.03318513126906e-05,8.89446355422056e-05,3.47768906039282e-05,3.7703907022998e-05,1.04135988375737,TRUE,TRUE,FALSE,TRUE,irHepatitis,
CSF1-CSF1R,CD8+ T cell 1,CD8+ T cell 2,4.03000883013515e-05,3.51424719667736e-05,2.01718207631784e-05,1.64404605018266e-05,all4,2,2,2,2,3.77212801340626e-05,1.83061406325025e-05,3.51424719667736e-05,4.03000883013515e-05,1.64404605018266e-05,2.01718207631784e-05,1.04115862326982,TRUE,TRUE,FALSE,TRUE,irHepatitis,
FN1-CD44,Sinusoidal endothelial cell,Hepatocyte 4,1.13113139443193e-06,1.75110691228045e-06,1.92477265928565e-06,4.09542277160652e-06,all4,2,2,2,2,1.44111915335619e-06,3.01009771544609e-06,1.13113139443193e-06,1.75110691228045e-06,1.92477265928565e-06,4.09542277160652e-06,-1.03880187284192,TRUE,FALSE,TRUE,TRUE,AIH,
FN1-CD44,Stellate cell,CD8+ T cell 2,1.79392027691134e-05,2.58494076067454e-05,8.85994839042689e-06,1.24690136918034e-05,all4,2,2,2,2,2.18943051879294e-05,1.06644810411152e-05,1.79392027691134e-05,2.58494076067454e-05,8.85994839042689e-06,1.24690136918034e-05,1.03450928252105,TRUE,TRUE,FALSE,TRUE,irHepatitis,
VEGFA-FLT1,Macrophage 2,Hepatocyte 3,3.02886802338861e-06,4.18203418480107e-06,2.03665870098444e-06,1.43625506368727e-06,all4,2,2,2,2,3.60545110409484e-06,1.73645688233585e-06,3.02886802338861e-06,4.18203418480107e-06,1.43625506368727e-06,2.03665870098444e-06,1.03429615134957,TRUE,TRUE,FALSE,TRUE,irHepatitis,
FN1-CD44,Hepatocyte 3,CD8+ T cell 2,1.40813416139316e-05,1.95512176994306e-05,3.99775679023979e-05,2.89586966766901e-05,all4,2,2,2,2,1.68162796566811e-05,3.4468132289544e-05,1.40813416139316e-05,1.95512176994306e-05,2.89586966766901e-05,3.99775679023979e-05,-1.03335523235046,TRUE,FALSE,TRUE,TRUE,AIH,
MHC-I,IgG+ plasmablast / plasma cell,Stellate cell,4.93732806395705e-05,5.21844071996306e-05,2.59969799090504e-05,2.36989462614618e-05,all4,2,2,2,2,5.07788439196005e-05,2.48479630852561e-05,4.93732806395705e-05,5.21844071996306e-05,2.36989462614618e-05,2.59969799090504e-05,1.02971606847982,TRUE,TRUE,FALSE,TRUE,irHepatitis,
CCL15-CCR1,IgM+ B cell,Hepatocyte 2,5.94080214820987e-09,0,8.96073489188358e-08,1.98358566762768e-08,all4,2,2,2,2,2.97040107410494e-09,5.47216027975563e-08,0,5.94080214820987e-09,1.98358566762768e-08,8.96073489188358e-08,-1.02931038711019,TRUE,FALSE,TRUE,TRUE,AIH,
CCL15-CCR1,CD4+ T cell,Hepatocyte 1,5.70096818620426e-08,1.77913160201454e-08,1.38776681512557e-07,1.11051185724672e-07,all4,2,2,2,2,3.7400498941094e-08,1.24913933618615e-07,1.77913160201454e-08,5.70096818620426e-08,1.11051185724672e-07,1.38776681512557e-07,-1.0286283840244,TRUE,FALSE,TRUE,TRUE,AIH,
CCL5-CCR1,IgM+ B cell,Stellate cell,1.26856668636827e-05,1.02755725862064e-05,6.26819337197763e-06,4.94404566534592e-06,all4,2,2,2,2,1.14806197249445e-05,5.60611951866177e-06,1.02755725862064e-05,1.26856668636827e-05,4.94404566534592e-06,6.26819337197763e-06,1.02800932671087,TRUE,TRUE,FALSE,TRUE,irHepatitis,
CSF1-CSF1R,Sinusoidal endothelial cell,IgM+ B cell,2.67767732800254e-05,3.07403032644319e-05,1.29448142395636e-05,1.5262748998822e-05,all4,2,2,2,2,2.87585382722287e-05,1.41037816191928e-05,2.67767732800254e-05,3.07403032644319e-05,1.29448142395636e-05,1.5262748998822e-05,1.0254779466606,TRUE,TRUE,FALSE,TRUE,irHepatitis,
CSF1-CSF1R,Cholangiocyte,Stellate cell,6.19255280673767e-05,5.26461503809945e-05,2.98624725801947e-05,2.63866774159886e-05,all4,2,2,2,2,5.72858392241856e-05,2.81245749980916e-05,5.26461503809945e-05,6.19255280673767e-05,2.63866774159886e-05,2.98624725801947e-05,1.02512826808455,TRUE,TRUE,FALSE,TRUE,irHepatitis,
HLA-B-CD8A,IgG+ plasmablast / plasma cell,Macrophage 1,5.60237460569284e-05,2.92769917772276e-05,2.65627804530212e-05,1.53380549780685e-05,all4,2,2,2,2,4.2650368917078e-05,2.09504177155449e-05,2.92769917772276e-05,5.60237460569284e-05,1.53380549780685e-05,2.65627804530212e-05,1.02394432676964,TRUE,TRUE,FALSE,TRUE,irHepatitis,
FN1-CD44,CD4+ T cell,IgG+ plasmablast / plasma cell,2.21172015833132e-05,1.74059446005437e-05,9.89759545012253e-06,9.50551437688078e-06,all4,2,2,2,2,1.97615730919285e-05,9.70155491350165e-06,1.74059446005437e-05,2.21172015833132e-05,9.50551437688078e-06,9.89759545012253e-06,1.0228842013688,TRUE,TRUE,FALSE,TRUE,irHepatitis,
FN1-SDC1,Macrophage 2,CD4+ T cell,1.55803215558884e-05,7.04755293315426e-06,4.91324366957764e-06,6.20956183281732e-06,all4,2,2,2,2,1.13139372445213e-05,5.56140275119748e-06,7.04755293315426e-06,1.55803215558884e-05,4.91324366957764e-06,6.20956183281732e-06,1.01845382954281,TRUE,TRUE,FALSE,TRUE,irHepatitis,
IL15-IL15RA_IL2RB_IL2RG,Stellate cell,Macrophage 1,1.57685219630543e-06,3.65928841926317e-07,1.65280209503254e-06,2.37543640275397e-06,all4,2,2,2,2,9.71390519115872e-07,2.01411924889326e-06,3.65928841926317e-07,1.57685219630543e-06,1.65280209503254e-06,2.37543640275397e-06,-1.01732327164784,TRUE,FALSE,TRUE,TRUE,AIH,
CCL15-CCR1,Hepatocyte 2,CD8+ T cell 3,5.52226640972369e-05,6.60343397052359e-05,4.00463203396769e-05,1.98696835931575e-05,all4,2,2,2,2,6.06285019012364e-05,2.99580019664172e-05,5.52226640972369e-05,6.60343397052359e-05,1.98696835931575e-05,4.00463203396769e-05,1.01591742579792,TRUE,TRUE,FALSE,TRUE,irHepatitis,
HLA-B-CD8A,Vascular endothelial cell,Sinusoidal endothelial cell,3.70050228902592e-06,3.92862381922424e-06,7.60883920471021e-06,7.85250631541233e-06,all4,2,2,2,2,3.81456305412508e-06,7.73067276006127e-06,3.70050228902592e-06,3.92862381922424e-06,7.60883920471021e-06,7.85250631541233e-06,-1.01020246990148,TRUE,FALSE,TRUE,TRUE,AIH,
HLA-B-CD8A,CD8+ T cell 2,Stellate cell,3.19657498466557e-05,2.45343540766772e-05,1.28916700901818e-05,1.520906540257e-05,all4,2,2,2,2,2.82500519616664e-05,1.40503677463759e-05,2.45343540766772e-05,3.19657498466557e-05,1.28916700901818e-05,1.520906540257e-05,1.00523928879791,TRUE,TRUE,FALSE,TRUE,irHepatitis,
MHC-I,Stellate cell,Vascular endothelial cell,5.22633461106643e-05,2.9618144439776e-05,2.07324509496633e-05,2.00237824067421e-05,all4,2,2,2,2,4.09407452752202e-05,2.03781166782027e-05,2.9618144439776e-05,5.22633461106643e-05,2.00237824067421e-05,2.07324509496633e-05,1.00485751420877,TRUE,TRUE,FALSE,TRUE,irHepatitis,
CCL16-CCR1,Vascular endothelial cell,Macrophage 2,2.88062048069981e-05,3.12846734437371e-05,1.57615646188744e-05,1.4146326192493e-05,all4,2,2,2,2,3.00454391253676e-05,1.49539454056837e-05,2.88062048069981e-05,3.12846734437371e-05,1.4146326192493e-05,1.57615646188744e-05,1.00436014946983,TRUE,TRUE,FALSE,TRUE,irHepatitis,
CCL15-CCR1,Hepatocyte 1,CD8+ T cell 3,8.64715994314295e-05,0.000121433071383709,7.36422720823854e-05,3.01312829792167e-05,all4,2,2,2,2,0.000103952335407569,5.18867775308011e-05,8.64715994314295e-05,0.000121433071383709,3.01312829792167e-05,7.36422720823854e-05,1.00183284908199,TRUE,TRUE,FALSE,TRUE,irHepatitis,
CCL15-CCR1,CD8+ T cell 1,CD4+ T cell,1.73851288951558e-06,1.51378469686082e-06,6.06801683890725e-07,9.71460402078897e-07,all4,2,2,2,2,1.6261487931882e-06,7.89131042984811e-07,1.51378469686082e-06,1.73851288951558e-06,6.06801683890725e-07,9.71460402078897e-07,1.00098903358766,TRUE,TRUE,FALSE,TRUE,irHepatitis,
HLA-B-CD8A,Hepatocyte 4,Sinusoidal endothelial cell,1.51700614111516e-05,2.01025188021685e-05,4.25943012712833e-05,2.80664064497113e-05,all4,2,2,2,2,1.76362901066601e-05,3.53303538604973e-05,1.51700614111516e-05,2.01025188021685e-05,2.80664064497113e-05,4.25943012712833e-05,-1.00045001713221,TRUE,FALSE,TRUE,TRUE,AIH,
HLA-B-CD8A,Sinusoidal endothelial cell,Stellate cell,1.15557567389987e-05,1.46170984819005e-05,3.39798877254069e-05,1.84286497115924e-05,all4,2,2,2,2,1.30864276104496e-05,2.62042687184997e-05,1.15557567389987e-05,1.46170984819005e-05,1.84286497115924e-05,3.39798877254069e-05,-0.999157922316334,TRUE,FALSE,TRUE,TRUE,AIH,
HLA-B-CD8A,Stellate cell,Hepatocyte 3,5.79866704245189e-06,5.24970006359037e-06,1.14088952525626e-05,1.0740354781928e-05,all4,2,2,2,2,5.52418355302113e-06,1.10746250172453e-05,5.24970006359037e-06,5.79866704245189e-06,1.0740354781928e-05,1.14088952525626e-05,-0.997345415617408,TRUE,FALSE,TRUE,TRUE,AIH,
MHC-I,Macrophage 2,Vascular endothelial cell,6.63837485043957e-05,3.03173877324597e-05,2.72997986427354e-05,2.1118941285475e-05,all4,2,2,2,2,4.83505681184277e-05,2.42093699641052e-05,3.03173877324597e-05,6.63837485043957e-05,2.1118941285475e-05,2.72997986427354e-05,0.996578599644637,TRUE,TRUE,FALSE,TRUE,irHepatitis,
FN1-SDC1,Macrophage 1,CD8+ T cell 3,2.87432662964522e-05,3.36075293014931e-05,1.3155370864238e-05,1.81411158915913e-05,all4,2,2,2,2,3.11753977989726e-05,1.56482433779147e-05,2.87432662964522e-05,3.36075293014931e-05,1.3155370864238e-05,1.81411158915913e-05,0.992265810109826,TRUE,TRUE,FALSE,TRUE,irHepatitis,
CCL5-CCR1,Sinusoidal endothelial cell,Stellate cell,3.41113095236779e-06,2.37346804272707e-06,7.91540465874787e-06,3.68165688050501e-06,all4,2,2,2,2,2.89229949754743e-06,5.79853076962644e-06,2.37346804272707e-06,3.41113095236779e-06,3.68165688050501e-06,7.91540465874787e-06,-0.991925045667469,TRUE,FALSE,TRUE,TRUE,AIH,
CCL14-CCR1,CD8+ T cell 1,Macrophage 1,8.62551268375223e-05,8.75213215146671e-05,3.99290170695868e-05,4.74479654778762e-05,all4,2,2,2,2,8.68882241760947e-05,4.36884912737315e-05,8.62551268375223e-05,8.75213215146671e-05,3.99290170695868e-05,4.74479654778762e-05,0.991140600885994,TRUE,TRUE,FALSE,TRUE,irHepatitis,
VEGFA-FLT1,Hepatocyte 2,CD8+ T cell 2,3.99215318969499e-05,6.62241595526394e-05,3.67456639747825e-05,1.66138238576837e-05,all4,2,2,2,2,5.30728457247946e-05,2.66797439162331e-05,3.99215318969499e-05,6.62241595526394e-05,1.66138238576837e-05,3.67456639747825e-05,0.990973836411677,TRUE,TRUE,FALSE,TRUE,irHepatitis,
IL15-IL15RA_IL2RB_IL2RG,CD8+ T cell 2,CD4+ T cell,2.0673547935401e-06,1.33463243273744e-06,1.01452815533044e-06,6.51306690683489e-07,all4,2,2,2,2,1.70099361313877e-06,8.32917423006965e-07,1.33463243273744e-06,2.0673547935401e-06,6.51306690683489e-07,1.01452815533044e-06,0.990471408170551,TRUE,TRUE,FALSE,TRUE,irHepatitis,
FN1-CD44,CD8+ T cell 1,Hepatocyte 1,1.33185373852335e-06,1.36268284905875e-06,2.699313206618e-06,2.74617371497182e-06,all4,2,2,2,2,1.34726829379105e-06,2.72274346079491e-06,1.33185373852335e-06,1.36268284905875e-06,2.699313206618e-06,2.74617371497182e-06,-0.990377645477081,TRUE,FALSE,TRUE,TRUE,AIH,
CCL5-CCR1,Macrophage 2,Stellate cell,8.55567612627747e-06,5.60121010442237e-06,3.91180513907159e-06,3.16802551197516e-06,all4,2,2,2,2,7.07844311534992e-06,3.53991532552337e-06,5.60121010442237e-06,8.55567612627747e-06,3.16802551197516e-06,3.91180513907159e-06,0.990287929759103,TRUE,TRUE,FALSE,TRUE,irHepatitis,
FN1-CD44,CD8+ T cell 1,Vascular endothelial cell,7.99742475939506e-06,8.1316241858594e-06,4.19157446267428e-06,3.88551048186175e-06,all4,2,2,2,2,8.06452447262723e-06,4.03854247226801e-06,7.99742475939506e-06,8.1316241858594e-06,3.88551048186175e-06,4.19157446267428e-06,0.989490954469548,TRUE,TRUE,FALSE,TRUE,irHepatitis,
VEGFA-FLT1,Hepatocyte 4,Hepatocyte 1,6.18291332593048e-05,5.75506607185755e-05,4.4037895840975e-05,1.61227344058621e-05,all4,2,2,2,2,5.96898969889402e-05,3.00803151234185e-05,5.75506607185755e-05,6.18291332593048e-05,1.61227344058621e-05,4.4037895840975e-05,0.98755635553473,TRUE,TRUE,FALSE,TRUE,irHepatitis,
CCL16-CCR1,Sinusoidal endothelial cell,Macrophage 1,9.91777800693296e-05,0.000104946986833623,5.20192649161748e-05,5.13075950131365e-05,all4,2,2,2,2,0.000102062383451476,5.16634299646556e-05,9.91777800693296e-05,0.000104946986833623,5.13075950131365e-05,5.20192649161748e-05,0.981591821346715,TRUE,TRUE,FALSE,TRUE,irHepatitis,
CCL16-CCR1,Vascular endothelial cell,Cholangiocyte,1.60944252360436e-05,1.31487938059968e-05,8.42364633174812e-06,6.35005228740345e-06,all4,2,2,2,2,1.46216095210202e-05,7.38684930957578e-06,1.31487938059968e-05,1.60944252360436e-05,6.35005228740345e-06,8.42364633174812e-06,0.980575634156863,TRUE,TRUE,FALSE,TRUE,irHepatitis,
VEGFA-FLT1,Hepatocyte 1,Hepatocyte 2,6.88499023146676e-05,9.13788929049682e-05,6.16685260384131e-05,1.95243749914998e-05,all4,2,2,2,2,8.01143976098179e-05,4.05964505149565e-05,6.88499023146676e-05,9.13788929049682e-05,1.95243749914998e-05,6.16685260384131e-05,0.979889319237207,TRUE,TRUE,FALSE,TRUE,irHepatitis,
CCL14-CCR1,Hepatocyte 1,Stellate cell,2.27612474088586e-05,1.02508476447679e-05,7.61373889086513e-06,9.09019313271403e-06,all4,2,2,2,2,1.65060475268132e-05,8.35196601178958e-06,1.02508476447679e-05,2.27612474088586e-05,7.61373889086513e-06,9.09019313271403e-06,0.978835194582281,TRUE,TRUE,FALSE,TRUE,irHepatitis,
FN1-CD44,CD8+ T cell 2,CD4+ T cell,4.87260003039817e-05,0.000119563444851354,4.68359619207068e-05,3.85509945577003e-05,all4,2,2,2,2,8.41447225776679e-05,4.26934782392035e-05,4.87260003039817e-05,0.000119563444851354,3.85509945577003e-05,4.68359619207068e-05,0.978079665474692,TRUE,TRUE,FALSE,TRUE,irHepatitis,
FN1-SDC1,Macrophage 1,Hepatocyte 3,3.36121954703932e-05,5.07873581173828e-05,1.70705317326541e-05,2.57465127729306e-05,all4,2,2,2,2,4.2199776793888e-05,2.14085222527924e-05,3.36121954703932e-05,5.07873581173828e-05,1.70705317326541e-05,2.57465127729306e-05,0.977500852606512,TRUE,TRUE,FALSE,TRUE,irHepatitis,
CCL16-CCR1,Vascular endothelial cell,IgG+ plasmablast / plasma cell,2.39941545557291e-05,1.71129007252308e-05,7.75860802874417e-06,1.30813243731767e-05,all4,2,2,2,2,2.05535276404799e-05,1.04199662009604e-05,1.71129007252308e-05,2.39941545557291e-05,7.75860802874417e-06,1.30813243731767e-05,0.976855555972193,TRUE,TRUE,FALSE,TRUE,irHepatitis,
FN1-CD44,Macrophage 2,IgG+ B cell,9.49986414166966e-06,5.48082957828802e-06,3.97931124879088e-06,3.58679220340997e-06,all4,2,2,2,2,7.49034685997884e-06,3.78305172610042e-06,5.48082957828802e-06,9.49986414166966e-06,3.58679220340997e-06,3.97931124879088e-06,0.976741034234552,TRUE,TRUE,FALSE,TRUE,irHepatitis,
CSF1-CSF1R,Sinusoidal endothelial cell,Stellate cell,9.15610035382833e-05,5.65736808904507e-05,4.28008490078571e-05,3.24988259911669e-05,all4,2,2,2,2,7.4067342214367e-05,3.7649837499512e-05,5.65736808904507e-05,9.15610035382833e-05,3.24988259911669e-05,4.28008490078571e-05,0.975314140191337,TRUE,TRUE,FALSE,TRUE,irHepatitis,
CSF1-CSF1R,Hepatocyte 3,Cholangiocyte,2.80188011414283e-06,1.35861715555855e-06,3.74176943052699e-06,4.52186512070108e-06,all4,2,2,2,2,2.08024863485069e-06,4.13181727561403e-06,1.35861715555855e-06,2.80188011414283e-06,3.74176943052699e-06,4.52186512070108e-06,-0.974192500550697,TRUE,FALSE,TRUE,TRUE,AIH,
FN1-SDC1,Hepatocyte 3,Cholangiocyte,4.53586286110863e-05,7.31276653169879e-05,1.76978004151617e-05,4.25992407945958e-05,all4,2,2,2,2,5.92431469640371e-05,3.01485206048788e-05,4.53586286110863e-05,7.31276653169879e-05,1.76978004151617e-05,4.25992407945958e-05,0.973463915748456,TRUE,TRUE,FALSE,TRUE,irHepatitis,
CCL15-CCR1,Hepatocyte 4,Hepatocyte 1,8.57313150787265e-06,8.60064465555529e-06,2.48909368165256e-05,8.86610744453057e-06,all4,2,2,2,2,8.58688808171397e-06,1.68785221305281e-05,8.57313150787265e-06,8.60064465555529e-06,8.86610744453057e-06,2.48909368165256e-05,-0.971139305604337,TRUE,FALSE,TRUE,TRUE,AIH,
CSF1-CSF1R,Hepatocyte 4,Hepatocyte 2,8.73581524865189e-06,8.09336072447557e-06,2.26662476231494e-05,1.0399175946184e-05,all4,2,2,2,2,8.41458798656373e-06,1.65327117846667e-05,8.09336072447557e-06,8.73581524865189e-06,1.0399175946184e-05,2.26662476231494e-05,-0.970440267992538,TRUE,FALSE,TRUE,TRUE,AIH,
FN1-SDC1,CD8+ T cell 3,Vascular endothelial cell,1.42594604951399e-05,8.66477569675292e-06,5.65704594023825e-06,5.99788078577347e-06,all4,2,2,2,2,1.14621180959464e-05,5.82746336300586e-06,8.66477569675292e-06,1.42594604951399e-05,5.65704594023825e-06,5.99788078577347e-06,0.97027954866967,TRUE,TRUE,FALSE,TRUE,irHepatitis,
CCL16-CCR1,Macrophage 1,Hepatocyte 4,3.80046667592201e-06,2.86259559362781e-06,1.61299626288568e-06,1.74398331173632e-06,all4,2,2,2,2,3.33153113477491e-06,1.678489787311e-06,2.86259559362781e-06,3.80046667592201e-06,1.61299626288568e-06,1.74398331173632e-06,0.969496485081705,TRUE,TRUE,FALSE,TRUE,irHepatitis,
IL15-IL15RA_IL2RB_IL2RG,IgG+ plasmablast / plasma cell,Hepatocyte 2,0,0,6.3601386842579e-08,2.56338100615815e-08,all4,2,2,2,2,0,4.46175984520802e-08,0,0,2.56338100615815e-08,6.3601386842579e-08,-0.966863101706559,TRUE,FALSE,TRUE,TRUE,AIH,
CSF1-CSF1R,Macrophage 2,Hepatocyte 1,2.52134986711241e-06,1.8140864049636e-06,8.57059533293863e-07,1.31788650183487e-06,all4,2,2,2,2,2.167718136038e-06,1.08747301756436e-06,1.8140864049636e-06,2.52134986711241e-06,8.57059533293863e-07,1.31788650183487e-06,0.965261943845593,TRUE,TRUE,FALSE,TRUE,irHepatitis,
CCL16-CCR1,CD8+ T cell 2,Macrophage 1,0.000230864026564573,0.000173541628440591,0.00012547134853566,8.20478927414494e-05,all4,2,2,2,2,0.000202202827502582,0.000103759620638555,0.000173541628440591,0.000230864026564573,8.20478927414494e-05,0.00012547134853566,0.962241769598027,TRUE,TRUE,FALSE,TRUE,irHepatitis,
CCL5-CCR1,Sinusoidal endothelial cell,CD8+ T cell 2,1.30228925192276e-05,8.05543139891472e-06,6.34883110992039e-06,4.42587490762389e-06,all4,2,2,2,2,1.05391619590712e-05,5.38735300877214e-06,8.05543139891472e-06,1.30228925192276e-05,4.42587490762389e-06,6.34883110992039e-06,0.962033000590896,TRUE,TRUE,FALSE,TRUE,irHepatitis,
FN1-CD44,IgG+ B cell,Macrophage 2,9.98589546000468e-06,1.63470825405269e-05,8.16398741178844e-06,5.31527601575462e-06,all4,2,2,2,2,1.31664890002658e-05,6.73963171377153e-06,9.98589546000468e-06,1.63470825405269e-05,5.31527601575462e-06,8.16398741178844e-06,0.961270684609887,TRUE,TRUE,FALSE,TRUE,irHepatitis,
FN1-SDC1,Hepatocyte 3,CD4+ T cell,5.2850425235078e-06,3.21081255940343e-06,5.54498188991517e-06,1.10510554207962e-05,all4,2,2,2,2,4.24792754145562e-06,8.29801865535571e-06,3.21081255940343e-06,5.2850425235078e-06,5.54498188991517e-06,1.10510554207962e-05,-0.958323829045738,TRUE,FALSE,TRUE,TRUE,AIH,
MHC-I,Macrophage 1,IgG+ plasmablast / plasma cell,5.06375135452597e-05,5.64911531194628e-05,3.47080650889485e-05,2.04282263690192e-05,all4,2,2,2,2,5.35643333323613e-05,2.75681457289839e-05,5.06375135452597e-05,5.64911531194628e-05,2.04282263690192e-05,3.47080650889485e-05,0.957084855129756,TRUE,TRUE,FALSE,TRUE,irHepatitis,
VEGFA-FLT1,Sinusoidal endothelial cell,Hepatocyte 2,6.70972023413473e-06,1.07556033800896e-05,6.27261731012627e-06,2.70428902503252e-06,all4,2,2,2,2,8.73266180711218e-06,4.4884531675794e-06,6.70972023413473e-06,1.07556033800896e-05,2.70428902503252e-06,6.27261731012627e-06,0.952958603216458,TRUE,TRUE,FALSE,TRUE,irHepatitis,
FN1-SDC1,CD8+ T cell 1,Hepatocyte 3,2.47472217134057e-05,4.92387898646129e-05,1.51718239690464e-05,2.30581428768733e-05,all4,2,2,2,2,3.69930057890093e-05,1.91149834229598e-05,2.47472217134057e-05,4.92387898646129e-05,1.51718239690464e-05,2.30581428768733e-05,0.950846863532101,TRUE,TRUE,FALSE,TRUE,irHepatitis,
VEGFA-FLT1,Hepatocyte 2,Macrophage 2,1.58356366799392e-05,2.15633182862524e-05,9.15976044084206e-06,1.01708385647698e-05,all4,2,2,2,2,1.86994774830958e-05,9.66529950280591e-06,1.58356366799392e-05,2.15633182862524e-05,9.15976044084206e-06,1.01708385647698e-05,0.948753312046627,TRUE,TRUE,FALSE,TRUE,irHepatitis,
CSF1-CSF1R,Vascular endothelial cell,CD4+ T cell,0.000103712355167162,8.66872095415111e-05,5.04466537459421e-05,4.81576453991898e-05,all4,2,2,2,2,9.51997823543363e-05,4.93021495725659e-05,8.66872095415111e-05,0.000103712355167162,4.81576453991898e-05,5.04466537459421e-05,0.948648792034772,TRUE,TRUE,FALSE,TRUE,irHepatitis,
CCL14-CCR1,Macrophage 1,IgG+ B cell,2.12280995678743e-06,6.47154964184539e-07,3.03744903821182e-06,2.3934985131233e-06,all4,2,2,2,2,1.38498246048599e-06,2.71547377566756e-06,6.47154964184539e-07,2.12280995678743e-06,2.3934985131233e-06,3.03744903821182e-06,-0.948072999805523,TRUE,FALSE,TRUE,TRUE,AIH,
CCL14-CCR1,Hepatocyte 4,Macrophage 1,0.000121612952802046,0.000109716709963936,7.46241762705681e-05,4.53366049237398e-05,all4,2,2,2,2,0.000115664831382991,5.9980390597154e-05,0.000109716709963936,0.000121612952802046,4.53366049237398e-05,7.46241762705681e-05,0.946846529639439,TRUE,TRUE,FALSE,TRUE,irHepatitis,
CCL14-CCR1,Hepatocyte 3,Macrophage 2,2.79811607429128e-05,1.56546272082809e-05,9.90487957998427e-06,1.2733180262121e-05,all4,2,2,2,2,2.18178939755968e-05,1.13190299210526e-05,1.56546272082809e-05,2.79811607429128e-05,9.90487957998427e-06,1.2733180262121e-05,0.943903765376565,TRUE,TRUE,FALSE,TRUE,irHepatitis,
FN1-CD44,Macrophage 1,CD8+ T cell 1,2.3146802921995e-05,3.20511908990562e-05,1.37319721140693e-05,1.49294932454391e-05,all4,2,2,2,2,2.75989969105256e-05,1.43307326797542e-05,2.3146802921995e-05,3.20511908990562e-05,1.37319721140693e-05,1.49294932454391e-05,0.943246919205035,TRUE,TRUE,FALSE,TRUE,irHepatitis,
MHC-I,CD8+ T cell 1,Macrophage 1,0.000103730815384844,8.43572554883043e-05,5.93163269795588e-05,3.85533881203628e-05,all4,2,2,2,2,9.40440354365739e-05,4.89348575499608e-05,8.43572554883043e-05,0.000103730815384844,3.85533881203628e-05,5.93163269795588e-05,0.941813457280866,TRUE,TRUE,FALSE,TRUE,irHepatitis,
IL15-IL15RA_IL2RB_IL2RG,IgG+ B cell,Macrophage 2,0,7.11048646009304e-09,1.59392680636958e-08,8.38026032548415e-08,all4,2,2,2,2,3.55524323004652e-09,4.98709356592686e-08,0,7.11048646009304e-09,1.59392680636958e-08,8.38026032548415e-08,-0.941760990889366,TRUE,FALSE,TRUE,TRUE,AIH,
FN1-CD44,Macrophage 2,Macrophage 2,2.05220685575493e-05,1.92148875590979e-05,9.44111224285325e-06,1.12201222130078e-05,all4,2,2,2,2,1.98684780583236e-05,1.03306172279305e-05,1.92148875590979e-05,2.05220685575493e-05,9.44111224285325e-06,1.12201222130078e-05,0.940432175724401,TRUE,TRUE,FALSE,TRUE,irHepatitis,
HLA-B-CD8A,Vascular endothelial cell,Stellate cell,5.22065771288805e-05,3.71637729146771e-05,2.29525878222355e-05,2.35772689833108e-05,all4,2,2,2,2,4.46851750217788e-05,2.32649284027731e-05,3.71637729146771e-05,5.22065771288805e-05,2.29525878222355e-05,2.35772689833108e-05,0.940252254333902,TRUE,TRUE,FALSE,TRUE,irHepatitis,
CCL16-CCR1,Hepatocyte 3,Cholangiocyte,1.06730656675923e-05,6.19917500349141e-06,4.40560327475349e-06,4.34319450475984e-06,all4,2,2,2,2,8.43612033554184e-06,4.37439888975667e-06,6.19917500349141e-06,1.06730656675923e-05,4.34319450475984e-06,4.40560327475349e-06,0.940132711649152,TRUE,TRUE,FALSE,TRUE,irHepatitis,
MHC-I,Macrophage 1,Sinusoidal endothelial cell,1.5185459131768e-05,3.57443871440523e-05,6.18689648429402e-05,3.58431648747277e-05,all4,2,2,2,2,2.54649231379102e-05,4.88560648588339e-05,1.5185459131768e-05,3.57443871440523e-05,3.58431648747277e-05,6.18689648429402e-05,-0.938760254339053,TRUE,FALSE,TRUE,TRUE,AIH,
VEGFA-FLT1,Vascular endothelial cell,Hepatocyte 3,2.34353879243559e-06,1.56625220149488e-06,5.12587527362716e-06,2.45313543881498e-06,all4,2,2,2,2,1.95489549696524e-06,3.78950535622107e-06,1.56625220149488e-06,2.34353879243559e-06,2.45313543881498e-06,5.12587527362716e-06,-0.93851562577543,TRUE,FALSE,TRUE,TRUE,AIH,
CCL16-CCR1,Hepatocyte 3,CD8+ T cell 3,4.11037819259042e-05,4.13839680882836e-05,2.80420785453502e-05,1.49541430021807e-05,all4,2,2,2,2,4.12438750070939e-05,2.14981107737654e-05,4.11037819259042e-05,4.13839680882836e-05,1.49541430021807e-05,2.80420785453502e-05,0.938470792835948,TRUE,TRUE,FALSE,TRUE,irHepatitis,
CSF1-CSF1R,IgM+ B cell,Sinusoidal endothelial cell,2.57757106059741e-06,1.60940395738606e-06,4.7240061493252e-06,3.38183496544619e-06,all4,2,2,2,2,2.09348750899173e-06,4.05292055738569e-06,1.60940395738606e-06,2.57757106059741e-06,3.38183496544619e-06,4.7240061493252e-06,-0.937740214483714,TRUE,FALSE,TRUE,TRUE,AIH,
MHC-I,Hepatocyte 2,IgG+ plasmablast / plasma cell,9.29194327866147e-06,8.02588369256363e-06,2.38652055342396e-05,9.36296110965541e-06,all4,2,2,2,2,8.65891348561255e-06,1.66140833219475e-05,8.02588369256363e-06,9.29194327866147e-06,9.36296110965541e-06,2.38652055342396e-05,-0.936435172937114,TRUE,FALSE,TRUE,TRUE,AIH,
CCL15-CCR1,IgM+ B cell,Hepatocyte 1,1.07614631528974e-08,0,6.60026350351652e-08,4.00060056912357e-08,all4,2,2,2,2,5.38073157644871e-09,5.30043203632005e-08,0,1.07614631528974e-08,4.00060056912357e-08,6.60026350351652e-08,-0.936373948776545,TRUE,FALSE,TRUE,TRUE,AIH,
CCL5-CCR1,CD8+ T cell 3,Hepatocyte 1,1.31378735705543e-05,1.93893042536787e-05,9.5032579779506e-06,7.45515722309533e-06,all4,2,2,2,2,1.62635889121165e-05,8.47920760052297e-06,1.31378735705543e-05,1.93893042536787e-05,7.45515722309533e-06,9.5032579779506e-06,0.93585376090576,TRUE,TRUE,FALSE,TRUE,irHepatitis,
MHC-I,Cholangiocyte,Hepatocyte 4,2.52350558059984e-05,1.40509689368135e-05,1.1091664500942e-05,9.42958816564203e-06,all4,2,2,2,2,1.96430123714059e-05,1.0260626333292e-05,1.40509689368135e-05,2.52350558059984e-05,9.42958816564203e-06,1.1091664500942e-05,0.933769197685441,TRUE,TRUE,FALSE,TRUE,irHepatitis,
IL15-IL15RA_IL2RB_IL2RG,CD8+ T cell 3,CD8+ T cell 1,7.88537789560337e-06,1.50093419455629e-05,6.75456489157748e-06,5.22793916101263e-06,all4,2,2,2,2,1.14473599205831e-05,5.99125202629506e-06,7.88537789560337e-06,1.50093419455629e-05,5.22793916101263e-06,6.75456489157748e-06,0.928752709954003,TRUE,TRUE,FALSE,TRUE,irHepatitis,
VEGFA-FLT1,Hepatocyte 4,CD8+ T cell 1,8.48033264488288e-05,0.000115995015625704,6.84732026876899e-05,3.69849360227588e-05,all4,2,2,2,2,0.000100399171037266,5.27290693552244e-05,8.48033264488288e-05,0.000115995015625704,3.69849360227588e-05,6.84732026876899e-05,0.928470128909237,TRUE,TRUE,FALSE,TRUE,irHepatitis,
FN1-SDC1,CD4+ T cell,CD4+ T cell,2.91774432143316e-05,2.10964666163295e-05,1.08255077741179e-05,1.55534988392032e-05,all4,2,2,2,2,2.51369549153306e-05,1.31895033066606e-05,2.10964666163295e-05,2.91774432143316e-05,1.08255077741179e-05,1.55534988392032e-05,0.927996238959167,TRUE,TRUE,FALSE,TRUE,irHepatitis,
FN1-CD44,Hepatocyte 3,Hepatocyte 1,6.93743672329793e-06,2.51926666298487e-06,1.07985483276678e-05,7.25177156602609e-06,all4,2,2,2,2,4.7283516931414e-06,9.02515994684695e-06,2.51926666298487e-06,6.93743672329793e-06,7.25177156602609e-06,1.07985483276678e-05,-0.925876255484562,TRUE,FALSE,TRUE,TRUE,AIH,
FN1-CD44,Hepatocyte 3,Sinusoidal endothelial cell,1.20077927398235e-05,8.02045507640977e-06,1.89612972794411e-05,1.91678941593882e-05,all4,2,2,2,2,1.00141239081166e-05,1.90645957194147e-05,8.02045507640977e-06,1.20077927398235e-05,1.89612972794411e-05,1.91678941593882e-05,-0.92567440432822,TRUE,FALSE,TRUE,TRUE,AIH,
CCL15-CCR1,Cholangiocyte,IgM+ B cell,1.30233316703875e-05,1.09993573053124e-05,2.54250363298533e-06,1.0072458698937e-05,all4,2,2,2,2,1.201134448785e-05,6.30748116596118e-06,1.09993573053124e-05,1.30233316703875e-05,2.54250363298533e-06,1.0072458698937e-05,0.9242135046965,TRUE,TRUE,FALSE,TRUE,irHepatitis,
CCL15-CCR1,Hepatocyte 1,IgG+ B cell,1.17442469406777e-05,5.69523687384601e-06,5.68561307023851e-06,3.46244565246509e-06,all4,2,2,2,2,8.71974190726185e-06,4.5740293613518e-06,5.69523687384601e-06,1.17442469406777e-05,3.46244565246509e-06,5.68561307023851e-06,0.923864868762208,TRUE,TRUE,FALSE,TRUE,irHepatitis,
MHC-I,Stellate cell,Macrophage 2,3.73714168512864e-05,4.60203202517802e-05,2.41118154482427e-05,1.98590974782946e-05,all4,2,2,2,2,4.16958685515333e-05,2.19854564632686e-05,3.73714168512864e-05,4.60203202517802e-05,1.98590974782946e-05,2.41118154482427e-05,0.921907421983636,TRUE,TRUE,FALSE,TRUE,irHepatitis,
FN1-SDC1,Sinusoidal endothelial cell,Hepatocyte 2,6.94003581921721e-05,0.000128604890407812,4.19501328011017e-05,6.25401026957321e-05,all4,2,2,2,2,9.90026242999919e-05,5.22451177484169e-05,6.94003581921721e-05,0.000128604890407812,4.19501328011017e-05,6.25401026957321e-05,0.921561387500543,TRUE,TRUE,FALSE,TRUE,irHepatitis,
FN1-CD44,Vascular endothelial cell,CD4+ T cell,0.000105704613074703,0.00015898712461824,7.23306110243718e-05,6.74917347276385e-05,all4,2,2,2,2,0.000132345868846472,6.99111728760051e-05,0.000105704613074703,0.00015898712461824,6.74917347276385e-05,7.23306110243718e-05,0.920263426111408,TRUE,TRUE,FALSE,TRUE,irHepatitis,
MHC-I,Hepatocyte 3,Stellate cell,5.09191862430798e-06,8.48973983940097e-06,1.2672535932461e-05,1.30556482903094e-05,all4,2,2,2,2,6.79082923185447e-06,1.28640921113852e-05,5.09191862430798e-06,8.48973983940097e-06,1.2672535932461e-05,1.30556482903094e-05,-0.91702651995404,TRUE,FALSE,TRUE,TRUE,AIH,
CCL16-CCR1,Hepatocyte 4,CD8+ T cell 3,0.000227081166297575,0.000167843676044278,0.000155335550578284,5.37949890138576e-05,all4,2,2,2,2,0.000197462421170926,0.000104565269796071,0.000167843676044278,0.000227081166297575,5.37949890138576e-05,0.000155335550578284,0.916871083311882,TRUE,TRUE,FALSE,TRUE,irHepatitis,
CSF1-CSF1R,Hepatocyte 2,Sinusoidal endothelial cell,9.4132330135898e-06,9.44495896857599e-06,1.80971856853638e-05,1.75792481553773e-05,all4,2,2,2,2,9.42909599108289e-06,1.78382169203706e-05,9.4132330135898e-06,9.44495896857599e-06,1.75792481553773e-05,1.80971856853638e-05,-0.916421491264597,TRUE,FALSE,TRUE,TRUE,AIH,
FN1-CD44,CD8+ T cell 1,Hepatocyte 4,1.28794303154105e-06,1.90824633665836e-06,3.20470343039533e-06,2.91056039730658e-06,all4,2,2,2,2,1.59809468409971e-06,3.05763191385096e-06,1.28794303154105e-06,1.90824633665836e-06,2.91056039730658e-06,3.20470343039533e-06,-0.916358709391035,TRUE,FALSE,TRUE,TRUE,AIH,
CCL5-CCR1,Vascular endothelial cell,Sinusoidal endothelial cell,1.44062190916768e-06,3.01161537639583e-07,1.58884397632603e-06,1.77921987126612e-06,all4,2,2,2,2,8.70891723403631e-07,1.68403192379607e-06,3.01161537639583e-07,1.44062190916768e-06,1.58884397632603e-06,1.77921987126612e-06,-0.915428259663945,TRUE,FALSE,TRUE,TRUE,AIH,
CCL16-CCR1,CD4+ T cell,Stellate cell,3.26161511957208e-06,2.15793465334951e-06,8.52448457293244e-07,1.98036917639404e-06,all4,2,2,2,2,2.70977488646079e-06,1.41640881684364e-06,2.15793465334951e-06,3.26161511957208e-06,8.52448457293244e-07,1.98036917639404e-06,0.91376875983505,TRUE,TRUE,FALSE,TRUE,irHepatitis,
CCL16-CCR1,Hepatocyte 4,CD8+ T cell 1,0.000135020508116853,8.82635051130026e-05,7.8133893553735e-05,4.03509315085195e-05,all4,2,2,2,2,0.000111642006614928,5.92424125311272e-05,8.82635051130026e-05,0.000135020508116853,4.03509315085195e-05,7.8133893553735e-05,0.913643748708711,TRUE,TRUE,FALSE,TRUE,irHepatitis,
CSF1-CSF1R,Hepatocyte 3,CD8+ T cell 3,5.01843983930424e-06,6.15108811073761e-06,1.25629686643532e-05,8.55733358096885e-06,all4,2,2,2,2,5.58476397502092e-06,1.0560151122661e-05,5.01843983930424e-06,6.15108811073761e-06,8.55733358096885e-06,1.25629686643532e-05,-0.913409662046534,TRUE,FALSE,TRUE,TRUE,AIH,
CCL15-CCR1,Hepatocyte 2,Stellate cell,1.85137544300749e-05,1.37109339646819e-05,7.27476230969043e-06,9.82235952749183e-06,all4,2,2,2,2,1.61123441973784e-05,8.54856091859113e-06,1.37109339646819e-05,1.85137544300749e-05,7.27476230969043e-06,9.82235952749183e-06,0.910725362622451,TRUE,TRUE,FALSE,TRUE,irHepatitis,
CCL15-CCR1,Hepatocyte 2,IgM+ B cell,1.1625857357341e-05,1.76932819810232e-05,8.86232186757444e-06,6.70168520984236e-06,all4,2,2,2,2,1.46595696691821e-05,7.7820035387084e-06,1.1625857357341e-05,1.76932819810232e-05,6.70168520984236e-06,8.86232186757444e-06,0.909582558544679,TRUE,TRUE,FALSE,TRUE,irHepatitis,
FN1-CD44,CD8+ T cell 2,CD8+ T cell 3,0.000129423996483405,0.000151315792505682,8.54795832284666e-05,6.39415892026959e-05,all4,2,2,2,2,0.000140369894494543,7.47105862155813e-05,0.000129423996483405,0.000151315792505682,6.39415892026959e-05,8.54795832284666e-05,0.909426977275815,TRUE,TRUE,FALSE,TRUE,irHepatitis,
FN1-SDC1,Hepatocyte 3,Macrophage 1,4.31836996023532e-05,5.21127335604353e-05,1.92100479634153e-05,3.1486344621895e-05,all4,2,2,2,2,4.76482165813943e-05,2.53481962926552e-05,4.31836996023532e-05,5.21127335604353e-05,1.92100479634153e-05,3.1486344621895e-05,0.909295857488506,TRUE,TRUE,FALSE,TRUE,irHepatitis,
CSF1-CSF1R,Hepatocyte 3,Macrophage 1,4.61351377445425e-05,4.94902782418419e-05,2.86006083029041e-05,2.22967748890906e-05,all4,2,2,2,2,4.78127079931922e-05,2.54486915959973e-05,4.61351377445425e-05,4.94902782418419e-05,2.22967748890906e-05,2.86006083029041e-05,0.908564989582757,TRUE,TRUE,FALSE,TRUE,irHepatitis,
CCL15-CCR1,Hepatocyte 4,Hepatocyte 3,3.98668979252455e-06,3.09279193446593e-06,8.41518594101714e-06,4.95178220915257e-06,all4,2,2,2,2,3.53974086349524e-06,6.68348407508485e-06,3.09279193446593e-06,3.98668979252455e-06,4.95178220915257e-06,8.41518594101714e-06,-0.90808555705824,TRUE,FALSE,TRUE,TRUE,AIH,
VEGFA-FLT1,Hepatocyte 1,Sinusoidal endothelial cell,0.000585027974292964,0.000799126408942876,0.000437068951962519,0.000300750173048003,all4,2,2,2,2,0.00069207719161792,0.000368909562505261,0.000585027974292964,0.000799126408942876,0.000300750173048003,0.000437068951962519,0.907580429091557,TRUE,TRUE,FALSE,TRUE,irHepatitis,
CCL16-CCR1,Hepatocyte 4,CD8+ T cell 2,8.40796253277564e-05,8.02525304039124e-05,6.30423201605269e-05,2.45397395983712e-05,all4,2,2,2,2,8.21660778658344e-05,4.3791029879449e-05,8.02525304039124e-05,8.40796253277564e-05,2.45397395983712e-05,6.30423201605269e-05,0.907188932008726,TRUE,TRUE,FALSE,TRUE,irHepatitis,
MHC-I,Cholangiocyte,Stellate cell,4.75366943757127e-05,7.65729639791882e-05,3.23673627659104e-05,3.3895657169357e-05,all4,2,2,2,2,6.20548291774504e-05,3.31315099676337e-05,4.75366943757127e-05,7.65729639791882e-05,3.23673627659104e-05,3.3895657169357e-05,0.904391926212342,TRUE,TRUE,FALSE,TRUE,irHepatitis,
CCL15-CCR1,CD4+ T cell,Hepatocyte 2,5.24521193183962e-08,3.79167021419586e-09,9.28881795209343e-08,9.3572685088489e-08,all4,2,2,2,2,2.8121894766296e-08,9.32304323047116e-08,3.79167021419586e-09,5.24521193183962e-08,9.28881795209343e-08,9.3572685088489e-08,-0.902816318607085,TRUE,FALSE,TRUE,TRUE,AIH,
CSF1-CSF1R,IgG+ B cell,Hepatocyte 3,1.41380886541765e-06,1.20190803220691e-06,3.27965353258596e-07,1.02768537437683e-06,all4,2,2,2,2,1.30785844881228e-06,6.77825363817712e-07,1.20190803220691e-06,1.41380886541765e-06,3.27965353258596e-07,1.02768537437683e-06,0.90267726194829,TRUE,TRUE,FALSE,TRUE,irHepatitis,
CCL15-CCR1,Hepatocyte 1,Stellate cell,2.6428587173879e-05,2.24417840743392e-05,1.27992288811212e-05,1.33225025091774e-05,all4,2,2,2,2,2.44351856241091e-05,1.30608656951493e-05,2.24417840743392e-05,2.6428587173879e-05,1.27992288811212e-05,1.33225025091774e-05,0.901312845080833,TRUE,TRUE,FALSE,TRUE,irHepatitis,
IL15-IL15RA_IL2RB_IL2RG,Cholangiocyte,Hepatocyte 2,0,0,2.5646468907175e-08,5.54670888473497e-08,all4,2,2,2,2,0,4.05567788772624e-08,0,0,2.5646468907175e-08,5.54670888473497e-08,-0.901266986226749,TRUE,FALSE,TRUE,TRUE,AIH,
CCL16-CCR1,Vascular endothelial cell,Vascular endothelial cell,2.41852577519811e-05,1.02309797796371e-05,9.0396995120459e-06,9.36540375257399e-06,all4,2,2,2,2,1.72081187658091e-05,9.20255163230994e-06,1.02309797796371e-05,2.41852577519811e-05,9.0396995120459e-06,9.36540375257399e-06,0.899587861914196,TRUE,TRUE,FALSE,TRUE,irHepatitis,
CCL14-CCR1,Hepatocyte 4,Stellate cell,1.8205962583591e-05,8.51073138083915e-06,6.35976844325673e-06,7.91829231699289e-06,all4,2,2,2,2,1.33583469822151e-05,7.13903038012481e-06,8.51073138083915e-06,1.8205962583591e-05,6.35976844325673e-06,7.91829231699289e-06,0.899565816438261,TRUE,TRUE,FALSE,TRUE,irHepatitis,
FN1-CD44,Macrophage 1,CD8+ T cell 3,2.61367246650507e-05,3.19906992534927e-05,1.57968222235097e-05,1.53426252065395e-05,all4,2,2,2,2,2.90637119592717e-05,1.55697237150246e-05,2.61367246650507e-05,3.19906992534927e-05,1.53426252065395e-05,1.57968222235097e-05,0.898469429375897,TRUE,TRUE,FALSE,TRUE,irHepatitis,
CCL15-CCR1,CD8+ T cell 2,Hepatocyte 4,1.62534306749764e-05,1.38862905940798e-05,1.21891419033163e-05,3.94355117714954e-06,all4,2,2,2,2,1.50698606345281e-05,8.06634654023292e-06,1.38862905940798e-05,1.62534306749764e-05,3.94355117714954e-06,1.21891419033163e-05,0.89781094436276,TRUE,TRUE,FALSE,TRUE,irHepatitis,
MHC-I,Hepatocyte 3,IgM+ B cell,5.86126708942412e-06,4.60478508789079e-06,1.30212968833073e-05,6.52268965761702e-06,all4,2,2,2,2,5.23302608865745e-06,9.77199327046214e-06,4.60478508789079e-06,5.86126708942412e-06,6.52268965761702e-06,1.30212968833073e-05,-0.895062864915403,TRUE,FALSE,TRUE,TRUE,AIH,
CSF1-CSF1R,Hepatocyte 2,Macrophage 2,2.44020348881833e-05,3.03086121449608e-05,1.14948088063807e-05,1.78860173809061e-05,all4,2,2,2,2,2.7355323516572e-05,1.46904130936434e-05,2.44020348881833e-05,3.03086121449608e-05,1.14948088063807e-05,1.78860173809061e-05,0.894826674795634,TRUE,TRUE,FALSE,TRUE,irHepatitis,
VEGFA-FLT1,Hepatocyte 4,Hepatocyte 2,4.97465082071281e-05,6.19486565740152e-05,4.48844750643666e-05,1.51452200559421e-05,all4,2,2,2,2,5.58475823905716e-05,3.00148475601544e-05,4.97465082071281e-05,6.19486565740152e-05,1.51452200559421e-05,4.48844750643666e-05,0.894780538968526,TRUE,TRUE,FALSE,TRUE,irHepatitis,
FN1-CD44,Vascular endothelial cell,Stellate cell,3.17883560092673e-05,5.14608926206654e-05,2.11254307775906e-05,2.36827224489461e-05,all4,2,2,2,2,4.16246243149663e-05,2.24040766132684e-05,3.17883560092673e-05,5.14608926206654e-05,2.11254307775906e-05,2.36827224489461e-05,0.892288405117038,TRUE,TRUE,FALSE,TRUE,irHepatitis,
CSF1-CSF1R,Hepatocyte 2,Macrophage 1,8.31923296120021e-05,0.000114761433954755,6.05454692929808e-05,4.60973342624623e-05,all4,2,2,2,2,9.89768817833785e-05,5.33214017777216e-05,8.31923296120021e-05,0.000114761433954755,4.60973342624623e-05,6.05454692929808e-05,0.891793934453316,TRUE,TRUE,FALSE,TRUE,irHepatitis,
MHC-I,Vascular endothelial cell,Sinusoidal endothelial cell,3.70050228902592e-06,6.73108461979237e-06,8.89762689918915e-06,1.05187389377042e-05,all4,2,2,2,2,5.21579345440914e-06,9.70818291844667e-06,3.70050228902592e-06,6.73108461979237e-06,8.89762689918915e-06,1.05187389377042e-05,-0.890372940837788,TRUE,FALSE,TRUE,TRUE,AIH,
FN1-CD44,Macrophage 1,Hepatocyte 4,2.37505134367126e-06,1.80749220923415e-06,4.40270145540475e-06,3.40974531731816e-06,all4,2,2,2,2,2.0912717764527e-06,3.90622338636146e-06,1.80749220923415e-06,2.37505134367126e-06,3.40974531731816e-06,4.40270145540475e-06,-0.886664712906188,TRUE,FALSE,TRUE,TRUE,AIH,
FN1-CD44,Stellate cell,Macrophage 1,5.3448744096138e-05,4.04691072284194e-05,2.65335509170391e-05,2.42456262290805e-05,all4,2,2,2,2,4.69589256622787e-05,2.53895885730598e-05,4.04691072284194e-05,5.3448744096138e-05,2.42456262290805e-05,2.65335509170391e-05,0.885944200679331,TRUE,TRUE,FALSE,TRUE,irHepatitis,
FN1-CD44,Macrophage 2,Sinusoidal endothelial cell,1.98265363268106e-06,1.99998389815406e-06,3.59007985155725e-06,3.84108167252893e-06,all4,2,2,2,2,1.99131876541756e-06,3.71558076204309e-06,1.98265363268106e-06,1.99998389815406e-06,3.59007985155725e-06,3.84108167252893e-06,-0.88442711860899,TRUE,FALSE,TRUE,TRUE,AIH,
VEGFA-FLT1,Stellate cell,CD8+ T cell 3,1.79769964833064e-05,2.38649030845846e-05,1.34771645444546e-05,9.14605339953373e-06,all4,2,2,2,2,2.09209497839455e-05,1.13116089719942e-05,1.79769964833064e-05,2.38649030845846e-05,9.14605339953373e-06,1.34771645444546e-05,0.884414756627589,TRUE,TRUE,FALSE,TRUE,irHepatitis,
FN1-SDC1,CD4+ T cell,Macrophage 1,8.830179443716e-06,7.49489939733817e-06,3.90037735359977e-06,4.90454005449046e-06,all4,2,2,2,2,8.16253942052708e-06,4.40245870404511e-06,7.49489939733817e-06,8.830179443716e-06,3.90037735359977e-06,4.90454005449046e-06,0.883710023286716,TRUE,TRUE,FALSE,TRUE,irHepatitis,
IL15-IL15RA_IL2RB_IL2RG,Hepatocyte 3,Hepatocyte 4,0,0,5.91527070030646e-08,1.95788509282649e-08,all4,2,2,2,2,0,3.93657789656647e-08,0,0,1.95788509282649e-08,5.91527070030646e-08,-0.881448690666008,TRUE,FALSE,TRUE,TRUE,AIH,
CCL14-CCR1,Hepatocyte 1,Macrophage 1,0.000138442998786509,0.000116536508792113,8.54544556452792e-05,5.29705503149935e-05,all4,2,2,2,2,0.000127489753789311,6.92125029801363e-05,0.000116536508792113,0.000138442998786509,5.29705503149935e-05,8.54544556452792e-05,0.880831598345428,TRUE,TRUE,FALSE,TRUE,irHepatitis,
CCL16-CCR1,Hepatocyte 3,Macrophage 2,3.23379893303795e-05,2.51092042575592e-05,1.51723881377382e-05,1.62922283757888e-05,all4,2,2,2,2,2.87235967939694e-05,1.57323082567635e-05,2.51092042575592e-05,3.23379893303795e-05,1.51723881377382e-05,1.62922283757888e-05,0.866571910043161,TRUE,TRUE,FALSE,TRUE,irHepatitis,
CCL14-CCR1,CD4+ T cell,Macrophage 1,2.63289924726957e-05,1.9917998723046e-05,1.01646770374361e-05,1.51835545134773e-05,all4,2,2,2,2,2.31234955978709e-05,1.26741157754567e-05,1.9917998723046e-05,2.63289924726957e-05,1.01646770374361e-05,1.51835545134773e-05,0.865076971666439,TRUE,TRUE,FALSE,TRUE,irHepatitis,
IL15-IL15RA_IL2RB_IL2RG,Macrophage 1,CD8+ T cell 1,1.43522701248497e-05,2.15311121149237e-05,9.80426362553733e-06,9.86001598116349e-06,all4,2,2,2,2,1.79416911198867e-05,9.83213980335041e-06,1.43522701248497e-05,2.15311121149237e-05,9.80426362553733e-06,9.86001598116349e-06,0.864649984347545,TRUE,TRUE,FALSE,TRUE,irHepatitis,
FN1-CD44,IgM+ B cell,Stellate cell,1.3219509815237e-05,1.74845502801629e-05,9.68016024663896e-06,7.15590011562022e-06,all4,2,2,2,2,1.53520300476999e-05,8.41803018112959e-06,1.3219509815237e-05,1.74845502801629e-05,7.15590011562022e-06,9.68016024663896e-06,0.863272298205153,TRUE,TRUE,FALSE,TRUE,irHepatitis,
VEGFA-FLT1,CD4+ T cell,Hepatocyte 1,1.05007190991983e-06,6.2665472017309e-07,5.10967030843464e-07,3.68890348739427e-07,all4,2,2,2,2,8.38363315046459e-07,4.39928689791446e-07,6.2665472017309e-07,1.05007190991983e-06,3.68890348739427e-07,5.10967030843464e-07,0.862905560704846,TRUE,TRUE,FALSE,TRUE,irHepatitis,
CCL16-CCR1,Hepatocyte 1,CD8+ T cell 1,0.000126434108386832,0.000104104510095567,8.21721860060448e-05,4.46591007852145e-05,all4,2,2,2,2,0.000115269309241199,6.34156433956297e-05,0.000104104510095567,0.000126434108386832,4.46591007852145e-05,8.21721860060448e-05,0.861619703740177,TRUE,TRUE,FALSE,TRUE,irHepatitis,
CCL15-CCR1,Hepatocyte 4,CD8+ T cell 1,4.20851901523754e-05,8.18526168512412e-05,4.14502951261574e-05,2.68218527519604e-05,all4,2,2,2,2,6.19689035018083e-05,3.41360739390589e-05,4.20851901523754e-05,8.18526168512412e-05,2.68218527519604e-05,4.14502951261574e-05,0.859361012666032,TRUE,TRUE,FALSE,TRUE,irHepatitis,
CSF1-CSF1R,CD8+ T cell 1,Sinusoidal endothelial cell,2.18130958761748e-05,1.92896950694534e-05,4.29964040554994e-05,3.15958530349488e-05,all4,2,2,2,2,2.05513954728141e-05,3.72961285452241e-05,1.92896950694534e-05,2.18130958761748e-05,3.15958530349488e-05,4.29964040554994e-05,-0.858318994686569,TRUE,FALSE,TRUE,TRUE,AIH,
CCL16-CCR1,Vascular endothelial cell,CD4+ T cell,2.24209567972876e-05,1.57159666386126e-05,1.16172190180457e-05,9.41948384258078e-06,all4,2,2,2,2,1.90684617179501e-05,1.05183514303133e-05,1.57159666386126e-05,2.24209567972876e-05,9.41948384258078e-06,1.16172190180457e-05,0.85541515647736,TRUE,TRUE,FALSE,TRUE,irHepatitis,
CCL5-CCR1,Sinusoidal endothelial cell,Macrophage 2,2.87338590708082e-06,5.37058047782386e-06,8.37303582545035e-06,6.58687816537396e-06,all4,2,2,2,2,4.12198319245234e-06,7.47995699541215e-06,2.87338590708082e-06,5.37058047782386e-06,6.58687816537396e-06,8.37303582545035e-06,-0.85241127488445,TRUE,FALSE,TRUE,TRUE,AIH,
CCL14-CCR1,CD8+ T cell 1,Hepatocyte 4,1.04500438230064e-05,5.13209679810527e-06,4.08662668009865e-06,4.50671786340173e-06,all4,2,2,2,2,7.79107031055586e-06,4.29667227175019e-06,5.13209679810527e-06,1.04500438230064e-05,4.08662668009865e-06,4.50671786340173e-06,0.851621721001149,TRUE,TRUE,FALSE,TRUE,irHepatitis,
VEGFA-FLT1,Hepatocyte 3,CD8+ T cell 1,1.1823639833157e-05,1.88262019081395e-05,9.0238526183041e-06,7.941206971409e-06,all4,2,2,2,2,1.53249208706482e-05,8.48252979485655e-06,1.1823639833157e-05,1.88262019081395e-05,7.941206971409e-06,9.0238526183041e-06,0.849778893322973,TRUE,TRUE,FALSE,TRUE,irHepatitis,
FN1-CD44,Hepatocyte 3,Hepatocyte 2,6.636459193043e-06,4.00594202966753e-06,1.13801917131417e-05,7.85645907609825e-06,all4,2,2,2,2,5.32120061135527e-06,9.61832539461999e-06,4.00594202966753e-06,6.636459193043e-06,7.85645907609825e-06,1.13801917131417e-05,-0.848410752767463,TRUE,FALSE,TRUE,TRUE,AIH,
CCL5-CCR1,Sinusoidal endothelial cell,Hepatocyte 1,1.99189735888686e-06,1.14933027760293e-06,3.4375393306873e-06,2.28839984593338e-06,all4,2,2,2,2,1.5706138182449e-06,2.86296958831034e-06,1.14933027760293e-06,1.99189735888686e-06,2.28839984593338e-06,3.4375393306873e-06,-0.847239743266029,TRUE,FALSE,TRUE,TRUE,AIH,
HLA-B-CD8A,Hepatocyte 3,Stellate cell,5.09191862430798e-06,6.24210661067739e-06,1.05758210743567e-05,9.87070552810439e-06,all4,2,2,2,2,5.66701261749268e-06,1.02232633012305e-05,5.09191862430798e-06,6.24210661067739e-06,9.87070552810439e-06,1.05758210743567e-05,-0.845926136643309,TRUE,FALSE,TRUE,TRUE,AIH,
CSF1-CSF1R,Macrophage 1,Stellate cell,1.96336745722324e-05,9.11315269511597e-06,8.6781331883882e-06,7.28334812016015e-06,all4,2,2,2,2,1.43734136336742e-05,7.98074065427417e-06,9.11315269511597e-06,1.96336745722324e-05,7.28334812016015e-06,8.6781331883882e-06,0.845067326442742,TRUE,TRUE,FALSE,TRUE,irHepatitis,
CCL14-CCR1,Macrophage 2,CD4+ T cell,1.00342954023653e-05,9.64813744076466e-06,3.32329786230104e-06,7.60982146028862e-06,all4,2,2,2,2,9.84121642156496e-06,5.46655966129483e-06,9.64813744076466e-06,1.00342954023653e-05,3.32329786230104e-06,7.60982146028862e-06,0.842756337538773,TRUE,TRUE,FALSE,TRUE,irHepatitis,
VEGFA-FLT1,Macrophage 2,Vascular endothelial cell,4.74503464757311e-05,0.00010074539063267,4.28938798285739e-05,3.97909811471098e-05,all4,2,2,2,2,7.40978685542006e-05,4.13424304878419e-05,4.74503464757311e-05,0.00010074539063267,3.97909811471098e-05,4.28938798285739e-05,0.841088451850417,TRUE,TRUE,FALSE,TRUE,irHepatitis,
VEGFA-FLT1,Hepatocyte 3,Macrophage 1,1.65223335842973e-05,1.53221762077611e-05,9.34521494802063e-06,8.41688326924454e-06,all4,2,2,2,2,1.59222548960292e-05,8.88104910863259e-06,1.53221762077611e-05,1.65223335842973e-05,8.41688326924454e-06,9.34521494802063e-06,0.838898639116239,TRUE,TRUE,FALSE,TRUE,irHepatitis,
MHC-I,CD8+ T cell 2,Macrophage 1,0.000126499278358229,8.67140116083756e-05,7.88249700862075e-05,4.0346344697988e-05,all4,2,2,2,2,0.000106606644983302,5.95856573920978e-05,8.67140116083756e-05,0.000126499278358229,4.0346344697988e-05,7.88249700862075e-05,0.838761508665747,TRUE,TRUE,FALSE,TRUE,irHepatitis,
VEGFA-FLT1,CD8+ T cell 1,Sinusoidal endothelial cell,3.06414730601288e-05,6.07324305414989e-05,2.8994122598228e-05,2.20654792078134e-05,all4,2,2,2,2,4.56869518008139e-05,2.55298009030207e-05,3.06414730601288e-05,6.07324305414989e-05,2.20654792078134e-05,2.8994122598228e-05,0.838436217111558,TRUE,TRUE,FALSE,TRUE,irHepatitis,
CCL16-CCR1,CD8+ T cell 1,Sinusoidal endothelial cell,2.88024354568165e-06,2.23894942484557e-06,4.40306509628453e-06,4.81946818870073e-06,all4,2,2,2,2,2.55959648526361e-06,4.61126664249263e-06,2.23894942484557e-06,2.88024354568165e-06,4.40306509628453e-06,4.81946818870073e-06,-0.837689282101792,TRUE,FALSE,TRUE,TRUE,AIH,
IL15-IL15RA_IL2RB_IL2RG,Hepatocyte 4,Hepatocyte 2,0,0,6.44784596908895e-09,6.69507244440217e-08,all4,2,2,2,2,0,3.66992852065553e-08,0,0,6.44784596908895e-09,6.69507244440217e-08,-0.836065560787913,TRUE,FALSE,TRUE,TRUE,AIH,
IL15-IL15RA_IL2RB_IL2RG,Macrophage 2,Hepatocyte 2,0,0,6.31739958133357e-09,6.67580611212903e-08,all4,2,2,2,2,0,3.65377303513119e-08,0,0,6.31739958133357e-09,6.67580611212903e-08,-0.833269520575632,TRUE,FALSE,TRUE,TRUE,AIH,
IL15-IL15RA_IL2RB_IL2RG,Hepatocyte 4,Vascular endothelial cell,0,0,5.74784698490816e-08,1.54455405830296e-08,all4,2,2,2,2,0,3.64620052160556e-08,0,0,1.54455405830296e-08,5.74784698490816e-08,-0.831957073201501,TRUE,FALSE,TRUE,TRUE,AIH,
FN1-CD44,CD8+ T cell 1,Macrophage 2,1.71181576503207e-05,1.45966801656368e-05,7.70584264597104e-06,1.00789713421054e-05,all4,2,2,2,2,1.58574189079788e-05,8.89240699403822e-06,1.45966801656368e-05,1.71181576503207e-05,7.70584264597104e-06,1.00789713421054e-05,0.831194982798771,TRUE,TRUE,FALSE,TRUE,irHepatitis,
CCL16-CCR1,Hepatocyte 1,CD8+ T cell 3,0.00016635335860825,0.000137623461354023,0.000123282028817122,4.78302380585681e-05,all4,2,2,2,2,0.000151988409981137,8.5556133437845e-05,0.000137623461354023,0.00016635335860825,4.78302380585681e-05,0.000123282028817122,0.828673776647489,TRUE,TRUE,FALSE,TRUE,irHepatitis,
FN1-SDC1,Hepatocyte 4,Macrophage 1,9.00118037469808e-05,0.000143550216795355,7.37263542096606e-05,5.80834395870451e-05,all4,2,2,2,2,0.000116781010271168,6.59048968983529e-05,9.00118037469808e-05,0.000143550216795355,5.80834395870451e-05,7.37263542096606e-05,0.824902625727722,TRUE,TRUE,FALSE,TRUE,irHepatitis,
MHC-I,CD8+ T cell 2,Stellate cell,3.19657498466557e-05,3.06539877624077e-05,1.60286956833441e-05,1.9307517495563e-05,all4,2,2,2,2,3.13098688045317e-05,1.76681065894535e-05,3.06539877624077e-05,3.19657498466557e-05,1.60286956833441e-05,1.9307517495563e-05,0.82381056050475,TRUE,TRUE,FALSE,TRUE,irHepatitis,
VEGFA-FLT1,Hepatocyte 4,Sinusoidal endothelial cell,0.000399229934620265,0.000581456597075505,0.000323380815818557,0.000231611990836067,all4,2,2,2,2,0.000490343265847885,0.000277496403327312,0.000399229934620265,0.000581456597075505,0.000231611990836067,0.000323380815818557,0.821217524691703,TRUE,TRUE,FALSE,TRUE,irHepatitis,
FN1-CD44,Sinusoidal endothelial cell,Vascular endothelial cell,1.37839980981016e-06,2.83252640727792e-06,2.94700178479252e-06,4.55348453970503e-06,all4,2,2,2,2,2.10546310854404e-06,3.75024316224877e-06,1.37839980981016e-06,2.83252640727792e-06,2.94700178479252e-06,4.55348453970503e-06,-0.819039291489,TRUE,FALSE,TRUE,TRUE,AIH,
CCL16-CCR1,IgG+ plasmablast / plasma cell,Hepatocyte 1,4.96510746093223e-07,3.03563578021017e-07,8.72252575026672e-07,6.10082223549055e-07,all4,2,2,2,2,4.0003716205712e-07,7.41167399287864e-07,3.03563578021017e-07,4.96510746093223e-07,6.10082223549055e-07,8.72252575026672e-07,-0.818470281246049,TRUE,FALSE,TRUE,TRUE,AIH,
CSF1-CSF1R,CD8+ T cell 2,CD8+ T cell 1,0.000114201986083858,6.73045667575302e-05,6.33270778462616e-05,3.956564654927e-05,all4,2,2,2,2,9.07532764206942e-05,5.14463621977658e-05,6.73045667575302e-05,0.000114201986083858,3.956564654927e-05,6.33270778462616e-05,0.818313367490157,TRUE,TRUE,FALSE,TRUE,irHepatitis,
CCL16-CCR1,CD8+ T cell 1,Macrophage 1,2.33777748930567e-05,3.09848095927882e-05,1.32704414233695e-05,1.75443171818687e-05,all4,2,2,2,2,2.71812922429225e-05,1.54073793026191e-05,2.33777748930567e-05,3.09848095927882e-05,1.32704414233695e-05,1.75443171818687e-05,0.817101272420757,TRUE,TRUE,FALSE,TRUE,irHepatitis,
CCL14-CCR1,Sinusoidal endothelial cell,Macrophage 2,0.000142521781429581,8.79013720869265e-05,6.18328244732617e-05,6.89644567881155e-05,all4,2,2,2,2,0.000115211576758254,6.53986406306886e-05,8.79013720869265e-05,0.000142521781429581,6.18328244732617e-05,6.89644567881155e-05,0.816507583002678,TRUE,TRUE,FALSE,TRUE,irHepatitis,
FN1-CD44,Hepatocyte 4,Stellate cell,2.4029440398358e-05,5.72801823940901e-06,2.71539922561379e-05,2.52971984628342e-05,all4,2,2,2,2,1.48787293188835e-05,2.62255953594861e-05,5.72801823940901e-06,2.4029440398358e-05,2.52971984628342e-05,2.71539922561379e-05,-0.815768140654977,TRUE,FALSE,TRUE,TRUE,AIH,
FN1-SDC1,Macrophage 2,IgM+ B cell,8.09869131503791e-06,1.05334044927598e-05,5.33228341031769e-06,5.21407945215476e-06,all4,2,2,2,2,9.31604790389887e-06,5.27318143123622e-06,8.09869131503791e-06,1.05334044927598e-05,5.21407945215476e-06,5.33228341031769e-06,0.815533207586581,TRUE,TRUE,FALSE,TRUE,irHepatitis,
FN1-SDC1,Macrophage 2,IgG+ B cell,1.59633859900184e-05,2.48698170103983e-05,1.55470851065156e-05,7.62875703185639e-06,all4,2,2,2,2,2.04166015002083e-05,1.1587921069186e-05,1.59633859900184e-05,2.48698170103983e-05,7.62875703185639e-06,1.55470851065156e-05,0.814612547067839,TRUE,TRUE,FALSE,TRUE,irHepatitis,
FN1-SDC1,CD4+ T cell,IgM+ B cell,2.59919984279815e-05,1.28879257796438e-05,9.44897949283259e-06,1.26698417962019e-05,all4,2,2,2,2,1.94399621038127e-05,1.10594106445172e-05,1.28879257796438e-05,2.59919984279815e-05,9.44897949283259e-06,1.26698417962019e-05,0.811131067609811,TRUE,TRUE,FALSE,TRUE,irHepatitis,
VEGFA-FLT1,Macrophage 2,Stellate cell,9.03724501873457e-06,9.54040048048263e-06,6.16747053682831e-06,4.38861187250495e-06,all4,2,2,2,2,9.2888227496086e-06,5.27804120466663e-06,9.03724501873457e-06,9.54040048048263e-06,4.38861187250495e-06,6.16747053682831e-06,0.810014714780616,TRUE,TRUE,FALSE,TRUE,irHepatitis,
CCL16-CCR1,CD8+ T cell 1,Macrophage 2,1.14871557307392e-05,8.42329511296556e-06,3.72741494931412e-06,7.59028312241509e-06,all4,2,2,2,2,9.9552254218524e-06,5.65884903586461e-06,8.42329511296556e-06,1.14871557307392e-05,3.72741494931412e-06,7.59028312241509e-06,0.809835753702735,TRUE,TRUE,FALSE,TRUE,irHepatitis,
HLA-B-CD8A,CD4+ T cell,Stellate cell,5.10369667024108e-05,3.16559965044902e-05,2.37269793644248e-05,2.34530885369451e-05,all4,2,2,2,2,4.13464816034505e-05,2.35900339506849e-05,3.16559965044902e-05,5.10369667024108e-05,2.34530885369451e-05,2.37269793644248e-05,0.808361386373385,TRUE,TRUE,FALSE,TRUE,irHepatitis,
CSF1-CSF1R,Macrophage 2,Hepatocyte 2,2.25271238855015e-06,1.20056562314931e-06,7.37717841472186e-07,1.19732328175203e-06,all4,2,2,2,2,1.72663900584973e-06,9.67520561612107e-07,1.20056562314931e-06,2.25271238855015e-06,7.37717841472186e-07,1.19732328175203e-06,0.806072418670126,TRUE,TRUE,FALSE,TRUE,irHepatitis,
CCL16-CCR1,Hepatocyte 3,Macrophage 1,9.09632616247456e-05,7.65848898922257e-05,5.7709880125771e-05,3.81206492098389e-05,all4,2,2,2,2,8.37740757584857e-05,4.79152646678049e-05,7.65848898922257e-05,9.09632616247456e-05,3.81206492098389e-05,5.7709880125771e-05,0.805416598436069,TRUE,TRUE,FALSE,TRUE,irHepatitis,
CCL14-CCR1,CD8+ T cell 3,Hepatocyte 1,2.62773167335454e-06,3.19783789673043e-06,5.34431493170792e-06,4.90377947977625e-06,all4,2,2,2,2,2.91278478504249e-06,5.12404720574208e-06,2.62773167335454e-06,3.19783789673043e-06,4.90377947977625e-06,5.34431493170792e-06,-0.80501834184322,TRUE,FALSE,TRUE,TRUE,AIH,
CCL14-CCR1,IgG+ B cell,Stellate cell,5.93628706391448e-06,3.78551871596316e-06,2.19864772368524e-06,3.33251901826743e-06,all4,2,2,2,2,4.86090288993882e-06,2.76558337097633e-06,3.78551871596316e-06,5.93628706391448e-06,2.19864772368524e-06,3.33251901826743e-06,0.80326772681871,TRUE,TRUE,FALSE,TRUE,irHepatitis,
FN1-SDC1,Vascular endothelial cell,IgM+ B cell,5.41949649864473e-05,3.15533421687041e-05,2.14026932292785e-05,2.78200974208575e-05,all4,2,2,2,2,4.28741535775757e-05,2.4611395325068e-05,3.15533421687041e-05,5.41949649864473e-05,2.14026932292785e-05,2.78200974208575e-05,0.799616399999391,TRUE,TRUE,FALSE,TRUE,irHepatitis,
CCL5-CCR1,CD8+ T cell 2,Hepatocyte 3,1.12100712536544e-05,1.69344154275842e-05,1.01464228519839e-05,5.98986146509578e-06,all4,2,2,2,2,1.40722433406193e-05,8.06814215853983e-06,1.12100712536544e-05,1.69344154275842e-05,5.98986146509578e-06,1.01464228519839e-05,0.798994139604256,TRUE,TRUE,FALSE,TRUE,irHepatitis,
CCL5-CCR1,CD8+ T cell 1,Hepatocyte 3,9.2543674370474e-06,1.19700385753439e-05,8.35648022651846e-06,3.81442905107432e-06,all4,2,2,2,2,1.06122030061956e-05,6.08545463879639e-06,9.2543674370474e-06,1.19700385753439e-05,3.81442905107432e-06,8.35648022651846e-06,0.797588959917997,TRUE,TRUE,FALSE,TRUE,irHepatitis,
FN1-SDC1,Hepatocyte 2,CD4+ T cell,1.34848294252021e-05,5.69363572704238e-06,1.72790576762522e-05,1.60997879766312e-05,all4,2,2,2,2,9.58923257612223e-06,1.66894228264417e-05,5.69363572704238e-06,1.34848294252021e-05,1.60997879766312e-05,1.72790576762522e-05,-0.796466583579182,TRUE,FALSE,TRUE,TRUE,AIH,
HLA-B-CD8A,Hepatocyte 4,CD8+ T cell 1,0.000126596623107363,0.000239784004345868,0.000115117329444022,9.59020515654384e-05,all4,2,2,2,2,0.000183190313726615,0.00010550969050473,0.000126596623107363,0.000239784004345868,9.59020515654384e-05,0.000115117329444022,0.795696799088619,TRUE,TRUE,FALSE,TRUE,irHepatitis,
CCL15-CCR1,Hepatocyte 2,Macrophage 1,0.000106370357050628,0.000124160713490086,8.03971311670364e-05,5.25720959949647e-05,all4,2,2,2,2,0.000115265535270357,6.64846135810006e-05,0.000106370357050628,0.000124160713490086,5.25720959949647e-05,8.03971311670364e-05,0.793439806395299,TRUE,TRUE,FALSE,TRUE,irHepatitis,
CCL14-CCR1,CD8+ T cell 2,Hepatocyte 3,5.18812715163189e-06,2.960421873192e-06,2.74841978509517e-06,1.91396805242309e-06,all4,2,2,2,2,4.07427451241194e-06,2.33119391875913e-06,2.960421873192e-06,5.18812715163189e-06,1.91396805242309e-06,2.74841978509517e-06,0.793290853853904,TRUE,TRUE,FALSE,TRUE,irHepatitis,
CCL15-CCR1,Hepatocyte 2,CD4+ T cell,8.71962741285925e-06,1.45448367888288e-05,7.00978683727902e-06,6.39266591995305e-06,all4,2,2,2,2,1.1632232100844e-05,6.70122637861603e-06,8.71962741285925e-06,1.45448367888288e-05,6.39266591995305e-06,7.00978683727902e-06,0.791388590257603,TRUE,TRUE,FALSE,TRUE,irHepatitis,
CSF1-CSF1R,CD8+ T cell 3,Stellate cell,3.29269497335059e-05,2.57415646661233e-05,1.78179761719528e-05,1.60472393214146e-05,all4,2,2,2,2,2.93342571998146e-05,1.69326077466837e-05,2.57415646661233e-05,3.29269497335059e-05,1.60472393214146e-05,1.78179761719528e-05,0.79110231343582,TRUE,TRUE,FALSE,TRUE,irHepatitis,
MHC-I,IgG+ plasmablast / plasma cell,Macrophage 1,5.60237460569284e-05,3.56819698338343e-05,3.36557836364705e-05,1.93141382536751e-05,all4,2,2,2,2,4.58528579453814e-05,2.64849609450728e-05,3.56819698338343e-05,5.60237460569284e-05,1.93141382536751e-05,3.36557836364705e-05,0.790764340989714,TRUE,TRUE,FALSE,TRUE,irHepatitis,
VEGFA-FLT1,CD8+ T cell 3,Macrophage 1,1.67593158084801e-05,1.59679744133292e-05,1.14169451251664e-05,7.47684055152699e-06,all4,2,2,2,2,1.63636451109046e-05,9.44689283834671e-06,1.59679744133292e-05,1.67593158084801e-05,7.47684055152699e-06,1.14169451251664e-05,0.789576918753338,TRUE,TRUE,FALSE,TRUE,irHepatitis,
FN1-SDC1,Cholangiocyte,Macrophage 1,2.84492089602099e-05,2.31939842779712e-05,6.75392873124721e-06,2.30990140093855e-05,all4,2,2,2,2,2.58215966190906e-05,1.49264713703163e-05,2.31939842779712e-05,2.84492089602099e-05,6.75392873124721e-06,2.30990140093855e-05,0.788803602910559,TRUE,TRUE,FALSE,TRUE,irHepatitis,
FN1-CD44,Macrophage 1,Hepatocyte 2,1.2892620414545e-06,1.22956966666963e-06,2.0940313932259e-06,2.31450468844143e-06,all4,2,2,2,2,1.25941585406206e-06,2.20426804083366e-06,1.22956966666963e-06,1.2892620414545e-06,2.0940313932259e-06,2.31450468844143e-06,-0.785244037151366,TRUE,FALSE,TRUE,TRUE,AIH,
HLA-B-CD8A,Macrophage 2,Hepatocyte 4,1.91760249763378e-05,1.49655861888327e-05,1.10744865233504e-05,8.70119724442618e-06,all4,2,2,2,2,1.70708055825853e-05,9.8878418838883e-06,1.49655861888327e-05,1.91760249763378e-05,8.70119724442618e-06,1.10744865233504e-05,0.784944683231252,TRUE,TRUE,FALSE,TRUE,irHepatitis,
FN1-CD44,Macrophage 2,Stellate cell,9.19038354868437e-06,1.21918914015441e-05,6.20566573066302e-06,6.16693464087112e-06,all4,2,2,2,2,1.06911374751142e-05,6.18630018576707e-06,9.19038354868437e-06,1.21918914015441e-05,6.16693464087112e-06,6.20566573066302e-06,0.784700903865317,TRUE,TRUE,FALSE,TRUE,irHepatitis,
MHC-I,Hepatocyte 3,Macrophage 1,1.13097993774043e-05,1.87913566381058e-05,3.30349944759902e-05,1.8855457262913e-05,all4,2,2,2,2,1.50505780077551e-05,2.59452258694516e-05,1.13097993774043e-05,1.87913566381058e-05,1.8855457262913e-05,3.30349944759902e-05,-0.783773462050169,TRUE,FALSE,TRUE,TRUE,AIH,
CCL14-CCR1,IgM+ B cell,Stellate cell,8.95334486798111e-06,9.05033909493165e-06,4.42762724608274e-06,6.00793757717955e-06,all4,2,2,2,2,9.00184198145638e-06,5.21778241163115e-06,8.95334486798111e-06,9.05033909493165e-06,4.42762724608274e-06,6.00793757717955e-06,0.781389034769202,TRUE,TRUE,FALSE,TRUE,irHepatitis,
CCL15-CCR1,CD8+ T cell 3,Sinusoidal endothelial cell,1.03251775998975e-06,3.0687733662803e-06,3.75382999369382e-06,3.35905599839775e-06,all4,2,2,2,2,2.05064556313502e-06,3.55644299604579e-06,1.03251775998975e-06,3.0687733662803e-06,3.35905599839775e-06,3.75382999369382e-06,-0.780679753104234,TRUE,FALSE,TRUE,TRUE,AIH,
FN1-CD44,Macrophage 1,Hepatocyte 1,1.92382444092789e-06,1.80621698300754e-06,3.42120649920074e-06,3.03937772364756e-06,all4,2,2,2,2,1.86502071196771e-06,3.23029211142415e-06,1.80621698300754e-06,1.92382444092789e-06,3.03937772364756e-06,3.42120649920074e-06,-0.777487770873111,TRUE,FALSE,TRUE,TRUE,AIH,
FN1-SDC1,Sinusoidal endothelial cell,IgG+ B cell,8.04723924675794e-06,1.4249717008963e-05,6.66934466049656e-06,6.31158572017174e-06,all4,2,2,2,2,1.11484781278605e-05,6.49046519033415e-06,8.04723924675794e-06,1.4249717008963e-05,6.31158572017174e-06,6.66934466049656e-06,0.776136727835802,TRUE,TRUE,FALSE,TRUE,irHepatitis,
CSF1-CSF1R,Hepatocyte 1,Sinusoidal endothelial cell,2.28250340586263e-05,1.83458131866969e-05,3.85550996825159e-05,3.20145373472275e-05,all4,2,2,2,2,2.05854236226616e-05,3.52848185148717e-05,1.83458131866969e-05,2.28250340586263e-05,3.20145373472275e-05,3.85550996825159e-05,-0.776062262499744,TRUE,FALSE,TRUE,TRUE,AIH,
CCL14-CCR1,Macrophage 1,Hepatocyte 4,1.0013667317489e-05,5.69042767178183e-06,4.60080921301699e-06,4.54063003444477e-06,all4,2,2,2,2,7.8520474946354e-06,4.57071962373088e-06,5.69042767178183e-06,1.0013667317489e-05,4.54063003444477e-06,4.60080921301699e-06,0.774531829557769,TRUE,TRUE,FALSE,TRUE,irHepatitis,
CSF1-CSF1R,CD8+ T cell 1,CD8+ T cell 3,6.774792364236e-05,7.00076219477526e-05,4.36810670054699e-05,3.69141382880052e-05,all4,2,2,2,2,6.88777727950563e-05,4.02976026467376e-05,6.774792364236e-05,7.00076219477526e-05,3.69141382880052e-05,4.36810670054699e-05,0.772650777153961,TRUE,TRUE,FALSE,TRUE,irHepatitis,
FN1-CD44,Sinusoidal endothelial cell,Sinusoidal endothelial cell,1.02739375271204e-05,1.195571062811e-05,1.42149019599286e-05,2.38015600943544e-05,all4,2,2,2,2,1.11148240776152e-05,1.90082310271415e-05,1.02739375271204e-05,1.195571062811e-05,1.42149019599286e-05,2.38015600943544e-05,-0.771628193554425,TRUE,FALSE,TRUE,TRUE,AIH,
FN1-SDC1,CD4+ T cell,Vascular endothelial cell,1.36500951796845e-05,1.20536537444264e-05,7.26423090986681e-06,7.78953061400821e-06,all4,2,2,2,2,1.28518744620554e-05,7.52688076193751e-06,1.20536537444264e-05,1.36500951796845e-05,7.26423090986681e-06,7.78953061400821e-06,0.768160995580504,TRUE,TRUE,FALSE,TRUE,irHepatitis,
CCL5-CCR1,Hepatocyte 3,Cholangiocyte,5.33034491014995e-07,3.07354087591144e-07,8.50001607344619e-07,6.46447129292488e-07,all4,2,2,2,2,4.20194289303069e-07,7.48224368318554e-07,3.07354087591144e-07,5.33034491014995e-07,6.46447129292488e-07,8.50001607344619e-07,-0.767670331964061,TRUE,FALSE,TRUE,TRUE,AIH,
HLA-B-CD8A,CD8+ T cell 3,Stellate cell,4.37563695636785e-05,2.94896379229875e-05,2.33530046683055e-05,1.9648312974527e-05,all4,2,2,2,2,3.6623003743333e-05,2.15006588214162e-05,2.94896379229875e-05,4.37563695636785e-05,1.9648312974527e-05,2.33530046683055e-05,0.767076457823677,TRUE,TRUE,FALSE,TRUE,irHepatitis,
FN1-SDC1,CD8+ T cell 3,Macrophage 1,2.82850146691914e-05,3.39556133756977e-05,1.6802775873548e-05,1.98367483352512e-05,all4,2,2,2,2,3.11203140224445e-05,1.83197621043996e-05,2.82850146691914e-05,3.39556133756977e-05,1.6802775873548e-05,1.98367483352512e-05,0.762944894705574,TRUE,TRUE,FALSE,TRUE,irHepatitis,
CCL5-CCR1,CD8+ T cell 2,Sinusoidal endothelial cell,3.79279926437857e-05,5.38387118913067e-05,3.08181016979036e-05,2.32238012219802e-05,all4,2,2,2,2,4.58833522675462e-05,2.70209514599419e-05,3.79279926437857e-05,5.38387118913067e-05,2.32238012219802e-05,3.08181016979036e-05,0.762867827381877,TRUE,TRUE,FALSE,TRUE,irHepatitis,
CCL15-CCR1,Hepatocyte 1,Macrophage 1,0.000159536311944502,0.000213189785055023,0.000143088646195566,7.67313785059247e-05,all4,2,2,2,2,0.000186363048499762,0.000109910012350745,0.000159536311944502,0.000213189785055023,7.67313785059247e-05,0.000143088646195566,0.761541415861362,TRUE,TRUE,FALSE,TRUE,irHepatitis,
CSF1-CSF1R,Hepatocyte 2,IgM+ B cell,6.81529335235728e-06,4.32075353509214e-06,3.04054691548534e-06,3.50444387705187e-06,all4,2,2,2,2,5.56802344372471e-06,3.2724953962686e-06,4.32075353509214e-06,6.81529335235728e-06,3.04054691548534e-06,3.50444387705187e-06,0.758374248404032,TRUE,TRUE,FALSE,TRUE,irHepatitis,
VEGFA-FLT1,Stellate cell,Macrophage 2,1.44178105511228e-05,9.82668148225894e-06,8.23324482462186e-06,6.06233240981151e-06,all4,2,2,2,2,1.21222460166909e-05,7.14778861721669e-06,9.82668148225894e-06,1.44178105511228e-05,6.06233240981151e-06,8.23324482462186e-06,0.758236868692912,TRUE,TRUE,FALSE,TRUE,irHepatitis,
FN1-SDC1,Hepatocyte 1,Macrophage 1,8.1353116177921e-05,0.000144793141107486,7.28071877606223e-05,6.09148809846356e-05,all4,2,2,2,2,0.000113073128642703,6.68610343726289e-05,8.1353116177921e-05,0.000144793141107486,6.09148809846356e-05,7.28071877606223e-05,0.757606587515489,TRUE,TRUE,FALSE,TRUE,irHepatitis,
MHC-I,Vascular endothelial cell,Stellate cell,5.22065771288805e-05,4.75585891248216e-05,2.79149292168245e-05,3.11377832623503e-05,all4,2,2,2,2,4.98825831268511e-05,2.95263562395874e-05,4.75585891248216e-05,5.22065771288805e-05,2.79149292168245e-05,3.11377832623503e-05,0.755602045155754,TRUE,TRUE,FALSE,TRUE,irHepatitis,
MHC-I,Macrophage 2,Sinusoidal endothelial cell,8.19421968111252e-06,2.00151745339217e-05,2.71866714437934e-05,2.04983822266891e-05,all4,2,2,2,2,1.41046971075171e-05,2.38425268352413e-05,8.19421968111252e-06,2.00151745339217e-05,2.04983822266891e-05,2.71866714437934e-05,-0.755413998103733,TRUE,FALSE,TRUE,TRUE,AIH,
CCL14-CCR1,CD8+ T cell 2,Hepatocyte 2,7.50847875340313e-06,4.98418320488712e-06,4.65664752684771e-06,2.73691729151779e-06,all4,2,2,2,2,6.24633097914512e-06,3.69678240918275e-06,4.98418320488712e-06,7.50847875340313e-06,2.73691729151779e-06,4.65664752684771e-06,0.749367784145956,TRUE,TRUE,FALSE,TRUE,irHepatitis,
CSF1-CSF1R,Hepatocyte 2,Stellate cell,1.40782445168034e-05,9.66098280860972e-06,4.86509648040697e-06,9.22391343253422e-06,all4,2,2,2,2,1.18696136627066e-05,7.0445049564706e-06,9.66098280860972e-06,1.40782445168034e-05,4.86509648040697e-06,9.22391343253422e-06,0.748831987569692,TRUE,TRUE,FALSE,TRUE,irHepatitis,
CCL15-CCR1,Hepatocyte 4,Macrophage 2,3.34501357139815e-05,4.2860504333187e-05,1.93586533719609e-05,2.60205004528217e-05,all4,2,2,2,2,3.81553200235843e-05,2.26895769123913e-05,3.34501357139815e-05,4.2860504333187e-05,1.93586533719609e-05,2.60205004528217e-05,0.74865186122841,TRUE,TRUE,FALSE,TRUE,irHepatitis,
CCL14-CCR1,IgM+ B cell,Hepatocyte 2,6.42611300846631e-07,5.45167484369035e-07,1.65136902529721e-07,5.03992326142196e-07,all4,2,2,2,2,5.93889392607833e-07,3.34564614335958e-07,5.45167484369035e-07,6.42611300846631e-07,1.65136902529721e-07,5.03992326142196e-07,0.748545606513404,TRUE,TRUE,FALSE,TRUE,irHepatitis,
MHC-I,CD4+ T cell,Hepatocyte 1,7.88202428701227e-06,4.27426275149001e-06,1.10791091870676e-05,9.38247757497067e-06,all4,2,2,2,2,6.07814351925114e-06,1.02307933810191e-05,4.27426275149001e-06,7.88202428701227e-06,9.38247757497067e-06,1.10791091870676e-05,-0.746739720308436,TRUE,FALSE,TRUE,TRUE,AIH,
FN1-CD44,Cholangiocyte,CD8+ T cell 3,7.21522353276019e-05,5.84077673103422e-05,2.03672755932224e-05,5.7456341101521e-05,all4,2,2,2,2,6.52800013189721e-05,3.89118083473717e-05,5.84077673103422e-05,7.21522353276019e-05,2.03672755932224e-05,5.7456341101521e-05,0.745733750512775,TRUE,TRUE,FALSE,TRUE,irHepatitis,
MHC-I,Sinusoidal endothelial cell,Hepatocyte 1,1.67083162424558e-05,2.19302440949831e-05,4.06666440249739e-05,2.39676981895398e-05,all4,2,2,2,2,1.93192801687195e-05,3.23171711072568e-05,1.67083162424558e-05,2.19302440949831e-05,2.39676981895398e-05,4.06666440249739e-05,-0.740858455026358,TRUE,FALSE,TRUE,TRUE,AIH,
CCL15-CCR1,Hepatocyte 2,IgG+ B cell,6.45931160384241e-06,3.82243353244419e-06,3.75022235833711e-06,2.37037412386652e-06,all4,2,2,2,2,5.1408725681433e-06,3.06029824110182e-06,3.82243353244419e-06,6.45931160384241e-06,2.37037412386652e-06,3.75022235833711e-06,0.739530691146742,TRUE,TRUE,FALSE,TRUE,irHepatitis,
CCL5-CCR1,Hepatocyte 1,Cholangiocyte,1.79779057196342e-06,1.2876851104791e-06,1.11667165890003e-06,6.9756994182098e-07,all4,2,2,2,2,1.54273784122126e-06,9.07120800360505e-07,1.2876851104791e-06,1.79779057196342e-06,6.9756994182098e-07,1.11667165890003e-06,0.736702097934903,TRUE,TRUE,FALSE,TRUE,irHepatitis,
CCL5-CCR1,Macrophage 1,Stellate cell,8.07350149570358e-06,7.05648308267298e-06,5.27030037172727e-06,3.77504051835624e-06,all4,2,2,2,2,7.56499228918828e-06,4.52267044504176e-06,7.05648308267298e-06,8.07350149570358e-06,3.77504051835624e-06,5.27030037172727e-06,0.736216751438337,TRUE,TRUE,FALSE,TRUE,irHepatitis,
HLA-B-CD8A,Stellate cell,Macrophage 1,4.0274275152248e-05,3.48341483961808e-05,2.56449062941665e-05,1.94633985950421e-05,all4,2,2,2,2,3.75542117742144e-05,2.25541524446043e-05,3.48341483961808e-05,4.0274275152248e-05,1.94633985950421e-05,2.56449062941665e-05,0.734389432349193,TRUE,TRUE,FALSE,TRUE,irHepatitis,
FN1-CD44,CD8+ T cell 3,CD8+ T cell 3,0.000136085555866517,0.000157731831836734,8.3093457762014e-05,9.40555532111911e-05,all4,2,2,2,2,0.000146908693851626,8.85745054866026e-05,0.000136085555866517,0.000157731831836734,8.3093457762014e-05,9.40555532111911e-05,0.729654195895504,TRUE,TRUE,FALSE,TRUE,irHepatitis,
CCL14-CCR1,Hepatocyte 3,Hepatocyte 4,8.99715667671659e-06,5.68960546238687e-06,5.68828938034269e-06,3.13509131349219e-06,all4,2,2,2,2,7.34338106955173e-06,4.41169034691744e-06,5.68960546238687e-06,8.99715667671659e-06,3.13509131349219e-06,5.68828938034269e-06,0.729062088095204,TRUE,TRUE,FALSE,TRUE,irHepatitis,
FN1-SDC1,CD8+ T cell 3,Hepatocyte 2,2.94797197608955e-05,5.68644013042654e-05,7.33831264647196e-05,6.97870901184919e-05,all4,2,2,2,2,4.31720605325805e-05,7.15851082916058e-05,2.94797197608955e-05,5.68644013042654e-05,6.97870901184919e-05,7.33831264647196e-05,-0.728942131368248,TRUE,FALSE,TRUE,TRUE,AIH,
CCL5-CCR1,Stellate cell,Macrophage 1,2.27351520238394e-05,2.7003175349825e-05,1.67273708416725e-05,1.32891144102923e-05,all4,2,2,2,2,2.48691636868322e-05,1.50082426259824e-05,2.27351520238394e-05,2.7003175349825e-05,1.32891144102923e-05,1.67273708416725e-05,0.726825847839337,TRUE,TRUE,FALSE,TRUE,irHepatitis,
VEGFA-FLT1,CD8+ T cell 3,Stellate cell,1.15168147878034e-05,1.43763793024104e-05,8.32858998349957e-06,7.29505140852432e-06,all4,2,2,2,2,1.29465970451069e-05,7.81182069601194e-06,1.15168147878034e-05,1.43763793024104e-05,7.29505140852432e-06,8.32858998349957e-06,0.725434972664986,TRUE,TRUE,FALSE,TRUE,irHepatitis,
FN1-CD44,CD4+ T cell,Macrophage 1,1.66780169905385e-05,8.27795508702229e-06,7.97747946333444e-06,7.09820164839886e-06,all4,2,2,2,2,1.24779860387804e-05,7.53784055586665e-06,8.27795508702229e-06,1.66780169905385e-05,7.09820164839886e-06,7.97747946333444e-06,0.723637723869933,TRUE,TRUE,FALSE,TRUE,irHepatitis,
FN1-SDC1,Hepatocyte 4,CD8+ T cell 1,6.18127629639473e-05,0.000117365147532109,5.65446573448132e-05,5.20298642367309e-05,all4,2,2,2,2,8.95889552480284e-05,5.42872607907721e-05,6.18127629639473e-05,0.000117365147532109,5.20298642367309e-05,5.65446573448132e-05,0.722218081130052,TRUE,TRUE,FALSE,TRUE,irHepatitis,
CSF1-CSF1R,Macrophage 2,Stellate cell,8.74957036291326e-06,6.75532764444284e-06,5.19378997060084e-06,4.1762170403121e-06,all4,2,2,2,2,7.75244900367805e-06,4.68500350545647e-06,6.75532764444284e-06,8.74957036291326e-06,4.1762170403121e-06,5.19378997060084e-06,0.72095221126809,TRUE,TRUE,FALSE,TRUE,irHepatitis,
CSF1-CSF1R,CD8+ T cell 2,Stellate cell,3.51304905874097e-05,2.52245224657203e-05,1.46190847726105e-05,2.198830776661e-05,all4,2,2,2,2,3.0177506526565e-05,1.83036962696103e-05,2.52245224657203e-05,3.51304905874097e-05,1.46190847726105e-05,2.198830776661e-05,0.719892003770109,TRUE,TRUE,FALSE,TRUE,irHepatitis,
FN1-CD44,Macrophage 2,IgM+ B cell,1.92021884974499e-05,2.25720658445828e-05,1.24778988496283e-05,1.28744722362858e-05,all4,2,2,2,2,2.08871271710164e-05,1.26761855429571e-05,1.92021884974499e-05,2.25720658445828e-05,1.24778988496283e-05,1.28744722362858e-05,0.718408391907856,TRUE,TRUE,FALSE,TRUE,irHepatitis,
IL15-IL15RA_IL2RB_IL2RG,Hepatocyte 3,Macrophage 2,0,2.27200944235512e-10,1.2123468374743e-08,4.83805176153679e-08,all4,2,2,2,2,1.13600472117756e-10,3.02519929950554e-08,0,2.27200944235512e-10,1.2123468374743e-08,4.83805176153679e-08,-0.71654538914808,TRUE,FALSE,TRUE,TRUE,AIH,
CCL16-CCR1,Hepatocyte 2,CD8+ T cell 1,8.08496226661217e-05,7.64901478185632e-05,6.17979077130708e-05,3.39891875070556e-05,all4,2,2,2,2,7.86698852423424e-05,4.78935476100632e-05,7.64901478185632e-05,8.08496226661217e-05,3.39891875070556e-05,6.17979077130708e-05,0.715429803174914,TRUE,TRUE,FALSE,TRUE,irHepatitis,
FN1-CD44,Macrophage 1,Macrophage 2,1.40181347273105e-05,9.52552656906214e-06,5.75285962417934e-06,8.54982556133786e-06,all4,2,2,2,2,1.17718306481863e-05,7.1513425927586e-06,9.52552656906214e-06,1.40181347273105e-05,5.75285962417934e-06,8.54982556133786e-06,0.71537098326316,TRUE,TRUE,FALSE,TRUE,irHepatitis,
FN1-SDC1,Hepatocyte 1,Hepatocyte 3,0.000308285064434068,0.000336552692852037,0.000250528389233786,0.000142242146431502,all4,2,2,2,2,0.000322418878643052,0.000196385267832644,0.000308285064434068,0.000336552692852037,0.000142242146431502,0.000250528389233786,0.715115317163823,TRUE,TRUE,FALSE,TRUE,irHepatitis,
MHC-I,Sinusoidal endothelial cell,CD4+ T cell,1.15143394929785e-05,2.26669066278852e-05,2.99130650882766e-05,2.62132165193226e-05,all4,2,2,2,2,1.70906230604318e-05,2.80631408037996e-05,1.15143394929785e-05,2.26669066278852e-05,2.62132165193226e-05,2.99130650882766e-05,-0.713932189790104,TRUE,FALSE,TRUE,TRUE,AIH,
VEGFA-FLT1,Hepatocyte 2,Hepatocyte 4,3.59564333299046e-05,3.73538091498107e-05,3.11514214843831e-05,1.35320616687824e-05,all4,2,2,2,2,3.66551212398576e-05,2.23417415765828e-05,3.59564333299046e-05,3.73538091498107e-05,1.35320616687824e-05,3.11514214843831e-05,0.713096535408283,TRUE,TRUE,FALSE,TRUE,irHepatitis,
MHC-I,Hepatocyte 3,CD4+ T cell,8.32341035515314e-06,1.12855982623979e-05,1.9944563636962e-05,1.2198748978307e-05,all4,2,2,2,2,9.80450430877552e-06,1.60716563076345e-05,8.32341035515314e-06,1.12855982623979e-05,1.2198748978307e-05,1.9944563636962e-05,-0.710330328310887,TRUE,FALSE,TRUE,TRUE,AIH,
FN1-CD44,CD8+ T cell 1,Hepatocyte 2,1.02313870844381e-06,1.07351593145122e-06,1.69992125146277e-06,1.78969463876294e-06,all4,2,2,2,2,1.04832731994752e-06,1.74480794511285e-06,1.02313870844381e-06,1.07351593145122e-06,1.69992125146277e-06,1.78969463876294e-06,-0.710186957910841,TRUE,FALSE,TRUE,TRUE,AIH,
FN1-SDC1,CD8+ T cell 3,Hepatocyte 1,3.65395710312001e-05,6.34441044480124e-05,8.87169355587528e-05,7.47445508098476e-05,all4,2,2,2,2,4.99918377396062e-05,8.17307431843002e-05,3.65395710312001e-05,6.34441044480124e-05,7.47445508098476e-05,8.87169355587528e-05,-0.708662875749818,TRUE,FALSE,TRUE,TRUE,AIH,
MHC-I,CD4+ T cell,Stellate cell,5.10369667024108e-05,4.55229485719421e-05,2.93780678109219e-05,2.96805869824181e-05,all4,2,2,2,2,4.82799576371764e-05,2.952932739667e-05,4.55229485719421e-05,5.10369667024108e-05,2.93780678109219e-05,2.96805869824181e-05,0.708390171746044,TRUE,TRUE,FALSE,TRUE,irHepatitis,
IL15-IL15RA_IL2RB_IL2RG,IgG+ plasmablast / plasma cell,CD8+ T cell 1,8.18720553018297e-06,3.92229104113241e-06,3.72276830301503e-06,3.66463210481944e-06,all4,2,2,2,2,6.05474828565769e-06,3.69370020391724e-06,3.92229104113241e-06,8.18720553018297e-06,3.66463210481944e-06,3.72276830301503e-06,0.705953084158771,TRUE,TRUE,FALSE,TRUE,irHepatitis,
CCL16-CCR1,Hepatocyte 1,Macrophage 2,0.000107632469325788,6.51490663267333e-05,5.91933342779893e-05,4.72106612319061e-05,all4,2,2,2,2,8.63907678262607e-05,5.32019977549477e-05,6.51490663267333e-05,0.000107632469325788,4.72106612319061e-05,5.91933342779893e-05,0.698910147104399,TRUE,TRUE,FALSE,TRUE,irHepatitis,
CSF1-CSF1R,IgM+ B cell,Stellate cell,1.64897080658697e-05,1.08132944047535e-05,8.72409513826246e-06,8.06401895231349e-06,all4,2,2,2,2,1.36515012353116e-05,8.39405704528798e-06,1.08132944047535e-05,1.64897080658697e-05,8.06401895231349e-06,8.72409513826246e-06,0.698539514633777,TRUE,TRUE,FALSE,TRUE,irHepatitis,
FN1-CD44,Stellate cell,Stellate cell,3.12662369978272e-05,5.01903816331317e-05,2.47407152887447e-05,2.54459680529246e-05,all4,2,2,2,2,4.07283093154794e-05,2.50933416708346e-05,3.12662369978272e-05,5.01903816331317e-05,2.47407152887447e-05,2.54459680529246e-05,0.697697279580707,TRUE,TRUE,FALSE,TRUE,irHepatitis,
CCL5-CCR1,Hepatocyte 3,Vascular endothelial cell,3.2379189612369e-07,2.49324259258972e-07,4.52746045862329e-07,5.30398913332281e-07,all4,2,2,2,2,2.86558077691331e-07,4.91572479597305e-07,2.49324259258972e-07,3.2379189612369e-07,4.52746045862329e-07,5.30398913332281e-07,-0.691630449315837,TRUE,FALSE,TRUE,TRUE,AIH,
CSF1-CSF1R,IgM+ B cell,CD8+ T cell 3,1.11080321708026e-05,1.30418173444473e-05,8.19054854501246e-06,6.74196426312944e-06,all4,2,2,2,2,1.20749247576249e-05,7.46625640407095e-06,1.11080321708026e-05,1.30418173444473e-05,6.74196426312944e-06,8.19054854501246e-06,0.69012751266074,TRUE,TRUE,FALSE,TRUE,irHepatitis,
FN1-SDC1,Vascular endothelial cell,IgG+ B cell,7.33318235823144e-05,7.000531395249e-05,4.8785230485304e-05,4.02495198974677e-05,all4,2,2,2,2,7.16685687674022e-05,4.45173751913858e-05,7.000531395249e-05,7.33318235823144e-05,4.02495198974677e-05,4.8785230485304e-05,0.686398652868874,TRUE,TRUE,FALSE,TRUE,irHepatitis,
IL15-IL15RA_IL2RB_IL2RG,IgG+ B cell,Hepatocyte 4,0,0,1.16690750388637e-08,4.48269186891527e-08,all4,2,2,2,2,0,2.82479968640082e-08,0,0,1.16690750388637e-08,4.48269186891527e-08,-0.681998950459096,TRUE,FALSE,TRUE,TRUE,AIH,
HLA-B-CD8A,Hepatocyte 3,Macrophage 1,1.13097993774043e-05,1.45834592532366e-05,2.6318254759237e-05,1.52741346954635e-05,all4,2,2,2,2,1.29466293153205e-05,2.07961947273503e-05,1.13097993774043e-05,1.45834592532366e-05,1.52741346954635e-05,2.6318254759237e-05,-0.68178283043016,TRUE,FALSE,TRUE,TRUE,AIH,
HLA-B-CD8A,Sinusoidal endothelial cell,IgM+ B cell,6.57908963107156e-06,7.88240484653698e-06,1.45231796421766e-05,8.72063782778219e-06,all4,2,2,2,2,7.23074723880427e-06,1.16219087349794e-05,6.57908963107156e-06,7.88240484653698e-06,8.72063782778219e-06,1.45231796421766e-05,-0.68112517331561,TRUE,FALSE,TRUE,TRUE,AIH,
CCL5-CCR1,Hepatocyte 3,Stellate cell,1.2651086968416e-06,6.34759593549029e-07,1.3823979564927e-06,1.71600551309812e-06,all4,2,2,2,2,9.49934145195316e-07,1.54920173479541e-06,6.34759593549029e-07,1.2651086968416e-06,1.3823979564927e-06,1.71600551309812e-06,-0.679214032833379,TRUE,FALSE,TRUE,TRUE,AIH,
MHC-I,Macrophage 2,Hepatocyte 4,1.91760249763378e-05,1.94328750693701e-05,1.35274863134575e-05,1.06247986959836e-05,all4,2,2,2,2,1.9304450022854e-05,1.20761425047206e-05,1.91760249763378e-05,1.94328750693701e-05,1.06247986959836e-05,1.35274863134575e-05,0.674689502966621,TRUE,TRUE,FALSE,TRUE,irHepatitis,
CCL16-CCR1,CD8+ T cell 2,Sinusoidal endothelial cell,2.07709966906116e-05,1.63942921854657e-05,3.71963751221266e-05,2.19707724420634e-05,all4,2,2,2,2,1.85826444380386e-05,2.9583573782095e-05,1.63942921854657e-05,2.07709966906116e-05,2.19707724420634e-05,3.71963751221266e-05,-0.669493892181605,TRUE,FALSE,TRUE,TRUE,AIH,
VEGFA-FLT1,IgG+ plasmablast / plasma cell,Stellate cell,2.37024476248139e-05,2.36301592453634e-05,1.76198522250488e-05,1.21225209029955e-05,all4,2,2,2,2,2.36663034350886e-05,1.48711865640221e-05,2.36301592453634e-05,2.37024476248139e-05,1.21225209029955e-05,1.76198522250488e-05,0.668633797214227,TRUE,TRUE,FALSE,TRUE,irHepatitis,
CCL16-CCR1,Vascular endothelial cell,IgG+ B cell,7.704402726354e-06,9.47772180616576e-06,3.57046378031259e-06,7.23041183115786e-06,all4,2,2,2,2,8.59106226625988e-06,5.40043780573522e-06,7.704402726354e-06,9.47772180616576e-06,3.57046378031259e-06,7.23041183115786e-06,0.665155305848118,TRUE,TRUE,FALSE,TRUE,irHepatitis,
IL15-IL15RA_IL2RB_IL2RG,CD8+ T cell 2,Vascular endothelial cell,0,0,2.61879795287659e-08,2.83463887519913e-08,all4,2,2,2,2,0,2.72671841403786e-08,0,0,2.61879795287659e-08,2.83463887519913e-08,-0.663004655741864,TRUE,FALSE,TRUE,TRUE,AIH,
VEGFA-FLT1,Hepatocyte 2,Sinusoidal endothelial cell,0.000236175191729451,0.000375990877196923,0.00022101976560249,0.000166176097423462,all4,2,2,2,2,0.000306083034463187,0.000193597931512976,0.000236175191729451,0.000375990877196923,0.000166176097423462,0.00022101976560249,0.660731565306128,TRUE,TRUE,FALSE,TRUE,irHepatitis,
FN1-CD44,CD4+ T cell,IgM+ B cell,4.25119386708846e-05,4.96940218679822e-05,2.41448766185247e-05,3.41547902487875e-05,all4,2,2,2,2,4.61029802694334e-05,2.91498334336561e-05,4.25119386708846e-05,4.96940218679822e-05,2.41448766185247e-05,3.41547902487875e-05,0.660522836943839,TRUE,TRUE,FALSE,TRUE,irHepatitis,
CCL14-CCR1,CD8+ T cell 3,Macrophage 1,4.85876036909469e-05,9.48031852502042e-05,4.42004914161386e-05,4.66558639663182e-05,all4,2,2,2,2,7.16953944705756e-05,4.54281776912284e-05,4.85876036909469e-05,9.48031852502042e-05,4.42004914161386e-05,4.66558639663182e-05,0.657749639343078,TRUE,TRUE,FALSE,TRUE,irHepatitis,
FN1-CD44,Stellate cell,IgM+ B cell,5.77229375131317e-05,7.13824419535175e-05,3.88509584132755e-05,4.30352177788016e-05,all4,2,2,2,2,6.45526897333246e-05,4.09430880960386e-05,5.77229375131317e-05,7.13824419535175e-05,3.88509584132755e-05,4.30352177788016e-05,0.656255486343154,TRUE,TRUE,FALSE,TRUE,irHepatitis,
VEGFA-FLT1,Stellate cell,CD4+ T cell,1.77249421448609e-05,1.51951886638721e-05,1.17134053226487e-05,9.15260956363905e-06,all4,2,2,2,2,1.64600654043665e-05,1.04330074431439e-05,1.51951886638721e-05,1.77249421448609e-05,9.15260956363905e-06,1.17134053226487e-05,0.655456977545563,TRUE,TRUE,FALSE,TRUE,irHepatitis,
FN1-SDC1,Hepatocyte 4,Hepatocyte 3,0.00030202557607349,0.000285789415719376,0.000242500590480333,0.000132300529061938,all4,2,2,2,2,0.000293907495896433,0.000187400559771135,0.000285789415719376,0.00030202557607349,0.000132300529061938,0.000242500590480333,0.649106523274892,TRUE,TRUE,FALSE,TRUE,irHepatitis,
HLA-B-CD8A,CD8+ T cell 1,Stellate cell,3.82830474714641e-05,3.29307598485705e-05,2.56635346510707e-05,1.9761270419424e-05,all4,2,2,2,2,3.56069036600173e-05,2.27124025352473e-05,3.29307598485705e-05,3.82830474714641e-05,1.9761270419424e-05,2.56635346510707e-05,0.647603311717253,TRUE,TRUE,FALSE,TRUE,irHepatitis,
VEGFA-FLT1,Hepatocyte 2,Hepatocyte 1,3.25615079305854e-05,2.83693057259995e-05,2.67800146377639e-05,1.20860651973791e-05,all4,2,2,2,2,3.04654068282924e-05,1.94330399175715e-05,2.83693057259995e-05,3.25615079305854e-05,1.20860651973791e-05,2.67800146377639e-05,0.647406306345633,TRUE,TRUE,FALSE,TRUE,irHepatitis,
HLA-B-CD8A,Sinusoidal endothelial cell,Hepatocyte 1,1.67083162424558e-05,1.62273361467364e-05,3.23884839355472e-05,1.92021781475372e-05,all4,2,2,2,2,1.64678261945961e-05,2.57953310415422e-05,1.62273361467364e-05,1.67083162424558e-05,1.92021781475372e-05,3.23884839355472e-05,-0.645982614003879,TRUE,FALSE,TRUE,TRUE,AIH,
CSF1-CSF1R,Sinusoidal endothelial cell,Hepatocyte 3,2.78503831387995e-05,1.45778818383112e-05,1.26024673451402e-05,1.45527846966886e-05,all4,2,2,2,2,2.12141324885554e-05,1.35776260209144e-05,1.45778818383112e-05,2.78503831387995e-05,1.26024673451402e-05,1.45527846966886e-05,0.642011693661872,TRUE,TRUE,FALSE,TRUE,irHepatitis,
CCL5-CCR1,Macrophage 2,Hepatocyte 1,1.24389748311866e-06,1.34471643210734e-06,7.19009882649505e-07,9.08044025920466e-07,all4,2,2,2,2,1.294306957613e-06,8.13526954284986e-07,1.24389748311866e-06,1.34471643210734e-06,7.19009882649505e-07,9.08044025920466e-07,0.640503274603082,TRUE,TRUE,FALSE,TRUE,irHepatitis,
CCL5-CCR1,Sinusoidal endothelial cell,Hepatocyte 2,9.86008699809796e-07,1.10331344915258e-06,1.97080954162062e-06,1.33405902684939e-06,all4,2,2,2,2,1.04466107448119e-06,1.652434284235e-06,9.86008699809796e-07,1.10331344915258e-06,1.33405902684939e-06,1.97080954162062e-06,-0.63865234609391,TRUE,FALSE,TRUE,TRUE,AIH,
FN1-SDC1,Hepatocyte 4,CD4+ T cell,1.64719889544275e-05,6.6331889084718e-06,1.81415943858644e-05,1.78464225373624e-05,all4,2,2,2,2,1.15525889314496e-05,1.79940084616134e-05,6.6331889084718e-06,1.64719889544275e-05,1.78464225373624e-05,1.81415943858644e-05,-0.637217839901447,TRUE,FALSE,TRUE,TRUE,AIH,
FN1-SDC1,CD8+ T cell 2,Hepatocyte 3,0.000141222098208114,0.000227118246833927,0.000136783861679506,0.000100370559834508,all4,2,2,2,2,0.000184170172521021,0.000118577210757007,0.000141222098208114,0.000227118246833927,0.000100370559834508,0.000136783861679506,0.635010190333847,TRUE,TRUE,FALSE,TRUE,irHepatitis,
CCL14-CCR1,Stellate cell,IgM+ B cell,2.80183117617882e-05,2.23928185887955e-05,1.14376582817186e-05,2.09991969170376e-05,all4,2,2,2,2,2.52055651752918e-05,1.62184275993781e-05,2.23928185887955e-05,2.80183117617882e-05,1.14376582817186e-05,2.09991969170376e-05,0.634629394949055,TRUE,TRUE,FALSE,TRUE,irHepatitis,
CSF1-CSF1R,IgG+ plasmablast / plasma cell,Hepatocyte 1,2.17475094290282e-06,2.10190009139421e-06,1.73834952327892e-06,9.84885820661328e-07,all4,2,2,2,2,2.13832551714851e-06,1.36161767197012e-06,2.10190009139421e-06,2.17475094290282e-06,9.84885820661328e-07,1.73834952327892e-06,0.633662671326138,TRUE,TRUE,FALSE,TRUE,irHepatitis,
FN1-CD44,CD8+ T cell 1,Macrophage 1,2.70080809893812e-05,2.42560456256332e-05,1.36564794397407e-05,1.93763538988437e-05,all4,2,2,2,2,2.56320633075072e-05,1.65164166692922e-05,2.42560456256332e-05,2.70080809893812e-05,1.36564794397407e-05,1.93763538988437e-05,0.632600309731212,TRUE,TRUE,FALSE,TRUE,irHepatitis,
HLA-B-CD8A,CD8+ T cell 1,Hepatocyte 1,1.39363508919065e-05,1.61741984780488e-05,3.01870151685403e-05,1.65303586191779e-05,all4,2,2,2,2,1.50552746849777e-05,2.33586868938591e-05,1.39363508919065e-05,1.61741984780488e-05,1.65303586191779e-05,3.01870151685403e-05,-0.632102044809031,TRUE,FALSE,TRUE,TRUE,AIH,
FN1-CD44,Vascular endothelial cell,Macrophage 2,3.87871030016781e-05,3.96140048745093e-05,2.64088084472726e-05,2.44285300683761e-05,all4,2,2,2,2,3.92005539380937e-05,2.54186692578243e-05,3.87871030016781e-05,3.96140048745093e-05,2.44285300683761e-05,2.64088084472726e-05,0.624054276752764,TRUE,TRUE,FALSE,TRUE,irHepatitis,
FN1-SDC1,CD8+ T cell 2,IgG+ plasmablast / plasma cell,7.0886156958268e-05,0.000137762406302483,6.52409728493048e-05,7.02382470059441e-05,all4,2,2,2,2,0.000104324281630375,6.77396099276244e-05,7.0886156958268e-05,0.000137762406302483,6.52409728493048e-05,7.02382470059441e-05,0.622654511079722,TRUE,TRUE,FALSE,TRUE,irHepatitis,
CCL14-CCR1,Vascular endothelial cell,Cholangiocyte,6.15228979601988e-05,4.10715481117862e-05,3.80679597048933e-05,2.86027636434942e-05,all4,2,2,2,2,5.12972230359925e-05,3.33353616741938e-05,4.10715481117862e-05,6.15228979601988e-05,2.86027636434942e-05,3.80679597048933e-05,0.62111986527248,TRUE,TRUE,FALSE,TRUE,irHepatitis,
FN1-SDC1,Cholangiocyte,Hepatocyte 2,6.44791815958423e-05,5.40874668938535e-05,2.45478921299236e-05,5.25097456890758e-05,all4,2,2,2,2,5.92833242448479e-05,3.85288189094997e-05,5.40874668938535e-05,6.44791815958423e-05,2.45478921299236e-05,5.25097456890758e-05,0.621076281911513,TRUE,TRUE,FALSE,TRUE,irHepatitis,
HLA-B-CD8A,Macrophage 2,Stellate cell,3.56960615949044e-05,2.9863666865542e-05,2.45222089129381e-05,1.81061059164797e-05,all4,2,2,2,2,3.27798642302232e-05,2.13141574147089e-05,2.9863666865542e-05,3.56960615949044e-05,1.81061059164797e-05,2.45222089129381e-05,0.619893252149461,TRUE,TRUE,FALSE,TRUE,irHepatitis,
MHC-I,Cholangiocyte,Hepatocyte 1,1.45798744211148e-05,1.34139835252116e-05,9.24617068898397e-06,8.94845806008643e-06,all4,2,2,2,2,1.39969289731632e-05,9.0973143745352e-06,1.34139835252116e-05,1.45798744211148e-05,8.94845806008643e-06,9.24617068898397e-06,0.61901399381458,TRUE,TRUE,FALSE,TRUE,irHepatitis,
CSF1-CSF1R,IgG+ B cell,Stellate cell,7.93522372015444e-06,1.10597465642808e-05,5.05763091552291e-06,7.2922177322023e-06,all4,2,2,2,2,9.49748514221762e-06,6.1749243238626e-06,7.93522372015444e-06,1.10597465642808e-05,5.05763091552291e-06,7.2922177322023e-06,0.617327495308681,TRUE,TRUE,FALSE,TRUE,irHepatitis,
MHC-I,CD8+ T cell 3,Stellate cell,4.37563695636785e-05,3.83558077293272e-05,2.86018810250821e-05,2.48988543040855e-05,all4,2,2,2,2,4.10560886465028e-05,2.67503676645838e-05,3.83558077293272e-05,4.37563695636785e-05,2.48988543040855e-05,2.86018810250821e-05,0.617160384642375,TRUE,TRUE,FALSE,TRUE,irHepatitis,
HLA-B-CD8A,Cholangiocyte,Hepatocyte 1,1.45798744211148e-05,8.15914438784033e-06,7.61323873385148e-06,7.20181296310408e-06,all4,2,2,2,2,1.13695094044776e-05,7.40752584847778e-06,8.15914438784033e-06,1.45798744211148e-05,7.20181296310408e-06,7.61323873385148e-06,0.614950563410184,TRUE,TRUE,FALSE,TRUE,irHepatitis,
FN1-CD44,CD8+ T cell 1,Stellate cell,7.55848157673107e-06,1.24734412264805e-05,5.86469506680066e-06,7.19404617523225e-06,all4,2,2,2,2,1.00159614016058e-05,6.52937062101646e-06,7.55848157673107e-06,1.24734412264805e-05,5.86469506680066e-06,7.19404617523225e-06,0.613711166112013,TRUE,TRUE,FALSE,TRUE,irHepatitis,
VEGFA-FLT1,Hepatocyte 1,Macrophage 1,0.000100896827872708,0.000107462083731634,8.68659809981411e-05,4.96470055370979e-05,all4,2,2,2,2,0.000104179455802171,6.82564932676195e-05,0.000100896827872708,0.000107462083731634,4.96470055370979e-05,8.68659809981411e-05,0.609692144564425,TRUE,TRUE,FALSE,TRUE,irHepatitis,
VEGFA-FLT1,Vascular endothelial cell,Vascular endothelial cell,0.000439626268110316,0.000445742518714151,0.000286245222175289,0.000294509622565447,all4,2,2,2,2,0.000442684393412233,0.000290377422370368,0.000439626268110316,0.000445742518714151,0.000286245222175289,0.000294509622565447,0.608269342714165,TRUE,TRUE,FALSE,TRUE,irHepatitis,
VEGFA-FLT1,IgG+ plasmablast / plasma cell,Hepatocyte 1,3.70318898311892e-06,2.84692156049797e-06,2.62626114714048e-06,1.64277507767164e-06,all4,2,2,2,2,3.27505527180844e-06,2.13451811240606e-06,2.84692156049797e-06,3.70318898311892e-06,1.64277507767164e-06,2.62626114714048e-06,0.606802604629967,TRUE,TRUE,FALSE,TRUE,irHepatitis,
CCL14-CCR1,CD4+ T cell,Stellate cell,7.7342035059479e-06,6.11284529937901e-06,3.86433569582222e-06,5.20051117836277e-06,all4,2,2,2,2,6.92352440266345e-06,4.5324234370925e-06,6.11284529937901e-06,7.7342035059479e-06,3.86433569582222e-06,5.20051117836277e-06,0.606129297066971,TRUE,TRUE,FALSE,TRUE,irHepatitis,
CCL14-CCR1,CD8+ T cell 1,Sinusoidal endothelial cell,1.12484152448401e-05,7.73861042558539e-06,1.6205689714923e-05,1.26493566272692e-05,all4,2,2,2,2,9.49351283521276e-06,1.44275231710961e-05,7.73861042558539e-06,1.12484152448401e-05,1.26493566272692e-05,1.6205689714923e-05,-0.601390488671465,TRUE,FALSE,TRUE,TRUE,AIH,
CSF1-CSF1R,Hepatocyte 1,Macrophage 2,4.26912218855039e-05,3.7889212712398e-05,2.07258681498796e-05,3.23829554529386e-05,all4,2,2,2,2,4.02902172989509e-05,2.65544118014091e-05,3.7889212712398e-05,4.26912218855039e-05,2.07258681498796e-05,3.23829554529386e-05,0.600613543553879,TRUE,TRUE,FALSE,TRUE,irHepatitis,
CCL5-CCR1,Macrophage 2,IgG+ B cell,4.10962060410495e-06,3.17569780081824e-06,3.02087791348658e-06,1.76489930669568e-06,all4,2,2,2,2,3.6426592024616e-06,2.39288861009113e-06,3.17569780081824e-06,4.10962060410495e-06,1.76489930669568e-06,3.02087791348658e-06,0.596724309146251,TRUE,TRUE,FALSE,TRUE,irHepatitis,
FN1-SDC1,Hepatocyte 1,CD4+ T cell,1.80476905938307e-05,7.17721070992157e-06,1.83042224266869e-05,1.98819664357975e-05,all4,2,2,2,2,1.26124506518761e-05,1.90930944312422e-05,7.17721070992157e-06,1.80476905938307e-05,1.83042224266869e-05,1.98819664357975e-05,-0.596393168942738,TRUE,FALSE,TRUE,TRUE,AIH,
FN1-CD44,Sinusoidal endothelial cell,Cholangiocyte,5.93912840842295e-06,8.49422246379944e-06,4.96561351742808e-06,4.58845758232053e-06,all4,2,2,2,2,7.21667543611119e-06,4.77703554987431e-06,5.93912840842295e-06,8.49422246379944e-06,4.58845758232053e-06,4.96561351742808e-06,0.590485292194796,TRUE,TRUE,FALSE,TRUE,irHepatitis,
CCL16-CCR1,CD8+ T cell 1,Hepatocyte 1,1.17121489477925e-06,1.00810679182431e-06,1.75686431074456e-06,1.56598259103017e-06,all4,2,2,2,2,1.08966084330178e-06,1.66142345088736e-06,1.00810679182431e-06,1.17121489477925e-06,1.56598259103017e-06,1.75686431074456e-06,-0.587974113372376,TRUE,FALSE,TRUE,TRUE,AIH,
FN1-SDC1,Hepatocyte 2,Macrophage 1,7.23068673264745e-05,0.00010386987927995,6.03743298765721e-05,5.72015341763954e-05,all4,2,2,2,2,8.80883733032123e-05,5.87879320264837e-05,7.23068673264745e-05,0.00010386987927995,5.72015341763954e-05,6.03743298765721e-05,0.583050301399094,TRUE,TRUE,FALSE,TRUE,irHepatitis,
HLA-B-CD8A,IgG+ B cell,Stellate cell,2.08995823059458e-05,2.11413759949881e-05,1.667758220274e-05,1.13582767925611e-05,all4,2,2,2,2,2.1020479150467e-05,1.40179294976506e-05,2.08995823059458e-05,2.11413759949881e-05,1.13582767925611e-05,1.667758220274e-05,0.582924232278723,TRUE,TRUE,FALSE,TRUE,irHepatitis,
FN1-CD44,CD4+ T cell,Macrophage 2,1.09209398885821e-05,1.77170860750794e-05,9.6045194069901e-06,9.48466018720448e-06,all4,2,2,2,2,1.43190129818307e-05,9.54458979709729e-06,1.09209398885821e-05,1.77170860750794e-05,9.48466018720448e-06,9.6045194069901e-06,0.58283084314235,TRUE,TRUE,FALSE,TRUE,irHepatitis,
CCL16-CCR1,CD8+ T cell 3,CD8+ T cell 2,1.26475015793985e-05,1.42369151558853e-05,1.12233332770226e-05,6.72105281919566e-06,all4,2,2,2,2,1.34422083676419e-05,8.97219304810915e-06,1.26475015793985e-05,1.42369151558853e-05,6.72105281919566e-06,1.12233332770226e-05,0.580749186925758,TRUE,TRUE,FALSE,TRUE,irHepatitis,
CCL14-CCR1,CD8+ T cell 3,Macrophage 2,1.99048010903689e-05,2.75905436678333e-05,1.3965364668991e-05,1.78108908244796e-05,all4,2,2,2,2,2.37476723791011e-05,1.58881277467353e-05,1.99048010903689e-05,2.75905436678333e-05,1.3965364668991e-05,1.78108908244796e-05,0.578435773429014,TRUE,TRUE,FALSE,TRUE,irHepatitis,
CCL16-CCR1,Sinusoidal endothelial cell,Macrophage 2,3.23472978000873e-05,2.49887572018588e-05,1.73711255476003e-05,2.09976394855154e-05,all4,2,2,2,2,2.8668027500973e-05,1.91843825165579e-05,2.49887572018588e-05,3.23472978000873e-05,1.73711255476003e-05,2.09976394855154e-05,0.578349899157746,TRUE,TRUE,FALSE,TRUE,irHepatitis,
CCL15-CCR1,Hepatocyte 1,CD4+ T cell,1.57980290516688e-05,1.74685709178149e-05,1.19225240482697e-05,1.03768882035186e-05,all4,2,2,2,2,1.66332999847419e-05,1.11497061258941e-05,1.57980290516688e-05,1.74685709178149e-05,1.03768882035186e-05,1.19225240482697e-05,0.575081858422339,TRUE,TRUE,FALSE,TRUE,irHepatitis,
MHC-I,Stellate cell,Macrophage 1,4.0274275152248e-05,4.39538191781685e-05,3.24448834821457e-05,2.40941267036792e-05,all4,2,2,2,2,4.21140471652083e-05,2.82695050929125e-05,4.0274275152248e-05,4.39538191781685e-05,2.40941267036792e-05,3.24448834821457e-05,0.574271830894379,TRUE,TRUE,FALSE,TRUE,irHepatitis,
VEGFA-FLT1,Hepatocyte 4,Macrophage 1,8.24654877929464e-05,8.37088595870774e-05,7.41361313887561e-05,3.74461059771962e-05,all4,2,2,2,2,8.30871736900119e-05,5.57911186829761e-05,8.24654877929464e-05,8.37088595870774e-05,3.74461059771962e-05,7.41361313887561e-05,0.574193511683839,TRUE,TRUE,FALSE,TRUE,irHepatitis,
FN1-SDC1,CD8+ T cell 3,IgM+ B cell,9.34552095686111e-06,1.12791766497283e-05,7.2083792048807e-06,6.6290293696125e-06,all4,2,2,2,2,1.03123488032947e-05,6.9187042872466e-06,9.34552095686111e-06,1.12791766497283e-05,6.6290293696125e-06,7.2083792048807e-06,0.572609807641169,TRUE,TRUE,FALSE,TRUE,irHepatitis,
VEGFA-FLT1,Stellate cell,Stellate cell,3.38053488409212e-05,3.1689974054274e-05,2.64511204501871e-05,1.75584677007589e-05,all4,2,2,2,2,3.27476614475976e-05,2.2004794075473e-05,3.1689974054274e-05,3.38053488409212e-05,1.75584677007589e-05,2.64511204501871e-05,0.57257051386503,TRUE,TRUE,FALSE,TRUE,irHepatitis,
CSF1-CSF1R,Hepatocyte 1,Macrophage 1,0.000137592990049135,0.00016863797695634,0.000120898909380679,8.52870659028383e-05,all4,2,2,2,2,0.000153115483502738,0.000103092987641759,0.000137592990049135,0.00016863797695634,8.52870659028383e-05,0.000120898909380679,0.570460367348105,TRUE,TRUE,FALSE,TRUE,irHepatitis,
CSF1-CSF1R,CD8+ T cell 1,Hepatocyte 3,4.98501165831475e-06,5.5430422319337e-06,9.54586600636379e-06,6.0914988117783e-06,all4,2,2,2,2,5.26402694512423e-06,7.81868240907105e-06,4.98501165831475e-06,5.5430422319337e-06,6.0914988117783e-06,9.54586600636379e-06,-0.566604003898059,TRUE,FALSE,TRUE,TRUE,AIH,
CSF1-CSF1R,Hepatocyte 3,CD8+ T cell 2,8.8917802896269e-06,1.08135469445469e-05,8.63283302576472e-06,4.64287569518656e-06,all4,2,2,2,2,9.85266361708691e-06,6.63785436047564e-06,8.8917802896269e-06,1.08135469445469e-05,4.64287569518656e-06,8.63283302576472e-06,0.56650157924606,TRUE,TRUE,FALSE,TRUE,irHepatitis,
CCL5-CCR1,Macrophage 2,Hepatocyte 2,8.92214281695917e-07,8.05279960255404e-07,5.31404200075519e-07,5.92949668333146e-07,all4,2,2,2,2,8.48747120975661e-07,5.62176934204333e-07,8.05279960255404e-07,8.92214281695917e-07,5.31404200075519e-07,5.92949668333146e-07,0.556427052238266,TRUE,TRUE,FALSE,TRUE,irHepatitis,
FN1-CD44,CD8+ T cell 3,Stellate cell,6.72252847382385e-06,9.07416763482287e-06,1.1191907242768e-05,1.20039728670686e-05,all4,2,2,2,2,7.89834805432336e-06,1.15979400549183e-05,6.72252847382385e-06,9.07416763482287e-06,1.1191907242768e-05,1.20039728670686e-05,-0.55153587226165,TRUE,FALSE,TRUE,TRUE,AIH,
HLA-B-CD8A,Sinusoidal endothelial cell,CD4+ T cell,1.15143394929785e-05,1.74215289307902e-05,2.21065190379109e-05,2.03312044399999e-05,all4,2,2,2,2,1.44679342118843e-05,2.12188617389554e-05,1.15143394929785e-05,1.74215289307902e-05,2.03312044399999e-05,2.21065190379109e-05,-0.551009479987822,TRUE,FALSE,TRUE,TRUE,AIH,
FN1-CD44,CD8+ T cell 1,CD8+ T cell 2,1.52639288567856e-05,1.5379408256677e-05,9.63504988270936e-06,1.125152953846e-05,all4,2,2,2,2,1.53216685567313e-05,1.04432897105847e-05,1.52639288567856e-05,1.5379408256677e-05,9.63504988270936e-06,1.125152953846e-05,0.55094900221966,TRUE,TRUE,FALSE,TRUE,irHepatitis,
CSF1-CSF1R,Hepatocyte 3,CD8+ T cell 1,1.10280541308553e-05,1.50068379757909e-05,1.01723547906064e-05,7.58225689449382e-06,all4,2,2,2,2,1.30174460533231e-05,8.87730584255013e-06,1.10280541308553e-05,1.50068379757909e-05,7.58225689449382e-06,1.01723547906064e-05,0.549847399251674,TRUE,TRUE,FALSE,TRUE,irHepatitis,
CSF1-CSF1R,Hepatocyte 4,Hepatocyte 3,7.35842481858162e-06,8.59915429794062e-06,1.35709923588811e-05,9.77140958951735e-06,all4,2,2,2,2,7.97878955826112e-06,1.16712009741992e-05,7.35842481858162e-06,8.59915429794062e-06,9.77140958951735e-06,1.35709923588811e-05,-0.546050577703138,TRUE,FALSE,TRUE,TRUE,AIH,
HLA-B-CD8A,Hepatocyte 3,CD4+ T cell,8.32341035515314e-06,8.13652699943301e-06,1.48866868561026e-05,9.17165543568069e-06,all4,2,2,2,2,8.22996867729308e-06,1.20291711458916e-05,8.13652699943301e-06,8.32341035515314e-06,9.17165543568069e-06,1.48866868561026e-05,-0.545002948959542,TRUE,FALSE,TRUE,TRUE,AIH,
CCL15-CCR1,Hepatocyte 1,IgM+ B cell,1.66414966377163e-05,2.05158476593139e-05,1.41013812425085e-05,1.13483058799471e-05,all4,2,2,2,2,1.85786721485151e-05,1.27248435612278e-05,1.66414966377163e-05,2.05158476593139e-05,1.13483058799471e-05,1.41013812425085e-05,0.544334923827674,TRUE,TRUE,FALSE,TRUE,irHepatitis,
CCL14-CCR1,Vascular endothelial cell,Macrophage 2,0.000110142433989397,8.93342374923288e-05,6.99704091569152e-05,6.67949194691664e-05,all4,2,2,2,2,9.97383357408628e-05,6.83826643130408e-05,8.93342374923288e-05,0.000110142433989397,6.67949194691664e-05,6.99704091569152e-05,0.544207666111306,TRUE,TRUE,FALSE,TRUE,irHepatitis,
CCL5-CCR1,Hepatocyte 2,Macrophage 2,3.13627745659596e-06,4.7905955081608e-06,2.92916117144039e-06,2.4888124609902e-06,all4,2,2,2,2,3.96343648237838e-06,2.7089868162153e-06,3.13627745659596e-06,4.7905955081608e-06,2.4888124609902e-06,2.92916117144039e-06,0.541232810566354,TRUE,TRUE,FALSE,TRUE,irHepatitis,
FN1-CD44,Vascular endothelial cell,IgM+ B cell,0.000105199950274477,8.24105550302644e-05,5.62409203157437e-05,7.29696370467902e-05,all4,2,2,2,2,9.38052526523709e-05,6.4605278681267e-05,8.24105550302644e-05,0.000105199950274477,5.62409203157437e-05,7.29696370467902e-05,0.537691957538029,TRUE,TRUE,FALSE,TRUE,irHepatitis,
CCL16-CCR1,CD8+ T cell 3,CD8+ T cell 1,1.31739797986658e-05,1.99477929186014e-05,1.18708743616887e-05,1.0999435086974e-05,all4,2,2,2,2,1.65608863586336e-05,1.14351547243314e-05,1.31739797986658e-05,1.99477929186014e-05,1.0999435086974e-05,1.18708743616887e-05,0.532485148210896,TRUE,TRUE,FALSE,TRUE,irHepatitis,
CCL16-CCR1,Hepatocyte 2,Macrophage 2,6.98100141191633e-05,5.04826762400804e-05,4.70285368630778e-05,3.67609386875181e-05,all4,2,2,2,2,6.01463451796219e-05,4.1894737775298e-05,5.04826762400804e-05,6.98100141191633e-05,3.67609386875181e-05,4.70285368630778e-05,0.521220066304191,TRUE,TRUE,FALSE,TRUE,irHepatitis,
CSF1-CSF1R,Hepatocyte 4,IgM+ B cell,4.00215430413666e-06,6.33613530763759e-06,7.01662661144027e-06,7.8587978852064e-06,all4,2,2,2,2,5.16914480588713e-06,7.43771224832333e-06,4.00215430413666e-06,6.33613530763759e-06,7.01662661144027e-06,7.8587978852064e-06,-0.52098470683689,TRUE,FALSE,TRUE,TRUE,AIH,
CCL5-CCR1,Hepatocyte 1,Macrophage 2,4.42190745126794e-06,4.61837092571659e-06,3.2522344406607e-06,3.05792975450733e-06,all4,2,2,2,2,4.52013918849227e-06,3.15508209758402e-06,4.42190745126794e-06,4.61837092571659e-06,3.05792975450733e-06,3.2522344406607e-06,0.512315440822569,TRUE,TRUE,FALSE,TRUE,irHepatitis,
FN1-SDC1,Stellate cell,IgM+ B cell,2.61365170703598e-05,2.06534970572598e-05,1.55253701663981e-05,1.72625820342181e-05,all4,2,2,2,2,2.33950070638098e-05,1.63939761003081e-05,2.06534970572598e-05,2.61365170703598e-05,1.55253701663981e-05,1.72625820342181e-05,0.511806948854452,TRUE,TRUE,FALSE,TRUE,irHepatitis,
VEGFA-FLT1,Stellate cell,CD8+ T cell 1,2.00440292506781e-05,2.07747033953093e-05,1.83423943464516e-05,1.02875043104886e-05,all4,2,2,2,2,2.04093663229937e-05,1.43149493284701e-05,2.00440292506781e-05,2.07747033953093e-05,1.02875043104886e-05,1.83423943464516e-05,0.510306096923919,TRUE,TRUE,FALSE,TRUE,irHepatitis,
MHC-I,Hepatocyte 4,Stellate cell,1.40939033580447e-05,1.13567282927514e-05,1.63782619787628e-05,1.98685160012034e-05,all4,2,2,2,2,1.27253158253981e-05,1.81233889899831e-05,1.13567282927514e-05,1.40939033580447e-05,1.63782619787628e-05,1.98685160012034e-05,-0.508577888745663,TRUE,FALSE,TRUE,TRUE,AIH,
CSF1-CSF1R,Cholangiocyte,Sinusoidal endothelial cell,1.51156959536047e-05,2.49643860670788e-05,1.34295832998818e-05,1.47306958195492e-05,all4,2,2,2,2,2.00400410103418e-05,1.40801395597155e-05,1.51156959536047e-05,2.49643860670788e-05,1.34295832998818e-05,1.47306958195492e-05,0.50780354826553,TRUE,TRUE,FALSE,TRUE,irHepatitis,
FN1-SDC1,CD8+ T cell 2,CD8+ T cell 3,0.000110396391965632,0.000114050319006977,8.41716579665104e-05,7.37007815583486e-05,all4,2,2,2,2,0.000112223355486304,7.89362197624295e-05,0.000110396391965632,0.000114050319006977,7.37007815583486e-05,8.41716579665104e-05,0.507360361377319,TRUE,TRUE,FALSE,TRUE,irHepatitis,
CCL5-CCR1,Stellate cell,Macrophage 2,1.44027621302581e-05,1.16635285888367e-05,1.03274007376986e-05,7.99537085404337e-06,all4,2,2,2,2,1.30331453595474e-05,9.16138579587098e-06,1.16635285888367e-05,1.44027621302581e-05,7.99537085404337e-06,1.03274007376986e-05,0.506370436273896,TRUE,TRUE,FALSE,TRUE,irHepatitis,
CSF1-CSF1R,Macrophage 1,Sinusoidal endothelial cell,1.03908139941307e-05,9.71073215014777e-06,1.68659888832349e-05,1.17152936397761e-05,all4,2,2,2,2,1.00507730721392e-05,1.42906412615055e-05,9.71073215014777e-06,1.03908139941307e-05,1.17152936397761e-05,1.68659888832349e-05,-0.505781513616362,TRUE,FALSE,TRUE,TRUE,AIH,
CSF1-CSF1R,Hepatocyte 3,Sinusoidal endothelial cell,4.62175263822612e-06,6.68590558976721e-06,7.8871036863349e-06,8.20391258198048e-06,all4,2,2,2,2,5.65382911399666e-06,8.04550813415769e-06,4.62175263822612e-06,6.68590558976721e-06,7.8871036863349e-06,8.20391258198048e-06,-0.505434581564422,TRUE,FALSE,TRUE,TRUE,AIH,
CSF1-CSF1R,Hepatocyte 3,Macrophage 2,1.53239013243389e-05,1.61714867646206e-05,1.11016808531199e-05,1.12240747658346e-05,all4,2,2,2,2,1.57476940444798e-05,1.11628778094772e-05,1.53239013243389e-05,1.61714867646206e-05,1.11016808531199e-05,1.12240747658346e-05,0.494679142390645,TRUE,TRUE,FALSE,TRUE,irHepatitis,
MHC-I,CD8+ T cell 1,Stellate cell,3.82830474714641e-05,4.19474832503863e-05,3.17197416428294e-05,2.52904647744286e-05,all4,2,2,2,2,4.01152653609252e-05,2.8505103208629e-05,3.82830474714641e-05,4.19474832503863e-05,2.52904647744286e-05,3.17197416428294e-05,0.492247419650901,TRUE,TRUE,FALSE,TRUE,irHepatitis,
CCL16-CCR1,Hepatocyte 3,IgG+ B cell,6.80647130963093e-06,5.00039313490442e-06,3.85111778018806e-06,4.52460247701897e-06,all4,2,2,2,2,5.90343222226768e-06,4.18786012860352e-06,5.00039313490442e-06,6.80647130963093e-06,3.85111778018806e-06,4.52460247701897e-06,0.490705658212448,TRUE,TRUE,FALSE,TRUE,irHepatitis,
MHC-I,Macrophage 2,Stellate cell,3.56960615949044e-05,3.92894576429622e-05,3.02354524685204e-05,2.32623220189743e-05,all4,2,2,2,2,3.74927596189333e-05,2.67488872437473e-05,3.56960615949044e-05,3.92894576429622e-05,2.32623220189743e-05,3.02354524685204e-05,0.486411828301143,TRUE,TRUE,FALSE,TRUE,irHepatitis,
CCL15-CCR1,Hepatocyte 4,Sinusoidal endothelial cell,1.96690627833869e-05,1.66863493762187e-05,2.91239736064397e-05,2.1537060609025e-05,all4,2,2,2,2,1.81777060798028e-05,2.53305171077324e-05,1.66863493762187e-05,1.96690627833869e-05,2.1537060609025e-05,2.91239736064397e-05,-0.477661173199792,TRUE,FALSE,TRUE,TRUE,AIH,
FN1-CD44,Sinusoidal endothelial cell,Hepatocyte 1,2.56056363100567e-06,2.48108389064778e-06,3.02986399955658e-06,4.00575780145927e-06,all4,2,2,2,2,2.52082376082673e-06,3.51781090050793e-06,2.48108389064778e-06,2.56056363100567e-06,3.02986399955658e-06,4.00575780145927e-06,-0.473320177985718,TRUE,FALSE,TRUE,TRUE,AIH,
HLA-B-CD8A,Sinusoidal endothelial cell,Hepatocyte 4,2.98078475032496e-05,3.51900844573956e-05,2.95853488740776e-05,1.75390313517365e-05,all4,2,2,2,2,3.24989659803226e-05,2.3562190112907e-05,2.98078475032496e-05,3.51900844573956e-05,1.75390313517365e-05,2.95853488740776e-05,0.463134540763074,TRUE,TRUE,FALSE,TRUE,irHepatitis,
FN1-CD44,CD8+ T cell 3,CD8+ T cell 2,1.76290476845886e-05,1.66670348069473e-05,2.64946563977842e-05,2.07215568710075e-05,all4,2,2,2,2,1.71480412457679e-05,2.36081066343958e-05,1.66670348069473e-05,1.76290476845886e-05,2.07215568710075e-05,2.64946563977842e-05,-0.460165039460341,TRUE,FALSE,TRUE,TRUE,AIH,
FN1-SDC1,CD8+ T cell 3,CD8+ T cell 1,2.27706409762049e-05,2.32948303466071e-05,1.4481325187274e-05,1.90874342675777e-05,all4,2,2,2,2,2.3032735661406e-05,1.67843797274259e-05,2.27706409762049e-05,2.32948303466071e-05,1.4481325187274e-05,1.90874342675777e-05,0.455479283692843,TRUE,TRUE,FALSE,TRUE,irHepatitis,
CSF1-CSF1R,CD8+ T cell 3,Hepatocyte 2,5.18407704659566e-06,4.24915774282661e-06,7.11782468157058e-06,5.82301016243178e-06,all4,2,2,2,2,4.71661739471114e-06,6.47041742200118e-06,4.24915774282661e-06,5.18407704659566e-06,5.82301016243178e-06,7.11782468157058e-06,-0.452264024477914,TRUE,FALSE,TRUE,TRUE,AIH,
VEGFA-FLT1,Stellate cell,Vascular endothelial cell,0.000134860158344621,0.000168722823316395,0.000124173618863715,9.89191527203776e-05,all4,2,2,2,2,0.000151791490830508,0.000111546385792047,0.000134860158344621,0.000168722823316395,9.89191527203776e-05,0.000124173618863715,0.444286927906987,TRUE,TRUE,FALSE,TRUE,irHepatitis,
FN1-SDC1,Macrophage 1,Hepatocyte 4,6.41778737309425e-05,6.5215846334733e-05,4.76865327731428e-05,4.76306091117492e-05,all4,2,2,2,2,6.46968600328377e-05,4.7658570942446e-05,6.41778737309425e-05,6.5215846334733e-05,4.76306091117492e-05,4.76865327731428e-05,0.440587698305906,TRUE,TRUE,FALSE,TRUE,irHepatitis,
CCL15-CCR1,Macrophage 1,Hepatocyte 1,1.38549444303563e-06,1.20840695430926e-06,1.11664980263678e-06,7.73337024621558e-07,all4,2,2,2,2,1.29695069867245e-06,9.44993413629167e-07,1.20840695430926e-06,1.38549444303563e-06,7.73337024621558e-07,1.11664980263678e-06,0.438176717908236,TRUE,TRUE,FALSE,TRUE,irHepatitis,
FN1-CD44,CD4+ T cell,Vascular endothelial cell,6.02621542380161e-06,6.77309039218707e-06,8.93170756329535e-06,8.3679714749864e-06,all4,2,2,2,2,6.39965290799434e-06,8.64983951914088e-06,6.02621542380161e-06,6.77309039218707e-06,8.3679714749864e-06,8.93170756329535e-06,-0.431955942932561,TRUE,FALSE,TRUE,TRUE,AIH,
MHC-I,IgG+ B cell,Stellate cell,2.08995823059458e-05,2.7899234997087e-05,2.0759155127907e-05,1.54238479082463e-05,all4,2,2,2,2,2.43994086515164e-05,1.80915015180766e-05,2.08995823059458e-05,2.7899234997087e-05,1.54238479082463e-05,2.0759155127907e-05,0.43057259457322,TRUE,TRUE,FALSE,TRUE,irHepatitis,
HLA-B-CD8A,Stellate cell,Hepatocyte 4,1.46772931686933e-05,1.10025147481034e-05,9.44106871637257e-06,9.63193974366647e-06,all4,2,2,2,2,1.28399039583983e-05,9.53650423001952e-06,1.10025147481034e-05,1.46772931686933e-05,9.44106871637257e-06,9.63193974366647e-06,0.427290543142877,TRUE,TRUE,FALSE,TRUE,irHepatitis,
FN1-CD44,Hepatocyte 2,Macrophage 2,2.68745215369318e-05,2.6270891027641e-05,3.53599553281734e-05,3.59388030887443e-05,all4,2,2,2,2,2.65727062822864e-05,3.56493792084589e-05,2.6270891027641e-05,2.68745215369318e-05,3.53599553281734e-05,3.59388030887443e-05,-0.423286671373161,TRUE,FALSE,TRUE,TRUE,AIH,
VEGFA-FLT1,Hepatocyte 1,CD4+ T cell,2.3998886920441e-05,1.81575848751763e-05,1.47774656771721e-05,1.66828858891764e-05,all4,2,2,2,2,2.10782358978087e-05,1.57301757831743e-05,1.81575848751763e-05,2.3998886920441e-05,1.47774656771721e-05,1.66828858891764e-05,0.421134487802803,TRUE,TRUE,FALSE,TRUE,irHepatitis,
FN1-CD44,Stellate cell,Macrophage 2,3.21663368555396e-05,3.41144979727133e-05,2.65226631261433e-05,2.30292744523099e-05,all4,2,2,2,2,3.31404174141265e-05,2.47759687892266e-05,3.21663368555396e-05,3.41144979727133e-05,2.30292744523099e-05,2.65226631261433e-05,0.41896450069378,TRUE,TRUE,FALSE,TRUE,irHepatitis,
FN1-SDC1,CD8+ T cell 3,CD8+ T cell 2,9.61581700359357e-05,9.07745370598983e-05,7.87458501138296e-05,6.10823412694993e-05,all4,2,2,2,2,9.3466353547917e-05,6.99140956916645e-05,9.07745370598983e-05,9.61581700359357e-05,6.10823412694993e-05,7.87458501138296e-05,0.418620859014427,TRUE,TRUE,FALSE,TRUE,irHepatitis,
FN1-CD44,CD8+ T cell 2,Macrophage 1,0.000121819515428736,9.52901108341883e-05,8.8209544244448e-05,7.42859980809078e-05,all4,2,2,2,2,0.000108554813131462,8.12477711626779e-05,9.52901108341883e-05,0.000121819515428736,7.42859980809078e-05,8.8209544244448e-05,0.41781488147951,TRUE,TRUE,FALSE,TRUE,irHepatitis,
CCL15-CCR1,Hepatocyte 1,IgG+ plasmablast / plasma cell,2.05469043811824e-05,1.65009309504355e-05,1.64924651327434e-05,1.14829985260438e-05,all4,2,2,2,2,1.8523917665809e-05,1.39877318293936e-05,1.65009309504355e-05,2.05469043811824e-05,1.14829985260438e-05,1.64924651327434e-05,0.404050130886858,TRUE,TRUE,FALSE,TRUE,irHepatitis,
CSF1-CSF1R,Hepatocyte 3,CD4+ T cell,3.13624286655054e-06,3.10061500575146e-06,3.36555867938392e-06,4.82892477929992e-06,all4,2,2,2,2,3.118428936151e-06,4.09724172934192e-06,3.10061500575146e-06,3.13624286655054e-06,3.36555867938392e-06,4.82892477929992e-06,-0.388735111067925,TRUE,FALSE,TRUE,TRUE,AIH,
CCL5-CCR1,Hepatocyte 1,Stellate cell,2.24243049152681e-06,2.16777533956097e-06,1.81056813274988e-06,1.55252213028247e-06,all4,2,2,2,2,2.20510291554389e-06,1.68154513151617e-06,2.16777533956097e-06,2.24243049152681e-06,1.55252213028247e-06,1.81056813274988e-06,0.381764888900024,TRUE,TRUE,FALSE,TRUE,irHepatitis,
CSF1-CSF1R,CD8+ T cell 1,Stellate cell,2.92704947673133e-05,2.87054162732301e-05,2.42258979227403e-05,2.03085722478271e-05,all4,2,2,2,2,2.89879555202717e-05,2.22672350852837e-05,2.87054162732301e-05,2.92704947673133e-05,2.03085722478271e-05,2.42258979227403e-05,0.379830358127969,TRUE,TRUE,FALSE,TRUE,irHepatitis,
CCL15-CCR1,Macrophage 1,Sinusoidal endothelial cell,2.74711618539501e-06,2.51879097069229e-06,2.20238606342631e-06,1.82330525082214e-06,all4,2,2,2,2,2.63295357804365e-06,2.01284565712422e-06,2.51879097069229e-06,2.74711618539501e-06,1.82330525082214e-06,2.20238606342631e-06,0.379713868229922,TRUE,TRUE,FALSE,TRUE,irHepatitis,
MHC-I,Hepatocyte 1,IgM+ B cell,1.48931220283423e-05,1.05970577339484e-05,1.0407795673683e-05,9.19590514482938e-06,all4,2,2,2,2,1.27450898811454e-05,9.80185040925621e-06,1.05970577339484e-05,1.48931220283423e-05,9.19590514482938e-06,1.0407795673683e-05,0.377233491840341,TRUE,TRUE,FALSE,TRUE,irHepatitis,
CSF1-CSF1R,Stellate cell,Sinusoidal endothelial cell,6.05455593612832e-05,4.92841490968742e-05,4.92022577473373e-05,3.53784467082712e-05,all4,2,2,2,2,5.49148542290787e-05,4.22903522278043e-05,4.92841490968742e-05,6.05455593612832e-05,3.53784467082712e-05,4.92022577473373e-05,0.37650166351418,TRUE,TRUE,FALSE,TRUE,irHepatitis,
FN1-SDC1,CD8+ T cell 1,Hepatocyte 4,4.46310214447766e-05,5.2945009698144e-05,3.29424656458378e-05,4.23329835903601e-05,all4,2,2,2,2,4.87880155714603e-05,3.76377246180989e-05,4.46310214447766e-05,5.2945009698144e-05,3.29424656458378e-05,4.23329835903601e-05,0.373938376971301,TRUE,TRUE,FALSE,TRUE,irHepatitis,
MHC-I,Hepatocyte 2,Stellate cell,1.17446809068772e-05,1.5109104892642e-05,1.72621926807546e-05,1.74786823464417e-05,all4,2,2,2,2,1.34268928997596e-05,1.73704375135981e-05,1.17446809068772e-05,1.5109104892642e-05,1.72621926807546e-05,1.74786823464417e-05,-0.370371947616424,TRUE,FALSE,TRUE,TRUE,AIH,
CCL14-CCR1,CD8+ T cell 1,Stellate cell,1.34380171492053e-05,1.00016356333398e-05,8.85346011453925e-06,9.4609668431093e-06,all4,2,2,2,2,1.17198263912725e-05,9.15721347882428e-06,1.00016356333398e-05,1.34380171492053e-05,8.85346011453925e-06,9.4609668431093e-06,0.354367782658441,TRUE,TRUE,FALSE,TRUE,irHepatitis,
FN1-CD44,Hepatocyte 1,Macrophage 2,3.02524017533569e-05,3.03468642806952e-05,3.81744509035492e-05,3.90010479955857e-05,all4,2,2,2,2,3.02996330170261e-05,3.85877494495674e-05,3.02524017533569e-05,3.03468642806952e-05,3.81744509035492e-05,3.90010479955857e-05,-0.348365233782782,TRUE,FALSE,TRUE,TRUE,AIH,
MHC-I,Stellate cell,Hepatocyte 4,1.46772931686933e-05,1.52731496838609e-05,1.17459440370786e-05,1.19325205387875e-05,all4,2,2,2,2,1.49752214262771e-05,1.1839232287933e-05,1.46772931686933e-05,1.52731496838609e-05,1.17459440370786e-05,1.19325205387875e-05,0.337813269714368,TRUE,TRUE,FALSE,TRUE,irHepatitis,
IL15-IL15RA_IL2RB_IL2RG,IgM+ B cell,Hepatocyte 2,0,0,2.40768319416089e-08,3.8722813982188e-11,all4,2,2,2,2,0,1.20577773777955e-08,0,0,3.8722813982188e-11,2.40768319416089e-08,-0.331102252748458,TRUE,FALSE,TRUE,TRUE,AIH,
FN1-CD44,Macrophage 1,Stellate cell,6.94257034915665e-06,6.6573442038946e-06,4.89392667280101e-06,5.92000877950004e-06,all4,2,2,2,2,6.79995727652563e-06,5.40696772615053e-06,6.6573442038946e-06,6.94257034915665e-06,4.89392667280101e-06,5.92000877950004e-06,0.328170826127484,TRUE,TRUE,FALSE,TRUE,irHepatitis,
IL15-IL15RA_IL2RB_IL2RG,Hepatocyte 3,CD8+ T cell 2,4.57329501839648e-07,7.56758323180043e-07,7.78182619806862e-07,7.67799833445983e-07,all4,2,2,2,2,6.07043912509846e-07,7.72991226626423e-07,4.57329501839648e-07,7.56758323180043e-07,7.67799833445983e-07,7.78182619806862e-07,-0.326336963769006,TRUE,FALSE,TRUE,TRUE,AIH,
FN1-CD44,CD8+ T cell 3,Macrophage 1,4.27573863960562e-05,3.19426963941949e-05,3.08509929161161e-05,2.96492208654764e-05,all4,2,2,2,2,3.73500413951256e-05,3.02501068907963e-05,3.19426963941949e-05,4.27573863960562e-05,2.96492208654764e-05,3.08509929161161e-05,0.303746450913227,TRUE,TRUE,FALSE,TRUE,irHepatitis,
HLA-B-CD8A,Stellate cell,Stellate cell,4.02635420685918e-05,3.62333101523056e-05,3.46640851625924e-05,2.74777446394195e-05,all4,2,2,2,2,3.82484261104487e-05,3.1070914901006e-05,3.62333101523056e-05,4.02635420685918e-05,2.74777446394195e-05,3.46640851625924e-05,0.299428954561075,TRUE,TRUE,FALSE,TRUE,irHepatitis,
FN1-SDC1,Hepatocyte 1,IgG+ plasmablast / plasma cell,0.000107850872510343,0.000117496611048491,9.8949238959645e-05,8.44446439042822e-05,all4,2,2,2,2,0.000112673741779417,9.16969414319636e-05,0.000107850872510343,0.000117496611048491,8.44446439042822e-05,9.8949238959645e-05,0.297068977010274,TRUE,TRUE,FALSE,TRUE,irHepatitis,
HLA-B-CD8A,Hepatocyte 1,CD4+ T cell,2.13444053455209e-05,1.58004994951299e-05,1.48190814339693e-05,1.54874079022112e-05,all4,2,2,2,2,1.85724524203254e-05,1.51532446680902e-05,1.58004994951299e-05,2.13444053455209e-05,1.48190814339693e-05,1.54874079022112e-05,0.292720626558452,TRUE,TRUE,FALSE,TRUE,irHepatitis,
FN1-CD44,Hepatocyte 1,Stellate cell,2.62213476705504e-05,2.28263010347947e-05,3.26517431339149e-05,2.67178970924353e-05,all4,2,2,2,2,2.45238243526726e-05,2.96848201131751e-05,2.28263010347947e-05,2.62213476705504e-05,2.67178970924353e-05,3.26517431339149e-05,-0.275064170738899,TRUE,FALSE,TRUE,TRUE,AIH,
HLA-B-CD8A,Hepatocyte 2,Stellate cell,1.17446809068772e-05,1.11825644952788e-05,1.3894181447579e-05,1.36706695943075e-05,all4,2,2,2,2,1.1463622701078e-05,1.37824255209433e-05,1.11825644952788e-05,1.17446809068772e-05,1.36706695943075e-05,1.3894181447579e-05,-0.264780803929203,TRUE,FALSE,TRUE,TRUE,AIH,
MHC-I,Macrophage 1,Stellate cell,3.2327935505142e-05,3.16448155775329e-05,3.06678482261773e-05,2.27322455851062e-05,all4,2,2,2,2,3.19863755413374e-05,2.67000469056418e-05,3.16448155775329e-05,3.2327935505142e-05,2.27322455851062e-05,3.06678482261773e-05,0.260198528368219,TRUE,TRUE,FALSE,TRUE,irHepatitis,
IL15-IL15RA_IL2RB_IL2RG,Stellate cell,CD4+ T cell,4.25871438018015e-06,3.4104365604692e-06,4.73206398212436e-06,4.43948382510544e-06,all4,2,2,2,2,3.83457547032467e-06,4.5857739036149e-06,3.4104365604692e-06,4.25871438018015e-06,4.43948382510544e-06,4.73206398212436e-06,-0.255249591650549,TRUE,FALSE,TRUE,TRUE,AIH,
CCL5-CCR1,CD4+ T cell,Hepatocyte 1,1.54427747777514e-06,1.39056870377663e-06,1.11709216877952e-06,1.33948474574203e-06,all4,2,2,2,2,1.46742309077588e-06,1.22828845726078e-06,1.39056870377663e-06,1.54427747777514e-06,1.11709216877952e-06,1.33948474574203e-06,0.247991113668228,TRUE,TRUE,FALSE,TRUE,irHepatitis,
FN1-CD44,Hepatocyte 2,Stellate cell,2.32951781612492e-05,2.05356893160895e-05,2.74246791018902e-05,2.45595371972114e-05,all4,2,2,2,2,2.19154337386694e-05,2.59921081495508e-05,2.05356893160895e-05,2.32951781612492e-05,2.45595371972114e-05,2.74246791018902e-05,-0.245644774138189,TRUE,FALSE,TRUE,TRUE,AIH,
CCL14-CCR1,Vascular endothelial cell,Stellate cell,3.21261408603855e-05,3.40740909158232e-05,2.53829301093117e-05,3.05067762514868e-05,all4,2,2,2,2,3.31001158881044e-05,2.79448531803993e-05,3.21261408603855e-05,3.40740909158232e-05,2.53829301093117e-05,3.05067762514868e-05,0.2438784271226,TRUE,TRUE,FALSE,TRUE,irHepatitis,
FN1-CD44,CD8+ T cell 2,Stellate cell,2.77565497092453e-05,2.10930814152057e-05,2.08862990916041e-05,2.05404392086797e-05,all4,2,2,2,2,2.44248155622255e-05,2.07133691501419e-05,2.10930814152057e-05,2.77565497092453e-05,2.05404392086797e-05,2.08862990916041e-05,0.237291779207101,TRUE,TRUE,FALSE,TRUE,irHepatitis,
FN1-CD44,Macrophage 2,Vascular endothelial cell,6.75343234379665e-06,6.30273382360154e-06,5.76717469208494e-06,5.30625502761632e-06,all4,2,2,2,2,6.52808308369909e-06,5.53671485985063e-06,6.30273382360154e-06,6.75343234379665e-06,5.30625502761632e-06,5.76717469208494e-06,0.235793973608951,TRUE,TRUE,FALSE,TRUE,irHepatitis,
CCL15-CCR1,Hepatocyte 4,Stellate cell,1.38328539938359e-05,1.3446336524274e-05,1.01965759013168e-05,1.31131824033699e-05,all4,2,2,2,2,1.36395952590549e-05,1.16548791523433e-05,1.3446336524274e-05,1.38328539938359e-05,1.01965759013168e-05,1.31131824033699e-05,0.226028019163164,TRUE,TRUE,FALSE,TRUE,irHepatitis,
MHC-I,Hepatocyte 1,Stellate cell,1.46020378654703e-05,1.72298344228737e-05,1.7447535472636e-05,1.96869333353373e-05,all4,2,2,2,2,1.5915936144172e-05,1.85672344039866e-05,1.46020378654703e-05,1.72298344228737e-05,1.7447535472636e-05,1.96869333353373e-05,-0.221683585395461,TRUE,FALSE,TRUE,TRUE,AIH,
FN1-CD44,CD8+ T cell 2,Vascular endothelial cell,8.56058048822937e-06,1.06035625883578e-05,8.55671936032455e-06,8.28640941119133e-06,all4,2,2,2,2,9.5820715382936e-06,8.42156438575794e-06,8.56058048822937e-06,1.06035625883578e-05,8.28640941119133e-06,8.55671936032455e-06,0.185284608597416,TRUE,TRUE,FALSE,TRUE,irHepatitis,
CCL5-CCR1,Hepatocyte 2,Stellate cell,1.54600140661832e-06,1.53425616756502e-06,1.47674559816232e-06,1.27877416539183e-06,all4,2,2,2,2,1.54012878709167e-06,1.37775988177707e-06,1.53425616756502e-06,1.54600140661832e-06,1.27877416539183e-06,1.47674559816232e-06,0.155727312769487,TRUE,TRUE,FALSE,TRUE,irHepatitis,
IL15-IL15RA_IL2RB_IL2RG,CD4+ T cell,Hepatocyte 2,0,0,8.45370609527963e-10,8.95623692084415e-09,all4,2,2,2,2,0,4.90080376518606e-09,0,0,8.45370609527963e-10,8.95623692084415e-09,-0.143852965535152,TRUE,FALSE,TRUE,TRUE,AIH,
CCL15-CCR1,CD8+ T cell 1,Sinusoidal endothelial cell,1.56592213094803e-06,1.61747621855121e-06,1.63892072066659e-06,1.76707290943368e-06,all4,2,2,2,2,1.59169917474962e-06,1.70299681505013e-06,1.56592213094803e-06,1.61747621855121e-06,1.63892072066659e-06,1.76707290943368e-06,-0.0948158069481632,TRUE,FALSE,TRUE,TRUE,AIH,
IL15-IL15RA_IL2RB_IL2RG,IgG+ B cell,Hepatocyte 2,0,0,2.09353436512835e-10,5.71717525702278e-09,all4,2,2,2,2,0,2.96326434676781e-09,0,0,2.09353436512835e-10,5.71717525702278e-09,-0.0886823972778483,TRUE,FALSE,TRUE,TRUE,AIH,
MHC-I,Hepatocyte 1,CD4+ T cell,2.13444053455209e-05,2.09459209431342e-05,2.00430138697103e-05,2.07224721485929e-05,all4,2,2,2,2,2.11451631443276e-05,2.03827430091516e-05,2.09459209431342e-05,2.13444053455209e-05,2.00430138697103e-05,2.07224721485929e-05,0.0528604589462574,TRUE,TRUE,FALSE,TRUE,irHepatitis,
