lr_id,source,target,18321_a,24774_d,54023_b,56784_c,comparability,n_ir_tested,n_aih_tested,n_ir_notNA,n_aih_notNA,irHep_mean,AIH_mean,irHep_min,irHep_max,AIH_min,AIH_max,log2FC,is_strict_eligible,coherent_strict_irHep,coherent_strict_AIH,coherent_strict,enriched_strict,enriched_presence
CCL2-CCR2,CD4+ T cell,CD4+ T cell,,,3.12412934045821e-05,2.47855910603688e-05,aih_only,0,2,0,2,,2.80134422324755e-05,,,2.47855910603688e-05,3.12412934045821e-05,,FALSE,FALSE,FALSE,FALSE,,AIH
CCL2-CCR2,CD4+ T cell,CD8+ T cell 1,,,7.32970910878103e-06,4.64449757465237e-06,aih_only,0,2,0,2,,5.9871033417167e-06,,,4.64449757465237e-06,7.32970910878103e-06,,FALSE,FALSE,FALSE,FALSE,,AIH
CCL2-CCR2,CD4+ T cell,CD8+ T cell 2,,,8.64906852582042e-07,1.92667049535612e-06,aih_only,0,2,0,2,,1.39578867396908e-06,,,8.64906852582042e-07,1.92667049535612e-06,,FALSE,FALSE,FALSE,FALSE,,AIH
CCL2-CCR2,CD4+ T cell,CD8+ T cell 3,,,4.85752546018606e-06,4.3233104372218e-06,aih_only,0,2,0,2,,4.59041794870393e-06,,,4.3233104372218e-06,4.85752546018606e-06,,FALSE,FALSE,FALSE,FALSE,,AIH
CCL2-CCR2,CD4+ T cell,Cholangiocyte,,,6.614116372496e-06,5.10139674188143e-06,aih_only,0,2,0,2,,5.85775655718872e-06,,,5.10139674188143e-06,6.614116372496e-06,,FALSE,FALSE,FALSE,FALSE,,AIH
CCL2-CCR2,CD4+ T cell,Hepatocyte 1,,,5.3850025970214e-07,7.54750620813973e-07,aih_only,0,2,0,2,,6.46625440258057e-07,,,5.3850025970214e-07,7.54750620813973e-07,,FALSE,FALSE,FALSE,FALSE,,AIH
CCL2-CCR2,CD4+ T cell,Hepatocyte 2,,,3.39529000424025e-07,3.91773877703661e-07,aih_only,0,2,0,2,,3.65651439063843e-07,,,3.39529000424025e-07,3.91773877703661e-07,,FALSE,FALSE,FALSE,FALSE,,AIH
CCL2-CCR2,CD4+ T cell,Hepatocyte 3,,,7.51891544988868e-08,4.0147489966242e-07,aih_only,0,2,0,2,,2.38332027080654e-07,,,7.51891544988868e-08,4.0147489966242e-07,,FALSE,FALSE,FALSE,FALSE,,AIH
CCL2-CCR2,CD4+ T cell,Hepatocyte 4,,,9.93391165778163e-07,5.1642359803262e-07,aih_only,0,2,0,2,,7.54907381905391e-07,,,5.1642359803262e-07,9.93391165778163e-07,,FALSE,FALSE,FALSE,FALSE,,AIH
CCL2-CCR2,CD4+ T cell,Ig+ hepatocyte,,,3.56972851332916e-06,4.26094829966037e-06,aih_only,0,2,0,2,,3.91533840649477e-06,,,3.56972851332916e-06,4.26094829966037e-06,,FALSE,FALSE,FALSE,FALSE,,AIH
CCL2-CCR2,CD4+ T cell,IgG+ B cell,,,7.89720966522228e-06,6.44570306708291e-06,aih_only,0,2,0,2,,7.17145636615259e-06,,,6.44570306708291e-06,7.89720966522228e-06,,FALSE,FALSE,FALSE,FALSE,,AIH
CCL2-CCR2,CD4+ T cell,IgG+ plasmablast / plasma cell,,,2.8513997232234e-05,2.59701811034916e-05,aih_only,0,2,0,2,,2.72420891678628e-05,,,2.59701811034916e-05,2.8513997232234e-05,,FALSE,FALSE,FALSE,FALSE,,AIH
CCL2-CCR2,CD4+ T cell,IgM+ B cell,,,3.9999889390504e-05,3.36344813154919e-05,aih_only,0,2,0,2,,3.6817185352998e-05,,,3.36344813154919e-05,3.9999889390504e-05,,FALSE,FALSE,FALSE,FALSE,,AIH
CCL2-CCR2,CD4+ T cell,Macrophage 1,,,5.97846588718273e-06,4.31048471873033e-06,aih_only,0,2,0,2,,5.14447530295653e-06,,,4.31048471873033e-06,5.97846588718273e-06,,FALSE,FALSE,FALSE,FALSE,,AIH
CCL2-CCR2,CD4+ T cell,Macrophage 2,,,2.00587426009453e-05,1.37433665941649e-05,aih_only,0,2,0,2,,1.69010545975551e-05,,,1.37433665941649e-05,2.00587426009453e-05,,FALSE,FALSE,FALSE,FALSE,,AIH
CCL2-CCR2,CD4+ T cell,Sinusoidal endothelial cell,,,1.1441195634868e-06,1.18339572854046e-06,aih_only,0,2,0,2,,1.16375764601363e-06,,,1.1441195634868e-06,1.18339572854046e-06,,FALSE,FALSE,FALSE,FALSE,,AIH
CCL2-CCR2,CD4+ T cell,Stellate cell,,,5.44080918435382e-06,4.05252710160984e-06,aih_only,0,2,0,2,,4.74666814298183e-06,,,4.05252710160984e-06,5.44080918435382e-06,,FALSE,FALSE,FALSE,FALSE,,AIH
CCL2-CCR2,CD4+ T cell,Vascular endothelial cell,,,7.93507999747914e-06,5.08211431323713e-06,aih_only,0,2,0,2,,6.50859715535814e-06,,,5.08211431323713e-06,7.93507999747914e-06,,FALSE,FALSE,FALSE,FALSE,,AIH
CCL2-CCR2,CD8+ T cell 1,CD4+ T cell,,,1.04693540310847e-05,9.27827300651416e-06,aih_only,0,2,0,2,,9.87381351879945e-06,,,9.27827300651416e-06,1.04693540310847e-05,,FALSE,FALSE,FALSE,FALSE,,AIH
CCL2-CCR2,CD8+ T cell 1,CD8+ T cell 1,,,7.48333930020618e-06,5.56811636814916e-06,aih_only,0,2,0,2,,6.52572783417767e-06,,,5.56811636814916e-06,7.48333930020618e-06,,FALSE,FALSE,FALSE,FALSE,,AIH
CCL2-CCR2,CD8+ T cell 1,CD8+ T cell 2,,,3.66918196775256e-06,2.96090374898313e-06,aih_only,0,2,0,2,,3.31504285836785e-06,,,2.96090374898313e-06,3.66918196775256e-06,,FALSE,FALSE,FALSE,FALSE,,AIH
CCL2-CCR2,CD8+ T cell 1,CD8+ T cell 3,,,5.34106985922132e-06,5.16796029451568e-06,aih_only,0,2,0,2,,5.2545150768685e-06,,,5.16796029451568e-06,5.34106985922132e-06,,FALSE,FALSE,FALSE,FALSE,,AIH
CCL2-CCR2,CD8+ T cell 1,Cholangiocyte,,,3.93812702258771e-06,3.53924273558616e-06,aih_only,0,2,0,2,,3.73868487908694e-06,,,3.53924273558616e-06,3.93812702258771e-06,,FALSE,FALSE,FALSE,FALSE,,AIH
CCL2-CCR2,CD8+ T cell 1,Hepatocyte 1,,,1.65293261128721e-06,1.38766245852913e-06,aih_only,0,2,0,2,,1.52029753490817e-06,,,1.38766245852913e-06,1.65293261128721e-06,,FALSE,FALSE,FALSE,FALSE,,AIH
CCL2-CCR2,CD8+ T cell 1,Hepatocyte 2,,,1.26591391850284e-06,5.19405145314346e-07,aih_only,0,2,0,2,,8.92659531908593e-07,,,5.19405145314346e-07,1.26591391850284e-06,,FALSE,FALSE,FALSE,FALSE,,AIH
CCL2-CCR2,CD8+ T cell 1,Hepatocyte 3,,,1.00019922965374e-07,8.10412864377183e-07,aih_only,0,2,0,2,,4.55216393671278e-07,,,1.00019922965374e-07,8.10412864377183e-07,,FALSE,FALSE,FALSE,FALSE,,AIH
CCL2-CCR2,CD8+ T cell 1,Hepatocyte 4,,,1.44632828670024e-06,1.42420699704354e-06,aih_only,0,2,0,2,,1.43526764187189e-06,,,1.42420699704354e-06,1.44632828670024e-06,,FALSE,FALSE,FALSE,FALSE,,AIH
CCL2-CCR2,CD8+ T cell 1,Ig+ hepatocyte,,,7.76264153821588e-06,4.91702563256257e-06,aih_only,0,2,0,2,,6.33983358538923e-06,,,4.91702563256257e-06,7.76264153821588e-06,,FALSE,FALSE,FALSE,FALSE,,AIH
CCL2-CCR2,CD8+ T cell 1,IgG+ B cell,,,5.46281001823519e-06,4.34361504278348e-06,aih_only,0,2,0,2,,4.90321253050934e-06,,,4.34361504278348e-06,5.46281001823519e-06,,FALSE,FALSE,FALSE,FALSE,,AIH
CCL2-CCR2,CD8+ T cell 1,IgG+ plasmablast / plasma cell,,,2.48786340713337e-05,1.99229816532105e-05,aih_only,0,2,0,2,,2.24008078622721e-05,,,1.99229816532105e-05,2.48786340713337e-05,,FALSE,FALSE,FALSE,FALSE,,AIH
CCL2-CCR2,CD8+ T cell 1,IgM+ B cell,,,1.33147903247021e-05,1.03858498303821e-05,aih_only,0,2,0,2,,1.18503200775421e-05,,,1.03858498303821e-05,1.33147903247021e-05,,FALSE,FALSE,FALSE,FALSE,,AIH
CCL2-CCR2,CD8+ T cell 1,Macrophage 1,,,5.71106807753357e-06,5.36271435184022e-06,aih_only,0,2,0,2,,5.5368912146869e-06,,,5.36271435184022e-06,5.71106807753357e-06,,FALSE,FALSE,FALSE,FALSE,,AIH
CCL2-CCR2,CD8+ T cell 1,Macrophage 2,,,1.00988249346762e-05,9.82196045612831e-06,aih_only,0,2,0,2,,9.96039269540227e-06,,,9.82196045612831e-06,1.00988249346762e-05,,FALSE,FALSE,FALSE,FALSE,,AIH
CCL2-CCR2,CD8+ T cell 1,Sinusoidal endothelial cell,,,2.90491163674137e-06,1.85894349436247e-06,aih_only,0,2,0,2,,2.38192756555192e-06,,,1.85894349436247e-06,2.90491163674137e-06,,FALSE,FALSE,FALSE,FALSE,,AIH
CCL2-CCR2,CD8+ T cell 1,Stellate cell,,,2.89788991308632e-06,2.60791407495155e-06,aih_only,0,2,0,2,,2.75290199401893e-06,,,2.60791407495155e-06,2.89788991308632e-06,,FALSE,FALSE,FALSE,FALSE,,AIH
CCL2-CCR2,CD8+ T cell 1,Vascular endothelial cell,,,2.73623078454903e-06,2.4901012024304e-06,aih_only,0,2,0,2,,2.61316599348972e-06,,,2.4901012024304e-06,2.73623078454903e-06,,FALSE,FALSE,FALSE,FALSE,,AIH
CCL2-CCR2,CD8+ T cell 2,CD4+ T cell,,,2.40953132957063e-06,4.83677036189626e-06,aih_only,0,2,0,2,,3.62315084573344e-06,,,2.40953132957063e-06,4.83677036189626e-06,,FALSE,FALSE,FALSE,FALSE,,AIH
CCL2-CCR2,CD8+ T cell 2,CD8+ T cell 1,,,3.36509794184495e-06,4.24506425511199e-06,aih_only,0,2,0,2,,3.80508109847847e-06,,,3.36509794184495e-06,4.24506425511199e-06,,FALSE,FALSE,FALSE,FALSE,,AIH
CCL2-CCR2,CD8+ T cell 2,CD8+ T cell 2,,,5.19150400707322e-06,5.16627558608803e-06,aih_only,0,2,0,2,,5.17888979658062e-06,,,5.16627558608803e-06,5.19150400707322e-06,,FALSE,FALSE,FALSE,FALSE,,AIH
CCL2-CCR2,CD8+ T cell 2,CD8+ T cell 3,,,3.44378094214131e-06,8.30167363302234e-06,aih_only,0,2,0,2,,5.87272728758183e-06,,,3.44378094214131e-06,8.30167363302234e-06,,FALSE,FALSE,FALSE,FALSE,,AIH
CCL2-CCR2,CD8+ T cell 2,Cholangiocyte,,,6.12032907196032e-07,1.93600875448795e-06,aih_only,0,2,0,2,,1.27402083084199e-06,,,6.12032907196032e-07,1.93600875448795e-06,,FALSE,FALSE,FALSE,FALSE,,AIH
CCL2-CCR2,CD8+ T cell 2,Hepatocyte 1,,,1.85987456465807e-06,1.56819735931268e-06,aih_only,0,2,0,2,,1.71403596198537e-06,,,1.56819735931268e-06,1.85987456465807e-06,,FALSE,FALSE,FALSE,FALSE,,AIH
CCL2-CCR2,CD8+ T cell 2,Hepatocyte 2,,,1.49895632023572e-06,4.91294555105093e-07,aih_only,0,2,0,2,,9.95125437670408e-07,,,4.91294555105093e-07,1.49895632023572e-06,,FALSE,FALSE,FALSE,FALSE,,AIH
CCL2-CCR2,CD8+ T cell 2,Hepatocyte 3,,,4.40676316894012e-07,2.5161689842499e-06,aih_only,0,2,0,2,,1.47842265057196e-06,,,4.40676316894012e-07,2.5161689842499e-06,,FALSE,FALSE,FALSE,FALSE,,AIH
CCL2-CCR2,CD8+ T cell 2,Hepatocyte 4,,,6.58100928454465e-07,1.89380528837256e-06,aih_only,0,2,0,2,,1.27595310841351e-06,,,6.58100928454465e-07,1.89380528837256e-06,,FALSE,FALSE,FALSE,FALSE,,AIH
CCL2-CCR2,CD8+ T cell 2,Ig+ hepatocyte,,,8.96005620335979e-07,6.26981410063271e-06,aih_only,0,2,0,2,,3.58290986048434e-06,,,8.96005620335979e-07,6.26981410063271e-06,,FALSE,FALSE,FALSE,FALSE,,AIH
CCL2-CCR2,CD8+ T cell 2,IgG+ B cell,,,1.04472107319041e-06,2.05269320420573e-06,aih_only,0,2,0,2,,1.54870713869807e-06,,,1.04472107319041e-06,2.05269320420573e-06,,FALSE,FALSE,FALSE,FALSE,,AIH
CCL2-CCR2,CD8+ T cell 2,IgG+ plasmablast / plasma cell,,,6.94280301476549e-06,1.07165541478109e-05,aih_only,0,2,0,2,,8.82967858128821e-06,,,6.94280301476549e-06,1.07165541478109e-05,,FALSE,FALSE,FALSE,FALSE,,AIH
CCL2-CCR2,CD8+ T cell 2,IgM+ B cell,,,1.94789736750869e-06,3.35519176845544e-06,aih_only,0,2,0,2,,2.65154456798206e-06,,,1.94789736750869e-06,3.35519176845544e-06,,FALSE,FALSE,FALSE,FALSE,,AIH
CCL2-CCR2,CD8+ T cell 2,Macrophage 1,,,2.8722600604201e-06,4.53072300343051e-06,aih_only,0,2,0,2,,3.70149153192531e-06,,,2.8722600604201e-06,4.53072300343051e-06,,FALSE,FALSE,FALSE,FALSE,,AIH
CCL2-CCR2,CD8+ T cell 2,Macrophage 2,,,1.60139600997323e-06,7.14768654964621e-06,aih_only,0,2,0,2,,4.37454127980972e-06,,,1.60139600997323e-06,7.14768654964621e-06,,FALSE,FALSE,FALSE,FALSE,,AIH
CCL2-CCR2,CD8+ T cell 2,Sinusoidal endothelial cell,,,1.04298473342964e-06,1.88948039341006e-06,aih_only,0,2,0,2,,1.46623256341985e-06,,,1.04298473342964e-06,1.88948039341006e-06,,FALSE,FALSE,FALSE,FALSE,,AIH
CCL2-CCR2,CD8+ T cell 2,Stellate cell,,,6.34609379061578e-07,1.0657263692815e-06,aih_only,0,2,0,2,,8.50167874171538e-07,,,6.34609379061578e-07,1.0657263692815e-06,,FALSE,FALSE,FALSE,FALSE,,AIH
CCL2-CCR2,CD8+ T cell 2,Vascular endothelial cell,,,4.32087552152089e-07,6.66398384355022e-07,aih_only,0,2,0,2,,5.49242968253556e-07,,,4.32087552152089e-07,6.66398384355022e-07,,FALSE,FALSE,FALSE,FALSE,,AIH
CCL2-CCR2,CD8+ T cell 3,CD4+ T cell,,,1.25530766248946e-05,6.93338467411552e-06,aih_only,0,2,0,2,,9.74323064950506e-06,,,6.93338467411552e-06,1.25530766248946e-05,,FALSE,FALSE,FALSE,FALSE,,AIH
CCL2-CCR2,CD8+ T cell 3,CD8+ T cell 1,,,1.23026556150117e-05,4.58671738997122e-06,aih_only,0,2,0,2,,8.44468650249146e-06,,,4.58671738997122e-06,1.23026556150117e-05,,FALSE,FALSE,FALSE,FALSE,,AIH
CCL2-CCR2,CD8+ T cell 3,CD8+ T cell 2,,,8.57501037176083e-06,2.76848153583965e-06,aih_only,0,2,0,2,,5.67174595380024e-06,,,2.76848153583965e-06,8.57501037176083e-06,,FALSE,FALSE,FALSE,FALSE,,AIH
CCL2-CCR2,CD8+ T cell 3,CD8+ T cell 3,,,2.39448776424822e-05,1.08647966704715e-05,aih_only,0,2,0,2,,1.74048371564768e-05,,,1.08647966704715e-05,2.39448776424822e-05,,FALSE,FALSE,FALSE,FALSE,,AIH
CCL2-CCR2,CD8+ T cell 3,Cholangiocyte,,,3.73787591317347e-06,3.59559047895596e-06,aih_only,0,2,0,2,,3.66673319606472e-06,,,3.59559047895596e-06,3.73787591317347e-06,,FALSE,FALSE,FALSE,FALSE,,AIH
CCL2-CCR2,CD8+ T cell 3,Hepatocyte 1,,,2.47066245643973e-06,1.49850498389089e-06,aih_only,0,2,0,2,,1.98458372016531e-06,,,1.49850498389089e-06,2.47066245643973e-06,,FALSE,FALSE,FALSE,FALSE,,AIH
CCL2-CCR2,CD8+ T cell 3,Hepatocyte 2,,,2.47590176513375e-06,1.02859520080582e-06,aih_only,0,2,0,2,,1.75224848296978e-06,,,1.02859520080582e-06,2.47590176513375e-06,,FALSE,FALSE,FALSE,FALSE,,AIH
CCL2-CCR2,CD8+ T cell 3,Hepatocyte 3,,,5.97116757442064e-08,1.48383403995819e-06,aih_only,0,2,0,2,,7.717728578512e-07,,,5.97116757442064e-08,1.48383403995819e-06,,FALSE,FALSE,FALSE,FALSE,,AIH
CCL2-CCR2,CD8+ T cell 3,Hepatocyte 4,,,8.57939124764574e-06,1.01563517062819e-06,aih_only,0,2,0,2,,4.79751320913697e-06,,,1.01563517062819e-06,8.57939124764574e-06,,FALSE,FALSE,FALSE,FALSE,,AIH
CCL2-CCR2,CD8+ T cell 3,Ig+ hepatocyte,,,8.05532206975162e-06,4.19260586492036e-06,aih_only,0,2,0,2,,6.12396396733599e-06,,,4.19260586492036e-06,8.05532206975162e-06,,FALSE,FALSE,FALSE,FALSE,,AIH
CCL2-CCR2,CD8+ T cell 3,IgG+ B cell,,,5.61499002242931e-06,3.54561069828371e-06,aih_only,0,2,0,2,,4.58030036035651e-06,,,3.54561069828371e-06,5.61499002242931e-06,,FALSE,FALSE,FALSE,FALSE,,AIH
CCL2-CCR2,CD8+ T cell 3,IgG+ plasmablast / plasma cell,,,3.00524133490501e-05,1.91301855316146e-05,aih_only,0,2,0,2,,2.45912994403323e-05,,,1.91301855316146e-05,3.00524133490501e-05,,FALSE,FALSE,FALSE,FALSE,,AIH
CCL2-CCR2,CD8+ T cell 3,IgM+ B cell,,,1.5581111404097e-05,5.7078986288824e-06,aih_only,0,2,0,2,,1.06445050164897e-05,,,5.7078986288824e-06,1.5581111404097e-05,,FALSE,FALSE,FALSE,FALSE,,AIH
CCL2-CCR2,CD8+ T cell 3,Macrophage 1,,,9.88044205558711e-06,5.87236982188023e-06,aih_only,0,2,0,2,,7.87640593873367e-06,,,5.87236982188023e-06,9.88044205558711e-06,,FALSE,FALSE,FALSE,FALSE,,AIH
CCL2-CCR2,CD8+ T cell 3,Macrophage 2,,,1.29109642805349e-05,9.52866519499218e-06,aih_only,0,2,0,2,,1.12198147377635e-05,,,9.52866519499218e-06,1.29109642805349e-05,,FALSE,FALSE,FALSE,FALSE,,AIH
CCL2-CCR2,CD8+ T cell 3,Sinusoidal endothelial cell,,,4.74744621079252e-06,7.40878566934371e-07,aih_only,0,2,0,2,,2.74416238886345e-06,,,7.40878566934371e-07,4.74744621079252e-06,,FALSE,FALSE,FALSE,FALSE,,AIH
CCL2-CCR2,CD8+ T cell 3,Stellate cell,,,3.18015164662221e-06,1.75963163966738e-06,aih_only,0,2,0,2,,2.4698916431448e-06,,,1.75963163966738e-06,3.18015164662221e-06,,FALSE,FALSE,FALSE,FALSE,,AIH
CCL2-CCR2,CD8+ T cell 3,Vascular endothelial cell,,,2.04580090311442e-06,1.69326014893904e-06,aih_only,0,2,0,2,,1.86953052602673e-06,,,1.69326014893904e-06,2.04580090311442e-06,,FALSE,FALSE,FALSE,FALSE,,AIH
CCL2-CCR2,Cholangiocyte,CD4+ T cell,,,6.34129730595866e-05,3.09474168758223e-05,aih_only,0,2,0,2,,4.71801949677045e-05,,,3.09474168758223e-05,6.34129730595866e-05,,FALSE,FALSE,FALSE,FALSE,,AIH
CCL2-CCR2,Cholangiocyte,CD8+ T cell 1,,,3.23714671532649e-05,1.48275736007596e-05,aih_only,0,2,0,2,,2.35995203770123e-05,,,1.48275736007596e-05,3.23714671532649e-05,,FALSE,FALSE,FALSE,FALSE,,AIH
CCL2-CCR2,Cholangiocyte,CD8+ T cell 2,,,9.03669863814384e-06,3.86887104564766e-06,aih_only,0,2,0,2,,6.45278484189575e-06,,,3.86887104564766e-06,9.03669863814384e-06,,FALSE,FALSE,FALSE,FALSE,,AIH
CCL2-CCR2,Cholangiocyte,CD8+ T cell 3,,,2.90246617297057e-05,2.04876685520143e-05,aih_only,0,2,0,2,,2.475616514086e-05,,,2.04876685520143e-05,2.90246617297057e-05,,FALSE,FALSE,FALSE,FALSE,,AIH
CCL2-CCR2,Cholangiocyte,Cholangiocyte,,,8.66022184196416e-05,4.4918411804194e-05,aih_only,0,2,0,2,,6.57603151119178e-05,,,4.4918411804194e-05,8.66022184196416e-05,,FALSE,FALSE,FALSE,FALSE,,AIH
CCL2-CCR2,Cholangiocyte,Hepatocyte 1,,,2.10004770378593e-06,2.35274156662704e-06,aih_only,0,2,0,2,,2.22639463520649e-06,,,2.10004770378593e-06,2.35274156662704e-06,,FALSE,FALSE,FALSE,FALSE,,AIH
CCL2-CCR2,Cholangiocyte,Hepatocyte 2,,,2.04119763455945e-06,9.7853302705067e-07,aih_only,0,2,0,2,,1.50986533080506e-06,,,9.7853302705067e-07,2.04119763455945e-06,,FALSE,FALSE,FALSE,FALSE,,AIH
CCL2-CCR2,Cholangiocyte,Hepatocyte 3,,,1.94328920348867e-06,5.68238924916065e-06,aih_only,0,2,0,2,,3.81283922632466e-06,,,1.94328920348867e-06,5.68238924916065e-06,,FALSE,FALSE,FALSE,FALSE,,AIH
CCL2-CCR2,Cholangiocyte,Hepatocyte 4,,,3.45317941570227e-06,1.9945915160506e-06,aih_only,0,2,0,2,,2.72388546587644e-06,,,1.9945915160506e-06,3.45317941570227e-06,,FALSE,FALSE,FALSE,FALSE,,AIH
CCL2-CCR2,Cholangiocyte,Ig+ hepatocyte,,,1.88550553908797e-05,1.95789684279113e-05,aih_only,0,2,0,2,,1.92170119093955e-05,,,1.88550553908797e-05,1.95789684279113e-05,,FALSE,FALSE,FALSE,FALSE,,AIH
CCL2-CCR2,Cholangiocyte,IgG+ B cell,,,5.00083546719012e-05,2.66530121579865e-05,aih_only,0,2,0,2,,3.83306834149438e-05,,,2.66530121579865e-05,5.00083546719012e-05,,FALSE,FALSE,FALSE,FALSE,,AIH
CCL2-CCR2,Cholangiocyte,IgG+ plasmablast / plasma cell,,,0.000142053844115151,8.6920862785794e-05,aih_only,0,2,0,2,,0.000114487353450473,,,8.6920862785794e-05,0.000142053844115151,,FALSE,FALSE,FALSE,FALSE,,AIH
CCL2-CCR2,Cholangiocyte,IgM+ B cell,,,8.95967772374353e-05,4.31744478643234e-05,aih_only,0,2,0,2,,6.63856125508793e-05,,,4.31744478643234e-05,8.95967772374353e-05,,FALSE,FALSE,FALSE,FALSE,,AIH
CCL2-CCR2,Cholangiocyte,Macrophage 1,,,2.23386640914212e-05,1.18462063267766e-05,aih_only,0,2,0,2,,1.70924352090989e-05,,,1.18462063267766e-05,2.23386640914212e-05,,FALSE,FALSE,FALSE,FALSE,,AIH
CCL2-CCR2,Cholangiocyte,Macrophage 2,,,0.000117983670756246,4.15128377285083e-05,aih_only,0,2,0,2,,7.97482542423772e-05,,,4.15128377285083e-05,0.000117983670756246,,FALSE,FALSE,FALSE,FALSE,,AIH
CCL2-CCR2,Cholangiocyte,Sinusoidal endothelial cell,,,8.67295352294331e-06,3.10461776771944e-06,aih_only,0,2,0,2,,5.88878564533138e-06,,,3.10461776771944e-06,8.67295352294331e-06,,FALSE,FALSE,FALSE,FALSE,,AIH
CCL2-CCR2,Cholangiocyte,Stellate cell,,,2.27681330334254e-05,1.20442699319183e-05,aih_only,0,2,0,2,,1.74062014826718e-05,,,1.20442699319183e-05,2.27681330334254e-05,,FALSE,FALSE,FALSE,FALSE,,AIH
CCL2-CCR2,Cholangiocyte,Vascular endothelial cell,,,2.71350410675118e-05,1.555559589074e-05,aih_only,0,2,0,2,,2.13453184791259e-05,,,1.555559589074e-05,2.71350410675118e-05,,FALSE,FALSE,FALSE,FALSE,,AIH
CCL2-CCR2,Hepatocyte 1,CD4+ T cell,,,2.40430945065797e-06,3.18731949907904e-06,aih_only,0,2,0,2,,2.7958144748685e-06,,,2.40430945065797e-06,3.18731949907904e-06,,FALSE,FALSE,FALSE,FALSE,,AIH
CCL2-CCR2,Hepatocyte 1,CD8+ T cell 1,,,3.20937016289045e-06,3.05982178101882e-06,aih_only,0,2,0,2,,3.13459597195464e-06,,,3.05982178101882e-06,3.20937016289045e-06,,FALSE,FALSE,FALSE,FALSE,,AIH
CCL2-CCR2,Hepatocyte 1,CD8+ T cell 2,,,3.50833293264773e-06,1.86345595988654e-06,aih_only,0,2,0,2,,2.68589444626713e-06,,,1.86345595988654e-06,3.50833293264773e-06,,FALSE,FALSE,FALSE,FALSE,,AIH
CCL2-CCR2,Hepatocyte 1,CD8+ T cell 3,,,4.38179704905555e-06,3.85715028568446e-06,aih_only,0,2,0,2,,4.11947366737e-06,,,3.85715028568446e-06,4.38179704905555e-06,,FALSE,FALSE,FALSE,FALSE,,AIH
CCL2-CCR2,Hepatocyte 1,Cholangiocyte,,,8.0612109238384e-07,1.61952549824554e-06,aih_only,0,2,0,2,,1.21282329531469e-06,,,8.0612109238384e-07,1.61952549824554e-06,,FALSE,FALSE,FALSE,FALSE,,AIH
CCL2-CCR2,Hepatocyte 1,Hepatocyte 1,,,1.99681242078259e-06,1.33389346486487e-06,aih_only,0,2,0,2,,1.66535294282373e-06,,,1.33389346486487e-06,1.99681242078259e-06,,FALSE,FALSE,FALSE,FALSE,,AIH
CCL2-CCR2,Hepatocyte 1,Hepatocyte 2,,,1.47521946789179e-06,5.11772716495277e-07,aih_only,0,2,0,2,,9.93496092193536e-07,,,5.11772716495277e-07,1.47521946789179e-06,,FALSE,FALSE,FALSE,FALSE,,AIH
CCL2-CCR2,Hepatocyte 1,Hepatocyte 3,,,2.80848855430102e-07,1.36154076528281e-06,aih_only,0,2,0,2,,8.21194810356457e-07,,,2.80848855430102e-07,1.36154076528281e-06,,FALSE,FALSE,FALSE,FALSE,,AIH
CCL2-CCR2,Hepatocyte 1,Hepatocyte 4,,,1.33348764941447e-06,1.05137424773637e-06,aih_only,0,2,0,2,,1.19243094857542e-06,,,1.05137424773637e-06,1.33348764941447e-06,,FALSE,FALSE,FALSE,FALSE,,AIH
CCL2-CCR2,Hepatocyte 1,Ig+ hepatocyte,,,6.96255859467434e-06,5.09300439909868e-06,aih_only,0,2,0,2,,6.02778149688651e-06,,,5.09300439909868e-06,6.96255859467434e-06,,FALSE,FALSE,FALSE,FALSE,,AIH
CCL2-CCR2,Hepatocyte 1,IgG+ B cell,,,8.93189374133277e-07,1.97217385020598e-06,aih_only,0,2,0,2,,1.43268161216963e-06,,,8.93189374133277e-07,1.97217385020598e-06,,FALSE,FALSE,FALSE,FALSE,,AIH
CCL2-CCR2,Hepatocyte 1,IgG+ plasmablast / plasma cell,,,8.67060261425272e-06,8.55316161626664e-06,aih_only,0,2,0,2,,8.61188211525968e-06,,,8.55316161626664e-06,8.67060261425272e-06,,FALSE,FALSE,FALSE,FALSE,,AIH
CCL2-CCR2,Hepatocyte 1,IgM+ B cell,,,1.71644862775954e-06,3.15631584232867e-06,aih_only,0,2,0,2,,2.4363822350441e-06,,,1.71644862775954e-06,3.15631584232867e-06,,FALSE,FALSE,FALSE,FALSE,,AIH
CCL2-CCR2,Hepatocyte 1,Macrophage 1,,,2.74315166771083e-06,3.46957154197786e-06,aih_only,0,2,0,2,,3.10636160484435e-06,,,2.74315166771083e-06,3.46957154197786e-06,,FALSE,FALSE,FALSE,FALSE,,AIH
CCL2-CCR2,Hepatocyte 1,Macrophage 2,,,1.21813103667678e-06,5.2157165810819e-06,aih_only,0,2,0,2,,3.21692380887934e-06,,,1.21813103667678e-06,5.2157165810819e-06,,FALSE,FALSE,FALSE,FALSE,,AIH
CCL2-CCR2,Hepatocyte 1,Sinusoidal endothelial cell,,,1.71339103529256e-06,1.04987324821359e-06,aih_only,0,2,0,2,,1.38163214175308e-06,,,1.04987324821359e-06,1.71339103529256e-06,,FALSE,FALSE,FALSE,FALSE,,AIH
CCL2-CCR2,Hepatocyte 1,Stellate cell,,,4.27080839892572e-07,1.39860642303505e-06,aih_only,0,2,0,2,,9.12843631463812e-07,,,4.27080839892572e-07,1.39860642303505e-06,,FALSE,FALSE,FALSE,FALSE,,AIH
CCL2-CCR2,Hepatocyte 1,Vascular endothelial cell,,,2.10540477989636e-07,1.21191979804051e-06,aih_only,0,2,0,2,,7.11230138015073e-07,,,2.10540477989636e-07,1.21191979804051e-06,,FALSE,FALSE,FALSE,FALSE,,AIH
CCL2-CCR2,Hepatocyte 2,CD4+ T cell,,,1.94344866013088e-06,2.57949974883081e-06,aih_only,0,2,0,2,,2.26147420448084e-06,,,1.94344866013088e-06,2.57949974883081e-06,,FALSE,FALSE,FALSE,FALSE,,AIH
CCL2-CCR2,Hepatocyte 2,CD8+ T cell 1,,,3.29921524652237e-06,2.40994000881407e-06,aih_only,0,2,0,2,,2.85457762766822e-06,,,2.40994000881407e-06,3.29921524652237e-06,,FALSE,FALSE,FALSE,FALSE,,AIH
CCL2-CCR2,Hepatocyte 2,CD8+ T cell 2,,,6.88872159774791e-06,1.75924863598196e-06,aih_only,0,2,0,2,,4.32398511686494e-06,,,1.75924863598196e-06,6.88872159774791e-06,,FALSE,FALSE,FALSE,FALSE,,AIH
CCL2-CCR2,Hepatocyte 2,CD8+ T cell 3,,,2.09172317794034e-06,3.88162221830483e-06,aih_only,0,2,0,2,,2.98667269812259e-06,,,2.09172317794034e-06,3.88162221830483e-06,,FALSE,FALSE,FALSE,FALSE,,AIH
CCL2-CCR2,Hepatocyte 2,Cholangiocyte,,,7.55303036644103e-07,1.06557258255671e-06,aih_only,0,2,0,2,,9.10437809600406e-07,,,7.55303036644103e-07,1.06557258255671e-06,,FALSE,FALSE,FALSE,FALSE,,AIH
CCL2-CCR2,Hepatocyte 2,Hepatocyte 1,,,2.18194249343681e-06,8.97784655334325e-07,aih_only,0,2,0,2,,1.53986357438557e-06,,,8.97784655334325e-07,2.18194249343681e-06,,FALSE,FALSE,FALSE,FALSE,,AIH
CCL2-CCR2,Hepatocyte 2,Hepatocyte 2,,,3.10785745515043e-06,7.21937832803286e-07,aih_only,0,2,0,2,,1.91489764397686e-06,,,7.21937832803286e-07,3.10785745515043e-06,,FALSE,FALSE,FALSE,FALSE,,AIH
CCL2-CCR2,Hepatocyte 2,Hepatocyte 3,,,4.44813479346705e-07,1.05394934761525e-06,aih_only,0,2,0,2,,7.49381413480978e-07,,,4.44813479346705e-07,1.05394934761525e-06,,FALSE,FALSE,FALSE,FALSE,,AIH
CCL2-CCR2,Hepatocyte 2,Hepatocyte 4,,,4.41841821263444e-06,8.56628763932878e-07,aih_only,0,2,0,2,,2.63752348828366e-06,,,8.56628763932878e-07,4.41841821263444e-06,,FALSE,FALSE,FALSE,FALSE,,AIH
CCL2-CCR2,Hepatocyte 2,Ig+ hepatocyte,,,3.27788890142658e-06,2.64117934292772e-06,aih_only,0,2,0,2,,2.95953412217715e-06,,,2.64117934292772e-06,3.27788890142658e-06,,FALSE,FALSE,FALSE,FALSE,,AIH
CCL2-CCR2,Hepatocyte 2,IgG+ B cell,,,1.26717620031884e-06,1.59877712840122e-06,aih_only,0,2,0,2,,1.43297666436003e-06,,,1.26717620031884e-06,1.59877712840122e-06,,FALSE,FALSE,FALSE,FALSE,,AIH
CCL2-CCR2,Hepatocyte 2,IgG+ plasmablast / plasma cell,,,9.62129612668169e-06,5.54338862339287e-06,aih_only,0,2,0,2,,7.58234237503728e-06,,,5.54338862339287e-06,9.62129612668169e-06,,FALSE,FALSE,FALSE,FALSE,,AIH
CCL2-CCR2,Hepatocyte 2,IgM+ B cell,,,2.56059861270849e-06,2.68346729587135e-06,aih_only,0,2,0,2,,2.62203295428992e-06,,,2.56059861270849e-06,2.68346729587135e-06,,FALSE,FALSE,FALSE,FALSE,,AIH
CCL2-CCR2,Hepatocyte 2,Macrophage 1,,,2.59368439526338e-06,3.1196051061605e-06,aih_only,0,2,0,2,,2.85664475071194e-06,,,2.59368439526338e-06,3.1196051061605e-06,,FALSE,FALSE,FALSE,FALSE,,AIH
CCL2-CCR2,Hepatocyte 2,Macrophage 2,,,1.78673783430041e-06,4.16645537701506e-06,aih_only,0,2,0,2,,2.97659660565773e-06,,,1.78673783430041e-06,4.16645537701506e-06,,FALSE,FALSE,FALSE,FALSE,,AIH
CCL2-CCR2,Hepatocyte 2,Sinusoidal endothelial cell,,,1.04483704728728e-06,4.47178059690982e-07,aih_only,0,2,0,2,,7.46007553489129e-07,,,4.47178059690982e-07,1.04483704728728e-06,,FALSE,FALSE,FALSE,FALSE,,AIH
CCL2-CCR2,Hepatocyte 2,Stellate cell,,,5.77009799132787e-07,7.92511040114824e-07,aih_only,0,2,0,2,,6.84760419623806e-07,,,5.77009799132787e-07,7.92511040114824e-07,,FALSE,FALSE,FALSE,FALSE,,AIH
CCL2-CCR2,Hepatocyte 2,Vascular endothelial cell,,,2.28781319685466e-07,6.07504469516372e-07,aih_only,0,2,0,2,,4.18142894600919e-07,,,2.28781319685466e-07,6.07504469516372e-07,,FALSE,FALSE,FALSE,FALSE,,AIH
CCL2-CCR2,Hepatocyte 3,CD4+ T cell,,,1.25781501356682e-06,1.9474870321735e-06,aih_only,0,2,0,2,,1.60265102287016e-06,,,1.25781501356682e-06,1.9474870321735e-06,,FALSE,FALSE,FALSE,FALSE,,AIH
CCL2-CCR2,Hepatocyte 3,CD8+ T cell 1,,,1.03284198824599e-06,5.0860004044676e-07,aih_only,0,2,0,2,,7.70721014346374e-07,,,5.0860004044676e-07,1.03284198824599e-06,,FALSE,FALSE,FALSE,FALSE,,AIH
CCL2-CCR2,Hepatocyte 3,CD8+ T cell 2,,,1.82299522281424e-06,3.89109824697939e-07,aih_only,0,2,0,2,,1.10605252375609e-06,,,3.89109824697939e-07,1.82299522281424e-06,,FALSE,FALSE,FALSE,FALSE,,AIH
CCL2-CCR2,Hepatocyte 3,CD8+ T cell 3,,,1.86098347634441e-06,1.40284042577296e-06,aih_only,0,2,0,2,,1.63191195105869e-06,,,1.40284042577296e-06,1.86098347634441e-06,,FALSE,FALSE,FALSE,FALSE,,AIH
CCL2-CCR2,Hepatocyte 3,Cholangiocyte,,,1.16875934071956e-06,1.24192905682552e-06,aih_only,0,2,0,2,,1.20534419877254e-06,,,1.16875934071956e-06,1.24192905682552e-06,,FALSE,FALSE,FALSE,FALSE,,AIH
CCL2-CCR2,Hepatocyte 3,Hepatocyte 1,,,7.74953025787752e-07,4.13738242184648e-07,aih_only,0,2,0,2,,5.94345633986199e-07,,,4.13738242184648e-07,7.74953025787752e-07,,FALSE,FALSE,FALSE,FALSE,,AIH
CCL2-CCR2,Hepatocyte 3,Hepatocyte 2,,,6.1147914027355e-07,6.14592090086583e-07,aih_only,0,2,0,2,,6.13035615180067e-07,,,6.1147914027355e-07,6.14592090086583e-07,,FALSE,FALSE,FALSE,FALSE,,AIH
CCL2-CCR2,Hepatocyte 3,Hepatocyte 3,,,4.16458938490645e-07,7.48147492306004e-08,aih_only,0,2,0,2,,2.45636843860622e-07,,,7.48147492306004e-08,4.16458938490645e-07,,FALSE,FALSE,FALSE,FALSE,,AIH
CCL2-CCR2,Hepatocyte 3,Hepatocyte 4,,,1.61324590713553e-08,4.36896441895993e-07,aih_only,0,2,0,2,,2.26514450483674e-07,,,1.61324590713553e-08,4.36896441895993e-07,,FALSE,FALSE,FALSE,FALSE,,AIH
CCL2-CCR2,Hepatocyte 3,Ig+ hepatocyte,,,6.84907993818459e-06,3.40455504931816e-06,aih_only,0,2,0,2,,5.12681749375138e-06,,,3.40455504931816e-06,6.84907993818459e-06,,FALSE,FALSE,FALSE,FALSE,,AIH
CCL2-CCR2,Hepatocyte 3,IgG+ B cell,,,3.10082638087636e-06,5.31975174785254e-06,aih_only,0,2,0,2,,4.21028906436445e-06,,,3.10082638087636e-06,5.31975174785254e-06,,FALSE,FALSE,FALSE,FALSE,,AIH
CCL2-CCR2,Hepatocyte 3,IgG+ plasmablast / plasma cell,,,5.14926385947215e-06,2.28688773711639e-06,aih_only,0,2,0,2,,3.71807579829427e-06,,,2.28688773711639e-06,5.14926385947215e-06,,FALSE,FALSE,FALSE,FALSE,,AIH
CCL2-CCR2,Hepatocyte 3,IgM+ B cell,,,1.77115472805758e-06,7.44372101918099e-07,aih_only,0,2,0,2,,1.25776341498784e-06,,,7.44372101918099e-07,1.77115472805758e-06,,FALSE,FALSE,FALSE,FALSE,,AIH
CCL2-CCR2,Hepatocyte 3,Macrophage 1,,,1.13804921058838e-06,6.05052346452121e-07,aih_only,0,2,0,2,,8.7155077852025e-07,,,6.05052346452121e-07,1.13804921058838e-06,,FALSE,FALSE,FALSE,FALSE,,AIH
CCL2-CCR2,Hepatocyte 3,Macrophage 2,,,1.69331653012759e-06,2.52098764730928e-06,aih_only,0,2,0,2,,2.10715208871844e-06,,,1.69331653012759e-06,2.52098764730928e-06,,FALSE,FALSE,FALSE,FALSE,,AIH
CCL2-CCR2,Hepatocyte 3,Sinusoidal endothelial cell,,,4.9520149527578e-07,3.39101347095364e-07,aih_only,0,2,0,2,,4.17151421185572e-07,,,3.39101347095364e-07,4.9520149527578e-07,,FALSE,FALSE,FALSE,FALSE,,AIH
CCL2-CCR2,Hepatocyte 3,Stellate cell,,,5.08608407217182e-07,8.79740856333469e-07,aih_only,0,2,0,2,,6.94174631775325e-07,,,5.08608407217182e-07,8.79740856333469e-07,,FALSE,FALSE,FALSE,FALSE,,AIH
CCL2-CCR2,Hepatocyte 3,Vascular endothelial cell,,,1.59570513477667e-07,4.66188406140145e-07,aih_only,0,2,0,2,,3.12879459808906e-07,,,1.59570513477667e-07,4.66188406140145e-07,,FALSE,FALSE,FALSE,FALSE,,AIH
CCL2-CCR2,Hepatocyte 4,CD4+ T cell,,,1.2931406541379e-06,3.28953467950663e-06,aih_only,0,2,0,2,,2.29133766682226e-06,,,1.2931406541379e-06,3.28953467950663e-06,,FALSE,FALSE,FALSE,FALSE,,AIH
CCL2-CCR2,Hepatocyte 4,CD8+ T cell 1,,,1.65010806093168e-06,2.94829992821796e-06,aih_only,0,2,0,2,,2.29920399457482e-06,,,1.65010806093168e-06,2.94829992821796e-06,,FALSE,FALSE,FALSE,FALSE,,AIH
CCL2-CCR2,Hepatocyte 4,CD8+ T cell 2,,,4.03872800339951e-06,1.64151309635253e-06,aih_only,0,2,0,2,,2.84012054987602e-06,,,1.64151309635253e-06,4.03872800339951e-06,,FALSE,FALSE,FALSE,FALSE,,AIH
CCL2-CCR2,Hepatocyte 4,CD8+ T cell 3,,,6.08361186576176e-06,3.13290975413955e-06,aih_only,0,2,0,2,,4.60826080995066e-06,,,3.13290975413955e-06,6.08361186576176e-06,,FALSE,FALSE,FALSE,FALSE,,AIH
CCL2-CCR2,Hepatocyte 4,Cholangiocyte,,,1.83293948054586e-07,1.22449625847077e-06,aih_only,0,2,0,2,,7.03895103262677e-07,,,1.83293948054586e-07,1.22449625847077e-06,,FALSE,FALSE,FALSE,FALSE,,AIH
CCL2-CCR2,Hepatocyte 4,Hepatocyte 1,,,1.10853224239984e-06,1.51228565341088e-06,aih_only,0,2,0,2,,1.31040894790536e-06,,,1.10853224239984e-06,1.51228565341088e-06,,FALSE,FALSE,FALSE,FALSE,,AIH
CCL2-CCR2,Hepatocyte 4,Hepatocyte 2,,,4.24853081155153e-07,9.57229120705729e-07,aih_only,0,2,0,2,,6.91041100930441e-07,,,4.24853081155153e-07,9.57229120705729e-07,,FALSE,FALSE,FALSE,FALSE,,AIH
CCL2-CCR2,Hepatocyte 4,Hepatocyte 3,,,1.76643505576628e-06,1.97938056590901e-06,aih_only,0,2,0,2,,1.87290781083764e-06,,,1.76643505576628e-06,1.97938056590901e-06,,FALSE,FALSE,FALSE,FALSE,,AIH
CCL2-CCR2,Hepatocyte 4,Hepatocyte 4,,,4.26358061378722e-06,2.47190563599853e-06,aih_only,0,2,0,2,,3.36774312489287e-06,,,2.47190563599853e-06,4.26358061378722e-06,,FALSE,FALSE,FALSE,FALSE,,AIH
CCL2-CCR2,Hepatocyte 4,Ig+ hepatocyte,,,1.16905777806663e-05,8.98918053527977e-06,aih_only,0,2,0,2,,1.0339879157973e-05,,,8.98918053527977e-06,1.16905777806663e-05,,FALSE,FALSE,FALSE,FALSE,,AIH
CCL2-CCR2,Hepatocyte 4,IgG+ B cell,,,1.66682897015895e-07,1.15277370062765e-06,aih_only,0,2,0,2,,6.59728298821774e-07,,,1.66682897015895e-07,1.15277370062765e-06,,FALSE,FALSE,FALSE,FALSE,,AIH
CCL2-CCR2,Hepatocyte 4,IgG+ plasmablast / plasma cell,,,6.27130690161603e-06,7.59743296699877e-06,aih_only,0,2,0,2,,6.9343699343074e-06,,,6.27130690161603e-06,7.59743296699877e-06,,FALSE,FALSE,FALSE,FALSE,,AIH
CCL2-CCR2,Hepatocyte 4,IgM+ B cell,,,1.18341194458105e-06,2.32493358397924e-06,aih_only,0,2,0,2,,1.75417276428015e-06,,,1.18341194458105e-06,2.32493358397924e-06,,FALSE,FALSE,FALSE,FALSE,,AIH
CCL2-CCR2,Hepatocyte 4,Macrophage 1,,,1.65384314271735e-06,4.02309814797925e-06,aih_only,0,2,0,2,,2.8384706453483e-06,,,1.65384314271735e-06,4.02309814797925e-06,,FALSE,FALSE,FALSE,FALSE,,AIH
CCL2-CCR2,Hepatocyte 4,Macrophage 2,,,7.34141470812687e-07,5.64756664569692e-06,aih_only,0,2,0,2,,3.1908540582548e-06,,,7.34141470812687e-07,5.64756664569692e-06,,FALSE,FALSE,FALSE,FALSE,,AIH
CCL2-CCR2,Hepatocyte 4,Sinusoidal endothelial cell,,,7.45584507614659e-07,6.57765560431984e-07,aih_only,0,2,0,2,,7.01675034023322e-07,,,6.57765560431984e-07,7.45584507614659e-07,,FALSE,FALSE,FALSE,FALSE,,AIH
CCL2-CCR2,Hepatocyte 4,Stellate cell,,,1.13892472076794e-07,8.14258276061798e-07,aih_only,0,2,0,2,,4.64075374069296e-07,,,1.13892472076794e-07,8.14258276061798e-07,,FALSE,FALSE,FALSE,FALSE,,AIH
CCL2-CCR2,Hepatocyte 4,Vascular endothelial cell,,,2.53948448703238e-07,4.30544542057336e-07,aih_only,0,2,0,2,,3.42246495380287e-07,,,2.53948448703238e-07,4.30544542057336e-07,,FALSE,FALSE,FALSE,FALSE,,AIH
CCL2-CCR2,Ig+ hepatocyte,CD4+ T cell,,,3.51516857281709e-06,3.39184837718714e-06,aih_only,0,2,0,2,,3.45350847500212e-06,,,3.39184837718714e-06,3.51516857281709e-06,,FALSE,FALSE,FALSE,FALSE,,AIH
CCL2-CCR2,Ig+ hepatocyte,CD8+ T cell 1,,,1.34743276027371e-06,2.08866575543083e-06,aih_only,0,2,0,2,,1.71804925785227e-06,,,1.34743276027371e-06,2.08866575543083e-06,,FALSE,FALSE,FALSE,FALSE,,AIH
CCL2-CCR2,Ig+ hepatocyte,CD8+ T cell 2,,,9.15152803094576e-07,9.07644046676221e-07,aih_only,0,2,0,2,,9.11398424885398e-07,,,9.07644046676221e-07,9.15152803094576e-07,,FALSE,FALSE,FALSE,FALSE,,AIH
CCL2-CCR2,Ig+ hepatocyte,CD8+ T cell 3,,,8.68347729991008e-07,5.35911193226422e-06,aih_only,0,2,0,2,,3.11372983112762e-06,,,8.68347729991008e-07,5.35911193226422e-06,,FALSE,FALSE,FALSE,FALSE,,AIH
CCL2-CCR2,Ig+ hepatocyte,Cholangiocyte,,,1.1952702807219e-07,3.18683534876221e-06,aih_only,0,2,0,2,,1.6531811884172e-06,,,1.1952702807219e-07,3.18683534876221e-06,,FALSE,FALSE,FALSE,FALSE,,AIH
CCL2-CCR2,Ig+ hepatocyte,Hepatocyte 1,,,4.60764428011598e-07,8.55652343685267e-07,aih_only,0,2,0,2,,6.58208385848432e-07,,,4.60764428011598e-07,8.55652343685267e-07,,FALSE,FALSE,FALSE,FALSE,,AIH
CCL2-CCR2,Ig+ hepatocyte,Hepatocyte 2,,,4.9375851380647e-08,7.44893011320116e-07,aih_only,0,2,0,2,,3.97134431350382e-07,,,4.9375851380647e-08,7.44893011320116e-07,,FALSE,FALSE,FALSE,FALSE,,AIH
CCL2-CCR2,Ig+ hepatocyte,Hepatocyte 4,,,1.49411448130613e-06,6.69978073277263e-07,aih_only,0,2,0,2,,1.0820462772917e-06,,,6.69978073277263e-07,1.49411448130613e-06,,FALSE,FALSE,FALSE,FALSE,,AIH
CCL2-CCR2,Ig+ hepatocyte,Ig+ hepatocyte,,,3.31559536125898e-06,1.24097440697737e-05,aih_only,0,2,0,2,,7.86266971551633e-06,,,3.31559536125898e-06,1.24097440697737e-05,,FALSE,FALSE,FALSE,FALSE,,AIH
CCL2-CCR2,Ig+ hepatocyte,IgG+ B cell,,,2.00341280968598e-06,4.00413129521898e-06,aih_only,0,2,0,2,,3.00377205245248e-06,,,2.00341280968598e-06,4.00413129521898e-06,,FALSE,FALSE,FALSE,FALSE,,AIH
CCL2-CCR2,Ig+ hepatocyte,IgG+ plasmablast / plasma cell,,,1.09229418714186e-05,1.53514469196752e-05,aih_only,0,2,0,2,,1.31371943955469e-05,,,1.09229418714186e-05,1.53514469196752e-05,,FALSE,FALSE,FALSE,FALSE,,AIH
CCL2-CCR2,Ig+ hepatocyte,IgM+ B cell,,,3.12931621754973e-06,2.21967557877798e-06,aih_only,0,2,0,2,,2.67449589816385e-06,,,2.21967557877798e-06,3.12931621754973e-06,,FALSE,FALSE,FALSE,FALSE,,AIH
CCL2-CCR2,Ig+ hepatocyte,Macrophage 1,,,1.44379035153518e-06,1.72800565594029e-06,aih_only,0,2,0,2,,1.58589800373774e-06,,,1.44379035153518e-06,1.72800565594029e-06,,FALSE,FALSE,FALSE,FALSE,,AIH
CCL2-CCR2,Ig+ hepatocyte,Macrophage 2,,,1.71785891789494e-06,4.13290360226555e-06,aih_only,0,2,0,2,,2.92538126008024e-06,,,1.71785891789494e-06,4.13290360226555e-06,,FALSE,FALSE,FALSE,FALSE,,AIH
CCL2-CCR2,Ig+ hepatocyte,Sinusoidal endothelial cell,,,1.81610458438632e-07,1.0046801749698e-06,aih_only,0,2,0,2,,5.93145316704219e-07,,,1.81610458438632e-07,1.0046801749698e-06,,FALSE,FALSE,FALSE,FALSE,,AIH
CCL2-CCR2,Ig+ hepatocyte,Stellate cell,,,5.55825753602468e-07,6.94225178598919e-07,aih_only,0,2,0,2,,6.25025466100694e-07,,,5.55825753602468e-07,6.94225178598919e-07,,FALSE,FALSE,FALSE,FALSE,,AIH
CCL2-CCR2,Ig+ hepatocyte,Vascular endothelial cell,,,1.39602941129149e-07,2.7852603183732e-06,aih_only,0,2,0,2,,1.46243162975117e-06,,,1.39602941129149e-07,2.7852603183732e-06,,FALSE,FALSE,FALSE,FALSE,,AIH
CCL2-CCR2,IgG+ B cell,CD4+ T cell,,,6.24599707939758e-06,4.66028741629845e-06,aih_only,0,2,0,2,,5.45314224784801e-06,,,4.66028741629845e-06,6.24599707939758e-06,,FALSE,FALSE,FALSE,FALSE,,AIH
CCL2-CCR2,IgG+ B cell,CD8+ T cell 1,,,2.84236843900199e-06,1.56092859600779e-06,aih_only,0,2,0,2,,2.20164851750489e-06,,,1.56092859600779e-06,2.84236843900199e-06,,FALSE,FALSE,FALSE,FALSE,,AIH
CCL2-CCR2,IgG+ B cell,CD8+ T cell 2,,,3.58742285791278e-07,4.35812791184308e-07,aih_only,0,2,0,2,,3.97277538487793e-07,,,3.58742285791278e-07,4.35812791184308e-07,,FALSE,FALSE,FALSE,FALSE,,AIH
CCL2-CCR2,IgG+ B cell,CD8+ T cell 3,,,3.29194981237177e-06,1.53002025188761e-06,aih_only,0,2,0,2,,2.41098503212969e-06,,,1.53002025188761e-06,3.29194981237177e-06,,FALSE,FALSE,FALSE,FALSE,,AIH
CCL2-CCR2,IgG+ B cell,Cholangiocyte,,,4.2502530247981e-06,2.09129759434132e-06,aih_only,0,2,0,2,,3.17077530956971e-06,,,2.09129759434132e-06,4.2502530247981e-06,,FALSE,FALSE,FALSE,FALSE,,AIH
CCL2-CCR2,IgG+ B cell,Hepatocyte 1,,,5.20646101095057e-07,3.11812128724247e-07,aih_only,0,2,0,2,,4.16229114909652e-07,,,3.11812128724247e-07,5.20646101095057e-07,,FALSE,FALSE,FALSE,FALSE,,AIH
CCL2-CCR2,IgG+ B cell,Hepatocyte 2,,,1.82876693246998e-07,2.36644245913637e-07,aih_only,0,2,0,2,,2.09760469580317e-07,,,1.82876693246998e-07,2.36644245913637e-07,,FALSE,FALSE,FALSE,FALSE,,AIH
CCL2-CCR2,IgG+ B cell,Hepatocyte 3,,,2.53433415930485e-08,2.4150663538315e-07,aih_only,0,2,0,2,,1.33424988488099e-07,,,2.53433415930485e-08,2.4150663538315e-07,,FALSE,FALSE,FALSE,FALSE,,AIH
CCL2-CCR2,IgG+ B cell,Hepatocyte 4,,,8.4199480918115e-07,3.70002256375756e-07,aih_only,0,2,0,2,,6.05998532778453e-07,,,3.70002256375756e-07,8.4199480918115e-07,,FALSE,FALSE,FALSE,FALSE,,AIH
CCL2-CCR2,IgG+ B cell,Ig+ hepatocyte,,,4.12185665261659e-06,3.49154265758414e-06,aih_only,0,2,0,2,,3.80669965510036e-06,,,3.49154265758414e-06,4.12185665261659e-06,,FALSE,FALSE,FALSE,FALSE,,AIH
CCL2-CCR2,IgG+ B cell,IgG+ B cell,,,7.01223108888326e-06,9.60224030667449e-06,aih_only,0,2,0,2,,8.30723569777888e-06,,,7.01223108888326e-06,9.60224030667449e-06,,FALSE,FALSE,FALSE,FALSE,,AIH
CCL2-CCR2,IgG+ B cell,IgG+ plasmablast / plasma cell,,,1.9314740547779e-05,1.09524357165704e-05,aih_only,0,2,0,2,,1.51335881321747e-05,,,1.09524357165704e-05,1.9314740547779e-05,,FALSE,FALSE,FALSE,FALSE,,AIH
CCL2-CCR2,IgG+ B cell,IgM+ B cell,,,7.59685890467709e-06,4.43951858335922e-06,aih_only,0,2,0,2,,6.01818874401816e-06,,,4.43951858335922e-06,7.59685890467709e-06,,FALSE,FALSE,FALSE,FALSE,,AIH
CCL2-CCR2,IgG+ B cell,Macrophage 1,,,2.62376591425741e-06,9.71658769600103e-07,aih_only,0,2,0,2,,1.79771234192876e-06,,,9.71658769600103e-07,2.62376591425741e-06,,FALSE,FALSE,FALSE,FALSE,,AIH
CCL2-CCR2,IgG+ B cell,Macrophage 2,,,8.55416073597705e-06,4.9945195601855e-06,aih_only,0,2,0,2,,6.77434014808127e-06,,,4.9945195601855e-06,8.55416073597705e-06,,FALSE,FALSE,FALSE,FALSE,,AIH
CCL2-CCR2,IgG+ B cell,Sinusoidal endothelial cell,,,7.50517654037217e-07,6.18243821805215e-07,aih_only,0,2,0,2,,6.84380737921216e-07,,,6.18243821805215e-07,7.50517654037217e-07,,FALSE,FALSE,FALSE,FALSE,,AIH
CCL2-CCR2,IgG+ B cell,Stellate cell,,,1.90554288749565e-06,2.02082918267662e-06,aih_only,0,2,0,2,,1.96318603508614e-06,,,1.90554288749565e-06,2.02082918267662e-06,,FALSE,FALSE,FALSE,FALSE,,AIH
CCL2-CCR2,IgG+ B cell,Vascular endothelial cell,,,2.94390195095197e-06,2.22181180670533e-06,aih_only,0,2,0,2,,2.58285687882865e-06,,,2.22181180670533e-06,2.94390195095197e-06,,FALSE,FALSE,FALSE,FALSE,,AIH
CCL2-CCR2,IgG+ plasmablast / plasma cell,CD4+ T cell,,,1.31353039438217e-05,1.03881617384294e-05,aih_only,0,2,0,2,,1.17617328411255e-05,,,1.03881617384294e-05,1.31353039438217e-05,,FALSE,FALSE,FALSE,FALSE,,AIH
CCL2-CCR2,IgG+ plasmablast / plasma cell,CD8+ T cell 1,,,7.53119094774387e-06,3.74306935789057e-06,aih_only,0,2,0,2,,5.63713015281722e-06,,,3.74306935789057e-06,7.53119094774387e-06,,FALSE,FALSE,FALSE,FALSE,,AIH
CCL2-CCR2,IgG+ plasmablast / plasma cell,CD8+ T cell 2,,,2.12155681178064e-06,5.73642147029478e-07,aih_only,0,2,0,2,,1.34759947940506e-06,,,5.73642147029478e-07,2.12155681178064e-06,,FALSE,FALSE,FALSE,FALSE,,AIH
CCL2-CCR2,IgG+ plasmablast / plasma cell,CD8+ T cell 3,,,8.23760348118888e-06,4.2212692923405e-06,aih_only,0,2,0,2,,6.22943638676469e-06,,,4.2212692923405e-06,8.23760348118888e-06,,FALSE,FALSE,FALSE,FALSE,,AIH
CCL2-CCR2,IgG+ plasmablast / plasma cell,Cholangiocyte,,,6.79652792305712e-06,4.69749329461476e-06,aih_only,0,2,0,2,,5.74701060883594e-06,,,4.69749329461476e-06,6.79652792305712e-06,,FALSE,FALSE,FALSE,FALSE,,AIH
CCL2-CCR2,IgG+ plasmablast / plasma cell,Hepatocyte 1,,,1.16911819075869e-06,5.80731488597223e-07,aih_only,0,2,0,2,,8.74924839677955e-07,,,5.80731488597223e-07,1.16911819075869e-06,,FALSE,FALSE,FALSE,FALSE,,AIH
CCL2-CCR2,IgG+ plasmablast / plasma cell,Hepatocyte 2,,,8.10370772574537e-07,2.01400291285048e-07,aih_only,0,2,0,2,,5.05885531929792e-07,,,2.01400291285048e-07,8.10370772574537e-07,,FALSE,FALSE,FALSE,FALSE,,AIH
CCL2-CCR2,IgG+ plasmablast / plasma cell,Hepatocyte 3,,,3.34779865752374e-08,1.52459327259157e-07,aih_only,0,2,0,2,,9.29686569171974e-08,,,3.34779865752374e-08,1.52459327259157e-07,,FALSE,FALSE,FALSE,FALSE,,AIH
CCL2-CCR2,IgG+ plasmablast / plasma cell,Hepatocyte 4,,,8.89314642163295e-07,3.08484782746039e-07,aih_only,0,2,0,2,,5.98899712454667e-07,,,3.08484782746039e-07,8.89314642163295e-07,,FALSE,FALSE,FALSE,FALSE,,AIH
CCL2-CCR2,IgG+ plasmablast / plasma cell,Ig+ hepatocyte,,,1.32881060657785e-05,5.30497135498266e-06,aih_only,0,2,0,2,,9.29653871038059e-06,,,5.30497135498266e-06,1.32881060657785e-05,,FALSE,FALSE,FALSE,FALSE,,AIH
CCL2-CCR2,IgG+ plasmablast / plasma cell,IgG+ B cell,,,1.08711556009735e-05,8.83037950942168e-06,aih_only,0,2,0,2,,9.8507675551976e-06,,,8.83037950942168e-06,1.08711556009735e-05,,FALSE,FALSE,FALSE,FALSE,,AIH
CCL2-CCR2,IgG+ plasmablast / plasma cell,IgG+ plasmablast / plasma cell,,,4.68190908808472e-05,3.72443913542932e-05,aih_only,0,2,0,2,,4.20317411175702e-05,,,3.72443913542932e-05,4.68190908808472e-05,,FALSE,FALSE,FALSE,FALSE,,AIH
CCL2-CCR2,IgG+ plasmablast / plasma cell,IgM+ B cell,,,1.71551225074902e-05,1.07016831241151e-05,aih_only,0,2,0,2,,1.39284028158027e-05,,,1.07016831241151e-05,1.71551225074902e-05,,FALSE,FALSE,FALSE,FALSE,,AIH
CCL2-CCR2,IgG+ plasmablast / plasma cell,Macrophage 1,,,5.97677852696282e-06,2.43603281861486e-06,aih_only,0,2,0,2,,4.20640567278884e-06,,,2.43603281861486e-06,5.97677852696282e-06,,FALSE,FALSE,FALSE,FALSE,,AIH
CCL2-CCR2,IgG+ plasmablast / plasma cell,Macrophage 2,,,1.58863910485082e-05,9.81274897549049e-06,aih_only,0,2,0,2,,1.28495700119994e-05,,,9.81274897549049e-06,1.58863910485082e-05,,FALSE,FALSE,FALSE,FALSE,,AIH
CCL2-CCR2,IgG+ plasmablast / plasma cell,Sinusoidal endothelial cell,,,1.5862642557952e-06,8.0156772871584e-07,aih_only,0,2,0,2,,1.19391599225552e-06,,,8.0156772871584e-07,1.5862642557952e-06,,FALSE,FALSE,FALSE,FALSE,,AIH
CCL2-CCR2,IgG+ plasmablast / plasma cell,Stellate cell,,,4.17486506641862e-06,3.2412819383786e-06,aih_only,0,2,0,2,,3.70807350239861e-06,,,3.2412819383786e-06,4.17486506641862e-06,,FALSE,FALSE,FALSE,FALSE,,AIH
CCL2-CCR2,IgG+ plasmablast / plasma cell,Vascular endothelial cell,,,5.98781602140366e-06,4.32700607101904e-06,aih_only,0,2,0,2,,5.15741104621135e-06,,,4.32700607101904e-06,5.98781602140366e-06,,FALSE,FALSE,FALSE,FALSE,,AIH
CCL2-CCR2,IgM+ B cell,CD4+ T cell,,,3.50614279746911e-05,2.61518689018567e-05,aih_only,0,2,0,2,,3.06066484382739e-05,,,2.61518689018567e-05,3.50614279746911e-05,,FALSE,FALSE,FALSE,FALSE,,AIH
CCL2-CCR2,IgM+ B cell,CD8+ T cell 1,,,8.37628627303027e-06,4.56208436770288e-06,aih_only,0,2,0,2,,6.46918532036657e-06,,,4.56208436770288e-06,8.37628627303027e-06,,FALSE,FALSE,FALSE,FALSE,,AIH
CCL2-CCR2,IgM+ B cell,CD8+ T cell 2,,,1.18257064114195e-06,6.22081082479114e-07,aih_only,0,2,0,2,,9.02325861810531e-07,,,6.22081082479114e-07,1.18257064114195e-06,,FALSE,FALSE,FALSE,FALSE,,AIH
CCL2-CCR2,IgM+ B cell,CD8+ T cell 3,,,5.18370623762412e-06,5.87132880537362e-06,aih_only,0,2,0,2,,5.52751752149887e-06,,,5.18370623762412e-06,5.87132880537362e-06,,FALSE,FALSE,FALSE,FALSE,,AIH
CCL2-CCR2,IgM+ B cell,Cholangiocyte,,,9.23293983945311e-06,6.63451326243615e-06,aih_only,0,2,0,2,,7.93372655094463e-06,,,6.63451326243615e-06,9.23293983945311e-06,,FALSE,FALSE,FALSE,FALSE,,AIH
CCL2-CCR2,IgM+ B cell,Hepatocyte 1,,,3.55536843002417e-07,5.37273477328132e-07,aih_only,0,2,0,2,,4.46405160165274e-07,,,3.55536843002417e-07,5.37273477328132e-07,,FALSE,FALSE,FALSE,FALSE,,AIH
CCL2-CCR2,IgM+ B cell,Hepatocyte 2,,,5.30446403617894e-07,3.70486670447589e-07,aih_only,0,2,0,2,,4.50466537032742e-07,,,3.70486670447589e-07,5.30446403617894e-07,,FALSE,FALSE,FALSE,FALSE,,AIH
CCL2-CCR2,IgM+ B cell,Hepatocyte 3,,,4.06907275537937e-08,1.86028275173713e-06,aih_only,0,2,0,2,,9.5048673964546e-07,,,4.06907275537937e-08,1.86028275173713e-06,,FALSE,FALSE,FALSE,FALSE,,AIH
CCL2-CCR2,IgM+ B cell,Hepatocyte 4,,,3.62823222261655e-07,6.17793332963923e-07,aih_only,0,2,0,2,,4.90308277612789e-07,,,3.62823222261655e-07,6.17793332963923e-07,,FALSE,FALSE,FALSE,FALSE,,AIH
CCL2-CCR2,IgM+ B cell,Ig+ hepatocyte,,,2.90784571293161e-06,2.9131545487657e-06,aih_only,0,2,0,2,,2.91050013084866e-06,,,2.90784571293161e-06,2.9131545487657e-06,,FALSE,FALSE,FALSE,FALSE,,AIH
CCL2-CCR2,IgM+ B cell,IgG+ B cell,,,1.01697414045732e-05,7.50873884251597e-06,aih_only,0,2,0,2,,8.8392401235446e-06,,,7.50873884251597e-06,1.01697414045732e-05,,FALSE,FALSE,FALSE,FALSE,,AIH
CCL2-CCR2,IgM+ B cell,IgG+ plasmablast / plasma cell,,,3.66546546012079e-05,2.53476764698579e-05,aih_only,0,2,0,2,,3.10011655355329e-05,,,2.53476764698579e-05,3.66546546012079e-05,,FALSE,FALSE,FALSE,FALSE,,AIH
CCL2-CCR2,IgM+ B cell,IgM+ B cell,,,7.01193622854181e-05,6.38107468859387e-05,aih_only,0,2,0,2,,6.69650545856784e-05,,,6.38107468859387e-05,7.01193622854181e-05,,FALSE,FALSE,FALSE,FALSE,,AIH
CCL2-CCR2,IgM+ B cell,Macrophage 1,,,6.94155303566501e-06,3.8111056139766e-06,aih_only,0,2,0,2,,5.37632932482081e-06,,,3.8111056139766e-06,6.94155303566501e-06,,FALSE,FALSE,FALSE,FALSE,,AIH
CCL2-CCR2,IgM+ B cell,Macrophage 2,,,2.72147729312215e-05,1.390356012712e-05,aih_only,0,2,0,2,,2.05591665291707e-05,,,1.390356012712e-05,2.72147729312215e-05,,FALSE,FALSE,FALSE,FALSE,,AIH
CCL2-CCR2,IgM+ B cell,Sinusoidal endothelial cell,,,1.87753927750858e-06,8.32564870429623e-07,aih_only,0,2,0,2,,1.3550520739691e-06,,,8.32564870429623e-07,1.87753927750858e-06,,FALSE,FALSE,FALSE,FALSE,,AIH
CCL2-CCR2,IgM+ B cell,Stellate cell,,,7.49082762531195e-06,4.96723116990526e-06,aih_only,0,2,0,2,,6.22902939760861e-06,,,4.96723116990526e-06,7.49082762531195e-06,,FALSE,FALSE,FALSE,FALSE,,AIH
CCL2-CCR2,IgM+ B cell,Vascular endothelial cell,,,1.07179010690355e-05,7.54621788682083e-06,aih_only,0,2,0,2,,9.13205947792814e-06,,,7.54621788682083e-06,1.07179010690355e-05,,FALSE,FALSE,FALSE,FALSE,,AIH
CCL2-CCR2,Macrophage 1,CD4+ T cell,,,8.82075808179582e-06,7.98511197345586e-06,aih_only,0,2,0,2,,8.40293502762584e-06,,,7.98511197345586e-06,8.82075808179582e-06,,FALSE,FALSE,FALSE,FALSE,,AIH
CCL2-CCR2,Macrophage 1,CD8+ T cell 1,,,6.58880266497687e-06,6.30498529788374e-06,aih_only,0,2,0,2,,6.44689398143031e-06,,,6.30498529788374e-06,6.58880266497687e-06,,FALSE,FALSE,FALSE,FALSE,,AIH
CCL2-CCR2,Macrophage 1,CD8+ T cell 2,,,4.44560834578896e-06,4.67346505754057e-06,aih_only,0,2,0,2,,4.55953670166477e-06,,,4.44560834578896e-06,4.67346505754057e-06,,FALSE,FALSE,FALSE,FALSE,,AIH
CCL2-CCR2,Macrophage 1,CD8+ T cell 3,,,5.28753638399464e-06,7.60619626556353e-06,aih_only,0,2,0,2,,6.44686632477909e-06,,,5.28753638399464e-06,7.60619626556353e-06,,FALSE,FALSE,FALSE,FALSE,,AIH
CCL2-CCR2,Macrophage 1,Cholangiocyte,,,2.34906045253548e-06,3.24548598328792e-06,aih_only,0,2,0,2,,2.7972732179117e-06,,,2.34906045253548e-06,3.24548598328792e-06,,FALSE,FALSE,FALSE,FALSE,,AIH
CCL2-CCR2,Macrophage 1,Hepatocyte 1,,,2.39971301296429e-06,2.2001989734891e-06,aih_only,0,2,0,2,,2.2999559932267e-06,,,2.2001989734891e-06,2.39971301296429e-06,,FALSE,FALSE,FALSE,FALSE,,AIH
CCL2-CCR2,Macrophage 1,Hepatocyte 2,,,1.93981598178195e-06,1.08182199742278e-06,aih_only,0,2,0,2,,1.51081898960237e-06,,,1.08182199742278e-06,1.93981598178195e-06,,FALSE,FALSE,FALSE,FALSE,,AIH
CCL2-CCR2,Macrophage 1,Hepatocyte 3,,,6.20958655175414e-07,2.79326613729158e-06,aih_only,0,2,0,2,,1.7071123962335e-06,,,6.20958655175414e-07,2.79326613729158e-06,,FALSE,FALSE,FALSE,FALSE,,AIH
CCL2-CCR2,Macrophage 1,Hepatocyte 4,,,2.17891416137822e-06,2.49691161927653e-06,aih_only,0,2,0,2,,2.33791289032737e-06,,,2.17891416137822e-06,2.49691161927653e-06,,FALSE,FALSE,FALSE,FALSE,,AIH
CCL2-CCR2,Macrophage 1,Ig+ hepatocyte,,,7.4791609637293e-06,1.01180625076748e-05,aih_only,0,2,0,2,,8.79861173570206e-06,,,7.4791609637293e-06,1.01180625076748e-05,,FALSE,FALSE,FALSE,FALSE,,AIH
CCL2-CCR2,Macrophage 1,IgG+ B cell,,,3.13324557732571e-06,3.7030337636278e-06,aih_only,0,2,0,2,,3.41813967047675e-06,,,3.13324557732571e-06,3.7030337636278e-06,,FALSE,FALSE,FALSE,FALSE,,AIH
CCL2-CCR2,Macrophage 1,IgG+ plasmablast / plasma cell,,,2.18493655792601e-05,2.08263241200051e-05,aih_only,0,2,0,2,,2.13378448496326e-05,,,2.08263241200051e-05,2.18493655792601e-05,,FALSE,FALSE,FALSE,FALSE,,AIH
CCL2-CCR2,Macrophage 1,IgM+ B cell,,,1.01242443132963e-05,8.59325021840325e-06,aih_only,0,2,0,2,,9.35874726584979e-06,,,8.59325021840325e-06,1.01242443132963e-05,,FALSE,FALSE,FALSE,FALSE,,AIH
CCL2-CCR2,Macrophage 1,Macrophage 1,,,7.39681569209546e-06,8.82057209405708e-06,aih_only,0,2,0,2,,8.10869389307627e-06,,,7.39681569209546e-06,8.82057209405708e-06,,FALSE,FALSE,FALSE,FALSE,,AIH
CCL2-CCR2,Macrophage 1,Macrophage 2,,,7.15489303453994e-06,1.15702962300651e-05,aih_only,0,2,0,2,,9.36259463230249e-06,,,7.15489303453994e-06,1.15702962300651e-05,,FALSE,FALSE,FALSE,FALSE,,AIH
CCL2-CCR2,Macrophage 1,Sinusoidal endothelial cell,,,2.95778217693568e-06,1.8667604239962e-06,aih_only,0,2,0,2,,2.41227130046594e-06,,,1.8667604239962e-06,2.95778217693568e-06,,FALSE,FALSE,FALSE,FALSE,,AIH
CCL2-CCR2,Macrophage 1,Stellate cell,,,2.1618825845732e-06,2.83838051028142e-06,aih_only,0,2,0,2,,2.50013154742731e-06,,,2.1618825845732e-06,2.83838051028142e-06,,FALSE,FALSE,FALSE,FALSE,,AIH
CCL2-CCR2,Macrophage 1,Vascular endothelial cell,,,2.17401067756131e-06,2.50768755022812e-06,aih_only,0,2,0,2,,2.34084911389472e-06,,,2.17401067756131e-06,2.50768755022812e-06,,FALSE,FALSE,FALSE,FALSE,,AIH
CCL2-CCR2,Macrophage 2,CD4+ T cell,,,1.38317204081644e-05,8.96278119744719e-06,aih_only,0,2,0,2,,1.13972508028058e-05,,,8.96278119744719e-06,1.38317204081644e-05,,FALSE,FALSE,FALSE,FALSE,,AIH
CCL2-CCR2,Macrophage 2,CD8+ T cell 1,,,5.74225864994754e-06,3.63295574147226e-06,aih_only,0,2,0,2,,4.6876071957099e-06,,,3.63295574147226e-06,5.74225864994754e-06,,FALSE,FALSE,FALSE,FALSE,,AIH
CCL2-CCR2,Macrophage 2,CD8+ T cell 2,,,1.31581190289206e-06,1.50973750128111e-06,aih_only,0,2,0,2,,1.41277470208659e-06,,,1.31581190289206e-06,1.50973750128111e-06,,FALSE,FALSE,FALSE,FALSE,,AIH
CCL2-CCR2,Macrophage 2,CD8+ T cell 3,,,3.89938656020941e-06,4.22720036650694e-06,aih_only,0,2,0,2,,4.06329346335817e-06,,,3.89938656020941e-06,4.22720036650694e-06,,FALSE,FALSE,FALSE,FALSE,,AIH
CCL2-CCR2,Macrophage 2,Cholangiocyte,,,8.20319503366407e-06,3.57096712162734e-06,aih_only,0,2,0,2,,5.88708107764571e-06,,,3.57096712162734e-06,8.20319503366407e-06,,FALSE,FALSE,FALSE,FALSE,,AIH
CCL2-CCR2,Macrophage 2,Hepatocyte 1,,,6.57220697005465e-07,7.6545403080797e-07,aih_only,0,2,0,2,,7.11337363906717e-07,,,6.57220697005465e-07,7.6545403080797e-07,,FALSE,FALSE,FALSE,FALSE,,AIH
CCL2-CCR2,Macrophage 2,Hepatocyte 2,,,5.63026836531699e-07,6.15200194000833e-07,aih_only,0,2,0,2,,5.89113515266266e-07,,,5.63026836531699e-07,6.15200194000833e-07,,FALSE,FALSE,FALSE,FALSE,,AIH
CCL2-CCR2,Macrophage 2,Hepatocyte 3,,,2.70449256161566e-07,2.24759028875175e-06,aih_only,0,2,0,2,,1.25901977245666e-06,,,2.70449256161566e-07,2.24759028875175e-06,,FALSE,FALSE,FALSE,FALSE,,AIH
CCL2-CCR2,Macrophage 2,Hepatocyte 4,,,7.47015144522871e-07,7.01768438612275e-07,aih_only,0,2,0,2,,7.24391791567573e-07,,,7.01768438612275e-07,7.47015144522871e-07,,FALSE,FALSE,FALSE,FALSE,,AIH
CCL2-CCR2,Macrophage 2,Ig+ hepatocyte,,,2.32953412213934e-06,3.89137827461302e-06,aih_only,0,2,0,2,,3.11045619837618e-06,,,2.32953412213934e-06,3.89137827461302e-06,,FALSE,FALSE,FALSE,FALSE,,AIH
CCL2-CCR2,Macrophage 2,IgG+ B cell,,,7.5654643559865e-06,4.67716163133574e-06,aih_only,0,2,0,2,,6.12131299366112e-06,,,4.67716163133574e-06,7.5654643559865e-06,,FALSE,FALSE,FALSE,FALSE,,AIH
CCL2-CCR2,Macrophage 2,IgG+ plasmablast / plasma cell,,,2.50865021544409e-05,1.55151709812057e-05,aih_only,0,2,0,2,,2.03008365678233e-05,,,1.55151709812057e-05,2.50865021544409e-05,,FALSE,FALSE,FALSE,FALSE,,AIH
CCL2-CCR2,Macrophage 2,IgM+ B cell,,,2.12927041664694e-05,1.23651236341378e-05,aih_only,0,2,0,2,,1.68289139003036e-05,,,1.23651236341378e-05,2.12927041664694e-05,,FALSE,FALSE,FALSE,FALSE,,AIH
CCL2-CCR2,Macrophage 2,Macrophage 1,,,4.46416801050997e-06,3.31302971667966e-06,aih_only,0,2,0,2,,3.88859886359482e-06,,,3.31302971667966e-06,4.46416801050997e-06,,FALSE,FALSE,FALSE,FALSE,,AIH
CCL2-CCR2,Macrophage 2,Macrophage 2,,,1.98065630730884e-05,1.24042236459775e-05,aih_only,0,2,0,2,,1.6105393359533e-05,,,1.24042236459775e-05,1.98065630730884e-05,,FALSE,FALSE,FALSE,FALSE,,AIH
CCL2-CCR2,Macrophage 2,Sinusoidal endothelial cell,,,1.50643227035566e-06,1.46373137996562e-06,aih_only,0,2,0,2,,1.48508182516064e-06,,,1.46373137996562e-06,1.50643227035566e-06,,FALSE,FALSE,FALSE,FALSE,,AIH
CCL2-CCR2,Macrophage 2,Stellate cell,,,4.04513376573989e-06,2.27070365319761e-06,aih_only,0,2,0,2,,3.15791870946875e-06,,,2.27070365319761e-06,4.04513376573989e-06,,FALSE,FALSE,FALSE,FALSE,,AIH
CCL2-CCR2,Macrophage 2,Vascular endothelial cell,,,5.25322277093335e-06,2.89300019904557e-06,aih_only,0,2,0,2,,4.07311148498946e-06,,,2.89300019904557e-06,5.25322277093335e-06,,FALSE,FALSE,FALSE,FALSE,,AIH
CCL2-CCR2,Sinusoidal endothelial cell,CD4+ T cell,,,6.65978160869869e-06,8.17975598846192e-06,aih_only,0,2,0,2,,7.4197687985803e-06,,,6.65978160869869e-06,8.17975598846192e-06,,FALSE,FALSE,FALSE,FALSE,,AIH
CCL2-CCR2,Sinusoidal endothelial cell,CD8+ T cell 1,,,7.06803473850373e-06,5.87982388327115e-06,aih_only,0,2,0,2,,6.47392931088744e-06,,,5.87982388327115e-06,7.06803473850373e-06,,FALSE,FALSE,FALSE,FALSE,,AIH
CCL2-CCR2,Sinusoidal endothelial cell,CD8+ T cell 2,,,4.9122459355439e-06,4.50473457713978e-06,aih_only,0,2,0,2,,4.70849025634184e-06,,,4.50473457713978e-06,4.9122459355439e-06,,FALSE,FALSE,FALSE,FALSE,,AIH
CCL2-CCR2,Sinusoidal endothelial cell,CD8+ T cell 3,,,7.47238437675762e-06,1.49990808399819e-05,aih_only,0,2,0,2,,1.12357326083697e-05,,,7.47238437675762e-06,1.49990808399819e-05,,FALSE,FALSE,FALSE,FALSE,,AIH
CCL2-CCR2,Sinusoidal endothelial cell,Cholangiocyte,,,1.56596472157909e-06,3.03136734011038e-06,aih_only,0,2,0,2,,2.29866603084473e-06,,,1.56596472157909e-06,3.03136734011038e-06,,FALSE,FALSE,FALSE,FALSE,,AIH
CCL2-CCR2,Sinusoidal endothelial cell,Hepatocyte 1,,,1.81819253921512e-06,2.23653203920083e-06,aih_only,0,2,0,2,,2.02736228920798e-06,,,1.81819253921512e-06,2.23653203920083e-06,,FALSE,FALSE,FALSE,FALSE,,AIH
CCL2-CCR2,Sinusoidal endothelial cell,Hepatocyte 2,,,1.41360102249354e-06,1.18448651007708e-06,aih_only,0,2,0,2,,1.29904376628531e-06,,,1.18448651007708e-06,1.41360102249354e-06,,FALSE,FALSE,FALSE,FALSE,,AIH
CCL2-CCR2,Sinusoidal endothelial cell,Hepatocyte 3,,,1.45796791255373e-07,1.41577549929328e-06,aih_only,0,2,0,2,,7.80786145274325e-07,,,1.45796791255373e-07,1.41577549929328e-06,,FALSE,FALSE,FALSE,FALSE,,AIH
CCL2-CCR2,Sinusoidal endothelial cell,Hepatocyte 4,,,1.97693488140811e-06,2.61426252078068e-06,aih_only,0,2,0,2,,2.29559870109439e-06,,,1.97693488140811e-06,2.61426252078068e-06,,FALSE,FALSE,FALSE,FALSE,,AIH
CCL2-CCR2,Sinusoidal endothelial cell,Ig+ hepatocyte,,,1.31342883191525e-05,8.52502986831783e-06,aih_only,0,2,0,2,,1.08296590937352e-05,,,8.52502986831783e-06,1.31342883191525e-05,,FALSE,FALSE,FALSE,FALSE,,AIH
CCL2-CCR2,Sinusoidal endothelial cell,IgG+ B cell,,,5.08786044652036e-06,3.47989013120561e-06,aih_only,0,2,0,2,,4.28387528886298e-06,,,3.47989013120561e-06,5.08786044652036e-06,,FALSE,FALSE,FALSE,FALSE,,AIH
CCL2-CCR2,Sinusoidal endothelial cell,IgG+ plasmablast / plasma cell,,,2.48303661346477e-05,1.8270073776942e-05,aih_only,0,2,0,2,,2.15502199557949e-05,,,1.8270073776942e-05,2.48303661346477e-05,,FALSE,FALSE,FALSE,FALSE,,AIH
CCL2-CCR2,Sinusoidal endothelial cell,IgM+ B cell,,,5.29452652415388e-06,7.72310233321747e-06,aih_only,0,2,0,2,,6.50881442868567e-06,,,5.29452652415388e-06,7.72310233321747e-06,,FALSE,FALSE,FALSE,FALSE,,AIH
CCL2-CCR2,Sinusoidal endothelial cell,Macrophage 1,,,6.12355397481019e-06,6.55910421924307e-06,aih_only,0,2,0,2,,6.34132909702663e-06,,,6.12355397481019e-06,6.55910421924307e-06,,FALSE,FALSE,FALSE,FALSE,,AIH
CCL2-CCR2,Sinusoidal endothelial cell,Macrophage 2,,,6.07806041260753e-06,9.80100073885347e-06,aih_only,0,2,0,2,,7.9395305757305e-06,,,6.07806041260753e-06,9.80100073885347e-06,,FALSE,FALSE,FALSE,FALSE,,AIH
CCL2-CCR2,Sinusoidal endothelial cell,Sinusoidal endothelial cell,,,6.78178390857646e-06,6.90109081993594e-06,aih_only,0,2,0,2,,6.8414373642562e-06,,,6.78178390857646e-06,6.90109081993594e-06,,FALSE,FALSE,FALSE,FALSE,,AIH
CCL2-CCR2,Sinusoidal endothelial cell,Stellate cell,,,3.15077783051395e-06,2.34881013059877e-06,aih_only,0,2,0,2,,2.74979398055636e-06,,,2.34881013059877e-06,3.15077783051395e-06,,FALSE,FALSE,FALSE,FALSE,,AIH
CCL2-CCR2,Sinusoidal endothelial cell,Vascular endothelial cell,,,3.16894246832107e-07,3.58822256932877e-06,aih_only,0,2,0,2,,1.95255840808044e-06,,,3.16894246832107e-07,3.58822256932877e-06,,FALSE,FALSE,FALSE,FALSE,,AIH
CCL2-CCR2,Stellate cell,CD4+ T cell,,,4.58674384575599e-05,5.05468901883178e-05,aih_only,0,2,0,2,,4.82071643229388e-05,,,4.58674384575599e-05,5.05468901883178e-05,,FALSE,FALSE,FALSE,FALSE,,AIH
CCL2-CCR2,Stellate cell,CD8+ T cell 1,,,2.52236285938802e-05,2.43101618247025e-05,aih_only,0,2,0,2,,2.47668952092914e-05,,,2.43101618247025e-05,2.52236285938802e-05,,FALSE,FALSE,FALSE,FALSE,,AIH
CCL2-CCR2,Stellate cell,CD8+ T cell 2,,,1.08447268565808e-05,1.36516560883642e-05,aih_only,0,2,0,2,,1.22481914724725e-05,,,1.08447268565808e-05,1.36516560883642e-05,,FALSE,FALSE,FALSE,FALSE,,AIH
CCL2-CCR2,Stellate cell,CD8+ T cell 3,,,2.18604927211636e-05,2.91491590074526e-05,aih_only,0,2,0,2,,2.55048258643081e-05,,,2.18604927211636e-05,2.91491590074526e-05,,FALSE,FALSE,FALSE,FALSE,,AIH
CCL2-CCR2,Stellate cell,Cholangiocyte,,,1.80843100969632e-05,2.01482990081273e-05,aih_only,0,2,0,2,,1.91163045525453e-05,,,1.80843100969632e-05,2.01482990081273e-05,,FALSE,FALSE,FALSE,FALSE,,AIH
CCL2-CCR2,Stellate cell,Hepatocyte 1,,,4.39586179756198e-06,7.09988163228032e-06,aih_only,0,2,0,2,,5.74787171492115e-06,,,4.39586179756198e-06,7.09988163228032e-06,,FALSE,FALSE,FALSE,FALSE,,AIH
CCL2-CCR2,Stellate cell,Hepatocyte 2,,,4.11815001929646e-06,2.84145155934384e-06,aih_only,0,2,0,2,,3.47980078932015e-06,,,2.84145155934384e-06,4.11815001929646e-06,,FALSE,FALSE,FALSE,FALSE,,AIH
CCL2-CCR2,Stellate cell,Hepatocyte 3,,,7.30784180890885e-07,7.79800489340387e-06,aih_only,0,2,0,2,,4.26439453714738e-06,,,7.30784180890885e-07,7.79800489340387e-06,,FALSE,FALSE,FALSE,FALSE,,AIH
CCL2-CCR2,Stellate cell,Hepatocyte 4,,,4.88213730253734e-06,7.95289745354421e-06,aih_only,0,2,0,2,,6.41751737804078e-06,,,4.88213730253734e-06,7.95289745354421e-06,,FALSE,FALSE,FALSE,FALSE,,AIH
CCL2-CCR2,Stellate cell,Ig+ hepatocyte,,,2.47548620125363e-05,3.08282059296836e-05,aih_only,0,2,0,2,,2.77915339711099e-05,,,2.47548620125363e-05,3.08282059296836e-05,,FALSE,FALSE,FALSE,FALSE,,AIH
CCL2-CCR2,Stellate cell,IgG+ B cell,,,3.02921611445331e-05,3.25329723188422e-05,aih_only,0,2,0,2,,3.14125667316877e-05,,,3.02921611445331e-05,3.25329723188422e-05,,FALSE,FALSE,FALSE,FALSE,,AIH
CCL2-CCR2,Stellate cell,IgG+ plasmablast / plasma cell,,,0.000108601994928865,0.000106840996688034,aih_only,0,2,0,2,,0.000107721495808449,,,0.000106840996688034,0.000108601994928865,,FALSE,FALSE,FALSE,FALSE,,AIH
CCL2-CCR2,Stellate cell,IgM+ B cell,,,6.40527983185733e-05,5.95295322113124e-05,aih_only,0,2,0,2,,6.17911652649429e-05,,,5.95295322113124e-05,6.40527983185733e-05,,FALSE,FALSE,FALSE,FALSE,,AIH
CCL2-CCR2,Stellate cell,Macrophage 1,,,2.17546872888687e-05,2.71280563430138e-05,aih_only,0,2,0,2,,2.44413718159413e-05,,,2.17546872888687e-05,2.71280563430138e-05,,FALSE,FALSE,FALSE,FALSE,,AIH
CCL2-CCR2,Stellate cell,Macrophage 2,,,5.15726905659063e-05,5.74520428589445e-05,aih_only,0,2,0,2,,5.45123667124254e-05,,,5.15726905659063e-05,5.74520428589445e-05,,FALSE,FALSE,FALSE,FALSE,,AIH
CCL2-CCR2,Stellate cell,Sinusoidal endothelial cell,,,1.21303429662828e-05,9.12554397548805e-06,aih_only,0,2,0,2,,1.06279434708854e-05,,,9.12554397548805e-06,1.21303429662828e-05,,FALSE,FALSE,FALSE,FALSE,,AIH
CCL2-CCR2,Stellate cell,Stellate cell,,,1.75877145752036e-05,2.11782956779776e-05,aih_only,0,2,0,2,,1.93830051265906e-05,,,1.75877145752036e-05,2.11782956779776e-05,,FALSE,FALSE,FALSE,FALSE,,AIH
CCL2-CCR2,Stellate cell,Vascular endothelial cell,,,1.57295825044841e-05,2.04926706784896e-05,aih_only,0,2,0,2,,1.81111265914869e-05,,,1.57295825044841e-05,2.04926706784896e-05,,FALSE,FALSE,FALSE,FALSE,,AIH
CCL2-CCR2,Vascular endothelial cell,CD4+ T cell,,,2.73410302448841e-05,1.7119938824938e-05,aih_only,0,2,0,2,,2.22304845349111e-05,,,1.7119938824938e-05,2.73410302448841e-05,,FALSE,FALSE,FALSE,FALSE,,AIH
CCL2-CCR2,Vascular endothelial cell,CD8+ T cell 1,,,9.22399637987411e-06,5.81827356375452e-06,aih_only,0,2,0,2,,7.52113497181432e-06,,,5.81827356375452e-06,9.22399637987411e-06,,FALSE,FALSE,FALSE,FALSE,,AIH
CCL2-CCR2,Vascular endothelial cell,CD8+ T cell 2,,,1.99917468484223e-06,9.07263644967876e-07,aih_only,0,2,0,2,,1.45321916490505e-06,,,9.07263644967876e-07,1.99917468484223e-06,,FALSE,FALSE,FALSE,FALSE,,AIH
CCL2-CCR2,Vascular endothelial cell,CD8+ T cell 3,,,1.03443309953788e-05,4.14483013988612e-06,aih_only,0,2,0,2,,7.24458056763244e-06,,,4.14483013988612e-06,1.03443309953788e-05,,FALSE,FALSE,FALSE,FALSE,,AIH
CCL2-CCR2,Vascular endothelial cell,Cholangiocyte,,,1.17459155256175e-05,5.35766695549859e-06,aih_only,0,2,0,2,,8.55179124055807e-06,,,5.35766695549859e-06,1.17459155256175e-05,,FALSE,FALSE,FALSE,FALSE,,AIH
CCL2-CCR2,Vascular endothelial cell,Hepatocyte 1,,,9.90073247596147e-07,6.84290627935065e-07,aih_only,0,2,0,2,,8.37181937765606e-07,,,6.84290627935065e-07,9.90073247596147e-07,,FALSE,FALSE,FALSE,FALSE,,AIH
CCL2-CCR2,Vascular endothelial cell,Hepatocyte 2,,,1.18322482999498e-06,3.19584316368363e-07,aih_only,0,2,0,2,,7.5140457318167e-07,,,3.19584316368363e-07,1.18322482999498e-06,,FALSE,FALSE,FALSE,FALSE,,AIH
CCL2-CCR2,Vascular endothelial cell,Hepatocyte 3,,,1.82691114105276e-07,4.34997519671267e-07,aih_only,0,2,0,2,,3.08844316888271e-07,,,1.82691114105276e-07,4.34997519671267e-07,,FALSE,FALSE,FALSE,FALSE,,AIH
CCL2-CCR2,Vascular endothelial cell,Hepatocyte 4,,,1.70436501706601e-06,9.62058049023241e-07,aih_only,0,2,0,2,,1.33321153304463e-06,,,9.62058049023241e-07,1.70436501706601e-06,,FALSE,FALSE,FALSE,FALSE,,AIH
CCL2-CCR2,Vascular endothelial cell,Ig+ hepatocyte,,,1.13403582680279e-05,4.68287311878117e-06,aih_only,0,2,0,2,,8.01161569340455e-06,,,4.68287311878117e-06,1.13403582680279e-05,,FALSE,FALSE,FALSE,FALSE,,AIH
CCL2-CCR2,Vascular endothelial cell,IgG+ B cell,,,1.25395163355016e-05,1.40052194871176e-05,aih_only,0,2,0,2,,1.32723679113096e-05,,,1.25395163355016e-05,1.40052194871176e-05,,FALSE,FALSE,FALSE,FALSE,,AIH
CCL2-CCR2,Vascular endothelial cell,IgG+ plasmablast / plasma cell,,,4.59784464605774e-05,4.49366840375638e-05,aih_only,0,2,0,2,,4.54575652490706e-05,,,4.49366840375638e-05,4.59784464605774e-05,,FALSE,FALSE,FALSE,FALSE,,AIH
CCL2-CCR2,Vascular endothelial cell,IgM+ B cell,,,4.21116398320856e-05,2.48525902356097e-05,aih_only,0,2,0,2,,3.34821150338477e-05,,,2.48525902356097e-05,4.21116398320856e-05,,FALSE,FALSE,FALSE,FALSE,,AIH
CCL2-CCR2,Vascular endothelial cell,Macrophage 1,,,9.36312520470923e-06,3.51371268594063e-06,aih_only,0,2,0,2,,6.43841894532493e-06,,,3.51371268594063e-06,9.36312520470923e-06,,FALSE,FALSE,FALSE,FALSE,,AIH
CCL2-CCR2,Vascular endothelial cell,Macrophage 2,,,2.99557926148585e-05,1.65930913551946e-05,aih_only,0,2,0,2,,2.32744419850265e-05,,,1.65930913551946e-05,2.99557926148585e-05,,FALSE,FALSE,FALSE,FALSE,,AIH
CCL2-CCR2,Vascular endothelial cell,Sinusoidal endothelial cell,,,1.81202376375873e-06,1.10709897332441e-06,aih_only,0,2,0,2,,1.45956136854157e-06,,,1.10709897332441e-06,1.81202376375873e-06,,FALSE,FALSE,FALSE,FALSE,,AIH
CCL2-CCR2,Vascular endothelial cell,Stellate cell,,,7.82761248778691e-06,5.92330227730688e-06,aih_only,0,2,0,2,,6.87545738254689e-06,,,5.92330227730688e-06,7.82761248778691e-06,,FALSE,FALSE,FALSE,FALSE,,AIH
CCL2-CCR2,Vascular endothelial cell,Vascular endothelial cell,,,1.90094771580561e-05,1.2260424849474e-05,aih_only,0,2,0,2,,1.56349510037651e-05,,,1.2260424849474e-05,1.90094771580561e-05,,FALSE,FALSE,FALSE,FALSE,,AIH
CCL4-CCR5,CD4+ T cell,CD4+ T cell,,,1.34994762948439e-05,2.0627492551256e-05,aih_only,0,2,0,2,,1.70634844230499e-05,,,1.34994762948439e-05,2.0627492551256e-05,,FALSE,FALSE,FALSE,FALSE,,AIH
CCL4-CCR5,CD4+ T cell,CD8+ T cell 1,,,8.02926571183875e-06,8.26984918373992e-06,aih_only,0,2,0,2,,8.14955744778934e-06,,,8.02926571183875e-06,8.26984918373992e-06,,FALSE,FALSE,FALSE,FALSE,,AIH
CCL4-CCR5,CD4+ T cell,CD8+ T cell 2,,,2.62353191486536e-06,3.39647296284576e-06,aih_only,0,2,0,2,,3.01000243885556e-06,,,2.62353191486536e-06,3.39647296284576e-06,,FALSE,FALSE,FALSE,FALSE,,AIH
CCL4-CCR5,CD4+ T cell,CD8+ T cell 3,,,4.41012613502681e-06,8.97350683496099e-06,aih_only,0,2,0,2,,6.6918164849939e-06,,,4.41012613502681e-06,8.97350683496099e-06,,FALSE,FALSE,FALSE,FALSE,,AIH
CCL4-CCR5,CD4+ T cell,Cholangiocyte,,,3.29665462808979e-06,2.78661933657601e-06,aih_only,0,2,0,2,,3.0416369823329e-06,,,2.78661933657601e-06,3.29665462808979e-06,,FALSE,FALSE,FALSE,FALSE,,AIH
CCL4-CCR5,CD4+ T cell,Hepatocyte 1,,,2.1861975162401e-07,3.83990102393661e-07,aih_only,0,2,0,2,,3.01304927008836e-07,,,2.1861975162401e-07,3.83990102393661e-07,,FALSE,FALSE,FALSE,FALSE,,AIH
CCL4-CCR5,CD4+ T cell,Hepatocyte 2,,,1.99592819133927e-07,3.71166681583753e-07,aih_only,0,2,0,2,,2.8537975035884e-07,,,1.99592819133927e-07,3.71166681583753e-07,,FALSE,FALSE,FALSE,FALSE,,AIH
CCL4-CCR5,CD4+ T cell,Hepatocyte 3,,,2.90972563562697e-07,7.632993334326e-07,aih_only,0,2,0,2,,5.27135948497648e-07,,,2.90972563562697e-07,7.632993334326e-07,,FALSE,FALSE,FALSE,FALSE,,AIH
CCL4-CCR5,CD4+ T cell,Hepatocyte 4,,,2.61066371061069e-07,3.97493001302049e-07,aih_only,0,2,0,2,,3.29279686181559e-07,,,2.61066371061069e-07,3.97493001302049e-07,,FALSE,FALSE,FALSE,FALSE,,AIH
CCL4-CCR5,CD4+ T cell,Ig+ hepatocyte,,,1.02486518002903e-06,1.0578141598474e-06,aih_only,0,2,0,2,,1.04133966993822e-06,,,1.02486518002903e-06,1.0578141598474e-06,,FALSE,FALSE,FALSE,FALSE,,AIH
CCL4-CCR5,CD4+ T cell,IgG+ B cell,,,1.28559919737545e-06,1.68591118518108e-06,aih_only,0,2,0,2,,1.48575519127826e-06,,,1.28559919737545e-06,1.68591118518108e-06,,FALSE,FALSE,FALSE,FALSE,,AIH
CCL4-CCR5,CD4+ T cell,IgG+ plasmablast / plasma cell,,,2.18271104793512e-06,3.09048287197848e-06,aih_only,0,2,0,2,,2.6365969599568e-06,,,2.18271104793512e-06,3.09048287197848e-06,,FALSE,FALSE,FALSE,FALSE,,AIH
CCL4-CCR5,CD4+ T cell,IgM+ B cell,,,1.05671077442671e-05,1.37414322573359e-05,aih_only,0,2,0,2,,1.21542700008015e-05,,,1.05671077442671e-05,1.37414322573359e-05,,FALSE,FALSE,FALSE,FALSE,,AIH
CCL4-CCR5,CD4+ T cell,Macrophage 1,,,2.48915816626741e-06,3.64348540827484e-06,aih_only,0,2,0,2,,3.06632178727113e-06,,,2.48915816626741e-06,3.64348540827484e-06,,FALSE,FALSE,FALSE,FALSE,,AIH
CCL4-CCR5,CD4+ T cell,Macrophage 2,,,4.25087453832504e-06,4.72054921683907e-06,aih_only,0,2,0,2,,4.48571187758205e-06,,,4.25087453832504e-06,4.72054921683907e-06,,FALSE,FALSE,FALSE,FALSE,,AIH
CCL4-CCR5,CD4+ T cell,Sinusoidal endothelial cell,,,8.20990131601346e-07,6.59200921974985e-07,aih_only,0,2,0,2,,7.40095526788166e-07,,,6.59200921974985e-07,8.20990131601346e-07,,FALSE,FALSE,FALSE,FALSE,,AIH
CCL4-CCR5,CD4+ T cell,Stellate cell,,,1.72373578597931e-06,2.68611099764158e-06,aih_only,0,2,0,2,,2.20492339181045e-06,,,1.72373578597931e-06,2.68611099764158e-06,,FALSE,FALSE,FALSE,FALSE,,AIH
CCL4-CCR5,CD4+ T cell,Vascular endothelial cell,,,3.23932702278378e-06,2.38949177722951e-06,aih_only,0,2,0,2,,2.81440940000664e-06,,,2.38949177722951e-06,3.23932702278378e-06,,FALSE,FALSE,FALSE,FALSE,,AIH
CCL4-CCR5,CD8+ T cell 1,CD4+ T cell,,,2.25091693095621e-05,2.78041878690757e-05,aih_only,0,2,0,2,,2.51566785893189e-05,,,2.25091693095621e-05,2.78041878690757e-05,,FALSE,FALSE,FALSE,FALSE,,AIH
CCL4-CCR5,CD8+ T cell 1,CD8+ T cell 1,,,4.55062533150722e-05,5.20505223764213e-05,aih_only,0,2,0,2,,4.87783878457468e-05,,,4.55062533150722e-05,5.20505223764213e-05,,FALSE,FALSE,FALSE,FALSE,,AIH
CCL4-CCR5,CD8+ T cell 1,CD8+ T cell 2,,,3.46438401277298e-05,2.99779096793143e-05,aih_only,0,2,0,2,,3.23108749035221e-05,,,2.99779096793143e-05,3.46438401277298e-05,,FALSE,FALSE,FALSE,FALSE,,AIH
CCL4-CCR5,CD8+ T cell 1,CD8+ T cell 3,,,2.92286294808758e-05,4.6595268568681e-05,aih_only,0,2,0,2,,3.79119490247784e-05,,,2.92286294808758e-05,4.6595268568681e-05,,FALSE,FALSE,FALSE,FALSE,,AIH
CCL4-CCR5,CD8+ T cell 1,Cholangiocyte,,,8.88669270319526e-06,7.32924422045568e-06,aih_only,0,2,0,2,,8.10796846182547e-06,,,7.32924422045568e-06,8.88669270319526e-06,,FALSE,FALSE,FALSE,FALSE,,AIH
CCL4-CCR5,CD8+ T cell 1,Hepatocyte 1,,,3.43181792673819e-06,4.42597896366569e-06,aih_only,0,2,0,2,,3.92889844520194e-06,,,3.43181792673819e-06,4.42597896366569e-06,,FALSE,FALSE,FALSE,FALSE,,AIH
CCL4-CCR5,CD8+ T cell 1,Hepatocyte 2,,,3.89101515091207e-06,1.95877869999015e-06,aih_only,0,2,0,2,,2.92489692545111e-06,,,1.95877869999015e-06,3.89101515091207e-06,,FALSE,FALSE,FALSE,FALSE,,AIH
CCL4-CCR5,CD8+ T cell 1,Hepatocyte 3,,,2.02492976981351e-06,3.3874921729798e-06,aih_only,0,2,0,2,,2.70621097139666e-06,,,2.02492976981351e-06,3.3874921729798e-06,,FALSE,FALSE,FALSE,FALSE,,AIH
CCL4-CCR5,CD8+ T cell 1,Hepatocyte 4,,,2.67921806869145e-06,4.59198250135704e-06,aih_only,0,2,0,2,,3.63560028502424e-06,,,2.67921806869145e-06,4.59198250135704e-06,,FALSE,FALSE,FALSE,FALSE,,AIH
CCL4-CCR5,CD8+ T cell 1,Ig+ hepatocyte,,,5.18967853789858e-06,7.89488057685444e-06,aih_only,0,2,0,2,,6.54227955737651e-06,,,5.18967853789858e-06,7.89488057685444e-06,,FALSE,FALSE,FALSE,FALSE,,AIH
CCL4-CCR5,CD8+ T cell 1,IgG+ B cell,,,4.34860672860975e-06,2.55060820434315e-06,aih_only,0,2,0,2,,3.44960746647645e-06,,,2.55060820434315e-06,4.34860672860975e-06,,FALSE,FALSE,FALSE,FALSE,,AIH
CCL4-CCR5,CD8+ T cell 1,IgG+ plasmablast / plasma cell,,,6.6481747000793e-06,6.42403432158586e-06,aih_only,0,2,0,2,,6.53610451083258e-06,,,6.42403432158586e-06,6.6481747000793e-06,,FALSE,FALSE,FALSE,FALSE,,AIH
CCL4-CCR5,CD8+ T cell 1,IgM+ B cell,,,1.81748910246388e-05,1.65473208181274e-05,aih_only,0,2,0,2,,1.73611059213831e-05,,,1.65473208181274e-05,1.81748910246388e-05,,FALSE,FALSE,FALSE,FALSE,,AIH
CCL4-CCR5,CD8+ T cell 1,Macrophage 1,,,1.68500163986022e-05,2.26242355699372e-05,aih_only,0,2,0,2,,1.97371259842697e-05,,,1.68500163986022e-05,2.26242355699372e-05,,FALSE,FALSE,FALSE,FALSE,,AIH
CCL4-CCR5,CD8+ T cell 1,Macrophage 2,,,1.0166043541943e-05,1.29825756167627e-05,aih_only,0,2,0,2,,1.15743095793528e-05,,,1.0166043541943e-05,1.29825756167627e-05,,FALSE,FALSE,FALSE,FALSE,,AIH
CCL4-CCR5,CD8+ T cell 1,Sinusoidal endothelial cell,,,8.92447969589091e-06,7.48306663209852e-06,aih_only,0,2,0,2,,8.20377316399472e-06,,,7.48306663209852e-06,8.92447969589091e-06,,FALSE,FALSE,FALSE,FALSE,,AIH
CCL4-CCR5,CD8+ T cell 1,Stellate cell,,,6.14284454257202e-06,7.18188184412961e-06,aih_only,0,2,0,2,,6.66236319335081e-06,,,6.14284454257202e-06,7.18188184412961e-06,,FALSE,FALSE,FALSE,FALSE,,AIH
CCL4-CCR5,CD8+ T cell 1,Vascular endothelial cell,,,5.60506143837736e-06,6.24048245296429e-06,aih_only,0,2,0,2,,5.92277194567083e-06,,,5.60506143837736e-06,6.24048245296429e-06,,FALSE,FALSE,FALSE,FALSE,,AIH
CCL4-CCR5,CD8+ T cell 2,CD4+ T cell,,,1.22403850691547e-05,2.03002761422307e-05,aih_only,0,2,0,2,,1.62703306056927e-05,,,1.22403850691547e-05,2.03002761422307e-05,,FALSE,FALSE,FALSE,FALSE,,AIH
CCL4-CCR5,CD8+ T cell 2,CD8+ T cell 1,,,4.38096477825841e-05,4.5616180676648e-05,aih_only,0,2,0,2,,4.47129142296161e-05,,,4.38096477825841e-05,4.5616180676648e-05,,FALSE,FALSE,FALSE,FALSE,,AIH
CCL4-CCR5,CD8+ T cell 2,CD8+ T cell 2,,,0.000160536847898037,8.32229772037912e-05,aih_only,0,2,0,2,,0.000121879912550914,,,8.32229772037912e-05,0.000160536847898037,,FALSE,FALSE,FALSE,FALSE,,AIH
CCL4-CCR5,CD8+ T cell 2,CD8+ T cell 3,,,4.58126346976025e-05,5.40668156278185e-05,aih_only,0,2,0,2,,4.99397251627105e-05,,,4.58126346976025e-05,5.40668156278185e-05,,FALSE,FALSE,FALSE,FALSE,,AIH
CCL4-CCR5,CD8+ T cell 2,Cholangiocyte,,,3.36764767606202e-06,4.22054137005773e-06,aih_only,0,2,0,2,,3.79409452305988e-06,,,3.36764767606202e-06,4.22054137005773e-06,,FALSE,FALSE,FALSE,FALSE,,AIH
CCL4-CCR5,CD8+ T cell 2,Hepatocyte 1,,,1.16127840357639e-05,6.00435866896713e-06,aih_only,0,2,0,2,,8.80857135236551e-06,,,6.00435866896713e-06,1.16127840357639e-05,,FALSE,FALSE,FALSE,FALSE,,AIH
CCL4-CCR5,CD8+ T cell 2,Hepatocyte 2,,,9.60435456761795e-06,3.56690726152358e-06,aih_only,0,2,0,2,,6.58563091457077e-06,,,3.56690726152358e-06,9.60435456761795e-06,,FALSE,FALSE,FALSE,FALSE,,AIH
CCL4-CCR5,CD8+ T cell 2,Hepatocyte 3,,,4.58099348682679e-06,6.08562347996057e-06,aih_only,0,2,0,2,,5.33330848339368e-06,,,4.58099348682679e-06,6.08562347996057e-06,,FALSE,FALSE,FALSE,FALSE,,AIH
CCL4-CCR5,CD8+ T cell 2,Hepatocyte 4,,,9.65748051966901e-06,5.93210538998173e-06,aih_only,0,2,0,2,,7.79479295482537e-06,,,5.93210538998173e-06,9.65748051966901e-06,,FALSE,FALSE,FALSE,FALSE,,AIH
CCL4-CCR5,CD8+ T cell 2,Ig+ hepatocyte,,,5.83215047131225e-06,8.17245500710326e-06,aih_only,0,2,0,2,,7.00230273920776e-06,,,5.83215047131225e-06,8.17245500710326e-06,,FALSE,FALSE,FALSE,FALSE,,AIH
CCL4-CCR5,CD8+ T cell 2,IgG+ B cell,,,1.04137097870464e-06,2.2813781037723e-06,aih_only,0,2,0,2,,1.66137454123847e-06,,,1.04137097870464e-06,2.2813781037723e-06,,FALSE,FALSE,FALSE,FALSE,,AIH
CCL4-CCR5,CD8+ T cell 2,IgG+ plasmablast / plasma cell,,,4.12342271254688e-06,4.14190243902852e-06,aih_only,0,2,0,2,,4.1326625757877e-06,,,4.12342271254688e-06,4.14190243902852e-06,,FALSE,FALSE,FALSE,FALSE,,AIH
CCL4-CCR5,CD8+ T cell 2,IgM+ B cell,,,6.34949423461352e-06,1.17087031580022e-05,aih_only,0,2,0,2,,9.02909869630785e-06,,,6.34949423461352e-06,1.17087031580022e-05,,FALSE,FALSE,FALSE,FALSE,,AIH
CCL4-CCR5,CD8+ T cell 2,Macrophage 1,,,2.72466419060019e-05,2.6467965518889e-05,aih_only,0,2,0,2,,2.68573037124455e-05,,,2.6467965518889e-05,2.72466419060019e-05,,FALSE,FALSE,FALSE,FALSE,,AIH
CCL4-CCR5,CD8+ T cell 2,Macrophage 2,,,4.07110814797375e-06,1.1604013761383e-05,aih_only,0,2,0,2,,7.83756095467836e-06,,,4.07110814797375e-06,1.1604013761383e-05,,FALSE,FALSE,FALSE,FALSE,,AIH
CCL4-CCR5,CD8+ T cell 2,Sinusoidal endothelial cell,,,8.85455931754191e-06,7.88067539481842e-06,aih_only,0,2,0,2,,8.36761735618017e-06,,,7.88067539481842e-06,8.85455931754191e-06,,FALSE,FALSE,FALSE,FALSE,,AIH
CCL4-CCR5,CD8+ T cell 2,Stellate cell,,,3.20720995235883e-06,5.5818112402423e-06,aih_only,0,2,0,2,,4.39451059630056e-06,,,3.20720995235883e-06,5.5818112402423e-06,,FALSE,FALSE,FALSE,FALSE,,AIH
CCL4-CCR5,CD8+ T cell 2,Vascular endothelial cell,,,1.53641640676315e-06,3.73636960458875e-06,aih_only,0,2,0,2,,2.63639300567595e-06,,,1.53641640676315e-06,3.73636960458875e-06,,FALSE,FALSE,FALSE,FALSE,,AIH
CCL4-CCR5,CD8+ T cell 3,CD4+ T cell,,,1.31180097279275e-05,2.29535845728476e-05,aih_only,0,2,0,2,,1.80357971503876e-05,,,1.31180097279275e-05,2.29535845728476e-05,,FALSE,FALSE,FALSE,FALSE,,AIH
CCL4-CCR5,CD8+ T cell 3,CD8+ T cell 1,,,2.69971344384985e-05,3.5573439983649e-05,aih_only,0,2,0,2,,3.12852872110738e-05,,,2.69971344384985e-05,3.5573439983649e-05,,FALSE,FALSE,FALSE,FALSE,,AIH
CCL4-CCR5,CD8+ T cell 3,CD8+ T cell 2,,,4.48194747616837e-05,2.86609431074723e-05,aih_only,0,2,0,2,,3.6740208934578e-05,,,2.86609431074723e-05,4.48194747616837e-05,,FALSE,FALSE,FALSE,FALSE,,AIH
CCL4-CCR5,CD8+ T cell 3,CD8+ T cell 3,,,9.08576082564228e-05,0.000143095109473943,aih_only,0,2,0,2,,0.000116976358865183,,,9.08576082564228e-05,0.000143095109473943,,FALSE,FALSE,FALSE,FALSE,,AIH
CCL4-CCR5,CD8+ T cell 3,Cholangiocyte,,,6.27477518468343e-06,7.7102128345547e-06,aih_only,0,2,0,2,,6.99249400961907e-06,,,6.27477518468343e-06,7.7102128345547e-06,,FALSE,FALSE,FALSE,FALSE,,AIH
CCL4-CCR5,CD8+ T cell 3,Hepatocyte 1,,,3.98983530496123e-06,3.88886692545777e-06,aih_only,0,2,0,2,,3.9393511152095e-06,,,3.88886692545777e-06,3.98983530496123e-06,,FALSE,FALSE,FALSE,FALSE,,AIH
CCL4-CCR5,CD8+ T cell 3,Hepatocyte 2,,,3.02686983874539e-06,2.11310074639607e-06,aih_only,0,2,0,2,,2.56998529257073e-06,,,2.11310074639607e-06,3.02686983874539e-06,,FALSE,FALSE,FALSE,FALSE,,AIH
CCL4-CCR5,CD8+ T cell 3,Hepatocyte 3,,,2.78114695714673e-07,3.97846047507566e-06,aih_only,0,2,0,2,,2.12828758539517e-06,,,2.78114695714673e-07,3.97846047507566e-06,,FALSE,FALSE,FALSE,FALSE,,AIH
CCL4-CCR5,CD8+ T cell 3,Hepatocyte 4,,,1.18594687322626e-06,2.67059447649125e-06,aih_only,0,2,0,2,,1.92827067485875e-06,,,1.18594687322626e-06,2.67059447649125e-06,,FALSE,FALSE,FALSE,FALSE,,AIH
CCL4-CCR5,CD8+ T cell 3,Ig+ hepatocyte,,,3.83821379393289e-06,4.01750350349234e-06,aih_only,0,2,0,2,,3.92785864871262e-06,,,3.83821379393289e-06,4.01750350349234e-06,,FALSE,FALSE,FALSE,FALSE,,AIH
CCL4-CCR5,CD8+ T cell 3,IgG+ B cell,,,2.80630742118639e-06,2.40233879673073e-06,aih_only,0,2,0,2,,2.60432310895856e-06,,,2.40233879673073e-06,2.80630742118639e-06,,FALSE,FALSE,FALSE,FALSE,,AIH
CCL4-CCR5,CD8+ T cell 3,IgG+ plasmablast / plasma cell,,,4.24974239670447e-06,5.87402669479663e-06,aih_only,0,2,0,2,,5.06188454575055e-06,,,4.24974239670447e-06,5.87402669479663e-06,,FALSE,FALSE,FALSE,FALSE,,AIH
CCL4-CCR5,CD8+ T cell 3,IgM+ B cell,,,7.96442984489088e-06,1.22781426730147e-05,aih_only,0,2,0,2,,1.01212862589528e-05,,,7.96442984489088e-06,1.22781426730147e-05,,FALSE,FALSE,FALSE,FALSE,,AIH
CCL4-CCR5,CD8+ T cell 3,Macrophage 1,,,1.43386906584087e-05,1.77962535099212e-05,aih_only,0,2,0,2,,1.6067472084165e-05,,,1.43386906584087e-05,1.77962535099212e-05,,FALSE,FALSE,FALSE,FALSE,,AIH
CCL4-CCR5,CD8+ T cell 3,Macrophage 2,,,5.93848907616593e-06,9.01020743918649e-06,aih_only,0,2,0,2,,7.47434825767621e-06,,,5.93848907616593e-06,9.01020743918649e-06,,FALSE,FALSE,FALSE,FALSE,,AIH
CCL4-CCR5,CD8+ T cell 3,Sinusoidal endothelial cell,,,5.12939612581788e-06,7.13756962292499e-06,aih_only,0,2,0,2,,6.13348287437144e-06,,,5.12939612581788e-06,7.13756962292499e-06,,FALSE,FALSE,FALSE,FALSE,,AIH
CCL4-CCR5,CD8+ T cell 3,Stellate cell,,,2.78517528207787e-06,4.3242333699402e-06,aih_only,0,2,0,2,,3.55470432600903e-06,,,2.78517528207787e-06,4.3242333699402e-06,,FALSE,FALSE,FALSE,FALSE,,AIH
CCL4-CCR5,CD8+ T cell 3,Vascular endothelial cell,,,4.07126267998166e-06,4.10306666228491e-06,aih_only,0,2,0,2,,4.08716467113329e-06,,,4.07126267998166e-06,4.10306666228491e-06,,FALSE,FALSE,FALSE,FALSE,,AIH
CCL4-CCR5,Cholangiocyte,CD4+ T cell,,,6.25240722684951e-06,5.82380845299411e-06,aih_only,0,2,0,2,,6.03810783992181e-06,,,5.82380845299411e-06,6.25240722684951e-06,,FALSE,FALSE,FALSE,FALSE,,AIH
CCL4-CCR5,Cholangiocyte,CD8+ T cell 1,,,6.17103502386174e-06,5.79405872543827e-06,aih_only,0,2,0,2,,5.98254687465e-06,,,5.79405872543827e-06,6.17103502386174e-06,,FALSE,FALSE,FALSE,FALSE,,AIH
CCL4-CCR5,Cholangiocyte,CD8+ T cell 2,,,1.97489701882476e-06,3.78981832022016e-06,aih_only,0,2,0,2,,2.88235766952246e-06,,,1.97489701882476e-06,3.78981832022016e-06,,FALSE,FALSE,FALSE,FALSE,,AIH
CCL4-CCR5,Cholangiocyte,CD8+ T cell 3,,,3.42974560870727e-06,7.14608479274659e-06,aih_only,0,2,0,2,,5.28791520072693e-06,,,3.42974560870727e-06,7.14608479274659e-06,,FALSE,FALSE,FALSE,FALSE,,AIH
CCL4-CCR5,Cholangiocyte,Cholangiocyte,,,9.34697704757293e-06,4.78872864606765e-06,aih_only,0,2,0,2,,7.06785284682029e-06,,,4.78872864606765e-06,9.34697704757293e-06,,FALSE,FALSE,FALSE,FALSE,,AIH
CCL4-CCR5,Cholangiocyte,Hepatocyte 1,,,3.01771208443374e-07,3.23307450213071e-07,aih_only,0,2,0,2,,3.12539329328222e-07,,,3.01771208443374e-07,3.23307450213071e-07,,FALSE,FALSE,FALSE,FALSE,,AIH
CCL4-CCR5,Cholangiocyte,Hepatocyte 2,,,2.771305548639e-07,7.7591385652837e-08,aih_only,0,2,0,2,,1.77360970258368e-07,,,7.7591385652837e-08,2.771305548639e-07,,FALSE,FALSE,FALSE,FALSE,,AIH
CCL4-CCR5,Cholangiocyte,Hepatocyte 3,,,2.68599180200375e-09,3.13079105803934e-07,aih_only,0,2,0,2,,1.57882548802969e-07,,,2.68599180200375e-09,3.13079105803934e-07,,FALSE,FALSE,FALSE,FALSE,,AIH
CCL4-CCR5,Cholangiocyte,Hepatocyte 4,,,1.57222112725423e-07,3.39135875557854e-07,aih_only,0,2,0,2,,2.48178994141638e-07,,,1.57222112725423e-07,3.39135875557854e-07,,FALSE,FALSE,FALSE,FALSE,,AIH
CCL4-CCR5,Cholangiocyte,Ig+ hepatocyte,,,7.99910793725332e-07,1.19857013518035e-06,aih_only,0,2,0,2,,9.99240464452842e-07,,,7.99910793725332e-07,1.19857013518035e-06,,FALSE,FALSE,FALSE,FALSE,,AIH
CCL4-CCR5,Cholangiocyte,IgG+ B cell,,,1.49871270817121e-06,1.22390753504142e-06,aih_only,0,2,0,2,,1.36131012160632e-06,,,1.22390753504142e-06,1.49871270817121e-06,,FALSE,FALSE,FALSE,FALSE,,AIH
CCL4-CCR5,Cholangiocyte,IgG+ plasmablast / plasma cell,,,1.81752985451421e-06,1.97841364488523e-06,aih_only,0,2,0,2,,1.89797174969972e-06,,,1.81752985451421e-06,1.97841364488523e-06,,FALSE,FALSE,FALSE,FALSE,,AIH
CCL4-CCR5,Cholangiocyte,IgM+ B cell,,,4.45055648182516e-06,4.12949456601646e-06,aih_only,0,2,0,2,,4.29002552392081e-06,,,4.12949456601646e-06,4.45055648182516e-06,,FALSE,FALSE,FALSE,FALSE,,AIH
CCL4-CCR5,Cholangiocyte,Macrophage 1,,,1.70636460937737e-06,2.04742741904643e-06,aih_only,0,2,0,2,,1.8768960142119e-06,,,1.70636460937737e-06,2.04742741904643e-06,,FALSE,FALSE,FALSE,FALSE,,AIH
CCL4-CCR5,Cholangiocyte,Macrophage 2,,,4.49040705823456e-06,2.93262924289974e-06,aih_only,0,2,0,2,,3.71151815056715e-06,,,2.93262924289974e-06,4.49040705823456e-06,,FALSE,FALSE,FALSE,FALSE,,AIH
CCL4-CCR5,Cholangiocyte,Sinusoidal endothelial cell,,,4.71329860530535e-07,4.76398856639565e-07,aih_only,0,2,0,2,,4.7386435858505e-07,,,4.71329860530535e-07,4.76398856639565e-07,,FALSE,FALSE,FALSE,FALSE,,AIH
CCL4-CCR5,Cholangiocyte,Stellate cell,,,1.38015492701032e-06,1.58114944909609e-06,aih_only,0,2,0,2,,1.48065218805321e-06,,,1.38015492701032e-06,1.58114944909609e-06,,FALSE,FALSE,FALSE,FALSE,,AIH
CCL4-CCR5,Cholangiocyte,Vascular endothelial cell,,,2.154800035626e-06,2.51173526833285e-06,aih_only,0,2,0,2,,2.33326765197943e-06,,,2.154800035626e-06,2.51173526833285e-06,,FALSE,FALSE,FALSE,FALSE,,AIH
CCL4-CCR5,Hepatocyte 1,CD4+ T cell,,,2.33391098158701e-06,3.02759243275491e-06,aih_only,0,2,0,2,,2.68075170717096e-06,,,2.33391098158701e-06,3.02759243275491e-06,,FALSE,FALSE,FALSE,FALSE,,AIH
CCL4-CCR5,Hepatocyte 1,CD8+ T cell 1,,,7.72475774413101e-06,7.16959542554829e-06,aih_only,0,2,0,2,,7.44717658483965e-06,,,7.16959542554829e-06,7.72475774413101e-06,,FALSE,FALSE,FALSE,FALSE,,AIH
CCL4-CCR5,Hepatocyte 1,CD8+ T cell 2,,,1.87190131703106e-05,6.87008226863611e-06,aih_only,0,2,0,2,,1.27945477194733e-05,,,6.87008226863611e-06,1.87190131703106e-05,,FALSE,FALSE,FALSE,FALSE,,AIH
CCL4-CCR5,Hepatocyte 1,CD8+ T cell 3,,,7.28227926761258e-06,8.12608244575044e-06,aih_only,0,2,0,2,,7.70418085668151e-06,,,7.28227926761258e-06,8.12608244575044e-06,,FALSE,FALSE,FALSE,FALSE,,AIH
CCL4-CCR5,Hepatocyte 1,Cholangiocyte,,,5.06416241259713e-07,7.28714500694794e-07,aih_only,0,2,0,2,,6.17565370977254e-07,,,5.06416241259713e-07,7.28714500694794e-07,,FALSE,FALSE,FALSE,FALSE,,AIH
CCL4-CCR5,Hepatocyte 1,Hepatocyte 1,,,2.54005928974879e-06,1.19018013746054e-06,aih_only,0,2,0,2,,1.86511971360467e-06,,,1.19018013746054e-06,2.54005928974879e-06,,FALSE,FALSE,FALSE,FALSE,,AIH
CCL4-CCR5,Hepatocyte 1,Hepatocyte 2,,,1.44632924047663e-06,5.60312691922059e-07,aih_only,0,2,0,2,,1.00332096619935e-06,,,5.60312691922059e-07,1.44632924047663e-06,,FALSE,FALSE,FALSE,FALSE,,AIH
CCL4-CCR5,Hepatocyte 1,Hepatocyte 3,,,5.51369670055136e-07,1.0762461854618e-06,aih_only,0,2,0,2,,8.13807927758468e-07,,,5.51369670055136e-07,1.0762461854618e-06,,FALSE,FALSE,FALSE,FALSE,,AIH
CCL4-CCR5,Hepatocyte 1,Hepatocyte 4,,,1.57771183125314e-06,1.04568031756572e-06,aih_only,0,2,0,2,,1.31169607440943e-06,,,1.04568031756572e-06,1.57771183125314e-06,,FALSE,FALSE,FALSE,FALSE,,AIH
CCL4-CCR5,Hepatocyte 1,Ig+ hepatocyte,,,1.35904382155791e-06,2.23314149079671e-06,aih_only,0,2,0,2,,1.79609265617731e-06,,,1.35904382155791e-06,2.23314149079671e-06,,FALSE,FALSE,FALSE,FALSE,,AIH
CCL4-CCR5,Hepatocyte 1,IgG+ B cell,,,2.59639563096722e-07,2.4432312878018e-07,aih_only,0,2,0,2,,2.51981345938451e-07,,,2.4432312878018e-07,2.59639563096722e-07,,FALSE,FALSE,FALSE,FALSE,,AIH
CCL4-CCR5,Hepatocyte 1,IgG+ plasmablast / plasma cell,,,6.93397944847943e-07,6.39822008729449e-07,aih_only,0,2,0,2,,6.66609976788696e-07,,,6.39822008729449e-07,6.93397944847943e-07,,FALSE,FALSE,FALSE,FALSE,,AIH
CCL4-CCR5,Hepatocyte 1,IgM+ B cell,,,1.01583412224957e-06,1.47140740628137e-06,aih_only,0,2,0,2,,1.24362076426547e-06,,,1.01583412224957e-06,1.47140740628137e-06,,FALSE,FALSE,FALSE,FALSE,,AIH
CCL4-CCR5,Hepatocyte 1,Macrophage 1,,,4.57345538159916e-06,4.31460850425404e-06,aih_only,0,2,0,2,,4.4440319429266e-06,,,4.31460850425404e-06,4.57345538159916e-06,,FALSE,FALSE,FALSE,FALSE,,AIH
CCL4-CCR5,Hepatocyte 1,Macrophage 2,,,7.17867480027409e-07,1.84388352058959e-06,aih_only,0,2,0,2,,1.2808755003085e-06,,,7.17867480027409e-07,1.84388352058959e-06,,FALSE,FALSE,FALSE,FALSE,,AIH
CCL4-CCR5,Hepatocyte 1,Sinusoidal endothelial cell,,,1.61357062134109e-06,1.2691314508967e-06,aih_only,0,2,0,2,,1.4413510361189e-06,,,1.2691314508967e-06,1.61357062134109e-06,,FALSE,FALSE,FALSE,FALSE,,AIH
CCL4-CCR5,Hepatocyte 1,Stellate cell,,,5.83690497812498e-07,9.36361078857187e-07,aih_only,0,2,0,2,,7.60025788334843e-07,,,5.83690497812498e-07,9.36361078857187e-07,,FALSE,FALSE,FALSE,FALSE,,AIH
CCL4-CCR5,Hepatocyte 1,Vascular endothelial cell,,,3.4743917397154e-07,4.30313587704849e-07,aih_only,0,2,0,2,,3.88876380838195e-07,,,3.4743917397154e-07,4.30313587704849e-07,,FALSE,FALSE,FALSE,FALSE,,AIH
CCL4-CCR5,Hepatocyte 2,CD4+ T cell,,,1.70078279183019e-06,1.82009896989717e-06,aih_only,0,2,0,2,,1.76044088086368e-06,,,1.70078279183019e-06,1.82009896989717e-06,,FALSE,FALSE,FALSE,FALSE,,AIH
CCL4-CCR5,Hepatocyte 2,CD8+ T cell 1,,,6.75893901673264e-06,4.96257036679002e-06,aih_only,0,2,0,2,,5.86075469176133e-06,,,4.96257036679002e-06,6.75893901673264e-06,,FALSE,FALSE,FALSE,FALSE,,AIH
CCL4-CCR5,Hepatocyte 2,CD8+ T cell 2,,,1.16863366363493e-05,4.88462147351001e-06,aih_only,0,2,0,2,,8.28547905492966e-06,,,4.88462147351001e-06,1.16863366363493e-05,,FALSE,FALSE,FALSE,FALSE,,AIH
CCL4-CCR5,Hepatocyte 2,CD8+ T cell 3,,,6.61913080668669e-06,5.18383102896009e-06,aih_only,0,2,0,2,,5.90148091782339e-06,,,5.18383102896009e-06,6.61913080668669e-06,,FALSE,FALSE,FALSE,FALSE,,AIH
CCL4-CCR5,Hepatocyte 2,Cholangiocyte,,,3.90868026146752e-07,3.38406862863875e-07,aih_only,0,2,0,2,,3.64637444505313e-07,,,3.38406862863875e-07,3.90868026146752e-07,,FALSE,FALSE,FALSE,FALSE,,AIH
CCL4-CCR5,Hepatocyte 2,Hepatocyte 1,,,1.48355071295428e-06,7.68807714862414e-07,aih_only,0,2,0,2,,1.12617921390835e-06,,,7.68807714862414e-07,1.48355071295428e-06,,FALSE,FALSE,FALSE,FALSE,,AIH
CCL4-CCR5,Hepatocyte 2,Hepatocyte 2,,,3.15411910388169e-06,7.9135542803552e-07,aih_only,0,2,0,2,,1.9727372659586e-06,,,7.9135542803552e-07,3.15411910388169e-06,,FALSE,FALSE,FALSE,FALSE,,AIH
CCL4-CCR5,Hepatocyte 2,Hepatocyte 3,,,8.25654554820429e-07,7.3723217917506e-07,aih_only,0,2,0,2,,7.81443366997745e-07,,,7.3723217917506e-07,8.25654554820429e-07,,FALSE,FALSE,FALSE,FALSE,,AIH
CCL4-CCR5,Hepatocyte 2,Hepatocyte 4,,,7.2720526384232e-07,6.20565356203404e-07,aih_only,0,2,0,2,,6.73885310022862e-07,,,6.20565356203404e-07,7.2720526384232e-07,,FALSE,FALSE,FALSE,FALSE,,AIH
CCL4-CCR5,Hepatocyte 2,Ig+ hepatocyte,,,2.09041074377065e-07,8.53679017642174e-07,aih_only,0,2,0,2,,5.31360046009619e-07,,,2.09041074377065e-07,8.53679017642174e-07,,FALSE,FALSE,FALSE,FALSE,,AIH
CCL4-CCR5,Hepatocyte 2,IgG+ B cell,,,8.81778524200052e-08,2.81512082135931e-07,aih_only,0,2,0,2,,1.84844967277968e-07,,,8.81778524200052e-08,2.81512082135931e-07,,FALSE,FALSE,FALSE,FALSE,,AIH
CCL4-CCR5,Hepatocyte 2,IgG+ plasmablast / plasma cell,,,9.02039069254907e-07,3.89710944099491e-07,aih_only,0,2,0,2,,6.45875006677199e-07,,,3.89710944099491e-07,9.02039069254907e-07,,FALSE,FALSE,FALSE,FALSE,,AIH
CCL4-CCR5,Hepatocyte 2,IgM+ B cell,,,9.99096614457882e-07,8.33109636605666e-07,aih_only,0,2,0,2,,9.16103125531774e-07,,,8.33109636605666e-07,9.99096614457882e-07,,FALSE,FALSE,FALSE,FALSE,,AIH
CCL4-CCR5,Hepatocyte 2,Macrophage 1,,,3.73707505264856e-06,2.9807926572045e-06,aih_only,0,2,0,2,,3.35893385492653e-06,,,2.9807926572045e-06,3.73707505264856e-06,,FALSE,FALSE,FALSE,FALSE,,AIH
CCL4-CCR5,Hepatocyte 2,Macrophage 2,,,7.18731061234373e-07,1.32259896362441e-06,aih_only,0,2,0,2,,1.02066501242939e-06,,,7.18731061234373e-07,1.32259896362441e-06,,FALSE,FALSE,FALSE,FALSE,,AIH
CCL4-CCR5,Hepatocyte 2,Sinusoidal endothelial cell,,,1.91852997488527e-06,1.20279746738913e-06,aih_only,0,2,0,2,,1.5606637211372e-06,,,1.20279746738913e-06,1.91852997488527e-06,,FALSE,FALSE,FALSE,FALSE,,AIH
CCL4-CCR5,Hepatocyte 2,Stellate cell,,,4.60609459302736e-07,6.58914367618918e-07,aih_only,0,2,0,2,,5.59761913460827e-07,,,4.60609459302736e-07,6.58914367618918e-07,,FALSE,FALSE,FALSE,FALSE,,AIH
CCL4-CCR5,Hepatocyte 2,Vascular endothelial cell,,,3.35752595145046e-07,2.834701673174e-07,aih_only,0,2,0,2,,3.09611381231223e-07,,,2.834701673174e-07,3.35752595145046e-07,,FALSE,FALSE,FALSE,FALSE,,AIH
CCL4-CCR5,Hepatocyte 3,CD4+ T cell,,,2.46103630060746e-06,2.58329036953712e-06,aih_only,0,2,0,2,,2.52216333507229e-06,,,2.46103630060746e-06,2.58329036953712e-06,,FALSE,FALSE,FALSE,FALSE,,AIH
CCL4-CCR5,Hepatocyte 3,CD8+ T cell 1,,,6.13813852352332e-06,3.44599870087731e-06,aih_only,0,2,0,2,,4.79206861220031e-06,,,3.44599870087731e-06,6.13813852352332e-06,,FALSE,FALSE,FALSE,FALSE,,AIH
CCL4-CCR5,Hepatocyte 3,CD8+ T cell 2,,,8.53806971976043e-06,3.3691335835152e-06,aih_only,0,2,0,2,,5.95360165163782e-06,,,3.3691335835152e-06,8.53806971976043e-06,,FALSE,FALSE,FALSE,FALSE,,AIH
CCL4-CCR5,Hepatocyte 3,CD8+ T cell 3,,,2.9219211007883e-06,3.80374229492475e-06,aih_only,0,2,0,2,,3.36283169785653e-06,,,2.9219211007883e-06,3.80374229492475e-06,,FALSE,FALSE,FALSE,FALSE,,AIH
CCL4-CCR5,Hepatocyte 3,Cholangiocyte,,,1.07189044256116e-06,4.37845632148694e-07,aih_only,0,2,0,2,,7.54868037354926e-07,,,4.37845632148694e-07,1.07189044256116e-06,,FALSE,FALSE,FALSE,FALSE,,AIH
CCL4-CCR5,Hepatocyte 3,Hepatocyte 1,,,1.39394510143787e-06,5.37401007080155e-07,aih_only,0,2,0,2,,9.65673054259013e-07,,,5.37401007080155e-07,1.39394510143787e-06,,FALSE,FALSE,FALSE,FALSE,,AIH
CCL4-CCR5,Hepatocyte 3,Hepatocyte 2,,,9.37626840018327e-07,2.4902776403374e-07,aih_only,0,2,0,2,,5.93327302026034e-07,,,2.4902776403374e-07,9.37626840018327e-07,,FALSE,FALSE,FALSE,FALSE,,AIH
CCL4-CCR5,Hepatocyte 3,Hepatocyte 3,,,3.15290240415668e-06,3.58707264525882e-07,aih_only,0,2,0,2,,1.75580483434128e-06,,,3.58707264525882e-07,3.15290240415668e-06,,FALSE,FALSE,FALSE,FALSE,,AIH
CCL4-CCR5,Hepatocyte 3,Hepatocyte 4,,,4.56041435436771e-07,6.35801172537549e-07,aih_only,0,2,0,2,,5.4592130398716e-07,,,4.56041435436771e-07,6.35801172537549e-07,,FALSE,FALSE,FALSE,FALSE,,AIH
CCL4-CCR5,Hepatocyte 3,Ig+ hepatocyte,,,1.08401329088739e-06,8.70438182032405e-07,aih_only,0,2,0,2,,9.77225736459897e-07,,,8.70438182032405e-07,1.08401329088739e-06,,FALSE,FALSE,FALSE,FALSE,,AIH
CCL4-CCR5,Hepatocyte 3,IgG+ B cell,,,2.05234969849901e-07,4.03188160026041e-07,aih_only,0,2,0,2,,3.04211564937971e-07,,,2.05234969849901e-07,4.03188160026041e-07,,FALSE,FALSE,FALSE,FALSE,,AIH
CCL4-CCR5,Hepatocyte 3,IgG+ plasmablast / plasma cell,,,6.97702923753282e-07,3.09844566081823e-07,aih_only,0,2,0,2,,5.03773744917553e-07,,,3.09844566081823e-07,6.97702923753282e-07,,FALSE,FALSE,FALSE,FALSE,,AIH
CCL4-CCR5,Hepatocyte 3,IgM+ B cell,,,1.92960960207038e-06,8.63923613792271e-07,aih_only,0,2,0,2,,1.39676660793132e-06,,,8.63923613792271e-07,1.92960960207038e-06,,FALSE,FALSE,FALSE,FALSE,,AIH
CCL4-CCR5,Hepatocyte 3,Macrophage 1,,,2.60736874730844e-06,2.37081201425642e-06,aih_only,0,2,0,2,,2.48909038078243e-06,,,2.37081201425642e-06,2.60736874730844e-06,,FALSE,FALSE,FALSE,FALSE,,AIH
CCL4-CCR5,Hepatocyte 3,Macrophage 2,,,1.07435299739049e-06,1.2261040290715e-06,aih_only,0,2,0,2,,1.150228513231e-06,,,1.07435299739049e-06,1.2261040290715e-06,,FALSE,FALSE,FALSE,FALSE,,AIH
CCL4-CCR5,Hepatocyte 3,Sinusoidal endothelial cell,,,1.29674738005995e-06,2.44344227331732e-07,aih_only,0,2,0,2,,7.7054580369584e-07,,,2.44344227331732e-07,1.29674738005995e-06,,FALSE,FALSE,FALSE,FALSE,,AIH
CCL4-CCR5,Hepatocyte 3,Stellate cell,,,9.17067483323625e-07,3.85434516385228e-07,aih_only,0,2,0,2,,6.51250999854427e-07,,,3.85434516385228e-07,9.17067483323625e-07,,FALSE,FALSE,FALSE,FALSE,,AIH
CCL4-CCR5,Hepatocyte 3,Vascular endothelial cell,,,4.86915999575494e-07,5.68016475215766e-07,aih_only,0,2,0,2,,5.2746623739563e-07,,,4.86915999575494e-07,5.68016475215766e-07,,FALSE,FALSE,FALSE,FALSE,,AIH
CCL4-CCR5,Hepatocyte 4,CD4+ T cell,,,1.27726675416126e-06,2.12885903188313e-06,aih_only,0,2,0,2,,1.7030628930222e-06,,,1.27726675416126e-06,2.12885903188313e-06,,FALSE,FALSE,FALSE,FALSE,,AIH
CCL4-CCR5,Hepatocyte 4,CD8+ T cell 1,,,7.80175292703219e-06,6.6116019627499e-06,aih_only,0,2,0,2,,7.20667744489105e-06,,,6.6116019627499e-06,7.80175292703219e-06,,FALSE,FALSE,FALSE,FALSE,,AIH
CCL4-CCR5,Hepatocyte 4,CD8+ T cell 2,,,1.89153823338798e-05,7.226817872293e-06,aih_only,0,2,0,2,,1.30711001030864e-05,,,7.226817872293e-06,1.89153823338798e-05,,FALSE,FALSE,FALSE,FALSE,,AIH
CCL4-CCR5,Hepatocyte 4,CD8+ T cell 3,,,1.15491948173783e-05,7.46274776703267e-06,aih_only,0,2,0,2,,9.50597129220547e-06,,,7.46274776703267e-06,1.15491948173783e-05,,FALSE,FALSE,FALSE,FALSE,,AIH
CCL4-CCR5,Hepatocyte 4,Cholangiocyte,,,2.53421619921487e-07,3.45756465632866e-07,aih_only,0,2,0,2,,2.99589042777176e-07,,,2.53421619921487e-07,3.45756465632866e-07,,FALSE,FALSE,FALSE,FALSE,,AIH
CCL4-CCR5,Hepatocyte 4,Hepatocyte 1,,,1.70364545194594e-06,8.86613586546076e-07,aih_only,0,2,0,2,,1.29512951924601e-06,,,8.86613586546076e-07,1.70364545194594e-06,,FALSE,FALSE,FALSE,FALSE,,AIH
CCL4-CCR5,Hepatocyte 4,Hepatocyte 2,,,1.24182014834804e-06,4.7430968462849e-07,aih_only,0,2,0,2,,8.58064916488263e-07,,,4.7430968462849e-07,1.24182014834804e-06,,FALSE,FALSE,FALSE,FALSE,,AIH
CCL4-CCR5,Hepatocyte 4,Hepatocyte 3,,,1.07439371389582e-07,7.05604718818528e-07,aih_only,0,2,0,2,,4.06522045104055e-07,,,1.07439371389582e-07,7.05604718818528e-07,,FALSE,FALSE,FALSE,FALSE,,AIH
CCL4-CCR5,Hepatocyte 4,Hepatocyte 4,,,7.84376698557742e-06,2.44392409417561e-06,aih_only,0,2,0,2,,5.14384553987652e-06,,,2.44392409417561e-06,7.84376698557742e-06,,FALSE,FALSE,FALSE,FALSE,,AIH
CCL4-CCR5,Hepatocyte 4,Ig+ hepatocyte,,,1.41940692371878e-06,9.36851723594568e-07,aih_only,0,2,0,2,,1.17812932365667e-06,,,9.36851723594568e-07,1.41940692371878e-06,,FALSE,FALSE,FALSE,FALSE,,AIH
CCL4-CCR5,Hepatocyte 4,IgG+ B cell,,,1.60738671249303e-07,3.15384134333165e-07,aih_only,0,2,0,2,,2.38061402791234e-07,,,1.60738671249303e-07,3.15384134333165e-07,,FALSE,FALSE,FALSE,FALSE,,AIH
CCL4-CCR5,Hepatocyte 4,IgG+ plasmablast / plasma cell,,,5.9796963162809e-07,4.49744211647835e-07,aih_only,0,2,0,2,,5.23856921637963e-07,,,4.49744211647835e-07,5.9796963162809e-07,,FALSE,FALSE,FALSE,FALSE,,AIH
CCL4-CCR5,Hepatocyte 4,IgM+ B cell,,,8.55713508195889e-07,1.28951649858004e-06,aih_only,0,2,0,2,,1.07261500338797e-06,,,8.55713508195889e-07,1.28951649858004e-06,,FALSE,FALSE,FALSE,FALSE,,AIH
CCL4-CCR5,Hepatocyte 4,Macrophage 1,,,5.25835824332751e-06,3.55176068367384e-06,aih_only,0,2,0,2,,4.40505946350068e-06,,,3.55176068367384e-06,5.25835824332751e-06,,FALSE,FALSE,FALSE,FALSE,,AIH
CCL4-CCR5,Hepatocyte 4,Macrophage 2,,,4.71654406983955e-07,1.54731766507589e-06,aih_only,0,2,0,2,,1.00948603602992e-06,,,4.71654406983955e-07,1.54731766507589e-06,,FALSE,FALSE,FALSE,FALSE,,AIH
CCL4-CCR5,Hepatocyte 4,Sinusoidal endothelial cell,,,1.10934667310598e-06,1.04693501041343e-06,aih_only,0,2,0,2,,1.0781408417597e-06,,,1.04693501041343e-06,1.10934667310598e-06,,FALSE,FALSE,FALSE,FALSE,,AIH
CCL4-CCR5,Hepatocyte 4,Stellate cell,,,6.43511698625594e-07,6.96210335138537e-07,aih_only,0,2,0,2,,6.69861016882066e-07,,,6.43511698625594e-07,6.96210335138537e-07,,FALSE,FALSE,FALSE,FALSE,,AIH
CCL4-CCR5,Hepatocyte 4,Vascular endothelial cell,,,1.57803189407714e-07,4.63771149281082e-07,aih_only,0,2,0,2,,3.10787169344398e-07,,,1.57803189407714e-07,4.63771149281082e-07,,FALSE,FALSE,FALSE,FALSE,,AIH
CCL4-CCR5,Ig+ hepatocyte,CD4+ T cell,,,2.38536471048816e-06,3.1521526449248e-06,aih_only,0,2,0,2,,2.76875867770648e-06,,,2.38536471048816e-06,3.1521526449248e-06,,FALSE,FALSE,FALSE,FALSE,,AIH
CCL4-CCR5,Ig+ hepatocyte,CD8+ T cell 1,,,7.50529260294355e-06,6.93459714569482e-06,aih_only,0,2,0,2,,7.21994487431919e-06,,,6.93459714569482e-06,7.50529260294355e-06,,FALSE,FALSE,FALSE,FALSE,,AIH
CCL4-CCR5,Ig+ hepatocyte,CD8+ T cell 2,,,1.05109371433059e-05,4.21731079329639e-06,aih_only,0,2,0,2,,7.36412396830116e-06,,,4.21731079329639e-06,1.05109371433059e-05,,FALSE,FALSE,FALSE,FALSE,,AIH
CCL4-CCR5,Ig+ hepatocyte,CD8+ T cell 3,,,5.01447888213388e-06,6.8177630527814e-06,aih_only,0,2,0,2,,5.91612096745764e-06,,,5.01447888213388e-06,6.8177630527814e-06,,FALSE,FALSE,FALSE,FALSE,,AIH
CCL4-CCR5,Ig+ hepatocyte,Cholangiocyte,,,4.23364768693205e-07,1.08688830683402e-06,aih_only,0,2,0,2,,7.55126537763613e-07,,,4.23364768693205e-07,1.08688830683402e-06,,FALSE,FALSE,FALSE,FALSE,,AIH
CCL4-CCR5,Ig+ hepatocyte,Hepatocyte 1,,,1.8969830013195e-06,1.26662457840839e-06,aih_only,0,2,0,2,,1.58180378986394e-06,,,1.26662457840839e-06,1.8969830013195e-06,,FALSE,FALSE,FALSE,FALSE,,AIH
CCL4-CCR5,Ig+ hepatocyte,Hepatocyte 2,,,8.92324963018748e-07,3.01141093207886e-07,aih_only,0,2,0,2,,5.96733028113317e-07,,,3.01141093207886e-07,8.92324963018748e-07,,FALSE,FALSE,FALSE,FALSE,,AIH
CCL4-CCR5,Ig+ hepatocyte,Hepatocyte 3,,,9.81185815294372e-08,1.22779381192827e-06,aih_only,0,2,0,2,,6.62956196728855e-07,,,9.81185815294372e-08,1.22779381192827e-06,,FALSE,FALSE,FALSE,FALSE,,AIH
CCL4-CCR5,Ig+ hepatocyte,Hepatocyte 4,,,2.98594648517877e-07,4.65828965868706e-07,aih_only,0,2,0,2,,3.82211807193291e-07,,,2.98594648517877e-07,4.65828965868706e-07,,FALSE,FALSE,FALSE,FALSE,,AIH
CCL4-CCR5,Ig+ hepatocyte,Ig+ hepatocyte,,,1.42626883940937e-05,1.24226960573146e-05,aih_only,0,2,0,2,,1.33426922257042e-05,,,1.24226960573146e-05,1.42626883940937e-05,,FALSE,FALSE,FALSE,FALSE,,AIH
CCL4-CCR5,Ig+ hepatocyte,IgG+ B cell,,,4.99319471810471e-07,4.72376970027517e-07,aih_only,0,2,0,2,,4.85848220918994e-07,,,4.72376970027517e-07,4.99319471810471e-07,,FALSE,FALSE,FALSE,FALSE,,AIH
CCL4-CCR5,Ig+ hepatocyte,IgG+ plasmablast / plasma cell,,,1.37446894040025e-06,1.19615473398132e-06,aih_only,0,2,0,2,,1.28531183719079e-06,,,1.19615473398132e-06,1.37446894040025e-06,,FALSE,FALSE,FALSE,FALSE,,AIH
CCL4-CCR5,Ig+ hepatocyte,IgM+ B cell,,,1.00333816109467e-06,9.90093081502163e-07,aih_only,0,2,0,2,,9.96715621298417e-07,,,9.90093081502163e-07,1.00333816109467e-06,,FALSE,FALSE,FALSE,FALSE,,AIH
CCL4-CCR5,Ig+ hepatocyte,Macrophage 1,,,4.16880409162238e-06,4.12506616943318e-06,aih_only,0,2,0,2,,4.14693513052778e-06,,,4.12506616943318e-06,4.16880409162238e-06,,FALSE,FALSE,FALSE,FALSE,,AIH
CCL4-CCR5,Ig+ hepatocyte,Macrophage 2,,,1.37563941780133e-06,1.99088580902143e-06,aih_only,0,2,0,2,,1.68326261341138e-06,,,1.37563941780133e-06,1.99088580902143e-06,,FALSE,FALSE,FALSE,FALSE,,AIH
CCL4-CCR5,Ig+ hepatocyte,Sinusoidal endothelial cell,,,1.10207159920237e-06,1.1774499518252e-06,aih_only,0,2,0,2,,1.13976077551379e-06,,,1.10207159920237e-06,1.1774499518252e-06,,FALSE,FALSE,FALSE,FALSE,,AIH
CCL4-CCR5,Ig+ hepatocyte,Stellate cell,,,6.02485418821203e-07,1.68085086770367e-06,aih_only,0,2,0,2,,1.14166814326244e-06,,,6.02485418821203e-07,1.68085086770367e-06,,FALSE,FALSE,FALSE,FALSE,,AIH
CCL4-CCR5,Ig+ hepatocyte,Vascular endothelial cell,,,3.53137901837599e-07,1.08387752641952e-06,aih_only,0,2,0,2,,7.18507714128562e-07,,,3.53137901837599e-07,1.08387752641952e-06,,FALSE,FALSE,FALSE,FALSE,,AIH
CCL4-CCR5,IgG+ B cell,CD4+ T cell,,,3.90663862613615e-06,4.67458656259481e-06,aih_only,0,2,0,2,,4.29061259436548e-06,,,3.90663862613615e-06,4.67458656259481e-06,,FALSE,FALSE,FALSE,FALSE,,AIH
CCL4-CCR5,IgG+ B cell,CD8+ T cell 1,,,5.01526118293486e-06,2.2603078858808e-06,aih_only,0,2,0,2,,3.63778453440783e-06,,,2.2603078858808e-06,5.01526118293486e-06,,FALSE,FALSE,FALSE,FALSE,,AIH
CCL4-CCR5,IgG+ B cell,CD8+ T cell 2,,,1.00730335194804e-06,7.2942929831399e-07,aih_only,0,2,0,2,,8.68366325131014e-07,,,7.2942929831399e-07,1.00730335194804e-06,,FALSE,FALSE,FALSE,FALSE,,AIH
CCL4-CCR5,IgG+ B cell,CD8+ T cell 3,,,1.87767112474997e-06,1.86979316756907e-06,aih_only,0,2,0,2,,1.87373214615952e-06,,,1.86979316756907e-06,1.87767112474997e-06,,FALSE,FALSE,FALSE,FALSE,,AIH
CCL4-CCR5,IgG+ B cell,Cholangiocyte,,,2.46610706879877e-06,1.77077942994948e-06,aih_only,0,2,0,2,,2.11844324937412e-06,,,1.77077942994948e-06,2.46610706879877e-06,,FALSE,FALSE,FALSE,FALSE,,AIH
CCL4-CCR5,IgG+ B cell,Hepatocyte 1,,,1.93230165113896e-07,1.65449562891158e-07,aih_only,0,2,0,2,,1.79339864002527e-07,,,1.65449562891158e-07,1.93230165113896e-07,,FALSE,FALSE,FALSE,FALSE,,AIH
CCL4-CCR5,IgG+ B cell,Hepatocyte 2,,,2.26444640386657e-07,2.0723547109361e-08,aih_only,0,2,0,2,,1.23584093748009e-07,,,2.0723547109361e-08,2.26444640386657e-07,,FALSE,FALSE,FALSE,FALSE,,AIH
CCL4-CCR5,IgG+ B cell,Hepatocyte 3,,,5.33387276001214e-07,9.16937705344395e-08,aih_only,0,2,0,2,,3.12540523267827e-07,,,9.16937705344395e-08,5.33387276001214e-07,,FALSE,FALSE,FALSE,FALSE,,AIH
CCL4-CCR5,IgG+ B cell,Hepatocyte 4,,,7.15948585678417e-08,4.62082521669685e-08,aih_only,0,2,0,2,,5.89015553674051e-08,,,4.62082521669685e-08,7.15948585678417e-08,,FALSE,FALSE,FALSE,FALSE,,AIH
CCL4-CCR5,IgG+ B cell,Ig+ hepatocyte,,,3.87552767916309e-07,6.22948648850546e-07,aih_only,0,2,0,2,,5.05250708383427e-07,,,3.87552767916309e-07,6.22948648850546e-07,,FALSE,FALSE,FALSE,FALSE,,AIH
CCL4-CCR5,IgG+ B cell,IgG+ B cell,,,1.46567875659872e-06,2.2897224929613e-06,aih_only,0,2,0,2,,1.87770062478001e-06,,,1.46567875659872e-06,2.2897224929613e-06,,FALSE,FALSE,FALSE,FALSE,,AIH
CCL4-CCR5,IgG+ B cell,IgG+ plasmablast / plasma cell,,,1.84792090091672e-06,1.25246737224583e-06,aih_only,0,2,0,2,,1.55019413658127e-06,,,1.25246737224583e-06,1.84792090091672e-06,,FALSE,FALSE,FALSE,FALSE,,AIH
CCL4-CCR5,IgG+ B cell,IgM+ B cell,,,2.90690279990066e-06,2.17954041287211e-06,aih_only,0,2,0,2,,2.54322160638639e-06,,,2.17954041287211e-06,2.90690279990066e-06,,FALSE,FALSE,FALSE,FALSE,,AIH
CCL4-CCR5,IgG+ B cell,Macrophage 1,,,1.42168103807541e-06,1.03897309864809e-06,aih_only,0,2,0,2,,1.23032706836175e-06,,,1.03897309864809e-06,1.42168103807541e-06,,FALSE,FALSE,FALSE,FALSE,,AIH
CCL4-CCR5,IgG+ B cell,Macrophage 2,,,2.39313018983029e-06,1.90082388951813e-06,aih_only,0,2,0,2,,2.14697703967421e-06,,,1.90082388951813e-06,2.39313018983029e-06,,FALSE,FALSE,FALSE,FALSE,,AIH
CCL4-CCR5,IgG+ B cell,Sinusoidal endothelial cell,,,6.94165523997518e-07,2.76776063450425e-07,aih_only,0,2,0,2,,4.85470793723971e-07,,,2.76776063450425e-07,6.94165523997518e-07,,FALSE,FALSE,FALSE,FALSE,,AIH
CCL4-CCR5,IgG+ B cell,Stellate cell,,,1.1223282752355e-06,1.33507307072842e-06,aih_only,0,2,0,2,,1.22870067298196e-06,,,1.1223282752355e-06,1.33507307072842e-06,,FALSE,FALSE,FALSE,FALSE,,AIH
CCL4-CCR5,IgG+ B cell,Vascular endothelial cell,,,1.41142995533563e-06,4.56409363799236e-07,aih_only,0,2,0,2,,9.33919659567432e-07,,,4.56409363799236e-07,1.41142995533563e-06,,FALSE,FALSE,FALSE,FALSE,,AIH
CCL4-CCR5,IgG+ plasmablast / plasma cell,CD4+ T cell,,,6.15446274847395e-06,9.0311233971314e-06,aih_only,0,2,0,2,,7.59279307280267e-06,,,6.15446274847395e-06,9.0311233971314e-06,,FALSE,FALSE,FALSE,FALSE,,AIH
CCL4-CCR5,IgG+ plasmablast / plasma cell,CD8+ T cell 1,,,8.64052323926479e-06,7.82736468954943e-06,aih_only,0,2,0,2,,8.23394396440711e-06,,,7.82736468954943e-06,8.64052323926479e-06,,FALSE,FALSE,FALSE,FALSE,,AIH
CCL4-CCR5,IgG+ plasmablast / plasma cell,CD8+ T cell 2,,,3.30380037684671e-06,3.26924123957695e-06,aih_only,0,2,0,2,,3.28652080821183e-06,,,3.26924123957695e-06,3.30380037684671e-06,,FALSE,FALSE,FALSE,FALSE,,AIH
CCL4-CCR5,IgG+ plasmablast / plasma cell,CD8+ T cell 3,,,5.16628050032239e-06,7.94795100888349e-06,aih_only,0,2,0,2,,6.55711575460294e-06,,,5.16628050032239e-06,7.94795100888349e-06,,FALSE,FALSE,FALSE,FALSE,,AIH
CCL4-CCR5,IgG+ plasmablast / plasma cell,Cholangiocyte,,,2.52812771400249e-06,2.46516071157395e-06,aih_only,0,2,0,2,,2.49664421278822e-06,,,2.46516071157395e-06,2.52812771400249e-06,,FALSE,FALSE,FALSE,FALSE,,AIH
CCL4-CCR5,IgG+ plasmablast / plasma cell,Hepatocyte 1,,,7.54802442940893e-07,4.63641234893212e-07,aih_only,0,2,0,2,,6.09221838917053e-07,,,4.63641234893212e-07,7.54802442940893e-07,,FALSE,FALSE,FALSE,FALSE,,AIH
CCL4-CCR5,IgG+ plasmablast / plasma cell,Hepatocyte 2,,,5.50607205920615e-07,1.53329573451215e-07,aih_only,0,2,0,2,,3.51968389685915e-07,,,1.53329573451215e-07,5.50607205920615e-07,,FALSE,FALSE,FALSE,FALSE,,AIH
CCL4-CCR5,IgG+ plasmablast / plasma cell,Hepatocyte 3,,,3.09991010361052e-07,3.28408146065846e-07,aih_only,0,2,0,2,,3.19199578213449e-07,,,3.09991010361052e-07,3.28408146065846e-07,,FALSE,FALSE,FALSE,FALSE,,AIH
CCL4-CCR5,IgG+ plasmablast / plasma cell,Hepatocyte 4,,,1.76795858311451e-07,1.64992954486612e-07,aih_only,0,2,0,2,,1.70894406399032e-07,,,1.64992954486612e-07,1.76795858311451e-07,,FALSE,FALSE,FALSE,FALSE,,AIH
CCL4-CCR5,IgG+ plasmablast / plasma cell,Ig+ hepatocyte,,,1.01771765848544e-06,2.38363444563091e-06,aih_only,0,2,0,2,,1.70067605205817e-06,,,1.01771765848544e-06,2.38363444563091e-06,,FALSE,FALSE,FALSE,FALSE,,AIH
CCL4-CCR5,IgG+ plasmablast / plasma cell,IgG+ B cell,,,2.03939757755522e-06,1.46828585658871e-06,aih_only,0,2,0,2,,1.75384171707197e-06,,,1.46828585658871e-06,2.03939757755522e-06,,FALSE,FALSE,FALSE,FALSE,,AIH
CCL4-CCR5,IgG+ plasmablast / plasma cell,IgG+ plasmablast / plasma cell,,,3.69055628379572e-06,4.55828964680202e-06,aih_only,0,2,0,2,,4.12442296529887e-06,,,3.69055628379572e-06,4.55828964680202e-06,,FALSE,FALSE,FALSE,FALSE,,AIH
CCL4-CCR5,IgG+ plasmablast / plasma cell,IgM+ B cell,,,4.8505790034641e-06,5.63466937932775e-06,aih_only,0,2,0,2,,5.24262419139592e-06,,,4.8505790034641e-06,5.63466937932775e-06,,FALSE,FALSE,FALSE,FALSE,,AIH
CCL4-CCR5,IgG+ plasmablast / plasma cell,Macrophage 1,,,3.28952421267314e-06,2.99257453905424e-06,aih_only,0,2,0,2,,3.14104937586369e-06,,,2.99257453905424e-06,3.28952421267314e-06,,FALSE,FALSE,FALSE,FALSE,,AIH
CCL4-CCR5,IgG+ plasmablast / plasma cell,Macrophage 2,,,2.86845859649724e-06,3.8748309937593e-06,aih_only,0,2,0,2,,3.37164479512827e-06,,,2.86845859649724e-06,3.8748309937593e-06,,FALSE,FALSE,FALSE,FALSE,,AIH
CCL4-CCR5,IgG+ plasmablast / plasma cell,Sinusoidal endothelial cell,,,1.07442976715839e-06,7.94498577529505e-07,aih_only,0,2,0,2,,9.3446417234395e-07,,,7.94498577529505e-07,1.07442976715839e-06,,FALSE,FALSE,FALSE,FALSE,,AIH
CCL4-CCR5,IgG+ plasmablast / plasma cell,Stellate cell,,,1.56484692311017e-06,1.99087249735403e-06,aih_only,0,2,0,2,,1.7778597102321e-06,,,1.56484692311017e-06,1.99087249735403e-06,,FALSE,FALSE,FALSE,FALSE,,AIH
CCL4-CCR5,IgG+ plasmablast / plasma cell,Vascular endothelial cell,,,2.02969271235556e-06,2.47647240808133e-06,aih_only,0,2,0,2,,2.25308256021844e-06,,,2.02969271235556e-06,2.47647240808133e-06,,FALSE,FALSE,FALSE,FALSE,,AIH
CCL4-CCR5,IgM+ B cell,CD4+ T cell,,,1.11229373728651e-05,2.41503016047068e-05,aih_only,0,2,0,2,,1.7636619488786e-05,,,1.11229373728651e-05,2.41503016047068e-05,,FALSE,FALSE,FALSE,FALSE,,AIH
CCL4-CCR5,IgM+ B cell,CD8+ T cell 1,,,7.98833586852786e-06,7.01324826381882e-06,aih_only,0,2,0,2,,7.50079206617334e-06,,,7.01324826381882e-06,7.98833586852786e-06,,FALSE,FALSE,FALSE,FALSE,,AIH
CCL4-CCR5,IgM+ B cell,CD8+ T cell 2,,,2.38446761912395e-06,2.97944208256377e-06,aih_only,0,2,0,2,,2.68195485084386e-06,,,2.38446761912395e-06,2.97944208256377e-06,,FALSE,FALSE,FALSE,FALSE,,AIH
CCL4-CCR5,IgM+ B cell,CD8+ T cell 3,,,3.36229174241914e-06,5.30942561358883e-06,aih_only,0,2,0,2,,4.33585867800399e-06,,,3.36229174241914e-06,5.30942561358883e-06,,FALSE,FALSE,FALSE,FALSE,,AIH
CCL4-CCR5,IgM+ B cell,Cholangiocyte,,,3.00150369524067e-06,3.97641812758502e-06,aih_only,0,2,0,2,,3.48896091141284e-06,,,3.00150369524067e-06,3.97641812758502e-06,,FALSE,FALSE,FALSE,FALSE,,AIH
CCL4-CCR5,IgM+ B cell,Hepatocyte 1,,,3.15814973574682e-07,3.11357554760658e-07,aih_only,0,2,0,2,,3.1358626416767e-07,,,3.11357554760658e-07,3.15814973574682e-07,,FALSE,FALSE,FALSE,FALSE,,AIH
CCL4-CCR5,IgM+ B cell,Hepatocyte 2,,,2.22202996243249e-07,2.57416221728045e-07,aih_only,0,2,0,2,,2.39809608985647e-07,,,2.22202996243249e-07,2.57416221728045e-07,,FALSE,FALSE,FALSE,FALSE,,AIH
CCL4-CCR5,IgM+ B cell,Hepatocyte 3,,,1.27726054508036e-07,6.36523881763812e-07,aih_only,0,2,0,2,,3.82124968135924e-07,,,1.27726054508036e-07,6.36523881763812e-07,,FALSE,FALSE,FALSE,FALSE,,AIH
CCL4-CCR5,IgM+ B cell,Hepatocyte 4,,,5.37145975865304e-08,5.00905549906187e-07,aih_only,0,2,0,2,,2.77310073746359e-07,,,5.37145975865304e-08,5.00905549906187e-07,,FALSE,FALSE,FALSE,FALSE,,AIH
CCL4-CCR5,IgM+ B cell,Ig+ hepatocyte,,,1.08852050349201e-06,2.47301403872569e-06,aih_only,0,2,0,2,,1.78076727110885e-06,,,1.08852050349201e-06,2.47301403872569e-06,,FALSE,FALSE,FALSE,FALSE,,AIH
CCL4-CCR5,IgM+ B cell,IgG+ B cell,,,1.56960751743928e-06,2.13146580958465e-06,aih_only,0,2,0,2,,1.85053666351197e-06,,,1.56960751743928e-06,2.13146580958465e-06,,FALSE,FALSE,FALSE,FALSE,,AIH
CCL4-CCR5,IgM+ B cell,IgG+ plasmablast / plasma cell,,,1.87860601439886e-06,3.58202710669641e-06,aih_only,0,2,0,2,,2.73031656054763e-06,,,1.87860601439886e-06,3.58202710669641e-06,,FALSE,FALSE,FALSE,FALSE,,AIH
CCL4-CCR5,IgM+ B cell,IgM+ B cell,,,1.60828198481049e-05,3.79238154437465e-05,aih_only,0,2,0,2,,2.70033176459257e-05,,,1.60828198481049e-05,3.79238154437465e-05,,FALSE,FALSE,FALSE,FALSE,,AIH
CCL4-CCR5,IgM+ B cell,Macrophage 1,,,2.61079118900665e-06,2.59864489924246e-06,aih_only,0,2,0,2,,2.60471804412455e-06,,,2.59864489924246e-06,2.61079118900665e-06,,FALSE,FALSE,FALSE,FALSE,,AIH
CCL4-CCR5,IgM+ B cell,Macrophage 2,,,4.16257127229227e-06,3.91335398476505e-06,aih_only,0,2,0,2,,4.03796262852866e-06,,,3.91335398476505e-06,4.16257127229227e-06,,FALSE,FALSE,FALSE,FALSE,,AIH
CCL4-CCR5,IgM+ B cell,Sinusoidal endothelial cell,,,1.05385043689532e-06,6.9149039540119e-07,aih_only,0,2,0,2,,8.72670416148255e-07,,,6.9149039540119e-07,1.05385043689532e-06,,FALSE,FALSE,FALSE,FALSE,,AIH
CCL4-CCR5,IgM+ B cell,Stellate cell,,,2.05757698591444e-06,3.04807067020268e-06,aih_only,0,2,0,2,,2.55282382805856e-06,,,2.05757698591444e-06,3.04807067020268e-06,,FALSE,FALSE,FALSE,FALSE,,AIH
CCL4-CCR5,IgM+ B cell,Vascular endothelial cell,,,3.12518240540179e-06,4.04947244248033e-06,aih_only,0,2,0,2,,3.58732742394106e-06,,,3.12518240540179e-06,4.04947244248033e-06,,FALSE,FALSE,FALSE,FALSE,,AIH
CCL4-CCR5,Macrophage 1,CD4+ T cell,,,6.22822658975488e-06,8.9850145212253e-06,aih_only,0,2,0,2,,7.60662055549009e-06,,,6.22822658975488e-06,8.9850145212253e-06,,FALSE,FALSE,FALSE,FALSE,,AIH
CCL4-CCR5,Macrophage 1,CD8+ T cell 1,,,1.49178888194544e-05,2.06511855982467e-05,aih_only,0,2,0,2,,1.77845372088505e-05,,,1.49178888194544e-05,2.06511855982467e-05,,FALSE,FALSE,FALSE,FALSE,,AIH
CCL4-CCR5,Macrophage 1,CD8+ T cell 2,,,1.77305010423769e-05,1.49493278209397e-05,aih_only,0,2,0,2,,1.63399144316583e-05,,,1.49493278209397e-05,1.77305010423769e-05,,FALSE,FALSE,FALSE,FALSE,,AIH
CCL4-CCR5,Macrophage 1,CD8+ T cell 3,,,1.11362799205608e-05,1.85529942530161e-05,aih_only,0,2,0,2,,1.48446370867885e-05,,,1.11362799205608e-05,1.85529942530161e-05,,FALSE,FALSE,FALSE,FALSE,,AIH
CCL4-CCR5,Macrophage 1,Cholangiocyte,,,1.87692130120164e-06,2.10949056921185e-06,aih_only,0,2,0,2,,1.99320593520674e-06,,,1.87692130120164e-06,2.10949056921185e-06,,FALSE,FALSE,FALSE,FALSE,,AIH
CCL4-CCR5,Macrophage 1,Hepatocyte 1,,,1.81684308704258e-06,2.4088468512962e-06,aih_only,0,2,0,2,,2.11284496916939e-06,,,1.81684308704258e-06,2.4088468512962e-06,,FALSE,FALSE,FALSE,FALSE,,AIH
CCL4-CCR5,Macrophage 1,Hepatocyte 2,,,1.72134037842397e-06,1.18090678416829e-06,aih_only,0,2,0,2,,1.45112358129613e-06,,,1.18090678416829e-06,1.72134037842397e-06,,FALSE,FALSE,FALSE,FALSE,,AIH
CCL4-CCR5,Macrophage 1,Hepatocyte 3,,,1.11490469250006e-06,2.66170912666747e-06,aih_only,0,2,0,2,,1.88830690958377e-06,,,1.11490469250006e-06,2.66170912666747e-06,,FALSE,FALSE,FALSE,FALSE,,AIH
CCL4-CCR5,Macrophage 1,Hepatocyte 4,,,1.49266776858337e-06,2.67428285981643e-06,aih_only,0,2,0,2,,2.0834753141999e-06,,,1.49266776858337e-06,2.67428285981643e-06,,FALSE,FALSE,FALSE,FALSE,,AIH
CCL4-CCR5,Macrophage 1,Ig+ hepatocyte,,,2.02275794255581e-06,3.51089369185194e-06,aih_only,0,2,0,2,,2.76682581720388e-06,,,2.02275794255581e-06,3.51089369185194e-06,,FALSE,FALSE,FALSE,FALSE,,AIH
CCL4-CCR5,Macrophage 1,IgG+ B cell,,,1.15461533993553e-06,9.45718167461973e-07,aih_only,0,2,0,2,,1.05016675369875e-06,,,9.45718167461973e-07,1.15461533993553e-06,,FALSE,FALSE,FALSE,FALSE,,AIH
CCL4-CCR5,Macrophage 1,IgG+ plasmablast / plasma cell,,,1.73288068402258e-06,2.32021218314793e-06,aih_only,0,2,0,2,,2.02654643358526e-06,,,1.73288068402258e-06,2.32021218314793e-06,,FALSE,FALSE,FALSE,FALSE,,AIH
CCL4-CCR5,Macrophage 1,IgM+ B cell,,,4.19503172694506e-06,5.22213328178993e-06,aih_only,0,2,0,2,,4.70858250436749e-06,,,4.19503172694506e-06,5.22213328178993e-06,,FALSE,FALSE,FALSE,FALSE,,AIH
CCL4-CCR5,Macrophage 1,Macrophage 1,,,9.57140408751582e-06,1.65357727902061e-05,aih_only,0,2,0,2,,1.3053588438861e-05,,,9.57140408751582e-06,1.65357727902061e-05,,FALSE,FALSE,FALSE,FALSE,,AIH
CCL4-CCR5,Macrophage 1,Macrophage 2,,,2.70758535718694e-06,5.25841580487762e-06,aih_only,0,2,0,2,,3.98300058103228e-06,,,2.70758535718694e-06,5.25841580487762e-06,,FALSE,FALSE,FALSE,FALSE,,AIH
CCL4-CCR5,Macrophage 1,Sinusoidal endothelial cell,,,3.42465106899538e-06,3.18937673067644e-06,aih_only,0,2,0,2,,3.30701389983591e-06,,,3.18937673067644e-06,3.42465106899538e-06,,FALSE,FALSE,FALSE,FALSE,,AIH
CCL4-CCR5,Macrophage 1,Stellate cell,,,1.83729067668742e-06,3.03784109260263e-06,aih_only,0,2,0,2,,2.43756588464503e-06,,,1.83729067668742e-06,3.03784109260263e-06,,FALSE,FALSE,FALSE,FALSE,,AIH
CCL4-CCR5,Macrophage 1,Vascular endothelial cell,,,1.23349448208357e-06,1.88614212073969e-06,aih_only,0,2,0,2,,1.55981830141163e-06,,,1.23349448208357e-06,1.88614212073969e-06,,FALSE,FALSE,FALSE,FALSE,,AIH
CCL4-CCR5,Macrophage 2,CD4+ T cell,,,5.09464101448365e-06,6.75232592616727e-06,aih_only,0,2,0,2,,5.92348347032546e-06,,,5.09464101448365e-06,6.75232592616727e-06,,FALSE,FALSE,FALSE,FALSE,,AIH
CCL4-CCR5,Macrophage 2,CD8+ T cell 1,,,6.46951912841152e-06,8.0500129431451e-06,aih_only,0,2,0,2,,7.25976603577831e-06,,,6.46951912841152e-06,8.0500129431451e-06,,FALSE,FALSE,FALSE,FALSE,,AIH
CCL4-CCR5,Macrophage 2,CD8+ T cell 2,,,2.86092617149543e-06,5.41342815028214e-06,aih_only,0,2,0,2,,4.13717716088878e-06,,,2.86092617149543e-06,5.41342815028214e-06,,FALSE,FALSE,FALSE,FALSE,,AIH
CCL4-CCR5,Macrophage 2,CD8+ T cell 3,,,4.58867004845865e-06,6.49413027130663e-06,aih_only,0,2,0,2,,5.54140015988264e-06,,,4.58867004845865e-06,6.49413027130663e-06,,FALSE,FALSE,FALSE,FALSE,,AIH
CCL4-CCR5,Macrophage 2,Cholangiocyte,,,2.63878223683937e-06,2.36677888284922e-06,aih_only,0,2,0,2,,2.50278055984429e-06,,,2.36677888284922e-06,2.63878223683937e-06,,FALSE,FALSE,FALSE,FALSE,,AIH
CCL4-CCR5,Macrophage 2,Hepatocyte 1,,,2.42958039396632e-07,6.8718924278719e-07,aih_only,0,2,0,2,,4.65073641091911e-07,,,2.42958039396632e-07,6.8718924278719e-07,,FALSE,FALSE,FALSE,FALSE,,AIH
CCL4-CCR5,Macrophage 2,Hepatocyte 2,,,3.57252159818202e-07,4.17913590020376e-07,aih_only,0,2,0,2,,3.87582874919289e-07,,,3.57252159818202e-07,4.17913590020376e-07,,FALSE,FALSE,FALSE,FALSE,,AIH
CCL4-CCR5,Macrophage 2,Hepatocyte 3,,,5.10563339890379e-07,1.36678426468738e-06,aih_only,0,2,0,2,,9.38673802288878e-07,,,5.10563339890379e-07,1.36678426468738e-06,,FALSE,FALSE,FALSE,FALSE,,AIH
CCL4-CCR5,Macrophage 2,Hepatocyte 4,,,2.47698667808569e-07,7.71898752078302e-07,aih_only,0,2,0,2,,5.09798709943435e-07,,,2.47698667808569e-07,7.71898752078302e-07,,FALSE,FALSE,FALSE,FALSE,,AIH
CCL4-CCR5,Macrophage 2,Ig+ hepatocyte,,,3.36793879299085e-07,1.49117568956852e-06,aih_only,0,2,0,2,,9.13984784433802e-07,,,3.36793879299085e-07,1.49117568956852e-06,,FALSE,FALSE,FALSE,FALSE,,AIH
CCL4-CCR5,Macrophage 2,IgG+ B cell,,,1.49546362244046e-06,7.12559614580758e-07,aih_only,0,2,0,2,,1.10401161851061e-06,,,7.12559614580758e-07,1.49546362244046e-06,,FALSE,FALSE,FALSE,FALSE,,AIH
CCL4-CCR5,Macrophage 2,IgG+ plasmablast / plasma cell,,,1.6338597958925e-06,1.81710004596499e-06,aih_only,0,2,0,2,,1.72547992092874e-06,,,1.6338597958925e-06,1.81710004596499e-06,,FALSE,FALSE,FALSE,FALSE,,AIH
CCL4-CCR5,Macrophage 2,IgM+ B cell,,,3.96377797885814e-06,5.10353940077491e-06,aih_only,0,2,0,2,,4.53365868981653e-06,,,3.96377797885814e-06,5.10353940077491e-06,,FALSE,FALSE,FALSE,FALSE,,AIH
CCL4-CCR5,Macrophage 2,Macrophage 1,,,2.16752670100839e-06,4.11393073902641e-06,aih_only,0,2,0,2,,3.1407287200174e-06,,,2.16752670100839e-06,4.11393073902641e-06,,FALSE,FALSE,FALSE,FALSE,,AIH
CCL4-CCR5,Macrophage 2,Macrophage 2,,,3.38576320417862e-06,3.7822394507037e-06,aih_only,0,2,0,2,,3.58400132744116e-06,,,3.38576320417862e-06,3.7822394507037e-06,,FALSE,FALSE,FALSE,FALSE,,AIH
CCL4-CCR5,Macrophage 2,Sinusoidal endothelial cell,,,1.11441720763375e-06,9.59317529364484e-07,aih_only,0,2,0,2,,1.03686736849912e-06,,,9.59317529364484e-07,1.11441720763375e-06,,FALSE,FALSE,FALSE,FALSE,,AIH
CCL4-CCR5,Macrophage 2,Stellate cell,,,1.49816885217325e-06,1.86725011776787e-06,aih_only,0,2,0,2,,1.68270948497056e-06,,,1.49816885217325e-06,1.86725011776787e-06,,FALSE,FALSE,FALSE,FALSE,,AIH
CCL4-CCR5,Macrophage 2,Vascular endothelial cell,,,1.76158821837834e-06,1.25735391738932e-06,aih_only,0,2,0,2,,1.50947106788383e-06,,,1.25735391738932e-06,1.76158821837834e-06,,FALSE,FALSE,FALSE,FALSE,,AIH
CCL4-CCR5,Sinusoidal endothelial cell,CD4+ T cell,,,3.78827414574957e-06,3.98500664243933e-06,aih_only,0,2,0,2,,3.88664039409445e-06,,,3.78827414574957e-06,3.98500664243933e-06,,FALSE,FALSE,FALSE,FALSE,,AIH
CCL4-CCR5,Sinusoidal endothelial cell,CD8+ T cell 1,,,1.132709758794e-05,1.1741424729091e-05,aih_only,0,2,0,2,,1.15342611585155e-05,,,1.132709758794e-05,1.1741424729091e-05,,FALSE,FALSE,FALSE,FALSE,,AIH
CCL4-CCR5,Sinusoidal endothelial cell,CD8+ T cell 2,,,9.91477066189182e-06,8.37237362045588e-06,aih_only,0,2,0,2,,9.14357214117385e-06,,,8.37237362045588e-06,9.91477066189182e-06,,FALSE,FALSE,FALSE,FALSE,,AIH
CCL4-CCR5,Sinusoidal endothelial cell,CD8+ T cell 3,,,6.45855576017436e-06,1.23952531704997e-05,aih_only,0,2,0,2,,9.426904465337e-06,,,6.45855576017436e-06,1.23952531704997e-05,,FALSE,FALSE,FALSE,FALSE,,AIH
CCL4-CCR5,Sinusoidal endothelial cell,Cholangiocyte,,,1.07714738890972e-06,7.03190724833472e-07,aih_only,0,2,0,2,,8.90169056871595e-07,,,7.03190724833472e-07,1.07714738890972e-06,,FALSE,FALSE,FALSE,FALSE,,AIH
CCL4-CCR5,Sinusoidal endothelial cell,Hepatocyte 1,,,1.08516244403567e-06,1.01928185991967e-06,aih_only,0,2,0,2,,1.05222215197767e-06,,,1.01928185991967e-06,1.08516244403567e-06,,FALSE,FALSE,FALSE,FALSE,,AIH
CCL4-CCR5,Sinusoidal endothelial cell,Hepatocyte 2,,,7.97102081111395e-07,7.40651833803677e-07,aih_only,0,2,0,2,,7.68876957457536e-07,,,7.40651833803677e-07,7.97102081111395e-07,,FALSE,FALSE,FALSE,FALSE,,AIH
CCL4-CCR5,Sinusoidal endothelial cell,Hepatocyte 3,,,2.08821749799615e-07,8.37396042569651e-07,aih_only,0,2,0,2,,5.23108896184633e-07,,,2.08821749799615e-07,8.37396042569651e-07,,FALSE,FALSE,FALSE,FALSE,,AIH
CCL4-CCR5,Sinusoidal endothelial cell,Hepatocyte 4,,,3.95188538446756e-07,1.45491124244025e-06,aih_only,0,2,0,2,,9.25049890443501e-07,,,3.95188538446756e-07,1.45491124244025e-06,,FALSE,FALSE,FALSE,FALSE,,AIH
CCL4-CCR5,Sinusoidal endothelial cell,Ig+ hepatocyte,,,1.41560942717518e-06,2.6767342255648e-06,aih_only,0,2,0,2,,2.04617182636999e-06,,,1.41560942717518e-06,2.6767342255648e-06,,FALSE,FALSE,FALSE,FALSE,,AIH
CCL4-CCR5,Sinusoidal endothelial cell,IgG+ B cell,,,7.74634983144517e-07,3.89512763004869e-07,aih_only,0,2,0,2,,5.82073873074693e-07,,,3.89512763004869e-07,7.74634983144517e-07,,FALSE,FALSE,FALSE,FALSE,,AIH
CCL4-CCR5,Sinusoidal endothelial cell,IgG+ plasmablast / plasma cell,,,1.45607837011775e-06,7.61142309101857e-07,aih_only,0,2,0,2,,1.1086103396098e-06,,,7.61142309101857e-07,1.45607837011775e-06,,FALSE,FALSE,FALSE,FALSE,,AIH
CCL4-CCR5,Sinusoidal endothelial cell,IgM+ B cell,,,1.78355940722198e-06,2.269162660609e-06,aih_only,0,2,0,2,,2.02636103391549e-06,,,1.78355940722198e-06,2.269162660609e-06,,FALSE,FALSE,FALSE,FALSE,,AIH
CCL4-CCR5,Sinusoidal endothelial cell,Macrophage 1,,,4.53542663760002e-06,5.9592872709935e-06,aih_only,0,2,0,2,,5.24735695429676e-06,,,4.53542663760002e-06,5.9592872709935e-06,,FALSE,FALSE,FALSE,FALSE,,AIH
CCL4-CCR5,Sinusoidal endothelial cell,Macrophage 2,,,1.87823921954584e-06,2.47197772701033e-06,aih_only,0,2,0,2,,2.17510847327809e-06,,,1.87823921954584e-06,2.47197772701033e-06,,FALSE,FALSE,FALSE,FALSE,,AIH
CCL4-CCR5,Sinusoidal endothelial cell,Sinusoidal endothelial cell,,,5.69339700930047e-06,4.98853611603777e-06,aih_only,0,2,0,2,,5.34096656266912e-06,,,4.98853611603777e-06,5.69339700930047e-06,,FALSE,FALSE,FALSE,FALSE,,AIH
CCL4-CCR5,Sinusoidal endothelial cell,Stellate cell,,,1.51352322321948e-06,1.38244180401087e-06,aih_only,0,2,0,2,,1.44798251361518e-06,,,1.38244180401087e-06,1.51352322321948e-06,,FALSE,FALSE,FALSE,FALSE,,AIH
CCL4-CCR5,Sinusoidal endothelial cell,Vascular endothelial cell,,,3.71250798679056e-07,7.39024231291532e-07,aih_only,0,2,0,2,,5.55137514985294e-07,,,3.71250798679056e-07,7.39024231291532e-07,,FALSE,FALSE,FALSE,FALSE,,AIH
CCL4-CCR5,Stellate cell,CD4+ T cell,,,4.70589755281438e-06,5.17538225923674e-06,aih_only,0,2,0,2,,4.94063990602556e-06,,,4.70589755281438e-06,5.17538225923674e-06,,FALSE,FALSE,FALSE,FALSE,,AIH
CCL4-CCR5,Stellate cell,CD8+ T cell 1,,,7.66555169795429e-06,7.43806940108458e-06,aih_only,0,2,0,2,,7.55181054951944e-06,,,7.43806940108458e-06,7.66555169795429e-06,,FALSE,FALSE,FALSE,FALSE,,AIH
CCL4-CCR5,Stellate cell,CD8+ T cell 2,,,2.60813024900079e-06,4.39764036929131e-06,aih_only,0,2,0,2,,3.50288530914605e-06,,,2.60813024900079e-06,4.39764036929131e-06,,FALSE,FALSE,FALSE,FALSE,,AIH
CCL4-CCR5,Stellate cell,CD8+ T cell 3,,,3.91047477670292e-06,6.95365662374804e-06,aih_only,0,2,0,2,,5.43206570022548e-06,,,3.91047477670292e-06,6.95365662374804e-06,,FALSE,FALSE,FALSE,FALSE,,AIH
CCL4-CCR5,Stellate cell,Cholangiocyte,,,2.54125582250608e-06,2.5763037664477e-06,aih_only,0,2,0,2,,2.55877979447689e-06,,,2.54125582250608e-06,2.5763037664477e-06,,FALSE,FALSE,FALSE,FALSE,,AIH
CCL4-CCR5,Stellate cell,Hepatocyte 1,,,3.80104419072731e-07,6.73019707875273e-07,aih_only,0,2,0,2,,5.26562063474002e-07,,,3.80104419072731e-07,6.73019707875273e-07,,FALSE,FALSE,FALSE,FALSE,,AIH
CCL4-CCR5,Stellate cell,Hepatocyte 2,,,4.19840163416966e-07,4.89405961595895e-07,aih_only,0,2,0,2,,4.5462306250643e-07,,,4.19840163416966e-07,4.89405961595895e-07,,FALSE,FALSE,FALSE,FALSE,,AIH
CCL4-CCR5,Stellate cell,Hepatocyte 3,,,1.91595090514577e-07,9.32696663876245e-07,aih_only,0,2,0,2,,5.62145877195411e-07,,,1.91595090514577e-07,9.32696663876245e-07,,FALSE,FALSE,FALSE,FALSE,,AIH
CCL4-CCR5,Stellate cell,Hepatocyte 4,,,3.21258504485854e-07,6.62984106335591e-07,aih_only,0,2,0,2,,4.92121305410722e-07,,,3.21258504485854e-07,6.62984106335591e-07,,FALSE,FALSE,FALSE,FALSE,,AIH
CCL4-CCR5,Stellate cell,Ig+ hepatocyte,,,8.3351825265202e-07,3.05386162433419e-06,aih_only,0,2,0,2,,1.9436899384931e-06,,,8.3351825265202e-07,3.05386162433419e-06,,FALSE,FALSE,FALSE,FALSE,,AIH
CCL4-CCR5,Stellate cell,IgG+ B cell,,,1.46794186406686e-06,9.35161796550595e-07,aih_only,0,2,0,2,,1.20155183030873e-06,,,9.35161796550595e-07,1.46794186406686e-06,,FALSE,FALSE,FALSE,FALSE,,AIH
CCL4-CCR5,Stellate cell,IgG+ plasmablast / plasma cell,,,1.42131936062872e-06,1.29425686838697e-06,aih_only,0,2,0,2,,1.35778811450784e-06,,,1.29425686838697e-06,1.42131936062872e-06,,FALSE,FALSE,FALSE,FALSE,,AIH
CCL4-CCR5,Stellate cell,IgM+ B cell,,,4.30590525051387e-06,3.08761815604668e-06,aih_only,0,2,0,2,,3.69676170328027e-06,,,3.08761815604668e-06,4.30590525051387e-06,,FALSE,FALSE,FALSE,FALSE,,AIH
CCL4-CCR5,Stellate cell,Macrophage 1,,,2.16343933530991e-06,3.7079972859941e-06,aih_only,0,2,0,2,,2.935718310652e-06,,,2.16343933530991e-06,3.7079972859941e-06,,FALSE,FALSE,FALSE,FALSE,,AIH
CCL4-CCR5,Stellate cell,Macrophage 2,,,2.88131630394993e-06,2.83261193225961e-06,aih_only,0,2,0,2,,2.85696411810477e-06,,,2.83261193225961e-06,2.88131630394993e-06,,FALSE,FALSE,FALSE,FALSE,,AIH
CCL4-CCR5,Stellate cell,Sinusoidal endothelial cell,,,1.90486065983437e-06,1.13981681440704e-06,aih_only,0,2,0,2,,1.52233873712071e-06,,,1.13981681440704e-06,1.90486065983437e-06,,FALSE,FALSE,FALSE,FALSE,,AIH
CCL4-CCR5,Stellate cell,Stellate cell,,,2.12548499592804e-06,2.69960885589223e-06,aih_only,0,2,0,2,,2.41254692591013e-06,,,2.12548499592804e-06,2.69960885589223e-06,,FALSE,FALSE,FALSE,FALSE,,AIH
CCL4-CCR5,Stellate cell,Vascular endothelial cell,,,1.51792534069112e-06,1.74992432141037e-06,aih_only,0,2,0,2,,1.63392483105075e-06,,,1.51792534069112e-06,1.74992432141037e-06,,FALSE,FALSE,FALSE,FALSE,,AIH
CCL4-CCR5,Vascular endothelial cell,CD4+ T cell,,,6.2362274583392e-06,6.30706264176482e-06,aih_only,0,2,0,2,,6.27164505005201e-06,,,6.2362274583392e-06,6.30706264176482e-06,,FALSE,FALSE,FALSE,FALSE,,AIH
CCL4-CCR5,Vascular endothelial cell,CD8+ T cell 1,,,4.61111135638594e-06,4.25565660589856e-06,aih_only,0,2,0,2,,4.43338398114225e-06,,,4.25565660589856e-06,4.61111135638594e-06,,FALSE,FALSE,FALSE,FALSE,,AIH
CCL4-CCR5,Vascular endothelial cell,CD8+ T cell 2,,,1.31609858968603e-06,1.15456665051878e-06,aih_only,0,2,0,2,,1.23533262010241e-06,,,1.15456665051878e-06,1.31609858968603e-06,,FALSE,FALSE,FALSE,FALSE,,AIH
CCL4-CCR5,Vascular endothelial cell,CD8+ T cell 3,,,2.51398907238343e-06,3.43418222814169e-06,aih_only,0,2,0,2,,2.97408565026256e-06,,,2.51398907238343e-06,3.43418222814169e-06,,FALSE,FALSE,FALSE,FALSE,,AIH
CCL4-CCR5,Vascular endothelial cell,Cholangiocyte,,,2.5757008020232e-06,1.82811897839817e-06,aih_only,0,2,0,2,,2.20190989021069e-06,,,1.82811897839817e-06,2.5757008020232e-06,,FALSE,FALSE,FALSE,FALSE,,AIH
CCL4-CCR5,Vascular endothelial cell,Hepatocyte 1,,,7.78125083805108e-08,1.71768109900755e-07,aih_only,0,2,0,2,,1.24790309140633e-07,,,7.78125083805108e-08,1.71768109900755e-07,,FALSE,FALSE,FALSE,FALSE,,AIH
CCL4-CCR5,Vascular endothelial cell,Hepatocyte 2,,,2.55097275920717e-07,2.52675962895045e-08,aih_only,0,2,0,2,,1.40182436105111e-07,,,2.52675962895045e-08,2.55097275920717e-07,,FALSE,FALSE,FALSE,FALSE,,AIH
CCL4-CCR5,Vascular endothelial cell,Hepatocyte 3,,,1.16110366170919e-09,1.2120841128995e-08,aih_only,0,2,0,2,,6.64097239535209e-09,,,1.16110366170919e-09,1.2120841128995e-08,,FALSE,FALSE,FALSE,FALSE,,AIH
CCL4-CCR5,Vascular endothelial cell,Hepatocyte 4,,,5.77038409742875e-09,1.79457121619825e-07,aih_only,0,2,0,2,,9.2613752858627e-08,,,5.77038409742875e-09,1.79457121619825e-07,,FALSE,FALSE,FALSE,FALSE,,AIH
CCL4-CCR5,Vascular endothelial cell,Ig+ hepatocyte,,,5.89949134147102e-07,2.55862632035431e-06,aih_only,0,2,0,2,,1.57428772725071e-06,,,5.89949134147102e-07,2.55862632035431e-06,,FALSE,FALSE,FALSE,FALSE,,AIH
CCL4-CCR5,Vascular endothelial cell,IgG+ B cell,,,6.24950205878702e-07,7.29255470395435e-07,aih_only,0,2,0,2,,6.77102838137068e-07,,,6.24950205878702e-07,7.29255470395435e-07,,FALSE,FALSE,FALSE,FALSE,,AIH
CCL4-CCR5,Vascular endothelial cell,IgG+ plasmablast / plasma cell,,,1.53293373023955e-06,1.56059371787271e-06,aih_only,0,2,0,2,,1.54676372405613e-06,,,1.53293373023955e-06,1.56059371787271e-06,,FALSE,FALSE,FALSE,FALSE,,AIH
CCL4-CCR5,Vascular endothelial cell,IgM+ B cell,,,5.70461840546543e-06,3.86340910175997e-06,aih_only,0,2,0,2,,4.7840137536127e-06,,,3.86340910175997e-06,5.70461840546543e-06,,FALSE,FALSE,FALSE,FALSE,,AIH
CCL4-CCR5,Vascular endothelial cell,Macrophage 1,,,1.45534453570791e-06,1.303055459387e-06,aih_only,0,2,0,2,,1.37919999754746e-06,,,1.303055459387e-06,1.45534453570791e-06,,FALSE,FALSE,FALSE,FALSE,,AIH
CCL4-CCR5,Vascular endothelial cell,Macrophage 2,,,3.02109718003749e-06,1.93609461483758e-06,aih_only,0,2,0,2,,2.47859589743753e-06,,,1.93609461483758e-06,3.02109718003749e-06,,FALSE,FALSE,FALSE,FALSE,,AIH
CCL4-CCR5,Vascular endothelial cell,Sinusoidal endothelial cell,,,3.40591070459603e-07,1.34968125532073e-07,aih_only,0,2,0,2,,2.37779597995838e-07,,,1.34968125532073e-07,3.40591070459603e-07,,FALSE,FALSE,FALSE,FALSE,,AIH
CCL4-CCR5,Vascular endothelial cell,Stellate cell,,,1.4881741169749e-06,2.48483089034176e-06,aih_only,0,2,0,2,,1.98650250365833e-06,,,1.4881741169749e-06,2.48483089034176e-06,,FALSE,FALSE,FALSE,FALSE,,AIH
CCL4-CCR5,Vascular endothelial cell,Vascular endothelial cell,,,4.18496612332178e-06,2.24850123718431e-06,aih_only,0,2,0,2,,3.21673368025304e-06,,,2.24850123718431e-06,4.18496612332178e-06,,FALSE,FALSE,FALSE,FALSE,,AIH
CCL5-CCR5,CD4+ T cell,CD4+ T cell,,,1.54268906916214e-05,3.21274223290729e-05,aih_only,0,2,0,2,,2.37771565103471e-05,,,1.54268906916214e-05,3.21274223290729e-05,,FALSE,FALSE,FALSE,FALSE,,AIH
CCL5-CCR5,CD4+ T cell,CD8+ T cell 1,,,9.63611605563585e-06,1.26902910474729e-05,aih_only,0,2,0,2,,1.11632035515544e-05,,,9.63611605563585e-06,1.26902910474729e-05,,FALSE,FALSE,FALSE,FALSE,,AIH
CCL5-CCR5,CD4+ T cell,CD8+ T cell 2,,,3.68643302001023e-06,5.74235091438152e-06,aih_only,0,2,0,2,,4.71439196719587e-06,,,3.68643302001023e-06,5.74235091438152e-06,,FALSE,FALSE,FALSE,FALSE,,AIH
CCL5-CCR5,CD4+ T cell,CD8+ T cell 3,,,4.93158184060883e-06,1.20923851077229e-05,aih_only,0,2,0,2,,8.51198347416588e-06,,,4.93158184060883e-06,1.20923851077229e-05,,FALSE,FALSE,FALSE,FALSE,,AIH
CCL5-CCR5,CD4+ T cell,Cholangiocyte,,,3.65807829728555e-06,4.33677649855971e-06,aih_only,0,2,0,2,,3.99742739792263e-06,,,3.65807829728555e-06,4.33677649855971e-06,,FALSE,FALSE,FALSE,FALSE,,AIH
CCL5-CCR5,CD4+ T cell,Hepatocyte 1,,,3.70364236658272e-07,6.95425972004035e-07,aih_only,0,2,0,2,,5.32895104331154e-07,,,3.70364236658272e-07,6.95425972004035e-07,,FALSE,FALSE,FALSE,FALSE,,AIH
CCL5-CCR5,CD4+ T cell,Hepatocyte 2,,,3.94992992534229e-07,3.00178807550525e-07,aih_only,0,2,0,2,,3.47585900042377e-07,,,3.00178807550525e-07,3.94992992534229e-07,,FALSE,FALSE,FALSE,FALSE,,AIH
CCL5-CCR5,CD4+ T cell,Hepatocyte 3,,,9.55547439841232e-08,1.22849721424191e-06,aih_only,0,2,0,2,,6.62025979113018e-07,,,9.55547439841232e-08,1.22849721424191e-06,,FALSE,FALSE,FALSE,FALSE,,AIH
CCL5-CCR5,CD4+ T cell,Hepatocyte 4,,,1.53728189311927e-07,5.85475842622789e-07,aih_only,0,2,0,2,,3.69602015967358e-07,,,1.53728189311927e-07,5.85475842622789e-07,,FALSE,FALSE,FALSE,FALSE,,AIH
CCL5-CCR5,CD4+ T cell,Ig+ hepatocyte,,,9.64849688397353e-07,2.67545445386783e-06,aih_only,0,2,0,2,,1.82015207113259e-06,,,9.64849688397353e-07,2.67545445386783e-06,,FALSE,FALSE,FALSE,FALSE,,AIH
CCL5-CCR5,CD4+ T cell,IgG+ B cell,,,1.57970356050276e-06,2.37691461230528e-06,aih_only,0,2,0,2,,1.97830908640402e-06,,,1.57970356050276e-06,2.37691461230528e-06,,FALSE,FALSE,FALSE,FALSE,,AIH
CCL5-CCR5,CD4+ T cell,IgG+ plasmablast / plasma cell,,,2.59356069535865e-06,4.13381880212802e-06,aih_only,0,2,0,2,,3.36368974874334e-06,,,2.59356069535865e-06,4.13381880212802e-06,,FALSE,FALSE,FALSE,FALSE,,AIH
CCL5-CCR5,CD4+ T cell,IgM+ B cell,,,1.16811021828315e-05,2.08019782036117e-05,aih_only,0,2,0,2,,1.62415401932216e-05,,,1.16811021828315e-05,2.08019782036117e-05,,FALSE,FALSE,FALSE,FALSE,,AIH
CCL5-CCR5,CD4+ T cell,Macrophage 1,,,3.14974034884748e-06,5.0135199090143e-06,aih_only,0,2,0,2,,4.08163012893089e-06,,,3.14974034884748e-06,5.0135199090143e-06,,FALSE,FALSE,FALSE,FALSE,,AIH
CCL5-CCR5,CD4+ T cell,Macrophage 2,,,4.77426043811058e-06,6.79859895981588e-06,aih_only,0,2,0,2,,5.78642969896323e-06,,,4.77426043811058e-06,6.79859895981588e-06,,FALSE,FALSE,FALSE,FALSE,,AIH
CCL5-CCR5,CD4+ T cell,Sinusoidal endothelial cell,,,1.05410367097388e-06,8.70772585857253e-07,aih_only,0,2,0,2,,9.62438128415567e-07,,,8.70772585857253e-07,1.05410367097388e-06,,FALSE,FALSE,FALSE,FALSE,,AIH
CCL5-CCR5,CD4+ T cell,Stellate cell,,,1.99870851534351e-06,3.33947679737396e-06,aih_only,0,2,0,2,,2.66909265635873e-06,,,1.99870851534351e-06,3.33947679737396e-06,,FALSE,FALSE,FALSE,FALSE,,AIH
CCL5-CCR5,CD4+ T cell,Vascular endothelial cell,,,3.35442588840257e-06,4.39218716661707e-06,aih_only,0,2,0,2,,3.87330652750982e-06,,,3.35442588840257e-06,4.39218716661707e-06,,FALSE,FALSE,FALSE,FALSE,,AIH
CCL5-CCR5,CD8+ T cell 1,CD4+ T cell,,,1.77670652022758e-05,2.69709151639942e-05,aih_only,0,2,0,2,,2.2368990183135e-05,,,1.77670652022758e-05,2.69709151639942e-05,,FALSE,FALSE,FALSE,FALSE,,AIH
CCL5-CCR5,CD8+ T cell 1,CD8+ T cell 1,,,4.15688234544965e-05,5.4026996107417e-05,aih_only,0,2,0,2,,4.77979097809568e-05,,,4.15688234544965e-05,5.4026996107417e-05,,FALSE,FALSE,FALSE,FALSE,,AIH
CCL5-CCR5,CD8+ T cell 1,CD8+ T cell 2,,,3.35296056269021e-05,3.14142951851363e-05,aih_only,0,2,0,2,,3.24719504060192e-05,,,3.14142951851363e-05,3.35296056269021e-05,,FALSE,FALSE,FALSE,FALSE,,AIH
CCL5-CCR5,CD8+ T cell 1,CD8+ T cell 3,,,2.60224213966061e-05,4.63378002129633e-05,aih_only,0,2,0,2,,3.61801108047847e-05,,,2.60224213966061e-05,4.63378002129633e-05,,FALSE,FALSE,FALSE,FALSE,,AIH
CCL5-CCR5,CD8+ T cell 1,Cholangiocyte,,,7.0887562634246e-06,7.14917313573221e-06,aih_only,0,2,0,2,,7.11896469957841e-06,,,7.0887562634246e-06,7.14917313573221e-06,,FALSE,FALSE,FALSE,FALSE,,AIH
CCL5-CCR5,CD8+ T cell 1,Hepatocyte 1,,,3.32933815978489e-06,4.45757839741862e-06,aih_only,0,2,0,2,,3.89345827860176e-06,,,3.32933815978489e-06,4.45757839741862e-06,,FALSE,FALSE,FALSE,FALSE,,AIH
CCL5-CCR5,CD8+ T cell 1,Hepatocyte 2,,,3.75531659932354e-06,2.08924143255734e-06,aih_only,0,2,0,2,,2.92227901594044e-06,,,2.08924143255734e-06,3.75531659932354e-06,,FALSE,FALSE,FALSE,FALSE,,AIH
CCL5-CCR5,CD8+ T cell 1,Hepatocyte 3,,,2.27005815422285e-06,3.63187722548793e-06,aih_only,0,2,0,2,,2.95096768985539e-06,,,2.27005815422285e-06,3.63187722548793e-06,,FALSE,FALSE,FALSE,FALSE,,AIH
CCL5-CCR5,CD8+ T cell 1,Hepatocyte 4,,,2.56132145600521e-06,4.6584432610631e-06,aih_only,0,2,0,2,,3.60988235853415e-06,,,2.56132145600521e-06,4.6584432610631e-06,,FALSE,FALSE,FALSE,FALSE,,AIH
CCL5-CCR5,CD8+ T cell 1,Ig+ hepatocyte,,,4.72997267195078e-06,7.66109698489754e-06,aih_only,0,2,0,2,,6.19553482842416e-06,,,4.72997267195078e-06,7.66109698489754e-06,,FALSE,FALSE,FALSE,FALSE,,AIH
CCL5-CCR5,CD8+ T cell 1,IgG+ B cell,,,3.79501488147875e-06,2.51909663470745e-06,aih_only,0,2,0,2,,3.1570557580931e-06,,,2.51909663470745e-06,3.79501488147875e-06,,FALSE,FALSE,FALSE,FALSE,,AIH
CCL5-CCR5,CD8+ T cell 1,IgG+ plasmablast / plasma cell,,,5.81114604192795e-06,6.6668859240032e-06,aih_only,0,2,0,2,,6.23901598296557e-06,,,5.81114604192795e-06,6.6668859240032e-06,,FALSE,FALSE,FALSE,FALSE,,AIH
CCL5-CCR5,CD8+ T cell 1,IgM+ B cell,,,1.38240717495274e-05,1.6498411508214e-05,aih_only,0,2,0,2,,1.51612416288707e-05,,,1.38240717495274e-05,1.6498411508214e-05,,FALSE,FALSE,FALSE,FALSE,,AIH
CCL5-CCR5,CD8+ T cell 1,Macrophage 1,,,1.57062718413884e-05,2.38253839818868e-05,aih_only,0,2,0,2,,1.97658279116376e-05,,,1.57062718413884e-05,2.38253839818868e-05,,FALSE,FALSE,FALSE,FALSE,,AIH
CCL5-CCR5,CD8+ T cell 1,Macrophage 2,,,8.60372995750372e-06,1.30036260530851e-05,aih_only,0,2,0,2,,1.08036780052944e-05,,,8.60372995750372e-06,1.30036260530851e-05,,FALSE,FALSE,FALSE,FALSE,,AIH
CCL5-CCR5,CD8+ T cell 1,Sinusoidal endothelial cell,,,8.3855560942885e-06,7.12685599182022e-06,aih_only,0,2,0,2,,7.75620604305436e-06,,,7.12685599182022e-06,8.3855560942885e-06,,FALSE,FALSE,FALSE,FALSE,,AIH
CCL5-CCR5,CD8+ T cell 1,Stellate cell,,,5.29414640203648e-06,6.86664363764812e-06,aih_only,0,2,0,2,,6.0803950198423e-06,,,5.29414640203648e-06,6.86664363764812e-06,,FALSE,FALSE,FALSE,FALSE,,AIH
CCL5-CCR5,CD8+ T cell 1,Vascular endothelial cell,,,4.4769282263128e-06,6.22441235540973e-06,aih_only,0,2,0,2,,5.35067029086126e-06,,,4.4769282263128e-06,6.22441235540973e-06,,FALSE,FALSE,FALSE,FALSE,,AIH
CCL5-CCR5,CD8+ T cell 2,CD4+ T cell,,,8.80976599657683e-06,1.53380238770994e-05,aih_only,0,2,0,2,,1.20738949368381e-05,,,8.80976599657683e-06,1.53380238770994e-05,,FALSE,FALSE,FALSE,FALSE,,AIH
CCL5-CCR5,CD8+ T cell 2,CD8+ T cell 1,,,3.16969004830587e-05,3.59582109649268e-05,aih_only,0,2,0,2,,3.38275557239928e-05,,,3.16969004830587e-05,3.59582109649268e-05,,FALSE,FALSE,FALSE,FALSE,,AIH
CCL5-CCR5,CD8+ T cell 2,CD8+ T cell 2,,,0.000130872947465851,7.73063121057473e-05,aih_only,0,2,0,2,,0.000104089629785799,,,7.73063121057473e-05,0.000130872947465851,,FALSE,FALSE,FALSE,FALSE,,AIH
CCL5-CCR5,CD8+ T cell 2,CD8+ T cell 3,,,3.6147137380477e-05,4.53243378037399e-05,aih_only,0,2,0,2,,4.07357375921084e-05,,,3.6147137380477e-05,4.53243378037399e-05,,FALSE,FALSE,FALSE,FALSE,,AIH
CCL5-CCR5,CD8+ T cell 2,Cholangiocyte,,,2.41156524900349e-06,3.18508805408559e-06,aih_only,0,2,0,2,,2.79832665154454e-06,,,2.41156524900349e-06,3.18508805408559e-06,,FALSE,FALSE,FALSE,FALSE,,AIH
CCL5-CCR5,CD8+ T cell 2,Hepatocyte 1,,,8.48729395355619e-06,5.0864059147115e-06,aih_only,0,2,0,2,,6.78684993413385e-06,,,5.0864059147115e-06,8.48729395355619e-06,,FALSE,FALSE,FALSE,FALSE,,AIH
CCL5-CCR5,CD8+ T cell 2,Hepatocyte 2,,,7.48126064220221e-06,3.00197890023167e-06,aih_only,0,2,0,2,,5.24161977121694e-06,,,3.00197890023167e-06,7.48126064220221e-06,,FALSE,FALSE,FALSE,FALSE,,AIH
CCL5-CCR5,CD8+ T cell 2,Hepatocyte 3,,,3.08279761747145e-06,5.72437799698554e-06,aih_only,0,2,0,2,,4.40358780722849e-06,,,3.08279761747145e-06,5.72437799698554e-06,,FALSE,FALSE,FALSE,FALSE,,AIH
CCL5-CCR5,CD8+ T cell 2,Hepatocyte 4,,,7.16843271819003e-06,5.16035738688774e-06,aih_only,0,2,0,2,,6.16439505253888e-06,,,5.16035738688774e-06,7.16843271819003e-06,,FALSE,FALSE,FALSE,FALSE,,AIH
CCL5-CCR5,CD8+ T cell 2,Ig+ hepatocyte,,,3.61839617763547e-06,6.46164507811545e-06,aih_only,0,2,0,2,,5.04002062787546e-06,,,3.61839617763547e-06,6.46164507811545e-06,,FALSE,FALSE,FALSE,FALSE,,AIH
CCL5-CCR5,CD8+ T cell 2,IgG+ B cell,,,7.33809248976239e-07,1.12720237413792e-06,aih_only,0,2,0,2,,9.30505811557078e-07,,,7.33809248976239e-07,1.12720237413792e-06,,FALSE,FALSE,FALSE,FALSE,,AIH
CCL5-CCR5,CD8+ T cell 2,IgG+ plasmablast / plasma cell,,,2.81757054255736e-06,2.71303977801413e-06,aih_only,0,2,0,2,,2.76530516028575e-06,,,2.71303977801413e-06,2.81757054255736e-06,,FALSE,FALSE,FALSE,FALSE,,AIH
CCL5-CCR5,CD8+ T cell 2,IgM+ B cell,,,4.36101954026107e-06,7.41111547047196e-06,aih_only,0,2,0,2,,5.88606750536652e-06,,,4.36101954026107e-06,7.41111547047196e-06,,FALSE,FALSE,FALSE,FALSE,,AIH
CCL5-CCR5,CD8+ T cell 2,Macrophage 1,,,1.8749185081759e-05,2.23572825204983e-05,aih_only,0,2,0,2,,2.05532338011286e-05,,,1.8749185081759e-05,2.23572825204983e-05,,FALSE,FALSE,FALSE,FALSE,,AIH
CCL5-CCR5,CD8+ T cell 2,Macrophage 2,,,2.76517223622386e-06,9.43191944573295e-06,aih_only,0,2,0,2,,6.0985458409784e-06,,,2.76517223622386e-06,9.43191944573295e-06,,FALSE,FALSE,FALSE,FALSE,,AIH
CCL5-CCR5,CD8+ T cell 2,Sinusoidal endothelial cell,,,6.4338831003334e-06,7.54901729749872e-06,aih_only,0,2,0,2,,6.99145019891606e-06,,,6.4338831003334e-06,7.54901729749872e-06,,FALSE,FALSE,FALSE,FALSE,,AIH
CCL5-CCR5,CD8+ T cell 2,Stellate cell,,,2.05700884497738e-06,4.1471250410598e-06,aih_only,0,2,0,2,,3.10206694301859e-06,,,2.05700884497738e-06,4.1471250410598e-06,,FALSE,FALSE,FALSE,FALSE,,AIH
CCL5-CCR5,CD8+ T cell 2,Vascular endothelial cell,,,1.09175911692805e-06,2.01268026227678e-06,aih_only,0,2,0,2,,1.55221968960242e-06,,,1.09175911692805e-06,2.01268026227678e-06,,FALSE,FALSE,FALSE,FALSE,,AIH
CCL5-CCR5,CD8+ T cell 3,CD4+ T cell,,,1.08996814193998e-05,2.14249878445751e-05,aih_only,0,2,0,2,,1.61623346319874e-05,,,1.08996814193998e-05,2.14249878445751e-05,,FALSE,FALSE,FALSE,FALSE,,AIH
CCL5-CCR5,CD8+ T cell 3,CD8+ T cell 1,,,2.57582001184843e-05,3.60985626716332e-05,aih_only,0,2,0,2,,3.09283813950587e-05,,,2.57582001184843e-05,3.60985626716332e-05,,FALSE,FALSE,FALSE,FALSE,,AIH
CCL5-CCR5,CD8+ T cell 3,CD8+ T cell 2,,,4.05921647093916e-05,2.67084207009394e-05,aih_only,0,2,0,2,,3.36502927051655e-05,,,2.67084207009394e-05,4.05921647093916e-05,,FALSE,FALSE,FALSE,FALSE,,AIH
CCL5-CCR5,CD8+ T cell 3,CD8+ T cell 3,,,0.000105977996144057,0.000175077170531059,aih_only,0,2,0,2,,0.000140527583337558,,,0.000105977996144057,0.000175077170531059,,FALSE,FALSE,FALSE,FALSE,,AIH
CCL5-CCR5,CD8+ T cell 3,Cholangiocyte,,,5.2408124823382e-06,7.72012789101558e-06,aih_only,0,2,0,2,,6.48047018667689e-06,,,5.2408124823382e-06,7.72012789101558e-06,,FALSE,FALSE,FALSE,FALSE,,AIH
CCL5-CCR5,CD8+ T cell 3,Hepatocyte 1,,,3.38346952721068e-06,4.0457270330393e-06,aih_only,0,2,0,2,,3.71459828012499e-06,,,3.38346952721068e-06,4.0457270330393e-06,,FALSE,FALSE,FALSE,FALSE,,AIH
CCL5-CCR5,CD8+ T cell 3,Hepatocyte 2,,,3.75391370897227e-06,1.80236419722887e-06,aih_only,0,2,0,2,,2.77813895310057e-06,,,1.80236419722887e-06,3.75391370897227e-06,,FALSE,FALSE,FALSE,FALSE,,AIH
CCL5-CCR5,CD8+ T cell 3,Hepatocyte 3,,,8.64669697546846e-07,5.1101305176374e-06,aih_only,0,2,0,2,,2.98740010759212e-06,,,8.64669697546846e-07,5.1101305176374e-06,,FALSE,FALSE,FALSE,FALSE,,AIH
CCL5-CCR5,CD8+ T cell 3,Hepatocyte 4,,,1.61141894441949e-06,3.13380913866989e-06,aih_only,0,2,0,2,,2.37261404154469e-06,,,1.61141894441949e-06,3.13380913866989e-06,,FALSE,FALSE,FALSE,FALSE,,AIH
CCL5-CCR5,CD8+ T cell 3,Ig+ hepatocyte,,,2.53187528543611e-06,6.39248727207235e-06,aih_only,0,2,0,2,,4.46218127875423e-06,,,2.53187528543611e-06,6.39248727207235e-06,,FALSE,FALSE,FALSE,FALSE,,AIH
CCL5-CCR5,CD8+ T cell 3,IgG+ B cell,,,2.25619263297311e-06,1.94011415615501e-06,aih_only,0,2,0,2,,2.09815339456406e-06,,,1.94011415615501e-06,2.25619263297311e-06,,FALSE,FALSE,FALSE,FALSE,,AIH
CCL5-CCR5,CD8+ T cell 3,IgG+ plasmablast / plasma cell,,,3.89454760041779e-06,5.24706313727997e-06,aih_only,0,2,0,2,,4.57080536884888e-06,,,3.89454760041779e-06,5.24706313727997e-06,,FALSE,FALSE,FALSE,FALSE,,AIH
CCL5-CCR5,CD8+ T cell 3,IgM+ B cell,,,8.26672831971095e-06,1.13595805610481e-05,aih_only,0,2,0,2,,9.81315444037953e-06,,,8.26672831971095e-06,1.13595805610481e-05,,FALSE,FALSE,FALSE,FALSE,,AIH
CCL5-CCR5,CD8+ T cell 3,Macrophage 1,,,1.26223722450107e-05,2.00233090481147e-05,aih_only,0,2,0,2,,1.63228406465627e-05,,,1.26223722450107e-05,2.00233090481147e-05,,FALSE,FALSE,FALSE,FALSE,,AIH
CCL5-CCR5,CD8+ T cell 3,Macrophage 2,,,4.93869614892011e-06,9.00911251001485e-06,aih_only,0,2,0,2,,6.97390432946748e-06,,,4.93869614892011e-06,9.00911251001485e-06,,FALSE,FALSE,FALSE,FALSE,,AIH
CCL5-CCR5,CD8+ T cell 3,Sinusoidal endothelial cell,,,4.9114671048055e-06,6.32986185179441e-06,aih_only,0,2,0,2,,5.62066447829995e-06,,,4.9114671048055e-06,6.32986185179441e-06,,FALSE,FALSE,FALSE,FALSE,,AIH
CCL5-CCR5,CD8+ T cell 3,Stellate cell,,,2.59554603284882e-06,3.75553781926707e-06,aih_only,0,2,0,2,,3.17554192605795e-06,,,2.59554603284882e-06,3.75553781926707e-06,,FALSE,FALSE,FALSE,FALSE,,AIH
CCL5-CCR5,CD8+ T cell 3,Vascular endothelial cell,,,4.42392251012457e-06,4.72239640577437e-06,aih_only,0,2,0,2,,4.57315945794947e-06,,,4.42392251012457e-06,4.72239640577437e-06,,FALSE,FALSE,FALSE,FALSE,,AIH
CCL5-CCR5,Cholangiocyte,CD4+ T cell,,,4.85389993997515e-06,4.96306337779497e-06,aih_only,0,2,0,2,,4.90848165888506e-06,,,4.85389993997515e-06,4.96306337779497e-06,,FALSE,FALSE,FALSE,FALSE,,AIH
CCL5-CCR5,Cholangiocyte,CD8+ T cell 1,,,5.18013078614721e-06,4.78023436098497e-06,aih_only,0,2,0,2,,4.98018257356609e-06,,,4.78023436098497e-06,5.18013078614721e-06,,FALSE,FALSE,FALSE,FALSE,,AIH
CCL5-CCR5,Cholangiocyte,CD8+ T cell 2,,,1.91109186957981e-06,3.23212609500776e-06,aih_only,0,2,0,2,,2.57160898229378e-06,,,1.91109186957981e-06,3.23212609500776e-06,,FALSE,FALSE,FALSE,FALSE,,AIH
CCL5-CCR5,Cholangiocyte,CD8+ T cell 3,,,3.26580802442491e-06,5.72791589425628e-06,aih_only,0,2,0,2,,4.4968619593406e-06,,,3.26580802442491e-06,5.72791589425628e-06,,FALSE,FALSE,FALSE,FALSE,,AIH
CCL5-CCR5,Cholangiocyte,Cholangiocyte,,,8.12018821969215e-06,5.17451382874173e-06,aih_only,0,2,0,2,,6.64735102421694e-06,,,5.17451382874173e-06,8.12018821969215e-06,,FALSE,FALSE,FALSE,FALSE,,AIH
CCL5-CCR5,Cholangiocyte,Hepatocyte 1,,,2.96560163289282e-07,3.32264096014613e-07,aih_only,0,2,0,2,,3.14412129651947e-07,,,2.96560163289282e-07,3.32264096014613e-07,,FALSE,FALSE,FALSE,FALSE,,AIH
CCL5-CCR5,Cholangiocyte,Hepatocyte 2,,,1.56845775484238e-07,8.29093422953868e-08,aih_only,0,2,0,2,,1.19877558889812e-07,,,8.29093422953868e-08,1.56845775484238e-07,,FALSE,FALSE,FALSE,FALSE,,AIH
CCL5-CCR5,Cholangiocyte,Hepatocyte 3,,,3.81184949721983e-08,7.00556812609494e-07,aih_only,0,2,0,2,,3.69337653790846e-07,,,3.81184949721983e-08,7.00556812609494e-07,,FALSE,FALSE,FALSE,FALSE,,AIH
CCL5-CCR5,Cholangiocyte,Hepatocyte 4,,,1.38494429958207e-07,2.6145786251885e-07,aih_only,0,2,0,2,,1.99976146238529e-07,,,1.38494429958207e-07,2.6145786251885e-07,,FALSE,FALSE,FALSE,FALSE,,AIH
CCL5-CCR5,Cholangiocyte,Ig+ hepatocyte,,,6.31332491730504e-07,1.03766162589309e-06,aih_only,0,2,0,2,,8.34497058811798e-07,,,6.31332491730504e-07,1.03766162589309e-06,,FALSE,FALSE,FALSE,FALSE,,AIH
CCL5-CCR5,Cholangiocyte,IgG+ B cell,,,1.26272525547605e-06,1.68034734870008e-06,aih_only,0,2,0,2,,1.47153630208807e-06,,,1.26272525547605e-06,1.68034734870008e-06,,FALSE,FALSE,FALSE,FALSE,,AIH
CCL5-CCR5,Cholangiocyte,IgG+ plasmablast / plasma cell,,,1.59712283315937e-06,1.91437006084932e-06,aih_only,0,2,0,2,,1.75574644700435e-06,,,1.59712283315937e-06,1.91437006084932e-06,,FALSE,FALSE,FALSE,FALSE,,AIH
CCL5-CCR5,Cholangiocyte,IgM+ B cell,,,3.96538829830303e-06,2.90138561099818e-06,aih_only,0,2,0,2,,3.43338695465061e-06,,,2.90138561099818e-06,3.96538829830303e-06,,FALSE,FALSE,FALSE,FALSE,,AIH
CCL5-CCR5,Cholangiocyte,Macrophage 1,,,1.51289595884767e-06,1.73874230664841e-06,aih_only,0,2,0,2,,1.62581913274804e-06,,,1.51289595884767e-06,1.73874230664841e-06,,FALSE,FALSE,FALSE,FALSE,,AIH
CCL5-CCR5,Cholangiocyte,Macrophage 2,,,3.53745311017651e-06,2.51280707459946e-06,aih_only,0,2,0,2,,3.02513009238798e-06,,,2.51280707459946e-06,3.53745311017651e-06,,FALSE,FALSE,FALSE,FALSE,,AIH
CCL5-CCR5,Cholangiocyte,Sinusoidal endothelial cell,,,4.94209998492089e-07,4.69254334649235e-07,aih_only,0,2,0,2,,4.81732166570662e-07,,,4.69254334649235e-07,4.94209998492089e-07,,FALSE,FALSE,FALSE,FALSE,,AIH
CCL5-CCR5,Cholangiocyte,Stellate cell,,,1.20579497075163e-06,1.35578203160139e-06,aih_only,0,2,0,2,,1.28078850117651e-06,,,1.20579497075163e-06,1.35578203160139e-06,,FALSE,FALSE,FALSE,FALSE,,AIH
CCL5-CCR5,Cholangiocyte,Vascular endothelial cell,,,1.72834548286876e-06,1.61639948969277e-06,aih_only,0,2,0,2,,1.67237248628077e-06,,,1.61639948969277e-06,1.72834548286876e-06,,FALSE,FALSE,FALSE,FALSE,,AIH
CCL5-CCR5,Hepatocyte 1,CD4+ T cell,,,1.65418550958988e-06,1.44065949452049e-06,aih_only,0,2,0,2,,1.54742250205519e-06,,,1.44065949452049e-06,1.65418550958988e-06,,FALSE,FALSE,FALSE,FALSE,,AIH
CCL5-CCR5,Hepatocyte 1,CD8+ T cell 1,,,5.89551133820589e-06,4.13090480121973e-06,aih_only,0,2,0,2,,5.01320806971281e-06,,,4.13090480121973e-06,5.89551133820589e-06,,FALSE,FALSE,FALSE,FALSE,,AIH
CCL5-CCR5,Hepatocyte 1,CD8+ T cell 2,,,1.43344808699034e-05,3.91967587639928e-06,aih_only,0,2,0,2,,9.12707837315134e-06,,,3.91967587639928e-06,1.43344808699034e-05,,FALSE,FALSE,FALSE,FALSE,,AIH
CCL5-CCR5,Hepatocyte 1,CD8+ T cell 3,,,5.76280667202942e-06,4.22738718112427e-06,aih_only,0,2,0,2,,4.99509692657685e-06,,,4.22738718112427e-06,5.76280667202942e-06,,FALSE,FALSE,FALSE,FALSE,,AIH
CCL5-CCR5,Hepatocyte 1,Cholangiocyte,,,4.25551277040773e-07,3.05508899527906e-07,aih_only,0,2,0,2,,3.65530088284339e-07,,,3.05508899527906e-07,4.25551277040773e-07,,FALSE,FALSE,FALSE,FALSE,,AIH
CCL5-CCR5,Hepatocyte 1,Hepatocyte 1,,,2.26884774557019e-06,6.8014891537485e-07,aih_only,0,2,0,2,,1.47449833047252e-06,,,6.8014891537485e-07,2.26884774557019e-06,,FALSE,FALSE,FALSE,FALSE,,AIH
CCL5-CCR5,Hepatocyte 1,Hepatocyte 2,,,1.49346093498017e-06,2.78731326784775e-07,aih_only,0,2,0,2,,8.86096130882473e-07,,,2.78731326784775e-07,1.49346093498017e-06,,FALSE,FALSE,FALSE,FALSE,,AIH
CCL5-CCR5,Hepatocyte 1,Hepatocyte 3,,,8.09851604794035e-07,4.9780801121374e-07,aih_only,0,2,0,2,,6.53829808003887e-07,,,4.9780801121374e-07,8.09851604794035e-07,,FALSE,FALSE,FALSE,FALSE,,AIH
CCL5-CCR5,Hepatocyte 1,Hepatocyte 4,,,1.29731232953831e-06,4.94792110309454e-07,aih_only,0,2,0,2,,8.96052219923883e-07,,,4.94792110309454e-07,1.29731232953831e-06,,FALSE,FALSE,FALSE,FALSE,,AIH
CCL5-CCR5,Hepatocyte 1,Ig+ hepatocyte,,,9.76887402167957e-07,1.3540391624928e-06,aih_only,0,2,0,2,,1.16546328233038e-06,,,9.76887402167957e-07,1.3540391624928e-06,,FALSE,FALSE,FALSE,FALSE,,AIH
CCL5-CCR5,Hepatocyte 1,IgG+ B cell,,,1.47890898360439e-07,1.64775875718879e-07,aih_only,0,2,0,2,,1.56333387039659e-07,,,1.47890898360439e-07,1.64775875718879e-07,,FALSE,FALSE,FALSE,FALSE,,AIH
CCL5-CCR5,Hepatocyte 1,IgG+ plasmablast / plasma cell,,,4.50822390177845e-07,3.50977948932429e-07,aih_only,0,2,0,2,,4.00900169555137e-07,,,3.50977948932429e-07,4.50822390177845e-07,,FALSE,FALSE,FALSE,FALSE,,AIH
CCL5-CCR5,Hepatocyte 1,IgM+ B cell,,,7.00975584506564e-07,7.03015428186457e-07,aih_only,0,2,0,2,,7.01995506346511e-07,,,7.00975584506564e-07,7.03015428186457e-07,,FALSE,FALSE,FALSE,FALSE,,AIH
CCL5-CCR5,Hepatocyte 1,Macrophage 1,,,3.64723353129129e-06,2.42418552273049e-06,aih_only,0,2,0,2,,3.03570952701089e-06,,,2.42418552273049e-06,3.64723353129129e-06,,FALSE,FALSE,FALSE,FALSE,,AIH
CCL5-CCR5,Hepatocyte 1,Macrophage 2,,,4.75504922316162e-07,8.60877067894393e-07,aih_only,0,2,0,2,,6.68190995105278e-07,,,4.75504922316162e-07,8.60877067894393e-07,,FALSE,FALSE,FALSE,FALSE,,AIH
CCL5-CCR5,Hepatocyte 1,Sinusoidal endothelial cell,,,1.05423139992168e-06,7.2696479101347e-07,aih_only,0,2,0,2,,8.90598095467575e-07,,,7.2696479101347e-07,1.05423139992168e-06,,FALSE,FALSE,FALSE,FALSE,,AIH
CCL5-CCR5,Hepatocyte 1,Stellate cell,,,4.39089299886572e-07,5.58199119175467e-07,aih_only,0,2,0,2,,4.9864420953102e-07,,,4.39089299886572e-07,5.58199119175467e-07,,FALSE,FALSE,FALSE,FALSE,,AIH
CCL5-CCR5,Hepatocyte 1,Vascular endothelial cell,,,1.83083527392877e-07,1.59018352433308e-07,aih_only,0,2,0,2,,1.71050939913092e-07,,,1.59018352433308e-07,1.83083527392877e-07,,FALSE,FALSE,FALSE,FALSE,,AIH
CCL5-CCR5,Hepatocyte 2,CD4+ T cell,,,9.40501604663059e-07,9.70358611293447e-07,aih_only,0,2,0,2,,9.55430107978253e-07,,,9.40501604663059e-07,9.70358611293447e-07,,FALSE,FALSE,FALSE,FALSE,,AIH
CCL5-CCR5,Hepatocyte 2,CD8+ T cell 1,,,5.06832928559774e-06,2.94886072279964e-06,aih_only,0,2,0,2,,4.00859500419869e-06,,,2.94886072279964e-06,5.06832928559774e-06,,FALSE,FALSE,FALSE,FALSE,,AIH
CCL5-CCR5,Hepatocyte 2,CD8+ T cell 2,,,1.06683718402723e-05,3.00101902292518e-06,aih_only,0,2,0,2,,6.83469543159872e-06,,,3.00101902292518e-06,1.06683718402723e-05,,FALSE,FALSE,FALSE,FALSE,,AIH
CCL5-CCR5,Hepatocyte 2,CD8+ T cell 3,,,5.75324654410165e-06,3.29047056831869e-06,aih_only,0,2,0,2,,4.52185855621017e-06,,,3.29047056831869e-06,5.75324654410165e-06,,FALSE,FALSE,FALSE,FALSE,,AIH
CCL5-CCR5,Hepatocyte 2,Cholangiocyte,,,4.55876585986134e-07,2.45167279621895e-07,aih_only,0,2,0,2,,3.50521932804015e-07,,,2.45167279621895e-07,4.55876585986134e-07,,FALSE,FALSE,FALSE,FALSE,,AIH
CCL5-CCR5,Hepatocyte 2,Hepatocyte 1,,,1.19840958480407e-06,4.06615549310326e-07,aih_only,0,2,0,2,,8.02512567057199e-07,,,4.06615549310326e-07,1.19840958480407e-06,,FALSE,FALSE,FALSE,FALSE,,AIH
CCL5-CCR5,Hepatocyte 2,Hepatocyte 2,,,2.95241956774173e-06,5.03981727392391e-07,aih_only,0,2,0,2,,1.72820064756706e-06,,,5.03981727392391e-07,2.95241956774173e-06,,FALSE,FALSE,FALSE,FALSE,,AIH
CCL5-CCR5,Hepatocyte 2,Hepatocyte 3,,,2.29089500439621e-06,6.72820723738913e-07,aih_only,0,2,0,2,,1.48185786406756e-06,,,6.72820723738913e-07,2.29089500439621e-06,,FALSE,FALSE,FALSE,FALSE,,AIH
CCL5-CCR5,Hepatocyte 2,Hepatocyte 4,,,3.92038718320038e-07,4.46518960236449e-07,aih_only,0,2,0,2,,4.19278839278243e-07,,,3.92038718320038e-07,4.46518960236449e-07,,FALSE,FALSE,FALSE,FALSE,,AIH
CCL5-CCR5,Hepatocyte 2,Ig+ hepatocyte,,,1.54649003141472e-07,5.29511435425325e-07,aih_only,0,2,0,2,,3.42080219283398e-07,,,1.54649003141472e-07,5.29511435425325e-07,,FALSE,FALSE,FALSE,FALSE,,AIH
CCL5-CCR5,Hepatocyte 2,IgG+ B cell,,,7.30535737648073e-08,1.35039024094284e-07,aih_only,0,2,0,2,,1.04046298929546e-07,,,7.30535737648073e-08,1.35039024094284e-07,,FALSE,FALSE,FALSE,FALSE,,AIH
CCL5-CCR5,Hepatocyte 2,IgG+ plasmablast / plasma cell,,,3.65146612320464e-07,1.16147031120112e-07,aih_only,0,2,0,2,,2.40646821720288e-07,,,1.16147031120112e-07,3.65146612320464e-07,,FALSE,FALSE,FALSE,FALSE,,AIH
CCL5-CCR5,Hepatocyte 2,IgM+ B cell,,,5.82887800535795e-07,3.78544918461561e-07,aih_only,0,2,0,2,,4.80716359498678e-07,,,3.78544918461561e-07,5.82887800535795e-07,,FALSE,FALSE,FALSE,FALSE,,AIH
CCL5-CCR5,Hepatocyte 2,Macrophage 1,,,2.7002189210643e-06,1.85043801225502e-06,aih_only,0,2,0,2,,2.27532846665966e-06,,,1.85043801225502e-06,2.7002189210643e-06,,FALSE,FALSE,FALSE,FALSE,,AIH
CCL5-CCR5,Hepatocyte 2,Macrophage 2,,,3.66045620948853e-07,8.61177309245258e-07,aih_only,0,2,0,2,,6.13611465097055e-07,,,3.66045620948853e-07,8.61177309245258e-07,,FALSE,FALSE,FALSE,FALSE,,AIH
CCL5-CCR5,Hepatocyte 2,Sinusoidal endothelial cell,,,1.50488806711662e-06,4.74833715302116e-07,aih_only,0,2,0,2,,9.8986089120937e-07,,,4.74833715302116e-07,1.50488806711662e-06,,FALSE,FALSE,FALSE,FALSE,,AIH
CCL5-CCR5,Hepatocyte 2,Stellate cell,,,3.51292375402323e-07,2.81368040240791e-07,aih_only,0,2,0,2,,3.16330207821557e-07,,,2.81368040240791e-07,3.51292375402323e-07,,FALSE,FALSE,FALSE,FALSE,,AIH
CCL5-CCR5,Hepatocyte 2,Vascular endothelial cell,,,8.63838823347561e-08,1.08401011121119e-07,aih_only,0,2,0,2,,9.73924467279378e-08,,,8.63838823347561e-08,1.08401011121119e-07,,FALSE,FALSE,FALSE,FALSE,,AIH
CCL5-CCR5,Hepatocyte 3,CD4+ T cell,,,1.56934111848145e-06,1.3944424138963e-06,aih_only,0,2,0,2,,1.48189176618887e-06,,,1.3944424138963e-06,1.56934111848145e-06,,FALSE,FALSE,FALSE,FALSE,,AIH
CCL5-CCR5,Hepatocyte 3,CD8+ T cell 1,,,5.1692275564163e-06,3.02438872962787e-06,aih_only,0,2,0,2,,4.09680814302208e-06,,,3.02438872962787e-06,5.1692275564163e-06,,FALSE,FALSE,FALSE,FALSE,,AIH
CCL5-CCR5,Hepatocyte 3,CD8+ T cell 2,,,1.00504018479755e-05,4.15942385841882e-06,aih_only,0,2,0,2,,7.10491285319715e-06,,,4.15942385841882e-06,1.00504018479755e-05,,FALSE,FALSE,FALSE,FALSE,,AIH
CCL5-CCR5,Hepatocyte 3,CD8+ T cell 3,,,3.21799910505904e-06,2.96751176188779e-06,aih_only,0,2,0,2,,3.09275543347341e-06,,,2.96751176188779e-06,3.21799910505904e-06,,FALSE,FALSE,FALSE,FALSE,,AIH
CCL5-CCR5,Hepatocyte 3,Cholangiocyte,,,3.54036698381213e-07,3.0295310472494e-07,aih_only,0,2,0,2,,3.28494901553077e-07,,,3.0295310472494e-07,3.54036698381213e-07,,FALSE,FALSE,FALSE,FALSE,,AIH
CCL5-CCR5,Hepatocyte 3,Hepatocyte 1,,,1.011180547933e-06,4.74201035028004e-07,aih_only,0,2,0,2,,7.42690791480501e-07,,,4.74201035028004e-07,1.011180547933e-06,,FALSE,FALSE,FALSE,FALSE,,AIH
CCL5-CCR5,Hepatocyte 3,Hepatocyte 2,,,2.03159025650199e-06,3.16141556810271e-07,aih_only,0,2,0,2,,1.17386590665613e-06,,,3.16141556810271e-07,2.03159025650199e-06,,FALSE,FALSE,FALSE,FALSE,,AIH
CCL5-CCR5,Hepatocyte 3,Hepatocyte 3,,,1.60647385264302e-06,3.97933498833878e-06,aih_only,0,2,0,2,,2.7929044204909e-06,,,1.60647385264302e-06,3.97933498833878e-06,,FALSE,FALSE,FALSE,FALSE,,AIH
CCL5-CCR5,Hepatocyte 3,Hepatocyte 4,,,3.47306666843638e-07,1.25341420033614e-07,aih_only,0,2,0,2,,2.36324043438626e-07,,,1.25341420033614e-07,3.47306666843638e-07,,FALSE,FALSE,FALSE,FALSE,,AIH
CCL5-CCR5,Hepatocyte 3,Ig+ hepatocyte,,,2.2666121261161e-07,3.36429820371597e-07,aih_only,0,2,0,2,,2.81545516491603e-07,,,2.2666121261161e-07,3.36429820371597e-07,,FALSE,FALSE,FALSE,FALSE,,AIH
CCL5-CCR5,Hepatocyte 3,IgG+ B cell,,,9.17004102343777e-09,3.851532802032e-08,aih_only,0,2,0,2,,2.38426845218789e-08,,,9.17004102343777e-09,3.851532802032e-08,,FALSE,FALSE,FALSE,FALSE,,AIH
CCL5-CCR5,Hepatocyte 3,IgG+ plasmablast / plasma cell,,,5.99807416532396e-07,1.88807639980201e-07,aih_only,0,2,0,2,,3.94307528256298e-07,,,1.88807639980201e-07,5.99807416532396e-07,,FALSE,FALSE,FALSE,FALSE,,AIH
CCL5-CCR5,Hepatocyte 3,IgM+ B cell,,,1.46323387305949e-06,6.57857690322004e-07,aih_only,0,2,0,2,,1.06054578169075e-06,,,6.57857690322004e-07,1.46323387305949e-06,,FALSE,FALSE,FALSE,FALSE,,AIH
CCL5-CCR5,Hepatocyte 3,Macrophage 1,,,2.48561195306177e-06,1.45025390304385e-06,aih_only,0,2,0,2,,1.96793292805281e-06,,,1.45025390304385e-06,2.48561195306177e-06,,FALSE,FALSE,FALSE,FALSE,,AIH
CCL5-CCR5,Hepatocyte 3,Macrophage 2,,,6.48670100237513e-07,6.98255716768806e-07,aih_only,0,2,0,2,,6.73462908503159e-07,,,6.48670100237513e-07,6.98255716768806e-07,,FALSE,FALSE,FALSE,FALSE,,AIH
CCL5-CCR5,Hepatocyte 3,Sinusoidal endothelial cell,,,3.48998006592113e-07,7.52299612853658e-07,aih_only,0,2,0,2,,5.50648809722886e-07,,,3.48998006592113e-07,7.52299612853658e-07,,FALSE,FALSE,FALSE,FALSE,,AIH
CCL5-CCR5,Hepatocyte 3,Stellate cell,,,5.2905742320591e-07,3.38961490669029e-07,aih_only,0,2,0,2,,4.34009456937469e-07,,,3.38961490669029e-07,5.2905742320591e-07,,FALSE,FALSE,FALSE,FALSE,,AIH
CCL5-CCR5,Hepatocyte 3,Vascular endothelial cell,,,1.87838210226001e-07,1.72232091509775e-07,aih_only,0,2,0,2,,1.80035150867888e-07,,,1.72232091509775e-07,1.87838210226001e-07,,FALSE,FALSE,FALSE,FALSE,,AIH
CCL5-CCR5,Hepatocyte 4,CD4+ T cell,,,1.52271356859861e-06,9.46069312718316e-07,aih_only,0,2,0,2,,1.23439144065846e-06,,,9.46069312718316e-07,1.52271356859861e-06,,FALSE,FALSE,FALSE,FALSE,,AIH
CCL5-CCR5,Hepatocyte 4,CD8+ T cell 1,,,6.90240517512257e-06,4.00888406853914e-06,aih_only,0,2,0,2,,5.45564462183085e-06,,,4.00888406853914e-06,6.90240517512257e-06,,FALSE,FALSE,FALSE,FALSE,,AIH
CCL5-CCR5,Hepatocyte 4,CD8+ T cell 2,,,1.69552328687127e-05,3.67888616208284e-06,aih_only,0,2,0,2,,1.03170595153978e-05,,,3.67888616208284e-06,1.69552328687127e-05,,FALSE,FALSE,FALSE,FALSE,,AIH
CCL5-CCR5,Hepatocyte 4,CD8+ T cell 3,,,1.07502770499045e-05,5.2875696538919e-06,aih_only,0,2,0,2,,8.01892335189822e-06,,,5.2875696538919e-06,1.07502770499045e-05,,FALSE,FALSE,FALSE,FALSE,,AIH
CCL5-CCR5,Hepatocyte 4,Cholangiocyte,,,3.81612062208034e-07,1.85551819791725e-07,aih_only,0,2,0,2,,2.8358194099988e-07,,,1.85551819791725e-07,3.81612062208034e-07,,FALSE,FALSE,FALSE,FALSE,,AIH
CCL5-CCR5,Hepatocyte 4,Hepatocyte 1,,,1.79707302121572e-06,5.38342595400414e-07,aih_only,0,2,0,2,,1.16770780830807e-06,,,5.38342595400414e-07,1.79707302121572e-06,,FALSE,FALSE,FALSE,FALSE,,AIH
CCL5-CCR5,Hepatocyte 4,Hepatocyte 2,,,9.59801296216255e-07,3.01332797831134e-07,aih_only,0,2,0,2,,6.30567047023695e-07,,,3.01332797831134e-07,9.59801296216255e-07,,FALSE,FALSE,FALSE,FALSE,,AIH
CCL5-CCR5,Hepatocyte 4,Hepatocyte 3,,,1.88873052241358e-07,5.25464785205195e-07,aih_only,0,2,0,2,,3.57168918723276e-07,,,1.88873052241358e-07,5.25464785205195e-07,,FALSE,FALSE,FALSE,FALSE,,AIH
CCL5-CCR5,Hepatocyte 4,Hepatocyte 4,,,7.14087510895909e-06,2.63320347246009e-06,aih_only,0,2,0,2,,4.88703929070959e-06,,,2.63320347246009e-06,7.14087510895909e-06,,FALSE,FALSE,FALSE,FALSE,,AIH
CCL5-CCR5,Hepatocyte 4,Ig+ hepatocyte,,,3.6092138155049e-07,1.70612181023477e-06,aih_only,0,2,0,2,,1.03352159589263e-06,,,3.6092138155049e-07,1.70612181023477e-06,,FALSE,FALSE,FALSE,FALSE,,AIH
CCL5-CCR5,Hepatocyte 4,IgG+ B cell,,,2.84042890610911e-07,1.31889911005713e-07,aih_only,0,2,0,2,,2.07966400808312e-07,,,1.31889911005713e-07,2.84042890610911e-07,,FALSE,FALSE,FALSE,FALSE,,AIH
CCL5-CCR5,Hepatocyte 4,IgG+ plasmablast / plasma cell,,,4.72499314083083e-07,3.65315230910923e-07,aih_only,0,2,0,2,,4.18907272497003e-07,,,3.65315230910923e-07,4.72499314083083e-07,,FALSE,FALSE,FALSE,FALSE,,AIH
CCL5-CCR5,Hepatocyte 4,IgM+ B cell,,,8.04312641589223e-07,4.97898662890075e-07,aih_only,0,2,0,2,,6.51105652239649e-07,,,4.97898662890075e-07,8.04312641589223e-07,,FALSE,FALSE,FALSE,FALSE,,AIH
CCL5-CCR5,Hepatocyte 4,Macrophage 1,,,4.19980266123436e-06,2.12579600199208e-06,aih_only,0,2,0,2,,3.16279933161322e-06,,,2.12579600199208e-06,4.19980266123436e-06,,FALSE,FALSE,FALSE,FALSE,,AIH
CCL5-CCR5,Hepatocyte 4,Macrophage 2,,,5.55855905336808e-07,7.75363584596778e-07,aih_only,0,2,0,2,,6.65609744966794e-07,,,5.55855905336808e-07,7.75363584596778e-07,,FALSE,FALSE,FALSE,FALSE,,AIH
CCL5-CCR5,Hepatocyte 4,Sinusoidal endothelial cell,,,4.89421065045213e-07,5.23962236284397e-07,aih_only,0,2,0,2,,5.06691650664805e-07,,,4.89421065045213e-07,5.23962236284397e-07,,FALSE,FALSE,FALSE,FALSE,,AIH
CCL5-CCR5,Hepatocyte 4,Stellate cell,,,5.05120868007208e-07,5.12331412728732e-07,aih_only,0,2,0,2,,5.0872614036797e-07,,,5.05120868007208e-07,5.12331412728732e-07,,FALSE,FALSE,FALSE,FALSE,,AIH
CCL5-CCR5,Hepatocyte 4,Vascular endothelial cell,,,9.09168274167742e-08,7.32341719805942e-07,aih_only,0,2,0,2,,4.11629273611358e-07,,,9.09168274167742e-08,7.32341719805942e-07,,FALSE,FALSE,FALSE,FALSE,,AIH
CCL5-CCR5,Ig+ hepatocyte,CD4+ T cell,,,3.1837362796487e-06,2.19802059497813e-06,aih_only,0,2,0,2,,2.69087843731342e-06,,,2.19802059497813e-06,3.1837362796487e-06,,FALSE,FALSE,FALSE,FALSE,,AIH
CCL5-CCR5,Ig+ hepatocyte,CD8+ T cell 1,,,7.2295805871125e-06,4.87453662914797e-06,aih_only,0,2,0,2,,6.05205860813024e-06,,,4.87453662914797e-06,7.2295805871125e-06,,FALSE,FALSE,FALSE,FALSE,,AIH
CCL5-CCR5,Ig+ hepatocyte,CD8+ T cell 2,,,6.644718455005e-06,4.24363738624273e-06,aih_only,0,2,0,2,,5.44417792062387e-06,,,4.24363738624273e-06,6.644718455005e-06,,FALSE,FALSE,FALSE,FALSE,,AIH
CCL5-CCR5,Ig+ hepatocyte,CD8+ T cell 3,,,4.60410540998746e-06,2.96192120001363e-06,aih_only,0,2,0,2,,3.78301330500054e-06,,,2.96192120001363e-06,4.60410540998746e-06,,FALSE,FALSE,FALSE,FALSE,,AIH
CCL5-CCR5,Ig+ hepatocyte,Cholangiocyte,,,1.34154849048594e-06,9.76912845407487e-07,aih_only,0,2,0,2,,1.15923066794672e-06,,,9.76912845407487e-07,1.34154849048594e-06,,FALSE,FALSE,FALSE,FALSE,,AIH
CCL5-CCR5,Ig+ hepatocyte,Hepatocyte 1,,,1.1355471600132e-06,6.63552676447989e-07,aih_only,0,2,0,2,,8.99549918230593e-07,,,6.63552676447989e-07,1.1355471600132e-06,,FALSE,FALSE,FALSE,FALSE,,AIH
CCL5-CCR5,Ig+ hepatocyte,Hepatocyte 2,,,1.37246874452616e-06,2.93805771302399e-07,aih_only,0,2,0,2,,8.33137257914282e-07,,,2.93805771302399e-07,1.37246874452616e-06,,FALSE,FALSE,FALSE,FALSE,,AIH
CCL5-CCR5,Ig+ hepatocyte,Hepatocyte 3,,,3.24733396848073e-08,9.15628487792834e-07,aih_only,0,2,0,2,,4.7405091373882e-07,,,3.24733396848073e-08,9.15628487792834e-07,,FALSE,FALSE,FALSE,FALSE,,AIH
CCL5-CCR5,Ig+ hepatocyte,Hepatocyte 4,,,4.16408191065844e-07,6.33245887800545e-07,aih_only,0,2,0,2,,5.24827039433194e-07,,,4.16408191065844e-07,6.33245887800545e-07,,FALSE,FALSE,FALSE,FALSE,,AIH
CCL5-CCR5,Ig+ hepatocyte,Ig+ hepatocyte,,,1.4386279175851e-05,8.81887028373726e-06,aih_only,0,2,0,2,,1.16025747297941e-05,,,8.81887028373726e-06,1.4386279175851e-05,,FALSE,FALSE,FALSE,FALSE,,AIH
CCL5-CCR5,Ig+ hepatocyte,IgG+ B cell,,,8.53364156834937e-07,3.81694897568067e-07,aih_only,0,2,0,2,,6.17529527201502e-07,,,3.81694897568067e-07,8.53364156834937e-07,,FALSE,FALSE,FALSE,FALSE,,AIH
CCL5-CCR5,Ig+ hepatocyte,IgG+ plasmablast / plasma cell,,,1.48341362543343e-06,1.36987177762101e-06,aih_only,0,2,0,2,,1.42664270152722e-06,,,1.36987177762101e-06,1.48341362543343e-06,,FALSE,FALSE,FALSE,FALSE,,AIH
CCL5-CCR5,Ig+ hepatocyte,IgM+ B cell,,,2.1761330191677e-06,1.22656416313701e-06,aih_only,0,2,0,2,,1.70134859115236e-06,,,1.22656416313701e-06,2.1761330191677e-06,,FALSE,FALSE,FALSE,FALSE,,AIH
CCL5-CCR5,Ig+ hepatocyte,Macrophage 1,,,4.1703062833271e-06,3.25558020225955e-06,aih_only,0,2,0,2,,3.71294324279333e-06,,,3.25558020225955e-06,4.1703062833271e-06,,FALSE,FALSE,FALSE,FALSE,,AIH
CCL5-CCR5,Ig+ hepatocyte,Macrophage 2,,,1.43291120982463e-06,2.50630105888494e-06,aih_only,0,2,0,2,,1.96960613435478e-06,,,1.43291120982463e-06,2.50630105888494e-06,,FALSE,FALSE,FALSE,FALSE,,AIH
CCL5-CCR5,Ig+ hepatocyte,Sinusoidal endothelial cell,,,1.11070320017578e-06,9.48982151116818e-07,aih_only,0,2,0,2,,1.0298426756463e-06,,,9.48982151116818e-07,1.11070320017578e-06,,FALSE,FALSE,FALSE,FALSE,,AIH
CCL5-CCR5,Ig+ hepatocyte,Stellate cell,,,6.01421405073993e-07,9.21617707175915e-07,aih_only,0,2,0,2,,7.61519556124954e-07,,,6.01421405073993e-07,9.21617707175915e-07,,FALSE,FALSE,FALSE,FALSE,,AIH
CCL5-CCR5,Ig+ hepatocyte,Vascular endothelial cell,,,8.61575000525516e-07,8.29235604575458e-07,aih_only,0,2,0,2,,8.45405302550487e-07,,,8.29235604575458e-07,8.61575000525516e-07,,FALSE,FALSE,FALSE,FALSE,,AIH
CCL5-CCR5,IgG+ B cell,CD4+ T cell,,,3.31050513125506e-06,4.77561688009748e-06,aih_only,0,2,0,2,,4.04306100567627e-06,,,3.31050513125506e-06,4.77561688009748e-06,,FALSE,FALSE,FALSE,FALSE,,AIH
CCL5-CCR5,IgG+ B cell,CD8+ T cell 1,,,4.77121421333419e-06,2.91546451007026e-06,aih_only,0,2,0,2,,3.84333936170223e-06,,,2.91546451007026e-06,4.77121421333419e-06,,FALSE,FALSE,FALSE,FALSE,,AIH
CCL5-CCR5,IgG+ B cell,CD8+ T cell 2,,,1.45042834254393e-06,1.49626680517377e-06,aih_only,0,2,0,2,,1.47334757385885e-06,,,1.45042834254393e-06,1.49626680517377e-06,,FALSE,FALSE,FALSE,FALSE,,AIH
CCL5-CCR5,IgG+ B cell,CD8+ T cell 3,,,1.68304459775021e-06,2.19698607036606e-06,aih_only,0,2,0,2,,1.94001533405814e-06,,,1.68304459775021e-06,2.19698607036606e-06,,FALSE,FALSE,FALSE,FALSE,,AIH
CCL5-CCR5,IgG+ B cell,Cholangiocyte,,,2.11951063412449e-06,2.49420530911456e-06,aih_only,0,2,0,2,,2.30685797161953e-06,,,2.11951063412449e-06,2.49420530911456e-06,,FALSE,FALSE,FALSE,FALSE,,AIH
CCL5-CCR5,IgG+ B cell,Hepatocyte 1,,,2.97657484986461e-07,2.73006222253344e-07,aih_only,0,2,0,2,,2.85331853619902e-07,,,2.73006222253344e-07,2.97657484986461e-07,,FALSE,FALSE,FALSE,FALSE,,AIH
CCL5-CCR5,IgG+ B cell,Hepatocyte 2,,,1.59095774131233e-07,1.68350281977111e-07,aih_only,0,2,0,2,,1.63723028054172e-07,,,1.59095774131233e-07,1.68350281977111e-07,,FALSE,FALSE,FALSE,FALSE,,AIH
CCL5-CCR5,IgG+ B cell,Hepatocyte 3,,,1.90456000207166e-07,5.53537272633932e-07,aih_only,0,2,0,2,,3.71996636420549e-07,,,1.90456000207166e-07,5.53537272633932e-07,,FALSE,FALSE,FALSE,FALSE,,AIH
CCL5-CCR5,IgG+ B cell,Hepatocyte 4,,,2.01210352640379e-07,1.63586511977406e-07,aih_only,0,2,0,2,,1.82398432308893e-07,,,1.63586511977406e-07,2.01210352640379e-07,,FALSE,FALSE,FALSE,FALSE,,AIH
CCL5-CCR5,IgG+ B cell,Ig+ hepatocyte,,,2.28846959296622e-07,3.18966916760309e-06,aih_only,0,2,0,2,,1.70925806344986e-06,,,2.28846959296622e-07,3.18966916760309e-06,,FALSE,FALSE,FALSE,FALSE,,AIH
CCL5-CCR5,IgG+ B cell,IgG+ B cell,,,2.14744022712042e-06,2.91154084575726e-06,aih_only,0,2,0,2,,2.52949053643884e-06,,,2.14744022712042e-06,2.91154084575726e-06,,FALSE,FALSE,FALSE,FALSE,,AIH
CCL5-CCR5,IgG+ B cell,IgG+ plasmablast / plasma cell,,,2.22060861082431e-06,2.13086267411411e-06,aih_only,0,2,0,2,,2.17573564246921e-06,,,2.13086267411411e-06,2.22060861082431e-06,,FALSE,FALSE,FALSE,FALSE,,AIH
CCL5-CCR5,IgG+ B cell,IgM+ B cell,,,2.39610570130145e-06,2.16141272591584e-06,aih_only,0,2,0,2,,2.27875921360864e-06,,,2.16141272591584e-06,2.39610570130145e-06,,FALSE,FALSE,FALSE,FALSE,,AIH
CCL5-CCR5,IgG+ B cell,Macrophage 1,,,1.49105492438588e-06,1.26794147690642e-06,aih_only,0,2,0,2,,1.37949820064615e-06,,,1.26794147690642e-06,1.49105492438588e-06,,FALSE,FALSE,FALSE,FALSE,,AIH
CCL5-CCR5,IgG+ B cell,Macrophage 2,,,1.94598090533472e-06,1.86331509800736e-06,aih_only,0,2,0,2,,1.90464800167104e-06,,,1.86331509800736e-06,1.94598090533472e-06,,FALSE,FALSE,FALSE,FALSE,,AIH
CCL5-CCR5,IgG+ B cell,Sinusoidal endothelial cell,,,1.04026639371577e-06,2.17407543488851e-07,aih_only,0,2,0,2,,6.2883696860231e-07,,,2.17407543488851e-07,1.04026639371577e-06,,FALSE,FALSE,FALSE,FALSE,,AIH
CCL5-CCR5,IgG+ B cell,Stellate cell,,,9.59109500528947e-07,1.69209638691111e-06,aih_only,0,2,0,2,,1.32560294372003e-06,,,9.59109500528947e-07,1.69209638691111e-06,,FALSE,FALSE,FALSE,FALSE,,AIH
CCL5-CCR5,IgG+ B cell,Vascular endothelial cell,,,1.02661098374747e-06,1.6197495147779e-06,aih_only,0,2,0,2,,1.32318024926268e-06,,,1.02661098374747e-06,1.6197495147779e-06,,FALSE,FALSE,FALSE,FALSE,,AIH
CCL5-CCR5,IgG+ plasmablast / plasma cell,CD4+ T cell,,,4.50250200628467e-06,7.59189187091132e-06,aih_only,0,2,0,2,,6.04719693859799e-06,,,4.50250200628467e-06,7.59189187091132e-06,,FALSE,FALSE,FALSE,FALSE,,AIH
CCL5-CCR5,IgG+ plasmablast / plasma cell,CD8+ T cell 1,,,6.55766448159564e-06,6.25722017588667e-06,aih_only,0,2,0,2,,6.40744232874116e-06,,,6.25722017588667e-06,6.55766448159564e-06,,FALSE,FALSE,FALSE,FALSE,,AIH
CCL5-CCR5,IgG+ plasmablast / plasma cell,CD8+ T cell 2,,,2.94778270098157e-06,2.30105003932183e-06,aih_only,0,2,0,2,,2.6244163701517e-06,,,2.30105003932183e-06,2.94778270098157e-06,,FALSE,FALSE,FALSE,FALSE,,AIH
CCL5-CCR5,IgG+ plasmablast / plasma cell,CD8+ T cell 3,,,4.07902901233034e-06,5.66499793301543e-06,aih_only,0,2,0,2,,4.87201347267288e-06,,,4.07902901233034e-06,5.66499793301543e-06,,FALSE,FALSE,FALSE,FALSE,,AIH
CCL5-CCR5,IgG+ plasmablast / plasma cell,Cholangiocyte,,,2.18337560723175e-06,2.60340184508637e-06,aih_only,0,2,0,2,,2.39338872615906e-06,,,2.18337560723175e-06,2.60340184508637e-06,,FALSE,FALSE,FALSE,FALSE,,AIH
CCL5-CCR5,IgG+ plasmablast / plasma cell,Hepatocyte 1,,,5.61739692402658e-07,3.85595032810711e-07,aih_only,0,2,0,2,,4.73667362606684e-07,,,3.85595032810711e-07,5.61739692402658e-07,,FALSE,FALSE,FALSE,FALSE,,AIH
CCL5-CCR5,IgG+ plasmablast / plasma cell,Hepatocyte 2,,,3.03540662120713e-07,8.20683963484825e-08,aih_only,0,2,0,2,,1.92804529234598e-07,,,8.20683963484825e-08,3.03540662120713e-07,,FALSE,FALSE,FALSE,FALSE,,AIH
CCL5-CCR5,IgG+ plasmablast / plasma cell,Hepatocyte 3,,,1.57886355882677e-07,5.07082103978704e-07,aih_only,0,2,0,2,,3.32484229930691e-07,,,1.57886355882677e-07,5.07082103978704e-07,,FALSE,FALSE,FALSE,FALSE,,AIH
CCL5-CCR5,IgG+ plasmablast / plasma cell,Hepatocyte 4,,,1.86226627010702e-07,1.24449889644818e-07,aih_only,0,2,0,2,,1.5533825832776e-07,,,1.24449889644818e-07,1.86226627010702e-07,,FALSE,FALSE,FALSE,FALSE,,AIH
CCL5-CCR5,IgG+ plasmablast / plasma cell,Ig+ hepatocyte,,,7.26388820100899e-07,1.56949961368035e-06,aih_only,0,2,0,2,,1.14794421689063e-06,,,7.26388820100899e-07,1.56949961368035e-06,,FALSE,FALSE,FALSE,FALSE,,AIH
CCL5-CCR5,IgG+ plasmablast / plasma cell,IgG+ B cell,,,1.20381553233912e-06,1.04658887034439e-06,aih_only,0,2,0,2,,1.12520220134175e-06,,,1.04658887034439e-06,1.20381553233912e-06,,FALSE,FALSE,FALSE,FALSE,,AIH
CCL5-CCR5,IgG+ plasmablast / plasma cell,IgG+ plasmablast / plasma cell,,,3.31710557964733e-06,4.39230323390069e-06,aih_only,0,2,0,2,,3.85470440677401e-06,,,3.31710557964733e-06,4.39230323390069e-06,,FALSE,FALSE,FALSE,FALSE,,AIH
CCL5-CCR5,IgG+ plasmablast / plasma cell,IgM+ B cell,,,4.00891612842485e-06,4.90220203005006e-06,aih_only,0,2,0,2,,4.45555907923746e-06,,,4.00891612842485e-06,4.90220203005006e-06,,FALSE,FALSE,FALSE,FALSE,,AIH
CCL5-CCR5,IgG+ plasmablast / plasma cell,Macrophage 1,,,2.40032699465798e-06,2.57096010737059e-06,aih_only,0,2,0,2,,2.48564355101428e-06,,,2.40032699465798e-06,2.57096010737059e-06,,FALSE,FALSE,FALSE,FALSE,,AIH
CCL5-CCR5,IgG+ plasmablast / plasma cell,Macrophage 2,,,2.18135216698244e-06,3.36398273527189e-06,aih_only,0,2,0,2,,2.77266745112717e-06,,,2.18135216698244e-06,3.36398273527189e-06,,FALSE,FALSE,FALSE,FALSE,,AIH
CCL5-CCR5,IgG+ plasmablast / plasma cell,Sinusoidal endothelial cell,,,1.03286515263154e-06,6.8591367360106e-07,aih_only,0,2,0,2,,8.593894131163e-07,,,6.8591367360106e-07,1.03286515263154e-06,,FALSE,FALSE,FALSE,FALSE,,AIH
CCL5-CCR5,IgG+ plasmablast / plasma cell,Stellate cell,,,1.21362375636062e-06,1.72522276461905e-06,aih_only,0,2,0,2,,1.46942326048983e-06,,,1.21362375636062e-06,1.72522276461905e-06,,FALSE,FALSE,FALSE,FALSE,,AIH
CCL5-CCR5,IgG+ plasmablast / plasma cell,Vascular endothelial cell,,,1.76940201355708e-06,2.05351652616578e-06,aih_only,0,2,0,2,,1.91145926986143e-06,,,1.76940201355708e-06,2.05351652616578e-06,,FALSE,FALSE,FALSE,FALSE,,AIH
CCL5-CCR5,IgM+ B cell,CD4+ T cell,,,1.03249797644002e-05,1.9196533102646e-05,aih_only,0,2,0,2,,1.47607564335231e-05,,,1.03249797644002e-05,1.9196533102646e-05,,FALSE,FALSE,FALSE,FALSE,,AIH
CCL5-CCR5,IgM+ B cell,CD8+ T cell 1,,,6.55791441027407e-06,6.42027202660549e-06,aih_only,0,2,0,2,,6.48909321843978e-06,,,6.42027202660549e-06,6.55791441027407e-06,,FALSE,FALSE,FALSE,FALSE,,AIH
CCL5-CCR5,IgM+ B cell,CD8+ T cell 2,,,1.9706365332778e-06,2.82627908459431e-06,aih_only,0,2,0,2,,2.39845780893605e-06,,,1.9706365332778e-06,2.82627908459431e-06,,FALSE,FALSE,FALSE,FALSE,,AIH
CCL5-CCR5,IgM+ B cell,CD8+ T cell 3,,,3.65285835536299e-06,5.30145673039583e-06,aih_only,0,2,0,2,,4.47715754287941e-06,,,3.65285835536299e-06,5.30145673039583e-06,,FALSE,FALSE,FALSE,FALSE,,AIH
CCL5-CCR5,IgM+ B cell,Cholangiocyte,,,2.52684452166671e-06,3.92726508941339e-06,aih_only,0,2,0,2,,3.22705480554005e-06,,,2.52684452166671e-06,3.92726508941339e-06,,FALSE,FALSE,FALSE,FALSE,,AIH
CCL5-CCR5,IgM+ B cell,Hepatocyte 1,,,9.57276438002116e-08,2.58304004577197e-07,aih_only,0,2,0,2,,1.77015824188704e-07,,,9.57276438002116e-08,2.58304004577197e-07,,FALSE,FALSE,FALSE,FALSE,,AIH
CCL5-CCR5,IgM+ B cell,Hepatocyte 2,,,2.65581220969386e-07,3.31362224546086e-07,aih_only,0,2,0,2,,2.98471722757736e-07,,,2.65581220969386e-07,3.31362224546086e-07,,FALSE,FALSE,FALSE,FALSE,,AIH
CCL5-CCR5,IgM+ B cell,Hepatocyte 3,,,1.27050139199634e-08,7.95923529835561e-07,aih_only,0,2,0,2,,4.04314271877762e-07,,,1.27050139199634e-08,7.95923529835561e-07,,FALSE,FALSE,FALSE,FALSE,,AIH
CCL5-CCR5,IgM+ B cell,Hepatocyte 4,,,3.16705516999359e-08,4.31460921368392e-07,aih_only,0,2,0,2,,2.31565736534164e-07,,,3.16705516999359e-08,4.31460921368392e-07,,FALSE,FALSE,FALSE,FALSE,,AIH
CCL5-CCR5,IgM+ B cell,Ig+ hepatocyte,,,6.54470315061577e-07,3.27616841318129e-06,aih_only,0,2,0,2,,1.96531936412143e-06,,,6.54470315061577e-07,3.27616841318129e-06,,FALSE,FALSE,FALSE,FALSE,,AIH
CCL5-CCR5,IgM+ B cell,IgG+ B cell,,,1.18271161570459e-06,1.46863926369341e-06,aih_only,0,2,0,2,,1.325675439699e-06,,,1.18271161570459e-06,1.46863926369341e-06,,FALSE,FALSE,FALSE,FALSE,,AIH
CCL5-CCR5,IgM+ B cell,IgG+ plasmablast / plasma cell,,,1.8880675042467e-06,2.44917134895193e-06,aih_only,0,2,0,2,,2.16861942659931e-06,,,1.8880675042467e-06,2.44917134895193e-06,,FALSE,FALSE,FALSE,FALSE,,AIH
CCL5-CCR5,IgM+ B cell,IgM+ B cell,,,1.60570000984083e-05,2.99788508730735e-05,aih_only,0,2,0,2,,2.30179254857409e-05,,,1.60570000984083e-05,2.99788508730735e-05,,FALSE,FALSE,FALSE,FALSE,,AIH
CCL5-CCR5,IgM+ B cell,Macrophage 1,,,2.37297852970607e-06,2.69721693989563e-06,aih_only,0,2,0,2,,2.53509773480085e-06,,,2.37297852970607e-06,2.69721693989563e-06,,FALSE,FALSE,FALSE,FALSE,,AIH
CCL5-CCR5,IgM+ B cell,Macrophage 2,,,3.77349876160892e-06,3.35254994043904e-06,aih_only,0,2,0,2,,3.56302435102398e-06,,,3.35254994043904e-06,3.77349876160892e-06,,FALSE,FALSE,FALSE,FALSE,,AIH
CCL5-CCR5,IgM+ B cell,Sinusoidal endothelial cell,,,5.9873326329365e-07,5.53519948516481e-07,aih_only,0,2,0,2,,5.76126605905065e-07,,,5.53519948516481e-07,5.9873326329365e-07,,FALSE,FALSE,FALSE,FALSE,,AIH
CCL5-CCR5,IgM+ B cell,Stellate cell,,,1.52795607098426e-06,1.85803481592583e-06,aih_only,0,2,0,2,,1.69299544345504e-06,,,1.52795607098426e-06,1.85803481592583e-06,,FALSE,FALSE,FALSE,FALSE,,AIH
CCL5-CCR5,IgM+ B cell,Vascular endothelial cell,,,2.50990260561538e-06,3.22696035887788e-06,aih_only,0,2,0,2,,2.86843148224663e-06,,,2.50990260561538e-06,3.22696035887788e-06,,FALSE,FALSE,FALSE,FALSE,,AIH
CCL5-CCR5,Macrophage 1,CD4+ T cell,,,3.70884603193561e-06,4.37806724415619e-06,aih_only,0,2,0,2,,4.0434566380459e-06,,,3.70884603193561e-06,4.37806724415619e-06,,FALSE,FALSE,FALSE,FALSE,,AIH
CCL5-CCR5,Macrophage 1,CD8+ T cell 1,,,9.78326556061999e-06,9.42580651464205e-06,aih_only,0,2,0,2,,9.60453603763102e-06,,,9.42580651464205e-06,9.78326556061999e-06,,FALSE,FALSE,FALSE,FALSE,,AIH
CCL5-CCR5,Macrophage 1,CD8+ T cell 2,,,1.17277193479186e-05,6.49413612590346e-06,aih_only,0,2,0,2,,9.11092773691102e-06,,,6.49413612590346e-06,1.17277193479186e-05,,FALSE,FALSE,FALSE,FALSE,,AIH
CCL5-CCR5,Macrophage 1,CD8+ T cell 3,,,7.96344154608045e-06,8.50292250477903e-06,aih_only,0,2,0,2,,8.23318202542974e-06,,,7.96344154608045e-06,8.50292250477903e-06,,FALSE,FALSE,FALSE,FALSE,,AIH
CCL5-CCR5,Macrophage 1,Cholangiocyte,,,1.04390403453737e-06,9.27366782105585e-07,aih_only,0,2,0,2,,9.85635408321476e-07,,,9.27366782105585e-07,1.04390403453737e-06,,FALSE,FALSE,FALSE,FALSE,,AIH
CCL5-CCR5,Macrophage 1,Hepatocyte 1,,,1.2019427333066e-06,1.04504113404539e-06,aih_only,0,2,0,2,,1.12349193367599e-06,,,1.04504113404539e-06,1.2019427333066e-06,,FALSE,FALSE,FALSE,FALSE,,AIH
CCL5-CCR5,Macrophage 1,Hepatocyte 2,,,1.20552270850634e-06,4.61868939136601e-07,aih_only,0,2,0,2,,8.33695823821469e-07,,,4.61868939136601e-07,1.20552270850634e-06,,FALSE,FALSE,FALSE,FALSE,,AIH
CCL5-CCR5,Macrophage 1,Hepatocyte 3,,,4.47816832221456e-07,8.27183630501139e-07,aih_only,0,2,0,2,,6.37500231361298e-07,,,4.47816832221456e-07,8.27183630501139e-07,,FALSE,FALSE,FALSE,FALSE,,AIH
CCL5-CCR5,Macrophage 1,Hepatocyte 4,,,8.89571186133652e-07,1.11366507032258e-06,aih_only,0,2,0,2,,1.00161812822811e-06,,,8.89571186133652e-07,1.11366507032258e-06,,FALSE,FALSE,FALSE,FALSE,,AIH
CCL5-CCR5,Macrophage 1,Ig+ hepatocyte,,,1.30451487225649e-06,2.05317724485617e-06,aih_only,0,2,0,2,,1.67884605855633e-06,,,1.30451487225649e-06,2.05317724485617e-06,,FALSE,FALSE,FALSE,FALSE,,AIH
CCL5-CCR5,Macrophage 1,IgG+ B cell,,,8.17323364124469e-07,3.18426149111809e-07,aih_only,0,2,0,2,,5.6787475661814e-07,,,3.18426149111809e-07,8.17323364124469e-07,,FALSE,FALSE,FALSE,FALSE,,AIH
CCL5-CCR5,Macrophage 1,IgG+ plasmablast / plasma cell,,,1.14966770794026e-06,1.23467555707273e-06,aih_only,0,2,0,2,,1.19217163250649e-06,,,1.14966770794026e-06,1.23467555707273e-06,,FALSE,FALSE,FALSE,FALSE,,AIH
CCL5-CCR5,Macrophage 1,IgM+ B cell,,,2.35364138493284e-06,2.41803925299832e-06,aih_only,0,2,0,2,,2.38584031896558e-06,,,2.35364138493284e-06,2.41803925299832e-06,,FALSE,FALSE,FALSE,FALSE,,AIH
CCL5-CCR5,Macrophage 1,Macrophage 1,,,6.82227850022202e-06,7.04800075010245e-06,aih_only,0,2,0,2,,6.93513962516223e-06,,,6.82227850022202e-06,7.04800075010245e-06,,FALSE,FALSE,FALSE,FALSE,,AIH
CCL5-CCR5,Macrophage 1,Macrophage 2,,,1.48055145281738e-06,2.63918976293575e-06,aih_only,0,2,0,2,,2.05987060787656e-06,,,1.48055145281738e-06,2.63918976293575e-06,,FALSE,FALSE,FALSE,FALSE,,AIH
CCL5-CCR5,Macrophage 1,Sinusoidal endothelial cell,,,2.43105381644469e-06,1.61177218517315e-06,aih_only,0,2,0,2,,2.02141300080892e-06,,,1.61177218517315e-06,2.43105381644469e-06,,FALSE,FALSE,FALSE,FALSE,,AIH
CCL5-CCR5,Macrophage 1,Stellate cell,,,1.04010654821543e-06,1.37934185615391e-06,aih_only,0,2,0,2,,1.20972420218467e-06,,,1.04010654821543e-06,1.37934185615391e-06,,FALSE,FALSE,FALSE,FALSE,,AIH
CCL5-CCR5,Macrophage 1,Vascular endothelial cell,,,6.30747943338467e-07,7.20766869125806e-07,aih_only,0,2,0,2,,6.75757406232137e-07,,,6.30747943338467e-07,7.20766869125806e-07,,FALSE,FALSE,FALSE,FALSE,,AIH
CCL5-CCR5,Macrophage 2,CD4+ T cell,,,3.68826954975553e-06,4.4802691159326e-06,aih_only,0,2,0,2,,4.08426933284407e-06,,,3.68826954975553e-06,4.4802691159326e-06,,FALSE,FALSE,FALSE,FALSE,,AIH
CCL5-CCR5,Macrophage 2,CD8+ T cell 1,,,4.72423959246277e-06,5.40967162690315e-06,aih_only,0,2,0,2,,5.06695560968296e-06,,,4.72423959246277e-06,5.40967162690315e-06,,FALSE,FALSE,FALSE,FALSE,,AIH
CCL5-CCR5,Macrophage 2,CD8+ T cell 2,,,2.38920795137043e-06,3.65921395146837e-06,aih_only,0,2,0,2,,3.0242109514194e-06,,,2.38920795137043e-06,3.65921395146837e-06,,FALSE,FALSE,FALSE,FALSE,,AIH
CCL5-CCR5,Macrophage 2,CD8+ T cell 3,,,2.90888303514295e-06,4.15066192693226e-06,aih_only,0,2,0,2,,3.5297724810376e-06,,,2.90888303514295e-06,4.15066192693226e-06,,FALSE,FALSE,FALSE,FALSE,,AIH
CCL5-CCR5,Macrophage 2,Cholangiocyte,,,2.23882346662241e-06,1.65238278538101e-06,aih_only,0,2,0,2,,1.94560312600171e-06,,,1.65238278538101e-06,2.23882346662241e-06,,FALSE,FALSE,FALSE,FALSE,,AIH
CCL5-CCR5,Macrophage 2,Hepatocyte 1,,,2.35676037012072e-07,5.83183204122777e-07,aih_only,0,2,0,2,,4.09429620567424e-07,,,2.35676037012072e-07,5.83183204122777e-07,,FALSE,FALSE,FALSE,FALSE,,AIH
CCL5-CCR5,Macrophage 2,Hepatocyte 2,,,3.65521152694994e-07,3.94921253284671e-07,aih_only,0,2,0,2,,3.80221202989833e-07,,,3.65521152694994e-07,3.94921253284671e-07,,FALSE,FALSE,FALSE,FALSE,,AIH
CCL5-CCR5,Macrophage 2,Hepatocyte 3,,,3.13612049458748e-07,7.00501665063675e-07,aih_only,0,2,0,2,,5.07056857261211e-07,,,3.13612049458748e-07,7.00501665063675e-07,,FALSE,FALSE,FALSE,FALSE,,AIH
CCL5-CCR5,Macrophage 2,Hepatocyte 4,,,9.67338803868513e-08,5.61475437103686e-07,aih_only,0,2,0,2,,3.29104658745269e-07,,,9.67338803868513e-08,5.61475437103686e-07,,FALSE,FALSE,FALSE,FALSE,,AIH
CCL5-CCR5,Macrophage 2,Ig+ hepatocyte,,,4.74372735703493e-07,1.42480997436059e-06,aih_only,0,2,0,2,,9.49591355032039e-07,,,4.74372735703493e-07,1.42480997436059e-06,,FALSE,FALSE,FALSE,FALSE,,AIH
CCL5-CCR5,Macrophage 2,IgG+ B cell,,,8.17468166794768e-07,6.35069444763271e-07,aih_only,0,2,0,2,,7.2626880577902e-07,,,6.35069444763271e-07,8.17468166794768e-07,,FALSE,FALSE,FALSE,FALSE,,AIH
CCL5-CCR5,Macrophage 2,IgG+ plasmablast / plasma cell,,,1.05897697220007e-06,1.22046203282527e-06,aih_only,0,2,0,2,,1.13971950251267e-06,,,1.05897697220007e-06,1.22046203282527e-06,,FALSE,FALSE,FALSE,FALSE,,AIH
CCL5-CCR5,Macrophage 2,IgM+ B cell,,,2.68369723040579e-06,2.81084021122096e-06,aih_only,0,2,0,2,,2.74726872081338e-06,,,2.68369723040579e-06,2.81084021122096e-06,,FALSE,FALSE,FALSE,FALSE,,AIH
CCL5-CCR5,Macrophage 2,Macrophage 1,,,1.6963914231219e-06,2.64595884506497e-06,aih_only,0,2,0,2,,2.17117513409343e-06,,,1.6963914231219e-06,2.64595884506497e-06,,FALSE,FALSE,FALSE,FALSE,,AIH
CCL5-CCR5,Macrophage 2,Macrophage 2,,,2.47294814159069e-06,2.94528330576718e-06,aih_only,0,2,0,2,,2.70911572367893e-06,,,2.47294814159069e-06,2.94528330576718e-06,,FALSE,FALSE,FALSE,FALSE,,AIH
CCL5-CCR5,Macrophage 2,Sinusoidal endothelial cell,,,8.15916767333563e-07,9.59352791294494e-07,aih_only,0,2,0,2,,8.87634779314028e-07,,,8.15916767333563e-07,9.59352791294494e-07,,FALSE,FALSE,FALSE,FALSE,,AIH
CCL5-CCR5,Macrophage 2,Stellate cell,,,9.02499730441185e-07,1.34565291617015e-06,aih_only,0,2,0,2,,1.12407632330567e-06,,,9.02499730441185e-07,1.34565291617015e-06,,FALSE,FALSE,FALSE,FALSE,,AIH
CCL5-CCR5,Macrophage 2,Vascular endothelial cell,,,9.57556609834313e-07,7.91741180783817e-07,aih_only,0,2,0,2,,8.74648895309065e-07,,,7.91741180783817e-07,9.57556609834313e-07,,FALSE,FALSE,FALSE,FALSE,,AIH
CCL5-CCR5,Sinusoidal endothelial cell,CD4+ T cell,,,2.68823947811278e-06,3.59485672253453e-06,aih_only,0,2,0,2,,3.14154810032365e-06,,,2.68823947811278e-06,3.59485672253453e-06,,FALSE,FALSE,FALSE,FALSE,,AIH
CCL5-CCR5,Sinusoidal endothelial cell,CD8+ T cell 1,,,1.04571477412637e-05,9.05177396539083e-06,aih_only,0,2,0,2,,9.75446085332727e-06,,,9.05177396539083e-06,1.04571477412637e-05,,FALSE,FALSE,FALSE,FALSE,,AIH
CCL5-CCR5,Sinusoidal endothelial cell,CD8+ T cell 2,,,1.15089020644665e-05,6.01191367359851e-06,aih_only,0,2,0,2,,8.76040786903248e-06,,,6.01191367359851e-06,1.15089020644665e-05,,FALSE,FALSE,FALSE,FALSE,,AIH
CCL5-CCR5,Sinusoidal endothelial cell,CD8+ T cell 3,,,7.19424966557969e-06,1.0461026992328e-05,aih_only,0,2,0,2,,8.82763832895383e-06,,,7.19424966557969e-06,1.0461026992328e-05,,FALSE,FALSE,FALSE,FALSE,,AIH
CCL5-CCR5,Sinusoidal endothelial cell,Cholangiocyte,,,6.2704541080272e-07,7.85882027214782e-07,aih_only,0,2,0,2,,7.06463719008751e-07,,,6.2704541080272e-07,7.85882027214782e-07,,FALSE,FALSE,FALSE,FALSE,,AIH
CCL5-CCR5,Sinusoidal endothelial cell,Hepatocyte 1,,,1.14708245251012e-06,1.109192563861e-06,aih_only,0,2,0,2,,1.12813750818556e-06,,,1.109192563861e-06,1.14708245251012e-06,,FALSE,FALSE,FALSE,FALSE,,AIH
CCL5-CCR5,Sinusoidal endothelial cell,Hepatocyte 2,,,1.13719144929753e-06,5.51048999248569e-07,aih_only,0,2,0,2,,8.4412022427305e-07,,,5.51048999248569e-07,1.13719144929753e-06,,FALSE,FALSE,FALSE,FALSE,,AIH
CCL5-CCR5,Sinusoidal endothelial cell,Hepatocyte 3,,,4.03863189243665e-07,1.15271201982507e-06,aih_only,0,2,0,2,,7.78287604534366e-07,,,4.03863189243665e-07,1.15271201982507e-06,,FALSE,FALSE,FALSE,FALSE,,AIH
CCL5-CCR5,Sinusoidal endothelial cell,Hepatocyte 4,,,1.25028100012595e-06,7.9994683662832e-07,aih_only,0,2,0,2,,1.02511391837714e-06,,,7.9994683662832e-07,1.25028100012595e-06,,FALSE,FALSE,FALSE,FALSE,,AIH
CCL5-CCR5,Sinusoidal endothelial cell,Ig+ hepatocyte,,,1.93298363717327e-06,1.1551767642892e-06,aih_only,0,2,0,2,,1.54408020073123e-06,,,1.1551767642892e-06,1.93298363717327e-06,,FALSE,FALSE,FALSE,FALSE,,AIH
CCL5-CCR5,Sinusoidal endothelial cell,IgG+ B cell,,,6.52818641530607e-07,3.7898635562109e-07,aih_only,0,2,0,2,,5.15902498575849e-07,,,3.7898635562109e-07,6.52818641530607e-07,,FALSE,FALSE,FALSE,FALSE,,AIH
CCL5-CCR5,Sinusoidal endothelial cell,IgG+ plasmablast / plasma cell,,,9.44754926923921e-07,4.86354728302074e-07,aih_only,0,2,0,2,,7.15554827612998e-07,,,4.86354728302074e-07,9.44754926923921e-07,,FALSE,FALSE,FALSE,FALSE,,AIH
CCL5-CCR5,Sinusoidal endothelial cell,IgM+ B cell,,,1.47885455141396e-06,1.51778244539231e-06,aih_only,0,2,0,2,,1.49831849840314e-06,,,1.47885455141396e-06,1.51778244539231e-06,,FALSE,FALSE,FALSE,FALSE,,AIH
CCL5-CCR5,Sinusoidal endothelial cell,Macrophage 1,,,4.53855254478801e-06,4.40883759457801e-06,aih_only,0,2,0,2,,4.47369506968301e-06,,,4.40883759457801e-06,4.53855254478801e-06,,FALSE,FALSE,FALSE,FALSE,,AIH
CCL5-CCR5,Sinusoidal endothelial cell,Macrophage 2,,,1.36846570393994e-06,2.22052255845529e-06,aih_only,0,2,0,2,,1.79449413119761e-06,,,1.36846570393994e-06,2.22052255845529e-06,,FALSE,FALSE,FALSE,FALSE,,AIH
CCL5-CCR5,Sinusoidal endothelial cell,Sinusoidal endothelial cell,,,5.69155546699027e-06,4.18487691247423e-06,aih_only,0,2,0,2,,4.93821618973225e-06,,,4.18487691247423e-06,5.69155546699027e-06,,FALSE,FALSE,FALSE,FALSE,,AIH
CCL5-CCR5,Sinusoidal endothelial cell,Stellate cell,,,1.42112750296459e-06,1.07242905112039e-06,aih_only,0,2,0,2,,1.24677827704249e-06,,,1.07242905112039e-06,1.42112750296459e-06,,FALSE,FALSE,FALSE,FALSE,,AIH
CCL5-CCR5,Sinusoidal endothelial cell,Vascular endothelial cell,,,1.53575882952468e-07,1.14373113564953e-06,aih_only,0,2,0,2,,6.48653509300998e-07,,,1.53575882952468e-07,1.14373113564953e-06,,FALSE,FALSE,FALSE,FALSE,,AIH
CCL5-CCR5,Stellate cell,CD4+ T cell,,,3.90551293942263e-06,5.93892790630938e-06,aih_only,0,2,0,2,,4.922220422866e-06,,,3.90551293942263e-06,5.93892790630938e-06,,FALSE,FALSE,FALSE,FALSE,,AIH
CCL5-CCR5,Stellate cell,CD8+ T cell 1,,,6.55098359858576e-06,6.53292856164726e-06,aih_only,0,2,0,2,,6.54195608011651e-06,,,6.53292856164726e-06,6.55098359858576e-06,,FALSE,FALSE,FALSE,FALSE,,AIH
CCL5-CCR5,Stellate cell,CD8+ T cell 2,,,2.56754719270601e-06,3.86408012425953e-06,aih_only,0,2,0,2,,3.21581365848277e-06,,,2.56754719270601e-06,3.86408012425953e-06,,FALSE,FALSE,FALSE,FALSE,,AIH
CCL5-CCR5,Stellate cell,CD8+ T cell 3,,,3.54849283478316e-06,6.7506524643696e-06,aih_only,0,2,0,2,,5.14957264957638e-06,,,3.54849283478316e-06,6.7506524643696e-06,,FALSE,FALSE,FALSE,FALSE,,AIH
CCL5-CCR5,Stellate cell,Cholangiocyte,,,1.81109096822797e-06,1.95563954185354e-06,aih_only,0,2,0,2,,1.88336525504076e-06,,,1.81109096822797e-06,1.95563954185354e-06,,FALSE,FALSE,FALSE,FALSE,,AIH
CCL5-CCR5,Stellate cell,Hepatocyte 1,,,3.48557431425648e-07,5.8976791734601e-07,aih_only,0,2,0,2,,4.69162674385829e-07,,,3.48557431425648e-07,5.8976791734601e-07,,FALSE,FALSE,FALSE,FALSE,,AIH
CCL5-CCR5,Stellate cell,Hepatocyte 2,,,3.23246536067963e-07,4.25324969758953e-07,aih_only,0,2,0,2,,3.74285752913458e-07,,,3.23246536067963e-07,4.25324969758953e-07,,FALSE,FALSE,FALSE,FALSE,,AIH
CCL5-CCR5,Stellate cell,Hepatocyte 3,,,1.13586404162422e-07,1.53343580173219e-06,aih_only,0,2,0,2,,8.23511102947305e-07,,,1.13586404162422e-07,1.53343580173219e-06,,FALSE,FALSE,FALSE,FALSE,,AIH
CCL5-CCR5,Stellate cell,Hepatocyte 4,,,3.82616696671119e-07,4.24665409296904e-07,aih_only,0,2,0,2,,4.03641052984012e-07,,,3.82616696671119e-07,4.24665409296904e-07,,FALSE,FALSE,FALSE,FALSE,,AIH
CCL5-CCR5,Stellate cell,Ig+ hepatocyte,,,7.81315564835164e-07,1.55413146372956e-06,aih_only,0,2,0,2,,1.16772351428236e-06,,,7.81315564835164e-07,1.55413146372956e-06,,FALSE,FALSE,FALSE,FALSE,,AIH
CCL5-CCR5,Stellate cell,IgG+ B cell,,,1.0752555332759e-06,8.98306755726668e-07,aih_only,0,2,0,2,,9.86781144501284e-07,,,8.98306755726668e-07,1.0752555332759e-06,,FALSE,FALSE,FALSE,FALSE,,AIH
CCL5-CCR5,Stellate cell,IgG+ plasmablast / plasma cell,,,1.21283460256725e-06,1.53388105457769e-06,aih_only,0,2,0,2,,1.37335782857247e-06,,,1.21283460256725e-06,1.53388105457769e-06,,FALSE,FALSE,FALSE,FALSE,,AIH
CCL5-CCR5,Stellate cell,IgM+ B cell,,,3.24211363375865e-06,3.56599789164904e-06,aih_only,0,2,0,2,,3.40405576270384e-06,,,3.24211363375865e-06,3.56599789164904e-06,,FALSE,FALSE,FALSE,FALSE,,AIH
CCL5-CCR5,Stellate cell,Macrophage 1,,,2.01930777033313e-06,2.96936517876294e-06,aih_only,0,2,0,2,,2.49433647454803e-06,,,2.01930777033313e-06,2.96936517876294e-06,,FALSE,FALSE,FALSE,FALSE,,AIH
CCL5-CCR5,Stellate cell,Macrophage 2,,,2.03459759990714e-06,2.75057555478197e-06,aih_only,0,2,0,2,,2.39258657734455e-06,,,2.03459759990714e-06,2.75057555478197e-06,,FALSE,FALSE,FALSE,FALSE,,AIH
CCL5-CCR5,Stellate cell,Sinusoidal endothelial cell,,,1.73791330323838e-06,8.87086506490628e-07,aih_only,0,2,0,2,,1.3124999048645e-06,,,8.87086506490628e-07,1.73791330323838e-06,,FALSE,FALSE,FALSE,FALSE,,AIH
CCL5-CCR5,Stellate cell,Stellate cell,,,1.73578088361523e-06,2.69239932450634e-06,aih_only,0,2,0,2,,2.21409010406079e-06,,,1.73578088361523e-06,2.69239932450634e-06,,FALSE,FALSE,FALSE,FALSE,,AIH
CCL5-CCR5,Stellate cell,Vascular endothelial cell,,,9.82625565738733e-07,1.57652309384871e-06,aih_only,0,2,0,2,,1.27957432979372e-06,,,9.82625565738733e-07,1.57652309384871e-06,,FALSE,FALSE,FALSE,FALSE,,AIH
CCL5-CCR5,Vascular endothelial cell,CD4+ T cell,,,5.16807243676602e-06,6.88301990791124e-06,aih_only,0,2,0,2,,6.02554617233863e-06,,,5.16807243676602e-06,6.88301990791124e-06,,FALSE,FALSE,FALSE,FALSE,,AIH
CCL5-CCR5,Vascular endothelial cell,CD8+ T cell 1,,,3.76154541737097e-06,4.77994604453355e-06,aih_only,0,2,0,2,,4.27074573095226e-06,,,3.76154541737097e-06,4.77994604453355e-06,,FALSE,FALSE,FALSE,FALSE,,AIH
CCL5-CCR5,Vascular endothelial cell,CD8+ T cell 2,,,1.54921589787591e-06,1.52488797137584e-06,aih_only,0,2,0,2,,1.53705193462588e-06,,,1.52488797137584e-06,1.54921589787591e-06,,FALSE,FALSE,FALSE,FALSE,,AIH
CCL5-CCR5,Vascular endothelial cell,CD8+ T cell 3,,,2.2558449816317e-06,4.95018169556671e-06,aih_only,0,2,0,2,,3.6030133385992e-06,,,2.2558449816317e-06,4.95018169556671e-06,,FALSE,FALSE,FALSE,FALSE,,AIH
CCL5-CCR5,Vascular endothelial cell,Cholangiocyte,,,1.60584452256101e-06,1.73996966721504e-06,aih_only,0,2,0,2,,1.67290709488802e-06,,,1.60584452256101e-06,1.73996966721504e-06,,FALSE,FALSE,FALSE,FALSE,,AIH
CCL5-CCR5,Vascular endothelial cell,Hepatocyte 1,,,1.44155089085856e-07,1.98929589393281e-07,aih_only,0,2,0,2,,1.71542339239569e-07,,,1.44155089085856e-07,1.98929589393281e-07,,FALSE,FALSE,FALSE,FALSE,,AIH
CCL5-CCR5,Vascular endothelial cell,Hepatocyte 2,,,1.4919314791765e-07,2.24797230579781e-08,aih_only,0,2,0,2,,8.5836435487814e-08,,,2.24797230579781e-08,1.4919314791765e-07,,FALSE,FALSE,FALSE,FALSE,,AIH
CCL5-CCR5,Vascular endothelial cell,Hepatocyte 3,,,4.99417767393077e-09,2.88480813433225e-07,aih_only,0,2,0,2,,1.46737495553578e-07,,,4.99417767393077e-09,2.88480813433225e-07,,FALSE,FALSE,FALSE,FALSE,,AIH
CCL5-CCR5,Vascular endothelial cell,Hepatocyte 4,,,3.54032036716923e-08,2.34669552897776e-07,aih_only,0,2,0,2,,1.35036378284734e-07,,,3.54032036716923e-08,2.34669552897776e-07,,FALSE,FALSE,FALSE,FALSE,,AIH
CCL5-CCR5,Vascular endothelial cell,Ig+ hepatocyte,,,4.55091967368483e-07,6.00233494708581e-07,aih_only,0,2,0,2,,5.27662731038532e-07,,,4.55091967368483e-07,6.00233494708581e-07,,FALSE,FALSE,FALSE,FALSE,,AIH
CCL5-CCR5,Vascular endothelial cell,IgG+ B cell,,,7.15523351877451e-07,1.40551814699045e-06,aih_only,0,2,0,2,,1.06052074943395e-06,,,7.15523351877451e-07,1.40551814699045e-06,,FALSE,FALSE,FALSE,FALSE,,AIH
CCL5-CCR5,Vascular endothelial cell,IgG+ plasmablast / plasma cell,,,1.03958436788452e-06,1.68487027323959e-06,aih_only,0,2,0,2,,1.36222732056205e-06,,,1.03958436788452e-06,1.68487027323959e-06,,FALSE,FALSE,FALSE,FALSE,,AIH
CCL5-CCR5,Vascular endothelial cell,IgM+ B cell,,,3.56926723318408e-06,4.48138581914769e-06,aih_only,0,2,0,2,,4.02532652616589e-06,,,3.56926723318408e-06,4.48138581914769e-06,,FALSE,FALSE,FALSE,FALSE,,AIH
CCL5-CCR5,Vascular endothelial cell,Macrophage 1,,,1.15409174593467e-06,1.6068508113071e-06,aih_only,0,2,0,2,,1.38047127862088e-06,,,1.15409174593467e-06,1.6068508113071e-06,,FALSE,FALSE,FALSE,FALSE,,AIH
CCL5-CCR5,Vascular endothelial cell,Macrophage 2,,,1.79384045378539e-06,1.77265717257464e-06,aih_only,0,2,0,2,,1.78324881318002e-06,,,1.77265717257464e-06,1.79384045378539e-06,,FALSE,FALSE,FALSE,FALSE,,AIH
CCL5-CCR5,Vascular endothelial cell,Sinusoidal endothelial cell,,,2.06081341735512e-07,1.75267776551166e-07,aih_only,0,2,0,2,,1.90674559143339e-07,,,1.75267776551166e-07,2.06081341735512e-07,,FALSE,FALSE,FALSE,FALSE,,AIH
CCL5-CCR5,Vascular endothelial cell,Stellate cell,,,1.0643228467563e-06,1.66099465749302e-06,aih_only,0,2,0,2,,1.36265875212466e-06,,,1.0643228467563e-06,1.66099465749302e-06,,FALSE,FALSE,FALSE,FALSE,,AIH
CCL5-CCR5,Vascular endothelial cell,Vascular endothelial cell,,,3.37265272128697e-06,2.90722435252031e-06,aih_only,0,2,0,2,,3.13993853690364e-06,,,2.90722435252031e-06,3.37265272128697e-06,,FALSE,FALSE,FALSE,FALSE,,AIH
CD80-CD274,CD4+ T cell,CD4+ T cell,,,6.11280411308235e-06,1.70160604248927e-05,aih_only,0,2,0,2,,1.15644322689875e-05,,,6.11280411308235e-06,1.70160604248927e-05,,FALSE,FALSE,FALSE,FALSE,,AIH
CD80-CD274,CD4+ T cell,CD8+ T cell 1,,,2.15067904970651e-06,3.08276268291485e-06,aih_only,0,2,0,2,,2.61672086631068e-06,,,2.15067904970651e-06,3.08276268291485e-06,,FALSE,FALSE,FALSE,FALSE,,AIH
CD80-CD274,CD4+ T cell,CD8+ T cell 2,,,1.28371748154227e-06,1.85297858216804e-06,aih_only,0,2,0,2,,1.56834803185515e-06,,,1.28371748154227e-06,1.85297858216804e-06,,FALSE,FALSE,FALSE,FALSE,,AIH
CD80-CD274,CD4+ T cell,CD8+ T cell 3,,,1.53161846019239e-06,5.93550188189803e-06,aih_only,0,2,0,2,,3.73356017104521e-06,,,1.53161846019239e-06,5.93550188189803e-06,,FALSE,FALSE,FALSE,FALSE,,AIH
CD80-CD274,CD4+ T cell,Cholangiocyte,,,2.82073535823899e-06,3.93999787380173e-06,aih_only,0,2,0,2,,3.38036661602036e-06,,,2.82073535823899e-06,3.93999787380173e-06,,FALSE,FALSE,FALSE,FALSE,,AIH
CD80-CD274,CD4+ T cell,Hepatocyte 1,,,9.0760798621066e-07,1.95535237751959e-06,aih_only,0,2,0,2,,1.43148018186513e-06,,,9.0760798621066e-07,1.95535237751959e-06,,FALSE,FALSE,FALSE,FALSE,,AIH
CD80-CD274,CD4+ T cell,Hepatocyte 2,,,1.76312734701793e-07,7.77312410545363e-07,aih_only,0,2,0,2,,4.76812572623578e-07,,,1.76312734701793e-07,7.77312410545363e-07,,FALSE,FALSE,FALSE,FALSE,,AIH
CD80-CD274,CD4+ T cell,Hepatocyte 3,,,3.09112264492427e-07,6.87625013365417e-07,aih_only,0,2,0,2,,4.98368638928922e-07,,,3.09112264492427e-07,6.87625013365417e-07,,FALSE,FALSE,FALSE,FALSE,,AIH
CD80-CD274,CD4+ T cell,Hepatocyte 4,,,8.95660992409439e-07,1.70675592466922e-06,aih_only,0,2,0,2,,1.30120845853933e-06,,,8.95660992409439e-07,1.70675592466922e-06,,FALSE,FALSE,FALSE,FALSE,,AIH
CD80-CD274,CD4+ T cell,Ig+ hepatocyte,,,2.64984825230067e-07,1.20094575880946e-06,aih_only,0,2,0,2,,7.32965292019763e-07,,,2.64984825230067e-07,1.20094575880946e-06,,FALSE,FALSE,FALSE,FALSE,,AIH
CD80-CD274,CD4+ T cell,IgG+ B cell,,,1.07480361675578e-06,3.72540442394201e-06,aih_only,0,2,0,2,,2.40010402034889e-06,,,1.07480361675578e-06,3.72540442394201e-06,,FALSE,FALSE,FALSE,FALSE,,AIH
CD80-CD274,CD4+ T cell,IgG+ plasmablast / plasma cell,,,2.88423950173759e-06,4.3500843968198e-06,aih_only,0,2,0,2,,3.61716194927869e-06,,,2.88423950173759e-06,4.3500843968198e-06,,FALSE,FALSE,FALSE,FALSE,,AIH
CD80-CD274,CD4+ T cell,IgM+ B cell,,,4.38089388219134e-06,1.8953338803511e-05,aih_only,0,2,0,2,,1.16671163428512e-05,,,4.38089388219134e-06,1.8953338803511e-05,,FALSE,FALSE,FALSE,FALSE,,AIH
CD80-CD274,CD4+ T cell,Macrophage 1,,,5.25679999498095e-06,7.92976946587143e-06,aih_only,0,2,0,2,,6.59328473042619e-06,,,5.25679999498095e-06,7.92976946587143e-06,,FALSE,FALSE,FALSE,FALSE,,AIH
CD80-CD274,CD4+ T cell,Macrophage 2,,,3.59745952287754e-06,6.24144888529814e-06,aih_only,0,2,0,2,,4.91945420408784e-06,,,3.59745952287754e-06,6.24144888529814e-06,,FALSE,FALSE,FALSE,FALSE,,AIH
CD80-CD274,CD4+ T cell,Sinusoidal endothelial cell,,,3.73655089265158e-06,5.07050284907884e-06,aih_only,0,2,0,2,,4.40352687086521e-06,,,3.73655089265158e-06,5.07050284907884e-06,,FALSE,FALSE,FALSE,FALSE,,AIH
CD80-CD274,CD4+ T cell,Stellate cell,,,1.85018339205008e-06,3.7518626269484e-06,aih_only,0,2,0,2,,2.80102300949924e-06,,,1.85018339205008e-06,3.7518626269484e-06,,FALSE,FALSE,FALSE,FALSE,,AIH
CD80-CD274,CD4+ T cell,Vascular endothelial cell,,,3.48336194199658e-06,6.05091388292206e-06,aih_only,0,2,0,2,,4.76713791245932e-06,,,3.48336194199658e-06,6.05091388292206e-06,,FALSE,FALSE,FALSE,FALSE,,AIH
CD80-CD274,CD8+ T cell 1,CD4+ T cell,,,3.1594138795596e-06,4.06591221380381e-06,aih_only,0,2,0,2,,3.61266304668171e-06,,,3.1594138795596e-06,4.06591221380381e-06,,FALSE,FALSE,FALSE,FALSE,,AIH
CD80-CD274,CD8+ T cell 1,CD8+ T cell 1,,,4.79024641203113e-06,5.98732745104739e-06,aih_only,0,2,0,2,,5.38878693153926e-06,,,4.79024641203113e-06,5.98732745104739e-06,,FALSE,FALSE,FALSE,FALSE,,AIH
CD80-CD274,CD8+ T cell 1,CD8+ T cell 2,,,5.96403054056033e-06,5.3870420775484e-06,aih_only,0,2,0,2,,5.67553630905436e-06,,,5.3870420775484e-06,5.96403054056033e-06,,FALSE,FALSE,FALSE,FALSE,,AIH
CD80-CD274,CD8+ T cell 1,CD8+ T cell 3,,,5.17761241859618e-06,7.53962612982437e-06,aih_only,0,2,0,2,,6.35861927421028e-06,,,5.17761241859618e-06,7.53962612982437e-06,,FALSE,FALSE,FALSE,FALSE,,AIH
CD80-CD274,CD8+ T cell 1,Cholangiocyte,,,2.52832664923047e-06,2.72816057501565e-06,aih_only,0,2,0,2,,2.62824361212306e-06,,,2.52832664923047e-06,2.72816057501565e-06,,FALSE,FALSE,FALSE,FALSE,,AIH
CD80-CD274,CD8+ T cell 1,Hepatocyte 1,,,5.11112116818446e-06,4.95808807294145e-06,aih_only,0,2,0,2,,5.03460462056295e-06,,,4.95808807294145e-06,5.11112116818446e-06,,FALSE,FALSE,FALSE,FALSE,,AIH
CD80-CD274,CD8+ T cell 1,Hepatocyte 2,,,1.74016874068665e-06,1.88043353377841e-06,aih_only,0,2,0,2,,1.81030113723253e-06,,,1.74016874068665e-06,1.88043353377841e-06,,FALSE,FALSE,FALSE,FALSE,,AIH
CD80-CD274,CD8+ T cell 1,Hepatocyte 3,,,5.73153611961503e-07,1.33513824030874e-06,aih_only,0,2,0,2,,9.5414592613512e-07,,,5.73153611961503e-07,1.33513824030874e-06,,FALSE,FALSE,FALSE,FALSE,,AIH
CD80-CD274,CD8+ T cell 1,Hepatocyte 4,,,5.20523418108043e-06,4.08922729601952e-06,aih_only,0,2,0,2,,4.64723073854998e-06,,,4.08922729601952e-06,5.20523418108043e-06,,FALSE,FALSE,FALSE,FALSE,,AIH
CD80-CD274,CD8+ T cell 1,Ig+ hepatocyte,,,1.68746105470982e-06,1.05333565543253e-06,aih_only,0,2,0,2,,1.37039835507117e-06,,,1.05333565543253e-06,1.68746105470982e-06,,FALSE,FALSE,FALSE,FALSE,,AIH
CD80-CD274,CD8+ T cell 1,IgG+ B cell,,,1.20015626772101e-06,8.31200000958305e-07,aih_only,0,2,0,2,,1.01567813433966e-06,,,8.31200000958305e-07,1.20015626772101e-06,,FALSE,FALSE,FALSE,FALSE,,AIH
CD80-CD274,CD8+ T cell 1,IgG+ plasmablast / plasma cell,,,3.25629578970526e-06,3.28544619266373e-06,aih_only,0,2,0,2,,3.27087099118449e-06,,,3.25629578970526e-06,3.28544619266373e-06,,FALSE,FALSE,FALSE,FALSE,,AIH
CD80-CD274,CD8+ T cell 1,IgM+ B cell,,,1.47033092884865e-06,2.60544793236226e-06,aih_only,0,2,0,2,,2.03788943060545e-06,,,1.47033092884865e-06,2.60544793236226e-06,,FALSE,FALSE,FALSE,FALSE,,AIH
CD80-CD274,CD8+ T cell 1,Macrophage 1,,,1.21467616275271e-05,1.44138281833227e-05,aih_only,0,2,0,2,,1.32802949054249e-05,,,1.21467616275271e-05,1.44138281833227e-05,,FALSE,FALSE,FALSE,FALSE,,AIH
CD80-CD274,CD8+ T cell 1,Macrophage 2,,,3.14862774372577e-06,5.01807965996798e-06,aih_only,0,2,0,2,,4.08335370184687e-06,,,3.14862774372577e-06,5.01807965996798e-06,,FALSE,FALSE,FALSE,FALSE,,AIH
CD80-CD274,CD8+ T cell 1,Sinusoidal endothelial cell,,,1.11942608095526e-05,8.74051233208317e-06,aih_only,0,2,0,2,,9.96738657081789e-06,,,8.74051233208317e-06,1.11942608095526e-05,,FALSE,FALSE,FALSE,FALSE,,AIH
CD80-CD274,CD8+ T cell 1,Stellate cell,,,2.30814232061954e-06,3.4946962464424e-06,aih_only,0,2,0,2,,2.90141928353097e-06,,,2.30814232061954e-06,3.4946962464424e-06,,FALSE,FALSE,FALSE,FALSE,,AIH
CD80-CD274,CD8+ T cell 1,Vascular endothelial cell,,,2.35864800856055e-06,2.00918063508967e-06,aih_only,0,2,0,2,,2.18391432182511e-06,,,2.00918063508967e-06,2.35864800856055e-06,,FALSE,FALSE,FALSE,FALSE,,AIH
CD80-CD274,CD8+ T cell 2,CD4+ T cell,,,2.29793680445226e-06,2.78623924396666e-06,aih_only,0,2,0,2,,2.54208802420946e-06,,,2.29793680445226e-06,2.78623924396666e-06,,FALSE,FALSE,FALSE,FALSE,,AIH
CD80-CD274,CD8+ T cell 2,CD8+ T cell 1,,,4.7684754016977e-06,5.6164441488031e-06,aih_only,0,2,0,2,,5.1924597752504e-06,,,4.7684754016977e-06,5.6164441488031e-06,,FALSE,FALSE,FALSE,FALSE,,AIH
CD80-CD274,CD8+ T cell 2,CD8+ T cell 2,,,2.04088526203939e-05,1.51599104185462e-05,aih_only,0,2,0,2,,1.77843815194701e-05,,,1.51599104185462e-05,2.04088526203939e-05,,FALSE,FALSE,FALSE,FALSE,,AIH
CD80-CD274,CD8+ T cell 2,CD8+ T cell 3,,,8.70294156166418e-06,7.70424252691453e-06,aih_only,0,2,0,2,,8.20359204428936e-06,,,7.70424252691453e-06,8.70294156166418e-06,,FALSE,FALSE,FALSE,FALSE,,AIH
CD80-CD274,CD8+ T cell 2,Cholangiocyte,,,1.34407242445656e-06,1.19930106039513e-06,aih_only,0,2,0,2,,1.27168674242585e-06,,,1.19930106039513e-06,1.34407242445656e-06,,FALSE,FALSE,FALSE,FALSE,,AIH
CD80-CD274,CD8+ T cell 2,Hepatocyte 1,,,1.32817907633631e-05,8.7579328850027e-06,aih_only,0,2,0,2,,1.10198618241829e-05,,,8.7579328850027e-06,1.32817907633631e-05,,FALSE,FALSE,FALSE,FALSE,,AIH
CD80-CD274,CD8+ T cell 2,Hepatocyte 2,,,4.24392994868825e-06,2.81719186677562e-06,aih_only,0,2,0,2,,3.53056090773193e-06,,,2.81719186677562e-06,4.24392994868825e-06,,FALSE,FALSE,FALSE,FALSE,,AIH
CD80-CD274,CD8+ T cell 2,Hepatocyte 3,,,7.1211303328564e-07,2.80921659643968e-06,aih_only,0,2,0,2,,1.76066481486266e-06,,,7.1211303328564e-07,2.80921659643968e-06,,FALSE,FALSE,FALSE,FALSE,,AIH
CD80-CD274,CD8+ T cell 2,Hepatocyte 4,,,1.52192915022588e-05,6.55381830714126e-06,aih_only,0,2,0,2,,1.08865549047e-05,,,6.55381830714126e-06,1.52192915022588e-05,,FALSE,FALSE,FALSE,FALSE,,AIH
CD80-CD274,CD8+ T cell 2,Ig+ hepatocyte,,,2.61806718044651e-06,1.53388738058442e-06,aih_only,0,2,0,2,,2.07597728051546e-06,,,1.53388738058442e-06,2.61806718044651e-06,,FALSE,FALSE,FALSE,FALSE,,AIH
CD80-CD274,CD8+ T cell 2,IgG+ B cell,,,4.8027514601741e-07,2.72877896500384e-07,aih_only,0,2,0,2,,3.76576521258897e-07,,,2.72877896500384e-07,4.8027514601741e-07,,FALSE,FALSE,FALSE,FALSE,,AIH
CD80-CD274,CD8+ T cell 2,IgG+ plasmablast / plasma cell,,,2.09695184001396e-06,1.62807888825799e-06,aih_only,0,2,0,2,,1.86251536413598e-06,,,1.62807888825799e-06,2.09695184001396e-06,,FALSE,FALSE,FALSE,FALSE,,AIH
CD80-CD274,CD8+ T cell 2,IgM+ B cell,,,5.86581784484573e-07,2.69475900696666e-06,aih_only,0,2,0,2,,1.64067039572562e-06,,,5.86581784484573e-07,2.69475900696666e-06,,FALSE,FALSE,FALSE,FALSE,,AIH
CD80-CD274,CD8+ T cell 2,Macrophage 1,,,1.76738667512171e-05,1.76817906278871e-05,aih_only,0,2,0,2,,1.76778286895521e-05,,,1.76738667512171e-05,1.76817906278871e-05,,FALSE,FALSE,FALSE,FALSE,,AIH
CD80-CD274,CD8+ T cell 2,Macrophage 2,,,3.26585599638728e-06,4.86595900771522e-06,aih_only,0,2,0,2,,4.06590750205125e-06,,,3.26585599638728e-06,4.86595900771522e-06,,FALSE,FALSE,FALSE,FALSE,,AIH
CD80-CD274,CD8+ T cell 2,Sinusoidal endothelial cell,,,1.34770156962087e-05,1.09947466791518e-05,aih_only,0,2,0,2,,1.22358811876802e-05,,,1.09947466791518e-05,1.34770156962087e-05,,FALSE,FALSE,FALSE,FALSE,,AIH
CD80-CD274,CD8+ T cell 2,Stellate cell,,,1.87175072185571e-06,4.25000142263868e-06,aih_only,0,2,0,2,,3.0608760722472e-06,,,1.87175072185571e-06,4.25000142263868e-06,,FALSE,FALSE,FALSE,FALSE,,AIH
CD80-CD274,CD8+ T cell 2,Vascular endothelial cell,,,3.21538793174633e-06,7.53003001716748e-07,aih_only,0,2,0,2,,1.98419546673154e-06,,,7.53003001716748e-07,3.21538793174633e-06,,FALSE,FALSE,FALSE,FALSE,,AIH
CD80-CD274,CD8+ T cell 3,CD4+ T cell,,,5.51449036744424e-06,4.8588011492123e-06,aih_only,0,2,0,2,,5.18664575832827e-06,,,4.8588011492123e-06,5.51449036744424e-06,,FALSE,FALSE,FALSE,FALSE,,AIH
CD80-CD274,CD8+ T cell 3,CD8+ T cell 1,,,6.70480358760364e-06,5.84917752221045e-06,aih_only,0,2,0,2,,6.27699055490704e-06,,,5.84917752221045e-06,6.70480358760364e-06,,FALSE,FALSE,FALSE,FALSE,,AIH
CD80-CD274,CD8+ T cell 3,CD8+ T cell 2,,,1.52626669989773e-05,8.61452509678574e-06,aih_only,0,2,0,2,,1.19385960478815e-05,,,8.61452509678574e-06,1.52626669989773e-05,,FALSE,FALSE,FALSE,FALSE,,AIH
CD80-CD274,CD8+ T cell 3,CD8+ T cell 3,,,4.90888142550395e-05,3.13483166036805e-05,aih_only,0,2,0,2,,4.021856542936e-05,,,3.13483166036805e-05,4.90888142550395e-05,,FALSE,FALSE,FALSE,FALSE,,AIH
CD80-CD274,CD8+ T cell 3,Cholangiocyte,,,2.47637652332487e-06,2.67828457701124e-06,aih_only,0,2,0,2,,2.57733055016805e-06,,,2.47637652332487e-06,2.67828457701124e-06,,FALSE,FALSE,FALSE,FALSE,,AIH
CD80-CD274,CD8+ T cell 3,Hepatocyte 1,,,1.4048989638174e-05,7.17436692040016e-06,aih_only,0,2,0,2,,1.06116782792871e-05,,,7.17436692040016e-06,1.4048989638174e-05,,FALSE,FALSE,FALSE,FALSE,,AIH
CD80-CD274,CD8+ T cell 3,Hepatocyte 2,,,2.8668738534213e-06,2.69131166965844e-06,aih_only,0,2,0,2,,2.77909276153987e-06,,,2.69131166965844e-06,2.8668738534213e-06,,FALSE,FALSE,FALSE,FALSE,,AIH
CD80-CD274,CD8+ T cell 3,Hepatocyte 3,,,8.92392334647742e-07,2.09795651132175e-06,aih_only,0,2,0,2,,1.49517442298475e-06,,,8.92392334647742e-07,2.09795651132175e-06,,FALSE,FALSE,FALSE,FALSE,,AIH
CD80-CD274,CD8+ T cell 3,Hepatocyte 4,,,1.80021436575865e-05,8.72073132825394e-06,aih_only,0,2,0,2,,1.33614374929202e-05,,,8.72073132825394e-06,1.80021436575865e-05,,FALSE,FALSE,FALSE,FALSE,,AIH
CD80-CD274,CD8+ T cell 3,Ig+ hepatocyte,,,1.91621661182398e-06,1.83584800573633e-06,aih_only,0,2,0,2,,1.87603230878015e-06,,,1.83584800573633e-06,1.91621661182398e-06,,FALSE,FALSE,FALSE,FALSE,,AIH
CD80-CD274,CD8+ T cell 3,IgG+ B cell,,,1.14113736264727e-06,2.57427863147163e-07,aih_only,0,2,0,2,,6.99282612897217e-07,,,2.57427863147163e-07,1.14113736264727e-06,,FALSE,FALSE,FALSE,FALSE,,AIH
CD80-CD274,CD8+ T cell 3,IgG+ plasmablast / plasma cell,,,3.27720672018557e-06,2.59117973844664e-06,aih_only,0,2,0,2,,2.9341932293161e-06,,,2.59117973844664e-06,3.27720672018557e-06,,FALSE,FALSE,FALSE,FALSE,,AIH
CD80-CD274,CD8+ T cell 3,IgM+ B cell,,,3.23643950448609e-06,1.52154810214512e-06,aih_only,0,2,0,2,,2.37899380331561e-06,,,1.52154810214512e-06,3.23643950448609e-06,,FALSE,FALSE,FALSE,FALSE,,AIH
CD80-CD274,CD8+ T cell 3,Macrophage 1,,,2.13596591928001e-05,1.98738801671055e-05,aih_only,0,2,0,2,,2.06167696799528e-05,,,1.98738801671055e-05,2.13596591928001e-05,,FALSE,FALSE,FALSE,FALSE,,AIH
CD80-CD274,CD8+ T cell 3,Macrophage 2,,,4.78143672999599e-06,6.43924426600575e-06,aih_only,0,2,0,2,,5.61034049800087e-06,,,4.78143672999599e-06,6.43924426600575e-06,,FALSE,FALSE,FALSE,FALSE,,AIH
CD80-CD274,CD8+ T cell 3,Sinusoidal endothelial cell,,,2.16539303831232e-05,1.20236251053738e-05,aih_only,0,2,0,2,,1.68387777442485e-05,,,1.20236251053738e-05,2.16539303831232e-05,,FALSE,FALSE,FALSE,FALSE,,AIH
CD80-CD274,CD8+ T cell 3,Stellate cell,,,4.01432859409506e-06,5.0195124125105e-06,aih_only,0,2,0,2,,4.51692050330278e-06,,,4.01432859409506e-06,5.0195124125105e-06,,FALSE,FALSE,FALSE,FALSE,,AIH
CD80-CD274,CD8+ T cell 3,Vascular endothelial cell,,,4.04759543947388e-06,8.3318485276761e-07,aih_only,0,2,0,2,,2.44039014612074e-06,,,8.3318485276761e-07,4.04759543947388e-06,,FALSE,FALSE,FALSE,FALSE,,AIH
CD80-CD274,Cholangiocyte,CD4+ T cell,,,1.80395012515611e-06,2.6668858244383e-06,aih_only,0,2,0,2,,2.2354179747972e-06,,,1.80395012515611e-06,2.6668858244383e-06,,FALSE,FALSE,FALSE,FALSE,,AIH
CD80-CD274,Cholangiocyte,CD8+ T cell 1,,,1.25340013019362e-06,1.31430461383005e-06,aih_only,0,2,0,2,,1.28385237201184e-06,,,1.25340013019362e-06,1.31430461383005e-06,,FALSE,FALSE,FALSE,FALSE,,AIH
CD80-CD274,Cholangiocyte,CD8+ T cell 2,,,1.32586258321745e-07,5.75438557151098e-07,aih_only,0,2,0,2,,3.54012407736421e-07,,,1.32586258321745e-07,5.75438557151098e-07,,FALSE,FALSE,FALSE,FALSE,,AIH
CD80-CD274,Cholangiocyte,CD8+ T cell 3,,,1.66699876900459e-06,3.92334671966406e-06,aih_only,0,2,0,2,,2.79517274433432e-06,,,1.66699876900459e-06,3.92334671966406e-06,,FALSE,FALSE,FALSE,FALSE,,AIH
CD80-CD274,Cholangiocyte,Cholangiocyte,,,7.54751366997223e-06,8.56814114891203e-06,aih_only,0,2,0,2,,8.05782740944213e-06,,,7.54751366997223e-06,8.56814114891203e-06,,FALSE,FALSE,FALSE,FALSE,,AIH
CD80-CD274,Cholangiocyte,Hepatocyte 1,,,3.53487453395562e-07,5.33470152249586e-07,aih_only,0,2,0,2,,4.43478802822574e-07,,,3.53487453395562e-07,5.33470152249586e-07,,FALSE,FALSE,FALSE,FALSE,,AIH
CD80-CD274,Cholangiocyte,Hepatocyte 2,,,1.01519926399219e-07,3.14550892622183e-07,aih_only,0,2,0,2,,2.08035409510701e-07,,,1.01519926399219e-07,3.14550892622183e-07,,FALSE,FALSE,FALSE,FALSE,,AIH
CD80-CD274,Cholangiocyte,Hepatocyte 3,,,2.20114073625253e-07,2.0034887158994e-08,aih_only,0,2,0,2,,1.20074480392124e-07,,,2.0034887158994e-08,2.20114073625253e-07,,FALSE,FALSE,FALSE,FALSE,,AIH
CD80-CD274,Cholangiocyte,Hepatocyte 4,,,4.48977020048195e-07,5.80710883946433e-07,aih_only,0,2,0,2,,5.14843951997314e-07,,,4.48977020048195e-07,5.80710883946433e-07,,FALSE,FALSE,FALSE,FALSE,,AIH
CD80-CD274,Cholangiocyte,Ig+ hepatocyte,,,2.39682683996208e-07,1.80603186611168e-07,aih_only,0,2,0,2,,2.10142935303688e-07,,,1.80603186611168e-07,2.39682683996208e-07,,FALSE,FALSE,FALSE,FALSE,,AIH
CD80-CD274,Cholangiocyte,IgG+ B cell,,,1.75959815711422e-06,2.61510125745032e-06,aih_only,0,2,0,2,,2.18734970728227e-06,,,1.75959815711422e-06,2.61510125745032e-06,,FALSE,FALSE,FALSE,FALSE,,AIH
CD80-CD274,Cholangiocyte,IgG+ plasmablast / plasma cell,,,1.53901617024138e-06,2.13864796998304e-06,aih_only,0,2,0,2,,1.83883207011221e-06,,,1.53901617024138e-06,2.13864796998304e-06,,FALSE,FALSE,FALSE,FALSE,,AIH
CD80-CD274,Cholangiocyte,IgM+ B cell,,,1.57358491712674e-06,1.37440743436542e-06,aih_only,0,2,0,2,,1.47399617574608e-06,,,1.37440743436542e-06,1.57358491712674e-06,,FALSE,FALSE,FALSE,FALSE,,AIH
CD80-CD274,Cholangiocyte,Macrophage 1,,,2.38239779092763e-06,2.7279481569453e-06,aih_only,0,2,0,2,,2.55517297393647e-06,,,2.38239779092763e-06,2.7279481569453e-06,,FALSE,FALSE,FALSE,FALSE,,AIH
CD80-CD274,Cholangiocyte,Macrophage 2,,,2.66068634846776e-06,2.39687060534301e-06,aih_only,0,2,0,2,,2.52877847690538e-06,,,2.39687060534301e-06,2.66068634846776e-06,,FALSE,FALSE,FALSE,FALSE,,AIH
CD80-CD274,Cholangiocyte,Sinusoidal endothelial cell,,,1.5133907006689e-06,1.6161396333581e-06,aih_only,0,2,0,2,,1.5647651670135e-06,,,1.5133907006689e-06,1.6161396333581e-06,,FALSE,FALSE,FALSE,FALSE,,AIH
CD80-CD274,Cholangiocyte,Stellate cell,,,1.46022927471042e-06,1.50804261016332e-06,aih_only,0,2,0,2,,1.48413594243687e-06,,,1.46022927471042e-06,1.50804261016332e-06,,FALSE,FALSE,FALSE,FALSE,,AIH
CD80-CD274,Cholangiocyte,Vascular endothelial cell,,,1.92231279002742e-06,2.67064013778259e-06,aih_only,0,2,0,2,,2.296476463905e-06,,,1.92231279002742e-06,2.67064013778259e-06,,FALSE,FALSE,FALSE,FALSE,,AIH
CD80-CD274,Hepatocyte 1,CD4+ T cell,,,6.11190144159136e-07,6.08480254849135e-07,aih_only,0,2,0,2,,6.09835199504135e-07,,,6.08480254849135e-07,6.11190144159136e-07,,FALSE,FALSE,FALSE,FALSE,,AIH
CD80-CD274,Hepatocyte 1,CD8+ T cell 1,,,1.15818000585624e-06,1.28978701437303e-06,aih_only,0,2,0,2,,1.22398351011463e-06,,,1.15818000585624e-06,1.28978701437303e-06,,FALSE,FALSE,FALSE,FALSE,,AIH
CD80-CD274,Hepatocyte 1,CD8+ T cell 2,,,3.20125973985345e-06,2.11184424700542e-06,aih_only,0,2,0,2,,2.65655199342944e-06,,,2.11184424700542e-06,3.20125973985345e-06,,FALSE,FALSE,FALSE,FALSE,,AIH
CD80-CD274,Hepatocyte 1,CD8+ T cell 3,,,1.88868768228232e-06,2.17247749462276e-06,aih_only,0,2,0,2,,2.03058258845254e-06,,,1.88868768228232e-06,2.17247749462276e-06,,FALSE,FALSE,FALSE,FALSE,,AIH
CD80-CD274,Hepatocyte 1,Cholangiocyte,,,1.91633050415166e-07,5.52219709523061e-07,aih_only,0,2,0,2,,3.71926379969114e-07,,,1.91633050415166e-07,5.52219709523061e-07,,FALSE,FALSE,FALSE,FALSE,,AIH
CD80-CD274,Hepatocyte 1,Hepatocyte 1,,,4.16486770367809e-06,2.16344518251207e-06,aih_only,0,2,0,2,,3.16415644309508e-06,,,2.16344518251207e-06,4.16486770367809e-06,,FALSE,FALSE,FALSE,FALSE,,AIH
CD80-CD274,Hepatocyte 1,Hepatocyte 2,,,9.76605639722198e-07,7.59251453409616e-07,aih_only,0,2,0,2,,8.67928546565907e-07,,,7.59251453409616e-07,9.76605639722198e-07,,FALSE,FALSE,FALSE,FALSE,,AIH
CD80-CD274,Hepatocyte 1,Hepatocyte 3,,,4.36151040283624e-07,7.75567072672242e-07,aih_only,0,2,0,2,,6.05859056477933e-07,,,4.36151040283624e-07,7.75567072672242e-07,,FALSE,FALSE,FALSE,FALSE,,AIH
CD80-CD274,Hepatocyte 1,Hepatocyte 4,,,3.60585532232721e-06,1.73855056077632e-06,aih_only,0,2,0,2,,2.67220294155176e-06,,,1.73855056077632e-06,3.60585532232721e-06,,FALSE,FALSE,FALSE,FALSE,,AIH
CD80-CD274,Hepatocyte 1,Ig+ hepatocyte,,,4.2231364082896e-08,5.04433947922729e-07,aih_only,0,2,0,2,,2.73332656002813e-07,,,4.2231364082896e-08,5.04433947922729e-07,,FALSE,FALSE,FALSE,FALSE,,AIH
CD80-CD274,Hepatocyte 1,IgG+ B cell,,,1.08720517346913e-07,3.25354304182386e-07,aih_only,0,2,0,2,,2.1703741076465e-07,,,1.08720517346913e-07,3.25354304182386e-07,,FALSE,FALSE,FALSE,FALSE,,AIH
CD80-CD274,Hepatocyte 1,IgG+ plasmablast / plasma cell,,,3.55334188221365e-07,6.51887185605909e-07,aih_only,0,2,0,2,,5.03610686913637e-07,,,3.55334188221365e-07,6.51887185605909e-07,,FALSE,FALSE,FALSE,FALSE,,AIH
CD80-CD274,Hepatocyte 1,IgM+ B cell,,,9.27786912560121e-08,3.46139114485528e-07,aih_only,0,2,0,2,,2.1945890287077e-07,,,9.27786912560121e-08,3.46139114485528e-07,,FALSE,FALSE,FALSE,FALSE,,AIH
CD80-CD274,Hepatocyte 1,Macrophage 1,,,4.21711806725071e-06,4.06436722970991e-06,aih_only,0,2,0,2,,4.14074264848031e-06,,,4.06436722970991e-06,4.21711806725071e-06,,FALSE,FALSE,FALSE,FALSE,,AIH
CD80-CD274,Hepatocyte 1,Macrophage 2,,,6.63777234741621e-07,1.58384227579944e-06,aih_only,0,2,0,2,,1.12380975527053e-06,,,6.63777234741621e-07,1.58384227579944e-06,,FALSE,FALSE,FALSE,FALSE,,AIH
CD80-CD274,Hepatocyte 1,Sinusoidal endothelial cell,,,3.40785611630964e-06,2.81953087216606e-06,aih_only,0,2,0,2,,3.11369349423785e-06,,,2.81953087216606e-06,3.40785611630964e-06,,FALSE,FALSE,FALSE,FALSE,,AIH
CD80-CD274,Hepatocyte 1,Stellate cell,,,3.29630344721207e-07,1.07664242699562e-06,aih_only,0,2,0,2,,7.03136385858415e-07,,,3.29630344721207e-07,1.07664242699562e-06,,FALSE,FALSE,FALSE,FALSE,,AIH
CD80-CD274,Hepatocyte 1,Vascular endothelial cell,,,4.35412351517282e-07,3.63086167526403e-07,aih_only,0,2,0,2,,3.99249259521843e-07,,,3.63086167526403e-07,4.35412351517282e-07,,FALSE,FALSE,FALSE,FALSE,,AIH
CD80-CD274,Hepatocyte 2,CD4+ T cell,,,3.30838678466551e-07,2.33101807573103e-07,aih_only,0,2,0,2,,2.81970243019827e-07,,,2.33101807573103e-07,3.30838678466551e-07,,FALSE,FALSE,FALSE,FALSE,,AIH
CD80-CD274,Hepatocyte 2,CD8+ T cell 1,,,1.11642207968033e-06,6.3732030701584e-07,aih_only,0,2,0,2,,8.76871193348086e-07,,,6.3732030701584e-07,1.11642207968033e-06,,FALSE,FALSE,FALSE,FALSE,,AIH
CD80-CD274,Hepatocyte 2,CD8+ T cell 2,,,2.810970267796e-06,8.43244312329952e-07,aih_only,0,2,0,2,,1.82710729006298e-06,,,8.43244312329952e-07,2.810970267796e-06,,FALSE,FALSE,FALSE,FALSE,,AIH
CD80-CD274,Hepatocyte 2,CD8+ T cell 3,,,7.48255745984873e-07,1.55478230046694e-06,aih_only,0,2,0,2,,1.15151902322591e-06,,,7.48255745984873e-07,1.55478230046694e-06,,FALSE,FALSE,FALSE,FALSE,,AIH
CD80-CD274,Hepatocyte 2,Cholangiocyte,,,5.91635987862399e-08,3.85784429867288e-07,aih_only,0,2,0,2,,2.22474014326764e-07,,,5.91635987862399e-08,3.85784429867288e-07,,FALSE,FALSE,FALSE,FALSE,,AIH
CD80-CD274,Hepatocyte 2,Hepatocyte 1,,,1.89558048105246e-06,9.59499023007979e-07,aih_only,0,2,0,2,,1.42753975203022e-06,,,9.59499023007979e-07,1.89558048105246e-06,,FALSE,FALSE,FALSE,FALSE,,AIH
CD80-CD274,Hepatocyte 2,Hepatocyte 2,,,3.47913605340977e-06,7.98526775039267e-07,aih_only,0,2,0,2,,2.13883141422452e-06,,,7.98526775039267e-07,3.47913605340977e-06,,FALSE,FALSE,FALSE,FALSE,,AIH
CD80-CD274,Hepatocyte 2,Hepatocyte 3,,,1.44816467974419e-07,4.36442531300283e-07,aih_only,0,2,0,2,,2.90629499637351e-07,,,1.44816467974419e-07,4.36442531300283e-07,,FALSE,FALSE,FALSE,FALSE,,AIH
CD80-CD274,Hepatocyte 2,Hepatocyte 4,,,3.73569465168269e-06,9.55705161571468e-07,aih_only,0,2,0,2,,2.34569990662708e-06,,,9.55705161571468e-07,3.73569465168269e-06,,FALSE,FALSE,FALSE,FALSE,,AIH
CD80-CD274,Hepatocyte 2,Ig+ hepatocyte,,,1.64364981051734e-07,1.44721140069076e-07,aih_only,0,2,0,2,,1.54543060560405e-07,,,1.44721140069076e-07,1.64364981051734e-07,,FALSE,FALSE,FALSE,FALSE,,AIH
CD80-CD274,Hepatocyte 2,IgG+ B cell,,,9.24721956110722e-08,1.49463052703987e-07,aih_only,0,2,0,2,,1.2096762415753e-07,,,9.24721956110722e-08,1.49463052703987e-07,,FALSE,FALSE,FALSE,FALSE,,AIH
CD80-CD274,Hepatocyte 2,IgG+ plasmablast / plasma cell,,,1.57397393574767e-07,2.80143395808508e-07,aih_only,0,2,0,2,,2.18770394691637e-07,,,1.57397393574767e-07,2.80143395808508e-07,,FALSE,FALSE,FALSE,FALSE,,AIH
CD80-CD274,Hepatocyte 2,IgM+ B cell,,,2.73984998586476e-08,2.06071861928427e-07,aih_only,0,2,0,2,,1.16735180893537e-07,,,2.73984998586476e-08,2.06071861928427e-07,,FALSE,FALSE,FALSE,FALSE,,AIH
CD80-CD274,Hepatocyte 2,Macrophage 1,,,3.79276311630029e-06,2.13307000600685e-06,aih_only,0,2,0,2,,2.96291656115357e-06,,,2.13307000600685e-06,3.79276311630029e-06,,FALSE,FALSE,FALSE,FALSE,,AIH
CD80-CD274,Hepatocyte 2,Macrophage 2,,,7.37770827161812e-07,5.99242467956738e-07,aih_only,0,2,0,2,,6.68506647559275e-07,,,5.99242467956738e-07,7.37770827161812e-07,,FALSE,FALSE,FALSE,FALSE,,AIH
CD80-CD274,Hepatocyte 2,Sinusoidal endothelial cell,,,2.75491716578616e-06,1.0844555274877e-06,aih_only,0,2,0,2,,1.91968634663693e-06,,,1.0844555274877e-06,2.75491716578616e-06,,FALSE,FALSE,FALSE,FALSE,,AIH
CD80-CD274,Hepatocyte 2,Stellate cell,,,3.08247078576358e-07,4.55399474788096e-07,aih_only,0,2,0,2,,3.81823276682227e-07,,,3.08247078576358e-07,4.55399474788096e-07,,FALSE,FALSE,FALSE,FALSE,,AIH
CD80-CD274,Hepatocyte 2,Vascular endothelial cell,,,1.95708723592929e-07,1.38282480039045e-07,aih_only,0,2,0,2,,1.66995601815987e-07,,,1.38282480039045e-07,1.95708723592929e-07,,FALSE,FALSE,FALSE,FALSE,,AIH
CD80-CD274,Hepatocyte 3,CD4+ T cell,,,4.73638354687111e-07,6.16228358229611e-07,aih_only,0,2,0,2,,5.44933356458361e-07,,,4.73638354687111e-07,6.16228358229611e-07,,FALSE,FALSE,FALSE,FALSE,,AIH
CD80-CD274,Hepatocyte 3,CD8+ T cell 1,,,5.13876118245136e-07,5.81142630437648e-07,aih_only,0,2,0,2,,5.47509374341392e-07,,,5.13876118245136e-07,5.81142630437648e-07,,FALSE,FALSE,FALSE,FALSE,,AIH
CD80-CD274,Hepatocyte 3,CD8+ T cell 2,,,7.56381145711842e-07,1.18039181166128e-06,aih_only,0,2,0,2,,9.68386478686561e-07,,,7.56381145711842e-07,1.18039181166128e-06,,FALSE,FALSE,FALSE,FALSE,,AIH
CD80-CD274,Hepatocyte 3,CD8+ T cell 3,,,1.04324157020375e-06,6.13143338445611e-07,aih_only,0,2,0,2,,8.28192454324682e-07,,,6.13143338445611e-07,1.04324157020375e-06,,FALSE,FALSE,FALSE,FALSE,,AIH
CD80-CD274,Hepatocyte 3,Cholangiocyte,,,2.10367836069573e-07,2.95803701296714e-07,aih_only,0,2,0,2,,2.53085768683144e-07,,,2.10367836069573e-07,2.95803701296714e-07,,FALSE,FALSE,FALSE,FALSE,,AIH
CD80-CD274,Hepatocyte 3,Hepatocyte 1,,,1.43693991315234e-06,1.10086982823035e-06,aih_only,0,2,0,2,,1.26890487069135e-06,,,1.10086982823035e-06,1.43693991315234e-06,,FALSE,FALSE,FALSE,FALSE,,AIH
CD80-CD274,Hepatocyte 3,Hepatocyte 2,,,1.83509631385518e-06,7.80849495378143e-07,aih_only,0,2,0,2,,1.30797290461666e-06,,,7.80849495378143e-07,1.83509631385518e-06,,FALSE,FALSE,FALSE,FALSE,,AIH
CD80-CD274,Hepatocyte 3,Hepatocyte 3,,,6.07096999737041e-08,1.01913412264383e-06,aih_only,0,2,0,2,,5.39921911308769e-07,,,6.07096999737041e-08,1.01913412264383e-06,,FALSE,FALSE,FALSE,FALSE,,AIH
CD80-CD274,Hepatocyte 3,Hepatocyte 4,,,6.21742888810157e-07,1.28677574613047e-06,aih_only,0,2,0,2,,9.54259317470314e-07,,,6.21742888810157e-07,1.28677574613047e-06,,FALSE,FALSE,FALSE,FALSE,,AIH
CD80-CD274,Hepatocyte 3,IgG+ B cell,,,3.57032495921981e-07,4.48538369005026e-07,aih_only,0,2,0,2,,4.02785432463503e-07,,,3.57032495921981e-07,4.48538369005026e-07,,FALSE,FALSE,FALSE,FALSE,,AIH
CD80-CD274,Hepatocyte 3,IgG+ plasmablast / plasma cell,,,2.74995467047848e-07,1.54861468304659e-07,aih_only,0,2,0,2,,2.14928467676253e-07,,,1.54861468304659e-07,2.74995467047848e-07,,FALSE,FALSE,FALSE,FALSE,,AIH
CD80-CD274,Hepatocyte 3,IgM+ B cell,,,5.37419491188851e-08,3.28217989519851e-07,aih_only,0,2,0,2,,1.90979969319368e-07,,,5.37419491188851e-08,3.28217989519851e-07,,FALSE,FALSE,FALSE,FALSE,,AIH
CD80-CD274,Hepatocyte 3,Macrophage 1,,,1.06908913207949e-06,2.39723925997901e-06,aih_only,0,2,0,2,,1.73316419602925e-06,,,1.06908913207949e-06,2.39723925997901e-06,,FALSE,FALSE,FALSE,FALSE,,AIH
CD80-CD274,Hepatocyte 3,Macrophage 2,,,6.50937467928358e-07,8.34998492550026e-07,aih_only,0,2,0,2,,7.42967980239192e-07,,,6.50937467928358e-07,8.34998492550026e-07,,FALSE,FALSE,FALSE,FALSE,,AIH
CD80-CD274,Hepatocyte 3,Sinusoidal endothelial cell,,,8.1818410241987e-07,1.23722757743876e-06,aih_only,0,2,0,2,,1.02770583992931e-06,,,8.1818410241987e-07,1.23722757743876e-06,,FALSE,FALSE,FALSE,FALSE,,AIH
CD80-CD274,Hepatocyte 3,Stellate cell,,,1.5518501354128e-07,5.59294032119199e-07,aih_only,0,2,0,2,,3.57239522830239e-07,,,1.5518501354128e-07,5.59294032119199e-07,,FALSE,FALSE,FALSE,FALSE,,AIH
CD80-CD274,Hepatocyte 3,Vascular endothelial cell,,,1.30520667866592e-07,1.92180617685268e-07,aih_only,0,2,0,2,,1.6135064277593e-07,,,1.30520667866592e-07,1.92180617685268e-07,,FALSE,FALSE,FALSE,FALSE,,AIH
CD80-CD274,Hepatocyte 4,CD4+ T cell,,,5.24957545554542e-07,6.54968996896171e-07,aih_only,0,2,0,2,,5.89963271225356e-07,,,5.24957545554542e-07,6.54968996896171e-07,,FALSE,FALSE,FALSE,FALSE,,AIH
CD80-CD274,Hepatocyte 4,CD8+ T cell 1,,,9.47988785773049e-07,1.84012649781755e-06,aih_only,0,2,0,2,,1.3940576417953e-06,,,9.47988785773049e-07,1.84012649781755e-06,,FALSE,FALSE,FALSE,FALSE,,AIH
CD80-CD274,Hepatocyte 4,CD8+ T cell 2,,,1.41351319162762e-06,2.19073527019175e-06,aih_only,0,2,0,2,,1.80212423090969e-06,,,1.41351319162762e-06,2.19073527019175e-06,,FALSE,FALSE,FALSE,FALSE,,AIH
CD80-CD274,Hepatocyte 4,CD8+ T cell 3,,,4.03370544393258e-06,2.68702241960084e-06,aih_only,0,2,0,2,,3.36036393176671e-06,,,2.68702241960084e-06,4.03370544393258e-06,,FALSE,FALSE,FALSE,FALSE,,AIH
CD80-CD274,Hepatocyte 4,Cholangiocyte,,,2.19167068221681e-07,5.57946859151999e-07,aih_only,0,2,0,2,,3.8855696368684e-07,,,2.19167068221681e-07,5.57946859151999e-07,,FALSE,FALSE,FALSE,FALSE,,AIH
CD80-CD274,Hepatocyte 4,Hepatocyte 1,,,2.10571019698305e-06,2.14338001268453e-06,aih_only,0,2,0,2,,2.12454510483379e-06,,,2.10571019698305e-06,2.14338001268453e-06,,FALSE,FALSE,FALSE,FALSE,,AIH
CD80-CD274,Hepatocyte 4,Hepatocyte 2,,,3.93957038674245e-07,5.34412070721019e-07,aih_only,0,2,0,2,,4.64184554697632e-07,,,3.93957038674245e-07,5.34412070721019e-07,,FALSE,FALSE,FALSE,FALSE,,AIH
CD80-CD274,Hepatocyte 4,Hepatocyte 4,,,8.84588499205302e-06,5.36502836977345e-06,aih_only,0,2,0,2,,7.10545668091324e-06,,,5.36502836977345e-06,8.84588499205302e-06,,FALSE,FALSE,FALSE,FALSE,,AIH
CD80-CD274,Hepatocyte 4,Ig+ hepatocyte,,,2.5931052627296e-08,2.28151984583042e-08,aih_only,0,2,0,2,,2.43731255428001e-08,,,2.28151984583042e-08,2.5931052627296e-08,,FALSE,FALSE,FALSE,FALSE,,AIH
CD80-CD274,Hepatocyte 4,IgG+ B cell,,,1.77503314330012e-07,1.85989474799629e-07,aih_only,0,2,0,2,,1.81746394564821e-07,,,1.77503314330012e-07,1.85989474799629e-07,,FALSE,FALSE,FALSE,FALSE,,AIH
CD80-CD274,Hepatocyte 4,IgG+ plasmablast / plasma cell,,,2.13834412510775e-07,3.27702769254634e-07,aih_only,0,2,0,2,,2.70768590882705e-07,,,2.13834412510775e-07,3.27702769254634e-07,,FALSE,FALSE,FALSE,FALSE,,AIH
CD80-CD274,Hepatocyte 4,IgM+ B cell,,,3.86507942640477e-07,3.28721486371568e-07,aih_only,0,2,0,2,,3.57614714506022e-07,,,3.28721486371568e-07,3.86507942640477e-07,,FALSE,FALSE,FALSE,FALSE,,AIH
CD80-CD274,Hepatocyte 4,Macrophage 1,,,3.57110043037975e-06,4.76236015667781e-06,aih_only,0,2,0,2,,4.16673029352878e-06,,,3.57110043037975e-06,4.76236015667781e-06,,FALSE,FALSE,FALSE,FALSE,,AIH
CD80-CD274,Hepatocyte 4,Macrophage 2,,,2.09208642409136e-07,1.61863369327985e-06,aih_only,0,2,0,2,,9.13921167844494e-07,,,2.09208642409136e-07,1.61863369327985e-06,,FALSE,FALSE,FALSE,FALSE,,AIH
CD80-CD274,Hepatocyte 4,Sinusoidal endothelial cell,,,1.54746309536464e-06,2.7651165209611e-06,aih_only,0,2,0,2,,2.15628980816287e-06,,,1.54746309536464e-06,2.7651165209611e-06,,FALSE,FALSE,FALSE,FALSE,,AIH
CD80-CD274,Hepatocyte 4,Stellate cell,,,3.15582809092858e-07,1.06006569337083e-06,aih_only,0,2,0,2,,6.87824251231844e-07,,,3.15582809092858e-07,1.06006569337083e-06,,FALSE,FALSE,FALSE,FALSE,,AIH
CD80-CD274,Hepatocyte 4,Vascular endothelial cell,,,5.77530789943123e-07,2.73885261704494e-07,aih_only,0,2,0,2,,4.25708025823808e-07,,,2.73885261704494e-07,5.77530789943123e-07,,FALSE,FALSE,FALSE,FALSE,,AIH
CD80-CD274,Ig+ hepatocyte,CD4+ T cell,,,2.59949278242405e-07,9.66228505340995e-07,aih_only,0,2,0,2,,6.130888917917e-07,,,2.59949278242405e-07,9.66228505340995e-07,,FALSE,FALSE,FALSE,FALSE,,AIH
CD80-CD274,Ig+ hepatocyte,CD8+ T cell 1,,,1.74873420866915e-06,1.7726038935141e-06,aih_only,0,2,0,2,,1.76066905109163e-06,,,1.74873420866915e-06,1.7726038935141e-06,,FALSE,FALSE,FALSE,FALSE,,AIH
CD80-CD274,Ig+ hepatocyte,CD8+ T cell 2,,,4.37385965731265e-07,1.64100573852579e-06,aih_only,0,2,0,2,,1.03919585212853e-06,,,4.37385965731265e-07,1.64100573852579e-06,,FALSE,FALSE,FALSE,FALSE,,AIH
CD80-CD274,Ig+ hepatocyte,CD8+ T cell 3,,,2.4410003050038e-07,1.11375077841678e-06,aih_only,0,2,0,2,,6.78925404458581e-07,,,2.4410003050038e-07,1.11375077841678e-06,,FALSE,FALSE,FALSE,FALSE,,AIH
CD80-CD274,Ig+ hepatocyte,Cholangiocyte,,,9.77919930505192e-07,5.66572754303618e-07,aih_only,0,2,0,2,,7.72246342404405e-07,,,5.66572754303618e-07,9.77919930505192e-07,,FALSE,FALSE,FALSE,FALSE,,AIH
CD80-CD274,Ig+ hepatocyte,Hepatocyte 1,,,1.13131521989223e-06,2.90861980439575e-06,aih_only,0,2,0,2,,2.01996751214399e-06,,,1.13131521989223e-06,2.90861980439575e-06,,FALSE,FALSE,FALSE,FALSE,,AIH
CD80-CD274,Ig+ hepatocyte,Hepatocyte 2,,,2.85880676816599e-06,1.18769168600334e-06,aih_only,0,2,0,2,,2.02324922708466e-06,,,1.18769168600334e-06,2.85880676816599e-06,,FALSE,FALSE,FALSE,FALSE,,AIH
CD80-CD274,Ig+ hepatocyte,Hepatocyte 3,,,7.44633662507912e-10,2.18541437057125e-06,aih_only,0,2,0,2,,1.09307950211688e-06,,,7.44633662507912e-10,2.18541437057125e-06,,FALSE,FALSE,FALSE,FALSE,,AIH
CD80-CD274,Ig+ hepatocyte,Hepatocyte 4,,,1.30214262256752e-08,1.16177954826682e-06,aih_only,0,2,0,2,,5.87400487246248e-07,,,1.30214262256752e-08,1.16177954826682e-06,,FALSE,FALSE,FALSE,FALSE,,AIH
CD80-CD274,Ig+ hepatocyte,Ig+ hepatocyte,,,1.02447817094837e-08,3.74932784508617e-06,aih_only,0,2,0,2,,1.87978631339783e-06,,,1.02447817094837e-08,3.74932784508617e-06,,FALSE,FALSE,FALSE,FALSE,,AIH
CD80-CD274,Ig+ hepatocyte,IgG+ B cell,,,1.70709266742811e-06,3.10353363541833e-07,aih_only,0,2,0,2,,1.00872301548497e-06,,,3.10353363541833e-07,1.70709266742811e-06,,FALSE,FALSE,FALSE,FALSE,,AIH
CD80-CD274,Ig+ hepatocyte,IgG+ plasmablast / plasma cell,,,2.68315564706564e-06,7.54796575953784e-07,aih_only,0,2,0,2,,1.71897611150971e-06,,,7.54796575953784e-07,2.68315564706564e-06,,FALSE,FALSE,FALSE,FALSE,,AIH
CD80-CD274,Ig+ hepatocyte,IgM+ B cell,,,7.42665993886005e-08,3.92406057539694e-07,aih_only,0,2,0,2,,2.33336328464147e-07,,,7.42665993886005e-08,3.92406057539694e-07,,FALSE,FALSE,FALSE,FALSE,,AIH
CD80-CD274,Ig+ hepatocyte,Macrophage 1,,,3.57939664640196e-06,4.65544382190859e-06,aih_only,0,2,0,2,,4.11742023415527e-06,,,3.57939664640196e-06,4.65544382190859e-06,,FALSE,FALSE,FALSE,FALSE,,AIH
CD80-CD274,Ig+ hepatocyte,Macrophage 2,,,5.89186666144874e-07,1.32925108781248e-06,aih_only,0,2,0,2,,9.59218876978679e-07,,,5.89186666144874e-07,1.32925108781248e-06,,FALSE,FALSE,FALSE,FALSE,,AIH
CD80-CD274,Ig+ hepatocyte,Sinusoidal endothelial cell,,,4.94614312661602e-06,1.82100624223053e-06,aih_only,0,2,0,2,,3.38357468442328e-06,,,1.82100624223053e-06,4.94614312661602e-06,,FALSE,FALSE,FALSE,FALSE,,AIH
CD80-CD274,Ig+ hepatocyte,Stellate cell,,,9.20527146733473e-07,7.36960255204275e-07,aih_only,0,2,0,2,,8.28743700968874e-07,,,7.36960255204275e-07,9.20527146733473e-07,,FALSE,FALSE,FALSE,FALSE,,AIH
CD80-CD274,Ig+ hepatocyte,Vascular endothelial cell,,,1.08096729941912e-06,5.42285366297498e-07,aih_only,0,2,0,2,,8.11626332858307e-07,,,5.42285366297498e-07,1.08096729941912e-06,,FALSE,FALSE,FALSE,FALSE,,AIH
CD80-CD274,IgG+ B cell,CD4+ T cell,,,8.73412395494819e-07,2.61911975629284e-06,aih_only,0,2,0,2,,1.74626607589383e-06,,,8.73412395494819e-07,2.61911975629284e-06,,FALSE,FALSE,FALSE,FALSE,,AIH
CD80-CD274,IgG+ B cell,CD8+ T cell 1,,,9.21588226418182e-07,5.69569685660323e-07,aih_only,0,2,0,2,,7.45578956039253e-07,,,5.69569685660323e-07,9.21588226418182e-07,,FALSE,FALSE,FALSE,FALSE,,AIH
CD80-CD274,IgG+ B cell,CD8+ T cell 2,,,4.962198014962e-07,3.98592475458544e-07,aih_only,0,2,0,2,,4.47406138477372e-07,,,3.98592475458544e-07,4.962198014962e-07,,FALSE,FALSE,FALSE,FALSE,,AIH
CD80-CD274,IgG+ B cell,CD8+ T cell 3,,,3.12200252424745e-07,6.60819471975877e-07,aih_only,0,2,0,2,,4.86509862200311e-07,,,3.12200252424745e-07,6.60819471975877e-07,,FALSE,FALSE,FALSE,FALSE,,AIH
CD80-CD274,IgG+ B cell,Cholangiocyte,,,1.41036018882873e-06,1.92602551509412e-06,aih_only,0,2,0,2,,1.66819285196142e-06,,,1.41036018882873e-06,1.92602551509412e-06,,FALSE,FALSE,FALSE,FALSE,,AIH
CD80-CD274,IgG+ B cell,Hepatocyte 1,,,2.94742535676836e-07,2.41777978162857e-07,aih_only,0,2,0,2,,2.68260256919846e-07,,,2.41777978162857e-07,2.94742535676836e-07,,FALSE,FALSE,FALSE,FALSE,,AIH
CD80-CD274,IgG+ B cell,Hepatocyte 2,,,2.79202094331449e-08,1.72640775322468e-07,aih_only,0,2,0,2,,1.00280492377807e-07,,,2.79202094331449e-08,1.72640775322468e-07,,FALSE,FALSE,FALSE,FALSE,,AIH
CD80-CD274,IgG+ B cell,Hepatocyte 3,,,7.33972154659651e-10,1.21950190741858e-07,aih_only,0,2,0,2,,6.13420814482589e-08,,,7.33972154659651e-10,1.21950190741858e-07,,FALSE,FALSE,FALSE,FALSE,,AIH
CD80-CD274,IgG+ B cell,Hepatocyte 4,,,1.65652567471867e-06,2.01379533618535e-07,aih_only,0,2,0,2,,9.289526041686e-07,,,2.01379533618535e-07,1.65652567471867e-06,,FALSE,FALSE,FALSE,FALSE,,AIH
CD80-CD274,IgG+ B cell,Ig+ hepatocyte,,,2.00166414138869e-07,5.50960103259936e-07,aih_only,0,2,0,2,,3.75563258699403e-07,,,2.00166414138869e-07,5.50960103259936e-07,,FALSE,FALSE,FALSE,FALSE,,AIH
CD80-CD274,IgG+ B cell,IgG+ B cell,,,9.71113357731574e-07,5.16651507288146e-06,aih_only,0,2,0,2,,3.06881421530652e-06,,,9.71113357731574e-07,5.16651507288146e-06,,FALSE,FALSE,FALSE,FALSE,,AIH
CD80-CD274,IgG+ B cell,IgG+ plasmablast / plasma cell,,,1.66341395910907e-06,3.8389709609866e-06,aih_only,0,2,0,2,,2.75119246004783e-06,,,1.66341395910907e-06,3.8389709609866e-06,,FALSE,FALSE,FALSE,FALSE,,AIH
CD80-CD274,IgG+ B cell,IgM+ B cell,,,7.48777375714728e-07,2.92403820744619e-06,aih_only,0,2,0,2,,1.83640779158046e-06,,,7.48777375714728e-07,2.92403820744619e-06,,FALSE,FALSE,FALSE,FALSE,,AIH
CD80-CD274,IgG+ B cell,Macrophage 1,,,1.93056683076931e-06,1.16394674822364e-06,aih_only,0,2,0,2,,1.54725678949648e-06,,,1.16394674822364e-06,1.93056683076931e-06,,FALSE,FALSE,FALSE,FALSE,,AIH
CD80-CD274,IgG+ B cell,Macrophage 2,,,8.13257549971947e-07,2.04703229145526e-06,aih_only,0,2,0,2,,1.4301449207136e-06,,,8.13257549971947e-07,2.04703229145526e-06,,FALSE,FALSE,FALSE,FALSE,,AIH
CD80-CD274,IgG+ B cell,Sinusoidal endothelial cell,,,1.12668751575442e-06,5.49252156105622e-07,aih_only,0,2,0,2,,8.37969835930019e-07,,,5.49252156105622e-07,1.12668751575442e-06,,FALSE,FALSE,FALSE,FALSE,,AIH
CD80-CD274,IgG+ B cell,Stellate cell,,,6.19305459258198e-07,1.06417283608003e-06,aih_only,0,2,0,2,,8.41739147669113e-07,,,6.19305459258198e-07,1.06417283608003e-06,,FALSE,FALSE,FALSE,FALSE,,AIH
CD80-CD274,IgG+ B cell,Vascular endothelial cell,,,1.31201487416159e-06,3.27975284552725e-06,aih_only,0,2,0,2,,2.29588385984442e-06,,,1.31201487416159e-06,3.27975284552725e-06,,FALSE,FALSE,FALSE,FALSE,,AIH
CD80-CD274,IgG+ plasmablast / plasma cell,CD4+ T cell,,,2.11630444284389e-06,3.83892160051702e-06,aih_only,0,2,0,2,,2.97761302168046e-06,,,2.11630444284389e-06,3.83892160051702e-06,,FALSE,FALSE,FALSE,FALSE,,AIH
CD80-CD274,IgG+ plasmablast / plasma cell,CD8+ T cell 1,,,1.30831431186273e-06,1.92762279207916e-06,aih_only,0,2,0,2,,1.61796855197095e-06,,,1.30831431186273e-06,1.92762279207916e-06,,FALSE,FALSE,FALSE,FALSE,,AIH
CD80-CD274,IgG+ plasmablast / plasma cell,CD8+ T cell 2,,,8.74433580713469e-07,1.11306842168048e-06,aih_only,0,2,0,2,,9.93751001196975e-07,,,8.74433580713469e-07,1.11306842168048e-06,,FALSE,FALSE,FALSE,FALSE,,AIH
CD80-CD274,IgG+ plasmablast / plasma cell,CD8+ T cell 3,,,8.7586626179384e-07,2.08303377496425e-06,aih_only,0,2,0,2,,1.47945001837904e-06,,,8.7586626179384e-07,2.08303377496425e-06,,FALSE,FALSE,FALSE,FALSE,,AIH
CD80-CD274,IgG+ plasmablast / plasma cell,Cholangiocyte,,,1.91983634737235e-06,4.70991298753377e-06,aih_only,0,2,0,2,,3.31487466745306e-06,,,1.91983634737235e-06,4.70991298753377e-06,,FALSE,FALSE,FALSE,FALSE,,AIH
CD80-CD274,IgG+ plasmablast / plasma cell,Hepatocyte 1,,,8.17950927780365e-07,1.34670229542654e-06,aih_only,0,2,0,2,,1.08232661160345e-06,,,8.17950927780365e-07,1.34670229542654e-06,,FALSE,FALSE,FALSE,FALSE,,AIH
CD80-CD274,IgG+ plasmablast / plasma cell,Hepatocyte 2,,,2.72819012621194e-07,3.72267675877964e-07,aih_only,0,2,0,2,,3.22543344249579e-07,,,2.72819012621194e-07,3.72267675877964e-07,,FALSE,FALSE,FALSE,FALSE,,AIH
CD80-CD274,IgG+ plasmablast / plasma cell,Hepatocyte 3,,,4.94322761202397e-07,2.30829034532714e-07,aih_only,0,2,0,2,,3.62575897867556e-07,,,2.30829034532714e-07,4.94322761202397e-07,,FALSE,FALSE,FALSE,FALSE,,AIH
CD80-CD274,IgG+ plasmablast / plasma cell,Hepatocyte 4,,,8.02814243654965e-07,8.66733996705713e-07,aih_only,0,2,0,2,,8.34774120180339e-07,,,8.02814243654965e-07,8.66733996705713e-07,,FALSE,FALSE,FALSE,FALSE,,AIH
CD80-CD274,IgG+ plasmablast / plasma cell,Ig+ hepatocyte,,,3.32645656494291e-07,9.22230736456591e-07,aih_only,0,2,0,2,,6.27438196475441e-07,,,3.32645656494291e-07,9.22230736456591e-07,,FALSE,FALSE,FALSE,FALSE,,AIH
CD80-CD274,IgG+ plasmablast / plasma cell,IgG+ B cell,,,7.49678214042298e-07,2.17340830879369e-06,aih_only,0,2,0,2,,1.46154326141799e-06,,,7.49678214042298e-07,2.17340830879369e-06,,FALSE,FALSE,FALSE,FALSE,,AIH
CD80-CD274,IgG+ plasmablast / plasma cell,IgG+ plasmablast / plasma cell,,,2.95580744481109e-06,5.90326427498609e-06,aih_only,0,2,0,2,,4.42953585989859e-06,,,2.95580744481109e-06,5.90326427498609e-06,,FALSE,FALSE,FALSE,FALSE,,AIH
CD80-CD274,IgG+ plasmablast / plasma cell,IgM+ B cell,,,1.37030711149927e-06,2.790472073717e-06,aih_only,0,2,0,2,,2.08038959260813e-06,,,1.37030711149927e-06,2.790472073717e-06,,FALSE,FALSE,FALSE,FALSE,,AIH
CD80-CD274,IgG+ plasmablast / plasma cell,Macrophage 1,,,3.41143588252097e-06,4.59662302757123e-06,aih_only,0,2,0,2,,4.0040294550461e-06,,,3.41143588252097e-06,4.59662302757123e-06,,FALSE,FALSE,FALSE,FALSE,,AIH
CD80-CD274,IgG+ plasmablast / plasma cell,Macrophage 2,,,2.47742715556335e-06,3.54774686517489e-06,aih_only,0,2,0,2,,3.01258701036912e-06,,,2.47742715556335e-06,3.54774686517489e-06,,FALSE,FALSE,FALSE,FALSE,,AIH
CD80-CD274,IgG+ plasmablast / plasma cell,Sinusoidal endothelial cell,,,2.46954575912502e-06,1.87303953317344e-06,aih_only,0,2,0,2,,2.17129264614923e-06,,,1.87303953317344e-06,2.46954575912502e-06,,FALSE,FALSE,FALSE,FALSE,,AIH
CD80-CD274,IgG+ plasmablast / plasma cell,Stellate cell,,,1.00058350707722e-06,1.46193954865287e-06,aih_only,0,2,0,2,,1.23126152786505e-06,,,1.00058350707722e-06,1.46193954865287e-06,,FALSE,FALSE,FALSE,FALSE,,AIH
CD80-CD274,IgG+ plasmablast / plasma cell,Vascular endothelial cell,,,1.67221148916273e-06,2.03776601803069e-06,aih_only,0,2,0,2,,1.85498875359671e-06,,,1.67221148916273e-06,2.03776601803069e-06,,FALSE,FALSE,FALSE,FALSE,,AIH
CD80-CD274,IgM+ B cell,CD4+ T cell,,,1.21213428711094e-05,2.34730148071219e-05,aih_only,0,2,0,2,,1.77971788391157e-05,,,1.21213428711094e-05,2.34730148071219e-05,,FALSE,FALSE,FALSE,FALSE,,AIH
CD80-CD274,IgM+ B cell,CD8+ T cell 1,,,4.11907649746508e-06,4.16201918214269e-06,aih_only,0,2,0,2,,4.14054783980389e-06,,,4.11907649746508e-06,4.16201918214269e-06,,FALSE,FALSE,FALSE,FALSE,,AIH
CD80-CD274,IgM+ B cell,CD8+ T cell 2,,,1.4716464383344e-06,3.07168079325778e-06,aih_only,0,2,0,2,,2.27166361579609e-06,,,1.4716464383344e-06,3.07168079325778e-06,,FALSE,FALSE,FALSE,FALSE,,AIH
CD80-CD274,IgM+ B cell,CD8+ T cell 3,,,3.50937397752933e-06,7.90840098169308e-06,aih_only,0,2,0,2,,5.70888747961121e-06,,,3.50937397752933e-06,7.90840098169308e-06,,FALSE,FALSE,FALSE,FALSE,,AIH
CD80-CD274,IgM+ B cell,Cholangiocyte,,,6.81517725075343e-06,1.06577307321231e-05,aih_only,0,2,0,2,,8.73645399143825e-06,,,6.81517725075343e-06,1.06577307321231e-05,,FALSE,FALSE,FALSE,FALSE,,AIH
CD80-CD274,IgM+ B cell,Hepatocyte 1,,,1.37252384374339e-06,2.27025708324339e-06,aih_only,0,2,0,2,,1.82139046349339e-06,,,1.37252384374339e-06,2.27025708324339e-06,,FALSE,FALSE,FALSE,FALSE,,AIH
CD80-CD274,IgM+ B cell,Hepatocyte 2,,,5.92660100982787e-07,1.10852011614618e-06,aih_only,0,2,0,2,,8.50590108564486e-07,,,5.92660100982787e-07,1.10852011614618e-06,,FALSE,FALSE,FALSE,FALSE,,AIH
CD80-CD274,IgM+ B cell,Hepatocyte 3,,,6.31189429473363e-07,5.70885485349718e-07,aih_only,0,2,0,2,,6.0103745741154e-07,,,5.70885485349718e-07,6.31189429473363e-07,,FALSE,FALSE,FALSE,FALSE,,AIH
CD80-CD274,IgM+ B cell,Hepatocyte 4,,,1.60337733558777e-06,1.9193147317882e-06,aih_only,0,2,0,2,,1.76134603368798e-06,,,1.60337733558777e-06,1.9193147317882e-06,,FALSE,FALSE,FALSE,FALSE,,AIH
CD80-CD274,IgM+ B cell,Ig+ hepatocyte,,,2.04964909336341e-06,1.10423294671479e-06,aih_only,0,2,0,2,,1.5769410200391e-06,,,1.10423294671479e-06,2.04964909336341e-06,,FALSE,FALSE,FALSE,FALSE,,AIH
CD80-CD274,IgM+ B cell,IgG+ B cell,,,2.10137965340231e-06,4.79890945430406e-06,aih_only,0,2,0,2,,3.45014455385318e-06,,,2.10137965340231e-06,4.79890945430406e-06,,FALSE,FALSE,FALSE,FALSE,,AIH
CD80-CD274,IgM+ B cell,IgG+ plasmablast / plasma cell,,,5.28474105683816e-06,6.45172357708099e-06,aih_only,0,2,0,2,,5.86823231695958e-06,,,5.28474105683816e-06,6.45172357708099e-06,,FALSE,FALSE,FALSE,FALSE,,AIH
CD80-CD274,IgM+ B cell,IgM+ B cell,,,1.61342893682249e-05,5.55018443050454e-05,aih_only,0,2,0,2,,3.58180668366351e-05,,,1.61342893682249e-05,5.55018443050454e-05,,FALSE,FALSE,FALSE,FALSE,,AIH
CD80-CD274,IgM+ B cell,Macrophage 1,,,9.30232050719008e-06,1.02587254953439e-05,aih_only,0,2,0,2,,9.78052300126697e-06,,,9.30232050719008e-06,1.02587254953439e-05,,FALSE,FALSE,FALSE,FALSE,,AIH
CD80-CD274,IgM+ B cell,Macrophage 2,,,7.56082905574875e-06,8.90895529558654e-06,aih_only,0,2,0,2,,8.23489217566764e-06,,,7.56082905574875e-06,8.90895529558654e-06,,FALSE,FALSE,FALSE,FALSE,,AIH
CD80-CD274,IgM+ B cell,Sinusoidal endothelial cell,,,5.38638548261394e-06,4.07500653134291e-06,aih_only,0,2,0,2,,4.73069600697842e-06,,,4.07500653134291e-06,5.38638548261394e-06,,FALSE,FALSE,FALSE,FALSE,,AIH
CD80-CD274,IgM+ B cell,Stellate cell,,,3.57312362825959e-06,5.59563433196349e-06,aih_only,0,2,0,2,,4.58437898011154e-06,,,3.57312362825959e-06,5.59563433196349e-06,,FALSE,FALSE,FALSE,FALSE,,AIH
CD80-CD274,IgM+ B cell,Vascular endothelial cell,,,5.85294310016271e-06,8.3635005778755e-06,aih_only,0,2,0,2,,7.1082218390191e-06,,,5.85294310016271e-06,8.3635005778755e-06,,FALSE,FALSE,FALSE,FALSE,,AIH
CD80-CD274,Macrophage 1,CD4+ T cell,,,1.12941223323461e-05,1.45858567884039e-05,aih_only,0,2,0,2,,1.2939989560375e-05,,,1.12941223323461e-05,1.45858567884039e-05,,FALSE,FALSE,FALSE,FALSE,,AIH
CD80-CD274,Macrophage 1,CD8+ T cell 1,,,1.69836103461395e-05,2.13244395731854e-05,aih_only,0,2,0,2,,1.91540249596625e-05,,,1.69836103461395e-05,2.13244395731854e-05,,FALSE,FALSE,FALSE,FALSE,,AIH
CD80-CD274,Macrophage 1,CD8+ T cell 2,,,2.38317194447986e-05,2.08161879363083e-05,aih_only,0,2,0,2,,2.23239536905535e-05,,,2.08161879363083e-05,2.38317194447986e-05,,FALSE,FALSE,FALSE,FALSE,,AIH
CD80-CD274,Macrophage 1,CD8+ T cell 3,,,2.09082354040826e-05,2.93275915676722e-05,aih_only,0,2,0,2,,2.51179134858774e-05,,,2.09082354040826e-05,2.93275915676722e-05,,FALSE,FALSE,FALSE,FALSE,,AIH
CD80-CD274,Macrophage 1,Cholangiocyte,,,7.6558263458649e-06,9.77202876765871e-06,aih_only,0,2,0,2,,8.71392755676181e-06,,,7.6558263458649e-06,9.77202876765871e-06,,FALSE,FALSE,FALSE,FALSE,,AIH
CD80-CD274,Macrophage 1,Hepatocyte 1,,,2.22519913282684e-05,2.3979060900517e-05,aih_only,0,2,0,2,,2.31155261143927e-05,,,2.22519913282684e-05,2.3979060900517e-05,,FALSE,FALSE,FALSE,FALSE,,AIH
CD80-CD274,Macrophage 1,Hepatocyte 2,,,8.81708470455349e-06,1.01285243272261e-05,aih_only,0,2,0,2,,9.47280451588981e-06,,,8.81708470455349e-06,1.01285243272261e-05,,FALSE,FALSE,FALSE,FALSE,,AIH
CD80-CD274,Macrophage 1,Hepatocyte 3,,,2.94360498295608e-06,6.92823087086717e-06,aih_only,0,2,0,2,,4.93591792691163e-06,,,2.94360498295608e-06,6.92823087086717e-06,,FALSE,FALSE,FALSE,FALSE,,AIH
CD80-CD274,Macrophage 1,Hepatocyte 4,,,2.31314920692747e-05,2.1466185838341e-05,aih_only,0,2,0,2,,2.22988389538078e-05,,,2.1466185838341e-05,2.31314920692747e-05,,FALSE,FALSE,FALSE,FALSE,,AIH
CD80-CD274,Macrophage 1,Ig+ hepatocyte,,,5.15376272687238e-06,5.66923150959474e-06,aih_only,0,2,0,2,,5.41149711823356e-06,,,5.15376272687238e-06,5.66923150959474e-06,,FALSE,FALSE,FALSE,FALSE,,AIH
CD80-CD274,Macrophage 1,IgG+ B cell,,,4.56587881855544e-06,3.52251341319921e-06,aih_only,0,2,0,2,,4.04419611587732e-06,,,3.52251341319921e-06,4.56587881855544e-06,,FALSE,FALSE,FALSE,FALSE,,AIH
CD80-CD274,Macrophage 1,IgG+ plasmablast / plasma cell,,,9.7498020675108e-06,1.07005554651945e-05,aih_only,0,2,0,2,,1.02251787663527e-05,,,9.7498020675108e-06,1.07005554651945e-05,,FALSE,FALSE,FALSE,FALSE,,AIH
CD80-CD274,Macrophage 1,IgM+ B cell,,,5.58218158589261e-06,8.92686016840528e-06,aih_only,0,2,0,2,,7.25452087714895e-06,,,5.58218158589261e-06,8.92686016840528e-06,,FALSE,FALSE,FALSE,FALSE,,AIH
CD80-CD274,Macrophage 1,Macrophage 1,,,6.37903451910248e-05,8.12408412303923e-05,aih_only,0,2,0,2,,7.25155932107085e-05,,,6.37903451910248e-05,8.12408412303923e-05,,FALSE,FALSE,FALSE,FALSE,,AIH
CD80-CD274,Macrophage 1,Macrophage 2,,,1.12370660719745e-05,2.00685972766741e-05,aih_only,0,2,0,2,,1.56528316743243e-05,,,1.12370660719745e-05,2.00685972766741e-05,,FALSE,FALSE,FALSE,FALSE,,AIH
CD80-CD274,Macrophage 1,Sinusoidal endothelial cell,,,5.19294408512803e-05,3.76009908240235e-05,aih_only,0,2,0,2,,4.47652158376519e-05,,,3.76009908240235e-05,5.19294408512803e-05,,FALSE,FALSE,FALSE,FALSE,,AIH
CD80-CD274,Macrophage 1,Stellate cell,,,1.0433849732841e-05,1.45292822847297e-05,aih_only,0,2,0,2,,1.24815660087853e-05,,,1.0433849732841e-05,1.45292822847297e-05,,FALSE,FALSE,FALSE,FALSE,,AIH
CD80-CD274,Macrophage 1,Vascular endothelial cell,,,8.90327958274222e-06,6.23963932767884e-06,aih_only,0,2,0,2,,7.57145945521053e-06,,,6.23963932767884e-06,8.90327958274222e-06,,FALSE,FALSE,FALSE,FALSE,,AIH
CD80-CD274,Macrophage 2,CD4+ T cell,,,3.16853024751057e-06,6.49683057028791e-06,aih_only,0,2,0,2,,4.83268040889924e-06,,,3.16853024751057e-06,6.49683057028791e-06,,FALSE,FALSE,FALSE,FALSE,,AIH
CD80-CD274,Macrophage 2,CD8+ T cell 1,,,2.39208409056392e-06,4.53269729429871e-06,aih_only,0,2,0,2,,3.46239069243132e-06,,,2.39208409056392e-06,4.53269729429871e-06,,FALSE,FALSE,FALSE,FALSE,,AIH
CD80-CD274,Macrophage 2,CD8+ T cell 2,,,1.54345974696824e-06,4.53382755236608e-06,aih_only,0,2,0,2,,3.03864364966716e-06,,,1.54345974696824e-06,4.53382755236608e-06,,FALSE,FALSE,FALSE,FALSE,,AIH
CD80-CD274,Macrophage 2,CD8+ T cell 3,,,1.88833808900989e-06,7.2831415016355e-06,aih_only,0,2,0,2,,4.5857397953227e-06,,,1.88833808900989e-06,7.2831415016355e-06,,FALSE,FALSE,FALSE,FALSE,,AIH
CD80-CD274,Macrophage 2,Cholangiocyte,,,3.5852196914752e-06,4.92790961940804e-06,aih_only,0,2,0,2,,4.25656465544162e-06,,,3.5852196914752e-06,4.92790961940804e-06,,FALSE,FALSE,FALSE,FALSE,,AIH
CD80-CD274,Macrophage 2,Hepatocyte 1,,,1.15927493741864e-06,4.27734757089649e-06,aih_only,0,2,0,2,,2.71831125415757e-06,,,1.15927493741864e-06,4.27734757089649e-06,,FALSE,FALSE,FALSE,FALSE,,AIH
CD80-CD274,Macrophage 2,Hepatocyte 2,,,7.84557181425607e-07,2.07281054061968e-06,aih_only,0,2,0,2,,1.42868386102264e-06,,,7.84557181425607e-07,2.07281054061968e-06,,FALSE,FALSE,FALSE,FALSE,,AIH
CD80-CD274,Macrophage 2,Hepatocyte 3,,,7.27961816712146e-07,2.0126587197498e-06,aih_only,0,2,0,2,,1.37031026823098e-06,,,7.27961816712146e-07,2.0126587197498e-06,,FALSE,FALSE,FALSE,FALSE,,AIH
CD80-CD274,Macrophage 2,Hepatocyte 4,,,6.62310904826128e-07,4.66416566314255e-06,aih_only,0,2,0,2,,2.66323828398434e-06,,,6.62310904826128e-07,4.66416566314255e-06,,FALSE,FALSE,FALSE,FALSE,,AIH
CD80-CD274,Macrophage 2,Ig+ hepatocyte,,,1.56403785685275e-06,8.76794057769481e-07,aih_only,0,2,0,2,,1.22041595731111e-06,,,8.76794057769481e-07,1.56403785685275e-06,,FALSE,FALSE,FALSE,FALSE,,AIH
CD80-CD274,Macrophage 2,IgG+ B cell,,,1.73120367047231e-06,2.86162767647906e-06,aih_only,0,2,0,2,,2.29641567347569e-06,,,1.73120367047231e-06,2.86162767647906e-06,,FALSE,FALSE,FALSE,FALSE,,AIH
CD80-CD274,Macrophage 2,IgG+ plasmablast / plasma cell,,,2.42519723834978e-06,5.22148815626399e-06,aih_only,0,2,0,2,,3.82334269730689e-06,,,2.42519723834978e-06,5.22148815626399e-06,,FALSE,FALSE,FALSE,FALSE,,AIH
CD80-CD274,Macrophage 2,IgM+ B cell,,,2.27390459517117e-06,4.70752535036719e-06,aih_only,0,2,0,2,,3.49071497276918e-06,,,2.27390459517117e-06,4.70752535036719e-06,,FALSE,FALSE,FALSE,FALSE,,AIH
CD80-CD274,Macrophage 2,Macrophage 1,,,5.53860325218218e-06,1.28129368889308e-05,aih_only,0,2,0,2,,9.17577007055651e-06,,,5.53860325218218e-06,1.28129368889308e-05,,FALSE,FALSE,FALSE,FALSE,,AIH
CD80-CD274,Macrophage 2,Macrophage 2,,,4.01338962767133e-06,1.05439247925591e-05,aih_only,0,2,0,2,,7.27865721011521e-06,,,4.01338962767133e-06,1.05439247925591e-05,,FALSE,FALSE,FALSE,FALSE,,AIH
CD80-CD274,Macrophage 2,Sinusoidal endothelial cell,,,6.12283994859343e-06,6.65638887758454e-06,aih_only,0,2,0,2,,6.38961441308899e-06,,,6.12283994859343e-06,6.65638887758454e-06,,FALSE,FALSE,FALSE,FALSE,,AIH
CD80-CD274,Macrophage 2,Stellate cell,,,2.3583117168377e-06,4.34767587116814e-06,aih_only,0,2,0,2,,3.35299379400292e-06,,,2.3583117168377e-06,4.34767587116814e-06,,FALSE,FALSE,FALSE,FALSE,,AIH
CD80-CD274,Macrophage 2,Vascular endothelial cell,,,3.33147837751508e-06,4.16186367194641e-06,aih_only,0,2,0,2,,3.74667102473074e-06,,,3.33147837751508e-06,4.16186367194641e-06,,FALSE,FALSE,FALSE,FALSE,,AIH
CD80-CD274,Sinusoidal endothelial cell,CD4+ T cell,,,1.47196392248386e-06,1.88272255266354e-06,aih_only,0,2,0,2,,1.6773432375737e-06,,,1.47196392248386e-06,1.88272255266354e-06,,FALSE,FALSE,FALSE,FALSE,,AIH
CD80-CD274,Sinusoidal endothelial cell,CD8+ T cell 1,,,2.65722232421657e-06,3.20690801798873e-06,aih_only,0,2,0,2,,2.93206517110265e-06,,,2.65722232421657e-06,3.20690801798873e-06,,FALSE,FALSE,FALSE,FALSE,,AIH
CD80-CD274,Sinusoidal endothelial cell,CD8+ T cell 2,,,2.2800542249312e-06,3.27047321670196e-06,aih_only,0,2,0,2,,2.77526372081658e-06,,,2.2800542249312e-06,3.27047321670196e-06,,FALSE,FALSE,FALSE,FALSE,,AIH
CD80-CD274,Sinusoidal endothelial cell,CD8+ T cell 3,,,3.51651855641926e-06,6.18622324811447e-06,aih_only,0,2,0,2,,4.85137090226686e-06,,,3.51651855641926e-06,6.18622324811447e-06,,FALSE,FALSE,FALSE,FALSE,,AIH
CD80-CD274,Sinusoidal endothelial cell,Cholangiocyte,,,1.1930309964352e-06,1.37913577716608e-06,aih_only,0,2,0,2,,1.28608338680064e-06,,,1.1930309964352e-06,1.37913577716608e-06,,FALSE,FALSE,FALSE,FALSE,,AIH
CD80-CD274,Sinusoidal endothelial cell,Hepatocyte 1,,,3.18795791290128e-06,3.74156559186291e-06,aih_only,0,2,0,2,,3.4647617523821e-06,,,3.18795791290128e-06,3.74156559186291e-06,,FALSE,FALSE,FALSE,FALSE,,AIH
CD80-CD274,Sinusoidal endothelial cell,Hepatocyte 2,,,9.79763818165913e-07,1.74206248141466e-06,aih_only,0,2,0,2,,1.36091314979029e-06,,,9.79763818165913e-07,1.74206248141466e-06,,FALSE,FALSE,FALSE,FALSE,,AIH
CD80-CD274,Sinusoidal endothelial cell,Hepatocyte 3,,,1.17428280397929e-07,1.98378918918731e-06,aih_only,0,2,0,2,,1.05060873479262e-06,,,1.17428280397929e-07,1.98378918918731e-06,,FALSE,FALSE,FALSE,FALSE,,AIH
CD80-CD274,Sinusoidal endothelial cell,Hepatocyte 4,,,1.42926774677196e-06,2.78762993311336e-06,aih_only,0,2,0,2,,2.10844883994266e-06,,,1.42926774677196e-06,2.78762993311336e-06,,FALSE,FALSE,FALSE,FALSE,,AIH
CD80-CD274,Sinusoidal endothelial cell,Ig+ hepatocyte,,,1.13711447400483e-06,1.9746361019828e-07,aih_only,0,2,0,2,,6.67289042101556e-07,,,1.9746361019828e-07,1.13711447400483e-06,,FALSE,FALSE,FALSE,FALSE,,AIH
CD80-CD274,Sinusoidal endothelial cell,IgG+ B cell,,,8.56974151911615e-07,6.11723537646333e-07,aih_only,0,2,0,2,,7.34348844778974e-07,,,6.11723537646333e-07,8.56974151911615e-07,,FALSE,FALSE,FALSE,FALSE,,AIH
CD80-CD274,Sinusoidal endothelial cell,IgG+ plasmablast / plasma cell,,,1.74922456105172e-06,9.68191418306478e-07,aih_only,0,2,0,2,,1.3587079896791e-06,,,9.68191418306478e-07,1.74922456105172e-06,,FALSE,FALSE,FALSE,FALSE,,AIH
CD80-CD274,Sinusoidal endothelial cell,IgM+ B cell,,,5.41819450731271e-07,1.43611711901746e-06,aih_only,0,2,0,2,,9.88968284874367e-07,,,5.41819450731271e-07,1.43611711901746e-06,,FALSE,FALSE,FALSE,FALSE,,AIH
CD80-CD274,Sinusoidal endothelial cell,Macrophage 1,,,7.15811113852575e-06,1.03530247276208e-05,aih_only,0,2,0,2,,8.7555679330733e-06,,,7.15811113852575e-06,1.03530247276208e-05,,FALSE,FALSE,FALSE,FALSE,,AIH
CD80-CD274,Sinusoidal endothelial cell,Macrophage 2,,,1.68815370552881e-06,2.74315157021635e-06,aih_only,0,2,0,2,,2.21565263787258e-06,,,1.68815370552881e-06,2.74315157021635e-06,,FALSE,FALSE,FALSE,FALSE,,AIH
CD80-CD274,Sinusoidal endothelial cell,Sinusoidal endothelial cell,,,2.28184152796239e-05,1.24125230246003e-05,aih_only,0,2,0,2,,1.76154691521121e-05,,,1.24125230246003e-05,2.28184152796239e-05,,FALSE,FALSE,FALSE,FALSE,,AIH
CD80-CD274,Sinusoidal endothelial cell,Stellate cell,,,2.13197046455716e-06,2.10793334916661e-06,aih_only,0,2,0,2,,2.11995190686189e-06,,,2.10793334916661e-06,2.13197046455716e-06,,FALSE,FALSE,FALSE,FALSE,,AIH
CD80-CD274,Sinusoidal endothelial cell,Vascular endothelial cell,,,9.98155158851849e-07,8.56111090865602e-07,aih_only,0,2,0,2,,9.27133124858726e-07,,,8.56111090865602e-07,9.98155158851849e-07,,FALSE,FALSE,FALSE,FALSE,,AIH
CD80-CD274,Stellate cell,CD4+ T cell,,,2.24396489305802e-06,2.92861065884659e-06,aih_only,0,2,0,2,,2.5862877759523e-06,,,2.24396489305802e-06,2.92861065884659e-06,,FALSE,FALSE,FALSE,FALSE,,AIH
CD80-CD274,Stellate cell,CD8+ T cell 1,,,2.00506365293303e-06,2.14473879013245e-06,aih_only,0,2,0,2,,2.07490122153274e-06,,,2.00506365293303e-06,2.14473879013245e-06,,FALSE,FALSE,FALSE,FALSE,,AIH
CD80-CD274,Stellate cell,CD8+ T cell 2,,,1.05305850796485e-06,2.25130261086124e-06,aih_only,0,2,0,2,,1.65218055941305e-06,,,1.05305850796485e-06,2.25130261086124e-06,,FALSE,FALSE,FALSE,FALSE,,AIH
CD80-CD274,Stellate cell,CD8+ T cell 3,,,2.72521194576732e-06,2.88547338872902e-06,aih_only,0,2,0,2,,2.80534266724817e-06,,,2.72521194576732e-06,2.88547338872902e-06,,FALSE,FALSE,FALSE,FALSE,,AIH
CD80-CD274,Stellate cell,Cholangiocyte,,,1.73365133259223e-06,2.14676578224466e-06,aih_only,0,2,0,2,,1.94020855741845e-06,,,1.73365133259223e-06,2.14676578224466e-06,,FALSE,FALSE,FALSE,FALSE,,AIH
CD80-CD274,Stellate cell,Hepatocyte 1,,,1.06882706363812e-06,2.02419682204184e-06,aih_only,0,2,0,2,,1.54651194283998e-06,,,1.06882706363812e-06,2.02419682204184e-06,,FALSE,FALSE,FALSE,FALSE,,AIH
CD80-CD274,Stellate cell,Hepatocyte 2,,,5.69422936498915e-07,1.01829305503576e-06,aih_only,0,2,0,2,,7.93857995767339e-07,,,5.69422936498915e-07,1.01829305503576e-06,,FALSE,FALSE,FALSE,FALSE,,AIH
CD80-CD274,Stellate cell,Hepatocyte 3,,,1.74038614830095e-07,1.20747946314765e-06,aih_only,0,2,0,2,,6.9075903898887e-07,,,1.74038614830095e-07,1.20747946314765e-06,,FALSE,FALSE,FALSE,FALSE,,AIH
CD80-CD274,Stellate cell,Hepatocyte 4,,,1.50180398067204e-06,1.88893112442525e-06,aih_only,0,2,0,2,,1.69536755254864e-06,,,1.50180398067204e-06,1.88893112442525e-06,,FALSE,FALSE,FALSE,FALSE,,AIH
CD80-CD274,Stellate cell,Ig+ hepatocyte,,,3.04641890805396e-07,7.36971584586708e-07,aih_only,0,2,0,2,,5.20806737696052e-07,,,3.04641890805396e-07,7.36971584586708e-07,,FALSE,FALSE,FALSE,FALSE,,AIH
CD80-CD274,Stellate cell,IgG+ B cell,,,8.72870599405898e-07,2.41751691100548e-06,aih_only,0,2,0,2,,1.64519375520569e-06,,,8.72870599405898e-07,2.41751691100548e-06,,FALSE,FALSE,FALSE,FALSE,,AIH
CD80-CD274,Stellate cell,IgG+ plasmablast / plasma cell,,,1.50418853246292e-06,2.30960673916538e-06,aih_only,0,2,0,2,,1.90689763581415e-06,,,1.50418853246292e-06,2.30960673916538e-06,,FALSE,FALSE,FALSE,FALSE,,AIH
CD80-CD274,Stellate cell,IgM+ B cell,,,1.48860458437749e-06,3.55521781447797e-06,aih_only,0,2,0,2,,2.52191119942773e-06,,,1.48860458437749e-06,3.55521781447797e-06,,FALSE,FALSE,FALSE,FALSE,,AIH
CD80-CD274,Stellate cell,Macrophage 1,,,5.03535351616831e-06,5.70295704275757e-06,aih_only,0,2,0,2,,5.36915527946294e-06,,,5.03535351616831e-06,5.70295704275757e-06,,FALSE,FALSE,FALSE,FALSE,,AIH
CD80-CD274,Stellate cell,Macrophage 2,,,1.89515352767488e-06,3.32011852706107e-06,aih_only,0,2,0,2,,2.60763602736797e-06,,,1.89515352767488e-06,3.32011852706107e-06,,FALSE,FALSE,FALSE,FALSE,,AIH
CD80-CD274,Stellate cell,Sinusoidal endothelial cell,,,7.26054500693773e-06,3.20486145272933e-06,aih_only,0,2,0,2,,5.23270322983353e-06,,,3.20486145272933e-06,7.26054500693773e-06,,FALSE,FALSE,FALSE,FALSE,,AIH
CD80-CD274,Stellate cell,Stellate cell,,,2.50090833854935e-06,3.11616390454312e-06,aih_only,0,2,0,2,,2.80853612154623e-06,,,2.50090833854935e-06,3.11616390454312e-06,,FALSE,FALSE,FALSE,FALSE,,AIH
CD80-CD274,Stellate cell,Vascular endothelial cell,,,1.96999507235204e-06,2.01527564788337e-06,aih_only,0,2,0,2,,1.9926353601177e-06,,,1.96999507235204e-06,2.01527564788337e-06,,FALSE,FALSE,FALSE,FALSE,,AIH
CD80-CD274,Vascular endothelial cell,CD4+ T cell,,,3.67146458571477e-06,2.05311050447023e-06,aih_only,0,2,0,2,,2.8622875450925e-06,,,2.05311050447023e-06,3.67146458571477e-06,,FALSE,FALSE,FALSE,FALSE,,AIH
CD80-CD274,Vascular endothelial cell,CD8+ T cell 1,,,1.91871550812788e-06,8.76440823327707e-07,aih_only,0,2,0,2,,1.39757816572779e-06,,,8.76440823327707e-07,1.91871550812788e-06,,FALSE,FALSE,FALSE,FALSE,,AIH
CD80-CD274,Vascular endothelial cell,CD8+ T cell 2,,,2.77832889972668e-07,1.70364847020028e-07,aih_only,0,2,0,2,,2.24098868496348e-07,,,1.70364847020028e-07,2.77832889972668e-07,,FALSE,FALSE,FALSE,FALSE,,AIH
CD80-CD274,Vascular endothelial cell,CD8+ T cell 3,,,2.44176048050008e-06,1.15541985844688e-06,aih_only,0,2,0,2,,1.79859016947348e-06,,,1.15541985844688e-06,2.44176048050008e-06,,FALSE,FALSE,FALSE,FALSE,,AIH
CD80-CD274,Vascular endothelial cell,Cholangiocyte,,,3.11970023115808e-06,1.84641430890137e-06,aih_only,0,2,0,2,,2.48305727002973e-06,,,1.84641430890137e-06,3.11970023115808e-06,,FALSE,FALSE,FALSE,FALSE,,AIH
CD80-CD274,Vascular endothelial cell,Hepatocyte 1,,,4.26806067217952e-07,4.56040221264975e-07,aih_only,0,2,0,2,,4.41423144241464e-07,,,4.26806067217952e-07,4.56040221264975e-07,,FALSE,FALSE,FALSE,FALSE,,AIH
CD80-CD274,Vascular endothelial cell,Hepatocyte 2,,,6.52916912060863e-07,1.32709893326237e-07,aih_only,0,2,0,2,,3.9281340269355e-07,,,1.32709893326237e-07,6.52916912060863e-07,,FALSE,FALSE,FALSE,FALSE,,AIH
CD80-CD274,Vascular endothelial cell,Hepatocyte 3,,,1.61461277734143e-08,9.29540677379894e-08,aih_only,0,2,0,2,,5.45500977557019e-08,,,1.61461277734143e-08,9.29540677379894e-08,,FALSE,FALSE,FALSE,FALSE,,AIH
CD80-CD274,Vascular endothelial cell,Hepatocyte 4,,,7.46588923687252e-08,3.36825747974441e-07,aih_only,0,2,0,2,,2.05742320171583e-07,,,7.46588923687252e-08,3.36825747974441e-07,,FALSE,FALSE,FALSE,FALSE,,AIH
CD80-CD274,Vascular endothelial cell,Ig+ hepatocyte,,,8.23881478624088e-10,1.02932729923688e-07,aih_only,0,2,0,2,,5.1878305701156e-08,,,8.23881478624088e-10,1.02932729923688e-07,,FALSE,FALSE,FALSE,FALSE,,AIH
CD80-CD274,Vascular endothelial cell,IgG+ B cell,,,1.64060236178924e-06,2.71166549058827e-06,aih_only,0,2,0,2,,2.17613392618875e-06,,,1.64060236178924e-06,2.71166549058827e-06,,FALSE,FALSE,FALSE,FALSE,,AIH
CD80-CD274,Vascular endothelial cell,IgG+ plasmablast / plasma cell,,,2.33777409538376e-06,1.71590874240532e-06,aih_only,0,2,0,2,,2.02684141889454e-06,,,1.71590874240532e-06,2.33777409538376e-06,,FALSE,FALSE,FALSE,FALSE,,AIH
CD80-CD274,Vascular endothelial cell,IgM+ B cell,,,3.92368370054214e-06,2.91115512049223e-06,aih_only,0,2,0,2,,3.41741941051718e-06,,,2.91115512049223e-06,3.92368370054214e-06,,FALSE,FALSE,FALSE,FALSE,,AIH
CD80-CD274,Vascular endothelial cell,Macrophage 1,,,2.87346640789162e-06,1.57562844175042e-06,aih_only,0,2,0,2,,2.22454742482102e-06,,,1.57562844175042e-06,2.87346640789162e-06,,FALSE,FALSE,FALSE,FALSE,,AIH
CD80-CD274,Vascular endothelial cell,Macrophage 2,,,2.62886808017496e-06,1.64671154304962e-06,aih_only,0,2,0,2,,2.13778981161229e-06,,,1.64671154304962e-06,2.62886808017496e-06,,FALSE,FALSE,FALSE,FALSE,,AIH
CD80-CD274,Vascular endothelial cell,Sinusoidal endothelial cell,,,8.26966581527394e-07,2.36455309343512e-06,aih_only,0,2,0,2,,1.59575983748126e-06,,,8.26966581527394e-07,2.36455309343512e-06,,FALSE,FALSE,FALSE,FALSE,,AIH
CD80-CD274,Vascular endothelial cell,Stellate cell,,,1.79229506020322e-06,1.16257411890249e-06,aih_only,0,2,0,2,,1.47743458955285e-06,,,1.16257411890249e-06,1.79229506020322e-06,,FALSE,FALSE,FALSE,FALSE,,AIH
CD80-CD274,Vascular endothelial cell,Vascular endothelial cell,,,1.02879330087171e-05,1.43512527343513e-06,aih_only,0,2,0,2,,5.86152914107611e-06,,,1.43512527343513e-06,1.02879330087171e-05,,FALSE,FALSE,FALSE,FALSE,,AIH
CD80-CD28,CD4+ T cell,CD4+ T cell,,,1.84612087047715e-05,4.55151057711966e-05,aih_only,0,2,0,2,,3.1988157237984e-05,,,1.84612087047715e-05,4.55151057711966e-05,,FALSE,FALSE,FALSE,FALSE,,AIH
CD80-CD28,CD4+ T cell,CD8+ T cell 1,,,3.62766903899883e-06,7.43237795981216e-06,aih_only,0,2,0,2,,5.5300234994055e-06,,,3.62766903899883e-06,7.43237795981216e-06,,FALSE,FALSE,FALSE,FALSE,,AIH
CD80-CD28,CD4+ T cell,CD8+ T cell 2,,,1.34746560135188e-06,4.54493550350873e-06,aih_only,0,2,0,2,,2.94620055243031e-06,,,1.34746560135188e-06,4.54493550350873e-06,,FALSE,FALSE,FALSE,FALSE,,AIH
CD80-CD28,CD4+ T cell,CD8+ T cell 3,,,3.10607538978263e-06,8.08904454930964e-06,aih_only,0,2,0,2,,5.59755996954613e-06,,,3.10607538978263e-06,8.08904454930964e-06,,FALSE,FALSE,FALSE,FALSE,,AIH
CD80-CD28,CD4+ T cell,Cholangiocyte,,,6.88349753628423e-07,1.47697710492142e-06,aih_only,0,2,0,2,,1.08266342927492e-06,,,6.88349753628423e-07,1.47697710492142e-06,,FALSE,FALSE,FALSE,FALSE,,AIH
CD80-CD28,CD4+ T cell,Hepatocyte 1,,,2.10826496503531e-07,5.22376906591144e-07,aih_only,0,2,0,2,,3.66601701547337e-07,,,2.10826496503531e-07,5.22376906591144e-07,,FALSE,FALSE,FALSE,FALSE,,AIH
CD80-CD28,CD4+ T cell,Hepatocyte 2,,,1.28444343934003e-07,1.64737767352699e-07,aih_only,0,2,0,2,,1.46591055643351e-07,,,1.28444343934003e-07,1.64737767352699e-07,,FALSE,FALSE,FALSE,FALSE,,AIH
CD80-CD28,CD4+ T cell,Hepatocyte 3,,,5.11785513234129e-07,4.51016674108469e-07,aih_only,0,2,0,2,,4.81401093671299e-07,,,4.51016674108469e-07,5.11785513234129e-07,,FALSE,FALSE,FALSE,FALSE,,AIH
CD80-CD28,CD4+ T cell,Hepatocyte 4,,,4.12192413587632e-07,2.57879547822579e-07,aih_only,0,2,0,2,,3.35035980705105e-07,,,2.57879547822579e-07,4.12192413587632e-07,,FALSE,FALSE,FALSE,FALSE,,AIH
CD80-CD28,CD4+ T cell,Ig+ hepatocyte,,,6.79995764557765e-07,1.01136380999564e-06,aih_only,0,2,0,2,,8.45679787276701e-07,,,6.79995764557765e-07,1.01136380999564e-06,,FALSE,FALSE,FALSE,FALSE,,AIH
CD80-CD28,CD4+ T cell,IgG+ B cell,,,8.02421938557156e-07,1.94554847417109e-06,aih_only,0,2,0,2,,1.37398520636412e-06,,,8.02421938557156e-07,1.94554847417109e-06,,FALSE,FALSE,FALSE,FALSE,,AIH
CD80-CD28,CD4+ T cell,IgG+ plasmablast / plasma cell,,,1.75127798139814e-06,3.53928196824869e-06,aih_only,0,2,0,2,,2.64527997482341e-06,,,1.75127798139814e-06,3.53928196824869e-06,,FALSE,FALSE,FALSE,FALSE,,AIH
CD80-CD28,CD4+ T cell,IgM+ B cell,,,3.534457867882e-06,2.03503007048668e-05,aih_only,0,2,0,2,,1.19423792863744e-05,,,3.534457867882e-06,2.03503007048668e-05,,FALSE,FALSE,FALSE,FALSE,,AIH
CD80-CD28,CD4+ T cell,Macrophage 1,,,8.22672359041288e-07,1.18237784325275e-06,aih_only,0,2,0,2,,1.00252510114702e-06,,,8.22672359041288e-07,1.18237784325275e-06,,FALSE,FALSE,FALSE,FALSE,,AIH
CD80-CD28,CD4+ T cell,Macrophage 2,,,7.70151165028365e-07,1.7176962518036e-06,aih_only,0,2,0,2,,1.24392370841598e-06,,,7.70151165028365e-07,1.7176962518036e-06,,FALSE,FALSE,FALSE,FALSE,,AIH
CD80-CD28,CD4+ T cell,Sinusoidal endothelial cell,,,4.01160062638071e-07,6.33947554603536e-07,aih_only,0,2,0,2,,5.17553808620804e-07,,,4.01160062638071e-07,6.33947554603536e-07,,FALSE,FALSE,FALSE,FALSE,,AIH
CD80-CD28,CD4+ T cell,Stellate cell,,,1.00886841537185e-06,2.66537589668687e-06,aih_only,0,2,0,2,,1.83712215602936e-06,,,1.00886841537185e-06,2.66537589668687e-06,,FALSE,FALSE,FALSE,FALSE,,AIH
CD80-CD28,CD4+ T cell,Vascular endothelial cell,,,1.04111658075517e-06,1.56735694036637e-06,aih_only,0,2,0,2,,1.30423676056077e-06,,,1.04111658075517e-06,1.56735694036637e-06,,FALSE,FALSE,FALSE,FALSE,,AIH
CD80-CD28,CD8+ T cell 1,CD4+ T cell,,,1.19195618134654e-05,1.87927790076589e-05,aih_only,0,2,0,2,,1.53561704105621e-05,,,1.19195618134654e-05,1.87927790076589e-05,,FALSE,FALSE,FALSE,FALSE,,AIH
CD80-CD28,CD8+ T cell 1,CD8+ T cell 1,,,8.72690623431522e-06,1.52362253525716e-05,aih_only,0,2,0,2,,1.19815657934434e-05,,,8.72690623431522e-06,1.52362253525716e-05,,FALSE,FALSE,FALSE,FALSE,,AIH
CD80-CD28,CD8+ T cell 1,CD8+ T cell 2,,,9.65909920494855e-06,1.23798228235029e-05,aih_only,0,2,0,2,,1.10194610142257e-05,,,9.65909920494855e-06,1.23798228235029e-05,,FALSE,FALSE,FALSE,FALSE,,AIH
CD80-CD28,CD8+ T cell 1,CD8+ T cell 3,,,6.86836243042004e-06,1.42297487790896e-05,aih_only,0,2,0,2,,1.05490556047548e-05,,,6.86836243042004e-06,1.42297487790896e-05,,FALSE,FALSE,FALSE,FALSE,,AIH
CD80-CD28,CD8+ T cell 1,Cholangiocyte,,,7.56888072764742e-07,1.18978556388996e-06,aih_only,0,2,0,2,,9.73336818327352e-07,,,7.56888072764742e-07,1.18978556388996e-06,,FALSE,FALSE,FALSE,FALSE,,AIH
CD80-CD28,CD8+ T cell 1,Hepatocyte 1,,,1.18888192856214e-06,1.17696757117282e-06,aih_only,0,2,0,2,,1.18292474986748e-06,,,1.17696757117282e-06,1.18888192856214e-06,,FALSE,FALSE,FALSE,FALSE,,AIH
CD80-CD28,CD8+ T cell 1,Hepatocyte 2,,,7.85229788239718e-07,5.63045514877048e-07,aih_only,0,2,0,2,,6.74137651558383e-07,,,5.63045514877048e-07,7.85229788239718e-07,,FALSE,FALSE,FALSE,FALSE,,AIH
CD80-CD28,CD8+ T cell 1,Hepatocyte 3,,,1.11665802139734e-06,1.33808821557637e-06,aih_only,0,2,0,2,,1.22737311848685e-06,,,1.11665802139734e-06,1.33808821557637e-06,,FALSE,FALSE,FALSE,FALSE,,AIH
CD80-CD28,CD8+ T cell 1,Hepatocyte 4,,,1.1630849573616e-06,1.24674683669262e-06,aih_only,0,2,0,2,,1.20491589702711e-06,,,1.1630849573616e-06,1.24674683669262e-06,,FALSE,FALSE,FALSE,FALSE,,AIH
CD80-CD28,CD8+ T cell 1,Ig+ hepatocyte,,,2.02486285405744e-06,1.53832043311931e-06,aih_only,0,2,0,2,,1.78159164358837e-06,,,1.53832043311931e-06,2.02486285405744e-06,,FALSE,FALSE,FALSE,FALSE,,AIH
CD80-CD28,CD8+ T cell 1,IgG+ B cell,,,9.21609565341458e-07,1.10226464505983e-06,aih_only,0,2,0,2,,1.01193710520064e-06,,,9.21609565341458e-07,1.10226464505983e-06,,FALSE,FALSE,FALSE,FALSE,,AIH
CD80-CD28,CD8+ T cell 1,IgG+ plasmablast / plasma cell,,,1.97286114758072e-06,2.7322511539491e-06,aih_only,0,2,0,2,,2.35255615076491e-06,,,1.97286114758072e-06,2.7322511539491e-06,,FALSE,FALSE,FALSE,FALSE,,AIH
CD80-CD28,CD8+ T cell 1,IgM+ B cell,,,1.41820684866104e-06,2.38175830082287e-06,aih_only,0,2,0,2,,1.89998257474196e-06,,,1.41820684866104e-06,2.38175830082287e-06,,FALSE,FALSE,FALSE,FALSE,,AIH
CD80-CD28,CD8+ T cell 1,Macrophage 1,,,1.86360057945221e-06,2.40876200540213e-06,aih_only,0,2,0,2,,2.13618129242717e-06,,,1.86360057945221e-06,2.40876200540213e-06,,FALSE,FALSE,FALSE,FALSE,,AIH
CD80-CD28,CD8+ T cell 1,Macrophage 2,,,8.12167951685057e-07,1.63935996525793e-06,aih_only,0,2,0,2,,1.2257639584715e-06,,,8.12167951685057e-07,1.63935996525793e-06,,FALSE,FALSE,FALSE,FALSE,,AIH
CD80-CD28,CD8+ T cell 1,Sinusoidal endothelial cell,,,1.28409880404452e-06,1.92023904565051e-06,aih_only,0,2,0,2,,1.60216892484751e-06,,,1.28409880404452e-06,1.92023904565051e-06,,FALSE,FALSE,FALSE,FALSE,,AIH
CD80-CD28,CD8+ T cell 1,Stellate cell,,,9.78181202499177e-07,1.78805898614111e-06,aih_only,0,2,0,2,,1.38312009432014e-06,,,9.78181202499177e-07,1.78805898614111e-06,,FALSE,FALSE,FALSE,FALSE,,AIH
CD80-CD28,CD8+ T cell 1,Vascular endothelial cell,,,4.70268828626886e-07,1.00278363235801e-06,aih_only,0,2,0,2,,7.36526230492446e-07,,,4.70268828626886e-07,1.00278363235801e-06,,FALSE,FALSE,FALSE,FALSE,,AIH
CD80-CD28,CD8+ T cell 2,CD4+ T cell,,,9.0075867514394e-06,1.75114323371256e-05,aih_only,0,2,0,2,,1.32595095442825e-05,,,9.0075867514394e-06,1.75114323371256e-05,,FALSE,FALSE,FALSE,FALSE,,AIH
CD80-CD28,CD8+ T cell 2,CD8+ T cell 1,,,9.69529035146404e-06,1.63157211375847e-05,aih_only,0,2,0,2,,1.30055057445244e-05,,,9.69529035146404e-06,1.63157211375847e-05,,FALSE,FALSE,FALSE,FALSE,,AIH
CD80-CD28,CD8+ T cell 2,CD8+ T cell 2,,,3.70969178818435e-05,3.53358366157983e-05,aih_only,0,2,0,2,,3.62163772488209e-05,,,3.53358366157983e-05,3.70969178818435e-05,,FALSE,FALSE,FALSE,FALSE,,AIH
CD80-CD28,CD8+ T cell 2,CD8+ T cell 3,,,1.21847034590053e-05,1.69483020050927e-05,aih_only,0,2,0,2,,1.4566502732049e-05,,,1.21847034590053e-05,1.69483020050927e-05,,FALSE,FALSE,FALSE,FALSE,,AIH
CD80-CD28,CD8+ T cell 2,Cholangiocyte,,,5.98519625476691e-07,9.50496704093345e-07,aih_only,0,2,0,2,,7.74508164785018e-07,,,5.98519625476691e-07,9.50496704093345e-07,,FALSE,FALSE,FALSE,FALSE,,AIH
CD80-CD28,CD8+ T cell 2,Hepatocyte 1,,,2.73090704004603e-06,2.02163914355627e-06,aih_only,0,2,0,2,,2.37627309180115e-06,,,2.02163914355627e-06,2.73090704004603e-06,,FALSE,FALSE,FALSE,FALSE,,AIH
CD80-CD28,CD8+ T cell 2,Hepatocyte 2,,,1.29766499372461e-06,6.8038049567854e-07,aih_only,0,2,0,2,,9.89022744701575e-07,,,6.8038049567854e-07,1.29766499372461e-06,,FALSE,FALSE,FALSE,FALSE,,AIH
CD80-CD28,CD8+ T cell 2,Hepatocyte 3,,,3.43227801462829e-06,1.85270637030957e-06,aih_only,0,2,0,2,,2.64249219246893e-06,,,1.85270637030957e-06,3.43227801462829e-06,,FALSE,FALSE,FALSE,FALSE,,AIH
CD80-CD28,CD8+ T cell 2,Hepatocyte 4,,,2.72808137781815e-06,2.10316912993471e-06,aih_only,0,2,0,2,,2.41562525387643e-06,,,2.10316912993471e-06,2.72808137781815e-06,,FALSE,FALSE,FALSE,FALSE,,AIH
CD80-CD28,CD8+ T cell 2,Ig+ hepatocyte,,,4.38220594812844e-06,2.9375051661543e-06,aih_only,0,2,0,2,,3.65985555714137e-06,,,2.9375051661543e-06,4.38220594812844e-06,,FALSE,FALSE,FALSE,FALSE,,AIH
CD80-CD28,CD8+ T cell 2,IgG+ B cell,,,3.75181515379082e-07,1.08614306710878e-06,aih_only,0,2,0,2,,7.30662291243931e-07,,,3.75181515379082e-07,1.08614306710878e-06,,FALSE,FALSE,FALSE,FALSE,,AIH
CD80-CD28,CD8+ T cell 2,IgG+ plasmablast / plasma cell,,,2.05696935371863e-06,1.81826421605021e-06,aih_only,0,2,0,2,,1.93761678488442e-06,,,1.81826421605021e-06,2.05696935371863e-06,,FALSE,FALSE,FALSE,FALSE,,AIH
CD80-CD28,CD8+ T cell 2,IgM+ B cell,,,5.21740360254286e-07,1.48771522382773e-06,aih_only,0,2,0,2,,1.00472779204101e-06,,,5.21740360254286e-07,1.48771522382773e-06,,FALSE,FALSE,FALSE,FALSE,,AIH
CD80-CD28,CD8+ T cell 2,Macrophage 1,,,2.48181606199823e-06,2.97159243258621e-06,aih_only,0,2,0,2,,2.72670424729222e-06,,,2.48181606199823e-06,2.97159243258621e-06,,FALSE,FALSE,FALSE,FALSE,,AIH
CD80-CD28,CD8+ T cell 2,Macrophage 2,,,6.06694955565008e-07,1.44715715218814e-06,aih_only,0,2,0,2,,1.02692605387657e-06,,,6.06694955565008e-07,1.44715715218814e-06,,FALSE,FALSE,FALSE,FALSE,,AIH
CD80-CD28,CD8+ T cell 2,Sinusoidal endothelial cell,,,1.37673333274472e-06,1.93559268923028e-06,aih_only,0,2,0,2,,1.6561630109875e-06,,,1.37673333274472e-06,1.93559268923028e-06,,FALSE,FALSE,FALSE,FALSE,,AIH
CD80-CD28,CD8+ T cell 2,Stellate cell,,,6.6658375692964e-07,1.92039446603986e-06,aih_only,0,2,0,2,,1.29348911148475e-06,,,6.6658375692964e-07,1.92039446603986e-06,,FALSE,FALSE,FALSE,FALSE,,AIH
CD80-CD28,CD8+ T cell 2,Vascular endothelial cell,,,4.50493538382236e-07,1.42973522938278e-06,aih_only,0,2,0,2,,9.40114383882508e-07,,,4.50493538382236e-07,1.42973522938278e-06,,FALSE,FALSE,FALSE,FALSE,,AIH
CD80-CD28,CD8+ T cell 3,CD4+ T cell,,,1.73407302632125e-05,2.05667592442045e-05,aih_only,0,2,0,2,,1.89537447537085e-05,,,1.73407302632125e-05,2.05667592442045e-05,,FALSE,FALSE,FALSE,FALSE,,AIH
CD80-CD28,CD8+ T cell 3,CD8+ T cell 1,,,1.39889854914685e-05,1.91344430040764e-05,aih_only,0,2,0,2,,1.65617142477725e-05,,,1.39889854914685e-05,1.91344430040764e-05,,FALSE,FALSE,FALSE,FALSE,,AIH
CD80-CD28,CD8+ T cell 3,CD8+ T cell 2,,,2.44769675817994e-05,2.00768194789236e-05,aih_only,0,2,0,2,,2.22768935303615e-05,,,2.00768194789236e-05,2.44769675817994e-05,,FALSE,FALSE,FALSE,FALSE,,AIH
CD80-CD28,CD8+ T cell 3,CD8+ T cell 3,,,4.34218955264425e-05,4.78367290585177e-05,aih_only,0,2,0,2,,4.56293122924801e-05,,,4.34218955264425e-05,4.78367290585177e-05,,FALSE,FALSE,FALSE,FALSE,,AIH
CD80-CD28,CD8+ T cell 3,Cholangiocyte,,,5.03044575236653e-07,1.10928947361944e-06,aih_only,0,2,0,2,,8.06167024428045e-07,,,5.03044575236653e-07,1.10928947361944e-06,,FALSE,FALSE,FALSE,FALSE,,AIH
CD80-CD28,CD8+ T cell 3,Hepatocyte 1,,,2.34870187471098e-06,1.99574636941716e-06,aih_only,0,2,0,2,,2.17222412206407e-06,,,1.99574636941716e-06,2.34870187471098e-06,,FALSE,FALSE,FALSE,FALSE,,AIH
CD80-CD28,CD8+ T cell 3,Hepatocyte 2,,,7.25995555819223e-07,8.223552589393e-07,aih_only,0,2,0,2,,7.74175407379262e-07,,,7.25995555819223e-07,8.223552589393e-07,,FALSE,FALSE,FALSE,FALSE,,AIH
CD80-CD28,CD8+ T cell 3,Hepatocyte 3,,,2.77843467909144e-06,3.73521005175876e-06,aih_only,0,2,0,2,,3.2568223654251e-06,,,2.77843467909144e-06,3.73521005175876e-06,,FALSE,FALSE,FALSE,FALSE,,AIH
CD80-CD28,CD8+ T cell 3,Hepatocyte 4,,,5.45720190537476e-06,1.58631249602901e-06,aih_only,0,2,0,2,,3.52175720070188e-06,,,1.58631249602901e-06,5.45720190537476e-06,,FALSE,FALSE,FALSE,FALSE,,AIH
CD80-CD28,CD8+ T cell 3,Ig+ hepatocyte,,,4.74079918447702e-06,1.02071605378423e-06,aih_only,0,2,0,2,,2.88075761913062e-06,,,1.02071605378423e-06,4.74079918447702e-06,,FALSE,FALSE,FALSE,FALSE,,AIH
CD80-CD28,CD8+ T cell 3,IgG+ B cell,,,7.67857245201009e-07,9.74097909764883e-07,aih_only,0,2,0,2,,8.70977577482946e-07,,,7.67857245201009e-07,9.74097909764883e-07,,FALSE,FALSE,FALSE,FALSE,,AIH
CD80-CD28,CD8+ T cell 3,IgG+ plasmablast / plasma cell,,,2.50176698872166e-06,2.31638648803051e-06,aih_only,0,2,0,2,,2.40907673837609e-06,,,2.31638648803051e-06,2.50176698872166e-06,,FALSE,FALSE,FALSE,FALSE,,AIH
CD80-CD28,CD8+ T cell 3,IgM+ B cell,,,1.70202853956847e-06,1.56334573956855e-06,aih_only,0,2,0,2,,1.63268713956851e-06,,,1.56334573956855e-06,1.70202853956847e-06,,FALSE,FALSE,FALSE,FALSE,,AIH
CD80-CD28,CD8+ T cell 3,Macrophage 1,,,2.62301006405132e-06,3.16759417084393e-06,aih_only,0,2,0,2,,2.89530211744762e-06,,,2.62301006405132e-06,3.16759417084393e-06,,FALSE,FALSE,FALSE,FALSE,,AIH
CD80-CD28,CD8+ T cell 3,Macrophage 2,,,1.65906869239578e-06,1.48887291872422e-06,aih_only,0,2,0,2,,1.57397080556e-06,,,1.48887291872422e-06,1.65906869239578e-06,,FALSE,FALSE,FALSE,FALSE,,AIH
CD80-CD28,CD8+ T cell 3,Sinusoidal endothelial cell,,,2.98541527062671e-06,3.20904520654391e-06,aih_only,0,2,0,2,,3.09723023858531e-06,,,2.98541527062671e-06,3.20904520654391e-06,,FALSE,FALSE,FALSE,FALSE,,AIH
CD80-CD28,CD8+ T cell 3,Stellate cell,,,1.70168817430754e-06,1.82008467279068e-06,aih_only,0,2,0,2,,1.76088642354911e-06,,,1.70168817430754e-06,1.82008467279068e-06,,FALSE,FALSE,FALSE,FALSE,,AIH
CD80-CD28,CD8+ T cell 3,Vascular endothelial cell,,,8.97375297326027e-07,8.84438997713418e-07,aih_only,0,2,0,2,,8.90907147519722e-07,,,8.84438997713418e-07,8.97375297326027e-07,,FALSE,FALSE,FALSE,FALSE,,AIH
CD80-CD28,Cholangiocyte,CD4+ T cell,,,8.1193761039945e-06,1.09085102127585e-05,aih_only,0,2,0,2,,9.5139431583765e-06,,,8.1193761039945e-06,1.09085102127585e-05,,FALSE,FALSE,FALSE,FALSE,,AIH
CD80-CD28,Cholangiocyte,CD8+ T cell 1,,,1.97729463464814e-06,3.3082890291489e-06,aih_only,0,2,0,2,,2.64279183189852e-06,,,1.97729463464814e-06,3.3082890291489e-06,,FALSE,FALSE,FALSE,FALSE,,AIH
CD80-CD28,Cholangiocyte,CD8+ T cell 2,,,6.70478959070754e-07,1.58102209157723e-06,aih_only,0,2,0,2,,1.12575052532399e-06,,,6.70478959070754e-07,1.58102209157723e-06,,FALSE,FALSE,FALSE,FALSE,,AIH
CD80-CD28,Cholangiocyte,CD8+ T cell 3,,,2.01232367649196e-06,4.42636525831177e-06,aih_only,0,2,0,2,,3.21934446740187e-06,,,2.01232367649196e-06,4.42636525831177e-06,,FALSE,FALSE,FALSE,FALSE,,AIH
CD80-CD28,Cholangiocyte,Cholangiocyte,,,1.57528734363944e-06,2.29827184444379e-06,aih_only,0,2,0,2,,1.93677959404161e-06,,,1.57528734363944e-06,2.29827184444379e-06,,FALSE,FALSE,FALSE,FALSE,,AIH
CD80-CD28,Cholangiocyte,Hepatocyte 1,,,5.52775720138674e-08,1.29727801426791e-07,aih_only,0,2,0,2,,9.25026867203293e-08,,,5.52775720138674e-08,1.29727801426791e-07,,FALSE,FALSE,FALSE,FALSE,,AIH
CD80-CD28,Cholangiocyte,Hepatocyte 2,,,4.53020458118937e-08,7.49381637975779e-08,aih_only,0,2,0,2,,6.01201048047358e-08,,,4.53020458118937e-08,7.49381637975779e-08,,FALSE,FALSE,FALSE,FALSE,,AIH
CD80-CD28,Cholangiocyte,Hepatocyte 3,,,1.99869701710866e-07,4.77385782351212e-07,aih_only,0,2,0,2,,3.38627742031039e-07,,,1.99869701710866e-07,4.77385782351212e-07,,FALSE,FALSE,FALSE,FALSE,,AIH
CD80-CD28,Cholangiocyte,Hepatocyte 4,,,2.1758445104398e-08,1.05242206244688e-07,aih_only,0,2,0,2,,6.35003256745429e-08,,,2.1758445104398e-08,1.05242206244688e-07,,FALSE,FALSE,FALSE,FALSE,,AIH
CD80-CD28,Cholangiocyte,Ig+ hepatocyte,,,8.06963046495984e-07,1.12434566081897e-07,aih_only,0,2,0,2,,4.59698806288941e-07,,,1.12434566081897e-07,8.06963046495984e-07,,FALSE,FALSE,FALSE,FALSE,,AIH
CD80-CD28,Cholangiocyte,IgG+ B cell,,,9.10097946829378e-07,1.04822664266828e-06,aih_only,0,2,0,2,,9.79162294748832e-07,,,9.10097946829378e-07,1.04822664266828e-06,,FALSE,FALSE,FALSE,FALSE,,AIH
CD80-CD28,Cholangiocyte,IgG+ plasmablast / plasma cell,,,1.08685616850946e-06,2.07191364164956e-06,aih_only,0,2,0,2,,1.57938490507951e-06,,,1.08685616850946e-06,2.07191364164956e-06,,FALSE,FALSE,FALSE,FALSE,,AIH
CD80-CD28,Cholangiocyte,IgM+ B cell,,,9.27567559797013e-07,1.83392596107872e-06,aih_only,0,2,0,2,,1.38074676043786e-06,,,9.27567559797013e-07,1.83392596107872e-06,,FALSE,FALSE,FALSE,FALSE,,AIH
CD80-CD28,Cholangiocyte,Macrophage 1,,,3.46321477086678e-07,3.25419692072234e-07,aih_only,0,2,0,2,,3.35870584579456e-07,,,3.25419692072234e-07,3.46321477086678e-07,,FALSE,FALSE,FALSE,FALSE,,AIH
CD80-CD28,Cholangiocyte,Macrophage 2,,,7.16349334536238e-07,8.03343604168366e-07,aih_only,0,2,0,2,,7.59846469352302e-07,,,7.16349334536238e-07,8.03343604168366e-07,,FALSE,FALSE,FALSE,FALSE,,AIH
CD80-CD28,Cholangiocyte,Sinusoidal endothelial cell,,,1.52983252719005e-07,1.94653104618485e-07,aih_only,0,2,0,2,,1.73818178668745e-07,,,1.52983252719005e-07,1.94653104618485e-07,,FALSE,FALSE,FALSE,FALSE,,AIH
CD80-CD28,Cholangiocyte,Stellate cell,,,8.31031409032496e-07,1.38928713953094e-06,aih_only,0,2,0,2,,1.11015927428172e-06,,,8.31031409032496e-07,1.38928713953094e-06,,FALSE,FALSE,FALSE,FALSE,,AIH
CD80-CD28,Cholangiocyte,Vascular endothelial cell,,,5.13959392503112e-07,1.21678236055286e-06,aih_only,0,2,0,2,,8.65370876527984e-07,,,5.13959392503112e-07,1.21678236055286e-06,,FALSE,FALSE,FALSE,FALSE,,AIH
CD80-CD28,Hepatocyte 1,CD4+ T cell,,,1.97329159099298e-06,4.34944303885808e-06,aih_only,0,2,0,2,,3.16136731492553e-06,,,1.97329159099298e-06,4.34944303885808e-06,,FALSE,FALSE,FALSE,FALSE,,AIH
CD80-CD28,Hepatocyte 1,CD8+ T cell 1,,,2.28004433809797e-06,3.8170979466381e-06,aih_only,0,2,0,2,,3.04857114236804e-06,,,2.28004433809797e-06,3.8170979466381e-06,,FALSE,FALSE,FALSE,FALSE,,AIH
CD80-CD28,Hepatocyte 1,CD8+ T cell 2,,,5.54228451483204e-06,4.64270303915583e-06,aih_only,0,2,0,2,,5.09249377699394e-06,,,4.64270303915583e-06,5.54228451483204e-06,,FALSE,FALSE,FALSE,FALSE,,AIH
CD80-CD28,Hepatocyte 1,CD8+ T cell 3,,,2.82749141570292e-06,3.91189753355012e-06,aih_only,0,2,0,2,,3.36969447462652e-06,,,2.82749141570292e-06,3.91189753355012e-06,,FALSE,FALSE,FALSE,FALSE,,AIH
CD80-CD28,Hepatocyte 1,Cholangiocyte,,,1.09475579909208e-07,3.15575398225165e-07,aih_only,0,2,0,2,,2.12525489067187e-07,,,1.09475579909208e-07,3.15575398225165e-07,,FALSE,FALSE,FALSE,FALSE,,AIH
CD80-CD28,Hepatocyte 1,Hepatocyte 1,,,9.37138243200384e-07,5.53721150865533e-07,aih_only,0,2,0,2,,7.45429697032958e-07,,,5.53721150865533e-07,9.37138243200384e-07,,FALSE,FALSE,FALSE,FALSE,,AIH
CD80-CD28,Hepatocyte 1,Hepatocyte 2,,,1.89960204775939e-07,2.45681542474552e-07,aih_only,0,2,0,2,,2.17820873625245e-07,,,1.89960204775939e-07,2.45681542474552e-07,,FALSE,FALSE,FALSE,FALSE,,AIH
CD80-CD28,Hepatocyte 1,Hepatocyte 3,,,5.07241750476544e-07,8.9124541586709e-07,aih_only,0,2,0,2,,6.99243583171817e-07,,,5.07241750476544e-07,8.9124541586709e-07,,FALSE,FALSE,FALSE,FALSE,,AIH
CD80-CD28,Hepatocyte 1,Hepatocyte 4,,,2.67653511690223e-07,4.43622342380004e-07,aih_only,0,2,0,2,,3.55637927035114e-07,,,2.67653511690223e-07,4.43622342380004e-07,,FALSE,FALSE,FALSE,FALSE,,AIH
CD80-CD28,Hepatocyte 1,Ig+ hepatocyte,,,6.98339445156792e-07,7.80607032424565e-07,aih_only,0,2,0,2,,7.39473238790679e-07,,,6.98339445156792e-07,7.80607032424565e-07,,FALSE,FALSE,FALSE,FALSE,,AIH
CD80-CD28,Hepatocyte 1,IgG+ B cell,,,9.57744413367077e-08,2.94968824388202e-07,aih_only,0,2,0,2,,1.95371632862455e-07,,,9.57744413367077e-08,2.94968824388202e-07,,FALSE,FALSE,FALSE,FALSE,,AIH
CD80-CD28,Hepatocyte 1,IgG+ plasmablast / plasma cell,,,3.72505536091104e-07,5.34787810330718e-07,aih_only,0,2,0,2,,4.53646673210911e-07,,,3.72505536091104e-07,5.34787810330718e-07,,FALSE,FALSE,FALSE,FALSE,,AIH
CD80-CD28,Hepatocyte 1,IgM+ B cell,,,1.74304450645119e-07,4.43020327325211e-07,aih_only,0,2,0,2,,3.08662388985165e-07,,,1.74304450645119e-07,4.43020327325211e-07,,FALSE,FALSE,FALSE,FALSE,,AIH
CD80-CD28,Hepatocyte 1,Macrophage 1,,,6.65069396701466e-07,7.61871221904249e-07,aih_only,0,2,0,2,,7.13470309302858e-07,,,6.65069396701466e-07,7.61871221904249e-07,,FALSE,FALSE,FALSE,FALSE,,AIH
CD80-CD28,Hepatocyte 1,Macrophage 2,,,1.39845970452204e-07,3.91788702750256e-07,aih_only,0,2,0,2,,2.6581733660123e-07,,,1.39845970452204e-07,3.91788702750256e-07,,FALSE,FALSE,FALSE,FALSE,,AIH
CD80-CD28,Hepatocyte 1,Sinusoidal endothelial cell,,,3.22562674957458e-07,5.98316345037399e-07,aih_only,0,2,0,2,,4.60439509997428e-07,,,3.22562674957458e-07,5.98316345037399e-07,,FALSE,FALSE,FALSE,FALSE,,AIH
CD80-CD28,Hepatocyte 1,Stellate cell,,,1.70990076667452e-07,5.32833943140942e-07,aih_only,0,2,0,2,,3.51912009904197e-07,,,1.70990076667452e-07,5.32833943140942e-07,,FALSE,FALSE,FALSE,FALSE,,AIH
CD80-CD28,Hepatocyte 1,Vascular endothelial cell,,,2.89491232570325e-08,2.64065691230112e-07,aih_only,0,2,0,2,,1.46507407243572e-07,,,2.89491232570325e-08,2.64065691230112e-07,,FALSE,FALSE,FALSE,FALSE,,AIH
CD80-CD28,Hepatocyte 2,CD4+ T cell,,,1.72880274391672e-06,2.05704721356565e-06,aih_only,0,2,0,2,,1.89292497874118e-06,,,1.72880274391672e-06,2.05704721356565e-06,,FALSE,FALSE,FALSE,FALSE,,AIH
CD80-CD28,Hepatocyte 2,CD8+ T cell 1,,,1.78501371484337e-06,1.95025531341483e-06,aih_only,0,2,0,2,,1.8676345141291e-06,,,1.78501371484337e-06,1.95025531341483e-06,,FALSE,FALSE,FALSE,FALSE,,AIH
CD80-CD28,Hepatocyte 2,CD8+ T cell 2,,,6.06778451671021e-06,2.34750163329164e-06,aih_only,0,2,0,2,,4.20764307500092e-06,,,2.34750163329164e-06,6.06778451671021e-06,,FALSE,FALSE,FALSE,FALSE,,AIH
CD80-CD28,Hepatocyte 2,CD8+ T cell 3,,,2.99978384485527e-06,1.85186149972309e-06,aih_only,0,2,0,2,,2.42582267228918e-06,,,1.85186149972309e-06,2.99978384485527e-06,,FALSE,FALSE,FALSE,FALSE,,AIH
CD80-CD28,Hepatocyte 2,Cholangiocyte,,,1.16625549399406e-07,3.07215035624135e-07,aih_only,0,2,0,2,,2.11920292511771e-07,,,1.16625549399406e-07,3.07215035624135e-07,,FALSE,FALSE,FALSE,FALSE,,AIH
CD80-CD28,Hepatocyte 2,Hepatocyte 1,,,4.9694137238243e-07,2.6847216488964e-07,aih_only,0,2,0,2,,3.82706768636035e-07,,,2.6847216488964e-07,4.9694137238243e-07,,FALSE,FALSE,FALSE,FALSE,,AIH
CD80-CD28,Hepatocyte 2,Hepatocyte 2,,,9.36212606040557e-07,2.62874917770741e-07,aih_only,0,2,0,2,,5.99543761905649e-07,,,2.62874917770741e-07,9.36212606040557e-07,,FALSE,FALSE,FALSE,FALSE,,AIH
CD80-CD28,Hepatocyte 2,Hepatocyte 3,,,9.33086196746254e-07,4.29757216949931e-07,aih_only,0,2,0,2,,6.81421706848093e-07,,,4.29757216949931e-07,9.33086196746254e-07,,FALSE,FALSE,FALSE,FALSE,,AIH
CD80-CD28,Hepatocyte 2,Hepatocyte 4,,,4.4613993124843e-07,4.48159240822784e-07,aih_only,0,2,0,2,,4.47149586035607e-07,,,4.4613993124843e-07,4.48159240822784e-07,,FALSE,FALSE,FALSE,FALSE,,AIH
CD80-CD28,Hepatocyte 2,Ig+ hepatocyte,,,1.49808224288037e-08,6.76102378266161e-07,aih_only,0,2,0,2,,3.45541600347482e-07,,,1.49808224288037e-08,6.76102378266161e-07,,FALSE,FALSE,FALSE,FALSE,,AIH
CD80-CD28,Hepatocyte 2,IgG+ B cell,,,4.33601731122922e-08,2.07075447629406e-07,aih_only,0,2,0,2,,1.25217810370849e-07,,,4.33601731122922e-08,2.07075447629406e-07,,FALSE,FALSE,FALSE,FALSE,,AIH
CD80-CD28,Hepatocyte 2,IgG+ plasmablast / plasma cell,,,3.2791068748507e-07,1.5464860357033e-07,aih_only,0,2,0,2,,2.412796455277e-07,,,1.5464860357033e-07,3.2791068748507e-07,,FALSE,FALSE,FALSE,FALSE,,AIH
CD80-CD28,Hepatocyte 2,IgM+ B cell,,,7.89321189637631e-08,1.68945578977989e-07,aih_only,0,2,0,2,,1.23938848970876e-07,,,7.89321189637631e-08,1.68945578977989e-07,,FALSE,FALSE,FALSE,FALSE,,AIH
CD80-CD28,Hepatocyte 2,Macrophage 1,,,5.18122565622199e-07,3.98092882831903e-07,aih_only,0,2,0,2,,4.58107724227051e-07,,,3.98092882831903e-07,5.18122565622199e-07,,FALSE,FALSE,FALSE,FALSE,,AIH
CD80-CD28,Hepatocyte 2,Macrophage 2,,,1.74737252168034e-07,2.04120382428177e-07,aih_only,0,2,0,2,,1.89428817298105e-07,,,1.74737252168034e-07,2.04120382428177e-07,,FALSE,FALSE,FALSE,FALSE,,AIH
CD80-CD28,Hepatocyte 2,Sinusoidal endothelial cell,,,2.83487927732689e-07,4.18653272814732e-07,aih_only,0,2,0,2,,3.51070600273711e-07,,,2.83487927732689e-07,4.18653272814732e-07,,FALSE,FALSE,FALSE,FALSE,,AIH
CD80-CD28,Hepatocyte 2,Stellate cell,,,6.49780647055733e-08,2.51725512967552e-07,aih_only,0,2,0,2,,1.58351788836562e-07,,,6.49780647055733e-08,2.51725512967552e-07,,FALSE,FALSE,FALSE,FALSE,,AIH
CD80-CD28,Hepatocyte 2,Vascular endothelial cell,,,6.70377017372177e-08,1.42246260874122e-07,aih_only,0,2,0,2,,1.0464198130567e-07,,,6.70377017372177e-08,1.42246260874122e-07,,FALSE,FALSE,FALSE,FALSE,,AIH
CD80-CD28,Hepatocyte 3,CD4+ T cell,,,1.37352405805668e-06,3.31821962652622e-06,aih_only,0,2,0,2,,2.34587184229145e-06,,,1.37352405805668e-06,3.31821962652622e-06,,FALSE,FALSE,FALSE,FALSE,,AIH
CD80-CD28,Hepatocyte 3,CD8+ T cell 1,,,6.49774316944954e-07,2.33019793179316e-06,aih_only,0,2,0,2,,1.48998612436906e-06,,,6.49774316944954e-07,2.33019793179316e-06,,FALSE,FALSE,FALSE,FALSE,,AIH
CD80-CD28,Hepatocyte 3,CD8+ T cell 2,,,2.59765773446591e-06,3.00685358865397e-06,aih_only,0,2,0,2,,2.80225566155994e-06,,,2.59765773446591e-06,3.00685358865397e-06,,FALSE,FALSE,FALSE,FALSE,,AIH
CD80-CD28,Hepatocyte 3,CD8+ T cell 3,,,5.08478450175557e-07,2.98382380632883e-06,aih_only,0,2,0,2,,1.74615112825219e-06,,,5.08478450175557e-07,2.98382380632883e-06,,FALSE,FALSE,FALSE,FALSE,,AIH
CD80-CD28,Hepatocyte 3,Cholangiocyte,,,1.000277395054e-07,1.61731480697736e-07,aih_only,0,2,0,2,,1.30879610101568e-07,,,1.000277395054e-07,1.61731480697736e-07,,FALSE,FALSE,FALSE,FALSE,,AIH
CD80-CD28,Hepatocyte 3,Hepatocyte 1,,,1.10177561960007e-07,2.96513836912972e-07,aih_only,0,2,0,2,,2.03345699436489e-07,,,1.10177561960007e-07,2.96513836912972e-07,,FALSE,FALSE,FALSE,FALSE,,AIH
CD80-CD28,Hepatocyte 3,Hepatocyte 2,,,2.23650978054487e-07,2.87193152761148e-07,aih_only,0,2,0,2,,2.55422065407817e-07,,,2.23650978054487e-07,2.87193152761148e-07,,FALSE,FALSE,FALSE,FALSE,,AIH
CD80-CD28,Hepatocyte 3,Hepatocyte 3,,,1.13924850052971e-06,1.20008803611309e-06,aih_only,0,2,0,2,,1.1696682683214e-06,,,1.13924850052971e-06,1.20008803611309e-06,,FALSE,FALSE,FALSE,FALSE,,AIH
CD80-CD28,Hepatocyte 3,Hepatocyte 4,,,2.01378143317314e-08,2.19712762825164e-07,aih_only,0,2,0,2,,1.19925288578448e-07,,,2.01378143317314e-08,2.19712762825164e-07,,FALSE,FALSE,FALSE,FALSE,,AIH
CD80-CD28,Hepatocyte 3,Ig+ hepatocyte,,,4.40559239640785e-10,9.1196888591231e-08,aih_only,0,2,0,2,,4.58187239154359e-08,,,4.40559239640785e-10,9.1196888591231e-08,,FALSE,FALSE,FALSE,FALSE,,AIH
CD80-CD28,Hepatocyte 3,IgG+ B cell,,,1.89020466322289e-08,4.46360205344895e-07,aih_only,0,2,0,2,,2.32631125988562e-07,,,1.89020466322289e-08,4.46360205344895e-07,,FALSE,FALSE,FALSE,FALSE,,AIH
CD80-CD28,Hepatocyte 3,IgG+ plasmablast / plasma cell,,,2.39022896481658e-07,2.3644502016121e-07,aih_only,0,2,0,2,,2.37733958321434e-07,,,2.3644502016121e-07,2.39022896481658e-07,,FALSE,FALSE,FALSE,FALSE,,AIH
CD80-CD28,Hepatocyte 3,IgM+ B cell,,,2.7533070496964e-07,3.60325211495045e-07,aih_only,0,2,0,2,,3.17827958232343e-07,,,2.7533070496964e-07,3.60325211495045e-07,,FALSE,FALSE,FALSE,FALSE,,AIH
CD80-CD28,Hepatocyte 3,Macrophage 1,,,2.65898409038564e-07,3.08360390804077e-07,aih_only,0,2,0,2,,2.8712939992132e-07,,,2.65898409038564e-07,3.08360390804077e-07,,FALSE,FALSE,FALSE,FALSE,,AIH
CD80-CD28,Hepatocyte 3,Macrophage 2,,,2.87799448028941e-07,3.48228196842482e-07,aih_only,0,2,0,2,,3.18013822435712e-07,,,2.87799448028941e-07,3.48228196842482e-07,,FALSE,FALSE,FALSE,FALSE,,AIH
CD80-CD28,Hepatocyte 3,Sinusoidal endothelial cell,,,3.49803837787974e-08,3.96721483515805e-07,aih_only,0,2,0,2,,2.15850933647301e-07,,,3.49803837787974e-08,3.96721483515805e-07,,FALSE,FALSE,FALSE,FALSE,,AIH
CD80-CD28,Hepatocyte 3,Stellate cell,,,6.88757513428273e-08,3.2669438541253e-07,aih_only,0,2,0,2,,1.97785068377679e-07,,,6.88757513428273e-08,3.2669438541253e-07,,FALSE,FALSE,FALSE,FALSE,,AIH
CD80-CD28,Hepatocyte 3,Vascular endothelial cell,,,6.09513413918348e-08,6.42285294651807e-07,aih_only,0,2,0,2,,3.51618318021821e-07,,,6.09513413918348e-08,6.42285294651807e-07,,FALSE,FALSE,FALSE,FALSE,,AIH
CD80-CD28,Hepatocyte 4,CD4+ T cell,,,1.94140072582058e-06,4.84822579169169e-06,aih_only,0,2,0,2,,3.39481325875613e-06,,,1.94140072582058e-06,4.84822579169169e-06,,FALSE,FALSE,FALSE,FALSE,,AIH
CD80-CD28,Hepatocyte 4,CD8+ T cell 1,,,2.02582347843941e-06,4.72005471870376e-06,aih_only,0,2,0,2,,3.37293909857159e-06,,,2.02582347843941e-06,4.72005471870376e-06,,FALSE,FALSE,FALSE,FALSE,,AIH
CD80-CD28,Hepatocyte 4,CD8+ T cell 2,,,3.35052277745507e-06,5.11882910897435e-06,aih_only,0,2,0,2,,4.23467594321471e-06,,,3.35052277745507e-06,5.11882910897435e-06,,FALSE,FALSE,FALSE,FALSE,,AIH
CD80-CD28,Hepatocyte 4,CD8+ T cell 3,,,4.69926054213256e-06,4.7650331020489e-06,aih_only,0,2,0,2,,4.73214682209073e-06,,,4.69926054213256e-06,4.7650331020489e-06,,FALSE,FALSE,FALSE,FALSE,,AIH
CD80-CD28,Hepatocyte 4,Cholangiocyte,,,1.2023482902675e-07,4.26265378882991e-07,aih_only,0,2,0,2,,2.7325010395487e-07,,,1.2023482902675e-07,4.26265378882991e-07,,FALSE,FALSE,FALSE,FALSE,,AIH
CD80-CD28,Hepatocyte 4,Hepatocyte 1,,,5.97797985872859e-07,6.06062788745146e-07,aih_only,0,2,0,2,,6.01930387309002e-07,,,5.97797985872859e-07,6.06062788745146e-07,,FALSE,FALSE,FALSE,FALSE,,AIH
CD80-CD28,Hepatocyte 4,Hepatocyte 2,,,9.14563349183357e-08,2.46780796171264e-07,aih_only,0,2,0,2,,1.691185655448e-07,,,9.14563349183357e-08,2.46780796171264e-07,,FALSE,FALSE,FALSE,FALSE,,AIH
CD80-CD28,Hepatocyte 4,Hepatocyte 3,,,9.37981670256431e-07,7.19589399339991e-07,aih_only,0,2,0,2,,8.28785534798211e-07,,,7.19589399339991e-07,9.37981670256431e-07,,FALSE,FALSE,FALSE,FALSE,,AIH
CD80-CD28,Hepatocyte 4,Hepatocyte 4,,,1.21502208539676e-06,7.99673726867928e-07,aih_only,0,2,0,2,,1.00734790613235e-06,,,7.99673726867928e-07,1.21502208539676e-06,,FALSE,FALSE,FALSE,FALSE,,AIH
CD80-CD28,Hepatocyte 4,Ig+ hepatocyte,,,6.00367683425181e-08,8.77838285153958e-07,aih_only,0,2,0,2,,4.68937526748238e-07,,,6.00367683425181e-08,8.77838285153958e-07,,FALSE,FALSE,FALSE,FALSE,,AIH
CD80-CD28,Hepatocyte 4,IgG+ B cell,,,1.49737425708341e-07,2.02012042878932e-07,aih_only,0,2,0,2,,1.75874734293636e-07,,,1.49737425708341e-07,2.02012042878932e-07,,FALSE,FALSE,FALSE,FALSE,,AIH
CD80-CD28,Hepatocyte 4,IgG+ plasmablast / plasma cell,,,6.01176488884713e-07,5.98586568902017e-07,aih_only,0,2,0,2,,5.99881528893365e-07,,,5.98586568902017e-07,6.01176488884713e-07,,FALSE,FALSE,FALSE,FALSE,,AIH
CD80-CD28,Hepatocyte 4,IgM+ B cell,,,2.90805312532596e-07,4.51354346620903e-07,aih_only,0,2,0,2,,3.71079829576749e-07,,,2.90805312532596e-07,4.51354346620903e-07,,FALSE,FALSE,FALSE,FALSE,,AIH
CD80-CD28,Hepatocyte 4,Macrophage 1,,,4.81791241728774e-07,9.57433274002108e-07,aih_only,0,2,0,2,,7.19612257865441e-07,,,4.81791241728774e-07,9.57433274002108e-07,,FALSE,FALSE,FALSE,FALSE,,AIH
CD80-CD28,Hepatocyte 4,Macrophage 2,,,1.24561684744619e-07,4.37375970093134e-07,aih_only,0,2,0,2,,2.80968827418876e-07,,,1.24561684744619e-07,4.37375970093134e-07,,FALSE,FALSE,FALSE,FALSE,,AIH
CD80-CD28,Hepatocyte 4,Sinusoidal endothelial cell,,,1.36230493119032e-07,7.16158245910031e-07,aih_only,0,2,0,2,,4.26194369514531e-07,,,1.36230493119032e-07,7.16158245910031e-07,,FALSE,FALSE,FALSE,FALSE,,AIH
CD80-CD28,Hepatocyte 4,Stellate cell,,,1.37498712286856e-07,6.83844272384384e-07,aih_only,0,2,0,2,,4.1067149233562e-07,,,1.37498712286856e-07,6.83844272384384e-07,,FALSE,FALSE,FALSE,FALSE,,AIH
CD80-CD28,Hepatocyte 4,Vascular endothelial cell,,,5.9517235830855e-08,8.98431847101272e-07,aih_only,0,2,0,2,,4.78974541466063e-07,,,5.9517235830855e-08,8.98431847101272e-07,,FALSE,FALSE,FALSE,FALSE,,AIH
CD80-CD28,Ig+ hepatocyte,CD4+ T cell,,,3.30751393499276e-06,6.05040707762909e-06,aih_only,0,2,0,2,,4.67896050631092e-06,,,3.30751393499276e-06,6.05040707762909e-06,,FALSE,FALSE,FALSE,FALSE,,AIH
CD80-CD28,Ig+ hepatocyte,CD8+ T cell 1,,,2.78766595463877e-06,5.10183091698402e-06,aih_only,0,2,0,2,,3.9447484358114e-06,,,2.78766595463877e-06,5.10183091698402e-06,,FALSE,FALSE,FALSE,FALSE,,AIH
CD80-CD28,Ig+ hepatocyte,CD8+ T cell 2,,,1.63002248800392e-06,4.91638513301961e-06,aih_only,0,2,0,2,,3.27320381051177e-06,,,1.63002248800392e-06,4.91638513301961e-06,,FALSE,FALSE,FALSE,FALSE,,AIH
CD80-CD28,Ig+ hepatocyte,CD8+ T cell 3,,,2.31121529743456e-06,2.2951971231413e-06,aih_only,0,2,0,2,,2.30320621028793e-06,,,2.2951971231413e-06,2.31121529743456e-06,,FALSE,FALSE,FALSE,FALSE,,AIH
CD80-CD28,Ig+ hepatocyte,Cholangiocyte,,,4.74090265967265e-07,8.55296503030908e-07,aih_only,0,2,0,2,,6.64693384499087e-07,,,4.74090265967265e-07,8.55296503030908e-07,,FALSE,FALSE,FALSE,FALSE,,AIH
CD80-CD28,Ig+ hepatocyte,Hepatocyte 1,,,4.36322070293758e-07,5.63849001998898e-07,aih_only,0,2,0,2,,5.00085536146328e-07,,,4.36322070293758e-07,5.63849001998898e-07,,FALSE,FALSE,FALSE,FALSE,,AIH
CD80-CD28,Ig+ hepatocyte,Hepatocyte 2,,,4.44750595890798e-08,1.85021739551355e-07,aih_only,0,2,0,2,,1.14748399570218e-07,,,4.44750595890798e-08,1.85021739551355e-07,,FALSE,FALSE,FALSE,FALSE,,AIH
CD80-CD28,Ig+ hepatocyte,Hepatocyte 3,,,2.40790790457654e-08,1.7235088083456e-06,aih_only,0,2,0,2,,8.7379394369568e-07,,,2.40790790457654e-08,1.7235088083456e-06,,FALSE,FALSE,FALSE,FALSE,,AIH
CD80-CD28,Ig+ hepatocyte,Hepatocyte 4,,,2.15914578736079e-07,2.27935189315707e-07,aih_only,0,2,0,2,,2.21924884025893e-07,,,2.15914578736079e-07,2.27935189315707e-07,,FALSE,FALSE,FALSE,FALSE,,AIH
CD80-CD28,Ig+ hepatocyte,Ig+ hepatocyte,,,8.17829394716332e-07,1.9196054678993e-06,aih_only,0,2,0,2,,1.36871743130782e-06,,,8.17829394716332e-07,1.9196054678993e-06,,FALSE,FALSE,FALSE,FALSE,,AIH
CD80-CD28,Ig+ hepatocyte,IgG+ B cell,,,8.57346257094551e-07,7.66901941789695e-07,aih_only,0,2,0,2,,8.12124099442123e-07,,,7.66901941789695e-07,8.57346257094551e-07,,FALSE,FALSE,FALSE,FALSE,,AIH
CD80-CD28,Ig+ hepatocyte,IgG+ plasmablast / plasma cell,,,2.37373249640462e-06,9.23192366868305e-07,aih_only,0,2,0,2,,1.64846243163646e-06,,,9.23192366868305e-07,2.37373249640462e-06,,FALSE,FALSE,FALSE,FALSE,,AIH
CD80-CD28,Ig+ hepatocyte,IgM+ B cell,,,6.83364576856639e-07,5.47727259609129e-07,aih_only,0,2,0,2,,6.15545918232884e-07,,,5.47727259609129e-07,6.83364576856639e-07,,FALSE,FALSE,FALSE,FALSE,,AIH
CD80-CD28,Ig+ hepatocyte,Macrophage 1,,,1.44702782576263e-06,9.55409674595288e-07,aih_only,0,2,0,2,,1.20121875017896e-06,,,9.55409674595288e-07,1.44702782576263e-06,,FALSE,FALSE,FALSE,FALSE,,AIH
CD80-CD28,Ig+ hepatocyte,Macrophage 2,,,2.89869471933669e-07,5.39090846456376e-07,aih_only,0,2,0,2,,4.14480159195022e-07,,,2.89869471933669e-07,5.39090846456376e-07,,FALSE,FALSE,FALSE,FALSE,,AIH
CD80-CD28,Ig+ hepatocyte,Sinusoidal endothelial cell,,,3.79285117280671e-08,5.56066237201996e-07,aih_only,0,2,0,2,,2.96997374465031e-07,,,3.79285117280671e-08,5.56066237201996e-07,,FALSE,FALSE,FALSE,FALSE,,AIH
CD80-CD28,Ig+ hepatocyte,Stellate cell,,,2.44172232987808e-07,7.37920317317927e-07,aih_only,0,2,0,2,,4.91046275152868e-07,,,2.44172232987808e-07,7.37920317317927e-07,,FALSE,FALSE,FALSE,FALSE,,AIH
CD80-CD28,Ig+ hepatocyte,Vascular endothelial cell,,,2.76382075613545e-09,3.65623999451327e-07,aih_only,0,2,0,2,,1.84193910103731e-07,,,2.76382075613545e-09,3.65623999451327e-07,,FALSE,FALSE,FALSE,FALSE,,AIH
CD80-CD28,IgG+ B cell,CD4+ T cell,,,3.62532738814282e-06,7.88135682417972e-06,aih_only,0,2,0,2,,5.75334210616127e-06,,,3.62532738814282e-06,7.88135682417972e-06,,FALSE,FALSE,FALSE,FALSE,,AIH
CD80-CD28,IgG+ B cell,CD8+ T cell 1,,,1.29661766085283e-06,1.74019234139277e-06,aih_only,0,2,0,2,,1.5184050011228e-06,,,1.29661766085283e-06,1.74019234139277e-06,,FALSE,FALSE,FALSE,FALSE,,AIH
CD80-CD28,IgG+ B cell,CD8+ T cell 2,,,6.63562807293511e-07,4.30176377211295e-07,aih_only,0,2,0,2,,5.46869592252403e-07,,,4.30176377211295e-07,6.63562807293511e-07,,FALSE,FALSE,FALSE,FALSE,,AIH
CD80-CD28,IgG+ B cell,CD8+ T cell 3,,,8.19392394057601e-07,1.99042942087487e-06,aih_only,0,2,0,2,,1.40491090746624e-06,,,8.19392394057601e-07,1.99042942087487e-06,,FALSE,FALSE,FALSE,FALSE,,AIH
CD80-CD28,IgG+ B cell,Cholangiocyte,,,3.0866763626426e-07,9.52935750631353e-07,aih_only,0,2,0,2,,6.30801693447807e-07,,,3.0866763626426e-07,9.52935750631353e-07,,FALSE,FALSE,FALSE,FALSE,,AIH
CD80-CD28,IgG+ B cell,Hepatocyte 1,,,6.38213769606887e-08,7.17652903553253e-08,aih_only,0,2,0,2,,6.7793333658007e-08,,,6.38213769606887e-08,7.17652903553253e-08,,FALSE,FALSE,FALSE,FALSE,,AIH
CD80-CD28,IgG+ B cell,Hepatocyte 2,,,7.29059345239813e-08,5.15061479360953e-08,aih_only,0,2,0,2,,6.22060412300383e-08,,,5.15061479360953e-08,7.29059345239813e-08,,FALSE,FALSE,FALSE,FALSE,,AIH
CD80-CD28,IgG+ B cell,Hepatocyte 3,,,6.31516059517117e-08,1.2146353299932e-07,aih_only,0,2,0,2,,9.2307569475516e-08,,,6.31516059517117e-08,1.2146353299932e-07,,FALSE,FALSE,FALSE,FALSE,,AIH
CD80-CD28,IgG+ B cell,Hepatocyte 4,,,1.10239717767299e-06,2.46228050369995e-08,aih_only,0,2,0,2,,5.63509991354995e-07,,,2.46228050369995e-08,1.10239717767299e-06,,FALSE,FALSE,FALSE,FALSE,,AIH
CD80-CD28,IgG+ B cell,Ig+ hepatocyte,,,3.37674492555588e-07,6.44628095846535e-07,aih_only,0,2,0,2,,4.91151294201062e-07,,,3.37674492555588e-07,6.44628095846535e-07,,FALSE,FALSE,FALSE,FALSE,,AIH
CD80-CD28,IgG+ B cell,IgG+ B cell,,,5.60837040612051e-07,3.792577030487e-06,aih_only,0,2,0,2,,2.17670703554953e-06,,,5.60837040612051e-07,3.792577030487e-06,,FALSE,FALSE,FALSE,FALSE,,AIH
CD80-CD28,IgG+ B cell,IgG+ plasmablast / plasma cell,,,7.72861402000787e-07,1.91405770058235e-06,aih_only,0,2,0,2,,1.34345955129157e-06,,,7.72861402000787e-07,1.91405770058235e-06,,FALSE,FALSE,FALSE,FALSE,,AIH
CD80-CD28,IgG+ B cell,IgM+ B cell,,,3.78669286537027e-07,1.57743610812995e-06,aih_only,0,2,0,2,,9.78052697333487e-07,,,3.78669286537027e-07,1.57743610812995e-06,,FALSE,FALSE,FALSE,FALSE,,AIH
CD80-CD28,IgG+ B cell,Macrophage 1,,,2.7200431684561e-07,2.45160365150316e-07,aih_only,0,2,0,2,,2.58582340997963e-07,,,2.45160365150316e-07,2.7200431684561e-07,,FALSE,FALSE,FALSE,FALSE,,AIH
CD80-CD28,IgG+ B cell,Macrophage 2,,,3.70997218619716e-07,4.85168973402057e-07,aih_only,0,2,0,2,,4.28083096010886e-07,,,3.70997218619716e-07,4.85168973402057e-07,,FALSE,FALSE,FALSE,FALSE,,AIH
CD80-CD28,IgG+ B cell,Sinusoidal endothelial cell,,,8.20905631459044e-08,9.7445461170897e-08,aih_only,0,2,0,2,,8.97680121584007e-08,,,8.20905631459044e-08,9.7445461170897e-08,,FALSE,FALSE,FALSE,FALSE,,AIH
CD80-CD28,IgG+ B cell,Stellate cell,,,2.8084111848225e-07,1.18827000099632e-06,aih_only,0,2,0,2,,7.34555559739285e-07,,,2.8084111848225e-07,1.18827000099632e-06,,FALSE,FALSE,FALSE,FALSE,,AIH
CD80-CD28,IgG+ B cell,Vascular endothelial cell,,,2.41776860017147e-07,7.70754235923279e-07,aih_only,0,2,0,2,,5.06265547970213e-07,,,2.41776860017147e-07,7.70754235923279e-07,,FALSE,FALSE,FALSE,FALSE,,AIH
CD80-CD28,IgG+ plasmablast / plasma cell,CD4+ T cell,,,7.18682276417364e-06,1.39784755159631e-05,aih_only,0,2,0,2,,1.05826491400683e-05,,,7.18682276417364e-06,1.39784755159631e-05,,FALSE,FALSE,FALSE,FALSE,,AIH
CD80-CD28,IgG+ plasmablast / plasma cell,CD8+ T cell 1,,,2.67383368637287e-06,4.91472999387876e-06,aih_only,0,2,0,2,,3.79428184012581e-06,,,2.67383368637287e-06,4.91472999387876e-06,,FALSE,FALSE,FALSE,FALSE,,AIH
CD80-CD28,IgG+ plasmablast / plasma cell,CD8+ T cell 2,,,1.34446378245603e-06,2.76928288807602e-06,aih_only,0,2,0,2,,2.05687333526602e-06,,,1.34446378245603e-06,2.76928288807602e-06,,FALSE,FALSE,FALSE,FALSE,,AIH
CD80-CD28,IgG+ plasmablast / plasma cell,CD8+ T cell 3,,,2.25220801596395e-06,4.62031578549235e-06,aih_only,0,2,0,2,,3.43626190072815e-06,,,2.25220801596395e-06,4.62031578549235e-06,,FALSE,FALSE,FALSE,FALSE,,AIH
CD80-CD28,IgG+ plasmablast / plasma cell,Cholangiocyte,,,4.76546828374214e-07,1.39999824624514e-06,aih_only,0,2,0,2,,9.38272537309674e-07,,,4.76546828374214e-07,1.39999824624514e-06,,FALSE,FALSE,FALSE,FALSE,,AIH
CD80-CD28,IgG+ plasmablast / plasma cell,Hepatocyte 1,,,1.8373371582245e-07,2.57527799366315e-07,aih_only,0,2,0,2,,2.20630757594383e-07,,,1.8373371582245e-07,2.57527799366315e-07,,FALSE,FALSE,FALSE,FALSE,,AIH
CD80-CD28,IgG+ plasmablast / plasma cell,Hepatocyte 2,,,1.128854631299e-07,1.52932265705167e-07,aih_only,0,2,0,2,,1.32908864417534e-07,,,1.128854631299e-07,1.52932265705167e-07,,FALSE,FALSE,FALSE,FALSE,,AIH
CD80-CD28,IgG+ plasmablast / plasma cell,Hepatocyte 3,,,1.88396227924148e-07,3.69728241616678e-07,aih_only,0,2,0,2,,2.79062234770413e-07,,,1.88396227924148e-07,3.69728241616678e-07,,FALSE,FALSE,FALSE,FALSE,,AIH
CD80-CD28,IgG+ plasmablast / plasma cell,Hepatocyte 4,,,1.94978686337949e-07,2.72193373870021e-07,aih_only,0,2,0,2,,2.33586030103985e-07,,,1.94978686337949e-07,2.72193373870021e-07,,FALSE,FALSE,FALSE,FALSE,,AIH
CD80-CD28,IgG+ plasmablast / plasma cell,Ig+ hepatocyte,,,6.29363287786543e-07,7.42513953241831e-07,aih_only,0,2,0,2,,6.85938620514187e-07,,,6.29363287786543e-07,7.42513953241831e-07,,FALSE,FALSE,FALSE,FALSE,,AIH
CD80-CD28,IgG+ plasmablast / plasma cell,IgG+ B cell,,,7.48803570664996e-07,1.94053121838302e-06,aih_only,0,2,0,2,,1.34466739452401e-06,,,7.48803570664996e-07,1.94053121838302e-06,,FALSE,FALSE,FALSE,FALSE,,AIH
CD80-CD28,IgG+ plasmablast / plasma cell,IgG+ plasmablast / plasma cell,,,1.64556034226317e-06,5.09747523605558e-06,aih_only,0,2,0,2,,3.37151778915937e-06,,,1.64556034226317e-06,5.09747523605558e-06,,FALSE,FALSE,FALSE,FALSE,,AIH
CD80-CD28,IgG+ plasmablast / plasma cell,IgM+ B cell,,,1.13148129618239e-06,2.04252310763404e-06,aih_only,0,2,0,2,,1.58700220190821e-06,,,1.13148129618239e-06,2.04252310763404e-06,,FALSE,FALSE,FALSE,FALSE,,AIH
CD80-CD28,IgG+ plasmablast / plasma cell,Macrophage 1,,,5.01072558825036e-07,8.33952375388675e-07,aih_only,0,2,0,2,,6.67512467106856e-07,,,5.01072558825036e-07,8.33952375388675e-07,,FALSE,FALSE,FALSE,FALSE,,AIH
CD80-CD28,IgG+ plasmablast / plasma cell,Macrophage 2,,,5.77608621688967e-07,1.15114685372266e-06,aih_only,0,2,0,2,,8.64377737705815e-07,,,5.77608621688967e-07,1.15114685372266e-06,,FALSE,FALSE,FALSE,FALSE,,AIH
CD80-CD28,IgG+ plasmablast / plasma cell,Sinusoidal endothelial cell,,,4.34945569817085e-07,4.27073552058956e-07,aih_only,0,2,0,2,,4.31009560938021e-07,,,4.27073552058956e-07,4.34945569817085e-07,,FALSE,FALSE,FALSE,FALSE,,AIH
CD80-CD28,IgG+ plasmablast / plasma cell,Stellate cell,,,5.186270213737e-07,1.25339415267882e-06,aih_only,0,2,0,2,,8.86010587026261e-07,,,5.186270213737e-07,1.25339415267882e-06,,FALSE,FALSE,FALSE,FALSE,,AIH
CD80-CD28,IgG+ plasmablast / plasma cell,Vascular endothelial cell,,,4.76272057795308e-07,1.15141365401971e-06,aih_only,0,2,0,2,,8.13842855907509e-07,,,4.76272057795308e-07,1.15141365401971e-06,,FALSE,FALSE,FALSE,FALSE,,AIH
CD80-CD28,IgM+ B cell,CD4+ T cell,,,3.6606078697975e-05,7.25489106347902e-05,aih_only,0,2,0,2,,5.45774946663826e-05,,,3.6606078697975e-05,7.25489106347902e-05,,FALSE,FALSE,FALSE,FALSE,,AIH
CD80-CD28,IgM+ B cell,CD8+ T cell 1,,,6.66826944608318e-06,1.01996017375575e-05,aih_only,0,2,0,2,,8.43393559182035e-06,,,6.66826944608318e-06,1.01996017375575e-05,,FALSE,FALSE,FALSE,FALSE,,AIH
CD80-CD28,IgM+ B cell,CD8+ T cell 2,,,2.66862113580958e-06,5.85036781642888e-06,aih_only,0,2,0,2,,4.25949447611923e-06,,,2.66862113580958e-06,5.85036781642888e-06,,FALSE,FALSE,FALSE,FALSE,,AIH
CD80-CD28,IgM+ B cell,CD8+ T cell 3,,,7.03791424064619e-06,1.05851206769248e-05,aih_only,0,2,0,2,,8.81151745878552e-06,,,7.03791424064619e-06,1.05851206769248e-05,,FALSE,FALSE,FALSE,FALSE,,AIH
CD80-CD28,IgM+ B cell,Cholangiocyte,,,1.66046086028668e-06,3.74033785055261e-06,aih_only,0,2,0,2,,2.70039935541965e-06,,,1.66046086028668e-06,3.74033785055261e-06,,FALSE,FALSE,FALSE,FALSE,,AIH
CD80-CD28,IgM+ B cell,Hepatocyte 1,,,2.49201425796319e-07,5.5717402263255e-07,aih_only,0,2,0,2,,4.03187724214434e-07,,,2.49201425796319e-07,5.5717402263255e-07,,FALSE,FALSE,FALSE,FALSE,,AIH
CD80-CD28,IgM+ B cell,Hepatocyte 2,,,2.72474995253309e-07,1.16301656993247e-07,aih_only,0,2,0,2,,1.94388326123278e-07,,,1.16301656993247e-07,2.72474995253309e-07,,FALSE,FALSE,FALSE,FALSE,,AIH
CD80-CD28,IgM+ B cell,Hepatocyte 3,,,6.01643751338311e-07,8.16440898628082e-07,aih_only,0,2,0,2,,7.09042324983197e-07,,,6.01643751338311e-07,8.16440898628082e-07,,FALSE,FALSE,FALSE,FALSE,,AIH
CD80-CD28,IgM+ B cell,Hepatocyte 4,,,9.06870239045713e-08,3.22557671667192e-07,aih_only,0,2,0,2,,2.06622347785882e-07,,,9.06870239045713e-08,3.22557671667192e-07,,FALSE,FALSE,FALSE,FALSE,,AIH
CD80-CD28,IgM+ B cell,Ig+ hepatocyte,,,1.31459638876514e-06,2.42348063354948e-07,aih_only,0,2,0,2,,7.78472226060044e-07,,,2.42348063354948e-07,1.31459638876514e-06,,FALSE,FALSE,FALSE,FALSE,,AIH
CD80-CD28,IgM+ B cell,IgG+ B cell,,,1.67456849111744e-06,2.67738102438488e-06,aih_only,0,2,0,2,,2.17597475775116e-06,,,1.67456849111744e-06,2.67738102438488e-06,,FALSE,FALSE,FALSE,FALSE,,AIH
CD80-CD28,IgM+ B cell,IgG+ plasmablast / plasma cell,,,2.85582134467769e-06,5.5094350556741e-06,aih_only,0,2,0,2,,4.1826282001759e-06,,,2.85582134467769e-06,5.5094350556741e-06,,FALSE,FALSE,FALSE,FALSE,,AIH
CD80-CD28,IgM+ B cell,IgM+ B cell,,,1.16561583240397e-05,6.26259315359747e-05,aih_only,0,2,0,2,,3.71410449300072e-05,,,1.16561583240397e-05,6.26259315359747e-05,,FALSE,FALSE,FALSE,FALSE,,AIH
CD80-CD28,IgM+ B cell,Macrophage 1,,,1.56386731314329e-06,1.36619421702077e-06,aih_only,0,2,0,2,,1.46503076508203e-06,,,1.36619421702077e-06,1.56386731314329e-06,,FALSE,FALSE,FALSE,FALSE,,AIH
CD80-CD28,IgM+ B cell,Macrophage 2,,,1.82083835305689e-06,2.79369006570477e-06,aih_only,0,2,0,2,,2.30726420938083e-06,,,1.82083835305689e-06,2.79369006570477e-06,,FALSE,FALSE,FALSE,FALSE,,AIH
CD80-CD28,IgM+ B cell,Sinusoidal endothelial cell,,,3.64713286362435e-07,7.79489934500469e-07,aih_only,0,2,0,2,,5.72101610431453e-07,,,3.64713286362435e-07,7.79489934500469e-07,,FALSE,FALSE,FALSE,FALSE,,AIH
CD80-CD28,IgM+ B cell,Stellate cell,,,2.22741629669204e-06,5.03144452911903e-06,aih_only,0,2,0,2,,3.62943041290553e-06,,,2.22741629669204e-06,5.03144452911903e-06,,FALSE,FALSE,FALSE,FALSE,,AIH
CD80-CD28,IgM+ B cell,Vascular endothelial cell,,,2.37407053787463e-06,3.3224197553573e-06,aih_only,0,2,0,2,,2.84824514661596e-06,,,2.37407053787463e-06,3.3224197553573e-06,,FALSE,FALSE,FALSE,FALSE,,AIH
CD80-CD28,Macrophage 1,CD4+ T cell,,,4.4818844594808e-05,7.47177211264473e-05,aih_only,0,2,0,2,,5.97682828606277e-05,,,4.4818844594808e-05,7.47177211264473e-05,,FALSE,FALSE,FALSE,FALSE,,AIH
CD80-CD28,Macrophage 1,CD8+ T cell 1,,,3.34704264567551e-05,6.0180889678233e-05,aih_only,0,2,0,2,,4.6825658067494e-05,,,3.34704264567551e-05,6.0180889678233e-05,,FALSE,FALSE,FALSE,FALSE,,AIH
CD80-CD28,Macrophage 1,CD8+ T cell 2,,,4.1995866858912e-05,5.89355211390994e-05,aih_only,0,2,0,2,,5.04656939990057e-05,,,4.1995866858912e-05,5.89355211390994e-05,,FALSE,FALSE,FALSE,FALSE,,AIH
CD80-CD28,Macrophage 1,CD8+ T cell 3,,,2.98508854285758e-05,5.98539152362081e-05,aih_only,0,2,0,2,,4.48524003323919e-05,,,2.98508854285758e-05,5.98539152362081e-05,,FALSE,FALSE,FALSE,FALSE,,AIH
CD80-CD28,Macrophage 1,Cholangiocyte,,,2.57048505791989e-06,5.16992354292967e-06,aih_only,0,2,0,2,,3.87020430042478e-06,,,2.57048505791989e-06,5.16992354292967e-06,,FALSE,FALSE,FALSE,FALSE,,AIH
CD80-CD28,Macrophage 1,Hepatocyte 1,,,5.28966448962697e-06,5.95448197614412e-06,aih_only,0,2,0,2,,5.62207323288554e-06,,,5.28966448962697e-06,5.95448197614412e-06,,FALSE,FALSE,FALSE,FALSE,,AIH
CD80-CD28,Macrophage 1,Hepatocyte 2,,,3.37856695923122e-06,3.01627776757702e-06,aih_only,0,2,0,2,,3.19742236340412e-06,,,3.01627776757702e-06,3.37856695923122e-06,,FALSE,FALSE,FALSE,FALSE,,AIH
CD80-CD28,Macrophage 1,Hepatocyte 3,,,4.96453362835416e-06,8.89453600126437e-06,aih_only,0,2,0,2,,6.92953481480926e-06,,,4.96453362835416e-06,8.89453600126437e-06,,FALSE,FALSE,FALSE,FALSE,,AIH
CD80-CD28,Macrophage 1,Hepatocyte 4,,,6.48008120318472e-06,5.56854332820502e-06,aih_only,0,2,0,2,,6.02431226569487e-06,,,5.56854332820502e-06,6.48008120318472e-06,,FALSE,FALSE,FALSE,FALSE,,AIH
CD80-CD28,Macrophage 1,Ig+ hepatocyte,,,5.77672999315601e-06,8.22603999810376e-06,aih_only,0,2,0,2,,7.00138499562988e-06,,,5.77672999315601e-06,8.22603999810376e-06,,FALSE,FALSE,FALSE,FALSE,,AIH
CD80-CD28,Macrophage 1,IgG+ B cell,,,3.82131805880897e-06,3.91823163550558e-06,aih_only,0,2,0,2,,3.86977484715728e-06,,,3.82131805880897e-06,3.91823163550558e-06,,FALSE,FALSE,FALSE,FALSE,,AIH
CD80-CD28,Macrophage 1,IgG+ plasmablast / plasma cell,,,7.65364352421377e-06,9.74704335688663e-06,aih_only,0,2,0,2,,8.7003434405502e-06,,,7.65364352421377e-06,9.74704335688663e-06,,FALSE,FALSE,FALSE,FALSE,,AIH
CD80-CD28,Macrophage 1,IgM+ B cell,,,5.97409145835947e-06,9.35593564631169e-06,aih_only,0,2,0,2,,7.66501355233558e-06,,,5.97409145835947e-06,9.35593564631169e-06,,FALSE,FALSE,FALSE,FALSE,,AIH
CD80-CD28,Macrophage 1,Macrophage 1,,,9.40555466829549e-06,1.30920454986336e-05,aih_only,0,2,0,2,,1.12488000834645e-05,,,9.40555466829549e-06,1.30920454986336e-05,,FALSE,FALSE,FALSE,FALSE,,AIH
CD80-CD28,Macrophage 1,Macrophage 2,,,3.19599492205599e-06,6.6985812407994e-06,aih_only,0,2,0,2,,4.9472880814277e-06,,,3.19599492205599e-06,6.6985812407994e-06,,FALSE,FALSE,FALSE,FALSE,,AIH
CD80-CD28,Macrophage 1,Sinusoidal endothelial cell,,,6.27720134142218e-06,8.48318072374067e-06,aih_only,0,2,0,2,,7.38019103258143e-06,,,6.27720134142218e-06,8.48318072374067e-06,,FALSE,FALSE,FALSE,FALSE,,AIH
CD80-CD28,Macrophage 1,Stellate cell,,,4.52914402973512e-06,7.3991820829448e-06,aih_only,0,2,0,2,,5.96416305633996e-06,,,4.52914402973512e-06,7.3991820829448e-06,,FALSE,FALSE,FALSE,FALSE,,AIH
CD80-CD28,Macrophage 1,Vascular endothelial cell,,,1.80423541982381e-06,4.02293524397127e-06,aih_only,0,2,0,2,,2.91358533189754e-06,,,1.80423541982381e-06,4.02293524397127e-06,,FALSE,FALSE,FALSE,FALSE,,AIH
CD80-CD28,Macrophage 2,CD4+ T cell,,,1.23193752182541e-05,2.768204542754e-05,aih_only,0,2,0,2,,2.0000710322897e-05,,,1.23193752182541e-05,2.768204542754e-05,,FALSE,FALSE,FALSE,FALSE,,AIH
CD80-CD28,Macrophage 2,CD8+ T cell 1,,,4.37261940657139e-06,1.29475585801653e-05,aih_only,0,2,0,2,,8.66008899336832e-06,,,4.37261940657139e-06,1.29475585801653e-05,,FALSE,FALSE,FALSE,FALSE,,AIH
CD80-CD28,Macrophage 2,CD8+ T cell 2,,,2.51407556917058e-06,1.15330787309805e-05,aih_only,0,2,0,2,,7.02357715007555e-06,,,2.51407556917058e-06,1.15330787309805e-05,,FALSE,FALSE,FALSE,FALSE,,AIH
CD80-CD28,Macrophage 2,CD8+ T cell 3,,,3.07207050897632e-06,1.27540210970938e-05,aih_only,0,2,0,2,,7.91304580303505e-06,,,3.07207050897632e-06,1.27540210970938e-05,,FALSE,FALSE,FALSE,FALSE,,AIH
CD80-CD28,Macrophage 2,Cholangiocyte,,,8.83515286024371e-07,1.91175412063661e-06,aih_only,0,2,0,2,,1.39763470333049e-06,,,8.83515286024371e-07,1.91175412063661e-06,,FALSE,FALSE,FALSE,FALSE,,AIH
CD80-CD28,Macrophage 2,Hepatocyte 1,,,2.12692614606964e-07,1.06322573286408e-06,aih_only,0,2,0,2,,6.37959173735524e-07,,,2.12692614606964e-07,1.06322573286408e-06,,FALSE,FALSE,FALSE,FALSE,,AIH
CD80-CD28,Macrophage 2,Hepatocyte 2,,,2.49247753685085e-07,5.84382034744689e-07,aih_only,0,2,0,2,,4.16814894214887e-07,,,2.49247753685085e-07,5.84382034744689e-07,,FALSE,FALSE,FALSE,FALSE,,AIH
CD80-CD28,Macrophage 2,Hepatocyte 3,,,5.77093788960468e-07,1.52656360881018e-06,aih_only,0,2,0,2,,1.05182869888532e-06,,,5.77093788960468e-07,1.52656360881018e-06,,FALSE,FALSE,FALSE,FALSE,,AIH
CD80-CD28,Macrophage 2,Hepatocyte 4,,,4.28100180043499e-07,8.75379134794136e-07,aih_only,0,2,0,2,,6.51739657418817e-07,,,4.28100180043499e-07,8.75379134794136e-07,,FALSE,FALSE,FALSE,FALSE,,AIH
CD80-CD28,Macrophage 2,Ig+ hepatocyte,,,8.74063864030454e-07,2.48485129828484e-06,aih_only,0,2,0,2,,1.67945758115765e-06,,,8.74063864030454e-07,2.48485129828484e-06,,FALSE,FALSE,FALSE,FALSE,,AIH
CD80-CD28,Macrophage 2,IgG+ B cell,,,1.27337933339173e-06,2.46015860081738e-06,aih_only,0,2,0,2,,1.86676896710456e-06,,,1.27337933339173e-06,2.46015860081738e-06,,FALSE,FALSE,FALSE,FALSE,,AIH
CD80-CD28,Macrophage 2,IgG+ plasmablast / plasma cell,,,1.64654108395984e-06,4.18425978798284e-06,aih_only,0,2,0,2,,2.91540043597134e-06,,,1.64654108395984e-06,4.18425978798284e-06,,FALSE,FALSE,FALSE,FALSE,,AIH
CD80-CD28,Macrophage 2,IgM+ B cell,,,1.60451097602275e-06,5.91895270101439e-06,aih_only,0,2,0,2,,3.76173183851857e-06,,,1.60451097602275e-06,5.91895270101439e-06,,FALSE,FALSE,FALSE,FALSE,,AIH
CD80-CD28,Macrophage 2,Macrophage 1,,,8.62502229609704e-07,2.1079566057285e-06,aih_only,0,2,0,2,,1.4852294176691e-06,,,8.62502229609704e-07,2.1079566057285e-06,,FALSE,FALSE,FALSE,FALSE,,AIH
CD80-CD28,Macrophage 2,Macrophage 2,,,1.09780506879221e-06,2.62048268298562e-06,aih_only,0,2,0,2,,1.85914387588892e-06,,,1.09780506879221e-06,2.62048268298562e-06,,FALSE,FALSE,FALSE,FALSE,,AIH
CD80-CD28,Macrophage 2,Sinusoidal endothelial cell,,,5.20339852092217e-07,2.23424009510765e-06,aih_only,0,2,0,2,,1.37728997359994e-06,,,5.20339852092217e-07,2.23424009510765e-06,,FALSE,FALSE,FALSE,FALSE,,AIH
CD80-CD28,Macrophage 2,Stellate cell,,,9.61057870416131e-07,2.89596894671163e-06,aih_only,0,2,0,2,,1.92851340856388e-06,,,9.61057870416131e-07,2.89596894671163e-06,,FALSE,FALSE,FALSE,FALSE,,AIH
CD80-CD28,Macrophage 2,Vascular endothelial cell,,,6.28941555845912e-07,1.4464549560803e-06,aih_only,0,2,0,2,,1.03769825596311e-06,,,6.28941555845912e-07,1.4464549560803e-06,,FALSE,FALSE,FALSE,FALSE,,AIH
CD80-CD28,Sinusoidal endothelial cell,CD4+ T cell,,,5.72139459732125e-06,1.06193357168682e-05,aih_only,0,2,0,2,,8.17036515709473e-06,,,5.72139459732125e-06,1.06193357168682e-05,,FALSE,FALSE,FALSE,FALSE,,AIH
CD80-CD28,Sinusoidal endothelial cell,CD8+ T cell 1,,,5.61996766174731e-06,9.14637794002036e-06,aih_only,0,2,0,2,,7.38317280088384e-06,,,5.61996766174731e-06,9.14637794002036e-06,,FALSE,FALSE,FALSE,FALSE,,AIH
CD80-CD28,Sinusoidal endothelial cell,CD8+ T cell 2,,,5.67522416887477e-06,9.24780964040634e-06,aih_only,0,2,0,2,,7.46151690464055e-06,,,5.67522416887477e-06,9.24780964040634e-06,,FALSE,FALSE,FALSE,FALSE,,AIH
CD80-CD28,Sinusoidal endothelial cell,CD8+ T cell 3,,,4.39598861053894e-06,1.04279697473019e-05,aih_only,0,2,0,2,,7.41197917892044e-06,,,4.39598861053894e-06,1.04279697473019e-05,,FALSE,FALSE,FALSE,FALSE,,AIH
CD80-CD28,Sinusoidal endothelial cell,Cholangiocyte,,,3.08360381240443e-07,9.96025741145889e-07,aih_only,0,2,0,2,,6.52193061193166e-07,,,3.08360381240443e-07,9.96025741145889e-07,,FALSE,FALSE,FALSE,FALSE,,AIH
CD80-CD28,Sinusoidal endothelial cell,Hepatocyte 1,,,5.11242522243975e-07,9.9297801518874e-07,aih_only,0,2,0,2,,7.52110268716358e-07,,,5.11242522243975e-07,9.9297801518874e-07,,FALSE,FALSE,FALSE,FALSE,,AIH
CD80-CD28,Sinusoidal endothelial cell,Hepatocyte 2,,,5.02776573135007e-07,4.63968962107123e-07,aih_only,0,2,0,2,,4.83372767621065e-07,,,4.63968962107123e-07,5.02776573135007e-07,,FALSE,FALSE,FALSE,FALSE,,AIH
CD80-CD28,Sinusoidal endothelial cell,Hepatocyte 3,,,5.87567226615388e-07,8.1067533829154e-07,aih_only,0,2,0,2,,6.99121282453464e-07,,,5.87567226615388e-07,8.1067533829154e-07,,FALSE,FALSE,FALSE,FALSE,,AIH
CD80-CD28,Sinusoidal endothelial cell,Hepatocyte 4,,,3.61569337993962e-07,1.15192640213866e-06,aih_only,0,2,0,2,,7.56747870066312e-07,,,3.61569337993962e-07,1.15192640213866e-06,,FALSE,FALSE,FALSE,FALSE,,AIH
CD80-CD28,Sinusoidal endothelial cell,Ig+ hepatocyte,,,9.46881031834454e-07,2.20486815243205e-06,aih_only,0,2,0,2,,1.57587459213325e-06,,,9.46881031834454e-07,2.20486815243205e-06,,FALSE,FALSE,FALSE,FALSE,,AIH
CD80-CD28,Sinusoidal endothelial cell,IgG+ B cell,,,6.53874511754917e-07,5.0949292280928e-07,aih_only,0,2,0,2,,5.81683717282098e-07,,,5.0949292280928e-07,6.53874511754917e-07,,FALSE,FALSE,FALSE,FALSE,,AIH
CD80-CD28,Sinusoidal endothelial cell,IgG+ plasmablast / plasma cell,,,1.23615757709982e-06,1.2874797401609e-06,aih_only,0,2,0,2,,1.26181865863036e-06,,,1.23615757709982e-06,1.2874797401609e-06,,FALSE,FALSE,FALSE,FALSE,,AIH
CD80-CD28,Sinusoidal endothelial cell,IgM+ B cell,,,5.31217925471298e-07,9.70271173017331e-07,aih_only,0,2,0,2,,7.50744549244314e-07,,,5.31217925471298e-07,9.70271173017331e-07,,FALSE,FALSE,FALSE,FALSE,,AIH
CD80-CD28,Sinusoidal endothelial cell,Macrophage 1,,,9.85414762427743e-07,1.62310938479254e-06,aih_only,0,2,0,2,,1.30426207361014e-06,,,9.85414762427743e-07,1.62310938479254e-06,,FALSE,FALSE,FALSE,FALSE,,AIH
CD80-CD28,Sinusoidal endothelial cell,Macrophage 2,,,5.2103767838008e-07,1.08487512021154e-06,aih_only,0,2,0,2,,8.02956399295809e-07,,,5.2103767838008e-07,1.08487512021154e-06,,FALSE,FALSE,FALSE,FALSE,,AIH
CD80-CD28,Sinusoidal endothelial cell,Sinusoidal endothelial cell,,,1.68249541456228e-06,1.53151280143326e-06,aih_only,0,2,0,2,,1.60700410799777e-06,,,1.53151280143326e-06,1.68249541456228e-06,,FALSE,FALSE,FALSE,FALSE,,AIH
CD80-CD28,Sinusoidal endothelial cell,Stellate cell,,,7.24085915435833e-07,1.22420916128654e-06,aih_only,0,2,0,2,,9.74147538361186e-07,,,7.24085915435833e-07,1.22420916128654e-06,,FALSE,FALSE,FALSE,FALSE,,AIH
CD80-CD28,Sinusoidal endothelial cell,Vascular endothelial cell,,,1.44018688974537e-07,9.64824583250182e-07,aih_only,0,2,0,2,,5.54421636112359e-07,,,1.44018688974537e-07,9.64824583250182e-07,,FALSE,FALSE,FALSE,FALSE,,AIH
CD80-CD28,Stellate cell,CD4+ T cell,,,8.10904029064998e-06,1.11564449271572e-05,aih_only,0,2,0,2,,9.63274260890361e-06,,,8.10904029064998e-06,1.11564449271572e-05,,FALSE,FALSE,FALSE,FALSE,,AIH
CD80-CD28,Stellate cell,CD8+ T cell 1,,,3.53792148558398e-06,5.59510926953687e-06,aih_only,0,2,0,2,,4.56651537756043e-06,,,3.53792148558398e-06,5.59510926953687e-06,,FALSE,FALSE,FALSE,FALSE,,AIH
CD80-CD28,Stellate cell,CD8+ T cell 2,,,2.15743314789842e-06,5.23507931588499e-06,aih_only,0,2,0,2,,3.69625623189171e-06,,,2.15743314789842e-06,5.23507931588499e-06,,FALSE,FALSE,FALSE,FALSE,,AIH
CD80-CD28,Stellate cell,CD8+ T cell 3,,,2.23384896314796e-06,5.49520500437062e-06,aih_only,0,2,0,2,,3.86452698375929e-06,,,2.23384896314796e-06,5.49520500437062e-06,,FALSE,FALSE,FALSE,FALSE,,AIH
CD80-CD28,Stellate cell,Cholangiocyte,,,4.27369409145924e-07,1.16252193112034e-06,aih_only,0,2,0,2,,7.94945670133131e-07,,,4.27369409145924e-07,1.16252193112034e-06,,FALSE,FALSE,FALSE,FALSE,,AIH
CD80-CD28,Stellate cell,Hepatocyte 1,,,2.61337516456694e-07,6.198954154835e-07,aih_only,0,2,0,2,,4.40616465970097e-07,,,2.61337516456694e-07,6.198954154835e-07,,FALSE,FALSE,FALSE,FALSE,,AIH
CD80-CD28,Stellate cell,Hepatocyte 2,,,1.72545401351741e-07,2.30265991589321e-07,aih_only,0,2,0,2,,2.01405696470531e-07,,,1.72545401351741e-07,2.30265991589321e-07,,FALSE,FALSE,FALSE,FALSE,,AIH
CD80-CD28,Stellate cell,Hepatocyte 3,,,1.37417528815322e-07,8.57254730352903e-07,aih_only,0,2,0,2,,4.97336129584113e-07,,,1.37417528815322e-07,8.57254730352903e-07,,FALSE,FALSE,FALSE,FALSE,,AIH
CD80-CD28,Stellate cell,Hepatocyte 4,,,1.63462026863486e-07,4.83756644175822e-07,aih_only,0,2,0,2,,3.23609335519654e-07,,,1.63462026863486e-07,4.83756644175822e-07,,FALSE,FALSE,FALSE,FALSE,,AIH
CD80-CD28,Stellate cell,Ig+ hepatocyte,,,3.24412624742811e-07,9.59844940266631e-07,aih_only,0,2,0,2,,6.42128782504721e-07,,,3.24412624742811e-07,9.59844940266631e-07,,FALSE,FALSE,FALSE,FALSE,,AIH
CD80-CD28,Stellate cell,IgG+ B cell,,,8.08243124425733e-07,1.43288794571632e-06,aih_only,0,2,0,2,,1.12056553507102e-06,,,8.08243124425733e-07,1.43288794571632e-06,,FALSE,FALSE,FALSE,FALSE,,AIH
CD80-CD28,Stellate cell,IgG+ plasmablast / plasma cell,,,1.22903940750095e-06,1.69658688760281e-06,aih_only,0,2,0,2,,1.46281314755188e-06,,,1.22903940750095e-06,1.69658688760281e-06,,FALSE,FALSE,FALSE,FALSE,,AIH
CD80-CD28,Stellate cell,IgM+ B cell,,,1.39746989985287e-06,2.86944279756002e-06,aih_only,0,2,0,2,,2.13345634870644e-06,,,1.39746989985287e-06,2.86944279756002e-06,,FALSE,FALSE,FALSE,FALSE,,AIH
CD80-CD28,Stellate cell,Macrophage 1,,,8.72774760595389e-07,9.6480309945722e-07,aih_only,0,2,0,2,,9.18788930026304e-07,,,8.72774760595389e-07,9.6480309945722e-07,,FALSE,FALSE,FALSE,FALSE,,AIH
CD80-CD28,Stellate cell,Macrophage 2,,,5.92531577404993e-07,9.54333662359655e-07,aih_only,0,2,0,2,,7.73432619882324e-07,,,5.92531577404993e-07,9.54333662359655e-07,,FALSE,FALSE,FALSE,FALSE,,AIH
CD80-CD28,Stellate cell,Sinusoidal endothelial cell,,,6.8259160193672e-07,9.34579743918348e-07,aih_only,0,2,0,2,,8.08585672927534e-07,,,6.8259160193672e-07,9.34579743918348e-07,,FALSE,FALSE,FALSE,FALSE,,AIH
CD80-CD28,Stellate cell,Stellate cell,,,1.20136352839989e-06,1.83026370658781e-06,aih_only,0,2,0,2,,1.51581361749385e-06,,,1.20136352839989e-06,1.83026370658781e-06,,FALSE,FALSE,FALSE,FALSE,,AIH
CD80-CD28,Stellate cell,Vascular endothelial cell,,,4.48283750012542e-07,1.19079006629923e-06,aih_only,0,2,0,2,,8.19536908155884e-07,,,4.48283750012542e-07,1.19079006629923e-06,,FALSE,FALSE,FALSE,FALSE,,AIH
CD80-CD28,Vascular endothelial cell,CD4+ T cell,,,1.55122957237942e-05,9.99700146697252e-06,aih_only,0,2,0,2,,1.27546485953834e-05,,,9.99700146697252e-06,1.55122957237942e-05,,FALSE,FALSE,FALSE,FALSE,,AIH
CD80-CD28,Vascular endothelial cell,CD8+ T cell 1,,,2.66148976161081e-06,2.32384225668157e-06,aih_only,0,2,0,2,,2.49266600914619e-06,,,2.32384225668157e-06,2.66148976161081e-06,,FALSE,FALSE,FALSE,FALSE,,AIH
CD80-CD28,Vascular endothelial cell,CD8+ T cell 2,,,2.98623345831662e-07,8.9547324398519e-07,aih_only,0,2,0,2,,5.97048294908426e-07,,,2.98623345831662e-07,8.9547324398519e-07,,FALSE,FALSE,FALSE,FALSE,,AIH
CD80-CD28,Vascular endothelial cell,CD8+ T cell 3,,,2.00941342165385e-06,1.65383995816519e-06,aih_only,0,2,0,2,,1.83162668990952e-06,,,1.65383995816519e-06,2.00941342165385e-06,,FALSE,FALSE,FALSE,FALSE,,AIH
CD80-CD28,Vascular endothelial cell,Cholangiocyte,,,6.12300846829525e-07,2.15573115760608e-07,aih_only,0,2,0,2,,4.13936981295067e-07,,,2.15573115760608e-07,6.12300846829525e-07,,FALSE,FALSE,FALSE,FALSE,,AIH
CD80-CD28,Vascular endothelial cell,Hepatocyte 1,,,8.46563829285238e-08,9.17455026355966e-08,aih_only,0,2,0,2,,8.82009427820602e-08,,,8.46563829285238e-08,9.17455026355966e-08,,FALSE,FALSE,FALSE,FALSE,,AIH
CD80-CD28,Vascular endothelial cell,Hepatocyte 2,,,1.43230768326406e-10,4.97534793971393e-09,aih_only,0,2,0,2,,2.55928935402017e-09,,,1.43230768326406e-10,4.97534793971393e-09,,FALSE,FALSE,FALSE,FALSE,,AIH
CD80-CD28,Vascular endothelial cell,Hepatocyte 3,,,2.42118100246061e-07,3.69927895261566e-07,aih_only,0,2,0,2,,3.06022997753813e-07,,,2.42118100246061e-07,3.69927895261566e-07,,FALSE,FALSE,FALSE,FALSE,,AIH
CD80-CD28,Vascular endothelial cell,Hepatocyte 4,,,1.02555764851984e-08,1.40869897724587e-07,aih_only,0,2,0,2,,7.55627371048924e-08,,,1.02555764851984e-08,1.40869897724587e-07,,FALSE,FALSE,FALSE,FALSE,,AIH
CD80-CD28,Vascular endothelial cell,Ig+ hepatocyte,,,1.32134481970738e-07,1.01285561703621e-07,aih_only,0,2,0,2,,1.1671002183718e-07,,,1.01285561703621e-07,1.32134481970738e-07,,FALSE,FALSE,FALSE,FALSE,,AIH
CD80-CD28,Vascular endothelial cell,IgG+ B cell,,,9.15516981655288e-07,4.48102236774975e-07,aih_only,0,2,0,2,,6.81809609215132e-07,,,4.48102236774975e-07,9.15516981655288e-07,,FALSE,FALSE,FALSE,FALSE,,AIH
CD80-CD28,Vascular endothelial cell,IgG+ plasmablast / plasma cell,,,1.49940716038094e-06,8.40278291529155e-07,aih_only,0,2,0,2,,1.16984272595505e-06,,,8.40278291529155e-07,1.49940716038094e-06,,FALSE,FALSE,FALSE,FALSE,,AIH
CD80-CD28,Vascular endothelial cell,IgM+ B cell,,,2.88652661991041e-06,2.88783185058235e-06,aih_only,0,2,0,2,,2.88717923524638e-06,,,2.88652661991041e-06,2.88783185058235e-06,,FALSE,FALSE,FALSE,FALSE,,AIH
CD80-CD28,Vascular endothelial cell,Macrophage 1,,,5.47714473428588e-07,2.55207437657565e-07,aih_only,0,2,0,2,,4.01460955543076e-07,,,2.55207437657565e-07,5.47714473428588e-07,,FALSE,FALSE,FALSE,FALSE,,AIH
CD80-CD28,Vascular endothelial cell,Macrophage 2,,,9.27494301928505e-07,3.93784233008934e-07,aih_only,0,2,0,2,,6.6063926746872e-07,,,3.93784233008934e-07,9.27494301928505e-07,,FALSE,FALSE,FALSE,FALSE,,AIH
CD80-CD28,Vascular endothelial cell,Sinusoidal endothelial cell,,,3.88544801395294e-08,1.87308828542612e-07,aih_only,0,2,0,2,,1.13081654341071e-07,,,3.88544801395294e-08,1.87308828542612e-07,,FALSE,FALSE,FALSE,FALSE,,AIH
CD80-CD28,Vascular endothelial cell,Stellate cell,,,1.2847563819384e-06,9.8184869694897e-07,aih_only,0,2,0,2,,1.13330253944368e-06,,,9.8184869694897e-07,1.2847563819384e-06,,FALSE,FALSE,FALSE,FALSE,,AIH
CD80-CD28,Vascular endothelial cell,Vascular endothelial cell,,,1.82779273577715e-06,1.01648104605703e-06,aih_only,0,2,0,2,,1.42213689091709e-06,,,1.01648104605703e-06,1.82779273577715e-06,,FALSE,FALSE,FALSE,FALSE,,AIH
CD80-CTLA4,CD4+ T cell,CD4+ T cell,,,1.14966476885748e-05,3.18455075523015e-05,aih_only,0,2,0,2,,2.16710776204381e-05,,,1.14966476885748e-05,3.18455075523015e-05,,FALSE,FALSE,FALSE,FALSE,,AIH
CD80-CTLA4,CD4+ T cell,CD8+ T cell 1,,,2.7070547722181e-06,3.6684898577979e-06,aih_only,0,2,0,2,,3.187772315008e-06,,,2.7070547722181e-06,3.6684898577979e-06,,FALSE,FALSE,FALSE,FALSE,,AIH
CD80-CTLA4,CD4+ T cell,CD8+ T cell 2,,,3.28365582232534e-06,4.17483988659967e-06,aih_only,0,2,0,2,,3.72924785446251e-06,,,3.28365582232534e-06,4.17483988659967e-06,,FALSE,FALSE,FALSE,FALSE,,AIH
CD80-CTLA4,CD4+ T cell,CD8+ T cell 3,,,3.32300004171569e-06,5.77050764557388e-06,aih_only,0,2,0,2,,4.54675384364478e-06,,,3.32300004171569e-06,5.77050764557388e-06,,FALSE,FALSE,FALSE,FALSE,,AIH
CD80-CTLA4,CD4+ T cell,Cholangiocyte,,,9.1986843754647e-07,1.75927184131699e-06,aih_only,0,2,0,2,,1.33957013943173e-06,,,9.1986843754647e-07,1.75927184131699e-06,,FALSE,FALSE,FALSE,FALSE,,AIH
CD80-CTLA4,CD4+ T cell,Hepatocyte 1,,,2.92607318812366e-07,3.30283741899925e-07,aih_only,0,2,0,2,,3.11445530356145e-07,,,2.92607318812366e-07,3.30283741899925e-07,,FALSE,FALSE,FALSE,FALSE,,AIH
CD80-CTLA4,CD4+ T cell,Hepatocyte 2,,,1.85297388177355e-07,1.7587422612441e-07,aih_only,0,2,0,2,,1.80585807150883e-07,,,1.7587422612441e-07,1.85297388177355e-07,,FALSE,FALSE,FALSE,FALSE,,AIH
CD80-CTLA4,CD4+ T cell,Hepatocyte 3,,,4.09503154812479e-07,4.03111849665489e-07,aih_only,0,2,0,2,,4.06307502238984e-07,,,4.03111849665489e-07,4.09503154812479e-07,,FALSE,FALSE,FALSE,FALSE,,AIH
CD80-CTLA4,CD4+ T cell,Hepatocyte 4,,,5.68133670600853e-07,3.28245503052259e-07,aih_only,0,2,0,2,,4.48189586826556e-07,,,3.28245503052259e-07,5.68133670600853e-07,,FALSE,FALSE,FALSE,FALSE,,AIH
CD80-CTLA4,CD4+ T cell,Ig+ hepatocyte,,,7.6343371739536e-07,4.11567420078963e-07,aih_only,0,2,0,2,,5.87500568737162e-07,,,4.11567420078963e-07,7.6343371739536e-07,,FALSE,FALSE,FALSE,FALSE,,AIH
CD80-CTLA4,CD4+ T cell,IgG+ B cell,,,9.78914736015238e-07,1.33170721991677e-06,aih_only,0,2,0,2,,1.15531097796601e-06,,,9.78914736015238e-07,1.33170721991677e-06,,FALSE,FALSE,FALSE,FALSE,,AIH
CD80-CTLA4,CD4+ T cell,IgG+ plasmablast / plasma cell,,,1.77399654498662e-06,3.25346329772298e-06,aih_only,0,2,0,2,,2.5137299213548e-06,,,1.77399654498662e-06,3.25346329772298e-06,,FALSE,FALSE,FALSE,FALSE,,AIH
CD80-CTLA4,CD4+ T cell,IgM+ B cell,,,2.96251579207911e-06,1.49349564258326e-05,aih_only,0,2,0,2,,8.94873610895588e-06,,,2.96251579207911e-06,1.49349564258326e-05,,FALSE,FALSE,FALSE,FALSE,,AIH
CD80-CTLA4,CD4+ T cell,Macrophage 1,,,9.59811445257886e-07,1.18155624886642e-06,aih_only,0,2,0,2,,1.07068384706215e-06,,,9.59811445257886e-07,1.18155624886642e-06,,FALSE,FALSE,FALSE,FALSE,,AIH
CD80-CTLA4,CD4+ T cell,Macrophage 2,,,7.90718069106013e-07,1.52132532748335e-06,aih_only,0,2,0,2,,1.15602169829468e-06,,,7.90718069106013e-07,1.52132532748335e-06,,FALSE,FALSE,FALSE,FALSE,,AIH
CD80-CTLA4,CD4+ T cell,Sinusoidal endothelial cell,,,2.601949974463e-07,7.22945293791464e-07,aih_only,0,2,0,2,,4.91570145618882e-07,,,2.601949974463e-07,7.22945293791464e-07,,FALSE,FALSE,FALSE,FALSE,,AIH
CD80-CTLA4,CD4+ T cell,Stellate cell,,,7.61626690334368e-07,1.22874657648273e-06,aih_only,0,2,0,2,,9.95186633408548e-07,,,7.61626690334368e-07,1.22874657648273e-06,,FALSE,FALSE,FALSE,FALSE,,AIH
CD80-CTLA4,CD4+ T cell,Vascular endothelial cell,,,1.13005834463612e-06,2.04816322355246e-06,aih_only,0,2,0,2,,1.58911078409429e-06,,,1.13005834463612e-06,2.04816322355246e-06,,FALSE,FALSE,FALSE,FALSE,,AIH
CD80-CTLA4,CD8+ T cell 1,CD4+ T cell,,,7.73137910313837e-06,9.69425913771369e-06,aih_only,0,2,0,2,,8.71281912042603e-06,,,7.73137910313837e-06,9.69425913771369e-06,,FALSE,FALSE,FALSE,FALSE,,AIH
CD80-CTLA4,CD8+ T cell 1,CD8+ T cell 1,,,7.74084136588007e-06,8.26520456660941e-06,aih_only,0,2,0,2,,8.00302296624474e-06,,,7.74084136588007e-06,8.26520456660941e-06,,FALSE,FALSE,FALSE,FALSE,,AIH
CD80-CTLA4,CD8+ T cell 1,CD8+ T cell 2,,,1.50693833135484e-05,1.14495572109748e-05,aih_only,0,2,0,2,,1.32594702622616e-05,,,1.14495572109748e-05,1.50693833135484e-05,,FALSE,FALSE,FALSE,FALSE,,AIH
CD80-CTLA4,CD8+ T cell 1,CD8+ T cell 3,,,7.29781833693822e-06,1.0109320569942e-05,aih_only,0,2,0,2,,8.70356945344009e-06,,,7.29781833693822e-06,1.0109320569942e-05,,FALSE,FALSE,FALSE,FALSE,,AIH
CD80-CTLA4,CD8+ T cell 1,Cholangiocyte,,,1.0253420347205e-06,1.10784429348358e-06,aih_only,0,2,0,2,,1.06659316410204e-06,,,1.0253420347205e-06,1.10784429348358e-06,,FALSE,FALSE,FALSE,FALSE,,AIH
CD80-CTLA4,CD8+ T cell 1,Hepatocyte 1,,,1.5108863620911e-06,8.55076440920379e-07,aih_only,0,2,0,2,,1.18298140150574e-06,,,8.55076440920379e-07,1.5108863620911e-06,,FALSE,FALSE,FALSE,FALSE,,AIH
CD80-CTLA4,CD8+ T cell 1,Hepatocyte 2,,,1.05658333529936e-06,4.74382658161488e-07,aih_only,0,2,0,2,,7.65482996730426e-07,,,4.74382658161488e-07,1.05658333529936e-06,,FALSE,FALSE,FALSE,FALSE,,AIH
CD80-CTLA4,CD8+ T cell 1,Hepatocyte 3,,,1.57030315852481e-06,8.34900028641417e-07,aih_only,0,2,0,2,,1.20260159358311e-06,,,8.34900028641417e-07,1.57030315852481e-06,,FALSE,FALSE,FALSE,FALSE,,AIH
CD80-CTLA4,CD8+ T cell 1,Hepatocyte 4,,,1.71854767942776e-06,9.92593280840876e-07,aih_only,0,2,0,2,,1.35557048013432e-06,,,9.92593280840876e-07,1.71854767942776e-06,,FALSE,FALSE,FALSE,FALSE,,AIH
CD80-CTLA4,CD8+ T cell 1,Ig+ hepatocyte,,,3.36628685944479e-06,9.32268661033857e-07,aih_only,0,2,0,2,,2.14927776023932e-06,,,9.32268661033857e-07,3.36628685944479e-06,,FALSE,FALSE,FALSE,FALSE,,AIH
CD80-CTLA4,CD8+ T cell 1,IgG+ B cell,,,9.87051782283437e-07,7.51734772332291e-07,aih_only,0,2,0,2,,8.69393277307864e-07,,,7.51734772332291e-07,9.87051782283437e-07,,FALSE,FALSE,FALSE,FALSE,,AIH
CD80-CTLA4,CD8+ T cell 1,IgG+ plasmablast / plasma cell,,,1.87566267649718e-06,2.20946952298086e-06,aih_only,0,2,0,2,,2.04256609973902e-06,,,1.87566267649718e-06,2.20946952298086e-06,,FALSE,FALSE,FALSE,FALSE,,AIH
CD80-CTLA4,CD8+ T cell 1,IgM+ B cell,,,1.28160389767002e-06,1.50966567296016e-06,aih_only,0,2,0,2,,1.39563478531509e-06,,,1.28160389767002e-06,1.50966567296016e-06,,FALSE,FALSE,FALSE,FALSE,,AIH
CD80-CTLA4,CD8+ T cell 1,Macrophage 1,,,2.20658387214562e-06,1.84645747204134e-06,aih_only,0,2,0,2,,2.02652067209348e-06,,,1.84645747204134e-06,2.20658387214562e-06,,FALSE,FALSE,FALSE,FALSE,,AIH
CD80-CTLA4,CD8+ T cell 1,Macrophage 2,,,7.54235976831528e-07,1.1448205851965e-06,aih_only,0,2,0,2,,9.49528281014014e-07,,,7.54235976831528e-07,1.1448205851965e-06,,FALSE,FALSE,FALSE,FALSE,,AIH
CD80-CTLA4,CD8+ T cell 1,Sinusoidal endothelial cell,,,1.18925055878245e-06,1.16059879966212e-06,aih_only,0,2,0,2,,1.17492467922228e-06,,,1.16059879966212e-06,1.18925055878245e-06,,FALSE,FALSE,FALSE,FALSE,,AIH
CD80-CTLA4,CD8+ T cell 1,Stellate cell,,,8.69502862595107e-07,8.34634533519606e-07,aih_only,0,2,0,2,,8.52068698057357e-07,,,8.34634533519606e-07,8.69502862595107e-07,,FALSE,FALSE,FALSE,FALSE,,AIH
CD80-CTLA4,CD8+ T cell 1,Vascular endothelial cell,,,5.11907850401514e-07,8.97608798180336e-07,aih_only,0,2,0,2,,7.04758324290925e-07,,,5.11907850401514e-07,8.97608798180336e-07,,FALSE,FALSE,FALSE,FALSE,,AIH
CD80-CTLA4,CD8+ T cell 2,CD4+ T cell,,,6.62194577139424e-06,8.15717219408141e-06,aih_only,0,2,0,2,,7.38955898273782e-06,,,6.62194577139424e-06,8.15717219408141e-06,,FALSE,FALSE,FALSE,FALSE,,AIH
CD80-CTLA4,CD8+ T cell 2,CD8+ T cell 1,,,8.9868367469936e-06,7.66116784344724e-06,aih_only,0,2,0,2,,8.32400229522042e-06,,,7.66116784344724e-06,8.9868367469936e-06,,FALSE,FALSE,FALSE,FALSE,,AIH
CD80-CTLA4,CD8+ T cell 2,CD8+ T cell 2,,,4.80048332471033e-05,4.14398413280032e-05,aih_only,0,2,0,2,,4.47223372875533e-05,,,4.14398413280032e-05,4.80048332471033e-05,,FALSE,FALSE,FALSE,FALSE,,AIH
CD80-CTLA4,CD8+ T cell 2,CD8+ T cell 3,,,1.24577382559067e-05,1.19936522736455e-05,aih_only,0,2,0,2,,1.22256952647761e-05,,,1.19936522736455e-05,1.24577382559067e-05,,FALSE,FALSE,FALSE,FALSE,,AIH
CD80-CTLA4,CD8+ T cell 2,Cholangiocyte,,,6.72386503308408e-07,7.32536909861216e-07,aih_only,0,2,0,2,,7.02461706584812e-07,,,6.72386503308408e-07,7.32536909861216e-07,,FALSE,FALSE,FALSE,FALSE,,AIH
CD80-CTLA4,CD8+ T cell 2,Hepatocyte 1,,,3.05120821701511e-06,1.41269934956579e-06,aih_only,0,2,0,2,,2.23195378329045e-06,,,1.41269934956579e-06,3.05120821701511e-06,,FALSE,FALSE,FALSE,FALSE,,AIH
CD80-CTLA4,CD8+ T cell 2,Hepatocyte 2,,,2.95320112446773e-06,7.42576477245576e-07,aih_only,0,2,0,2,,1.84788880085665e-06,,,7.42576477245576e-07,2.95320112446773e-06,,FALSE,FALSE,FALSE,FALSE,,AIH
CD80-CTLA4,CD8+ T cell 2,Hepatocyte 3,,,3.88258027770259e-06,1.4891206533373e-06,aih_only,0,2,0,2,,2.68585046551995e-06,,,1.4891206533373e-06,3.88258027770259e-06,,FALSE,FALSE,FALSE,FALSE,,AIH
CD80-CTLA4,CD8+ T cell 2,Hepatocyte 4,,,5.91830406179341e-06,2.6549644936772e-06,aih_only,0,2,0,2,,4.2866342777353e-06,,,2.6549644936772e-06,5.91830406179341e-06,,FALSE,FALSE,FALSE,FALSE,,AIH
CD80-CTLA4,CD8+ T cell 2,Ig+ hepatocyte,,,3.46398187503537e-06,9.99177532295418e-07,aih_only,0,2,0,2,,2.23157970366539e-06,,,9.99177532295418e-07,3.46398187503537e-06,,FALSE,FALSE,FALSE,FALSE,,AIH
CD80-CTLA4,CD8+ T cell 2,IgG+ B cell,,,8.78522561506964e-07,5.96541587776364e-07,aih_only,0,2,0,2,,7.37532074641664e-07,,,5.96541587776364e-07,8.78522561506964e-07,,FALSE,FALSE,FALSE,FALSE,,AIH
CD80-CTLA4,CD8+ T cell 2,IgG+ plasmablast / plasma cell,,,1.59324912070548e-06,1.26137273532926e-06,aih_only,0,2,0,2,,1.42731092801737e-06,,,1.26137273532926e-06,1.59324912070548e-06,,FALSE,FALSE,FALSE,FALSE,,AIH
CD80-CTLA4,CD8+ T cell 2,IgM+ B cell,,,8.07225730819938e-07,4.27068462389374e-07,aih_only,0,2,0,2,,6.17147096604656e-07,,,4.27068462389374e-07,8.07225730819938e-07,,FALSE,FALSE,FALSE,FALSE,,AIH
CD80-CTLA4,CD8+ T cell 2,Macrophage 1,,,2.99750263186603e-06,1.9992101525095e-06,aih_only,0,2,0,2,,2.49835639218777e-06,,,1.9992101525095e-06,2.99750263186603e-06,,FALSE,FALSE,FALSE,FALSE,,AIH
CD80-CTLA4,CD8+ T cell 2,Macrophage 2,,,7.55705940941765e-07,1.20820392326233e-06,aih_only,0,2,0,2,,9.8195493210205e-07,,,7.55705940941765e-07,1.20820392326233e-06,,FALSE,FALSE,FALSE,FALSE,,AIH
CD80-CTLA4,CD8+ T cell 2,Sinusoidal endothelial cell,,,1.17689366524793e-06,1.50372468309619e-06,aih_only,0,2,0,2,,1.34030917417206e-06,,,1.17689366524793e-06,1.50372468309619e-06,,FALSE,FALSE,FALSE,FALSE,,AIH
CD80-CTLA4,CD8+ T cell 2,Stellate cell,,,6.1617099457043e-07,7.70300722745044e-07,aih_only,0,2,0,2,,6.93235858657737e-07,,,6.1617099457043e-07,7.70300722745044e-07,,FALSE,FALSE,FALSE,FALSE,,AIH
CD80-CTLA4,CD8+ T cell 2,Vascular endothelial cell,,,5.55792712998161e-07,1.67061372028486e-07,aih_only,0,2,0,2,,3.61427042513324e-07,,,1.67061372028486e-07,5.55792712998161e-07,,FALSE,FALSE,FALSE,FALSE,,AIH
CD80-CTLA4,CD8+ T cell 3,CD4+ T cell,,,1.09159220233105e-05,1.0739278746506e-05,aih_only,0,2,0,2,,1.08276003849083e-05,,,1.0739278746506e-05,1.09159220233105e-05,,FALSE,FALSE,FALSE,FALSE,,AIH
CD80-CTLA4,CD8+ T cell 3,CD8+ T cell 1,,,1.14557623098722e-05,8.22761073571249e-06,aih_only,0,2,0,2,,9.84168652279236e-06,,,8.22761073571249e-06,1.14557623098722e-05,,FALSE,FALSE,FALSE,FALSE,,AIH
CD80-CTLA4,CD8+ T cell 3,CD8+ T cell 2,,,3.05694340747703e-05,1.81842189579565e-05,aih_only,0,2,0,2,,2.43768265163634e-05,,,1.81842189579565e-05,3.05694340747703e-05,,FALSE,FALSE,FALSE,FALSE,,AIH
CD80-CTLA4,CD8+ T cell 3,CD8+ T cell 3,,,4.2111596962426e-05,3.40944094418786e-05,aih_only,0,2,0,2,,3.81030032021523e-05,,,3.40944094418786e-05,4.2111596962426e-05,,FALSE,FALSE,FALSE,FALSE,,AIH
CD80-CTLA4,CD8+ T cell 3,Cholangiocyte,,,8.45991575055546e-07,1.5717969573589e-06,aih_only,0,2,0,2,,1.20889426620722e-06,,,8.45991575055546e-07,1.5717969573589e-06,,FALSE,FALSE,FALSE,FALSE,,AIH
CD80-CTLA4,CD8+ T cell 3,Hepatocyte 1,,,4.92024333246164e-06,1.32817995544751e-06,aih_only,0,2,0,2,,3.12421164395457e-06,,,1.32817995544751e-06,4.92024333246164e-06,,FALSE,FALSE,FALSE,FALSE,,AIH
CD80-CTLA4,CD8+ T cell 3,Hepatocyte 2,,,2.87404227341441e-06,5.65615077347509e-07,aih_only,0,2,0,2,,1.71982867538096e-06,,,5.65615077347509e-07,2.87404227341441e-06,,FALSE,FALSE,FALSE,FALSE,,AIH
CD80-CTLA4,CD8+ T cell 3,Hepatocyte 3,,,4.18211402961498e-06,1.78277927740778e-06,aih_only,0,2,0,2,,2.98244665351138e-06,,,1.78277927740778e-06,4.18211402961498e-06,,FALSE,FALSE,FALSE,FALSE,,AIH
CD80-CTLA4,CD8+ T cell 3,Hepatocyte 4,,,2.49857957568588e-06,1.13641240404707e-06,aih_only,0,2,0,2,,1.81749598986648e-06,,,1.13641240404707e-06,2.49857957568588e-06,,FALSE,FALSE,FALSE,FALSE,,AIH
CD80-CTLA4,CD8+ T cell 3,Ig+ hepatocyte,,,8.38145194089991e-06,1.80729257441018e-06,aih_only,0,2,0,2,,5.09437225765504e-06,,,1.80729257441018e-06,8.38145194089991e-06,,FALSE,FALSE,FALSE,FALSE,,AIH
CD80-CTLA4,CD8+ T cell 3,IgG+ B cell,,,6.2815616353528e-07,1.00017873095518e-06,aih_only,0,2,0,2,,8.14167447245229e-07,,,6.2815616353528e-07,1.00017873095518e-06,,FALSE,FALSE,FALSE,FALSE,,AIH
CD80-CTLA4,CD8+ T cell 3,IgG+ plasmablast / plasma cell,,,2.6928276461153e-06,1.49031005165831e-06,aih_only,0,2,0,2,,2.0915688488868e-06,,,1.49031005165831e-06,2.6928276461153e-06,,FALSE,FALSE,FALSE,FALSE,,AIH
CD80-CTLA4,CD8+ T cell 3,IgM+ B cell,,,1.56992307065824e-06,2.07196233489218e-06,aih_only,0,2,0,2,,1.82094270277521e-06,,,1.56992307065824e-06,2.07196233489218e-06,,FALSE,FALSE,FALSE,FALSE,,AIH
CD80-CTLA4,CD8+ T cell 3,Macrophage 1,,,4.12135220986603e-06,2.01214858806353e-06,aih_only,0,2,0,2,,3.06675039896478e-06,,,2.01214858806353e-06,4.12135220986603e-06,,FALSE,FALSE,FALSE,FALSE,,AIH
CD80-CTLA4,CD8+ T cell 3,Macrophage 2,,,9.92155795642626e-07,1.573485757842e-06,aih_only,0,2,0,2,,1.28282077674231e-06,,,9.92155795642626e-07,1.573485757842e-06,,FALSE,FALSE,FALSE,FALSE,,AIH
CD80-CTLA4,CD8+ T cell 3,Sinusoidal endothelial cell,,,2.01235191091694e-06,9.99374089553363e-07,aih_only,0,2,0,2,,1.50586300023515e-06,,,9.99374089553363e-07,2.01235191091694e-06,,FALSE,FALSE,FALSE,FALSE,,AIH
CD80-CTLA4,CD8+ T cell 3,Stellate cell,,,1.40359472235783e-06,1.02651824709306e-06,aih_only,0,2,0,2,,1.21505648472545e-06,,,1.02651824709306e-06,1.40359472235783e-06,,FALSE,FALSE,FALSE,FALSE,,AIH
CD80-CTLA4,CD8+ T cell 3,Vascular endothelial cell,,,8.02201788982127e-07,1.29513688840668e-06,aih_only,0,2,0,2,,1.0486693386944e-06,,,8.02201788982127e-07,1.29513688840668e-06,,FALSE,FALSE,FALSE,FALSE,,AIH
CD80-CTLA4,Cholangiocyte,CD4+ T cell,,,5.12512339943946e-06,6.52531694548944e-06,aih_only,0,2,0,2,,5.82522017246445e-06,,,5.12512339943946e-06,6.52531694548944e-06,,FALSE,FALSE,FALSE,FALSE,,AIH
CD80-CTLA4,Cholangiocyte,CD8+ T cell 1,,,1.43113358510303e-06,1.41333546635371e-06,aih_only,0,2,0,2,,1.42223452572837e-06,,,1.41333546635371e-06,1.43113358510303e-06,,FALSE,FALSE,FALSE,FALSE,,AIH
CD80-CTLA4,Cholangiocyte,CD8+ T cell 2,,,1.16096070415205e-06,1.5003607327379e-06,aih_only,0,2,0,2,,1.33066071844498e-06,,,1.16096070415205e-06,1.5003607327379e-06,,FALSE,FALSE,FALSE,FALSE,,AIH
CD80-CTLA4,Cholangiocyte,CD8+ T cell 3,,,3.08434642221592e-06,2.80887002787912e-06,aih_only,0,2,0,2,,2.94660822504752e-06,,,2.80887002787912e-06,3.08434642221592e-06,,FALSE,FALSE,FALSE,FALSE,,AIH
CD80-CTLA4,Cholangiocyte,Cholangiocyte,,,1.93904174998952e-06,3.38266615618332e-06,aih_only,0,2,0,2,,2.66085395308642e-06,,,1.93904174998952e-06,3.38266615618332e-06,,FALSE,FALSE,FALSE,FALSE,,AIH
CD80-CTLA4,Cholangiocyte,Hepatocyte 1,,,6.09695009939184e-08,1.61726039230255e-07,aih_only,0,2,0,2,,1.11347770112087e-07,,,6.09695009939184e-08,1.61726039230255e-07,,FALSE,FALSE,FALSE,FALSE,,AIH
CD80-CTLA4,Cholangiocyte,Hepatocyte 2,,,4.31380935935526e-08,5.97952789354565e-08,aih_only,0,2,0,2,,5.14666862645045e-08,,,4.31380935935526e-08,5.97952789354565e-08,,FALSE,FALSE,FALSE,FALSE,,AIH
CD80-CTLA4,Cholangiocyte,Hepatocyte 3,,,1.04474698470727e-07,8.57846000517739e-08,aih_only,0,2,0,2,,9.51296492612505e-08,,,8.57846000517739e-08,1.04474698470727e-07,,FALSE,FALSE,FALSE,FALSE,,AIH
CD80-CTLA4,Cholangiocyte,Hepatocyte 4,,,8.27021907119473e-08,6.48830301705313e-08,aih_only,0,2,0,2,,7.37926104412393e-08,,,6.48830301705313e-08,8.27021907119473e-08,,FALSE,FALSE,FALSE,FALSE,,AIH
CD80-CTLA4,Cholangiocyte,Ig+ hepatocyte,,,3.49145537564427e-07,4.02126238083082e-07,aih_only,0,2,0,2,,3.75635887823755e-07,,,3.49145537564427e-07,4.02126238083082e-07,,FALSE,FALSE,FALSE,FALSE,,AIH
CD80-CTLA4,Cholangiocyte,IgG+ B cell,,,6.71291427144741e-07,1.37029460891752e-06,aih_only,0,2,0,2,,1.02079301803113e-06,,,6.71291427144741e-07,1.37029460891752e-06,,FALSE,FALSE,FALSE,FALSE,,AIH
CD80-CTLA4,Cholangiocyte,IgG+ plasmablast / plasma cell,,,9.79621381576332e-07,1.70330634064204e-06,aih_only,0,2,0,2,,1.34146386110918e-06,,,9.79621381576332e-07,1.70330634064204e-06,,FALSE,FALSE,FALSE,FALSE,,AIH
CD80-CTLA4,Cholangiocyte,IgM+ B cell,,,1.12912649853677e-06,2.17891821452344e-06,aih_only,0,2,0,2,,1.6540223565301e-06,,,1.12912649853677e-06,2.17891821452344e-06,,FALSE,FALSE,FALSE,FALSE,,AIH
CD80-CTLA4,Cholangiocyte,Macrophage 1,,,4.20389181113679e-07,4.90323468906234e-07,aih_only,0,2,0,2,,4.55356325009956e-07,,,4.20389181113679e-07,4.90323468906234e-07,,FALSE,FALSE,FALSE,FALSE,,AIH
CD80-CTLA4,Cholangiocyte,Macrophage 2,,,6.19713928049079e-07,8.56595598575609e-07,aih_only,0,2,0,2,,7.38154763312344e-07,,,6.19713928049079e-07,8.56595598575609e-07,,FALSE,FALSE,FALSE,FALSE,,AIH
CD80-CTLA4,Cholangiocyte,Sinusoidal endothelial cell,,,5.40372964016543e-08,1.38212459545463e-07,aih_only,0,2,0,2,,9.61248779735584e-08,,,5.40372964016543e-08,1.38212459545463e-07,,FALSE,FALSE,FALSE,FALSE,,AIH
CD80-CTLA4,Cholangiocyte,Stellate cell,,,6.6925176091243e-07,7.42743354049451e-07,aih_only,0,2,0,2,,7.0599755748094e-07,,,6.6925176091243e-07,7.42743354049451e-07,,FALSE,FALSE,FALSE,FALSE,,AIH
CD80-CTLA4,Cholangiocyte,Vascular endothelial cell,,,4.12303181200515e-07,1.08439829503312e-06,aih_only,0,2,0,2,,7.48350738116816e-07,,,4.12303181200515e-07,1.08439829503312e-06,,FALSE,FALSE,FALSE,FALSE,,AIH
CD80-CTLA4,Hepatocyte 1,CD4+ T cell,,,1.42723079846706e-06,1.94548117321435e-06,aih_only,0,2,0,2,,1.6863559858407e-06,,,1.42723079846706e-06,1.94548117321435e-06,,FALSE,FALSE,FALSE,FALSE,,AIH
CD80-CTLA4,Hepatocyte 1,CD8+ T cell 1,,,2.15175134652816e-06,1.76806706121222e-06,aih_only,0,2,0,2,,1.95990920387019e-06,,,1.76806706121222e-06,2.15175134652816e-06,,FALSE,FALSE,FALSE,FALSE,,AIH
CD80-CTLA4,Hepatocyte 1,CD8+ T cell 2,,,8.31628353175047e-06,4.06208853711701e-06,aih_only,0,2,0,2,,6.18918603443374e-06,,,4.06208853711701e-06,8.31628353175047e-06,,FALSE,FALSE,FALSE,FALSE,,AIH
CD80-CTLA4,Hepatocyte 1,CD8+ T cell 3,,,2.78647400587285e-06,2.91390827045613e-06,aih_only,0,2,0,2,,2.85019113816449e-06,,,2.78647400587285e-06,2.91390827045613e-06,,FALSE,FALSE,FALSE,FALSE,,AIH
CD80-CTLA4,Hepatocyte 1,Cholangiocyte,,,1.62983090212722e-07,2.53818597874653e-07,aih_only,0,2,0,2,,2.08400844043688e-07,,,1.62983090212722e-07,2.53818597874653e-07,,FALSE,FALSE,FALSE,FALSE,,AIH
CD80-CTLA4,Hepatocyte 1,Hepatocyte 1,,,1.18025067036079e-06,3.76219928961615e-07,aih_only,0,2,0,2,,7.78235299661201e-07,,,3.76219928961615e-07,1.18025067036079e-06,,FALSE,FALSE,FALSE,FALSE,,AIH
CD80-CTLA4,Hepatocyte 1,Hepatocyte 2,,,2.95169996517389e-07,1.83558678966674e-07,aih_only,0,2,0,2,,2.39364337742031e-07,,,1.83558678966674e-07,2.95169996517389e-07,,FALSE,FALSE,FALSE,FALSE,,AIH
CD80-CTLA4,Hepatocyte 1,Hepatocyte 3,,,4.08447325377716e-07,3.29262575500697e-07,aih_only,0,2,0,2,,3.68854950439207e-07,,,3.29262575500697e-07,4.08447325377716e-07,,FALSE,FALSE,FALSE,FALSE,,AIH
CD80-CTLA4,Hepatocyte 1,Hepatocyte 4,,,8.40340568089829e-07,3.58417443800699e-07,aih_only,0,2,0,2,,5.99379005945264e-07,,,3.58417443800699e-07,8.40340568089829e-07,,FALSE,FALSE,FALSE,FALSE,,AIH
CD80-CTLA4,Hepatocyte 1,Ig+ hepatocyte,,,1.40518663937461e-06,2.11730268455316e-07,aih_only,0,2,0,2,,8.08458453914961e-07,,,2.11730268455316e-07,1.40518663937461e-06,,FALSE,FALSE,FALSE,FALSE,,AIH
CD80-CTLA4,Hepatocyte 1,IgG+ B cell,,,1.79275559779184e-07,2.13036104883792e-07,aih_only,0,2,0,2,,1.96155832331488e-07,,,1.79275559779184e-07,2.13036104883792e-07,,FALSE,FALSE,FALSE,FALSE,,AIH
CD80-CTLA4,Hepatocyte 1,IgG+ plasmablast / plasma cell,,,3.44857871138904e-07,4.20655420950724e-07,aih_only,0,2,0,2,,3.82756646044814e-07,,,3.44857871138904e-07,4.20655420950724e-07,,FALSE,FALSE,FALSE,FALSE,,AIH
CD80-CTLA4,Hepatocyte 1,IgM+ B cell,,,2.268258902882e-07,2.69795923717354e-07,aih_only,0,2,0,2,,2.48310907002777e-07,,,2.268258902882e-07,2.69795923717354e-07,,FALSE,FALSE,FALSE,FALSE,,AIH
CD80-CTLA4,Hepatocyte 1,Macrophage 1,,,7.41810555982903e-07,5.88515067920949e-07,aih_only,0,2,0,2,,6.65162811951926e-07,,,5.88515067920949e-07,7.41810555982903e-07,,FALSE,FALSE,FALSE,FALSE,,AIH
CD80-CTLA4,Hepatocyte 1,Macrophage 2,,,1.82674993050766e-07,3.72633357489628e-07,aih_only,0,2,0,2,,2.77654175270197e-07,,,1.82674993050766e-07,3.72633357489628e-07,,FALSE,FALSE,FALSE,FALSE,,AIH
CD80-CTLA4,Hepatocyte 1,Sinusoidal endothelial cell,,,3.56708237145282e-07,4.02904795157348e-07,aih_only,0,2,0,2,,3.79806516151315e-07,,,3.56708237145282e-07,4.02904795157348e-07,,FALSE,FALSE,FALSE,FALSE,,AIH
CD80-CTLA4,Hepatocyte 1,Stellate cell,,,1.27573917459595e-07,2.47906756425843e-07,aih_only,0,2,0,2,,1.87740336942719e-07,,,1.27573917459595e-07,2.47906756425843e-07,,FALSE,FALSE,FALSE,FALSE,,AIH
CD80-CTLA4,Hepatocyte 1,Vascular endothelial cell,,,9.62958723843034e-08,6.80779763154771e-08,aih_only,0,2,0,2,,8.21869243498903e-08,,,6.80779763154771e-08,9.62958723843034e-08,,FALSE,FALSE,FALSE,FALSE,,AIH
CD80-CTLA4,Hepatocyte 2,CD4+ T cell,,,1.31411589129738e-06,7.47404291851503e-07,aih_only,0,2,0,2,,1.03076009157444e-06,,,7.47404291851503e-07,1.31411589129738e-06,,FALSE,FALSE,FALSE,FALSE,,AIH
CD80-CTLA4,Hepatocyte 2,CD8+ T cell 1,,,1.89822900613929e-06,9.04809490162346e-07,aih_only,0,2,0,2,,1.40151924815082e-06,,,9.04809490162346e-07,1.89822900613929e-06,,FALSE,FALSE,FALSE,FALSE,,AIH
CD80-CTLA4,Hepatocyte 2,CD8+ T cell 2,,,6.7937868465637e-06,2.33220602182136e-06,aih_only,0,2,0,2,,4.56299643419253e-06,,,2.33220602182136e-06,6.7937868465637e-06,,FALSE,FALSE,FALSE,FALSE,,AIH
CD80-CTLA4,Hepatocyte 2,CD8+ T cell 3,,,2.33634047944409e-06,1.14997163652053e-06,aih_only,0,2,0,2,,1.74315605798231e-06,,,1.14997163652053e-06,2.33634047944409e-06,,FALSE,FALSE,FALSE,FALSE,,AIH
CD80-CTLA4,Hepatocyte 2,Cholangiocyte,,,7.14363687141203e-08,1.49449731831053e-07,aih_only,0,2,0,2,,1.10443050272587e-07,,,7.14363687141203e-08,1.49449731831053e-07,,FALSE,FALSE,FALSE,FALSE,,AIH
CD80-CTLA4,Hepatocyte 2,Hepatocyte 1,,,3.03132491957252e-07,1.72243398305851e-07,aih_only,0,2,0,2,,2.37687945131551e-07,,,1.72243398305851e-07,3.03132491957252e-07,,FALSE,FALSE,FALSE,FALSE,,AIH
CD80-CTLA4,Hepatocyte 2,Hepatocyte 2,,,1.32611118237677e-06,2.15719866212226e-07,aih_only,0,2,0,2,,7.70915524294499e-07,,,2.15719866212226e-07,1.32611118237677e-06,,FALSE,FALSE,FALSE,FALSE,,AIH
CD80-CTLA4,Hepatocyte 2,Hepatocyte 3,,,9.16289011535342e-07,4.93711219323375e-07,aih_only,0,2,0,2,,7.05000115429359e-07,,,4.93711219323375e-07,9.16289011535342e-07,,FALSE,FALSE,FALSE,FALSE,,AIH
CD80-CTLA4,Hepatocyte 2,Hepatocyte 4,,,4.84528672006591e-07,3.12775816061315e-07,aih_only,0,2,0,2,,3.98652244033953e-07,,,3.12775816061315e-07,4.84528672006591e-07,,FALSE,FALSE,FALSE,FALSE,,AIH
CD80-CTLA4,Hepatocyte 2,Ig+ hepatocyte,,,1.69454307972642e-06,1.26129723645221e-07,aih_only,0,2,0,2,,9.10336401685819e-07,,,1.26129723645221e-07,1.69454307972642e-06,,FALSE,FALSE,FALSE,FALSE,,AIH
CD80-CTLA4,Hepatocyte 2,IgG+ B cell,,,9.76624402292562e-08,2.03266744754591e-07,aih_only,0,2,0,2,,1.50464592491924e-07,,,9.76624402292562e-08,2.03266744754591e-07,,FALSE,FALSE,FALSE,FALSE,,AIH
CD80-CTLA4,Hepatocyte 2,IgG+ plasmablast / plasma cell,,,1.33140457108702e-07,7.83166964331375e-08,aih_only,0,2,0,2,,1.0572857677092e-07,,,7.83166964331375e-08,1.33140457108702e-07,,FALSE,FALSE,FALSE,FALSE,,AIH
CD80-CTLA4,Hepatocyte 2,IgM+ B cell,,,2.06175321836515e-07,6.25262409146691e-08,aih_only,0,2,0,2,,1.34350781375592e-07,,,6.25262409146691e-08,2.06175321836515e-07,,FALSE,FALSE,FALSE,FALSE,,AIH
CD80-CTLA4,Hepatocyte 2,Macrophage 1,,,6.54236511440941e-07,3.37815254637841e-07,aih_only,0,2,0,2,,4.96025883039391e-07,,,3.37815254637841e-07,6.54236511440941e-07,,FALSE,FALSE,FALSE,FALSE,,AIH
CD80-CTLA4,Hepatocyte 2,Macrophage 2,,,2.61721851020269e-07,1.47024279330634e-07,aih_only,0,2,0,2,,2.04373065175452e-07,,,1.47024279330634e-07,2.61721851020269e-07,,FALSE,FALSE,FALSE,FALSE,,AIH
CD80-CTLA4,Hepatocyte 2,Sinusoidal endothelial cell,,,3.27402423545479e-07,1.07052407001536e-07,aih_only,0,2,0,2,,2.17227415273508e-07,,,1.07052407001536e-07,3.27402423545479e-07,,FALSE,FALSE,FALSE,FALSE,,AIH
CD80-CTLA4,Hepatocyte 2,Stellate cell,,,7.34925327405322e-08,1.41000793462496e-07,aih_only,0,2,0,2,,1.07246663101514e-07,,,7.34925327405322e-08,1.41000793462496e-07,,FALSE,FALSE,FALSE,FALSE,,AIH
CD80-CTLA4,Hepatocyte 2,Vascular endothelial cell,,,1.32098550490264e-07,2.31438545162258e-07,aih_only,0,2,0,2,,1.81768547826261e-07,,,1.32098550490264e-07,2.31438545162258e-07,,FALSE,FALSE,FALSE,FALSE,,AIH
CD80-CTLA4,Hepatocyte 3,CD4+ T cell,,,1.02790202102433e-06,1.50148963978333e-06,aih_only,0,2,0,2,,1.26469583040383e-06,,,1.02790202102433e-06,1.50148963978333e-06,,FALSE,FALSE,FALSE,FALSE,,AIH
CD80-CTLA4,Hepatocyte 3,CD8+ T cell 1,,,5.59253743927239e-07,1.18161540038253e-06,aih_only,0,2,0,2,,8.70434572154885e-07,,,5.59253743927239e-07,1.18161540038253e-06,,FALSE,FALSE,FALSE,FALSE,,AIH
CD80-CTLA4,Hepatocyte 3,CD8+ T cell 2,,,3.18192954511948e-06,2.79747463607759e-06,aih_only,0,2,0,2,,2.98970209059853e-06,,,2.79747463607759e-06,3.18192954511948e-06,,FALSE,FALSE,FALSE,FALSE,,AIH
CD80-CTLA4,Hepatocyte 3,CD8+ T cell 3,,,2.14993159063575e-07,1.39916108728607e-06,aih_only,0,2,0,2,,8.0707712317482e-07,,,2.14993159063575e-07,1.39916108728607e-06,,FALSE,FALSE,FALSE,FALSE,,AIH
CD80-CTLA4,Hepatocyte 3,Cholangiocyte,,,1.49715140564958e-07,6.59339151234175e-08,aih_only,0,2,0,2,,1.07824527844188e-07,,,6.59339151234175e-08,1.49715140564958e-07,,FALSE,FALSE,FALSE,FALSE,,AIH
CD80-CTLA4,Hepatocyte 3,Hepatocyte 1,,,4.27177926417112e-07,1.93709147840559e-07,aih_only,0,2,0,2,,3.10443537128836e-07,,,1.93709147840559e-07,4.27177926417112e-07,,FALSE,FALSE,FALSE,FALSE,,AIH
CD80-CTLA4,Hepatocyte 3,Hepatocyte 2,,,1.74351200853627e-07,2.01552898805748e-07,aih_only,0,2,0,2,,1.87952049829688e-07,,,1.74351200853627e-07,2.01552898805748e-07,,FALSE,FALSE,FALSE,FALSE,,AIH
CD80-CTLA4,Hepatocyte 3,Hepatocyte 3,,,2.91306777331717e-08,2.02798509121989e-07,aih_only,0,2,0,2,,1.1596459342758e-07,,,2.91306777331717e-08,2.02798509121989e-07,,FALSE,FALSE,FALSE,FALSE,,AIH
CD80-CTLA4,Hepatocyte 3,Hepatocyte 4,,,3.60565847079658e-08,3.5284633783276e-07,aih_only,0,2,0,2,,1.94451461270363e-07,,,3.60565847079658e-08,3.5284633783276e-07,,FALSE,FALSE,FALSE,FALSE,,AIH
CD80-CTLA4,Hepatocyte 3,Ig+ hepatocyte,,,8.13347266125641e-07,8.87740212181103e-07,aih_only,0,2,0,2,,8.50543739153372e-07,,,8.13347266125641e-07,8.87740212181103e-07,,FALSE,FALSE,FALSE,FALSE,,AIH
CD80-CTLA4,Hepatocyte 3,IgG+ B cell,,,9.83346584846998e-08,1.40337489672689e-08,aih_only,0,2,0,2,,5.61842037259844e-08,,,1.40337489672689e-08,9.83346584846998e-08,,FALSE,FALSE,FALSE,FALSE,,AIH
CD80-CTLA4,Hepatocyte 3,IgG+ plasmablast / plasma cell,,,7.84542277331027e-08,1.65861606873796e-07,aih_only,0,2,0,2,,1.22157917303449e-07,,,7.84542277331027e-08,1.65861606873796e-07,,FALSE,FALSE,FALSE,FALSE,,AIH
CD80-CTLA4,Hepatocyte 3,IgM+ B cell,,,1.01414890721948e-07,4.75982021907999e-07,aih_only,0,2,0,2,,2.88698456314974e-07,,,1.01414890721948e-07,4.75982021907999e-07,,FALSE,FALSE,FALSE,FALSE,,AIH
CD80-CTLA4,Hepatocyte 3,Macrophage 1,,,3.16344886191554e-07,2.0705630655595e-07,aih_only,0,2,0,2,,2.61700596373752e-07,,,2.0705630655595e-07,3.16344886191554e-07,,FALSE,FALSE,FALSE,FALSE,,AIH
CD80-CTLA4,Hepatocyte 3,Macrophage 2,,,6.29823572855955e-08,3.33876756642347e-07,aih_only,0,2,0,2,,1.98429556963971e-07,,,6.29823572855955e-08,3.33876756642347e-07,,FALSE,FALSE,FALSE,FALSE,,AIH
CD80-CTLA4,Hepatocyte 3,Sinusoidal endothelial cell,,,7.50140787766706e-08,1.27047407223228e-07,aih_only,0,2,0,2,,1.01030742999949e-07,,,7.50140787766706e-08,1.27047407223228e-07,,FALSE,FALSE,FALSE,FALSE,,AIH
CD80-CTLA4,Hepatocyte 3,Stellate cell,,,1.51271537157256e-07,3.03648914593714e-07,aih_only,0,2,0,2,,2.27460225875485e-07,,,1.51271537157256e-07,3.03648914593714e-07,,FALSE,FALSE,FALSE,FALSE,,AIH
CD80-CTLA4,Hepatocyte 3,Vascular endothelial cell,,,1.46757786140644e-07,5.32501315738412e-08,aih_only,0,2,0,2,,1.00003958857243e-07,,,5.32501315738412e-08,1.46757786140644e-07,,FALSE,FALSE,FALSE,FALSE,,AIH
CD80-CTLA4,Hepatocyte 4,CD4+ T cell,,,1.44512185796049e-06,1.98804258615645e-06,aih_only,0,2,0,2,,1.71658222205847e-06,,,1.44512185796049e-06,1.98804258615645e-06,,FALSE,FALSE,FALSE,FALSE,,AIH
CD80-CTLA4,Hepatocyte 4,CD8+ T cell 1,,,1.79639243357445e-06,2.36522642614163e-06,aih_only,0,2,0,2,,2.08080942985804e-06,,,1.79639243357445e-06,2.36522642614163e-06,,FALSE,FALSE,FALSE,FALSE,,AIH
CD80-CTLA4,Hepatocyte 4,CD8+ T cell 2,,,5.89414163622202e-06,4.08741967848864e-06,aih_only,0,2,0,2,,4.99078065735533e-06,,,4.08741967848864e-06,5.89414163622202e-06,,FALSE,FALSE,FALSE,FALSE,,AIH
CD80-CTLA4,Hepatocyte 4,CD8+ T cell 3,,,3.05777674710526e-06,2.06250931275608e-06,aih_only,0,2,0,2,,2.56014302993067e-06,,,2.06250931275608e-06,3.05777674710526e-06,,FALSE,FALSE,FALSE,FALSE,,AIH
CD80-CTLA4,Hepatocyte 4,Cholangiocyte,,,1.63352599404935e-07,1.33384379098298e-07,aih_only,0,2,0,2,,1.48368489251617e-07,,,1.33384379098298e-07,1.63352599404935e-07,,FALSE,FALSE,FALSE,FALSE,,AIH
CD80-CTLA4,Hepatocyte 4,Hepatocyte 1,,,8.61759327706511e-07,4.41785708728795e-07,aih_only,0,2,0,2,,6.51772518217653e-07,,,4.41785708728795e-07,8.61759327706511e-07,,FALSE,FALSE,FALSE,FALSE,,AIH
CD80-CTLA4,Hepatocyte 4,Hepatocyte 2,,,2.95919290219216e-07,2.48495469134069e-07,aih_only,0,2,0,2,,2.72207379676643e-07,,,2.48495469134069e-07,2.95919290219216e-07,,FALSE,FALSE,FALSE,FALSE,,AIH
CD80-CTLA4,Hepatocyte 4,Hepatocyte 3,,,2.95672198483579e-07,1.68190777030193e-07,aih_only,0,2,0,2,,2.31931487756886e-07,,,1.68190777030193e-07,2.95672198483579e-07,,FALSE,FALSE,FALSE,FALSE,,AIH
CD80-CTLA4,Hepatocyte 4,Hepatocyte 4,,,2.57229018723557e-06,1.24339643255002e-06,aih_only,0,2,0,2,,1.9078433098928e-06,,,1.24339643255002e-06,2.57229018723557e-06,,FALSE,FALSE,FALSE,FALSE,,AIH
CD80-CTLA4,Hepatocyte 4,Ig+ hepatocyte,,,1.0191457061554e-06,1.81459194317184e-07,aih_only,0,2,0,2,,6.00302450236289e-07,,,1.81459194317184e-07,1.0191457061554e-06,,FALSE,FALSE,FALSE,FALSE,,AIH
CD80-CTLA4,Hepatocyte 4,IgG+ B cell,,,1.34695274846594e-07,1.779170783719e-07,aih_only,0,2,0,2,,1.56306176609247e-07,,,1.34695274846594e-07,1.779170783719e-07,,FALSE,FALSE,FALSE,FALSE,,AIH
CD80-CTLA4,Hepatocyte 4,IgG+ plasmablast / plasma cell,,,4.89374594793271e-07,3.59942425985731e-07,aih_only,0,2,0,2,,4.24658510389501e-07,,,3.59942425985731e-07,4.89374594793271e-07,,FALSE,FALSE,FALSE,FALSE,,AIH
CD80-CTLA4,Hepatocyte 4,IgM+ B cell,,,4.92201162200302e-08,1.72459430930099e-07,aih_only,0,2,0,2,,1.10839773575064e-07,,,4.92201162200302e-08,1.72459430930099e-07,,FALSE,FALSE,FALSE,FALSE,,AIH
CD80-CTLA4,Hepatocyte 4,Macrophage 1,,,8.40629975859323e-07,6.47799298388967e-07,aih_only,0,2,0,2,,7.44214637124145e-07,,,6.47799298388967e-07,8.40629975859323e-07,,FALSE,FALSE,FALSE,FALSE,,AIH
CD80-CTLA4,Hepatocyte 4,Macrophage 2,,,2.2044267604685e-07,2.88144782482094e-07,aih_only,0,2,0,2,,2.54293729264472e-07,,,2.2044267604685e-07,2.88144782482094e-07,,FALSE,FALSE,FALSE,FALSE,,AIH
CD80-CTLA4,Hepatocyte 4,Sinusoidal endothelial cell,,,1.14432379328939e-07,3.41046452844226e-07,aih_only,0,2,0,2,,2.27739416086583e-07,,,1.14432379328939e-07,3.41046452844226e-07,,FALSE,FALSE,FALSE,FALSE,,AIH
CD80-CTLA4,Hepatocyte 4,Stellate cell,,,1.38098534116772e-07,2.19296306707407e-07,aih_only,0,2,0,2,,1.78697420412089e-07,,,1.38098534116772e-07,2.19296306707407e-07,,FALSE,FALSE,FALSE,FALSE,,AIH
CD80-CTLA4,Hepatocyte 4,Vascular endothelial cell,,,1.55127622579847e-08,1.50488516658881e-07,aih_only,0,2,0,2,,8.30006394584329e-08,,,1.55127622579847e-08,1.50488516658881e-07,,FALSE,FALSE,FALSE,FALSE,,AIH
CD80-CTLA4,Ig+ hepatocyte,CD4+ T cell,,,2.02908467366652e-06,3.59651711607603e-06,aih_only,0,2,0,2,,2.81280089487127e-06,,,2.02908467366652e-06,3.59651711607603e-06,,FALSE,FALSE,FALSE,FALSE,,AIH
CD80-CTLA4,Ig+ hepatocyte,CD8+ T cell 1,,,2.80114613344051e-06,2.29170684514394e-06,aih_only,0,2,0,2,,2.54642648929223e-06,,,2.29170684514394e-06,2.80114613344051e-06,,FALSE,FALSE,FALSE,FALSE,,AIH
CD80-CTLA4,Ig+ hepatocyte,CD8+ T cell 2,,,4.26305211553451e-06,2.83108210943736e-06,aih_only,0,2,0,2,,3.54706711248594e-06,,,2.83108210943736e-06,4.26305211553451e-06,,FALSE,FALSE,FALSE,FALSE,,AIH
CD80-CTLA4,Ig+ hepatocyte,CD8+ T cell 3,,,2.28958172958757e-06,2.1744301957487e-06,aih_only,0,2,0,2,,2.23200596266813e-06,,,2.1744301957487e-06,2.28958172958757e-06,,FALSE,FALSE,FALSE,FALSE,,AIH
CD80-CTLA4,Ig+ hepatocyte,Cholangiocyte,,,5.7453080526634e-07,3.35544572509429e-07,aih_only,0,2,0,2,,4.55037688887885e-07,,,3.35544572509429e-07,5.7453080526634e-07,,FALSE,FALSE,FALSE,FALSE,,AIH
CD80-CTLA4,Ig+ hepatocyte,Hepatocyte 1,,,4.54825006369061e-07,3.21291215462175e-07,aih_only,0,2,0,2,,3.88058110915618e-07,,,3.21291215462175e-07,4.54825006369061e-07,,FALSE,FALSE,FALSE,FALSE,,AIH
CD80-CTLA4,Ig+ hepatocyte,Hepatocyte 2,,,7.04230666105437e-08,8.33702792952094e-08,aih_only,0,2,0,2,,7.68966729528765e-08,,,7.04230666105437e-08,8.33702792952094e-08,,FALSE,FALSE,FALSE,FALSE,,AIH
CD80-CTLA4,Ig+ hepatocyte,Hepatocyte 3,,,5.84757439260502e-08,7.88674936489845e-07,aih_only,0,2,0,2,,4.23575340207948e-07,,,5.84757439260502e-08,7.88674936489845e-07,,FALSE,FALSE,FALSE,FALSE,,AIH
CD80-CTLA4,Ig+ hepatocyte,Hepatocyte 4,,,5.74598122476098e-08,3.32601319944806e-07,aih_only,0,2,0,2,,1.95030566096208e-07,,,5.74598122476098e-08,3.32601319944806e-07,,FALSE,FALSE,FALSE,FALSE,,AIH
CD80-CTLA4,Ig+ hepatocyte,Ig+ hepatocyte,,,2.63496762315415e-05,3.09880966681469e-07,aih_only,0,2,0,2,,1.33297785991115e-05,,,3.09880966681469e-07,2.63496762315415e-05,,FALSE,FALSE,FALSE,FALSE,,AIH
CD80-CTLA4,Ig+ hepatocyte,IgG+ B cell,,,1.67672284984944e-06,5.91280890156877e-07,aih_only,0,2,0,2,,1.13400187000316e-06,,,5.91280890156877e-07,1.67672284984944e-06,,FALSE,FALSE,FALSE,FALSE,,AIH
CD80-CTLA4,Ig+ hepatocyte,IgG+ plasmablast / plasma cell,,,1.02314964219339e-06,1.11834946793477e-06,aih_only,0,2,0,2,,1.07074955506408e-06,,,1.02314964219339e-06,1.11834946793477e-06,,FALSE,FALSE,FALSE,FALSE,,AIH
CD80-CTLA4,Ig+ hepatocyte,IgM+ B cell,,,3.89216427017237e-07,5.70529745936469e-07,aih_only,0,2,0,2,,4.79873086476853e-07,,,3.89216427017237e-07,5.70529745936469e-07,,FALSE,FALSE,FALSE,FALSE,,AIH
CD80-CTLA4,Ig+ hepatocyte,Macrophage 1,,,1.153623407159e-06,8.54417005591682e-07,aih_only,0,2,0,2,,1.00402020637534e-06,,,8.54417005591682e-07,1.153623407159e-06,,FALSE,FALSE,FALSE,FALSE,,AIH
CD80-CTLA4,Ig+ hepatocyte,Macrophage 2,,,3.94853411736106e-07,6.97782241453759e-07,aih_only,0,2,0,2,,5.46317826594933e-07,,,3.94853411736106e-07,6.97782241453759e-07,,FALSE,FALSE,FALSE,FALSE,,AIH
CD80-CTLA4,Ig+ hepatocyte,Sinusoidal endothelial cell,,,4.05290788904368e-07,5.97405549727413e-07,aih_only,0,2,0,2,,5.0134816931589e-07,,,4.05290788904368e-07,5.97405549727413e-07,,FALSE,FALSE,FALSE,FALSE,,AIH
CD80-CTLA4,Ig+ hepatocyte,Stellate cell,,,4.51398206034271e-07,2.25150257826591e-07,aih_only,0,2,0,2,,3.38274231930431e-07,,,2.25150257826591e-07,4.51398206034271e-07,,FALSE,FALSE,FALSE,FALSE,,AIH
CD80-CTLA4,Ig+ hepatocyte,Vascular endothelial cell,,,3.58083400934215e-08,2.5946037704994e-07,aih_only,0,2,0,2,,1.47634358571681e-07,,,3.58083400934215e-08,2.5946037704994e-07,,FALSE,FALSE,FALSE,FALSE,,AIH
CD80-CTLA4,IgG+ B cell,CD4+ T cell,,,2.01851162782168e-06,4.29030158887022e-06,aih_only,0,2,0,2,,3.15440660834595e-06,,,2.01851162782168e-06,4.29030158887022e-06,,FALSE,FALSE,FALSE,FALSE,,AIH
CD80-CTLA4,IgG+ B cell,CD8+ T cell 1,,,1.17173131256398e-06,7.88394071798765e-07,aih_only,0,2,0,2,,9.8006269218137e-07,,,7.88394071798765e-07,1.17173131256398e-06,,FALSE,FALSE,FALSE,FALSE,,AIH
CD80-CTLA4,IgG+ B cell,CD8+ T cell 2,,,1.25917039553122e-06,5.74689594535794e-07,aih_only,0,2,0,2,,9.16929995033506e-07,,,5.74689594535794e-07,1.25917039553122e-06,,FALSE,FALSE,FALSE,FALSE,,AIH
CD80-CTLA4,IgG+ B cell,CD8+ T cell 3,,,6.67565004719702e-07,5.6998128402451e-07,aih_only,0,2,0,2,,6.18773144372106e-07,,,5.6998128402451e-07,6.67565004719702e-07,,FALSE,FALSE,FALSE,FALSE,,AIH
CD80-CTLA4,IgG+ B cell,Cholangiocyte,,,3.87242723393716e-07,7.42375440930383e-07,aih_only,0,2,0,2,,5.6480908216205e-07,,,3.87242723393716e-07,7.42375440930383e-07,,FALSE,FALSE,FALSE,FALSE,,AIH
CD80-CTLA4,IgG+ B cell,Hepatocyte 1,,,1.49865891467909e-07,6.9981231741921e-08,aih_only,0,2,0,2,,1.09923561604915e-07,,,6.9981231741921e-08,1.49865891467909e-07,,FALSE,FALSE,FALSE,FALSE,,AIH
CD80-CTLA4,IgG+ B cell,Hepatocyte 2,,,5.86491356286349e-08,9.669229763685e-09,aih_only,0,2,0,2,,3.415918269616e-08,,,9.669229763685e-09,5.86491356286349e-08,,FALSE,FALSE,FALSE,FALSE,,AIH
CD80-CTLA4,IgG+ B cell,Hepatocyte 3,,,4.23168192770812e-07,6.40241760642995e-08,aih_only,0,2,0,2,,2.43596184417556e-07,,,6.40241760642995e-08,4.23168192770812e-07,,FALSE,FALSE,FALSE,FALSE,,AIH
CD80-CTLA4,IgG+ B cell,Hepatocyte 4,,,1.08577972110699e-06,2.24391378313097e-08,aih_only,0,2,0,2,,5.54109429469152e-07,,,2.24391378313097e-08,1.08577972110699e-06,,FALSE,FALSE,FALSE,FALSE,,AIH
CD80-CTLA4,IgG+ B cell,Ig+ hepatocyte,,,4.66406933619314e-07,1.76234144076278e-07,aih_only,0,2,0,2,,3.21320538847796e-07,,,1.76234144076278e-07,4.66406933619314e-07,,FALSE,FALSE,FALSE,FALSE,,AIH
CD80-CTLA4,IgG+ B cell,IgG+ B cell,,,9.19281222983043e-07,3.52796739504206e-06,aih_only,0,2,0,2,,2.22362430901255e-06,,,9.19281222983043e-07,3.52796739504206e-06,,FALSE,FALSE,FALSE,FALSE,,AIH
CD80-CTLA4,IgG+ B cell,IgG+ plasmablast / plasma cell,,,7.55373811082432e-07,1.85449688842428e-06,aih_only,0,2,0,2,,1.30493534975336e-06,,,7.55373811082432e-07,1.85449688842428e-06,,FALSE,FALSE,FALSE,FALSE,,AIH
CD80-CTLA4,IgG+ B cell,IgM+ B cell,,,4.20732477382876e-07,1.82623724601049e-06,aih_only,0,2,0,2,,1.12348486169668e-06,,,4.20732477382876e-07,1.82623724601049e-06,,FALSE,FALSE,FALSE,FALSE,,AIH
CD80-CTLA4,IgG+ B cell,Macrophage 1,,,3.33364819139957e-07,1.93895532088534e-07,aih_only,0,2,0,2,,2.63630175614245e-07,,,1.93895532088534e-07,3.33364819139957e-07,,FALSE,FALSE,FALSE,FALSE,,AIH
CD80-CTLA4,IgG+ B cell,Macrophage 2,,,2.79735797144469e-07,6.30287137442528e-07,aih_only,0,2,0,2,,4.55011467293499e-07,,,2.79735797144469e-07,6.30287137442528e-07,,FALSE,FALSE,FALSE,FALSE,,AIH
CD80-CTLA4,IgG+ B cell,Sinusoidal endothelial cell,,,1.22605080960435e-07,8.63462103962371e-08,aih_only,0,2,0,2,,1.04475645678336e-07,,,8.63462103962371e-08,1.22605080960435e-07,,FALSE,FALSE,FALSE,FALSE,,AIH
CD80-CTLA4,IgG+ B cell,Stellate cell,,,2.64387784729422e-07,7.57247065912945e-07,aih_only,0,2,0,2,,5.10817425321183e-07,,,2.64387784729422e-07,7.57247065912945e-07,,FALSE,FALSE,FALSE,FALSE,,AIH
CD80-CTLA4,IgG+ B cell,Vascular endothelial cell,,,2.18253744557943e-07,1.20030238920269e-06,aih_only,0,2,0,2,,7.09278066880315e-07,,,2.18253744557943e-07,1.20030238920269e-06,,FALSE,FALSE,FALSE,FALSE,,AIH
CD80-CTLA4,IgG+ plasmablast / plasma cell,CD4+ T cell,,,4.78730149135565e-06,8.87299337361811e-06,aih_only,0,2,0,2,,6.83014743248688e-06,,,4.78730149135565e-06,8.87299337361811e-06,,FALSE,FALSE,FALSE,FALSE,,AIH
CD80-CTLA4,IgG+ plasmablast / plasma cell,CD8+ T cell 1,,,2.05218172990004e-06,2.59672789067442e-06,aih_only,0,2,0,2,,2.32445481028723e-06,,,2.05218172990004e-06,2.59672789067442e-06,,FALSE,FALSE,FALSE,FALSE,,AIH
CD80-CTLA4,IgG+ plasmablast / plasma cell,CD8+ T cell 2,,,2.58965241289732e-06,2.85725744873165e-06,aih_only,0,2,0,2,,2.72345493081449e-06,,,2.58965241289732e-06,2.85725744873165e-06,,FALSE,FALSE,FALSE,FALSE,,AIH
CD80-CTLA4,IgG+ plasmablast / plasma cell,CD8+ T cell 3,,,2.56761265533251e-06,2.95095052185766e-06,aih_only,0,2,0,2,,2.75928158859508e-06,,,2.56761265533251e-06,2.95095052185766e-06,,FALSE,FALSE,FALSE,FALSE,,AIH
CD80-CTLA4,IgG+ plasmablast / plasma cell,Cholangiocyte,,,8.71566292173459e-07,1.56927980215984e-06,aih_only,0,2,0,2,,1.22042304716665e-06,,,8.71566292173459e-07,1.56927980215984e-06,,FALSE,FALSE,FALSE,FALSE,,AIH
CD80-CTLA4,IgG+ plasmablast / plasma cell,Hepatocyte 1,,,2.31020499657552e-07,2.82889312128137e-07,aih_only,0,2,0,2,,2.56954905892844e-07,,,2.31020499657552e-07,2.82889312128137e-07,,FALSE,FALSE,FALSE,FALSE,,AIH
CD80-CTLA4,IgG+ plasmablast / plasma cell,Hepatocyte 2,,,2.42813216725536e-07,1.02320609127991e-07,aih_only,0,2,0,2,,1.72566912926763e-07,,,1.02320609127991e-07,2.42813216725536e-07,,FALSE,FALSE,FALSE,FALSE,,AIH
CD80-CTLA4,IgG+ plasmablast / plasma cell,Hepatocyte 3,,,5.98541776602773e-07,7.13169546139741e-07,aih_only,0,2,0,2,,6.55855661371257e-07,,,5.98541776602773e-07,7.13169546139741e-07,,FALSE,FALSE,FALSE,FALSE,,AIH
CD80-CTLA4,IgG+ plasmablast / plasma cell,Hepatocyte 4,,,1.56226098223155e-07,8.23512408609014e-08,aih_only,0,2,0,2,,1.19288669542028e-07,,,8.23512408609014e-08,1.56226098223155e-07,,FALSE,FALSE,FALSE,FALSE,,AIH
CD80-CTLA4,IgG+ plasmablast / plasma cell,Ig+ hepatocyte,,,1.0708837679686e-06,1.00398086119772e-06,aih_only,0,2,0,2,,1.03743231458316e-06,,,1.00398086119772e-06,1.0708837679686e-06,,FALSE,FALSE,FALSE,FALSE,,AIH
CD80-CTLA4,IgG+ plasmablast / plasma cell,IgG+ B cell,,,8.7798132827926e-07,1.76654249352094e-06,aih_only,0,2,0,2,,1.3222619109001e-06,,,8.7798132827926e-07,1.76654249352094e-06,,FALSE,FALSE,FALSE,FALSE,,AIH
CD80-CTLA4,IgG+ plasmablast / plasma cell,IgG+ plasmablast / plasma cell,,,1.39889763229195e-06,5.07619127275903e-06,aih_only,0,2,0,2,,3.23754445252549e-06,,,1.39889763229195e-06,5.07619127275903e-06,,FALSE,FALSE,FALSE,FALSE,,AIH
CD80-CTLA4,IgG+ plasmablast / plasma cell,IgM+ B cell,,,1.09560229134961e-06,1.55383535615534e-06,aih_only,0,2,0,2,,1.32471882375247e-06,,,1.09560229134961e-06,1.55383535615534e-06,,FALSE,FALSE,FALSE,FALSE,,AIH
CD80-CTLA4,IgG+ plasmablast / plasma cell,Macrophage 1,,,6.07745376418368e-07,8.39709019641087e-07,aih_only,0,2,0,2,,7.23727198029727e-07,,,6.07745376418368e-07,8.39709019641087e-07,,FALSE,FALSE,FALSE,FALSE,,AIH
CD80-CTLA4,IgG+ plasmablast / plasma cell,Macrophage 2,,,4.3048455087225e-07,1.02100174918481e-06,aih_only,0,2,0,2,,7.2574315002853e-07,,,4.3048455087225e-07,1.02100174918481e-06,,FALSE,FALSE,FALSE,FALSE,,AIH
CD80-CTLA4,IgG+ plasmablast / plasma cell,Sinusoidal endothelial cell,,,1.41744352914412e-07,3.4735272487817e-07,aih_only,0,2,0,2,,2.44548538896291e-07,,,1.41744352914412e-07,3.4735272487817e-07,,FALSE,FALSE,FALSE,FALSE,,AIH
CD80-CTLA4,IgG+ plasmablast / plasma cell,Stellate cell,,,4.3144992589725e-07,5.7993568804879e-07,aih_only,0,2,0,2,,5.0569280697302e-07,,,4.3144992589725e-07,5.7993568804879e-07,,FALSE,FALSE,FALSE,FALSE,,AIH
CD80-CTLA4,IgG+ plasmablast / plasma cell,Vascular endothelial cell,,,3.01665355376479e-07,1.08115325671812e-06,aih_only,0,2,0,2,,6.91409306047301e-07,,,3.01665355376479e-07,1.08115325671812e-06,,FALSE,FALSE,FALSE,FALSE,,AIH
CD80-CTLA4,IgM+ B cell,CD4+ T cell,,,2.25515464490703e-05,4.58886579384871e-05,aih_only,0,2,0,2,,3.42201021937787e-05,,,2.25515464490703e-05,4.58886579384871e-05,,FALSE,FALSE,FALSE,FALSE,,AIH
CD80-CTLA4,IgM+ B cell,CD8+ T cell 1,,,5.09104641090725e-06,5.06269140237168e-06,aih_only,0,2,0,2,,5.07686890663947e-06,,,5.06269140237168e-06,5.09104641090725e-06,,FALSE,FALSE,FALSE,FALSE,,AIH
CD80-CTLA4,IgM+ B cell,CD8+ T cell 2,,,4.2304716633083e-06,6.96953679835496e-06,aih_only,0,2,0,2,,5.60000423083163e-06,,,4.2304716633083e-06,6.96953679835496e-06,,FALSE,FALSE,FALSE,FALSE,,AIH
CD80-CTLA4,IgM+ B cell,CD8+ T cell 3,,,7.28456970642233e-06,5.99825090649459e-06,aih_only,0,2,0,2,,6.64141030645846e-06,,,5.99825090649459e-06,7.28456970642233e-06,,FALSE,FALSE,FALSE,FALSE,,AIH
CD80-CTLA4,IgM+ B cell,Cholangiocyte,,,1.92303161960474e-06,3.04011531901775e-06,aih_only,0,2,0,2,,2.48157346931124e-06,,,1.92303161960474e-06,3.04011531901775e-06,,FALSE,FALSE,FALSE,FALSE,,AIH
CD80-CTLA4,IgM+ B cell,Hepatocyte 1,,,4.30094939191281e-07,4.83488416727651e-07,aih_only,0,2,0,2,,4.56791677959466e-07,,,4.30094939191281e-07,4.83488416727651e-07,,FALSE,FALSE,FALSE,FALSE,,AIH
CD80-CTLA4,IgM+ B cell,Hepatocyte 2,,,3.10234468644712e-07,1.93559451524162e-07,aih_only,0,2,0,2,,2.51896960084437e-07,,,1.93559451524162e-07,3.10234468644712e-07,,FALSE,FALSE,FALSE,FALSE,,AIH
CD80-CTLA4,IgM+ B cell,Hepatocyte 3,,,8.86003379661407e-07,5.14216959128404e-07,aih_only,0,2,0,2,,7.00110169394905e-07,,,5.14216959128404e-07,8.86003379661407e-07,,FALSE,FALSE,FALSE,FALSE,,AIH
CD80-CTLA4,IgM+ B cell,Hepatocyte 4,,,5.63648833352834e-07,3.89437170285649e-07,aih_only,0,2,0,2,,4.76543001819242e-07,,,3.89437170285649e-07,5.63648833352834e-07,,FALSE,FALSE,FALSE,FALSE,,AIH
CD80-CTLA4,IgM+ B cell,Ig+ hepatocyte,,,2.42024782309949e-06,3.02289013821556e-07,aih_only,0,2,0,2,,1.36126841846052e-06,,,3.02289013821556e-07,2.42024782309949e-06,,FALSE,FALSE,FALSE,FALSE,,AIH
CD80-CTLA4,IgM+ B cell,IgG+ B cell,,,1.32809892711039e-06,2.83038746371017e-06,aih_only,0,2,0,2,,2.07924319541028e-06,,,1.32809892711039e-06,2.83038746371017e-06,,FALSE,FALSE,FALSE,FALSE,,AIH
CD80-CTLA4,IgM+ B cell,IgG+ plasmablast / plasma cell,,,3.00255816560268e-06,4.55670364141207e-06,aih_only,0,2,0,2,,3.77963090350738e-06,,,3.00255816560268e-06,4.55670364141207e-06,,FALSE,FALSE,FALSE,FALSE,,AIH
CD80-CTLA4,IgM+ B cell,IgM+ B cell,,,9.95506480356556e-06,4.94019027334915e-05,aih_only,0,2,0,2,,2.96784837685285e-05,,,9.95506480356556e-06,4.94019027334915e-05,,FALSE,FALSE,FALSE,FALSE,,AIH
CD80-CTLA4,IgM+ B cell,Macrophage 1,,,1.6027849432927e-06,1.41040232501957e-06,aih_only,0,2,0,2,,1.50659363415614e-06,,,1.41040232501957e-06,1.6027849432927e-06,,FALSE,FALSE,FALSE,FALSE,,AIH
CD80-CTLA4,IgM+ B cell,Macrophage 2,,,1.66624750713771e-06,2.29558109974137e-06,aih_only,0,2,0,2,,1.98091430343954e-06,,,1.66624750713771e-06,2.29558109974137e-06,,FALSE,FALSE,FALSE,FALSE,,AIH
CD80-CTLA4,IgM+ B cell,Sinusoidal endothelial cell,,,6.37333672424072e-07,6.50755528608759e-07,aih_only,0,2,0,2,,6.44044600516416e-07,,,6.37333672424072e-07,6.50755528608759e-07,,FALSE,FALSE,FALSE,FALSE,,AIH
CD80-CTLA4,IgM+ B cell,Stellate cell,,,1.75455474667414e-06,2.18110564649278e-06,aih_only,0,2,0,2,,1.96783019658346e-06,,,1.75455474667414e-06,2.18110564649278e-06,,FALSE,FALSE,FALSE,FALSE,,AIH
CD80-CTLA4,IgM+ B cell,Vascular endothelial cell,,,1.78957566366974e-06,1.92684428451932e-06,aih_only,0,2,0,2,,1.85820997409453e-06,,,1.78957566366974e-06,1.92684428451932e-06,,FALSE,FALSE,FALSE,FALSE,,AIH
CD80-CTLA4,Macrophage 1,CD4+ T cell,,,3.04346824582645e-05,3.90042370763236e-05,aih_only,0,2,0,2,,3.47194597672941e-05,,,3.04346824582645e-05,3.90042370763236e-05,,FALSE,FALSE,FALSE,FALSE,,AIH
CD80-CTLA4,Macrophage 1,CD8+ T cell 1,,,2.86872621274416e-05,2.75109800063153e-05,aih_only,0,2,0,2,,2.80991210668784e-05,,,2.75109800063153e-05,2.86872621274416e-05,,FALSE,FALSE,FALSE,FALSE,,AIH
CD80-CTLA4,Macrophage 1,CD8+ T cell 2,,,6.61821860207555e-05,5.22470181266369e-05,aih_only,0,2,0,2,,5.92146020736962e-05,,,5.22470181266369e-05,6.61821860207555e-05,,FALSE,FALSE,FALSE,FALSE,,AIH
CD80-CTLA4,Macrophage 1,CD8+ T cell 3,,,3.29546672675028e-05,4.01020560721752e-05,aih_only,0,2,0,2,,3.6528361669839e-05,,,3.29546672675028e-05,4.01020560721752e-05,,FALSE,FALSE,FALSE,FALSE,,AIH
CD80-CTLA4,Macrophage 1,Cholangiocyte,,,3.2094978071418e-06,3.75694845191776e-06,aih_only,0,2,0,2,,3.48322312952978e-06,,,3.2094978071418e-06,3.75694845191776e-06,,FALSE,FALSE,FALSE,FALSE,,AIH
CD80-CTLA4,Macrophage 1,Hepatocyte 1,,,6.66261271782502e-06,3.96366301372971e-06,aih_only,0,2,0,2,,5.31313786577737e-06,,,3.96366301372971e-06,6.66261271782502e-06,,FALSE,FALSE,FALSE,FALSE,,AIH
CD80-CTLA4,Macrophage 1,Hepatocyte 2,,,5.15773835488177e-06,2.29239163447127e-06,aih_only,0,2,0,2,,3.72506499467652e-06,,,2.29239163447127e-06,5.15773835488177e-06,,FALSE,FALSE,FALSE,FALSE,,AIH
CD80-CTLA4,Macrophage 1,Hepatocyte 3,,,5.47528220718284e-06,4.52534960654982e-06,aih_only,0,2,0,2,,5.00031590686633e-06,,,4.52534960654982e-06,5.47528220718284e-06,,FALSE,FALSE,FALSE,FALSE,,AIH
CD80-CTLA4,Macrophage 1,Hepatocyte 4,,,7.94123126835701e-06,5.09679539140469e-06,aih_only,0,2,0,2,,6.51901332988085e-06,,,5.09679539140469e-06,7.94123126835701e-06,,FALSE,FALSE,FALSE,FALSE,,AIH
CD80-CTLA4,Macrophage 1,Ig+ hepatocyte,,,1.23745229792044e-05,4.87706413958255e-06,aih_only,0,2,0,2,,8.62579355939349e-06,,,4.87706413958255e-06,1.23745229792044e-05,,FALSE,FALSE,FALSE,FALSE,,AIH
CD80-CTLA4,Macrophage 1,IgG+ B cell,,,3.26640844489015e-06,3.66084065507375e-06,aih_only,0,2,0,2,,3.46362454998195e-06,,,3.26640844489015e-06,3.66084065507375e-06,,FALSE,FALSE,FALSE,FALSE,,AIH
CD80-CTLA4,Macrophage 1,IgG+ plasmablast / plasma cell,,,7.33327948529428e-06,6.59418871806286e-06,aih_only,0,2,0,2,,6.96373410167857e-06,,,6.59418871806286e-06,7.33327948529428e-06,,FALSE,FALSE,FALSE,FALSE,,AIH
CD80-CTLA4,Macrophage 1,IgM+ B cell,,,4.6615076121155e-06,5.94428345003178e-06,aih_only,0,2,0,2,,5.30289553107364e-06,,,4.6615076121155e-06,5.94428345003178e-06,,FALSE,FALSE,FALSE,FALSE,,AIH
CD80-CTLA4,Macrophage 1,Macrophage 1,,,1.08892036783065e-05,1.10698159466712e-05,aih_only,0,2,0,2,,1.09795098124888e-05,,,1.08892036783065e-05,1.10698159466712e-05,,FALSE,FALSE,FALSE,FALSE,,AIH
CD80-CTLA4,Macrophage 1,Macrophage 2,,,3.13998744802563e-06,5.02709900731217e-06,aih_only,0,2,0,2,,4.0835432276689e-06,,,3.13998744802563e-06,5.02709900731217e-06,,FALSE,FALSE,FALSE,FALSE,,AIH
CD80-CTLA4,Macrophage 1,Sinusoidal endothelial cell,,,5.72190350595308e-06,5.12151520907848e-06,aih_only,0,2,0,2,,5.42170935751578e-06,,,5.12151520907848e-06,5.72190350595308e-06,,FALSE,FALSE,FALSE,FALSE,,AIH
CD80-CTLA4,Macrophage 1,Stellate cell,,,3.72009596172078e-06,3.37965404395528e-06,aih_only,0,2,0,2,,3.54987500283803e-06,,,3.37965404395528e-06,3.72009596172078e-06,,FALSE,FALSE,FALSE,FALSE,,AIH
CD80-CTLA4,Macrophage 1,Vascular endothelial cell,,,2.41812815649444e-06,2.68434840901726e-06,aih_only,0,2,0,2,,2.55123828275585e-06,,,2.41812815649444e-06,2.68434840901726e-06,,FALSE,FALSE,FALSE,FALSE,,AIH
CD80-CTLA4,Macrophage 2,CD4+ T cell,,,7.74663354725775e-06,1.52296817608815e-05,aih_only,0,2,0,2,,1.14881576540696e-05,,,7.74663354725775e-06,1.52296817608815e-05,,FALSE,FALSE,FALSE,FALSE,,AIH
CD80-CTLA4,Macrophage 2,CD8+ T cell 1,,,3.14824268955094e-06,6.25962406890512e-06,aih_only,0,2,0,2,,4.70393337922803e-06,,,3.14824268955094e-06,6.25962406890512e-06,,FALSE,FALSE,FALSE,FALSE,,AIH
CD80-CTLA4,Macrophage 2,CD8+ T cell 2,,,4.39214642104927e-06,1.0473201526152e-05,aih_only,0,2,0,2,,7.43267397360061e-06,,,4.39214642104927e-06,1.0473201526152e-05,,FALSE,FALSE,FALSE,FALSE,,AIH
CD80-CTLA4,Macrophage 2,CD8+ T cell 3,,,3.43201644391096e-06,9.04599087324347e-06,aih_only,0,2,0,2,,6.23900365857721e-06,,,3.43201644391096e-06,9.04599087324347e-06,,FALSE,FALSE,FALSE,FALSE,,AIH
CD80-CTLA4,Macrophage 2,Cholangiocyte,,,1.13455039921714e-06,1.74667989011065e-06,aih_only,0,2,0,2,,1.44061514466389e-06,,,1.13455039921714e-06,1.74667989011065e-06,,FALSE,FALSE,FALSE,FALSE,,AIH
CD80-CTLA4,Macrophage 2,Hepatocyte 1,,,4.01351956654869e-07,6.64438869709808e-07,aih_only,0,2,0,2,,5.32895413182339e-07,,,4.01351956654869e-07,6.64438869709808e-07,,FALSE,FALSE,FALSE,FALSE,,AIH
CD80-CTLA4,Macrophage 2,Hepatocyte 2,,,4.97291697789781e-07,5.97249104940287e-07,aih_only,0,2,0,2,,5.47270401365034e-07,,,4.97291697789781e-07,5.97249104940287e-07,,FALSE,FALSE,FALSE,FALSE,,AIH
CD80-CTLA4,Macrophage 2,Hepatocyte 3,,,6.42707125628452e-07,1.00641529744341e-06,aih_only,0,2,0,2,,8.24561211535932e-07,,,6.42707125628452e-07,1.00641529744341e-06,,FALSE,FALSE,FALSE,FALSE,,AIH
CD80-CTLA4,Macrophage 2,Hepatocyte 4,,,5.27707142700119e-07,1.15865920419619e-06,aih_only,0,2,0,2,,8.43183173448155e-07,,,5.27707142700119e-07,1.15865920419619e-06,,FALSE,FALSE,FALSE,FALSE,,AIH
CD80-CTLA4,Macrophage 2,Ig+ hepatocyte,,,2.03881257514844e-06,1.67278241640877e-06,aih_only,0,2,0,2,,1.8557974957786e-06,,,1.67278241640877e-06,2.03881257514844e-06,,FALSE,FALSE,FALSE,FALSE,,AIH
CD80-CTLA4,Macrophage 2,IgG+ B cell,,,9.57665660270213e-07,1.89956777276796e-06,aih_only,0,2,0,2,,1.42861671651909e-06,,,9.57665660270213e-07,1.89956777276796e-06,,FALSE,FALSE,FALSE,FALSE,,AIH
CD80-CTLA4,Macrophage 2,IgG+ plasmablast / plasma cell,,,1.66747202320838e-06,3.23820874253449e-06,aih_only,0,2,0,2,,2.45284038287144e-06,,,1.66747202320838e-06,3.23820874253449e-06,,FALSE,FALSE,FALSE,FALSE,,AIH
CD80-CTLA4,Macrophage 2,IgM+ B cell,,,1.37912125504927e-06,3.94245884924808e-06,aih_only,0,2,0,2,,2.66079005214867e-06,,,1.37912125504927e-06,3.94245884924808e-06,,FALSE,FALSE,FALSE,FALSE,,AIH
CD80-CTLA4,Macrophage 2,Macrophage 1,,,1.13928412720692e-06,1.68342381171684e-06,aih_only,0,2,0,2,,1.41135396946188e-06,,,1.13928412720692e-06,1.68342381171684e-06,,FALSE,FALSE,FALSE,FALSE,,AIH
CD80-CTLA4,Macrophage 2,Macrophage 2,,,9.00428794903313e-07,2.36346281497242e-06,aih_only,0,2,0,2,,1.63194580493787e-06,,,9.00428794903313e-07,2.36346281497242e-06,,FALSE,FALSE,FALSE,FALSE,,AIH
CD80-CTLA4,Macrophage 2,Sinusoidal endothelial cell,,,6.36989579228325e-07,1.33479800873052e-06,aih_only,0,2,0,2,,9.85893793979421e-07,,,6.36989579228325e-07,1.33479800873052e-06,,FALSE,FALSE,FALSE,FALSE,,AIH
CD80-CTLA4,Macrophage 2,Stellate cell,,,9.27305345719322e-07,1.58575371560781e-06,aih_only,0,2,0,2,,1.25652953066357e-06,,,9.27305345719322e-07,1.58575371560781e-06,,FALSE,FALSE,FALSE,FALSE,,AIH
CD80-CTLA4,Macrophage 2,Vascular endothelial cell,,,6.8693473529855e-07,1.7355732140723e-06,aih_only,0,2,0,2,,1.21125397468542e-06,,,6.8693473529855e-07,1.7355732140723e-06,,FALSE,FALSE,FALSE,FALSE,,AIH
CD80-CTLA4,Sinusoidal endothelial cell,CD4+ T cell,,,3.67092953243882e-06,5.26895724997441e-06,aih_only,0,2,0,2,,4.46994339120662e-06,,,3.67092953243882e-06,5.26895724997441e-06,,FALSE,FALSE,FALSE,FALSE,,AIH
CD80-CTLA4,Sinusoidal endothelial cell,CD8+ T cell 1,,,4.56067461886249e-06,4.27885825203727e-06,aih_only,0,2,0,2,,4.41976643544988e-06,,,4.27885825203727e-06,4.56067461886249e-06,,FALSE,FALSE,FALSE,FALSE,,AIH
CD80-CTLA4,Sinusoidal endothelial cell,CD8+ T cell 2,,,8.52438464420521e-06,8.50472960025753e-06,aih_only,0,2,0,2,,8.51455712223137e-06,,,8.50472960025753e-06,8.52438464420521e-06,,FALSE,FALSE,FALSE,FALSE,,AIH
CD80-CTLA4,Sinusoidal endothelial cell,CD8+ T cell 3,,,4.08114148314802e-06,6.02011792271322e-06,aih_only,0,2,0,2,,5.05062970293062e-06,,,4.08114148314802e-06,6.02011792271322e-06,,FALSE,FALSE,FALSE,FALSE,,AIH
CD80-CTLA4,Sinusoidal endothelial cell,Cholangiocyte,,,4.47435506409416e-07,6.38760629713726e-07,aih_only,0,2,0,2,,5.43098068061571e-07,,,4.47435506409416e-07,6.38760629713726e-07,,FALSE,FALSE,FALSE,FALSE,,AIH
CD80-CTLA4,Sinusoidal endothelial cell,Hepatocyte 1,,,9.59693935351902e-07,5.86602341561586e-07,aih_only,0,2,0,2,,7.73148138456744e-07,,,5.86602341561586e-07,9.59693935351902e-07,,FALSE,FALSE,FALSE,FALSE,,AIH
CD80-CTLA4,Sinusoidal endothelial cell,Hepatocyte 2,,,4.12106298437136e-07,4.99939053497177e-07,aih_only,0,2,0,2,,4.56022675967156e-07,,,4.12106298437136e-07,4.99939053497177e-07,,FALSE,FALSE,FALSE,FALSE,,AIH
CD80-CTLA4,Sinusoidal endothelial cell,Hepatocyte 3,,,1.16745137113589e-06,9.80238432466111e-07,aih_only,0,2,0,2,,1.073844901801e-06,,,9.80238432466111e-07,1.16745137113589e-06,,FALSE,FALSE,FALSE,FALSE,,AIH
CD80-CTLA4,Sinusoidal endothelial cell,Hepatocyte 4,,,7.17909569366238e-07,9.02145915132893e-07,aih_only,0,2,0,2,,8.10027742249566e-07,,,7.17909569366238e-07,9.02145915132893e-07,,FALSE,FALSE,FALSE,FALSE,,AIH
CD80-CTLA4,Sinusoidal endothelial cell,Ig+ hepatocyte,,,2.01401427028474e-06,5.3766048913233e-07,aih_only,0,2,0,2,,1.27583737970854e-06,,,5.3766048913233e-07,2.01401427028474e-06,,FALSE,FALSE,FALSE,FALSE,,AIH
CD80-CTLA4,Sinusoidal endothelial cell,IgG+ B cell,,,5.6072507250211e-07,6.30480436868358e-07,aih_only,0,2,0,2,,5.95602754685234e-07,,,5.6072507250211e-07,6.30480436868358e-07,,FALSE,FALSE,FALSE,FALSE,,AIH
CD80-CTLA4,Sinusoidal endothelial cell,IgG+ plasmablast / plasma cell,,,1.0027056372819e-06,9.35176686573769e-07,aih_only,0,2,0,2,,9.68941161927835e-07,,,9.35176686573769e-07,1.0027056372819e-06,,FALSE,FALSE,FALSE,FALSE,,AIH
CD80-CTLA4,Sinusoidal endothelial cell,IgM+ B cell,,,3.33235664690144e-07,5.58002574071285e-07,aih_only,0,2,0,2,,4.45619119380715e-07,,,3.33235664690144e-07,5.58002574071285e-07,,FALSE,FALSE,FALSE,FALSE,,AIH
CD80-CTLA4,Sinusoidal endothelial cell,Macrophage 1,,,1.3768642889398e-06,1.17198313242932e-06,aih_only,0,2,0,2,,1.27442371068456e-06,,,1.17198313242932e-06,1.3768642889398e-06,,FALSE,FALSE,FALSE,FALSE,,AIH
CD80-CTLA4,Sinusoidal endothelial cell,Macrophage 2,,,5.19247445719338e-07,7.58817861902971e-07,aih_only,0,2,0,2,,6.39032653811154e-07,,,5.19247445719338e-07,7.58817861902971e-07,,FALSE,FALSE,FALSE,FALSE,,AIH
CD80-CTLA4,Sinusoidal endothelial cell,Sinusoidal endothelial cell,,,2.13133074522737e-06,1.57274059889291e-06,aih_only,0,2,0,2,,1.85203567206014e-06,,,1.57274059889291e-06,2.13133074522737e-06,,FALSE,FALSE,FALSE,FALSE,,AIH
CD80-CTLA4,Sinusoidal endothelial cell,Stellate cell,,,7.02112426469887e-07,5.62819764898437e-07,aih_only,0,2,0,2,,6.32466095684162e-07,,,5.62819764898437e-07,7.02112426469887e-07,,FALSE,FALSE,FALSE,FALSE,,AIH
CD80-CTLA4,Sinusoidal endothelial cell,Vascular endothelial cell,,,1.70411894399748e-07,2.38681393485785e-07,aih_only,0,2,0,2,,2.04546643942767e-07,,,1.70411894399748e-07,2.38681393485785e-07,,FALSE,FALSE,FALSE,FALSE,,AIH
CD80-CTLA4,Stellate cell,CD4+ T cell,,,5.63651354536972e-06,6.75216956863185e-06,aih_only,0,2,0,2,,6.19434155700078e-06,,,5.63651354536972e-06,6.75216956863185e-06,,FALSE,FALSE,FALSE,FALSE,,AIH
CD80-CTLA4,Stellate cell,CD8+ T cell 1,,,2.65244728073319e-06,2.59838303628082e-06,aih_only,0,2,0,2,,2.625415158507e-06,,,2.59838303628082e-06,2.65244728073319e-06,,FALSE,FALSE,FALSE,FALSE,,AIH
CD80-CTLA4,Stellate cell,CD8+ T cell 2,,,3.28965818562264e-06,4.50230151567051e-06,aih_only,0,2,0,2,,3.89597985064658e-06,,,3.28965818562264e-06,4.50230151567051e-06,,FALSE,FALSE,FALSE,FALSE,,AIH
CD80-CTLA4,Stellate cell,CD8+ T cell 3,,,2.66076913329656e-06,3.92342031366369e-06,aih_only,0,2,0,2,,3.29209472348012e-06,,,2.66076913329656e-06,3.92342031366369e-06,,FALSE,FALSE,FALSE,FALSE,,AIH
CD80-CTLA4,Stellate cell,Cholangiocyte,,,6.48381474628909e-07,9.53186772481569e-07,aih_only,0,2,0,2,,8.00784123555239e-07,,,6.48381474628909e-07,9.53186772481569e-07,,FALSE,FALSE,FALSE,FALSE,,AIH
CD80-CTLA4,Stellate cell,Hepatocyte 1,,,3.19312284542846e-07,3.63729078705837e-07,aih_only,0,2,0,2,,3.41520681624342e-07,,,3.19312284542846e-07,3.63729078705837e-07,,FALSE,FALSE,FALSE,FALSE,,AIH
CD80-CTLA4,Stellate cell,Hepatocyte 2,,,2.15635462714019e-07,1.89365478086187e-07,aih_only,0,2,0,2,,2.02500470400103e-07,,,1.89365478086187e-07,2.15635462714019e-07,,FALSE,FALSE,FALSE,FALSE,,AIH
CD80-CTLA4,Stellate cell,Hepatocyte 3,,,2.44748947118295e-07,4.28694991391616e-07,aih_only,0,2,0,2,,3.36721969254955e-07,,,2.44748947118295e-07,4.28694991391616e-07,,FALSE,FALSE,FALSE,FALSE,,AIH
CD80-CTLA4,Stellate cell,Hepatocyte 4,,,5.22413686154485e-07,2.42676565883714e-07,aih_only,0,2,0,2,,3.82545126019099e-07,,,2.42676565883714e-07,5.22413686154485e-07,,FALSE,FALSE,FALSE,FALSE,,AIH
CD80-CTLA4,Stellate cell,Ig+ hepatocyte,,,7.8799948466506e-07,7.56156486919472e-07,aih_only,0,2,0,2,,7.72077985792266e-07,,,7.56156486919472e-07,7.8799948466506e-07,,FALSE,FALSE,FALSE,FALSE,,AIH
CD80-CTLA4,Stellate cell,IgG+ B cell,,,4.60355886036504e-07,1.03598063572826e-06,aih_only,0,2,0,2,,7.48168260882385e-07,,,4.60355886036504e-07,1.03598063572826e-06,,FALSE,FALSE,FALSE,FALSE,,AIH
CD80-CTLA4,Stellate cell,IgG+ plasmablast / plasma cell,,,1.08701438982903e-06,1.28121673606382e-06,aih_only,0,2,0,2,,1.18411556294642e-06,,,1.08701438982903e-06,1.28121673606382e-06,,FALSE,FALSE,FALSE,FALSE,,AIH
CD80-CTLA4,Stellate cell,IgM+ B cell,,,1.10111708056293e-06,2.14704504664566e-06,aih_only,0,2,0,2,,1.6240810636043e-06,,,1.10111708056293e-06,2.14704504664566e-06,,FALSE,FALSE,FALSE,FALSE,,AIH
CD80-CTLA4,Stellate cell,Macrophage 1,,,8.15277188190627e-07,7.6577150525985e-07,aih_only,0,2,0,2,,7.90524346725239e-07,,,7.6577150525985e-07,8.15277188190627e-07,,FALSE,FALSE,FALSE,FALSE,,AIH
CD80-CTLA4,Stellate cell,Macrophage 2,,,4.77151612989034e-07,8.14675809646493e-07,aih_only,0,2,0,2,,6.45913711317764e-07,,,4.77151612989034e-07,8.14675809646493e-07,,FALSE,FALSE,FALSE,FALSE,,AIH
CD80-CTLA4,Stellate cell,Sinusoidal endothelial cell,,,5.40503936105809e-07,4.40307717535028e-07,aih_only,0,2,0,2,,4.90405826820419e-07,,,4.40307717535028e-07,5.40503936105809e-07,,FALSE,FALSE,FALSE,FALSE,,AIH
CD80-CTLA4,Stellate cell,Stellate cell,,,9.187709353401e-07,1.08009714139032e-06,aih_only,0,2,0,2,,9.99434038365208e-07,,,9.187709353401e-07,1.08009714139032e-06,,FALSE,FALSE,FALSE,FALSE,,AIH
CD80-CTLA4,Stellate cell,Vascular endothelial cell,,,4.01113940249171e-07,7.19962865736858e-07,aih_only,0,2,0,2,,5.60538402993015e-07,,,4.01113940249171e-07,7.19962865736858e-07,,FALSE,FALSE,FALSE,FALSE,,AIH
CD80-CTLA4,Vascular endothelial cell,CD4+ T cell,,,9.71356704986268e-06,6.56048863075293e-06,aih_only,0,2,0,2,,8.1370278403078e-06,,,6.56048863075293e-06,9.71356704986268e-06,,FALSE,FALSE,FALSE,FALSE,,AIH
CD80-CTLA4,Vascular endothelial cell,CD8+ T cell 1,,,1.73143312389227e-06,8.48408530954953e-07,aih_only,0,2,0,2,,1.28992082742361e-06,,,8.48408530954953e-07,1.73143312389227e-06,,FALSE,FALSE,FALSE,FALSE,,AIH
CD80-CTLA4,Vascular endothelial cell,CD8+ T cell 2,,,1.04200078418853e-06,1.05814025962209e-06,aih_only,0,2,0,2,,1.05007052190531e-06,,,1.04200078418853e-06,1.05814025962209e-06,,FALSE,FALSE,FALSE,FALSE,,AIH
CD80-CTLA4,Vascular endothelial cell,CD8+ T cell 3,,,2.87845685881623e-06,1.34364368313217e-06,aih_only,0,2,0,2,,2.1110502709742e-06,,,1.34364368313217e-06,2.87845685881623e-06,,FALSE,FALSE,FALSE,FALSE,,AIH
CD80-CTLA4,Vascular endothelial cell,Cholangiocyte,,,4.99943251437134e-07,3.80912397565438e-07,aih_only,0,2,0,2,,4.40427824501286e-07,,,3.80912397565438e-07,4.99943251437134e-07,,FALSE,FALSE,FALSE,FALSE,,AIH
CD80-CTLA4,Vascular endothelial cell,Hepatocyte 1,,,1.08612517358339e-07,5.33435450592376e-08,aih_only,0,2,0,2,,8.09780312087884e-08,,,5.33435450592376e-08,1.08612517358339e-07,,FALSE,FALSE,FALSE,FALSE,,AIH
CD80-CTLA4,Vascular endothelial cell,Hepatocyte 2,,,4.67468896755449e-08,1.40974653961609e-08,aih_only,0,2,0,2,,3.04221775358529e-08,,,1.40974653961609e-08,4.67468896755449e-08,,FALSE,FALSE,FALSE,FALSE,,AIH
CD80-CTLA4,Vascular endothelial cell,Hepatocyte 3,,,6.34117138756907e-07,3.31581780548811e-07,aih_only,0,2,0,2,,4.82849459652859e-07,,,3.31581780548811e-07,6.34117138756907e-07,,FALSE,FALSE,FALSE,FALSE,,AIH
CD80-CTLA4,Vascular endothelial cell,Hepatocyte 4,,,1.78508281622263e-08,2.61755343792217e-08,aih_only,0,2,0,2,,2.2013181270724e-08,,,1.78508281622263e-08,2.61755343792217e-08,,FALSE,FALSE,FALSE,FALSE,,AIH
CD80-CTLA4,Vascular endothelial cell,Ig+ hepatocyte,,,1.08490149833559e-07,9.51584867092144e-08,aih_only,0,2,0,2,,1.01824318271387e-07,,,9.51584867092144e-08,1.08490149833559e-07,,FALSE,FALSE,FALSE,FALSE,,AIH
CD80-CTLA4,Vascular endothelial cell,IgG+ B cell,,,7.21360954985232e-07,5.36253515960741e-07,aih_only,0,2,0,2,,6.28807235472986e-07,,,5.36253515960741e-07,7.21360954985232e-07,,FALSE,FALSE,FALSE,FALSE,,AIH
CD80-CTLA4,Vascular endothelial cell,IgG+ plasmablast / plasma cell,,,1.63378792984276e-06,8.93491478122851e-07,aih_only,0,2,0,2,,1.26363970398281e-06,,,8.93491478122851e-07,1.63378792984276e-06,,FALSE,FALSE,FALSE,FALSE,,AIH
CD80-CTLA4,Vascular endothelial cell,IgM+ B cell,,,1.86709069470863e-06,2.40508054605945e-06,aih_only,0,2,0,2,,2.13608562038404e-06,,,1.86709069470863e-06,2.40508054605945e-06,,FALSE,FALSE,FALSE,FALSE,,AIH
CD80-CTLA4,Vascular endothelial cell,Macrophage 1,,,7.35106676889094e-07,1.38318060847456e-07,aih_only,0,2,0,2,,4.36712368868275e-07,,,1.38318060847456e-07,7.35106676889094e-07,,FALSE,FALSE,FALSE,FALSE,,AIH
CD80-CTLA4,Vascular endothelial cell,Macrophage 2,,,6.90922372691248e-07,4.36967319495437e-07,aih_only,0,2,0,2,,5.63944846093342e-07,,,4.36967319495437e-07,6.90922372691248e-07,,FALSE,FALSE,FALSE,FALSE,,AIH
CD80-CTLA4,Vascular endothelial cell,Sinusoidal endothelial cell,,,8.67903104436227e-08,1.70150202707451e-07,aih_only,0,2,0,2,,1.28470256575537e-07,,,8.67903104436227e-08,1.70150202707451e-07,,FALSE,FALSE,FALSE,FALSE,,AIH
CD80-CTLA4,Vascular endothelial cell,Stellate cell,,,1.00635339958245e-06,5.569163166053e-07,aih_only,0,2,0,2,,7.81634858093876e-07,,,5.569163166053e-07,1.00635339958245e-06,,FALSE,FALSE,FALSE,FALSE,,AIH
CD80-CTLA4,Vascular endothelial cell,Vascular endothelial cell,,,2.18915763906706e-06,1.26382161738274e-06,aih_only,0,2,0,2,,1.7264896282249e-06,,,1.26382161738274e-06,2.18915763906706e-06,,FALSE,FALSE,FALSE,FALSE,,AIH
CD86-CD28,CD4+ T cell,CD4+ T cell,,,6.61271876437318e-05,8.53879177662172e-05,aih_only,0,2,0,2,,7.57575527049745e-05,,,6.61271876437318e-05,8.53879177662172e-05,,FALSE,FALSE,FALSE,FALSE,,AIH
CD86-CD28,CD4+ T cell,CD8+ T cell 1,,,1.08866478327532e-05,1.48731737885859e-05,aih_only,0,2,0,2,,1.28799108106696e-05,,,1.08866478327532e-05,1.48731737885859e-05,,FALSE,FALSE,FALSE,FALSE,,AIH
CD86-CD28,CD4+ T cell,CD8+ T cell 2,,,3.44474367869377e-06,7.27347204118048e-06,aih_only,0,2,0,2,,5.35910785993712e-06,,,3.44474367869377e-06,7.27347204118048e-06,,FALSE,FALSE,FALSE,FALSE,,AIH
CD86-CD28,CD4+ T cell,CD8+ T cell 3,,,1.02626047698763e-05,1.46467568823939e-05,aih_only,0,2,0,2,,1.24546808261351e-05,,,1.02626047698763e-05,1.46467568823939e-05,,FALSE,FALSE,FALSE,FALSE,,AIH
CD86-CD28,CD4+ T cell,Cholangiocyte,,,2.37057733482068e-06,3.21586633654437e-06,aih_only,0,2,0,2,,2.79322183568252e-06,,,2.37057733482068e-06,3.21586633654437e-06,,FALSE,FALSE,FALSE,FALSE,,AIH
CD86-CD28,CD4+ T cell,Hepatocyte 1,,,3.38030173196945e-07,7.8127825475206e-07,aih_only,0,2,0,2,,5.59654213974503e-07,,,3.38030173196945e-07,7.8127825475206e-07,,FALSE,FALSE,FALSE,FALSE,,AIH
CD86-CD28,CD4+ T cell,Hepatocyte 2,,,2.28078820698414e-07,3.36602650910423e-07,aih_only,0,2,0,2,,2.82340735804419e-07,,,2.28078820698414e-07,3.36602650910423e-07,,FALSE,FALSE,FALSE,FALSE,,AIH
CD86-CD28,CD4+ T cell,Hepatocyte 3,,,1.05979417049486e-06,9.75715098306518e-07,aih_only,0,2,0,2,,1.01775463440069e-06,,,9.75715098306518e-07,1.05979417049486e-06,,FALSE,FALSE,FALSE,FALSE,,AIH
CD86-CD28,CD4+ T cell,Hepatocyte 4,,,2.27851970864404e-07,5.53937252488827e-07,aih_only,0,2,0,2,,3.90894611676615e-07,,,2.27851970864404e-07,5.53937252488827e-07,,FALSE,FALSE,FALSE,FALSE,,AIH
CD86-CD28,CD4+ T cell,Ig+ hepatocyte,,,2.03001385970604e-06,1.65350494564103e-06,aih_only,0,2,0,2,,1.84175940267353e-06,,,1.65350494564103e-06,2.03001385970604e-06,,FALSE,FALSE,FALSE,FALSE,,AIH
CD86-CD28,CD4+ T cell,IgG+ B cell,,,2.97219174909572e-06,4.25080694630854e-06,aih_only,0,2,0,2,,3.61149934770213e-06,,,2.97219174909572e-06,4.25080694630854e-06,,FALSE,FALSE,FALSE,FALSE,,AIH
CD86-CD28,CD4+ T cell,IgG+ plasmablast / plasma cell,,,4.67101592676834e-06,7.68966060138363e-06,aih_only,0,2,0,2,,6.18033826407598e-06,,,4.67101592676834e-06,7.68966060138363e-06,,FALSE,FALSE,FALSE,FALSE,,AIH
CD86-CD28,CD4+ T cell,IgM+ B cell,,,1.31409407119988e-05,3.19197416797331e-05,aih_only,0,2,0,2,,2.2530341195866e-05,,,1.31409407119988e-05,3.19197416797331e-05,,FALSE,FALSE,FALSE,FALSE,,AIH
CD86-CD28,CD4+ T cell,Macrophage 1,,,2.29999322675134e-06,2.09500763187976e-06,aih_only,0,2,0,2,,2.19750042931555e-06,,,2.09500763187976e-06,2.29999322675134e-06,,FALSE,FALSE,FALSE,FALSE,,AIH
CD86-CD28,CD4+ T cell,Macrophage 2,,,2.88868544654776e-06,3.39145338965441e-06,aih_only,0,2,0,2,,3.14006941810108e-06,,,2.88868544654776e-06,3.39145338965441e-06,,FALSE,FALSE,FALSE,FALSE,,AIH
CD86-CD28,CD4+ T cell,Sinusoidal endothelial cell,,,9.71264903955905e-07,1.09535864837269e-06,aih_only,0,2,0,2,,1.0333117761643e-06,,,9.71264903955905e-07,1.09535864837269e-06,,FALSE,FALSE,FALSE,FALSE,,AIH
CD86-CD28,CD4+ T cell,Stellate cell,,,3.52771539791505e-06,5.05021169702077e-06,aih_only,0,2,0,2,,4.28896354746791e-06,,,3.52771539791505e-06,5.05021169702077e-06,,FALSE,FALSE,FALSE,FALSE,,AIH
CD86-CD28,CD4+ T cell,Vascular endothelial cell,,,3.70122389541441e-06,4.5283289133983e-06,aih_only,0,2,0,2,,4.11477640440635e-06,,,3.70122389541441e-06,4.5283289133983e-06,,FALSE,FALSE,FALSE,FALSE,,AIH
CD86-CD28,CD8+ T cell 1,CD4+ T cell,,,3.01758883161368e-05,3.53207963387115e-05,aih_only,0,2,0,2,,3.27483423274242e-05,,,3.01758883161368e-05,3.53207963387115e-05,,FALSE,FALSE,FALSE,FALSE,,AIH
CD86-CD28,CD8+ T cell 1,CD8+ T cell 1,,,1.94121353296326e-05,2.98256978645022e-05,aih_only,0,2,0,2,,2.46189165970674e-05,,,1.94121353296326e-05,2.98256978645022e-05,,FALSE,FALSE,FALSE,FALSE,,AIH
CD86-CD28,CD8+ T cell 1,CD8+ T cell 2,,,2.07191129631285e-05,2.2573765359416e-05,aih_only,0,2,0,2,,2.16464391612723e-05,,,2.07191129631285e-05,2.2573765359416e-05,,FALSE,FALSE,FALSE,FALSE,,AIH
CD86-CD28,CD8+ T cell 1,CD8+ T cell 3,,,1.56462287874251e-05,2.47908424966104e-05,aih_only,0,2,0,2,,2.02185356420178e-05,,,1.56462287874251e-05,2.47908424966104e-05,,FALSE,FALSE,FALSE,FALSE,,AIH
CD86-CD28,CD8+ T cell 1,Cholangiocyte,,,1.87129079076734e-06,2.21445382340452e-06,aih_only,0,2,0,2,,2.04287230708593e-06,,,1.87129079076734e-06,2.21445382340452e-06,,FALSE,FALSE,FALSE,FALSE,,AIH
CD86-CD28,CD8+ T cell 1,Hepatocyte 1,,,2.12886957569793e-06,2.30334563487253e-06,aih_only,0,2,0,2,,2.21610760528523e-06,,,2.12886957569793e-06,2.30334563487253e-06,,FALSE,FALSE,FALSE,FALSE,,AIH
CD86-CD28,CD8+ T cell 1,Hepatocyte 2,,,1.64869311695849e-06,1.03970898419471e-06,aih_only,0,2,0,2,,1.3442010505766e-06,,,1.03970898419471e-06,1.64869311695849e-06,,FALSE,FALSE,FALSE,FALSE,,AIH
CD86-CD28,CD8+ T cell 1,Hepatocyte 3,,,2.03357524768957e-06,3.2413448989897e-06,aih_only,0,2,0,2,,2.63746007333964e-06,,,2.03357524768957e-06,3.2413448989897e-06,,FALSE,FALSE,FALSE,FALSE,,AIH
CD86-CD28,CD8+ T cell 1,Hepatocyte 4,,,2.5844146610234e-06,2.14901287308477e-06,aih_only,0,2,0,2,,2.36671376705409e-06,,,2.14901287308477e-06,2.5844146610234e-06,,FALSE,FALSE,FALSE,FALSE,,AIH
CD86-CD28,CD8+ T cell 1,Ig+ hepatocyte,,,4.02377099210907e-06,3.50878252201932e-06,aih_only,0,2,0,2,,3.7662767570642e-06,,,3.50878252201932e-06,4.02377099210907e-06,,FALSE,FALSE,FALSE,FALSE,,AIH
CD86-CD28,CD8+ T cell 1,IgG+ B cell,,,2.28371495580516e-06,2.07327878633652e-06,aih_only,0,2,0,2,,2.17849687107084e-06,,,2.07327878633652e-06,2.28371495580516e-06,,FALSE,FALSE,FALSE,FALSE,,AIH
CD86-CD28,CD8+ T cell 1,IgG+ plasmablast / plasma cell,,,4.58374137076431e-06,4.75994627462197e-06,aih_only,0,2,0,2,,4.67184382269314e-06,,,4.58374137076431e-06,4.75994627462197e-06,,FALSE,FALSE,FALSE,FALSE,,AIH
CD86-CD28,CD8+ T cell 1,IgM+ B cell,,,4.19856440937797e-06,5.25114262205944e-06,aih_only,0,2,0,2,,4.7248535157187e-06,,,4.19856440937797e-06,5.25114262205944e-06,,FALSE,FALSE,FALSE,FALSE,,AIH
CD86-CD28,CD8+ T cell 1,Macrophage 1,,,4.25809516170873e-06,4.34140360679625e-06,aih_only,0,2,0,2,,4.29974938425249e-06,,,4.25809516170873e-06,4.34140360679625e-06,,FALSE,FALSE,FALSE,FALSE,,AIH
CD86-CD28,CD8+ T cell 1,Macrophage 2,,,2.05963006520759e-06,2.7825459478423e-06,aih_only,0,2,0,2,,2.42108800652494e-06,,,2.05963006520759e-06,2.7825459478423e-06,,FALSE,FALSE,FALSE,FALSE,,AIH
CD86-CD28,CD8+ T cell 1,Sinusoidal endothelial cell,,,3.211182957271e-06,3.83704204862482e-06,aih_only,0,2,0,2,,3.52411250294791e-06,,,3.211182957271e-06,3.83704204862482e-06,,FALSE,FALSE,FALSE,FALSE,,AIH
CD86-CD28,CD8+ T cell 1,Stellate cell,,,2.53441785014517e-06,3.4849834764804e-06,aih_only,0,2,0,2,,3.00970066331279e-06,,,2.53441785014517e-06,3.4849834764804e-06,,FALSE,FALSE,FALSE,FALSE,,AIH
CD86-CD28,CD8+ T cell 1,Vascular endothelial cell,,,1.40366571872127e-06,1.94337948498176e-06,aih_only,0,2,0,2,,1.67352260185151e-06,,,1.40366571872127e-06,1.94337948498176e-06,,FALSE,FALSE,FALSE,FALSE,,AIH
CD86-CD28,CD8+ T cell 2,CD4+ T cell,,,9.07372978061066e-06,1.52746508635278e-05,aih_only,0,2,0,2,,1.21741903220693e-05,,,9.07372978061066e-06,1.52746508635278e-05,,FALSE,FALSE,FALSE,FALSE,,AIH
CD86-CD28,CD8+ T cell 2,CD8+ T cell 1,,,9.85124997809773e-06,1.57927340142895e-05,aih_only,0,2,0,2,,1.28219919961936e-05,,,9.85124997809773e-06,1.57927340142895e-05,,FALSE,FALSE,FALSE,FALSE,,AIH
CD86-CD28,CD8+ T cell 2,CD8+ T cell 2,,,3.21365468383418e-05,3.40367634545901e-05,aih_only,0,2,0,2,,3.3086655146466e-05,,,3.21365468383418e-05,3.40367634545901e-05,,FALSE,FALSE,FALSE,FALSE,,AIH
CD86-CD28,CD8+ T cell 2,CD8+ T cell 3,,,1.21910529462807e-05,1.7939307729646e-05,aih_only,0,2,0,2,,1.50651803379633e-05,,,1.21910529462807e-05,1.7939307729646e-05,,FALSE,FALSE,FALSE,FALSE,,AIH
CD86-CD28,CD8+ T cell 2,Cholangiocyte,,,5.6620162747644e-07,1.20967152052548e-06,aih_only,0,2,0,2,,8.8793657400096e-07,,,5.6620162747644e-07,1.20967152052548e-06,,FALSE,FALSE,FALSE,FALSE,,AIH
CD86-CD28,CD8+ T cell 2,Hepatocyte 1,,,2.74840163305613e-06,1.79246671071117e-06,aih_only,0,2,0,2,,2.27043417188365e-06,,,1.79246671071117e-06,2.74840163305613e-06,,FALSE,FALSE,FALSE,FALSE,,AIH
CD86-CD28,CD8+ T cell 2,Hepatocyte 2,,,1.17724141964883e-06,1.01093760793728e-06,aih_only,0,2,0,2,,1.09408951379306e-06,,,1.01093760793728e-06,1.17724141964883e-06,,FALSE,FALSE,FALSE,FALSE,,AIH
CD86-CD28,CD8+ T cell 2,Hepatocyte 3,,,3.87866716846416e-06,3.19880309278786e-06,aih_only,0,2,0,2,,3.53873513062601e-06,,,3.19880309278786e-06,3.87866716846416e-06,,FALSE,FALSE,FALSE,FALSE,,AIH
CD86-CD28,CD8+ T cell 2,Hepatocyte 4,,,2.99550937769503e-06,2.14620957414944e-06,aih_only,0,2,0,2,,2.57085947592223e-06,,,2.14620957414944e-06,2.99550937769503e-06,,FALSE,FALSE,FALSE,FALSE,,AIH
CD86-CD28,CD8+ T cell 2,Ig+ hepatocyte,,,1.75268130610233e-06,2.18862915258097e-06,aih_only,0,2,0,2,,1.97065522934165e-06,,,1.75268130610233e-06,2.18862915258097e-06,,FALSE,FALSE,FALSE,FALSE,,AIH
CD86-CD28,CD8+ T cell 2,IgG+ B cell,,,3.30557338085549e-07,1.03003517882982e-06,aih_only,0,2,0,2,,6.80296258457683e-07,,,3.30557338085549e-07,1.03003517882982e-06,,FALSE,FALSE,FALSE,FALSE,,AIH
CD86-CD28,CD8+ T cell 2,IgG+ plasmablast / plasma cell,,,1.44095951408604e-06,2.12786549341653e-06,aih_only,0,2,0,2,,1.78441250375129e-06,,,1.44095951408604e-06,2.12786549341653e-06,,FALSE,FALSE,FALSE,FALSE,,AIH
CD86-CD28,CD8+ T cell 2,IgM+ B cell,,,8.20145244836286e-07,1.27699120928119e-06,aih_only,0,2,0,2,,1.04856822705874e-06,,,8.20145244836286e-07,1.27699120928119e-06,,FALSE,FALSE,FALSE,FALSE,,AIH
CD86-CD28,CD8+ T cell 2,Macrophage 1,,,2.22712359148348e-06,2.93501454729492e-06,aih_only,0,2,0,2,,2.5810690693892e-06,,,2.22712359148348e-06,2.93501454729492e-06,,FALSE,FALSE,FALSE,FALSE,,AIH
CD86-CD28,CD8+ T cell 2,Macrophage 2,,,5.43422471845854e-07,1.2471606707105e-06,aih_only,0,2,0,2,,8.95291571278175e-07,,,5.43422471845854e-07,1.2471606707105e-06,,FALSE,FALSE,FALSE,FALSE,,AIH
CD86-CD28,CD8+ T cell 2,Sinusoidal endothelial cell,,,1.37405646588148e-06,2.3004954729644e-06,aih_only,0,2,0,2,,1.83727596942294e-06,,,1.37405646588148e-06,2.3004954729644e-06,,FALSE,FALSE,FALSE,FALSE,,AIH
CD86-CD28,CD8+ T cell 2,Stellate cell,,,6.0597945495718e-07,1.62140587177837e-06,aih_only,0,2,0,2,,1.11369266336777e-06,,,6.0597945495718e-07,1.62140587177837e-06,,FALSE,FALSE,FALSE,FALSE,,AIH
CD86-CD28,CD8+ T cell 2,Vascular endothelial cell,,,3.79223024362007e-07,8.66585787744819e-07,aih_only,0,2,0,2,,6.22904406053413e-07,,,3.79223024362007e-07,8.66585787744819e-07,,FALSE,FALSE,FALSE,FALSE,,AIH
CD86-CD28,CD8+ T cell 3,CD4+ T cell,,,4.04609166025058e-05,3.84185885030314e-05,aih_only,0,2,0,2,,3.94397525527686e-05,,,3.84185885030314e-05,4.04609166025058e-05,,FALSE,FALSE,FALSE,FALSE,,AIH
CD86-CD28,CD8+ T cell 3,CD8+ T cell 1,,,2.41447927581992e-05,2.88611374690363e-05,aih_only,0,2,0,2,,2.65029651136178e-05,,,2.41447927581992e-05,2.88611374690363e-05,,FALSE,FALSE,FALSE,FALSE,,AIH
CD86-CD28,CD8+ T cell 3,CD8+ T cell 2,,,3.17343794590717e-05,2.94286424581085e-05,aih_only,0,2,0,2,,3.05815109585901e-05,,,2.94286424581085e-05,3.17343794590717e-05,,FALSE,FALSE,FALSE,FALSE,,AIH
CD86-CD28,CD8+ T cell 3,CD8+ T cell 3,,,7.55812307274948e-05,8.74326275360284e-05,aih_only,0,2,0,2,,8.15069291317616e-05,,,7.55812307274948e-05,8.74326275360284e-05,,FALSE,FALSE,FALSE,FALSE,,AIH
CD86-CD28,CD8+ T cell 3,Cholangiocyte,,,2.97205791136605e-06,2.54733183625789e-06,aih_only,0,2,0,2,,2.75969487381197e-06,,,2.54733183625789e-06,2.97205791136605e-06,,FALSE,FALSE,FALSE,FALSE,,AIH
CD86-CD28,CD8+ T cell 3,Hepatocyte 1,,,4.56101021129521e-06,2.90148357149354e-06,aih_only,0,2,0,2,,3.73124689139438e-06,,,2.90148357149354e-06,4.56101021129521e-06,,FALSE,FALSE,FALSE,FALSE,,AIH
CD86-CD28,CD8+ T cell 3,Hepatocyte 2,,,2.52564553476614e-06,1.46804917613184e-06,aih_only,0,2,0,2,,1.99684735544899e-06,,,1.46804917613184e-06,2.52564553476614e-06,,FALSE,FALSE,FALSE,FALSE,,AIH
CD86-CD28,CD8+ T cell 3,Hepatocyte 3,,,4.28018632078773e-06,4.96719402376382e-06,aih_only,0,2,0,2,,4.62369017227578e-06,,,4.28018632078773e-06,4.96719402376382e-06,,FALSE,FALSE,FALSE,FALSE,,AIH
CD86-CD28,CD8+ T cell 3,Hepatocyte 4,,,5.96394976455568e-06,3.44088667809549e-06,aih_only,0,2,0,2,,4.70241822132558e-06,,,3.44088667809549e-06,5.96394976455568e-06,,FALSE,FALSE,FALSE,FALSE,,AIH
CD86-CD28,CD8+ T cell 3,Ig+ hepatocyte,,,5.43972121799567e-06,3.3428138026026e-06,aih_only,0,2,0,2,,4.39126751029913e-06,,,3.3428138026026e-06,5.43972121799567e-06,,FALSE,FALSE,FALSE,FALSE,,AIH
CD86-CD28,CD8+ T cell 3,IgG+ B cell,,,2.32028262661978e-06,1.65962545938738e-06,aih_only,0,2,0,2,,1.98995404300358e-06,,,1.65962545938738e-06,2.32028262661978e-06,,FALSE,FALSE,FALSE,FALSE,,AIH
CD86-CD28,CD8+ T cell 3,IgG+ plasmablast / plasma cell,,,5.58585040603245e-06,4.15561391190448e-06,aih_only,0,2,0,2,,4.87073215896847e-06,,,4.15561391190448e-06,5.58585040603245e-06,,FALSE,FALSE,FALSE,FALSE,,AIH
CD86-CD28,CD8+ T cell 3,IgM+ B cell,,,5.23787938263632e-06,6.9077711960677e-06,aih_only,0,2,0,2,,6.07282528935201e-06,,,5.23787938263632e-06,6.9077711960677e-06,,FALSE,FALSE,FALSE,FALSE,,AIH
CD86-CD28,CD8+ T cell 3,Macrophage 1,,,5.21117172120985e-06,5.54343450615616e-06,aih_only,0,2,0,2,,5.37730311368301e-06,,,5.21117172120985e-06,5.54343450615616e-06,,FALSE,FALSE,FALSE,FALSE,,AIH
CD86-CD28,CD8+ T cell 3,Macrophage 2,,,3.19156871611196e-06,3.78690600958525e-06,aih_only,0,2,0,2,,3.48923736284861e-06,,,3.19156871611196e-06,3.78690600958525e-06,,FALSE,FALSE,FALSE,FALSE,,AIH
CD86-CD28,CD8+ T cell 3,Sinusoidal endothelial cell,,,4.37876525393432e-06,3.77891132460309e-06,aih_only,0,2,0,2,,4.07883828926871e-06,,,3.77891132460309e-06,4.37876525393432e-06,,FALSE,FALSE,FALSE,FALSE,,AIH
CD86-CD28,CD8+ T cell 3,Stellate cell,,,3.90565847219219e-06,3.96704970371858e-06,aih_only,0,2,0,2,,3.93635408795538e-06,,,3.90565847219219e-06,3.96704970371858e-06,,FALSE,FALSE,FALSE,FALSE,,AIH
CD86-CD28,CD8+ T cell 3,Vascular endothelial cell,,,1.38941510654233e-06,3.3575691345376e-06,aih_only,0,2,0,2,,2.37349212053997e-06,,,1.38941510654233e-06,3.3575691345376e-06,,FALSE,FALSE,FALSE,FALSE,,AIH
CD86-CD28,Cholangiocyte,CD4+ T cell,,,3.38442029901158e-05,2.56732235228802e-05,aih_only,0,2,0,2,,2.9758713256498e-05,,,2.56732235228802e-05,3.38442029901158e-05,,FALSE,FALSE,FALSE,FALSE,,AIH
CD86-CD28,Cholangiocyte,CD8+ T cell 1,,,8.19556458377902e-06,8.95041878117138e-06,aih_only,0,2,0,2,,8.5729916824752e-06,,,8.19556458377902e-06,8.95041878117138e-06,,FALSE,FALSE,FALSE,FALSE,,AIH
CD86-CD28,Cholangiocyte,CD8+ T cell 2,,,2.68388075435551e-06,4.98731935423364e-06,aih_only,0,2,0,2,,3.83560005429457e-06,,,2.68388075435551e-06,4.98731935423364e-06,,FALSE,FALSE,FALSE,FALSE,,AIH
CD86-CD28,Cholangiocyte,CD8+ T cell 3,,,5.95695487806949e-06,1.00595159056825e-05,aih_only,0,2,0,2,,8.00823539187602e-06,,,5.95695487806949e-06,1.00595159056825e-05,,FALSE,FALSE,FALSE,FALSE,,AIH
CD86-CD28,Cholangiocyte,Cholangiocyte,,,6.53810193876611e-06,6.02078902843298e-06,aih_only,0,2,0,2,,6.27944548359955e-06,,,6.02078902843298e-06,6.53810193876611e-06,,FALSE,FALSE,FALSE,FALSE,,AIH
CD86-CD28,Cholangiocyte,Hepatocyte 1,,,2.19812708497571e-07,3.23650512065936e-07,aih_only,0,2,0,2,,2.71731610281754e-07,,,2.19812708497571e-07,3.23650512065936e-07,,FALSE,FALSE,FALSE,FALSE,,AIH
CD86-CD28,Cholangiocyte,Hepatocyte 2,,,1.0755797723683e-07,2.17915264382427e-07,aih_only,0,2,0,2,,1.62736620809629e-07,,,1.0755797723683e-07,2.17915264382427e-07,,FALSE,FALSE,FALSE,FALSE,,AIH
CD86-CD28,Cholangiocyte,Hepatocyte 3,,,7.95849828049455e-07,1.06463485235771e-06,aih_only,0,2,0,2,,9.30242340203584e-07,,,7.95849828049455e-07,1.06463485235771e-06,,FALSE,FALSE,FALSE,FALSE,,AIH
CD86-CD28,Cholangiocyte,Hepatocyte 4,,,1.03029397769651e-07,3.45594055919769e-07,aih_only,0,2,0,2,,2.2431172684471e-07,,,1.03029397769651e-07,3.45594055919769e-07,,FALSE,FALSE,FALSE,FALSE,,AIH
CD86-CD28,Cholangiocyte,Ig+ hepatocyte,,,3.04838421648437e-06,1.1614483141008e-06,aih_only,0,2,0,2,,2.10491626529259e-06,,,1.1614483141008e-06,3.04838421648437e-06,,FALSE,FALSE,FALSE,FALSE,,AIH
CD86-CD28,Cholangiocyte,IgG+ B cell,,,3.18943994166024e-06,2.30577624265587e-06,aih_only,0,2,0,2,,2.74760809215805e-06,,,2.30577624265587e-06,3.18943994166024e-06,,FALSE,FALSE,FALSE,FALSE,,AIH
CD86-CD28,Cholangiocyte,IgG+ plasmablast / plasma cell,,,3.98379996548433e-06,4.42472056318159e-06,aih_only,0,2,0,2,,4.20426026433296e-06,,,3.98379996548433e-06,4.42472056318159e-06,,FALSE,FALSE,FALSE,FALSE,,AIH
CD86-CD28,Cholangiocyte,IgM+ B cell,,,4.73648192067686e-06,8.41420956830323e-06,aih_only,0,2,0,2,,6.57534574449004e-06,,,4.73648192067686e-06,8.41420956830323e-06,,FALSE,FALSE,FALSE,FALSE,,AIH
CD86-CD28,Cholangiocyte,Macrophage 1,,,1.21794793998607e-06,1.11887775901734e-06,aih_only,0,2,0,2,,1.16841284950171e-06,,,1.11887775901734e-06,1.21794793998607e-06,,FALSE,FALSE,FALSE,FALSE,,AIH
CD86-CD28,Cholangiocyte,Macrophage 2,,,2.57869367955191e-06,1.92013127112045e-06,aih_only,0,2,0,2,,2.24941247533618e-06,,,1.92013127112045e-06,2.57869367955191e-06,,FALSE,FALSE,FALSE,FALSE,,AIH
CD86-CD28,Cholangiocyte,Sinusoidal endothelial cell,,,4.20854373505691e-07,9.02649140596124e-07,aih_only,0,2,0,2,,6.61751757050908e-07,,,4.20854373505691e-07,9.02649140596124e-07,,FALSE,FALSE,FALSE,FALSE,,AIH
CD86-CD28,Cholangiocyte,Stellate cell,,,2.65388159354327e-06,2.72406067199712e-06,aih_only,0,2,0,2,,2.68897113277019e-06,,,2.65388159354327e-06,2.72406067199712e-06,,FALSE,FALSE,FALSE,FALSE,,AIH
CD86-CD28,Cholangiocyte,Vascular endothelial cell,,,2.06338045024595e-06,1.75973457148975e-06,aih_only,0,2,0,2,,1.91155751086785e-06,,,1.75973457148975e-06,2.06338045024595e-06,,FALSE,FALSE,FALSE,FALSE,,AIH
CD86-CD28,Hepatocyte 1,CD4+ T cell,,,5.61269864633919e-06,7.1593824223478e-06,aih_only,0,2,0,2,,6.38604053434349e-06,,,5.61269864633919e-06,7.1593824223478e-06,,FALSE,FALSE,FALSE,FALSE,,AIH
CD86-CD28,Hepatocyte 1,CD8+ T cell 1,,,5.87274882237953e-06,7.22559090619003e-06,aih_only,0,2,0,2,,6.54916986428478e-06,,,5.87274882237953e-06,7.22559090619003e-06,,FALSE,FALSE,FALSE,FALSE,,AIH
CD86-CD28,Hepatocyte 1,CD8+ T cell 2,,,1.31486463213451e-05,8.66775420325166e-06,aih_only,0,2,0,2,,1.09082002622984e-05,,,8.66775420325166e-06,1.31486463213451e-05,,FALSE,FALSE,FALSE,FALSE,,AIH
CD86-CD28,Hepatocyte 1,CD8+ T cell 3,,,6.32342559719633e-06,7.70183764720744e-06,aih_only,0,2,0,2,,7.01263162220189e-06,,,6.32342559719633e-06,7.70183764720744e-06,,FALSE,FALSE,FALSE,FALSE,,AIH
CD86-CD28,Hepatocyte 1,Cholangiocyte,,,3.28654364379403e-07,5.0193470902721e-07,aih_only,0,2,0,2,,4.15294536703307e-07,,,3.28654364379403e-07,5.0193470902721e-07,,FALSE,FALSE,FALSE,FALSE,,AIH
CD86-CD28,Hepatocyte 1,Hepatocyte 1,,,2.65233890924389e-06,1.15873352305884e-06,aih_only,0,2,0,2,,1.90553621615137e-06,,,1.15873352305884e-06,2.65233890924389e-06,,FALSE,FALSE,FALSE,FALSE,,AIH
CD86-CD28,Hepatocyte 1,Hepatocyte 2,,,1.03250626531904e-06,4.4097902334531e-07,aih_only,0,2,0,2,,7.36742644332177e-07,,,4.4097902334531e-07,1.03250626531904e-06,,FALSE,FALSE,FALSE,FALSE,,AIH
CD86-CD28,Hepatocyte 1,Hepatocyte 3,,,1.28560730191455e-06,1.46945698691457e-06,aih_only,0,2,0,2,,1.37753214441456e-06,,,1.28560730191455e-06,1.46945698691457e-06,,FALSE,FALSE,FALSE,FALSE,,AIH
CD86-CD28,Hepatocyte 1,Hepatocyte 4,,,1.30893792327846e-06,9.02135013510333e-07,aih_only,0,2,0,2,,1.1055364683944e-06,,,9.02135013510333e-07,1.30893792327846e-06,,FALSE,FALSE,FALSE,FALSE,,AIH
CD86-CD28,Hepatocyte 1,Ig+ hepatocyte,,,1.57242112194322e-06,1.22736296045103e-06,aih_only,0,2,0,2,,1.39989204119713e-06,,,1.22736296045103e-06,1.57242112194322e-06,,FALSE,FALSE,FALSE,FALSE,,AIH
CD86-CD28,Hepatocyte 1,IgG+ B cell,,,2.84054260288219e-07,3.68892373155561e-07,aih_only,0,2,0,2,,3.2647331672189e-07,,,2.84054260288219e-07,3.68892373155561e-07,,FALSE,FALSE,FALSE,FALSE,,AIH
CD86-CD28,Hepatocyte 1,IgG+ plasmablast / plasma cell,,,1.130581903071e-06,8.14996845320323e-07,aih_only,0,2,0,2,,9.72789374195661e-07,,,8.14996845320323e-07,1.130581903071e-06,,FALSE,FALSE,FALSE,FALSE,,AIH
CD86-CD28,Hepatocyte 1,IgM+ B cell,,,5.52328845398938e-07,9.46273223500289e-07,aih_only,0,2,0,2,,7.49301034449614e-07,,,5.52328845398938e-07,9.46273223500289e-07,,FALSE,FALSE,FALSE,FALSE,,AIH
CD86-CD28,Hepatocyte 1,Macrophage 1,,,1.26553435582506e-06,1.35258292703994e-06,aih_only,0,2,0,2,,1.3090586414325e-06,,,1.26553435582506e-06,1.35258292703994e-06,,FALSE,FALSE,FALSE,FALSE,,AIH
CD86-CD28,Hepatocyte 1,Macrophage 2,,,2.55922180259314e-07,7.09824943892941e-07,aih_only,0,2,0,2,,4.82873562076128e-07,,,2.55922180259314e-07,7.09824943892941e-07,,FALSE,FALSE,FALSE,FALSE,,AIH
CD86-CD28,Hepatocyte 1,Sinusoidal endothelial cell,,,9.65638833792242e-07,1.24384049278566e-06,aih_only,0,2,0,2,,1.10473966328895e-06,,,9.65638833792242e-07,1.24384049278566e-06,,FALSE,FALSE,FALSE,FALSE,,AIH
CD86-CD28,Hepatocyte 1,Stellate cell,,,4.64620289829961e-07,8.74001053363738e-07,aih_only,0,2,0,2,,6.6931067159685e-07,,,4.64620289829961e-07,8.74001053363738e-07,,FALSE,FALSE,FALSE,FALSE,,AIH
CD86-CD28,Hepatocyte 1,Vascular endothelial cell,,,2.228355032511e-07,3.56494542185425e-07,aih_only,0,2,0,2,,2.89665022718262e-07,,,2.228355032511e-07,3.56494542185425e-07,,FALSE,FALSE,FALSE,FALSE,,AIH
CD86-CD28,Hepatocyte 2,CD4+ T cell,,,4.65272518022523e-06,4.90664228203373e-06,aih_only,0,2,0,2,,4.77968373112948e-06,,,4.65272518022523e-06,4.90664228203373e-06,,FALSE,FALSE,FALSE,FALSE,,AIH
CD86-CD28,Hepatocyte 2,CD8+ T cell 1,,,4.07494984736433e-06,5.11956312903698e-06,aih_only,0,2,0,2,,4.59725648820066e-06,,,4.07494984736433e-06,5.11956312903698e-06,,FALSE,FALSE,FALSE,FALSE,,AIH
CD86-CD28,Hepatocyte 2,CD8+ T cell 2,,,1.23068735350439e-05,7.30126953631586e-06,aih_only,0,2,0,2,,9.80407153567987e-06,,,7.30126953631586e-06,1.23068735350439e-05,,FALSE,FALSE,FALSE,FALSE,,AIH
CD86-CD28,Hepatocyte 2,CD8+ T cell 3,,,4.56641525727965e-06,6.03445227298478e-06,aih_only,0,2,0,2,,5.30043376513221e-06,,,4.56641525727965e-06,6.03445227298478e-06,,FALSE,FALSE,FALSE,FALSE,,AIH
CD86-CD28,Hepatocyte 2,Cholangiocyte,,,1.77130895185385e-07,5.11858244563294e-07,aih_only,0,2,0,2,,3.4449456987434e-07,,,1.77130895185385e-07,5.11858244563294e-07,,FALSE,FALSE,FALSE,FALSE,,AIH
CD86-CD28,Hepatocyte 2,Hepatocyte 1,,,1.29819983045321e-06,7.09160365606962e-07,aih_only,0,2,0,2,,1.00368009803008e-06,,,7.09160365606962e-07,1.29819983045321e-06,,FALSE,FALSE,FALSE,FALSE,,AIH
CD86-CD28,Hepatocyte 2,Hepatocyte 2,,,1.44441557268053e-06,4.90373697810628e-07,aih_only,0,2,0,2,,9.6739463524558e-07,,,4.90373697810628e-07,1.44441557268053e-06,,FALSE,FALSE,FALSE,FALSE,,AIH
CD86-CD28,Hepatocyte 2,Hepatocyte 3,,,7.93232223984743e-07,1.15409502339464e-06,aih_only,0,2,0,2,,9.73663623689691e-07,,,7.93232223984743e-07,1.15409502339464e-06,,FALSE,FALSE,FALSE,FALSE,,AIH
CD86-CD28,Hepatocyte 2,Hepatocyte 4,,,1.77687690847021e-06,7.20855987044094e-07,aih_only,0,2,0,2,,1.24886644775715e-06,,,7.20855987044094e-07,1.77687690847021e-06,,FALSE,FALSE,FALSE,FALSE,,AIH
CD86-CD28,Hepatocyte 2,Ig+ hepatocyte,,,1.31697900509122e-06,5.61189550901005e-07,aih_only,0,2,0,2,,9.39084277996112e-07,,,5.61189550901005e-07,1.31697900509122e-06,,FALSE,FALSE,FALSE,FALSE,,AIH
CD86-CD28,Hepatocyte 2,IgG+ B cell,,,2.30257575372917e-07,3.88687815282398e-07,aih_only,0,2,0,2,,3.09472695327657e-07,,,2.30257575372917e-07,3.88687815282398e-07,,FALSE,FALSE,FALSE,FALSE,,AIH
CD86-CD28,Hepatocyte 2,IgG+ plasmablast / plasma cell,,,6.8671403322303e-07,5.1395532521079e-07,aih_only,0,2,0,2,,6.0033467921691e-07,,,5.1395532521079e-07,6.8671403322303e-07,,FALSE,FALSE,FALSE,FALSE,,AIH
CD86-CD28,Hepatocyte 2,IgM+ B cell,,,3.10476442810377e-07,4.5839305582239e-07,aih_only,0,2,0,2,,3.84434749316384e-07,,,3.10476442810377e-07,4.5839305582239e-07,,FALSE,FALSE,FALSE,FALSE,,AIH
CD86-CD28,Hepatocyte 2,Macrophage 1,,,8.71411942920076e-07,1.07043718852572e-06,aih_only,0,2,0,2,,9.70924565722896e-07,,,8.71411942920076e-07,1.07043718852572e-06,,FALSE,FALSE,FALSE,FALSE,,AIH
CD86-CD28,Hepatocyte 2,Macrophage 2,,,1.04970181297832e-07,5.00038046194998e-07,aih_only,0,2,0,2,,3.02504113746415e-07,,,1.04970181297832e-07,5.00038046194998e-07,,FALSE,FALSE,FALSE,FALSE,,AIH
CD86-CD28,Hepatocyte 2,Sinusoidal endothelial cell,,,8.48261199646445e-07,9.30633182903199e-07,aih_only,0,2,0,2,,8.89447191274822e-07,,,8.48261199646445e-07,9.30633182903199e-07,,FALSE,FALSE,FALSE,FALSE,,AIH
CD86-CD28,Hepatocyte 2,Stellate cell,,,3.7382789092322e-07,6.8906299640866e-07,aih_only,0,2,0,2,,5.3144544366594e-07,,,3.7382789092322e-07,6.8906299640866e-07,,FALSE,FALSE,FALSE,FALSE,,AIH
CD86-CD28,Hepatocyte 2,Vascular endothelial cell,,,6.82671893585682e-08,2.78663834680824e-07,aih_only,0,2,0,2,,1.73465512019696e-07,,,6.82671893585682e-08,2.78663834680824e-07,,FALSE,FALSE,FALSE,FALSE,,AIH
CD86-CD28,Hepatocyte 3,CD4+ T cell,,,5.23490469961023e-06,4.20163360185803e-06,aih_only,0,2,0,2,,4.71826915073413e-06,,,4.20163360185803e-06,5.23490469961023e-06,,FALSE,FALSE,FALSE,FALSE,,AIH
CD86-CD28,Hepatocyte 3,CD8+ T cell 1,,,4.18272346338501e-06,4.7296034517904e-06,aih_only,0,2,0,2,,4.4561634575877e-06,,,4.18272346338501e-06,4.7296034517904e-06,,FALSE,FALSE,FALSE,FALSE,,AIH
CD86-CD28,Hepatocyte 3,CD8+ T cell 2,,,8.0052073735025e-06,6.13795551168711e-06,aih_only,0,2,0,2,,7.07158144259481e-06,,,6.13795551168711e-06,8.0052073735025e-06,,FALSE,FALSE,FALSE,FALSE,,AIH
CD86-CD28,Hepatocyte 3,CD8+ T cell 3,,,5.46971962192631e-06,4.686026913174e-06,aih_only,0,2,0,2,,5.07787326755016e-06,,,4.686026913174e-06,5.46971962192631e-06,,FALSE,FALSE,FALSE,FALSE,,AIH
CD86-CD28,Hepatocyte 3,Cholangiocyte,,,4.84055354931475e-07,2.79765534650923e-07,aih_only,0,2,0,2,,3.81910444791199e-07,,,2.79765534650923e-07,4.84055354931475e-07,,FALSE,FALSE,FALSE,FALSE,,AIH
CD86-CD28,Hepatocyte 3,Hepatocyte 1,,,9.82927581051646e-07,5.05959561333649e-07,aih_only,0,2,0,2,,7.44443571192648e-07,,,5.05959561333649e-07,9.82927581051646e-07,,FALSE,FALSE,FALSE,FALSE,,AIH
CD86-CD28,Hepatocyte 3,Hepatocyte 2,,,4.3628037324427e-07,3.22866423650642e-07,aih_only,0,2,0,2,,3.79573398447456e-07,,,3.22866423650642e-07,4.3628037324427e-07,,FALSE,FALSE,FALSE,FALSE,,AIH
CD86-CD28,Hepatocyte 3,Hepatocyte 3,,,2.13265603148714e-06,1.75634356819943e-06,aih_only,0,2,0,2,,1.94449979984328e-06,,,1.75634356819943e-06,2.13265603148714e-06,,FALSE,FALSE,FALSE,FALSE,,AIH
CD86-CD28,Hepatocyte 3,Hepatocyte 4,,,1.85380474480385e-06,3.9320929579156e-07,aih_only,0,2,0,2,,1.12350702029771e-06,,,3.9320929579156e-07,1.85380474480385e-06,,FALSE,FALSE,FALSE,FALSE,,AIH
CD86-CD28,Hepatocyte 3,Ig+ hepatocyte,,,1.3255836746811e-06,8.28046477506149e-07,aih_only,0,2,0,2,,1.07681507609362e-06,,,8.28046477506149e-07,1.3255836746811e-06,,FALSE,FALSE,FALSE,FALSE,,AIH
CD86-CD28,Hepatocyte 3,IgG+ B cell,,,3.51982418449692e-07,1.60071544704968e-07,aih_only,0,2,0,2,,2.5602698157733e-07,,,1.60071544704968e-07,3.51982418449692e-07,,FALSE,FALSE,FALSE,FALSE,,AIH
CD86-CD28,Hepatocyte 3,IgG+ plasmablast / plasma cell,,,4.54652143031236e-07,3.03220853890194e-07,aih_only,0,2,0,2,,3.78936498460715e-07,,,3.03220853890194e-07,4.54652143031236e-07,,FALSE,FALSE,FALSE,FALSE,,AIH
CD86-CD28,Hepatocyte 3,IgM+ B cell,,,7.09717169456663e-07,6.07096419436424e-07,aih_only,0,2,0,2,,6.58406794446544e-07,,,6.07096419436424e-07,7.09717169456663e-07,,FALSE,FALSE,FALSE,FALSE,,AIH
CD86-CD28,Hepatocyte 3,Macrophage 1,,,8.00414126538706e-07,7.57187243572725e-07,aih_only,0,2,0,2,,7.78800685055715e-07,,,7.57187243572725e-07,8.00414126538706e-07,,FALSE,FALSE,FALSE,FALSE,,AIH
CD86-CD28,Hepatocyte 3,Macrophage 2,,,3.06791473610153e-07,4.40631348641579e-07,aih_only,0,2,0,2,,3.73711411125866e-07,,,3.06791473610153e-07,4.40631348641579e-07,,FALSE,FALSE,FALSE,FALSE,,AIH
CD86-CD28,Hepatocyte 3,Sinusoidal endothelial cell,,,1.38415868702175e-06,9.74657282587589e-07,aih_only,0,2,0,2,,1.17940798480467e-06,,,9.74657282587589e-07,1.38415868702175e-06,,FALSE,FALSE,FALSE,FALSE,,AIH
CD86-CD28,Hepatocyte 3,Stellate cell,,,9.24764044638156e-07,5.28552990880765e-07,aih_only,0,2,0,2,,7.2665851775946e-07,,,5.28552990880765e-07,9.24764044638156e-07,,FALSE,FALSE,FALSE,FALSE,,AIH
CD86-CD28,Hepatocyte 3,Vascular endothelial cell,,,3.16277668430652e-07,1.34955263844114e-07,aih_only,0,2,0,2,,2.25616466137383e-07,,,1.34955263844114e-07,3.16277668430652e-07,,FALSE,FALSE,FALSE,FALSE,,AIH
CD86-CD28,Hepatocyte 4,CD4+ T cell,,,2.95122050490916e-06,6.43662167320517e-06,aih_only,0,2,0,2,,4.69392108905717e-06,,,2.95122050490916e-06,6.43662167320517e-06,,FALSE,FALSE,FALSE,FALSE,,AIH
CD86-CD28,Hepatocyte 4,CD8+ T cell 1,,,4.74446413200125e-06,6.87795722113373e-06,aih_only,0,2,0,2,,5.81121067656749e-06,,,4.74446413200125e-06,6.87795722113373e-06,,FALSE,FALSE,FALSE,FALSE,,AIH
CD86-CD28,Hepatocyte 4,CD8+ T cell 2,,,1.3413336580942e-05,9.07403029881245e-06,aih_only,0,2,0,2,,1.12436834398772e-05,,,9.07403029881245e-06,1.3413336580942e-05,,FALSE,FALSE,FALSE,FALSE,,AIH
CD86-CD28,Hepatocyte 4,CD8+ T cell 3,,,8.89355331011194e-06,7.85789033674001e-06,aih_only,0,2,0,2,,8.37572182342597e-06,,,7.85789033674001e-06,8.89355331011194e-06,,FALSE,FALSE,FALSE,FALSE,,AIH
CD86-CD28,Hepatocyte 4,Cholangiocyte,,,9.32845656875112e-08,5.77548190491926e-07,aih_only,0,2,0,2,,3.35416378089718e-07,,,9.32845656875112e-08,5.77548190491926e-07,,FALSE,FALSE,FALSE,FALSE,,AIH
CD86-CD28,Hepatocyte 4,Hepatocyte 1,,,1.27409684741612e-06,9.73767155092296e-07,aih_only,0,2,0,2,,1.12393200125421e-06,,,9.73767155092296e-07,1.27409684741612e-06,,FALSE,FALSE,FALSE,FALSE,,AIH
CD86-CD28,Hepatocyte 4,Hepatocyte 2,,,9.00108229618454e-07,3.65440122344849e-07,aih_only,0,2,0,2,,6.32774175981651e-07,,,3.65440122344849e-07,9.00108229618454e-07,,FALSE,FALSE,FALSE,FALSE,,AIH
CD86-CD28,Hepatocyte 4,Hepatocyte 3,,,9.08287660270552e-07,1.07804324346014e-06,aih_only,0,2,0,2,,9.93165451865347e-07,,,9.08287660270552e-07,1.07804324346014e-06,,FALSE,FALSE,FALSE,FALSE,,AIH
CD86-CD28,Hepatocyte 4,Hepatocyte 4,,,4.69369709220617e-06,2.25525491236237e-06,aih_only,0,2,0,2,,3.47447600228427e-06,,,2.25525491236237e-06,4.69369709220617e-06,,FALSE,FALSE,FALSE,FALSE,,AIH
CD86-CD28,Hepatocyte 4,Ig+ hepatocyte,,,3.57370548752052e-06,1.02758757229635e-06,aih_only,0,2,0,2,,2.30064652990843e-06,,,1.02758757229635e-06,3.57370548752052e-06,,FALSE,FALSE,FALSE,FALSE,,AIH
CD86-CD28,Hepatocyte 4,IgG+ B cell,,,8.07164392094047e-08,4.75106600000984e-07,aih_only,0,2,0,2,,2.77911519605195e-07,,,8.07164392094047e-08,4.75106600000984e-07,,FALSE,FALSE,FALSE,FALSE,,AIH
CD86-CD28,Hepatocyte 4,IgG+ plasmablast / plasma cell,,,4.69953845526659e-07,8.98959944638694e-07,aih_only,0,2,0,2,,6.84456895082677e-07,,,4.69953845526659e-07,8.98959944638694e-07,,FALSE,FALSE,FALSE,FALSE,,AIH
CD86-CD28,Hepatocyte 4,IgM+ B cell,,,2.20174050637782e-07,7.22746815338253e-07,aih_only,0,2,0,2,,4.71460432988018e-07,,,2.20174050637782e-07,7.22746815338253e-07,,FALSE,FALSE,FALSE,FALSE,,AIH
CD86-CD28,Hepatocyte 4,Macrophage 1,,,1.36311926468297e-06,1.28583232403397e-06,aih_only,0,2,0,2,,1.32447579435847e-06,,,1.28583232403397e-06,1.36311926468297e-06,,FALSE,FALSE,FALSE,FALSE,,AIH
CD86-CD28,Hepatocyte 4,Macrophage 2,,,2.29574516448542e-07,6.88407578352113e-07,aih_only,0,2,0,2,,4.58991047400327e-07,,,2.29574516448542e-07,6.88407578352113e-07,,FALSE,FALSE,FALSE,FALSE,,AIH
CD86-CD28,Hepatocyte 4,Sinusoidal endothelial cell,,,6.29662295741443e-07,1.08682025142615e-06,aih_only,0,2,0,2,,8.58241273583797e-07,,,6.29662295741443e-07,1.08682025142615e-06,,FALSE,FALSE,FALSE,FALSE,,AIH
CD86-CD28,Hepatocyte 4,Stellate cell,,,4.12770812055031e-07,8.50245407370336e-07,aih_only,0,2,0,2,,6.31508109712683e-07,,,4.12770812055031e-07,8.50245407370336e-07,,FALSE,FALSE,FALSE,FALSE,,AIH
CD86-CD28,Hepatocyte 4,Vascular endothelial cell,,,2.17185795459334e-08,3.93893379327417e-07,aih_only,0,2,0,2,,2.07805979436675e-07,,,2.17185795459334e-08,3.93893379327417e-07,,FALSE,FALSE,FALSE,FALSE,,AIH
CD86-CD28,Ig+ hepatocyte,CD4+ T cell,,,1.26332144615926e-05,1.18109703625991e-05,aih_only,0,2,0,2,,1.22220924120958e-05,,,1.18109703625991e-05,1.26332144615926e-05,,FALSE,FALSE,FALSE,FALSE,,AIH
CD86-CD28,Ig+ hepatocyte,CD8+ T cell 1,,,6.87715669168007e-06,7.3576783717046e-06,aih_only,0,2,0,2,,7.11741753169234e-06,,,6.87715669168007e-06,7.3576783717046e-06,,FALSE,FALSE,FALSE,FALSE,,AIH
CD86-CD28,Ig+ hepatocyte,CD8+ T cell 2,,,1.58257893919848e-05,7.23095149740404e-06,aih_only,0,2,0,2,,1.15283704446944e-05,,,7.23095149740404e-06,1.58257893919848e-05,,FALSE,FALSE,FALSE,FALSE,,AIH
CD86-CD28,Ig+ hepatocyte,CD8+ T cell 3,,,7.77663344488011e-06,8.84613725792024e-06,aih_only,0,2,0,2,,8.31138535140018e-06,,,7.77663344488011e-06,8.84613725792024e-06,,FALSE,FALSE,FALSE,FALSE,,AIH
CD86-CD28,Ig+ hepatocyte,Cholangiocyte,,,9.30872757920629e-07,8.49026224664488e-07,aih_only,0,2,0,2,,8.89949491292558e-07,,,8.49026224664488e-07,9.30872757920629e-07,,FALSE,FALSE,FALSE,FALSE,,AIH
CD86-CD28,Ig+ hepatocyte,Hepatocyte 1,,,1.22580307662872e-06,1.03050851655362e-06,aih_only,0,2,0,2,,1.12815579659117e-06,,,1.03050851655362e-06,1.22580307662872e-06,,FALSE,FALSE,FALSE,FALSE,,AIH
CD86-CD28,Ig+ hepatocyte,Hepatocyte 2,,,3.1362550616595e-07,3.64029419939048e-07,aih_only,0,2,0,2,,3.38827463052499e-07,,,3.1362550616595e-07,3.64029419939048e-07,,FALSE,FALSE,FALSE,FALSE,,AIH
CD86-CD28,Ig+ hepatocyte,Hepatocyte 3,,,3.6443068974137e-08,8.63702409796983e-07,aih_only,0,2,0,2,,4.5007273938556e-07,,,3.6443068974137e-08,8.63702409796983e-07,,FALSE,FALSE,FALSE,FALSE,,AIH
CD86-CD28,Ig+ hepatocyte,Hepatocyte 4,,,1.33409235147659e-06,2.31224933602228e-07,aih_only,0,2,0,2,,7.82658642539411e-07,,,2.31224933602228e-07,1.33409235147659e-06,,FALSE,FALSE,FALSE,FALSE,,AIH
CD86-CD28,Ig+ hepatocyte,Ig+ hepatocyte,,,2.07809087971261e-05,4.13648235769294e-06,aih_only,0,2,0,2,,1.24586955774095e-05,,,4.13648235769294e-06,2.07809087971261e-05,,FALSE,FALSE,FALSE,FALSE,,AIH
CD86-CD28,Ig+ hepatocyte,IgG+ B cell,,,1.27949756549608e-06,1.18870960320267e-06,aih_only,0,2,0,2,,1.23410358434938e-06,,,1.18870960320267e-06,1.27949756549608e-06,,FALSE,FALSE,FALSE,FALSE,,AIH
CD86-CD28,Ig+ hepatocyte,IgG+ plasmablast / plasma cell,,,2.65921717462932e-06,2.10652722702258e-06,aih_only,0,2,0,2,,2.38287220082595e-06,,,2.10652722702258e-06,2.65921717462932e-06,,FALSE,FALSE,FALSE,FALSE,,AIH
CD86-CD28,Ig+ hepatocyte,IgM+ B cell,,,1.14878276698615e-06,1.72416338047275e-06,aih_only,0,2,0,2,,1.43647307372945e-06,,,1.14878276698615e-06,1.72416338047275e-06,,FALSE,FALSE,FALSE,FALSE,,AIH
CD86-CD28,Ig+ hepatocyte,Macrophage 1,,,1.67099856477075e-06,1.09582631447725e-06,aih_only,0,2,0,2,,1.383412439624e-06,,,1.09582631447725e-06,1.67099856477075e-06,,FALSE,FALSE,FALSE,FALSE,,AIH
CD86-CD28,Ig+ hepatocyte,Macrophage 2,,,1.23113340007775e-06,1.24985544011973e-06,aih_only,0,2,0,2,,1.24049442009874e-06,,,1.23113340007775e-06,1.24985544011973e-06,,FALSE,FALSE,FALSE,FALSE,,AIH
CD86-CD28,Ig+ hepatocyte,Sinusoidal endothelial cell,,,2.56518807007523e-07,1.6045480664077e-06,aih_only,0,2,0,2,,9.30533436707609e-07,,,2.56518807007523e-07,1.6045480664077e-06,,FALSE,FALSE,FALSE,FALSE,,AIH
CD86-CD28,Ig+ hepatocyte,Stellate cell,,,1.29537332812126e-06,1.30591458571949e-06,aih_only,0,2,0,2,,1.30064395692037e-06,,,1.29537332812126e-06,1.30591458571949e-06,,FALSE,FALSE,FALSE,FALSE,,AIH
CD86-CD28,Ig+ hepatocyte,Vascular endothelial cell,,,6.79122024340556e-07,5.33806506298107e-07,aih_only,0,2,0,2,,6.06464265319332e-07,,,5.33806506298107e-07,6.79122024340556e-07,,FALSE,FALSE,FALSE,FALSE,,AIH
CD86-CD28,IgG+ B cell,CD4+ T cell,,,2.02799417620288e-05,2.46249272466648e-05,aih_only,0,2,0,2,,2.24524345043468e-05,,,2.02799417620288e-05,2.46249272466648e-05,,FALSE,FALSE,FALSE,FALSE,,AIH
CD86-CD28,IgG+ B cell,CD8+ T cell 1,,,6.30713691189299e-06,5.4114555236488e-06,aih_only,0,2,0,2,,5.85929621777089e-06,,,5.4114555236488e-06,6.30713691189299e-06,,FALSE,FALSE,FALSE,FALSE,,AIH
CD86-CD28,IgG+ B cell,CD8+ T cell 2,,,1.94680347345823e-06,2.30244321283113e-06,aih_only,0,2,0,2,,2.12462334314468e-06,,,1.94680347345823e-06,2.30244321283113e-06,,FALSE,FALSE,FALSE,FALSE,,AIH
CD86-CD28,IgG+ B cell,CD8+ T cell 3,,,4.31848222399651e-06,6.60843586800452e-06,aih_only,0,2,0,2,,5.46345904600051e-06,,,4.31848222399651e-06,6.60843586800452e-06,,FALSE,FALSE,FALSE,FALSE,,AIH
CD86-CD28,IgG+ B cell,Cholangiocyte,,,1.37079865567041e-06,2.71629593904428e-06,aih_only,0,2,0,2,,2.04354729735734e-06,,,1.37079865567041e-06,2.71629593904428e-06,,FALSE,FALSE,FALSE,FALSE,,AIH
CD86-CD28,IgG+ B cell,Hepatocyte 1,,,2.01229204728116e-07,3.02276128111488e-07,aih_only,0,2,0,2,,2.51752666419802e-07,,,2.01229204728116e-07,3.02276128111488e-07,,FALSE,FALSE,FALSE,FALSE,,AIH
CD86-CD28,IgG+ B cell,Hepatocyte 2,,,1.22175743795857e-07,1.49076667533459e-07,aih_only,0,2,0,2,,1.35626205664658e-07,,,1.22175743795857e-07,1.49076667533459e-07,,FALSE,FALSE,FALSE,FALSE,,AIH
CD86-CD28,IgG+ B cell,Hepatocyte 3,,,1.39910031375336e-07,7.15260020342733e-07,aih_only,0,2,0,2,,4.27585025859035e-07,,,1.39910031375336e-07,7.15260020342733e-07,,FALSE,FALSE,FALSE,FALSE,,AIH
CD86-CD28,IgG+ B cell,Hepatocyte 4,,,1.09539526511939e-06,1.96924695145007e-07,aih_only,0,2,0,2,,6.461599801322e-07,,,1.96924695145007e-07,1.09539526511939e-06,,FALSE,FALSE,FALSE,FALSE,,AIH
CD86-CD28,IgG+ B cell,Ig+ hepatocyte,,,1.12955534872588e-06,1.91290821218659e-06,aih_only,0,2,0,2,,1.52123178045623e-06,,,1.12955534872588e-06,1.91290821218659e-06,,FALSE,FALSE,FALSE,FALSE,,AIH
CD86-CD28,IgG+ B cell,IgG+ B cell,,,3.11889322599267e-06,8.76307850839114e-06,aih_only,0,2,0,2,,5.9409858671919e-06,,,3.11889322599267e-06,8.76307850839114e-06,,FALSE,FALSE,FALSE,FALSE,,AIH
CD86-CD28,IgG+ B cell,IgG+ plasmablast / plasma cell,,,3.82644892502151e-06,5.60433354993415e-06,aih_only,0,2,0,2,,4.71539123747783e-06,,,3.82644892502151e-06,5.60433354993415e-06,,FALSE,FALSE,FALSE,FALSE,,AIH
CD86-CD28,IgG+ B cell,IgM+ B cell,,,2.76170859583429e-06,6.28371687975502e-06,aih_only,0,2,0,2,,4.52271273779465e-06,,,2.76170859583429e-06,6.28371687975502e-06,,FALSE,FALSE,FALSE,FALSE,,AIH
CD86-CD28,IgG+ B cell,Macrophage 1,,,1.34718711638698e-06,7.38720844468856e-07,aih_only,0,2,0,2,,1.04295398042792e-06,,,7.38720844468856e-07,1.34718711638698e-06,,FALSE,FALSE,FALSE,FALSE,,AIH
CD86-CD28,IgG+ B cell,Macrophage 2,,,1.65645535148175e-06,2.21223932702382e-06,aih_only,0,2,0,2,,1.93434733925278e-06,,,1.65645535148175e-06,2.21223932702382e-06,,FALSE,FALSE,FALSE,FALSE,,AIH
CD86-CD28,IgG+ B cell,Sinusoidal endothelial cell,,,9.32665754906618e-07,3.67337485832085e-07,aih_only,0,2,0,2,,6.50001620369351e-07,,,3.67337485832085e-07,9.32665754906618e-07,,FALSE,FALSE,FALSE,FALSE,,AIH
CD86-CD28,IgG+ B cell,Stellate cell,,,2.27277676227992e-06,3.68225759103039e-06,aih_only,0,2,0,2,,2.97751717665516e-06,,,2.27277676227992e-06,3.68225759103039e-06,,FALSE,FALSE,FALSE,FALSE,,AIH
CD86-CD28,IgG+ B cell,Vascular endothelial cell,,,1.67597636444685e-06,2.5155756724346e-06,aih_only,0,2,0,2,,2.09577601844073e-06,,,1.67597636444685e-06,2.5155756724346e-06,,FALSE,FALSE,FALSE,FALSE,,AIH
CD86-CD28,IgG+ plasmablast / plasma cell,CD4+ T cell,,,3.81690992370139e-05,5.50046525123238e-05,aih_only,0,2,0,2,,4.65868758746689e-05,,,3.81690992370139e-05,5.50046525123238e-05,,FALSE,FALSE,FALSE,FALSE,,AIH
CD86-CD28,IgG+ plasmablast / plasma cell,CD8+ T cell 1,,,1.28487403551569e-05,1.76928858050844e-05,aih_only,0,2,0,2,,1.52708130801207e-05,,,1.28487403551569e-05,1.76928858050844e-05,,FALSE,FALSE,FALSE,FALSE,,AIH
CD86-CD28,IgG+ plasmablast / plasma cell,CD8+ T cell 2,,,7.07603399355068e-06,7.87963046853901e-06,aih_only,0,2,0,2,,7.47783223104485e-06,,,7.07603399355068e-06,7.87963046853901e-06,,FALSE,FALSE,FALSE,FALSE,,AIH
CD86-CD28,IgG+ plasmablast / plasma cell,CD8+ T cell 3,,,1.0159951138853e-05,1.81704237891228e-05,aih_only,0,2,0,2,,1.41651874639879e-05,,,1.0159951138853e-05,1.81704237891228e-05,,FALSE,FALSE,FALSE,FALSE,,AIH
CD86-CD28,IgG+ plasmablast / plasma cell,Cholangiocyte,,,2.70273632040736e-06,3.31523005837722e-06,aih_only,0,2,0,2,,3.00898318939229e-06,,,2.70273632040736e-06,3.31523005837722e-06,,FALSE,FALSE,FALSE,FALSE,,AIH
CD86-CD28,IgG+ plasmablast / plasma cell,Hepatocyte 1,,,6.42934587924368e-07,7.63619540952109e-07,aih_only,0,2,0,2,,7.03277064438239e-07,,,6.42934587924368e-07,7.63619540952109e-07,,FALSE,FALSE,FALSE,FALSE,,AIH
CD86-CD28,IgG+ plasmablast / plasma cell,Hepatocyte 2,,,5.47785110223391e-07,5.04904353259959e-07,aih_only,0,2,0,2,,5.26344731741675e-07,,,5.04904353259959e-07,5.47785110223391e-07,,FALSE,FALSE,FALSE,FALSE,,AIH
CD86-CD28,IgG+ plasmablast / plasma cell,Hepatocyte 3,,,1.43773751312811e-06,8.68880239013134e-07,aih_only,0,2,0,2,,1.15330887607062e-06,,,8.68880239013134e-07,1.43773751312811e-06,,FALSE,FALSE,FALSE,FALSE,,AIH
CD86-CD28,IgG+ plasmablast / plasma cell,Hepatocyte 4,,,1.11753246851911e-06,7.30938643975923e-07,aih_only,0,2,0,2,,9.24235556247518e-07,,,7.30938643975923e-07,1.11753246851911e-06,,FALSE,FALSE,FALSE,FALSE,,AIH
CD86-CD28,IgG+ plasmablast / plasma cell,Ig+ hepatocyte,,,6.42829637168874e-06,2.94952565134672e-06,aih_only,0,2,0,2,,4.68891101151773e-06,,,2.94952565134672e-06,6.42829637168874e-06,,FALSE,FALSE,FALSE,FALSE,,AIH
CD86-CD28,IgG+ plasmablast / plasma cell,IgG+ B cell,,,4.14760125187476e-06,5.53708958860472e-06,aih_only,0,2,0,2,,4.84234542023974e-06,,,4.14760125187476e-06,5.53708958860472e-06,,FALSE,FALSE,FALSE,FALSE,,AIH
CD86-CD28,IgG+ plasmablast / plasma cell,IgG+ plasmablast / plasma cell,,,9.33765894346086e-06,1.55288820709399e-05,aih_only,0,2,0,2,,1.24332705072004e-05,,,9.33765894346086e-06,1.55288820709399e-05,,FALSE,FALSE,FALSE,FALSE,,AIH
CD86-CD28,IgG+ plasmablast / plasma cell,IgM+ B cell,,,7.00749300099785e-06,1.04361275751391e-05,aih_only,0,2,0,2,,8.72181028806848e-06,,,7.00749300099785e-06,1.04361275751391e-05,,FALSE,FALSE,FALSE,FALSE,,AIH
CD86-CD28,IgG+ plasmablast / plasma cell,Macrophage 1,,,2.92880998707131e-06,2.4054719494768e-06,aih_only,0,2,0,2,,2.66714096827406e-06,,,2.4054719494768e-06,2.92880998707131e-06,,FALSE,FALSE,FALSE,FALSE,,AIH
CD86-CD28,IgG+ plasmablast / plasma cell,Macrophage 2,,,2.91045100084233e-06,2.98535491775298e-06,aih_only,0,2,0,2,,2.94790295929766e-06,,,2.91045100084233e-06,2.98535491775298e-06,,FALSE,FALSE,FALSE,FALSE,,AIH
CD86-CD28,IgG+ plasmablast / plasma cell,Sinusoidal endothelial cell,,,1.48748918700814e-06,1.29271082635719e-06,aih_only,0,2,0,2,,1.39010000668266e-06,,,1.29271082635719e-06,1.48748918700814e-06,,FALSE,FALSE,FALSE,FALSE,,AIH
CD86-CD28,IgG+ plasmablast / plasma cell,Stellate cell,,,2.92813944440684e-06,4.1818656931725e-06,aih_only,0,2,0,2,,3.55500256878967e-06,,,2.92813944440684e-06,4.1818656931725e-06,,FALSE,FALSE,FALSE,FALSE,,AIH
CD86-CD28,IgG+ plasmablast / plasma cell,Vascular endothelial cell,,,2.47941627991566e-06,4.25657241171405e-06,aih_only,0,2,0,2,,3.36799434581486e-06,,,2.47941627991566e-06,4.25657241171405e-06,,FALSE,FALSE,FALSE,FALSE,,AIH
CD86-CD28,IgM+ B cell,CD4+ T cell,,,7.95523160341129e-05,0.000108740773691091,aih_only,0,2,0,2,,9.41465448626022e-05,,,7.95523160341129e-05,0.000108740773691091,,FALSE,FALSE,FALSE,FALSE,,AIH
CD86-CD28,IgM+ B cell,CD8+ T cell 1,,,1.46102254862885e-05,1.90407202984524e-05,aih_only,0,2,0,2,,1.68254728923704e-05,,,1.46102254862885e-05,1.90407202984524e-05,,FALSE,FALSE,FALSE,FALSE,,AIH
CD86-CD28,IgM+ B cell,CD8+ T cell 2,,,4.84697931704786e-06,1.06804465184704e-05,aih_only,0,2,0,2,,7.76371291775913e-06,,,4.84697931704786e-06,1.06804465184704e-05,,FALSE,FALSE,FALSE,FALSE,,AIH
CD86-CD28,IgM+ B cell,CD8+ T cell 3,,,1.29350509777547e-05,2.03700204640483e-05,aih_only,0,2,0,2,,1.66525357209015e-05,,,1.29350509777547e-05,2.03700204640483e-05,,FALSE,FALSE,FALSE,FALSE,,AIH
CD86-CD28,IgM+ B cell,Cholangiocyte,,,3.4705515751091e-06,5.24566564461644e-06,aih_only,0,2,0,2,,4.35810860986277e-06,,,3.4705515751091e-06,5.24566564461644e-06,,FALSE,FALSE,FALSE,FALSE,,AIH
CD86-CD28,IgM+ B cell,Hepatocyte 1,,,4.16768783133685e-07,1.04056937699979e-06,aih_only,0,2,0,2,,7.28669080066735e-07,,,4.16768783133685e-07,1.04056937699979e-06,,FALSE,FALSE,FALSE,FALSE,,AIH
CD86-CD28,IgM+ B cell,Hepatocyte 2,,,4.74377656464709e-07,2.62333566539799e-07,aih_only,0,2,0,2,,3.68355611502254e-07,,,2.62333566539799e-07,4.74377656464709e-07,,FALSE,FALSE,FALSE,FALSE,,AIH
CD86-CD28,IgM+ B cell,Hepatocyte 3,,,1.12861165909096e-06,1.17534571065857e-06,aih_only,0,2,0,2,,1.15197868487477e-06,,,1.12861165909096e-06,1.17534571065857e-06,,FALSE,FALSE,FALSE,FALSE,,AIH
CD86-CD28,IgM+ B cell,Hepatocyte 4,,,4.08459821046135e-07,7.43834942817452e-07,aih_only,0,2,0,2,,5.76147381931793e-07,,,4.08459821046135e-07,7.43834942817452e-07,,FALSE,FALSE,FALSE,FALSE,,AIH
CD86-CD28,IgM+ B cell,Ig+ hepatocyte,,,3.12877105451884e-06,1.10114862944173e-06,aih_only,0,2,0,2,,2.11495984198028e-06,,,1.10114862944173e-06,3.12877105451884e-06,,FALSE,FALSE,FALSE,FALSE,,AIH
CD86-CD28,IgM+ B cell,IgG+ B cell,,,3.71185396841609e-06,5.27421878274608e-06,aih_only,0,2,0,2,,4.49303637558108e-06,,,3.71185396841609e-06,5.27421878274608e-06,,FALSE,FALSE,FALSE,FALSE,,AIH
CD86-CD28,IgM+ B cell,IgG+ plasmablast / plasma cell,,,6.45952854522296e-06,9.29976925345377e-06,aih_only,0,2,0,2,,7.87964889933836e-06,,,6.45952854522296e-06,9.29976925345377e-06,,FALSE,FALSE,FALSE,FALSE,,AIH
CD86-CD28,IgM+ B cell,IgM+ B cell,,,2.50140061347497e-05,7.44395249602529e-05,aih_only,0,2,0,2,,4.97267655475013e-05,,,2.50140061347497e-05,7.44395249602529e-05,,FALSE,FALSE,FALSE,FALSE,,AIH
CD86-CD28,IgM+ B cell,Macrophage 1,,,2.99304927698999e-06,2.79400924347198e-06,aih_only,0,2,0,2,,2.89352926023098e-06,,,2.79400924347198e-06,2.99304927698999e-06,,FALSE,FALSE,FALSE,FALSE,,AIH
CD86-CD28,IgM+ B cell,Macrophage 2,,,4.26085375022915e-06,4.04892457453652e-06,aih_only,0,2,0,2,,4.15488916238283e-06,,,4.04892457453652e-06,4.26085375022915e-06,,FALSE,FALSE,FALSE,FALSE,,AIH
CD86-CD28,IgM+ B cell,Sinusoidal endothelial cell,,,9.85506355694783e-07,1.42148482573194e-06,aih_only,0,2,0,2,,1.20349559071336e-06,,,9.85506355694783e-07,1.42148482573194e-06,,FALSE,FALSE,FALSE,FALSE,,AIH
CD86-CD28,IgM+ B cell,Stellate cell,,,5.48645526131652e-06,6.29878290122833e-06,aih_only,0,2,0,2,,5.89261908127242e-06,,,5.48645526131652e-06,6.29878290122833e-06,,FALSE,FALSE,FALSE,FALSE,,AIH
CD86-CD28,IgM+ B cell,Vascular endothelial cell,,,4.80770376937186e-06,5.36138597206579e-06,aih_only,0,2,0,2,,5.08454487071883e-06,,,4.80770376937186e-06,5.36138597206579e-06,,FALSE,FALSE,FALSE,FALSE,,AIH
CD86-CD28,Macrophage 1,CD4+ T cell,,,8.5200148773845e-05,8.86808286807813e-05,aih_only,0,2,0,2,,8.69404887273131e-05,,,8.5200148773845e-05,8.86808286807813e-05,,FALSE,FALSE,FALSE,FALSE,,AIH
CD86-CD28,Macrophage 1,CD8+ T cell 1,,,5.20575953409128e-05,7.21143347446256e-05,aih_only,0,2,0,2,,6.20859650427692e-05,,,5.20575953409128e-05,7.21143347446256e-05,,FALSE,FALSE,FALSE,FALSE,,AIH
CD86-CD28,Macrophage 1,CD8+ T cell 2,,,6.13477751503096e-05,7.23907949239409e-05,aih_only,0,2,0,2,,6.68692850371253e-05,,,6.13477751503096e-05,7.23907949239409e-05,,FALSE,FALSE,FALSE,FALSE,,AIH
CD86-CD28,Macrophage 1,CD8+ T cell 3,,,4.69710283703479e-05,6.89954486906417e-05,aih_only,0,2,0,2,,5.79832385304948e-05,,,4.69710283703479e-05,6.89954486906417e-05,,FALSE,FALSE,FALSE,FALSE,,AIH
CD86-CD28,Macrophage 1,Cholangiocyte,,,4.60210361064444e-06,5.93910053032328e-06,aih_only,0,2,0,2,,5.27060207048386e-06,,,4.60210361064444e-06,5.93910053032328e-06,,FALSE,FALSE,FALSE,FALSE,,AIH
CD86-CD28,Macrophage 1,Hepatocyte 1,,,7.48992420547284e-06,7.21319025889172e-06,aih_only,0,2,0,2,,7.35155723218228e-06,,,7.21319025889172e-06,7.48992420547284e-06,,FALSE,FALSE,FALSE,FALSE,,AIH
CD86-CD28,Macrophage 1,Hepatocyte 2,,,4.74530672041428e-06,3.6879716539095e-06,aih_only,0,2,0,2,,4.21663918716189e-06,,,3.6879716539095e-06,4.74530672041428e-06,,FALSE,FALSE,FALSE,FALSE,,AIH
CD86-CD28,Macrophage 1,Hepatocyte 3,,,7.68954545284407e-06,1.04895507391286e-05,aih_only,0,2,0,2,,9.08954809598635e-06,,,7.68954545284407e-06,1.04895507391286e-05,,FALSE,FALSE,FALSE,FALSE,,AIH
CD86-CD28,Macrophage 1,Hepatocyte 4,,,8.86567051993616e-06,6.51878861047023e-06,aih_only,0,2,0,2,,7.69222956520319e-06,,,6.51878861047023e-06,8.86567051993616e-06,,FALSE,FALSE,FALSE,FALSE,,AIH
CD86-CD28,Macrophage 1,Ig+ hepatocyte,,,9.76123541648301e-06,1.0075161998805e-05,aih_only,0,2,0,2,,9.918198707644e-06,,,9.76123541648301e-06,1.0075161998805e-05,,FALSE,FALSE,FALSE,FALSE,,AIH
CD86-CD28,Macrophage 1,IgG+ B cell,,,6.68584228563825e-06,4.32416479363178e-06,aih_only,0,2,0,2,,5.50500353963502e-06,,,4.32416479363178e-06,6.68584228563825e-06,,FALSE,FALSE,FALSE,FALSE,,AIH
CD86-CD28,Macrophage 1,IgG+ plasmablast / plasma cell,,,1.30657177851679e-05,1.0906773485966e-05,aih_only,0,2,0,2,,1.19862456355669e-05,,,1.0906773485966e-05,1.30657177851679e-05,,FALSE,FALSE,FALSE,FALSE,,AIH
CD86-CD28,Macrophage 1,IgM+ B cell,,,1.27063451414832e-05,1.35889155450881e-05,aih_only,0,2,0,2,,1.31476303432856e-05,,,1.27063451414832e-05,1.35889155450881e-05,,FALSE,FALSE,FALSE,FALSE,,AIH
CD86-CD28,Macrophage 1,Macrophage 1,,,1.5065601131617e-05,1.65056235442352e-05,aih_only,0,2,0,2,,1.57856123379261e-05,,,1.5065601131617e-05,1.65056235442352e-05,,FALSE,FALSE,FALSE,FALSE,,AIH
CD86-CD28,Macrophage 1,Macrophage 2,,,5.68953212636787e-06,7.97137551751189e-06,aih_only,0,2,0,2,,6.83045382193988e-06,,,5.68953212636787e-06,7.97137551751189e-06,,FALSE,FALSE,FALSE,FALSE,,AIH
CD86-CD28,Macrophage 1,Sinusoidal endothelial cell,,,9.62775409319814e-06,9.99317469009571e-06,aih_only,0,2,0,2,,9.81046439164692e-06,,,9.62775409319814e-06,9.99317469009571e-06,,FALSE,FALSE,FALSE,FALSE,,AIH
CD86-CD28,Macrophage 1,Stellate cell,,,7.72967122385654e-06,8.65513112072678e-06,aih_only,0,2,0,2,,8.19240117229166e-06,,,7.72967122385654e-06,8.65513112072678e-06,,FALSE,FALSE,FALSE,FALSE,,AIH
CD86-CD28,Macrophage 1,Vascular endothelial cell,,,4.14563090074436e-06,4.405685250077e-06,aih_only,0,2,0,2,,4.27565807541068e-06,,,4.14563090074436e-06,4.405685250077e-06,,FALSE,FALSE,FALSE,FALSE,,AIH
CD86-CD28,Macrophage 2,CD4+ T cell,,,7.75098078935603e-05,8.46173700006481e-05,aih_only,0,2,0,2,,8.10635889471042e-05,,,7.75098078935603e-05,8.46173700006481e-05,,FALSE,FALSE,FALSE,FALSE,,AIH
CD86-CD28,Macrophage 2,CD8+ T cell 1,,,2.07039599465757e-05,3.30118191297629e-05,aih_only,0,2,0,2,,2.68578895381693e-05,,,2.07039599465757e-05,3.30118191297629e-05,,FALSE,FALSE,FALSE,FALSE,,AIH
CD86-CD28,Macrophage 2,CD8+ T cell 2,,,1.07752653999918e-05,2.67393091009459e-05,aih_only,0,2,0,2,,1.87572872504689e-05,,,1.07752653999918e-05,2.67393091009459e-05,,FALSE,FALSE,FALSE,FALSE,,AIH
CD86-CD28,Macrophage 2,CD8+ T cell 3,,,1.54408002636068e-05,3.48007405487767e-05,aih_only,0,2,0,2,,2.51207704061918e-05,,,1.54408002636068e-05,3.48007405487767e-05,,FALSE,FALSE,FALSE,FALSE,,AIH
CD86-CD28,Macrophage 2,Cholangiocyte,,,5.94789153271504e-06,6.11832326054934e-06,aih_only,0,2,0,2,,6.03310739663219e-06,,,5.94789153271504e-06,6.11832326054934e-06,,FALSE,FALSE,FALSE,FALSE,,AIH
CD86-CD28,Macrophage 2,Hepatocyte 1,,,9.74550443445873e-07,2.59206372689565e-06,aih_only,0,2,0,2,,1.78330708517076e-06,,,9.74550443445873e-07,2.59206372689565e-06,,FALSE,FALSE,FALSE,FALSE,,AIH
CD86-CD28,Macrophage 2,Hepatocyte 2,,,9.29324094613136e-07,1.20704769235998e-06,aih_only,0,2,0,2,,1.06818589348656e-06,,,9.29324094613136e-07,1.20704769235998e-06,,FALSE,FALSE,FALSE,FALSE,,AIH
CD86-CD28,Macrophage 2,Hepatocyte 3,,,2.47008446058851e-06,4.18899355076725e-06,aih_only,0,2,0,2,,3.32953900567788e-06,,,2.47008446058851e-06,4.18899355076725e-06,,FALSE,FALSE,FALSE,FALSE,,AIH
CD86-CD28,Macrophage 2,Hepatocyte 4,,,1.3836123838622e-06,2.12535317519065e-06,aih_only,0,2,0,2,,1.75448277952643e-06,,,1.3836123838622e-06,2.12535317519065e-06,,FALSE,FALSE,FALSE,FALSE,,AIH
CD86-CD28,Macrophage 2,Ig+ hepatocyte,,,2.57186342762094e-06,5.41709848326275e-06,aih_only,0,2,0,2,,3.99448095544184e-06,,,2.57186342762094e-06,5.41709848326275e-06,,FALSE,FALSE,FALSE,FALSE,,AIH
CD86-CD28,Macrophage 2,IgG+ B cell,,,6.63512097689255e-06,6.75960253439382e-06,aih_only,0,2,0,2,,6.69736175564318e-06,,,6.63512097689255e-06,6.75960253439382e-06,,FALSE,FALSE,FALSE,FALSE,,AIH
CD86-CD28,Macrophage 2,IgG+ plasmablast / plasma cell,,,8.37891671680757e-06,1.20036910633151e-05,aih_only,0,2,0,2,,1.01913038900614e-05,,,8.37891671680757e-06,1.20036910633151e-05,,FALSE,FALSE,FALSE,FALSE,,AIH
CD86-CD28,Macrophage 2,IgM+ B cell,,,1.27634945707507e-05,2.04869494199222e-05,aih_only,0,2,0,2,,1.66252219953364e-05,,,1.27634945707507e-05,2.04869494199222e-05,,FALSE,FALSE,FALSE,FALSE,,AIH
CD86-CD28,Macrophage 2,Macrophage 1,,,4.12354082194204e-06,5.09085174222849e-06,aih_only,0,2,0,2,,4.60719628208527e-06,,,4.12354082194204e-06,5.09085174222849e-06,,FALSE,FALSE,FALSE,FALSE,,AIH
CD86-CD28,Macrophage 2,Macrophage 2,,,5.90073638657408e-06,7.67884035233593e-06,aih_only,0,2,0,2,,6.789788369455e-06,,,5.90073638657408e-06,7.67884035233593e-06,,FALSE,FALSE,FALSE,FALSE,,AIH
CD86-CD28,Macrophage 2,Sinusoidal endothelial cell,,,2.03754909118772e-06,4.03143228564033e-06,aih_only,0,2,0,2,,3.03449068841402e-06,,,2.03754909118772e-06,4.03143228564033e-06,,FALSE,FALSE,FALSE,FALSE,,AIH
CD86-CD28,Macrophage 2,Stellate cell,,,6.69113136577802e-06,7.64601539253331e-06,aih_only,0,2,0,2,,7.16857337915566e-06,,,6.69113136577802e-06,7.64601539253331e-06,,FALSE,FALSE,FALSE,FALSE,,AIH
CD86-CD28,Macrophage 2,Vascular endothelial cell,,,4.65892572791005e-06,5.50785926955239e-06,aih_only,0,2,0,2,,5.08339249873122e-06,,,4.65892572791005e-06,5.50785926955239e-06,,FALSE,FALSE,FALSE,FALSE,,AIH
CD86-CD28,Sinusoidal endothelial cell,CD4+ T cell,,,2.09167594689864e-05,2.30053789676182e-05,aih_only,0,2,0,2,,2.19610692183023e-05,,,2.09167594689864e-05,2.30053789676182e-05,,FALSE,FALSE,FALSE,FALSE,,AIH
CD86-CD28,Sinusoidal endothelial cell,CD8+ T cell 1,,,1.61775646083458e-05,2.11610080681971e-05,aih_only,0,2,0,2,,1.86692863382714e-05,,,1.61775646083458e-05,2.11610080681971e-05,,FALSE,FALSE,FALSE,FALSE,,AIH
CD86-CD28,Sinusoidal endothelial cell,CD8+ T cell 2,,,1.34337186849657e-05,2.22606617917206e-05,aih_only,0,2,0,2,,1.78471902383431e-05,,,1.34337186849657e-05,2.22606617917206e-05,,FALSE,FALSE,FALSE,FALSE,,AIH
CD86-CD28,Sinusoidal endothelial cell,CD8+ T cell 3,,,1.0300106660983e-05,2.03021292754433e-05,aih_only,0,2,0,2,,1.53011179682131e-05,,,1.0300106660983e-05,2.03021292754433e-05,,FALSE,FALSE,FALSE,FALSE,,AIH
CD86-CD28,Sinusoidal endothelial cell,Cholangiocyte,,,1.03321861034817e-06,1.75485069209663e-06,aih_only,0,2,0,2,,1.3940346512224e-06,,,1.03321861034817e-06,1.75485069209663e-06,,FALSE,FALSE,FALSE,FALSE,,AIH
CD86-CD28,Sinusoidal endothelial cell,Hepatocyte 1,,,1.94176377493806e-06,2.25332244141912e-06,aih_only,0,2,0,2,,2.09754310817859e-06,,,1.94176377493806e-06,2.25332244141912e-06,,FALSE,FALSE,FALSE,FALSE,,AIH
CD86-CD28,Sinusoidal endothelial cell,Hepatocyte 2,,,1.73152705109782e-06,8.77665525994276e-07,aih_only,0,2,0,2,,1.30459628854605e-06,,,8.77665525994276e-07,1.73152705109782e-06,,FALSE,FALSE,FALSE,FALSE,,AIH
CD86-CD28,Sinusoidal endothelial cell,Hepatocyte 3,,,1.33655940162175e-06,3.24996028414171e-06,aih_only,0,2,0,2,,2.29325984288173e-06,,,1.33655940162175e-06,3.24996028414171e-06,,FALSE,FALSE,FALSE,FALSE,,AIH
CD86-CD28,Sinusoidal endothelial cell,Hepatocyte 4,,,1.45765008835573e-06,1.88904555021717e-06,aih_only,0,2,0,2,,1.67334781928645e-06,,,1.45765008835573e-06,1.88904555021717e-06,,FALSE,FALSE,FALSE,FALSE,,AIH
CD86-CD28,Sinusoidal endothelial cell,Ig+ hepatocyte,,,1.74611411340727e-06,4.32860200464917e-06,aih_only,0,2,0,2,,3.03735805902822e-06,,,1.74611411340727e-06,4.32860200464917e-06,,FALSE,FALSE,FALSE,FALSE,,AIH
CD86-CD28,Sinusoidal endothelial cell,IgG+ B cell,,,1.69681912670957e-06,1.10803549275689e-06,aih_only,0,2,0,2,,1.40242730973323e-06,,,1.10803549275689e-06,1.69681912670957e-06,,FALSE,FALSE,FALSE,FALSE,,AIH
CD86-CD28,Sinusoidal endothelial cell,IgG+ plasmablast / plasma cell,,,3.41028390854931e-06,1.91796793235183e-06,aih_only,0,2,0,2,,2.66412592045057e-06,,,1.91796793235183e-06,3.41028390854931e-06,,FALSE,FALSE,FALSE,FALSE,,AIH
CD86-CD28,Sinusoidal endothelial cell,IgM+ B cell,,,2.64536822551425e-06,3.13054493807719e-06,aih_only,0,2,0,2,,2.88795658179572e-06,,,2.64536822551425e-06,3.13054493807719e-06,,FALSE,FALSE,FALSE,FALSE,,AIH
CD86-CD28,Sinusoidal endothelial cell,Macrophage 1,,,3.31408471448776e-06,3.77742632122061e-06,aih_only,0,2,0,2,,3.54575551785419e-06,,,3.31408471448776e-06,3.77742632122061e-06,,FALSE,FALSE,FALSE,FALSE,,AIH
CD86-CD28,Sinusoidal endothelial cell,Macrophage 2,,,1.91275489021451e-06,2.40189938181597e-06,aih_only,0,2,0,2,,2.15732713601524e-06,,,1.91275489021451e-06,2.40189938181597e-06,,FALSE,FALSE,FALSE,FALSE,,AIH
CD86-CD28,Sinusoidal endothelial cell,Sinusoidal endothelial cell,,,6.52454903901883e-06,6.45954590102138e-06,aih_only,0,2,0,2,,6.49204747002011e-06,,,6.45954590102138e-06,6.52454903901883e-06,,FALSE,FALSE,FALSE,FALSE,,AIH
CD86-CD28,Sinusoidal endothelial cell,Stellate cell,,,3.0285508524334e-06,3.09486515304765e-06,aih_only,0,2,0,2,,3.06170800274052e-06,,,3.0285508524334e-06,3.09486515304765e-06,,FALSE,FALSE,FALSE,FALSE,,AIH
CD86-CD28,Sinusoidal endothelial cell,Vascular endothelial cell,,,4.63430706670348e-07,1.57221873203611e-06,aih_only,0,2,0,2,,1.01782471935323e-06,,,4.63430706670348e-07,1.57221873203611e-06,,FALSE,FALSE,FALSE,FALSE,,AIH
CD86-CD28,Stellate cell,CD4+ T cell,,,2.78021015615793e-05,3.29531756572285e-05,aih_only,0,2,0,2,,3.03776386094039e-05,,,2.78021015615793e-05,3.29531756572285e-05,,FALSE,FALSE,FALSE,FALSE,,AIH
CD86-CD28,Stellate cell,CD8+ T cell 1,,,1.00574686345671e-05,1.36257135569709e-05,aih_only,0,2,0,2,,1.1841591095769e-05,,,1.00574686345671e-05,1.36257135569709e-05,,FALSE,FALSE,FALSE,FALSE,,AIH
CD86-CD28,Stellate cell,CD8+ T cell 2,,,4.15888907327138e-06,1.12412908234957e-05,aih_only,0,2,0,2,,7.70008994838355e-06,,,4.15888907327138e-06,1.12412908234957e-05,,FALSE,FALSE,FALSE,FALSE,,AIH
CD86-CD28,Stellate cell,CD8+ T cell 3,,,6.38252857732312e-06,1.42815376975477e-05,aih_only,0,2,0,2,,1.03320331374354e-05,,,6.38252857732312e-06,1.42815376975477e-05,,FALSE,FALSE,FALSE,FALSE,,AIH
CD86-CD28,Stellate cell,Cholangiocyte,,,1.88865628183703e-06,2.63749002099413e-06,aih_only,0,2,0,2,,2.26307315141558e-06,,,1.88865628183703e-06,2.63749002099413e-06,,FALSE,FALSE,FALSE,FALSE,,AIH
CD86-CD28,Stellate cell,Hepatocyte 1,,,5.04738283285098e-07,1.20109132929787e-06,aih_only,0,2,0,2,,8.52914806291481e-07,,,5.04738283285098e-07,1.20109132929787e-06,,FALSE,FALSE,FALSE,FALSE,,AIH
CD86-CD28,Stellate cell,Hepatocyte 2,,,4.20128461390121e-07,5.02231261718609e-07,aih_only,0,2,0,2,,4.61179861554365e-07,,,4.20128461390121e-07,5.02231261718609e-07,,FALSE,FALSE,FALSE,FALSE,,AIH
CD86-CD28,Stellate cell,Hepatocyte 3,,,7.11919590854734e-07,2.07324745635782e-06,aih_only,0,2,0,2,,1.39258352360628e-06,,,7.11919590854734e-07,2.07324745635782e-06,,FALSE,FALSE,FALSE,FALSE,,AIH
CD86-CD28,Stellate cell,Hepatocyte 4,,,3.70283189110699e-07,9.47776454412562e-07,aih_only,0,2,0,2,,6.5902982176163e-07,,,3.70283189110699e-07,9.47776454412562e-07,,FALSE,FALSE,FALSE,FALSE,,AIH
CD86-CD28,Stellate cell,Ig+ hepatocyte,,,1.16697682052382e-06,2.07726847782095e-06,aih_only,0,2,0,2,,1.62212264917239e-06,,,1.16697682052382e-06,2.07726847782095e-06,,FALSE,FALSE,FALSE,FALSE,,AIH
CD86-CD28,Stellate cell,IgG+ B cell,,,2.81427353851259e-06,2.27636546617055e-06,aih_only,0,2,0,2,,2.54531950234157e-06,,,2.27636546617055e-06,2.81427353851259e-06,,FALSE,FALSE,FALSE,FALSE,,AIH
CD86-CD28,Stellate cell,IgG+ plasmablast / plasma cell,,,3.62898899899716e-06,4.55111798059029e-06,aih_only,0,2,0,2,,4.09005348979373e-06,,,3.62898899899716e-06,4.55111798059029e-06,,FALSE,FALSE,FALSE,FALSE,,AIH
CD86-CD28,Stellate cell,IgM+ B cell,,,4.70580001194113e-06,9.05314094856271e-06,aih_only,0,2,0,2,,6.87947048025192e-06,,,4.70580001194113e-06,9.05314094856271e-06,,FALSE,FALSE,FALSE,FALSE,,AIH
CD86-CD28,Stellate cell,Macrophage 1,,,2.26244148238563e-06,2.39774270825422e-06,aih_only,0,2,0,2,,2.33009209531992e-06,,,2.26244148238563e-06,2.39774270825422e-06,,FALSE,FALSE,FALSE,FALSE,,AIH
CD86-CD28,Stellate cell,Macrophage 2,,,2.03752534491537e-06,2.52264023636697e-06,aih_only,0,2,0,2,,2.28008279064117e-06,,,2.03752534491537e-06,2.52264023636697e-06,,FALSE,FALSE,FALSE,FALSE,,AIH
CD86-CD28,Stellate cell,Sinusoidal endothelial cell,,,1.71879245081414e-06,1.66474111414481e-06,aih_only,0,2,0,2,,1.69176678247947e-06,,,1.66474111414481e-06,1.71879245081414e-06,,FALSE,FALSE,FALSE,FALSE,,AIH
CD86-CD28,Stellate cell,Stellate cell,,,3.60642129974198e-06,4.6847080047365e-06,aih_only,0,2,0,2,,4.14556465223924e-06,,,3.60642129974198e-06,4.6847080047365e-06,,FALSE,FALSE,FALSE,FALSE,,AIH
CD86-CD28,Stellate cell,Vascular endothelial cell,,,1.71868192390797e-06,3.14878011886284e-06,aih_only,0,2,0,2,,2.4337310213854e-06,,,1.71868192390797e-06,3.14878011886284e-06,,FALSE,FALSE,FALSE,FALSE,,AIH
CD86-CD28,Vascular endothelial cell,CD4+ T cell,,,3.55489387013204e-05,3.29811854826036e-05,aih_only,0,2,0,2,,3.4265062091962e-05,,,3.29811854826036e-05,3.55489387013204e-05,,FALSE,FALSE,FALSE,FALSE,,AIH
CD86-CD28,Vascular endothelial cell,CD8+ T cell 1,,,5.86637542293921e-06,6.66774908379313e-06,aih_only,0,2,0,2,,6.26706225336617e-06,,,5.86637542293921e-06,6.66774908379313e-06,,FALSE,FALSE,FALSE,FALSE,,AIH
CD86-CD28,Vascular endothelial cell,CD8+ T cell 2,,,1.44878021665943e-06,1.63448149397126e-06,aih_only,0,2,0,2,,1.54163085531535e-06,,,1.44878021665943e-06,1.63448149397126e-06,,FALSE,FALSE,FALSE,FALSE,,AIH
CD86-CD28,Vascular endothelial cell,CD8+ T cell 3,,,4.49310121926049e-06,8.06144171653928e-06,aih_only,0,2,0,2,,6.27727146789989e-06,,,4.49310121926049e-06,8.06144171653928e-06,,FALSE,FALSE,FALSE,FALSE,,AIH
CD86-CD28,Vascular endothelial cell,Cholangiocyte,,,1.35113936410203e-06,1.91783183267137e-06,aih_only,0,2,0,2,,1.6344855983867e-06,,,1.35113936410203e-06,1.91783183267137e-06,,FALSE,FALSE,FALSE,FALSE,,AIH
CD86-CD28,Vascular endothelial cell,Hepatocyte 1,,,1.01143428058229e-07,2.87839664235983e-07,aih_only,0,2,0,2,,1.94491546147106e-07,,,1.01143428058229e-07,2.87839664235983e-07,,FALSE,FALSE,FALSE,FALSE,,AIH
CD86-CD28,Vascular endothelial cell,Hepatocyte 2,,,6.09269079867882e-08,1.06337015007716e-07,aih_only,0,2,0,2,,8.36319614972519e-08,,,6.09269079867882e-08,1.06337015007716e-07,,FALSE,FALSE,FALSE,FALSE,,AIH
CD86-CD28,Vascular endothelial cell,Hepatocyte 3,,,9.46638114685423e-07,4.57044951068533e-07,aih_only,0,2,0,2,,7.01841532876978e-07,,,4.57044951068533e-07,9.46638114685423e-07,,FALSE,FALSE,FALSE,FALSE,,AIH
CD86-CD28,Vascular endothelial cell,Hepatocyte 4,,,1.0614018643907e-07,1.54044750998129e-07,aih_only,0,2,0,2,,1.30092468718599e-07,,,1.0614018643907e-07,1.54044750998129e-07,,FALSE,FALSE,FALSE,FALSE,,AIH
CD86-CD28,Vascular endothelial cell,Ig+ hepatocyte,,,1.16055538450257e-06,4.28380974191974e-07,aih_only,0,2,0,2,,7.94468179347274e-07,,,4.28380974191974e-07,1.16055538450257e-06,,FALSE,FALSE,FALSE,FALSE,,AIH
CD86-CD28,Vascular endothelial cell,IgG+ B cell,,,1.6895414123449e-06,3.40198762402884e-06,aih_only,0,2,0,2,,2.54576451818687e-06,,,1.6895414123449e-06,3.40198762402884e-06,,FALSE,FALSE,FALSE,FALSE,,AIH
CD86-CD28,Vascular endothelial cell,IgG+ plasmablast / plasma cell,,,3.10298194014037e-06,3.66319846417492e-06,aih_only,0,2,0,2,,3.38309020215765e-06,,,3.10298194014037e-06,3.66319846417492e-06,,FALSE,FALSE,FALSE,FALSE,,AIH
CD86-CD28,Vascular endothelial cell,IgM+ B cell,,,6.19175310782011e-06,1.00699268563041e-05,aih_only,0,2,0,2,,8.13083998206208e-06,,,6.19175310782011e-06,1.00699268563041e-05,,FALSE,FALSE,FALSE,FALSE,,AIH
CD86-CD28,Vascular endothelial cell,Macrophage 1,,,1.28871451196926e-06,7.21367090256124e-07,aih_only,0,2,0,2,,1.00504080111269e-06,,,7.21367090256124e-07,1.28871451196926e-06,,FALSE,FALSE,FALSE,FALSE,,AIH
CD86-CD28,Vascular endothelial cell,Macrophage 2,,,1.82256442815524e-06,1.63199442429097e-06,aih_only,0,2,0,2,,1.72727942622311e-06,,,1.63199442429097e-06,1.82256442815524e-06,,FALSE,FALSE,FALSE,FALSE,,AIH
CD86-CD28,Vascular endothelial cell,Sinusoidal endothelial cell,,,9.69103266670578e-08,5.65466061887792e-07,aih_only,0,2,0,2,,3.31188194277425e-07,,,9.69103266670578e-08,5.65466061887792e-07,,FALSE,FALSE,FALSE,FALSE,,AIH
CD86-CD28,Vascular endothelial cell,Stellate cell,,,2.79244316904361e-06,3.29586087462973e-06,aih_only,0,2,0,2,,3.04415202183667e-06,,,2.79244316904361e-06,3.29586087462973e-06,,FALSE,FALSE,FALSE,FALSE,,AIH
CD86-CD28,Vascular endothelial cell,Vascular endothelial cell,,,4.54897682997496e-06,4.90899984750597e-06,aih_only,0,2,0,2,,4.72898833874046e-06,,,4.54897682997496e-06,4.90899984750597e-06,,FALSE,FALSE,FALSE,FALSE,,AIH
CD86-CTLA4,CD4+ T cell,CD4+ T cell,,,2.96761482585662e-05,4.56045931343725e-05,aih_only,0,2,0,2,,3.76403706964694e-05,,,2.96761482585662e-05,4.56045931343725e-05,,FALSE,FALSE,FALSE,FALSE,,AIH
CD86-CTLA4,CD4+ T cell,CD8+ T cell 1,,,6.28065994087863e-06,6.69024807848463e-06,aih_only,0,2,0,2,,6.48545400968163e-06,,,6.28065994087863e-06,6.69024807848463e-06,,FALSE,FALSE,FALSE,FALSE,,AIH
CD86-CTLA4,CD4+ T cell,CD8+ T cell 2,,,5.77421227233123e-06,7.84457874547878e-06,aih_only,0,2,0,2,,6.80939550890501e-06,,,5.77421227233123e-06,7.84457874547878e-06,,FALSE,FALSE,FALSE,FALSE,,AIH
CD86-CTLA4,CD4+ T cell,CD8+ T cell 3,,,8.72374992012223e-06,9.54123667729016e-06,aih_only,0,2,0,2,,9.13249329870619e-06,,,8.72374992012223e-06,9.54123667729016e-06,,FALSE,FALSE,FALSE,FALSE,,AIH
CD86-CTLA4,CD4+ T cell,Cholangiocyte,,,2.10067564154668e-06,2.68627685330696e-06,aih_only,0,2,0,2,,2.39347624742682e-06,,,2.10067564154668e-06,2.68627685330696e-06,,FALSE,FALSE,FALSE,FALSE,,AIH
CD86-CTLA4,CD4+ T cell,Hepatocyte 1,,,5.15332744819822e-07,5.83415544012421e-07,aih_only,0,2,0,2,,5.49374144416122e-07,,,5.15332744819822e-07,5.83415544012421e-07,,FALSE,FALSE,FALSE,FALSE,,AIH
CD86-CTLA4,CD4+ T cell,Hepatocyte 2,,,4.49144251959897e-07,3.16096328449977e-07,aih_only,0,2,0,2,,3.82620290204937e-07,,,3.16096328449977e-07,4.49144251959897e-07,,FALSE,FALSE,FALSE,FALSE,,AIH
CD86-CTLA4,CD4+ T cell,Hepatocyte 3,,,7.59304780080074e-07,5.87374309505279e-07,aih_only,0,2,0,2,,6.73339544792677e-07,,,5.87374309505279e-07,7.59304780080074e-07,,FALSE,FALSE,FALSE,FALSE,,AIH
CD86-CTLA4,CD4+ T cell,Hepatocyte 4,,,6.47084436095271e-07,5.48082439825296e-07,aih_only,0,2,0,2,,5.97583437960284e-07,,,5.48082439825296e-07,6.47084436095271e-07,,FALSE,FALSE,FALSE,FALSE,,AIH
CD86-CTLA4,CD4+ T cell,Ig+ hepatocyte,,,1.71346054038281e-06,1.4530508579852e-06,aih_only,0,2,0,2,,1.58325569918401e-06,,,1.4530508579852e-06,1.71346054038281e-06,,FALSE,FALSE,FALSE,FALSE,,AIH
CD86-CTLA4,CD4+ T cell,IgG+ B cell,,,1.80037264221452e-06,2.6381575341172e-06,aih_only,0,2,0,2,,2.21926508816586e-06,,,1.80037264221452e-06,2.6381575341172e-06,,FALSE,FALSE,FALSE,FALSE,,AIH
CD86-CTLA4,CD4+ T cell,IgG+ plasmablast / plasma cell,,,3.50857314893048e-06,5.16058352715506e-06,aih_only,0,2,0,2,,4.33457833804277e-06,,,3.50857314893048e-06,5.16058352715506e-06,,FALSE,FALSE,FALSE,FALSE,,AIH
CD86-CTLA4,CD4+ T cell,IgM+ B cell,,,7.833488256347e-06,2.03041101706695e-05,aih_only,0,2,0,2,,1.40687992135083e-05,,,7.833488256347e-06,2.03041101706695e-05,,FALSE,FALSE,FALSE,FALSE,,AIH
CD86-CTLA4,CD4+ T cell,Macrophage 1,,,2.10125499381702e-06,2.0329640850964e-06,aih_only,0,2,0,2,,2.06710953945671e-06,,,2.0329640850964e-06,2.10125499381702e-06,,FALSE,FALSE,FALSE,FALSE,,AIH
CD86-CTLA4,CD4+ T cell,Macrophage 2,,,1.85083296922844e-06,2.55468392671943e-06,aih_only,0,2,0,2,,2.20275844797393e-06,,,1.85083296922844e-06,2.55468392671943e-06,,FALSE,FALSE,FALSE,FALSE,,AIH
CD86-CTLA4,CD4+ T cell,Sinusoidal endothelial cell,,,5.79819227082084e-07,8.43516458511854e-07,aih_only,0,2,0,2,,7.11667842796969e-07,,,5.79819227082084e-07,8.43516458511854e-07,,FALSE,FALSE,FALSE,FALSE,,AIH
CD86-CTLA4,CD4+ T cell,Stellate cell,,,1.92658805340607e-06,2.19558866424288e-06,aih_only,0,2,0,2,,2.06108835882448e-06,,,1.92658805340607e-06,2.19558866424288e-06,,FALSE,FALSE,FALSE,FALSE,,AIH
CD86-CTLA4,CD4+ T cell,Vascular endothelial cell,,,2.9131771998401e-06,3.06456015872171e-06,aih_only,0,2,0,2,,2.98886867928091e-06,,,2.9131771998401e-06,3.06456015872171e-06,,FALSE,FALSE,FALSE,FALSE,,AIH
CD86-CTLA4,CD8+ T cell 1,CD4+ T cell,,,1.44663753874234e-05,1.8447819064991e-05,aih_only,0,2,0,2,,1.64570972262072e-05,,,1.44663753874234e-05,1.8447819064991e-05,,FALSE,FALSE,FALSE,FALSE,,AIH
CD86-CTLA4,CD8+ T cell 1,CD8+ T cell 1,,,1.51794512538373e-05,1.40114025639085e-05,aih_only,0,2,0,2,,1.45954269088729e-05,,,1.40114025639085e-05,1.51794512538373e-05,,FALSE,FALSE,FALSE,FALSE,,AIH
CD86-CTLA4,CD8+ T cell 1,CD8+ T cell 2,,,3.05356756422842e-05,1.98910118849476e-05,aih_only,0,2,0,2,,2.52133437636159e-05,,,1.98910118849476e-05,3.05356756422842e-05,,FALSE,FALSE,FALSE,FALSE,,AIH
CD86-CTLA4,CD8+ T cell 1,CD8+ T cell 3,,,1.45441920666057e-05,1.85388377536266e-05,aih_only,0,2,0,2,,1.65415149101161e-05,,,1.45441920666057e-05,1.85388377536266e-05,,FALSE,FALSE,FALSE,FALSE,,AIH
CD86-CTLA4,CD8+ T cell 1,Cholangiocyte,,,1.8083253627893e-06,2.01056326027507e-06,aih_only,0,2,0,2,,1.90944431153218e-06,,,1.8083253627893e-06,2.01056326027507e-06,,FALSE,FALSE,FALSE,FALSE,,AIH
CD86-CTLA4,CD8+ T cell 1,Hepatocyte 1,,,2.93980244117787e-06,1.55140376611115e-06,aih_only,0,2,0,2,,2.24560310364451e-06,,,1.55140376611115e-06,2.93980244117787e-06,,FALSE,FALSE,FALSE,FALSE,,AIH
CD86-CTLA4,CD8+ T cell 1,Hepatocyte 2,,,2.19524522929981e-06,8.93165277905788e-07,aih_only,0,2,0,2,,1.5442052536028e-06,,,8.93165277905788e-07,2.19524522929981e-06,,FALSE,FALSE,FALSE,FALSE,,AIH
CD86-CTLA4,CD8+ T cell 1,Hepatocyte 3,,,2.69998180333839e-06,1.72255162709009e-06,aih_only,0,2,0,2,,2.21126671521424e-06,,,1.72255162709009e-06,2.69998180333839e-06,,FALSE,FALSE,FALSE,FALSE,,AIH
CD86-CTLA4,CD8+ T cell 1,Hepatocyte 4,,,3.62207153266428e-06,1.90352984688283e-06,aih_only,0,2,0,2,,2.76280068977355e-06,,,1.90352984688283e-06,3.62207153266428e-06,,FALSE,FALSE,FALSE,FALSE,,AIH
CD86-CTLA4,CD8+ T cell 1,Ig+ hepatocyte,,,7.40188879877904e-06,1.66591116847062e-06,aih_only,0,2,0,2,,4.53389998362484e-06,,,1.66591116847062e-06,7.40188879877904e-06,,FALSE,FALSE,FALSE,FALSE,,AIH
CD86-CTLA4,CD8+ T cell 1,IgG+ B cell,,,1.6795031800905e-06,1.5817636618645e-06,aih_only,0,2,0,2,,1.6306334209775e-06,,,1.5817636618645e-06,1.6795031800905e-06,,FALSE,FALSE,FALSE,FALSE,,AIH
CD86-CTLA4,CD8+ T cell 1,IgG+ plasmablast / plasma cell,,,3.506054491265e-06,3.47852373110945e-06,aih_only,0,2,0,2,,3.49228911118723e-06,,,3.47852373110945e-06,3.506054491265e-06,,FALSE,FALSE,FALSE,FALSE,,AIH
CD86-CTLA4,CD8+ T cell 1,IgM+ B cell,,,2.47450201302923e-06,3.05689102196901e-06,aih_only,0,2,0,2,,2.76569651749912e-06,,,2.47450201302923e-06,3.05689102196901e-06,,FALSE,FALSE,FALSE,FALSE,,AIH
CD86-CTLA4,CD8+ T cell 1,Macrophage 1,,,4.33732580353388e-06,3.58281015451673e-06,aih_only,0,2,0,2,,3.96006797902531e-06,,,3.58281015451673e-06,4.33732580353388e-06,,FALSE,FALSE,FALSE,FALSE,,AIH
CD86-CTLA4,CD8+ T cell 1,Macrophage 2,,,1.56198676569155e-06,2.0671643490915e-06,aih_only,0,2,0,2,,1.81457555739153e-06,,,1.56198676569155e-06,2.0671643490915e-06,,FALSE,FALSE,FALSE,FALSE,,AIH
CD86-CTLA4,CD8+ T cell 1,Sinusoidal endothelial cell,,,2.5738614689399e-06,2.14475672974341e-06,aih_only,0,2,0,2,,2.35930909934166e-06,,,2.14475672974341e-06,2.5738614689399e-06,,FALSE,FALSE,FALSE,FALSE,,AIH
CD86-CTLA4,CD8+ T cell 1,Stellate cell,,,1.61524498579601e-06,1.51643099277317e-06,aih_only,0,2,0,2,,1.56583798928459e-06,,,1.51643099277317e-06,1.61524498579601e-06,,FALSE,FALSE,FALSE,FALSE,,AIH
CD86-CTLA4,CD8+ T cell 1,Vascular endothelial cell,,,1.0994752140287e-06,1.56395642232095e-06,aih_only,0,2,0,2,,1.33171581817482e-06,,,1.0994752140287e-06,1.56395642232095e-06,,FALSE,FALSE,FALSE,FALSE,,AIH
CD86-CTLA4,CD8+ T cell 2,CD4+ T cell,,,4.53746825978488e-06,8.41922729187845e-06,aih_only,0,2,0,2,,6.47834777583167e-06,,,4.53746825978488e-06,8.41922729187845e-06,,FALSE,FALSE,FALSE,FALSE,,AIH
CD86-CTLA4,CD8+ T cell 2,CD8+ T cell 1,,,8.50301978332388e-06,7.69362400605424e-06,aih_only,0,2,0,2,,8.09832189468906e-06,,,7.69362400605424e-06,8.50301978332388e-06,,FALSE,FALSE,FALSE,FALSE,,AIH
CD86-CTLA4,CD8+ T cell 2,CD8+ T cell 2,,,4.83027679505643e-05,2.80540795541298e-05,aih_only,0,2,0,2,,3.81784237523471e-05,,,2.80540795541298e-05,4.83027679505643e-05,,FALSE,FALSE,FALSE,FALSE,,AIH
CD86-CTLA4,CD8+ T cell 2,CD8+ T cell 3,,,1.29984641810274e-05,1.39724808794589e-05,aih_only,0,2,0,2,,1.34854725302432e-05,,,1.29984641810274e-05,1.39724808794589e-05,,FALSE,FALSE,FALSE,FALSE,,AIH
CD86-CTLA4,CD8+ T cell 2,Cholangiocyte,,,4.55152824622899e-07,7.11620879954864e-07,aih_only,0,2,0,2,,5.83386852288881e-07,,,4.55152824622899e-07,7.11620879954864e-07,,FALSE,FALSE,FALSE,FALSE,,AIH
CD86-CTLA4,CD8+ T cell 2,Hepatocyte 1,,,3.03693574227113e-06,1.15418993214906e-06,aih_only,0,2,0,2,,2.0955628372101e-06,,,1.15418993214906e-06,3.03693574227113e-06,,FALSE,FALSE,FALSE,FALSE,,AIH
CD86-CTLA4,CD8+ T cell 2,Hepatocyte 2,,,3.49441486282748e-06,7.09776969664597e-07,aih_only,0,2,0,2,,2.10209591624604e-06,,,7.09776969664597e-07,3.49441486282748e-06,,FALSE,FALSE,FALSE,FALSE,,AIH
CD86-CTLA4,CD8+ T cell 2,Hepatocyte 3,,,1.8904859925662e-06,1.53683876833633e-06,aih_only,0,2,0,2,,1.71366238045126e-06,,,1.53683876833633e-06,1.8904859925662e-06,,FALSE,FALSE,FALSE,FALSE,,AIH
CD86-CTLA4,CD8+ T cell 2,Hepatocyte 4,,,2.90965758188211e-06,1.26478139235563e-06,aih_only,0,2,0,2,,2.08721948711887e-06,,,1.26478139235563e-06,2.90965758188211e-06,,FALSE,FALSE,FALSE,FALSE,,AIH
CD86-CTLA4,CD8+ T cell 2,Ig+ hepatocyte,,,3.32473632239609e-06,1.38758020170149e-06,aih_only,0,2,0,2,,2.35615826204879e-06,,,1.38758020170149e-06,3.32473632239609e-06,,FALSE,FALSE,FALSE,FALSE,,AIH
CD86-CTLA4,CD8+ T cell 2,IgG+ B cell,,,6.04969146687242e-07,8.54081576966987e-07,aih_only,0,2,0,2,,7.29525361827115e-07,,,6.04969146687242e-07,8.54081576966987e-07,,FALSE,FALSE,FALSE,FALSE,,AIH
CD86-CTLA4,CD8+ T cell 2,IgG+ plasmablast / plasma cell,,,1.23331976699514e-06,1.7963421259643e-06,aih_only,0,2,0,2,,1.51483094647972e-06,,,1.23331976699514e-06,1.7963421259643e-06,,FALSE,FALSE,FALSE,FALSE,,AIH
CD86-CTLA4,CD8+ T cell 2,IgM+ B cell,,,4.30119541701448e-07,1.44236892396502e-06,aih_only,0,2,0,2,,9.36244232833235e-07,,,4.30119541701448e-07,1.44236892396502e-06,,FALSE,FALSE,FALSE,FALSE,,AIH
CD86-CTLA4,CD8+ T cell 2,Macrophage 1,,,2.81655915308794e-06,2.41313607114017e-06,aih_only,0,2,0,2,,2.61484761211406e-06,,,2.41313607114017e-06,2.81655915308794e-06,,FALSE,FALSE,FALSE,FALSE,,AIH
CD86-CTLA4,CD8+ T cell 2,Macrophage 2,,,5.39934006512775e-07,1.17028405180141e-06,aih_only,0,2,0,2,,8.55109029157093e-07,,,5.39934006512775e-07,1.17028405180141e-06,,FALSE,FALSE,FALSE,FALSE,,AIH
CD86-CTLA4,CD8+ T cell 2,Sinusoidal endothelial cell,,,1.58877397871471e-06,1.02865438889104e-06,aih_only,0,2,0,2,,1.30871418380288e-06,,,1.02865438889104e-06,1.58877397871471e-06,,FALSE,FALSE,FALSE,FALSE,,AIH
CD86-CTLA4,CD8+ T cell 2,Stellate cell,,,4.78671695306022e-07,6.3807736139818e-07,aih_only,0,2,0,2,,5.58374528352101e-07,,,4.78671695306022e-07,6.3807736139818e-07,,FALSE,FALSE,FALSE,FALSE,,AIH
CD86-CTLA4,CD8+ T cell 2,Vascular endothelial cell,,,2.9374660672337e-07,2.88568869480826e-07,aih_only,0,2,0,2,,2.91157738102098e-07,,,2.88568869480826e-07,2.9374660672337e-07,,FALSE,FALSE,FALSE,FALSE,,AIH
CD86-CTLA4,CD8+ T cell 3,CD4+ T cell,,,1.84479613591361e-05,1.90348737728659e-05,aih_only,0,2,0,2,,1.8741417566001e-05,,,1.84479613591361e-05,1.90348737728659e-05,,FALSE,FALSE,FALSE,FALSE,,AIH
CD86-CTLA4,CD8+ T cell 3,CD8+ T cell 1,,,1.65679874583076e-05,1.2942963665262e-05,aih_only,0,2,0,2,,1.47554755617848e-05,,,1.2942963665262e-05,1.65679874583076e-05,,FALSE,FALSE,FALSE,FALSE,,AIH
CD86-CTLA4,CD8+ T cell 3,CD8+ T cell 2,,,4.33219331767993e-05,2.46221643970122e-05,aih_only,0,2,0,2,,3.39720487869058e-05,,,2.46221643970122e-05,4.33219331767993e-05,,FALSE,FALSE,FALSE,FALSE,,AIH
CD86-CTLA4,CD8+ T cell 3,CD8+ T cell 3,,,6.94948547943597e-05,5.91265261518095e-05,aih_only,0,2,0,2,,6.43106904730846e-05,,,5.91265261518095e-05,6.94948547943597e-05,,FALSE,FALSE,FALSE,FALSE,,AIH
CD86-CTLA4,CD8+ T cell 3,Cholangiocyte,,,2.23645125065607e-06,3.07434473160953e-06,aih_only,0,2,0,2,,2.6553979911328e-06,,,2.23645125065607e-06,3.07434473160953e-06,,FALSE,FALSE,FALSE,FALSE,,AIH
CD86-CTLA4,CD8+ T cell 3,Hepatocyte 1,,,6.01674176722176e-06,2.29457444768264e-06,aih_only,0,2,0,2,,4.1556581074522e-06,,,2.29457444768264e-06,6.01674176722176e-06,,FALSE,FALSE,FALSE,FALSE,,AIH
CD86-CTLA4,CD8+ T cell 3,Hepatocyte 2,,,3.51006856899474e-06,1.08396771133615e-06,aih_only,0,2,0,2,,2.29701814016544e-06,,,1.08396771133615e-06,3.51006856899474e-06,,FALSE,FALSE,FALSE,FALSE,,AIH
CD86-CTLA4,CD8+ T cell 3,Hepatocyte 3,,,5.0471640795604e-06,1.85542090400007e-06,aih_only,0,2,0,2,,3.45129249178023e-06,,,1.85542090400007e-06,5.0471640795604e-06,,FALSE,FALSE,FALSE,FALSE,,AIH
CD86-CTLA4,CD8+ T cell 3,Hepatocyte 4,,,9.07584646496826e-06,2.85143137954665e-06,aih_only,0,2,0,2,,5.96363892225746e-06,,,2.85143137954665e-06,9.07584646496826e-06,,FALSE,FALSE,FALSE,FALSE,,AIH
CD86-CTLA4,CD8+ T cell 3,Ig+ hepatocyte,,,1.06468764982798e-05,1.89772276734201e-06,aih_only,0,2,0,2,,6.27229963281092e-06,,,1.89772276734201e-06,1.06468764982798e-05,,FALSE,FALSE,FALSE,FALSE,,AIH
CD86-CTLA4,CD8+ T cell 3,IgG+ B cell,,,2.37803691390337e-06,1.8339107722783e-06,aih_only,0,2,0,2,,2.10597384309084e-06,,,1.8339107722783e-06,2.37803691390337e-06,,FALSE,FALSE,FALSE,FALSE,,AIH
CD86-CTLA4,CD8+ T cell 3,IgG+ plasmablast / plasma cell,,,4.77086729693912e-06,3.15077072084512e-06,aih_only,0,2,0,2,,3.96081900889212e-06,,,3.15077072084512e-06,4.77086729693912e-06,,FALSE,FALSE,FALSE,FALSE,,AIH
CD86-CTLA4,CD8+ T cell 3,IgM+ B cell,,,3.04534273288386e-06,4.41046512882689e-06,aih_only,0,2,0,2,,3.72790393085537e-06,,,3.04534273288386e-06,4.41046512882689e-06,,FALSE,FALSE,FALSE,FALSE,,AIH
CD86-CTLA4,CD8+ T cell 3,Macrophage 1,,,5.53158634599865e-06,3.85611692112804e-06,aih_only,0,2,0,2,,4.69385163356334e-06,,,3.85611692112804e-06,5.53158634599865e-06,,FALSE,FALSE,FALSE,FALSE,,AIH
CD86-CTLA4,CD8+ T cell 3,Macrophage 2,,,1.90190723722333e-06,2.77796594868424e-06,aih_only,0,2,0,2,,2.33993659295379e-06,,,1.90190723722333e-06,2.77796594868424e-06,,FALSE,FALSE,FALSE,FALSE,,AIH
CD86-CTLA4,CD8+ T cell 3,Sinusoidal endothelial cell,,,2.81131770737664e-06,1.80465823191605e-06,aih_only,0,2,0,2,,2.30798796964635e-06,,,1.80465823191605e-06,2.81131770737664e-06,,FALSE,FALSE,FALSE,FALSE,,AIH
CD86-CTLA4,CD8+ T cell 3,Stellate cell,,,1.89893174826875e-06,2.19307310782485e-06,aih_only,0,2,0,2,,2.0460024280468e-06,,,1.89893174826875e-06,2.19307310782485e-06,,FALSE,FALSE,FALSE,FALSE,,AIH
CD86-CTLA4,CD8+ T cell 3,Vascular endothelial cell,,,8.19192108401763e-07,9.64341951404112e-07,aih_only,0,2,0,2,,8.91767029902937e-07,,,8.19192108401763e-07,9.64341951404112e-07,,FALSE,FALSE,FALSE,FALSE,,AIH
CD86-CTLA4,Cholangiocyte,CD4+ T cell,,,1.41821029452842e-05,1.26913954494166e-05,aih_only,0,2,0,2,,1.34367491973504e-05,,,1.26913954494166e-05,1.41821029452842e-05,,FALSE,FALSE,FALSE,FALSE,,AIH
CD86-CTLA4,Cholangiocyte,CD8+ T cell 1,,,4.56100846544608e-06,3.86315152074615e-06,aih_only,0,2,0,2,,4.21207999309611e-06,,,3.86315152074615e-06,4.56100846544608e-06,,FALSE,FALSE,FALSE,FALSE,,AIH
CD86-CTLA4,Cholangiocyte,CD8+ T cell 2,,,4.11652843780877e-06,5.48570291691523e-06,aih_only,0,2,0,2,,4.801115677362e-06,,,4.11652843780877e-06,5.48570291691523e-06,,FALSE,FALSE,FALSE,FALSE,,AIH
CD86-CTLA4,Cholangiocyte,CD8+ T cell 3,,,5.44028821756219e-06,6.15867881815968e-06,aih_only,0,2,0,2,,5.79948351786093e-06,,,5.44028821756219e-06,6.15867881815968e-06,,FALSE,FALSE,FALSE,FALSE,,AIH
CD86-CTLA4,Cholangiocyte,Cholangiocyte,,,6.2893631073587e-06,4.33967189792379e-06,aih_only,0,2,0,2,,5.31451750264125e-06,,,4.33967189792379e-06,6.2893631073587e-06,,FALSE,FALSE,FALSE,FALSE,,AIH
CD86-CTLA4,Cholangiocyte,Hepatocyte 1,,,2.41292052899255e-07,4.19929891644665e-07,aih_only,0,2,0,2,,3.3061097227196e-07,,,2.41292052899255e-07,4.19929891644665e-07,,FALSE,FALSE,FALSE,FALSE,,AIH
CD86-CTLA4,Cholangiocyte,Hepatocyte 2,,,2.32055098786771e-07,1.55307811283178e-07,aih_only,0,2,0,2,,1.93681455034974e-07,,,1.55307811283178e-07,2.32055098786771e-07,,FALSE,FALSE,FALSE,FALSE,,AIH
CD86-CTLA4,Cholangiocyte,Hepatocyte 3,,,7.90699919249128e-07,1.1863898881083e-06,aih_only,0,2,0,2,,9.88544903678713e-07,,,7.90699919249128e-07,1.1863898881083e-06,,FALSE,FALSE,FALSE,FALSE,,AIH
CD86-CTLA4,Cholangiocyte,Hepatocyte 4,,,5.67726945364552e-07,2.78729043691173e-07,aih_only,0,2,0,2,,4.23227994527863e-07,,,2.78729043691173e-07,5.67726945364552e-07,,FALSE,FALSE,FALSE,FALSE,,AIH
CD86-CTLA4,Cholangiocyte,Ig+ hepatocyte,,,7.55070391792977e-07,5.90801138109935e-07,aih_only,0,2,0,2,,6.72935764951456e-07,,,5.90801138109935e-07,7.55070391792977e-07,,FALSE,FALSE,FALSE,FALSE,,AIH
CD86-CTLA4,Cholangiocyte,IgG+ B cell,,,1.80485737696848e-06,2.10863895847132e-06,aih_only,0,2,0,2,,1.9567481677199e-06,,,1.80485737696848e-06,2.10863895847132e-06,,FALSE,FALSE,FALSE,FALSE,,AIH
CD86-CTLA4,Cholangiocyte,IgG+ plasmablast / plasma cell,,,2.59723545515052e-06,2.43376616229372e-06,aih_only,0,2,0,2,,2.51550080872212e-06,,,2.43376616229372e-06,2.59723545515052e-06,,FALSE,FALSE,FALSE,FALSE,,AIH
CD86-CTLA4,Cholangiocyte,IgM+ B cell,,,3.11007098469151e-06,6.23736381004946e-06,aih_only,0,2,0,2,,4.67371739737048e-06,,,3.11007098469151e-06,6.23736381004946e-06,,FALSE,FALSE,FALSE,FALSE,,AIH
CD86-CTLA4,Cholangiocyte,Macrophage 1,,,1.20442328782832e-06,1.05969938553367e-06,aih_only,0,2,0,2,,1.13206133668099e-06,,,1.05969938553367e-06,1.20442328782832e-06,,FALSE,FALSE,FALSE,FALSE,,AIH
CD86-CTLA4,Cholangiocyte,Macrophage 2,,,1.69632790631865e-06,1.30094198700316e-06,aih_only,0,2,0,2,,1.49863494666091e-06,,,1.30094198700316e-06,1.69632790631865e-06,,FALSE,FALSE,FALSE,FALSE,,AIH
CD86-CTLA4,Cholangiocyte,Sinusoidal endothelial cell,,,1.20491236972845e-07,3.94951876550949e-07,aih_only,0,2,0,2,,2.57721556761897e-07,,,1.20491236972845e-07,3.94951876550949e-07,,FALSE,FALSE,FALSE,FALSE,,AIH
CD86-CTLA4,Cholangiocyte,Stellate cell,,,1.6662158714843e-06,1.15246569875065e-06,aih_only,0,2,0,2,,1.40934078511747e-06,,,1.15246569875065e-06,1.6662158714843e-06,,FALSE,FALSE,FALSE,FALSE,,AIH
CD86-CTLA4,Cholangiocyte,Vascular endothelial cell,,,1.15356502233183e-06,1.60247849999477e-06,aih_only,0,2,0,2,,1.3780217611633e-06,,,1.15356502233183e-06,1.60247849999477e-06,,FALSE,FALSE,FALSE,FALSE,,AIH
CD86-CTLA4,Hepatocyte 1,CD4+ T cell,,,3.24924099712404e-06,3.96417737267382e-06,aih_only,0,2,0,2,,3.60670918489893e-06,,,3.24924099712404e-06,3.96417737267382e-06,,FALSE,FALSE,FALSE,FALSE,,AIH
CD86-CTLA4,Hepatocyte 1,CD8+ T cell 1,,,5.32357869931875e-06,3.56853424632534e-06,aih_only,0,2,0,2,,4.44605647282204e-06,,,3.56853424632534e-06,5.32357869931875e-06,,FALSE,FALSE,FALSE,FALSE,,AIH
CD86-CTLA4,Hepatocyte 1,CD8+ T cell 2,,,1.93688865036453e-05,7.4726311974823e-06,aih_only,0,2,0,2,,1.34207588505638e-05,,,7.4726311974823e-06,1.93688865036453e-05,,FALSE,FALSE,FALSE,FALSE,,AIH
CD86-CTLA4,Hepatocyte 1,CD8+ T cell 3,,,6.85478905317576e-06,5.21867127618488e-06,aih_only,0,2,0,2,,6.03673016468032e-06,,,5.21867127618488e-06,6.85478905317576e-06,,FALSE,FALSE,FALSE,FALSE,,AIH
CD86-CTLA4,Hepatocyte 1,Cholangiocyte,,,1.99629582085767e-07,4.10729210168884e-07,aih_only,0,2,0,2,,3.05179396127326e-07,,,1.99629582085767e-07,4.10729210168884e-07,,FALSE,FALSE,FALSE,FALSE,,AIH
CD86-CTLA4,Hepatocyte 1,Hepatocyte 1,,,2.7536421901056e-06,6.88680700117527e-07,aih_only,0,2,0,2,,1.72116144511156e-06,,,6.88680700117527e-07,2.7536421901056e-06,,FALSE,FALSE,FALSE,FALSE,,AIH
CD86-CTLA4,Hepatocyte 1,Hepatocyte 2,,,1.47849678770079e-06,3.87829400453924e-07,aih_only,0,2,0,2,,9.33163094077358e-07,,,3.87829400453924e-07,1.47849678770079e-06,,FALSE,FALSE,FALSE,FALSE,,AIH
CD86-CTLA4,Hepatocyte 1,Hepatocyte 3,,,1.41289493252594e-06,6.71168669429389e-07,aih_only,0,2,0,2,,1.04203180097766e-06,,,6.71168669429389e-07,1.41289493252594e-06,,FALSE,FALSE,FALSE,FALSE,,AIH
CD86-CTLA4,Hepatocyte 1,Hepatocyte 4,,,3.15544884866574e-06,8.14623182982461e-07,aih_only,0,2,0,2,,1.9850360158241e-06,,,8.14623182982461e-07,3.15544884866574e-06,,FALSE,FALSE,FALSE,FALSE,,AIH
CD86-CTLA4,Hepatocyte 1,Ig+ hepatocyte,,,2.57788223440647e-06,5.84297733025579e-07,aih_only,0,2,0,2,,1.58108998371602e-06,,,5.84297733025579e-07,2.57788223440647e-06,,FALSE,FALSE,FALSE,FALSE,,AIH
CD86-CTLA4,Hepatocyte 1,IgG+ B cell,,,3.51481704103719e-07,4.19506354805454e-07,aih_only,0,2,0,2,,3.85494029454587e-07,,,3.51481704103719e-07,4.19506354805454e-07,,FALSE,FALSE,FALSE,FALSE,,AIH
CD86-CTLA4,Hepatocyte 1,IgG+ plasmablast / plasma cell,,,9.10912432517564e-07,7.09523211163067e-07,aih_only,0,2,0,2,,8.10217821840315e-07,,,7.09523211163067e-07,9.10912432517564e-07,,FALSE,FALSE,FALSE,FALSE,,AIH
CD86-CTLA4,Hepatocyte 1,IgM+ B cell,,,1.95237315191036e-07,4.40210325369756e-07,aih_only,0,2,0,2,,3.17723820280396e-07,,,1.95237315191036e-07,4.40210325369756e-07,,FALSE,FALSE,FALSE,FALSE,,AIH
CD86-CTLA4,Hepatocyte 1,Macrophage 1,,,1.67290196259853e-06,1.07664077040999e-06,aih_only,0,2,0,2,,1.37477136650426e-06,,,1.07664077040999e-06,1.67290196259853e-06,,FALSE,FALSE,FALSE,FALSE,,AIH
CD86-CTLA4,Hepatocyte 1,Macrophage 2,,,2.52751279682483e-07,6.23901336381659e-07,aih_only,0,2,0,2,,4.38326308032071e-07,,,2.52751279682483e-07,6.23901336381659e-07,,FALSE,FALSE,FALSE,FALSE,,AIH
CD86-CTLA4,Hepatocyte 1,Sinusoidal endothelial cell,,,8.18650920715231e-07,5.52825957966494e-07,aih_only,0,2,0,2,,6.85738439340862e-07,,,5.52825957966494e-07,8.18650920715231e-07,,FALSE,FALSE,FALSE,FALSE,,AIH
CD86-CTLA4,Hepatocyte 1,Stellate cell,,,3.07772019701969e-07,4.04041533144654e-07,aih_only,0,2,0,2,,3.55906776423312e-07,,,3.07772019701969e-07,4.04041533144654e-07,,FALSE,FALSE,FALSE,FALSE,,AIH
CD86-CTLA4,Hepatocyte 1,Vascular endothelial cell,,,1.08118577371606e-07,1.97805780319633e-07,aih_only,0,2,0,2,,1.5296217884562e-07,,,1.08118577371606e-07,1.97805780319633e-07,,FALSE,FALSE,FALSE,FALSE,,AIH
CD86-CTLA4,Hepatocyte 2,CD4+ T cell,,,2.83898057349541e-06,2.7551110298423e-06,aih_only,0,2,0,2,,2.79704580166886e-06,,,2.7551110298423e-06,2.83898057349541e-06,,FALSE,FALSE,FALSE,FALSE,,AIH
CD86-CTLA4,Hepatocyte 2,CD8+ T cell 1,,,3.90178218099473e-06,2.33212736910856e-06,aih_only,0,2,0,2,,3.11695477505165e-06,,,2.33212736910856e-06,3.90178218099473e-06,,FALSE,FALSE,FALSE,FALSE,,AIH
CD86-CTLA4,Hepatocyte 2,CD8+ T cell 2,,,1.69755591655963e-05,6.50537414774897e-06,aih_only,0,2,0,2,,1.17404666566726e-05,,,6.50537414774897e-06,1.69755591655963e-05,,FALSE,FALSE,FALSE,FALSE,,AIH
CD86-CTLA4,Hepatocyte 2,CD8+ T cell 3,,,2.81862582781734e-06,3.38182415384757e-06,aih_only,0,2,0,2,,3.10022499083246e-06,,,2.81862582781734e-06,3.38182415384757e-06,,FALSE,FALSE,FALSE,FALSE,,AIH
CD86-CTLA4,Hepatocyte 2,Cholangiocyte,,,2.50057401307867e-07,3.93740544876945e-07,aih_only,0,2,0,2,,3.21898973092406e-07,,,2.50057401307867e-07,3.93740544876945e-07,,FALSE,FALSE,FALSE,FALSE,,AIH
CD86-CTLA4,Hepatocyte 2,Hepatocyte 1,,,1.54684562896782e-06,5.47294378013078e-07,aih_only,0,2,0,2,,1.04707000349045e-06,,,5.47294378013078e-07,1.54684562896782e-06,,FALSE,FALSE,FALSE,FALSE,,AIH
CD86-CTLA4,Hepatocyte 2,Hepatocyte 2,,,1.51443162888251e-06,4.5717512259805e-07,aih_only,0,2,0,2,,9.85803375740281e-07,,,4.5717512259805e-07,1.51443162888251e-06,,FALSE,FALSE,FALSE,FALSE,,AIH
CD86-CTLA4,Hepatocyte 2,Hepatocyte 3,,,2.52664380145974e-06,6.43913497412353e-07,aih_only,0,2,0,2,,1.58527864943605e-06,,,6.43913497412353e-07,2.52664380145974e-06,,FALSE,FALSE,FALSE,FALSE,,AIH
CD86-CTLA4,Hepatocyte 2,Hepatocyte 4,,,1.04116739399693e-06,7.05810866184639e-07,aih_only,0,2,0,2,,8.73489130090785e-07,,,7.05810866184639e-07,1.04116739399693e-06,,FALSE,FALSE,FALSE,FALSE,,AIH
CD86-CTLA4,Hepatocyte 2,Ig+ hepatocyte,,,2.49495144477775e-06,4.65115653278025e-07,aih_only,0,2,0,2,,1.48003354902789e-06,,,4.65115653278025e-07,2.49495144477775e-06,,FALSE,FALSE,FALSE,FALSE,,AIH
CD86-CTLA4,Hepatocyte 2,IgG+ B cell,,,1.73088086973255e-07,4.47898431678724e-07,aih_only,0,2,0,2,,3.1049325932599e-07,,,1.73088086973255e-07,4.47898431678724e-07,,FALSE,FALSE,FALSE,FALSE,,AIH
CD86-CTLA4,Hepatocyte 2,IgG+ plasmablast / plasma cell,,,6.26287107219611e-07,5.33847212893034e-07,aih_only,0,2,0,2,,5.80067160056322e-07,,,5.33847212893034e-07,6.26287107219611e-07,,FALSE,FALSE,FALSE,FALSE,,AIH
CD86-CTLA4,Hepatocyte 2,IgM+ B cell,,,1.41598487925123e-07,2.911573954063e-07,aih_only,0,2,0,2,,2.16377941665712e-07,,,1.41598487925123e-07,2.911573954063e-07,,FALSE,FALSE,FALSE,FALSE,,AIH
CD86-CTLA4,Hepatocyte 2,Macrophage 1,,,1.13043926870162e-06,6.45307912378689e-07,aih_only,0,2,0,2,,8.87873590540156e-07,,,6.45307912378689e-07,1.13043926870162e-06,,FALSE,FALSE,FALSE,FALSE,,AIH
CD86-CTLA4,Hepatocyte 2,Macrophage 2,,,2.50450596861223e-07,4.25434599299172e-07,aih_only,0,2,0,2,,3.37942598080198e-07,,,2.50450596861223e-07,4.25434599299172e-07,,FALSE,FALSE,FALSE,FALSE,,AIH
CD86-CTLA4,Hepatocyte 2,Sinusoidal endothelial cell,,,6.80777179073206e-07,4.03665209676343e-07,aih_only,0,2,0,2,,5.42221194374775e-07,,,4.03665209676343e-07,6.80777179073206e-07,,FALSE,FALSE,FALSE,FALSE,,AIH
CD86-CTLA4,Hepatocyte 2,Stellate cell,,,4.06200957891218e-07,3.99853581503164e-07,aih_only,0,2,0,2,,4.03027269697191e-07,,,3.99853581503164e-07,4.06200957891218e-07,,FALSE,FALSE,FALSE,FALSE,,AIH
CD86-CTLA4,Hepatocyte 2,Vascular endothelial cell,,,2.32706982549346e-07,3.0145197649306e-07,aih_only,0,2,0,2,,2.67079479521203e-07,,,2.32706982549346e-07,3.0145197649306e-07,,FALSE,FALSE,FALSE,FALSE,,AIH
CD86-CTLA4,Hepatocyte 3,CD4+ T cell,,,2.11212925183929e-06,2.01517035955928e-06,aih_only,0,2,0,2,,2.06364980569929e-06,,,2.01517035955928e-06,2.11212925183929e-06,,FALSE,FALSE,FALSE,FALSE,,AIH
CD86-CTLA4,Hepatocyte 3,CD8+ T cell 1,,,3.52434133731974e-06,2.50801711019119e-06,aih_only,0,2,0,2,,3.01617922375546e-06,,,2.50801711019119e-06,3.52434133731974e-06,,FALSE,FALSE,FALSE,FALSE,,AIH
CD86-CTLA4,Hepatocyte 3,CD8+ T cell 2,,,9.69450499127348e-06,5.75307739812156e-06,aih_only,0,2,0,2,,7.72379119469752e-06,,,5.75307739812156e-06,9.69450499127348e-06,,FALSE,FALSE,FALSE,FALSE,,AIH
CD86-CTLA4,Hepatocyte 3,CD8+ T cell 3,,,3.60797923581454e-06,3.54404420376252e-06,aih_only,0,2,0,2,,3.57601171978853e-06,,,3.54404420376252e-06,3.60797923581454e-06,,FALSE,FALSE,FALSE,FALSE,,AIH
CD86-CTLA4,Hepatocyte 3,Cholangiocyte,,,1.04497350109817e-06,1.23927371150729e-07,aih_only,0,2,0,2,,5.84450436124448e-07,,,1.23927371150729e-07,1.04497350109817e-06,,FALSE,FALSE,FALSE,FALSE,,AIH
CD86-CTLA4,Hepatocyte 3,Hepatocyte 1,,,6.26041233839813e-07,3.41248901339182e-07,aih_only,0,2,0,2,,4.83645067589498e-07,,,3.41248901339182e-07,6.26041233839813e-07,,FALSE,FALSE,FALSE,FALSE,,AIH
CD86-CTLA4,Hepatocyte 3,Hepatocyte 2,,,5.74504952562806e-07,1.87758126326181e-07,aih_only,0,2,0,2,,3.81131539444494e-07,,,1.87758126326181e-07,5.74504952562806e-07,,FALSE,FALSE,FALSE,FALSE,,AIH
CD86-CTLA4,Hepatocyte 3,Hepatocyte 3,,,3.08191788149127e-06,1.55151467807148e-06,aih_only,0,2,0,2,,2.31671627978137e-06,,,1.55151467807148e-06,3.08191788149127e-06,,FALSE,FALSE,FALSE,FALSE,,AIH
CD86-CTLA4,Hepatocyte 3,Hepatocyte 4,,,3.16442262031488e-06,7.13816753242694e-07,aih_only,0,2,0,2,,1.93911968677879e-06,,,7.13816753242694e-07,3.16442262031488e-06,,FALSE,FALSE,FALSE,FALSE,,AIH
CD86-CTLA4,Hepatocyte 3,Ig+ hepatocyte,,,1.20258400499502e-06,7.9875876800416e-07,aih_only,0,2,0,2,,1.00067138649959e-06,,,7.9875876800416e-07,1.20258400499502e-06,,FALSE,FALSE,FALSE,FALSE,,AIH
CD86-CTLA4,Hepatocyte 3,IgG+ B cell,,,4.54202070115282e-07,3.81809211211621e-07,aih_only,0,2,0,2,,4.18005640663451e-07,,,3.81809211211621e-07,4.54202070115282e-07,,FALSE,FALSE,FALSE,FALSE,,AIH
CD86-CTLA4,Hepatocyte 3,IgG+ plasmablast / plasma cell,,,5.50871253630864e-07,5.59819782509818e-07,aih_only,0,2,0,2,,5.55345518070341e-07,,,5.50871253630864e-07,5.59819782509818e-07,,FALSE,FALSE,FALSE,FALSE,,AIH
CD86-CTLA4,Hepatocyte 3,IgM+ B cell,,,2.50563087614283e-07,2.59817116823199e-07,aih_only,0,2,0,2,,2.55190102218741e-07,,,2.50563087614283e-07,2.59817116823199e-07,,FALSE,FALSE,FALSE,FALSE,,AIH
CD86-CTLA4,Hepatocyte 3,Macrophage 1,,,1.03710074383742e-06,5.27221797774529e-07,aih_only,0,2,0,2,,7.82161270805976e-07,,,5.27221797774529e-07,1.03710074383742e-06,,FALSE,FALSE,FALSE,FALSE,,AIH
CD86-CTLA4,Hepatocyte 3,Macrophage 2,,,4.99163131440654e-07,7.81319036278571e-07,aih_only,0,2,0,2,,6.40241083859613e-07,,,4.99163131440654e-07,7.81319036278571e-07,,FALSE,FALSE,FALSE,FALSE,,AIH
CD86-CTLA4,Hepatocyte 3,Sinusoidal endothelial cell,,,1.10444285691566e-07,4.19386974544575e-07,aih_only,0,2,0,2,,2.64915630118071e-07,,,1.10444285691566e-07,4.19386974544575e-07,,FALSE,FALSE,FALSE,FALSE,,AIH
CD86-CTLA4,Hepatocyte 3,Stellate cell,,,2.72900489569992e-07,3.32507986639091e-07,aih_only,0,2,0,2,,3.02704238104542e-07,,,2.72900489569992e-07,3.32507986639091e-07,,FALSE,FALSE,FALSE,FALSE,,AIH
CD86-CTLA4,Hepatocyte 3,Vascular endothelial cell,,,7.45519636763136e-08,1.14896572610524e-07,aih_only,0,2,0,2,,9.47242681434185e-08,,,7.45519636763136e-08,1.14896572610524e-07,,FALSE,FALSE,FALSE,FALSE,,AIH
CD86-CTLA4,Hepatocyte 4,CD4+ T cell,,,1.81692485257621e-06,3.60467074097021e-06,aih_only,0,2,0,2,,2.71079779677321e-06,,,1.81692485257621e-06,3.60467074097021e-06,,FALSE,FALSE,FALSE,FALSE,,AIH
CD86-CTLA4,Hepatocyte 4,CD8+ T cell 1,,,4.55377332586416e-06,3.78423739306247e-06,aih_only,0,2,0,2,,4.16900535946332e-06,,,3.78423739306247e-06,4.55377332586416e-06,,FALSE,FALSE,FALSE,FALSE,,AIH
CD86-CTLA4,Hepatocyte 4,CD8+ T cell 2,,,1.93575128376946e-05,7.73048213521912e-06,aih_only,0,2,0,2,,1.35439974864569e-05,,,7.73048213521912e-06,1.93575128376946e-05,,FALSE,FALSE,FALSE,FALSE,,AIH
CD86-CTLA4,Hepatocyte 4,CD8+ T cell 3,,,7.74200330223021e-06,4.79190957133005e-06,aih_only,0,2,0,2,,6.26695643678013e-06,,,4.79190957133005e-06,7.74200330223021e-06,,FALSE,FALSE,FALSE,FALSE,,AIH
CD86-CTLA4,Hepatocyte 4,Cholangiocyte,,,1.21714154278287e-07,4.32026152653228e-07,aih_only,0,2,0,2,,2.76870153465757e-07,,,1.21714154278287e-07,4.32026152653228e-07,,FALSE,FALSE,FALSE,FALSE,,AIH
CD86-CTLA4,Hepatocyte 4,Hepatocyte 1,,,1.95742402618566e-06,5.41489540745607e-07,aih_only,0,2,0,2,,1.24945678346563e-06,,,5.41489540745607e-07,1.95742402618566e-06,,FALSE,FALSE,FALSE,FALSE,,AIH
CD86-CTLA4,Hepatocyte 4,Hepatocyte 2,,,1.15520813210362e-06,4.53404070225601e-07,aih_only,0,2,0,2,,8.04306101164608e-07,,,4.53404070225601e-07,1.15520813210362e-06,,FALSE,FALSE,FALSE,FALSE,,AIH
CD86-CTLA4,Hepatocyte 4,Hepatocyte 3,,,2.74579115874313e-07,7.22596267991673e-07,aih_only,0,2,0,2,,4.98587691932993e-07,,,2.74579115874313e-07,7.22596267991673e-07,,FALSE,FALSE,FALSE,FALSE,,AIH
CD86-CTLA4,Hepatocyte 4,Hepatocyte 4,,,8.36151495934795e-06,1.10964759456381e-06,aih_only,0,2,0,2,,4.73558127695588e-06,,,1.10964759456381e-06,8.36151495934795e-06,,FALSE,FALSE,FALSE,FALSE,,AIH
CD86-CTLA4,Hepatocyte 4,Ig+ hepatocyte,,,2.25674364881719e-06,7.59725808689797e-07,aih_only,0,2,0,2,,1.50823472875349e-06,,,7.59725808689797e-07,2.25674364881719e-06,,FALSE,FALSE,FALSE,FALSE,,AIH
CD86-CTLA4,Hepatocyte 4,IgG+ B cell,,,1.47898067255452e-07,3.23707819634589e-07,aih_only,0,2,0,2,,2.35802943445021e-07,,,1.47898067255452e-07,3.23707819634589e-07,,FALSE,FALSE,FALSE,FALSE,,AIH
CD86-CTLA4,Hepatocyte 4,IgG+ plasmablast / plasma cell,,,4.25131042707777e-07,8.19993073018627e-07,aih_only,0,2,0,2,,6.22562057863202e-07,,,4.25131042707777e-07,8.19993073018627e-07,,FALSE,FALSE,FALSE,FALSE,,AIH
CD86-CTLA4,Hepatocyte 4,IgM+ B cell,,,1.06420889490576e-07,5.54645431172922e-07,aih_only,0,2,0,2,,3.30533160331749e-07,,,1.06420889490576e-07,5.54645431172922e-07,,FALSE,FALSE,FALSE,FALSE,,AIH
CD86-CTLA4,Hepatocyte 4,Macrophage 1,,,1.98861074377083e-06,1.09348978182625e-06,aih_only,0,2,0,2,,1.54105026279854e-06,,,1.09348978182625e-06,1.98861074377083e-06,,FALSE,FALSE,FALSE,FALSE,,AIH
CD86-CTLA4,Hepatocyte 4,Macrophage 2,,,2.3049275382978e-07,6.27680891637981e-07,aih_only,0,2,0,2,,4.2908682273388e-07,,,2.3049275382978e-07,6.27680891637981e-07,,FALSE,FALSE,FALSE,FALSE,,AIH
CD86-CTLA4,Hepatocyte 4,Sinusoidal endothelial cell,,,6.92120003021154e-07,5.77585835581637e-07,aih_only,0,2,0,2,,6.34852919301396e-07,,,5.77585835581637e-07,6.92120003021154e-07,,FALSE,FALSE,FALSE,FALSE,,AIH
CD86-CTLA4,Hepatocyte 4,Stellate cell,,,1.61026968820977e-07,3.90709109584317e-07,aih_only,0,2,0,2,,2.75868039202647e-07,,,1.61026968820977e-07,3.90709109584317e-07,,FALSE,FALSE,FALSE,FALSE,,AIH
CD86-CTLA4,Hepatocyte 4,Vascular endothelial cell,,,3.50583987852262e-08,1.08026162173274e-07,aih_only,0,2,0,2,,7.15422804792499e-08,,,3.50583987852262e-08,1.08026162173274e-07,,FALSE,FALSE,FALSE,FALSE,,AIH
CD86-CTLA4,Ig+ hepatocyte,CD4+ T cell,,,6.81209087291517e-06,4.54172726792473e-06,aih_only,0,2,0,2,,5.67690907041995e-06,,,4.54172726792473e-06,6.81209087291517e-06,,FALSE,FALSE,FALSE,FALSE,,AIH
CD86-CTLA4,Ig+ hepatocyte,CD8+ T cell 1,,,6.95364828040528e-06,4.18193897427095e-06,aih_only,0,2,0,2,,5.56779362733811e-06,,,4.18193897427095e-06,6.95364828040528e-06,,FALSE,FALSE,FALSE,FALSE,,AIH
CD86-CTLA4,Ig+ hepatocyte,CD8+ T cell 2,,,1.96685542098205e-05,5.67245286947839e-06,aih_only,0,2,0,2,,1.26705035396494e-05,,,5.67245286947839e-06,1.96685542098205e-05,,FALSE,FALSE,FALSE,FALSE,,AIH
CD86-CTLA4,Ig+ hepatocyte,CD8+ T cell 3,,,4.76356522847709e-06,3.02864618150262e-06,aih_only,0,2,0,2,,3.89610570498985e-06,,,3.02864618150262e-06,4.76356522847709e-06,,FALSE,FALSE,FALSE,FALSE,,AIH
CD86-CTLA4,Ig+ hepatocyte,Cholangiocyte,,,1.60533441084297e-06,8.41205345669369e-07,aih_only,0,2,0,2,,1.22326987825617e-06,,,8.41205345669369e-07,1.60533441084297e-06,,FALSE,FALSE,FALSE,FALSE,,AIH
CD86-CTLA4,Ig+ hepatocyte,Hepatocyte 1,,,2.68607944056202e-06,6.35005682208825e-07,aih_only,0,2,0,2,,1.66054256138542e-06,,,6.35005682208825e-07,2.68607944056202e-06,,FALSE,FALSE,FALSE,FALSE,,AIH
CD86-CTLA4,Ig+ hepatocyte,Hepatocyte 2,,,1.57163421646132e-06,2.07868374994069e-07,aih_only,0,2,0,2,,8.89751295727693e-07,,,2.07868374994069e-07,1.57163421646132e-06,,FALSE,FALSE,FALSE,FALSE,,AIH
CD86-CTLA4,Ig+ hepatocyte,Hepatocyte 3,,,2.58520989508911e-06,5.57114016110321e-07,aih_only,0,2,0,2,,1.57116195559972e-06,,,5.57114016110321e-07,2.58520989508911e-06,,FALSE,FALSE,FALSE,FALSE,,AIH
CD86-CTLA4,Ig+ hepatocyte,Hepatocyte 4,,,4.28460095960541e-06,9.37640791177337e-07,aih_only,0,2,0,2,,2.61112087539137e-06,,,9.37640791177337e-07,4.28460095960541e-06,,FALSE,FALSE,FALSE,FALSE,,AIH
CD86-CTLA4,Ig+ hepatocyte,Ig+ hepatocyte,,,4.00537888069854e-05,5.48287943077153e-06,aih_only,0,2,0,2,,2.27683341188784e-05,,,5.48287943077153e-06,4.00537888069854e-05,,FALSE,FALSE,FALSE,FALSE,,AIH
CD86-CTLA4,Ig+ hepatocyte,IgG+ B cell,,,1.20697190305454e-06,1.40533962396944e-06,aih_only,0,2,0,2,,1.30615576351199e-06,,,1.20697190305454e-06,1.40533962396944e-06,,FALSE,FALSE,FALSE,FALSE,,AIH
CD86-CTLA4,Ig+ hepatocyte,IgG+ plasmablast / plasma cell,,,3.14584925668997e-06,1.43908624511562e-06,aih_only,0,2,0,2,,2.2924677509028e-06,,,1.43908624511562e-06,3.14584925668997e-06,,FALSE,FALSE,FALSE,FALSE,,AIH
CD86-CTLA4,Ig+ hepatocyte,IgM+ B cell,,,1.35924647570252e-06,9.24650900967058e-07,aih_only,0,2,0,2,,1.14194868833479e-06,,,9.24650900967058e-07,1.35924647570252e-06,,FALSE,FALSE,FALSE,FALSE,,AIH
CD86-CTLA4,Ig+ hepatocyte,Macrophage 1,,,1.89263216229207e-06,1.25135730323111e-06,aih_only,0,2,0,2,,1.57199473276159e-06,,,1.25135730323111e-06,1.89263216229207e-06,,FALSE,FALSE,FALSE,FALSE,,AIH
CD86-CTLA4,Ig+ hepatocyte,Macrophage 2,,,9.6819383931e-07,1.29261993997969e-06,aih_only,0,2,0,2,,1.13040688964484e-06,,,9.6819383931e-07,1.29261993997969e-06,,FALSE,FALSE,FALSE,FALSE,,AIH
CD86-CTLA4,Ig+ hepatocyte,Sinusoidal endothelial cell,,,1.57196239396062e-06,1.12455823436365e-06,aih_only,0,2,0,2,,1.34826031416214e-06,,,1.12455823436365e-06,1.57196239396062e-06,,FALSE,FALSE,FALSE,FALSE,,AIH
CD86-CTLA4,Ig+ hepatocyte,Stellate cell,,,3.82738555811009e-07,9.58036721908775e-07,aih_only,0,2,0,2,,6.70387638859892e-07,,,3.82738555811009e-07,9.58036721908775e-07,,FALSE,FALSE,FALSE,FALSE,,AIH
CD86-CTLA4,Ig+ hepatocyte,Vascular endothelial cell,,,1.25436236900843e-07,1.02224932935937e-06,aih_only,0,2,0,2,,5.73842783130105e-07,,,1.25436236900843e-07,1.02224932935937e-06,,FALSE,FALSE,FALSE,FALSE,,AIH
CD86-CTLA4,IgG+ B cell,CD4+ T cell,,,8.68215942505214e-06,1.19580830220886e-05,aih_only,0,2,0,2,,1.03201212235704e-05,,,8.68215942505214e-06,1.19580830220886e-05,,FALSE,FALSE,FALSE,FALSE,,AIH
CD86-CTLA4,IgG+ B cell,CD8+ T cell 1,,,3.3235382992695e-06,2.20969712988638e-06,aih_only,0,2,0,2,,2.76661771457794e-06,,,2.20969712988638e-06,3.3235382992695e-06,,FALSE,FALSE,FALSE,FALSE,,AIH
CD86-CTLA4,IgG+ B cell,CD8+ T cell 2,,,2.83036053542725e-06,1.97786937518686e-06,aih_only,0,2,0,2,,2.40411495530705e-06,,,1.97786937518686e-06,2.83036053542725e-06,,FALSE,FALSE,FALSE,FALSE,,AIH
CD86-CTLA4,IgG+ B cell,CD8+ T cell 3,,,2.94225885892433e-06,2.7979900416917e-06,aih_only,0,2,0,2,,2.87012445030802e-06,,,2.7979900416917e-06,2.94225885892433e-06,,FALSE,FALSE,FALSE,FALSE,,AIH
CD86-CTLA4,IgG+ B cell,Cholangiocyte,,,1.52501244554845e-06,2.60397047338978e-06,aih_only,0,2,0,2,,2.06449145946912e-06,,,1.52501244554845e-06,2.60397047338978e-06,,FALSE,FALSE,FALSE,FALSE,,AIH
CD86-CTLA4,IgG+ B cell,Hepatocyte 1,,,2.91270708507629e-07,2.1302540822403e-07,aih_only,0,2,0,2,,2.52148058365829e-07,,,2.1302540822403e-07,2.91270708507629e-07,,FALSE,FALSE,FALSE,FALSE,,AIH
CD86-CTLA4,IgG+ B cell,Hepatocyte 2,,,1.4638232597012e-07,1.44229391185364e-07,aih_only,0,2,0,2,,1.45305858577742e-07,,,1.44229391185364e-07,1.4638232597012e-07,,FALSE,FALSE,FALSE,FALSE,,AIH
CD86-CTLA4,IgG+ B cell,Hepatocyte 3,,,5.89616673461504e-07,2.48218147701487e-07,aih_only,0,2,0,2,,4.18917410581495e-07,,,2.48218147701487e-07,5.89616673461504e-07,,FALSE,FALSE,FALSE,FALSE,,AIH
CD86-CTLA4,IgG+ B cell,Hepatocyte 4,,,1.09821536215323e-06,3.69871129392475e-07,aih_only,0,2,0,2,,7.34043245772854e-07,,,3.69871129392475e-07,1.09821536215323e-06,,FALSE,FALSE,FALSE,FALSE,,AIH
CD86-CTLA4,IgG+ B cell,Ig+ hepatocyte,,,8.43614724269065e-07,1.25855434067413e-06,aih_only,0,2,0,2,,1.0510845324716e-06,,,8.43614724269065e-07,1.25855434067413e-06,,FALSE,FALSE,FALSE,FALSE,,AIH
CD86-CTLA4,IgG+ B cell,IgG+ B cell,,,1.69303798656055e-06,7.61350489124853e-06,aih_only,0,2,0,2,,4.65327143890454e-06,,,1.69303798656055e-06,7.61350489124853e-06,,FALSE,FALSE,FALSE,FALSE,,AIH
CD86-CTLA4,IgG+ B cell,IgG+ plasmablast / plasma cell,,,2.80526048076413e-06,4.51142574993982e-06,aih_only,0,2,0,2,,3.65834311535197e-06,,,2.80526048076413e-06,4.51142574993982e-06,,FALSE,FALSE,FALSE,FALSE,,AIH
CD86-CTLA4,IgG+ B cell,IgM+ B cell,,,1.35130172089147e-06,4.00455432637663e-06,aih_only,0,2,0,2,,2.67792802363405e-06,,,1.35130172089147e-06,4.00455432637663e-06,,FALSE,FALSE,FALSE,FALSE,,AIH
CD86-CTLA4,IgG+ B cell,Macrophage 1,,,9.5052922715437e-07,6.57330884653275e-07,aih_only,0,2,0,2,,8.03930055903822e-07,,,6.57330884653275e-07,9.5052922715437e-07,,FALSE,FALSE,FALSE,FALSE,,AIH
CD86-CTLA4,IgG+ B cell,Macrophage 2,,,9.66094602488324e-07,1.41214037089979e-06,aih_only,0,2,0,2,,1.18911748669406e-06,,,9.66094602488324e-07,1.41214037089979e-06,,FALSE,FALSE,FALSE,FALSE,,AIH
CD86-CTLA4,IgG+ B cell,Sinusoidal endothelial cell,,,4.44792686659419e-07,4.14674570363916e-07,aih_only,0,2,0,2,,4.29733628511668e-07,,,4.14674570363916e-07,4.44792686659419e-07,,FALSE,FALSE,FALSE,FALSE,,AIH
CD86-CTLA4,IgG+ B cell,Stellate cell,,,1.27950576767446e-06,2.11009170891794e-06,aih_only,0,2,0,2,,1.6947987382962e-06,,,1.27950576767446e-06,2.11009170891794e-06,,FALSE,FALSE,FALSE,FALSE,,AIH
CD86-CTLA4,IgG+ B cell,Vascular endothelial cell,,,1.16863186085224e-06,2.36220824636028e-06,aih_only,0,2,0,2,,1.76542005360626e-06,,,1.16863186085224e-06,2.36220824636028e-06,,FALSE,FALSE,FALSE,FALSE,,AIH
CD86-CTLA4,IgG+ plasmablast / plasma cell,CD4+ T cell,,,1.86584105016408e-05,2.86948821140057e-05,aih_only,0,2,0,2,,2.36766463078233e-05,,,1.86584105016408e-05,2.86948821140057e-05,,FALSE,FALSE,FALSE,FALSE,,AIH
CD86-CTLA4,IgG+ plasmablast / plasma cell,CD8+ T cell 1,,,8.52566163294126e-06,7.5274914220008e-06,aih_only,0,2,0,2,,8.02657652747103e-06,,,7.5274914220008e-06,8.52566163294126e-06,,FALSE,FALSE,FALSE,FALSE,,AIH
CD86-CTLA4,IgG+ plasmablast / plasma cell,CD8+ T cell 2,,,1.01582420753288e-05,7.96660986644769e-06,aih_only,0,2,0,2,,9.06242597088825e-06,,,7.96660986644769e-06,1.01582420753288e-05,,FALSE,FALSE,FALSE,FALSE,,AIH
CD86-CTLA4,IgG+ plasmablast / plasma cell,CD8+ T cell 3,,,9.66834581021343e-06,1.2941672688002e-05,aih_only,0,2,0,2,,1.13050092491077e-05,,,9.66834581021343e-06,1.2941672688002e-05,,FALSE,FALSE,FALSE,FALSE,,AIH
CD86-CTLA4,IgG+ plasmablast / plasma cell,Cholangiocyte,,,2.84854269184283e-06,3.54968190226264e-06,aih_only,0,2,0,2,,3.19911229705274e-06,,,2.84854269184283e-06,3.54968190226264e-06,,FALSE,FALSE,FALSE,FALSE,,AIH
CD86-CTLA4,IgG+ plasmablast / plasma cell,Hepatocyte 1,,,9.49975981966304e-07,6.46058221605963e-07,aih_only,0,2,0,2,,7.98017101786134e-07,,,6.46058221605963e-07,9.49975981966304e-07,,FALSE,FALSE,FALSE,FALSE,,AIH
CD86-CTLA4,IgG+ plasmablast / plasma cell,Hepatocyte 2,,,8.03908370464192e-07,1.97767208910719e-07,aih_only,0,2,0,2,,5.00837789687456e-07,,,1.97767208910719e-07,8.03908370464192e-07,,FALSE,FALSE,FALSE,FALSE,,AIH
CD86-CTLA4,IgG+ plasmablast / plasma cell,Hepatocyte 3,,,6.92854261453643e-07,6.78438359242962e-07,aih_only,0,2,0,2,,6.85646310348302e-07,,,6.78438359242962e-07,6.92854261453643e-07,,FALSE,FALSE,FALSE,FALSE,,AIH
CD86-CTLA4,IgG+ plasmablast / plasma cell,Hepatocyte 4,,,1.88688754233418e-06,4.50006440161568e-07,aih_only,0,2,0,2,,1.16844699124787e-06,,,4.50006440161568e-07,1.88688754233418e-06,,FALSE,FALSE,FALSE,FALSE,,AIH
CD86-CTLA4,IgG+ plasmablast / plasma cell,Ig+ hepatocyte,,,5.66011158775513e-06,2.64178657239031e-06,aih_only,0,2,0,2,,4.15094908007272e-06,,,2.64178657239031e-06,5.66011158775513e-06,,FALSE,FALSE,FALSE,FALSE,,AIH
CD86-CTLA4,IgG+ plasmablast / plasma cell,IgG+ B cell,,,3.16012749034092e-06,3.99990101542881e-06,aih_only,0,2,0,2,,3.58001425288487e-06,,,3.16012749034092e-06,3.99990101542881e-06,,FALSE,FALSE,FALSE,FALSE,,AIH
CD86-CTLA4,IgG+ plasmablast / plasma cell,IgG+ plasmablast / plasma cell,,,6.77965965317838e-06,1.21265524017634e-05,aih_only,0,2,0,2,,9.45310602747087e-06,,,6.77965965317838e-06,1.21265524017634e-05,,FALSE,FALSE,FALSE,FALSE,,AIH
CD86-CTLA4,IgG+ plasmablast / plasma cell,IgM+ B cell,,,4.12566800101009e-06,5.30666008404395e-06,aih_only,0,2,0,2,,4.71616404252702e-06,,,4.12566800101009e-06,5.30666008404395e-06,,FALSE,FALSE,FALSE,FALSE,,AIH
CD86-CTLA4,IgG+ plasmablast / plasma cell,Macrophage 1,,,2.51995279180112e-06,2.01621623837817e-06,aih_only,0,2,0,2,,2.26808451508965e-06,,,2.01621623837817e-06,2.51995279180112e-06,,FALSE,FALSE,FALSE,FALSE,,AIH
CD86-CTLA4,IgG+ plasmablast / plasma cell,Macrophage 2,,,1.77474516812742e-06,2.68851017458924e-06,aih_only,0,2,0,2,,2.23162767135833e-06,,,1.77474516812742e-06,2.68851017458924e-06,,FALSE,FALSE,FALSE,FALSE,,AIH
CD86-CTLA4,IgG+ plasmablast / plasma cell,Sinusoidal endothelial cell,,,9.59716993644995e-07,1.27439172943506e-06,aih_only,0,2,0,2,,1.11705436154003e-06,,,9.59716993644995e-07,1.27439172943506e-06,,FALSE,FALSE,FALSE,FALSE,,AIH
CD86-CTLA4,IgG+ plasmablast / plasma cell,Stellate cell,,,1.84054336235603e-06,2.10123650530267e-06,aih_only,0,2,0,2,,1.97088993382935e-06,,,1.84054336235603e-06,2.10123650530267e-06,,FALSE,FALSE,FALSE,FALSE,,AIH
CD86-CTLA4,IgG+ plasmablast / plasma cell,Vascular endothelial cell,,,1.89024945002932e-06,2.75696604128295e-06,aih_only,0,2,0,2,,2.32360774565613e-06,,,1.89024945002932e-06,2.75696604128295e-06,,FALSE,FALSE,FALSE,FALSE,,AIH
CD86-CTLA4,IgM+ B cell,CD4+ T cell,,,3.53715077935836e-05,5.79542922839781e-05,aih_only,0,2,0,2,,4.66629000387809e-05,,,3.53715077935836e-05,5.79542922839781e-05,,FALSE,FALSE,FALSE,FALSE,,AIH
CD86-CTLA4,IgM+ B cell,CD8+ T cell 1,,,8.33313305664918e-06,7.56538404901348e-06,aih_only,0,2,0,2,,7.94925855283133e-06,,,7.56538404901348e-06,8.33313305664918e-06,,FALSE,FALSE,FALSE,FALSE,,AIH
CD86-CTLA4,IgM+ B cell,CD8+ T cell 2,,,7.40292416485504e-06,1.13835766989781e-05,aih_only,0,2,0,2,,9.39325043191655e-06,,,7.40292416485504e-06,1.13835766989781e-05,,FALSE,FALSE,FALSE,FALSE,,AIH
CD86-CTLA4,IgM+ B cell,CD8+ T cell 3,,,1.20896844234625e-05,1.11831253709194e-05,aih_only,0,2,0,2,,1.16364048971909e-05,,,1.11831253709194e-05,1.20896844234625e-05,,FALSE,FALSE,FALSE,FALSE,,AIH
CD86-CTLA4,IgM+ B cell,Cholangiocyte,,,3.42415373551539e-06,3.84006694833825e-06,aih_only,0,2,0,2,,3.63211034192682e-06,,,3.42415373551539e-06,3.84006694833825e-06,,FALSE,FALSE,FALSE,FALSE,,AIH
CD86-CTLA4,IgM+ B cell,Hepatocyte 1,,,7.05619486965702e-07,7.64966113100258e-07,aih_only,0,2,0,2,,7.3529280003298e-07,,,7.05619486965702e-07,7.64966113100258e-07,,FALSE,FALSE,FALSE,FALSE,,AIH
CD86-CTLA4,IgM+ B cell,Hepatocyte 2,,,5.11952286304188e-07,4.23261640418365e-07,aih_only,0,2,0,2,,4.67606963361277e-07,,,4.23261640418365e-07,5.11952286304188e-07,,FALSE,FALSE,FALSE,FALSE,,AIH
CD86-CTLA4,IgM+ B cell,Hepatocyte 3,,,5.63261051257797e-07,1.12368210395091e-06,aih_only,0,2,0,2,,8.43471577604355e-07,,,5.63261051257797e-07,1.12368210395091e-06,,FALSE,FALSE,FALSE,FALSE,,AIH
CD86-CTLA4,IgM+ B cell,Hepatocyte 4,,,5.23819468873324e-07,5.86893433224288e-07,aih_only,0,2,0,2,,5.55356451048806e-07,,,5.23819468873324e-07,5.86893433224288e-07,,FALSE,FALSE,FALSE,FALSE,,AIH
CD86-CTLA4,IgM+ B cell,Ig+ hepatocyte,,,1.92667093877279e-06,1.85594740510989e-06,aih_only,0,2,0,2,,1.89130917194134e-06,,,1.85594740510989e-06,1.92667093877279e-06,,FALSE,FALSE,FALSE,FALSE,,AIH
CD86-CTLA4,IgM+ B cell,IgG+ B cell,,,2.37623587887406e-06,3.15903641897458e-06,aih_only,0,2,0,2,,2.76763614892432e-06,,,2.37623587887406e-06,3.15903641897458e-06,,FALSE,FALSE,FALSE,FALSE,,AIH
CD86-CTLA4,IgM+ B cell,IgG+ plasmablast / plasma cell,,,4.92475384272661e-06,7.00081814226473e-06,aih_only,0,2,0,2,,5.96278599249567e-06,,,4.92475384272661e-06,7.00081814226473e-06,,FALSE,FALSE,FALSE,FALSE,,AIH
CD86-CTLA4,IgM+ B cell,IgM+ B cell,,,1.55939745877503e-05,4.85558922118869e-05,aih_only,0,2,0,2,,3.20749333998186e-05,,,1.55939745877503e-05,4.85558922118869e-05,,FALSE,FALSE,FALSE,FALSE,,AIH
CD86-CTLA4,IgM+ B cell,Macrophage 1,,,2.64364816115571e-06,2.66904192256284e-06,aih_only,0,2,0,2,,2.65634504185928e-06,,,2.64364816115571e-06,2.66904192256284e-06,,FALSE,FALSE,FALSE,FALSE,,AIH
CD86-CTLA4,IgM+ B cell,Macrophage 2,,,2.97715890587974e-06,3.03204683948064e-06,aih_only,0,2,0,2,,3.00460287268019e-06,,,2.97715890587974e-06,3.03204683948064e-06,,FALSE,FALSE,FALSE,FALSE,,AIH
CD86-CTLA4,IgM+ B cell,Sinusoidal endothelial cell,,,7.01483013894301e-07,1.43248012419552e-06,aih_only,0,2,0,2,,1.06698156904491e-06,,,7.01483013894301e-07,1.43248012419552e-06,,FALSE,FALSE,FALSE,FALSE,,AIH
CD86-CTLA4,IgM+ B cell,Stellate cell,,,3.00917256369189e-06,3.02994138621336e-06,aih_only,0,2,0,2,,3.01955697495262e-06,,,3.00917256369189e-06,3.02994138621336e-06,,FALSE,FALSE,FALSE,FALSE,,AIH
CD86-CTLA4,IgM+ B cell,Vascular endothelial cell,,,2.95569271481095e-06,3.25398557068913e-06,aih_only,0,2,0,2,,3.10483914275004e-06,,,2.95569271481095e-06,3.25398557068913e-06,,FALSE,FALSE,FALSE,FALSE,,AIH
CD86-CTLA4,Macrophage 1,CD4+ T cell,,,4.125309631543e-05,4.70937174046667e-05,aih_only,0,2,0,2,,4.41734068600484e-05,,,4.125309631543e-05,4.70937174046667e-05,,FALSE,FALSE,FALSE,FALSE,,AIH
CD86-CTLA4,Macrophage 1,CD8+ T cell 1,,,4.06254933277064e-05,3.40802895252048e-05,aih_only,0,2,0,2,,3.73528914264556e-05,,,3.40802895252048e-05,4.06254933277064e-05,,FALSE,FALSE,FALSE,FALSE,,AIH
CD86-CTLA4,Macrophage 1,CD8+ T cell 2,,,9.35252560949155e-05,6.49852603831187e-05,aih_only,0,2,0,2,,7.92552582390171e-05,,,6.49852603831187e-05,9.35252560949155e-05,,FALSE,FALSE,FALSE,FALSE,,AIH
CD86-CTLA4,Macrophage 1,CD8+ T cell 3,,,4.56304546530735e-05,4.72849889195834e-05,aih_only,0,2,0,2,,4.64577217863284e-05,,,4.56304546530735e-05,4.72849889195834e-05,,FALSE,FALSE,FALSE,FALSE,,AIH
CD86-CTLA4,Macrophage 1,Cholangiocyte,,,4.07873223887649e-06,4.61222749486925e-06,aih_only,0,2,0,2,,4.34547986687287e-06,,,4.07873223887649e-06,4.61222749486925e-06,,FALSE,FALSE,FALSE,FALSE,,AIH
CD86-CTLA4,Macrophage 1,Hepatocyte 1,,,9.85047875578214e-06,4.8581866410713e-06,aih_only,0,2,0,2,,7.35433269842672e-06,,,4.8581866410713e-06,9.85047875578214e-06,,FALSE,FALSE,FALSE,FALSE,,AIH
CD86-CTLA4,Macrophage 1,Hepatocyte 2,,,7.32987878474823e-06,2.83927255482701e-06,aih_only,0,2,0,2,,5.08457566978762e-06,,,2.83927255482701e-06,7.32987878474823e-06,,FALSE,FALSE,FALSE,FALSE,,AIH
CD86-CTLA4,Macrophage 1,Hepatocyte 3,,,9.18194822104725e-06,5.74321464858867e-06,aih_only,0,2,0,2,,7.46258143481796e-06,,,5.74321464858867e-06,9.18194822104725e-06,,FALSE,FALSE,FALSE,FALSE,,AIH
CD86-CTLA4,Macrophage 1,Hepatocyte 4,,,1.10679691917168e-05,5.6473089578784e-06,aih_only,0,2,0,2,,8.35763907479759e-06,,,5.6473089578784e-06,1.10679691917168e-05,,FALSE,FALSE,FALSE,FALSE,,AIH
CD86-CTLA4,Macrophage 1,Ig+ hepatocyte,,,1.90993695091416e-05,5.46671892889838e-06,aih_only,0,2,0,2,,1.228304421902e-05,,,5.46671892889838e-06,1.90993695091416e-05,,FALSE,FALSE,FALSE,FALSE,,AIH
CD86-CTLA4,Macrophage 1,IgG+ B cell,,,4.81189458143678e-06,4.06035301928374e-06,aih_only,0,2,0,2,,4.43612380036026e-06,,,4.06035301928374e-06,4.81189458143678e-06,,FALSE,FALSE,FALSE,FALSE,,AIH
CD86-CTLA4,Macrophage 1,IgG+ plasmablast / plasma cell,,,1.0351571672462e-05,8.47830537682848e-06,aih_only,0,2,0,2,,9.41493852464524e-06,,,8.47830537682848e-06,1.0351571672462e-05,,FALSE,FALSE,FALSE,FALSE,,AIH
CD86-CTLA4,Macrophage 1,IgM+ B cell,,,5.92833689074881e-06,7.53818127688397e-06,aih_only,0,2,0,2,,6.73325908381639e-06,,,5.92833689074881e-06,7.53818127688397e-06,,FALSE,FALSE,FALSE,FALSE,,AIH
CD86-CTLA4,Macrophage 1,Macrophage 1,,,1.62291880003221e-05,1.36713581019977e-05,aih_only,0,2,0,2,,1.49502730511599e-05,,,1.36713581019977e-05,1.62291880003221e-05,,FALSE,FALSE,FALSE,FALSE,,AIH
CD86-CTLA4,Macrophage 1,Macrophage 2,,,4.2761838763608e-06,6.0500442310698e-06,aih_only,0,2,0,2,,5.1631140537153e-06,,,4.2761838763608e-06,6.0500442310698e-06,,FALSE,FALSE,FALSE,FALSE,,AIH
CD86-CTLA4,Macrophage 1,Sinusoidal endothelial cell,,,8.19007488131523e-06,6.31384575000908e-06,aih_only,0,2,0,2,,7.25196031566216e-06,,,6.31384575000908e-06,8.19007488131523e-06,,FALSE,FALSE,FALSE,FALSE,,AIH
CD86-CTLA4,Macrophage 1,Stellate cell,,,4.86825453650513e-06,4.11332995481359e-06,aih_only,0,2,0,2,,4.49079224565936e-06,,,4.11332995481359e-06,4.86825453650513e-06,,FALSE,FALSE,FALSE,FALSE,,AIH
CD86-CTLA4,Macrophage 1,Vascular endothelial cell,,,3.1083068196347e-06,3.26431967574891e-06,aih_only,0,2,0,2,,3.18631324769181e-06,,,3.1083068196347e-06,3.26431967574891e-06,,FALSE,FALSE,FALSE,FALSE,,AIH
CD86-CTLA4,Macrophage 2,CD4+ T cell,,,3.36885490595432e-05,4.22903339999099e-05,aih_only,0,2,0,2,,3.79894415297266e-05,,,3.36885490595432e-05,4.22903339999099e-05,,FALSE,FALSE,FALSE,FALSE,,AIH
CD86-CTLA4,Macrophage 2,CD8+ T cell 1,,,1.1976267193818e-05,1.53395141203516e-05,aih_only,0,2,0,2,,1.36578906570848e-05,,,1.1976267193818e-05,1.53395141203516e-05,,FALSE,FALSE,FALSE,FALSE,,AIH
CD86-CTLA4,Macrophage 2,CD8+ T cell 2,,,1.60591731620201e-05,2.5197343149183e-05,aih_only,0,2,0,2,,2.06282581556015e-05,,,1.60591731620201e-05,2.5197343149183e-05,,FALSE,FALSE,FALSE,FALSE,,AIH
CD86-CTLA4,Macrophage 2,CD8+ T cell 3,,,1.44978513276954e-05,2.26534062122864e-05,aih_only,0,2,0,2,,1.85756287699909e-05,,,1.44978513276954e-05,2.26534062122864e-05,,FALSE,FALSE,FALSE,FALSE,,AIH
CD86-CTLA4,Macrophage 2,Cholangiocyte,,,5.23030074674419e-06,5.27676041791403e-06,aih_only,0,2,0,2,,5.25353058232911e-06,,,5.23030074674419e-06,5.27676041791403e-06,,FALSE,FALSE,FALSE,FALSE,,AIH
CD86-CTLA4,Macrophage 2,Hepatocyte 1,,,1.20129134773338e-06,1.91128350606846e-06,aih_only,0,2,0,2,,1.55628742690092e-06,,,1.20129134773338e-06,1.91128350606846e-06,,FALSE,FALSE,FALSE,FALSE,,AIH
CD86-CTLA4,Macrophage 2,Hepatocyte 2,,,1.65331010425069e-06,1.08139894007756e-06,aih_only,0,2,0,2,,1.36735452216413e-06,,,1.08139894007756e-06,1.65331010425069e-06,,FALSE,FALSE,FALSE,FALSE,,AIH
CD86-CTLA4,Macrophage 2,Hepatocyte 3,,,1.95638105151179e-06,2.51743032790538e-06,aih_only,0,2,0,2,,2.23690568970859e-06,,,1.95638105151179e-06,2.51743032790538e-06,,FALSE,FALSE,FALSE,FALSE,,AIH
CD86-CTLA4,Macrophage 2,Hepatocyte 4,,,1.41255997703936e-06,2.63265450940887e-06,aih_only,0,2,0,2,,2.02260724322411e-06,,,1.41255997703936e-06,2.63265450940887e-06,,FALSE,FALSE,FALSE,FALSE,,AIH
CD86-CTLA4,Macrophage 2,Ig+ hepatocyte,,,4.56886814050315e-06,4.23777287515905e-06,aih_only,0,2,0,2,,4.4033205078311e-06,,,4.23777287515905e-06,4.56886814050315e-06,,FALSE,FALSE,FALSE,FALSE,,AIH
CD86-CTLA4,Macrophage 2,IgG+ B cell,,,3.57733789992269e-06,5.16355320488775e-06,aih_only,0,2,0,2,,4.37044555240522e-06,,,3.57733789992269e-06,5.16355320488775e-06,,FALSE,FALSE,FALSE,FALSE,,AIH
CD86-CTLA4,Macrophage 2,IgG+ plasmablast / plasma cell,,,6.39413308188145e-06,8.90194402751592e-06,aih_only,0,2,0,2,,7.64803855469869e-06,,,6.39413308188145e-06,8.90194402751592e-06,,FALSE,FALSE,FALSE,FALSE,,AIH
CD86-CTLA4,Macrophage 2,IgM+ B cell,,,7.07203255338737e-06,1.22823549809058e-05,aih_only,0,2,0,2,,9.67719376714657e-06,,,7.07203255338737e-06,1.22823549809058e-05,,FALSE,FALSE,FALSE,FALSE,,AIH
CD86-CTLA4,Macrophage 2,Macrophage 1,,,3.93564732461354e-06,4.04564926577803e-06,aih_only,0,2,0,2,,3.99064829519579e-06,,,3.93564732461354e-06,4.04564926577803e-06,,FALSE,FALSE,FALSE,FALSE,,AIH
CD86-CTLA4,Macrophage 2,Macrophage 2,,,3.68805827413332e-06,5.29308718850122e-06,aih_only,0,2,0,2,,4.49057273131727e-06,,,3.68805827413332e-06,5.29308718850122e-06,,FALSE,FALSE,FALSE,FALSE,,AIH
CD86-CTLA4,Macrophage 2,Sinusoidal endothelial cell,,,1.56487796402705e-06,3.00738329677207e-06,aih_only,0,2,0,2,,2.28613063039956e-06,,,1.56487796402705e-06,3.00738329677207e-06,,FALSE,FALSE,FALSE,FALSE,,AIH
CD86-CTLA4,Macrophage 2,Stellate cell,,,3.89902396415817e-06,3.35804252054973e-06,aih_only,0,2,0,2,,3.62853324235395e-06,,,3.35804252054973e-06,3.89902396415817e-06,,FALSE,FALSE,FALSE,FALSE,,AIH
CD86-CTLA4,Macrophage 2,Vascular endothelial cell,,,3.11563188020155e-06,4.30924450324369e-06,aih_only,0,2,0,2,,3.71243819172262e-06,,,3.11563188020155e-06,4.30924450324369e-06,,FALSE,FALSE,FALSE,FALSE,,AIH
CD86-CTLA4,Sinusoidal endothelial cell,CD4+ T cell,,,8.86879599709181e-06,1.1734472400502e-05,aih_only,0,2,0,2,,1.03016341987969e-05,,,8.86879599709181e-06,1.1734472400502e-05,,FALSE,FALSE,FALSE,FALSE,,AIH
CD86-CTLA4,Sinusoidal endothelial cell,CD8+ T cell 1,,,1.0729347710936e-05,9.42683106108924e-06,aih_only,0,2,0,2,,1.00780893860126e-05,,,9.42683106108924e-06,1.0729347710936e-05,,FALSE,FALSE,FALSE,FALSE,,AIH
CD86-CTLA4,Sinusoidal endothelial cell,CD8+ T cell 2,,,2.02930895608345e-05,2.18706215286625e-05,aih_only,0,2,0,2,,2.10818555447485e-05,,,2.02930895608345e-05,2.18706215286625e-05,,FALSE,FALSE,FALSE,FALSE,,AIH
CD86-CTLA4,Sinusoidal endothelial cell,CD8+ T cell 3,,,1.02153227777037e-05,1.37258199906038e-05,aih_only,0,2,0,2,,1.19705713841537e-05,,,1.02153227777037e-05,1.37258199906038e-05,,FALSE,FALSE,FALSE,FALSE,,AIH
CD86-CTLA4,Sinusoidal endothelial cell,Cholangiocyte,,,6.00954884249362e-07,1.57402755118058e-06,aih_only,0,2,0,2,,1.08749121771497e-06,,,6.00954884249362e-07,1.57402755118058e-06,,FALSE,FALSE,FALSE,FALSE,,AIH
CD86-CTLA4,Sinusoidal endothelial cell,Hepatocyte 1,,,2.13181253388055e-06,1.34624348615216e-06,aih_only,0,2,0,2,,1.73902801001635e-06,,,1.34624348615216e-06,2.13181253388055e-06,,FALSE,FALSE,FALSE,FALSE,,AIH
CD86-CTLA4,Sinusoidal endothelial cell,Hepatocyte 2,,,1.27562371324519e-06,9.20406428783847e-07,aih_only,0,2,0,2,,1.09801507101452e-06,,,9.20406428783847e-07,1.27562371324519e-06,,FALSE,FALSE,FALSE,FALSE,,AIH
CD86-CTLA4,Sinusoidal endothelial cell,Hepatocyte 3,,,2.36038433879672e-06,1.36179646685471e-06,aih_only,0,2,0,2,,1.86109040282572e-06,,,1.36179646685471e-06,2.36038433879672e-06,,FALSE,FALSE,FALSE,FALSE,,AIH
CD86-CTLA4,Sinusoidal endothelial cell,Hepatocyte 4,,,1.75286856521715e-06,2.03869727555031e-06,aih_only,0,2,0,2,,1.89578292038373e-06,,,1.75286856521715e-06,2.03869727555031e-06,,FALSE,FALSE,FALSE,FALSE,,AIH
CD86-CTLA4,Sinusoidal endothelial cell,Ig+ hepatocyte,,,4.75387908314586e-06,1.8570204082862e-06,aih_only,0,2,0,2,,3.30544974571603e-06,,,1.8570204082862e-06,4.75387908314586e-06,,FALSE,FALSE,FALSE,FALSE,,AIH
CD86-CTLA4,Sinusoidal endothelial cell,IgG+ B cell,,,1.15022520590872e-06,1.86949500989646e-06,aih_only,0,2,0,2,,1.50986010790259e-06,,,1.15022520590872e-06,1.86949500989646e-06,,FALSE,FALSE,FALSE,FALSE,,AIH
CD86-CTLA4,Sinusoidal endothelial cell,IgG+ plasmablast / plasma cell,,,2.58704774234632e-06,2.00321719614543e-06,aih_only,0,2,0,2,,2.29513246924588e-06,,,2.00321719614543e-06,2.58704774234632e-06,,FALSE,FALSE,FALSE,FALSE,,AIH
CD86-CTLA4,Sinusoidal endothelial cell,IgM+ B cell,,,8.30204745426248e-07,1.74125588991446e-06,aih_only,0,2,0,2,,1.28573031767035e-06,,,8.30204745426248e-07,1.74125588991446e-06,,FALSE,FALSE,FALSE,FALSE,,AIH
CD86-CTLA4,Sinusoidal endothelial cell,Macrophage 1,,,3.22974783571789e-06,2.67161565487481e-06,aih_only,0,2,0,2,,2.95068174529635e-06,,,2.67161565487481e-06,3.22974783571789e-06,,FALSE,FALSE,FALSE,FALSE,,AIH
CD86-CTLA4,Sinusoidal endothelial cell,Macrophage 2,,,1.01423255977814e-06,2.11811997532451e-06,aih_only,0,2,0,2,,1.56617626755133e-06,,,1.01423255977814e-06,2.11811997532451e-06,,FALSE,FALSE,FALSE,FALSE,,AIH
CD86-CTLA4,Sinusoidal endothelial cell,Sinusoidal endothelial cell,,,4.82679849143873e-06,3.75454357852423e-06,aih_only,0,2,0,2,,4.29067103498148e-06,,,3.75454357852423e-06,4.82679849143873e-06,,FALSE,FALSE,FALSE,FALSE,,AIH
CD86-CTLA4,Sinusoidal endothelial cell,Stellate cell,,,1.91793770321659e-06,1.35620296993402e-06,aih_only,0,2,0,2,,1.6370703365753e-06,,,1.35620296993402e-06,1.91793770321659e-06,,FALSE,FALSE,FALSE,FALSE,,AIH
CD86-CTLA4,Sinusoidal endothelial cell,Vascular endothelial cell,,,3.58999554442076e-07,1.00012673797295e-06,aih_only,0,2,0,2,,6.79563146207515e-07,,,3.58999554442076e-07,1.00012673797295e-06,,FALSE,FALSE,FALSE,FALSE,,AIH
CD86-CTLA4,Stellate cell,CD4+ T cell,,,1.15480911249236e-05,1.67104131751078e-05,aih_only,0,2,0,2,,1.41292521500157e-05,,,1.15480911249236e-05,1.67104131751078e-05,,FALSE,FALSE,FALSE,FALSE,,AIH
CD86-CTLA4,Stellate cell,CD8+ T cell 1,,,5.87205556355975e-06,6.13409509061258e-06,aih_only,0,2,0,2,,6.00307532708616e-06,,,5.87205556355975e-06,6.13409509061258e-06,,FALSE,FALSE,FALSE,FALSE,,AIH
CD86-CTLA4,Stellate cell,CD8+ T cell 2,,,5.95523719606749e-06,1.06014158068625e-05,aih_only,0,2,0,2,,8.27832650146501e-06,,,5.95523719606749e-06,1.06014158068625e-05,,FALSE,FALSE,FALSE,FALSE,,AIH
CD86-CTLA4,Stellate cell,CD8+ T cell 3,,,6.0252986906301e-06,8.78617420456012e-06,aih_only,0,2,0,2,,7.40573644759511e-06,,,6.0252986906301e-06,8.78617420456012e-06,,FALSE,FALSE,FALSE,FALSE,,AIH
CD86-CTLA4,Stellate cell,Cholangiocyte,,,1.36166465730973e-06,2.0617805248615e-06,aih_only,0,2,0,2,,1.71172259108562e-06,,,1.36166465730973e-06,2.0617805248615e-06,,FALSE,FALSE,FALSE,FALSE,,AIH
CD86-CTLA4,Stellate cell,Hepatocyte 1,,,6.2891227958896e-07,8.4802410114937e-07,aih_only,0,2,0,2,,7.38468190369165e-07,,,6.2891227958896e-07,8.4802410114937e-07,,FALSE,FALSE,FALSE,FALSE,,AIH
CD86-CTLA4,Stellate cell,Hepatocyte 2,,,3.81939908360561e-07,5.31446005984667e-07,aih_only,0,2,0,2,,4.56692957172614e-07,,,3.81939908360561e-07,5.31446005984667e-07,,FALSE,FALSE,FALSE,FALSE,,AIH
CD86-CTLA4,Stellate cell,Hepatocyte 3,,,6.48768819028868e-07,9.03460602632132e-07,aih_only,0,2,0,2,,7.761147108305e-07,,,6.48768819028868e-07,9.03460602632132e-07,,FALSE,FALSE,FALSE,FALSE,,AIH
CD86-CTLA4,Stellate cell,Hepatocyte 4,,,9.32500684629834e-07,9.83402485630188e-07,aih_only,0,2,0,2,,9.57951585130011e-07,,,9.32500684629834e-07,9.83402485630188e-07,,FALSE,FALSE,FALSE,FALSE,,AIH
CD86-CTLA4,Stellate cell,Ig+ hepatocyte,,,2.97277285065746e-06,9.945458983377e-07,aih_only,0,2,0,2,,1.98365937449758e-06,,,9.945458983377e-07,2.97277285065746e-06,,FALSE,FALSE,FALSE,FALSE,,AIH
CD86-CTLA4,Stellate cell,IgG+ B cell,,,1.48899047671941e-06,2.29327095878729e-06,aih_only,0,2,0,2,,1.89113071775335e-06,,,1.48899047671941e-06,2.29327095878729e-06,,FALSE,FALSE,FALSE,FALSE,,AIH
CD86-CTLA4,Stellate cell,IgG+ plasmablast / plasma cell,,,2.34485085231419e-06,3.18603819213695e-06,aih_only,0,2,0,2,,2.76544452222557e-06,,,2.34485085231419e-06,3.18603819213695e-06,,FALSE,FALSE,FALSE,FALSE,,AIH
CD86-CTLA4,Stellate cell,IgM+ B cell,,,2.12828555852406e-06,4.73895246409394e-06,aih_only,0,2,0,2,,3.433619011309e-06,,,2.12828555852406e-06,4.73895246409394e-06,,FALSE,FALSE,FALSE,FALSE,,AIH
CD86-CTLA4,Stellate cell,Macrophage 1,,,1.71641003798756e-06,1.82712494784293e-06,aih_only,0,2,0,2,,1.77176749291524e-06,,,1.71641003798756e-06,1.82712494784293e-06,,FALSE,FALSE,FALSE,FALSE,,AIH
CD86-CTLA4,Stellate cell,Macrophage 2,,,1.03074164757639e-06,1.79470103323232e-06,aih_only,0,2,0,2,,1.41272134040435e-06,,,1.03074164757639e-06,1.79470103323232e-06,,FALSE,FALSE,FALSE,FALSE,,AIH
CD86-CTLA4,Stellate cell,Sinusoidal endothelial cell,,,1.5522650134437e-06,1.42921561987553e-06,aih_only,0,2,0,2,,1.49074031665962e-06,,,1.42921561987553e-06,1.5522650134437e-06,,FALSE,FALSE,FALSE,FALSE,,AIH
CD86-CTLA4,Stellate cell,Stellate cell,,,2.08433491678097e-06,2.14508639385732e-06,aih_only,0,2,0,2,,2.11471065531914e-06,,,2.08433491678097e-06,2.14508639385732e-06,,FALSE,FALSE,FALSE,FALSE,,AIH
CD86-CTLA4,Stellate cell,Vascular endothelial cell,,,1.32689219173276e-06,2.11157269860711e-06,aih_only,0,2,0,2,,1.71923244516993e-06,,,1.32689219173276e-06,2.11157269860711e-06,,FALSE,FALSE,FALSE,FALSE,,AIH
CD86-CTLA4,Vascular endothelial cell,CD4+ T cell,,,1.31855637528535e-05,1.83880564096091e-05,aih_only,0,2,0,2,,1.57868100812313e-05,,,1.31855637528535e-05,1.83880564096091e-05,,FALSE,FALSE,FALSE,FALSE,,AIH
CD86-CTLA4,Vascular endothelial cell,CD8+ T cell 1,,,2.89755591860129e-06,2.63414122116327e-06,aih_only,0,2,0,2,,2.76584856988228e-06,,,2.63414122116327e-06,2.89755591860129e-06,,FALSE,FALSE,FALSE,FALSE,,AIH
CD86-CTLA4,Vascular endothelial cell,CD8+ T cell 2,,,2.77543230966774e-06,1.69902192202264e-06,aih_only,0,2,0,2,,2.23722711584519e-06,,,1.69902192202264e-06,2.77543230966774e-06,,FALSE,FALSE,FALSE,FALSE,,AIH
CD86-CTLA4,Vascular endothelial cell,CD8+ T cell 3,,,4.2109491754163e-06,4.82685310749803e-06,aih_only,0,2,0,2,,4.51890114145716e-06,,,4.2109491754163e-06,4.82685310749803e-06,,FALSE,FALSE,FALSE,FALSE,,AIH
CD86-CTLA4,Vascular endothelial cell,Cholangiocyte,,,1.25870112072054e-06,1.43014322341121e-06,aih_only,0,2,0,2,,1.34442217206587e-06,,,1.25870112072054e-06,1.43014322341121e-06,,FALSE,FALSE,FALSE,FALSE,,AIH
CD86-CTLA4,Vascular endothelial cell,Hepatocyte 1,,,1.49032733036058e-07,1.60295072387503e-07,aih_only,0,2,0,2,,1.54663902711781e-07,,,1.49032733036058e-07,1.60295072387503e-07,,FALSE,FALSE,FALSE,FALSE,,AIH
CD86-CTLA4,Vascular endothelial cell,Hepatocyte 2,,,4.31447091451262e-07,7.84898395892911e-08,aih_only,0,2,0,2,,2.54968465520277e-07,,,7.84898395892911e-08,4.31447091451262e-07,,FALSE,FALSE,FALSE,FALSE,,AIH
CD86-CTLA4,Vascular endothelial cell,Hepatocyte 3,,,5.38550196011463e-07,3.59518810201111e-07,aih_only,0,2,0,2,,4.49034503106287e-07,,,3.59518810201111e-07,5.38550196011463e-07,,FALSE,FALSE,FALSE,FALSE,,AIH
CD86-CTLA4,Vascular endothelial cell,Hepatocyte 4,,,2.14923488916174e-07,1.41879341894106e-07,aih_only,0,2,0,2,,1.7840141540514e-07,,,1.41879341894106e-07,2.14923488916174e-07,,FALSE,FALSE,FALSE,FALSE,,AIH
CD86-CTLA4,Vascular endothelial cell,Ig+ hepatocyte,,,1.02875543542007e-06,3.18005434778047e-07,aih_only,0,2,0,2,,6.7338043509906e-07,,,3.18005434778047e-07,1.02875543542007e-06,,FALSE,FALSE,FALSE,FALSE,,AIH
CD86-CTLA4,Vascular endothelial cell,IgG+ B cell,,,1.11380186410713e-06,1.88807964003994e-06,aih_only,0,2,0,2,,1.50094075207353e-06,,,1.11380186410713e-06,1.88807964003994e-06,,FALSE,FALSE,FALSE,FALSE,,AIH
CD86-CTLA4,Vascular endothelial cell,IgG+ plasmablast / plasma cell,,,1.86414649214007e-06,2.86163578977213e-06,aih_only,0,2,0,2,,2.3628911409561e-06,,,1.86414649214007e-06,2.86163578977213e-06,,FALSE,FALSE,FALSE,FALSE,,AIH
CD86-CTLA4,Vascular endothelial cell,IgM+ B cell,,,2.48090412023592e-06,5.54482341228811e-06,aih_only,0,2,0,2,,4.01286376626201e-06,,,2.48090412023592e-06,5.54482341228811e-06,,FALSE,FALSE,FALSE,FALSE,,AIH
CD86-CTLA4,Vascular endothelial cell,Macrophage 1,,,1.29105234725119e-06,6.88820378692096e-07,aih_only,0,2,0,2,,9.89936362971641e-07,,,6.88820378692096e-07,1.29105234725119e-06,,FALSE,FALSE,FALSE,FALSE,,AIH
CD86-CTLA4,Vascular endothelial cell,Macrophage 2,,,9.83446484824185e-07,1.04116755618943e-06,aih_only,0,2,0,2,,1.01230702050681e-06,,,9.83446484824185e-07,1.04116755618943e-06,,FALSE,FALSE,FALSE,FALSE,,AIH
CD86-CTLA4,Vascular endothelial cell,Sinusoidal endothelial cell,,,5.9054809626858e-08,4.04738868210877e-07,aih_only,0,2,0,2,,2.31896838918868e-07,,,5.9054809626858e-08,4.04738868210877e-07,,FALSE,FALSE,FALSE,FALSE,,AIH
CD86-CTLA4,Vascular endothelial cell,Stellate cell,,,1.10326726759306e-06,1.34204421108811e-06,aih_only,0,2,0,2,,1.22265573934059e-06,,,1.10326726759306e-06,1.34204421108811e-06,,FALSE,FALSE,FALSE,FALSE,,AIH
CD86-CTLA4,Vascular endothelial cell,Vascular endothelial cell,,,4.89808972475401e-06,5.63141401041515e-06,aih_only,0,2,0,2,,5.26475186758458e-06,,,4.89808972475401e-06,5.63141401041515e-06,,FALSE,FALSE,FALSE,FALSE,,AIH
CXCL6-CXCR2,CD4+ T cell,CD4+ T cell,,,4.34859602341442e-06,5.75093735923959e-06,aih_only,0,2,0,2,,5.04976669132701e-06,,,4.34859602341442e-06,5.75093735923959e-06,,FALSE,FALSE,FALSE,FALSE,,AIH
CXCL6-CXCR2,CD4+ T cell,CD8+ T cell 1,,,3.51981677236436e-06,4.85628056301766e-06,aih_only,0,2,0,2,,4.18804866769101e-06,,,3.51981677236436e-06,4.85628056301766e-06,,FALSE,FALSE,FALSE,FALSE,,AIH
CXCL6-CXCR2,CD4+ T cell,CD8+ T cell 2,,,1.67872007402172e-06,2.26981178053667e-06,aih_only,0,2,0,2,,1.9742659272792e-06,,,1.67872007402172e-06,2.26981178053667e-06,,FALSE,FALSE,FALSE,FALSE,,AIH
CXCL6-CXCR2,CD4+ T cell,CD8+ T cell 3,,,4.47739262567968e-06,7.90436994650687e-06,aih_only,0,2,0,2,,6.19088128609327e-06,,,4.47739262567968e-06,7.90436994650687e-06,,FALSE,FALSE,FALSE,FALSE,,AIH
CXCL6-CXCR2,CD4+ T cell,Cholangiocyte,,,3.34382710097879e-06,2.31269562006548e-06,aih_only,0,2,0,2,,2.82826136052213e-06,,,2.31269562006548e-06,3.34382710097879e-06,,FALSE,FALSE,FALSE,FALSE,,AIH
CXCL6-CXCR2,CD4+ T cell,Hepatocyte 1,,,8.41994304118708e-07,1.51412778315897e-06,aih_only,0,2,0,2,,1.17806104363884e-06,,,8.41994304118708e-07,1.51412778315897e-06,,FALSE,FALSE,FALSE,FALSE,,AIH
CXCL6-CXCR2,CD4+ T cell,Hepatocyte 2,,,8.45689840573128e-07,1.31709579099454e-06,aih_only,0,2,0,2,,1.08139281578383e-06,,,8.45689840573128e-07,1.31709579099454e-06,,FALSE,FALSE,FALSE,FALSE,,AIH
CXCL6-CXCR2,CD4+ T cell,Hepatocyte 3,,,1.76369148312088e-06,1.3868586095055e-06,aih_only,0,2,0,2,,1.57527504631319e-06,,,1.3868586095055e-06,1.76369148312088e-06,,FALSE,FALSE,FALSE,FALSE,,AIH
CXCL6-CXCR2,CD4+ T cell,Hepatocyte 4,,,7.54154085398635e-07,9.69398164146389e-07,aih_only,0,2,0,2,,8.61776124772512e-07,,,7.54154085398635e-07,9.69398164146389e-07,,FALSE,FALSE,FALSE,FALSE,,AIH
CXCL6-CXCR2,CD4+ T cell,Ig+ hepatocyte,,,6.19806982358117e-07,2.13323036634785e-06,aih_only,0,2,0,2,,1.37651867435298e-06,,,6.19806982358117e-07,2.13323036634785e-06,,FALSE,FALSE,FALSE,FALSE,,AIH
CXCL6-CXCR2,CD4+ T cell,IgG+ B cell,,,2.83436801158708e-06,1.86298298739512e-06,aih_only,0,2,0,2,,2.3486754994911e-06,,,1.86298298739512e-06,2.83436801158708e-06,,FALSE,FALSE,FALSE,FALSE,,AIH
CXCL6-CXCR2,CD4+ T cell,IgG+ plasmablast / plasma cell,,,3.14594670571899e-06,4.72459150589705e-06,aih_only,0,2,0,2,,3.93526910580802e-06,,,3.14594670571899e-06,4.72459150589705e-06,,FALSE,FALSE,FALSE,FALSE,,AIH
CXCL6-CXCR2,CD4+ T cell,IgM+ B cell,,,4.53421897114111e-06,5.94088680215874e-06,aih_only,0,2,0,2,,5.23755288664993e-06,,,4.53421897114111e-06,5.94088680215874e-06,,FALSE,FALSE,FALSE,FALSE,,AIH
CXCL6-CXCR2,CD4+ T cell,Macrophage 1,,,1.30316832871153e-05,1.52737706924995e-05,aih_only,0,2,0,2,,1.41527269898074e-05,,,1.30316832871153e-05,1.52737706924995e-05,,FALSE,FALSE,FALSE,FALSE,,AIH
CXCL6-CXCR2,CD4+ T cell,Macrophage 2,,,9.43670159540535e-06,1.05915068615672e-05,aih_only,0,2,0,2,,1.00141042284863e-05,,,9.43670159540535e-06,1.05915068615672e-05,,FALSE,FALSE,FALSE,FALSE,,AIH
CXCL6-CXCR2,CD4+ T cell,Sinusoidal endothelial cell,,,4.72106601034451e-06,5.4211966888495e-06,aih_only,0,2,0,2,,5.07113134959701e-06,,,4.72106601034451e-06,5.4211966888495e-06,,FALSE,FALSE,FALSE,FALSE,,AIH
CXCL6-CXCR2,CD4+ T cell,Stellate cell,,,3.47166329728432e-06,3.89729861615173e-06,aih_only,0,2,0,2,,3.68448095671802e-06,,,3.47166329728432e-06,3.89729861615173e-06,,FALSE,FALSE,FALSE,FALSE,,AIH
CXCL6-CXCR2,CD4+ T cell,Vascular endothelial cell,,,2.62565793468067e-06,2.33867248313099e-06,aih_only,0,2,0,2,,2.48216520890583e-06,,,2.33867248313099e-06,2.62565793468067e-06,,FALSE,FALSE,FALSE,FALSE,,AIH
CXCL6-CXCR2,CD8+ T cell 1,CD4+ T cell,,,2.1964274828409e-06,2.91322887032365e-06,aih_only,0,2,0,2,,2.55482817658228e-06,,,2.1964274828409e-06,2.91322887032365e-06,,FALSE,FALSE,FALSE,FALSE,,AIH
CXCL6-CXCR2,CD8+ T cell 1,CD8+ T cell 1,,,4.15954998318387e-06,5.07178904374897e-06,aih_only,0,2,0,2,,4.61566951346642e-06,,,4.15954998318387e-06,5.07178904374897e-06,,FALSE,FALSE,FALSE,FALSE,,AIH
CXCL6-CXCR2,CD8+ T cell 1,CD8+ T cell 2,,,2.14886429774014e-06,2.65266671335948e-06,aih_only,0,2,0,2,,2.40076550554981e-06,,,2.14886429774014e-06,2.65266671335948e-06,,FALSE,FALSE,FALSE,FALSE,,AIH
CXCL6-CXCR2,CD8+ T cell 1,CD8+ T cell 3,,,5.61174318692603e-06,7.41297739797346e-06,aih_only,0,2,0,2,,6.51236029244975e-06,,,5.61174318692603e-06,7.41297739797346e-06,,FALSE,FALSE,FALSE,FALSE,,AIH
CXCL6-CXCR2,CD8+ T cell 1,Cholangiocyte,,,2.36917615481408e-06,2.02716587775387e-06,aih_only,0,2,0,2,,2.19817101628398e-06,,,2.02716587775387e-06,2.36917615481408e-06,,FALSE,FALSE,FALSE,FALSE,,AIH
CXCL6-CXCR2,CD8+ T cell 1,Hepatocyte 1,,,1.31282486243781e-06,1.36094815443271e-06,aih_only,0,2,0,2,,1.33688650843526e-06,,,1.31282486243781e-06,1.36094815443271e-06,,FALSE,FALSE,FALSE,FALSE,,AIH
CXCL6-CXCR2,CD8+ T cell 1,Hepatocyte 2,,,1.53086518419008e-06,9.14063125131439e-07,aih_only,0,2,0,2,,1.22246415466076e-06,,,9.14063125131439e-07,1.53086518419008e-06,,FALSE,FALSE,FALSE,FALSE,,AIH
CXCL6-CXCR2,CD8+ T cell 1,Hepatocyte 3,,,1.50153757631452e-06,1.10651005845417e-06,aih_only,0,2,0,2,,1.30402381738435e-06,,,1.10651005845417e-06,1.50153757631452e-06,,FALSE,FALSE,FALSE,FALSE,,AIH
CXCL6-CXCR2,CD8+ T cell 1,Hepatocyte 4,,,1.62963975396036e-06,1.42232236396011e-06,aih_only,0,2,0,2,,1.52598105896023e-06,,,1.42232236396011e-06,1.62963975396036e-06,,FALSE,FALSE,FALSE,FALSE,,AIH
CXCL6-CXCR2,CD8+ T cell 1,Ig+ hepatocyte,,,1.18048386403798e-06,2.00632897911804e-06,aih_only,0,2,0,2,,1.59340642157801e-06,,,1.18048386403798e-06,2.00632897911804e-06,,FALSE,FALSE,FALSE,FALSE,,AIH
CXCL6-CXCR2,CD8+ T cell 1,IgG+ B cell,,,2.0350007136704e-06,1.41177049852904e-06,aih_only,0,2,0,2,,1.72338560609972e-06,,,1.41177049852904e-06,2.0350007136704e-06,,FALSE,FALSE,FALSE,FALSE,,AIH
CXCL6-CXCR2,CD8+ T cell 1,IgG+ plasmablast / plasma cell,,,2.23732772736647e-06,3.63319963419073e-06,aih_only,0,2,0,2,,2.9352636807786e-06,,,2.23732772736647e-06,3.63319963419073e-06,,FALSE,FALSE,FALSE,FALSE,,AIH
CXCL6-CXCR2,CD8+ T cell 1,IgM+ B cell,,,2.27903669934224e-06,3.25851204120224e-06,aih_only,0,2,0,2,,2.76877437027224e-06,,,2.27903669934224e-06,3.25851204120224e-06,,FALSE,FALSE,FALSE,FALSE,,AIH
CXCL6-CXCR2,CD8+ T cell 1,Macrophage 1,,,1.40075873904266e-05,1.65909226146824e-05,aih_only,0,2,0,2,,1.52992550025545e-05,,,1.40075873904266e-05,1.65909226146824e-05,,FALSE,FALSE,FALSE,FALSE,,AIH
CXCL6-CXCR2,CD8+ T cell 1,Macrophage 2,,,6.14477120973791e-06,8.8441802744764e-06,aih_only,0,2,0,2,,7.49447574210716e-06,,,6.14477120973791e-06,8.8441802744764e-06,,FALSE,FALSE,FALSE,FALSE,,AIH
CXCL6-CXCR2,CD8+ T cell 1,Sinusoidal endothelial cell,,,4.91153530737638e-06,5.10012973628586e-06,aih_only,0,2,0,2,,5.00583252183112e-06,,,4.91153530737638e-06,5.10012973628586e-06,,FALSE,FALSE,FALSE,FALSE,,AIH
CXCL6-CXCR2,CD8+ T cell 1,Stellate cell,,,2.79484412699649e-06,2.99186977243092e-06,aih_only,0,2,0,2,,2.8933569497137e-06,,,2.79484412699649e-06,2.99186977243092e-06,,FALSE,FALSE,FALSE,FALSE,,AIH
CXCL6-CXCR2,CD8+ T cell 1,Vascular endothelial cell,,,1.53187500686908e-06,9.5371378181256e-07,aih_only,0,2,0,2,,1.24279439434082e-06,,,9.5371378181256e-07,1.53187500686908e-06,,FALSE,FALSE,FALSE,FALSE,,AIH
CXCL6-CXCR2,CD8+ T cell 2,CD4+ T cell,,,1.71425916429995e-06,2.39150927565269e-06,aih_only,0,2,0,2,,2.05288421997632e-06,,,1.71425916429995e-06,2.39150927565269e-06,,FALSE,FALSE,FALSE,FALSE,,AIH
CXCL6-CXCR2,CD8+ T cell 2,CD8+ T cell 1,,,6.96883157642467e-06,7.37028377543343e-06,aih_only,0,2,0,2,,7.16955767592905e-06,,,6.96883157642467e-06,7.37028377543343e-06,,FALSE,FALSE,FALSE,FALSE,,AIH
CXCL6-CXCR2,CD8+ T cell 2,CD8+ T cell 2,,,6.84214502284127e-06,5.29206046038194e-06,aih_only,0,2,0,2,,6.0671027416116e-06,,,5.29206046038194e-06,6.84214502284127e-06,,FALSE,FALSE,FALSE,FALSE,,AIH
CXCL6-CXCR2,CD8+ T cell 2,CD8+ T cell 3,,,8.97890013480776e-06,1.14752704356659e-05,aih_only,0,2,0,2,,1.02270852852368e-05,,,8.97890013480776e-06,1.14752704356659e-05,,FALSE,FALSE,FALSE,FALSE,,AIH
CXCL6-CXCR2,CD8+ T cell 2,Cholangiocyte,,,1.69460435311339e-06,1.4065104426466e-06,aih_only,0,2,0,2,,1.55055739788e-06,,,1.4065104426466e-06,1.69460435311339e-06,,FALSE,FALSE,FALSE,FALSE,,AIH
CXCL6-CXCR2,CD8+ T cell 2,Hepatocyte 1,,,3.86008482457469e-06,1.82764684531123e-06,aih_only,0,2,0,2,,2.84386583494296e-06,,,1.82764684531123e-06,3.86008482457469e-06,,FALSE,FALSE,FALSE,FALSE,,AIH
CXCL6-CXCR2,CD8+ T cell 2,Hepatocyte 2,,,2.86406838238419e-06,1.79701479166414e-06,aih_only,0,2,0,2,,2.33054158702417e-06,,,1.79701479166414e-06,2.86406838238419e-06,,FALSE,FALSE,FALSE,FALSE,,AIH
CXCL6-CXCR2,CD8+ T cell 2,Hepatocyte 3,,,2.67118618130518e-06,1.82539488480532e-06,aih_only,0,2,0,2,,2.24829053305525e-06,,,1.82539488480532e-06,2.67118618130518e-06,,FALSE,FALSE,FALSE,FALSE,,AIH
CXCL6-CXCR2,CD8+ T cell 2,Hepatocyte 4,,,6.40220079499102e-06,1.97016673781436e-06,aih_only,0,2,0,2,,4.18618376640269e-06,,,1.97016673781436e-06,6.40220079499102e-06,,FALSE,FALSE,FALSE,FALSE,,AIH
CXCL6-CXCR2,CD8+ T cell 2,Ig+ hepatocyte,,,2.5201178134438e-06,2.64639888768616e-06,aih_only,0,2,0,2,,2.58325835056498e-06,,,2.5201178134438e-06,2.64639888768616e-06,,FALSE,FALSE,FALSE,FALSE,,AIH
CXCL6-CXCR2,CD8+ T cell 2,IgG+ B cell,,,8.91625069109551e-07,3.21832247005211e-07,aih_only,0,2,0,2,,6.06728658057381e-07,,,3.21832247005211e-07,8.91625069109551e-07,,FALSE,FALSE,FALSE,FALSE,,AIH
CXCL6-CXCR2,CD8+ T cell 2,IgG+ plasmablast / plasma cell,,,2.39843974701442e-06,2.34751396667838e-06,aih_only,0,2,0,2,,2.3729768568464e-06,,,2.34751396667838e-06,2.39843974701442e-06,,FALSE,FALSE,FALSE,FALSE,,AIH
CXCL6-CXCR2,CD8+ T cell 2,IgM+ B cell,,,2.02650594622542e-06,4.49536184512363e-06,aih_only,0,2,0,2,,3.26093389567452e-06,,,2.02650594622542e-06,4.49536184512363e-06,,FALSE,FALSE,FALSE,FALSE,,AIH
CXCL6-CXCR2,CD8+ T cell 2,Macrophage 1,,,2.63778947954706e-05,2.22703442868419e-05,aih_only,0,2,0,2,,2.43241195411562e-05,,,2.22703442868419e-05,2.63778947954706e-05,,FALSE,FALSE,FALSE,FALSE,,AIH
CXCL6-CXCR2,CD8+ T cell 2,Macrophage 2,,,5.39653965864239e-06,9.10592231596874e-06,aih_only,0,2,0,2,,7.25123098730557e-06,,,5.39653965864239e-06,9.10592231596874e-06,,FALSE,FALSE,FALSE,FALSE,,AIH
CXCL6-CXCR2,CD8+ T cell 2,Sinusoidal endothelial cell,,,7.43958846729597e-06,7.29799304748583e-06,aih_only,0,2,0,2,,7.3687907573909e-06,,,7.29799304748583e-06,7.43958846729597e-06,,FALSE,FALSE,FALSE,FALSE,,AIH
CXCL6-CXCR2,CD8+ T cell 2,Stellate cell,,,2.62463340786652e-06,3.26052145604862e-06,aih_only,0,2,0,2,,2.94257743195757e-06,,,2.62463340786652e-06,3.26052145604862e-06,,FALSE,FALSE,FALSE,FALSE,,AIH
CXCL6-CXCR2,CD8+ T cell 2,Vascular endothelial cell,,,1.91794699037774e-06,6.1197279094439e-07,aih_only,0,2,0,2,,1.26495989066106e-06,,,6.1197279094439e-07,1.91794699037774e-06,,FALSE,FALSE,FALSE,FALSE,,AIH
CXCL6-CXCR2,CD8+ T cell 3,CD4+ T cell,,,2.60013012744595e-06,4.45887459537411e-06,aih_only,0,2,0,2,,3.52950236141003e-06,,,2.60013012744595e-06,4.45887459537411e-06,,FALSE,FALSE,FALSE,FALSE,,AIH
CXCL6-CXCR2,CD8+ T cell 3,CD8+ T cell 1,,,4.48618367174453e-06,6.19772607521355e-06,aih_only,0,2,0,2,,5.34195487347904e-06,,,4.48618367174453e-06,6.19772607521355e-06,,FALSE,FALSE,FALSE,FALSE,,AIH
CXCL6-CXCR2,CD8+ T cell 3,CD8+ T cell 2,,,3.43472228995543e-06,3.66298201619237e-06,aih_only,0,2,0,2,,3.5488521530739e-06,,,3.43472228995543e-06,3.66298201619237e-06,,FALSE,FALSE,FALSE,FALSE,,AIH
CXCL6-CXCR2,CD8+ T cell 3,CD8+ T cell 3,,,1.16575292807443e-05,8.95843282778766e-06,aih_only,0,2,0,2,,1.0307981054266e-05,,,8.95843282778766e-06,1.16575292807443e-05,,FALSE,FALSE,FALSE,FALSE,,AIH
CXCL6-CXCR2,CD8+ T cell 3,Cholangiocyte,,,3.29580913353093e-06,3.73807049034208e-06,aih_only,0,2,0,2,,3.5169398119365e-06,,,3.29580913353093e-06,3.73807049034208e-06,,FALSE,FALSE,FALSE,FALSE,,AIH
CXCL6-CXCR2,CD8+ T cell 3,Hepatocyte 1,,,2.44921167717046e-06,1.64388352219074e-06,aih_only,0,2,0,2,,2.0465475996806e-06,,,1.64388352219074e-06,2.44921167717046e-06,,FALSE,FALSE,FALSE,FALSE,,AIH
CXCL6-CXCR2,CD8+ T cell 3,Hepatocyte 2,,,2.12241615930204e-06,1.47474161419376e-06,aih_only,0,2,0,2,,1.7985788867479e-06,,,1.47474161419376e-06,2.12241615930204e-06,,FALSE,FALSE,FALSE,FALSE,,AIH
CXCL6-CXCR2,CD8+ T cell 3,Hepatocyte 3,,,2.88913834666981e-06,6.45549323444338e-07,aih_only,0,2,0,2,,1.76734383505707e-06,,,6.45549323444338e-07,2.88913834666981e-06,,FALSE,FALSE,FALSE,FALSE,,AIH
CXCL6-CXCR2,CD8+ T cell 3,Hepatocyte 4,,,2.04964721405349e-06,1.22697246358404e-06,aih_only,0,2,0,2,,1.63830983881876e-06,,,1.22697246358404e-06,2.04964721405349e-06,,FALSE,FALSE,FALSE,FALSE,,AIH
CXCL6-CXCR2,CD8+ T cell 3,Ig+ hepatocyte,,,7.86954217037934e-07,2.29631598157311e-06,aih_only,0,2,0,2,,1.54163509930552e-06,,,7.86954217037934e-07,2.29631598157311e-06,,FALSE,FALSE,FALSE,FALSE,,AIH
CXCL6-CXCR2,CD8+ T cell 3,IgG+ B cell,,,2.91370835240108e-06,3.62289806534185e-06,aih_only,0,2,0,2,,3.26830320887147e-06,,,2.91370835240108e-06,3.62289806534185e-06,,FALSE,FALSE,FALSE,FALSE,,AIH
CXCL6-CXCR2,CD8+ T cell 3,IgG+ plasmablast / plasma cell,,,3.00338630472225e-06,5.06687205522188e-06,aih_only,0,2,0,2,,4.03512917997206e-06,,,3.00338630472225e-06,5.06687205522188e-06,,FALSE,FALSE,FALSE,FALSE,,AIH
CXCL6-CXCR2,CD8+ T cell 3,IgM+ B cell,,,2.42479206926722e-06,3.47170680626634e-06,aih_only,0,2,0,2,,2.94824943776678e-06,,,2.42479206926722e-06,3.47170680626634e-06,,FALSE,FALSE,FALSE,FALSE,,AIH
CXCL6-CXCR2,CD8+ T cell 3,Macrophage 1,,,1.77604569817036e-05,1.78844575689508e-05,aih_only,0,2,0,2,,1.78224572753272e-05,,,1.77604569817036e-05,1.78844575689508e-05,,FALSE,FALSE,FALSE,FALSE,,AIH
CXCL6-CXCR2,CD8+ T cell 3,Macrophage 2,,,7.8356563290487e-06,1.3155964988739e-05,aih_only,0,2,0,2,,1.04958106588939e-05,,,7.8356563290487e-06,1.3155964988739e-05,,FALSE,FALSE,FALSE,FALSE,,AIH
CXCL6-CXCR2,CD8+ T cell 3,Sinusoidal endothelial cell,,,5.64661032285817e-06,7.40504300708694e-06,aih_only,0,2,0,2,,6.52582666497255e-06,,,5.64661032285817e-06,7.40504300708694e-06,,FALSE,FALSE,FALSE,FALSE,,AIH
CXCL6-CXCR2,CD8+ T cell 3,Stellate cell,,,3.53925742005026e-06,4.34853252955504e-06,aih_only,0,2,0,2,,3.94389497480265e-06,,,3.53925742005026e-06,4.34853252955504e-06,,FALSE,FALSE,FALSE,FALSE,,AIH
CXCL6-CXCR2,CD8+ T cell 3,Vascular endothelial cell,,,2.12296490969276e-06,1.29463820463993e-06,aih_only,0,2,0,2,,1.70880155716635e-06,,,1.29463820463993e-06,2.12296490969276e-06,,FALSE,FALSE,FALSE,FALSE,,AIH
CXCL6-CXCR2,Cholangiocyte,CD4+ T cell,,,5.51777292533853e-05,9.04852393469772e-05,aih_only,0,2,0,2,,7.28314843001813e-05,,,5.51777292533853e-05,9.04852393469772e-05,,FALSE,FALSE,FALSE,FALSE,,AIH
CXCL6-CXCR2,Cholangiocyte,CD8+ T cell 1,,,7.71301996551286e-05,9.87882459106596e-05,aih_only,0,2,0,2,,8.79592227828941e-05,,,7.71301996551286e-05,9.87882459106596e-05,,FALSE,FALSE,FALSE,FALSE,,AIH
CXCL6-CXCR2,Cholangiocyte,CD8+ T cell 2,,,3.4798251434554e-05,5.45027093560927e-05,aih_only,0,2,0,2,,4.46504803953234e-05,,,3.4798251434554e-05,5.45027093560927e-05,,FALSE,FALSE,FALSE,FALSE,,AIH
CXCL6-CXCR2,Cholangiocyte,CD8+ T cell 3,,,0.000111616809907989,0.000108005866054958,aih_only,0,2,0,2,,0.000109811337981474,,,0.000108005866054958,0.000111616809907989,,FALSE,FALSE,FALSE,FALSE,,AIH
CXCL6-CXCR2,Cholangiocyte,Cholangiocyte,,,9.16981870425783e-05,8.02366409726777e-05,aih_only,0,2,0,2,,8.5967414007628e-05,,,8.02366409726777e-05,9.16981870425783e-05,,FALSE,FALSE,FALSE,FALSE,,AIH
CXCL6-CXCR2,Cholangiocyte,Hepatocyte 1,,,2.21742758266917e-05,2.6226937122446e-05,aih_only,0,2,0,2,,2.42006064745689e-05,,,2.21742758266917e-05,2.6226937122446e-05,,FALSE,FALSE,FALSE,FALSE,,AIH
CXCL6-CXCR2,Cholangiocyte,Hepatocyte 2,,,2.1201669468357e-05,1.99313086890775e-05,aih_only,0,2,0,2,,2.05664890787173e-05,,,1.99313086890775e-05,2.1201669468357e-05,,FALSE,FALSE,FALSE,FALSE,,AIH
CXCL6-CXCR2,Cholangiocyte,Hepatocyte 3,,,4.25039006556442e-05,2.9737407990001e-05,aih_only,0,2,0,2,,3.61206543228226e-05,,,2.9737407990001e-05,4.25039006556442e-05,,FALSE,FALSE,FALSE,FALSE,,AIH
CXCL6-CXCR2,Cholangiocyte,Hepatocyte 4,,,1.84202230095952e-05,3.02736588871283e-05,aih_only,0,2,0,2,,2.43469409483618e-05,,,1.84202230095952e-05,3.02736588871283e-05,,FALSE,FALSE,FALSE,FALSE,,AIH
CXCL6-CXCR2,Cholangiocyte,Ig+ hepatocyte,,,1.96066551405478e-05,5.59481807394298e-05,aih_only,0,2,0,2,,3.77774179399888e-05,,,1.96066551405478e-05,5.59481807394298e-05,,FALSE,FALSE,FALSE,FALSE,,AIH
CXCL6-CXCR2,Cholangiocyte,IgG+ B cell,,,6.04509824373946e-05,4.71017936096662e-05,aih_only,0,2,0,2,,5.37763880235304e-05,,,4.71017936096662e-05,6.04509824373946e-05,,FALSE,FALSE,FALSE,FALSE,,AIH
CXCL6-CXCR2,Cholangiocyte,IgG+ plasmablast / plasma cell,,,5.80606368972053e-05,9.74093719874143e-05,aih_only,0,2,0,2,,7.77350044423098e-05,,,5.80606368972053e-05,9.74093719874143e-05,,FALSE,FALSE,FALSE,FALSE,,AIH
CXCL6-CXCR2,Cholangiocyte,IgM+ B cell,,,6.25925253166967e-05,0.000106080709240012,aih_only,0,2,0,2,,8.43366172783542e-05,,,6.25925253166967e-05,0.000106080709240012,,FALSE,FALSE,FALSE,FALSE,,AIH
CXCL6-CXCR2,Cholangiocyte,Macrophage 1,,,0.000273708375496357,0.000331032744596907,aih_only,0,2,0,2,,0.000302370560046632,,,0.000273708375496357,0.000331032744596907,,FALSE,FALSE,FALSE,FALSE,,AIH
CXCL6-CXCR2,Cholangiocyte,Macrophage 2,,,0.000190383016501899,0.000234792275206007,aih_only,0,2,0,2,,0.000212587645853953,,,0.000190383016501899,0.000234792275206007,,FALSE,FALSE,FALSE,FALSE,,AIH
CXCL6-CXCR2,Cholangiocyte,Sinusoidal endothelial cell,,,0.00010259059564088,9.67282996682071e-05,aih_only,0,2,0,2,,9.96594476545437e-05,,,9.67282996682071e-05,0.00010259059564088,,FALSE,FALSE,FALSE,FALSE,,AIH
CXCL6-CXCR2,Cholangiocyte,Stellate cell,,,7.8191557751512e-05,7.87664609428307e-05,aih_only,0,2,0,2,,7.84790093471714e-05,,,7.8191557751512e-05,7.87664609428307e-05,,FALSE,FALSE,FALSE,FALSE,,AIH
CXCL6-CXCR2,Cholangiocyte,Vascular endothelial cell,,,4.77839562071604e-05,4.83475029369871e-05,aih_only,0,2,0,2,,4.80657295720738e-05,,,4.77839562071604e-05,4.83475029369871e-05,,FALSE,FALSE,FALSE,FALSE,,AIH
CXCL6-CXCR2,Hepatocyte 1,CD4+ T cell,,,1.86860496977522e-06,2.4039118988265e-06,aih_only,0,2,0,2,,2.13625843430086e-06,,,1.86860496977522e-06,2.4039118988265e-06,,FALSE,FALSE,FALSE,FALSE,,AIH
CXCL6-CXCR2,Hepatocyte 1,CD8+ T cell 1,,,7.12426817002155e-06,6.12256112632966e-06,aih_only,0,2,0,2,,6.62341464817561e-06,,,6.12256112632966e-06,7.12426817002155e-06,,FALSE,FALSE,FALSE,FALSE,,AIH
CXCL6-CXCR2,Hepatocyte 1,CD8+ T cell 2,,,6.4656078359497e-06,3.78362149441827e-06,aih_only,0,2,0,2,,5.12461466518399e-06,,,3.78362149441827e-06,6.4656078359497e-06,,FALSE,FALSE,FALSE,FALSE,,AIH
CXCL6-CXCR2,Hepatocyte 1,CD8+ T cell 3,,,9.32819477854378e-06,8.1175778220818e-06,aih_only,0,2,0,2,,8.72288630031279e-06,,,8.1175778220818e-06,9.32819477854378e-06,,FALSE,FALSE,FALSE,FALSE,,AIH
CXCL6-CXCR2,Hepatocyte 1,Cholangiocyte,,,1.21156021437994e-06,1.68449810065958e-06,aih_only,0,2,0,2,,1.44802915751976e-06,,,1.21156021437994e-06,1.68449810065958e-06,,FALSE,FALSE,FALSE,FALSE,,AIH
CXCL6-CXCR2,Hepatocyte 1,Hepatocyte 1,,,3.87290402218999e-06,2.30840816145782e-06,aih_only,0,2,0,2,,3.09065609182391e-06,,,2.30840816145782e-06,3.87290402218999e-06,,FALSE,FALSE,FALSE,FALSE,,AIH
CXCL6-CXCR2,Hepatocyte 1,Hepatocyte 2,,,2.28779109175664e-06,1.5658961315192e-06,aih_only,0,2,0,2,,1.92684361163792e-06,,,1.5658961315192e-06,2.28779109175664e-06,,FALSE,FALSE,FALSE,FALSE,,AIH
CXCL6-CXCR2,Hepatocyte 1,Hepatocyte 3,,,3.32749451653873e-06,1.35196584974108e-06,aih_only,0,2,0,2,,2.3397301831399e-06,,,1.35196584974108e-06,3.32749451653873e-06,,FALSE,FALSE,FALSE,FALSE,,AIH
CXCL6-CXCR2,Hepatocyte 1,Hepatocyte 4,,,6.49083637142185e-06,1.85743622421381e-06,aih_only,0,2,0,2,,4.17413629781783e-06,,,1.85743622421381e-06,6.49083637142185e-06,,FALSE,FALSE,FALSE,FALSE,,AIH
CXCL6-CXCR2,Hepatocyte 1,Ig+ hepatocyte,,,2.34022647018996e-06,2.9879342264577e-06,aih_only,0,2,0,2,,2.66408034832383e-06,,,2.34022647018996e-06,2.9879342264577e-06,,FALSE,FALSE,FALSE,FALSE,,AIH
CXCL6-CXCR2,Hepatocyte 1,IgG+ B cell,,,9.99645946750541e-07,9.41862538722802e-07,aih_only,0,2,0,2,,9.70754242736671e-07,,,9.41862538722802e-07,9.99645946750541e-07,,FALSE,FALSE,FALSE,FALSE,,AIH
CXCL6-CXCR2,Hepatocyte 1,IgG+ plasmablast / plasma cell,,,2.44886883271968e-06,2.93272632704485e-06,aih_only,0,2,0,2,,2.69079757988226e-06,,,2.44886883271968e-06,2.93272632704485e-06,,FALSE,FALSE,FALSE,FALSE,,AIH
CXCL6-CXCR2,Hepatocyte 1,IgM+ B cell,,,2.06033640269543e-06,3.14786314300786e-06,aih_only,0,2,0,2,,2.60409977285165e-06,,,2.06033640269543e-06,3.14786314300786e-06,,FALSE,FALSE,FALSE,FALSE,,AIH
CXCL6-CXCR2,Hepatocyte 1,Macrophage 1,,,2.68015298405392e-05,2.25423185318557e-05,aih_only,0,2,0,2,,2.46719241861974e-05,,,2.25423185318557e-05,2.68015298405392e-05,,FALSE,FALSE,FALSE,FALSE,,AIH
CXCL6-CXCR2,Hepatocyte 1,Macrophage 2,,,4.55426964536693e-06,8.75137614870749e-06,aih_only,0,2,0,2,,6.65282289703721e-06,,,4.55426964536693e-06,8.75137614870749e-06,,FALSE,FALSE,FALSE,FALSE,,AIH
CXCL6-CXCR2,Hepatocyte 1,Sinusoidal endothelial cell,,,8.90735320952219e-06,6.59970442980859e-06,aih_only,0,2,0,2,,7.75352881966539e-06,,,6.59970442980859e-06,8.90735320952219e-06,,FALSE,FALSE,FALSE,FALSE,,AIH
CXCL6-CXCR2,Hepatocyte 1,Stellate cell,,,2.62544983606259e-06,3.21384685543947e-06,aih_only,0,2,0,2,,2.91964834575103e-06,,,2.62544983606259e-06,3.21384685543947e-06,,FALSE,FALSE,FALSE,FALSE,,AIH
CXCL6-CXCR2,Hepatocyte 1,Vascular endothelial cell,,,1.11807364214656e-06,8.64473548553509e-07,aih_only,0,2,0,2,,9.91273595350036e-07,,,8.64473548553509e-07,1.11807364214656e-06,,FALSE,FALSE,FALSE,FALSE,,AIH
CXCL6-CXCR2,Hepatocyte 2,CD4+ T cell,,,1.40447488605196e-06,1.51113628235141e-06,aih_only,0,2,0,2,,1.45780558420168e-06,,,1.40447488605196e-06,1.51113628235141e-06,,FALSE,FALSE,FALSE,FALSE,,AIH
CXCL6-CXCR2,Hepatocyte 2,CD8+ T cell 1,,,6.17968761998811e-06,3.84546723907704e-06,aih_only,0,2,0,2,,5.01257742953258e-06,,,3.84546723907704e-06,6.17968761998811e-06,,FALSE,FALSE,FALSE,FALSE,,AIH
CXCL6-CXCR2,Hepatocyte 2,CD8+ T cell 2,,,4.87250729207862e-06,2.43572727457224e-06,aih_only,0,2,0,2,,3.65411728332543e-06,,,2.43572727457224e-06,4.87250729207862e-06,,FALSE,FALSE,FALSE,FALSE,,AIH
CXCL6-CXCR2,Hepatocyte 2,CD8+ T cell 3,,,6.58724248096618e-06,4.8153858190037e-06,aih_only,0,2,0,2,,5.70131414998494e-06,,,4.8153858190037e-06,6.58724248096618e-06,,FALSE,FALSE,FALSE,FALSE,,AIH
CXCL6-CXCR2,Hepatocyte 2,Cholangiocyte,,,9.40303256825732e-07,1.28761380009214e-06,aih_only,0,2,0,2,,1.11395852845894e-06,,,9.40303256825732e-07,1.28761380009214e-06,,FALSE,FALSE,FALSE,FALSE,,AIH
CXCL6-CXCR2,Hepatocyte 2,Hepatocyte 1,,,3.9799165686717e-06,1.31751913279115e-06,aih_only,0,2,0,2,,2.64871785073143e-06,,,1.31751913279115e-06,3.9799165686717e-06,,FALSE,FALSE,FALSE,FALSE,,AIH
CXCL6-CXCR2,Hepatocyte 2,Hepatocyte 2,,,3.12728531557648e-06,9.81974840923677e-07,aih_only,0,2,0,2,,2.05463007825008e-06,,,9.81974840923677e-07,3.12728531557648e-06,,FALSE,FALSE,FALSE,FALSE,,AIH
CXCL6-CXCR2,Hepatocyte 2,Hepatocyte 3,,,4.02265051240079e-06,7.66306963856e-07,aih_only,0,2,0,2,,2.3944787381284e-06,,,7.66306963856e-07,4.02265051240079e-06,,FALSE,FALSE,FALSE,FALSE,,AIH
CXCL6-CXCR2,Hepatocyte 2,Hepatocyte 4,,,9.29189808016637e-06,1.03509773683912e-06,aih_only,0,2,0,2,,5.16349790850275e-06,,,1.03509773683912e-06,9.29189808016637e-06,,FALSE,FALSE,FALSE,FALSE,,AIH
CXCL6-CXCR2,Hepatocyte 2,Ig+ hepatocyte,,,1.47942951808158e-06,2.31112924755671e-06,aih_only,0,2,0,2,,1.89527938281914e-06,,,1.47942951808158e-06,2.31112924755671e-06,,FALSE,FALSE,FALSE,FALSE,,AIH
CXCL6-CXCR2,Hepatocyte 2,IgG+ B cell,,,1.12890050535866e-06,5.67071725166024e-07,aih_only,0,2,0,2,,8.47986115262342e-07,,,5.67071725166024e-07,1.12890050535866e-06,,FALSE,FALSE,FALSE,FALSE,,AIH
CXCL6-CXCR2,Hepatocyte 2,IgG+ plasmablast / plasma cell,,,2.32098706217905e-06,1.75384901546036e-06,aih_only,0,2,0,2,,2.0374180388197e-06,,,1.75384901546036e-06,2.32098706217905e-06,,FALSE,FALSE,FALSE,FALSE,,AIH
CXCL6-CXCR2,Hepatocyte 2,IgM+ B cell,,,2.02690674284622e-06,1.07526186328937e-06,aih_only,0,2,0,2,,1.55108430306779e-06,,,1.07526186328937e-06,2.02690674284622e-06,,FALSE,FALSE,FALSE,FALSE,,AIH
CXCL6-CXCR2,Hepatocyte 2,Macrophage 1,,,2.54316173438663e-05,1.33993542194936e-05,aih_only,0,2,0,2,,1.94154857816799e-05,,,1.33993542194936e-05,2.54316173438663e-05,,FALSE,FALSE,FALSE,FALSE,,AIH
CXCL6-CXCR2,Hepatocyte 2,Macrophage 2,,,5.1451489346228e-06,5.76670867979737e-06,aih_only,0,2,0,2,,5.45592880721008e-06,,,5.1451489346228e-06,5.76670867979737e-06,,FALSE,FALSE,FALSE,FALSE,,AIH
CXCL6-CXCR2,Hepatocyte 2,Sinusoidal endothelial cell,,,8.43199079063148e-06,3.87170179864866e-06,aih_only,0,2,0,2,,6.15184629464007e-06,,,3.87170179864866e-06,8.43199079063148e-06,,FALSE,FALSE,FALSE,FALSE,,AIH
CXCL6-CXCR2,Hepatocyte 2,Stellate cell,,,2.55275439159996e-06,1.87617164870913e-06,aih_only,0,2,0,2,,2.21446302015455e-06,,,1.87617164870913e-06,2.55275439159996e-06,,FALSE,FALSE,FALSE,FALSE,,AIH
CXCL6-CXCR2,Hepatocyte 2,Vascular endothelial cell,,,8.13519616016428e-07,3.85414873502766e-07,aih_only,0,2,0,2,,5.99467244759597e-07,,,3.85414873502766e-07,8.13519616016428e-07,,FALSE,FALSE,FALSE,FALSE,,AIH
CXCL6-CXCR2,Hepatocyte 3,CD4+ T cell,,,7.58814704768268e-07,2.68368733750873e-06,aih_only,0,2,0,2,,1.7212510211385e-06,,,7.58814704768268e-07,2.68368733750873e-06,,FALSE,FALSE,FALSE,FALSE,,AIH
CXCL6-CXCR2,Hepatocyte 3,CD8+ T cell 1,,,5.26910924992638e-06,1.87535917967214e-06,aih_only,0,2,0,2,,3.57223421479926e-06,,,1.87535917967214e-06,5.26910924992638e-06,,FALSE,FALSE,FALSE,FALSE,,AIH
CXCL6-CXCR2,Hepatocyte 3,CD8+ T cell 2,,,3.53610952856405e-06,1.23268993692568e-06,aih_only,0,2,0,2,,2.38439973274487e-06,,,1.23268993692568e-06,3.53610952856405e-06,,FALSE,FALSE,FALSE,FALSE,,AIH
CXCL6-CXCR2,Hepatocyte 3,CD8+ T cell 3,,,5.50479544353455e-06,1.42938476612806e-06,aih_only,0,2,0,2,,3.4670901048313e-06,,,1.42938476612806e-06,5.50479544353455e-06,,FALSE,FALSE,FALSE,FALSE,,AIH
CXCL6-CXCR2,Hepatocyte 3,Cholangiocyte,,,1.51507614569887e-06,8.14457273669019e-07,aih_only,0,2,0,2,,1.16476670968394e-06,,,8.14457273669019e-07,1.51507614569887e-06,,FALSE,FALSE,FALSE,FALSE,,AIH
CXCL6-CXCR2,Hepatocyte 3,Hepatocyte 1,,,2.16319514108905e-06,5.91621495409003e-07,aih_only,0,2,0,2,,1.37740831824903e-06,,,5.91621495409003e-07,2.16319514108905e-06,,FALSE,FALSE,FALSE,FALSE,,AIH
CXCL6-CXCR2,Hepatocyte 3,Hepatocyte 2,,,1.35949161702193e-06,7.66997917992179e-07,aih_only,0,2,0,2,,1.06324476750705e-06,,,7.66997917992179e-07,1.35949161702193e-06,,FALSE,FALSE,FALSE,FALSE,,AIH
CXCL6-CXCR2,Hepatocyte 3,Hepatocyte 3,,,2.44689933271748e-06,4.06680706550292e-06,aih_only,0,2,0,2,,3.2568531991102e-06,,,2.44689933271748e-06,4.06680706550292e-06,,FALSE,FALSE,FALSE,FALSE,,AIH
CXCL6-CXCR2,Hepatocyte 3,Hepatocyte 4,,,2.55322368355846e-06,1.75811679034188e-07,aih_only,0,2,0,2,,1.36451768129633e-06,,,1.75811679034188e-07,2.55322368355846e-06,,FALSE,FALSE,FALSE,FALSE,,AIH
CXCL6-CXCR2,Hepatocyte 3,Ig+ hepatocyte,,,1.4271263629142e-06,2.42611854129484e-06,aih_only,0,2,0,2,,1.92662245210452e-06,,,1.4271263629142e-06,2.42611854129484e-06,,FALSE,FALSE,FALSE,FALSE,,AIH
CXCL6-CXCR2,Hepatocyte 3,IgG+ B cell,,,1.65696406746385e-06,1.16067450964728e-06,aih_only,0,2,0,2,,1.40881928855557e-06,,,1.16067450964728e-06,1.65696406746385e-06,,FALSE,FALSE,FALSE,FALSE,,AIH
CXCL6-CXCR2,Hepatocyte 3,IgG+ plasmablast / plasma cell,,,2.32752575859319e-06,1.25812575221088e-06,aih_only,0,2,0,2,,1.79282575540203e-06,,,1.25812575221088e-06,2.32752575859319e-06,,FALSE,FALSE,FALSE,FALSE,,AIH
CXCL6-CXCR2,Hepatocyte 3,IgM+ B cell,,,8.30619144261717e-07,1.95412417312021e-06,aih_only,0,2,0,2,,1.39237165869096e-06,,,8.30619144261717e-07,1.95412417312021e-06,,FALSE,FALSE,FALSE,FALSE,,AIH
CXCL6-CXCR2,Hepatocyte 3,Macrophage 1,,,1.57465748133751e-05,7.70731646284395e-06,aih_only,0,2,0,2,,1.17269456381095e-05,,,7.70731646284395e-06,1.57465748133751e-05,,FALSE,FALSE,FALSE,FALSE,,AIH
CXCL6-CXCR2,Hepatocyte 3,Macrophage 2,,,4.1533958652565e-06,5.28869792808732e-06,aih_only,0,2,0,2,,4.72104689667191e-06,,,4.1533958652565e-06,5.28869792808732e-06,,FALSE,FALSE,FALSE,FALSE,,AIH
CXCL6-CXCR2,Hepatocyte 3,Sinusoidal endothelial cell,,,3.29798362390686e-06,1.14621291911407e-06,aih_only,0,2,0,2,,2.22209827151046e-06,,,1.14621291911407e-06,3.29798362390686e-06,,FALSE,FALSE,FALSE,FALSE,,AIH
CXCL6-CXCR2,Hepatocyte 3,Stellate cell,,,1.77104678298303e-06,1.50524635246851e-06,aih_only,0,2,0,2,,1.63814656772577e-06,,,1.50524635246851e-06,1.77104678298303e-06,,FALSE,FALSE,FALSE,FALSE,,AIH
CXCL6-CXCR2,Hepatocyte 3,Vascular endothelial cell,,,9.25577216763475e-07,5.9869073759992e-07,aih_only,0,2,0,2,,7.62133977181698e-07,,,5.9869073759992e-07,9.25577216763475e-07,,FALSE,FALSE,FALSE,FALSE,,AIH
CXCL6-CXCR2,Hepatocyte 4,CD4+ T cell,,,1.77488590684184e-06,2.05319713991513e-06,aih_only,0,2,0,2,,1.91404152337849e-06,,,1.77488590684184e-06,2.05319713991513e-06,,FALSE,FALSE,FALSE,FALSE,,AIH
CXCL6-CXCR2,Hepatocyte 4,CD8+ T cell 1,,,5.28617243892561e-06,5.4091638662577e-06,aih_only,0,2,0,2,,5.34766815259166e-06,,,5.28617243892561e-06,5.4091638662577e-06,,FALSE,FALSE,FALSE,FALSE,,AIH
CXCL6-CXCR2,Hepatocyte 4,CD8+ T cell 2,,,3.54118213495061e-06,3.91637228345628e-06,aih_only,0,2,0,2,,3.72877720920345e-06,,,3.54118213495061e-06,3.91637228345628e-06,,FALSE,FALSE,FALSE,FALSE,,AIH
CXCL6-CXCR2,Hepatocyte 4,CD8+ T cell 3,,,6.86000403630307e-06,6.64073948455563e-06,aih_only,0,2,0,2,,6.75037176042935e-06,,,6.64073948455563e-06,6.86000403630307e-06,,FALSE,FALSE,FALSE,FALSE,,AIH
CXCL6-CXCR2,Hepatocyte 4,Cholangiocyte,,,4.55694906283617e-07,1.04002867640256e-06,aih_only,0,2,0,2,,7.47861791343087e-07,,,4.55694906283617e-07,1.04002867640256e-06,,FALSE,FALSE,FALSE,FALSE,,AIH
CXCL6-CXCR2,Hepatocyte 4,Hepatocyte 1,,,3.43397736683378e-06,1.74271114422945e-06,aih_only,0,2,0,2,,2.58834425553161e-06,,,1.74271114422945e-06,3.43397736683378e-06,,FALSE,FALSE,FALSE,FALSE,,AIH
CXCL6-CXCR2,Hepatocyte 4,Hepatocyte 2,,,2.16959575995241e-06,1.56605178888951e-06,aih_only,0,2,0,2,,1.86782377442096e-06,,,1.56605178888951e-06,2.16959575995241e-06,,FALSE,FALSE,FALSE,FALSE,,AIH
CXCL6-CXCR2,Hepatocyte 4,Hepatocyte 3,,,2.47215260323606e-06,1.24872028411709e-06,aih_only,0,2,0,2,,1.86043644367657e-06,,,1.24872028411709e-06,2.47215260323606e-06,,FALSE,FALSE,FALSE,FALSE,,AIH
CXCL6-CXCR2,Hepatocyte 4,Hepatocyte 4,,,7.31487332309814e-06,2.58791429845236e-06,aih_only,0,2,0,2,,4.95139381077525e-06,,,2.58791429845236e-06,7.31487332309814e-06,,FALSE,FALSE,FALSE,FALSE,,AIH
CXCL6-CXCR2,Hepatocyte 4,Ig+ hepatocyte,,,3.14753760916577e-08,4.22346556312812e-06,aih_only,0,2,0,2,,2.12747046960989e-06,,,3.14753760916577e-08,4.22346556312812e-06,,FALSE,FALSE,FALSE,FALSE,,AIH
CXCL6-CXCR2,Hepatocyte 4,IgG+ B cell,,,3.24839145940386e-07,5.74844056898782e-07,aih_only,0,2,0,2,,4.49841601419584e-07,,,3.24839145940386e-07,5.74844056898782e-07,,FALSE,FALSE,FALSE,FALSE,,AIH
CXCL6-CXCR2,Hepatocyte 4,IgG+ plasmablast / plasma cell,,,1.56592405274934e-06,2.97282278729462e-06,aih_only,0,2,0,2,,2.26937342002198e-06,,,1.56592405274934e-06,2.97282278729462e-06,,FALSE,FALSE,FALSE,FALSE,,AIH
CXCL6-CXCR2,Hepatocyte 4,IgM+ B cell,,,1.43891090583471e-06,1.86728340944199e-06,aih_only,0,2,0,2,,1.65309715763835e-06,,,1.43891090583471e-06,1.86728340944199e-06,,FALSE,FALSE,FALSE,FALSE,,AIH
CXCL6-CXCR2,Hepatocyte 4,Macrophage 1,,,2.38207374518095e-05,1.84522527766283e-05,aih_only,0,2,0,2,,2.11364951142189e-05,,,1.84522527766283e-05,2.38207374518095e-05,,FALSE,FALSE,FALSE,FALSE,,AIH
CXCL6-CXCR2,Hepatocyte 4,Macrophage 2,,,3.44920982197657e-06,5.66603396791146e-06,aih_only,0,2,0,2,,4.55762189494402e-06,,,3.44920982197657e-06,5.66603396791146e-06,,FALSE,FALSE,FALSE,FALSE,,AIH
CXCL6-CXCR2,Hepatocyte 4,Sinusoidal endothelial cell,,,5.06354688780739e-06,5.51459216844419e-06,aih_only,0,2,0,2,,5.28906952812579e-06,,,5.06354688780739e-06,5.51459216844419e-06,,FALSE,FALSE,FALSE,FALSE,,AIH
CXCL6-CXCR2,Hepatocyte 4,Stellate cell,,,1.74637985293333e-06,2.45065419273403e-06,aih_only,0,2,0,2,,2.09851702283368e-06,,,1.74637985293333e-06,2.45065419273403e-06,,FALSE,FALSE,FALSE,FALSE,,AIH
CXCL6-CXCR2,Hepatocyte 4,Vascular endothelial cell,,,4.72789033797459e-07,4.333506737545e-07,aih_only,0,2,0,2,,4.5306985377598e-07,,,4.333506737545e-07,4.72789033797459e-07,,FALSE,FALSE,FALSE,FALSE,,AIH
CXCL6-CXCR2,Ig+ hepatocyte,CD4+ T cell,,,4.90413330624731e-06,9.87767141641863e-06,aih_only,0,2,0,2,,7.39090236133297e-06,,,4.90413330624731e-06,9.87767141641863e-06,,FALSE,FALSE,FALSE,FALSE,,AIH
CXCL6-CXCR2,Ig+ hepatocyte,CD8+ T cell 1,,,1.8518181547962e-05,1.79917306255604e-05,aih_only,0,2,0,2,,1.82549560867612e-05,,,1.79917306255604e-05,1.8518181547962e-05,,FALSE,FALSE,FALSE,FALSE,,AIH
CXCL6-CXCR2,Ig+ hepatocyte,CD8+ T cell 2,,,1.98154637313893e-05,1.14242182708003e-05,aih_only,0,2,0,2,,1.56198410010948e-05,,,1.14242182708003e-05,1.98154637313893e-05,,FALSE,FALSE,FALSE,FALSE,,AIH
CXCL6-CXCR2,Ig+ hepatocyte,CD8+ T cell 3,,,1.78764309414435e-05,1.84900406554082e-05,aih_only,0,2,0,2,,1.81832357984259e-05,,,1.78764309414435e-05,1.84900406554082e-05,,FALSE,FALSE,FALSE,FALSE,,AIH
CXCL6-CXCR2,Ig+ hepatocyte,Cholangiocyte,,,6.46065176561219e-06,7.46801899447826e-06,aih_only,0,2,0,2,,6.96433538004523e-06,,,6.46065176561219e-06,7.46801899447826e-06,,FALSE,FALSE,FALSE,FALSE,,AIH
CXCL6-CXCR2,Ig+ hepatocyte,Hepatocyte 1,,,7.6572013845233e-06,5.15559186877002e-06,aih_only,0,2,0,2,,6.40639662664666e-06,,,5.15559186877002e-06,7.6572013845233e-06,,FALSE,FALSE,FALSE,FALSE,,AIH
CXCL6-CXCR2,Ig+ hepatocyte,Hepatocyte 2,,,3.9145325184482e-06,4.74736365654303e-06,aih_only,0,2,0,2,,4.33094808749562e-06,,,3.9145325184482e-06,4.74736365654303e-06,,FALSE,FALSE,FALSE,FALSE,,AIH
CXCL6-CXCR2,Ig+ hepatocyte,Hepatocyte 3,,,9.09825286879695e-06,7.53891100492897e-06,aih_only,0,2,0,2,,8.31858193686296e-06,,,7.53891100492897e-06,9.09825286879695e-06,,FALSE,FALSE,FALSE,FALSE,,AIH
CXCL6-CXCR2,Ig+ hepatocyte,Hepatocyte 4,,,9.70607436079667e-06,4.46300308605149e-06,aih_only,0,2,0,2,,7.08453872342408e-06,,,4.46300308605149e-06,9.70607436079667e-06,,FALSE,FALSE,FALSE,FALSE,,AIH
CXCL6-CXCR2,Ig+ hepatocyte,Ig+ hepatocyte,,,3.46859924855167e-05,2.59940543556654e-05,aih_only,0,2,0,2,,3.0340023420591e-05,,,2.59940543556654e-05,3.46859924855167e-05,,FALSE,FALSE,FALSE,FALSE,,AIH
CXCL6-CXCR2,Ig+ hepatocyte,IgG+ B cell,,,5.16219385153511e-06,5.61289630226721e-06,aih_only,0,2,0,2,,5.38754507690116e-06,,,5.16219385153511e-06,5.61289630226721e-06,,FALSE,FALSE,FALSE,FALSE,,AIH
CXCL6-CXCR2,Ig+ hepatocyte,IgG+ plasmablast / plasma cell,,,1.58986678683992e-05,1.92899179455185e-05,aih_only,0,2,0,2,,1.75942929069588e-05,,,1.58986678683992e-05,1.92899179455185e-05,,FALSE,FALSE,FALSE,FALSE,,AIH
CXCL6-CXCR2,Ig+ hepatocyte,IgM+ B cell,,,5.63568102605109e-06,8.61199856894986e-06,aih_only,0,2,0,2,,7.12383979750047e-06,,,5.63568102605109e-06,8.61199856894986e-06,,FALSE,FALSE,FALSE,FALSE,,AIH
CXCL6-CXCR2,Ig+ hepatocyte,Macrophage 1,,,7.04726335958612e-05,6.73401478326294e-05,aih_only,0,2,0,2,,6.89063907142453e-05,,,6.73401478326294e-05,7.04726335958612e-05,,FALSE,FALSE,FALSE,FALSE,,AIH
CXCL6-CXCR2,Ig+ hepatocyte,Macrophage 2,,,1.64644943288607e-05,4.29375466917371e-05,aih_only,0,2,0,2,,2.97010205102989e-05,,,1.64644943288607e-05,4.29375466917371e-05,,FALSE,FALSE,FALSE,FALSE,,AIH
CXCL6-CXCR2,Ig+ hepatocyte,Sinusoidal endothelial cell,,,1.55979913186308e-05,1.92062444019009e-05,aih_only,0,2,0,2,,1.74021178602659e-05,,,1.55979913186308e-05,1.92062444019009e-05,,FALSE,FALSE,FALSE,FALSE,,AIH
CXCL6-CXCR2,Ig+ hepatocyte,Stellate cell,,,1.19940376966767e-05,1.26513471869365e-05,aih_only,0,2,0,2,,1.23226924418066e-05,,,1.19940376966767e-05,1.26513471869365e-05,,FALSE,FALSE,FALSE,FALSE,,AIH
CXCL6-CXCR2,Ig+ hepatocyte,Vascular endothelial cell,,,3.15878255083302e-06,1.00937887518399e-05,aih_only,0,2,0,2,,6.62628565133647e-06,,,3.15878255083302e-06,1.00937887518399e-05,,FALSE,FALSE,FALSE,FALSE,,AIH
CXCL6-CXCR2,IgG+ B cell,CD4+ T cell,,,2.78360234063727e-06,2.77139984857868e-06,aih_only,0,2,0,2,,2.77750109460798e-06,,,2.77139984857868e-06,2.78360234063727e-06,,FALSE,FALSE,FALSE,FALSE,,AIH
CXCL6-CXCR2,IgG+ B cell,CD8+ T cell 1,,,4.60647667076953e-06,2.6580017734934e-06,aih_only,0,2,0,2,,3.63223922213147e-06,,,2.6580017734934e-06,4.60647667076953e-06,,FALSE,FALSE,FALSE,FALSE,,AIH
CXCL6-CXCR2,IgG+ B cell,CD8+ T cell 2,,,3.45261305066767e-06,1.18623289160462e-06,aih_only,0,2,0,2,,2.31942297113615e-06,,,1.18623289160462e-06,3.45261305066767e-06,,FALSE,FALSE,FALSE,FALSE,,AIH
CXCL6-CXCR2,IgG+ B cell,CD8+ T cell 3,,,5.46940188424374e-06,2.62289543182379e-06,aih_only,0,2,0,2,,4.04614865803377e-06,,,2.62289543182379e-06,5.46940188424374e-06,,FALSE,FALSE,FALSE,FALSE,,AIH
CXCL6-CXCR2,IgG+ B cell,Cholangiocyte,,,4.13768516170455e-06,1.97281513978172e-06,aih_only,0,2,0,2,,3.05525015074314e-06,,,1.97281513978172e-06,4.13768516170455e-06,,FALSE,FALSE,FALSE,FALSE,,AIH
CXCL6-CXCR2,IgG+ B cell,Hepatocyte 1,,,1.96479635082547e-06,7.82318600162566e-07,aih_only,0,2,0,2,,1.37355747549402e-06,,,7.82318600162566e-07,1.96479635082547e-06,,FALSE,FALSE,FALSE,FALSE,,AIH
CXCL6-CXCR2,IgG+ B cell,Hepatocyte 2,,,2.14068930428592e-06,5.22457373300091e-07,aih_only,0,2,0,2,,1.33157333879301e-06,,,5.22457373300091e-07,2.14068930428592e-06,,FALSE,FALSE,FALSE,FALSE,,AIH
CXCL6-CXCR2,IgG+ B cell,Hepatocyte 3,,,2.46683184308541e-06,4.59782799335171e-07,aih_only,0,2,0,2,,1.46330732121029e-06,,,4.59782799335171e-07,2.46683184308541e-06,,FALSE,FALSE,FALSE,FALSE,,AIH
CXCL6-CXCR2,IgG+ B cell,Hepatocyte 4,,,1.02767208876707e-06,6.89017607816096e-07,aih_only,0,2,0,2,,8.58344848291581e-07,,,6.89017607816096e-07,1.02767208876707e-06,,FALSE,FALSE,FALSE,FALSE,,AIH
CXCL6-CXCR2,IgG+ B cell,Ig+ hepatocyte,,,7.02237959142964e-07,3.07375928741865e-06,aih_only,0,2,0,2,,1.88799862328081e-06,,,7.02237959142964e-07,3.07375928741865e-06,,FALSE,FALSE,FALSE,FALSE,,AIH
CXCL6-CXCR2,IgG+ B cell,IgG+ B cell,,,5.13818409797192e-06,3.09080890877394e-06,aih_only,0,2,0,2,,4.11449650337293e-06,,,3.09080890877394e-06,5.13818409797192e-06,,FALSE,FALSE,FALSE,FALSE,,AIH
CXCL6-CXCR2,IgG+ B cell,IgG+ plasmablast / plasma cell,,,4.24866181180719e-06,4.07902471577567e-06,aih_only,0,2,0,2,,4.16384326379143e-06,,,4.07902471577567e-06,4.24866181180719e-06,,FALSE,FALSE,FALSE,FALSE,,AIH
CXCL6-CXCR2,IgG+ B cell,IgM+ B cell,,,2.74062149339041e-06,3.24663696338244e-06,aih_only,0,2,0,2,,2.99362922838643e-06,,,2.74062149339041e-06,3.24663696338244e-06,,FALSE,FALSE,FALSE,FALSE,,AIH
CXCL6-CXCR2,IgG+ B cell,Macrophage 1,,,1.7154573675867e-05,8.79748356586037e-06,aih_only,0,2,0,2,,1.29760286208637e-05,,,8.79748356586037e-06,1.7154573675867e-05,,FALSE,FALSE,FALSE,FALSE,,AIH
CXCL6-CXCR2,IgG+ B cell,Macrophage 2,,,1.00234326300595e-05,6.64711403934548e-06,aih_only,0,2,0,2,,8.3352733347025e-06,,,6.64711403934548e-06,1.00234326300595e-05,,FALSE,FALSE,FALSE,FALSE,,AIH
CXCL6-CXCR2,IgG+ B cell,Sinusoidal endothelial cell,,,5.45430734869546e-06,3.12577966242622e-06,aih_only,0,2,0,2,,4.29004350556084e-06,,,3.12577966242622e-06,5.45430734869546e-06,,FALSE,FALSE,FALSE,FALSE,,AIH
CXCL6-CXCR2,IgG+ B cell,Stellate cell,,,4.79198351069089e-06,2.54638031643875e-06,aih_only,0,2,0,2,,3.66918191356482e-06,,,2.54638031643875e-06,4.79198351069089e-06,,FALSE,FALSE,FALSE,FALSE,,AIH
CXCL6-CXCR2,IgG+ B cell,Vascular endothelial cell,,,2.62188633476158e-06,1.59643267042232e-06,aih_only,0,2,0,2,,2.10915950259195e-06,,,1.59643267042232e-06,2.62188633476158e-06,,FALSE,FALSE,FALSE,FALSE,,AIH
CXCL6-CXCR2,IgG+ plasmablast / plasma cell,CD4+ T cell,,,3.76846184702484e-06,5.98008308589373e-06,aih_only,0,2,0,2,,4.87427246645929e-06,,,3.76846184702484e-06,5.98008308589373e-06,,FALSE,FALSE,FALSE,FALSE,,AIH
CXCL6-CXCR2,IgG+ plasmablast / plasma cell,CD8+ T cell 1,,,6.08112421250157e-06,6.92098106252714e-06,aih_only,0,2,0,2,,6.50105263751436e-06,,,6.08112421250157e-06,6.92098106252714e-06,,FALSE,FALSE,FALSE,FALSE,,AIH
CXCL6-CXCR2,IgG+ plasmablast / plasma cell,CD8+ T cell 2,,,2.90760397757125e-06,4.46684599024228e-06,aih_only,0,2,0,2,,3.68722498390676e-06,,,2.90760397757125e-06,4.46684599024228e-06,,FALSE,FALSE,FALSE,FALSE,,AIH
CXCL6-CXCR2,IgG+ plasmablast / plasma cell,CD8+ T cell 3,,,7.97515947074117e-06,7.7695282301308e-06,aih_only,0,2,0,2,,7.87234385043599e-06,,,7.7695282301308e-06,7.97515947074117e-06,,FALSE,FALSE,FALSE,FALSE,,AIH
CXCL6-CXCR2,IgG+ plasmablast / plasma cell,Cholangiocyte,,,3.93733466938441e-06,4.1984486357189e-06,aih_only,0,2,0,2,,4.06789165255166e-06,,,3.93733466938441e-06,4.1984486357189e-06,,FALSE,FALSE,FALSE,FALSE,,AIH
CXCL6-CXCR2,IgG+ plasmablast / plasma cell,Hepatocyte 1,,,1.86231606832022e-06,2.17922373160092e-06,aih_only,0,2,0,2,,2.02076989996057e-06,,,1.86231606832022e-06,2.17922373160092e-06,,FALSE,FALSE,FALSE,FALSE,,AIH
CXCL6-CXCR2,IgG+ plasmablast / plasma cell,Hepatocyte 2,,,1.85489778486888e-06,1.48502498672894e-06,aih_only,0,2,0,2,,1.66996138579891e-06,,,1.48502498672894e-06,1.85489778486888e-06,,FALSE,FALSE,FALSE,FALSE,,AIH
CXCL6-CXCR2,IgG+ plasmablast / plasma cell,Hepatocyte 3,,,3.39991228844059e-06,1.5739438939851e-06,aih_only,0,2,0,2,,2.48692809121285e-06,,,1.5739438939851e-06,3.39991228844059e-06,,FALSE,FALSE,FALSE,FALSE,,AIH
CXCL6-CXCR2,IgG+ plasmablast / plasma cell,Hepatocyte 4,,,1.86304291999596e-06,2.29175060559145e-06,aih_only,0,2,0,2,,2.0773967627937e-06,,,1.86304291999596e-06,2.29175060559145e-06,,FALSE,FALSE,FALSE,FALSE,,AIH
CXCL6-CXCR2,IgG+ plasmablast / plasma cell,Ig+ hepatocyte,,,2.09797143301306e-06,5.28989142238587e-06,aih_only,0,2,0,2,,3.69393142769947e-06,,,2.09797143301306e-06,5.28989142238587e-06,,FALSE,FALSE,FALSE,FALSE,,AIH
CXCL6-CXCR2,IgG+ plasmablast / plasma cell,IgG+ B cell,,,4.87221676910569e-06,3.53138496728113e-06,aih_only,0,2,0,2,,4.20180086819341e-06,,,3.53138496728113e-06,4.87221676910569e-06,,FALSE,FALSE,FALSE,FALSE,,AIH
CXCL6-CXCR2,IgG+ plasmablast / plasma cell,IgG+ plasmablast / plasma cell,,,6.34067306562871e-06,1.07723298698287e-05,aih_only,0,2,0,2,,8.5565014677287e-06,,,6.34067306562871e-06,1.07723298698287e-05,,FALSE,FALSE,FALSE,FALSE,,AIH
CXCL6-CXCR2,IgG+ plasmablast / plasma cell,IgM+ B cell,,,3.96902437125583e-06,5.13477323752524e-06,aih_only,0,2,0,2,,4.55189880439054e-06,,,3.96902437125583e-06,5.13477323752524e-06,,FALSE,FALSE,FALSE,FALSE,,AIH
CXCL6-CXCR2,IgG+ plasmablast / plasma cell,Macrophage 1,,,2.21155285947098e-05,2.45593338563916e-05,aih_only,0,2,0,2,,2.33374312255507e-05,,,2.21155285947098e-05,2.45593338563916e-05,,FALSE,FALSE,FALSE,FALSE,,AIH
CXCL6-CXCR2,IgG+ plasmablast / plasma cell,Macrophage 2,,,1.06473166699029e-05,1.64948842717183e-05,aih_only,0,2,0,2,,1.35711004708106e-05,,,1.06473166699029e-05,1.64948842717183e-05,,FALSE,FALSE,FALSE,FALSE,,AIH
CXCL6-CXCR2,IgG+ plasmablast / plasma cell,Sinusoidal endothelial cell,,,7.16861803704528e-06,7.07729014991948e-06,aih_only,0,2,0,2,,7.12295409348238e-06,,,7.07729014991948e-06,7.16861803704528e-06,,FALSE,FALSE,FALSE,FALSE,,AIH
CXCL6-CXCR2,IgG+ plasmablast / plasma cell,Stellate cell,,,4.70699897115397e-06,4.69216193022172e-06,aih_only,0,2,0,2,,4.69958045068785e-06,,,4.69216193022172e-06,4.70699897115397e-06,,FALSE,FALSE,FALSE,FALSE,,AIH
CXCL6-CXCR2,IgG+ plasmablast / plasma cell,Vascular endothelial cell,,,3.02274775391367e-06,2.44548537898631e-06,aih_only,0,2,0,2,,2.73411656644999e-06,,,2.44548537898631e-06,3.02274775391367e-06,,FALSE,FALSE,FALSE,FALSE,,AIH
CXCL6-CXCR2,IgM+ B cell,CD4+ T cell,,,4.61307996674862e-06,1.30489251347247e-05,aih_only,0,2,0,2,,8.83100255073664e-06,,,4.61307996674862e-06,1.30489251347247e-05,,FALSE,FALSE,FALSE,FALSE,,AIH
CXCL6-CXCR2,IgM+ B cell,CD8+ T cell 1,,,3.90369769434558e-06,5.07558931656267e-06,aih_only,0,2,0,2,,4.48964350545412e-06,,,3.90369769434558e-06,5.07558931656267e-06,,FALSE,FALSE,FALSE,FALSE,,AIH
CXCL6-CXCR2,IgM+ B cell,CD8+ T cell 2,,,1.56459194767877e-06,1.98970647934998e-06,aih_only,0,2,0,2,,1.77714921351437e-06,,,1.56459194767877e-06,1.98970647934998e-06,,FALSE,FALSE,FALSE,FALSE,,AIH
CXCL6-CXCR2,IgM+ B cell,CD8+ T cell 3,,,7.17763096556269e-06,5.93151673128906e-06,aih_only,0,2,0,2,,6.55457384842588e-06,,,5.93151673128906e-06,7.17763096556269e-06,,FALSE,FALSE,FALSE,FALSE,,AIH
CXCL6-CXCR2,IgM+ B cell,Cholangiocyte,,,3.33272278003853e-06,3.20637055599418e-06,aih_only,0,2,0,2,,3.26954666801636e-06,,,3.20637055599418e-06,3.33272278003853e-06,,FALSE,FALSE,FALSE,FALSE,,AIH
CXCL6-CXCR2,IgM+ B cell,Hepatocyte 1,,,1.06996068492547e-06,1.20034047844439e-06,aih_only,0,2,0,2,,1.13515058168493e-06,,,1.06996068492547e-06,1.20034047844439e-06,,FALSE,FALSE,FALSE,FALSE,,AIH
CXCL6-CXCR2,IgM+ B cell,Hepatocyte 2,,,1.37317334261665e-06,1.15604013664486e-06,aih_only,0,2,0,2,,1.26460673963076e-06,,,1.15604013664486e-06,1.37317334261665e-06,,FALSE,FALSE,FALSE,FALSE,,AIH
CXCL6-CXCR2,IgM+ B cell,Hepatocyte 3,,,1.45220533439105e-06,6.57698926559134e-07,aih_only,0,2,0,2,,1.05495213047509e-06,,,6.57698926559134e-07,1.45220533439105e-06,,FALSE,FALSE,FALSE,FALSE,,AIH
CXCL6-CXCR2,IgM+ B cell,Hepatocyte 4,,,6.39386641319487e-07,9.63214925143389e-07,aih_only,0,2,0,2,,8.01300783231438e-07,,,6.39386641319487e-07,9.63214925143389e-07,,FALSE,FALSE,FALSE,FALSE,,AIH
CXCL6-CXCR2,IgM+ B cell,Ig+ hepatocyte,,,1.4105187074987e-06,2.53389114298938e-06,aih_only,0,2,0,2,,1.97220492524404e-06,,,1.4105187074987e-06,2.53389114298938e-06,,FALSE,FALSE,FALSE,FALSE,,AIH
CXCL6-CXCR2,IgM+ B cell,IgG+ B cell,,,2.68535317800344e-06,3.03442493343152e-06,aih_only,0,2,0,2,,2.85988905571748e-06,,,2.68535317800344e-06,3.03442493343152e-06,,FALSE,FALSE,FALSE,FALSE,,AIH
CXCL6-CXCR2,IgM+ B cell,IgG+ plasmablast / plasma cell,,,3.51275334836224e-06,6.63537522051331e-06,aih_only,0,2,0,2,,5.07406428443778e-06,,,3.51275334836224e-06,6.63537522051331e-06,,FALSE,FALSE,FALSE,FALSE,,AIH
CXCL6-CXCR2,IgM+ B cell,IgM+ B cell,,,7.82183385333593e-06,1.70345392309171e-05,aih_only,0,2,0,2,,1.24281865421265e-05,,,7.82183385333593e-06,1.70345392309171e-05,,FALSE,FALSE,FALSE,FALSE,,AIH
CXCL6-CXCR2,IgM+ B cell,Macrophage 1,,,1.4052891887168e-05,1.49807269611849e-05,aih_only,0,2,0,2,,1.45168094241764e-05,,,1.4052891887168e-05,1.49807269611849e-05,,FALSE,FALSE,FALSE,FALSE,,AIH
CXCL6-CXCR2,IgM+ B cell,Macrophage 2,,,1.04146993503704e-05,1.24895874029894e-05,aih_only,0,2,0,2,,1.14521433766799e-05,,,1.04146993503704e-05,1.24895874029894e-05,,FALSE,FALSE,FALSE,FALSE,,AIH
CXCL6-CXCR2,IgM+ B cell,Sinusoidal endothelial cell,,,4.44300104735867e-06,4.4614943401248e-06,aih_only,0,2,0,2,,4.45224769374174e-06,,,4.44300104735867e-06,4.4614943401248e-06,,FALSE,FALSE,FALSE,FALSE,,AIH
CXCL6-CXCR2,IgM+ B cell,Stellate cell,,,3.6453529282823e-06,4.91247671107552e-06,aih_only,0,2,0,2,,4.27891481967891e-06,,,3.6453529282823e-06,4.91247671107552e-06,,FALSE,FALSE,FALSE,FALSE,,AIH
CXCL6-CXCR2,IgM+ B cell,Vascular endothelial cell,,,2.9085130557531e-06,3.92516984143695e-06,aih_only,0,2,0,2,,3.41684144859503e-06,,,2.9085130557531e-06,3.92516984143695e-06,,FALSE,FALSE,FALSE,FALSE,,AIH
CXCL6-CXCR2,Macrophage 1,CD4+ T cell,,,1.18888197284893e-06,1.61727587303319e-06,aih_only,0,2,0,2,,1.40307892294106e-06,,,1.18888197284893e-06,1.61727587303319e-06,,FALSE,FALSE,FALSE,FALSE,,AIH
CXCL6-CXCR2,Macrophage 1,CD8+ T cell 1,,,2.89225853695014e-06,3.47312481961449e-06,aih_only,0,2,0,2,,3.18269167828231e-06,,,2.89225853695014e-06,3.47312481961449e-06,,FALSE,FALSE,FALSE,FALSE,,AIH
CXCL6-CXCR2,Macrophage 1,CD8+ T cell 2,,,1.50415241869524e-06,1.74465122288234e-06,aih_only,0,2,0,2,,1.62440182078879e-06,,,1.50415241869524e-06,1.74465122288234e-06,,FALSE,FALSE,FALSE,FALSE,,AIH
CXCL6-CXCR2,Macrophage 1,CD8+ T cell 3,,,3.04075787725721e-06,4.81764666787295e-06,aih_only,0,2,0,2,,3.92920227256508e-06,,,3.04075787725721e-06,4.81764666787295e-06,,FALSE,FALSE,FALSE,FALSE,,AIH
CXCL6-CXCR2,Macrophage 1,Cholangiocyte,,,1.11221745152683e-06,1.07867015559368e-06,aih_only,0,2,0,2,,1.09544380356026e-06,,,1.07867015559368e-06,1.11221745152683e-06,,FALSE,FALSE,FALSE,FALSE,,AIH
CXCL6-CXCR2,Macrophage 1,Hepatocyte 1,,,9.35162074864941e-07,1.01064047358916e-06,aih_only,0,2,0,2,,9.72901274227053e-07,,,9.35162074864941e-07,1.01064047358916e-06,,FALSE,FALSE,FALSE,FALSE,,AIH
CXCL6-CXCR2,Macrophage 1,Hepatocyte 2,,,8.75552819106806e-07,6.14702843901919e-07,aih_only,0,2,0,2,,7.45127831504362e-07,,,6.14702843901919e-07,8.75552819106806e-07,,FALSE,FALSE,FALSE,FALSE,,AIH
CXCL6-CXCR2,Macrophage 1,Hepatocyte 3,,,1.47932926341053e-06,6.99466029678511e-07,aih_only,0,2,0,2,,1.08939764654452e-06,,,6.99466029678511e-07,1.47932926341053e-06,,FALSE,FALSE,FALSE,FALSE,,AIH
CXCL6-CXCR2,Macrophage 1,Hepatocyte 4,,,1.33926843934815e-06,1.2753866826648e-06,aih_only,0,2,0,2,,1.30732756100648e-06,,,1.2753866826648e-06,1.33926843934815e-06,,FALSE,FALSE,FALSE,FALSE,,AIH
CXCL6-CXCR2,Macrophage 1,Ig+ hepatocyte,,,5.26207790548092e-07,1.16755459284547e-06,aih_only,0,2,0,2,,8.46881191696781e-07,,,5.26207790548092e-07,1.16755459284547e-06,,FALSE,FALSE,FALSE,FALSE,,AIH
CXCL6-CXCR2,Macrophage 1,IgG+ B cell,,,1.12382403457612e-06,4.69336692773688e-07,aih_only,0,2,0,2,,7.96580363674905e-07,,,4.69336692773688e-07,1.12382403457612e-06,,FALSE,FALSE,FALSE,FALSE,,AIH
CXCL6-CXCR2,Macrophage 1,IgG+ plasmablast / plasma cell,,,1.47838718646678e-06,1.71112490805079e-06,aih_only,0,2,0,2,,1.59475604725878e-06,,,1.47838718646678e-06,1.71112490805079e-06,,FALSE,FALSE,FALSE,FALSE,,AIH
CXCL6-CXCR2,Macrophage 1,IgM+ B cell,,,1.32799442973416e-06,1.76300716121494e-06,aih_only,0,2,0,2,,1.54550079547455e-06,,,1.32799442973416e-06,1.76300716121494e-06,,FALSE,FALSE,FALSE,FALSE,,AIH
CXCL6-CXCR2,Macrophage 1,Macrophage 1,,,1.04551498607362e-05,1.23364300881949e-05,aih_only,0,2,0,2,,1.13957899744656e-05,,,1.04551498607362e-05,1.23364300881949e-05,,FALSE,FALSE,FALSE,FALSE,,AIH
CXCL6-CXCR2,Macrophage 1,Macrophage 2,,,3.67348402994179e-06,5.74405004547503e-06,aih_only,0,2,0,2,,4.70876703770841e-06,,,3.67348402994179e-06,5.74405004547503e-06,,FALSE,FALSE,FALSE,FALSE,,AIH
CXCL6-CXCR2,Macrophage 1,Sinusoidal endothelial cell,,,3.45860243227959e-06,3.42326418582388e-06,aih_only,0,2,0,2,,3.44093330905173e-06,,,3.42326418582388e-06,3.45860243227959e-06,,FALSE,FALSE,FALSE,FALSE,,AIH
CXCL6-CXCR2,Macrophage 1,Stellate cell,,,1.93392652667692e-06,1.8984178197747e-06,aih_only,0,2,0,2,,1.91617217322581e-06,,,1.8984178197747e-06,1.93392652667692e-06,,FALSE,FALSE,FALSE,FALSE,,AIH
CXCL6-CXCR2,Macrophage 1,Vascular endothelial cell,,,8.33276240451025e-07,4.39610260238881e-07,aih_only,0,2,0,2,,6.36443250344953e-07,,,4.39610260238881e-07,8.33276240451025e-07,,FALSE,FALSE,FALSE,FALSE,,AIH
CXCL6-CXCR2,Macrophage 2,CD4+ T cell,,,5.06663094557496e-06,4.93092561897644e-06,aih_only,0,2,0,2,,4.9987782822757e-06,,,4.93092561897644e-06,5.06663094557496e-06,,FALSE,FALSE,FALSE,FALSE,,AIH
CXCL6-CXCR2,Macrophage 2,CD8+ T cell 1,,,6.80319677731769e-06,5.42888121487702e-06,aih_only,0,2,0,2,,6.11603899609736e-06,,,5.42888121487702e-06,6.80319677731769e-06,,FALSE,FALSE,FALSE,FALSE,,AIH
CXCL6-CXCR2,Macrophage 2,CD8+ T cell 2,,,3.23324824297e-06,4.15774078706708e-06,aih_only,0,2,0,2,,3.69549451501854e-06,,,3.23324824297e-06,4.15774078706708e-06,,FALSE,FALSE,FALSE,FALSE,,AIH
CXCL6-CXCR2,Macrophage 2,CD8+ T cell 3,,,9.70770873578309e-06,7.51409113206667e-06,aih_only,0,2,0,2,,8.61089993392488e-06,,,7.51409113206667e-06,9.70770873578309e-06,,FALSE,FALSE,FALSE,FALSE,,AIH
CXCL6-CXCR2,Macrophage 2,Cholangiocyte,,,7.668924833637e-06,3.91680758967125e-06,aih_only,0,2,0,2,,5.79286621165413e-06,,,3.91680758967125e-06,7.668924833637e-06,,FALSE,FALSE,FALSE,FALSE,,AIH
CXCL6-CXCR2,Macrophage 2,Hepatocyte 1,,,1.72720859329444e-06,1.43658229872207e-06,aih_only,0,2,0,2,,1.58189544600825e-06,,,1.43658229872207e-06,1.72720859329444e-06,,FALSE,FALSE,FALSE,FALSE,,AIH
CXCL6-CXCR2,Macrophage 2,Hepatocyte 2,,,1.64970089661683e-06,1.34779841948566e-06,aih_only,0,2,0,2,,1.49874965805125e-06,,,1.34779841948566e-06,1.64970089661683e-06,,FALSE,FALSE,FALSE,FALSE,,AIH
CXCL6-CXCR2,Macrophage 2,Hepatocyte 3,,,3.70486482088698e-06,1.71008378695089e-06,aih_only,0,2,0,2,,2.70747430391893e-06,,,1.71008378695089e-06,3.70486482088698e-06,,FALSE,FALSE,FALSE,FALSE,,AIH
CXCL6-CXCR2,Macrophage 2,Hepatocyte 4,,,1.30692803821404e-06,1.57335951876995e-06,aih_only,0,2,0,2,,1.440143778492e-06,,,1.30692803821404e-06,1.57335951876995e-06,,FALSE,FALSE,FALSE,FALSE,,AIH
CXCL6-CXCR2,Macrophage 2,Ig+ hepatocyte,,,1.53976656483235e-06,3.51681408621252e-06,aih_only,0,2,0,2,,2.52829032552243e-06,,,1.53976656483235e-06,3.51681408621252e-06,,FALSE,FALSE,FALSE,FALSE,,AIH
CXCL6-CXCR2,Macrophage 2,IgG+ B cell,,,5.15579811807935e-06,1.76648329304027e-06,aih_only,0,2,0,2,,3.46114070555981e-06,,,1.76648329304027e-06,5.15579811807935e-06,,FALSE,FALSE,FALSE,FALSE,,AIH
CXCL6-CXCR2,Macrophage 2,IgG+ plasmablast / plasma cell,,,4.9128254126101e-06,5.34251284061016e-06,aih_only,0,2,0,2,,5.12766912661013e-06,,,4.9128254126101e-06,5.34251284061016e-06,,FALSE,FALSE,FALSE,FALSE,,AIH
CXCL6-CXCR2,Macrophage 2,IgM+ B cell,,,5.9319579358682e-06,5.2705261312979e-06,aih_only,0,2,0,2,,5.60124203358305e-06,,,5.2705261312979e-06,5.9319579358682e-06,,FALSE,FALSE,FALSE,FALSE,,AIH
CXCL6-CXCR2,Macrophage 2,Macrophage 1,,,2.28474672920109e-05,1.8857392429311e-05,aih_only,0,2,0,2,,2.08524298606609e-05,,,1.8857392429311e-05,2.28474672920109e-05,,FALSE,FALSE,FALSE,FALSE,,AIH
CXCL6-CXCR2,Macrophage 2,Macrophage 2,,,1.86018155424607e-05,1.47325454446109e-05,aih_only,0,2,0,2,,1.66671804935358e-05,,,1.47325454446109e-05,1.86018155424607e-05,,FALSE,FALSE,FALSE,FALSE,,AIH
CXCL6-CXCR2,Macrophage 2,Sinusoidal endothelial cell,,,8.18520019993044e-06,4.84873424140792e-06,aih_only,0,2,0,2,,6.51696722066918e-06,,,4.84873424140792e-06,8.18520019993044e-06,,FALSE,FALSE,FALSE,FALSE,,AIH
CXCL6-CXCR2,Macrophage 2,Stellate cell,,,6.75111260671739e-06,4.27166235991239e-06,aih_only,0,2,0,2,,5.51138748331489e-06,,,4.27166235991239e-06,6.75111260671739e-06,,FALSE,FALSE,FALSE,FALSE,,AIH
CXCL6-CXCR2,Macrophage 2,Vascular endothelial cell,,,4.25134528606563e-06,3.03018887951495e-06,aih_only,0,2,0,2,,3.64076708279029e-06,,,3.03018887951495e-06,4.25134528606563e-06,,FALSE,FALSE,FALSE,FALSE,,AIH
CXCL6-CXCR2,Sinusoidal endothelial cell,CD4+ T cell,,,3.40182544202784e-07,9.39853280725228e-07,aih_only,0,2,0,2,,6.40017912464006e-07,,,3.40182544202784e-07,9.39853280725228e-07,,FALSE,FALSE,FALSE,FALSE,,AIH
CXCL6-CXCR2,Sinusoidal endothelial cell,CD8+ T cell 1,,,1.69525515131944e-06,2.94734393473756e-06,aih_only,0,2,0,2,,2.3212995430285e-06,,,1.69525515131944e-06,2.94734393473756e-06,,FALSE,FALSE,FALSE,FALSE,,AIH
CXCL6-CXCR2,Sinusoidal endothelial cell,CD8+ T cell 2,,,4.27542343708841e-07,1.95178445106305e-06,aih_only,0,2,0,2,,1.18966339738594e-06,,,4.27542343708841e-07,1.95178445106305e-06,,FALSE,FALSE,FALSE,FALSE,,AIH
CXCL6-CXCR2,Sinusoidal endothelial cell,CD8+ T cell 3,,,4.08199238586622e-06,2.83665576680554e-06,aih_only,0,2,0,2,,3.45932407633588e-06,,,2.83665576680554e-06,4.08199238586622e-06,,FALSE,FALSE,FALSE,FALSE,,AIH
CXCL6-CXCR2,Sinusoidal endothelial cell,Cholangiocyte,,,4.78502241304374e-07,6.66520355103762e-07,aih_only,0,2,0,2,,5.72511298204068e-07,,,4.78502241304374e-07,6.66520355103762e-07,,FALSE,FALSE,FALSE,FALSE,,AIH
CXCL6-CXCR2,Sinusoidal endothelial cell,Hepatocyte 1,,,3.59174222890767e-07,8.76828173260914e-07,aih_only,0,2,0,2,,6.18001198075841e-07,,,3.59174222890767e-07,8.76828173260914e-07,,FALSE,FALSE,FALSE,FALSE,,AIH
CXCL6-CXCR2,Sinusoidal endothelial cell,Hepatocyte 2,,,3.32823877305699e-07,1.52398664400023e-06,aih_only,0,2,0,2,,9.28405260652967e-07,,,3.32823877305699e-07,1.52398664400023e-06,,FALSE,FALSE,FALSE,FALSE,,AIH
CXCL6-CXCR2,Sinusoidal endothelial cell,Hepatocyte 3,,,7.39903189308638e-07,3.43200035159761e-07,aih_only,0,2,0,2,,5.41551612234199e-07,,,3.43200035159761e-07,7.39903189308638e-07,,FALSE,FALSE,FALSE,FALSE,,AIH
CXCL6-CXCR2,Sinusoidal endothelial cell,Hepatocyte 4,,,6.10768778208539e-07,1.08973260114e-06,aih_only,0,2,0,2,,8.50250689674269e-07,,,6.10768778208539e-07,1.08973260114e-06,,FALSE,FALSE,FALSE,FALSE,,AIH
CXCL6-CXCR2,Sinusoidal endothelial cell,Ig+ hepatocyte,,,1.3459320025596e-07,1.71743053004083e-06,aih_only,0,2,0,2,,9.26011865148393e-07,,,1.3459320025596e-07,1.71743053004083e-06,,FALSE,FALSE,FALSE,FALSE,,AIH
CXCL6-CXCR2,Sinusoidal endothelial cell,IgG+ B cell,,,3.57384659745384e-07,5.27497810407634e-07,aih_only,0,2,0,2,,4.42441235076509e-07,,,3.57384659745384e-07,5.27497810407634e-07,,FALSE,FALSE,FALSE,FALSE,,AIH
CXCL6-CXCR2,Sinusoidal endothelial cell,IgG+ plasmablast / plasma cell,,,5.09140741584028e-07,1.22748713577129e-06,aih_only,0,2,0,2,,8.68313938677657e-07,,,5.09140741584028e-07,1.22748713577129e-06,,FALSE,FALSE,FALSE,FALSE,,AIH
CXCL6-CXCR2,Sinusoidal endothelial cell,IgM+ B cell,,,4.86245764014864e-07,3.84035312132248e-07,aih_only,0,2,0,2,,4.35140538073556e-07,,,3.84035312132248e-07,4.86245764014864e-07,,FALSE,FALSE,FALSE,FALSE,,AIH
CXCL6-CXCR2,Sinusoidal endothelial cell,Macrophage 1,,,5.89054903381869e-06,1.09097661604948e-05,aih_only,0,2,0,2,,8.40015759715677e-06,,,5.89054903381869e-06,1.09097661604948e-05,,FALSE,FALSE,FALSE,FALSE,,AIH
CXCL6-CXCR2,Sinusoidal endothelial cell,Macrophage 2,,,1.66614836453618e-06,3.70634937978292e-06,aih_only,0,2,0,2,,2.68624887215955e-06,,,1.66614836453618e-06,3.70634937978292e-06,,FALSE,FALSE,FALSE,FALSE,,AIH
CXCL6-CXCR2,Sinusoidal endothelial cell,Sinusoidal endothelial cell,,,3.52299023920459e-06,7.02802162090015e-06,aih_only,0,2,0,2,,5.27550593005237e-06,,,3.52299023920459e-06,7.02802162090015e-06,,FALSE,FALSE,FALSE,FALSE,,AIH
CXCL6-CXCR2,Sinusoidal endothelial cell,Stellate cell,,,1.80726588699091e-06,1.67041292498557e-06,aih_only,0,2,0,2,,1.73883940598824e-06,,,1.67041292498557e-06,1.80726588699091e-06,,FALSE,FALSE,FALSE,FALSE,,AIH
CXCL6-CXCR2,Sinusoidal endothelial cell,Vascular endothelial cell,,,2.34427761340665e-07,2.67720381636444e-07,aih_only,0,2,0,2,,2.51074071488554e-07,,,2.34427761340665e-07,2.67720381636444e-07,,FALSE,FALSE,FALSE,FALSE,,AIH
CXCL6-CXCR2,Stellate cell,CD4+ T cell,,,2.71624892424514e-06,3.23559469528351e-06,aih_only,0,2,0,2,,2.97592180976433e-06,,,2.71624892424514e-06,3.23559469528351e-06,,FALSE,FALSE,FALSE,FALSE,,AIH
CXCL6-CXCR2,Stellate cell,CD8+ T cell 1,,,3.69417974166171e-06,3.85019621538943e-06,aih_only,0,2,0,2,,3.77218797852557e-06,,,3.69417974166171e-06,3.85019621538943e-06,,FALSE,FALSE,FALSE,FALSE,,AIH
CXCL6-CXCR2,Stellate cell,CD8+ T cell 2,,,1.77887793869724e-06,2.24674586480977e-06,aih_only,0,2,0,2,,2.0128119017535e-06,,,1.77887793869724e-06,2.24674586480977e-06,,FALSE,FALSE,FALSE,FALSE,,AIH
CXCL6-CXCR2,Stellate cell,CD8+ T cell 3,,,5.83465331997955e-06,5.30045279982284e-06,aih_only,0,2,0,2,,5.56755305990119e-06,,,5.30045279982284e-06,5.83465331997955e-06,,FALSE,FALSE,FALSE,FALSE,,AIH
CXCL6-CXCR2,Stellate cell,Cholangiocyte,,,2.83621166656766e-06,2.50433009372785e-06,aih_only,0,2,0,2,,2.67027088014775e-06,,,2.50433009372785e-06,2.83621166656766e-06,,FALSE,FALSE,FALSE,FALSE,,AIH
CXCL6-CXCR2,Stellate cell,Hepatocyte 1,,,1.27344776185537e-06,1.19288686081066e-06,aih_only,0,2,0,2,,1.23316731133302e-06,,,1.19288686081066e-06,1.27344776185537e-06,,FALSE,FALSE,FALSE,FALSE,,AIH
CXCL6-CXCR2,Stellate cell,Hepatocyte 2,,,8.78593729140988e-07,6.2433126539438e-07,aih_only,0,2,0,2,,7.51462497267684e-07,,,6.2433126539438e-07,8.78593729140988e-07,,FALSE,FALSE,FALSE,FALSE,,AIH
CXCL6-CXCR2,Stellate cell,Hepatocyte 3,,,1.71743384666331e-06,1.0887536573691e-06,aih_only,0,2,0,2,,1.40309375201621e-06,,,1.0887536573691e-06,1.71743384666331e-06,,FALSE,FALSE,FALSE,FALSE,,AIH
CXCL6-CXCR2,Stellate cell,Hepatocyte 4,,,6.50787989074869e-07,1.55664930304928e-06,aih_only,0,2,0,2,,1.10371864606207e-06,,,6.50787989074869e-07,1.55664930304928e-06,,FALSE,FALSE,FALSE,FALSE,,AIH
CXCL6-CXCR2,Stellate cell,Ig+ hepatocyte,,,6.57050119705292e-07,1.31805783031918e-06,aih_only,0,2,0,2,,9.87553975012237e-07,,,6.57050119705292e-07,1.31805783031918e-06,,FALSE,FALSE,FALSE,FALSE,,AIH
CXCL6-CXCR2,Stellate cell,IgG+ B cell,,,2.7240740282747e-06,2.44203650729149e-06,aih_only,0,2,0,2,,2.5830552677831e-06,,,2.44203650729149e-06,2.7240740282747e-06,,FALSE,FALSE,FALSE,FALSE,,AIH
CXCL6-CXCR2,Stellate cell,IgG+ plasmablast / plasma cell,,,2.31230187342564e-06,4.36853062793168e-06,aih_only,0,2,0,2,,3.34041625067866e-06,,,2.31230187342564e-06,4.36853062793168e-06,,FALSE,FALSE,FALSE,FALSE,,AIH
CXCL6-CXCR2,Stellate cell,IgM+ B cell,,,3.19286513008732e-06,4.67117329682563e-06,aih_only,0,2,0,2,,3.93201921345648e-06,,,3.19286513008732e-06,4.67117329682563e-06,,FALSE,FALSE,FALSE,FALSE,,AIH
CXCL6-CXCR2,Stellate cell,Macrophage 1,,,1.38585965547845e-05,1.36861516909507e-05,aih_only,0,2,0,2,,1.37723741228676e-05,,,1.36861516909507e-05,1.38585965547845e-05,,FALSE,FALSE,FALSE,FALSE,,AIH
CXCL6-CXCR2,Stellate cell,Macrophage 2,,,8.13507258650994e-06,9.16554648185956e-06,aih_only,0,2,0,2,,8.65030953418475e-06,,,8.13507258650994e-06,9.16554648185956e-06,,FALSE,FALSE,FALSE,FALSE,,AIH
CXCL6-CXCR2,Stellate cell,Sinusoidal endothelial cell,,,6.95916724530595e-06,4.89805837978707e-06,aih_only,0,2,0,2,,5.92861281254651e-06,,,4.89805837978707e-06,6.95916724530595e-06,,FALSE,FALSE,FALSE,FALSE,,AIH
CXCL6-CXCR2,Stellate cell,Stellate cell,,,4.60285528388601e-06,3.88741652068352e-06,aih_only,0,2,0,2,,4.24513590228476e-06,,,3.88741652068352e-06,4.60285528388601e-06,,FALSE,FALSE,FALSE,FALSE,,AIH
CXCL6-CXCR2,Stellate cell,Vascular endothelial cell,,,2.22565795493476e-06,1.90716675920627e-06,aih_only,0,2,0,2,,2.06641235707051e-06,,,1.90716675920627e-06,2.22565795493476e-06,,FALSE,FALSE,FALSE,FALSE,,AIH
CXCL6-CXCR2,Vascular endothelial cell,CD4+ T cell,,,3.58816333386209e-06,2.70599103054496e-06,aih_only,0,2,0,2,,3.14707718220352e-06,,,2.70599103054496e-06,3.58816333386209e-06,,FALSE,FALSE,FALSE,FALSE,,AIH
CXCL6-CXCR2,Vascular endothelial cell,CD8+ T cell 1,,,3.88698378806227e-06,3.71215700774332e-06,aih_only,0,2,0,2,,3.79957039790279e-06,,,3.71215700774332e-06,3.88698378806227e-06,,FALSE,FALSE,FALSE,FALSE,,AIH
CXCL6-CXCR2,Vascular endothelial cell,CD8+ T cell 2,,,2.02881508351877e-06,1.62248047776725e-06,aih_only,0,2,0,2,,1.82564778064301e-06,,,1.62248047776725e-06,2.02881508351877e-06,,FALSE,FALSE,FALSE,FALSE,,AIH
CXCL6-CXCR2,Vascular endothelial cell,CD8+ T cell 3,,,7.65643879399512e-06,5.23527360600261e-06,aih_only,0,2,0,2,,6.44585619999886e-06,,,5.23527360600261e-06,7.65643879399512e-06,,FALSE,FALSE,FALSE,FALSE,,AIH
CXCL6-CXCR2,Vascular endothelial cell,Cholangiocyte,,,3.89979118223748e-06,2.86539533168891e-06,aih_only,0,2,0,2,,3.38259325696319e-06,,,2.86539533168891e-06,3.89979118223748e-06,,FALSE,FALSE,FALSE,FALSE,,AIH
CXCL6-CXCR2,Vascular endothelial cell,Hepatocyte 1,,,9.894998997003e-07,1.29046660875282e-06,aih_only,0,2,0,2,,1.13998325422656e-06,,,9.894998997003e-07,1.29046660875282e-06,,FALSE,FALSE,FALSE,FALSE,,AIH
CXCL6-CXCR2,Vascular endothelial cell,Hepatocyte 2,,,5.39017065215398e-07,5.40033879630586e-07,aih_only,0,2,0,2,,5.39525472422992e-07,,,5.39017065215398e-07,5.40033879630586e-07,,FALSE,FALSE,FALSE,FALSE,,AIH
CXCL6-CXCR2,Vascular endothelial cell,Hepatocyte 3,,,1.95167668414988e-06,1.41969125837395e-06,aih_only,0,2,0,2,,1.68568397126191e-06,,,1.41969125837395e-06,1.95167668414988e-06,,FALSE,FALSE,FALSE,FALSE,,AIH
CXCL6-CXCR2,Vascular endothelial cell,Hepatocyte 4,,,8.62695291254126e-07,8.63715950316279e-07,aih_only,0,2,0,2,,8.63205620785202e-07,,,8.62695291254126e-07,8.63715950316279e-07,,FALSE,FALSE,FALSE,FALSE,,AIH
CXCL6-CXCR2,Vascular endothelial cell,Ig+ hepatocyte,,,1.49031016246055e-06,2.68893846690548e-06,aih_only,0,2,0,2,,2.08962431468302e-06,,,1.49031016246055e-06,2.68893846690548e-06,,FALSE,FALSE,FALSE,FALSE,,AIH
CXCL6-CXCR2,Vascular endothelial cell,IgG+ B cell,,,3.49852364639879e-06,1.53768653425354e-06,aih_only,0,2,0,2,,2.51810509032617e-06,,,1.53768653425354e-06,3.49852364639879e-06,,FALSE,FALSE,FALSE,FALSE,,AIH
CXCL6-CXCR2,Vascular endothelial cell,IgG+ plasmablast / plasma cell,,,3.38132295708266e-06,3.98337126346301e-06,aih_only,0,2,0,2,,3.68234711027284e-06,,,3.38132295708266e-06,3.98337126346301e-06,,FALSE,FALSE,FALSE,FALSE,,AIH
CXCL6-CXCR2,Vascular endothelial cell,IgM+ B cell,,,4.26270397133893e-06,4.26525707116716e-06,aih_only,0,2,0,2,,4.26398052125304e-06,,,4.26270397133893e-06,4.26525707116716e-06,,FALSE,FALSE,FALSE,FALSE,,AIH
CXCL6-CXCR2,Vascular endothelial cell,Macrophage 1,,,1.40500551054425e-05,1.31837610310445e-05,aih_only,0,2,0,2,,1.36169080682435e-05,,,1.31837610310445e-05,1.40500551054425e-05,,FALSE,FALSE,FALSE,FALSE,,AIH
CXCL6-CXCR2,Vascular endothelial cell,Macrophage 2,,,1.04118054399875e-05,8.51113648788251e-06,aih_only,0,2,0,2,,9.46147096393501e-06,,,8.51113648788251e-06,1.04118054399875e-05,,FALSE,FALSE,FALSE,FALSE,,AIH
CXCL6-CXCR2,Vascular endothelial cell,Sinusoidal endothelial cell,,,4.98683260756484e-06,3.31374330487447e-06,aih_only,0,2,0,2,,4.15028795621966e-06,,,3.31374330487447e-06,4.98683260756484e-06,,FALSE,FALSE,FALSE,FALSE,,AIH
CXCL6-CXCR2,Vascular endothelial cell,Stellate cell,,,4.26324212121448e-06,2.22125184911157e-06,aih_only,0,2,0,2,,3.24224698516303e-06,,,2.22125184911157e-06,4.26324212121448e-06,,FALSE,FALSE,FALSE,FALSE,,AIH
CXCL6-CXCR2,Vascular endothelial cell,Vascular endothelial cell,,,5.40053189335314e-06,2.25732009401217e-06,aih_only,0,2,0,2,,3.82892599368266e-06,,,2.25732009401217e-06,5.40053189335314e-06,,FALSE,FALSE,FALSE,FALSE,,AIH
FASLG-FAS,CD4+ T cell,CD4+ T cell,,,2.16707207959465e-05,3.71977823708154e-05,aih_only,0,2,0,2,,2.94342515833809e-05,,,2.16707207959465e-05,3.71977823708154e-05,,FALSE,FALSE,FALSE,FALSE,,AIH
FASLG-FAS,CD4+ T cell,CD8+ T cell 1,,,6.62948209374101e-06,8.16653236479849e-06,aih_only,0,2,0,2,,7.39800722926975e-06,,,6.62948209374101e-06,8.16653236479849e-06,,FALSE,FALSE,FALSE,FALSE,,AIH
FASLG-FAS,CD4+ T cell,CD8+ T cell 2,,,4.0907660137673e-06,5.83859442072717e-06,aih_only,0,2,0,2,,4.96468021724723e-06,,,4.0907660137673e-06,5.83859442072717e-06,,FALSE,FALSE,FALSE,FALSE,,AIH
FASLG-FAS,CD4+ T cell,CD8+ T cell 3,,,9.35653767329282e-06,1.1417587409682e-05,aih_only,0,2,0,2,,1.03870625414874e-05,,,9.35653767329282e-06,1.1417587409682e-05,,FALSE,FALSE,FALSE,FALSE,,AIH
FASLG-FAS,CD4+ T cell,Cholangiocyte,,,1.28286793957357e-05,1.75543314949852e-05,aih_only,0,2,0,2,,1.51915054453605e-05,,,1.28286793957357e-05,1.75543314949852e-05,,FALSE,FALSE,FALSE,FALSE,,AIH
FASLG-FAS,CD4+ T cell,Hepatocyte 1,,,6.41753840748055e-06,8.32579935937343e-06,aih_only,0,2,0,2,,7.37166888342699e-06,,,6.41753840748055e-06,8.32579935937343e-06,,FALSE,FALSE,FALSE,FALSE,,AIH
FASLG-FAS,CD4+ T cell,Hepatocyte 2,,,3.44189937317768e-06,3.96255295968274e-06,aih_only,0,2,0,2,,3.70222616643021e-06,,,3.44189937317768e-06,3.96255295968274e-06,,FALSE,FALSE,FALSE,FALSE,,AIH
FASLG-FAS,CD4+ T cell,Hepatocyte 3,,,1.84260893934197e-06,1.86892595445111e-06,aih_only,0,2,0,2,,1.85576744689654e-06,,,1.84260893934197e-06,1.86892595445111e-06,,FALSE,FALSE,FALSE,FALSE,,AIH
FASLG-FAS,CD4+ T cell,Hepatocyte 4,,,5.86880383293822e-06,8.06883445740532e-06,aih_only,0,2,0,2,,6.96881914517177e-06,,,5.86880383293822e-06,8.06883445740532e-06,,FALSE,FALSE,FALSE,FALSE,,AIH
FASLG-FAS,CD4+ T cell,Ig+ hepatocyte,,,3.50444847387591e-06,6.98917573805915e-06,aih_only,0,2,0,2,,5.24681210596753e-06,,,3.50444847387591e-06,6.98917573805915e-06,,FALSE,FALSE,FALSE,FALSE,,AIH
FASLG-FAS,CD4+ T cell,IgG+ B cell,,,2.69104562492379e-06,3.21315093713232e-06,aih_only,0,2,0,2,,2.95209828102805e-06,,,2.69104562492379e-06,3.21315093713232e-06,,FALSE,FALSE,FALSE,FALSE,,AIH
FASLG-FAS,CD4+ T cell,IgG+ plasmablast / plasma cell,,,7.01932614379319e-06,8.65283309839019e-06,aih_only,0,2,0,2,,7.83607962109169e-06,,,7.01932614379319e-06,8.65283309839019e-06,,FALSE,FALSE,FALSE,FALSE,,AIH
FASLG-FAS,CD4+ T cell,IgM+ B cell,,,1.47779108930874e-05,4.45543601190095e-05,aih_only,0,2,0,2,,2.96661355060485e-05,,,1.47779108930874e-05,4.45543601190095e-05,,FALSE,FALSE,FALSE,FALSE,,AIH
FASLG-FAS,CD4+ T cell,Macrophage 1,,,3.92896918109063e-06,3.53233798784577e-06,aih_only,0,2,0,2,,3.7306535844682e-06,,,3.53233798784577e-06,3.92896918109063e-06,,FALSE,FALSE,FALSE,FALSE,,AIH
FASLG-FAS,CD4+ T cell,Macrophage 2,,,4.19098102705923e-06,4.82283837231223e-06,aih_only,0,2,0,2,,4.50690969968573e-06,,,4.19098102705923e-06,4.82283837231223e-06,,FALSE,FALSE,FALSE,FALSE,,AIH
FASLG-FAS,CD4+ T cell,Sinusoidal endothelial cell,,,2.80875524887002e-06,2.98963903575791e-06,aih_only,0,2,0,2,,2.89919714231397e-06,,,2.80875524887002e-06,2.98963903575791e-06,,FALSE,FALSE,FALSE,FALSE,,AIH
FASLG-FAS,CD4+ T cell,Stellate cell,,,1.29219630336741e-05,1.50314022382075e-05,aih_only,0,2,0,2,,1.39766826359408e-05,,,1.29219630336741e-05,1.50314022382075e-05,,FALSE,FALSE,FALSE,FALSE,,AIH
FASLG-FAS,CD4+ T cell,Vascular endothelial cell,,,8.52612903027523e-06,8.98558297848728e-06,aih_only,0,2,0,2,,8.75585600438125e-06,,,8.52612903027523e-06,8.98558297848728e-06,,FALSE,FALSE,FALSE,FALSE,,AIH
FASLG-FAS,CD8+ T cell 1,CD4+ T cell,,,3.93278846443741e-05,3.54402485701105e-05,aih_only,0,2,0,2,,3.73840666072423e-05,,,3.54402485701105e-05,3.93278846443741e-05,,FALSE,FALSE,FALSE,FALSE,,AIH
FASLG-FAS,CD8+ T cell 1,CD8+ T cell 1,,,5.21148340087224e-05,4.55480546288498e-05,aih_only,0,2,0,2,,4.88314443187861e-05,,,4.55480546288498e-05,5.21148340087224e-05,,FALSE,FALSE,FALSE,FALSE,,AIH
FASLG-FAS,CD8+ T cell 1,CD8+ T cell 2,,,7.67584502583392e-05,6.19803966132837e-05,aih_only,0,2,0,2,,6.93694234358114e-05,,,6.19803966132837e-05,7.67584502583392e-05,,FALSE,FALSE,FALSE,FALSE,,AIH
FASLG-FAS,CD8+ T cell 1,CD8+ T cell 3,,,6.07934028978247e-05,5.71447584895486e-05,aih_only,0,2,0,2,,5.89690806936866e-05,,,5.71447584895486e-05,6.07934028978247e-05,,FALSE,FALSE,FALSE,FALSE,,AIH
FASLG-FAS,CD8+ T cell 1,Cholangiocyte,,,4.24137083344171e-05,4.58145646628996e-05,aih_only,0,2,0,2,,4.41141364986584e-05,,,4.24137083344171e-05,4.58145646628996e-05,,FALSE,FALSE,FALSE,FALSE,,AIH
FASLG-FAS,CD8+ T cell 1,Hepatocyte 1,,,0.000117914555165619,8.49686766569945e-05,aih_only,0,2,0,2,,0.000101441615911307,,,8.49686766569945e-05,0.000117914555165619,,FALSE,FALSE,FALSE,FALSE,,AIH
FASLG-FAS,CD8+ T cell 1,Hepatocyte 2,,,6.29475504958216e-05,4.74761964339476e-05,aih_only,0,2,0,2,,5.52118734648846e-05,,,4.74761964339476e-05,6.29475504958216e-05,,FALSE,FALSE,FALSE,FALSE,,AIH
FASLG-FAS,CD8+ T cell 1,Hepatocyte 3,,,1.87107632925891e-05,1.54485951325973e-05,aih_only,0,2,0,2,,1.70796792125932e-05,,,1.54485951325973e-05,1.87107632925891e-05,,FALSE,FALSE,FALSE,FALSE,,AIH
FASLG-FAS,CD8+ T cell 1,Hepatocyte 4,,,0.000114314104994472,9.05917966678763e-05,aih_only,0,2,0,2,,0.000102452950831174,,,9.05917966678763e-05,0.000114314104994472,,FALSE,FALSE,FALSE,FALSE,,AIH
FASLG-FAS,CD8+ T cell 1,Ig+ hepatocyte,,,4.26598592635718e-05,3.62964991615621e-05,aih_only,0,2,0,2,,3.9478179212567e-05,,,3.62964991615621e-05,4.26598592635718e-05,,FALSE,FALSE,FALSE,FALSE,,AIH
FASLG-FAS,CD8+ T cell 1,IgG+ B cell,,,1.14530170844038e-05,5.49018407908358e-06,aih_only,0,2,0,2,,8.47160058174369e-06,,,5.49018407908358e-06,1.14530170844038e-05,,FALSE,FALSE,FALSE,FALSE,,AIH
FASLG-FAS,CD8+ T cell 1,IgG+ plasmablast / plasma cell,,,2.92569466657444e-05,2.32569909723822e-05,aih_only,0,2,0,2,,2.62569688190633e-05,,,2.32569909723822e-05,2.92569466657444e-05,,FALSE,FALSE,FALSE,FALSE,,AIH
FASLG-FAS,CD8+ T cell 1,IgM+ B cell,,,2.46201411271484e-05,2.21389501550578e-05,aih_only,0,2,0,2,,2.33795456411031e-05,,,2.21389501550578e-05,2.46201411271484e-05,,FALSE,FALSE,FALSE,FALSE,,AIH
FASLG-FAS,CD8+ T cell 1,Macrophage 1,,,3.22462342353845e-05,2.53796570663838e-05,aih_only,0,2,0,2,,2.88129456508842e-05,,,2.53796570663838e-05,3.22462342353845e-05,,FALSE,FALSE,FALSE,FALSE,,AIH
FASLG-FAS,CD8+ T cell 1,Macrophage 2,,,1.56602624972718e-05,1.51476599052799e-05,aih_only,0,2,0,2,,1.54039612012758e-05,,,1.51476599052799e-05,1.56602624972718e-05,,FALSE,FALSE,FALSE,FALSE,,AIH
FASLG-FAS,CD8+ T cell 1,Sinusoidal endothelial cell,,,4.26891654319823e-05,2.81200241519986e-05,aih_only,0,2,0,2,,3.54045947919904e-05,,,2.81200241519986e-05,4.26891654319823e-05,,FALSE,FALSE,FALSE,FALSE,,AIH
FASLG-FAS,CD8+ T cell 1,Stellate cell,,,4.85458657013877e-05,3.86442432538153e-05,aih_only,0,2,0,2,,4.35950544776015e-05,,,3.86442432538153e-05,4.85458657013877e-05,,FALSE,FALSE,FALSE,FALSE,,AIH
FASLG-FAS,CD8+ T cell 1,Vascular endothelial cell,,,1.76697222303274e-05,1.51884266012018e-05,aih_only,0,2,0,2,,1.64290744157646e-05,,,1.51884266012018e-05,1.76697222303274e-05,,FALSE,FALSE,FALSE,FALSE,,AIH
FASLG-FAS,CD8+ T cell 2,CD4+ T cell,,,1.70248940986518e-05,2.00375009186878e-05,aih_only,0,2,0,2,,1.85311975086698e-05,,,1.70248940986518e-05,2.00375009186878e-05,,FALSE,FALSE,FALSE,FALSE,,AIH
FASLG-FAS,CD8+ T cell 2,CD8+ T cell 1,,,3.97458493604936e-05,3.14415379754752e-05,aih_only,0,2,0,2,,3.55936936679844e-05,,,3.14415379754752e-05,3.97458493604936e-05,,FALSE,FALSE,FALSE,FALSE,,AIH
FASLG-FAS,CD8+ T cell 2,CD8+ T cell 2,,,0.000253108060487287,0.000149170840555993,aih_only,0,2,0,2,,0.00020113945052164,,,0.000149170840555993,0.000253108060487287,,FALSE,FALSE,FALSE,FALSE,,AIH
FASLG-FAS,CD8+ T cell 2,CD8+ T cell 3,,,7.98223051527697e-05,6.11817178533134e-05,aih_only,0,2,0,2,,7.05020115030416e-05,,,6.11817178533134e-05,7.98223051527697e-05,,FALSE,FALSE,FALSE,FALSE,,AIH
FASLG-FAS,CD8+ T cell 2,Cholangiocyte,,,1.7372145435844e-05,2.82102915365412e-05,aih_only,0,2,0,2,,2.27912184861926e-05,,,1.7372145435844e-05,2.82102915365412e-05,,FALSE,FALSE,FALSE,FALSE,,AIH
FASLG-FAS,CD8+ T cell 2,Hepatocyte 1,,,0.000265481431582053,0.00010828505737726,aih_only,0,2,0,2,,0.000186883244479656,,,0.00010828505737726,0.000265481431582053,,FALSE,FALSE,FALSE,FALSE,,AIH
FASLG-FAS,CD8+ T cell 2,Hepatocyte 2,,,0.000141230842396411,6.47593498519752e-05,aih_only,0,2,0,2,,0.000102995096124193,,,6.47593498519752e-05,0.000141230842396411,,FALSE,FALSE,FALSE,FALSE,,AIH
FASLG-FAS,CD8+ T cell 2,Hepatocyte 3,,,3.88011187713728e-05,1.82283449157047e-05,aih_only,0,2,0,2,,2.85147318435388e-05,,,1.82283449157047e-05,3.88011187713728e-05,,FALSE,FALSE,FALSE,FALSE,,AIH
FASLG-FAS,CD8+ T cell 2,Hepatocyte 4,,,0.000282033589850314,0.000110323909242499,aih_only,0,2,0,2,,0.000196178749546407,,,0.000110323909242499,0.000282033589850314,,FALSE,FALSE,FALSE,FALSE,,AIH
FASLG-FAS,CD8+ T cell 2,Ig+ hepatocyte,,,6.77010197838102e-05,3.72546238570919e-05,aih_only,0,2,0,2,,5.2477821820451e-05,,,3.72546238570919e-05,6.77010197838102e-05,,FALSE,FALSE,FALSE,FALSE,,AIH
FASLG-FAS,CD8+ T cell 2,IgG+ B cell,,,3.87604807883283e-06,1.89812051879406e-06,aih_only,0,2,0,2,,2.88708429881345e-06,,,1.89812051879406e-06,3.87604807883283e-06,,FALSE,FALSE,FALSE,FALSE,,AIH
FASLG-FAS,CD8+ T cell 2,IgG+ plasmablast / plasma cell,,,1.55754677636288e-05,1.06611846392268e-05,aih_only,0,2,0,2,,1.31183262014278e-05,,,1.06611846392268e-05,1.55754677636288e-05,,FALSE,FALSE,FALSE,FALSE,,AIH
FASLG-FAS,CD8+ T cell 2,IgM+ B cell,,,7.07278298655792e-06,1.23841942338622e-05,aih_only,0,2,0,2,,9.72848861021004e-06,,,7.07278298655792e-06,1.23841942338622e-05,,FALSE,FALSE,FALSE,FALSE,,AIH
FASLG-FAS,CD8+ T cell 2,Macrophage 1,,,3.30234428489606e-05,2.61255146859419e-05,aih_only,0,2,0,2,,2.95744787674512e-05,,,2.61255146859419e-05,3.30234428489606e-05,,FALSE,FALSE,FALSE,FALSE,,AIH
FASLG-FAS,CD8+ T cell 2,Macrophage 2,,,7.82584908617646e-06,1.17900005712958e-05,aih_only,0,2,0,2,,9.80792482873614e-06,,,7.82584908617646e-06,1.17900005712958e-05,,FALSE,FALSE,FALSE,FALSE,,AIH
FASLG-FAS,CD8+ T cell 2,Sinusoidal endothelial cell,,,3.85224644965973e-05,3.23444503362682e-05,aih_only,0,2,0,2,,3.54334574164327e-05,,,3.23444503362682e-05,3.85224644965973e-05,,FALSE,FALSE,FALSE,FALSE,,AIH
FASLG-FAS,CD8+ T cell 2,Stellate cell,,,1.63218127360198e-05,2.75243661260956e-05,aih_only,0,2,0,2,,2.19230894310577e-05,,,1.63218127360198e-05,2.75243661260956e-05,,FALSE,FALSE,FALSE,FALSE,,AIH
FASLG-FAS,CD8+ T cell 2,Vascular endothelial cell,,,6.38684202649038e-06,4.24685622099315e-06,aih_only,0,2,0,2,,5.31684912374177e-06,,,4.24685622099315e-06,6.38684202649038e-06,,FALSE,FALSE,FALSE,FALSE,,AIH
FASLG-FAS,CD8+ T cell 3,CD4+ T cell,,,2.79855298416718e-05,3.43147301746139e-05,aih_only,0,2,0,2,,3.11501300081429e-05,,,2.79855298416718e-05,3.43147301746139e-05,,FALSE,FALSE,FALSE,FALSE,,AIH
FASLG-FAS,CD8+ T cell 3,CD8+ T cell 1,,,3.24420185511764e-05,3.35055008667705e-05,aih_only,0,2,0,2,,3.29737597089734e-05,,,3.24420185511764e-05,3.35055008667705e-05,,FALSE,FALSE,FALSE,FALSE,,AIH
FASLG-FAS,CD8+ T cell 3,CD8+ T cell 2,,,6.82047193070948e-05,6.46761529881452e-05,aih_only,0,2,0,2,,6.644043614762e-05,,,6.46761529881452e-05,6.82047193070948e-05,,FALSE,FALSE,FALSE,FALSE,,AIH
FASLG-FAS,CD8+ T cell 3,CD8+ T cell 3,,,0.000210931739215594,0.000201509269661911,aih_only,0,2,0,2,,0.000206220504438752,,,0.000201509269661911,0.000210931739215594,,FALSE,FALSE,FALSE,FALSE,,AIH
FASLG-FAS,CD8+ T cell 3,Cholangiocyte,,,2.5672703414631e-05,5.40307841544346e-05,aih_only,0,2,0,2,,3.98517437845328e-05,,,2.5672703414631e-05,5.40307841544346e-05,,FALSE,FALSE,FALSE,FALSE,,AIH
FASLG-FAS,CD8+ T cell 3,Hepatocyte 1,,,0.000112104355622332,7.93467130160125e-05,aih_only,0,2,0,2,,9.57255343191724e-05,,,7.93467130160125e-05,0.000112104355622332,,FALSE,FALSE,FALSE,FALSE,,AIH
FASLG-FAS,CD8+ T cell 3,Hepatocyte 2,,,5.69577464947765e-05,4.40655442903472e-05,aih_only,0,2,0,2,,5.05116453925619e-05,,,4.40655442903472e-05,5.69577464947765e-05,,FALSE,FALSE,FALSE,FALSE,,AIH
FASLG-FAS,CD8+ T cell 3,Hepatocyte 3,,,1.4638804413781e-05,1.23734845900089e-05,aih_only,0,2,0,2,,1.3506144501895e-05,,,1.23734845900089e-05,1.4638804413781e-05,,FALSE,FALSE,FALSE,FALSE,,AIH
FASLG-FAS,CD8+ T cell 3,Hepatocyte 4,,,0.000172293308342019,8.91830541002367e-05,aih_only,0,2,0,2,,0.000130738181221128,,,8.91830541002367e-05,0.000172293308342019,,FALSE,FALSE,FALSE,FALSE,,AIH
FASLG-FAS,CD8+ T cell 3,Ig+ hepatocyte,,,3.97800505892756e-05,2.973075437066e-05,aih_only,0,2,0,2,,3.47554024799678e-05,,,2.973075437066e-05,3.97800505892756e-05,,FALSE,FALSE,FALSE,FALSE,,AIH
FASLG-FAS,CD8+ T cell 3,IgG+ B cell,,,8.19436403216009e-06,4.60265305786927e-06,aih_only,0,2,0,2,,6.39850854501468e-06,,,4.60265305786927e-06,8.19436403216009e-06,,FALSE,FALSE,FALSE,FALSE,,AIH
FASLG-FAS,CD8+ T cell 3,IgG+ plasmablast / plasma cell,,,2.3949604892427e-05,2.3318557358628e-05,aih_only,0,2,0,2,,2.36340811255275e-05,,,2.3318557358628e-05,2.3949604892427e-05,,FALSE,FALSE,FALSE,FALSE,,AIH
FASLG-FAS,CD8+ T cell 3,IgM+ B cell,,,1.82933222064626e-05,1.75037794476174e-05,aih_only,0,2,0,2,,1.789855082704e-05,,,1.75037794476174e-05,1.82933222064626e-05,,FALSE,FALSE,FALSE,FALSE,,AIH
FASLG-FAS,CD8+ T cell 3,Macrophage 1,,,2.41284495724482e-05,2.31103921242281e-05,aih_only,0,2,0,2,,2.36194208483381e-05,,,2.31103921242281e-05,2.41284495724482e-05,,FALSE,FALSE,FALSE,FALSE,,AIH
FASLG-FAS,CD8+ T cell 3,Macrophage 2,,,1.07153700349032e-05,1.49014820935784e-05,aih_only,0,2,0,2,,1.28084260642408e-05,,,1.07153700349032e-05,1.49014820935784e-05,,FALSE,FALSE,FALSE,FALSE,,AIH
FASLG-FAS,CD8+ T cell 3,Sinusoidal endothelial cell,,,2.56696745113958e-05,2.66661462725374e-05,aih_only,0,2,0,2,,2.61679103919666e-05,,,2.56696745113958e-05,2.66661462725374e-05,,FALSE,FALSE,FALSE,FALSE,,AIH
FASLG-FAS,CD8+ T cell 3,Stellate cell,,,3.05989591267096e-05,3.97429751893938e-05,aih_only,0,2,0,2,,3.51709671580517e-05,,,3.05989591267096e-05,3.97429751893938e-05,,FALSE,FALSE,FALSE,FALSE,,AIH
FASLG-FAS,CD8+ T cell 3,Vascular endothelial cell,,,1.28296937442646e-05,1.36715553256074e-05,aih_only,0,2,0,2,,1.3250624534936e-05,,,1.28296937442646e-05,1.36715553256074e-05,,FALSE,FALSE,FALSE,FALSE,,AIH
FASLG-FAS,Cholangiocyte,CD4+ T cell,,,6.31481301754493e-06,6.44270576876045e-06,aih_only,0,2,0,2,,6.37875939315269e-06,,,6.31481301754493e-06,6.44270576876045e-06,,FALSE,FALSE,FALSE,FALSE,,AIH
FASLG-FAS,Cholangiocyte,CD8+ T cell 1,,,3.37206292704842e-06,3.89664342218045e-06,aih_only,0,2,0,2,,3.63435317461444e-06,,,3.37206292704842e-06,3.89664342218045e-06,,FALSE,FALSE,FALSE,FALSE,,AIH
FASLG-FAS,Cholangiocyte,CD8+ T cell 2,,,1.6760063093078e-06,3.31049653758141e-06,aih_only,0,2,0,2,,2.4932514234446e-06,,,1.6760063093078e-06,3.31049653758141e-06,,FALSE,FALSE,FALSE,FALSE,,AIH
FASLG-FAS,Cholangiocyte,CD8+ T cell 3,,,5.65273337973016e-06,6.19513223315826e-06,aih_only,0,2,0,2,,5.92393280644421e-06,,,5.65273337973016e-06,6.19513223315826e-06,,FALSE,FALSE,FALSE,FALSE,,AIH
FASLG-FAS,Cholangiocyte,Cholangiocyte,,,2.33301769237786e-05,2.65266048687077e-05,aih_only,0,2,0,2,,2.49283908962431e-05,,,2.33301769237786e-05,2.65266048687077e-05,,FALSE,FALSE,FALSE,FALSE,,AIH
FASLG-FAS,Cholangiocyte,Hepatocyte 1,,,2.46152405843417e-06,3.92665581842242e-06,aih_only,0,2,0,2,,3.1940899384283e-06,,,2.46152405843417e-06,3.92665581842242e-06,,FALSE,FALSE,FALSE,FALSE,,AIH
FASLG-FAS,Cholangiocyte,Hepatocyte 2,,,1.43834661447331e-06,2.30212729787684e-06,aih_only,0,2,0,2,,1.87023695617508e-06,,,1.43834661447331e-06,2.30212729787684e-06,,FALSE,FALSE,FALSE,FALSE,,AIH
FASLG-FAS,Cholangiocyte,Hepatocyte 3,,,1.11344740889509e-06,1.26211925918186e-06,aih_only,0,2,0,2,,1.18778333403848e-06,,,1.11344740889509e-06,1.26211925918186e-06,,FALSE,FALSE,FALSE,FALSE,,AIH
FASLG-FAS,Cholangiocyte,Hepatocyte 4,,,2.44510617069942e-06,4.38639803518483e-06,aih_only,0,2,0,2,,3.41575210294212e-06,,,2.44510617069942e-06,4.38639803518483e-06,,FALSE,FALSE,FALSE,FALSE,,AIH
FASLG-FAS,Cholangiocyte,Ig+ hepatocyte,,,2.28502356901922e-06,4.13122530913079e-06,aih_only,0,2,0,2,,3.208124439075e-06,,,2.28502356901922e-06,4.13122530913079e-06,,FALSE,FALSE,FALSE,FALSE,,AIH
FASLG-FAS,Cholangiocyte,IgG+ B cell,,,2.34831911979785e-06,1.19847809007062e-06,aih_only,0,2,0,2,,1.77339860493423e-06,,,1.19847809007062e-06,2.34831911979785e-06,,FALSE,FALSE,FALSE,FALSE,,AIH
FASLG-FAS,Cholangiocyte,IgG+ plasmablast / plasma cell,,,4.44246249078942e-06,4.07979405374885e-06,aih_only,0,2,0,2,,4.26112827226913e-06,,,4.07979405374885e-06,4.44246249078942e-06,,FALSE,FALSE,FALSE,FALSE,,AIH
FASLG-FAS,Cholangiocyte,IgM+ B cell,,,4.64269512396617e-06,5.15169320922166e-06,aih_only,0,2,0,2,,4.89719416659392e-06,,,4.64269512396617e-06,5.15169320922166e-06,,FALSE,FALSE,FALSE,FALSE,,AIH
FASLG-FAS,Cholangiocyte,Macrophage 1,,,1.57373752869402e-06,1.49365652430833e-06,aih_only,0,2,0,2,,1.53369702650118e-06,,,1.49365652430833e-06,1.57373752869402e-06,,FALSE,FALSE,FALSE,FALSE,,AIH
FASLG-FAS,Cholangiocyte,Macrophage 2,,,3.02115755358792e-06,2.33234800492311e-06,aih_only,0,2,0,2,,2.67675277925552e-06,,,2.33234800492311e-06,3.02115755358792e-06,,FALSE,FALSE,FALSE,FALSE,,AIH
FASLG-FAS,Cholangiocyte,Sinusoidal endothelial cell,,,8.77440046599052e-07,9.19608917231115e-07,aih_only,0,2,0,2,,8.98524481915084e-07,,,8.77440046599052e-07,9.19608917231115e-07,,FALSE,FALSE,FALSE,FALSE,,AIH
FASLG-FAS,Cholangiocyte,Stellate cell,,,7.58327224286947e-06,6.63262668089983e-06,aih_only,0,2,0,2,,7.10794946188465e-06,,,6.63262668089983e-06,7.58327224286947e-06,,FALSE,FALSE,FALSE,FALSE,,AIH
FASLG-FAS,Cholangiocyte,Vascular endothelial cell,,,5.09967420230618e-06,4.12303191908118e-06,aih_only,0,2,0,2,,4.61135306069368e-06,,,4.12303191908118e-06,5.09967420230618e-06,,FALSE,FALSE,FALSE,FALSE,,AIH
FASLG-FAS,Hepatocyte 1,CD4+ T cell,,,1.44193194546083e-06,1.09123171036618e-06,aih_only,0,2,0,2,,1.26658182791351e-06,,,1.09123171036618e-06,1.44193194546083e-06,,FALSE,FALSE,FALSE,FALSE,,AIH
FASLG-FAS,Hepatocyte 1,CD8+ T cell 1,,,3.58258590657607e-06,1.88084453340752e-06,aih_only,0,2,0,2,,2.7317152199918e-06,,,1.88084453340752e-06,3.58258590657607e-06,,FALSE,FALSE,FALSE,FALSE,,AIH
FASLG-FAS,Hepatocyte 1,CD8+ T cell 2,,,1.59270547043495e-05,3.84606473296096e-06,aih_only,0,2,0,2,,9.88655971865522e-06,,,3.84606473296096e-06,1.59270547043495e-05,,FALSE,FALSE,FALSE,FALSE,,AIH
FASLG-FAS,Hepatocyte 1,CD8+ T cell 3,,,6.67775018720244e-06,3.59352670156451e-06,aih_only,0,2,0,2,,5.13563844438348e-06,,,3.59352670156451e-06,6.67775018720244e-06,,FALSE,FALSE,FALSE,FALSE,,AIH
FASLG-FAS,Hepatocyte 1,Cholangiocyte,,,1.19545152390322e-06,1.80196909621858e-06,aih_only,0,2,0,2,,1.4987103100609e-06,,,1.19545152390322e-06,1.80196909621858e-06,,FALSE,FALSE,FALSE,FALSE,,AIH
FASLG-FAS,Hepatocyte 1,Hepatocyte 1,,,3.09809924911013e-05,7.39342240668037e-06,aih_only,0,2,0,2,,1.91872074488908e-05,,,7.39342240668037e-06,3.09809924911013e-05,,FALSE,FALSE,FALSE,FALSE,,AIH
FASLG-FAS,Hepatocyte 1,Hepatocyte 2,,,1.35055039224348e-05,4.16158959704194e-06,aih_only,0,2,0,2,,8.83354675973836e-06,,,4.16158959704194e-06,1.35055039224348e-05,,FALSE,FALSE,FALSE,FALSE,,AIH
FASLG-FAS,Hepatocyte 1,Hepatocyte 3,,,2.5680937661166e-06,1.21217790664484e-06,aih_only,0,2,0,2,,1.89013583638072e-06,,,1.21217790664484e-06,2.5680937661166e-06,,FALSE,FALSE,FALSE,FALSE,,AIH
FASLG-FAS,Hepatocyte 1,Hepatocyte 4,,,2.4388581276828e-05,6.94011840958439e-06,aih_only,0,2,0,2,,1.56643498432062e-05,,,6.94011840958439e-06,2.4388581276828e-05,,FALSE,FALSE,FALSE,FALSE,,AIH
FASLG-FAS,Hepatocyte 1,Ig+ hepatocyte,,,4.69921668617619e-06,2.23179583278181e-06,aih_only,0,2,0,2,,3.465506259479e-06,,,2.23179583278181e-06,4.69921668617619e-06,,FALSE,FALSE,FALSE,FALSE,,AIH
FASLG-FAS,Hepatocyte 1,IgG+ B cell,,,4.69773454279628e-07,1.03726999616035e-07,aih_only,0,2,0,2,,2.86750226947831e-07,,,1.03726999616035e-07,4.69773454279628e-07,,FALSE,FALSE,FALSE,FALSE,,AIH
FASLG-FAS,Hepatocyte 1,IgG+ plasmablast / plasma cell,,,1.57435204436079e-06,6.5172064057416e-07,aih_only,0,2,0,2,,1.11303634246748e-06,,,6.5172064057416e-07,1.57435204436079e-06,,FALSE,FALSE,FALSE,FALSE,,AIH
FASLG-FAS,Hepatocyte 1,IgM+ B cell,,,5.1271952978612e-07,5.51479099296159e-07,aih_only,0,2,0,2,,5.32099314541139e-07,,,5.1271952978612e-07,5.51479099296159e-07,,FALSE,FALSE,FALSE,FALSE,,AIH
FASLG-FAS,Hepatocyte 1,Macrophage 1,,,3.10576449311271e-06,1.39602658993104e-06,aih_only,0,2,0,2,,2.25089554152187e-06,,,1.39602658993104e-06,3.10576449311271e-06,,FALSE,FALSE,FALSE,FALSE,,AIH
FASLG-FAS,Hepatocyte 1,Macrophage 2,,,5.53584966699465e-07,6.06381293655063e-07,aih_only,0,2,0,2,,5.79983130177264e-07,,,5.53584966699465e-07,6.06381293655063e-07,,FALSE,FALSE,FALSE,FALSE,,AIH
FASLG-FAS,Hepatocyte 1,Sinusoidal endothelial cell,,,3.59096443258199e-06,1.73881547928111e-06,aih_only,0,2,0,2,,2.66488995593155e-06,,,1.73881547928111e-06,3.59096443258199e-06,,FALSE,FALSE,FALSE,FALSE,,AIH
FASLG-FAS,Hepatocyte 1,Stellate cell,,,1.49044416662602e-06,1.62923297735402e-06,aih_only,0,2,0,2,,1.55983857199002e-06,,,1.49044416662602e-06,1.62923297735402e-06,,FALSE,FALSE,FALSE,FALSE,,AIH
FASLG-FAS,Hepatocyte 1,Vascular endothelial cell,,,5.22505635730197e-07,2.60842025173557e-07,aih_only,0,2,0,2,,3.91673830451877e-07,,,2.60842025173557e-07,5.22505635730197e-07,,FALSE,FALSE,FALSE,FALSE,,AIH
FASLG-FAS,Hepatocyte 2,CD4+ T cell,,,1.56388647144892e-06,5.15460862860595e-07,aih_only,0,2,0,2,,1.03967366715476e-06,,,5.15460862860595e-07,1.56388647144892e-06,,FALSE,FALSE,FALSE,FALSE,,AIH
FASLG-FAS,Hepatocyte 2,CD8+ T cell 1,,,3.19007256545448e-06,1.04528796672967e-06,aih_only,0,2,0,2,,2.11768026609207e-06,,,1.04528796672967e-06,3.19007256545448e-06,,FALSE,FALSE,FALSE,FALSE,,AIH
FASLG-FAS,Hepatocyte 2,CD8+ T cell 2,,,1.41313839242848e-05,2.17300244595022e-06,aih_only,0,2,0,2,,8.1521931851175e-06,,,2.17300244595022e-06,1.41313839242848e-05,,FALSE,FALSE,FALSE,FALSE,,AIH
FASLG-FAS,Hepatocyte 2,CD8+ T cell 3,,,5.36968152839792e-06,1.92373651912536e-06,aih_only,0,2,0,2,,3.64670902376164e-06,,,1.92373651912536e-06,5.36968152839792e-06,,FALSE,FALSE,FALSE,FALSE,,AIH
FASLG-FAS,Hepatocyte 2,Cholangiocyte,,,1.42096723558785e-06,4.74328622657629e-07,aih_only,0,2,0,2,,9.47647929122739e-07,,,4.74328622657629e-07,1.42096723558785e-06,,FALSE,FALSE,FALSE,FALSE,,AIH
FASLG-FAS,Hepatocyte 2,Hepatocyte 1,,,2.64340641060479e-05,3.73157326926884e-06,aih_only,0,2,0,2,,1.50828186876584e-05,,,3.73157326926884e-06,2.64340641060479e-05,,FALSE,FALSE,FALSE,FALSE,,AIH
FASLG-FAS,Hepatocyte 2,Hepatocyte 2,,,2.15617886091737e-05,3.21621947143475e-06,aih_only,0,2,0,2,,1.23890040403042e-05,,,3.21621947143475e-06,2.15617886091737e-05,,FALSE,FALSE,FALSE,FALSE,,AIH
FASLG-FAS,Hepatocyte 2,Hepatocyte 3,,,5.4837975440008e-06,1.0424566014136e-06,aih_only,0,2,0,2,,3.2631270727072e-06,,,1.0424566014136e-06,5.4837975440008e-06,,FALSE,FALSE,FALSE,FALSE,,AIH
FASLG-FAS,Hepatocyte 2,Hepatocyte 4,,,2.82743520167175e-05,4.51221960519557e-06,aih_only,0,2,0,2,,1.63932858109565e-05,,,4.51221960519557e-06,2.82743520167175e-05,,FALSE,FALSE,FALSE,FALSE,,AIH
FASLG-FAS,Hepatocyte 2,Ig+ hepatocyte,,,6.88367804158587e-06,1.4396526794795e-06,aih_only,0,2,0,2,,4.16166536053269e-06,,,1.4396526794795e-06,6.88367804158587e-06,,FALSE,FALSE,FALSE,FALSE,,AIH
FASLG-FAS,Hepatocyte 2,IgG+ B cell,,,3.91556721361457e-07,6.8303940299875e-08,aih_only,0,2,0,2,,2.29930330830666e-07,,,6.8303940299875e-08,3.91556721361457e-07,,FALSE,FALSE,FALSE,FALSE,,AIH
FASLG-FAS,Hepatocyte 2,IgG+ plasmablast / plasma cell,,,1.32630254135679e-06,2.47683125528407e-07,aih_only,0,2,0,2,,7.86992833442601e-07,,,2.47683125528407e-07,1.32630254135679e-06,,FALSE,FALSE,FALSE,FALSE,,AIH
FASLG-FAS,Hepatocyte 2,IgM+ B cell,,,4.44528367137788e-07,2.53153221751765e-07,aih_only,0,2,0,2,,3.48840794444777e-07,,,2.53153221751765e-07,4.44528367137788e-07,,FALSE,FALSE,FALSE,FALSE,,AIH
FASLG-FAS,Hepatocyte 2,Macrophage 1,,,2.67975469963182e-06,9.11920533105548e-07,aih_only,0,2,0,2,,1.79583761636869e-06,,,9.11920533105548e-07,2.67975469963182e-06,,FALSE,FALSE,FALSE,FALSE,,AIH
FASLG-FAS,Hepatocyte 2,Macrophage 2,,,6.32691625995655e-07,4.27271026622302e-07,aih_only,0,2,0,2,,5.29981326308978e-07,,,4.27271026622302e-07,6.32691625995655e-07,,FALSE,FALSE,FALSE,FALSE,,AIH
FASLG-FAS,Hepatocyte 2,Sinusoidal endothelial cell,,,2.95256638724537e-06,8.59419273987878e-07,aih_only,0,2,0,2,,1.90599283061662e-06,,,8.59419273987878e-07,2.95256638724537e-06,,FALSE,FALSE,FALSE,FALSE,,AIH
FASLG-FAS,Hepatocyte 2,Stellate cell,,,1.42170716672177e-06,6.81626483625999e-07,aih_only,0,2,0,2,,1.05166682517389e-06,,,6.81626483625999e-07,1.42170716672177e-06,,FALSE,FALSE,FALSE,FALSE,,AIH
FASLG-FAS,Hepatocyte 2,Vascular endothelial cell,,,5.04056787445899e-07,9.45886771213091e-08,aih_only,0,2,0,2,,2.99322732283604e-07,,,9.45886771213091e-08,5.04056787445899e-07,,FALSE,FALSE,FALSE,FALSE,,AIH
FASLG-FAS,Hepatocyte 3,CD4+ T cell,,,3.3738247883196e-06,1.93999056597608e-06,aih_only,0,2,0,2,,2.65690767714784e-06,,,1.93999056597608e-06,3.3738247883196e-06,,FALSE,FALSE,FALSE,FALSE,,AIH
FASLG-FAS,Hepatocyte 3,CD8+ T cell 1,,,4.42397990491776e-06,3.12801489159645e-06,aih_only,0,2,0,2,,3.77599739825711e-06,,,3.12801489159645e-06,4.42397990491776e-06,,FALSE,FALSE,FALSE,FALSE,,AIH
FASLG-FAS,Hepatocyte 3,CD8+ T cell 2,,,1.39763277307517e-05,6.26671235377575e-06,aih_only,0,2,0,2,,1.01215200422637e-05,,,6.26671235377575e-06,1.39763277307517e-05,,FALSE,FALSE,FALSE,FALSE,,AIH
FASLG-FAS,Hepatocyte 3,CD8+ T cell 3,,,7.94115591854502e-06,3.48127298548347e-06,aih_only,0,2,0,2,,5.71121445201424e-06,,,3.48127298548347e-06,7.94115591854502e-06,,FALSE,FALSE,FALSE,FALSE,,AIH
FASLG-FAS,Hepatocyte 3,Cholangiocyte,,,5.87083573478423e-06,1.23787842427975e-06,aih_only,0,2,0,2,,3.55435707953199e-06,,,1.23787842427975e-06,5.87083573478423e-06,,FALSE,FALSE,FALSE,FALSE,,AIH
FASLG-FAS,Hepatocyte 3,Hepatocyte 1,,,2.3364928251147e-05,8.90615286531793e-06,aih_only,0,2,0,2,,1.61355405582325e-05,,,8.90615286531793e-06,2.3364928251147e-05,,FALSE,FALSE,FALSE,FALSE,,AIH
FASLG-FAS,Hepatocyte 3,Hepatocyte 2,,,2.02395905615324e-05,7.58364099284057e-06,aih_only,0,2,0,2,,1.39116157771865e-05,,,7.58364099284057e-06,2.02395905615324e-05,,FALSE,FALSE,FALSE,FALSE,,AIH
FASLG-FAS,Hepatocyte 3,Hepatocyte 3,,,1.18480475912959e-05,4.00453644801733e-06,aih_only,0,2,0,2,,7.9262920196566e-06,,,4.00453644801733e-06,1.18480475912959e-05,,FALSE,FALSE,FALSE,FALSE,,AIH
FASLG-FAS,Hepatocyte 3,Hepatocyte 4,,,3.68746337973133e-05,1.02218801436402e-05,aih_only,0,2,0,2,,2.35482569704767e-05,,,1.02218801436402e-05,3.68746337973133e-05,,FALSE,FALSE,FALSE,FALSE,,AIH
FASLG-FAS,Hepatocyte 3,Ig+ hepatocyte,,,9.04216139606488e-06,4.95793834918658e-06,aih_only,0,2,0,2,,7.00004987262573e-06,,,4.95793834918658e-06,9.04216139606488e-06,,FALSE,FALSE,FALSE,FALSE,,AIH
FASLG-FAS,Hepatocyte 3,IgG+ B cell,,,1.29262399231544e-06,3.7663134755337e-07,aih_only,0,2,0,2,,8.34627669934404e-07,,,3.7663134755337e-07,1.29262399231544e-06,,FALSE,FALSE,FALSE,FALSE,,AIH
FASLG-FAS,Hepatocyte 3,IgG+ plasmablast / plasma cell,,,3.74652769696349e-06,1.13470774014862e-06,aih_only,0,2,0,2,,2.44061771855606e-06,,,1.13470774014862e-06,3.74652769696349e-06,,FALSE,FALSE,FALSE,FALSE,,AIH
FASLG-FAS,Hepatocyte 3,IgM+ B cell,,,1.5628380347375e-06,9.22423700733197e-07,aih_only,0,2,0,2,,1.24263086773535e-06,,,9.22423700733197e-07,1.5628380347375e-06,,FALSE,FALSE,FALSE,FALSE,,AIH
FASLG-FAS,Hepatocyte 3,Macrophage 1,,,3.37597858002683e-06,2.77477222196811e-06,aih_only,0,2,0,2,,3.07537540099747e-06,,,2.77477222196811e-06,3.37597858002683e-06,,FALSE,FALSE,FALSE,FALSE,,AIH
FASLG-FAS,Hepatocyte 3,Macrophage 2,,,1.3757836258335e-06,1.02662054199204e-06,aih_only,0,2,0,2,,1.20120208391277e-06,,,1.02662054199204e-06,1.3757836258335e-06,,FALSE,FALSE,FALSE,FALSE,,AIH
FASLG-FAS,Hepatocyte 3,Sinusoidal endothelial cell,,,4.35665084848465e-06,3.78246523730186e-06,aih_only,0,2,0,2,,4.06955804289325e-06,,,3.78246523730186e-06,4.35665084848465e-06,,FALSE,FALSE,FALSE,FALSE,,AIH
FASLG-FAS,Hepatocyte 3,Stellate cell,,,3.58812284133675e-06,1.78772106956042e-06,aih_only,0,2,0,2,,2.68792195544859e-06,,,1.78772106956042e-06,3.58812284133675e-06,,FALSE,FALSE,FALSE,FALSE,,AIH
FASLG-FAS,Hepatocyte 3,Vascular endothelial cell,,,1.76793143456154e-06,3.36318924734266e-07,aih_only,0,2,0,2,,1.0521251796479e-06,,,3.36318924734266e-07,1.76793143456154e-06,,FALSE,FALSE,FALSE,FALSE,,AIH
FASLG-FAS,Hepatocyte 4,CD4+ T cell,,,2.23665372701621e-06,1.00939161772175e-06,aih_only,0,2,0,2,,1.62302267236898e-06,,,1.00939161772175e-06,2.23665372701621e-06,,FALSE,FALSE,FALSE,FALSE,,AIH
FASLG-FAS,Hepatocyte 4,CD8+ T cell 1,,,3.99012319494313e-06,2.25122411550582e-06,aih_only,0,2,0,2,,3.12067365522448e-06,,,2.25122411550582e-06,3.99012319494313e-06,,FALSE,FALSE,FALSE,FALSE,,AIH
FASLG-FAS,Hepatocyte 4,CD8+ T cell 2,,,1.93761385289445e-05,4.37463812600635e-06,aih_only,0,2,0,2,,1.18753883274754e-05,,,4.37463812600635e-06,1.93761385289445e-05,,FALSE,FALSE,FALSE,FALSE,,AIH
FASLG-FAS,Hepatocyte 4,CD8+ T cell 3,,,1.2283069110379e-05,3.72748777321278e-06,aih_only,0,2,0,2,,8.0052784417959e-06,,,3.72748777321278e-06,1.2283069110379e-05,,FALSE,FALSE,FALSE,FALSE,,AIH
FASLG-FAS,Hepatocyte 4,Cholangiocyte,,,1.9678912902531e-06,2.67485974192658e-06,aih_only,0,2,0,2,,2.32137551608984e-06,,,1.9678912902531e-06,2.67485974192658e-06,,FALSE,FALSE,FALSE,FALSE,,AIH
FASLG-FAS,Hepatocyte 4,Hepatocyte 1,,,3.13240795046223e-05,7.2430858110687e-06,aih_only,0,2,0,2,,1.92835826578455e-05,,,7.2430858110687e-06,3.13240795046223e-05,,FALSE,FALSE,FALSE,FALSE,,AIH
FASLG-FAS,Hepatocyte 4,Hepatocyte 2,,,1.64584606400891e-05,4.09118264410824e-06,aih_only,0,2,0,2,,1.02748216420987e-05,,,4.09118264410824e-06,1.64584606400891e-05,,FALSE,FALSE,FALSE,FALSE,,AIH
FASLG-FAS,Hepatocyte 4,Hepatocyte 3,,,4.98848398117466e-06,1.29643982436229e-06,aih_only,0,2,0,2,,3.14246190276847e-06,,,1.29643982436229e-06,4.98848398117466e-06,,FALSE,FALSE,FALSE,FALSE,,AIH
FASLG-FAS,Hepatocyte 4,Hepatocyte 4,,,0.000117124600009731,1.81223287295243e-05,aih_only,0,2,0,2,,6.76234643696277e-05,,,1.81223287295243e-05,0.000117124600009731,,FALSE,FALSE,FALSE,FALSE,,AIH
FASLG-FAS,Hepatocyte 4,Ig+ hepatocyte,,,1.01544278967891e-05,2.56945741758523e-06,aih_only,0,2,0,2,,6.36194265718718e-06,,,2.56945741758523e-06,1.01544278967891e-05,,FALSE,FALSE,FALSE,FALSE,,AIH
FASLG-FAS,Hepatocyte 4,IgG+ B cell,,,8.74166993778231e-07,3.07436842395091e-07,aih_only,0,2,0,2,,5.90801918086661e-07,,,3.07436842395091e-07,8.74166993778231e-07,,FALSE,FALSE,FALSE,FALSE,,AIH
FASLG-FAS,Hepatocyte 4,IgG+ plasmablast / plasma cell,,,1.9695512984396e-06,8.0563915155533e-07,aih_only,0,2,0,2,,1.38759522499746e-06,,,8.0563915155533e-07,1.9695512984396e-06,,FALSE,FALSE,FALSE,FALSE,,AIH
FASLG-FAS,Hepatocyte 4,IgM+ B cell,,,7.81182755494254e-07,4.42193406782345e-07,aih_only,0,2,0,2,,6.11688081138299e-07,,,4.42193406782345e-07,7.81182755494254e-07,,FALSE,FALSE,FALSE,FALSE,,AIH
FASLG-FAS,Hepatocyte 4,Macrophage 1,,,3.95137028448603e-06,1.56590078112982e-06,aih_only,0,2,0,2,,2.75863553280793e-06,,,1.56590078112982e-06,3.95137028448603e-06,,FALSE,FALSE,FALSE,FALSE,,AIH
FASLG-FAS,Hepatocyte 4,Macrophage 2,,,6.87459220817839e-07,8.48133356768953e-07,aih_only,0,2,0,2,,7.67796288793396e-07,,,6.87459220817839e-07,8.48133356768953e-07,,FALSE,FALSE,FALSE,FALSE,,AIH
FASLG-FAS,Hepatocyte 4,Sinusoidal endothelial cell,,,2.73039587209155e-06,1.89350473894392e-06,aih_only,0,2,0,2,,2.31195030551773e-06,,,1.89350473894392e-06,2.73039587209155e-06,,FALSE,FALSE,FALSE,FALSE,,AIH
FASLG-FAS,Hepatocyte 4,Stellate cell,,,2.25059495427533e-06,1.77318170846364e-06,aih_only,0,2,0,2,,2.01188833136949e-06,,,1.77318170846364e-06,2.25059495427533e-06,,FALSE,FALSE,FALSE,FALSE,,AIH
FASLG-FAS,Hepatocyte 4,Vascular endothelial cell,,,7.72195860294828e-07,2.7756606304503e-07,aih_only,0,2,0,2,,5.24880961669929e-07,,,2.7756606304503e-07,7.72195860294828e-07,,FALSE,FALSE,FALSE,FALSE,,AIH
FASLG-FAS,Ig+ hepatocyte,CD4+ T cell,,,6.45591925842447e-06,1.41615086726654e-06,aih_only,0,2,0,2,,3.9360350628455e-06,,,1.41615086726654e-06,6.45591925842447e-06,,FALSE,FALSE,FALSE,FALSE,,AIH
FASLG-FAS,Ig+ hepatocyte,CD8+ T cell 1,,,6.94937388353264e-06,2.27730003052535e-06,aih_only,0,2,0,2,,4.61333695702899e-06,,,2.27730003052535e-06,6.94937388353264e-06,,FALSE,FALSE,FALSE,FALSE,,AIH
FASLG-FAS,Ig+ hepatocyte,CD8+ T cell 2,,,1.27481498209901e-05,3.76960220766596e-06,aih_only,0,2,0,2,,8.25887601432802e-06,,,3.76960220766596e-06,1.27481498209901e-05,,FALSE,FALSE,FALSE,FALSE,,AIH
FASLG-FAS,Ig+ hepatocyte,CD8+ T cell 3,,,8.07648906199474e-06,2.86546013938816e-06,aih_only,0,2,0,2,,5.47097460069145e-06,,,2.86546013938816e-06,8.07648906199474e-06,,FALSE,FALSE,FALSE,FALSE,,AIH
FASLG-FAS,Ig+ hepatocyte,Cholangiocyte,,,7.68103166675846e-06,3.0733216697352e-06,aih_only,0,2,0,2,,5.37717666824683e-06,,,3.0733216697352e-06,7.68103166675846e-06,,FALSE,FALSE,FALSE,FALSE,,AIH
FASLG-FAS,Ig+ hepatocyte,Hepatocyte 1,,,2.04198422361256e-05,7.58677893660935e-06,aih_only,0,2,0,2,,1.40033105863675e-05,,,7.58677893660935e-06,2.04198422361256e-05,,FALSE,FALSE,FALSE,FALSE,,AIH
FASLG-FAS,Ig+ hepatocyte,Hepatocyte 2,,,1.0408978483291e-05,8.25982925861121e-06,aih_only,0,2,0,2,,9.33440387095109e-06,,,8.25982925861121e-06,1.0408978483291e-05,,FALSE,FALSE,FALSE,FALSE,,AIH
FASLG-FAS,Ig+ hepatocyte,Hepatocyte 3,,,8.30237146152163e-07,2.54665790683822e-06,aih_only,0,2,0,2,,1.68844752649519e-06,,,8.30237146152163e-07,2.54665790683822e-06,,FALSE,FALSE,FALSE,FALSE,,AIH
FASLG-FAS,Ig+ hepatocyte,Hepatocyte 4,,,1.67757944224575e-05,8.7942598932681e-06,aih_only,0,2,0,2,,1.27850271578628e-05,,,8.7942598932681e-06,1.67757944224575e-05,,FALSE,FALSE,FALSE,FALSE,,AIH
FASLG-FAS,Ig+ hepatocyte,Ig+ hepatocyte,,,5.01477530359233e-05,3.3116913673635e-05,aih_only,0,2,0,2,,4.16323333547792e-05,,,3.3116913673635e-05,5.01477530359233e-05,,FALSE,FALSE,FALSE,FALSE,,AIH
FASLG-FAS,Ig+ hepatocyte,IgG+ B cell,,,2.83524273894373e-06,2.31809807745067e-07,aih_only,0,2,0,2,,1.5335262733444e-06,,,2.31809807745067e-07,2.83524273894373e-06,,FALSE,FALSE,FALSE,FALSE,,AIH
FASLG-FAS,Ig+ hepatocyte,IgG+ plasmablast / plasma cell,,,7.30163686603654e-06,1.78856663549854e-06,aih_only,0,2,0,2,,4.54510175076754e-06,,,1.78856663549854e-06,7.30163686603654e-06,,FALSE,FALSE,FALSE,FALSE,,AIH
FASLG-FAS,Ig+ hepatocyte,IgM+ B cell,,,2.44669341076394e-06,1.46067389345608e-07,aih_only,0,2,0,2,,1.29638040005478e-06,,,1.46067389345608e-07,2.44669341076394e-06,,FALSE,FALSE,FALSE,FALSE,,AIH
FASLG-FAS,Ig+ hepatocyte,Macrophage 1,,,4.83402624744261e-06,2.0514907059405e-06,aih_only,0,2,0,2,,3.44275847669155e-06,,,2.0514907059405e-06,4.83402624744261e-06,,FALSE,FALSE,FALSE,FALSE,,AIH
FASLG-FAS,Ig+ hepatocyte,Macrophage 2,,,1.50871773900613e-06,1.2602781833152e-06,aih_only,0,2,0,2,,1.38449796116067e-06,,,1.2602781833152e-06,1.50871773900613e-06,,FALSE,FALSE,FALSE,FALSE,,AIH
FASLG-FAS,Ig+ hepatocyte,Sinusoidal endothelial cell,,,3.6062728537218e-06,1.98730486536041e-06,aih_only,0,2,0,2,,2.79678885954111e-06,,,1.98730486536041e-06,3.6062728537218e-06,,FALSE,FALSE,FALSE,FALSE,,AIH
FASLG-FAS,Ig+ hepatocyte,Stellate cell,,,4.06183802165857e-06,2.4729283488324e-06,aih_only,0,2,0,2,,3.26738318524548e-06,,,2.4729283488324e-06,4.06183802165857e-06,,FALSE,FALSE,FALSE,FALSE,,AIH
FASLG-FAS,Ig+ hepatocyte,Vascular endothelial cell,,,1.56200649146365e-06,5.50139218198999e-07,aih_only,0,2,0,2,,1.05607285483133e-06,,,5.50139218198999e-07,1.56200649146365e-06,,FALSE,FALSE,FALSE,FALSE,,AIH
FASLG-FAS,IgG+ B cell,CD4+ T cell,,,4.73235330554228e-06,5.07970539426618e-06,aih_only,0,2,0,2,,4.90602934990423e-06,,,4.73235330554228e-06,5.07970539426618e-06,,FALSE,FALSE,FALSE,FALSE,,AIH
FASLG-FAS,IgG+ B cell,CD8+ T cell 1,,,3.58548084207513e-06,2.27703761351976e-06,aih_only,0,2,0,2,,2.93125922779745e-06,,,2.27703761351976e-06,3.58548084207513e-06,,FALSE,FALSE,FALSE,FALSE,,AIH
FASLG-FAS,IgG+ B cell,CD8+ T cell 2,,,2.28562563197119e-06,2.50881197543983e-06,aih_only,0,2,0,2,,2.39721880370551e-06,,,2.28562563197119e-06,2.50881197543983e-06,,FALSE,FALSE,FALSE,FALSE,,AIH
FASLG-FAS,IgG+ B cell,CD8+ T cell 3,,,4.58007426214992e-06,3.4648343988619e-06,aih_only,0,2,0,2,,4.02245433050591e-06,,,3.4648343988619e-06,4.58007426214992e-06,,FALSE,FALSE,FALSE,FALSE,,AIH
FASLG-FAS,IgG+ B cell,Cholangiocyte,,,9.0482734276258e-06,8.64977242176545e-06,aih_only,0,2,0,2,,8.84902292469563e-06,,,8.64977242176545e-06,9.0482734276258e-06,,FALSE,FALSE,FALSE,FALSE,,AIH
FASLG-FAS,IgG+ B cell,Hepatocyte 1,,,2.8903764492585e-06,3.65427280378111e-06,aih_only,0,2,0,2,,3.27232462651981e-06,,,2.8903764492585e-06,3.65427280378111e-06,,FALSE,FALSE,FALSE,FALSE,,AIH
FASLG-FAS,IgG+ B cell,Hepatocyte 2,,,2.12418598239531e-06,2.42167151775247e-06,aih_only,0,2,0,2,,2.27292875007389e-06,,,2.12418598239531e-06,2.42167151775247e-06,,FALSE,FALSE,FALSE,FALSE,,AIH
FASLG-FAS,IgG+ B cell,Hepatocyte 3,,,7.51464137352336e-07,1.39230683432914e-06,aih_only,0,2,0,2,,1.07188548584074e-06,,,7.51464137352336e-07,1.39230683432914e-06,,FALSE,FALSE,FALSE,FALSE,,AIH
FASLG-FAS,IgG+ B cell,Hepatocyte 4,,,2.2365378750873e-06,4.33994806366647e-06,aih_only,0,2,0,2,,3.28824296937688e-06,,,2.2365378750873e-06,4.33994806366647e-06,,FALSE,FALSE,FALSE,FALSE,,AIH
FASLG-FAS,IgG+ B cell,Ig+ hepatocyte,,,2.85569988079035e-06,5.8907776822233e-06,aih_only,0,2,0,2,,4.37323878150682e-06,,,2.85569988079035e-06,5.8907776822233e-06,,FALSE,FALSE,FALSE,FALSE,,AIH
FASLG-FAS,IgG+ B cell,IgG+ B cell,,,3.60148404536382e-06,3.71994917441875e-06,aih_only,0,2,0,2,,3.66071660989128e-06,,,3.60148404536382e-06,3.71994917441875e-06,,FALSE,FALSE,FALSE,FALSE,,AIH
FASLG-FAS,IgG+ B cell,IgG+ plasmablast / plasma cell,,,4.4668436922035e-06,5.39147392534575e-06,aih_only,0,2,0,2,,4.92915880877462e-06,,,4.4668436922035e-06,5.39147392534575e-06,,FALSE,FALSE,FALSE,FALSE,,AIH
FASLG-FAS,IgG+ B cell,IgM+ B cell,,,3.29199928580041e-06,3.2599704368342e-06,aih_only,0,2,0,2,,3.27598486131731e-06,,,3.2599704368342e-06,3.29199928580041e-06,,FALSE,FALSE,FALSE,FALSE,,AIH
FASLG-FAS,IgG+ B cell,Macrophage 1,,,1.75825956941889e-06,1.47014475224875e-06,aih_only,0,2,0,2,,1.61420216083382e-06,,,1.47014475224875e-06,1.75825956941889e-06,,FALSE,FALSE,FALSE,FALSE,,AIH
FASLG-FAS,IgG+ B cell,Macrophage 2,,,2.38720944860798e-06,1.83433698630939e-06,aih_only,0,2,0,2,,2.11077321745868e-06,,,1.83433698630939e-06,2.38720944860798e-06,,FALSE,FALSE,FALSE,FALSE,,AIH
FASLG-FAS,IgG+ B cell,Sinusoidal endothelial cell,,,2.1406488600798e-06,8.48672601354586e-07,aih_only,0,2,0,2,,1.49466073071719e-06,,,8.48672601354586e-07,2.1406488600798e-06,,FALSE,FALSE,FALSE,FALSE,,AIH
FASLG-FAS,IgG+ B cell,Stellate cell,,,6.23657946152828e-06,5.61332288188059e-06,aih_only,0,2,0,2,,5.92495117170444e-06,,,5.61332288188059e-06,6.23657946152828e-06,,FALSE,FALSE,FALSE,FALSE,,AIH
FASLG-FAS,IgG+ B cell,Vascular endothelial cell,,,3.91956093719675e-06,4.41686516133915e-06,aih_only,0,2,0,2,,4.16821304926795e-06,,,3.91956093719675e-06,4.41686516133915e-06,,FALSE,FALSE,FALSE,FALSE,,AIH
FASLG-FAS,IgG+ plasmablast / plasma cell,CD4+ T cell,,,7.26446875528134e-06,8.64992724172445e-06,aih_only,0,2,0,2,,7.95719799850289e-06,,,7.26446875528134e-06,8.64992724172445e-06,,FALSE,FALSE,FALSE,FALSE,,AIH
FASLG-FAS,IgG+ plasmablast / plasma cell,CD8+ T cell 1,,,5.84879590568557e-06,4.71227278257386e-06,aih_only,0,2,0,2,,5.28053434412972e-06,,,4.71227278257386e-06,5.84879590568557e-06,,FALSE,FALSE,FALSE,FALSE,,AIH
FASLG-FAS,IgG+ plasmablast / plasma cell,CD8+ T cell 2,,,5.66464523357852e-06,3.17308227025486e-06,aih_only,0,2,0,2,,4.41886375191669e-06,,,3.17308227025486e-06,5.66464523357852e-06,,FALSE,FALSE,FALSE,FALSE,,AIH
FASLG-FAS,IgG+ plasmablast / plasma cell,CD8+ T cell 3,,,7.26154992174946e-06,7.53303337731302e-06,aih_only,0,2,0,2,,7.39729164953124e-06,,,7.26154992174946e-06,7.53303337731302e-06,,FALSE,FALSE,FALSE,FALSE,,AIH
FASLG-FAS,IgG+ plasmablast / plasma cell,Cholangiocyte,,,9.35616393840446e-06,1.15091495290727e-05,aih_only,0,2,0,2,,1.04326567337386e-05,,,9.35616393840446e-06,1.15091495290727e-05,,FALSE,FALSE,FALSE,FALSE,,AIH
FASLG-FAS,IgG+ plasmablast / plasma cell,Hepatocyte 1,,,9.37758822256795e-06,5.14830973172381e-06,aih_only,0,2,0,2,,7.26294897714588e-06,,,5.14830973172381e-06,9.37758822256795e-06,,FALSE,FALSE,FALSE,FALSE,,AIH
FASLG-FAS,IgG+ plasmablast / plasma cell,Hepatocyte 2,,,4.72412904628613e-06,2.28599105260992e-06,aih_only,0,2,0,2,,3.50506004944802e-06,,,2.28599105260992e-06,4.72412904628613e-06,,FALSE,FALSE,FALSE,FALSE,,AIH
FASLG-FAS,IgG+ plasmablast / plasma cell,Hepatocyte 3,,,1.25023282326368e-06,7.45434247048635e-07,aih_only,0,2,0,2,,9.97833535156158e-07,,,7.45434247048635e-07,1.25023282326368e-06,,FALSE,FALSE,FALSE,FALSE,,AIH
FASLG-FAS,IgG+ plasmablast / plasma cell,Hepatocyte 4,,,8.87862224788114e-06,5.22055050925377e-06,aih_only,0,2,0,2,,7.04958637856745e-06,,,5.22055050925377e-06,8.87862224788114e-06,,FALSE,FALSE,FALSE,FALSE,,AIH
FASLG-FAS,IgG+ plasmablast / plasma cell,Ig+ hepatocyte,,,1.05500389034834e-05,5.51755465568186e-06,aih_only,0,2,0,2,,8.03379677958261e-06,,,5.51755465568186e-06,1.05500389034834e-05,,FALSE,FALSE,FALSE,FALSE,,AIH
FASLG-FAS,IgG+ plasmablast / plasma cell,IgG+ B cell,,,3.16402647398724e-06,3.05614230324338e-06,aih_only,0,2,0,2,,3.11008438861531e-06,,,3.05614230324338e-06,3.16402647398724e-06,,FALSE,FALSE,FALSE,FALSE,,AIH
FASLG-FAS,IgG+ plasmablast / plasma cell,IgG+ plasmablast / plasma cell,,,1.06293752710965e-05,1.01878756747962e-05,aih_only,0,2,0,2,,1.04086254729464e-05,,,1.01878756747962e-05,1.06293752710965e-05,,FALSE,FALSE,FALSE,FALSE,,AIH
FASLG-FAS,IgG+ plasmablast / plasma cell,IgM+ B cell,,,4.90461906376731e-06,6.0714954585777e-06,aih_only,0,2,0,2,,5.48805726117251e-06,,,4.90461906376731e-06,6.0714954585777e-06,,FALSE,FALSE,FALSE,FALSE,,AIH
FASLG-FAS,IgG+ plasmablast / plasma cell,Macrophage 1,,,3.80608589790621e-06,2.10006892613056e-06,aih_only,0,2,0,2,,2.95307741201838e-06,,,2.10006892613056e-06,3.80608589790621e-06,,FALSE,FALSE,FALSE,FALSE,,AIH
FASLG-FAS,IgG+ plasmablast / plasma cell,Macrophage 2,,,2.45489444063835e-06,2.69688179616682e-06,aih_only,0,2,0,2,,2.57588811840258e-06,,,2.45489444063835e-06,2.69688179616682e-06,,FALSE,FALSE,FALSE,FALSE,,AIH
FASLG-FAS,IgG+ plasmablast / plasma cell,Sinusoidal endothelial cell,,,3.57370686986265e-06,1.75971977102225e-06,aih_only,0,2,0,2,,2.66671332044245e-06,,,1.75971977102225e-06,3.57370686986265e-06,,FALSE,FALSE,FALSE,FALSE,,AIH
FASLG-FAS,IgG+ plasmablast / plasma cell,Stellate cell,,,8.23039801500009e-06,7.49367527769774e-06,aih_only,0,2,0,2,,7.86203664634891e-06,,,7.49367527769774e-06,8.23039801500009e-06,,FALSE,FALSE,FALSE,FALSE,,AIH
FASLG-FAS,IgG+ plasmablast / plasma cell,Vascular endothelial cell,,,3.91108234608389e-06,5.33726893906128e-06,aih_only,0,2,0,2,,4.62417564257258e-06,,,3.91108234608389e-06,5.33726893906128e-06,,FALSE,FALSE,FALSE,FALSE,,AIH
FASLG-FAS,IgM+ B cell,CD4+ T cell,,,1.2813027064702e-05,3.01402920579829e-05,aih_only,0,2,0,2,,2.14766595613424e-05,,,1.2813027064702e-05,3.01402920579829e-05,,FALSE,FALSE,FALSE,FALSE,,AIH
FASLG-FAS,IgM+ B cell,CD8+ T cell 1,,,4.8441977946815e-06,4.40260285577412e-06,aih_only,0,2,0,2,,4.62340032522781e-06,,,4.40260285577412e-06,4.8441977946815e-06,,FALSE,FALSE,FALSE,FALSE,,AIH
FASLG-FAS,IgM+ B cell,CD8+ T cell 2,,,2.93349676542998e-06,3.1763513819141e-06,aih_only,0,2,0,2,,3.05492407367204e-06,,,2.93349676542998e-06,3.1763513819141e-06,,FALSE,FALSE,FALSE,FALSE,,AIH
FASLG-FAS,IgM+ B cell,CD8+ T cell 3,,,6.48461492213712e-06,4.56388766159105e-06,aih_only,0,2,0,2,,5.52425129186408e-06,,,4.56388766159105e-06,6.48461492213712e-06,,FALSE,FALSE,FALSE,FALSE,,AIH
FASLG-FAS,IgM+ B cell,Cholangiocyte,,,7.62079285469489e-06,9.61595018454419e-06,aih_only,0,2,0,2,,8.61837151961954e-06,,,7.62079285469489e-06,9.61595018454419e-06,,FALSE,FALSE,FALSE,FALSE,,AIH
FASLG-FAS,IgM+ B cell,Hepatocyte 1,,,4.69781261030084e-06,3.46049037052122e-06,aih_only,0,2,0,2,,4.07915149041103e-06,,,3.46049037052122e-06,4.69781261030084e-06,,FALSE,FALSE,FALSE,FALSE,,AIH
FASLG-FAS,IgM+ B cell,Hepatocyte 2,,,2.49105706923447e-06,1.5728734837441e-06,aih_only,0,2,0,2,,2.03196527648929e-06,,,1.5728734837441e-06,2.49105706923447e-06,,FALSE,FALSE,FALSE,FALSE,,AIH
FASLG-FAS,IgM+ B cell,Hepatocyte 3,,,1.33869642069033e-06,1.48546176797047e-06,aih_only,0,2,0,2,,1.4120790943304e-06,,,1.33869642069033e-06,1.48546176797047e-06,,FALSE,FALSE,FALSE,FALSE,,AIH
FASLG-FAS,IgM+ B cell,Hepatocyte 4,,,3.62896968322189e-06,2.86674864104351e-06,aih_only,0,2,0,2,,3.2478591621327e-06,,,2.86674864104351e-06,3.62896968322189e-06,,FALSE,FALSE,FALSE,FALSE,,AIH
FASLG-FAS,IgM+ B cell,Ig+ hepatocyte,,,2.38669767763758e-06,1.81775273228922e-06,aih_only,0,2,0,2,,2.1022252049634e-06,,,1.81775273228922e-06,2.38669767763758e-06,,FALSE,FALSE,FALSE,FALSE,,AIH
FASLG-FAS,IgM+ B cell,IgG+ B cell,,,1.86737475174494e-06,1.66428261729543e-06,aih_only,0,2,0,2,,1.76582868452018e-06,,,1.66428261729543e-06,1.86737475174494e-06,,FALSE,FALSE,FALSE,FALSE,,AIH
FASLG-FAS,IgM+ B cell,IgG+ plasmablast / plasma cell,,,4.38766097485186e-06,4.10877966106841e-06,aih_only,0,2,0,2,,4.24822031796013e-06,,,4.10877966106841e-06,4.38766097485186e-06,,FALSE,FALSE,FALSE,FALSE,,AIH
FASLG-FAS,IgM+ B cell,IgM+ B cell,,,1.603448574932e-05,6.87436323545579e-05,aih_only,0,2,0,2,,4.2389059051939e-05,,,1.603448574932e-05,6.87436323545579e-05,,FALSE,FALSE,FALSE,FALSE,,AIH
FASLG-FAS,IgM+ B cell,Macrophage 1,,,2.41539411211001e-06,1.6656148666746e-06,aih_only,0,2,0,2,,2.04050448939231e-06,,,1.6656148666746e-06,2.41539411211001e-06,,FALSE,FALSE,FALSE,FALSE,,AIH
FASLG-FAS,IgM+ B cell,Macrophage 2,,,2.75281458221863e-06,2.42919361530536e-06,aih_only,0,2,0,2,,2.591004098762e-06,,,2.42919361530536e-06,2.75281458221863e-06,,FALSE,FALSE,FALSE,FALSE,,AIH
FASLG-FAS,IgM+ B cell,Sinusoidal endothelial cell,,,2.40063182564766e-06,1.5401750536219e-06,aih_only,0,2,0,2,,1.97040343963478e-06,,,1.5401750536219e-06,2.40063182564766e-06,,FALSE,FALSE,FALSE,FALSE,,AIH
FASLG-FAS,IgM+ B cell,Stellate cell,,,9.31460764505989e-06,1.0187768509499e-05,aih_only,0,2,0,2,,9.75118807727944e-06,,,9.31460764505989e-06,1.0187768509499e-05,,FALSE,FALSE,FALSE,FALSE,,AIH
FASLG-FAS,IgM+ B cell,Vascular endothelial cell,,,5.49636365694831e-06,4.36386719894008e-06,aih_only,0,2,0,2,,4.93011542794419e-06,,,4.36386719894008e-06,5.49636365694831e-06,,FALSE,FALSE,FALSE,FALSE,,AIH
FASLG-FAS,Macrophage 1,CD4+ T cell,,,4.79471178756641e-06,3.83906308794004e-06,aih_only,0,2,0,2,,4.31688743775322e-06,,,3.83906308794004e-06,4.79471178756641e-06,,FALSE,FALSE,FALSE,FALSE,,AIH
FASLG-FAS,Macrophage 1,CD8+ T cell 1,,,7.87606893565494e-06,4.78650335993795e-06,aih_only,0,2,0,2,,6.33128614779644e-06,,,4.78650335993795e-06,7.87606893565494e-06,,FALSE,FALSE,FALSE,FALSE,,AIH
FASLG-FAS,Macrophage 1,CD8+ T cell 2,,,1.68765977205516e-05,9.08054695180317e-06,aih_only,0,2,0,2,,1.29785723361774e-05,,,9.08054695180317e-06,1.68765977205516e-05,,FALSE,FALSE,FALSE,FALSE,,AIH
FASLG-FAS,Macrophage 1,CD8+ T cell 3,,,1.09384244579998e-05,7.49100223329023e-06,aih_only,0,2,0,2,,9.214713345645e-06,,,7.49100223329023e-06,1.09384244579998e-05,,FALSE,FALSE,FALSE,FALSE,,AIH
FASLG-FAS,Macrophage 1,Cholangiocyte,,,5.01674488443307e-06,4.49619659952731e-06,aih_only,0,2,0,2,,4.75647074198019e-06,,,4.49619659952731e-06,5.01674488443307e-06,,FALSE,FALSE,FALSE,FALSE,,AIH
FASLG-FAS,Macrophage 1,Hepatocyte 1,,,2.56260668131481e-05,1.22198200568597e-05,aih_only,0,2,0,2,,1.89229434350039e-05,,,1.22198200568597e-05,2.56260668131481e-05,,FALSE,FALSE,FALSE,FALSE,,AIH
FASLG-FAS,Macrophage 1,Hepatocyte 2,,,1.36960811615585e-05,7.13026898294038e-06,aih_only,0,2,0,2,,1.04131750722494e-05,,,7.13026898294038e-06,1.36960811615585e-05,,FALSE,FALSE,FALSE,FALSE,,AIH
FASLG-FAS,Macrophage 1,Hepatocyte 3,,,3.31830234740986e-06,2.13634343780593e-06,aih_only,0,2,0,2,,2.72732289260789e-06,,,2.13634343780593e-06,3.31830234740986e-06,,FALSE,FALSE,FALSE,FALSE,,AIH
FASLG-FAS,Macrophage 1,Hepatocyte 4,,,2.83550076495416e-05,1.30515426444342e-05,aih_only,0,2,0,2,,2.07032751469879e-05,,,1.30515426444342e-05,2.83550076495416e-05,,FALSE,FALSE,FALSE,FALSE,,AIH
FASLG-FAS,Macrophage 1,Ig+ hepatocyte,,,8.69706107315952e-06,5.85115114733427e-06,aih_only,0,2,0,2,,7.2741061102469e-06,,,5.85115114733427e-06,8.69706107315952e-06,,FALSE,FALSE,FALSE,FALSE,,AIH
FASLG-FAS,Macrophage 1,IgG+ B cell,,,1.36317766908767e-06,5.05329919807227e-07,aih_only,0,2,0,2,,9.34253794447449e-07,,,5.05329919807227e-07,1.36317766908767e-06,,FALSE,FALSE,FALSE,FALSE,,AIH
FASLG-FAS,Macrophage 1,IgG+ plasmablast / plasma cell,,,3.78109510804536e-06,2.4125726636094e-06,aih_only,0,2,0,2,,3.09683388582738e-06,,,2.4125726636094e-06,3.78109510804536e-06,,FALSE,FALSE,FALSE,FALSE,,AIH
FASLG-FAS,Macrophage 1,IgM+ B cell,,,2.22000127840593e-06,2.26290546708257e-06,aih_only,0,2,0,2,,2.24145337274425e-06,,,2.22000127840593e-06,2.26290546708257e-06,,FALSE,FALSE,FALSE,FALSE,,AIH
FASLG-FAS,Macrophage 1,Macrophage 1,,,7.53496052816073e-06,4.84996995044293e-06,aih_only,0,2,0,2,,6.19246523930183e-06,,,4.84996995044293e-06,7.53496052816073e-06,,FALSE,FALSE,FALSE,FALSE,,AIH
FASLG-FAS,Macrophage 1,Macrophage 2,,,2.13675833378593e-06,1.82316345752185e-06,aih_only,0,2,0,2,,1.97996089565389e-06,,,1.82316345752185e-06,2.13675833378593e-06,,FALSE,FALSE,FALSE,FALSE,,AIH
FASLG-FAS,Macrophage 1,Sinusoidal endothelial cell,,,8.2500110674191e-06,3.60128768564904e-06,aih_only,0,2,0,2,,5.92564937653407e-06,,,3.60128768564904e-06,8.2500110674191e-06,,FALSE,FALSE,FALSE,FALSE,,AIH
FASLG-FAS,Macrophage 1,Stellate cell,,,6.43628988007823e-06,4.70305644177317e-06,aih_only,0,2,0,2,,5.5696731609257e-06,,,4.70305644177317e-06,6.43628988007823e-06,,FALSE,FALSE,FALSE,FALSE,,AIH
FASLG-FAS,Macrophage 1,Vascular endothelial cell,,,1.95526555247175e-06,1.08198112644542e-06,aih_only,0,2,0,2,,1.51862333945859e-06,,,1.08198112644542e-06,1.95526555247175e-06,,FALSE,FALSE,FALSE,FALSE,,AIH
FASLG-FAS,Macrophage 2,CD4+ T cell,,,4.65592350005049e-06,4.39712719078796e-06,aih_only,0,2,0,2,,4.52652534541922e-06,,,4.39712719078796e-06,4.65592350005049e-06,,FALSE,FALSE,FALSE,FALSE,,AIH
FASLG-FAS,Macrophage 2,CD8+ T cell 1,,,3.20585992334357e-06,2.70274181285153e-06,aih_only,0,2,0,2,,2.95430086809755e-06,,,2.70274181285153e-06,3.20585992334357e-06,,FALSE,FALSE,FALSE,FALSE,,AIH
FASLG-FAS,Macrophage 2,CD8+ T cell 2,,,3.34563952888449e-06,3.15065310418216e-06,aih_only,0,2,0,2,,3.24814631653333e-06,,,3.15065310418216e-06,3.34563952888449e-06,,FALSE,FALSE,FALSE,FALSE,,AIH
FASLG-FAS,Macrophage 2,CD8+ T cell 3,,,3.86422599120397e-06,5.14612094168048e-06,aih_only,0,2,0,2,,4.50517346644222e-06,,,3.86422599120397e-06,5.14612094168048e-06,,FALSE,FALSE,FALSE,FALSE,,AIH
FASLG-FAS,Macrophage 2,Cholangiocyte,,,6.63692899328316e-06,4.60202192407703e-06,aih_only,0,2,0,2,,5.61947545868009e-06,,,4.60202192407703e-06,6.63692899328316e-06,,FALSE,FALSE,FALSE,FALSE,,AIH
FASLG-FAS,Macrophage 2,Hepatocyte 1,,,5.18029572521839e-06,5.29792692523594e-06,aih_only,0,2,0,2,,5.23911132522717e-06,,,5.18029572521839e-06,5.29792692523594e-06,,FALSE,FALSE,FALSE,FALSE,,AIH
FASLG-FAS,Macrophage 2,Hepatocyte 2,,,3.28057854113031e-06,3.22513066975614e-06,aih_only,0,2,0,2,,3.25285460544323e-06,,,3.22513066975614e-06,3.28057854113031e-06,,FALSE,FALSE,FALSE,FALSE,,AIH
FASLG-FAS,Macrophage 2,Hepatocyte 3,,,2.01527451074346e-06,1.21213267809714e-06,aih_only,0,2,0,2,,1.6137035944203e-06,,,1.21213267809714e-06,2.01527451074346e-06,,FALSE,FALSE,FALSE,FALSE,,AIH
FASLG-FAS,Macrophage 2,Hepatocyte 4,,,5.91414552209779e-06,5.51679201772329e-06,aih_only,0,2,0,2,,5.71546876991054e-06,,,5.51679201772329e-06,5.91414552209779e-06,,FALSE,FALSE,FALSE,FALSE,,AIH
FASLG-FAS,Macrophage 2,Ig+ hepatocyte,,,3.39467216454969e-06,3.37949405083603e-06,aih_only,0,2,0,2,,3.38708310769286e-06,,,3.37949405083603e-06,3.39467216454969e-06,,FALSE,FALSE,FALSE,FALSE,,AIH
FASLG-FAS,Macrophage 2,IgG+ B cell,,,1.24161752560425e-06,1.01355143073937e-06,aih_only,0,2,0,2,,1.12758447817181e-06,,,1.01355143073937e-06,1.24161752560425e-06,,FALSE,FALSE,FALSE,FALSE,,AIH
FASLG-FAS,Macrophage 2,IgG+ plasmablast / plasma cell,,,2.80424898792922e-06,2.65211216126954e-06,aih_only,0,2,0,2,,2.72818057459938e-06,,,2.65211216126954e-06,2.80424898792922e-06,,FALSE,FALSE,FALSE,FALSE,,AIH
FASLG-FAS,Macrophage 2,IgM+ B cell,,,3.68143137339254e-06,3.53908417077932e-06,aih_only,0,2,0,2,,3.61025777208593e-06,,,3.53908417077932e-06,3.68143137339254e-06,,FALSE,FALSE,FALSE,FALSE,,AIH
FASLG-FAS,Macrophage 2,Macrophage 1,,,2.08875590101935e-06,1.74205364465747e-06,aih_only,0,2,0,2,,1.91540477283841e-06,,,1.74205364465747e-06,2.08875590101935e-06,,FALSE,FALSE,FALSE,FALSE,,AIH
FASLG-FAS,Macrophage 2,Macrophage 2,,,2.1067014984469e-06,2.09728831794403e-06,aih_only,0,2,0,2,,2.10199490819546e-06,,,2.09728831794403e-06,2.1067014984469e-06,,FALSE,FALSE,FALSE,FALSE,,AIH
FASLG-FAS,Macrophage 2,Sinusoidal endothelial cell,,,1.85859484340494e-06,1.97303264186864e-06,aih_only,0,2,0,2,,1.91581374263679e-06,,,1.85859484340494e-06,1.97303264186864e-06,,FALSE,FALSE,FALSE,FALSE,,AIH
FASLG-FAS,Macrophage 2,Stellate cell,,,4.82085672210726e-06,4.15355526833118e-06,aih_only,0,2,0,2,,4.48720599521922e-06,,,4.15355526833118e-06,4.82085672210726e-06,,FALSE,FALSE,FALSE,FALSE,,AIH
FASLG-FAS,Macrophage 2,Vascular endothelial cell,,,2.61647954058351e-06,1.23601111102126e-06,aih_only,0,2,0,2,,1.92624532580239e-06,,,1.23601111102126e-06,2.61647954058351e-06,,FALSE,FALSE,FALSE,FALSE,,AIH
FASLG-FAS,Sinusoidal endothelial cell,CD4+ T cell,,,3.43435586828685e-06,3.21553306342396e-06,aih_only,0,2,0,2,,3.3249444658554e-06,,,3.21553306342396e-06,3.43435586828685e-06,,FALSE,FALSE,FALSE,FALSE,,AIH
FASLG-FAS,Sinusoidal endothelial cell,CD8+ T cell 1,,,8.02657668180191e-06,4.63299566177448e-06,aih_only,0,2,0,2,,6.32978617178819e-06,,,4.63299566177448e-06,8.02657668180191e-06,,FALSE,FALSE,FALSE,FALSE,,AIH
FASLG-FAS,Sinusoidal endothelial cell,CD8+ T cell 2,,,9.76408294152881e-06,7.44989050514352e-06,aih_only,0,2,0,2,,8.60698672333616e-06,,,7.44989050514352e-06,9.76408294152881e-06,,FALSE,FALSE,FALSE,FALSE,,AIH
FASLG-FAS,Sinusoidal endothelial cell,CD8+ T cell 3,,,8.42487316744635e-06,5.48437659958778e-06,aih_only,0,2,0,2,,6.95462488351707e-06,,,5.48437659958778e-06,8.42487316744635e-06,,FALSE,FALSE,FALSE,FALSE,,AIH
FASLG-FAS,Sinusoidal endothelial cell,Cholangiocyte,,,3.91394375688307e-06,4.13567324275623e-06,aih_only,0,2,0,2,,4.02480849981965e-06,,,3.91394375688307e-06,4.13567324275623e-06,,FALSE,FALSE,FALSE,FALSE,,AIH
FASLG-FAS,Sinusoidal endothelial cell,Hepatocyte 1,,,2.12953925078546e-05,1.17233408255515e-05,aih_only,0,2,0,2,,1.6509366666703e-05,,,1.17233408255515e-05,2.12953925078546e-05,,FALSE,FALSE,FALSE,FALSE,,AIH
FASLG-FAS,Sinusoidal endothelial cell,Hepatocyte 2,,,9.40541583766639e-06,6.25767721216208e-06,aih_only,0,2,0,2,,7.83154652491424e-06,,,6.25767721216208e-06,9.40541583766639e-06,,FALSE,FALSE,FALSE,FALSE,,AIH
FASLG-FAS,Sinusoidal endothelial cell,Hepatocyte 3,,,2.43031873451087e-06,1.60081012036852e-06,aih_only,0,2,0,2,,2.0155644274397e-06,,,1.60081012036852e-06,2.43031873451087e-06,,FALSE,FALSE,FALSE,FALSE,,AIH
FASLG-FAS,Sinusoidal endothelial cell,Hepatocyte 4,,,1.26815583408717e-05,1.26497530354665e-05,aih_only,0,2,0,2,,1.26656556881691e-05,,,1.26497530354665e-05,1.26815583408717e-05,,FALSE,FALSE,FALSE,FALSE,,AIH
FASLG-FAS,Sinusoidal endothelial cell,Ig+ hepatocyte,,,7.09056414792738e-06,5.009580286075e-06,aih_only,0,2,0,2,,6.05007221700119e-06,,,5.009580286075e-06,7.09056414792738e-06,,FALSE,FALSE,FALSE,FALSE,,AIH
FASLG-FAS,Sinusoidal endothelial cell,IgG+ B cell,,,1.18726416972797e-06,7.25085400887331e-07,aih_only,0,2,0,2,,9.56174785307651e-07,,,7.25085400887331e-07,1.18726416972797e-06,,FALSE,FALSE,FALSE,FALSE,,AIH
FASLG-FAS,Sinusoidal endothelial cell,IgG+ plasmablast / plasma cell,,,3.30813852802392e-06,1.90287627289323e-06,aih_only,0,2,0,2,,2.60550740045858e-06,,,1.90287627289323e-06,3.30813852802392e-06,,FALSE,FALSE,FALSE,FALSE,,AIH
FASLG-FAS,Sinusoidal endothelial cell,IgM+ B cell,,,2.25396702837768e-06,1.62587972989508e-06,aih_only,0,2,0,2,,1.93992337913638e-06,,,1.62587972989508e-06,2.25396702837768e-06,,FALSE,FALSE,FALSE,FALSE,,AIH
FASLG-FAS,Sinusoidal endothelial cell,Macrophage 1,,,5.14455031902433e-06,3.09548310639658e-06,aih_only,0,2,0,2,,4.12001671271045e-06,,,3.09548310639658e-06,5.14455031902433e-06,,FALSE,FALSE,FALSE,FALSE,,AIH
FASLG-FAS,Sinusoidal endothelial cell,Macrophage 2,,,2.07285967801723e-06,1.65933643327624e-06,aih_only,0,2,0,2,,1.86609805564673e-06,,,1.65933643327624e-06,2.07285967801723e-06,,FALSE,FALSE,FALSE,FALSE,,AIH
FASLG-FAS,Sinusoidal endothelial cell,Sinusoidal endothelial cell,,,1.45595705928541e-05,7.01208761959675e-06,aih_only,0,2,0,2,,1.07858291062254e-05,,,7.01208761959675e-06,1.45595705928541e-05,,FALSE,FALSE,FALSE,FALSE,,AIH
FASLG-FAS,Sinusoidal endothelial cell,Stellate cell,,,7.94891772733587e-06,4.79850200391391e-06,aih_only,0,2,0,2,,6.37370986562489e-06,,,4.79850200391391e-06,7.94891772733587e-06,,FALSE,FALSE,FALSE,FALSE,,AIH
FASLG-FAS,Sinusoidal endothelial cell,Vascular endothelial cell,,,1.09765737922197e-06,7.71795081804927e-07,aih_only,0,2,0,2,,9.34726230513448e-07,,,7.71795081804927e-07,1.09765737922197e-06,,FALSE,FALSE,FALSE,FALSE,,AIH
FASLG-FAS,Stellate cell,CD4+ T cell,,,4.75284912923164e-06,3.61795966660237e-06,aih_only,0,2,0,2,,4.185404397917e-06,,,3.61795966660237e-06,4.75284912923164e-06,,FALSE,FALSE,FALSE,FALSE,,AIH
FASLG-FAS,Stellate cell,CD8+ T cell 1,,,4.30919409215147e-06,2.58893332121497e-06,aih_only,0,2,0,2,,3.44906370668322e-06,,,2.58893332121497e-06,4.30919409215147e-06,,FALSE,FALSE,FALSE,FALSE,,AIH
FASLG-FAS,Stellate cell,CD8+ T cell 2,,,3.22955914655356e-06,3.85664051680203e-06,aih_only,0,2,0,2,,3.5430998316778e-06,,,3.22955914655356e-06,3.85664051680203e-06,,FALSE,FALSE,FALSE,FALSE,,AIH
FASLG-FAS,Stellate cell,CD8+ T cell 3,,,4.00557562318097e-06,4.42983923705809e-06,aih_only,0,2,0,2,,4.21770743011953e-06,,,4.00557562318097e-06,4.42983923705809e-06,,FALSE,FALSE,FALSE,FALSE,,AIH
FASLG-FAS,Stellate cell,Cholangiocyte,,,6.86685831118268e-06,6.14848595421885e-06,aih_only,0,2,0,2,,6.50767213270076e-06,,,6.14848595421885e-06,6.86685831118268e-06,,FALSE,FALSE,FALSE,FALSE,,AIH
FASLG-FAS,Stellate cell,Hepatocyte 1,,,5.04915342607834e-06,5.23549590825885e-06,aih_only,0,2,0,2,,5.1423246671686e-06,,,5.04915342607834e-06,5.23549590825885e-06,,FALSE,FALSE,FALSE,FALSE,,AIH
FASLG-FAS,Stellate cell,Hepatocyte 2,,,2.45410417441949e-06,3.13235990315856e-06,aih_only,0,2,0,2,,2.79323203878903e-06,,,2.45410417441949e-06,3.13235990315856e-06,,FALSE,FALSE,FALSE,FALSE,,AIH
FASLG-FAS,Stellate cell,Hepatocyte 3,,,1.37948768129516e-06,1.13353212518336e-06,aih_only,0,2,0,2,,1.25650990323926e-06,,,1.13353212518336e-06,1.37948768129516e-06,,FALSE,FALSE,FALSE,FALSE,,AIH
FASLG-FAS,Stellate cell,Hepatocyte 4,,,4.87883821218572e-06,4.98239801548869e-06,aih_only,0,2,0,2,,4.9306181138372e-06,,,4.87883821218572e-06,4.98239801548869e-06,,FALSE,FALSE,FALSE,FALSE,,AIH
FASLG-FAS,Stellate cell,Ig+ hepatocyte,,,2.90732324570373e-06,3.39863902539802e-06,aih_only,0,2,0,2,,3.15298113555087e-06,,,2.90732324570373e-06,3.39863902539802e-06,,FALSE,FALSE,FALSE,FALSE,,AIH
FASLG-FAS,Stellate cell,IgG+ B cell,,,1.77746056435632e-06,1.64258856103708e-06,aih_only,0,2,0,2,,1.7100245626967e-06,,,1.64258856103708e-06,1.77746056435632e-06,,FALSE,FALSE,FALSE,FALSE,,AIH
FASLG-FAS,Stellate cell,IgG+ plasmablast / plasma cell,,,3.16026266100672e-06,3.05144451085048e-06,aih_only,0,2,0,2,,3.1058535859286e-06,,,3.05144451085048e-06,3.16026266100672e-06,,FALSE,FALSE,FALSE,FALSE,,AIH
FASLG-FAS,Stellate cell,IgM+ B cell,,,3.52421769194196e-06,2.36790967675743e-06,aih_only,0,2,0,2,,2.94606368434969e-06,,,2.36790967675743e-06,3.52421769194196e-06,,FALSE,FALSE,FALSE,FALSE,,AIH
FASLG-FAS,Stellate cell,Macrophage 1,,,2.51894443256858e-06,1.65290020327397e-06,aih_only,0,2,0,2,,2.08592231792127e-06,,,1.65290020327397e-06,2.51894443256858e-06,,FALSE,FALSE,FALSE,FALSE,,AIH
FASLG-FAS,Stellate cell,Macrophage 2,,,1.95109699110667e-06,1.27719367526591e-06,aih_only,0,2,0,2,,1.61414533318629e-06,,,1.27719367526591e-06,1.95109699110667e-06,,FALSE,FALSE,FALSE,FALSE,,AIH
FASLG-FAS,Stellate cell,Sinusoidal endothelial cell,,,4.34577985694746e-06,2.08694710869419e-06,aih_only,0,2,0,2,,3.21636348282082e-06,,,2.08694710869419e-06,4.34577985694746e-06,,FALSE,FALSE,FALSE,FALSE,,AIH
FASLG-FAS,Stellate cell,Stellate cell,,,8.80153485223923e-06,6.54916993104597e-06,aih_only,0,2,0,2,,7.6753523916426e-06,,,6.54916993104597e-06,8.80153485223923e-06,,FALSE,FALSE,FALSE,FALSE,,AIH
FASLG-FAS,Stellate cell,Vascular endothelial cell,,,2.32176264562567e-06,2.52027014153847e-06,aih_only,0,2,0,2,,2.42101639358207e-06,,,2.32176264562567e-06,2.52027014153847e-06,,FALSE,FALSE,FALSE,FALSE,,AIH
FASLG-FAS,Vascular endothelial cell,CD4+ T cell,,,4.98502274541616e-06,3.55016712535994e-06,aih_only,0,2,0,2,,4.26759493538805e-06,,,3.55016712535994e-06,4.98502274541616e-06,,FALSE,FALSE,FALSE,FALSE,,AIH
FASLG-FAS,Vascular endothelial cell,CD8+ T cell 1,,,2.13138893879724e-06,1.83892244547563e-06,aih_only,0,2,0,2,,1.98515569213643e-06,,,1.83892244547563e-06,2.13138893879724e-06,,FALSE,FALSE,FALSE,FALSE,,AIH
FASLG-FAS,Vascular endothelial cell,CD8+ T cell 2,,,6.69011382138039e-07,6.15460130048132e-07,aih_only,0,2,0,2,,6.42235756093085e-07,,,6.15460130048132e-07,6.69011382138039e-07,,FALSE,FALSE,FALSE,FALSE,,AIH
FASLG-FAS,Vascular endothelial cell,CD8+ T cell 3,,,3.4657481104947e-06,1.75081594470772e-06,aih_only,0,2,0,2,,2.60828202760121e-06,,,1.75081594470772e-06,3.4657481104947e-06,,FALSE,FALSE,FALSE,FALSE,,AIH
FASLG-FAS,Vascular endothelial cell,Cholangiocyte,,,5.29235355001516e-06,3.0913875304756e-06,aih_only,0,2,0,2,,4.19187054024538e-06,,,3.0913875304756e-06,5.29235355001516e-06,,FALSE,FALSE,FALSE,FALSE,,AIH
FASLG-FAS,Vascular endothelial cell,Hepatocyte 1,,,1.70041993961185e-06,1.2498094136198e-06,aih_only,0,2,0,2,,1.47511467661583e-06,,,1.2498094136198e-06,1.70041993961185e-06,,FALSE,FALSE,FALSE,FALSE,,AIH
FASLG-FAS,Vascular endothelial cell,Hepatocyte 2,,,5.69451597336583e-07,4.25174609385335e-07,aih_only,0,2,0,2,,4.97313103360959e-07,,,4.25174609385335e-07,5.69451597336583e-07,,FALSE,FALSE,FALSE,FALSE,,AIH
FASLG-FAS,Vascular endothelial cell,Hepatocyte 3,,,5.89901403733146e-07,1.40329703767246e-07,aih_only,0,2,0,2,,3.65115553750196e-07,,,1.40329703767246e-07,5.89901403733146e-07,,FALSE,FALSE,FALSE,FALSE,,AIH
FASLG-FAS,Vascular endothelial cell,Hepatocyte 4,,,1.65400881573497e-06,1.51161287942229e-06,aih_only,0,2,0,2,,1.58281084757863e-06,,,1.51161287942229e-06,1.65400881573497e-06,,FALSE,FALSE,FALSE,FALSE,,AIH
FASLG-FAS,Vascular endothelial cell,Ig+ hepatocyte,,,7.28567928076244e-07,1.19946787907437e-06,aih_only,0,2,0,2,,9.64017903575308e-07,,,7.28567928076244e-07,1.19946787907437e-06,,FALSE,FALSE,FALSE,FALSE,,AIH
FASLG-FAS,Vascular endothelial cell,IgG+ B cell,,,1.44625168966723e-06,2.27894566863379e-06,aih_only,0,2,0,2,,1.86259867915051e-06,,,1.44625168966723e-06,2.27894566863379e-06,,FALSE,FALSE,FALSE,FALSE,,AIH
FASLG-FAS,Vascular endothelial cell,IgG+ plasmablast / plasma cell,,,3.4953917520587e-06,2.15859343137679e-06,aih_only,0,2,0,2,,2.82699259171774e-06,,,2.15859343137679e-06,3.4953917520587e-06,,FALSE,FALSE,FALSE,FALSE,,AIH
FASLG-FAS,Vascular endothelial cell,IgM+ B cell,,,3.83787534005629e-06,4.15273881619234e-06,aih_only,0,2,0,2,,3.99530707812432e-06,,,3.83787534005629e-06,4.15273881619234e-06,,FALSE,FALSE,FALSE,FALSE,,AIH
FASLG-FAS,Vascular endothelial cell,Macrophage 1,,,1.19851701850387e-06,4.07230446631278e-07,aih_only,0,2,0,2,,8.02873732567576e-07,,,4.07230446631278e-07,1.19851701850387e-06,,FALSE,FALSE,FALSE,FALSE,,AIH
FASLG-FAS,Vascular endothelial cell,Macrophage 2,,,1.88995772867232e-06,9.07127647788995e-07,aih_only,0,2,0,2,,1.39854268823066e-06,,,9.07127647788995e-07,1.88995772867232e-06,,FALSE,FALSE,FALSE,FALSE,,AIH
FASLG-FAS,Vascular endothelial cell,Sinusoidal endothelial cell,,,6.66955963031303e-07,7.92187618327514e-07,aih_only,0,2,0,2,,7.29571790679408e-07,,,6.66955963031303e-07,7.92187618327514e-07,,FALSE,FALSE,FALSE,FALSE,,AIH
FASLG-FAS,Vascular endothelial cell,Stellate cell,,,5.50214689979291e-06,3.98665145212661e-06,aih_only,0,2,0,2,,4.74439917595976e-06,,,3.98665145212661e-06,5.50214689979291e-06,,FALSE,FALSE,FALSE,FALSE,,AIH
FASLG-FAS,Vascular endothelial cell,Vascular endothelial cell,,,1.04668828016535e-05,4.5101793439065e-06,aih_only,0,2,0,2,,7.48853107278001e-06,,,4.5101793439065e-06,1.04668828016535e-05,,FALSE,FALSE,FALSE,FALSE,,AIH
ICOSLG-CD28,CD4+ T cell,CD4+ T cell,,,4.78864164172639e-05,6.73330196462679e-05,aih_only,0,2,0,2,,5.76097180317659e-05,,,4.78864164172639e-05,6.73330196462679e-05,,FALSE,FALSE,FALSE,FALSE,,AIH
ICOSLG-CD28,CD4+ T cell,CD8+ T cell 1,,,7.78324935326997e-06,1.00458654713546e-05,aih_only,0,2,0,2,,8.91455741231228e-06,,,7.78324935326997e-06,1.00458654713546e-05,,FALSE,FALSE,FALSE,FALSE,,AIH
ICOSLG-CD28,CD4+ T cell,CD8+ T cell 2,,,2.59713976524061e-06,4.92888999161187e-06,aih_only,0,2,0,2,,3.76301487842624e-06,,,2.59713976524061e-06,4.92888999161187e-06,,FALSE,FALSE,FALSE,FALSE,,AIH
ICOSLG-CD28,CD4+ T cell,CD8+ T cell 3,,,5.93887220633183e-06,9.87815156487131e-06,aih_only,0,2,0,2,,7.90851188560157e-06,,,5.93887220633183e-06,9.87815156487131e-06,,FALSE,FALSE,FALSE,FALSE,,AIH
ICOSLG-CD28,CD4+ T cell,Cholangiocyte,,,1.63007985429969e-06,1.66990666487951e-06,aih_only,0,2,0,2,,1.6499932595896e-06,,,1.63007985429969e-06,1.66990666487951e-06,,FALSE,FALSE,FALSE,FALSE,,AIH
ICOSLG-CD28,CD4+ T cell,Hepatocyte 1,,,1.87959600076047e-07,5.51221857592684e-07,aih_only,0,2,0,2,,3.69590728834365e-07,,,1.87959600076047e-07,5.51221857592684e-07,,FALSE,FALSE,FALSE,FALSE,,AIH
ICOSLG-CD28,CD4+ T cell,Hepatocyte 2,,,2.61758817154493e-07,2.48582655950435e-07,aih_only,0,2,0,2,,2.55170736552464e-07,,,2.48582655950435e-07,2.61758817154493e-07,,FALSE,FALSE,FALSE,FALSE,,AIH
ICOSLG-CD28,CD4+ T cell,Hepatocyte 3,,,6.14155736707152e-07,6.0722277930895e-07,aih_only,0,2,0,2,,6.10689258008051e-07,,,6.0722277930895e-07,6.14155736707152e-07,,FALSE,FALSE,FALSE,FALSE,,AIH
ICOSLG-CD28,CD4+ T cell,Hepatocyte 4,,,2.06966069365371e-07,5.17022728243952e-07,aih_only,0,2,0,2,,3.61994398804662e-07,,,2.06966069365371e-07,5.17022728243952e-07,,FALSE,FALSE,FALSE,FALSE,,AIH
ICOSLG-CD28,CD4+ T cell,Ig+ hepatocyte,,,1.3542400836983e-06,1.66257935250885e-06,aih_only,0,2,0,2,,1.50840971810357e-06,,,1.3542400836983e-06,1.66257935250885e-06,,FALSE,FALSE,FALSE,FALSE,,AIH
ICOSLG-CD28,CD4+ T cell,IgG+ B cell,,,1.94276189694663e-06,3.07916728472894e-06,aih_only,0,2,0,2,,2.51096459083779e-06,,,1.94276189694663e-06,3.07916728472894e-06,,FALSE,FALSE,FALSE,FALSE,,AIH
ICOSLG-CD28,CD4+ T cell,IgG+ plasmablast / plasma cell,,,3.39025851637638e-06,5.01330584900737e-06,aih_only,0,2,0,2,,4.20178218269188e-06,,,3.39025851637638e-06,5.01330584900737e-06,,FALSE,FALSE,FALSE,FALSE,,AIH
ICOSLG-CD28,CD4+ T cell,IgM+ B cell,,,1.0404345597056e-05,2.8720014778256e-05,aih_only,0,2,0,2,,1.9562180187656e-05,,,1.0404345597056e-05,2.8720014778256e-05,,FALSE,FALSE,FALSE,FALSE,,AIH
ICOSLG-CD28,CD4+ T cell,Macrophage 1,,,1.81452642786357e-06,1.45159835345133e-06,aih_only,0,2,0,2,,1.63306239065745e-06,,,1.45159835345133e-06,1.81452642786357e-06,,FALSE,FALSE,FALSE,FALSE,,AIH
ICOSLG-CD28,CD4+ T cell,Macrophage 2,,,1.98538451108261e-06,2.39957197669736e-06,aih_only,0,2,0,2,,2.19247824388999e-06,,,1.98538451108261e-06,2.39957197669736e-06,,FALSE,FALSE,FALSE,FALSE,,AIH
ICOSLG-CD28,CD4+ T cell,Sinusoidal endothelial cell,,,5.88536563191751e-07,5.50894401694972e-07,aih_only,0,2,0,2,,5.69715482443362e-07,,,5.50894401694972e-07,5.88536563191751e-07,,FALSE,FALSE,FALSE,FALSE,,AIH
ICOSLG-CD28,CD4+ T cell,Stellate cell,,,2.75846984902112e-06,3.76265244794619e-06,aih_only,0,2,0,2,,3.26056114848365e-06,,,2.75846984902112e-06,3.76265244794619e-06,,FALSE,FALSE,FALSE,FALSE,,AIH
ICOSLG-CD28,CD4+ T cell,Vascular endothelial cell,,,2.57432261254113e-06,3.1295255956726e-06,aih_only,0,2,0,2,,2.85192410410687e-06,,,2.57432261254113e-06,3.1295255956726e-06,,FALSE,FALSE,FALSE,FALSE,,AIH
ICOSLG-CD28,CD8+ T cell 1,CD4+ T cell,,,1.53561046794096e-05,1.81031227121396e-05,aih_only,0,2,0,2,,1.67296136957746e-05,,,1.53561046794096e-05,1.81031227121396e-05,,FALSE,FALSE,FALSE,FALSE,,AIH
ICOSLG-CD28,CD8+ T cell 1,CD8+ T cell 1,,,8.84027331721599e-06,1.44866090280525e-05,aih_only,0,2,0,2,,1.16634411726342e-05,,,8.84027331721599e-06,1.44866090280525e-05,,FALSE,FALSE,FALSE,FALSE,,AIH
ICOSLG-CD28,CD8+ T cell 1,CD8+ T cell 2,,,8.336827683304e-06,1.08028189751208e-05,aih_only,0,2,0,2,,9.56982332921241e-06,,,8.336827683304e-06,1.08028189751208e-05,,FALSE,FALSE,FALSE,FALSE,,AIH
ICOSLG-CD28,CD8+ T cell 1,CD8+ T cell 3,,,6.99602139976651e-06,1.23128390460497e-05,aih_only,0,2,0,2,,9.65443022290812e-06,,,6.99602139976651e-06,1.23128390460497e-05,,FALSE,FALSE,FALSE,FALSE,,AIH
ICOSLG-CD28,CD8+ T cell 1,Cholangiocyte,,,1.01408293704686e-06,1.28450153198737e-06,aih_only,0,2,0,2,,1.14929223451711e-06,,,1.01408293704686e-06,1.28450153198737e-06,,FALSE,FALSE,FALSE,FALSE,,AIH
ICOSLG-CD28,CD8+ T cell 1,Hepatocyte 1,,,8.16945104092781e-07,1.03739477353366e-06,aih_only,0,2,0,2,,9.27169938813222e-07,,,8.16945104092781e-07,1.03739477353366e-06,,FALSE,FALSE,FALSE,FALSE,,AIH
ICOSLG-CD28,CD8+ T cell 1,Hepatocyte 2,,,6.16948634600754e-07,5.29182316882502e-07,aih_only,0,2,0,2,,5.73065475741628e-07,,,5.29182316882502e-07,6.16948634600754e-07,,FALSE,FALSE,FALSE,FALSE,,AIH
ICOSLG-CD28,CD8+ T cell 1,Hepatocyte 3,,,8.28188132532169e-07,1.48288471690497e-06,aih_only,0,2,0,2,,1.15553642471857e-06,,,8.28188132532169e-07,1.48288471690497e-06,,FALSE,FALSE,FALSE,FALSE,,AIH
ICOSLG-CD28,CD8+ T cell 1,Hepatocyte 4,,,1.11861510928005e-06,1.03602703553382e-06,aih_only,0,2,0,2,,1.07732107240693e-06,,,1.03602703553382e-06,1.11861510928005e-06,,FALSE,FALSE,FALSE,FALSE,,AIH
ICOSLG-CD28,CD8+ T cell 1,Ig+ hepatocyte,,,1.85968051205903e-06,1.55497002443275e-06,aih_only,0,2,0,2,,1.70732526824589e-06,,,1.55497002443275e-06,1.85968051205903e-06,,FALSE,FALSE,FALSE,FALSE,,AIH
ICOSLG-CD28,CD8+ T cell 1,IgG+ B cell,,,1.01253288267655e-06,1.26775512162304e-06,aih_only,0,2,0,2,,1.14014400214979e-06,,,1.01253288267655e-06,1.26775512162304e-06,,FALSE,FALSE,FALSE,FALSE,,AIH
ICOSLG-CD28,CD8+ T cell 1,IgG+ plasmablast / plasma cell,,,2.18589028484998e-06,2.48772004563093e-06,aih_only,0,2,0,2,,2.33680516524046e-06,,,2.18589028484998e-06,2.48772004563093e-06,,FALSE,FALSE,FALSE,FALSE,,AIH
ICOSLG-CD28,CD8+ T cell 1,IgM+ B cell,,,2.34347376371516e-06,2.94004380044492e-06,aih_only,0,2,0,2,,2.64175878208004e-06,,,2.34347376371516e-06,2.94004380044492e-06,,FALSE,FALSE,FALSE,FALSE,,AIH
ICOSLG-CD28,CD8+ T cell 1,Macrophage 1,,,2.0056355176871e-06,2.20898521319437e-06,aih_only,0,2,0,2,,2.10731036544074e-06,,,2.0056355176871e-06,2.20898521319437e-06,,FALSE,FALSE,FALSE,FALSE,,AIH
ICOSLG-CD28,CD8+ T cell 1,Macrophage 2,,,9.64215335148924e-07,1.46349204398449e-06,aih_only,0,2,0,2,,1.21385368956671e-06,,,9.64215335148924e-07,1.46349204398449e-06,,FALSE,FALSE,FALSE,FALSE,,AIH
ICOSLG-CD28,CD8+ T cell 1,Sinusoidal endothelial cell,,,1.29590460511096e-06,2.02469287730608e-06,aih_only,0,2,0,2,,1.66029874120852e-06,,,1.29590460511096e-06,2.02469287730608e-06,,FALSE,FALSE,FALSE,FALSE,,AIH
ICOSLG-CD28,CD8+ T cell 1,Stellate cell,,,1.33224281709882e-06,1.92054879509721e-06,aih_only,0,2,0,2,,1.62639580609801e-06,,,1.33224281709882e-06,1.92054879509721e-06,,FALSE,FALSE,FALSE,FALSE,,AIH
ICOSLG-CD28,CD8+ T cell 1,Vascular endothelial cell,,,7.58198026426058e-07,1.00132783967623e-06,aih_only,0,2,0,2,,8.79762933051146e-07,,,7.58198026426058e-07,1.00132783967623e-06,,FALSE,FALSE,FALSE,FALSE,,AIH
ICOSLG-CD28,CD8+ T cell 2,CD4+ T cell,,,1.31121697417392e-05,1.71592768670252e-05,aih_only,0,2,0,2,,1.51357233043822e-05,,,1.31121697417392e-05,1.71592768670252e-05,,FALSE,FALSE,FALSE,FALSE,,AIH
ICOSLG-CD28,CD8+ T cell 2,CD8+ T cell 1,,,1.26109855516553e-05,1.63390540925138e-05,aih_only,0,2,0,2,,1.44750198220846e-05,,,1.26109855516553e-05,1.63390540925138e-05,,FALSE,FALSE,FALSE,FALSE,,AIH
ICOSLG-CD28,CD8+ T cell 2,CD8+ T cell 2,,,4.04446077167413e-05,3.57238245663553e-05,aih_only,0,2,0,2,,3.80842161415483e-05,,,3.57238245663553e-05,4.04446077167413e-05,,FALSE,FALSE,FALSE,FALSE,,AIH
ICOSLG-CD28,CD8+ T cell 2,CD8+ T cell 3,,,1.58331788005569e-05,1.61833765966494e-05,aih_only,0,2,0,2,,1.60082776986032e-05,,,1.58331788005569e-05,1.61833765966494e-05,,FALSE,FALSE,FALSE,FALSE,,AIH
ICOSLG-CD28,CD8+ T cell 2,Cholangiocyte,,,7.2685008092391e-07,1.19197336333811e-06,aih_only,0,2,0,2,,9.5941172213101e-07,,,7.2685008092391e-07,1.19197336333811e-06,,FALSE,FALSE,FALSE,FALSE,,AIH
ICOSLG-CD28,CD8+ T cell 2,Hepatocyte 1,,,2.9009707835723e-06,1.79843036970894e-06,aih_only,0,2,0,2,,2.34970057664062e-06,,,1.79843036970894e-06,2.9009707835723e-06,,FALSE,FALSE,FALSE,FALSE,,AIH
ICOSLG-CD28,CD8+ T cell 2,Hepatocyte 2,,,1.77671498136263e-06,6.65389756208572e-07,aih_only,0,2,0,2,,1.2210523687856e-06,,,6.65389756208572e-07,1.77671498136263e-06,,FALSE,FALSE,FALSE,FALSE,,AIH
ICOSLG-CD28,CD8+ T cell 2,Hepatocyte 3,,,3.24667523132205e-06,2.58649543842125e-06,aih_only,0,2,0,2,,2.91658533487165e-06,,,2.58649543842125e-06,3.24667523132205e-06,,FALSE,FALSE,FALSE,FALSE,,AIH
ICOSLG-CD28,CD8+ T cell 2,Hepatocyte 4,,,2.38906511866763e-06,1.7754019999513e-06,aih_only,0,2,0,2,,2.08223355930947e-06,,,1.7754019999513e-06,2.38906511866763e-06,,FALSE,FALSE,FALSE,FALSE,,AIH
ICOSLG-CD28,CD8+ T cell 2,Ig+ hepatocyte,,,4.16315965191146e-06,2.53980101585977e-06,aih_only,0,2,0,2,,3.35148033388561e-06,,,2.53980101585977e-06,4.16315965191146e-06,,FALSE,FALSE,FALSE,FALSE,,AIH
ICOSLG-CD28,CD8+ T cell 2,IgG+ B cell,,,1.12057470705185e-06,9.60158756295352e-07,aih_only,0,2,0,2,,1.0403667316736e-06,,,9.60158756295352e-07,1.12057470705185e-06,,FALSE,FALSE,FALSE,FALSE,,AIH
ICOSLG-CD28,CD8+ T cell 2,IgG+ plasmablast / plasma cell,,,2.8978250867459e-06,2.09622284161433e-06,aih_only,0,2,0,2,,2.49702396418011e-06,,,2.09622284161433e-06,2.8978250867459e-06,,FALSE,FALSE,FALSE,FALSE,,AIH
ICOSLG-CD28,CD8+ T cell 2,IgM+ B cell,,,1.25190471875231e-06,1.78017046387152e-06,aih_only,0,2,0,2,,1.51603759131192e-06,,,1.25190471875231e-06,1.78017046387152e-06,,FALSE,FALSE,FALSE,FALSE,,AIH
ICOSLG-CD28,CD8+ T cell 2,Macrophage 1,,,3.19652853270222e-06,2.76611033107444e-06,aih_only,0,2,0,2,,2.98131943188833e-06,,,2.76611033107444e-06,3.19652853270222e-06,,FALSE,FALSE,FALSE,FALSE,,AIH
ICOSLG-CD28,CD8+ T cell 2,Macrophage 2,,,1.0045926378758e-06,1.59753566697301e-06,aih_only,0,2,0,2,,1.3010641524244e-06,,,1.0045926378758e-06,1.59753566697301e-06,,FALSE,FALSE,FALSE,FALSE,,AIH
ICOSLG-CD28,CD8+ T cell 2,Sinusoidal endothelial cell,,,2.49888859574681e-06,3.10524966777529e-06,aih_only,0,2,0,2,,2.80206913176105e-06,,,2.49888859574681e-06,3.10524966777529e-06,,FALSE,FALSE,FALSE,FALSE,,AIH
ICOSLG-CD28,CD8+ T cell 2,Stellate cell,,,1.20601258795479e-06,2.12716624808605e-06,aih_only,0,2,0,2,,1.66658941802042e-06,,,1.20601258795479e-06,2.12716624808605e-06,,FALSE,FALSE,FALSE,FALSE,,AIH
ICOSLG-CD28,CD8+ T cell 2,Vascular endothelial cell,,,6.33321909857626e-07,1.09755374765247e-06,aih_only,0,2,0,2,,8.65437828755049e-07,,,6.33321909857626e-07,1.09755374765247e-06,,FALSE,FALSE,FALSE,FALSE,,AIH
ICOSLG-CD28,CD8+ T cell 3,CD4+ T cell,,,1.63323934117834e-05,2.19964749597755e-05,aih_only,0,2,0,2,,1.91644341857794e-05,,,1.63323934117834e-05,2.19964749597755e-05,,FALSE,FALSE,FALSE,FALSE,,AIH
ICOSLG-CD28,CD8+ T cell 3,CD8+ T cell 1,,,1.21979483953696e-05,1.47761169521528e-05,aih_only,0,2,0,2,,1.34870326737612e-05,,,1.21979483953696e-05,1.47761169521528e-05,,FALSE,FALSE,FALSE,FALSE,,AIH
ICOSLG-CD28,CD8+ T cell 3,CD8+ T cell 2,,,1.90159947725529e-05,1.72187036589401e-05,aih_only,0,2,0,2,,1.81173492157465e-05,,,1.72187036589401e-05,1.90159947725529e-05,,FALSE,FALSE,FALSE,FALSE,,AIH
ICOSLG-CD28,CD8+ T cell 3,CD8+ T cell 3,,,3.66382992569997e-05,4.43285264908127e-05,aih_only,0,2,0,2,,4.04834128739062e-05,,,3.66382992569997e-05,4.43285264908127e-05,,FALSE,FALSE,FALSE,FALSE,,AIH
ICOSLG-CD28,CD8+ T cell 3,Cholangiocyte,,,1.29947371647044e-06,1.50011190371603e-06,aih_only,0,2,0,2,,1.39979281009323e-06,,,1.29947371647044e-06,1.50011190371603e-06,,FALSE,FALSE,FALSE,FALSE,,AIH
ICOSLG-CD28,CD8+ T cell 3,Hepatocyte 1,,,1.97777209628173e-06,1.39732983336321e-06,aih_only,0,2,0,2,,1.68755096482247e-06,,,1.39732983336321e-06,1.97777209628173e-06,,FALSE,FALSE,FALSE,FALSE,,AIH
ICOSLG-CD28,CD8+ T cell 3,Hepatocyte 2,,,1.68059450341616e-06,1.31069113648322e-06,aih_only,0,2,0,2,,1.49564281994969e-06,,,1.31069113648322e-06,1.68059450341616e-06,,FALSE,FALSE,FALSE,FALSE,,AIH
ICOSLG-CD28,CD8+ T cell 3,Hepatocyte 3,,,3.06812053330087e-06,2.32217140812287e-06,aih_only,0,2,0,2,,2.69514597071187e-06,,,2.32217140812287e-06,3.06812053330087e-06,,FALSE,FALSE,FALSE,FALSE,,AIH
ICOSLG-CD28,CD8+ T cell 3,Hepatocyte 4,,,2.67396190371826e-06,1.39168599505406e-06,aih_only,0,2,0,2,,2.03282394938616e-06,,,1.39168599505406e-06,2.67396190371826e-06,,FALSE,FALSE,FALSE,FALSE,,AIH
ICOSLG-CD28,CD8+ T cell 3,Ig+ hepatocyte,,,6.00860751795631e-06,9.60727318754572e-07,aih_only,0,2,0,2,,3.48466741835544e-06,,,9.60727318754572e-07,6.00860751795631e-06,,FALSE,FALSE,FALSE,FALSE,,AIH
ICOSLG-CD28,CD8+ T cell 3,IgG+ B cell,,,7.69546971987253e-07,1.06136049569726e-06,aih_only,0,2,0,2,,9.15453733842258e-07,,,7.69546971987253e-07,1.06136049569726e-06,,FALSE,FALSE,FALSE,FALSE,,AIH
ICOSLG-CD28,CD8+ T cell 3,IgG+ plasmablast / plasma cell,,,3.36061505977339e-06,2.42554126238124e-06,aih_only,0,2,0,2,,2.89307816107732e-06,,,2.42554126238124e-06,3.36061505977339e-06,,FALSE,FALSE,FALSE,FALSE,,AIH
ICOSLG-CD28,CD8+ T cell 3,IgM+ B cell,,,3.03151050125396e-06,3.07440616614112e-06,aih_only,0,2,0,2,,3.05295833369754e-06,,,3.03151050125396e-06,3.07440616614112e-06,,FALSE,FALSE,FALSE,FALSE,,AIH
ICOSLG-CD28,CD8+ T cell 3,Macrophage 1,,,2.79072895301571e-06,2.5914573656361e-06,aih_only,0,2,0,2,,2.69109315932591e-06,,,2.5914573656361e-06,2.79072895301571e-06,,FALSE,FALSE,FALSE,FALSE,,AIH
ICOSLG-CD28,CD8+ T cell 3,Macrophage 2,,,8.27840291588745e-07,2.06720469350379e-06,aih_only,0,2,0,2,,1.44752249254627e-06,,,8.27840291588745e-07,2.06720469350379e-06,,FALSE,FALSE,FALSE,FALSE,,AIH
ICOSLG-CD28,CD8+ T cell 3,Sinusoidal endothelial cell,,,2.04584415562075e-06,1.28631093808452e-06,aih_only,0,2,0,2,,1.66607754685263e-06,,,1.28631093808452e-06,2.04584415562075e-06,,FALSE,FALSE,FALSE,FALSE,,AIH
ICOSLG-CD28,CD8+ T cell 3,Stellate cell,,,1.41178403936193e-06,2.53683303851325e-06,aih_only,0,2,0,2,,1.97430853893759e-06,,,1.41178403936193e-06,2.53683303851325e-06,,FALSE,FALSE,FALSE,FALSE,,AIH
ICOSLG-CD28,CD8+ T cell 3,Vascular endothelial cell,,,8.09596446230495e-07,7.9952421975975e-07,aih_only,0,2,0,2,,8.04560332995123e-07,,,7.9952421975975e-07,8.09596446230495e-07,,FALSE,FALSE,FALSE,FALSE,,AIH
ICOSLG-CD28,Cholangiocyte,CD4+ T cell,,,4.02565575312386e-05,2.9585984247181e-05,aih_only,0,2,0,2,,3.49212708892098e-05,,,2.9585984247181e-05,4.02565575312386e-05,,FALSE,FALSE,FALSE,FALSE,,AIH
ICOSLG-CD28,Cholangiocyte,CD8+ T cell 1,,,8.94553150616513e-06,9.77608163626152e-06,aih_only,0,2,0,2,,9.36080657121332e-06,,,8.94553150616513e-06,9.77608163626152e-06,,FALSE,FALSE,FALSE,FALSE,,AIH
ICOSLG-CD28,Cholangiocyte,CD8+ T cell 2,,,2.22108026967457e-06,4.70203739454617e-06,aih_only,0,2,0,2,,3.46155883211037e-06,,,2.22108026967457e-06,4.70203739454617e-06,,FALSE,FALSE,FALSE,FALSE,,AIH
ICOSLG-CD28,Cholangiocyte,CD8+ T cell 3,,,7.09059068758254e-06,1.03017824020208e-05,aih_only,0,2,0,2,,8.69618654480169e-06,,,7.09059068758254e-06,1.03017824020208e-05,,FALSE,FALSE,FALSE,FALSE,,AIH
ICOSLG-CD28,Cholangiocyte,Cholangiocyte,,,6.72698074078194e-06,6.95858255644472e-06,aih_only,0,2,0,2,,6.84278164861333e-06,,,6.72698074078194e-06,6.95858255644472e-06,,FALSE,FALSE,FALSE,FALSE,,AIH
ICOSLG-CD28,Cholangiocyte,Hepatocyte 1,,,1.69416845246901e-07,3.67604803726426e-07,aih_only,0,2,0,2,,2.68510824486663e-07,,,1.69416845246901e-07,3.67604803726426e-07,,FALSE,FALSE,FALSE,FALSE,,AIH
ICOSLG-CD28,Cholangiocyte,Hepatocyte 2,,,2.80655003481299e-07,2.52726557824337e-07,aih_only,0,2,0,2,,2.66690780652818e-07,,,2.52726557824337e-07,2.80655003481299e-07,,FALSE,FALSE,FALSE,FALSE,,AIH
ICOSLG-CD28,Cholangiocyte,Hepatocyte 3,,,9.12987778681435e-07,2.18866577817455e-06,aih_only,0,2,0,2,,1.55082677842799e-06,,,9.12987778681435e-07,2.18866577817455e-06,,FALSE,FALSE,FALSE,FALSE,,AIH
ICOSLG-CD28,Cholangiocyte,Hepatocyte 4,,,1.28715749950163e-07,3.20016964036346e-07,aih_only,0,2,0,2,,2.24366356993255e-07,,,1.28715749950163e-07,3.20016964036346e-07,,FALSE,FALSE,FALSE,FALSE,,AIH
ICOSLG-CD28,Cholangiocyte,Ig+ hepatocyte,,,2.79600291218937e-06,1.317296784314e-06,aih_only,0,2,0,2,,2.05664984825169e-06,,,1.317296784314e-06,2.79600291218937e-06,,FALSE,FALSE,FALSE,FALSE,,AIH
ICOSLG-CD28,Cholangiocyte,IgG+ B cell,,,3.70741167227285e-06,2.76998182664994e-06,aih_only,0,2,0,2,,3.2386967494614e-06,,,2.76998182664994e-06,3.70741167227285e-06,,FALSE,FALSE,FALSE,FALSE,,AIH
ICOSLG-CD28,Cholangiocyte,IgG+ plasmablast / plasma cell,,,4.27896792456195e-06,5.40968524675469e-06,aih_only,0,2,0,2,,4.84432658565832e-06,,,4.27896792456195e-06,5.40968524675469e-06,,FALSE,FALSE,FALSE,FALSE,,AIH
ICOSLG-CD28,Cholangiocyte,IgM+ B cell,,,5.2083819200271e-06,8.73889615054484e-06,aih_only,0,2,0,2,,6.97363903528597e-06,,,5.2083819200271e-06,8.73889615054484e-06,,FALSE,FALSE,FALSE,FALSE,,AIH
ICOSLG-CD28,Cholangiocyte,Macrophage 1,,,1.48425450827065e-06,1.05595602142782e-06,aih_only,0,2,0,2,,1.27010526484924e-06,,,1.05595602142782e-06,1.48425450827065e-06,,FALSE,FALSE,FALSE,FALSE,,AIH
ICOSLG-CD28,Cholangiocyte,Macrophage 2,,,3.19308220091446e-06,2.17538818716982e-06,aih_only,0,2,0,2,,2.68423519404214e-06,,,2.17538818716982e-06,3.19308220091446e-06,,FALSE,FALSE,FALSE,FALSE,,AIH
ICOSLG-CD28,Cholangiocyte,Sinusoidal endothelial cell,,,5.23809758464459e-07,9.0218878607617e-07,aih_only,0,2,0,2,,7.12999272270314e-07,,,5.23809758464459e-07,9.0218878607617e-07,,FALSE,FALSE,FALSE,FALSE,,AIH
ICOSLG-CD28,Cholangiocyte,Stellate cell,,,3.22637501054714e-06,3.51936260356768e-06,aih_only,0,2,0,2,,3.37286880705741e-06,,,3.22637501054714e-06,3.51936260356768e-06,,FALSE,FALSE,FALSE,FALSE,,AIH
ICOSLG-CD28,Cholangiocyte,Vascular endothelial cell,,,2.26659086582645e-06,2.94425812299133e-06,aih_only,0,2,0,2,,2.60542449440889e-06,,,2.26659086582645e-06,2.94425812299133e-06,,FALSE,FALSE,FALSE,FALSE,,AIH
ICOSLG-CD28,Hepatocyte 1,CD4+ T cell,,,4.23241402768376e-05,3.29842751090864e-05,aih_only,0,2,0,2,,3.7654207692962e-05,,,3.29842751090864e-05,4.23241402768376e-05,,FALSE,FALSE,FALSE,FALSE,,AIH
ICOSLG-CD28,Hepatocyte 1,CD8+ T cell 1,,,3.82628811966081e-05,3.17536604914105e-05,aih_only,0,2,0,2,,3.50082708440093e-05,,,3.17536604914105e-05,3.82628811966081e-05,,FALSE,FALSE,FALSE,FALSE,,AIH
ICOSLG-CD28,Hepatocyte 1,CD8+ T cell 2,,,8.14515123455184e-05,3.71612804688237e-05,aih_only,0,2,0,2,,5.9306396407171e-05,,,3.71612804688237e-05,8.14515123455184e-05,,FALSE,FALSE,FALSE,FALSE,,AIH
ICOSLG-CD28,Hepatocyte 1,CD8+ T cell 3,,,4.30820110677874e-05,3.30034822374369e-05,aih_only,0,2,0,2,,3.80427466526122e-05,,,3.30034822374369e-05,4.30820110677874e-05,,FALSE,FALSE,FALSE,FALSE,,AIH
ICOSLG-CD28,Hepatocyte 1,Cholangiocyte,,,2.72376883271089e-06,2.27861644838371e-06,aih_only,0,2,0,2,,2.5011926405473e-06,,,2.27861644838371e-06,2.72376883271089e-06,,FALSE,FALSE,FALSE,FALSE,,AIH
ICOSLG-CD28,Hepatocyte 1,Hepatocyte 1,,,1.300633163795e-05,4.20936496271236e-06,aih_only,0,2,0,2,,8.6078483003312e-06,,,4.20936496271236e-06,1.300633163795e-05,,FALSE,FALSE,FALSE,FALSE,,AIH
ICOSLG-CD28,Hepatocyte 1,Hepatocyte 2,,,6.16326087845356e-06,1.70310861020931e-06,aih_only,0,2,0,2,,3.93318474433144e-06,,,1.70310861020931e-06,6.16326087845356e-06,,FALSE,FALSE,FALSE,FALSE,,AIH
ICOSLG-CD28,Hepatocyte 1,Hepatocyte 3,,,9.42304296008008e-06,6.09036988942603e-06,aih_only,0,2,0,2,,7.75670642475306e-06,,,6.09036988942603e-06,9.42304296008008e-06,,FALSE,FALSE,FALSE,FALSE,,AIH
ICOSLG-CD28,Hepatocyte 1,Hepatocyte 4,,,9.0036642039961e-06,3.61802271151569e-06,aih_only,0,2,0,2,,6.31084345775589e-06,,,3.61802271151569e-06,9.0036642039961e-06,,FALSE,FALSE,FALSE,FALSE,,AIH
ICOSLG-CD28,Hepatocyte 1,Ig+ hepatocyte,,,9.89068671003823e-06,4.82404249589993e-06,aih_only,0,2,0,2,,7.35736460296908e-06,,,4.82404249589993e-06,9.89068671003823e-06,,FALSE,FALSE,FALSE,FALSE,,AIH
ICOSLG-CD28,Hepatocyte 1,IgG+ B cell,,,2.53811261775297e-06,1.83050888248802e-06,aih_only,0,2,0,2,,2.18431075012049e-06,,,1.83050888248802e-06,2.53811261775297e-06,,FALSE,FALSE,FALSE,FALSE,,AIH
ICOSLG-CD28,Hepatocyte 1,IgG+ plasmablast / plasma cell,,,7.60065998658807e-06,3.78769695948206e-06,aih_only,0,2,0,2,,5.69417847303506e-06,,,3.78769695948206e-06,7.60065998658807e-06,,FALSE,FALSE,FALSE,FALSE,,AIH
ICOSLG-CD28,Hepatocyte 1,IgM+ B cell,,,4.28383110296043e-06,3.39261423984119e-06,aih_only,0,2,0,2,,3.83822267140081e-06,,,3.39261423984119e-06,4.28383110296043e-06,,FALSE,FALSE,FALSE,FALSE,,AIH
ICOSLG-CD28,Hepatocyte 1,Macrophage 1,,,9.19807378094325e-06,5.69866352482542e-06,aih_only,0,2,0,2,,7.44836865288433e-06,,,5.69866352482542e-06,9.19807378094325e-06,,FALSE,FALSE,FALSE,FALSE,,AIH
ICOSLG-CD28,Hepatocyte 1,Macrophage 2,,,2.43449014606428e-06,3.26510346734931e-06,aih_only,0,2,0,2,,2.8497968067068e-06,,,2.43449014606428e-06,3.26510346734931e-06,,FALSE,FALSE,FALSE,FALSE,,AIH
ICOSLG-CD28,Hepatocyte 1,Sinusoidal endothelial cell,,,7.68635090143555e-06,5.33225051103409e-06,aih_only,0,2,0,2,,6.50930070623482e-06,,,5.33225051103409e-06,7.68635090143555e-06,,FALSE,FALSE,FALSE,FALSE,,AIH
ICOSLG-CD28,Hepatocyte 1,Stellate cell,,,3.60671989829329e-06,3.53793059697669e-06,aih_only,0,2,0,2,,3.57232524763499e-06,,,3.53793059697669e-06,3.60671989829329e-06,,FALSE,FALSE,FALSE,FALSE,,AIH
ICOSLG-CD28,Hepatocyte 1,Vascular endothelial cell,,,1.9288080782068e-06,1.48302632437265e-06,aih_only,0,2,0,2,,1.70591720128973e-06,,,1.48302632437265e-06,1.9288080782068e-06,,FALSE,FALSE,FALSE,FALSE,,AIH
ICOSLG-CD28,Hepatocyte 2,CD4+ T cell,,,1.47948645197613e-05,1.38191181502523e-05,aih_only,0,2,0,2,,1.43069913350068e-05,,,1.38191181502523e-05,1.47948645197613e-05,,FALSE,FALSE,FALSE,FALSE,,AIH
ICOSLG-CD28,Hepatocyte 2,CD8+ T cell 1,,,1.08378814976265e-05,1.41132224942099e-05,aih_only,0,2,0,2,,1.24755519959182e-05,,,1.08378814976265e-05,1.41132224942099e-05,,FALSE,FALSE,FALSE,FALSE,,AIH
ICOSLG-CD28,Hepatocyte 2,CD8+ T cell 2,,,2.23714021289735e-05,1.84424430483391e-05,aih_only,0,2,0,2,,2.04069225886563e-05,,,1.84424430483391e-05,2.23714021289735e-05,,FALSE,FALSE,FALSE,FALSE,,AIH
ICOSLG-CD28,Hepatocyte 2,CD8+ T cell 3,,,1.31926361746604e-05,1.55010253508046e-05,aih_only,0,2,0,2,,1.43468307627325e-05,,,1.31926361746604e-05,1.55010253508046e-05,,FALSE,FALSE,FALSE,FALSE,,AIH
ICOSLG-CD28,Hepatocyte 2,Cholangiocyte,,,1.01138994888978e-06,1.00186487647075e-06,aih_only,0,2,0,2,,1.00662741268027e-06,,,1.00186487647075e-06,1.01138994888978e-06,,FALSE,FALSE,FALSE,FALSE,,AIH
ICOSLG-CD28,Hepatocyte 2,Hepatocyte 1,,,2.54165639402705e-06,1.94709704684867e-06,aih_only,0,2,0,2,,2.24437672043786e-06,,,1.94709704684867e-06,2.54165639402705e-06,,FALSE,FALSE,FALSE,FALSE,,AIH
ICOSLG-CD28,Hepatocyte 2,Hepatocyte 2,,,2.88806415663802e-06,1.30652761658629e-06,aih_only,0,2,0,2,,2.09729588661215e-06,,,1.30652761658629e-06,2.88806415663802e-06,,FALSE,FALSE,FALSE,FALSE,,AIH
ICOSLG-CD28,Hepatocyte 2,Hepatocyte 3,,,4.37164585260302e-06,3.10931033086451e-06,aih_only,0,2,0,2,,3.74047809173377e-06,,,3.10931033086451e-06,4.37164585260302e-06,,FALSE,FALSE,FALSE,FALSE,,AIH
ICOSLG-CD28,Hepatocyte 2,Hepatocyte 4,,,2.82763847642502e-06,1.87090337479929e-06,aih_only,0,2,0,2,,2.34927092561216e-06,,,1.87090337479929e-06,2.82763847642502e-06,,FALSE,FALSE,FALSE,FALSE,,AIH
ICOSLG-CD28,Hepatocyte 2,Ig+ hepatocyte,,,2.33956075650751e-06,2.75293813592245e-06,aih_only,0,2,0,2,,2.54624944621498e-06,,,2.33956075650751e-06,2.75293813592245e-06,,FALSE,FALSE,FALSE,FALSE,,AIH
ICOSLG-CD28,Hepatocyte 2,IgG+ B cell,,,1.18885079776122e-06,9.61785710996985e-07,aih_only,0,2,0,2,,1.0753182543791e-06,,,9.61785710996985e-07,1.18885079776122e-06,,FALSE,FALSE,FALSE,FALSE,,AIH
ICOSLG-CD28,Hepatocyte 2,IgG+ plasmablast / plasma cell,,,2.31504988965007e-06,1.49114043276442e-06,aih_only,0,2,0,2,,1.90309516120725e-06,,,1.49114043276442e-06,2.31504988965007e-06,,FALSE,FALSE,FALSE,FALSE,,AIH
ICOSLG-CD28,Hepatocyte 2,IgM+ B cell,,,1.30518868732124e-06,1.06800527242448e-06,aih_only,0,2,0,2,,1.18659697987286e-06,,,1.06800527242448e-06,1.30518868732124e-06,,FALSE,FALSE,FALSE,FALSE,,AIH
ICOSLG-CD28,Hepatocyte 2,Macrophage 1,,,2.3323796876291e-06,2.65975979705599e-06,aih_only,0,2,0,2,,2.49606974234254e-06,,,2.3323796876291e-06,2.65975979705599e-06,,FALSE,FALSE,FALSE,FALSE,,AIH
ICOSLG-CD28,Hepatocyte 2,Macrophage 2,,,6.43866550430061e-07,1.57505995574518e-06,aih_only,0,2,0,2,,1.10946325308762e-06,,,6.43866550430061e-07,1.57505995574518e-06,,FALSE,FALSE,FALSE,FALSE,,AIH
ICOSLG-CD28,Hepatocyte 2,Sinusoidal endothelial cell,,,1.70974563095924e-06,2.35014794125507e-06,aih_only,0,2,0,2,,2.02994678610715e-06,,,1.70974563095924e-06,2.35014794125507e-06,,FALSE,FALSE,FALSE,FALSE,,AIH
ICOSLG-CD28,Hepatocyte 2,Stellate cell,,,1.01347389435362e-06,1.71068700910843e-06,aih_only,0,2,0,2,,1.36208045173103e-06,,,1.01347389435362e-06,1.71068700910843e-06,,FALSE,FALSE,FALSE,FALSE,,AIH
ICOSLG-CD28,Hepatocyte 2,Vascular endothelial cell,,,9.70830101616909e-07,8.1125696763701e-07,aih_only,0,2,0,2,,8.91043534626959e-07,,,8.1125696763701e-07,9.70830101616909e-07,,FALSE,FALSE,FALSE,FALSE,,AIH
ICOSLG-CD28,Hepatocyte 3,CD4+ T cell,,,6.3906505698671e-06,5.46215355468547e-06,aih_only,0,2,0,2,,5.92640206227628e-06,,,5.46215355468547e-06,6.3906505698671e-06,,FALSE,FALSE,FALSE,FALSE,,AIH
ICOSLG-CD28,Hepatocyte 3,CD8+ T cell 1,,,4.24631240600986e-06,4.09344080375087e-06,aih_only,0,2,0,2,,4.16987660488037e-06,,,4.09344080375087e-06,4.24631240600986e-06,,FALSE,FALSE,FALSE,FALSE,,AIH
ICOSLG-CD28,Hepatocyte 3,CD8+ T cell 2,,,1.0590366257895e-05,4.68455877108246e-06,aih_only,0,2,0,2,,7.63746251448875e-06,,,4.68455877108246e-06,1.0590366257895e-05,,FALSE,FALSE,FALSE,FALSE,,AIH
ICOSLG-CD28,Hepatocyte 3,CD8+ T cell 3,,,2.28966008055995e-06,4.18838789265251e-06,aih_only,0,2,0,2,,3.23902398660623e-06,,,2.28966008055995e-06,4.18838789265251e-06,,FALSE,FALSE,FALSE,FALSE,,AIH
ICOSLG-CD28,Hepatocyte 3,Cholangiocyte,,,3.27525140528736e-07,1.47667101026213e-07,aih_only,0,2,0,2,,2.37596120777474e-07,,,1.47667101026213e-07,3.27525140528736e-07,,FALSE,FALSE,FALSE,FALSE,,AIH
ICOSLG-CD28,Hepatocyte 3,Hepatocyte 1,,,8.43850010556857e-07,8.5384770716296e-07,aih_only,0,2,0,2,,8.48848858859909e-07,,,8.43850010556857e-07,8.5384770716296e-07,,FALSE,FALSE,FALSE,FALSE,,AIH
ICOSLG-CD28,Hepatocyte 3,Hepatocyte 2,,,2.57992284001145e-07,3.47485373612277e-07,aih_only,0,2,0,2,,3.02738828806711e-07,,,2.57992284001145e-07,3.47485373612277e-07,,FALSE,FALSE,FALSE,FALSE,,AIH
ICOSLG-CD28,Hepatocyte 3,Hepatocyte 3,,,3.13857036950172e-06,1.44314994654316e-06,aih_only,0,2,0,2,,2.29086015802244e-06,,,1.44314994654316e-06,3.13857036950172e-06,,FALSE,FALSE,FALSE,FALSE,,AIH
ICOSLG-CD28,Hepatocyte 3,Hepatocyte 4,,,1.16476680589918e-07,3.64993293175941e-07,aih_only,0,2,0,2,,2.4073498688293e-07,,,1.16476680589918e-07,3.64993293175941e-07,,FALSE,FALSE,FALSE,FALSE,,AIH
ICOSLG-CD28,Hepatocyte 3,Ig+ hepatocyte,,,2.59592310848679e-08,7.49492640367497e-07,aih_only,0,2,0,2,,3.87725935726183e-07,,,2.59592310848679e-08,7.49492640367497e-07,,FALSE,FALSE,FALSE,FALSE,,AIH
ICOSLG-CD28,Hepatocyte 3,IgG+ B cell,,,3.47263908088201e-07,2.00878468572524e-06,aih_only,0,2,0,2,,1.17802429690672e-06,,,3.47263908088201e-07,2.00878468572524e-06,,FALSE,FALSE,FALSE,FALSE,,AIH
ICOSLG-CD28,Hepatocyte 3,IgG+ plasmablast / plasma cell,,,5.11210976737576e-07,5.64281891267639e-07,aih_only,0,2,0,2,,5.37746434002607e-07,,,5.11210976737576e-07,5.64281891267639e-07,,FALSE,FALSE,FALSE,FALSE,,AIH
ICOSLG-CD28,Hepatocyte 3,IgM+ B cell,,,6.88494943323736e-07,5.14239177563685e-07,aih_only,0,2,0,2,,6.0136706044371e-07,,,5.14239177563685e-07,6.88494943323736e-07,,FALSE,FALSE,FALSE,FALSE,,AIH
ICOSLG-CD28,Hepatocyte 3,Macrophage 1,,,8.10467583460068e-07,7.26040195537097e-07,aih_only,0,2,0,2,,7.68253889498582e-07,,,7.26040195537097e-07,8.10467583460068e-07,,FALSE,FALSE,FALSE,FALSE,,AIH
ICOSLG-CD28,Hepatocyte 3,Macrophage 2,,,5.3127521601938e-07,2.49172561143945e-07,aih_only,0,2,0,2,,3.90223888581662e-07,,,2.49172561143945e-07,5.3127521601938e-07,,FALSE,FALSE,FALSE,FALSE,,AIH
ICOSLG-CD28,Hepatocyte 3,Sinusoidal endothelial cell,,,6.76729707610876e-07,4.17821911221633e-07,aih_only,0,2,0,2,,5.47275809416255e-07,,,4.17821911221633e-07,6.76729707610876e-07,,FALSE,FALSE,FALSE,FALSE,,AIH
ICOSLG-CD28,Hepatocyte 3,Stellate cell,,,5.31297846185817e-07,6.70514138221631e-07,aih_only,0,2,0,2,,6.00905992203724e-07,,,5.31297846185817e-07,6.70514138221631e-07,,FALSE,FALSE,FALSE,FALSE,,AIH
ICOSLG-CD28,Hepatocyte 3,Vascular endothelial cell,,,3.024159964592e-07,1.03434521133677e-06,aih_only,0,2,0,2,,6.68380603897985e-07,,,3.024159964592e-07,1.03434521133677e-06,,FALSE,FALSE,FALSE,FALSE,,AIH
ICOSLG-CD28,Hepatocyte 4,CD4+ T cell,,,4.00355133763518e-05,3.28237434709545e-05,aih_only,0,2,0,2,,3.64296284236531e-05,,,3.28237434709545e-05,4.00355133763518e-05,,FALSE,FALSE,FALSE,FALSE,,AIH
ICOSLG-CD28,Hepatocyte 4,CD8+ T cell 1,,,3.5561628207647e-05,3.25824780134698e-05,aih_only,0,2,0,2,,3.40720531105584e-05,,,3.25824780134698e-05,3.5561628207647e-05,,FALSE,FALSE,FALSE,FALSE,,AIH
ICOSLG-CD28,Hepatocyte 4,CD8+ T cell 2,,,7.72471822442784e-05,3.94546054662273e-05,aih_only,0,2,0,2,,5.83508938552528e-05,,,3.94546054662273e-05,7.72471822442784e-05,,FALSE,FALSE,FALSE,FALSE,,AIH
ICOSLG-CD28,Hepatocyte 4,CD8+ T cell 3,,,7.98225218329425e-05,3.56106164500816e-05,aih_only,0,2,0,2,,5.77165691415121e-05,,,3.56106164500816e-05,7.98225218329425e-05,,FALSE,FALSE,FALSE,FALSE,,AIH
ICOSLG-CD28,Hepatocyte 4,Cholangiocyte,,,1.73443513358654e-06,2.4722881615981e-06,aih_only,0,2,0,2,,2.10336164759232e-06,,,1.73443513358654e-06,2.4722881615981e-06,,FALSE,FALSE,FALSE,FALSE,,AIH
ICOSLG-CD28,Hepatocyte 4,Hepatocyte 1,,,8.01849130716674e-06,4.0501233114735e-06,aih_only,0,2,0,2,,6.03430730932012e-06,,,4.0501233114735e-06,8.01849130716674e-06,,FALSE,FALSE,FALSE,FALSE,,AIH
ICOSLG-CD28,Hepatocyte 4,Hepatocyte 2,,,5.1702892199368e-06,1.40809626957682e-06,aih_only,0,2,0,2,,3.28919274475681e-06,,,1.40809626957682e-06,5.1702892199368e-06,,FALSE,FALSE,FALSE,FALSE,,AIH
ICOSLG-CD28,Hepatocyte 4,Hepatocyte 3,,,6.32627377170262e-06,5.60964373238189e-06,aih_only,0,2,0,2,,5.96795875204226e-06,,,5.60964373238189e-06,6.32627377170262e-06,,FALSE,FALSE,FALSE,FALSE,,AIH
ICOSLG-CD28,Hepatocyte 4,Hepatocyte 4,,,2.89434425408519e-05,5.71908358213346e-06,aih_only,0,2,0,2,,1.73312630614927e-05,,,5.71908358213346e-06,2.89434425408519e-05,,FALSE,FALSE,FALSE,FALSE,,AIH
ICOSLG-CD28,Hepatocyte 4,Ig+ hepatocyte,,,1.06314857264822e-05,4.90955394051897e-06,aih_only,0,2,0,2,,7.77051983350057e-06,,,4.90955394051897e-06,1.06314857264822e-05,,FALSE,FALSE,FALSE,FALSE,,AIH
ICOSLG-CD28,Hepatocyte 4,IgG+ B cell,,,1.86361378085847e-06,1.7674230546341e-06,aih_only,0,2,0,2,,1.81551841774629e-06,,,1.7674230546341e-06,1.86361378085847e-06,,FALSE,FALSE,FALSE,FALSE,,AIH
ICOSLG-CD28,Hepatocyte 4,IgG+ plasmablast / plasma cell,,,6.73205322716722e-06,3.25696568618497e-06,aih_only,0,2,0,2,,4.99450945667609e-06,,,3.25696568618497e-06,6.73205322716722e-06,,FALSE,FALSE,FALSE,FALSE,,AIH
ICOSLG-CD28,Hepatocyte 4,IgM+ B cell,,,6.80685749778938e-06,3.45098697551857e-06,aih_only,0,2,0,2,,5.12892223665398e-06,,,3.45098697551857e-06,6.80685749778938e-06,,FALSE,FALSE,FALSE,FALSE,,AIH
ICOSLG-CD28,Hepatocyte 4,Macrophage 1,,,8.43815482254479e-06,5.75423552375509e-06,aih_only,0,2,0,2,,7.09619517314994e-06,,,5.75423552375509e-06,8.43815482254479e-06,,FALSE,FALSE,FALSE,FALSE,,AIH
ICOSLG-CD28,Hepatocyte 4,Macrophage 2,,,2.36923429094111e-06,2.62231798402178e-06,aih_only,0,2,0,2,,2.49577613748145e-06,,,2.36923429094111e-06,2.62231798402178e-06,,FALSE,FALSE,FALSE,FALSE,,AIH
ICOSLG-CD28,Hepatocyte 4,Sinusoidal endothelial cell,,,5.12651088287695e-06,4.84127267309302e-06,aih_only,0,2,0,2,,4.98389177798499e-06,,,4.84127267309302e-06,5.12651088287695e-06,,FALSE,FALSE,FALSE,FALSE,,AIH
ICOSLG-CD28,Hepatocyte 4,Stellate cell,,,3.19979623901345e-06,3.69571119739949e-06,aih_only,0,2,0,2,,3.44775371820647e-06,,,3.19979623901345e-06,3.69571119739949e-06,,FALSE,FALSE,FALSE,FALSE,,AIH
ICOSLG-CD28,Hepatocyte 4,Vascular endothelial cell,,,2.22580601026698e-06,2.00146738778587e-06,aih_only,0,2,0,2,,2.11363669902642e-06,,,2.00146738778587e-06,2.22580601026698e-06,,FALSE,FALSE,FALSE,FALSE,,AIH
ICOSLG-CD28,Ig+ hepatocyte,CD4+ T cell,,,1.42637850145383e-05,1.4629626155741e-05,aih_only,0,2,0,2,,1.44467055851397e-05,,,1.42637850145383e-05,1.4629626155741e-05,,FALSE,FALSE,FALSE,FALSE,,AIH
ICOSLG-CD28,Ig+ hepatocyte,CD8+ T cell 1,,,1.11012642620324e-05,9.66601489035105e-06,aih_only,0,2,0,2,,1.03836395761917e-05,,,9.66601489035105e-06,1.11012642620324e-05,,FALSE,FALSE,FALSE,FALSE,,AIH
ICOSLG-CD28,Ig+ hepatocyte,CD8+ T cell 2,,,1.47995548271625e-05,6.54464708102684e-06,aih_only,0,2,0,2,,1.06721009540947e-05,,,6.54464708102684e-06,1.47995548271625e-05,,FALSE,FALSE,FALSE,FALSE,,AIH
ICOSLG-CD28,Ig+ hepatocyte,CD8+ T cell 3,,,1.23087174811383e-05,9.51260604016843e-06,aih_only,0,2,0,2,,1.09106617606534e-05,,,9.51260604016843e-06,1.23087174811383e-05,,FALSE,FALSE,FALSE,FALSE,,AIH
ICOSLG-CD28,Ig+ hepatocyte,Cholangiocyte,,,1.21887274302054e-06,2.1973475299351e-06,aih_only,0,2,0,2,,1.70811013647782e-06,,,1.21887274302054e-06,2.1973475299351e-06,,FALSE,FALSE,FALSE,FALSE,,AIH
ICOSLG-CD28,Ig+ hepatocyte,Hepatocyte 1,,,2.37574042170041e-06,9.70408134408868e-07,aih_only,0,2,0,2,,1.67307427805464e-06,,,9.70408134408868e-07,2.37574042170041e-06,,FALSE,FALSE,FALSE,FALSE,,AIH
ICOSLG-CD28,Ig+ hepatocyte,Hepatocyte 2,,,1.15115938734546e-06,5.37134150417226e-07,aih_only,0,2,0,2,,8.44146768881342e-07,,,5.37134150417226e-07,1.15115938734546e-06,,FALSE,FALSE,FALSE,FALSE,,AIH
ICOSLG-CD28,Ig+ hepatocyte,Hepatocyte 3,,,2.10948731182663e-07,1.6257007148061e-06,aih_only,0,2,0,2,,9.1832472299438e-07,,,2.10948731182663e-07,1.6257007148061e-06,,FALSE,FALSE,FALSE,FALSE,,AIH
ICOSLG-CD28,Ig+ hepatocyte,Hepatocyte 4,,,2.64426893981021e-06,1.44528361266471e-06,aih_only,0,2,0,2,,2.04477627623746e-06,,,1.44528361266471e-06,2.64426893981021e-06,,FALSE,FALSE,FALSE,FALSE,,AIH
ICOSLG-CD28,Ig+ hepatocyte,Ig+ hepatocyte,,,1.64013489844268e-05,1.37087573697701e-05,aih_only,0,2,0,2,,1.50550531770984e-05,,,1.37087573697701e-05,1.64013489844268e-05,,FALSE,FALSE,FALSE,FALSE,,AIH
ICOSLG-CD28,Ig+ hepatocyte,IgG+ B cell,,,1.34679925297491e-06,2.33726801477514e-06,aih_only,0,2,0,2,,1.84203363387503e-06,,,1.34679925297491e-06,2.33726801477514e-06,,FALSE,FALSE,FALSE,FALSE,,AIH
ICOSLG-CD28,Ig+ hepatocyte,IgG+ plasmablast / plasma cell,,,4.01328718463637e-06,4.96359656005225e-06,aih_only,0,2,0,2,,4.48844187234431e-06,,,4.01328718463637e-06,4.96359656005225e-06,,FALSE,FALSE,FALSE,FALSE,,AIH
ICOSLG-CD28,Ig+ hepatocyte,IgM+ B cell,,,8.00761822095692e-07,4.13397763739045e-06,aih_only,0,2,0,2,,2.46736972974307e-06,,,8.00761822095692e-07,4.13397763739045e-06,,FALSE,FALSE,FALSE,FALSE,,AIH
ICOSLG-CD28,Ig+ hepatocyte,Macrophage 1,,,2.56646155842425e-06,2.02998812012526e-06,aih_only,0,2,0,2,,2.29822483927476e-06,,,2.02998812012526e-06,2.56646155842425e-06,,FALSE,FALSE,FALSE,FALSE,,AIH
ICOSLG-CD28,Ig+ hepatocyte,Macrophage 2,,,5.37773616566915e-07,1.86843645869818e-06,aih_only,0,2,0,2,,1.20310503763255e-06,,,5.37773616566915e-07,1.86843645869818e-06,,FALSE,FALSE,FALSE,FALSE,,AIH
ICOSLG-CD28,Ig+ hepatocyte,Sinusoidal endothelial cell,,,6.70781769515125e-07,2.36504221646706e-06,aih_only,0,2,0,2,,1.51791199299109e-06,,,6.70781769515125e-07,2.36504221646706e-06,,FALSE,FALSE,FALSE,FALSE,,AIH
ICOSLG-CD28,Ig+ hepatocyte,Stellate cell,,,9.52106634577522e-07,2.24718576299527e-06,aih_only,0,2,0,2,,1.5996461987864e-06,,,9.52106634577522e-07,2.24718576299527e-06,,FALSE,FALSE,FALSE,FALSE,,AIH
ICOSLG-CD28,Ig+ hepatocyte,Vascular endothelial cell,,,3.78139731616198e-07,9.86218873907613e-07,aih_only,0,2,0,2,,6.82179302761905e-07,,,3.78139731616198e-07,9.86218873907613e-07,,FALSE,FALSE,FALSE,FALSE,,AIH
ICOSLG-CD28,IgG+ B cell,CD4+ T cell,,,1.2609633872811e-05,1.63390595220096e-05,aih_only,0,2,0,2,,1.44743466974103e-05,,,1.2609633872811e-05,1.63390595220096e-05,,FALSE,FALSE,FALSE,FALSE,,AIH
ICOSLG-CD28,IgG+ B cell,CD8+ T cell 1,,,3.99607380104179e-06,3.35088183790651e-06,aih_only,0,2,0,2,,3.67347781947415e-06,,,3.35088183790651e-06,3.99607380104179e-06,,FALSE,FALSE,FALSE,FALSE,,AIH
ICOSLG-CD28,IgG+ B cell,CD8+ T cell 2,,,1.952634901289e-06,1.05049399622107e-06,aih_only,0,2,0,2,,1.50156444875504e-06,,,1.05049399622107e-06,1.952634901289e-06,,FALSE,FALSE,FALSE,FALSE,,AIH
ICOSLG-CD28,IgG+ B cell,CD8+ T cell 3,,,2.07484101187652e-06,4.13657168850953e-06,aih_only,0,2,0,2,,3.10570635019303e-06,,,2.07484101187652e-06,4.13657168850953e-06,,FALSE,FALSE,FALSE,FALSE,,AIH
ICOSLG-CD28,IgG+ B cell,Cholangiocyte,,,1.34562433363138e-06,1.23915505957808e-06,aih_only,0,2,0,2,,1.29238969660473e-06,,,1.23915505957808e-06,1.34562433363138e-06,,FALSE,FALSE,FALSE,FALSE,,AIH
ICOSLG-CD28,IgG+ B cell,Hepatocyte 1,,,1.71839980496313e-07,1.27368477175281e-07,aih_only,0,2,0,2,,1.49604228835797e-07,,,1.27368477175281e-07,1.71839980496313e-07,,FALSE,FALSE,FALSE,FALSE,,AIH
ICOSLG-CD28,IgG+ B cell,Hepatocyte 2,,,5.08989019147946e-08,7.18834146079887e-08,aih_only,0,2,0,2,,6.13911582613916e-08,,,5.08989019147946e-08,7.18834146079887e-08,,FALSE,FALSE,FALSE,FALSE,,AIH
ICOSLG-CD28,IgG+ B cell,Hepatocyte 3,,,6.57907761106342e-07,3.97919797497758e-07,aih_only,0,2,0,2,,5.2791377930205e-07,,,3.97919797497758e-07,6.57907761106342e-07,,FALSE,FALSE,FALSE,FALSE,,AIH
ICOSLG-CD28,IgG+ B cell,Hepatocyte 4,,,9.85827167927889e-08,9.67447678792175e-08,aih_only,0,2,0,2,,9.76637423360032e-08,,,9.67447678792175e-08,9.85827167927889e-08,,FALSE,FALSE,FALSE,FALSE,,AIH
ICOSLG-CD28,IgG+ B cell,Ig+ hepatocyte,,,1.31592489377491e-06,6.71104077152082e-07,aih_only,0,2,0,2,,9.93514485463495e-07,,,6.71104077152082e-07,1.31592489377491e-06,,FALSE,FALSE,FALSE,FALSE,,AIH
ICOSLG-CD28,IgG+ B cell,IgG+ B cell,,,2.51974900501367e-06,5.59424026667228e-06,aih_only,0,2,0,2,,4.05699463584297e-06,,,2.51974900501367e-06,5.59424026667228e-06,,FALSE,FALSE,FALSE,FALSE,,AIH
ICOSLG-CD28,IgG+ B cell,IgG+ plasmablast / plasma cell,,,2.46673625541139e-06,3.50829803356131e-06,aih_only,0,2,0,2,,2.98751714448635e-06,,,2.46673625541139e-06,3.50829803356131e-06,,FALSE,FALSE,FALSE,FALSE,,AIH
ICOSLG-CD28,IgG+ B cell,IgM+ B cell,,,1.51574040201172e-06,5.14242490221307e-06,aih_only,0,2,0,2,,3.32908265211239e-06,,,1.51574040201172e-06,5.14242490221307e-06,,FALSE,FALSE,FALSE,FALSE,,AIH
ICOSLG-CD28,IgG+ B cell,Macrophage 1,,,7.80163148342908e-07,4.52418650241578e-07,aih_only,0,2,0,2,,6.16290899292243e-07,,,4.52418650241578e-07,7.80163148342908e-07,,FALSE,FALSE,FALSE,FALSE,,AIH
ICOSLG-CD28,IgG+ B cell,Macrophage 2,,,1.00790989846525e-06,1.09551625695409e-06,aih_only,0,2,0,2,,1.05171307770967e-06,,,1.00790989846525e-06,1.09551625695409e-06,,FALSE,FALSE,FALSE,FALSE,,AIH
ICOSLG-CD28,IgG+ B cell,Sinusoidal endothelial cell,,,3.98772202060016e-07,1.6522583048987e-07,aih_only,0,2,0,2,,2.81999016274943e-07,,,1.6522583048987e-07,3.98772202060016e-07,,FALSE,FALSE,FALSE,FALSE,,AIH
ICOSLG-CD28,IgG+ B cell,Stellate cell,,,1.73994983576343e-06,2.73040190299044e-06,aih_only,0,2,0,2,,2.23517586937693e-06,,,1.73994983576343e-06,2.73040190299044e-06,,FALSE,FALSE,FALSE,FALSE,,AIH
ICOSLG-CD28,IgG+ B cell,Vascular endothelial cell,,,1.43766066286169e-06,2.4287962056859e-06,aih_only,0,2,0,2,,1.93322843427379e-06,,,1.43766066286169e-06,2.4287962056859e-06,,FALSE,FALSE,FALSE,FALSE,,AIH
ICOSLG-CD28,IgG+ plasmablast / plasma cell,CD4+ T cell,,,4.35059211441949e-05,5.22641540814421e-05,aih_only,0,2,0,2,,4.78850376128185e-05,,,4.35059211441949e-05,5.22641540814421e-05,,FALSE,FALSE,FALSE,FALSE,,AIH
ICOSLG-CD28,IgG+ plasmablast / plasma cell,CD8+ T cell 1,,,1.53207312391977e-05,1.59375852110931e-05,aih_only,0,2,0,2,,1.56291582251454e-05,,,1.53207312391977e-05,1.59375852110931e-05,,FALSE,FALSE,FALSE,FALSE,,AIH
ICOSLG-CD28,IgG+ plasmablast / plasma cell,CD8+ T cell 2,,,6.31099684707681e-06,6.65861743042069e-06,aih_only,0,2,0,2,,6.48480713874875e-06,,,6.31099684707681e-06,6.65861743042069e-06,,FALSE,FALSE,FALSE,FALSE,,AIH
ICOSLG-CD28,IgG+ plasmablast / plasma cell,CD8+ T cell 3,,,1.24733475746833e-05,1.59640977940445e-05,aih_only,0,2,0,2,,1.42187226843639e-05,,,1.24733475746833e-05,1.59640977940445e-05,,FALSE,FALSE,FALSE,FALSE,,AIH
ICOSLG-CD28,IgG+ plasmablast / plasma cell,Cholangiocyte,,,2.83517954919815e-06,3.45866265147824e-06,aih_only,0,2,0,2,,3.1469211003382e-06,,,2.83517954919815e-06,3.45866265147824e-06,,FALSE,FALSE,FALSE,FALSE,,AIH
ICOSLG-CD28,IgG+ plasmablast / plasma cell,Hepatocyte 1,,,7.64716129136687e-07,6.19283652689588e-07,aih_only,0,2,0,2,,6.91999890913137e-07,,,6.19283652689588e-07,7.64716129136687e-07,,FALSE,FALSE,FALSE,FALSE,,AIH
ICOSLG-CD28,IgG+ plasmablast / plasma cell,Hepatocyte 2,,,6.059291931697e-07,3.60969458746457e-07,aih_only,0,2,0,2,,4.83449325958079e-07,,,3.60969458746457e-07,6.059291931697e-07,,FALSE,FALSE,FALSE,FALSE,,AIH
ICOSLG-CD28,IgG+ plasmablast / plasma cell,Hepatocyte 3,,,1.58762190999104e-06,1.08355559572279e-06,aih_only,0,2,0,2,,1.33558875285692e-06,,,1.08355559572279e-06,1.58762190999104e-06,,FALSE,FALSE,FALSE,FALSE,,AIH
ICOSLG-CD28,IgG+ plasmablast / plasma cell,Hepatocyte 4,,,6.05897858935489e-07,5.63172809302002e-07,aih_only,0,2,0,2,,5.84535334118746e-07,,,5.63172809302002e-07,6.05897858935489e-07,,FALSE,FALSE,FALSE,FALSE,,AIH
ICOSLG-CD28,IgG+ plasmablast / plasma cell,Ig+ hepatocyte,,,4.65947612600422e-06,2.3382963042121e-06,aih_only,0,2,0,2,,3.49888621510816e-06,,,2.3382963042121e-06,4.65947612600422e-06,,FALSE,FALSE,FALSE,FALSE,,AIH
ICOSLG-CD28,IgG+ plasmablast / plasma cell,IgG+ B cell,,,4.77879883847145e-06,5.5162172250154e-06,aih_only,0,2,0,2,,5.14750803174342e-06,,,4.77879883847145e-06,5.5162172250154e-06,,FALSE,FALSE,FALSE,FALSE,,AIH
ICOSLG-CD28,IgG+ plasmablast / plasma cell,IgG+ plasmablast / plasma cell,,,1.00759069524852e-05,1.44649271960474e-05,aih_only,0,2,0,2,,1.22704170742663e-05,,,1.00759069524852e-05,1.44649271960474e-05,,FALSE,FALSE,FALSE,FALSE,,AIH
ICOSLG-CD28,IgG+ plasmablast / plasma cell,IgM+ B cell,,,6.60891743975341e-06,9.75816169096094e-06,aih_only,0,2,0,2,,8.18353956535717e-06,,,6.60891743975341e-06,9.75816169096094e-06,,FALSE,FALSE,FALSE,FALSE,,AIH
ICOSLG-CD28,IgG+ plasmablast / plasma cell,Macrophage 1,,,3.33800356927685e-06,2.19827239630501e-06,aih_only,0,2,0,2,,2.76813798279093e-06,,,2.19827239630501e-06,3.33800356927685e-06,,FALSE,FALSE,FALSE,FALSE,,AIH
ICOSLG-CD28,IgG+ plasmablast / plasma cell,Macrophage 2,,,3.08145323772874e-06,3.30815997786701e-06,aih_only,0,2,0,2,,3.19480660779787e-06,,,3.08145323772874e-06,3.30815997786701e-06,,FALSE,FALSE,FALSE,FALSE,,AIH
ICOSLG-CD28,IgG+ plasmablast / plasma cell,Sinusoidal endothelial cell,,,2.07390659216957e-06,9.29014753203037e-07,aih_only,0,2,0,2,,1.5014606726863e-06,,,9.29014753203037e-07,2.07390659216957e-06,,FALSE,FALSE,FALSE,FALSE,,AIH
ICOSLG-CD28,IgG+ plasmablast / plasma cell,Stellate cell,,,3.77284217129071e-06,4.11604031428019e-06,aih_only,0,2,0,2,,3.94444124278545e-06,,,3.77284217129071e-06,4.11604031428019e-06,,FALSE,FALSE,FALSE,FALSE,,AIH
ICOSLG-CD28,IgG+ plasmablast / plasma cell,Vascular endothelial cell,,,2.62891999558244e-06,4.74742780738945e-06,aih_only,0,2,0,2,,3.68817390148594e-06,,,2.62891999558244e-06,4.74742780738945e-06,,FALSE,FALSE,FALSE,FALSE,,AIH
ICOSLG-CD28,IgM+ B cell,CD4+ T cell,,,0.000106752210630111,0.000124149474766693,aih_only,0,2,0,2,,0.000115450842698402,,,0.000106752210630111,0.000124149474766693,,FALSE,FALSE,FALSE,FALSE,,AIH
ICOSLG-CD28,IgM+ B cell,CD8+ T cell 1,,,1.74334752840113e-05,1.89732745338399e-05,aih_only,0,2,0,2,,1.82033749089256e-05,,,1.74334752840113e-05,1.89732745338399e-05,,FALSE,FALSE,FALSE,FALSE,,AIH
ICOSLG-CD28,IgM+ B cell,CD8+ T cell 2,,,4.61537069446813e-06,9.73991209639257e-06,aih_only,0,2,0,2,,7.17764139543035e-06,,,4.61537069446813e-06,9.73991209639257e-06,,FALSE,FALSE,FALSE,FALSE,,AIH
ICOSLG-CD28,IgM+ B cell,CD8+ T cell 3,,,1.63466070970397e-05,2.00356780850122e-05,aih_only,0,2,0,2,,1.8191142591026e-05,,,1.63466070970397e-05,2.00356780850122e-05,,FALSE,FALSE,FALSE,FALSE,,AIH
ICOSLG-CD28,IgM+ B cell,Cholangiocyte,,,3.84158160991341e-06,5.16918002221392e-06,aih_only,0,2,0,2,,4.50538081606366e-06,,,3.84158160991341e-06,5.16918002221392e-06,,FALSE,FALSE,FALSE,FALSE,,AIH
ICOSLG-CD28,IgM+ B cell,Hepatocyte 1,,,2.64326158710791e-07,8.83408624047814e-07,aih_only,0,2,0,2,,5.73867391379303e-07,,,2.64326158710791e-07,8.83408624047814e-07,,FALSE,FALSE,FALSE,FALSE,,AIH
ICOSLG-CD28,IgM+ B cell,Hepatocyte 2,,,5.16516619227177e-07,2.30691894335749e-07,aih_only,0,2,0,2,,3.73604256781463e-07,,,2.30691894335749e-07,5.16516619227177e-07,,FALSE,FALSE,FALSE,FALSE,,AIH
ICOSLG-CD28,IgM+ B cell,Hepatocyte 3,,,1.73779586365875e-06,1.19221023037702e-06,aih_only,0,2,0,2,,1.46500304701788e-06,,,1.19221023037702e-06,1.73779586365875e-06,,FALSE,FALSE,FALSE,FALSE,,AIH
ICOSLG-CD28,IgM+ B cell,Hepatocyte 4,,,6.30724646992474e-07,6.13935218300341e-07,aih_only,0,2,0,2,,6.22329932646408e-07,,,6.13935218300341e-07,6.30724646992474e-07,,FALSE,FALSE,FALSE,FALSE,,AIH
ICOSLG-CD28,IgM+ B cell,Ig+ hepatocyte,,,3.66274134675703e-06,9.50608228313308e-07,aih_only,0,2,0,2,,2.30667478753517e-06,,,9.50608228313308e-07,3.66274134675703e-06,,FALSE,FALSE,FALSE,FALSE,,AIH
ICOSLG-CD28,IgM+ B cell,IgG+ B cell,,,3.93036548737449e-06,6.7377178211245e-06,aih_only,0,2,0,2,,5.3340416542495e-06,,,3.93036548737449e-06,6.7377178211245e-06,,FALSE,FALSE,FALSE,FALSE,,AIH
ICOSLG-CD28,IgM+ B cell,IgG+ plasmablast / plasma cell,,,7.21013056560603e-06,1.00346801827498e-05,aih_only,0,2,0,2,,8.6224053741779e-06,,,7.21013056560603e-06,1.00346801827498e-05,,FALSE,FALSE,FALSE,FALSE,,AIH
ICOSLG-CD28,IgM+ B cell,IgM+ B cell,,,3.28630068745388e-05,8.60382812886289e-05,aih_only,0,2,0,2,,5.94506440815839e-05,,,3.28630068745388e-05,8.60382812886289e-05,,FALSE,FALSE,FALSE,FALSE,,AIH
ICOSLG-CD28,IgM+ B cell,Macrophage 1,,,3.82754306047909e-06,2.42810099028981e-06,aih_only,0,2,0,2,,3.12782202538445e-06,,,2.42810099028981e-06,3.82754306047909e-06,,FALSE,FALSE,FALSE,FALSE,,AIH
ICOSLG-CD28,IgM+ B cell,Macrophage 2,,,5.42768136712724e-06,4.67007560991033e-06,aih_only,0,2,0,2,,5.04887848851879e-06,,,4.67007560991033e-06,5.42768136712724e-06,,FALSE,FALSE,FALSE,FALSE,,AIH
ICOSLG-CD28,IgM+ B cell,Sinusoidal endothelial cell,,,1.43719539636709e-06,1.40777337132289e-06,aih_only,0,2,0,2,,1.42248438384499e-06,,,1.40777337132289e-06,1.43719539636709e-06,,FALSE,FALSE,FALSE,FALSE,,AIH
ICOSLG-CD28,IgM+ B cell,Stellate cell,,,6.62920086621647e-06,6.64654170704848e-06,aih_only,0,2,0,2,,6.63787128663247e-06,,,6.62920086621647e-06,6.64654170704848e-06,,FALSE,FALSE,FALSE,FALSE,,AIH
ICOSLG-CD28,IgM+ B cell,Vascular endothelial cell,,,6.83202789211574e-06,5.76933608145218e-06,aih_only,0,2,0,2,,6.30068198678396e-06,,,5.76933608145218e-06,6.83202789211574e-06,,FALSE,FALSE,FALSE,FALSE,,AIH
ICOSLG-CD28,Macrophage 1,CD4+ T cell,,,5.42515145729332e-05,5.74301526733337e-05,aih_only,0,2,0,2,,5.58408336231334e-05,,,5.42515145729332e-05,5.74301526733337e-05,,FALSE,FALSE,FALSE,FALSE,,AIH
ICOSLG-CD28,Macrophage 1,CD8+ T cell 1,,,3.1787383832027e-05,4.33394569475242e-05,aih_only,0,2,0,2,,3.75634203897756e-05,,,3.1787383832027e-05,4.33394569475242e-05,,FALSE,FALSE,FALSE,FALSE,,AIH
ICOSLG-CD28,Macrophage 1,CD8+ T cell 2,,,3.21788626742577e-05,3.98484094653697e-05,aih_only,0,2,0,2,,3.60136360698137e-05,,,3.21788626742577e-05,3.98484094653697e-05,,FALSE,FALSE,FALSE,FALSE,,AIH
ICOSLG-CD28,Macrophage 1,CD8+ T cell 3,,,2.60792701881506e-05,4.26541777050766e-05,aih_only,0,2,0,2,,3.43667239466136e-05,,,2.60792701881506e-05,4.26541777050766e-05,,FALSE,FALSE,FALSE,FALSE,,AIH
ICOSLG-CD28,Macrophage 1,Cholangiocyte,,,3.10253665718955e-06,3.82447461771255e-06,aih_only,0,2,0,2,,3.46350563745105e-06,,,3.10253665718955e-06,3.82447461771255e-06,,FALSE,FALSE,FALSE,FALSE,,AIH
ICOSLG-CD28,Macrophage 1,Hepatocyte 1,,,3.66074065762617e-06,3.88804024175767e-06,aih_only,0,2,0,2,,3.77439044969192e-06,,,3.66074065762617e-06,3.88804024175767e-06,,FALSE,FALSE,FALSE,FALSE,,AIH
ICOSLG-CD28,Macrophage 1,Hepatocyte 2,,,2.50719246557733e-06,1.94622140224359e-06,aih_only,0,2,0,2,,2.22670693391046e-06,,,1.94622140224359e-06,2.50719246557733e-06,,FALSE,FALSE,FALSE,FALSE,,AIH
ICOSLG-CD28,Macrophage 1,Hepatocyte 3,,,3.70501315220312e-06,5.0890548850736e-06,aih_only,0,2,0,2,,4.39703401863836e-06,,,3.70501315220312e-06,5.0890548850736e-06,,FALSE,FALSE,FALSE,FALSE,,AIH
ICOSLG-CD28,Macrophage 1,Hepatocyte 4,,,4.03248417866621e-06,3.2545840759791e-06,aih_only,0,2,0,2,,3.64353412732266e-06,,,3.2545840759791e-06,4.03248417866621e-06,,FALSE,FALSE,FALSE,FALSE,,AIH
ICOSLG-CD28,Macrophage 1,Ig+ hepatocyte,,,5.79328288187234e-06,5.54562180278237e-06,aih_only,0,2,0,2,,5.66945234232736e-06,,,5.54562180278237e-06,5.79328288187234e-06,,FALSE,FALSE,FALSE,FALSE,,AIH
ICOSLG-CD28,Macrophage 1,IgG+ B cell,,,3.96687591726223e-06,2.67132344407571e-06,aih_only,0,2,0,2,,3.31909968066897e-06,,,2.67132344407571e-06,3.96687591726223e-06,,FALSE,FALSE,FALSE,FALSE,,AIH
ICOSLG-CD28,Macrophage 1,IgG+ plasmablast / plasma cell,,,8.30841529633137e-06,7.51706929756248e-06,aih_only,0,2,0,2,,7.91274229694693e-06,,,7.51706929756248e-06,8.30841529633137e-06,,FALSE,FALSE,FALSE,FALSE,,AIH
ICOSLG-CD28,Macrophage 1,IgM+ B cell,,,8.13423921624736e-06,8.87869528494103e-06,aih_only,0,2,0,2,,8.50646725059419e-06,,,8.13423921624736e-06,8.87869528494103e-06,,FALSE,FALSE,FALSE,FALSE,,AIH
ICOSLG-CD28,Macrophage 1,Macrophage 1,,,9.11448669167562e-06,1.01422013046747e-05,aih_only,0,2,0,2,,9.62834399817517e-06,,,9.11448669167562e-06,1.01422013046747e-05,,FALSE,FALSE,FALSE,FALSE,,AIH
ICOSLG-CD28,Macrophage 1,Macrophage 2,,,3.62049081605108e-06,5.17296680141773e-06,aih_only,0,2,0,2,,4.3967288087344e-06,,,3.62049081605108e-06,5.17296680141773e-06,,FALSE,FALSE,FALSE,FALSE,,AIH
ICOSLG-CD28,Macrophage 1,Sinusoidal endothelial cell,,,5.59636641632808e-06,5.5082966635882e-06,aih_only,0,2,0,2,,5.55233153995814e-06,,,5.5082966635882e-06,5.59636641632808e-06,,FALSE,FALSE,FALSE,FALSE,,AIH
ICOSLG-CD28,Macrophage 1,Stellate cell,,,4.72283801131699e-06,5.33648107804318e-06,aih_only,0,2,0,2,,5.02965954468009e-06,,,4.72283801131699e-06,5.33648107804318e-06,,FALSE,FALSE,FALSE,FALSE,,AIH
ICOSLG-CD28,Macrophage 1,Vascular endothelial cell,,,2.65644924903157e-06,3.05107317595156e-06,aih_only,0,2,0,2,,2.85376121249156e-06,,,2.65644924903157e-06,3.05107317595156e-06,,FALSE,FALSE,FALSE,FALSE,,AIH
ICOSLG-CD28,Macrophage 2,CD4+ T cell,,,2.81910370588269e-05,3.49506884274542e-05,aih_only,0,2,0,2,,3.15708627431405e-05,,,2.81910370588269e-05,3.49506884274542e-05,,FALSE,FALSE,FALSE,FALSE,,AIH
ICOSLG-CD28,Macrophage 2,CD8+ T cell 1,,,8.52996897908768e-06,1.40607552835618e-05,aih_only,0,2,0,2,,1.12953621313247e-05,,,8.52996897908768e-06,1.40607552835618e-05,,FALSE,FALSE,FALSE,FALSE,,AIH
ICOSLG-CD28,Macrophage 2,CD8+ T cell 2,,,3.38108950815682e-06,9.14708266753626e-06,aih_only,0,2,0,2,,6.26408608784654e-06,,,3.38108950815682e-06,9.14708266753626e-06,,FALSE,FALSE,FALSE,FALSE,,AIH
ICOSLG-CD28,Macrophage 2,CD8+ T cell 3,,,5.51088741299245e-06,1.38861893430567e-05,aih_only,0,2,0,2,,9.69853837802456e-06,,,5.51088741299245e-06,1.38861893430567e-05,,FALSE,FALSE,FALSE,FALSE,,AIH
ICOSLG-CD28,Macrophage 2,Cholangiocyte,,,2.51473473492381e-06,2.47245844574397e-06,aih_only,0,2,0,2,,2.49359659033389e-06,,,2.47245844574397e-06,2.51473473492381e-06,,FALSE,FALSE,FALSE,FALSE,,AIH
ICOSLG-CD28,Macrophage 2,Hepatocyte 1,,,3.71037328840105e-07,1.08014840062692e-06,aih_only,0,2,0,2,,7.25592864733515e-07,,,3.71037328840105e-07,1.08014840062692e-06,,FALSE,FALSE,FALSE,FALSE,,AIH
ICOSLG-CD28,Macrophage 2,Hepatocyte 2,,,2.70377363677634e-07,5.24052704094732e-07,aih_only,0,2,0,2,,3.97215033886183e-07,,,2.70377363677634e-07,5.24052704094732e-07,,FALSE,FALSE,FALSE,FALSE,,AIH
ICOSLG-CD28,Macrophage 2,Hepatocyte 3,,,6.80881346694359e-07,1.96198281835761e-06,aih_only,0,2,0,2,,1.32143208252598e-06,,,6.80881346694359e-07,1.96198281835761e-06,,FALSE,FALSE,FALSE,FALSE,,AIH
ICOSLG-CD28,Macrophage 2,Hepatocyte 4,,,5.13836103405371e-07,7.3993610254606e-07,aih_only,0,2,0,2,,6.26886102975715e-07,,,5.13836103405371e-07,7.3993610254606e-07,,FALSE,FALSE,FALSE,FALSE,,AIH
ICOSLG-CD28,Macrophage 2,Ig+ hepatocyte,,,6.73710772416384e-07,2.98627151892075e-06,aih_only,0,2,0,2,,1.82999114566857e-06,,,6.73710772416384e-07,2.98627151892075e-06,,FALSE,FALSE,FALSE,FALSE,,AIH
ICOSLG-CD28,Macrophage 2,IgG+ B cell,,,2.52451211416209e-06,3.04412278028432e-06,aih_only,0,2,0,2,,2.78431744722321e-06,,,2.52451211416209e-06,3.04412278028432e-06,,FALSE,FALSE,FALSE,FALSE,,AIH
ICOSLG-CD28,Macrophage 2,IgG+ plasmablast / plasma cell,,,3.33928861428656e-06,5.09050960226497e-06,aih_only,0,2,0,2,,4.21489910827577e-06,,,3.33928861428656e-06,5.09050960226497e-06,,FALSE,FALSE,FALSE,FALSE,,AIH
ICOSLG-CD28,Macrophage 2,IgM+ B cell,,,4.47008748410402e-06,8.80582008880091e-06,aih_only,0,2,0,2,,6.63795378645247e-06,,,4.47008748410402e-06,8.80582008880091e-06,,FALSE,FALSE,FALSE,FALSE,,AIH
ICOSLG-CD28,Macrophage 2,Macrophage 1,,,1.69499401857017e-06,2.26320320171359e-06,aih_only,0,2,0,2,,1.97909861014188e-06,,,1.69499401857017e-06,2.26320320171359e-06,,FALSE,FALSE,FALSE,FALSE,,AIH
ICOSLG-CD28,Macrophage 2,Macrophage 2,,,2.28593224362751e-06,3.36967227004236e-06,aih_only,0,2,0,2,,2.82780225683493e-06,,,2.28593224362751e-06,3.36967227004236e-06,,FALSE,FALSE,FALSE,FALSE,,AIH
ICOSLG-CD28,Macrophage 2,Sinusoidal endothelial cell,,,7.44909800376075e-07,1.91041886774278e-06,aih_only,0,2,0,2,,1.32766433405943e-06,,,7.44909800376075e-07,1.91041886774278e-06,,FALSE,FALSE,FALSE,FALSE,,AIH
ICOSLG-CD28,Macrophage 2,Stellate cell,,,2.60905175360762e-06,3.56731591422213e-06,aih_only,0,2,0,2,,3.08818383391487e-06,,,2.60905175360762e-06,3.56731591422213e-06,,FALSE,FALSE,FALSE,FALSE,,AIH
ICOSLG-CD28,Macrophage 2,Vascular endothelial cell,,,1.64853053375871e-06,2.02601876064683e-06,aih_only,0,2,0,2,,1.83727464720277e-06,,,1.64853053375871e-06,2.02601876064683e-06,,FALSE,FALSE,FALSE,FALSE,,AIH
ICOSLG-CD28,Sinusoidal endothelial cell,CD4+ T cell,,,8.18975260894219e-06,1.01803185381895e-05,aih_only,0,2,0,2,,9.18503557356586e-06,,,8.18975260894219e-06,1.01803185381895e-05,,FALSE,FALSE,FALSE,FALSE,,AIH
ICOSLG-CD28,Sinusoidal endothelial cell,CD8+ T cell 1,,,5.13041770225288e-06,1.09297977394186e-05,aih_only,0,2,0,2,,8.03010772083575e-06,,,5.13041770225288e-06,1.09297977394186e-05,,FALSE,FALSE,FALSE,FALSE,,AIH
ICOSLG-CD28,Sinusoidal endothelial cell,CD8+ T cell 2,,,5.99331749540121e-06,1.06595906094875e-05,aih_only,0,2,0,2,,8.32645405244434e-06,,,5.99331749540121e-06,1.06595906094875e-05,,FALSE,FALSE,FALSE,FALSE,,AIH
ICOSLG-CD28,Sinusoidal endothelial cell,CD8+ T cell 3,,,3.40252129739716e-06,9.95160016857521e-06,aih_only,0,2,0,2,,6.67706073298618e-06,,,3.40252129739716e-06,9.95160016857521e-06,,FALSE,FALSE,FALSE,FALSE,,AIH
ICOSLG-CD28,Sinusoidal endothelial cell,Cholangiocyte,,,4.73082336309364e-07,8.62761189020797e-07,aih_only,0,2,0,2,,6.67921762665081e-07,,,4.73082336309364e-07,8.62761189020797e-07,,FALSE,FALSE,FALSE,FALSE,,AIH
ICOSLG-CD28,Sinusoidal endothelial cell,Hepatocyte 1,,,8.83235449984789e-07,8.27220337504293e-07,aih_only,0,2,0,2,,8.55227893744541e-07,,,8.27220337504293e-07,8.83235449984789e-07,,FALSE,FALSE,FALSE,FALSE,,AIH
ICOSLG-CD28,Sinusoidal endothelial cell,Hepatocyte 2,,,3.29631346390005e-07,6.34957502819909e-07,aih_only,0,2,0,2,,4.82294424604957e-07,,,3.29631346390005e-07,6.34957502819909e-07,,FALSE,FALSE,FALSE,FALSE,,AIH
ICOSLG-CD28,Sinusoidal endothelial cell,Hepatocyte 3,,,7.50244295695237e-07,9.00959390204351e-07,aih_only,0,2,0,2,,8.25601842949794e-07,,,7.50244295695237e-07,9.00959390204351e-07,,FALSE,FALSE,FALSE,FALSE,,AIH
ICOSLG-CD28,Sinusoidal endothelial cell,Hepatocyte 4,,,6.27600811711498e-07,7.90964468628643e-07,aih_only,0,2,0,2,,7.09282640170071e-07,,,6.27600811711498e-07,7.90964468628643e-07,,FALSE,FALSE,FALSE,FALSE,,AIH
ICOSLG-CD28,Sinusoidal endothelial cell,Ig+ hepatocyte,,,9.52217948208964e-07,2.54140699640994e-06,aih_only,0,2,0,2,,1.74681247230945e-06,,,9.52217948208964e-07,2.54140699640994e-06,,FALSE,FALSE,FALSE,FALSE,,AIH
ICOSLG-CD28,Sinusoidal endothelial cell,IgG+ B cell,,,7.69550620927354e-07,2.96218302113785e-07,aih_only,0,2,0,2,,5.3288446152057e-07,,,2.96218302113785e-07,7.69550620927354e-07,,FALSE,FALSE,FALSE,FALSE,,AIH
ICOSLG-CD28,Sinusoidal endothelial cell,IgG+ plasmablast / plasma cell,,,1.20172274645482e-06,9.77115753322419e-07,aih_only,0,2,0,2,,1.08941924988862e-06,,,9.77115753322419e-07,1.20172274645482e-06,,FALSE,FALSE,FALSE,FALSE,,AIH
ICOSLG-CD28,Sinusoidal endothelial cell,IgM+ B cell,,,1.02047556985718e-06,1.45125396101392e-06,aih_only,0,2,0,2,,1.23586476543555e-06,,,1.02047556985718e-06,1.45125396101392e-06,,FALSE,FALSE,FALSE,FALSE,,AIH
ICOSLG-CD28,Sinusoidal endothelial cell,Macrophage 1,,,1.13917634633488e-06,2.04622863836159e-06,aih_only,0,2,0,2,,1.59270249234824e-06,,,1.13917634633488e-06,2.04622863836159e-06,,FALSE,FALSE,FALSE,FALSE,,AIH
ICOSLG-CD28,Sinusoidal endothelial cell,Macrophage 2,,,6.61587965196663e-07,1.02885463377225e-06,aih_only,0,2,0,2,,8.45221299484455e-07,,,6.61587965196663e-07,1.02885463377225e-06,,FALSE,FALSE,FALSE,FALSE,,AIH
ICOSLG-CD28,Sinusoidal endothelial cell,Sinusoidal endothelial cell,,,1.87566127822834e-06,2.9522875553571e-06,aih_only,0,2,0,2,,2.41397441679272e-06,,,1.87566127822834e-06,2.9522875553571e-06,,FALSE,FALSE,FALSE,FALSE,,AIH
ICOSLG-CD28,Sinusoidal endothelial cell,Stellate cell,,,9.5072813014814e-07,1.43420511900852e-06,aih_only,0,2,0,2,,1.19246662457833e-06,,,9.5072813014814e-07,1.43420511900852e-06,,FALSE,FALSE,FALSE,FALSE,,AIH
ICOSLG-CD28,Sinusoidal endothelial cell,Vascular endothelial cell,,,2.46751653632565e-07,7.21035288639609e-07,aih_only,0,2,0,2,,4.83893471136087e-07,,,2.46751653632565e-07,7.21035288639609e-07,,FALSE,FALSE,FALSE,FALSE,,AIH
ICOSLG-CD28,Stellate cell,CD4+ T cell,,,1.72323247012818e-05,2.29435397151051e-05,aih_only,0,2,0,2,,2.00879322081934e-05,,,1.72323247012818e-05,2.29435397151051e-05,,FALSE,FALSE,FALSE,FALSE,,AIH
ICOSLG-CD28,Stellate cell,CD8+ T cell 1,,,5.66499902411962e-06,8.84690095035355e-06,aih_only,0,2,0,2,,7.25594998723658e-06,,,5.66499902411962e-06,8.84690095035355e-06,,FALSE,FALSE,FALSE,FALSE,,AIH
ICOSLG-CD28,Stellate cell,CD8+ T cell 2,,,2.00733644497171e-06,5.76790565824398e-06,aih_only,0,2,0,2,,3.88762105160785e-06,,,2.00733644497171e-06,5.76790565824398e-06,,FALSE,FALSE,FALSE,FALSE,,AIH
ICOSLG-CD28,Stellate cell,CD8+ T cell 3,,,4.10153476161173e-06,8.623695615671e-06,aih_only,0,2,0,2,,6.36261518864136e-06,,,4.10153476161173e-06,8.623695615671e-06,,FALSE,FALSE,FALSE,FALSE,,AIH
ICOSLG-CD28,Stellate cell,Cholangiocyte,,,1.05993953105743e-06,1.98997671738571e-06,aih_only,0,2,0,2,,1.52495812422157e-06,,,1.05993953105743e-06,1.98997671738571e-06,,FALSE,FALSE,FALSE,FALSE,,AIH
ICOSLG-CD28,Stellate cell,Hepatocyte 1,,,3.26834121379626e-07,6.56655298584088e-07,aih_only,0,2,0,2,,4.91744709981857e-07,,,3.26834121379626e-07,6.56655298584088e-07,,FALSE,FALSE,FALSE,FALSE,,AIH
ICOSLG-CD28,Stellate cell,Hepatocyte 2,,,2.0113317819266e-07,3.60353709454293e-07,aih_only,0,2,0,2,,2.80743443823476e-07,,,2.0113317819266e-07,3.60353709454293e-07,,FALSE,FALSE,FALSE,FALSE,,AIH
ICOSLG-CD28,Stellate cell,Hepatocyte 3,,,3.08611327416776e-07,9.25305427087129e-07,aih_only,0,2,0,2,,6.16958377251952e-07,,,3.08611327416776e-07,9.25305427087129e-07,,FALSE,FALSE,FALSE,FALSE,,AIH
ICOSLG-CD28,Stellate cell,Hepatocyte 4,,,2.25943257646701e-07,5.68332817921392e-07,aih_only,0,2,0,2,,3.97138037784047e-07,,,2.25943257646701e-07,5.68332817921392e-07,,FALSE,FALSE,FALSE,FALSE,,AIH
ICOSLG-CD28,Stellate cell,Ig+ hepatocyte,,,4.32137154351424e-07,1.40172959986819e-06,aih_only,0,2,0,2,,9.16933377109808e-07,,,4.32137154351424e-07,1.40172959986819e-06,,FALSE,FALSE,FALSE,FALSE,,AIH
ICOSLG-CD28,Stellate cell,IgG+ B cell,,,1.71611565223755e-06,2.22483583448152e-06,aih_only,0,2,0,2,,1.97047574335953e-06,,,1.71611565223755e-06,2.22483583448152e-06,,FALSE,FALSE,FALSE,FALSE,,AIH
ICOSLG-CD28,Stellate cell,IgG+ plasmablast / plasma cell,,,2.14883927303082e-06,3.97781095000141e-06,aih_only,0,2,0,2,,3.06332511151611e-06,,,2.14883927303082e-06,3.97781095000141e-06,,FALSE,FALSE,FALSE,FALSE,,AIH
ICOSLG-CD28,Stellate cell,IgM+ B cell,,,3.07862274931202e-06,5.53394923113007e-06,aih_only,0,2,0,2,,4.30628599022104e-06,,,3.07862274931202e-06,5.53394923113007e-06,,FALSE,FALSE,FALSE,FALSE,,AIH
ICOSLG-CD28,Stellate cell,Macrophage 1,,,1.3341187318151e-06,1.52167111345796e-06,aih_only,0,2,0,2,,1.42789492263653e-06,,,1.3341187318151e-06,1.52167111345796e-06,,FALSE,FALSE,FALSE,FALSE,,AIH
ICOSLG-CD28,Stellate cell,Macrophage 2,,,1.27288273468667e-06,1.53807452326875e-06,aih_only,0,2,0,2,,1.40547862897771e-06,,,1.27288273468667e-06,1.53807452326875e-06,,FALSE,FALSE,FALSE,FALSE,,AIH
ICOSLG-CD28,Stellate cell,Sinusoidal endothelial cell,,,8.69873480353802e-07,1.25531096139459e-06,aih_only,0,2,0,2,,1.06259222087419e-06,,,8.69873480353802e-07,1.25531096139459e-06,,FALSE,FALSE,FALSE,FALSE,,AIH
ICOSLG-CD28,Stellate cell,Stellate cell,,,2.31094617406142e-06,3.56599257504684e-06,aih_only,0,2,0,2,,2.93846937455413e-06,,,2.31094617406142e-06,3.56599257504684e-06,,FALSE,FALSE,FALSE,FALSE,,AIH
ICOSLG-CD28,Stellate cell,Vascular endothelial cell,,,1.10110830904225e-06,2.34779282450944e-06,aih_only,0,2,0,2,,1.72445056677584e-06,,,1.10110830904225e-06,2.34779282450944e-06,,FALSE,FALSE,FALSE,FALSE,,AIH
ICOSLG-CD28,Vascular endothelial cell,CD4+ T cell,,,4.02753923232182e-05,3.13042848276493e-05,aih_only,0,2,0,2,,3.57898385754338e-05,,,3.13042848276493e-05,4.02753923232182e-05,,FALSE,FALSE,FALSE,FALSE,,AIH
ICOSLG-CD28,Vascular endothelial cell,CD8+ T cell 1,,,7.06209292103693e-06,5.74055550473596e-06,aih_only,0,2,0,2,,6.40132421288644e-06,,,5.74055550473596e-06,7.06209292103693e-06,,FALSE,FALSE,FALSE,FALSE,,AIH
ICOSLG-CD28,Vascular endothelial cell,CD8+ T cell 2,,,1.61420715867426e-06,1.48747526377153e-06,aih_only,0,2,0,2,,1.55084121122289e-06,,,1.48747526377153e-06,1.61420715867426e-06,,FALSE,FALSE,FALSE,FALSE,,AIH
ICOSLG-CD28,Vascular endothelial cell,CD8+ T cell 3,,,4.10145702200478e-06,7.69991808639133e-06,aih_only,0,2,0,2,,5.90068755419806e-06,,,4.10145702200478e-06,7.69991808639133e-06,,FALSE,FALSE,FALSE,FALSE,,AIH
ICOSLG-CD28,Vascular endothelial cell,Cholangiocyte,,,2.97581323007741e-06,2.03189131120071e-06,aih_only,0,2,0,2,,2.50385227063906e-06,,,2.03189131120071e-06,2.97581323007741e-06,,FALSE,FALSE,FALSE,FALSE,,AIH
ICOSLG-CD28,Vascular endothelial cell,Hepatocyte 1,,,1.03132400386257e-07,1.31643623194527e-07,aih_only,0,2,0,2,,1.17388011790392e-07,,,1.03132400386257e-07,1.31643623194527e-07,,FALSE,FALSE,FALSE,FALSE,,AIH
ICOSLG-CD28,Vascular endothelial cell,Hepatocyte 2,,,9.37924850071198e-09,1.53366444641398e-07,aih_only,0,2,0,2,,8.13728465710548e-08,,,9.37924850071198e-09,1.53366444641398e-07,,FALSE,FALSE,FALSE,FALSE,,AIH
ICOSLG-CD28,Vascular endothelial cell,Hepatocyte 3,,,5.09042095831949e-07,4.62994673340219e-07,aih_only,0,2,0,2,,4.86018384586084e-07,,,4.62994673340219e-07,5.09042095831949e-07,,FALSE,FALSE,FALSE,FALSE,,AIH
ICOSLG-CD28,Vascular endothelial cell,Hepatocyte 4,,,7.61693268537346e-08,1.06969619486417e-07,aih_only,0,2,0,2,,9.15694731700758e-08,,,7.61693268537346e-08,1.06969619486417e-07,,FALSE,FALSE,FALSE,FALSE,,AIH
ICOSLG-CD28,Vascular endothelial cell,Ig+ hepatocyte,,,7.32158005772493e-07,7.13819386407988e-07,aih_only,0,2,0,2,,7.2298869609024e-07,,,7.13819386407988e-07,7.32158005772493e-07,,FALSE,FALSE,FALSE,FALSE,,AIH
ICOSLG-CD28,Vascular endothelial cell,IgG+ B cell,,,2.72851208613401e-06,3.05824534214571e-06,aih_only,0,2,0,2,,2.89337871413986e-06,,,2.72851208613401e-06,3.05824534214571e-06,,FALSE,FALSE,FALSE,FALSE,,AIH
ICOSLG-CD28,Vascular endothelial cell,IgG+ plasmablast / plasma cell,,,3.36983635383494e-06,3.34148780497778e-06,aih_only,0,2,0,2,,3.35566207940636e-06,,,3.34148780497778e-06,3.36983635383494e-06,,FALSE,FALSE,FALSE,FALSE,,AIH
ICOSLG-CD28,Vascular endothelial cell,IgM+ B cell,,,6.1340816942728e-06,8.90333745801959e-06,aih_only,0,2,0,2,,7.51870957614619e-06,,,6.1340816942728e-06,8.90333745801959e-06,,FALSE,FALSE,FALSE,FALSE,,AIH
ICOSLG-CD28,Vascular endothelial cell,Macrophage 1,,,1.49741323336365e-06,7.14622957521782e-07,aih_only,0,2,0,2,,1.10601809544271e-06,,,7.14622957521782e-07,1.49741323336365e-06,,FALSE,FALSE,FALSE,FALSE,,AIH
ICOSLG-CD28,Vascular endothelial cell,Macrophage 2,,,2.19422736301688e-06,1.63818760412326e-06,aih_only,0,2,0,2,,1.91620748357007e-06,,,1.63818760412326e-06,2.19422736301688e-06,,FALSE,FALSE,FALSE,FALSE,,AIH
ICOSLG-CD28,Vascular endothelial cell,Sinusoidal endothelial cell,,,1.6109648138571e-07,2.4818847481728e-07,aih_only,0,2,0,2,,2.04642478101495e-07,,,1.6109648138571e-07,2.4818847481728e-07,,FALSE,FALSE,FALSE,FALSE,,AIH
ICOSLG-CD28,Vascular endothelial cell,Stellate cell,,,3.69334454834525e-06,3.29044687570804e-06,aih_only,0,2,0,2,,3.49189571202664e-06,,,3.29044687570804e-06,3.69334454834525e-06,,FALSE,FALSE,FALSE,FALSE,,AIH
ICOSLG-CD28,Vascular endothelial cell,Vascular endothelial cell,,,5.43548098438806e-06,3.83665196723181e-06,aih_only,0,2,0,2,,4.63606647580994e-06,,,3.83665196723181e-06,5.43548098438806e-06,,FALSE,FALSE,FALSE,FALSE,,AIH
ICOSLG-CTLA4,CD4+ T cell,CD4+ T cell,,,2.30050047588203e-05,3.79496583348633e-05,aih_only,0,2,0,2,,3.04773315468418e-05,,,2.30050047588203e-05,3.79496583348633e-05,,FALSE,FALSE,FALSE,FALSE,,AIH
ICOSLG-CTLA4,CD4+ T cell,CD8+ T cell 1,,,4.8514084984727e-06,5.14905096152834e-06,aih_only,0,2,0,2,,5.00022973000052e-06,,,4.8514084984727e-06,5.14905096152834e-06,,FALSE,FALSE,FALSE,FALSE,,AIH
ICOSLG-CTLA4,CD4+ T cell,CD8+ T cell 2,,,4.50218531293511e-06,5.5014222837532e-06,aih_only,0,2,0,2,,5.00180379834416e-06,,,4.50218531293511e-06,5.5014222837532e-06,,FALSE,FALSE,FALSE,FALSE,,AIH
ICOSLG-CTLA4,CD4+ T cell,CD8+ T cell 3,,,6.27876572638884e-06,7.2151819812685e-06,aih_only,0,2,0,2,,6.74697385382867e-06,,,6.27876572638884e-06,7.2151819812685e-06,,FALSE,FALSE,FALSE,FALSE,,AIH
ICOSLG-CTLA4,CD4+ T cell,Cholangiocyte,,,1.51539972486151e-06,1.96472813056179e-06,aih_only,0,2,0,2,,1.74006392771165e-06,,,1.51539972486151e-06,1.96472813056179e-06,,FALSE,FALSE,FALSE,FALSE,,AIH
ICOSLG-CTLA4,CD4+ T cell,Hepatocyte 1,,,3.362548850429e-07,3.91776182862605e-07,aih_only,0,2,0,2,,3.64015533952752e-07,,,3.362548850429e-07,3.91776182862605e-07,,FALSE,FALSE,FALSE,FALSE,,AIH
ICOSLG-CTLA4,CD4+ T cell,Hepatocyte 2,,,3.56623874860311e-07,1.39397402555055e-07,aih_only,0,2,0,2,,2.48010638707683e-07,,,1.39397402555055e-07,3.56623874860311e-07,,FALSE,FALSE,FALSE,FALSE,,AIH
ICOSLG-CTLA4,CD4+ T cell,Hepatocyte 3,,,6.7099886004633e-07,2.80189913496141e-07,aih_only,0,2,0,2,,4.75594386771236e-07,,,2.80189913496141e-07,6.7099886004633e-07,,FALSE,FALSE,FALSE,FALSE,,AIH
ICOSLG-CTLA4,CD4+ T cell,Hepatocyte 4,,,3.59200835957304e-07,2.72856364502729e-07,aih_only,0,2,0,2,,3.16028600230017e-07,,,2.72856364502729e-07,3.59200835957304e-07,,FALSE,FALSE,FALSE,FALSE,,AIH
ICOSLG-CTLA4,CD4+ T cell,Ig+ hepatocyte,,,1.1934632746987e-06,4.52297355013569e-07,aih_only,0,2,0,2,,8.22880314856137e-07,,,4.52297355013569e-07,1.1934632746987e-06,,FALSE,FALSE,FALSE,FALSE,,AIH
ICOSLG-CTLA4,CD4+ T cell,IgG+ B cell,,,1.39120175466081e-06,1.52791074263259e-06,aih_only,0,2,0,2,,1.4595562486467e-06,,,1.39120175466081e-06,1.52791074263259e-06,,FALSE,FALSE,FALSE,FALSE,,AIH
ICOSLG-CTLA4,CD4+ T cell,IgG+ plasmablast / plasma cell,,,2.65237317643107e-06,3.65060371985333e-06,aih_only,0,2,0,2,,3.1514884481422e-06,,,2.65237317643107e-06,3.65060371985333e-06,,FALSE,FALSE,FALSE,FALSE,,AIH
ICOSLG-CTLA4,CD4+ T cell,IgM+ B cell,,,6.2411316569916e-06,1.84798520646733e-05,aih_only,0,2,0,2,,1.23604918608325e-05,,,6.2411316569916e-06,1.84798520646733e-05,,FALSE,FALSE,FALSE,FALSE,,AIH
ICOSLG-CTLA4,CD4+ T cell,Macrophage 1,,,1.64974154416389e-06,1.62798417210002e-06,aih_only,0,2,0,2,,1.63886285813195e-06,,,1.62798417210002e-06,1.64974154416389e-06,,FALSE,FALSE,FALSE,FALSE,,AIH
ICOSLG-CTLA4,CD4+ T cell,Macrophage 2,,,1.4292883090433e-06,1.75876231279735e-06,aih_only,0,2,0,2,,1.59402531092032e-06,,,1.4292883090433e-06,1.75876231279735e-06,,FALSE,FALSE,FALSE,FALSE,,AIH
ICOSLG-CTLA4,CD4+ T cell,Sinusoidal endothelial cell,,,5.22822272776377e-07,5.84510820714144e-07,aih_only,0,2,0,2,,5.5366654674526e-07,,,5.22822272776377e-07,5.84510820714144e-07,,FALSE,FALSE,FALSE,FALSE,,AIH
ICOSLG-CTLA4,CD4+ T cell,Stellate cell,,,1.48631996509635e-06,1.53565220674489e-06,aih_only,0,2,0,2,,1.51098608592062e-06,,,1.48631996509635e-06,1.53565220674489e-06,,FALSE,FALSE,FALSE,FALSE,,AIH
ICOSLG-CTLA4,CD4+ T cell,Vascular endothelial cell,,,1.8475656060115e-06,2.06139496059067e-06,aih_only,0,2,0,2,,1.95448028330108e-06,,,1.8475656060115e-06,2.06139496059067e-06,,FALSE,FALSE,FALSE,FALSE,,AIH
ICOSLG-CTLA4,CD8+ T cell 1,CD4+ T cell,,,7.30138181153926e-06,9.17276469674356e-06,aih_only,0,2,0,2,,8.23707325414141e-06,,,7.30138181153926e-06,9.17276469674356e-06,,FALSE,FALSE,FALSE,FALSE,,AIH
ICOSLG-CTLA4,CD8+ T cell 1,CD8+ T cell 1,,,6.97302897376273e-06,6.83206296027264e-06,aih_only,0,2,0,2,,6.90254596701769e-06,,,6.83206296027264e-06,6.97302897376273e-06,,FALSE,FALSE,FALSE,FALSE,,AIH
ICOSLG-CTLA4,CD8+ T cell 1,CD8+ T cell 2,,,1.19494664941461e-05,9.41087482106506e-06,aih_only,0,2,0,2,,1.06801706576056e-05,,,9.41087482106506e-06,1.19494664941461e-05,,FALSE,FALSE,FALSE,FALSE,,AIH
ICOSLG-CTLA4,CD8+ T cell 1,CD8+ T cell 3,,,7.11195866850873e-06,9.26342598120743e-06,aih_only,0,2,0,2,,8.18769232485808e-06,,,7.11195866850873e-06,9.26342598120743e-06,,FALSE,FALSE,FALSE,FALSE,,AIH
ICOSLG-CTLA4,CD8+ T cell 1,Cholangiocyte,,,9.24958489290807e-07,9.11143644435816e-07,aih_only,0,2,0,2,,9.18051066863312e-07,,,9.11143644435816e-07,9.24958489290807e-07,,FALSE,FALSE,FALSE,FALSE,,AIH
ICOSLG-CTLA4,CD8+ T cell 1,Hepatocyte 1,,,1.07576290887633e-06,7.38904477410442e-07,aih_only,0,2,0,2,,9.07333693143387e-07,,,7.38904477410442e-07,1.07576290887633e-06,,FALSE,FALSE,FALSE,FALSE,,AIH
ICOSLG-CTLA4,CD8+ T cell 1,Hepatocyte 2,,,9.69564846748997e-07,3.27845612628884e-07,aih_only,0,2,0,2,,6.48705229688941e-07,,,3.27845612628884e-07,9.69564846748997e-07,,FALSE,FALSE,FALSE,FALSE,,AIH
ICOSLG-CTLA4,CD8+ T cell 1,Hepatocyte 3,,,1.00119199638987e-06,8.35181832418703e-07,aih_only,0,2,0,2,,9.18186914404288e-07,,,8.35181832418703e-07,1.00119199638987e-06,,FALSE,FALSE,FALSE,FALSE,,AIH
ICOSLG-CTLA4,CD8+ T cell 1,Hepatocyte 4,,,1.37199145820647e-06,9.19820355990492e-07,aih_only,0,2,0,2,,1.14590590709848e-06,,,9.19820355990492e-07,1.37199145820647e-06,,FALSE,FALSE,FALSE,FALSE,,AIH
ICOSLG-CTLA4,CD8+ T cell 1,Ig+ hepatocyte,,,2.92174675867319e-06,1.07209613957219e-06,aih_only,0,2,0,2,,1.99692144912269e-06,,,1.07209613957219e-06,2.92174675867319e-06,,FALSE,FALSE,FALSE,FALSE,,AIH
ICOSLG-CTLA4,CD8+ T cell 1,IgG+ B cell,,,9.21029235830688e-07,9.970973644058e-07,aih_only,0,2,0,2,,9.59063300118244e-07,,,9.21029235830688e-07,9.970973644058e-07,,FALSE,FALSE,FALSE,FALSE,,AIH
ICOSLG-CTLA4,CD8+ T cell 1,IgG+ plasmablast / plasma cell,,,1.66851697535293e-06,1.96105313023443e-06,aih_only,0,2,0,2,,1.81478505279368e-06,,,1.66851697535293e-06,1.96105313023443e-06,,FALSE,FALSE,FALSE,FALSE,,AIH
ICOSLG-CTLA4,CD8+ T cell 1,IgM+ B cell,,,1.39322413056304e-06,1.66187178205479e-06,aih_only,0,2,0,2,,1.52754795630891e-06,,,1.39322413056304e-06,1.66187178205479e-06,,FALSE,FALSE,FALSE,FALSE,,AIH
ICOSLG-CTLA4,CD8+ T cell 1,Macrophage 1,,,2.15395192323652e-06,1.81319437080537e-06,aih_only,0,2,0,2,,1.98357314702094e-06,,,1.81319437080537e-06,2.15395192323652e-06,,FALSE,FALSE,FALSE,FALSE,,AIH
ICOSLG-CTLA4,CD8+ T cell 1,Macrophage 2,,,7.40307588649922e-07,1.17290489909527e-06,aih_only,0,2,0,2,,9.56606243872594e-07,,,7.40307588649922e-07,1.17290489909527e-06,,FALSE,FALSE,FALSE,FALSE,,AIH
ICOSLG-CTLA4,CD8+ T cell 1,Sinusoidal endothelial cell,,,1.22372099676174e-06,1.05496539508668e-06,aih_only,0,2,0,2,,1.13934319592421e-06,,,1.05496539508668e-06,1.22372099676174e-06,,FALSE,FALSE,FALSE,FALSE,,AIH
ICOSLG-CTLA4,CD8+ T cell 1,Stellate cell,,,7.68065944232389e-07,8.00141764465864e-07,aih_only,0,2,0,2,,7.84103854349127e-07,,,7.68065944232389e-07,8.00141764465864e-07,,FALSE,FALSE,FALSE,FALSE,,AIH
ICOSLG-CTLA4,CD8+ T cell 1,Vascular endothelial cell,,,4.61883715064103e-07,7.42438051933908e-07,aih_only,0,2,0,2,,6.02160883499006e-07,,,4.61883715064103e-07,7.42438051933908e-07,,FALSE,FALSE,FALSE,FALSE,,AIH
ICOSLG-CTLA4,CD8+ T cell 2,CD4+ T cell,,,6.19126144299176e-06,9.9437773686277e-06,aih_only,0,2,0,2,,8.06751940580973e-06,,,6.19126144299176e-06,9.9437773686277e-06,,FALSE,FALSE,FALSE,FALSE,,AIH
ICOSLG-CTLA4,CD8+ T cell 2,CD8+ T cell 1,,,1.1086168925815e-05,7.77204413243954e-06,aih_only,0,2,0,2,,9.42910652912727e-06,,,7.77204413243954e-06,1.1086168925815e-05,,FALSE,FALSE,FALSE,FALSE,,AIH
ICOSLG-CTLA4,CD8+ T cell 2,CD8+ T cell 2,,,5.98153304600148e-05,3.21426282232861e-05,aih_only,0,2,0,2,,4.59789793416505e-05,,,3.21426282232861e-05,5.98153304600148e-05,,FALSE,FALSE,FALSE,FALSE,,AIH
ICOSLG-CTLA4,CD8+ T cell 2,CD8+ T cell 3,,,1.69924807543909e-05,1.35180467850704e-05,aih_only,0,2,0,2,,1.52552637697307e-05,,,1.35180467850704e-05,1.69924807543909e-05,,FALSE,FALSE,FALSE,FALSE,,AIH
ICOSLG-CTLA4,CD8+ T cell 2,Cholangiocyte,,,9.26529039985044e-07,8.51677099311912e-07,aih_only,0,2,0,2,,8.89103069648478e-07,,,8.51677099311912e-07,9.26529039985044e-07,,FALSE,FALSE,FALSE,FALSE,,AIH
ICOSLG-CTLA4,CD8+ T cell 2,Hepatocyte 1,,,3.86669298318677e-06,1.09194274566715e-06,aih_only,0,2,0,2,,2.47931786442696e-06,,,1.09194274566715e-06,3.86669298318677e-06,,FALSE,FALSE,FALSE,FALSE,,AIH
ICOSLG-CTLA4,CD8+ T cell 2,Hepatocyte 2,,,2.95944692445599e-06,8.81117331513623e-07,aih_only,0,2,0,2,,1.92028212798481e-06,,,8.81117331513623e-07,2.95944692445599e-06,,FALSE,FALSE,FALSE,FALSE,,AIH
ICOSLG-CTLA4,CD8+ T cell 2,Hepatocyte 3,,,4.08820000871344e-06,1.12367623139608e-06,aih_only,0,2,0,2,,2.60593812005476e-06,,,1.12367623139608e-06,4.08820000871344e-06,,FALSE,FALSE,FALSE,FALSE,,AIH
ICOSLG-CTLA4,CD8+ T cell 2,Hepatocyte 4,,,4.78415257913533e-06,1.84925221482224e-06,aih_only,0,2,0,2,,3.31670239697878e-06,,,1.84925221482224e-06,4.78415257913533e-06,,FALSE,FALSE,FALSE,FALSE,,AIH
ICOSLG-CTLA4,CD8+ T cell 2,Ig+ hepatocyte,,,5.19598876409266e-06,1.10493281514086e-06,aih_only,0,2,0,2,,3.15046078961676e-06,,,1.10493281514086e-06,5.19598876409266e-06,,FALSE,FALSE,FALSE,FALSE,,AIH
ICOSLG-CTLA4,CD8+ T cell 2,IgG+ B cell,,,7.88241701615719e-07,8.90379197303504e-07,aih_only,0,2,0,2,,8.39310449459612e-07,,,7.88241701615719e-07,8.90379197303504e-07,,FALSE,FALSE,FALSE,FALSE,,AIH
ICOSLG-CTLA4,CD8+ T cell 2,IgG+ plasmablast / plasma cell,,,1.97017810773574e-06,1.96523335487718e-06,aih_only,0,2,0,2,,1.96770573130646e-06,,,1.96523335487718e-06,1.97017810773574e-06,,FALSE,FALSE,FALSE,FALSE,,AIH
ICOSLG-CTLA4,CD8+ T cell 2,IgM+ B cell,,,7.44351211515804e-07,1.43846479502391e-06,aih_only,0,2,0,2,,1.09140800326985e-06,,,7.44351211515804e-07,1.43846479502391e-06,,FALSE,FALSE,FALSE,FALSE,,AIH
ICOSLG-CTLA4,CD8+ T cell 2,Macrophage 1,,,3.75937313675888e-06,2.22320974340296e-06,aih_only,0,2,0,2,,2.99129144008092e-06,,,2.22320974340296e-06,3.75937313675888e-06,,FALSE,FALSE,FALSE,FALSE,,AIH
ICOSLG-CTLA4,CD8+ T cell 2,Macrophage 2,,,7.34153973248383e-07,1.29682048876642e-06,aih_only,0,2,0,2,,1.0154872310074e-06,,,7.34153973248383e-07,1.29682048876642e-06,,FALSE,FALSE,FALSE,FALSE,,AIH
ICOSLG-CTLA4,CD8+ T cell 2,Sinusoidal endothelial cell,,,1.70990301859355e-06,1.48723982584882e-06,aih_only,0,2,0,2,,1.59857142222118e-06,,,1.48723982584882e-06,1.70990301859355e-06,,FALSE,FALSE,FALSE,FALSE,,AIH
ICOSLG-CTLA4,CD8+ T cell 2,Stellate cell,,,6.57591553185216e-07,5.41368846257685e-07,aih_only,0,2,0,2,,5.9948019972145e-07,,,5.41368846257685e-07,6.57591553185216e-07,,FALSE,FALSE,FALSE,FALSE,,AIH
ICOSLG-CTLA4,CD8+ T cell 2,Vascular endothelial cell,,,2.31845072544711e-07,4.60067910508299e-07,aih_only,0,2,0,2,,3.45956491526505e-07,,,2.31845072544711e-07,4.60067910508299e-07,,FALSE,FALSE,FALSE,FALSE,,AIH
ICOSLG-CTLA4,CD8+ T cell 3,CD4+ T cell,,,7.38327103133447e-06,1.05578996879719e-05,aih_only,0,2,0,2,,8.97058535965317e-06,,,7.38327103133447e-06,1.05578996879719e-05,,FALSE,FALSE,FALSE,FALSE,,AIH
ICOSLG-CTLA4,CD8+ T cell 3,CD8+ T cell 1,,,8.62374404948282e-06,7.34271828895062e-06,aih_only,0,2,0,2,,7.98323116921672e-06,,,7.34271828895062e-06,8.62374404948282e-06,,FALSE,FALSE,FALSE,FALSE,,AIH
ICOSLG-CTLA4,CD8+ T cell 3,CD8+ T cell 2,,,2.38096397827653e-05,1.26764105861001e-05,aih_only,0,2,0,2,,1.82430251844327e-05,,,1.26764105861001e-05,2.38096397827653e-05,,FALSE,FALSE,FALSE,FALSE,,AIH
ICOSLG-CTLA4,CD8+ T cell 3,CD8+ T cell 3,,,3.65939753644552e-05,3.7244210048638e-05,aih_only,0,2,0,2,,3.69190927065466e-05,,,3.65939753644552e-05,3.7244210048638e-05,,FALSE,FALSE,FALSE,FALSE,,AIH
ICOSLG-CTLA4,CD8+ T cell 3,Cholangiocyte,,,7.56741771030358e-07,2.15238553594646e-06,aih_only,0,2,0,2,,1.45456365348841e-06,,,7.56741771030358e-07,2.15238553594646e-06,,FALSE,FALSE,FALSE,FALSE,,AIH
ICOSLG-CTLA4,CD8+ T cell 3,Hepatocyte 1,,,2.38582177745989e-06,1.27404195507105e-06,aih_only,0,2,0,2,,1.82993186626547e-06,,,1.27404195507105e-06,2.38582177745989e-06,,FALSE,FALSE,FALSE,FALSE,,AIH
ICOSLG-CTLA4,CD8+ T cell 3,Hepatocyte 2,,,2.58228232080963e-06,3.88930482402719e-07,aih_only,0,2,0,2,,1.48560640160617e-06,,,3.88930482402719e-07,2.58228232080963e-06,,FALSE,FALSE,FALSE,FALSE,,AIH
ICOSLG-CTLA4,CD8+ T cell 3,Hepatocyte 3,,,1.91205539604344e-06,9.80931620111624e-07,aih_only,0,2,0,2,,1.44649350807753e-06,,,9.80931620111624e-07,1.91205539604344e-06,,FALSE,FALSE,FALSE,FALSE,,AIH
ICOSLG-CTLA4,CD8+ T cell 3,Hepatocyte 4,,,3.15853263414813e-06,1.07360158246255e-06,aih_only,0,2,0,2,,2.11606710830534e-06,,,1.07360158246255e-06,3.15853263414813e-06,,FALSE,FALSE,FALSE,FALSE,,AIH
ICOSLG-CTLA4,CD8+ T cell 3,Ig+ hepatocyte,,,3.41397814285326e-06,3.95005795087775e-07,aih_only,0,2,0,2,,1.90449196897052e-06,,,3.95005795087775e-07,3.41397814285326e-06,,FALSE,FALSE,FALSE,FALSE,,AIH
ICOSLG-CTLA4,CD8+ T cell 3,IgG+ B cell,,,1.28492714083756e-06,1.29038794146803e-06,aih_only,0,2,0,2,,1.28765754115279e-06,,,1.28492714083756e-06,1.29038794146803e-06,,FALSE,FALSE,FALSE,FALSE,,AIH
ICOSLG-CTLA4,CD8+ T cell 3,IgG+ plasmablast / plasma cell,,,2.38651319214748e-06,2.48431534272499e-06,aih_only,0,2,0,2,,2.43541426743623e-06,,,2.38651319214748e-06,2.48431534272499e-06,,FALSE,FALSE,FALSE,FALSE,,AIH
ICOSLG-CTLA4,CD8+ T cell 3,IgM+ B cell,,,1.36972971986071e-06,1.60976994522361e-06,aih_only,0,2,0,2,,1.48974983254216e-06,,,1.36972971986071e-06,1.60976994522361e-06,,FALSE,FALSE,FALSE,FALSE,,AIH
ICOSLG-CTLA4,CD8+ T cell 3,Macrophage 1,,,3.37003876078086e-06,2.5395654222585e-06,aih_only,0,2,0,2,,2.95480209151968e-06,,,2.5395654222585e-06,3.37003876078086e-06,,FALSE,FALSE,FALSE,FALSE,,AIH
ICOSLG-CTLA4,CD8+ T cell 3,Macrophage 2,,,7.21062538291987e-07,1.97353661880865e-06,aih_only,0,2,0,2,,1.34729957855032e-06,,,7.21062538291987e-07,1.97353661880865e-06,,FALSE,FALSE,FALSE,FALSE,,AIH
ICOSLG-CTLA4,CD8+ T cell 3,Sinusoidal endothelial cell,,,2.09423214810854e-06,1.54503665623569e-06,aih_only,0,2,0,2,,1.81963440217211e-06,,,1.54503665623569e-06,2.09423214810854e-06,,FALSE,FALSE,FALSE,FALSE,,AIH
ICOSLG-CTLA4,CD8+ T cell 3,Stellate cell,,,9.26888163070876e-07,1.54114696039593e-06,aih_only,0,2,0,2,,1.23401756173341e-06,,,9.26888163070876e-07,1.54114696039593e-06,,FALSE,FALSE,FALSE,FALSE,,AIH
ICOSLG-CTLA4,CD8+ T cell 3,Vascular endothelial cell,,,5.06917639650344e-07,3.60980320399635e-07,aih_only,0,2,0,2,,4.3394898002499e-07,,,3.60980320399635e-07,5.06917639650344e-07,,FALSE,FALSE,FALSE,FALSE,,AIH
ICOSLG-CTLA4,Cholangiocyte,CD4+ T cell,,,1.72569650168075e-05,1.51060131377544e-05,aih_only,0,2,0,2,,1.61814890772809e-05,,,1.51060131377544e-05,1.72569650168075e-05,,FALSE,FALSE,FALSE,FALSE,,AIH
ICOSLG-CTLA4,Cholangiocyte,CD8+ T cell 1,,,4.9431571361021e-06,4.06908528630556e-06,aih_only,0,2,0,2,,4.50612121120383e-06,,,4.06908528630556e-06,4.9431571361021e-06,,FALSE,FALSE,FALSE,FALSE,,AIH
ICOSLG-CTLA4,Cholangiocyte,CD8+ T cell 2,,,4.41878627561629e-06,5.29972005759747e-06,aih_only,0,2,0,2,,4.85925316660688e-06,,,4.41878627561629e-06,5.29972005759747e-06,,FALSE,FALSE,FALSE,FALSE,,AIH
ICOSLG-CTLA4,Cholangiocyte,CD8+ T cell 3,,,6.10052790825723e-06,8.06093715463602e-06,aih_only,0,2,0,2,,7.08073253144663e-06,,,6.10052790825723e-06,8.06093715463602e-06,,FALSE,FALSE,FALSE,FALSE,,AIH
ICOSLG-CTLA4,Cholangiocyte,Cholangiocyte,,,5.98954194785953e-06,6.13849961706456e-06,aih_only,0,2,0,2,,6.06402078246204e-06,,,5.98954194785953e-06,6.13849961706456e-06,,FALSE,FALSE,FALSE,FALSE,,AIH
ICOSLG-CTLA4,Cholangiocyte,Hepatocyte 1,,,2.56376928450361e-07,4.77308503984213e-07,aih_only,0,2,0,2,,3.66842716217287e-07,,,2.56376928450361e-07,4.77308503984213e-07,,FALSE,FALSE,FALSE,FALSE,,AIH
ICOSLG-CTLA4,Cholangiocyte,Hepatocyte 2,,,3.73881956312868e-07,2.23797785326447e-07,aih_only,0,2,0,2,,2.98839870819658e-07,,,2.23797785326447e-07,3.73881956312868e-07,,FALSE,FALSE,FALSE,FALSE,,AIH
ICOSLG-CTLA4,Cholangiocyte,Hepatocyte 3,,,4.82001476055634e-07,5.02353459951996e-07,aih_only,0,2,0,2,,4.92177468003815e-07,,,4.82001476055634e-07,5.02353459951996e-07,,FALSE,FALSE,FALSE,FALSE,,AIH
ICOSLG-CTLA4,Cholangiocyte,Hepatocyte 4,,,8.64971863470568e-07,1.53654577147969e-07,aih_only,0,2,0,2,,5.09313220309269e-07,,,1.53654577147969e-07,8.64971863470568e-07,,FALSE,FALSE,FALSE,FALSE,,AIH
ICOSLG-CTLA4,Cholangiocyte,Ig+ hepatocyte,,,8.07815777277468e-07,2.16611045477005e-06,aih_only,0,2,0,2,,1.48696311602376e-06,,,8.07815777277468e-07,2.16611045477005e-06,,FALSE,FALSE,FALSE,FALSE,,AIH
ICOSLG-CTLA4,Cholangiocyte,IgG+ B cell,,,2.09363568494612e-06,2.86859335802436e-06,aih_only,0,2,0,2,,2.48111452148524e-06,,,2.09363568494612e-06,2.86859335802436e-06,,FALSE,FALSE,FALSE,FALSE,,AIH
ICOSLG-CTLA4,Cholangiocyte,IgG+ plasmablast / plasma cell,,,3.25175493928203e-06,4.1162483847708e-06,aih_only,0,2,0,2,,3.68400166202641e-06,,,3.25175493928203e-06,4.1162483847708e-06,,FALSE,FALSE,FALSE,FALSE,,AIH
ICOSLG-CTLA4,Cholangiocyte,IgM+ B cell,,,4.29651690093455e-06,5.27994613220672e-06,aih_only,0,2,0,2,,4.78823151657064e-06,,,4.29651690093455e-06,5.27994613220672e-06,,FALSE,FALSE,FALSE,FALSE,,AIH
ICOSLG-CTLA4,Cholangiocyte,Macrophage 1,,,1.65679813912182e-06,1.35417728199172e-06,aih_only,0,2,0,2,,1.50548771055677e-06,,,1.35417728199172e-06,1.65679813912182e-06,,FALSE,FALSE,FALSE,FALSE,,AIH
ICOSLG-CTLA4,Cholangiocyte,Macrophage 2,,,1.93571456336918e-06,1.44836101515122e-06,aih_only,0,2,0,2,,1.6920377892602e-06,,,1.44836101515122e-06,1.93571456336918e-06,,FALSE,FALSE,FALSE,FALSE,,AIH
ICOSLG-CTLA4,Cholangiocyte,Sinusoidal endothelial cell,,,3.20497726984306e-07,9.37057086860008e-07,aih_only,0,2,0,2,,6.28777406922157e-07,,,3.20497726984306e-07,9.37057086860008e-07,,FALSE,FALSE,FALSE,FALSE,,AIH
ICOSLG-CTLA4,Cholangiocyte,Stellate cell,,,2.141968055366e-06,1.40298774963746e-06,aih_only,0,2,0,2,,1.77247790250173e-06,,,1.40298774963746e-06,2.141968055366e-06,,FALSE,FALSE,FALSE,FALSE,,AIH
ICOSLG-CTLA4,Cholangiocyte,Vascular endothelial cell,,,1.22464853777418e-06,2.32726266504471e-06,aih_only,0,2,0,2,,1.77595560140944e-06,,,1.22464853777418e-06,2.32726266504471e-06,,FALSE,FALSE,FALSE,FALSE,,AIH
ICOSLG-CTLA4,Hepatocyte 1,CD4+ T cell,,,1.95474850182286e-05,1.61306695350213e-05,aih_only,0,2,0,2,,1.7839077276625e-05,,,1.61306695350213e-05,1.95474850182286e-05,,FALSE,FALSE,FALSE,FALSE,,AIH
ICOSLG-CTLA4,Hepatocyte 1,CD8+ T cell 1,,,3.19987279192568e-05,1.50613675993866e-05,aih_only,0,2,0,2,,2.35300477593217e-05,,,1.50613675993866e-05,3.19987279192568e-05,,FALSE,FALSE,FALSE,FALSE,,AIH
ICOSLG-CTLA4,Hepatocyte 1,CD8+ T cell 2,,,0.000118219511544285,3.35470861895765e-05,aih_only,0,2,0,2,,7.58832988669307e-05,,,3.35470861895765e-05,0.000118219511544285,,FALSE,FALSE,FALSE,FALSE,,AIH
ICOSLG-CTLA4,Hepatocyte 1,CD8+ T cell 3,,,3.96153622616028e-05,2.14457971779519e-05,aih_only,0,2,0,2,,3.05305797197774e-05,,,2.14457971779519e-05,3.96153622616028e-05,,FALSE,FALSE,FALSE,FALSE,,AIH
ICOSLG-CTLA4,Hepatocyte 1,Cholangiocyte,,,1.53466098334084e-06,1.67278365665454e-06,aih_only,0,2,0,2,,1.60372231999769e-06,,,1.53466098334084e-06,1.67278365665454e-06,,FALSE,FALSE,FALSE,FALSE,,AIH
ICOSLG-CTLA4,Hepatocyte 1,Hepatocyte 1,,,1.4801651531815e-05,2.69540363219419e-06,aih_only,0,2,0,2,,8.74852758200459e-06,,,2.69540363219419e-06,1.4801651531815e-05,,FALSE,FALSE,FALSE,FALSE,,AIH
ICOSLG-CTLA4,Hepatocyte 1,Hepatocyte 2,,,8.90398263871309e-06,1.55509885320694e-06,aih_only,0,2,0,2,,5.22954074596001e-06,,,1.55509885320694e-06,8.90398263871309e-06,,FALSE,FALSE,FALSE,FALSE,,AIH
ICOSLG-CTLA4,Hepatocyte 1,Hepatocyte 3,,,1.00830593999785e-05,3.04745654901106e-06,aih_only,0,2,0,2,,6.56525797449478e-06,,,3.04745654901106e-06,1.00830593999785e-05,,FALSE,FALSE,FALSE,FALSE,,AIH
ICOSLG-CTLA4,Hepatocyte 1,Hepatocyte 4,,,1.37268012711881e-05,3.1036778188034e-06,aih_only,0,2,0,2,,8.41523954499577e-06,,,3.1036778188034e-06,1.37268012711881e-05,,FALSE,FALSE,FALSE,FALSE,,AIH
ICOSLG-CTLA4,Hepatocyte 1,Ig+ hepatocyte,,,2.35249684752497e-05,2.27822633076064e-06,aih_only,0,2,0,2,,1.29015974030052e-05,,,2.27822633076064e-06,2.35249684752497e-05,,FALSE,FALSE,FALSE,FALSE,,AIH
ICOSLG-CTLA4,Hepatocyte 1,IgG+ B cell,,,2.21850108821399e-06,1.77233951958816e-06,aih_only,0,2,0,2,,1.99542030390107e-06,,,1.77233951958816e-06,2.21850108821399e-06,,FALSE,FALSE,FALSE,FALSE,,AIH
ICOSLG-CTLA4,Hepatocyte 1,IgG+ plasmablast / plasma cell,,,4.99345562799516e-06,3.03640747414592e-06,aih_only,0,2,0,2,,4.01493155107054e-06,,,3.03640747414592e-06,4.99345562799516e-06,,FALSE,FALSE,FALSE,FALSE,,AIH
ICOSLG-CTLA4,Hepatocyte 1,IgM+ B cell,,,1.51725939776676e-06,1.80265043502655e-06,aih_only,0,2,0,2,,1.65995491639666e-06,,,1.51725939776676e-06,1.80265043502655e-06,,FALSE,FALSE,FALSE,FALSE,,AIH
ICOSLG-CTLA4,Hepatocyte 1,Macrophage 1,,,9.78346073574459e-06,4.39965342918878e-06,aih_only,0,2,0,2,,7.09155708246669e-06,,,4.39965342918878e-06,9.78346073574459e-06,,FALSE,FALSE,FALSE,FALSE,,AIH
ICOSLG-CTLA4,Hepatocyte 1,Macrophage 2,,,2.04666417217971e-06,2.46814179978541e-06,aih_only,0,2,0,2,,2.25740298598256e-06,,,2.04666417217971e-06,2.46814179978541e-06,,FALSE,FALSE,FALSE,FALSE,,AIH
ICOSLG-CTLA4,Hepatocyte 1,Sinusoidal endothelial cell,,,5.68239256089495e-06,2.77094126294713e-06,aih_only,0,2,0,2,,4.22666691192104e-06,,,2.77094126294713e-06,5.68239256089495e-06,,FALSE,FALSE,FALSE,FALSE,,AIH
ICOSLG-CTLA4,Hepatocyte 1,Stellate cell,,,2.0399098760944e-06,1.65634526095271e-06,aih_only,0,2,0,2,,1.84812756852356e-06,,,1.65634526095271e-06,2.0399098760944e-06,,FALSE,FALSE,FALSE,FALSE,,AIH
ICOSLG-CTLA4,Hepatocyte 1,Vascular endothelial cell,,,1.25815000610954e-06,1.05920016885852e-06,aih_only,0,2,0,2,,1.15867508748403e-06,,,1.05920016885852e-06,1.25815000610954e-06,,FALSE,FALSE,FALSE,FALSE,,AIH
ICOSLG-CTLA4,Hepatocyte 2,CD4+ T cell,,,6.86730186904296e-06,7.05108814565204e-06,aih_only,0,2,0,2,,6.9591950073475e-06,,,6.86730186904296e-06,7.05108814565204e-06,,FALSE,FALSE,FALSE,FALSE,,AIH
ICOSLG-CTLA4,Hepatocyte 2,CD8+ T cell 1,,,9.24384382100714e-06,6.85638468167896e-06,aih_only,0,2,0,2,,8.05011425134305e-06,,,6.85638468167896e-06,9.24384382100714e-06,,FALSE,FALSE,FALSE,FALSE,,AIH
ICOSLG-CTLA4,Hepatocyte 2,CD8+ T cell 2,,,3.48817641906558e-05,1.51072993363336e-05,aih_only,0,2,0,2,,2.49945317634947e-05,,,1.51072993363336e-05,3.48817641906558e-05,,FALSE,FALSE,FALSE,FALSE,,AIH
ICOSLG-CTLA4,Hepatocyte 2,CD8+ T cell 3,,,1.07727201956432e-05,9.09140230956934e-06,aih_only,0,2,0,2,,9.93206125260629e-06,,,9.09140230956934e-06,1.07727201956432e-05,,FALSE,FALSE,FALSE,FALSE,,AIH
ICOSLG-CTLA4,Hepatocyte 2,Cholangiocyte,,,5.94240426001021e-07,7.07723786343584e-07,aih_only,0,2,0,2,,6.50982106172302e-07,,,5.94240426001021e-07,7.07723786343584e-07,,FALSE,FALSE,FALSE,FALSE,,AIH
ICOSLG-CTLA4,Hepatocyte 2,Hepatocyte 1,,,3.32239781112807e-06,1.09358455497381e-06,aih_only,0,2,0,2,,2.20799118305094e-06,,,1.09358455497381e-06,3.32239781112807e-06,,FALSE,FALSE,FALSE,FALSE,,AIH
ICOSLG-CTLA4,Hepatocyte 2,Hepatocyte 2,,,3.86950366696059e-06,1.1966911774599e-06,aih_only,0,2,0,2,,2.53309742221024e-06,,,1.1966911774599e-06,3.86950366696059e-06,,FALSE,FALSE,FALSE,FALSE,,AIH
ICOSLG-CTLA4,Hepatocyte 2,Hepatocyte 3,,,4.05509679778901e-06,1.61187049935878e-06,aih_only,0,2,0,2,,2.8334836485739e-06,,,1.61187049935878e-06,4.05509679778901e-06,,FALSE,FALSE,FALSE,FALSE,,AIH
ICOSLG-CTLA4,Hepatocyte 2,Hepatocyte 4,,,4.69907197709668e-06,1.66671926276229e-06,aih_only,0,2,0,2,,3.18289561992949e-06,,,1.66671926276229e-06,4.69907197709668e-06,,FALSE,FALSE,FALSE,FALSE,,AIH
ICOSLG-CTLA4,Hepatocyte 2,Ig+ hepatocyte,,,5.46084572838809e-06,1.54551403901276e-06,aih_only,0,2,0,2,,3.50317988370042e-06,,,1.54551403901276e-06,5.46084572838809e-06,,FALSE,FALSE,FALSE,FALSE,,AIH
ICOSLG-CTLA4,Hepatocyte 2,IgG+ B cell,,,1.25705729622013e-06,7.81009792414436e-07,aih_only,0,2,0,2,,1.01903354431728e-06,,,7.81009792414436e-07,1.25705729622013e-06,,FALSE,FALSE,FALSE,FALSE,,AIH
ICOSLG-CTLA4,Hepatocyte 2,IgG+ plasmablast / plasma cell,,,1.37916846045393e-06,1.26694218419026e-06,aih_only,0,2,0,2,,1.32305532232209e-06,,,1.26694218419026e-06,1.37916846045393e-06,,FALSE,FALSE,FALSE,FALSE,,AIH
ICOSLG-CTLA4,Hepatocyte 2,IgM+ B cell,,,4.52930746552172e-07,8.68236250618476e-07,aih_only,0,2,0,2,,6.60583498585324e-07,,,4.52930746552172e-07,8.68236250618476e-07,,FALSE,FALSE,FALSE,FALSE,,AIH
ICOSLG-CTLA4,Hepatocyte 2,Macrophage 1,,,3.43389158222439e-06,2.05970481281391e-06,aih_only,0,2,0,2,,2.74679819751915e-06,,,2.05970481281391e-06,3.43389158222439e-06,,FALSE,FALSE,FALSE,FALSE,,AIH
ICOSLG-CTLA4,Hepatocyte 2,Macrophage 2,,,6.66198903695921e-07,1.31375059376856e-06,aih_only,0,2,0,2,,9.89974748732242e-07,,,6.66198903695921e-07,1.31375059376856e-06,,FALSE,FALSE,FALSE,FALSE,,AIH
ICOSLG-CTLA4,Hepatocyte 2,Sinusoidal endothelial cell,,,1.17001114118645e-06,1.06993109486533e-06,aih_only,0,2,0,2,,1.11997111802589e-06,,,1.06993109486533e-06,1.17001114118645e-06,,FALSE,FALSE,FALSE,FALSE,,AIH
ICOSLG-CTLA4,Hepatocyte 2,Stellate cell,,,4.85647340041951e-07,1.05279703869545e-06,aih_only,0,2,0,2,,7.69222189368702e-07,,,4.85647340041951e-07,1.05279703869545e-06,,FALSE,FALSE,FALSE,FALSE,,AIH
ICOSLG-CTLA4,Hepatocyte 2,Vascular endothelial cell,,,9.73121246890384e-07,5.54603284880043e-07,aih_only,0,2,0,2,,7.63862265885213e-07,,,5.54603284880043e-07,9.73121246890384e-07,,FALSE,FALSE,FALSE,FALSE,,AIH
ICOSLG-CTLA4,Hepatocyte 3,CD4+ T cell,,,2.84941972566358e-06,2.53475293191579e-06,aih_only,0,2,0,2,,2.69208632878969e-06,,,2.53475293191579e-06,2.84941972566358e-06,,FALSE,FALSE,FALSE,FALSE,,AIH
ICOSLG-CTLA4,Hepatocyte 3,CD8+ T cell 1,,,2.86341328647606e-06,2.18193637092671e-06,aih_only,0,2,0,2,,2.52267482870139e-06,,,2.18193637092671e-06,2.86341328647606e-06,,FALSE,FALSE,FALSE,FALSE,,AIH
ICOSLG-CTLA4,Hepatocyte 3,CD8+ T cell 2,,,1.30967462744871e-05,4.44372070148457e-06,aih_only,0,2,0,2,,8.77023348798585e-06,,,4.44372070148457e-06,1.30967462744871e-05,,FALSE,FALSE,FALSE,FALSE,,AIH
ICOSLG-CTLA4,Hepatocyte 3,CD8+ T cell 3,,,3.86688445336793e-06,3.162681657237e-06,aih_only,0,2,0,2,,3.51478305530246e-06,,,3.162681657237e-06,3.86688445336793e-06,,FALSE,FALSE,FALSE,FALSE,,AIH
ICOSLG-CTLA4,Hepatocyte 3,Cholangiocyte,,,2.98274454811291e-07,2.94798170926054e-07,aih_only,0,2,0,2,,2.96536312868672e-07,,,2.94798170926054e-07,2.98274454811291e-07,,FALSE,FALSE,FALSE,FALSE,,AIH
ICOSLG-CTLA4,Hepatocyte 3,Hepatocyte 1,,,1.230762519009e-06,3.27901605260394e-07,aih_only,0,2,0,2,,7.79332062134696e-07,,,3.27901605260394e-07,1.230762519009e-06,,FALSE,FALSE,FALSE,FALSE,,AIH
ICOSLG-CTLA4,Hepatocyte 3,Hepatocyte 2,,,4.64585406981923e-07,1.47120194708678e-07,aih_only,0,2,0,2,,3.058528008453e-07,,,1.47120194708678e-07,4.64585406981923e-07,,FALSE,FALSE,FALSE,FALSE,,AIH
ICOSLG-CTLA4,Hepatocyte 3,Hepatocyte 3,,,5.00505345606877e-06,1.3741969130759e-07,aih_only,0,2,0,2,,2.57123657368818e-06,,,1.3741969130759e-07,5.00505345606877e-06,,FALSE,FALSE,FALSE,FALSE,,AIH
ICOSLG-CTLA4,Hepatocyte 3,Hepatocyte 4,,,2.97695403764354e-08,6.68200504590664e-07,aih_only,0,2,0,2,,3.4898502248355e-07,,,2.97695403764354e-08,6.68200504590664e-07,,FALSE,FALSE,FALSE,FALSE,,AIH
ICOSLG-CTLA4,Hepatocyte 3,Ig+ hepatocyte,,,1.82405021966509e-07,3.68387760701116e-07,aih_only,0,2,0,2,,2.75396391333813e-07,,,1.82405021966509e-07,3.68387760701116e-07,,FALSE,FALSE,FALSE,FALSE,,AIH
ICOSLG-CTLA4,Hepatocyte 3,IgG+ B cell,,,4.28208796030535e-07,4.57308609342911e-07,aih_only,0,2,0,2,,4.42758702686723e-07,,,4.28208796030535e-07,4.57308609342911e-07,,FALSE,FALSE,FALSE,FALSE,,AIH
ICOSLG-CTLA4,Hepatocyte 3,IgG+ plasmablast / plasma cell,,,5.77204176728601e-07,3.86865816223335e-07,aih_only,0,2,0,2,,4.82034996475968e-07,,,3.86865816223335e-07,5.77204176728601e-07,,FALSE,FALSE,FALSE,FALSE,,AIH
ICOSLG-CTLA4,Hepatocyte 3,IgM+ B cell,,,7.41411201631776e-07,3.13360825236836e-07,aih_only,0,2,0,2,,5.27386013434306e-07,,,3.13360825236836e-07,7.41411201631776e-07,,FALSE,FALSE,FALSE,FALSE,,AIH
ICOSLG-CTLA4,Hepatocyte 3,Macrophage 1,,,7.92688713395372e-07,6.04238703347835e-07,aih_only,0,2,0,2,,6.98463708371603e-07,,,6.04238703347835e-07,7.92688713395372e-07,,FALSE,FALSE,FALSE,FALSE,,AIH
ICOSLG-CTLA4,Hepatocyte 3,Macrophage 2,,,3.80984283615263e-07,5.01979320354875e-07,aih_only,0,2,0,2,,4.41481801985069e-07,,,3.80984283615263e-07,5.01979320354875e-07,,FALSE,FALSE,FALSE,FALSE,,AIH
ICOSLG-CTLA4,Hepatocyte 3,Sinusoidal endothelial cell,,,1.01994040752769e-06,5.55709046719054e-07,aih_only,0,2,0,2,,7.87824727123374e-07,,,5.55709046719054e-07,1.01994040752769e-06,,FALSE,FALSE,FALSE,FALSE,,AIH
ICOSLG-CTLA4,Hepatocyte 3,Stellate cell,,,3.7127284338416e-07,6.83485572543897e-07,aih_only,0,2,0,2,,5.27379207964029e-07,,,3.7127284338416e-07,6.83485572543897e-07,,FALSE,FALSE,FALSE,FALSE,,AIH
ICOSLG-CTLA4,Hepatocyte 3,Vascular endothelial cell,,,3.55751653674538e-08,3.2837732811604e-07,aih_only,0,2,0,2,,1.81976246741747e-07,,,3.55751653674538e-08,3.2837732811604e-07,,FALSE,FALSE,FALSE,FALSE,,AIH
ICOSLG-CTLA4,Hepatocyte 4,CD4+ T cell,,,1.88912305858976e-05,1.55861791470976e-05,aih_only,0,2,0,2,,1.72387048664976e-05,,,1.55861791470976e-05,1.88912305858976e-05,,FALSE,FALSE,FALSE,FALSE,,AIH
ICOSLG-CTLA4,Hepatocyte 4,CD8+ T cell 1,,,2.89645673893865e-05,1.56502895555215e-05,aih_only,0,2,0,2,,2.2307428472454e-05,,,1.56502895555215e-05,2.89645673893865e-05,,FALSE,FALSE,FALSE,FALSE,,AIH
ICOSLG-CTLA4,Hepatocyte 4,CD8+ T cell 2,,,0.000112175003749488,3.33700014984823e-05,aih_only,0,2,0,2,,7.27725026239854e-05,,,3.33700014984823e-05,0.000112175003749488,,FALSE,FALSE,FALSE,FALSE,,AIH
ICOSLG-CTLA4,Hepatocyte 4,CD8+ T cell 3,,,5.42167548011157e-05,2.22180400613839e-05,aih_only,0,2,0,2,,3.82173974312498e-05,,,2.22180400613839e-05,5.42167548011157e-05,,FALSE,FALSE,FALSE,FALSE,,AIH
ICOSLG-CTLA4,Hepatocyte 4,Cholangiocyte,,,1.81203443661488e-06,1.5864860083151e-06,aih_only,0,2,0,2,,1.69926022246499e-06,,,1.5864860083151e-06,1.81203443661488e-06,,FALSE,FALSE,FALSE,FALSE,,AIH
ICOSLG-CTLA4,Hepatocyte 4,Hepatocyte 1,,,1.01531637203604e-05,2.5840576314406e-06,aih_only,0,2,0,2,,6.36861067590052e-06,,,2.5840576314406e-06,1.01531637203604e-05,,FALSE,FALSE,FALSE,FALSE,,AIH
ICOSLG-CTLA4,Hepatocyte 4,Hepatocyte 2,,,6.94495455227523e-06,1.64028011308441e-06,aih_only,0,2,0,2,,4.29261733267982e-06,,,1.64028011308441e-06,6.94495455227523e-06,,FALSE,FALSE,FALSE,FALSE,,AIH
ICOSLG-CTLA4,Hepatocyte 4,Hepatocyte 3,,,3.45348874738415e-06,2.3331701575516e-06,aih_only,0,2,0,2,,2.89332945246787e-06,,,2.3331701575516e-06,3.45348874738415e-06,,FALSE,FALSE,FALSE,FALSE,,AIH
ICOSLG-CTLA4,Hepatocyte 4,Hepatocyte 4,,,5.37207323805572e-05,6.04318900298905e-06,aih_only,0,2,0,2,,2.98819606917731e-05,,,6.04318900298905e-06,5.37207323805572e-05,,FALSE,FALSE,FALSE,FALSE,,AIH
ICOSLG-CTLA4,Hepatocyte 4,Ig+ hepatocyte,,,1.8712171173452e-05,2.79629690033138e-06,aih_only,0,2,0,2,,1.07542340368917e-05,,,2.79629690033138e-06,1.8712171173452e-05,,FALSE,FALSE,FALSE,FALSE,,AIH
ICOSLG-CTLA4,Hepatocyte 4,IgG+ B cell,,,2.24298309253793e-06,1.52753480830687e-06,aih_only,0,2,0,2,,1.8852589504224e-06,,,1.52753480830687e-06,2.24298309253793e-06,,FALSE,FALSE,FALSE,FALSE,,AIH
ICOSLG-CTLA4,Hepatocyte 4,IgG+ plasmablast / plasma cell,,,4.76269888323874e-06,2.53886527169428e-06,aih_only,0,2,0,2,,3.65078207746651e-06,,,2.53886527169428e-06,4.76269888323874e-06,,FALSE,FALSE,FALSE,FALSE,,AIH
ICOSLG-CTLA4,Hepatocyte 4,IgM+ B cell,,,2.76546799218046e-06,2.03084123271148e-06,aih_only,0,2,0,2,,2.39815461244597e-06,,,2.03084123271148e-06,2.76546799218046e-06,,FALSE,FALSE,FALSE,FALSE,,AIH
ICOSLG-CTLA4,Hepatocyte 4,Macrophage 1,,,1.13365152563031e-05,4.29768172215621e-06,aih_only,0,2,0,2,,7.81709848922965e-06,,,4.29768172215621e-06,1.13365152563031e-05,,FALSE,FALSE,FALSE,FALSE,,AIH
ICOSLG-CTLA4,Hepatocyte 4,Macrophage 2,,,2.3108200623588e-06,2.61915656123439e-06,aih_only,0,2,0,2,,2.46498831179659e-06,,,2.3108200623588e-06,2.61915656123439e-06,,FALSE,FALSE,FALSE,FALSE,,AIH
ICOSLG-CTLA4,Hepatocyte 4,Sinusoidal endothelial cell,,,3.66924314858656e-06,2.73779739793936e-06,aih_only,0,2,0,2,,3.20352027326296e-06,,,2.73779739793936e-06,3.66924314858656e-06,,FALSE,FALSE,FALSE,FALSE,,AIH
ICOSLG-CTLA4,Hepatocyte 4,Stellate cell,,,2.37891982128503e-06,1.48021205867262e-06,aih_only,0,2,0,2,,1.92956593997882e-06,,,1.48021205867262e-06,2.37891982128503e-06,,FALSE,FALSE,FALSE,FALSE,,AIH
ICOSLG-CTLA4,Hepatocyte 4,Vascular endothelial cell,,,4.98622072940037e-07,1.03880119300705e-06,aih_only,0,2,0,2,,7.68711632973543e-07,,,4.98622072940037e-07,1.03880119300705e-06,,FALSE,FALSE,FALSE,FALSE,,AIH
ICOSLG-CTLA4,Ig+ hepatocyte,CD4+ T cell,,,8.32410923890261e-06,9.64318033035221e-06,aih_only,0,2,0,2,,8.98364478462741e-06,,,8.32410923890261e-06,9.64318033035221e-06,,FALSE,FALSE,FALSE,FALSE,,AIH
ICOSLG-CTLA4,Ig+ hepatocyte,CD8+ T cell 1,,,9.02632690963108e-06,4.95912199735996e-06,aih_only,0,2,0,2,,6.99272445349552e-06,,,4.95912199735996e-06,9.02632690963108e-06,,FALSE,FALSE,FALSE,FALSE,,AIH
ICOSLG-CTLA4,Ig+ hepatocyte,CD8+ T cell 2,,,1.8949013361298e-05,7.57418632227355e-06,aih_only,0,2,0,2,,1.32615998417858e-05,,,7.57418632227355e-06,1.8949013361298e-05,,FALSE,FALSE,FALSE,FALSE,,AIH
ICOSLG-CTLA4,Ig+ hepatocyte,CD8+ T cell 3,,,1.16338341201002e-05,6.39198786164531e-06,aih_only,0,2,0,2,,9.01291099087276e-06,,,6.39198786164531e-06,1.16338341201002e-05,,FALSE,FALSE,FALSE,FALSE,,AIH
ICOSLG-CTLA4,Ig+ hepatocyte,Cholangiocyte,,,1.32394191852738e-06,1.60332782177218e-06,aih_only,0,2,0,2,,1.46363487014978e-06,,,1.32394191852738e-06,1.60332782177218e-06,,FALSE,FALSE,FALSE,FALSE,,AIH
ICOSLG-CTLA4,Ig+ hepatocyte,Hepatocyte 1,,,2.26489206832022e-06,6.6608836058164e-07,aih_only,0,2,0,2,,1.46549021445093e-06,,,6.6608836058164e-07,2.26489206832022e-06,,FALSE,FALSE,FALSE,FALSE,,AIH
ICOSLG-CTLA4,Ig+ hepatocyte,Hepatocyte 2,,,1.27058776554747e-06,2.48552934503775e-07,aih_only,0,2,0,2,,7.59570350025623e-07,,,2.48552934503775e-07,1.27058776554747e-06,,FALSE,FALSE,FALSE,FALSE,,AIH
ICOSLG-CTLA4,Ig+ hepatocyte,Hepatocyte 3,,,4.71501283112172e-06,2.0933327815822e-06,aih_only,0,2,0,2,,3.40417280635196e-06,,,2.0933327815822e-06,4.71501283112172e-06,,FALSE,FALSE,FALSE,FALSE,,AIH
ICOSLG-CTLA4,Ig+ hepatocyte,Hepatocyte 4,,,3.48405906075702e-06,6.11227400101834e-07,aih_only,0,2,0,2,,2.04764323042943e-06,,,6.11227400101834e-07,3.48405906075702e-06,,FALSE,FALSE,FALSE,FALSE,,AIH
ICOSLG-CTLA4,Ig+ hepatocyte,Ig+ hepatocyte,,,3.49148348681697e-05,4.89871105574679e-06,aih_only,0,2,0,2,,1.99067729619583e-05,,,4.89871105574679e-06,3.49148348681697e-05,,FALSE,FALSE,FALSE,FALSE,,AIH
ICOSLG-CTLA4,Ig+ hepatocyte,IgG+ B cell,,,2.18089598067663e-06,1.41981756638115e-06,aih_only,0,2,0,2,,1.80035677352889e-06,,,1.41981756638115e-06,2.18089598067663e-06,,FALSE,FALSE,FALSE,FALSE,,AIH
ICOSLG-CTLA4,Ig+ hepatocyte,IgG+ plasmablast / plasma cell,,,4.00168840662617e-06,3.9986435184099e-06,aih_only,0,2,0,2,,4.00016596251803e-06,,,3.9986435184099e-06,4.00168840662617e-06,,FALSE,FALSE,FALSE,FALSE,,AIH
ICOSLG-CTLA4,Ig+ hepatocyte,IgM+ B cell,,,3.5788858358908e-07,5.99288517204696e-07,aih_only,0,2,0,2,,4.78588550396888e-07,,,3.5788858358908e-07,5.99288517204696e-07,,FALSE,FALSE,FALSE,FALSE,,AIH
ICOSLG-CTLA4,Ig+ hepatocyte,Macrophage 1,,,2.65377638003462e-06,1.37907171078053e-06,aih_only,0,2,0,2,,2.01642404540758e-06,,,1.37907171078053e-06,2.65377638003462e-06,,FALSE,FALSE,FALSE,FALSE,,AIH
ICOSLG-CTLA4,Ig+ hepatocyte,Macrophage 2,,,7.88051331791603e-07,7.26813415920378e-07,aih_only,0,2,0,2,,7.5743237385599e-07,,,7.26813415920378e-07,7.88051331791603e-07,,FALSE,FALSE,FALSE,FALSE,,AIH
ICOSLG-CTLA4,Ig+ hepatocyte,Sinusoidal endothelial cell,,,1.35093030265778e-06,1.50883944549442e-06,aih_only,0,2,0,2,,1.4298848740761e-06,,,1.35093030265778e-06,1.50883944549442e-06,,FALSE,FALSE,FALSE,FALSE,,AIH
ICOSLG-CTLA4,Ig+ hepatocyte,Stellate cell,,,8.6142345129786e-07,2.12862473351857e-06,aih_only,0,2,0,2,,1.49502409240822e-06,,,8.6142345129786e-07,2.12862473351857e-06,,FALSE,FALSE,FALSE,FALSE,,AIH
ICOSLG-CTLA4,Ig+ hepatocyte,Vascular endothelial cell,,,4.16864260465868e-07,2.05144252338788e-06,aih_only,0,2,0,2,,1.23415339192687e-06,,,4.16864260465868e-07,2.05144252338788e-06,,FALSE,FALSE,FALSE,FALSE,,AIH
ICOSLG-CTLA4,IgG+ B cell,CD4+ T cell,,,5.70301886792482e-06,7.96092760161467e-06,aih_only,0,2,0,2,,6.83197323476974e-06,,,5.70301886792482e-06,7.96092760161467e-06,,FALSE,FALSE,FALSE,FALSE,,AIH
ICOSLG-CTLA4,IgG+ B cell,CD8+ T cell 1,,,2.47675784263037e-06,1.53364655258638e-06,aih_only,0,2,0,2,,2.00520219760837e-06,,,1.53364655258638e-06,2.47675784263037e-06,,FALSE,FALSE,FALSE,FALSE,,AIH
ICOSLG-CTLA4,IgG+ B cell,CD8+ T cell 2,,,3.26025977029108e-06,9.65723572031011e-07,aih_only,0,2,0,2,,2.11299167116104e-06,,,9.65723572031011e-07,3.26025977029108e-06,,FALSE,FALSE,FALSE,FALSE,,AIH
ICOSLG-CTLA4,IgG+ B cell,CD8+ T cell 3,,,1.57055308283407e-06,1.98872465769213e-06,aih_only,0,2,0,2,,1.7796388702631e-06,,,1.57055308283407e-06,1.98872465769213e-06,,FALSE,FALSE,FALSE,FALSE,,AIH
ICOSLG-CTLA4,IgG+ B cell,Cholangiocyte,,,1.29995774101017e-06,1.33162862363804e-06,aih_only,0,2,0,2,,1.3157931823241e-06,,,1.29995774101017e-06,1.33162862363804e-06,,FALSE,FALSE,FALSE,FALSE,,AIH
ICOSLG-CTLA4,IgG+ B cell,Hepatocyte 1,,,1.87218025284616e-07,1.1701585271012e-07,aih_only,0,2,0,2,,1.52116938997368e-07,,,1.1701585271012e-07,1.87218025284616e-07,,FALSE,FALSE,FALSE,FALSE,,AIH
ICOSLG-CTLA4,IgG+ B cell,Hepatocyte 2,,,2.42662569228049e-07,5.556589939685e-08,aih_only,0,2,0,2,,1.4911423431245e-07,,,5.556589939685e-08,2.42662569228049e-07,,FALSE,FALSE,FALSE,FALSE,,AIH
ICOSLG-CTLA4,IgG+ B cell,Hepatocyte 3,,,2.5251950616112e-07,2.49064102591162e-07,aih_only,0,2,0,2,,2.50791804376141e-07,,,2.49064102591162e-07,2.5251950616112e-07,,FALSE,FALSE,FALSE,FALSE,,AIH
ICOSLG-CTLA4,IgG+ B cell,Hepatocyte 4,,,3.40666597599992e-07,8.54487905236918e-08,aih_only,0,2,0,2,,2.13057694061842e-07,,,8.54487905236918e-08,3.40666597599992e-07,,FALSE,FALSE,FALSE,FALSE,,AIH
ICOSLG-CTLA4,IgG+ B cell,Ig+ hepatocyte,,,8.453077005111e-07,4.46114672726049e-07,aih_only,0,2,0,2,,6.45711186618575e-07,,,4.46114672726049e-07,8.453077005111e-07,,FALSE,FALSE,FALSE,FALSE,,AIH
ICOSLG-CTLA4,IgG+ B cell,IgG+ B cell,,,1.47714067170915e-06,3.49797242959925e-06,aih_only,0,2,0,2,,2.4875565506542e-06,,,1.47714067170915e-06,3.49797242959925e-06,,FALSE,FALSE,FALSE,FALSE,,AIH
ICOSLG-CTLA4,IgG+ B cell,IgG+ plasmablast / plasma cell,,,1.90407629684287e-06,3.02394244418232e-06,aih_only,0,2,0,2,,2.46400937051259e-06,,,1.90407629684287e-06,3.02394244418232e-06,,FALSE,FALSE,FALSE,FALSE,,AIH
ICOSLG-CTLA4,IgG+ B cell,IgM+ B cell,,,8.27476440671256e-07,3.43659635387271e-06,aih_only,0,2,0,2,,2.13203639727198e-06,,,8.27476440671256e-07,3.43659635387271e-06,,FALSE,FALSE,FALSE,FALSE,,AIH
ICOSLG-CTLA4,IgG+ B cell,Macrophage 1,,,7.90535615213108e-07,3.1395984083244e-07,aih_only,0,2,0,2,,5.52247728022774e-07,,,3.1395984083244e-07,7.90535615213108e-07,,FALSE,FALSE,FALSE,FALSE,,AIH
ICOSLG-CTLA4,IgG+ B cell,Macrophage 2,,,5.73774347746519e-07,9.30013572522375e-07,aih_only,0,2,0,2,,7.51893960134447e-07,,,5.73774347746519e-07,9.30013572522375e-07,,FALSE,FALSE,FALSE,FALSE,,AIH
ICOSLG-CTLA4,IgG+ B cell,Sinusoidal endothelial cell,,,2.35808263030187e-07,1.53043176683363e-07,aih_only,0,2,0,2,,1.94425719856775e-07,,,1.53043176683363e-07,2.35808263030187e-07,,FALSE,FALSE,FALSE,FALSE,,AIH
ICOSLG-CTLA4,IgG+ B cell,Stellate cell,,,9.02902827237104e-07,1.218720096819e-06,aih_only,0,2,0,2,,1.06081146202805e-06,,,9.02902827237104e-07,1.218720096819e-06,,FALSE,FALSE,FALSE,FALSE,,AIH
ICOSLG-CTLA4,IgG+ B cell,Vascular endothelial cell,,,5.89705276455314e-07,2.04220376876743e-06,aih_only,0,2,0,2,,1.31595452261137e-06,,,5.89705276455314e-07,2.04220376876743e-06,,FALSE,FALSE,FALSE,FALSE,,AIH
ICOSLG-CTLA4,IgG+ plasmablast / plasma cell,CD4+ T cell,,,2.17980485908831e-05,2.77877582187651e-05,aih_only,0,2,0,2,,2.47929034048241e-05,,,2.17980485908831e-05,2.77877582187651e-05,,FALSE,FALSE,FALSE,FALSE,,AIH
ICOSLG-CTLA4,IgG+ plasmablast / plasma cell,CD8+ T cell 1,,,9.7861348852566e-06,7.16701445132764e-06,aih_only,0,2,0,2,,8.47657466829212e-06,,,7.16701445132764e-06,9.7861348852566e-06,,FALSE,FALSE,FALSE,FALSE,,AIH
ICOSLG-CTLA4,IgG+ plasmablast / plasma cell,CD8+ T cell 2,,,1.11653874099845e-05,7.58643478775895e-06,aih_only,0,2,0,2,,9.37591109887175e-06,,,7.58643478775895e-06,1.11653874099845e-05,,FALSE,FALSE,FALSE,FALSE,,AIH
ICOSLG-CTLA4,IgG+ plasmablast / plasma cell,CD8+ T cell 3,,,1.08569773142485e-05,9.49909335902453e-06,aih_only,0,2,0,2,,1.01780353366365e-05,,,9.49909335902453e-06,1.08569773142485e-05,,FALSE,FALSE,FALSE,FALSE,,AIH
ICOSLG-CTLA4,IgG+ plasmablast / plasma cell,Cholangiocyte,,,3.15218394852978e-06,3.45801127062663e-06,aih_only,0,2,0,2,,3.30509760957821e-06,,,3.15218394852978e-06,3.45801127062663e-06,,FALSE,FALSE,FALSE,FALSE,,AIH
ICOSLG-CTLA4,IgG+ plasmablast / plasma cell,Hepatocyte 1,,,1.01636998405022e-06,6.16517417904059e-07,aih_only,0,2,0,2,,8.16443700977138e-07,,,6.16517417904059e-07,1.01636998405022e-06,,FALSE,FALSE,FALSE,FALSE,,AIH
ICOSLG-CTLA4,IgG+ plasmablast / plasma cell,Hepatocyte 2,,,1.18280081277128e-06,2.26878708956039e-07,aih_only,0,2,0,2,,7.04839760863658e-07,,,2.26878708956039e-07,1.18280081277128e-06,,FALSE,FALSE,FALSE,FALSE,,AIH
ICOSLG-CTLA4,IgG+ plasmablast / plasma cell,Hepatocyte 3,,,1.10476210111167e-06,6.83630594643227e-07,aih_only,0,2,0,2,,8.94196347877447e-07,,,6.83630594643227e-07,1.10476210111167e-06,,FALSE,FALSE,FALSE,FALSE,,AIH
ICOSLG-CTLA4,IgG+ plasmablast / plasma cell,Hepatocyte 4,,,1.17349917313125e-06,3.98495939398147e-07,aih_only,0,2,0,2,,7.85997556264696e-07,,,3.98495939398147e-07,1.17349917313125e-06,,FALSE,FALSE,FALSE,FALSE,,AIH
ICOSLG-CTLA4,IgG+ plasmablast / plasma cell,Ig+ hepatocyte,,,5.10356129575554e-06,1.85287458323731e-06,aih_only,0,2,0,2,,3.47821793949643e-06,,,1.85287458323731e-06,5.10356129575554e-06,,FALSE,FALSE,FALSE,FALSE,,AIH
ICOSLG-CTLA4,IgG+ plasmablast / plasma cell,IgG+ B cell,,,3.86594844989058e-06,5.50923094823618e-06,aih_only,0,2,0,2,,4.68758969906338e-06,,,3.86594844989058e-06,5.50923094823618e-06,,FALSE,FALSE,FALSE,FALSE,,AIH
ICOSLG-CTLA4,IgG+ plasmablast / plasma cell,IgG+ plasmablast / plasma cell,,,7.91206419290572e-06,1.14949102833757e-05,aih_only,0,2,0,2,,9.70348723814071e-06,,,7.91206419290572e-06,1.14949102833757e-05,,FALSE,FALSE,FALSE,FALSE,,AIH
ICOSLG-CTLA4,IgG+ plasmablast / plasma cell,IgM+ B cell,,,3.58457596153206e-06,5.19823267412655e-06,aih_only,0,2,0,2,,4.39140431782931e-06,,,3.58457596153206e-06,5.19823267412655e-06,,FALSE,FALSE,FALSE,FALSE,,AIH
ICOSLG-CTLA4,IgG+ plasmablast / plasma cell,Macrophage 1,,,3.07112737880686e-06,1.87497045486112e-06,aih_only,0,2,0,2,,2.47304891683399e-06,,,1.87497045486112e-06,3.07112737880686e-06,,FALSE,FALSE,FALSE,FALSE,,AIH
ICOSLG-CTLA4,IgG+ plasmablast / plasma cell,Macrophage 2,,,2.03926907759511e-06,2.63669105508906e-06,aih_only,0,2,0,2,,2.33798006634209e-06,,,2.03926907759511e-06,2.63669105508906e-06,,FALSE,FALSE,FALSE,FALSE,,AIH
ICOSLG-CTLA4,IgG+ plasmablast / plasma cell,Sinusoidal endothelial cell,,,1.00709569347183e-06,1.18758729803661e-06,aih_only,0,2,0,2,,1.09734149575422e-06,,,1.00709569347183e-06,1.18758729803661e-06,,FALSE,FALSE,FALSE,FALSE,,AIH
ICOSLG-CTLA4,IgG+ plasmablast / plasma cell,Stellate cell,,,2.1298206513306e-06,2.02444961310841e-06,aih_only,0,2,0,2,,2.0771351322195e-06,,,2.02444961310841e-06,2.1298206513306e-06,,FALSE,FALSE,FALSE,FALSE,,AIH
ICOSLG-CTLA4,IgG+ plasmablast / plasma cell,Vascular endothelial cell,,,2.05983150347108e-06,3.18636839350414e-06,aih_only,0,2,0,2,,2.62309994848761e-06,,,2.05983150347108e-06,3.18636839350414e-06,,FALSE,FALSE,FALSE,FALSE,,AIH
ICOSLG-CTLA4,IgM+ B cell,CD4+ T cell,,,5.13011761596741e-05,6.75576363556472e-05,aih_only,0,2,0,2,,5.94294062576606e-05,,,5.13011761596741e-05,6.75576363556472e-05,,FALSE,FALSE,FALSE,FALSE,,AIH
ICOSLG-CTLA4,IgM+ B cell,CD8+ T cell 1,,,1.09374799154275e-05,8.45755803427921e-06,aih_only,0,2,0,2,,9.69751897485335e-06,,,8.45755803427921e-06,1.09374799154275e-05,,FALSE,FALSE,FALSE,FALSE,,AIH
ICOSLG-CTLA4,IgM+ B cell,CD8+ T cell 2,,,6.7826974175944e-06,8.09288372990763e-06,aih_only,0,2,0,2,,7.43779057375101e-06,,,6.7826974175944e-06,8.09288372990763e-06,,FALSE,FALSE,FALSE,FALSE,,AIH
ICOSLG-CTLA4,IgM+ B cell,CD8+ T cell 3,,,1.62854294181282e-05,1.21666640033124e-05,aih_only,0,2,0,2,,1.42260467107203e-05,,,1.21666640033124e-05,1.62854294181282e-05,,FALSE,FALSE,FALSE,FALSE,,AIH
ICOSLG-CTLA4,IgM+ B cell,Cholangiocyte,,,4.0475942825488e-06,4.43858336586493e-06,aih_only,0,2,0,2,,4.24308882420687e-06,,,4.0475942825488e-06,4.43858336586493e-06,,FALSE,FALSE,FALSE,FALSE,,AIH
ICOSLG-CTLA4,IgM+ B cell,Hepatocyte 1,,,4.08903787856545e-07,6.15997825793902e-07,aih_only,0,2,0,2,,5.12450806825224e-07,,,4.08903787856545e-07,6.15997825793902e-07,,FALSE,FALSE,FALSE,FALSE,,AIH
ICOSLG-CTLA4,IgM+ B cell,Hepatocyte 2,,,5.7025873948627e-07,2.1389742690949e-07,aih_only,0,2,0,2,,3.9207808319788e-07,,,2.1389742690949e-07,5.7025873948627e-07,,FALSE,FALSE,FALSE,FALSE,,AIH
ICOSLG-CTLA4,IgM+ B cell,Hepatocyte 3,,,7.8532909668592e-07,4.87855217882615e-07,aih_only,0,2,0,2,,6.36592157284268e-07,,,4.87855217882615e-07,7.8532909668592e-07,,FALSE,FALSE,FALSE,FALSE,,AIH
ICOSLG-CTLA4,IgM+ B cell,Hepatocyte 4,,,6.89660586122636e-07,5.71686244074108e-07,aih_only,0,2,0,2,,6.30673415098372e-07,,,5.71686244074108e-07,6.89660586122636e-07,,FALSE,FALSE,FALSE,FALSE,,AIH
ICOSLG-CTLA4,IgM+ B cell,Ig+ hepatocyte,,,1.4966600412676e-06,1.22215783440558e-06,aih_only,0,2,0,2,,1.35940893783659e-06,,,1.22215783440558e-06,1.4966600412676e-06,,FALSE,FALSE,FALSE,FALSE,,AIH
ICOSLG-CTLA4,IgM+ B cell,IgG+ B cell,,,3.24445332966692e-06,4.72108046745099e-06,aih_only,0,2,0,2,,3.98276689855896e-06,,,3.24445332966692e-06,4.72108046745099e-06,,FALSE,FALSE,FALSE,FALSE,,AIH
ICOSLG-CTLA4,IgM+ B cell,IgG+ plasmablast / plasma cell,,,6.00172940466793e-06,8.14227165868311e-06,aih_only,0,2,0,2,,7.07200053167552e-06,,,6.00172940466793e-06,8.14227165868311e-06,,FALSE,FALSE,FALSE,FALSE,,AIH
ICOSLG-CTLA4,IgM+ B cell,IgM+ B cell,,,1.94096536312627e-05,5.75084624627712e-05,aih_only,0,2,0,2,,3.84590580470169e-05,,,1.94096536312627e-05,5.75084624627712e-05,,FALSE,FALSE,FALSE,FALSE,,AIH
ICOSLG-CTLA4,IgM+ B cell,Macrophage 1,,,3.27861839902198e-06,2.67507822433713e-06,aih_only,0,2,0,2,,2.97684831167956e-06,,,2.67507822433713e-06,3.27861839902198e-06,,FALSE,FALSE,FALSE,FALSE,,AIH
ICOSLG-CTLA4,IgM+ B cell,Macrophage 2,,,3.72353568238745e-06,3.36642810938896e-06,aih_only,0,2,0,2,,3.5449818958882e-06,,,3.36642810938896e-06,3.72353568238745e-06,,FALSE,FALSE,FALSE,FALSE,,AIH
ICOSLG-CTLA4,IgM+ B cell,Sinusoidal endothelial cell,,,1.09264967727328e-06,1.54943989666164e-06,aih_only,0,2,0,2,,1.32104478696746e-06,,,1.09264967727328e-06,1.54943989666164e-06,,FALSE,FALSE,FALSE,FALSE,,AIH
ICOSLG-CTLA4,IgM+ B cell,Stellate cell,,,3.74555508506139e-06,3.42765468416024e-06,aih_only,0,2,0,2,,3.58660488461082e-06,,,3.42765468416024e-06,3.74555508506139e-06,,FALSE,FALSE,FALSE,FALSE,,AIH
ICOSLG-CTLA4,IgM+ B cell,Vascular endothelial cell,,,4.63579924501453e-06,4.34045602403548e-06,aih_only,0,2,0,2,,4.488127634525e-06,,,4.34045602403548e-06,4.63579924501453e-06,,FALSE,FALSE,FALSE,FALSE,,AIH
ICOSLG-CTLA4,Macrophage 1,CD4+ T cell,,,2.61290952441021e-05,3.04668621049349e-05,aih_only,0,2,0,2,,2.82979786745185e-05,,,2.61290952441021e-05,3.04668621049349e-05,,FALSE,FALSE,FALSE,FALSE,,AIH
ICOSLG-CTLA4,Macrophage 1,CD8+ T cell 1,,,2.40210472165994e-05,2.00102743542095e-05,aih_only,0,2,0,2,,2.20156607854044e-05,,,2.00102743542095e-05,2.40210472165994e-05,,FALSE,FALSE,FALSE,FALSE,,AIH
ICOSLG-CTLA4,Macrophage 1,CD8+ T cell 2,,,4.7427701882325e-05,3.64265890630446e-05,aih_only,0,2,0,2,,4.19271454726848e-05,,,3.64265890630446e-05,4.7427701882325e-05,,FALSE,FALSE,FALSE,FALSE,,AIH
ICOSLG-CTLA4,Macrophage 1,CD8+ T cell 3,,,2.60972171522576e-05,2.95846887816138e-05,aih_only,0,2,0,2,,2.78409529669357e-05,,,2.60972171522576e-05,2.95846887816138e-05,,FALSE,FALSE,FALSE,FALSE,,AIH
ICOSLG-CTLA4,Macrophage 1,Cholangiocyte,,,2.87914498133902e-06,2.96006325660119e-06,aih_only,0,2,0,2,,2.9196041189701e-06,,,2.87914498133902e-06,2.96006325660119e-06,,FALSE,FALSE,FALSE,FALSE,,AIH
ICOSLG-CTLA4,Macrophage 1,Hepatocyte 1,,,4.88507112250244e-06,2.632758829445e-06,aih_only,0,2,0,2,,3.75891497597372e-06,,,2.632758829445e-06,4.88507112250244e-06,,FALSE,FALSE,FALSE,FALSE,,AIH
ICOSLG-CTLA4,Macrophage 1,Hepatocyte 2,,,3.72032618814818e-06,1.40804124225321e-06,aih_only,0,2,0,2,,2.56418371520069e-06,,,1.40804124225321e-06,3.72032618814818e-06,,FALSE,FALSE,FALSE,FALSE,,AIH
ICOSLG-CTLA4,Macrophage 1,Hepatocyte 3,,,5.31656825912467e-06,3.08609029376024e-06,aih_only,0,2,0,2,,4.20132927644245e-06,,,3.08609029376024e-06,5.31656825912467e-06,,FALSE,FALSE,FALSE,FALSE,,AIH
ICOSLG-CTLA4,Macrophage 1,Hepatocyte 4,,,5.11922345315619e-06,3.1609794737469e-06,aih_only,0,2,0,2,,4.14010146345155e-06,,,3.1609794737469e-06,5.11922345315619e-06,,FALSE,FALSE,FALSE,FALSE,,AIH
ICOSLG-CTLA4,Macrophage 1,Ig+ hepatocyte,,,1.04819233489417e-05,3.03319932143827e-06,aih_only,0,2,0,2,,6.75756133519e-06,,,3.03319932143827e-06,1.04819233489417e-05,,FALSE,FALSE,FALSE,FALSE,,AIH
ICOSLG-CTLA4,Macrophage 1,IgG+ B cell,,,2.96643766184482e-06,2.6762833873508e-06,aih_only,0,2,0,2,,2.82136052459781e-06,,,2.6762833873508e-06,2.96643766184482e-06,,FALSE,FALSE,FALSE,FALSE,,AIH
ICOSLG-CTLA4,Macrophage 1,IgG+ plasmablast / plasma cell,,,6.68904521571145e-06,5.46300013973763e-06,aih_only,0,2,0,2,,6.07602267772454e-06,,,5.46300013973763e-06,6.68904521571145e-06,,FALSE,FALSE,FALSE,FALSE,,AIH
ICOSLG-CTLA4,Macrophage 1,IgM+ B cell,,,3.81128943696024e-06,4.98945061125714e-06,aih_only,0,2,0,2,,4.40037002410869e-06,,,3.81128943696024e-06,4.98945061125714e-06,,FALSE,FALSE,FALSE,FALSE,,AIH
ICOSLG-CTLA4,Macrophage 1,Macrophage 1,,,9.58449233825862e-06,8.57691780236132e-06,aih_only,0,2,0,2,,9.08070507030997e-06,,,8.57691780236132e-06,9.58449233825862e-06,,FALSE,FALSE,FALSE,FALSE,,AIH
ICOSLG-CTLA4,Macrophage 1,Macrophage 2,,,2.57453877892244e-06,3.88126832254917e-06,aih_only,0,2,0,2,,3.22790355073581e-06,,,2.57453877892244e-06,3.88126832254917e-06,,FALSE,FALSE,FALSE,FALSE,,AIH
ICOSLG-CTLA4,Macrophage 1,Sinusoidal endothelial cell,,,4.7730145012939e-06,3.86602462202522e-06,aih_only,0,2,0,2,,4.31951956165956e-06,,,3.86602462202522e-06,4.7730145012939e-06,,FALSE,FALSE,FALSE,FALSE,,AIH
ICOSLG-CTLA4,Macrophage 1,Stellate cell,,,2.98465290246294e-06,2.46369574115648e-06,aih_only,0,2,0,2,,2.72417432180971e-06,,,2.46369574115648e-06,2.98465290246294e-06,,FALSE,FALSE,FALSE,FALSE,,AIH
ICOSLG-CTLA4,Macrophage 1,Vascular endothelial cell,,,1.94672580599825e-06,2.35915877720389e-06,aih_only,0,2,0,2,,2.15294229160107e-06,,,1.94672580599825e-06,2.35915877720389e-06,,FALSE,FALSE,FALSE,FALSE,,AIH
ICOSLG-CTLA4,Macrophage 2,CD4+ T cell,,,1.27611053352537e-05,1.80106380253983e-05,aih_only,0,2,0,2,,1.5385871680326e-05,,,1.27611053352537e-05,1.80106380253983e-05,,FALSE,FALSE,FALSE,FALSE,,AIH
ICOSLG-CTLA4,Macrophage 2,CD8+ T cell 1,,,5.21113912440425e-06,6.40067939799565e-06,aih_only,0,2,0,2,,5.80590926119995e-06,,,5.21113912440425e-06,6.40067939799565e-06,,FALSE,FALSE,FALSE,FALSE,,AIH
ICOSLG-CTLA4,Macrophage 2,CD8+ T cell 2,,,5.84842066056135e-06,8.72911863285487e-06,aih_only,0,2,0,2,,7.28876964670811e-06,,,5.84842066056135e-06,8.72911863285487e-06,,FALSE,FALSE,FALSE,FALSE,,AIH
ICOSLG-CTLA4,Macrophage 2,CD8+ T cell 3,,,5.43136139400366e-06,9.57516487559848e-06,aih_only,0,2,0,2,,7.50326313480107e-06,,,5.43136139400366e-06,9.57516487559848e-06,,FALSE,FALSE,FALSE,FALSE,,AIH
ICOSLG-CTLA4,Macrophage 2,Cholangiocyte,,,2.27124815109595e-06,2.29739685274454e-06,aih_only,0,2,0,2,,2.28432250192024e-06,,,2.27124815109595e-06,2.29739685274454e-06,,FALSE,FALSE,FALSE,FALSE,,AIH
ICOSLG-CTLA4,Macrophage 2,Hepatocyte 1,,,4.49663915680529e-07,7.55613090896231e-07,aih_only,0,2,0,2,,6.0263850328838e-07,,,4.49663915680529e-07,7.55613090896231e-07,,FALSE,FALSE,FALSE,FALSE,,AIH
ICOSLG-CTLA4,Macrophage 2,Hepatocyte 2,,,5.66210568419572e-07,4.88406751088177e-07,aih_only,0,2,0,2,,5.27308659753875e-07,,,4.88406751088177e-07,5.66210568419572e-07,,FALSE,FALSE,FALSE,FALSE,,AIH
ICOSLG-CTLA4,Macrophage 2,Hepatocyte 3,,,1.03875604721358e-06,8.95532353005659e-07,aih_only,0,2,0,2,,9.67144200109617e-07,,,8.95532353005659e-07,1.03875604721358e-06,,FALSE,FALSE,FALSE,FALSE,,AIH
ICOSLG-CTLA4,Macrophage 2,Hepatocyte 4,,,5.91487435550558e-07,9.14914064484751e-07,aih_only,0,2,0,2,,7.53200750017655e-07,,,5.91487435550558e-07,9.14914064484751e-07,,FALSE,FALSE,FALSE,FALSE,,AIH
ICOSLG-CTLA4,Macrophage 2,Ig+ hepatocyte,,,1.70960905352492e-06,1.57079416288162e-06,aih_only,0,2,0,2,,1.64020160820327e-06,,,1.57079416288162e-06,1.70960905352492e-06,,FALSE,FALSE,FALSE,FALSE,,AIH
ICOSLG-CTLA4,Macrophage 2,IgG+ B cell,,,1.18586521914887e-06,2.59831851041028e-06,aih_only,0,2,0,2,,1.89209186477958e-06,,,1.18586521914887e-06,2.59831851041028e-06,,FALSE,FALSE,FALSE,FALSE,,AIH
ICOSLG-CTLA4,Macrophage 2,IgG+ plasmablast / plasma cell,,,2.61686945567807e-06,3.46992940798106e-06,aih_only,0,2,0,2,,3.04339943182957e-06,,,2.61686945567807e-06,3.46992940798106e-06,,FALSE,FALSE,FALSE,FALSE,,AIH
ICOSLG-CTLA4,Macrophage 2,IgM+ B cell,,,2.37655731050632e-06,4.72854185582723e-06,aih_only,0,2,0,2,,3.55254958316678e-06,,,2.37655731050632e-06,4.72854185582723e-06,,FALSE,FALSE,FALSE,FALSE,,AIH
ICOSLG-CTLA4,Macrophage 2,Macrophage 1,,,1.70158306954547e-06,1.86930863987298e-06,aih_only,0,2,0,2,,1.78544585470922e-06,,,1.70158306954547e-06,1.86930863987298e-06,,FALSE,FALSE,FALSE,FALSE,,AIH
ICOSLG-CTLA4,Macrophage 2,Macrophage 2,,,1.638529951997e-06,2.50957369605763e-06,aih_only,0,2,0,2,,2.07405182402732e-06,,,1.638529951997e-06,2.50957369605763e-06,,FALSE,FALSE,FALSE,FALSE,,AIH
ICOSLG-CTLA4,Macrophage 2,Sinusoidal endothelial cell,,,7.79204390288024e-07,1.34390555579751e-06,aih_only,0,2,0,2,,1.06155497304277e-06,,,7.79204390288024e-07,1.34390555579751e-06,,FALSE,FALSE,FALSE,FALSE,,AIH
ICOSLG-CTLA4,Macrophage 2,Stellate cell,,,1.63426421129134e-06,1.69375761901683e-06,aih_only,0,2,0,2,,1.66401091515409e-06,,,1.63426421129134e-06,1.69375761901683e-06,,FALSE,FALSE,FALSE,FALSE,,AIH
ICOSLG-CTLA4,Macrophage 2,Vascular endothelial cell,,,1.36066145664824e-06,1.83015435672096e-06,aih_only,0,2,0,2,,1.5954079066846e-06,,,1.36066145664824e-06,1.83015435672096e-06,,FALSE,FALSE,FALSE,FALSE,,AIH
ICOSLG-CTLA4,Sinusoidal endothelial cell,CD4+ T cell,,,3.62363786231672e-06,5.07487594398469e-06,aih_only,0,2,0,2,,4.34925690315071e-06,,,3.62363786231672e-06,5.07487594398469e-06,,FALSE,FALSE,FALSE,FALSE,,AIH
ICOSLG-CTLA4,Sinusoidal endothelial cell,CD8+ T cell 1,,,3.76914201041058e-06,4.90726556798061e-06,aih_only,0,2,0,2,,4.33820378919559e-06,,,3.76914201041058e-06,4.90726556798061e-06,,FALSE,FALSE,FALSE,FALSE,,AIH
ICOSLG-CTLA4,Sinusoidal endothelial cell,CD8+ T cell 2,,,8.67279563907961e-06,9.58532325169296e-06,aih_only,0,2,0,2,,9.12905944538628e-06,,,8.67279563907961e-06,9.58532325169296e-06,,FALSE,FALSE,FALSE,FALSE,,AIH
ICOSLG-CTLA4,Sinusoidal endothelial cell,CD8+ T cell 3,,,3.08563652876395e-06,7.26775498146779e-06,aih_only,0,2,0,2,,5.17669575511587e-06,,,3.08563652876395e-06,7.26775498146779e-06,,FALSE,FALSE,FALSE,FALSE,,AIH
ICOSLG-CTLA4,Sinusoidal endothelial cell,Cholangiocyte,,,4.19666959621639e-07,5.6659405933459e-07,aih_only,0,2,0,2,,4.93130509478114e-07,,,4.19666959621639e-07,5.6659405933459e-07,,FALSE,FALSE,FALSE,FALSE,,AIH
ICOSLG-CTLA4,Sinusoidal endothelial cell,Hepatocyte 1,,,9.14039540985384e-07,6.23640526076513e-07,aih_only,0,2,0,2,,7.68840033530949e-07,,,6.23640526076513e-07,9.14039540985384e-07,,FALSE,FALSE,FALSE,FALSE,,AIH
ICOSLG-CTLA4,Sinusoidal endothelial cell,Hepatocyte 2,,,6.39318447824103e-07,5.07627783634852e-07,aih_only,0,2,0,2,,5.73473115729478e-07,,,5.07627783634852e-07,6.39318447824103e-07,,FALSE,FALSE,FALSE,FALSE,,AIH
ICOSLG-CTLA4,Sinusoidal endothelial cell,Hepatocyte 3,,,6.69027871517954e-07,8.0413437769122e-07,aih_only,0,2,0,2,,7.36581124604587e-07,,,6.69027871517954e-07,8.0413437769122e-07,,FALSE,FALSE,FALSE,FALSE,,AIH
ICOSLG-CTLA4,Sinusoidal endothelial cell,Hepatocyte 4,,,8.49136824567232e-07,9.10642241420244e-07,aih_only,0,2,0,2,,8.79889532993738e-07,,,8.49136824567232e-07,9.10642241420244e-07,,FALSE,FALSE,FALSE,FALSE,,AIH
ICOSLG-CTLA4,Sinusoidal endothelial cell,Ig+ hepatocyte,,,9.07563942914135e-07,2.33800167393404e-06,aih_only,0,2,0,2,,1.62278280842409e-06,,,9.07563942914135e-07,2.33800167393404e-06,,FALSE,FALSE,FALSE,FALSE,,AIH
ICOSLG-CTLA4,Sinusoidal endothelial cell,IgG+ B cell,,,5.71732366986014e-07,6.1145318016257e-07,aih_only,0,2,0,2,,5.91592773574292e-07,,,5.71732366986014e-07,6.1145318016257e-07,,FALSE,FALSE,FALSE,FALSE,,AIH
ICOSLG-CTLA4,Sinusoidal endothelial cell,IgG+ plasmablast / plasma cell,,,7.69345982616225e-07,9.73392335655385e-07,aih_only,0,2,0,2,,8.71369159135805e-07,,,7.69345982616225e-07,9.73392335655385e-07,,FALSE,FALSE,FALSE,FALSE,,AIH
ICOSLG-CTLA4,Sinusoidal endothelial cell,IgM+ B cell,,,2.67572915973538e-07,4.54887549208123e-07,aih_only,0,2,0,2,,3.6123023259083e-07,,,2.67572915973538e-07,4.54887549208123e-07,,FALSE,FALSE,FALSE,FALSE,,AIH
ICOSLG-CTLA4,Sinusoidal endothelial cell,Macrophage 1,,,1.10110697353906e-06,1.20513528681046e-06,aih_only,0,2,0,2,,1.15312113017476e-06,,,1.10110697353906e-06,1.20513528681046e-06,,FALSE,FALSE,FALSE,FALSE,,AIH
ICOSLG-CTLA4,Sinusoidal endothelial cell,Macrophage 2,,,4.54151782968945e-07,7.39990141277109e-07,aih_only,0,2,0,2,,5.97070962123027e-07,,,4.54151782968945e-07,7.39990141277109e-07,,FALSE,FALSE,FALSE,FALSE,,AIH
ICOSLG-CTLA4,Sinusoidal endothelial cell,Sinusoidal endothelial cell,,,2.19668533348029e-06,1.491917310524e-06,aih_only,0,2,0,2,,1.84430132200215e-06,,,1.491917310524e-06,2.19668533348029e-06,,FALSE,FALSE,FALSE,FALSE,,AIH
ICOSLG-CTLA4,Sinusoidal endothelial cell,Stellate cell,,,5.1567834938757e-07,6.06113182585051e-07,aih_only,0,2,0,2,,5.60895765986311e-07,,,5.1567834938757e-07,6.06113182585051e-07,,FALSE,FALSE,FALSE,FALSE,,AIH
ICOSLG-CTLA4,Sinusoidal endothelial cell,Vascular endothelial cell,,,1.82085885744185e-07,3.53616452072839e-07,aih_only,0,2,0,2,,2.67851168908512e-07,,,1.82085885744185e-07,3.53616452072839e-07,,FALSE,FALSE,FALSE,FALSE,,AIH
ICOSLG-CTLA4,Stellate cell,CD4+ T cell,,,7.15602103118352e-06,1.20268644649557e-05,aih_only,0,2,0,2,,9.59144274806959e-06,,,7.15602103118352e-06,1.20268644649557e-05,,FALSE,FALSE,FALSE,FALSE,,AIH
ICOSLG-CTLA4,Stellate cell,CD8+ T cell 1,,,3.44364279416964e-06,4.06131926163278e-06,aih_only,0,2,0,2,,3.75248102790121e-06,,,3.44364279416964e-06,4.06131926163278e-06,,FALSE,FALSE,FALSE,FALSE,,AIH
ICOSLG-CTLA4,Stellate cell,CD8+ T cell 2,,,3.47735163789435e-06,5.51564050232106e-06,aih_only,0,2,0,2,,4.4964960701077e-06,,,3.47735163789435e-06,5.51564050232106e-06,,FALSE,FALSE,FALSE,FALSE,,AIH
ICOSLG-CTLA4,Stellate cell,CD8+ T cell 3,,,3.6722735888271e-06,4.69363804268111e-06,aih_only,0,2,0,2,,4.18295581575411e-06,,,3.6722735888271e-06,4.69363804268111e-06,,FALSE,FALSE,FALSE,FALSE,,AIH
ICOSLG-CTLA4,Stellate cell,Cholangiocyte,,,9.59796662615497e-07,1.58770016349514e-06,aih_only,0,2,0,2,,1.27374841305532e-06,,,9.59796662615497e-07,1.58770016349514e-06,,FALSE,FALSE,FALSE,FALSE,,AIH
ICOSLG-CTLA4,Stellate cell,Hepatocyte 1,,,3.73993891473498e-07,5.06696041259813e-07,aih_only,0,2,0,2,,4.40344966366655e-07,,,3.73993891473498e-07,5.06696041259813e-07,,FALSE,FALSE,FALSE,FALSE,,AIH
ICOSLG-CTLA4,Stellate cell,Hepatocyte 2,,,2.12550857972482e-07,3.55734653704302e-07,aih_only,0,2,0,2,,2.84142755838392e-07,,,2.12550857972482e-07,3.55734653704302e-07,,FALSE,FALSE,FALSE,FALSE,,AIH
ICOSLG-CTLA4,Stellate cell,Hepatocyte 3,,,3.63104940190538e-07,4.80270875677693e-07,aih_only,0,2,0,2,,4.21687907934115e-07,,,3.63104940190538e-07,4.80270875677693e-07,,FALSE,FALSE,FALSE,FALSE,,AIH
ICOSLG-CTLA4,Stellate cell,Hepatocyte 4,,,4.77156683686055e-07,4.76606666035618e-07,aih_only,0,2,0,2,,4.76881674860836e-07,,,4.76606666035618e-07,4.77156683686055e-07,,FALSE,FALSE,FALSE,FALSE,,AIH
ICOSLG-CTLA4,Stellate cell,Ig+ hepatocyte,,,1.54096882639865e-06,9.20446850108605e-07,aih_only,0,2,0,2,,1.23070783825363e-06,,,9.20446850108605e-07,1.54096882639865e-06,,FALSE,FALSE,FALSE,FALSE,,AIH
ICOSLG-CTLA4,Stellate cell,IgG+ B cell,,,7.08627455940211e-07,1.98848978300927e-06,aih_only,0,2,0,2,,1.34855861947474e-06,,,7.08627455940211e-07,1.98848978300927e-06,,FALSE,FALSE,FALSE,FALSE,,AIH
ICOSLG-CTLA4,Stellate cell,IgG+ plasmablast / plasma cell,,,1.51150589992671e-06,2.89579845299458e-06,aih_only,0,2,0,2,,2.20365217646064e-06,,,1.51150589992671e-06,2.89579845299458e-06,,FALSE,FALSE,FALSE,FALSE,,AIH
ICOSLG-CTLA4,Stellate cell,IgM+ B cell,,,1.47157499413564e-06,2.6219326593471e-06,aih_only,0,2,0,2,,2.04675382674137e-06,,,1.47157499413564e-06,2.6219326593471e-06,,FALSE,FALSE,FALSE,FALSE,,AIH
ICOSLG-CTLA4,Stellate cell,Macrophage 1,,,1.10473311008583e-06,1.12156469116108e-06,aih_only,0,2,0,2,,1.11314890062346e-06,,,1.10473311008583e-06,1.12156469116108e-06,,FALSE,FALSE,FALSE,FALSE,,AIH
ICOSLG-CTLA4,Stellate cell,Macrophage 2,,,7.36012018871015e-07,1.28485464160751e-06,aih_only,0,2,0,2,,1.01043333023926e-06,,,7.36012018871015e-07,1.28485464160751e-06,,FALSE,FALSE,FALSE,FALSE,,AIH
ICOSLG-CTLA4,Stellate cell,Sinusoidal endothelial cell,,,5.24941877580781e-07,9.92876550626396e-07,aih_only,0,2,0,2,,7.58909214103589e-07,,,5.24941877580781e-07,9.92876550626396e-07,,FALSE,FALSE,FALSE,FALSE,,AIH
ICOSLG-CTLA4,Stellate cell,Stellate cell,,,1.41562530218907e-06,1.56908303437547e-06,aih_only,0,2,0,2,,1.49235416828227e-06,,,1.41562530218907e-06,1.56908303437547e-06,,FALSE,FALSE,FALSE,FALSE,,AIH
ICOSLG-CTLA4,Stellate cell,Vascular endothelial cell,,,7.7291561177903e-07,1.5140149214665e-06,aih_only,0,2,0,2,,1.14346526662276e-06,,,7.7291561177903e-07,1.5140149214665e-06,,FALSE,FALSE,FALSE,FALSE,,AIH
ICOSLG-CTLA4,Vascular endothelial cell,CD4+ T cell,,,1.87512920481086e-05,1.78418126144124e-05,aih_only,0,2,0,2,,1.82965523312605e-05,,,1.78418126144124e-05,1.87512920481086e-05,,FALSE,FALSE,FALSE,FALSE,,AIH
ICOSLG-CTLA4,Vascular endothelial cell,CD8+ T cell 1,,,3.98304559641927e-06,2.24848387665091e-06,aih_only,0,2,0,2,,3.11576473653509e-06,,,2.24848387665091e-06,3.98304559641927e-06,,FALSE,FALSE,FALSE,FALSE,,AIH
ICOSLG-CTLA4,Vascular endothelial cell,CD8+ T cell 2,,,2.43626317727762e-06,1.52766774249681e-06,aih_only,0,2,0,2,,1.98196545988722e-06,,,1.52766774249681e-06,2.43626317727762e-06,,FALSE,FALSE,FALSE,FALSE,,AIH
ICOSLG-CTLA4,Vascular endothelial cell,CD8+ T cell 3,,,5.9025020898102e-06,2.23109156881071e-06,aih_only,0,2,0,2,,4.06679682931046e-06,,,2.23109156881071e-06,5.9025020898102e-06,,FALSE,FALSE,FALSE,FALSE,,AIH
ICOSLG-CTLA4,Vascular endothelial cell,Cholangiocyte,,,2.78252758645972e-06,1.53577962684649e-06,aih_only,0,2,0,2,,2.15915360665311e-06,,,1.53577962684649e-06,2.78252758645972e-06,,FALSE,FALSE,FALSE,FALSE,,AIH
ICOSLG-CTLA4,Vascular endothelial cell,Hepatocyte 1,,,1.78471645857543e-07,1.4858782689278e-07,aih_only,0,2,0,2,,1.63529736375162e-07,,,1.4858782689278e-07,1.78471645857543e-07,,FALSE,FALSE,FALSE,FALSE,,AIH
ICOSLG-CTLA4,Vascular endothelial cell,Hepatocyte 2,,,2.47396028717488e-07,6.85391079318407e-08,aih_only,0,2,0,2,,1.57967568324664e-07,,,6.85391079318407e-08,2.47396028717488e-07,,FALSE,FALSE,FALSE,FALSE,,AIH
ICOSLG-CTLA4,Vascular endothelial cell,Hepatocyte 3,,,9.60493488724096e-07,1.07417342860674e-07,aih_only,0,2,0,2,,5.33955415792385e-07,,,1.07417342860674e-07,9.60493488724096e-07,,FALSE,FALSE,FALSE,FALSE,,AIH
ICOSLG-CTLA4,Vascular endothelial cell,Hepatocyte 4,,,2.60993931363378e-07,6.90614641563745e-08,aih_only,0,2,0,2,,1.65027697759876e-07,,,6.90614641563745e-08,2.60993931363378e-07,,FALSE,FALSE,FALSE,FALSE,,AIH
ICOSLG-CTLA4,Vascular endothelial cell,Ig+ hepatocyte,,,8.50574111900148e-07,6.30681741302662e-07,aih_only,0,2,0,2,,7.40627926601405e-07,,,6.30681741302662e-07,8.50574111900148e-07,,FALSE,FALSE,FALSE,FALSE,,AIH
ICOSLG-CTLA4,Vascular endothelial cell,IgG+ B cell,,,2.07036220883842e-06,1.82974349561411e-06,aih_only,0,2,0,2,,1.95005285222627e-06,,,1.82974349561411e-06,2.07036220883842e-06,,FALSE,FALSE,FALSE,FALSE,,AIH
ICOSLG-CTLA4,Vascular endothelial cell,IgG+ plasmablast / plasma cell,,,2.1297914068427e-06,3.14348838200254e-06,aih_only,0,2,0,2,,2.63663989442262e-06,,,2.1297914068427e-06,3.14348838200254e-06,,FALSE,FALSE,FALSE,FALSE,,AIH
ICOSLG-CTLA4,Vascular endothelial cell,IgM+ B cell,,,3.44803403503605e-06,5.46945441722987e-06,aih_only,0,2,0,2,,4.45874422613296e-06,,,3.44803403503605e-06,5.46945441722987e-06,,FALSE,FALSE,FALSE,FALSE,,AIH
ICOSLG-CTLA4,Vascular endothelial cell,Macrophage 1,,,1.54660211268091e-06,6.14072568417277e-07,aih_only,0,2,0,2,,1.0803373405491e-06,,,6.14072568417277e-07,1.54660211268091e-06,,FALSE,FALSE,FALSE,FALSE,,AIH
ICOSLG-CTLA4,Vascular endothelial cell,Macrophage 2,,,1.60684652982626e-06,1.16615336867766e-06,aih_only,0,2,0,2,,1.38649994925196e-06,,,1.16615336867766e-06,1.60684652982626e-06,,FALSE,FALSE,FALSE,FALSE,,AIH
ICOSLG-CTLA4,Vascular endothelial cell,Sinusoidal endothelial cell,,,9.37067544142641e-08,4.13969470968824e-07,aih_only,0,2,0,2,,2.53838112691544e-07,,,9.37067544142641e-08,4.13969470968824e-07,,FALSE,FALSE,FALSE,FALSE,,AIH
ICOSLG-CTLA4,Vascular endothelial cell,Stellate cell,,,2.14556425997022e-06,1.82566962720921e-06,aih_only,0,2,0,2,,1.98561694358972e-06,,,1.82566962720921e-06,2.14556425997022e-06,,FALSE,FALSE,FALSE,FALSE,,AIH
ICOSLG-CTLA4,Vascular endothelial cell,Vascular endothelial cell,,,6.45646689623967e-06,2.19079025545774e-06,aih_only,0,2,0,2,,4.32362857584871e-06,,,2.19079025545774e-06,6.45646689623967e-06,,FALSE,FALSE,FALSE,FALSE,,AIH
