lr_id,source,target,18321_a,24774_d,54023_b,56784_c,comparability,n_ir_tested,n_aih_tested,n_ir_notNA,n_aih_notNA,irHep_mean,AIH_mean,irHep_min,irHep_max,AIH_min,AIH_max,log2FC,is_strict_eligible,coherent_strict_irHep,coherent_strict_AIH,coherent_strict,enriched_strict
IL2,Hepatocyte 4,Hepatocyte 4,0,0,1.06652308915552e-05,8.19355059856441e-07,all4,2,2,2,2,0,5.74229297570583e-06,0,0,8.19355059856441e-07,1.06652308915552e-05,-6.0194854539208,TRUE,FALSE,TRUE,TRUE,AIH
VEGF,IgG+ B cell,Hepatocyte 4,4.94529356341688e-06,1.04487829899298e-05,5.82122132828213e-08,1.82699023260841e-07,all4,2,2,2,2,7.69703827667336e-06,1.20455618271831e-07,4.94529356341688e-06,1.04487829899298e-05,5.82122132828213e-08,1.82699023260841e-07,5.21011673629168,TRUE,TRUE,FALSE,TRUE,irHepatitis
IL2,Macrophage 1,Sinusoidal endothelial cell,5.43129595357026e-08,0,5.0085957384728e-06,3.26931727435316e-06,all4,2,2,2,2,2.71564797678513e-08,4.13895650641298e-06,0,5.43129595357026e-08,3.26931727435316e-06,5.0085957384728e-06,-5.17492410320969,TRUE,FALSE,TRUE,TRUE,AIH
IL2,Hepatocyte 1,Hepatocyte 4,0,0,5.18915383931014e-06,3.23020512193253e-07,all4,2,2,2,2,0,2.75608717575169e-06,0,0,3.23020512193253e-07,5.18915383931014e-06,-4.98437760541085,TRUE,FALSE,TRUE,TRUE,AIH
CSF,CD8+ T cell 2,Hepatocyte 4,7.38516702727417e-08,1.62725177327304e-06,3.83372201256177e-05,1.35926994926342e-05,all4,2,2,2,2,8.50551721772889e-07,2.59649598091259e-05,7.38516702727417e-08,1.62725177327304e-06,1.35926994926342e-05,3.83372201256177e-05,-4.79204655447865,TRUE,FALSE,TRUE,TRUE,AIH
VEGF,IgG+ B cell,CD8+ T cell 2,1.9106398384637e-05,5.09529659041547e-06,5.53835226291637e-07,2.38730569963111e-07,all4,2,2,2,2,1.21008474875262e-05,3.96282898127374e-07,5.09529659041547e-06,1.9106398384637e-05,2.38730569963111e-07,5.53835226291637e-07,4.64812775048335,TRUE,TRUE,FALSE,TRUE,irHepatitis
IL2,Macrophage 1,Hepatocyte 4,0,0,3.07287317653958e-06,6.08553387440417e-07,all4,2,2,2,2,0,1.84071328199e-06,0,0,6.08553387440417e-07,3.07287317653958e-06,-4.4245089935884,TRUE,FALSE,TRUE,TRUE,AIH
VEGF,IgG+ B cell,IgM+ B cell,9.11157041873358e-05,2.57078826118266e-05,2.2673299320988e-06,3.0207430065688e-06,all4,2,2,2,2,5.84117933995812e-05,2.6440364693338e-06,2.57078826118266e-05,9.11157041873358e-05,2.2673299320988e-06,3.0207430065688e-06,4.41942395821913,TRUE,TRUE,FALSE,TRUE,irHepatitis
IL2,Stellate cell,Sinusoidal endothelial cell,4.35281404607872e-08,0,2.32018006104937e-06,1.99807608699604e-06,all4,2,2,2,2,2.17640702303936e-08,2.1591280740227e-06,0,4.35281404607872e-08,1.99807608699604e-06,2.32018006104937e-06,-4.33199627098441,TRUE,FALSE,TRUE,TRUE,AIH
IL2,IgG+ plasmablast / plasma cell,IgG+ plasmablast / plasma cell,0,0,2.1257755281688e-06,1.26768540211098e-06,all4,2,2,2,2,0,1.69673046513989e-06,0,0,1.26768540211098e-06,2.1257755281688e-06,-4.31269138767541,TRUE,FALSE,TRUE,TRUE,AIH
IL2,CD8+ T cell 1,Sinusoidal endothelial cell,1.19312024321327e-08,0,2.03693692411876e-06,1.42760039236759e-06,all4,2,2,2,2,5.96560121606634e-09,1.73226865824318e-06,0,1.19312024321327e-08,1.42760039236759e-06,2.03693692411876e-06,-4.24841997837947,TRUE,FALSE,TRUE,TRUE,AIH
IL2,Sinusoidal endothelial cell,Hepatocyte 1,1.05520120851438e-08,0,2.66674684854215e-06,4.46097712794867e-07,all4,2,2,2,2,5.27600604257188e-09,1.55642228066851e-06,0,1.05520120851438e-08,4.46097712794867e-07,2.66674684854215e-06,-4.11242544586303,TRUE,FALSE,TRUE,TRUE,AIH
IL2,Hepatocyte 4,Hepatocyte 1,9.08185574938893e-09,4.56416837749517e-08,3.19630095178026e-06,4.28245144381054e-07,all4,2,2,2,2,2.73617697621703e-08,1.81227304808066e-06,9.08185574938893e-09,4.56416837749517e-08,4.28245144381054e-07,3.19630095178026e-06,-4.01977950435921,TRUE,FALSE,TRUE,TRUE,AIH
VEGF,Cholangiocyte,CD8+ T cell 2,0.000130235477931432,0.000107408737839444,5.1630860061838e-06,9.6689315366186e-06,all4,2,2,2,2,0.000118822107885438,7.4160087714012e-06,0.000107408737839444,0.000130235477931432,5.1630860061838e-06,9.6689315366186e-06,3.98572283808832,TRUE,TRUE,FALSE,TRUE,irHepatitis
IL2,Cholangiocyte,CD8+ T cell 3,9.83338727109405e-05,9.21146794517606e-06,2.94866564783063e-06,3.69444411496774e-06,all4,2,2,2,2,5.37726703280583e-05,3.32155488139918e-06,9.21146794517606e-06,9.83338727109405e-05,2.94866564783063e-06,3.69444411496774e-06,3.98082182792773,TRUE,TRUE,FALSE,TRUE,irHepatitis
CSF,Hepatocyte 4,IgG+ B cell,6.38757039406384e-06,7.36608225975311e-05,2.82113219829818e-06,2.409263171011e-06,all4,2,2,2,2,4.00241964957975e-05,2.61519768465459e-06,6.38757039406384e-06,7.36608225975311e-05,2.409263171011e-06,2.82113219829818e-06,3.89035393302863,TRUE,TRUE,FALSE,TRUE,irHepatitis
VEGF,CD8+ T cell 2,CD8+ T cell 2,0.000611685697049641,0.000328824558917003,3.49560306889609e-05,2.93194338726284e-05,all4,2,2,2,2,0.000470255127983322,3.21377322807946e-05,0.000328824558917003,0.000611685697049641,2.93194338726284e-05,3.49560306889609e-05,3.86734911663159,TRUE,TRUE,FALSE,TRUE,irHepatitis
VEGF,CD4+ T cell,CD8+ T cell 2,1.87561246891004e-05,1.54548648881942e-06,5.36169730178144e-07,6.94610604400567e-07,all4,2,2,2,2,1.01508055889599e-05,6.15390167289355e-07,1.54548648881942e-06,1.87561246891004e-05,5.36169730178144e-07,6.94610604400567e-07,3.85994376668592,TRUE,TRUE,FALSE,TRUE,irHepatitis
IL2,CD8+ T cell 2,CD8+ T cell 3,5.72332636433297e-05,6.28784823696946e-05,5.8076610682933e-06,2.55028452327798e-06,all4,2,2,2,2,6.00558730065121e-05,4.17897279578564e-06,5.72332636433297e-05,6.28784823696946e-05,2.55028452327798e-06,5.8076610682933e-06,3.81653452057067,TRUE,TRUE,FALSE,TRUE,irHepatitis
VEGF,CD8+ T cell 2,Cholangiocyte,2.44847019863133e-05,2.45142592185674e-05,1.13024159877463e-06,2.18676782340909e-06,all4,2,2,2,2,2.44994806024404e-05,1.65850471109186e-06,2.44847019863133e-05,2.45142592185674e-05,1.13024159877463e-06,2.18676782340909e-06,3.81392004600126,TRUE,TRUE,FALSE,TRUE,irHepatitis
IL2,Hepatocyte 4,Sinusoidal endothelial cell,3.56260277797083e-08,0,1.45711773771626e-06,1.28013274858571e-06,all4,2,2,2,2,1.78130138898541e-08,1.36862524315098e-06,0,3.56260277797083e-08,1.28013274858571e-06,1.45711773771626e-06,-3.75917673546915,TRUE,FALSE,TRUE,TRUE,AIH
VEGF,Macrophage 1,Cholangiocyte,8.55399737433232e-06,9.13942127595241e-06,4.8114705238159e-07,7.8039976835762e-07,all4,2,2,2,2,8.84670932514237e-06,6.30773410369605e-07,8.55399737433232e-06,9.13942127595241e-06,4.8114705238159e-07,7.8039976835762e-07,3.6322997746197,TRUE,TRUE,FALSE,TRUE,irHepatitis
IL2,CD8+ T cell 2,Sinusoidal endothelial cell,9.47928068715704e-10,0,1.5121162128982e-06,5.27983183998561e-07,all4,2,2,2,2,4.73964034357852e-10,1.02004969844838e-06,0,9.47928068715704e-10,5.27983183998561e-07,1.5121162128982e-06,-3.61836154158362,TRUE,FALSE,TRUE,TRUE,AIH
IL2,Vascular endothelial cell,Vascular endothelial cell,0,0,1.36798105167615e-06,6.57199991103043e-07,all4,2,2,2,2,0,1.0125905213896e-06,0,0,6.57199991103043e-07,1.36798105167615e-06,-3.61621916557354,TRUE,FALSE,TRUE,TRUE,AIH
VEGF,IgM+ B cell,CD8+ T cell 3,3.52874324437058e-05,2.91293362305813e-05,3.44634140085848e-06,2.03986599577095e-06,all4,2,2,2,2,3.22083843371436e-05,2.74310369831472e-06,2.91293362305813e-05,3.52874324437058e-05,2.03986599577095e-06,3.44634140085848e-06,3.51105055201289,TRUE,TRUE,FALSE,TRUE,irHepatitis
VEGF,IgM+ B cell,Hepatocyte 4,1.19149089991107e-05,2.70951384713321e-06,8.97653671318683e-07,2.67192883769736e-07,all4,2,2,2,2,7.31221142312193e-06,5.8242327754421e-07,2.70951384713321e-06,1.19149089991107e-05,2.67192883769736e-07,8.97653671318683e-07,3.46069897179072,TRUE,TRUE,FALSE,TRUE,irHepatitis
VEGF,IgG+ B cell,CD8+ T cell 1,2.00818226759119e-05,3.55531396191731e-05,3.78216195971016e-06,1.14590761426844e-06,all4,2,2,2,2,2.78174811475425e-05,2.4640347869893e-06,2.00818226759119e-05,3.55531396191731e-05,1.14590761426844e-06,3.78216195971016e-06,3.44985029384836,TRUE,TRUE,FALSE,TRUE,irHepatitis
IL2,CD8+ T cell 2,Hepatocyte 4,0,0,1.5420308273654e-06,2.32530045258377e-07,all4,2,2,2,2,0,8.87280436311891e-07,0,0,2.32530045258377e-07,1.5420308273654e-06,-3.44215073413712,TRUE,FALSE,TRUE,TRUE,AIH
IL2,IgM+ B cell,IgM+ B cell,1.25095653097195e-06,0,3.46196001456464e-06,1.16609507276154e-05,all4,2,2,2,2,6.25478265485975e-07,7.56145537109e-06,0,1.25095653097195e-06,3.46196001456464e-06,1.16609507276154e-05,-3.41892694808116,TRUE,FALSE,TRUE,TRUE,AIH
CSF,IgM+ B cell,IgG+ plasmablast / plasma cell,0.000163309366085315,2.73915758583852e-05,7.22896561273301e-06,1.04665732847495e-05,all4,2,2,2,2,9.53504709718503e-05,8.84776944874123e-06,2.73915758583852e-05,0.000163309366085315,7.22896561273301e-06,1.04665732847495e-05,3.41662824105207,TRUE,TRUE,FALSE,TRUE,irHepatitis
IL2,Sinusoidal endothelial cell,Cholangiocyte,1.69299172300711e-08,0,5.57336277489718e-07,1.36055047834687e-06,all4,2,2,2,2,8.46495861503555e-09,9.58943377918294e-07,0,1.69299172300711e-08,5.57336277489718e-07,1.36055047834687e-06,-3.41443689522126,TRUE,FALSE,TRUE,TRUE,AIH
IL2,Sinusoidal endothelial cell,Hepatocyte 4,0,0,1.15676550846336e-06,5.53957936676011e-07,all4,2,2,2,2,0,8.55361722569685e-07,0,0,5.53957936676011e-07,1.15676550846336e-06,-3.39423986745646,TRUE,FALSE,TRUE,TRUE,AIH
CSF,Cholangiocyte,CD8+ T cell 2,8.37403172463359e-05,4.95087983736045e-05,5.3704243714243e-06,7.27392138730095e-06,all4,2,2,2,2,6.66245578099702e-05,6.32217287936263e-06,4.95087983736045e-05,8.37403172463359e-05,5.3704243714243e-06,7.27392138730095e-06,3.37913558231958,TRUE,TRUE,FALSE,TRUE,irHepatitis
IL2,IgG+ plasmablast / plasma cell,Sinusoidal endothelial cell,0,0,7.7765962884406e-07,8.83046267654603e-07,all4,2,2,2,2,0,8.30352948249331e-07,0,0,7.7765962884406e-07,8.83046267654603e-07,-3.35555672953895,TRUE,FALSE,TRUE,TRUE,AIH
VEGF,IgG+ B cell,Hepatocyte 2,3.30911043621491e-06,3.4919879009981e-06,1.87938385746803e-07,3.16446790454617e-07,all4,2,2,2,2,3.4005491686065e-06,2.5219258810071e-07,3.30911043621491e-06,3.4919879009981e-06,1.87938385746803e-07,3.16446790454617e-07,3.35093274520496,TRUE,TRUE,FALSE,TRUE,irHepatitis
CSF,Vascular endothelial cell,CD8+ T cell 2,4.86827223275804e-05,1.75917374916446e-05,3.18250582686589e-06,3.21959734333635e-06,all4,2,2,2,2,3.31372299096125e-05,3.20105158510112e-06,1.75917374916446e-05,4.86827223275804e-05,3.18250582686589e-06,3.21959734333635e-06,3.33578277220236,TRUE,TRUE,FALSE,TRUE,irHepatitis
IL2,Hepatocyte 4,Macrophage 1,4.8746467147566e-07,1.53684165619827e-09,4.8228955299946e-06,1.66732459556879e-06,all4,2,2,2,2,2.44500756565929e-07,3.24511006278169e-06,1.53684165619827e-09,4.8746467147566e-07,1.66732459556879e-06,4.8228955299946e-06,-3.31801945972818,TRUE,FALSE,TRUE,TRUE,AIH
FN1,IgM+ B cell,IgG+ plasmablast / plasma cell,0.000305647329451035,0.000588336321456762,5.22866988500839e-05,3.76900033318458e-05,all4,2,2,2,2,0.000446991825453898,4.49883510909649e-05,0.000305647329451035,0.000588336321456762,3.76900033318458e-05,5.22866988500839e-05,3.31003496703806,TRUE,TRUE,FALSE,TRUE,irHepatitis
IL2,Hepatocyte 4,IgG+ plasmablast / plasma cell,0,0,1.18443515084225e-06,3.90923387909889e-07,all4,2,2,2,2,0,7.87679269376069e-07,0,0,3.90923387909889e-07,1.18443515084225e-06,-3.28705613392851,TRUE,FALSE,TRUE,TRUE,AIH
VEGF,Cholangiocyte,Cholangiocyte,0.000275733468020315,0.000501750933712464,2.72124136810412e-05,5.3380837469809e-05,all4,2,2,2,2,0.00038874220086639,4.02966255754251e-05,0.000275733468020315,0.000501750933712464,2.72124136810412e-05,5.3380837469809e-05,3.26720120774202,TRUE,TRUE,FALSE,TRUE,irHepatitis
VEGF,Vascular endothelial cell,CD8+ T cell 2,1.06669359049587e-05,3.22106244240375e-06,8.60124880720298e-07,4.76547749674748e-07,all4,2,2,2,2,6.94399917368124e-06,6.68336315197523e-07,3.22106244240375e-06,1.06669359049587e-05,4.76547749674748e-07,8.60124880720298e-07,3.21359573170386,TRUE,TRUE,FALSE,TRUE,irHepatitis
VEGF,CD8+ T cell 3,Cholangiocyte,1.81857337495011e-05,1.31760615937013e-05,1.55433978056284e-06,1.75471072314079e-06,all4,2,2,2,2,1.56808976716012e-05,1.65452525185182e-06,1.31760615937013e-05,1.81857337495011e-05,1.55433978056284e-06,1.75471072314079e-06,3.17642784687983,TRUE,TRUE,FALSE,TRUE,irHepatitis
FN1,IgG+ plasmablast / plasma cell,IgG+ plasmablast / plasma cell,0.00104286871208921,0.000809549580914688,8.83711579769557e-05,0.000119559095620571,all4,2,2,2,2,0.000926209146501951,0.000103965126798763,0.000809549580914688,0.00104286871208921,8.83711579769557e-05,0.000119559095620571,3.15413129795494,TRUE,TRUE,FALSE,TRUE,irHepatitis
VEGF,IgG+ B cell,CD4+ T cell,3.61100268356204e-05,1.11041909580537e-05,2.33425660335719e-06,2.90873501517159e-06,all4,2,2,2,2,2.3607108896837e-05,2.62149580926439e-06,1.11041909580537e-05,3.61100268356204e-05,2.33425660335719e-06,2.90873501517159e-06,3.127594704735,TRUE,TRUE,FALSE,TRUE,irHepatitis
CSF,CD8+ T cell 3,Cholangiocyte,9.57511314732346e-05,7.52543528396352e-05,1.09655275900495e-05,8.52272654881368e-06,all4,2,2,2,2,8.55027421564349e-05,9.74412706943161e-06,7.52543528396352e-05,9.57511314732346e-05,8.52272654881368e-06,1.09655275900495e-05,3.12163182750995,TRUE,TRUE,FALSE,TRUE,irHepatitis
CCL,IgG+ plasmablast / plasma cell,Sinusoidal endothelial cell,2.9219116290627e-06,1.72325492915425e-07,2.03393143520881e-05,7.9616649648647e-06,all4,2,2,2,2,1.54711856098906e-06,1.41504896584764e-05,1.72325492915425e-07,2.9219116290627e-06,7.9616649648647e-06,2.03393143520881e-05,-3.12084169045839,TRUE,FALSE,TRUE,TRUE,AIH
IL2,CD8+ T cell 3,IgG+ plasmablast / plasma cell,0,0,1.18715162049032e-06,1.95869906639117e-07,all4,2,2,2,2,0,6.9151076356472e-07,0,0,1.95869906639117e-07,1.18715162049032e-06,-3.1196089437944,TRUE,FALSE,TRUE,TRUE,AIH
VEGF,IgG+ plasmablast / plasma cell,IgM+ B cell,2.25166496450642e-05,0.00015940985139626,1.00203336745955e-05,1.10111159738083e-05,all4,2,2,2,2,9.09632505206621e-05,1.05157248242019e-05,2.25166496450642e-05,0.00015940985139626,1.00203336745955e-05,1.10111159738083e-05,3.10187864771955,TRUE,TRUE,FALSE,TRUE,irHepatitis
FN1,IgG+ B cell,CD8+ T cell 2,8.98206764626048e-05,1.07896087221283e-05,5.95693572488553e-06,5.6419806572892e-06,all4,2,2,2,2,5.03051425923666e-05,5.79945819108736e-06,1.07896087221283e-05,8.98206764626048e-05,5.6419806572892e-06,5.95693572488553e-06,3.09709828936447,TRUE,TRUE,FALSE,TRUE,irHepatitis
IL2,Vascular endothelial cell,Hepatocyte 4,0,0,1.16482659870331e-06,1.92421001616706e-07,all4,2,2,2,2,0,6.7862380016001e-07,0,0,1.92421001616706e-07,1.16482659870331e-06,-3.09561792722689,TRUE,FALSE,TRUE,TRUE,AIH
VEGF,Macrophage 2,CD8+ T cell 2,1.04620332058093e-05,9.94591325691045e-06,7.96951886201301e-07,1.47001231496817e-06,all4,2,2,2,2,1.02039732313599e-05,1.13348210058473e-06,9.94591325691045e-06,1.04620332058093e-05,7.96951886201301e-07,1.47001231496817e-06,3.07283315024712,TRUE,TRUE,FALSE,TRUE,irHepatitis
IL2,Stellate cell,Vascular endothelial cell,0,0,7.9926752139447e-07,5.23097462854408e-07,all4,2,2,2,2,0,6.61182492124439e-07,0,0,5.23097462854408e-07,7.9926752139447e-07,-3.06249960032335,TRUE,FALSE,TRUE,TRUE,AIH
CSF,IgG+ plasmablast / plasma cell,Hepatocyte 3,1.00247626080587e-07,0,1.20110700174355e-06,9.33868998773272e-07,all4,2,2,2,2,5.01238130402935e-08,1.06748800025841e-06,0,1.00247626080587e-07,9.33868998773272e-07,1.20110700174355e-06,-3.04707800215867,TRUE,FALSE,TRUE,TRUE,AIH
VEGF,CD4+ T cell,CD8+ T cell 3,3.03837715653699e-05,1.07742641286303e-05,3.20711007990651e-06,1.61550854869931e-06,all4,2,2,2,2,2.05790178470001e-05,2.41130931430291e-06,1.07742641286303e-05,3.03837715653699e-05,1.61550854869931e-06,3.20711007990651e-06,3.04676232999926,TRUE,TRUE,FALSE,TRUE,irHepatitis
IL2,CD8+ T cell 3,Hepatocyte 4,0,0,8.04463752425531e-07,5.00053994231921e-07,all4,2,2,2,2,0,6.52258873328726e-07,0,0,5.00053994231921e-07,8.04463752425531e-07,-3.04525641644728,TRUE,FALSE,TRUE,TRUE,AIH
CSF,IgG+ plasmablast / plasma cell,CD4+ T cell,7.985405227999e-05,6.71078930856581e-05,8.59104943380521e-06,9.34257266590722e-06,all4,2,2,2,2,7.34809726828241e-05,8.96681104985622e-06,6.71078930856581e-05,7.985405227999e-05,8.59104943380521e-06,9.34257266590722e-06,3.02207479083048,TRUE,TRUE,FALSE,TRUE,irHepatitis
IL2,Cholangiocyte,Stellate cell,8.39777427825127e-06,5.03814470142937e-06,9.52642950097879e-07,5.72614021534461e-07,all4,2,2,2,2,6.71795948984032e-06,7.6262848581617e-07,5.03814470142937e-06,8.39777427825127e-06,5.72614021534461e-07,9.52642950097879e-07,2.99737306356025,TRUE,TRUE,FALSE,TRUE,irHepatitis
IL2,CD8+ T cell 2,IgM+ B cell,9.83263609651976e-07,4.15420704851166e-06,3.10472738291433e-07,1.78816937283293e-07,all4,2,2,2,2,2.56873532908182e-06,2.44644837787363e-07,9.83263609651976e-07,4.15420704851166e-06,1.78816937283293e-07,3.10472738291433e-07,2.99039340166055,TRUE,TRUE,FALSE,TRUE,irHepatitis
IL2,Macrophage 2,Sinusoidal endothelial cell,9.22133472319737e-08,0,8.88365297043689e-07,1.08502878610572e-06,all4,2,2,2,2,4.61066736159868e-08,9.86697041574706e-07,0,9.22133472319737e-08,8.88365297043689e-07,1.08502878610572e-06,-2.98467735681077,TRUE,FALSE,TRUE,TRUE,AIH
VEGF,CD8+ T cell 1,CD8+ T cell 2,1.73941530858365e-05,1.74920768735167e-05,2.47324923404714e-06,1.85828118462882e-06,all4,2,2,2,2,1.74431149796766e-05,2.16576520933798e-06,1.73941530858365e-05,1.74920768735167e-05,1.85828118462882e-06,2.47324923404714e-06,2.95844613594185,TRUE,TRUE,FALSE,TRUE,irHepatitis
IL2,CD8+ T cell 3,Vascular endothelial cell,0,0,1.20135017046316e-06,1.35300204396799e-08,all4,2,2,2,2,0,6.0744009545142e-07,0,0,1.35300204396799e-08,1.20135017046316e-06,-2.95539149213459,TRUE,FALSE,TRUE,TRUE,AIH
VEGF,Macrophage 2,Hepatocyte 4,4.80022862232836e-06,6.04457115444162e-06,4.87006493672013e-07,7.81007075715307e-07,all4,2,2,2,2,5.42239988838499e-06,6.3400678469366e-07,4.80022862232836e-06,6.04457115444162e-06,4.87006493672013e-07,7.81007075715307e-07,2.92876888441006,TRUE,TRUE,FALSE,TRUE,irHepatitis
CCL,Vascular endothelial cell,CD8+ T cell 2,0.0001097014718763,2.37917156446735e-05,1.02273607897297e-05,7.25872214424355e-06,all4,2,2,2,2,6.67465937604868e-05,8.74304146698661e-06,2.37917156446735e-05,0.0001097014718763,7.25872214424355e-06,1.02273607897297e-05,2.91966940513675,TRUE,TRUE,FALSE,TRUE,irHepatitis
VEGF,IgG+ B cell,Hepatocyte 1,2.99430820944641e-06,2.02095606113316e-06,3.38150380018695e-07,1.79929429475167e-07,all4,2,2,2,2,2.50763213528978e-06,2.59039904746931e-07,2.02095606113316e-06,2.99430820944641e-06,1.79929429475167e-07,3.38150380018695e-07,2.8960711474193,TRUE,TRUE,FALSE,TRUE,irHepatitis
IL2,CD4+ T cell,CD8+ T cell 3,3.55880353158756e-05,6.74882490961626e-06,1.85589091408794e-06,3.68013694159537e-06,all4,2,2,2,2,2.11684301127459e-05,2.76801392784165e-06,6.74882490961626e-06,3.55880353158756e-05,1.85589091408794e-06,3.68013694159537e-06,2.89499146644374,TRUE,TRUE,FALSE,TRUE,irHepatitis
IL2,Sinusoidal endothelial cell,Stellate cell,2.29829658495472e-08,2.42506417295516e-08,1.01994120999491e-06,4.66366972374185e-07,all4,2,2,2,2,2.36168037895494e-08,7.43154091184546e-07,2.29829658495472e-08,2.42506417295516e-08,4.66366972374185e-07,1.01994120999491e-06,-2.8754431093347,TRUE,FALSE,TRUE,TRUE,AIH
IL2,IgG+ plasmablast / plasma cell,Hepatocyte 4,0,0,8.52472618657729e-07,2.73081783418778e-07,all4,2,2,2,2,0,5.62777201038253e-07,0,0,2.73081783418778e-07,8.52472618657729e-07,-2.85989949041687,TRUE,FALSE,TRUE,TRUE,AIH
IL2,CD4+ T cell,Sinusoidal endothelial cell,1.73186630029189e-09,0,3.84024368583278e-07,7.48357207615186e-07,all4,2,2,2,2,8.65933150145944e-10,5.66190788099232e-07,0,1.73186630029189e-09,3.84024368583278e-07,7.48357207615186e-07,-2.85359629807427,TRUE,FALSE,TRUE,TRUE,AIH
VEGF,Macrophage 1,CD8+ T cell 2,2.78907083467013e-05,2.85484062207978e-05,4.43105031266001e-06,3.32346655802428e-06,all4,2,2,2,2,2.82195572837496e-05,3.87725843534215e-06,2.78907083467013e-05,2.85484062207978e-05,3.32346655802428e-06,4.43105031266001e-06,2.83510442842183,TRUE,TRUE,FALSE,TRUE,irHepatitis
CSF,Cholangiocyte,CD8+ T cell 1,0.000241815007564082,0.000109335626158924,2.64694013489254e-05,2.31023028522445e-05,all4,2,2,2,2,0.000175575316861503,2.4785852100585e-05,0.000109335626158924,0.000241815007564082,2.31023028522445e-05,2.64694013489254e-05,2.82001622650047,TRUE,TRUE,FALSE,TRUE,irHepatitis
CCL,Cholangiocyte,Hepatocyte 3,1.14785143912296e-06,1.48795609022175e-06,9.09170727839123e-06,1.04976803315893e-05,all4,2,2,2,2,1.31790376467235e-06,9.79469380499029e-06,1.14785143912296e-06,1.48795609022175e-06,9.09170727839123e-06,1.04976803315893e-05,-2.81173053327547,TRUE,FALSE,TRUE,TRUE,AIH
VEGF,CD8+ T cell 1,IgM+ B cell,1.20888866309248e-05,1.84665659560552e-05,1.99894498179112e-06,2.20747964015579e-06,all4,2,2,2,2,1.527772629349e-05,2.10321231097345e-06,1.20888866309248e-05,1.84665659560552e-05,1.99894498179112e-06,2.20747964015579e-06,2.80883959712725,TRUE,TRUE,FALSE,TRUE,irHepatitis
VEGF,CD8+ T cell 3,Hepatocyte 4,1.46180448951767e-05,4.3498190668727e-05,4.52552005833576e-06,3.73576487678264e-06,all4,2,2,2,2,2.90581177819518e-05,4.1306424675592e-06,1.46180448951767e-05,4.3498190668727e-05,3.73576487678264e-06,4.52552005833576e-06,2.78789580035688,TRUE,TRUE,FALSE,TRUE,irHepatitis
VEGF,IgM+ B cell,CD8+ T cell 2,1.43812228679913e-05,2.9107842241862e-06,8.33577584091193e-07,1.51800281204132e-06,all4,2,2,2,2,8.64600354608875e-06,1.17579019806626e-06,2.9107842241862e-06,1.43812228679913e-05,8.33577584091193e-07,1.51800281204132e-06,2.78702717324148,TRUE,TRUE,FALSE,TRUE,irHepatitis
IL2,IgM+ B cell,Vascular endothelial cell,0,0,8.6114283815061e-07,1.92305769103727e-07,all4,2,2,2,2,0,5.26724303627169e-07,0,0,1.92305769103727e-07,8.6114283815061e-07,-2.77792231904569,TRUE,FALSE,TRUE,TRUE,AIH
CSF,Cholangiocyte,CD8+ T cell 3,0.00020374178779792,0.00017950493881215,2.91357466595709e-05,2.69967248043213e-05,all4,2,2,2,2,0.000191623363305035,2.80662357319461e-05,0.00017950493881215,0.00020374178779792,2.69967248043213e-05,2.91357466595709e-05,2.76742865573665,TRUE,TRUE,FALSE,TRUE,irHepatitis
CSF,Cholangiocyte,Macrophage 1,0.000474171439957469,0.000278688197417327,6.0500789046179e-05,5.02414520662416e-05,all4,2,2,2,2,0.000376429818687398,5.53711205562103e-05,0.000278688197417327,0.000474171439957469,5.02414520662416e-05,6.0500789046179e-05,2.76317922927339,TRUE,TRUE,FALSE,TRUE,irHepatitis
VEGF,CD8+ T cell 1,CD4+ T cell,1.0895544764081e-05,1.76764626806523e-05,2.14399073474386e-06,1.91684243019285e-06,all4,2,2,2,2,1.42860037223666e-05,2.03041658246836e-06,1.0895544764081e-05,1.76764626806523e-05,1.91684243019285e-06,2.14399073474386e-06,2.76129782508911,TRUE,TRUE,FALSE,TRUE,irHepatitis
IL2,Macrophage 2,Vascular endothelial cell,0,0,5.67705309960598e-07,4.69275769047772e-07,all4,2,2,2,2,0,5.18490539504185e-07,0,0,4.69275769047772e-07,5.67705309960598e-07,-2.75852846189036,TRUE,FALSE,TRUE,TRUE,AIH
CSF,CD8+ T cell 2,Cholangiocyte,7.53646237240642e-05,3.0202972354237e-05,6.40971303228305e-06,9.07872523123475e-06,all4,2,2,2,2,5.27837980391506e-05,7.7442191317589e-06,3.0202972354237e-05,7.53646237240642e-05,6.40971303228305e-06,9.07872523123475e-06,2.75470638698829,TRUE,TRUE,FALSE,TRUE,irHepatitis
IL2,Sinusoidal endothelial cell,CD4+ T cell,1.38529141212842e-07,3.02503752928818e-07,2.7839062893662e-06,1.18913931154274e-06,all4,2,2,2,2,2.2051644707083e-07,1.98652280045447e-06,1.38529141212842e-07,3.02503752928818e-07,1.18913931154274e-06,2.7839062893662e-06,-2.74180129568773,TRUE,FALSE,TRUE,TRUE,AIH
VEGF,CD8+ T cell 3,IgM+ B cell,3.96803411645342e-05,1.42864316144089e-05,3.98640925966716e-06,3.93987240968874e-06,all4,2,2,2,2,2.69833863894716e-05,3.96314083467795e-06,1.42864316144089e-05,3.96803411645342e-05,3.93987240968874e-06,3.98640925966716e-06,2.73979172194417,TRUE,TRUE,FALSE,TRUE,irHepatitis
CSF,IgG+ B cell,Hepatocyte 1,6.49237438185344e-06,1.11122405918258e-06,3.95961010101844e-07,5.99669458151723e-07,all4,2,2,2,2,3.80179922051801e-06,4.97815234126784e-07,1.11122405918258e-06,6.49237438185344e-06,3.95961010101844e-07,5.99669458151723e-07,2.72719939488443,TRUE,TRUE,FALSE,TRUE,irHepatitis
VEGF,CD8+ T cell 1,Cholangiocyte,8.60567372585366e-06,2.66736303395348e-06,6.05078141497291e-07,9.51582257022077e-07,all4,2,2,2,2,5.63651837990357e-06,7.78330199259684e-07,2.66736303395348e-06,8.60567372585366e-06,6.05078141497291e-07,9.51582257022077e-07,2.72147571184989,TRUE,TRUE,FALSE,TRUE,irHepatitis
IL2,Sinusoidal endothelial cell,Macrophage 1,8.01900910682475e-07,3.4123622112392e-09,3.71754079743413e-06,2.58867526130667e-06,all4,2,2,2,2,4.02656636446857e-07,3.1531080293704e-06,3.4123622112392e-09,8.01900910682475e-07,2.58867526130667e-06,3.71754079743413e-06,-2.71895722110801,TRUE,FALSE,TRUE,TRUE,AIH
FN1,IgG+ B cell,IgG+ B cell,0.000208968718913978,0.000197330477596069,3.3887971637928e-05,2.8328905795563e-05,all4,2,2,2,2,0.000203149598255023,3.11084387167455e-05,0.000197330477596069,0.000208968718913978,2.8328905795563e-05,3.3887971637928e-05,2.70363947536593,TRUE,TRUE,FALSE,TRUE,irHepatitis
IL2,CD8+ T cell 1,Hepatocyte 4,0,0,7.70250953342711e-07,2.13810928953793e-07,all4,2,2,2,2,0,4.92030941148252e-07,0,0,2.13810928953793e-07,7.70250953342711e-07,-2.69437929958494,TRUE,FALSE,TRUE,TRUE,AIH
CSF,IgG+ B cell,CD8+ T cell 2,8.67146803625465e-06,1.4864511214543e-06,5.26339943487127e-07,8.99995187480277e-07,all4,2,2,2,2,5.07895957885447e-06,7.13167565483702e-07,1.4864511214543e-06,8.67146803625465e-06,5.26339943487127e-07,8.99995187480277e-07,2.68624427293241,TRUE,TRUE,FALSE,TRUE,irHepatitis
CSF,IgG+ B cell,CD8+ T cell 1,2.53656754258049e-05,2.78992503140459e-05,4.34112623941209e-06,3.96221457756008e-06,all4,2,2,2,2,2.66324628699254e-05,4.15167040848609e-06,2.53656754258049e-05,2.78992503140459e-05,3.96221457756008e-06,4.34112623941209e-06,2.65537557024865,TRUE,TRUE,FALSE,TRUE,irHepatitis
IL2,CD8+ T cell 1,CD8+ T cell 3,1.72623704247343e-05,3.28852459736956e-05,3.54924497342619e-06,4.29508078679404e-06,all4,2,2,2,2,2.5073808199215e-05,3.92216288011011e-06,1.72623704247343e-05,3.28852459736956e-05,3.54924497342619e-06,4.29508078679404e-06,2.64892673054949,TRUE,TRUE,FALSE,TRUE,irHepatitis
IL2,IgG+ plasmablast / plasma cell,Vascular endothelial cell,0,0,6.54264998603258e-07,2.83581383637488e-07,all4,2,2,2,2,0,4.68923191120373e-07,0,0,2.83581383637488e-07,6.54264998603258e-07,-2.63592380884573,TRUE,FALSE,TRUE,TRUE,AIH
CCL,CD8+ T cell 2,Cholangiocyte,0.000237268375366948,0.000172414524988497,3.51122077147678e-05,3.09199352769697e-05,all4,2,2,2,2,0.000204841450177723,3.30160714958688e-05,0.000172414524988497,0.000237268375366948,3.09199352769697e-05,3.51122077147678e-05,2.62997712747938,TRUE,TRUE,FALSE,TRUE,irHepatitis
CSF,IgG+ plasmablast / plasma cell,Vascular endothelial cell,4.90802339567435e-05,2.94416363310037e-05,6.49537670723613e-06,6.16015888380929e-06,all4,2,2,2,2,3.92609351438736e-05,6.32776779552271e-06,2.94416363310037e-05,4.90802339567435e-05,6.16015888380929e-06,6.49537670723613e-06,2.61627218871387,TRUE,TRUE,FALSE,TRUE,irHepatitis
VEGF,CD4+ T cell,Cholangiocyte,1.30930027529912e-05,2.78981282635927e-06,1.02229301145681e-06,1.42131683137223e-06,all4,2,2,2,2,7.94140778967524e-06,1.22180492141452e-06,2.78981282635927e-06,1.30930027529912e-05,1.02229301145681e-06,1.42131683137223e-06,2.61418658983289,TRUE,TRUE,FALSE,TRUE,irHepatitis
IL2,Cholangiocyte,Vascular endothelial cell,0,0,5.39886160438983e-07,3.75095267054444e-07,all4,2,2,2,2,0,4.57490713746714e-07,0,0,3.75095267054444e-07,5.39886160438983e-07,-2.60610317588499,TRUE,FALSE,TRUE,TRUE,AIH
VEGF,Cholangiocyte,Hepatocyte 4,4.91758236001411e-05,1.11995672791152e-05,3.73264380670715e-06,6.1207650578833e-06,all4,2,2,2,2,3.01876954396281e-05,4.92670443229523e-06,1.11995672791152e-05,4.91758236001411e-05,3.73264380670715e-06,6.1207650578833e-06,2.59346620886071,TRUE,TRUE,FALSE,TRUE,irHepatitis
IL2,Stellate cell,Hepatocyte 4,0,0,4.13797056295571e-07,4.88643009664591e-07,all4,2,2,2,2,0,4.51220032980081e-07,0,0,4.13797056295571e-07,4.88643009664591e-07,-2.58948103873358,TRUE,FALSE,TRUE,TRUE,AIH
VEGF,CD4+ T cell,CD4+ T cell,3.68021304452333e-05,3.26798336344189e-05,5.50041984390769e-06,5.93359414080915e-06,all4,2,2,2,2,3.47409820398261e-05,5.71700699235842e-06,3.26798336344189e-05,3.68021304452333e-05,5.50041984390769e-06,5.93359414080915e-06,2.58452402133135,TRUE,TRUE,FALSE,TRUE,irHepatitis
VEGF,CD8+ T cell 3,CD4+ T cell,4.04769352587405e-05,1.00872763436804e-05,3.98089426710976e-06,4.34494053682654e-06,all4,2,2,2,2,2.52821058012105e-05,4.16291740196815e-06,1.00872763436804e-05,4.04769352587405e-05,3.98089426710976e-06,4.34494053682654e-06,2.57674518490635,TRUE,TRUE,FALSE,TRUE,irHepatitis
VEGF,Cholangiocyte,CD4+ T cell,0.000129274334920741,0.000305629030171417,2.94798984527964e-05,4.35166541103286e-05,all4,2,2,2,2,0.000217451682546079,3.64982762815625e-05,0.000129274334920741,0.000305629030171417,2.94798984527964e-05,4.35166541103286e-05,2.57184159993852,TRUE,TRUE,FALSE,TRUE,irHepatitis
IL2,Hepatocyte 2,Macrophage 1,2.1681778146544e-07,1.14556897766999e-08,1.56154511481998e-06,6.81117602905168e-07,all4,2,2,2,2,1.1413673562107e-07,1.12133135886257e-06,1.14556897766999e-08,2.1681778146544e-07,6.81117602905168e-07,1.56154511481998e-06,-2.56954085727435,TRUE,FALSE,TRUE,TRUE,AIH
CSF,IgG+ plasmablast / plasma cell,Macrophage 2,7.64508456424489e-05,0.00013916058874985,1.8337542290862e-05,1.8055621505542e-05,all4,2,2,2,2,0.00010780571719615,1.8196581898202e-05,7.64508456424489e-05,0.00013916058874985,1.8055621505542e-05,1.8337542290862e-05,2.56078644785082,TRUE,TRUE,FALSE,TRUE,irHepatitis
VEGF,Cholangiocyte,Hepatocyte 1,2.47516120340141e-05,2.77370272590471e-05,3.55322789733555e-06,5.20364159727533e-06,all4,2,2,2,2,2.62443196465306e-05,4.37843474730544e-06,2.47516120340141e-05,2.77370272590471e-05,3.55322789733555e-06,5.20364159727533e-06,2.55912803963004,TRUE,TRUE,FALSE,TRUE,irHepatitis
FN1,Macrophage 1,Cholangiocyte,0.000136513883754649,7.2317214303462e-05,1.71637292675312e-05,1.81388529020759e-05,all4,2,2,2,2,0.000104415549029056,1.76512910848035e-05,7.2317214303462e-05,0.000136513883754649,1.71637292675312e-05,1.81388529020759e-05,2.55840301584809,TRUE,TRUE,FALSE,TRUE,irHepatitis
CSF,IgG+ B cell,Macrophage 1,5.35419514667134e-05,5.74732497831546e-05,1.05728144565519e-05,8.5152443391936e-06,all4,2,2,2,2,5.5507600624934e-05,9.54402939787274e-06,5.35419514667134e-05,5.74732497831546e-05,8.5152443391936e-06,1.05728144565519e-05,2.52882308188493,TRUE,TRUE,FALSE,TRUE,irHepatitis
IL2,CD8+ T cell 1,Hepatocyte 1,8.13048918931939e-08,1.82170168270553e-08,1.12138873692088e-06,3.0052510693861e-07,all4,2,2,2,2,4.97609543601246e-08,7.10956921929747e-07,1.82170168270553e-08,8.13048918931939e-08,3.0052510693861e-07,1.12138873692088e-06,-2.51956824164072,TRUE,FALSE,TRUE,TRUE,AIH
IL2,IgM+ B cell,Stellate cell,4.53658710496251e-06,5.66822452817882e-07,5.34921303921921e-07,2.07528744483804e-07,all4,2,2,2,2,2.5517047788902e-06,3.71225024202862e-07,5.66822452817882e-07,4.53658710496251e-06,2.07528744483804e-07,5.34921303921921e-07,2.51817037455425,TRUE,TRUE,FALSE,TRUE,irHepatitis
VEGF,Hepatocyte 4,Hepatocyte 4,0.00079851445025631,0.000634411779296252,0.000215265662781477,3.81807804124496e-05,all4,2,2,2,2,0.000716463114776281,0.000126723221596963,0.000634411779296252,0.00079851445025631,3.81807804124496e-05,0.000215265662781477,2.49836936362055,TRUE,TRUE,FALSE,TRUE,irHepatitis
VEGF,IgG+ B cell,CD8+ T cell 3,1.90691098070172e-05,3.55254795937345e-06,2.87521690836437e-06,9.88051489908689e-07,all4,2,2,2,2,1.13108288831953e-05,1.93163419913653e-06,3.55254795937345e-06,1.90691098070172e-05,9.88051489908689e-07,2.87521690836437e-06,2.49560027472164,TRUE,TRUE,FALSE,TRUE,irHepatitis
IL2,Vascular endothelial cell,Sinusoidal endothelial cell,3.57856814797716e-08,0,2.49759918640377e-07,7.85558733966369e-07,all4,2,2,2,2,1.78928407398858e-08,5.17659326303373e-07,0,3.57856814797716e-08,2.49759918640377e-07,7.85558733966369e-07,-2.49470255844808,TRUE,FALSE,TRUE,TRUE,AIH
VEGF,Stellate cell,CD8+ T cell 2,2.41884596668158e-05,2.07296644412535e-05,3.50271405077702e-06,4.34712312280371e-06,all4,2,2,2,2,2.24590620540346e-05,3.92491858679036e-06,2.07296644412535e-05,2.41884596668158e-05,3.50271405077702e-06,4.34712312280371e-06,2.4896526753138,TRUE,TRUE,FALSE,TRUE,irHepatitis
VEGF,Cholangiocyte,CD8+ T cell 3,0.000227777858939583,0.000166765129511648,3.39211946023032e-05,3.63320742447962e-05,all4,2,2,2,2,0.000197271494225616,3.51266344235497e-05,0.000166765129511648,0.000227777858939583,3.39211946023032e-05,3.63320742447962e-05,2.48651477580379,TRUE,TRUE,FALSE,TRUE,irHepatitis
CSF,Stellate cell,Macrophage 1,0.000447007458300274,0.000607520383225499,9.43833761121415e-05,9.42796220716337e-05,all4,2,2,2,2,0.000527263920762886,9.43314990918876e-05,0.000447007458300274,0.000607520383225499,9.42796220716337e-05,9.43833761121415e-05,2.48158540772548,TRUE,TRUE,FALSE,TRUE,irHepatitis
VEGF,IgG+ plasmablast / plasma cell,CD4+ T cell,3.95784405809004e-05,7.09983178631912e-05,1.025171309924e-05,9.59447381172157e-06,all4,2,2,2,2,5.52883792220458e-05,9.92309345548078e-06,3.95784405809004e-05,7.09983178631912e-05,9.59447381172157e-06,1.025171309924e-05,2.46744622476896,TRUE,TRUE,FALSE,TRUE,irHepatitis
VEGF,Vascular endothelial cell,CD8+ T cell 3,3.07195847151269e-05,1.25826072574484e-05,4.91862923819896e-06,2.78577250505899e-06,all4,2,2,2,2,2.16510959862877e-05,3.85220087162898e-06,1.25826072574484e-05,3.07195847151269e-05,2.78577250505899e-06,4.91862923819896e-06,2.46337976555665,TRUE,TRUE,FALSE,TRUE,irHepatitis
CSF,Vascular endothelial cell,Macrophage 1,0.000320937120663749,0.000240119158307989,5.35364707854913e-05,4.90051442107166e-05,all4,2,2,2,2,0.000280528139485869,5.12708074981039e-05,0.000240119158307989,0.000320937120663749,4.90051442107166e-05,5.35364707854913e-05,2.44987064647766,TRUE,TRUE,FALSE,TRUE,irHepatitis
IL2,CD8+ T cell 3,CD8+ T cell 3,5.5634951235447e-05,0.000193800070297187,2.04595992559792e-05,2.51911131963426e-05,all4,2,2,2,2,0.000124717510766317,2.28253562261609e-05,5.5634951235447e-05,0.000193800070297187,2.04595992559792e-05,2.51911131963426e-05,2.44532299165231,TRUE,TRUE,FALSE,TRUE,irHepatitis
CSF,CD8+ T cell 3,IgG+ plasmablast / plasma cell,0.000124730576659253,4.40399619612574e-05,1.59666048753175e-05,1.4883985999354e-05,all4,2,2,2,2,8.4385269310255e-05,1.54252954373357e-05,4.40399619612574e-05,0.000124730576659253,1.4883985999354e-05,1.59666048753175e-05,2.44484504387693,TRUE,TRUE,FALSE,TRUE,irHepatitis
CCL,IgG+ B cell,CD8+ T cell 2,1.3548596122686e-05,4.21782054342488e-05,6.06471579997992e-06,4.06800380814365e-06,all4,2,2,2,2,2.78634007784674e-05,5.06635980406179e-06,1.3548596122686e-05,4.21782054342488e-05,4.06800380814365e-06,6.06471579997992e-06,2.43862051478184,TRUE,TRUE,FALSE,TRUE,irHepatitis
CSF,Vascular endothelial cell,CD8+ T cell 1,0.000114245075182926,8.99407706544187e-05,1.79356135669556e-05,1.96944756313189e-05,all4,2,2,2,2,0.000102092922918672,1.88150445991373e-05,8.99407706544187e-05,0.000114245075182926,1.79356135669556e-05,1.96944756313189e-05,2.43431682418606,TRUE,TRUE,FALSE,TRUE,irHepatitis
IL2,CD4+ T cell,Vascular endothelial cell,0,0,5.17002016374488e-07,2.68980839886358e-07,all4,2,2,2,2,0,3.92991428130423e-07,0,0,2.68980839886358e-07,5.17002016374488e-07,-2.42523303233694,TRUE,FALSE,TRUE,TRUE,AIH
IL2,Hepatocyte 1,Sinusoidal endothelial cell,8.75815193833483e-07,0,3.98751612175802e-06,1.47208223883748e-06,all4,2,2,2,2,4.37907596916742e-07,2.72979918029775e-06,0,8.75815193833483e-07,1.47208223883748e-06,3.98751612175802e-06,-2.4174448508219,TRUE,FALSE,TRUE,TRUE,AIH
FN1,CD8+ T cell 1,Cholangiocyte,0.000166736987496156,0.00015541352563892,3.05683799706662e-05,3.01278545875973e-05,all4,2,2,2,2,0.000161075256567538,3.03481172791318e-05,0.00015541352563892,0.000166736987496156,3.01278545875973e-05,3.05683799706662e-05,2.4045933664301,TRUE,TRUE,FALSE,TRUE,irHepatitis
CSF,Stellate cell,CD8+ T cell 2,6.01535137159313e-05,6.31408326020645e-05,7.05648852521489e-06,1.62630049151823e-05,all4,2,2,2,2,6.16471731589979e-05,1.16597467201986e-05,6.01535137159313e-05,6.31408326020645e-05,7.05648852521489e-06,1.62630049151823e-05,2.39351915531285,TRUE,TRUE,FALSE,TRUE,irHepatitis
CSF,CD8+ T cell 2,IgM+ B cell,9.40782062453167e-05,1.85387529534135e-05,1.00786472894837e-05,1.12363862221261e-05,all4,2,2,2,2,5.63084795993651e-05,1.06575167558049e-05,1.85387529534135e-05,9.40782062453167e-05,1.00786472894837e-05,1.12363862221261e-05,2.39166317100617,TRUE,TRUE,FALSE,TRUE,irHepatitis
VEGF,CD8+ T cell 3,CD8+ T cell 3,7.77326273863192e-05,0.00028060331109926,3.39966988292065e-05,3.43229092461769e-05,all4,2,2,2,2,0.000179167969242789,3.41598040376917e-05,7.77326273863192e-05,0.00028060331109926,3.39966988292065e-05,3.43229092461769e-05,2.38787283678596,TRUE,TRUE,FALSE,TRUE,irHepatitis
FN1,IgG+ B cell,IgM+ B cell,7.67295660046009e-05,8.10077372330408e-05,1.3543793628909e-05,1.64526724798178e-05,all4,2,2,2,2,7.88686516188209e-05,1.49982330543634e-05,7.67295660046009e-05,8.10077372330408e-05,1.3543793628909e-05,1.64526724798178e-05,2.3876807911474,TRUE,TRUE,FALSE,TRUE,irHepatitis
CSF,Cholangiocyte,CD4+ T cell,0.000247183822143899,0.000105471771206687,3.67108479591445e-05,3.09883952532649e-05,all4,2,2,2,2,0.000176327796675293,3.38496216062047e-05,0.000105471771206687,0.000247183822143899,3.09883952532649e-05,3.67108479591445e-05,2.37795696062891,TRUE,TRUE,FALSE,TRUE,irHepatitis
FN1,IgM+ B cell,IgG+ B cell,0.000102824371281601,0.00010051119053753,2.52121581982587e-05,1.38284161725061e-05,all4,2,2,2,2,0.000101667780909566,1.95202871853824e-05,0.00010051119053753,0.000102824371281601,1.38284161725061e-05,2.52121581982587e-05,2.37546215386452,TRUE,TRUE,FALSE,TRUE,irHepatitis
IL2,Macrophage 1,Hepatocyte 1,4.69063052200909e-07,1.60548342579794e-07,3.26971578448191e-06,7.36580116960142e-07,all4,2,2,2,2,3.14805697390352e-07,2.00314795072103e-06,1.60548342579794e-07,4.69063052200909e-07,7.36580116960142e-07,3.26971578448191e-06,-2.37064426965992,TRUE,FALSE,TRUE,TRUE,AIH
IL2,Hepatocyte 2,Hepatocyte 4,0,0,6.22905091311172e-07,1.2719437603905e-07,all4,2,2,2,2,0,3.75049733675111e-07,0,0,1.2719437603905e-07,6.22905091311172e-07,-2.37060957373175,TRUE,FALSE,TRUE,TRUE,AIH
VEGF,CD8+ T cell 2,Macrophage 2,4.22790142915853e-05,2.48032525548387e-05,5.55639772572058e-06,7.29143547310484e-06,all4,2,2,2,2,3.3541133423212e-05,6.42391659941271e-06,2.48032525548387e-05,4.22790142915853e-05,5.55639772572058e-06,7.29143547310484e-06,2.36821711010368,TRUE,TRUE,FALSE,TRUE,irHepatitis
IL2,Cholangiocyte,Hepatocyte 4,0,0,5.12404305067513e-07,2.32437202232794e-07,all4,2,2,2,2,0,3.72420753650153e-07,0,0,2.32437202232794e-07,5.12404305067513e-07,-2.36242904592137,TRUE,FALSE,TRUE,TRUE,AIH
VEGF,Cholangiocyte,CD8+ T cell 1,0.000149960973352549,0.000181396899517768,3.44355633551368e-05,2.99746638378763e-05,all4,2,2,2,2,0.000165678936435159,3.22051135965066e-05,0.000149960973352549,0.000181396899517768,2.99746638378763e-05,3.44355633551368e-05,2.35978928091617,TRUE,TRUE,FALSE,TRUE,irHepatitis
VEGF,Vascular endothelial cell,Hepatocyte 1,4.64629010990202e-06,1.53573455640862e-06,6.16349754828381e-07,4.54080076669142e-07,all4,2,2,2,2,3.09101233315532e-06,5.35214915748761e-07,1.53573455640862e-06,4.64629010990202e-06,4.54080076669142e-07,6.16349754828381e-07,2.3472369424773,TRUE,TRUE,FALSE,TRUE,irHepatitis
CSF,IgM+ B cell,CD8+ T cell 2,1.21502743932355e-05,4.00922102634758e-06,1.54884050093808e-06,1.49146285281605e-06,all4,2,2,2,2,8.07974770979154e-06,1.52015167687707e-06,4.00922102634758e-06,1.21502743932355e-05,1.49146285281605e-06,1.54884050093808e-06,2.34316286300712,TRUE,TRUE,FALSE,TRUE,irHepatitis
CSF,Macrophage 2,IgG+ plasmablast / plasma cell,2.01710943357262e-05,2.43621000422108e-05,4.31101602917527e-06,4.35238366478673e-06,all4,2,2,2,2,2.22665971889685e-05,4.331699846981e-06,2.01710943357262e-05,2.43621000422108e-05,4.31101602917527e-06,4.35238366478673e-06,2.33805233276352,TRUE,TRUE,FALSE,TRUE,irHepatitis
FN1,CD8+ T cell 2,CD8+ T cell 2,0.00275478875669988,0.00254063701309812,0.000592705790095225,0.000456739215977353,all4,2,2,2,2,0.002647712884899,0.000524722503036289,0.00254063701309812,0.00275478875669988,0.000456739215977353,0.000592705790095225,2.33492193717427,TRUE,TRUE,FALSE,TRUE,irHepatitis
CCL,IgG+ B cell,CD8+ T cell 3,4.82947370210043e-05,0.000104806890105785,2.09429370354554e-05,9.32626321839029e-06,all4,2,2,2,2,7.65508135633948e-05,1.51346001269229e-05,4.82947370210043e-05,0.000104806890105785,9.32626321839029e-06,2.09429370354554e-05,2.3317157098042,TRUE,TRUE,FALSE,TRUE,irHepatitis
CCL,CD4+ T cell,Sinusoidal endothelial cell,3.52604701401061e-06,1.49895823430816e-06,1.44579967629701e-05,1.12684546845376e-05,all4,2,2,2,2,2.51250262415939e-06,1.28632257237538e-05,1.49895823430816e-06,3.52604701401061e-06,1.12684546845376e-05,1.44579967629701e-05,-2.31538172040326,TRUE,FALSE,TRUE,TRUE,AIH
IL2,Macrophage 2,CD8+ T cell 3,1.6804390321296e-05,1.77916752674869e-05,2.86790791852055e-06,3.94435885904923e-06,all4,2,2,2,2,1.72980327943915e-05,3.40613338878489e-06,1.6804390321296e-05,1.77916752674869e-05,2.86790791852055e-06,3.94435885904923e-06,2.31429371829559,TRUE,TRUE,FALSE,TRUE,irHepatitis
CSF,IgM+ B cell,CD8+ T cell 1,3.58036721642325e-05,3.00094908838577e-05,6.73324741796248e-06,6.39400974483014e-06,all4,2,2,2,2,3.29065815240451e-05,6.56362858139631e-06,3.00094908838577e-05,3.58036721642325e-05,6.39400974483014e-06,6.73324741796248e-06,2.3101196739148,TRUE,TRUE,FALSE,TRUE,irHepatitis
VEGF,Cholangiocyte,Hepatocyte 2,1.74161033420709e-05,4.27709478898801e-05,6.74810160480816e-06,5.3123078657502e-06,all4,2,2,2,2,3.00935256159755e-05,6.03020473527918e-06,1.74161033420709e-05,4.27709478898801e-05,5.3123078657502e-06,6.74810160480816e-06,2.30212725618299,TRUE,TRUE,FALSE,TRUE,irHepatitis
VEGF,CD4+ T cell,IgM+ B cell,4.27423434393135e-05,2.48894514250371e-05,4.97925174720468e-06,8.72291479734719e-06,all4,2,2,2,2,3.38158974321753e-05,6.85108327227594e-06,2.48894514250371e-05,4.27423434393135e-05,4.97925174720468e-06,8.72291479734719e-06,2.28831909710616,TRUE,TRUE,FALSE,TRUE,irHepatitis
FN1,Macrophage 2,IgG+ plasmablast / plasma cell,9.57403811856013e-05,0.000277276703183782,3.72873871265338e-05,3.90046435141532e-05,all4,2,2,2,2,0.000186508542184692,3.81460153203435e-05,9.57403811856013e-05,0.000277276703183782,3.72873871265338e-05,3.90046435141532e-05,2.28693645874472,TRUE,TRUE,FALSE,TRUE,irHepatitis
VEGF,CD8+ T cell 1,Hepatocyte 4,4.60745201618043e-06,1.16718411643702e-05,1.71752866102118e-06,1.49468068010858e-06,all4,2,2,2,2,8.13964659027531e-06,1.60610467056488e-06,4.60745201618043e-06,1.16718411643702e-05,1.49468068010858e-06,1.71752866102118e-06,2.2786690395099,TRUE,TRUE,FALSE,TRUE,irHepatitis
IL2,Hepatocyte 2,Hepatocyte 1,1.33690510833768e-07,4.72506185765413e-08,1.40266904063088e-06,1.64310363096393e-07,all4,2,2,2,2,9.04705647051546e-08,7.83489701863637e-07,4.72506185765413e-08,1.33690510833768e-07,1.64310363096393e-07,1.40266904063088e-06,-2.27562622216787,TRUE,FALSE,TRUE,TRUE,AIH
VEGF,Macrophage 2,Hepatocyte 1,3.71560323486365e-06,3.70863280557578e-06,5.38002900978689e-07,8.58543916467261e-07,all4,2,2,2,2,3.71211802021972e-06,6.98273408722975e-07,3.70863280557578e-06,3.71560323486365e-06,5.38002900978689e-07,8.58543916467261e-07,2.27017229948136,TRUE,TRUE,FALSE,TRUE,irHepatitis
IL2,Macrophage 1,Vascular endothelial cell,0,0,5.01437434937559e-07,1.84075806525873e-07,all4,2,2,2,2,0,3.42756620731716e-07,0,0,1.84075806525873e-07,5.01437434937559e-07,-2.26675859144413,TRUE,FALSE,TRUE,TRUE,AIH
VEGF,CD8+ T cell 2,Vascular endothelial cell,0.000160688595322342,0.000104289395102073,2.18508935861124e-05,3.3440804289308e-05,all4,2,2,2,2,0.000132488995212207,2.76458489377102e-05,0.000104289395102073,0.000160688595322342,2.18508935861124e-05,3.3440804289308e-05,2.25703231902398,TRUE,TRUE,FALSE,TRUE,irHepatitis
IL2,Hepatocyte 4,Stellate cell,8.08007123339628e-08,6.41214924651181e-10,5.42642792616434e-07,5.16283096364297e-07,all4,2,2,2,2,4.0720963629307e-08,5.29462944490365e-07,6.41214924651181e-10,8.08007123339628e-08,5.16283096364297e-07,5.42642792616434e-07,-2.24535003117847,TRUE,FALSE,TRUE,TRUE,AIH
FN1,IgG+ B cell,Hepatocyte 2,2.96796031803312e-05,3.37422732520076e-05,6.29777645726587e-06,6.9505457095047e-06,all4,2,2,2,2,3.17109382161694e-05,6.62416108338528e-06,2.96796031803312e-05,3.37422732520076e-05,6.29777645726587e-06,6.9505457095047e-06,2.24380628047155,TRUE,TRUE,FALSE,TRUE,irHepatitis
FN1,Vascular endothelial cell,CD8+ T cell 2,7.47494072494879e-05,6.4275355113664e-05,1.66356930896862e-05,1.25944001478135e-05,all4,2,2,2,2,6.9512381181576e-05,1.46150466187499e-05,6.4275355113664e-05,7.47494072494879e-05,1.25944001478135e-05,1.66356930896862e-05,2.24283261210023,TRUE,TRUE,FALSE,TRUE,irHepatitis
IL2,Macrophage 1,CD8+ T cell 3,3.20202383077517e-05,8.27297834149762e-05,1.18204686164195e-05,1.23318622304604e-05,all4,2,2,2,2,5.7375010861364e-05,1.207616542344e-05,3.20202383077517e-05,8.27297834149762e-05,1.18204686164195e-05,1.23318622304604e-05,2.23981810002187,TRUE,TRUE,FALSE,TRUE,irHepatitis
VEGF,Macrophage 2,IgM+ B cell,1.10595757716894e-05,3.61048806426947e-05,3.50192456160142e-06,6.37002068208187e-06,all4,2,2,2,2,2.35822282071921e-05,4.93597262184164e-06,1.10595757716894e-05,3.61048806426947e-05,3.50192456160142e-06,6.37002068208187e-06,2.23574214236665,TRUE,TRUE,FALSE,TRUE,irHepatitis
CSF,Macrophage 1,Cholangiocyte,1.88443640049795e-05,1.21437244725407e-05,3.24218156857825e-06,3.23855759648983e-06,all4,2,2,2,2,1.54940442387601e-05,3.24036958253404e-06,1.21437244725407e-05,1.88443640049795e-05,3.23855759648983e-06,3.24218156857825e-06,2.22634764946996,TRUE,TRUE,FALSE,TRUE,irHepatitis
VEGF,Macrophage 1,IgM+ B cell,1.36729516409043e-05,1.22075438027419e-05,2.46805434481826e-06,2.92720912786617e-06,all4,2,2,2,2,1.29402477218231e-05,2.69763173634221e-06,1.22075438027419e-05,1.36729516409043e-05,2.46805434481826e-06,2.92720912786617e-06,2.22479103636665,TRUE,TRUE,FALSE,TRUE,irHepatitis
VEGF,Macrophage 2,Cholangiocyte,1.27722419833132e-05,3.55094482859953e-06,1.49104182859021e-06,1.88730604425904e-06,all4,2,2,2,2,8.16159340595639e-06,1.68917393642462e-06,3.55094482859953e-06,1.27722419833132e-05,1.49104182859021e-06,1.88730604425904e-06,2.21352523623316,TRUE,TRUE,FALSE,TRUE,irHepatitis
IL2,Hepatocyte 4,Cholangiocyte,7.06378499137547e-08,0,3.84669176496672e-07,5.97087757887103e-07,all4,2,2,2,2,3.53189249568774e-08,4.90878467191887e-07,0,7.06378499137547e-08,3.84669176496672e-07,5.97087757887103e-07,-2.21348496783583,TRUE,FALSE,TRUE,TRUE,AIH
VEGF,CD4+ T cell,CD8+ T cell 1,1.37746238725823e-05,7.61316189309593e-06,2.91779153922664e-06,1.55427354364267e-06,all4,2,2,2,2,1.06938928828391e-05,2.23603254143465e-06,7.61316189309593e-06,1.37746238725823e-05,1.55427354364267e-06,2.91779153922664e-06,2.21298082079803,TRUE,TRUE,FALSE,TRUE,irHepatitis
FN1,CD8+ T cell 2,Cholangiocyte,0.00024484223873051,0.000317297320238465,5.44672563709972e-05,6.74092987080901e-05,all4,2,2,2,2,0.000281069779484487,6.09382775395436e-05,0.00024484223873051,0.000317297320238465,5.44672563709972e-05,6.74092987080901e-05,2.20384219868813,TRUE,TRUE,FALSE,TRUE,irHepatitis
CSF,Cholangiocyte,Cholangiocyte,0.000365281895001571,0.000371842204510507,9.56773967703589e-05,6.44738314274928e-05,all4,2,2,2,2,0.000368562049756039,8.00756140989259e-05,0.000365281895001571,0.000371842204510507,6.44738314274928e-05,9.56773967703589e-05,2.20120565743544,TRUE,TRUE,FALSE,TRUE,irHepatitis
IL2,Hepatocyte 4,IgM+ B cell,1.29131380552293e-08,3.62619993612291e-09,2.82845751895114e-07,4.40105801751819e-07,all4,2,2,2,2,8.2696689956761e-09,3.61475776823467e-07,3.62619993612291e-09,1.29131380552293e-08,2.82845751895114e-07,4.40105801751819e-07,-2.20091563915706,TRUE,FALSE,TRUE,TRUE,AIH
VEGF,Macrophage 1,Macrophage 2,8.98187443251409e-06,1.47745640414433e-05,2.72260933617756e-06,2.30380654625318e-06,all4,2,2,2,2,1.18782192369787e-05,2.51320794121537e-06,8.98187443251409e-06,1.47745640414433e-05,2.30380654625318e-06,2.72260933617756e-06,2.20088699499694,TRUE,TRUE,FALSE,TRUE,irHepatitis
VEGF,IgG+ B cell,Vascular endothelial cell,0.000129301446589171,0.000216342990211243,2.94869918021811e-05,4.56938649404743e-05,all4,2,2,2,2,0.000172822218400207,3.75904283713277e-05,0.000129301446589171,0.000216342990211243,2.94869918021811e-05,4.56938649404743e-05,2.19815537294875,TRUE,TRUE,FALSE,TRUE,irHepatitis
CCL,Vascular endothelial cell,CD8+ T cell 3,0.000277717215760303,8.86516779587701e-05,5.17725850793297e-05,2.82709287727449e-05,all4,2,2,2,2,0.000183184446859536,4.00217569260373e-05,8.86516779587701e-05,0.000277717215760303,2.82709287727449e-05,5.17725850793297e-05,2.19191124043961,TRUE,TRUE,FALSE,TRUE,irHepatitis
CSF,Vascular endothelial cell,Hepatocyte 1,1.45699249178628e-05,4.72492541622262e-06,1.69634578412058e-06,2.40923053245919e-06,all4,2,2,2,2,9.6474251670427e-06,2.05278815828988e-06,4.72492541622262e-06,1.45699249178628e-05,1.69634578412058e-06,2.40923053245919e-06,2.18410069358025,TRUE,TRUE,FALSE,TRUE,irHepatitis
CSF,Sinusoidal endothelial cell,Macrophage 1,0.000549650145337624,0.000865764734086915,0.000157855396278925,0.000153842982681547,all4,2,2,2,2,0.00070770743971227,0.000155849189480236,0.000549650145337624,0.000865764734086915,0.000153842982681547,0.000157855396278925,2.18235368327756,TRUE,TRUE,FALSE,TRUE,irHepatitis
VEGF,IgM+ B cell,CD4+ T cell,4.14084172381788e-05,2.46999395096947e-05,4.91437130396169e-06,9.55955936827469e-06,all4,2,2,2,2,3.30541783739368e-05,7.23696533611819e-06,2.46999395096947e-05,4.14084172381788e-05,4.91437130396169e-06,9.55955936827469e-06,2.17748227682862,TRUE,TRUE,FALSE,TRUE,irHepatitis
VEGF,Hepatocyte 1,Cholangiocyte,2.31250448771254e-05,1.97816231082885e-05,3.03533660112696e-06,6.31377675104944e-06,all4,2,2,2,2,2.1453333992707e-05,4.6745566760882e-06,1.97816231082885e-05,2.31250448771254e-05,3.03533660112696e-06,6.31377675104944e-06,2.17684991551199,TRUE,TRUE,FALSE,TRUE,irHepatitis
IL2,IgM+ B cell,Hepatocyte 4,0,0,3.7343731266846e-07,2.56094561205153e-07,all4,2,2,2,2,0,3.14765936936806e-07,0,0,2.56094561205153e-07,3.7343731266846e-07,-2.17026881164663,TRUE,FALSE,TRUE,TRUE,AIH
IL2,CD4+ T cell,Stellate cell,4.38892780496246e-06,6.18291355264918e-07,5.64662350203727e-07,4.1010371091107e-07,all4,2,2,2,2,2.50360958011369e-06,4.87383030557399e-07,6.18291355264918e-07,4.38892780496246e-06,4.1010371091107e-07,5.64662350203727e-07,2.16754414602443,TRUE,TRUE,FALSE,TRUE,irHepatitis
IL2,Hepatocyte 2,Sinusoidal endothelial cell,2.87155866575207e-07,0,1.31075369492686e-06,6.03791833273017e-07,all4,2,2,2,2,1.43577933287603e-07,9.57272764099937e-07,0,2.87155866575207e-07,6.03791833273017e-07,1.31075369492686e-06,-2.16511460664679,TRUE,FALSE,TRUE,TRUE,AIH
VEGF,CD8+ T cell 2,CD8+ T cell 3,8.22309505486821e-05,0.000121507208775279,2.7652654548884e-05,1.79854062389978e-05,all4,2,2,2,2,0.00010186907966198,2.28190303939409e-05,8.22309505486821e-05,0.000121507208775279,1.79854062389978e-05,2.7652654548884e-05,2.15400656218459,TRUE,TRUE,FALSE,TRUE,irHepatitis
IL2,CD4+ T cell,IgM+ B cell,1.6701367934096e-06,3.19547258859831e-07,1.96918812556286e-06,7.49636632856587e-06,all4,2,2,2,2,9.94842026134713e-07,4.73277722706437e-06,3.19547258859831e-07,1.6701367934096e-06,1.96918812556286e-06,7.49636632856587e-06,-2.15247652896258,TRUE,FALSE,TRUE,TRUE,AIH
CCL,CD8+ T cell 2,CD8+ T cell 2,0.00265231424225665,0.00130260502216555,0.000594165160771954,0.000296903958734176,all4,2,2,2,2,0.0019774596322111,0.000445534559753065,0.00130260502216555,0.00265231424225665,0.000296903958734176,0.000594165160771954,2.14981348910011,TRUE,TRUE,FALSE,TRUE,irHepatitis
VEGF,IgG+ plasmablast / plasma cell,Hepatocyte 3,9.33694063739527e-07,1.4748289888926e-06,8.28559221552788e-06,2.97227178899868e-06,all4,2,2,2,2,1.20426152631606e-06,5.62893200226328e-06,9.33694063739527e-07,1.4748289888926e-06,2.97227178899868e-06,8.28559221552788e-06,-2.14369802364204,TRUE,FALSE,TRUE,TRUE,AIH
CSF,Stellate cell,IgG+ plasmablast / plasma cell,0.000128218244645863,0.000111310630824088,2.44579679258155e-05,2.96709179458484e-05,all4,2,2,2,2,0.000119764437734976,2.70644429358319e-05,0.000111310630824088,0.000128218244645863,2.44579679258155e-05,2.96709179458484e-05,2.14202703513629,TRUE,TRUE,FALSE,TRUE,irHepatitis
IL2,Cholangiocyte,CD8+ T cell 1,1.85520879161637e-05,2.09958529145522e-05,4.71840038817433e-06,4.15596296485357e-06,all4,2,2,2,2,1.97739704153579e-05,4.43718167651395e-06,1.85520879161637e-05,2.09958529145522e-05,4.15596296485357e-06,4.71840038817433e-06,2.13349214273986,TRUE,TRUE,FALSE,TRUE,irHepatitis
CCL,Vascular endothelial cell,Hepatocyte 3,2.87749131476843e-06,7.67868283695026e-07,1.23490301677665e-05,4.23673100023987e-06,all4,2,2,2,2,1.82267979923173e-06,8.29288058400318e-06,7.67868283695026e-07,2.87749131476843e-06,4.23673100023987e-06,1.23490301677665e-05,-2.131905679269,TRUE,FALSE,TRUE,TRUE,AIH
IL2,CD8+ T cell 3,Macrophage 2,0,7.05272220972941e-08,2.0335514414519e-07,7.13756417992086e-07,all4,2,2,2,2,3.52636110486471e-08,4.58555781068638e-07,0,7.05272220972941e-08,2.0335514414519e-07,7.13756417992086e-07,-2.13151053254746,TRUE,FALSE,TRUE,TRUE,AIH
VEGF,CD8+ T cell 1,CD8+ T cell 3,1.54644713358685e-05,2.05908343076847e-05,4.31389507419319e-06,3.79078617676909e-06,all4,2,2,2,2,1.80276528217766e-05,4.05234062548114e-06,1.54644713358685e-05,2.05908343076847e-05,3.79078617676909e-06,4.31389507419319e-06,2.12890333466579,TRUE,TRUE,FALSE,TRUE,irHepatitis
CCL,IgM+ B cell,CD8+ T cell 3,0.000183971364278579,7.57138844120047e-05,3.38297788357314e-05,2.55293785263415e-05,all4,2,2,2,2,0.000129842624345292,2.96795786810364e-05,7.57138844120047e-05,0.000183971364278579,2.55293785263415e-05,3.38297788357314e-05,2.12585653647921,TRUE,TRUE,FALSE,TRUE,irHepatitis
CSF,Macrophage 2,CD8+ T cell 3,2.33213964604945e-05,2.18893423615968e-05,5.92940007556727e-06,4.2993216403242e-06,all4,2,2,2,2,2.26053694110456e-05,5.11436085794573e-06,2.18893423615968e-05,2.33213964604945e-05,4.2993216403242e-06,5.92940007556727e-06,2.12462524084748,TRUE,TRUE,FALSE,TRUE,irHepatitis
FN1,CD4+ T cell,Cholangiocyte,0.000115023567710487,0.000247423866296403,4.85090039613558e-05,3.45354272884262e-05,all4,2,2,2,2,0.000181223717003445,4.1522215624891e-05,0.000115023567710487,0.000247423866296403,3.45354272884262e-05,4.85090039613558e-05,2.1234115852004,TRUE,TRUE,FALSE,TRUE,irHepatitis
CSF,Cholangiocyte,IgM+ B cell,0.000260924206719297,5.38457267014163e-05,3.87293633259852e-05,3.34100660512199e-05,all4,2,2,2,2,0.000157384966710357,3.60697146886025e-05,5.38457267014163e-05,0.000260924206719297,3.34100660512199e-05,3.87293633259852e-05,2.1226702089524,TRUE,TRUE,FALSE,TRUE,irHepatitis
VEGF,CD8+ T cell 1,CD8+ T cell 1,1.99025200259577e-05,2.79696144928641e-05,5.7740788416507e-06,5.11361739279392e-06,all4,2,2,2,2,2.39360672594109e-05,5.44384811722231e-06,1.99025200259577e-05,2.79696144928641e-05,5.11361739279392e-06,5.7740788416507e-06,2.11826451234426,TRUE,TRUE,FALSE,TRUE,irHepatitis
VEGF,Macrophage 2,Hepatocyte 2,3.1285075390753e-06,4.71734753427021e-06,8.22547739870107e-07,8.46448226137663e-07,all4,2,2,2,2,3.92292753667275e-06,8.34497983003885e-07,3.1285075390753e-06,4.71734753427021e-06,8.22547739870107e-07,8.46448226137663e-07,2.11802644040774,TRUE,TRUE,FALSE,TRUE,irHepatitis
CCL,Stellate cell,IgG+ plasmablast / plasma cell,5.66705854165609e-05,4.85036888955105e-06,0.000130690502686003,0.000136835594611718,all4,2,2,2,2,3.0760477153056e-05,0.000133763048648861,4.85036888955105e-06,5.66705854165609e-05,0.000130690502686003,0.000136835594611718,-2.11728868799965,TRUE,FALSE,TRUE,TRUE,AIH
CSF,IgG+ B cell,Vascular endothelial cell,2.11440976533832e-05,1.47262498482878e-05,3.57697179676735e-06,4.56608690865764e-06,all4,2,2,2,2,1.79351737508355e-05,4.0715293527125e-06,1.47262498482878e-05,2.11440976533832e-05,3.57697179676735e-06,4.56608690865764e-06,2.11485262568076,TRUE,TRUE,FALSE,TRUE,irHepatitis
IL2,Stellate cell,CD8+ T cell 3,8.68807962627857e-06,3.90501207483418e-05,4.06472166270819e-06,6.89125342983881e-06,all4,2,2,2,2,2.38691001873102e-05,5.4779875462735e-06,8.68807962627857e-06,3.90501207483418e-05,4.06472166270819e-06,6.89125342983881e-06,2.10536461804988,TRUE,TRUE,FALSE,TRUE,irHepatitis
IL2,Vascular endothelial cell,CD8+ T cell 3,1.38931829855208e-05,1.36435859123265e-05,3.83827200290054e-06,2.44063523778172e-06,all4,2,2,2,2,1.37683844489237e-05,3.13945362034113e-06,1.36435859123265e-05,1.38931829855208e-05,2.44063523778172e-06,3.83827200290054e-06,2.10142943116331,TRUE,TRUE,FALSE,TRUE,irHepatitis
CSF,CD8+ T cell 3,CD4+ T cell,9.6654590582994e-05,2.83084425363092e-05,1.59311038876291e-05,1.30784685751157e-05,all4,2,2,2,2,6.24815165596516e-05,1.45047862313724e-05,2.83084425363092e-05,9.6654590582994e-05,1.30784685751157e-05,1.59311038876291e-05,2.10006014826762,TRUE,TRUE,FALSE,TRUE,irHepatitis
CSF,IgM+ B cell,Macrophage 1,6.0484205858174e-05,8.3901894218899e-05,1.94920055864283e-05,1.42012956659615e-05,all4,2,2,2,2,7.21930500385365e-05,1.68466506261949e-05,6.0484205858174e-05,8.3901894218899e-05,1.42012956659615e-05,1.94920055864283e-05,2.09351494477234,TRUE,TRUE,FALSE,TRUE,irHepatitis
FN1,IgG+ B cell,Hepatocyte 3,3.36186503455866e-05,2.47517077263258e-05,4.8912861725644e-06,8.67783121894464e-06,all4,2,2,2,2,2.91851790359562e-05,6.78455869575452e-06,2.47517077263258e-05,3.36186503455866e-05,4.8912861725644e-06,8.67783121894464e-06,2.09035414717418,TRUE,TRUE,FALSE,TRUE,irHepatitis
FN1,CD8+ T cell 1,CD4+ T cell,6.98184415088828e-05,0.000109883895471134,2.09100568059326e-05,2.13580329422479e-05,all4,2,2,2,2,8.98511684900084e-05,2.11340448740903e-05,6.98184415088828e-05,0.000109883895471134,2.09100568059326e-05,2.13580329422479e-05,2.08328690015202,TRUE,TRUE,FALSE,TRUE,irHepatitis
FN1,IgG+ B cell,CD4+ T cell,5.57943476666723e-05,8.80386177229423e-05,1.77113519808004e-05,1.61976753509238e-05,all4,2,2,2,2,7.19164826948073e-05,1.69545136658621e-05,5.57943476666723e-05,8.80386177229423e-05,1.61976753509238e-05,1.77113519808004e-05,2.07882546245131,TRUE,TRUE,FALSE,TRUE,irHepatitis
CSF,Vascular endothelial cell,IgG+ plasmablast / plasma cell,0.000140567438251327,0.000146630238114901,2.5396985416579e-05,4.25668751425014e-05,all4,2,2,2,2,0.000143598838183114,3.39819302795402e-05,0.000140567438251327,0.000146630238114901,2.5396985416579e-05,4.25668751425014e-05,2.07629545910417,TRUE,TRUE,FALSE,TRUE,irHepatitis
CCL,Cholangiocyte,CD8+ T cell 2,0.000110435419336544,4.04760177490765e-05,1.82175464430167e-05,1.7547487513516e-05,all4,2,2,2,2,7.54557185428103e-05,1.78825169782664e-05,4.04760177490765e-05,0.000110435419336544,1.7547487513516e-05,1.82175464430167e-05,2.07156330473619,TRUE,TRUE,FALSE,TRUE,irHepatitis
VEGF,IgM+ B cell,IgM+ B cell,6.40938256807773e-05,6.82623841613205e-05,6.91991934638783e-06,2.46363828784601e-05,all4,2,2,2,2,6.61781049210489e-05,1.5778151112424e-05,6.40938256807773e-05,6.82623841613205e-05,6.91991934638783e-06,2.46363828784601e-05,2.0621871508609,TRUE,TRUE,FALSE,TRUE,irHepatitis
IL2,IgM+ B cell,Macrophage 2,0,0,3.7765911119229e-07,1.92991478010065e-07,all4,2,2,2,2,0,2.85325294601177e-07,0,0,1.92991478010065e-07,3.7765911119229e-07,-2.0612960425479,TRUE,FALSE,TRUE,TRUE,AIH
CCL,CD4+ T cell,CD8+ T cell 2,9.24995968477761e-05,3.45205504151381e-05,1.34592034091255e-05,1.68569221851279e-05,all4,2,2,2,2,6.35100736314571e-05,1.51580627971267e-05,3.45205504151381e-05,9.24995968477761e-05,1.34592034091255e-05,1.68569221851279e-05,2.06040926199302,TRUE,TRUE,FALSE,TRUE,irHepatitis
IL2,IgG+ B cell,CD8+ T cell 2,0,0,3.4128517040349e-07,2.26287883300822e-07,all4,2,2,2,2,0,2.83786526852156e-07,0,0,2.26287883300822e-07,3.4128517040349e-07,-2.05536759379647,TRUE,FALSE,TRUE,TRUE,AIH
FN1,IgG+ B cell,Cholangiocyte,7.83668814008599e-05,0.000226968345314079,4.34917263942767e-05,2.98873239261509e-05,all4,2,2,2,2,0.00015266761335747,3.66895251602138e-05,7.83668814008599e-05,0.000226968345314079,2.98873239261509e-05,4.34917263942767e-05,2.05427233792981,TRUE,TRUE,FALSE,TRUE,irHepatitis
IL2,Hepatocyte 4,Macrophage 2,0,1.61259595922184e-09,2.18310637291647e-07,3.54909219751671e-07,all4,2,2,2,2,8.06297979610921e-10,2.86609928521659e-07,0,1.61259595922184e-09,2.18310637291647e-07,3.54909219751671e-07,-2.05334597926382,TRUE,FALSE,TRUE,TRUE,AIH
IL2,Hepatocyte 2,Hepatocyte 2,0,0,5.17064631078584e-07,4.82216077629884e-08,all4,2,2,2,2,0,2.82643119420786e-07,0,0,4.82216077629884e-08,5.17064631078584e-07,-2.05094652882025,TRUE,FALSE,TRUE,TRUE,AIH
CSF,CD4+ T cell,Sinusoidal endothelial cell,2.66627456530029e-06,1.31700157889845e-06,8.870004872662e-06,8.18176554868942e-06,all4,2,2,2,2,1.99163807209937e-06,8.52588521067571e-06,1.31700157889845e-06,2.66627456530029e-06,8.18176554868942e-06,8.870004872662e-06,-2.04932940797942,TRUE,FALSE,TRUE,TRUE,AIH
VEGF,Vascular endothelial cell,Hepatocyte 2,4.45836058142343e-06,2.29858439777204e-06,1.0703958221895e-06,4.2774561847937e-07,all4,2,2,2,2,3.37847248959773e-06,7.49070720334433e-07,2.29858439777204e-06,4.45836058142343e-06,4.2774561847937e-07,1.0703958221895e-06,2.04755921223561,TRUE,TRUE,FALSE,TRUE,irHepatitis
FN1,Hepatocyte 4,IgG+ B cell,0.000117831821623392,0.000154117721650329,3.72330761064602e-05,2.86397976541296e-05,all4,2,2,2,2,0.00013597477163686,3.29364368802949e-05,0.000117831821623392,0.000154117721650329,2.86397976541296e-05,3.72330761064602e-05,2.04260347714495,TRUE,TRUE,FALSE,TRUE,irHepatitis
IL2,Hepatocyte 3,CD8+ T cell 3,9.46164729559958e-07,1.48787415863901e-06,2.64346539787817e-07,1.90555880586635e-07,all4,2,2,2,2,1.21701944409948e-06,2.27451210187226e-07,9.46164729559958e-07,1.48787415863901e-06,1.90555880586635e-07,2.64346539787817e-07,2.0419987816218,TRUE,TRUE,FALSE,TRUE,irHepatitis
CSF,CD4+ T cell,CD8+ T cell 2,2.26549362960032e-05,1.408274567098e-05,3.95151581046272e-06,4.86183214433529e-06,all4,2,2,2,2,1.83688409834916e-05,4.40667397739901e-06,1.408274567098e-05,2.26549362960032e-05,3.95151581046272e-06,4.86183214433529e-06,2.03740469234803,TRUE,TRUE,FALSE,TRUE,irHepatitis
IL2,Sinusoidal endothelial cell,Macrophage 2,0,1.37161197709669e-09,9.8994244544231e-08,4.63302886925547e-07,all4,2,2,2,2,6.85805988548347e-10,2.81148565734889e-07,0,1.37161197709669e-09,9.8994244544231e-08,4.63302886925547e-07,-2.03418401126142,TRUE,FALSE,TRUE,TRUE,AIH
CSF,CD8+ T cell 2,CD8+ T cell 2,0.000461549457216364,0.000130507640978782,9.07860729574178e-05,5.38806126809443e-05,all4,2,2,2,2,0.000296028549097573,7.23333428191811e-05,0.000130507640978782,0.000461549457216364,5.38806126809443e-05,9.07860729574178e-05,2.03164961239576,TRUE,TRUE,FALSE,TRUE,irHepatitis
CSF,CD8+ T cell 3,IgM+ B cell,7.64394694782564e-05,1.97787254370197e-05,1.34092324582036e-05,1.00056393725538e-05,all4,2,2,2,2,4.8109097457638e-05,1.17074359153787e-05,1.97787254370197e-05,7.64394694782564e-05,1.00056393725538e-05,1.34092324582036e-05,2.03054151804404,TRUE,TRUE,FALSE,TRUE,irHepatitis
CSF,IgG+ B cell,Hepatocyte 2,4.00498275380327e-06,1.51140692564369e-06,6.32146957577553e-07,5.91794893073303e-07,all4,2,2,2,2,2.75819483972348e-06,6.11970925325428e-07,1.51140692564369e-06,4.00498275380327e-06,5.91794893073303e-07,6.32146957577553e-07,2.02071090618221,TRUE,TRUE,FALSE,TRUE,irHepatitis
VEGF,Cholangiocyte,IgM+ B cell,0.000131864410184478,0.000247913069017534,2.89368476191819e-05,6.47362648361426e-05,all4,2,2,2,2,0.000189888739601006,4.68365562276622e-05,0.000131864410184478,0.000247913069017534,2.89368476191819e-05,6.47362648361426e-05,2.01736366730905,TRUE,TRUE,FALSE,TRUE,irHepatitis
IL2,Stellate cell,Hepatocyte 1,1.70876035540256e-07,1.0535052771696e-08,7.83110964989048e-07,4.98561797960818e-07,all4,2,2,2,2,9.0705544155976e-08,6.40836381474933e-07,1.0535052771696e-08,1.70876035540256e-07,4.98561797960818e-07,7.83110964989048e-07,-2.01647533320006,TRUE,FALSE,TRUE,TRUE,AIH
CSF,Macrophage 2,Macrophage 1,5.26734690154247e-05,5.91926165492211e-05,1.49384123527575e-05,1.26308699682243e-05,all4,2,2,2,2,5.59330427823229e-05,1.37846411604909e-05,5.26734690154247e-05,5.91926165492211e-05,1.26308699682243e-05,1.49384123527575e-05,2.01357726998448,TRUE,TRUE,FALSE,TRUE,irHepatitis
IL2,Macrophage 2,CD8+ T cell 2,7.01254305234029e-06,1.40006265771611e-05,1.44916905229437e-06,3.64643500536525e-06,all4,2,2,2,2,1.05065848147507e-05,2.54780202882981e-06,7.01254305234029e-06,1.40006265771611e-05,1.44916905229437e-06,3.64643500536525e-06,2.00622996396137,TRUE,TRUE,FALSE,TRUE,irHepatitis
CSF,Vascular endothelial cell,Hepatocyte 2,9.7652270973169e-06,3.33877266019434e-06,1.26673285457352e-06,1.86425498801228e-06,all4,2,2,2,2,6.55199987875562e-06,1.5654939212929e-06,3.33877266019434e-06,9.7652270973169e-06,1.26673285457352e-06,1.86425498801228e-06,2.00441776329283,TRUE,TRUE,FALSE,TRUE,irHepatitis
IL2,IgG+ plasmablast / plasma cell,CD8+ T cell 2,1.94661526964928e-07,9.23390988652222e-07,2.68767570284078e-06,2.33489033911406e-06,all4,2,2,2,2,5.59026257808575e-07,2.51128302097742e-06,1.94661526964928e-07,9.23390988652222e-07,2.33489033911406e-06,2.68767570284078e-06,-2.00303216167891,TRUE,FALSE,TRUE,TRUE,AIH
VEGF,Vascular endothelial cell,IgM+ B cell,7.0898727760839e-05,5.46752545075695e-05,1.37733413710777e-05,1.743280600116e-05,all4,2,2,2,2,6.27869911342043e-05,1.56030736861188e-05,5.46752545075695e-05,7.0898727760839e-05,1.37733413710777e-05,1.743280600116e-05,2.00241074586562,TRUE,TRUE,FALSE,TRUE,irHepatitis
VEGF,CD8+ T cell 2,CD4+ T cell,3.15998568825942e-05,1.83409853078401e-05,5.4735931977284e-06,6.94445829550113e-06,all4,2,2,2,2,2.49704210952171e-05,6.20902574661477e-06,1.83409853078401e-05,3.15998568825942e-05,5.4735931977284e-06,6.94445829550113e-06,1.992226234452,TRUE,TRUE,FALSE,TRUE,irHepatitis
IL2,Cholangiocyte,Cholangiocyte,2.32374503565303e-05,1.21168125247001e-05,5.35448150592641e-06,3.52016097437235e-06,all4,2,2,2,2,1.76771314406152e-05,4.43732124014938e-06,1.21168125247001e-05,2.32374503565303e-05,3.52016097437235e-06,5.35448150592641e-06,1.97250361239767,TRUE,TRUE,FALSE,TRUE,irHepatitis
CSF,IgG+ plasmablast / plasma cell,CD8+ T cell 1,4.54241226014453e-05,1.65525947665033e-05,9.16712213541366e-06,6.65286482922169e-06,all4,2,2,2,2,3.09883586839743e-05,7.90999348231767e-06,1.65525947665033e-05,4.54241226014453e-05,6.65286482922169e-06,9.16712213541366e-06,1.95785222930926,TRUE,TRUE,FALSE,TRUE,irHepatitis
VEGF,Macrophage 1,Vascular endothelial cell,6.40477482074208e-05,7.81314996328683e-05,1.81954421207548e-05,1.8342256224556e-05,all4,2,2,2,2,7.10896239201446e-05,1.82688491726554e-05,6.40477482074208e-05,7.81314996328683e-05,1.81954421207548e-05,1.8342256224556e-05,1.95499419073535,TRUE,TRUE,FALSE,TRUE,irHepatitis
VEGF,IgM+ B cell,Stellate cell,1.72491703488639e-05,1.16783300724006e-05,4.08970403181819e-06,3.31474130733036e-06,all4,2,2,2,2,1.44637502106322e-05,3.70222266957427e-06,1.16783300724006e-05,1.72491703488639e-05,3.31474130733036e-06,4.08970403181819e-06,1.94030193446383,TRUE,TRUE,FALSE,TRUE,irHepatitis
IL2,Vascular endothelial cell,CD8+ T cell 2,6.17897446094458e-06,7.93411841836141e-06,1.60409157355217e-06,1.96170429218415e-06,all4,2,2,2,2,7.056546439653e-06,1.78289793286816e-06,6.17897446094458e-06,7.93411841836141e-06,1.60409157355217e-06,1.96170429218415e-06,1.93202762605889,TRUE,TRUE,FALSE,TRUE,irHepatitis
FN1,Vascular endothelial cell,Hepatocyte 2,5.12413067848711e-05,5.83625846520115e-05,1.65992641967829e-05,1.20299523980304e-05,all4,2,2,2,2,5.48019457184413e-05,1.43146082974066e-05,5.12413067848711e-05,5.83625846520115e-05,1.20299523980304e-05,1.65992641967829e-05,1.93007102394841,TRUE,TRUE,FALSE,TRUE,irHepatitis
CSF,Stellate cell,CD8+ T cell 1,0.000109917480421013,0.000147893265716921,3.27054689003419e-05,3.51711912266021e-05,all4,2,2,2,2,0.000128905373068967,3.3938330063472e-05,0.000109917480421013,0.000147893265716921,3.27054689003419e-05,3.51711912266021e-05,1.92251400782883,TRUE,TRUE,FALSE,TRUE,irHepatitis
FN1,Macrophage 2,Cholangiocyte,0.000179661971318066,0.000120892969092873,4.80361334550841e-05,3.11195627337124e-05,all4,2,2,2,2,0.00015027747020547,3.95778480943982e-05,0.000120892969092873,0.000179661971318066,3.11195627337124e-05,4.80361334550841e-05,1.9224529818725,TRUE,TRUE,FALSE,TRUE,irHepatitis
FN1,IgM+ B cell,Cholangiocyte,0.00026300396964763,0.000123337123820245,6.22449085297621e-05,3.97482121842901e-05,all4,2,2,2,2,0.000193170546733938,5.09965603570261e-05,0.000123337123820245,0.00026300396964763,3.97482121842901e-05,6.22449085297621e-05,1.91953340176225,TRUE,TRUE,FALSE,TRUE,irHepatitis
IL2,CD8+ T cell 1,CD4+ T cell,1.21785828586358e-05,3.83710357737956e-06,2.25862904399107e-06,1.84306042552749e-06,all4,2,2,2,2,8.0078432180077e-06,2.05084473475928e-06,3.83710357737956e-06,1.21785828586358e-05,1.84306042552749e-06,2.25862904399107e-06,1.91940435469881,TRUE,TRUE,FALSE,TRUE,irHepatitis
FN1,Vascular endothelial cell,CD8+ T cell 3,0.000136811828223299,8.41778553164458e-05,3.25763580041358e-05,2.58032176838318e-05,all4,2,2,2,2,0.000110494841769872,2.91897878439838e-05,8.41778553164458e-05,0.000136811828223299,2.58032176838318e-05,3.25763580041358e-05,1.9171800596056,TRUE,TRUE,FALSE,TRUE,irHepatitis
VEGF,IgM+ B cell,Hepatocyte 1,2.23276279019315e-06,1.17355773121475e-06,3.83590835993361e-07,3.87471449242899e-07,all4,2,2,2,2,1.70316026070395e-06,3.8553114261813e-07,1.17355773121475e-06,2.23276279019315e-06,3.83590835993361e-07,3.87471449242899e-07,1.91510323056442,TRUE,TRUE,FALSE,TRUE,irHepatitis
FN1,IgG+ B cell,Sinusoidal endothelial cell,1.02443758749417e-05,1.92237477183451e-05,4.68222486823589e-06,3.01345491458405e-06,all4,2,2,2,2,1.47340617966434e-05,3.84783989140997e-06,1.02443758749417e-05,1.92237477183451e-05,3.01345491458405e-06,4.68222486823589e-06,1.91248984677501,TRUE,TRUE,FALSE,TRUE,irHepatitis
IL2,IgG+ plasmablast / plasma cell,Hepatocyte 1,9.47372583653641e-08,0,6.32153879998452e-07,2.19257413185646e-07,all4,2,2,2,2,4.73686291826821e-08,4.25705646592049e-07,0,9.47372583653641e-08,2.19257413185646e-07,6.32153879998452e-07,-1.90922311869469,TRUE,FALSE,TRUE,TRUE,AIH
IL2,Sinusoidal endothelial cell,Sinusoidal endothelial cell,3.48714462730973e-06,0,8.89786943928502e-06,4.67813793772042e-06,all4,2,2,2,2,1.74357231365486e-06,6.78800368850272e-06,0,3.48714462730973e-06,4.67813793772042e-06,8.89786943928502e-06,-1.90738721603031,TRUE,FALSE,TRUE,TRUE,AIH
IL2,Macrophage 2,Hepatocyte 4,0,0,3.24654860332971e-07,1.6839865413807e-07,all4,2,2,2,2,0,2.46526757235521e-07,0,0,1.6839865413807e-07,3.24654860332971e-07,-1.90383388145286,TRUE,FALSE,TRUE,TRUE,AIH
FN1,CD8+ T cell 1,IgG+ plasmablast / plasma cell,0.000110293016768252,0.000187051180398299,3.817943071235e-05,4.13280218430535e-05,all4,2,2,2,2,0.000148672098583276,3.97537262777017e-05,0.000110293016768252,0.000187051180398299,3.817943071235e-05,4.13280218430535e-05,1.90058502555774,TRUE,TRUE,FALSE,TRUE,irHepatitis
IL2,CD8+ T cell 2,IgG+ plasmablast / plasma cell,1.17443050319062e-07,0,5.90658391446735e-07,3.38340848504782e-07,all4,2,2,2,2,5.87215251595309e-08,4.64499619975758e-07,0,1.17443050319062e-07,3.38340848504782e-07,5.90658391446735e-07,-1.8992435837482,TRUE,FALSE,TRUE,TRUE,AIH
CCL,Macrophage 2,CD8+ T cell 2,7.78874781816967e-05,4.04670353794764e-05,1.26111673858667e-05,1.89953518523158e-05,all4,2,2,2,2,5.91772567805865e-05,1.58032596190913e-05,4.04670353794764e-05,7.78874781816967e-05,1.26111673858667e-05,1.89953518523158e-05,1.89882651219862,TRUE,TRUE,FALSE,TRUE,irHepatitis
VEGF,CD8+ T cell 1,Vascular endothelial cell,4.8235800644589e-05,7.0445285173172e-05,1.6196241550964e-05,1.55274224073742e-05,all4,2,2,2,2,5.93405429088805e-05,1.58618319791691e-05,4.8235800644589e-05,7.0445285173172e-05,1.55274224073742e-05,1.6196241550964e-05,1.89748868901144,TRUE,TRUE,FALSE,TRUE,irHepatitis
VEGF,CD8+ T cell 1,Hepatocyte 1,4.51441985911429e-06,5.87468079648033e-06,1.44015717230004e-06,1.22190282785151e-06,all4,2,2,2,2,5.19455032779731e-06,1.33103000007578e-06,4.51441985911429e-06,5.87468079648033e-06,1.22190282785151e-06,1.44015717230004e-06,1.89491379255291,TRUE,TRUE,FALSE,TRUE,irHepatitis
IL2,Macrophage 1,Hepatocyte 2,0,0,3.67335088113795e-07,1.20536650879326e-07,all4,2,2,2,2,0,2.4393586949656e-07,0,0,1.20536650879326e-07,3.67335088113795e-07,-1.8926805896356,TRUE,FALSE,TRUE,TRUE,AIH
VEGF,IgM+ B cell,Hepatocyte 2,2.42522924065154e-06,1.29068179811984e-06,5.44988404464438e-07,3.25308656086425e-07,all4,2,2,2,2,1.85795551938569e-06,4.35148530275431e-07,1.29068179811984e-06,2.42522924065154e-06,3.25308656086425e-07,5.44988404464438e-07,1.89135279981102,TRUE,TRUE,FALSE,TRUE,irHepatitis
FN1,Macrophage 2,CD8+ T cell 2,7.35882597636997e-05,5.19069443180863e-05,8.64861280368367e-06,2.50504500269136e-05,all4,2,2,2,2,6.2747602040893e-05,1.68495314152986e-05,5.19069443180863e-05,7.35882597636997e-05,8.64861280368367e-06,2.50504500269136e-05,1.89124003365251,TRUE,TRUE,FALSE,TRUE,irHepatitis
VEGF,Macrophage 1,Macrophage 1,2.95527306508991e-05,4.23360471375772e-05,1.12439995988989e-05,8.06839603903513e-06,all4,2,2,2,2,3.59443888942381e-05,9.65619781896704e-06,2.95527306508991e-05,4.23360471375772e-05,8.06839603903513e-06,1.12439995988989e-05,1.88647316562409,TRUE,TRUE,FALSE,TRUE,irHepatitis
IL2,Cholangiocyte,Sinusoidal endothelial cell,1.60402803487111e-07,0,7.48554657422124e-07,3.29447165411803e-07,all4,2,2,2,2,8.02014017435554e-08,5.39000911416964e-07,0,1.60402803487111e-07,3.29447165411803e-07,7.48554657422124e-07,-1.88640320576925,TRUE,FALSE,TRUE,TRUE,AIH
CCL,IgM+ B cell,CD8+ T cell 2,4.30447510907243e-05,2.9741605612234e-05,9.53413106160539e-06,1.00433264076079e-05,all4,2,2,2,2,3.63931783514791e-05,9.78872873460667e-06,2.9741605612234e-05,4.30447510907243e-05,9.53413106160539e-06,1.00433264076079e-05,1.88484417355713,TRUE,TRUE,FALSE,TRUE,irHepatitis
VEGF,Macrophage 1,Hepatocyte 1,7.40927942280318e-06,9.95377814069937e-06,2.55390719394404e-06,2.05276592532053e-06,all4,2,2,2,2,8.68152878175127e-06,2.30333655963228e-06,7.40927942280318e-06,9.95377814069937e-06,2.05276592532053e-06,2.55390719394404e-06,1.87384641225514,TRUE,TRUE,FALSE,TRUE,irHepatitis
CCL,IgM+ B cell,IgG+ B cell,8.82978125515559e-05,7.87869540909907e-05,2.39634247958086e-05,2.16254263969591e-05,all4,2,2,2,2,8.35423833212733e-05,2.27944255963839e-05,7.87869540909907e-05,8.82978125515559e-05,2.16254263969591e-05,2.39634247958086e-05,1.86969992038813,TRUE,TRUE,FALSE,TRUE,irHepatitis
VEGF,Macrophage 2,Macrophage 2,1.12478510580094e-05,1.28264589473005e-05,3.2412182903485e-06,3.22715802106451e-06,all4,2,2,2,2,1.20371550026549e-05,3.23418815570651e-06,1.12478510580094e-05,1.28264589473005e-05,3.22715802106451e-06,3.2412182903485e-06,1.86719693678369,TRUE,TRUE,FALSE,TRUE,irHepatitis
FN1,CD4+ T cell,IgG+ plasmablast / plasma cell,0.000118129827380177,0.000204638908102831,4.40461266731035e-05,4.43525618270702e-05,all4,2,2,2,2,0.000161384367741504,4.41993442500868e-05,0.000118129827380177,0.000204638908102831,4.40461266731035e-05,4.43525618270702e-05,1.86627586162809,TRUE,TRUE,FALSE,TRUE,irHepatitis
CSF,Macrophage 2,Macrophage 2,4.20067901770411e-05,6.0802221799284e-05,1.53149953254449e-05,1.29103586796613e-05,all4,2,2,2,2,5.14045059881626e-05,1.41126770025531e-05,4.20067901770411e-05,6.0802221799284e-05,1.29103586796613e-05,1.53149953254449e-05,1.85826258097327,TRUE,TRUE,FALSE,TRUE,irHepatitis
FN1,IgM+ B cell,CD4+ T cell,0.000244681490306512,0.000109805429724548,5.09031954991177e-05,4.67675648825299e-05,all4,2,2,2,2,0.00017724346001553,4.88353801908238e-05,0.000109805429724548,0.000244681490306512,4.67675648825299e-05,5.09031954991177e-05,1.85781182487307,TRUE,TRUE,FALSE,TRUE,irHepatitis
VEGF,Macrophage 1,Hepatocyte 2,5.93757843462322e-06,1.31403447768764e-05,3.27500405912111e-06,1.88717242674534e-06,all4,2,2,2,2,9.53896160574982e-06,2.58108824293322e-06,5.93757843462322e-06,1.31403447768764e-05,1.88717242674534e-06,3.27500405912111e-06,1.84998944089044,TRUE,TRUE,FALSE,TRUE,irHepatitis
VEGF,Macrophage 1,Hepatocyte 4,6.68026071098492e-06,1.27839341939946e-05,3.21744769586474e-06,2.06101970616055e-06,all4,2,2,2,2,9.73209745248976e-06,2.63923370101264e-06,6.68026071098492e-06,1.27839341939946e-05,2.06101970616055e-06,3.21744769586474e-06,1.84757124595031,TRUE,TRUE,FALSE,TRUE,irHepatitis
FN1,Vascular endothelial cell,Hepatocyte 1,4.69466284976646e-05,6.39829239744356e-05,1.71126269886913e-05,1.36761237031009e-05,all4,2,2,2,2,5.54647762360501e-05,1.53943753458961e-05,4.69466284976646e-05,6.39829239744356e-05,1.36761237031009e-05,1.71126269886913e-05,1.84310411151825,TRUE,TRUE,FALSE,TRUE,irHepatitis
IL2,Hepatocyte 1,Vascular endothelial cell,0,0,2.60235771672838e-07,2.02885867525834e-07,all4,2,2,2,2,0,2.31560819599336e-07,0,0,2.02885867525834e-07,2.60235771672838e-07,-1.83818545065583,TRUE,FALSE,TRUE,TRUE,AIH
FN1,IgG+ B cell,CD8+ T cell 1,3.0245215162737e-05,3.67293904487396e-05,1.15678456840673e-05,7.05063010798635e-06,all4,2,2,2,2,3.34873028057383e-05,9.30923789602682e-06,3.0245215162737e-05,3.67293904487396e-05,7.05063010798635e-06,1.15678456840673e-05,1.836881091823,TRUE,TRUE,FALSE,TRUE,irHepatitis
CSF,Vascular endothelial cell,CD8+ T cell 3,0.000105784213282669,5.20214617777255e-05,2.39777530559354e-05,2.00725380420876e-05,all4,2,2,2,2,7.89028375301975e-05,2.20251455490115e-05,5.20214617777255e-05,0.000105784213282669,2.00725380420876e-05,2.39777530559354e-05,1.83669154472448,TRUE,TRUE,FALSE,TRUE,irHepatitis
IL2,Hepatocyte 1,Hepatocyte 2,0,0,4.0154091470162e-07,6.03545591353969e-08,all4,2,2,2,2,0,2.30947736918509e-07,0,0,6.03545591353969e-08,4.0154091470162e-07,-1.83543139654755,TRUE,FALSE,TRUE,TRUE,AIH
FN1,IgG+ B cell,Hepatocyte 1,2.52142410096242e-05,2.34295945256962e-05,6.8649765727743e-06,6.6618622745454e-06,all4,2,2,2,2,2.43219177676602e-05,6.76341942365985e-06,2.34295945256962e-05,2.52142410096242e-05,6.6618622745454e-06,6.8649765727743e-06,1.83270404622847,TRUE,TRUE,FALSE,TRUE,irHepatitis
FN1,IgM+ B cell,CD8+ T cell 1,5.90523299262028e-05,4.73315945046204e-05,1.85365292112617e-05,1.13376671102314e-05,all4,2,2,2,2,5.31919622154116e-05,1.49370981607465e-05,4.73315945046204e-05,5.90523299262028e-05,1.13376671102314e-05,1.85365292112617e-05,1.82608728077046,TRUE,TRUE,FALSE,TRUE,irHepatitis
FN1,IgG+ B cell,Stellate cell,3.2096188351671e-05,4.04671973946036e-05,8.72830356080885e-06,1.16204430455354e-05,all4,2,2,2,2,3.62816928731373e-05,1.01743733031721e-05,3.2096188351671e-05,4.04671973946036e-05,8.72830356080885e-06,1.16204430455354e-05,1.82518005659257,TRUE,TRUE,FALSE,TRUE,irHepatitis
IL2,Hepatocyte 1,Cholangiocyte,8.09060487461899e-07,1.98767920636242e-06,4.29672183521366e-07,2.30745974488387e-07,all4,2,2,2,2,1.39836984691216e-06,3.30209079004877e-07,8.09060487461899e-07,1.98767920636242e-06,2.30745974488387e-07,4.29672183521366e-07,1.82478652474849,TRUE,TRUE,FALSE,TRUE,irHepatitis
VEGF,CD8+ T cell 3,CD8+ T cell 2,1.74933467000032e-05,1.89101177708002e-05,4.73791532953186e-06,5.42234615439269e-06,all4,2,2,2,2,1.82017322354017e-05,5.08013074196227e-06,1.74933467000032e-05,1.89101177708002e-05,4.73791532953186e-06,5.42234615439269e-06,1.82293793817208,TRUE,TRUE,FALSE,TRUE,irHepatitis
VEGF,Hepatocyte 2,Cholangiocyte,7.90756190899698e-06,8.23620658432794e-06,1.54879010756649e-06,2.88953280157157e-06,all4,2,2,2,2,8.07188424666246e-06,2.21916145456903e-06,7.90756190899698e-06,8.23620658432794e-06,1.54879010756649e-06,2.88953280157157e-06,1.82157550623586,TRUE,TRUE,FALSE,TRUE,irHepatitis
FN1,Macrophage 2,Hepatocyte 3,3.35786905407174e-05,4.33885810807424e-05,6.32000255848083e-06,1.54052306306814e-05,all4,2,2,2,2,3.84836358107299e-05,1.08626165945811e-05,3.35786905407174e-05,4.33885810807424e-05,6.32000255848083e-06,1.54052306306814e-05,1.81634846911596,TRUE,TRUE,FALSE,TRUE,irHepatitis
FN1,Vascular endothelial cell,IgG+ plasmablast / plasma cell,0.000295651662723154,0.00056227685371077,0.000110594633754973,0.00013345303140823,all4,2,2,2,2,0.000428964258216962,0.000122023832581602,0.000295651662723154,0.00056227685371077,0.000110594633754973,0.00013345303140823,1.81293426811492,TRUE,TRUE,FALSE,TRUE,irHepatitis
IL2,CD4+ T cell,CD8+ T cell 2,5.17095733307856e-09,9.96502543097161e-07,1.00107937765736e-06,2.96952791096388e-06,all4,2,2,2,2,5.0083675021512e-07,1.98530364431062e-06,5.17095733307856e-09,9.96502543097161e-07,1.00107937765736e-06,2.96952791096388e-06,-1.81265590863002,TRUE,FALSE,TRUE,TRUE,AIH
VEGF,Macrophage 1,CD8+ T cell 3,1.65511040800864e-05,2.98414494196074e-05,7.90840152261317e-06,5.19720232614716e-06,all4,2,2,2,2,2.31962767498469e-05,6.55280192438017e-06,1.65511040800864e-05,2.98414494196074e-05,5.19720232614716e-06,7.90840152261317e-06,1.80963084077115,TRUE,TRUE,FALSE,TRUE,irHepatitis
CSF,Stellate cell,Macrophage 2,0.000167674058571879,0.000273205086588391,5.89936090193626e-05,6.67785670136134e-05,all4,2,2,2,2,0.000220439572580135,6.2886088016488e-05,0.000167674058571879,0.000273205086588391,5.89936090193626e-05,6.67785670136134e-05,1.80809762950286,TRUE,TRUE,FALSE,TRUE,irHepatitis
IL2,Macrophage 2,Hepatocyte 1,7.41737503889019e-08,1.46472623734539e-08,4.64041985798183e-07,2.96126280187469e-07,all4,2,2,2,2,4.44105063811779e-08,3.80084132992826e-07,1.46472623734539e-08,7.41737503889019e-08,2.96126280187469e-07,4.64041985798183e-07,-1.80699712242055,TRUE,FALSE,TRUE,TRUE,AIH
CSF,Stellate cell,Hepatocyte 1,3.4405669703292e-05,1.81260074267359e-05,4.79380865985458e-06,1.00992222020589e-05,all4,2,2,2,2,2.6265838565014e-05,7.44651543095676e-06,1.81260074267359e-05,3.4405669703292e-05,4.79380865985458e-06,1.00992222020589e-05,1.80616596104561,TRUE,TRUE,FALSE,TRUE,irHepatitis
VEGF,Stellate cell,Hepatocyte 4,1.36216542709024e-05,7.40744191732271e-06,3.0345256690898e-06,2.8567060428627e-06,all4,2,2,2,2,1.05145480941125e-05,2.94561585597625e-06,7.40744191732271e-06,1.36216542709024e-05,2.8567060428627e-06,3.0345256690898e-06,1.80465403288708,TRUE,TRUE,FALSE,TRUE,irHepatitis
CSF,Macrophage 1,Macrophage 1,0.000165804404802378,0.000178690221650459,5.23562663333469e-05,4.63095088191798e-05,all4,2,2,2,2,0.000172247313226418,4.93328875762634e-05,0.000165804404802378,0.000178690221650459,4.63095088191798e-05,5.23562663333469e-05,1.80198585416748,TRUE,TRUE,FALSE,TRUE,irHepatitis
FN1,IgM+ B cell,IgM+ B cell,0.000292010750628811,0.000221416232163956,5.533702667312e-05,9.17858024011774e-05,all4,2,2,2,2,0.000256713491396384,7.35614145371487e-05,0.000221416232163956,0.000292010750628811,5.533702667312e-05,9.17858024011774e-05,1.801880997234,TRUE,TRUE,FALSE,TRUE,irHepatitis
FN1,IgG+ B cell,Hepatocyte 4,1.88969966252106e-05,3.21276660455701e-05,7.13070607520907e-06,7.39198397831215e-06,all4,2,2,2,2,2.55123313353904e-05,7.26134502676061e-06,1.88969966252106e-05,3.21276660455701e-05,7.13070607520907e-06,7.39198397831215e-06,1.80020825789289,TRUE,TRUE,FALSE,TRUE,irHepatitis
CSF,CD4+ T cell,IgG+ plasmablast / plasma cell,8.35160556031768e-05,3.51983490555137e-05,1.57061636655802e-05,1.8319311388687e-05,all4,2,2,2,2,5.93572023293453e-05,1.70127375271336e-05,3.51983490555137e-05,8.35160556031768e-05,1.57061636655802e-05,1.8319311388687e-05,1.79738732327768,TRUE,TRUE,FALSE,TRUE,irHepatitis
CSF,CD8+ T cell 2,Macrophage 2,0.000156096244962294,0.000100678064724927,3.2020944332139e-05,4.18785194075396e-05,all4,2,2,2,2,0.00012838715484361,3.69497318698393e-05,0.000100678064724927,0.000156096244962294,3.2020944332139e-05,4.18785194075396e-05,1.79436890695727,TRUE,TRUE,FALSE,TRUE,irHepatitis
VEGF,Hepatocyte 1,Vascular endothelial cell,0.000284713103376655,0.000273255903560211,7.02972370418566e-05,9.05131869422485e-05,all4,2,2,2,2,0.000278984503468433,8.04052119920525e-05,0.000273255903560211,0.000284713103376655,7.02972370418566e-05,9.05131869422485e-05,1.79367665190505,TRUE,TRUE,FALSE,TRUE,irHepatitis
VEGF,CD8+ T cell 2,IgM+ B cell,1.41090035743469e-05,2.24370579458501e-05,3.31128846234097e-06,7.1113677782446e-06,all4,2,2,2,2,1.82730307600985e-05,5.21132812029278e-06,1.41090035743469e-05,2.24370579458501e-05,3.31128846234097e-06,7.1113677782446e-06,1.79239672648926,TRUE,TRUE,FALSE,TRUE,irHepatitis
CSF,Cholangiocyte,Macrophage 2,0.000305659632756738,0.000280317494136205,0.000102768625942434,6.64418957746436e-05,all4,2,2,2,2,0.000292988563446472,8.46052608585389e-05,0.000280317494136205,0.000305659632756738,6.64418957746436e-05,0.000102768625942434,1.79093544230228,TRUE,TRUE,FALSE,TRUE,irHepatitis
CSF,IgG+ B cell,Macrophage 2,2.35491093979417e-05,6.28419438326957e-05,1.13809278732911e-05,1.34603166840134e-05,all4,2,2,2,2,4.31955266153187e-05,1.24206222786523e-05,2.35491093979417e-05,6.28419438326957e-05,1.13809278732911e-05,1.34603166840134e-05,1.79073890234738,TRUE,TRUE,FALSE,TRUE,irHepatitis
VEGF,Vascular endothelial cell,Cholangiocyte,1.32611231209798e-05,8.13731419035054e-06,2.86431600595256e-06,3.23489919683427e-06,all4,2,2,2,2,1.06992186556652e-05,3.04960760139341e-06,8.13731419035054e-06,1.32611231209798e-05,2.86431600595256e-06,3.23489919683427e-06,1.78096499166632,TRUE,TRUE,FALSE,TRUE,irHepatitis
CCL,Macrophage 1,IgG+ B cell,6.47882037696792e-06,1.0656838834915e-06,1.65543392092002e-05,9.67082273747776e-06,all4,2,2,2,2,3.77225213022971e-06,1.3112580973339e-05,1.0656838834915e-06,6.47882037696792e-06,9.67082273747776e-06,1.65543392092002e-05,-1.77333069079859,TRUE,FALSE,TRUE,TRUE,AIH
CSF,Cholangiocyte,IgG+ plasmablast / plasma cell,0.000102212500648635,0.000125879420873378,3.16847161980437e-05,3.50222165308108e-05,all4,2,2,2,2,0.000114045960761007,3.33534663644273e-05,0.000102212500648635,0.000125879420873378,3.16847161980437e-05,3.50222165308108e-05,1.77095999884859,TRUE,TRUE,FALSE,TRUE,irHepatitis
CSF,Cholangiocyte,Hepatocyte 3,1.69835146118719e-06,3.09580420615597e-08,3.33359300216686e-06,3.00021869656363e-06,all4,2,2,2,2,8.64654751624374e-07,3.16690584936524e-06,3.09580420615597e-08,1.69835146118719e-06,3.00021869656363e-06,3.33359300216686e-06,-1.77055190633199,TRUE,FALSE,TRUE,TRUE,AIH
VEGF,Vascular endothelial cell,CD8+ T cell 1,2.16996024155097e-05,1.28742852866702e-05,6.4157969736915e-06,3.74568472087913e-06,all4,2,2,2,2,1.72869438510899e-05,5.08074084728531e-06,1.28742852866702e-05,2.16996024155097e-05,3.74568472087913e-06,6.4157969736915e-06,1.74874997347175,TRUE,TRUE,FALSE,TRUE,irHepatitis
FN1,IgM+ B cell,Macrophage 1,4.17639847270435e-05,3.85403176965166e-05,1.45087454931331e-05,9.30368177945737e-06,all4,2,2,2,2,4.01521512117801e-05,1.19062136362952e-05,3.85403176965166e-05,4.17639847270435e-05,9.30368177945737e-06,1.45087454931331e-05,1.74613627960549,TRUE,TRUE,FALSE,TRUE,irHepatitis
CSF,Macrophage 2,CD8+ T cell 1,2.13068549589173e-05,1.32361973596013e-05,5.41381491623788e-06,4.77482495153687e-06,all4,2,2,2,2,1.72715261592593e-05,5.09431993388738e-06,1.32361973596013e-05,2.13068549589173e-05,4.77482495153687e-06,5.41381491623788e-06,1.74368554604629,TRUE,TRUE,FALSE,TRUE,irHepatitis
CSF,Hepatocyte 3,Hepatocyte 3,2.94274285208018e-06,2.22120721048442e-06,1.11530393792607e-05,6.54771538832509e-06,all4,2,2,2,2,2.5819750312823e-06,8.85037738379291e-06,2.22120721048442e-06,2.94274285208018e-06,6.54771538832509e-06,1.11530393792607e-05,-1.74246495140494,TRUE,FALSE,TRUE,TRUE,AIH
FN1,IgM+ B cell,CD8+ T cell 2,4.01592483638929e-05,4.26204074993368e-05,1.22909363951051e-05,1.23269647601829e-05,all4,2,2,2,2,4.13898279316148e-05,1.2308950577644e-05,4.01592483638929e-05,4.26204074993368e-05,1.22909363951051e-05,1.23269647601829e-05,1.74219959340915,TRUE,TRUE,FALSE,TRUE,irHepatitis
VEGF,Macrophage 1,Stellate cell,1.47253577531541e-05,2.24686428484103e-05,6.5302954403694e-06,4.47526276703652e-06,all4,2,2,2,2,1.85970003007822e-05,5.50277910370296e-06,1.47253577531541e-05,2.24686428484103e-05,4.47526276703652e-06,6.5302954403694e-06,1.74041481454323,TRUE,TRUE,FALSE,TRUE,irHepatitis
VEGF,CD8+ T cell 1,Hepatocyte 2,3.33952960632101e-06,6.56425161754251e-06,1.73806987090947e-06,1.10288900680908e-06,all4,2,2,2,2,4.95189061193176e-06,1.42047943885927e-06,3.33952960632101e-06,6.56425161754251e-06,1.10288900680908e-06,1.73806987090947e-06,1.73902144384188,TRUE,TRUE,FALSE,TRUE,irHepatitis
IL2,CD8+ T cell 1,Cholangiocyte,2.588236519965e-06,6.63631543932933e-07,4.7618871965697e-07,3.75146695208741e-07,all4,2,2,2,2,1.62593403194897e-06,4.25667707432855e-07,6.63631543932933e-07,2.588236519965e-06,3.75146695208741e-07,4.7618871965697e-07,1.73466529133129,TRUE,TRUE,FALSE,TRUE,irHepatitis
FN1,CD4+ T cell,CD4+ T cell,8.91518524785231e-05,0.000224960634422812,4.47126833739756e-05,5.021279561951e-05,all4,2,2,2,2,0.000157056243450668,4.74627394967428e-05,8.91518524785231e-05,0.000224960634422812,4.47126833739756e-05,5.021279561951e-05,1.72450942134461,TRUE,TRUE,FALSE,TRUE,irHepatitis
IL2,IgM+ B cell,CD8+ T cell 2,8.11221723042918e-08,7.09758496813142e-07,1.39021256019238e-06,1.6364651440506e-06,all4,2,2,2,2,3.95440334558717e-07,1.51333885212149e-06,8.11221723042918e-08,7.09758496813142e-07,1.39021256019238e-06,1.6364651440506e-06,-1.72390915518525,TRUE,FALSE,TRUE,TRUE,AIH
IL2,Cholangiocyte,CD4+ T cell,2.23270090807591e-05,7.72691755118202e-06,4.56541906641876e-06,4.4163860506095e-06,all4,2,2,2,2,1.50269633159706e-05,4.49090255851413e-06,7.72691755118202e-06,2.23270090807591e-05,4.4163860506095e-06,4.56541906641876e-06,1.7224853076114,TRUE,TRUE,FALSE,TRUE,irHepatitis
CCL,IgM+ B cell,Hepatocyte 3,2.56287570905424e-06,5.21511597670568e-08,3.71822010817287e-06,5.31793832038105e-06,all4,2,2,2,2,1.30751343441065e-06,4.51807921427696e-06,5.21511597670568e-08,2.56287570905424e-06,3.71822010817287e-06,5.31793832038105e-06,-1.72137128406321,TRUE,FALSE,TRUE,TRUE,AIH
CSF,Sinusoidal endothelial cell,Macrophage 2,0.00015894134545662,0.000172349679696469,4.18034522660511e-05,5.8837477962605e-05,all4,2,2,2,2,0.000165645512576545,5.03204651143281e-05,0.00015894134545662,0.000172349679696469,4.18034522660511e-05,5.8837477962605e-05,1.7170894754748,TRUE,TRUE,FALSE,TRUE,irHepatitis
FN1,Stellate cell,Hepatocyte 3,8.00996763200127e-05,9.90896305058471e-05,2.21502394325419e-05,3.23761036800886e-05,all4,2,2,2,2,8.95946534129299e-05,2.72631715563153e-05,8.00996763200127e-05,9.90896305058471e-05,2.21502394325419e-05,3.23761036800886e-05,1.71315647679144,TRUE,TRUE,FALSE,TRUE,irHepatitis
IL2,Cholangiocyte,CD8+ T cell 2,3.67266650009104e-06,1.31354582616334e-05,1.79635020033501e-06,3.21522013099129e-06,all4,2,2,2,2,8.4040623808622e-06,2.50578516566315e-06,3.67266650009104e-06,1.31354582616334e-05,1.79635020033501e-06,3.21522013099129e-06,1.71032016018514,TRUE,TRUE,FALSE,TRUE,irHepatitis
CSF,CD8+ T cell 3,Macrophage 2,0.000129435754760068,9.01007159773195e-05,3.31435927566404e-05,3.38557378829489e-05,all4,2,2,2,2,0.000109768235368694,3.34996653197946e-05,9.01007159773195e-05,0.000129435754760068,3.31435927566404e-05,3.38557378829489e-05,1.70955651298064,TRUE,TRUE,FALSE,TRUE,irHepatitis
IL2,CD8+ T cell 3,IgM+ B cell,3.85844071558194e-07,2.9551426592068e-08,1.30522868643681e-06,4.591147952586e-07,all4,2,2,2,2,2.07697749075131e-07,8.82171740847705e-07,2.9551426592068e-08,3.85844071558194e-07,4.591147952586e-07,1.30522868643681e-06,-1.70768042664887,TRUE,FALSE,TRUE,TRUE,AIH
CSF,Stellate cell,Hepatocyte 4,3.3120387520748e-05,1.54058847998121e-05,5.27743500578214e-06,9.48309205435168e-06,all4,2,2,2,2,2.426313616028e-05,7.38026353006691e-06,1.54058847998121e-05,3.3120387520748e-05,5.27743500578214e-06,9.48309205435168e-06,1.70488917129715,TRUE,TRUE,FALSE,TRUE,irHepatitis
VEGF,CD8+ T cell 1,Macrophage 2,5.48316507407343e-06,6.17204572930276e-06,1.5150439492131e-06,1.9407374943983e-06,all4,2,2,2,2,5.82760540168809e-06,1.7278907218057e-06,5.48316507407343e-06,6.17204572930276e-06,1.5150439492131e-06,1.9407374943983e-06,1.70279993793235,TRUE,TRUE,FALSE,TRUE,irHepatitis
CSF,Sinusoidal endothelial cell,CD8+ T cell 2,7.6702964008467e-05,9.43459786334118e-05,2.36357549418124e-05,2.8822659342658e-05,all4,2,2,2,2,8.55244713209394e-05,2.62292071422352e-05,7.6702964008467e-05,9.43459786334118e-05,2.36357549418124e-05,2.8822659342658e-05,1.70174223021378,TRUE,TRUE,FALSE,TRUE,irHepatitis
CCL,CD4+ T cell,CD8+ T cell 3,0.000200129810109175,6.03008577414655e-05,4.10487645995355e-05,3.8966613631503e-05,all4,2,2,2,2,0.00013021533392532,4.00076891155193e-05,6.03008577414655e-05,0.000200129810109175,3.8966613631503e-05,4.10487645995355e-05,1.70030749270234,TRUE,TRUE,FALSE,TRUE,irHepatitis
VEGF,CD8+ T cell 2,Stellate cell,3.50343771713254e-05,4.55244717252478e-05,1.12857261463325e-05,1.35888415107067e-05,all4,2,2,2,2,4.02794244482866e-05,1.24372838285196e-05,3.50343771713254e-05,4.55244717252478e-05,1.12857261463325e-05,1.35888415107067e-05,1.68819687549348,TRUE,TRUE,FALSE,TRUE,irHepatitis
FN1,Vascular endothelial cell,Hepatocyte 3,3.39174831673509e-05,5.08207859513165e-05,1.49388779064284e-05,1.12616358453324e-05,all4,2,2,2,2,4.23691345593337e-05,1.31002568758804e-05,3.39174831673509e-05,5.08207859513165e-05,1.12616358453324e-05,1.49388779064284e-05,1.68660942381947,TRUE,TRUE,FALSE,TRUE,irHepatitis
FN1,Stellate cell,Stellate cell,0.000148075931233479,0.000167299724156905,4.16784081644943e-05,5.64115911885951e-05,all4,2,2,2,2,0.000157687827695192,4.90449996765447e-05,0.000148075931233479,0.000167299724156905,4.16784081644943e-05,5.64115911885951e-05,1.68307343723171,TRUE,TRUE,FALSE,TRUE,irHepatitis
VEGF,Cholangiocyte,Macrophage 2,9.74176273713635e-05,7.67466079739158e-05,2.4827621906887e-05,2.93259674206797e-05,all4,2,2,2,2,8.70821176726396e-05,2.70767946637834e-05,7.67466079739158e-05,9.74176273713635e-05,2.4827621906887e-05,2.93259674206797e-05,1.68202585319638,TRUE,TRUE,FALSE,TRUE,irHepatitis
CSF,Sinusoidal endothelial cell,Cholangiocyte,3.6273494129572e-05,2.55670370006252e-05,7.0152505318223e-06,1.21769256889852e-05,all4,2,2,2,2,3.09202655650986e-05,9.59608811040376e-06,2.55670370006252e-05,3.6273494129572e-05,7.0152505318223e-06,1.21769256889852e-05,1.67876952050875,TRUE,TRUE,FALSE,TRUE,irHepatitis
FN1,Macrophage 1,Vascular endothelial cell,2.03448992015995e-05,1.1532861032409e-05,4.7654500717959e-06,5.07273107391792e-06,all4,2,2,2,2,1.59388801170043e-05,4.91909057285691e-06,1.1532861032409e-05,2.03448992015995e-05,4.7654500717959e-06,5.07273107391792e-06,1.67807172689779,TRUE,TRUE,FALSE,TRUE,irHepatitis
FN1,Vascular endothelial cell,Cholangiocyte,0.000295553449012536,0.000424180025702095,0.000134936280921561,8.98692652397089e-05,all4,2,2,2,2,0.000359866737357315,0.000112402773080635,0.000295553449012536,0.000424180025702095,8.98692652397089e-05,0.000134936280921561,1.67799203345431,TRUE,TRUE,FALSE,TRUE,irHepatitis
CCL,CD8+ T cell 3,Cholangiocyte,0.000177171136227995,0.000107532427162166,4.65989128381938e-05,4.23932364592115e-05,all4,2,2,2,2,0.000142351781695081,4.44960746487027e-05,0.000107532427162166,0.000177171136227995,4.23932364592115e-05,4.65989128381938e-05,1.6757093897994,TRUE,TRUE,FALSE,TRUE,irHepatitis
FN1,Macrophage 2,Macrophage 1,4.66212632893897e-05,4.56911330917093e-05,1.04817323512107e-05,1.82944303804812e-05,all4,2,2,2,2,4.61561981905495e-05,1.4388081365846e-05,4.56911330917093e-05,4.66212632893897e-05,1.04817323512107e-05,1.82944303804812e-05,1.67547080364372,TRUE,TRUE,FALSE,TRUE,irHepatitis
VEGF,CD4+ T cell,Macrophage 2,7.18756190294557e-06,4.24813047579541e-06,1.72889640691207e-06,1.74847656541498e-06,all4,2,2,2,2,5.71784618937049e-06,1.73868648616353e-06,4.24813047579541e-06,7.18756190294557e-06,1.72889640691207e-06,1.74847656541498e-06,1.66724652954061,TRUE,TRUE,FALSE,TRUE,irHepatitis
CSF,CD8+ T cell 3,CD8+ T cell 1,0.000120707911787168,6.66032866489723e-05,3.36711131362106e-05,2.53773854860607e-05,all4,2,2,2,2,9.36555992180703e-05,2.95242493111356e-05,6.66032866489723e-05,0.000120707911787168,2.53773854860607e-05,3.36711131362106e-05,1.66246259743711,TRUE,TRUE,FALSE,TRUE,irHepatitis
VEGF,Macrophage 1,CD8+ T cell 1,1.92077985186545e-05,2.99528091382143e-05,9.53705563972686e-06,5.87087463251075e-06,all4,2,2,2,2,2.45803038284344e-05,7.70396513611881e-06,1.92077985186545e-05,2.99528091382143e-05,5.87087463251075e-06,9.53705563972686e-06,1.66235805688362,TRUE,TRUE,FALSE,TRUE,irHepatitis
CSF,Hepatocyte 2,Hepatocyte 3,2.90482685844177e-06,1.77406199640288e-06,9.60139651566e-06,5.57557547217852e-06,all4,2,2,2,2,2.33944442742233e-06,7.58848599391926e-06,1.77406199640288e-06,2.90482685844177e-06,5.57557547217852e-06,9.60139651566e-06,-1.66023377668901,TRUE,FALSE,TRUE,TRUE,AIH
FN1,IgG+ B cell,Macrophage 1,2.5926844428514e-05,1.93175723046049e-05,9.09994756300259e-06,5.12304514842083e-06,all4,2,2,2,2,2.26222083665594e-05,7.11149635571171e-06,1.93175723046049e-05,2.5926844428514e-05,5.12304514842083e-06,9.09994756300259e-06,1.65711229671508,TRUE,TRUE,FALSE,TRUE,irHepatitis
VEGF,Hepatocyte 1,IgM+ B cell,2.24774425629931e-05,5.30088820648265e-05,1.03435749964983e-05,1.34792711569282e-05,all4,2,2,2,2,3.77431623139098e-05,1.19114230767133e-05,2.24774425629931e-05,5.30088820648265e-05,1.03435749964983e-05,1.34792711569282e-05,1.65645363592609,TRUE,TRUE,FALSE,TRUE,irHepatitis
VEGF,Cholangiocyte,Macrophage 1,0.00010211050116872,5.60056799512688e-05,3.10486661551915e-05,1.9002631348302e-05,all4,2,2,2,2,7.90580905599946e-05,2.50256487517467e-05,5.60056799512688e-05,0.00010211050116872,1.9002631348302e-05,3.10486661551915e-05,1.6559717076031,TRUE,TRUE,FALSE,TRUE,irHepatitis
FN1,Vascular endothelial cell,CD8+ T cell 1,7.91635846364572e-05,0.000106780857706745,3.28452719209853e-05,2.61680498158765e-05,all4,2,2,2,2,9.29722211716009e-05,2.95066608684309e-05,7.91635846364572e-05,0.000106780857706745,2.61680498158765e-05,3.28452719209853e-05,1.65276434172538,TRUE,TRUE,FALSE,TRUE,irHepatitis
FN1,Vascular endothelial cell,Sinusoidal endothelial cell,1.38969563416382e-05,3.4165772732066e-05,7.70729802021962e-06,7.47212824310659e-06,all4,2,2,2,2,2.40313645368521e-05,7.5897131316631e-06,1.38969563416382e-05,3.4165772732066e-05,7.47212824310659e-06,7.70729802021962e-06,1.65119928681357,TRUE,TRUE,FALSE,TRUE,irHepatitis
FN1,Stellate cell,CD8+ T cell 2,0.000121044830813695,0.000150488071715356,3.414215763636e-05,5.21900571492001e-05,all4,2,2,2,2,0.000135766451264525,4.31661073927801e-05,0.000121044830813695,0.000150488071715356,3.414215763636e-05,5.21900571492001e-05,1.65110947297951,TRUE,TRUE,FALSE,TRUE,irHepatitis
FN1,Macrophage 2,Stellate cell,3.20054004786648e-05,4.03604580868472e-05,9.32752393881278e-06,1.35949507587965e-05,all4,2,2,2,2,3.6182929282756e-05,1.14612373488046e-05,3.20054004786648e-05,4.03604580868472e-05,9.32752393881278e-06,1.35949507587965e-05,1.6508538961117,TRUE,TRUE,FALSE,TRUE,irHepatitis
VEGF,IgG+ B cell,Stellate cell,1.0871417479098e-05,1.68670942177678e-05,4.96574545729711e-06,3.79295025995424e-06,all4,2,2,2,2,1.38692558484329e-05,4.37934785862567e-06,1.0871417479098e-05,1.68670942177678e-05,3.79295025995424e-06,4.96574545729711e-06,1.64310651475465,TRUE,TRUE,FALSE,TRUE,irHepatitis
FN1,CD8+ T cell 1,Vascular endothelial cell,2.38788190709733e-05,2.51539983155068e-05,7.78290091196501e-06,7.79832150439187e-06,all4,2,2,2,2,2.451640869324e-05,7.79061120817844e-06,2.38788190709733e-05,2.51539983155068e-05,7.78290091196501e-06,7.79832150439187e-06,1.64266642959712,TRUE,TRUE,FALSE,TRUE,irHepatitis
CSF,CD8+ T cell 3,Macrophage 1,0.000245476523548,0.000262863998867687,9.67616852434835e-05,6.64072976270355e-05,all4,2,2,2,2,0.000254170261207844,8.15844914352595e-05,0.000245476523548,0.000262863998867687,6.64072976270355e-05,9.67616852434835e-05,1.63834965886628,TRUE,TRUE,FALSE,TRUE,irHepatitis
CCL,Cholangiocyte,CD8+ T cell 3,0.000270254839735098,7.92622596992583e-05,5.52041850722036e-05,5.70190616748722e-05,all4,2,2,2,2,0.000174758549717178,5.61116233735379e-05,7.92622596992583e-05,0.000270254839735098,5.52041850722036e-05,5.70190616748722e-05,1.63742376628553,TRUE,TRUE,FALSE,TRUE,irHepatitis
CCL,IgG+ plasmablast / plasma cell,IgG+ plasmablast / plasma cell,0.000295792395800887,0.000260919914061614,9.10837642838074e-05,8.77792707040296e-05,all4,2,2,2,2,0.000278356154931251,8.94315174939185e-05,0.000260919914061614,0.000295792395800887,8.77792707040296e-05,9.10837642838074e-05,1.63709300605811,TRUE,TRUE,FALSE,TRUE,irHepatitis
CSF,CD8+ T cell 1,IgM+ B cell,6.51396545509476e-05,4.07862082013211e-05,1.93238738261683e-05,1.46758203936521e-05,all4,2,2,2,2,5.29629313761344e-05,1.69998471099102e-05,4.07862082013211e-05,6.51396545509476e-05,1.46758203936521e-05,1.93238738261683e-05,1.63429838086601,TRUE,TRUE,FALSE,TRUE,irHepatitis
CCL,IgG+ B cell,IgG+ B cell,1.7883975259794e-05,0,2.61873357282708e-05,2.96804245318773e-05,all4,2,2,2,2,8.94198762989699e-06,2.79338801300741e-05,0,1.7883975259794e-05,2.61873357282708e-05,2.96804245318773e-05,-1.63355152863415,TRUE,FALSE,TRUE,TRUE,AIH
CSF,Macrophage 2,Cholangiocyte,1.59998559712973e-05,1.11996734579338e-05,5.93172143637064e-06,2.73824272089699e-06,all4,2,2,2,2,1.35997647146156e-05,4.33498207863382e-06,1.11996734579338e-05,1.59998559712973e-05,2.73824272089699e-06,5.93172143637064e-06,1.62937496913177,TRUE,TRUE,FALSE,TRUE,irHepatitis
IL2,Hepatocyte 1,Macrophage 1,1.28124247765897e-06,5.52796949172527e-07,4.39709279042961e-06,1.63585996914751e-06,all4,2,2,2,2,9.17019713415749e-07,3.01647637978856e-06,5.52796949172527e-07,1.28124247765897e-06,1.63585996914751e-06,4.39709279042961e-06,-1.62527858954906,TRUE,FALSE,TRUE,TRUE,AIH
FN1,IgM+ B cell,Macrophage 2,5.62867181135559e-05,4.30570296004393e-05,1.82935323459567e-05,1.37998258085e-05,all4,2,2,2,2,4.96718738569976e-05,1.60466790772284e-05,4.30570296004393e-05,5.62867181135559e-05,1.37998258085e-05,1.82935323459567e-05,1.62470281479218,TRUE,TRUE,FALSE,TRUE,irHepatitis
FN1,Stellate cell,IgG+ plasmablast / plasma cell,0.000200715095500067,0.000504805311251196,0.00012057165520624,0.00010830677451804,all4,2,2,2,2,0.000352760203375631,0.00011443921486214,0.000200715095500067,0.000504805311251196,0.00010830677451804,0.00012057165520624,1.62334098754239,TRUE,TRUE,FALSE,TRUE,irHepatitis
FN1,Macrophage 2,Macrophage 2,5.58502973341902e-05,5.71047822542232e-05,1.51599837255179e-05,2.1382529235491e-05,all4,2,2,2,2,5.64775397942067e-05,1.82712564805045e-05,5.58502973341902e-05,5.71047822542232e-05,1.51599837255179e-05,2.1382529235491e-05,1.62331465117806,TRUE,TRUE,FALSE,TRUE,irHepatitis
CCL,CD8+ T cell 3,CD8+ T cell 3,0.00148564653538857,0.00237244547238065,0.000685132393095455,0.000567549555397962,all4,2,2,2,2,0.00192904600388461,0.000626340974246709,0.00148564653538857,0.00237244547238065,0.000567549555397962,0.000685132393095455,1.62272754926333,TRUE,TRUE,FALSE,TRUE,irHepatitis
IL2,CD8+ T cell 2,Macrophage 2,0,0,7.82574542335037e-08,2.94752401547286e-07,all4,2,2,2,2,0,1.86504927890395e-07,0,0,7.82574542335037e-08,2.94752401547286e-07,-1.62032995654426,TRUE,FALSE,TRUE,TRUE,AIH
IL2,Hepatocyte 1,CD8+ T cell 3,1.2933987804858e-05,3.29572850214588e-05,1.03595332410237e-05,4.45607114221144e-06,all4,2,2,2,2,2.29456364131584e-05,7.40780219161757e-06,1.2933987804858e-05,3.29572850214588e-05,4.45607114221144e-06,1.03595332410237e-05,1.61934004180435,TRUE,TRUE,FALSE,TRUE,irHepatitis
CSF,IgM+ B cell,Cholangiocyte,2.03151693471176e-05,1.81255552452282e-05,5.77933165013846e-06,6.62720563016609e-06,all4,2,2,2,2,1.92203622961729e-05,6.20326864015227e-06,1.81255552452282e-05,2.03151693471176e-05,5.77933165013846e-06,6.62720563016609e-06,1.61750839052716,TRUE,TRUE,FALSE,TRUE,irHepatitis
CSF,IgM+ B cell,CD4+ T cell,8.92293879707625e-05,5.76530255405134e-05,1.86163871708118e-05,2.92699189105043e-05,all4,2,2,2,2,7.34412067556379e-05,2.39431530406581e-05,5.76530255405134e-05,8.92293879707625e-05,1.86163871708118e-05,2.92699189105043e-05,1.61333454161434,TRUE,TRUE,FALSE,TRUE,irHepatitis
VEGF,CD8+ T cell 3,Vascular endothelial cell,0.0001236789639264,7.52787079076953e-05,2.81567623980253e-05,3.69040363267638e-05,all4,2,2,2,2,9.94788359170477e-05,3.25303993623946e-05,7.52787079076953e-05,0.0001236789639264,2.81567623980253e-05,3.69040363267638e-05,1.60992262664637,TRUE,TRUE,FALSE,TRUE,irHepatitis
IL2,CD4+ T cell,CD8+ T cell 1,7.47001415512588e-06,8.79046519198724e-06,2.35492307312608e-06,2.86646759054198e-06,all4,2,2,2,2,8.13023967355656e-06,2.61069533183403e-06,7.47001415512588e-06,8.79046519198724e-06,2.35492307312608e-06,2.86646759054198e-06,1.60588343148855,TRUE,TRUE,FALSE,TRUE,irHepatitis
CSF,Macrophage 2,CD4+ T cell,1.99495131673898e-05,1.46232718282152e-05,5.66414187276279e-06,5.58564375793487e-06,all4,2,2,2,2,1.72863924978025e-05,5.62489281534883e-06,1.46232718282152e-05,1.99495131673898e-05,5.58564375793487e-06,5.66414187276279e-06,1.60434624822726,TRUE,TRUE,FALSE,TRUE,irHepatitis
VEGF,Macrophage 1,CD4+ T cell,1.0096795515636e-05,7.35206457593308e-06,2.91751451519436e-06,2.71020397506753e-06,all4,2,2,2,2,8.72443004578455e-06,2.81385924513094e-06,7.35206457593308e-06,1.0096795515636e-05,2.71020397506753e-06,2.91751451519436e-06,1.60192721866362,TRUE,TRUE,FALSE,TRUE,irHepatitis
CSF,CD8+ T cell 3,CD8+ T cell 3,0.000266752742327381,0.000475680890382211,0.000147390963620502,9.77014738522611e-05,all4,2,2,2,2,0.000371216816354796,0.000122546218736382,0.000266752742327381,0.000475680890382211,9.77014738522611e-05,0.000147390963620502,1.59822742406668,TRUE,TRUE,FALSE,TRUE,irHepatitis
FN1,CD8+ T cell 1,IgM+ B cell,5.17415641508743e-05,4.59315546980444e-05,1.5142914977985e-05,1.71814935344988e-05,all4,2,2,2,2,4.88365594244594e-05,1.61622042562419e-05,4.59315546980444e-05,5.17415641508743e-05,1.5142914977985e-05,1.71814935344988e-05,1.58998803057713,TRUE,TRUE,FALSE,TRUE,irHepatitis
IL2,Hepatocyte 3,Macrophage 1,8.22171064753135e-08,2.32760168982608e-08,5.57393948576856e-07,1.17921164739699e-07,all4,2,2,2,2,5.27465616867872e-08,3.37657556658277e-07,2.32760168982608e-08,8.22171064753135e-08,1.17921164739699e-07,5.57393948576856e-07,-1.58363610348449,TRUE,FALSE,TRUE,TRUE,AIH
CSF,Stellate cell,Hepatocyte 2,2.34414436797376e-05,1.58011685903824e-05,4.34206137502105e-06,8.63415575388229e-06,all4,2,2,2,2,1.962130613506e-05,6.48810856445167e-06,1.58011685903824e-05,2.34414436797376e-05,4.34206137502105e-06,8.63415575388229e-06,1.58329245181002,TRUE,TRUE,FALSE,TRUE,irHepatitis
CSF,CD4+ T cell,CD8+ T cell 1,6.23288775941686e-05,2.52837503163796e-05,1.55102666660355e-05,1.37466791507212e-05,all4,2,2,2,2,4.38063139552741e-05,1.46284729083784e-05,2.52837503163796e-05,6.23288775941686e-05,1.37466791507212e-05,1.55102666660355e-05,1.57647795692664,TRUE,TRUE,FALSE,TRUE,irHepatitis
IL2,CD8+ T cell 1,Vascular endothelial cell,0,0,2.83395574175541e-07,7.30272998007853e-08,all4,2,2,2,2,0,1.78211436988163e-07,0,0,7.30272998007853e-08,2.83395574175541e-07,-1.57638028201215,TRUE,FALSE,TRUE,TRUE,AIH
CSF,CD4+ T cell,CD4+ T cell,0.000145374021549986,8.32404734616712e-05,3.83167881085387e-05,3.82593466091065e-05,all4,2,2,2,2,0.000114307247505829,3.82880673588226e-05,8.32404734616712e-05,0.000145374021549986,3.82593466091065e-05,3.83167881085387e-05,1.57570073156836,TRUE,TRUE,FALSE,TRUE,irHepatitis
CCL,Hepatocyte 4,Hepatocyte 4,0.000581925905162886,0.000313876965085184,0.000235307967528803,6.55360069024754e-05,all4,2,2,2,2,0.000447901435124035,0.000150421987215639,0.000313876965085184,0.000581925905162886,6.55360069024754e-05,0.000235307967528803,1.57359335952419,TRUE,TRUE,FALSE,TRUE,irHepatitis
FN1,CD8+ T cell 1,CD8+ T cell 1,6.54202107286305e-05,0.000114078545367655,2.4420432292323e-05,3.59970686284701e-05,all4,2,2,2,2,8.97493780481429e-05,3.02087504603966e-05,6.54202107286305e-05,0.000114078545367655,2.4420432292323e-05,3.59970686284701e-05,1.56809262262103,TRUE,TRUE,FALSE,TRUE,irHepatitis
IL2,Macrophage 1,IgM+ B cell,2.59964606205633e-06,7.97465253345994e-06,1.70541210435784e-06,1.74504562814067e-06,all4,2,2,2,2,5.28714929775813e-06,1.72522886624925e-06,2.59964606205633e-06,7.97465253345994e-06,1.70541210435784e-06,1.74504562814067e-06,1.56673978661222,TRUE,TRUE,FALSE,TRUE,irHepatitis
CCL,Vascular endothelial cell,CD8+ T cell 1,0.000182995492631925,9.48135597712415e-05,5.18529315346732e-05,4.18733080429178e-05,all4,2,2,2,2,0.000138904526201583,4.68631197887955e-05,9.48135597712415e-05,0.000182995492631925,4.18733080429178e-05,5.18529315346732e-05,1.56573706427791,TRUE,TRUE,FALSE,TRUE,irHepatitis
FN1,Macrophage 1,Macrophage 1,8.24578835959667e-05,0.000142804664165971,2.91546027885663e-05,4.69440187408884e-05,all4,2,2,2,2,0.000112631273880969,3.80493107647274e-05,8.24578835959667e-05,0.000142804664165971,2.91546027885663e-05,4.69440187408884e-05,1.5634115069736,TRUE,TRUE,FALSE,TRUE,irHepatitis
FN1,Macrophage 1,IgM+ B cell,3.13261042274924e-05,3.38609684222751e-05,1.01331255786169e-05,1.18771797522683e-05,all4,2,2,2,2,3.25935363248837e-05,1.10051526654426e-05,3.13261042274924e-05,3.38609684222751e-05,1.01331255786169e-05,1.18771797522683e-05,1.5586426814507,TRUE,TRUE,FALSE,TRUE,irHepatitis
VEGF,Hepatocyte 1,Stellate cell,0.000104111935714048,9.96692251058272e-05,3.56899392585449e-05,3.34645718517442e-05,all4,2,2,2,2,0.000101890580409938,3.45772555551446e-05,9.96692251058272e-05,0.000104111935714048,3.34645718517442e-05,3.56899392585449e-05,1.55665151303825,TRUE,TRUE,FALSE,TRUE,irHepatitis
FN1,Macrophage 2,CD8+ T cell 1,4.08988623315805e-05,5.04082151441857e-05,1.31052968111892e-05,1.78330921087337e-05,all4,2,2,2,2,4.56535387378831e-05,1.54691944599615e-05,4.08988623315805e-05,5.04082151441857e-05,1.31052968111892e-05,1.78330921087337e-05,1.55580638471244,TRUE,TRUE,FALSE,TRUE,irHepatitis
VEGF,IgM+ B cell,CD8+ T cell 1,1.05081084221111e-05,5.29278429168832e-06,3.1604934354593e-06,2.09586824032817e-06,all4,2,2,2,2,7.90044635689971e-06,2.62818083789373e-06,5.29278429168832e-06,1.05081084221111e-05,2.09586824032817e-06,3.1604934354593e-06,1.55566772493973,TRUE,TRUE,FALSE,TRUE,irHepatitis
IL2,CD8+ T cell 2,CD8+ T cell 1,7.92303997561533e-06,1.21451482165144e-05,3.3782565107207e-06,3.33613126545318e-06,all4,2,2,2,2,1.00340940960649e-05,3.35719388808694e-06,7.92303997561533e-06,1.21451482165144e-05,3.33613126545318e-06,3.3782565107207e-06,1.55432453368559,TRUE,TRUE,FALSE,TRUE,irHepatitis
VEGF,Stellate cell,Hepatocyte 2,9.21244405356126e-06,9.85176069995034e-06,3.85279220443377e-06,2.52038133995536e-06,all4,2,2,2,2,9.5321023767558e-06,3.18658677219457e-06,9.21244405356126e-06,9.85176069995034e-06,2.52038133995536e-06,3.85279220443377e-06,1.55418582975815,TRUE,TRUE,FALSE,TRUE,irHepatitis
IL2,Macrophage 2,IgM+ B cell,6.91148793016372e-06,2.45387163345202e-06,9.98761095322744e-07,2.08238789246599e-06,all4,2,2,2,2,4.68267978180787e-06,1.54057449389437e-06,2.45387163345202e-06,6.91148793016372e-06,9.98761095322744e-07,2.08238789246599e-06,1.54947419490365,TRUE,TRUE,FALSE,TRUE,irHepatitis
CSF,Stellate cell,CD8+ T cell 3,8.94533344559316e-05,0.000139283987741126,4.10419275569546e-05,3.70276319889973e-05,all4,2,2,2,2,0.000114368661098529,3.90347797729759e-05,8.94533344559316e-05,0.000139283987741126,3.70276319889973e-05,4.10419275569546e-05,1.54867439110174,TRUE,TRUE,FALSE,TRUE,irHepatitis
FN1,Sinusoidal endothelial cell,Sinusoidal endothelial cell,0.000111385163587693,0.00021679115378067,3.40881651046709e-05,7.80162991601558e-05,all4,2,2,2,2,0.000164088158684181,5.60522321324134e-05,0.000111385163587693,0.00021679115378067,3.40881651046709e-05,7.80162991601558e-05,1.54810547923256,TRUE,TRUE,FALSE,TRUE,irHepatitis
CSF,Stellate cell,Vascular endothelial cell,6.09279706681847e-05,4.46541212378277e-05,1.80452906136802e-05,1.81103095827318e-05,all4,2,2,2,2,5.27910459530062e-05,1.8077800098206e-05,4.46541212378277e-05,6.09279706681847e-05,1.80452906136802e-05,1.81103095827318e-05,1.54137189774127,TRUE,TRUE,FALSE,TRUE,irHepatitis
CSF,Vascular endothelial cell,Macrophage 2,0.000194368857523005,0.000238843158059195,6.8807813647566e-05,8.08450701642107e-05,all4,2,2,2,2,0.0002166060077911,7.48264419058883e-05,0.000194368857523005,0.000238843158059195,6.8807813647566e-05,8.08450701642107e-05,1.53231947779799,TRUE,TRUE,FALSE,TRUE,irHepatitis
CSF,Sinusoidal endothelial cell,Hepatocyte 4,6.1282689753475e-05,3.37258059952276e-05,1.60888620970534e-05,1.67806272340946e-05,all4,2,2,2,2,4.75042478743513e-05,1.6434744665574e-05,3.37258059952276e-05,6.1282689753475e-05,1.60888620970534e-05,1.67806272340946e-05,1.52616462512773,TRUE,TRUE,FALSE,TRUE,irHepatitis
CSF,Cholangiocyte,Vascular endothelial cell,9.19690580618652e-05,3.97376651947466e-05,3.00645360869298e-05,1.55686118483007e-05,all4,2,2,2,2,6.58533616283059e-05,2.28165739676153e-05,3.97376651947466e-05,9.19690580618652e-05,1.55686118483007e-05,3.00645360869298e-05,1.52546961772795,TRUE,TRUE,FALSE,TRUE,irHepatitis
FN1,Vascular endothelial cell,Stellate cell,7.5170131664965e-05,0.0001306653522863,3.22225395403458e-05,3.92325334341537e-05,all4,2,2,2,2,0.000102917741975632,3.57275364872498e-05,7.5170131664965e-05,0.0001306653522863,3.22225395403458e-05,3.92325334341537e-05,1.52401723612546,TRUE,TRUE,FALSE,TRUE,irHepatitis
FN1,Macrophage 1,Stellate cell,3.21904695623334e-05,3.87006970568927e-05,8.42327923607404e-06,1.61968312083974e-05,all4,2,2,2,2,3.5445583309613e-05,1.23100552222357e-05,3.21904695623334e-05,3.87006970568927e-05,8.42327923607404e-06,1.61968312083974e-05,1.51892498805388,TRUE,TRUE,FALSE,TRUE,irHepatitis
CSF,Hepatocyte 1,Hepatocyte 3,5.69897080592331e-06,2.03531949828851e-06,1.39584697217714e-05,8.49510869422156e-06,all4,2,2,2,2,3.86714515210591e-06,1.12267892079965e-05,2.03531949828851e-06,5.69897080592331e-06,8.49510869422156e-06,1.39584697217714e-05,-1.51595519319026,TRUE,FALSE,TRUE,TRUE,AIH
CCL,Hepatocyte 1,Cholangiocyte,0.000123261024556688,6.08332273642599e-05,3.74036739082108e-05,2.69485749541412e-05,all4,2,2,2,2,9.20471259604739e-05,3.2176124431176e-05,6.08332273642599e-05,0.000123261024556688,2.69485749541412e-05,3.74036739082108e-05,1.51376503768237,TRUE,TRUE,FALSE,TRUE,irHepatitis
CCL,IgG+ B cell,Macrophage 1,4.5177747985446e-05,8.18318070760228e-05,2.94011286117334e-05,1.50953109237154e-05,all4,2,2,2,2,6.35047775307344e-05,2.22482197677244e-05,4.5177747985446e-05,8.18318070760228e-05,1.50953109237154e-05,2.94011286117334e-05,1.5093980354409,TRUE,TRUE,FALSE,TRUE,irHepatitis
FN1,CD4+ T cell,CD8+ T cell 2,4.22399761188007e-05,3.42030386818656e-05,1.10015295181977e-05,1.58339088557038e-05,all4,2,2,2,2,3.82215074003332e-05,1.34177191869508e-05,3.42030386818656e-05,4.22399761188007e-05,1.10015295181977e-05,1.58339088557038e-05,1.50400022792121,TRUE,TRUE,FALSE,TRUE,irHepatitis
IL2,Stellate cell,CD8+ T cell 2,8.03126130145622e-06,1.12619444986741e-05,2.30422706679354e-06,4.39361554200508e-06,all4,2,2,2,2,9.64660290006517e-06,3.34892130439931e-06,8.03126130145622e-06,1.12619444986741e-05,2.30422706679354e-06,4.39361554200508e-06,1.5014880246116,TRUE,TRUE,FALSE,TRUE,irHepatitis
VEGF,Hepatocyte 3,Hepatocyte 1,1.39064924650785e-05,1.02653517643279e-05,4.30234426818837e-06,4.1380644560136e-06,all4,2,2,2,2,1.20859221147032e-05,4.22020436210098e-06,1.02653517643279e-05,1.39064924650785e-05,4.1380644560136e-06,4.30234426818837e-06,1.49822327400052,TRUE,TRUE,FALSE,TRUE,irHepatitis
FN1,CD8+ T cell 3,Cholangiocyte,0.000195113072485204,8.94188776258262e-05,4.85074179061102e-05,5.2280731003795e-05,all4,2,2,2,2,0.000142265975055515,5.03940744549526e-05,8.94188776258262e-05,0.000195113072485204,4.85074179061102e-05,5.2280731003795e-05,1.49560453276777,TRUE,TRUE,FALSE,TRUE,irHepatitis
IL2,IgG+ B cell,IgG+ plasmablast / plasma cell,7.53029403413077e-08,0,2.38716952722038e-07,2.99470193075018e-07,all4,2,2,2,2,3.76514701706539e-08,2.69093572898528e-07,0,7.53029403413077e-08,2.38716952722038e-07,2.99470193075018e-07,-1.49283784005206,TRUE,FALSE,TRUE,TRUE,AIH
FN1,Cholangiocyte,CD8+ T cell 2,0.000140998389459312,0.000141164435608835,2.48987850431172e-05,7.52805268451041e-05,all4,2,2,2,2,0.000141081412534073,5.00896559441107e-05,0.000140998389459312,0.000141164435608835,2.48987850431172e-05,7.52805268451041e-05,1.49227523556777,TRUE,TRUE,FALSE,TRUE,irHepatitis
CSF,Sinusoidal endothelial cell,Hepatocyte 2,4.64703560025278e-05,3.28665302376146e-05,1.39069766791038e-05,1.4223670532604e-05,all4,2,2,2,2,3.96684431200712e-05,1.40653236058539e-05,3.28665302376146e-05,4.64703560025278e-05,1.39069766791038e-05,1.4223670532604e-05,1.48992273049738,TRUE,TRUE,FALSE,TRUE,irHepatitis
CSF,CD4+ T cell,IgM+ B cell,0.000153035047526632,4.52521457811555e-05,3.28244866782595e-05,3.76997386247748e-05,all4,2,2,2,2,9.91435966538939e-05,3.52621126515171e-05,4.52521457811555e-05,0.000153035047526632,3.28244866782595e-05,3.76997386247748e-05,1.48903469120539,TRUE,TRUE,FALSE,TRUE,irHepatitis
CSF,Sinusoidal endothelial cell,Vascular endothelial cell,2.67269869453113e-05,8.18025268748426e-06,4.63949162204245e-06,7.72938979423261e-06,all4,2,2,2,2,1.74536198163978e-05,6.18444070813753e-06,8.18025268748426e-06,2.67269869453113e-05,4.63949162204245e-06,7.72938979423261e-06,1.48340162891837,TRUE,TRUE,FALSE,TRUE,irHepatitis
IL2,Sinusoidal endothelial cell,Hepatocyte 2,0,0,1.35548063907769e-07,1.87384334199875e-07,all4,2,2,2,2,0,1.61466199053822e-07,0,0,1.35548063907769e-07,1.87384334199875e-07,-1.48334018281516,TRUE,FALSE,TRUE,TRUE,AIH
CCL,Macrophage 2,CD8+ T cell 3,0.000100823592741444,7.64518286988305e-05,3.21176265402459e-05,3.12788953647713e-05,all4,2,2,2,2,8.86377107201372e-05,3.16982609525086e-05,7.64518286988305e-05,0.000100823592741444,3.12788953647713e-05,3.21176265402459e-05,1.48089340306032,TRUE,TRUE,FALSE,TRUE,irHepatitis
CSF,Macrophage 2,Hepatocyte 4,4.20434641508238e-07,1.35402211699279e-07,8.05927882898172e-07,1.06528863967799e-06,all4,2,2,2,2,2.77918426603758e-07,9.3560826128808e-07,1.35402211699279e-07,4.20434641508238e-07,8.05927882898172e-07,1.06528863967799e-06,-1.47925943009296,TRUE,FALSE,TRUE,TRUE,AIH
CSF,Macrophage 1,Macrophage 2,4.41542843806135e-05,3.50487094337832e-05,1.3158735117945e-05,1.51543381373373e-05,all4,2,2,2,2,3.96014969071983e-05,1.41565366276411e-05,3.50487094337832e-05,4.41542843806135e-05,1.3158735117945e-05,1.51543381373373e-05,1.47822486376155,TRUE,TRUE,FALSE,TRUE,irHepatitis
FN1,IgM+ B cell,Stellate cell,2.84128029084804e-05,4.79376448720505e-05,1.45798312886288e-05,1.27977617089121e-05,all4,2,2,2,2,3.81752238902655e-05,1.36887964987705e-05,2.84128029084804e-05,4.79376448720505e-05,1.27977617089121e-05,1.45798312886288e-05,1.47359028543183,TRUE,TRUE,FALSE,TRUE,irHepatitis
CCL,IgG+ B cell,CD8+ T cell 1,4.52631026964568e-05,6.23892401530513e-05,2.69650687894768e-05,1.17908880667645e-05,all4,2,2,2,2,5.38261714247541e-05,1.93779784281207e-05,4.52631026964568e-05,6.23892401530513e-05,1.17908880667645e-05,2.69650687894768e-05,1.46961944445033,TRUE,TRUE,FALSE,TRUE,irHepatitis
IL2,CD8+ T cell 1,CD8+ T cell 1,1.29387394945519e-05,1.34271463418415e-05,4.52028825771263e-06,4.90165808885423e-06,all4,2,2,2,2,1.31829429181967e-05,4.71097317328343e-06,1.29387394945519e-05,1.34271463418415e-05,4.52028825771263e-06,4.90165808885423e-06,1.46710761695101,TRUE,TRUE,FALSE,TRUE,irHepatitis
CSF,Hepatocyte 2,Hepatocyte 2,6.20703549451585e-06,3.44846626711426e-06,1.88916090516053e-05,8.09579627865655e-06,all4,2,2,2,2,4.82775088081506e-06,1.34937026651309e-05,3.44846626711426e-06,6.20703549451585e-06,8.09579627865655e-06,1.88916090516053e-05,-1.46582389860136,TRUE,FALSE,TRUE,TRUE,AIH
CSF,CD8+ T cell 3,CD8+ T cell 2,4.94063100420503e-05,4.30814270016594e-05,2.13087508988933e-05,1.20643590242478e-05,all4,2,2,2,2,4.62438685218549e-05,1.66865549615706e-05,4.30814270016594e-05,4.94063100420503e-05,1.20643590242478e-05,2.13087508988933e-05,1.46562583024069,TRUE,TRUE,FALSE,TRUE,irHepatitis
CCL,IgG+ B cell,Hepatocyte 3,2.61602669747719e-06,9.90993487046146e-08,5.03423731896251e-06,2.77497469287018e-06,all4,2,2,2,2,1.3575630230909e-06,3.90460600591635e-06,9.90993487046146e-08,2.61602669747719e-06,2.77497469287018e-06,5.03423731896251e-06,-1.46448706206565,TRUE,FALSE,TRUE,TRUE,AIH
IL2,Vascular endothelial cell,CD8+ T cell 1,1.06386271398248e-05,6.66580197980811e-06,3.02436990894717e-06,3.13219727157383e-06,all4,2,2,2,2,8.65221455981646e-06,3.0782835902605e-06,6.66580197980811e-06,1.06386271398248e-05,3.02436990894717e-06,3.13219727157383e-06,1.46432472604231,TRUE,TRUE,FALSE,TRUE,irHepatitis
VEGF,Stellate cell,Hepatocyte 1,8.66188528126297e-06,7.05525908292197e-06,2.75794567962419e-06,2.82453255807303e-06,all4,2,2,2,2,7.85857218209247e-06,2.79123911884861e-06,7.05525908292197e-06,8.66188528126297e-06,2.75794567962419e-06,2.82453255807303e-06,1.46403647520741,TRUE,TRUE,FALSE,TRUE,irHepatitis
VEGF,Hepatocyte 3,Hepatocyte 2,1.44105473101787e-05,1.68682373266201e-05,6.93481771634052e-06,4.30579118794991e-06,all4,2,2,2,2,1.56393923183994e-05,5.62030445214522e-06,1.44105473101787e-05,1.68682373266201e-05,4.30579118794991e-06,6.93481771634052e-06,1.46183855946345,TRUE,TRUE,FALSE,TRUE,irHepatitis
IL2,Sinusoidal endothelial cell,Vascular endothelial cell,0,0,2.31559479494654e-07,8.37255521538578e-08,all4,2,2,2,2,0,1.57642515824256e-07,0,0,8.37255521538578e-08,2.31559479494654e-07,-1.46122634353961,TRUE,FALSE,TRUE,TRUE,AIH
VEGF,Vascular endothelial cell,Macrophage 2,1.867053297944e-05,1.04194285774342e-05,4.90475643500268e-06,5.56311054190289e-06,all4,2,2,2,2,1.45449807784371e-05,5.23393348845278e-06,1.04194285774342e-05,1.867053297944e-05,4.90475643500268e-06,5.56311054190289e-06,1.4588726775004,TRUE,TRUE,FALSE,TRUE,irHepatitis
VEGF,Hepatocyte 4,CD8+ T cell 2,6.88582237595464e-05,0.00014527216191772,5.54152191583799e-05,2.24272818820706e-05,all4,2,2,2,2,0.000107065192838633,3.89212505202253e-05,6.88582237595464e-05,0.00014527216191772,2.24272818820706e-05,5.54152191583799e-05,1.45774183637821,TRUE,TRUE,FALSE,TRUE,irHepatitis
CSF,IgG+ plasmablast / plasma cell,Macrophage 1,5.87424822510917e-05,4.49087416737716e-05,2.32933894683829e-05,1.43287562339177e-05,all4,2,2,2,2,5.18256119624317e-05,1.88110728511503e-05,4.49087416737716e-05,5.87424822510917e-05,1.43287562339177e-05,2.32933894683829e-05,1.45770490552933,TRUE,TRUE,FALSE,TRUE,irHepatitis
VEGF,Hepatocyte 2,Vascular endothelial cell,9.75556554639044e-05,0.000123285800277132,3.49664444966634e-05,4.53877855588875e-05,all4,2,2,2,2,0.000110420727870518,4.01771150277755e-05,9.75556554639044e-05,0.000123285800277132,3.49664444966634e-05,4.53877855588875e-05,1.45651455899827,TRUE,TRUE,FALSE,TRUE,irHepatitis
CCL,Hepatocyte 2,Cholangiocyte,7.3650713294879e-05,4.38574882763786e-05,2.549089981333e-05,1.72179843409373e-05,all4,2,2,2,2,5.87541007856288e-05,2.13544420771336e-05,4.38574882763786e-05,7.3650713294879e-05,1.72179843409373e-05,2.549089981333e-05,1.45629804589729,TRUE,TRUE,FALSE,TRUE,irHepatitis
CCL,Sinusoidal endothelial cell,CD8+ T cell 2,0.000246392221526995,0.000172738896437109,7.92873156555467e-05,7.34769393707904e-05,all4,2,2,2,2,0.000209565558982052,7.63821275131685e-05,0.000172738896437109,0.000246392221526995,7.34769393707904e-05,7.92873156555467e-05,1.45501629850662,TRUE,TRUE,FALSE,TRUE,irHepatitis
VEGF,Macrophage 2,CD4+ T cell,8.52461000549249e-06,1.44103249743949e-05,3.8634062813508e-06,4.41071045692397e-06,all4,2,2,2,2,1.14674674899437e-05,4.13705836913739e-06,8.52461000549249e-06,1.44103249743949e-05,3.8634062813508e-06,4.41071045692397e-06,1.45111980620477,TRUE,TRUE,FALSE,TRUE,irHepatitis
FN1,Sinusoidal endothelial cell,Hepatocyte 3,6.77063455573007e-05,9.7953040320174e-05,2.45655346211103e-05,3.62200200116865e-05,all4,2,2,2,2,8.28296929387373e-05,3.03927773163984e-05,6.77063455573007e-05,9.7953040320174e-05,2.45655346211103e-05,3.62200200116865e-05,1.4437232458929,TRUE,TRUE,FALSE,TRUE,irHepatitis
VEGF,IgG+ plasmablast / plasma cell,Vascular endothelial cell,0.000224939192982433,0.000449347158092418,0.000107400412654965,0.000141037807351472,all4,2,2,2,2,0.000337143175537426,0.000124219110003219,0.000224939192982433,0.000449347158092418,0.000107400412654965,0.000141037807351472,1.43981513297509,TRUE,TRUE,FALSE,TRUE,irHepatitis
CSF,Sinusoidal endothelial cell,CD8+ T cell 1,0.000101845511021634,0.000184625248204379,5.25323189672935e-05,5.32252175638342e-05,all4,2,2,2,2,0.000143235379613006,5.28787682655638e-05,0.000101845511021634,0.000184625248204379,5.25323189672935e-05,5.32252175638342e-05,1.43608185580197,TRUE,TRUE,FALSE,TRUE,irHepatitis
CSF,CD8+ T cell 1,IgG+ plasmablast / plasma cell,4.16196984567867e-05,6.88311223213969e-05,2.35104836712072e-05,1.71966491074265e-05,all4,2,2,2,2,5.52254103890918e-05,2.03535663893169e-05,4.16196984567867e-05,6.88311223213969e-05,1.71966491074265e-05,2.35104836712072e-05,1.4360387624897,TRUE,TRUE,FALSE,TRUE,irHepatitis
FN1,Sinusoidal endothelial cell,Stellate cell,3.34934598183326e-05,5.83728906800417e-05,1.01684575000347e-05,2.37586203160189e-05,all4,2,2,2,2,4.59331752491872e-05,1.69635389080268e-05,3.34934598183326e-05,5.83728906800417e-05,1.01684575000347e-05,2.37586203160189e-05,1.43229439543378,TRUE,TRUE,FALSE,TRUE,irHepatitis
CSF,Vascular endothelial cell,Cholangiocyte,8.89869036910453e-05,5.24844473908788e-05,2.45959109211734e-05,2.77278691090952e-05,all4,2,2,2,2,7.0735675540962e-05,2.61618900151343e-05,5.24844473908788e-05,8.89869036910453e-05,2.45959109211734e-05,2.77278691090952e-05,1.43185442912247,TRUE,TRUE,FALSE,TRUE,irHepatitis
CSF,IgG+ plasmablast / plasma cell,Cholangiocyte,2.84977055621004e-05,8.33958817199987e-06,8.03585743139141e-06,5.51856450527248e-06,all4,2,2,2,2,1.84186468670502e-05,6.77721096833195e-06,8.33958817199987e-06,2.84977055621004e-05,5.51856450527248e-06,8.03585743139141e-06,1.43041571296456,TRUE,TRUE,FALSE,TRUE,irHepatitis
VEGF,Macrophage 2,CD8+ T cell 3,1.07484885723405e-05,1.14155170286497e-05,4.37980782198835e-06,3.74773697767471e-06,all4,2,2,2,2,1.10820028004951e-05,4.06377239983153e-06,1.07484885723405e-05,1.14155170286497e-05,3.74773697767471e-06,4.37980782198835e-06,1.42741437009335,TRUE,TRUE,FALSE,TRUE,irHepatitis
CCL,IgG+ plasmablast / plasma cell,IgM+ B cell,0.000186093247555755,8.37787680687528e-05,5.36913618613115e-05,4.65623308931519e-05,all4,2,2,2,2,0.000134936007812254,5.01268463772317e-05,8.37787680687528e-05,0.000186093247555755,4.65623308931519e-05,5.36913618613115e-05,1.42699568507753,TRUE,TRUE,FALSE,TRUE,irHepatitis
FN1,Macrophage 1,Macrophage 2,3.57307655944702e-05,3.04494605564201e-05,8.69583705635729e-06,1.59202474542563e-05,all4,2,2,2,2,3.30901130754452e-05,1.23080422553068e-05,3.04494605564201e-05,3.57307655944702e-05,8.69583705635729e-06,1.59202474542563e-05,1.42021335891849,TRUE,TRUE,FALSE,TRUE,irHepatitis
CCL,IgG+ plasmablast / plasma cell,CD8+ T cell 2,5.09141964897939e-05,1.90625081110341e-05,1.60689256231589e-05,1.00425409515759e-05,all4,2,2,2,2,3.4988352300414e-05,1.30557332873674e-05,1.90625081110341e-05,5.09141964897939e-05,1.00425409515759e-05,1.60689256231589e-05,1.41599284275516,TRUE,TRUE,FALSE,TRUE,irHepatitis
CSF,Macrophage 1,CD8+ T cell 2,2.70058920212062e-05,1.40534839385297e-05,8.85306676035381e-06,6.42186273460189e-06,all4,2,2,2,2,2.0529687979868e-05,7.63746474747785e-06,1.40534839385297e-05,2.70058920212062e-05,6.42186273460189e-06,8.85306676035381e-06,1.41596645153154,TRUE,TRUE,FALSE,TRUE,irHepatitis
CCL,Macrophage 2,Macrophage 1,0.000141961684777693,0.000126983439659947,4.58600594542388e-05,5.49281495764782e-05,all4,2,2,2,2,0.00013447256221882,5.03941045153585e-05,0.000126983439659947,0.000141961684777693,4.58600594542388e-05,5.49281495764782e-05,1.41437765169895,TRUE,TRUE,FALSE,TRUE,irHepatitis
CSF,CD8+ T cell 2,Hepatocyte 2,8.13165698129152e-06,7.58019362584216e-06,3.12602371721718e-05,1.0906536716331e-05,all4,2,2,2,2,7.85592530356684e-06,2.10833869442514e-05,7.58019362584216e-06,8.13165698129152e-06,1.0906536716331e-05,3.12602371721718e-05,-1.41397563873667,TRUE,FALSE,TRUE,TRUE,AIH
CSF,Hepatocyte 3,IgG+ plasmablast / plasma cell,2.54931831844562e-06,2.03891806483288e-07,3.91591079893067e-06,3.71548251676431e-06,all4,2,2,2,2,1.37660506246446e-06,3.81569665784749e-06,2.03891806483288e-07,2.54931831844562e-06,3.71548251676431e-06,3.91591079893067e-06,-1.41315748948903,TRUE,FALSE,TRUE,TRUE,AIH
VEGF,Hepatocyte 3,Hepatocyte 4,8.23334904244147e-06,1.3754759078839e-05,4.599766907206e-06,3.5697332238149e-06,all4,2,2,2,2,1.09940540606402e-05,4.08475006551045e-06,8.23334904244147e-06,1.3754759078839e-05,3.5697332238149e-06,4.599766907206e-06,1.40874425979309,TRUE,TRUE,FALSE,TRUE,irHepatitis
CSF,Vascular endothelial cell,Stellate cell,9.83950888843278e-05,6.33863243015224e-05,2.66121356174288e-05,3.43097567503421e-05,all4,2,2,2,2,8.08907065929251e-05,3.04609461838855e-05,6.33863243015224e-05,9.83950888843278e-05,2.66121356174288e-05,3.43097567503421e-05,1.40636394603816,TRUE,TRUE,FALSE,TRUE,irHepatitis
CSF,Hepatocyte 4,CD4+ T cell,5.84173968488115e-06,1.13287282658859e-06,8.7480500271664e-06,9.99484545240222e-06,all4,2,2,2,2,3.48730625573487e-06,9.37144773978431e-06,1.13287282658859e-06,5.84173968488115e-06,8.7480500271664e-06,9.99484545240222e-06,-1.40321100335445,TRUE,FALSE,TRUE,TRUE,AIH
FN1,CD8+ T cell 1,Stellate cell,2.83910204655993e-05,4.31120249656817e-05,9.66045099041292e-06,1.72694618734528e-05,all4,2,2,2,2,3.57515227156405e-05,1.34649564319328e-05,2.83910204655993e-05,4.31120249656817e-05,9.66045099041292e-06,1.72694618734528e-05,1.40281770423515,TRUE,TRUE,FALSE,TRUE,irHepatitis
IL2,Hepatocyte 4,CD4+ T cell,1.26487612101285e-06,5.35216144168992e-09,2.37166145540604e-06,1.2797568861245e-06,all4,2,2,2,2,6.35114141227271e-07,1.82570917076527e-06,5.35216144168992e-09,1.26487612101285e-06,1.2797568861245e-06,2.37166145540604e-06,-1.4017153132389,TRUE,FALSE,TRUE,TRUE,AIH
CSF,IgM+ B cell,IgM+ B cell,0.000162978751662891,7.0683457993116e-05,2.65458414556187e-05,6.1800033476638e-05,all4,2,2,2,2,0.000116831104828004,4.41729374661284e-05,7.0683457993116e-05,0.000162978751662891,2.65458414556187e-05,6.1800033476638e-05,1.40136617694906,TRUE,TRUE,FALSE,TRUE,irHepatitis
CCL,Cholangiocyte,Macrophage 1,0.000208507149094499,0.000116849729818047,5.36079766624262e-05,6.95083876191933e-05,all4,2,2,2,2,0.000162678439456273,6.15581821408098e-05,0.000116849729818047,0.000208507149094499,5.36079766624262e-05,6.95083876191933e-05,1.40069210454163,TRUE,TRUE,FALSE,TRUE,irHepatitis
CSF,Macrophage 1,Vascular endothelial cell,1.15666096725587e-05,2.87637483705609e-06,2.82116763082532e-06,2.54208740270691e-06,all4,2,2,2,2,7.2214922548074e-06,2.68162751676612e-06,2.87637483705609e-06,1.15666096725587e-05,2.54208740270691e-06,2.82116763082532e-06,1.39946302107496,TRUE,TRUE,FALSE,TRUE,irHepatitis
CSF,CD8+ T cell 1,CD4+ T cell,5.8484364152518e-05,4.52760631792426e-05,2.24999779532353e-05,1.67502866476247e-05,all4,2,2,2,2,5.18802136658803e-05,1.962513230043e-05,4.52760631792426e-05,5.8484364152518e-05,1.67502866476247e-05,2.24999779532353e-05,1.39838588709633,TRUE,TRUE,FALSE,TRUE,irHepatitis
FN1,Macrophage 2,Sinusoidal endothelial cell,1.92664822148913e-05,2.65459821693457e-05,5.24404034595822e-06,1.20352418030004e-05,all4,2,2,2,2,2.29062321921185e-05,8.63964107447929e-06,1.92664822148913e-05,2.65459821693457e-05,5.24404034595822e-06,1.20352418030004e-05,1.39741294135518,TRUE,TRUE,FALSE,TRUE,irHepatitis
VEGF,CD8+ T cell 1,Macrophage 1,1.22154433998024e-05,1.06235550271653e-05,4.8100819124775e-06,3.76510291670794e-06,all4,2,2,2,2,1.14194992134838e-05,4.28759241459272e-06,1.06235550271653e-05,1.22154433998024e-05,3.76510291670794e-06,4.8100819124775e-06,1.39463480499668,TRUE,TRUE,FALSE,TRUE,irHepatitis
CSF,CD4+ T cell,Hepatocyte 2,7.79318639602603e-07,5.24472938891405e-07,1.84942815562793e-06,1.8649223167567e-06,all4,2,2,2,2,6.51895789247004e-07,1.85717523619231e-06,5.24472938891405e-07,7.79318639602603e-07,1.84942815562793e-06,1.8649223167567e-06,-1.39220793697662,TRUE,FALSE,TRUE,TRUE,AIH
IL2,IgM+ B cell,Sinusoidal endothelial cell,2.19745049044521e-09,0,1.8035498868198e-07,1.17372561810349e-07,all4,2,2,2,2,1.09872524522261e-09,1.48863775246165e-07,0,2.19745049044521e-09,1.17372561810349e-07,1.8035498868198e-07,-1.39161103714813,TRUE,FALSE,TRUE,TRUE,AIH
VEGF,Stellate cell,Cholangiocyte,1.15282435609903e-05,8.01119325940727e-06,3.06505208544547e-06,4.28022077840564e-06,all4,2,2,2,2,9.7697184101988e-06,3.67263643192556e-06,8.01119325940727e-06,1.15282435609903e-05,3.06505208544547e-06,4.28022077840564e-06,1.3898249390167,TRUE,TRUE,FALSE,TRUE,irHepatitis
VEGF,IgG+ plasmablast / plasma cell,Cholangiocyte,1.61815170921179e-05,7.28084551652536e-06,3.45497874003487e-06,5.41445980029615e-06,all4,2,2,2,2,1.17311813043216e-05,4.43471927016551e-06,7.28084551652536e-06,1.61815170921179e-05,3.45497874003487e-06,5.41445980029615e-06,1.38549260640446,TRUE,TRUE,FALSE,TRUE,irHepatitis
IL2,CD4+ T cell,Hepatocyte 1,1.05552085516062e-07,1.3937647346639e-08,3.35453922703214e-07,2.66675916376068e-07,all4,2,2,2,2,5.97448664313507e-08,3.01064919539641e-07,1.3937647346639e-08,1.05552085516062e-07,2.66675916376068e-07,3.35453922703214e-07,-1.38546320402861,TRUE,FALSE,TRUE,TRUE,AIH
VEGF,IgG+ plasmablast / plasma cell,CD8+ T cell 1,3.4432421737943e-05,3.24588590203758e-05,1.7168859472925e-05,8.34472284764555e-06,all4,2,2,2,2,3.34456403791594e-05,1.27567911602853e-05,3.24588590203758e-05,3.4432421737943e-05,8.34472284764555e-06,1.7168859472925e-05,1.38429364151141,TRUE,TRUE,FALSE,TRUE,irHepatitis
FN1,IgM+ B cell,Hepatocyte 3,1.30167696286767e-05,2.14401647302416e-05,7.10898777129521e-06,6.02158163915256e-06,all4,2,2,2,2,1.72284671794591e-05,6.56528470522388e-06,1.30167696286767e-05,2.14401647302416e-05,6.02158163915256e-06,7.10898777129521e-06,1.37975155964103,TRUE,TRUE,FALSE,TRUE,irHepatitis
VEGF,Macrophage 2,CD8+ T cell 1,9.41880140177542e-06,1.10839352597474e-05,4.52734010235526e-06,3.25441584132738e-06,all4,2,2,2,2,1.02513683307614e-05,3.89087797184132e-06,9.41880140177542e-06,1.10839352597474e-05,3.25441584132738e-06,4.52734010235526e-06,1.37728958448773,TRUE,TRUE,FALSE,TRUE,irHepatitis
VEGF,CD8+ T cell 2,CD8+ T cell 1,6.65383891347999e-05,6.26552297704316e-05,2.97187750051389e-05,1.9938847806851e-05,all4,2,2,2,2,6.45968094526157e-05,2.4828811405995e-05,6.26552297704316e-05,6.65383891347999e-05,1.9938847806851e-05,2.97187750051389e-05,1.37623966198518,TRUE,TRUE,FALSE,TRUE,irHepatitis
VEGF,Cholangiocyte,Stellate cell,0.00010666228539528,0.000186681892521937,5.07831562652868e-05,6.22292289539423e-05,all4,2,2,2,2,0.000146672088958609,5.65061926096145e-05,0.00010666228539528,0.000186681892521937,5.07831562652868e-05,6.22292289539423e-05,1.37470391628729,TRUE,TRUE,FALSE,TRUE,irHepatitis
IL2,IgG+ B cell,Sinusoidal endothelial cell,0,0,1.4455444420416e-07,1.4183204937644e-07,all4,2,2,2,2,0,1.431932467903e-07,0,0,1.4183204937644e-07,1.4455444420416e-07,-1.37445923288281,TRUE,FALSE,TRUE,TRUE,AIH
CSF,Macrophage 2,Vascular endothelial cell,1.10655488786742e-05,5.48018343449887e-06,3.91000404205493e-06,2.36185837936149e-06,all4,2,2,2,2,8.27286615658654e-06,3.13593121070821e-06,5.48018343449887e-06,1.10655488786742e-05,2.36185837936149e-06,3.91000404205493e-06,1.37430773834552,TRUE,TRUE,FALSE,TRUE,irHepatitis
FN1,Stellate cell,Cholangiocyte,0.000256914847698013,0.000361869783424749,0.00014211065916391,9.70426094482604e-05,all4,2,2,2,2,0.000309392315561381,0.000119576634306085,0.000256914847698013,0.000361869783424749,9.70426094482604e-05,0.00014211065916391,1.37083671833641,TRUE,TRUE,FALSE,TRUE,irHepatitis
IL2,IgG+ plasmablast / plasma cell,CD4+ T cell,1.30255733997538e-05,5.14293927258745e-06,3.07767528008921e-06,3.84444631092087e-06,all4,2,2,2,2,9.08425633617064e-06,3.46106079550504e-06,5.14293927258745e-06,1.30255733997538e-05,3.07767528008921e-06,3.84444631092087e-06,1.36936467197491,TRUE,TRUE,FALSE,TRUE,irHepatitis
VEGF,Hepatocyte 2,IgM+ B cell,7.80989602394095e-06,2.24372536881508e-05,4.79502693358606e-06,6.80622984190475e-06,all4,2,2,2,2,1.51235748560459e-05,5.80062838774541e-06,7.80989602394095e-06,2.24372536881508e-05,4.79502693358606e-06,6.80622984190475e-06,1.36887991839791,TRUE,TRUE,FALSE,TRUE,irHepatitis
CSF,CD8+ T cell 1,Macrophage 2,8.80202005196437e-05,0.000137411327282006,4.50261018064092e-05,4.23005194552761e-05,all4,2,2,2,2,0.000112715763900825,4.36633106308427e-05,8.80202005196437e-05,0.000137411327282006,4.23005194552761e-05,4.50261018064092e-05,1.36637860226936,TRUE,TRUE,FALSE,TRUE,irHepatitis
VEGF,Vascular endothelial cell,CD4+ T cell,3.04027063276594e-05,2.79615119548e-05,1.11819976153094e-05,1.13633160439632e-05,all4,2,2,2,2,2.91821091412297e-05,1.12726568296363e-05,2.79615119548e-05,3.04027063276594e-05,1.11819976153094e-05,1.13633160439632e-05,1.36523382822497,TRUE,TRUE,FALSE,TRUE,irHepatitis
CCL,Stellate cell,IgG+ B cell,2.85126838687927e-05,8.22641375445455e-06,4.61230968218334e-05,4.84616578724524e-05,all4,2,2,2,2,1.83695488116236e-05,4.72923773471429e-05,8.22641375445455e-06,2.85126838687927e-05,4.61230968218334e-05,4.84616578724524e-05,-1.35998779934881,TRUE,FALSE,TRUE,TRUE,AIH
FN1,Hepatocyte 4,Hepatocyte 4,0.00377683584936542,0.00379718694701384,0.00236122018453279,0.000595282624838139,all4,2,2,2,2,0.00378701139818963,0.00147825140468547,0.00377683584936542,0.00379718694701384,0.000595282624838139,0.00236122018453279,1.35711462496488,TRUE,TRUE,FALSE,TRUE,irHepatitis
CCL,CD4+ T cell,CD8+ T cell 1,0.000160707904059024,8.13424906043823e-05,5.17564349572214e-05,4.28736418503288e-05,all4,2,2,2,2,0.000121025197331703,4.73150384037751e-05,8.13424906043823e-05,0.000160707904059024,4.28736418503288e-05,5.17564349572214e-05,1.35326934426997,TRUE,TRUE,FALSE,TRUE,irHepatitis
CCL,Macrophage 1,Cholangiocyte,5.6196601904576e-05,2.3013877215219e-05,1.69289559572313e-05,1.40058887052961e-05,all4,2,2,2,2,3.96052395598975e-05,1.54674223312637e-05,2.3013877215219e-05,5.6196601904576e-05,1.40058887052961e-05,1.69289559572313e-05,1.35136828381942,TRUE,TRUE,FALSE,TRUE,irHepatitis
FN1,CD8+ T cell 2,IgG+ B cell,6.72878226366735e-05,5.65036774499205e-05,2.67818491711719e-05,2.16726844355724e-05,all4,2,2,2,2,6.1895750043297e-05,2.42272668033722e-05,5.65036774499205e-05,6.72878226366735e-05,2.16726844355724e-05,2.67818491711719e-05,1.34995891281971,TRUE,TRUE,FALSE,TRUE,irHepatitis
CCL,IgM+ B cell,CD8+ T cell 1,0.00012448540596446,6.07374450551778e-05,4.2975554808846e-05,2.95943904910346e-05,all4,2,2,2,2,9.26114255098188e-05,3.62849726499403e-05,6.07374450551778e-05,0.00012448540596446,2.95943904910346e-05,4.2975554808846e-05,1.34964763625369,TRUE,TRUE,FALSE,TRUE,irHepatitis
CSF,Stellate cell,IgM+ B cell,9.05885074361465e-05,5.94078203020926e-05,2.84946379056127e-05,3.04546611891122e-05,all4,2,2,2,2,7.49981638691195e-05,2.94746495473624e-05,5.94078203020926e-05,9.05885074361465e-05,2.84946379056127e-05,3.04546611891122e-05,1.34471513168162,TRUE,TRUE,FALSE,TRUE,irHepatitis
VEGF,IgM+ B cell,Vascular endothelial cell,0.000112148491293122,0.000130912066295881,5.19632131799219e-05,4.36894809791239e-05,all4,2,2,2,2,0.000121530278794501,4.78263470795229e-05,0.000112148491293122,0.000130912066295881,4.36894809791239e-05,5.19632131799219e-05,1.34379569166452,TRUE,TRUE,FALSE,TRUE,irHepatitis
VEGF,CD8+ T cell 1,Stellate cell,8.75356728339235e-06,1.03838128192274e-05,4.05700319075554e-06,3.38350305359767e-06,all4,2,2,2,2,9.56869005130986e-06,3.7202531221766e-06,8.75356728339235e-06,1.03838128192274e-05,3.38350305359767e-06,4.05700319075554e-06,1.34196234573482,TRUE,TRUE,FALSE,TRUE,irHepatitis
FN1,Macrophage 2,Hepatocyte 2,3.77436153706628e-05,4.70646670616578e-05,9.21205341518865e-06,2.41357234695334e-05,all4,2,2,2,2,4.24041412161603e-05,1.6673888442361e-05,3.77436153706628e-05,4.70646670616578e-05,9.21205341518865e-06,2.41357234695334e-05,1.34191204110135,TRUE,TRUE,FALSE,TRUE,irHepatitis
CCL,Cholangiocyte,IgG+ B cell,4.02831019466136e-05,3.3240139972971e-06,6.62342275370908e-05,4.45733995802852e-05,all4,2,2,2,2,2.18035579719553e-05,5.5403813558688e-05,3.3240139972971e-06,4.02831019466136e-05,4.45733995802852e-05,6.62342275370908e-05,-1.34182428723466,TRUE,FALSE,TRUE,TRUE,AIH
CCL,Macrophage 2,Hepatocyte 4,1.29429280153343e-05,9.52968779635005e-06,3.21259639879616e-06,5.54841627340681e-06,all4,2,2,2,2,1.12363079058422e-05,4.38050633610148e-06,9.52968779635005e-06,1.29429280153343e-05,3.21259639879616e-06,5.54841627340681e-06,1.341185952828,TRUE,TRUE,FALSE,TRUE,irHepatitis
FN1,Cholangiocyte,Cholangiocyte,0.000803542771058813,0.00092901730629643,0.000199108708599686,0.000484681228078356,all4,2,2,2,2,0.000866280038677621,0.000341894968339021,0.000803542771058813,0.00092901730629643,0.000199108708599686,0.000484681228078356,1.34105067871679,TRUE,TRUE,FALSE,TRUE,irHepatitis
CSF,CD8+ T cell 1,Macrophage 1,0.000210751448258498,0.000308065157711854,0.000112718377648389,9.19725878097639e-05,all4,2,2,2,2,0.000259408302985176,0.000102345482729077,0.000210751448258498,0.000308065157711854,9.19725878097639e-05,0.000112718377648389,1.34101037040201,TRUE,TRUE,FALSE,TRUE,irHepatitis
VEGF,CD8+ T cell 3,Macrophage 2,8.79809411287154e-06,8.96223672998884e-06,3.34566828929488e-06,3.57393990763086e-06,all4,2,2,2,2,8.88016542143019e-06,3.45980409846287e-06,8.79809411287154e-06,8.96223672998884e-06,3.34566828929488e-06,3.57393990763086e-06,1.3374183708461,TRUE,TRUE,FALSE,TRUE,irHepatitis
FN1,CD8+ T cell 2,Stellate cell,0.000102623043896286,0.000129965979161026,3.51960968026535e-05,5.69999655550028e-05,all4,2,2,2,2,0.000116294511528656,4.60980311788282e-05,0.000102623043896286,0.000129965979161026,3.51960968026535e-05,5.69999655550028e-05,1.33330989985031,TRUE,TRUE,FALSE,TRUE,irHepatitis
IL2,CD4+ T cell,Hepatocyte 4,0,0,1.50564214376823e-07,1.22688798060366e-07,all4,2,2,2,2,0,1.36626506218595e-07,0,0,1.22688798060366e-07,1.50564214376823e-07,-1.33323289807058,TRUE,FALSE,TRUE,TRUE,AIH
CSF,Hepatocyte 1,IgG+ B cell,1.04017380204445e-05,5.51720693224823e-06,3.51675845574154e-06,2.70878064976177e-06,all4,2,2,2,2,7.95947247634635e-06,3.11276955275166e-06,5.51720693224823e-06,1.04017380204445e-05,2.70878064976177e-06,3.51675845574154e-06,1.32959985367132,TRUE,TRUE,FALSE,TRUE,irHepatitis
VEGF,Hepatocyte 3,Stellate cell,1.64266203287085e-05,1.24149108925306e-05,4.45461765254226e-06,6.92282355297456e-06,all4,2,2,2,2,1.44207656106195e-05,5.68872060275841e-06,1.24149108925306e-05,1.64266203287085e-05,4.45461765254226e-06,6.92282355297456e-06,1.32831580296387,TRUE,TRUE,FALSE,TRUE,irHepatitis
FN1,Stellate cell,Hepatocyte 2,0.000102071926184491,0.000122585148457777,3.76292583839147e-05,5.18856935652288e-05,all4,2,2,2,2,0.000112328537321134,4.47574759745718e-05,0.000102071926184491,0.000122585148457777,3.76292583839147e-05,5.18856935652288e-05,1.3257830776496,TRUE,TRUE,FALSE,TRUE,irHepatitis
FN1,Macrophage 2,CD4+ T cell,4.50765366712257e-05,6.36331478249368e-05,2.2210414574634e-05,2.11117864828353e-05,all4,2,2,2,2,5.43548422480813e-05,2.16611005287346e-05,4.50765366712257e-05,6.36331478249368e-05,2.11117864828353e-05,2.2210414574634e-05,1.32371074665353,TRUE,TRUE,FALSE,TRUE,irHepatitis
FN1,Macrophage 2,CD8+ T cell 3,4.41486327738279e-05,4.54292540894009e-05,1.45333660089082e-05,2.12096580833352e-05,all4,2,2,2,2,4.47889434316144e-05,1.78715120461217e-05,4.41486327738279e-05,4.54292540894009e-05,1.45333660089082e-05,2.12096580833352e-05,1.32113445552757,TRUE,TRUE,FALSE,TRUE,irHepatitis
CSF,Sinusoidal endothelial cell,Hepatocyte 1,5.06240743358448e-05,3.74590070336344e-05,1.65081098279197e-05,1.87114455320324e-05,all4,2,2,2,2,4.40415406847396e-05,1.7609777679976e-05,3.74590070336344e-05,5.06240743358448e-05,1.65081098279197e-05,1.87114455320324e-05,1.31808348482938,TRUE,TRUE,FALSE,TRUE,irHepatitis
VEGF,CD8+ T cell 2,Hepatocyte 4,3.7006764421352e-05,3.03382668792149e-05,1.87032209594763e-05,8.20327420263782e-06,all4,2,2,2,2,3.36725156502834e-05,1.34532475810571e-05,3.03382668792149e-05,3.7006764421352e-05,8.20327420263782e-06,1.87032209594763e-05,1.31785469821494,TRUE,TRUE,FALSE,TRUE,irHepatitis
VEGF,Hepatocyte 4,Macrophage 2,2.89645745279268e-05,3.8176558225229e-05,1.32861643080528e-05,1.35761350220782e-05,all4,2,2,2,2,3.35705663765779e-05,1.34311496650655e-05,2.89645745279268e-05,3.8176558225229e-05,1.32861643080528e-05,1.35761350220782e-05,1.31584765478007,TRUE,TRUE,FALSE,TRUE,irHepatitis
VEGF,Hepatocyte 3,Sinusoidal endothelial cell,0.00011626991152789,0.000140988105125383,5.0396941269524e-05,5.3126821705313e-05,all4,2,2,2,2,0.000128629008326637,5.17618814874185e-05,0.00011626991152789,0.000140988105125383,5.0396941269524e-05,5.3126821705313e-05,1.3117584408994,TRUE,TRUE,FALSE,TRUE,irHepatitis
FN1,Hepatocyte 1,Stellate cell,0.000160684770688746,0.000168868935103029,5.76582418974437e-05,7.50817369519143e-05,all4,2,2,2,2,0.000164776852895887,6.6369989424679e-05,0.000160684770688746,0.000168868935103029,5.76582418974437e-05,7.50817369519143e-05,1.31074462353892,TRUE,TRUE,FALSE,TRUE,irHepatitis
IL2,IgG+ plasmablast / plasma cell,Macrophage 1,9.29718827641002e-07,0,1.33580374792115e-06,1.23657391202784e-06,all4,2,2,2,2,4.64859413820501e-07,1.2861888299745e-06,0,9.29718827641002e-07,1.23657391202784e-06,1.33580374792115e-06,-1.31063080097339,TRUE,FALSE,TRUE,TRUE,AIH
CCL,CD8+ T cell 3,Macrophage 1,0.00036372073599501,0.00078863416380212,0.000256163981790739,0.000208854075671435,all4,2,2,2,2,0.000576177449898565,0.000232509028731087,0.00036372073599501,0.00078863416380212,0.000208854075671435,0.000256163981790739,1.30889380905977,TRUE,TRUE,FALSE,TRUE,irHepatitis
VEGF,Hepatocyte 3,Macrophage 2,8.66971178742279e-06,7.16084751491634e-06,2.35033189514614e-06,3.93545611048259e-06,all4,2,2,2,2,7.91527965116956e-06,3.14289400281437e-06,7.16084751491634e-06,8.66971178742279e-06,2.35033189514614e-06,3.93545611048259e-06,1.30815071650983,TRUE,TRUE,FALSE,TRUE,irHepatitis
VEGF,Macrophage 1,Hepatocyte 3,5.47715283844051e-06,9.71962933122634e-06,4.04193969090458e-06,1.98825331549099e-06,all4,2,2,2,2,7.59839108483343e-06,3.01509650319779e-06,5.47715283844051e-06,9.71962933122634e-06,1.98825331549099e-06,4.04193969090458e-06,1.30806977095928,TRUE,TRUE,FALSE,TRUE,irHepatitis
CSF,CD4+ T cell,Cholangiocyte,3.23746446031332e-05,3.15127841356604e-05,1.53136466158306e-05,1.0411377149951e-05,all4,2,2,2,2,3.19437143693968e-05,1.28625118828908e-05,3.15127841356604e-05,3.23746446031332e-05,1.0411377149951e-05,1.53136466158306e-05,1.30636544871595,TRUE,TRUE,FALSE,TRUE,irHepatitis
CSF,Macrophage 1,CD8+ T cell 1,4.2247714346879e-05,2.77099150560738e-05,1.50182138080485e-05,1.324037963218e-05,all4,2,2,2,2,3.49788147014764e-05,1.41292967201143e-05,2.77099150560738e-05,4.2247714346879e-05,1.324037963218e-05,1.50182138080485e-05,1.30234425366706,TRUE,TRUE,FALSE,TRUE,irHepatitis
VEGF,Hepatocyte 3,CD8+ T cell 2,1.55695499643424e-05,1.44717360025715e-05,7.50195363735897e-06,4.57899666083704e-06,all4,2,2,2,2,1.5020642983457e-05,6.04047514909801e-06,1.44717360025715e-05,1.55695499643424e-05,4.57899666083704e-06,7.50195363735897e-06,1.30150745606855,TRUE,TRUE,FALSE,TRUE,irHepatitis
CCL,CD8+ T cell 2,Macrophage 2,0.000303910299825307,0.000209204059409078,8.95755319072539e-05,0.000118555218694416,all4,2,2,2,2,0.000256557179617193,0.000104065375300835,0.000209204059409078,0.000303910299825307,8.95755319072539e-05,0.000118555218694416,1.30104988689758,TRUE,TRUE,FALSE,TRUE,irHepatitis
FN1,Hepatocyte 1,Cholangiocyte,0.000193024264165723,0.000189073637293524,7.86426725549434e-05,7.63856158436142e-05,all4,2,2,2,2,0.000191048950729623,7.75141441992788e-05,0.000189073637293524,0.000193024264165723,7.63856158436142e-05,7.86426725549434e-05,1.30041724458503,TRUE,TRUE,FALSE,TRUE,irHepatitis
CCL,Vascular endothelial cell,Macrophage 1,0.000216293593871575,0.000143070115846736,8.0520218958817e-05,6.5365104335271e-05,all4,2,2,2,2,0.000179681854859156,7.2942661647044e-05,0.000143070115846736,0.000216293593871575,6.5365104335271e-05,8.0520218958817e-05,1.2995545621299,TRUE,TRUE,FALSE,TRUE,irHepatitis
CSF,Hepatocyte 2,Cholangiocyte,8.77637846854878e-06,3.61393882032106e-06,2.06838308274227e-06,2.86209581049333e-06,all4,2,2,2,2,6.19515864443492e-06,2.4652394466178e-06,3.61393882032106e-06,8.77637846854878e-06,2.06838308274227e-06,2.86209581049333e-06,1.29852230993215,TRUE,TRUE,FALSE,TRUE,irHepatitis
CCL,Macrophage 1,Hepatocyte 3,5.85483114079481e-06,3.47623130879066e-06,1.21370840941576e-05,1.10771844352067e-05,all4,2,2,2,2,4.66553122479273e-06,1.16071342646822e-05,3.47623130879066e-06,5.85483114079481e-06,1.10771844352067e-05,1.21370840941576e-05,-1.29849370668987,TRUE,FALSE,TRUE,TRUE,AIH
VEGF,Hepatocyte 1,Macrophage 2,3.95836835861345e-05,4.56339666662601e-05,1.5836862914304e-05,1.8744547493301e-05,all4,2,2,2,2,4.26088251261973e-05,1.72907052038025e-05,3.95836835861345e-05,4.56339666662601e-05,1.5836862914304e-05,1.8744547493301e-05,1.29671440237712,TRUE,TRUE,FALSE,TRUE,irHepatitis
FN1,Stellate cell,Hepatocyte 1,0.000104284929694956,0.000125462868830493,3.80595963295413e-05,5.5680575031578e-05,all4,2,2,2,2,0.000114873899262725,4.68700856805597e-05,0.000104284929694956,0.000125462868830493,3.80595963295413e-05,5.5680575031578e-05,1.29167567017184,TRUE,TRUE,FALSE,TRUE,irHepatitis
FN1,Macrophage 1,IgG+ plasmablast / plasma cell,8.35751217833502e-05,5.15390391939061e-05,2.72371502895609e-05,2.78744917167801e-05,all4,2,2,2,2,6.75570804886281e-05,2.75558210031705e-05,5.15390391939061e-05,8.35751217833502e-05,2.72371502895609e-05,2.78744917167801e-05,1.29096916922982,TRUE,TRUE,FALSE,TRUE,irHepatitis
FN1,CD4+ T cell,CD8+ T cell 1,3.03790016245064e-05,4.47698010206189e-05,1.5931219207347e-05,1.47792585696982e-05,all4,2,2,2,2,3.75744013225626e-05,1.53552388885226e-05,3.03790016245064e-05,4.47698010206189e-05,1.47792585696982e-05,1.5931219207347e-05,1.28604461595024,TRUE,TRUE,FALSE,TRUE,irHepatitis
FN1,Hepatocyte 2,Vascular endothelial cell,5.65440762040763e-05,3.90413220614078e-05,2.36461086733157e-05,1.5446059291796e-05,all4,2,2,2,2,4.77926991327421e-05,1.95460839825559e-05,3.90413220614078e-05,5.65440762040763e-05,1.5446059291796e-05,2.36461086733157e-05,1.28600132926613,TRUE,TRUE,FALSE,TRUE,irHepatitis
VEGF,Macrophage 2,Macrophage 1,7.7225553784221e-06,9.97608746977591e-06,4.34589965732715e-06,2.80863747455242e-06,all4,2,2,2,2,8.849321424099e-06,3.57726856593978e-06,7.7225553784221e-06,9.97608746977591e-06,2.80863747455242e-06,4.34589965732715e-06,1.28548130680647,TRUE,TRUE,FALSE,TRUE,irHepatitis
VEGF,Cholangiocyte,Vascular endothelial cell,0.000792773992458518,0.00182505726184611,0.00040836260283614,0.000666875290118558,all4,2,2,2,2,0.00130891562715232,0.000537618946477349,0.000792773992458518,0.00182505726184611,0.00040836260283614,0.000666875290118558,1.28357406774158,TRUE,TRUE,FALSE,TRUE,irHepatitis
CCL,IgG+ B cell,IgG+ plasmablast / plasma cell,2.82844076311637e-05,8.76054535322908e-07,4.18297580507388e-05,2.93187912364858e-05,all4,2,2,2,2,1.45802310832433e-05,3.55742746436123e-05,8.76054535322908e-07,2.82844076311637e-05,2.93187912364858e-05,4.18297580507388e-05,-1.28159350163949,TRUE,FALSE,TRUE,TRUE,AIH
FN1,IgG+ plasmablast / plasma cell,CD8+ T cell 2,7.59630358258764e-05,2.78566514035342e-05,2.19984994795958e-05,2.0636125685347e-05,all4,2,2,2,2,5.19098436147053e-05,2.13173125824714e-05,2.78566514035342e-05,7.59630358258764e-05,2.0636125685347e-05,2.19984994795958e-05,1.28040733334274,TRUE,TRUE,FALSE,TRUE,irHepatitis
FN1,Vascular endothelial cell,Macrophage 1,5.74269375501376e-05,4.98447721322236e-05,2.6537613677648e-05,1.76386715980844e-05,all4,2,2,2,2,5.36358548411806e-05,2.20881426378662e-05,4.98447721322236e-05,5.74269375501376e-05,1.76386715980844e-05,2.6537613677648e-05,1.2764815910444,TRUE,TRUE,FALSE,TRUE,irHepatitis
CSF,Cholangiocyte,Hepatocyte 4,6.28311814940063e-06,8.44500609034102e-06,2.78452946315335e-06,3.19095142966273e-06,all4,2,2,2,2,7.36406211987083e-06,2.98774044640804e-06,6.28311814940063e-06,8.44500609034102e-06,2.78452946315335e-06,3.19095142966273e-06,1.27618125848236,TRUE,TRUE,FALSE,TRUE,irHepatitis
VEGF,CD4+ T cell,Vascular endothelial cell,0.000124206657791304,6.53336530691564e-05,4.10709159360916e-05,3.72715976828465e-05,all4,2,2,2,2,9.47701554302304e-05,3.91712568094691e-05,6.53336530691564e-05,0.000124206657791304,3.72715976828465e-05,4.10709159360916e-05,1.27269790969147,TRUE,TRUE,FALSE,TRUE,irHepatitis
CSF,CD8+ T cell 1,Cholangiocyte,3.57867337664887e-05,2.50084421807066e-05,1.43053130879412e-05,1.0829582809879e-05,all4,2,2,2,2,3.03975879735977e-05,1.25674479489101e-05,2.50084421807066e-05,3.57867337664887e-05,1.0829582809879e-05,1.43053130879412e-05,1.26824175888408,TRUE,TRUE,FALSE,TRUE,irHepatitis
CSF,Cholangiocyte,Hepatocyte 2,2.89624659857781e-06,8.31300492312821e-06,1.73970294693102e-06,2.81454785241193e-06,all4,2,2,2,2,5.60462576085301e-06,2.27712539967147e-06,2.89624659857781e-06,8.31300492312821e-06,1.73970294693102e-06,2.81454785241193e-06,1.26649852700624,TRUE,TRUE,FALSE,TRUE,irHepatitis
VEGF,CD8+ T cell 2,Macrophage 1,6.94385819081916e-05,4.83354690724469e-05,2.94557412629031e-05,1.97187916356852e-05,all4,2,2,2,2,5.88870254903193e-05,2.45872664492941e-05,4.83354690724469e-05,6.94385819081916e-05,1.97187916356852e-05,2.94557412629031e-05,1.25697367926207,TRUE,TRUE,FALSE,TRUE,irHepatitis
FN1,Stellate cell,Sinusoidal endothelial cell,5.26754381759908e-05,7.23872163509559e-05,2.32700318609397e-05,2.91371617766803e-05,all4,2,2,2,2,6.25313272634734e-05,2.620359681881e-05,5.26754381759908e-05,7.23872163509559e-05,2.32700318609397e-05,2.91371617766803e-05,1.25194558425459,TRUE,TRUE,FALSE,TRUE,irHepatitis
FN1,Hepatocyte 2,Stellate cell,0.000144235200841178,0.000146983884071626,4.96741260432868e-05,7.25076774221365e-05,all4,2,2,2,2,0.000145609542456402,6.10909017327116e-05,0.000144235200841178,0.000146983884071626,4.96741260432868e-05,7.25076774221365e-05,1.25184436277467,TRUE,TRUE,FALSE,TRUE,irHepatitis
FN1,Macrophage 2,Hepatocyte 1,3.71151160500747e-05,4.27561722830153e-05,8.86394009441787e-06,2.45754948651116e-05,all4,2,2,2,2,3.9935644166545e-05,1.67197174797647e-05,3.71151160500747e-05,4.27561722830153e-05,8.86394009441787e-06,2.45754948651116e-05,1.25163384457415,TRUE,TRUE,FALSE,TRUE,irHepatitis
FN1,IgG+ B cell,Macrophage 2,2.15937919183747e-05,3.11953657163928e-05,1.27411580821799e-05,9.3399934352386e-06,all4,2,2,2,2,2.63945788173837e-05,1.10405757587093e-05,2.15937919183747e-05,3.11953657163928e-05,9.3399934352386e-06,1.27411580821799e-05,1.25063143927854,TRUE,TRUE,FALSE,TRUE,irHepatitis
CSF,Sinusoidal endothelial cell,CD8+ T cell 3,8.78221050297534e-05,0.000213545574642425,6.28363663038527e-05,6.38136168471247e-05,all4,2,2,2,2,0.000150683839836089,6.33249915754887e-05,8.78221050297534e-05,0.000213545574642425,6.28363663038527e-05,6.38136168471247e-05,1.24949153367844,TRUE,TRUE,FALSE,TRUE,irHepatitis
FN1,Macrophage 2,Hepatocyte 4,4.65778878049771e-05,3.47769461919343e-05,8.5046027152571e-06,2.5629771392324e-05,all4,2,2,2,2,4.06774169984557e-05,1.70671870537905e-05,3.47769461919343e-05,4.65778878049771e-05,8.5046027152571e-06,2.5629771392324e-05,1.24860810950201,TRUE,TRUE,FALSE,TRUE,irHepatitis
CSF,Vascular endothelial cell,Hepatocyte 3,8.83160569587458e-06,2.97298251151591e-06,2.32304056256648e-06,2.54235297697993e-06,all4,2,2,2,2,5.90229410369525e-06,2.4326967697732e-06,2.97298251151591e-06,8.83160569587458e-06,2.32304056256648e-06,2.54235297697993e-06,1.24817289758716,TRUE,TRUE,FALSE,TRUE,irHepatitis
CSF,CD4+ T cell,Hepatocyte 3,1.03011750622212e-06,1.6582084108604e-08,1.34350289278489e-06,1.38808150556706e-06,all4,2,2,2,2,5.23349795165363e-07,1.36579219917597e-06,1.6582084108604e-08,1.03011750622212e-06,1.34350289278489e-06,1.38808150556706e-06,-1.24715099369663,TRUE,FALSE,TRUE,TRUE,AIH
FN1,CD4+ T cell,CD8+ T cell 3,5.04097505174571e-05,3.04766265593532e-05,1.67872098415394e-05,1.7239304147368e-05,all4,2,2,2,2,4.04431885384052e-05,1.70132569944537e-05,3.04766265593532e-05,5.04097505174571e-05,1.67872098415394e-05,1.7239304147368e-05,1.24483718792426,TRUE,TRUE,FALSE,TRUE,irHepatitis
CSF,Cholangiocyte,Hepatocyte 1,1.18688334524717e-05,4.75260933276495e-06,2.67352497815156e-06,4.2467641880273e-06,all4,2,2,2,2,8.31072139261833e-06,3.46014458308943e-06,4.75260933276495e-06,1.18688334524717e-05,2.67352497815156e-06,4.2467641880273e-06,1.24265759694211,TRUE,TRUE,FALSE,TRUE,irHepatitis
IL2,IgG+ B cell,Vascular endothelial cell,0,0,1.38151943613325e-07,1.07075732047685e-07,all4,2,2,2,2,0,1.22613837830505e-07,0,0,1.07075732047685e-07,1.38151943613325e-07,-1.24111215217777,TRUE,FALSE,TRUE,TRUE,AIH
CSF,IgG+ B cell,CD4+ T cell,7.22410767139716e-06,2.01405852373686e-05,4.28098216895642e-06,7.19724352853479e-06,all4,2,2,2,2,1.36823464543829e-05,5.7391128487456e-06,7.22410767139716e-06,2.01405852373686e-05,4.28098216895642e-06,7.19724352853479e-06,1.240439620675,TRUE,TRUE,FALSE,TRUE,irHepatitis
CSF,Macrophage 1,IgG+ plasmablast / plasma cell,2.00357482091931e-05,1.04725085375986e-05,7.194260685745e-06,5.62364980334784e-06,all4,2,2,2,2,1.52541283733958e-05,6.40895524454642e-06,1.04725085375986e-05,2.00357482091931e-05,5.62364980334784e-06,7.194260685745e-06,1.2394190609931,TRUE,TRUE,FALSE,TRUE,irHepatitis
CSF,CD8+ T cell 1,CD8+ T cell 1,0.000102631148205638,0.000103037028523154,4.59318324724196e-05,4.10807331140628e-05,all4,2,2,2,2,0.000102834088364396,4.35062827932412e-05,0.000102631148205638,0.000103037028523154,4.10807331140628e-05,4.59318324724196e-05,1.239305436456,TRUE,TRUE,FALSE,TRUE,irHepatitis
FN1,CD8+ T cell 1,CD8+ T cell 3,6.98531156191697e-05,7.02422047770441e-05,2.51071661755233e-05,3.41716327463522e-05,all4,2,2,2,2,7.00476601981069e-05,2.96393994609378e-05,6.98531156191697e-05,7.02422047770441e-05,2.51071661755233e-05,3.41716327463522e-05,1.23830162200396,TRUE,TRUE,FALSE,TRUE,irHepatitis
FN1,Stellate cell,Macrophage 1,9.62899918357455e-05,9.07177235534672e-05,3.88321728964962e-05,4.03552794132712e-05,all4,2,2,2,2,9.35038576946063e-05,3.95937261548837e-05,9.07177235534672e-05,9.62899918357455e-05,3.88321728964962e-05,4.03552794132712e-05,1.23786833434658,TRUE,TRUE,FALSE,TRUE,irHepatitis
FN1,CD8+ T cell 2,Vascular endothelial cell,3.24752156979424e-05,3.99426849657951e-05,1.53272462306103e-05,1.52833817957205e-05,all4,2,2,2,2,3.62089503318688e-05,1.53053140131654e-05,3.24752156979424e-05,3.99426849657951e-05,1.52833817957205e-05,1.53272462306103e-05,1.23744163181262,TRUE,TRUE,FALSE,TRUE,irHepatitis
VEGF,CD8+ T cell 2,Hepatocyte 1,2.56800055313165e-05,2.29862781197115e-05,1.3492555138609e-05,7.08841444619322e-06,all4,2,2,2,2,2.4333141825514e-05,1.02904847924011e-05,2.29862781197115e-05,2.56800055313165e-05,7.08841444619322e-06,1.3492555138609e-05,1.23438252569896,TRUE,TRUE,FALSE,TRUE,irHepatitis
CCL,CD8+ T cell 1,Macrophage 1,0.000435026693866569,0.000684319136212227,0.00025954392566941,0.000218097384876491,all4,2,2,2,2,0.000559672915039398,0.00023882065527295,0.000435026693866569,0.000684319136212227,0.000218097384876491,0.00025954392566941,1.22834503807693,TRUE,TRUE,FALSE,TRUE,irHepatitis
FN1,Hepatocyte 2,Cholangiocyte,0.000148202951390579,0.000171328184057115,7.40738487222756e-05,6.26956915996511e-05,all4,2,2,2,2,0.000159765567723847,6.83847701609634e-05,0.000148202951390579,0.000171328184057115,6.26956915996511e-05,7.40738487222756e-05,1.22312570734102,TRUE,TRUE,FALSE,TRUE,irHepatitis
CCL,IgM+ B cell,Macrophage 1,9.71159277509191e-05,9.1911099271755e-05,4.59417013307721e-05,3.49381728287532e-05,all4,2,2,2,2,9.4513513511337e-05,4.04399370797627e-05,9.1911099271755e-05,9.71159277509191e-05,3.49381728287532e-05,4.59417013307721e-05,1.22290775077237,TRUE,TRUE,FALSE,TRUE,irHepatitis
VEGF,IgG+ B cell,Sinusoidal endothelial cell,2.87144112143505e-05,4.45287512744102e-05,2.64176108250111e-05,4.96639198811577e-06,all4,2,2,2,2,3.66215812443804e-05,1.56920014065634e-05,2.87144112143505e-05,4.45287512744102e-05,4.96639198811577e-06,2.64176108250111e-05,1.21796000332085,TRUE,TRUE,FALSE,TRUE,irHepatitis
VEGF,Hepatocyte 1,Hepatocyte 4,8.09982198282654e-05,0.000109424794121618,5.94489931861257e-05,2.24262323122925e-05,all4,2,2,2,2,9.52115069749416e-05,4.09376127492091e-05,8.09982198282654e-05,0.000109424794121618,2.24262323122925e-05,5.94489931861257e-05,1.21590570679751,TRUE,TRUE,FALSE,TRUE,irHepatitis
CCL,CD8+ T cell 2,CD8+ T cell 3,0.000697444412410597,0.00055797997912675,0.000330948362583782,0.00020995638691014,all4,2,2,2,2,0.000627712195768674,0.000270452374746961,0.00055797997912675,0.000697444412410597,0.00020995638691014,0.000330948362583782,1.21445578192074,TRUE,TRUE,FALSE,TRUE,irHepatitis
CSF,Stellate cell,Cholangiocyte,4.53745909787676e-05,5.64357485659876e-05,2.1016454218884e-05,2.28733093878156e-05,all4,2,2,2,2,5.09051697723776e-05,2.19448818033498e-05,4.53745909787676e-05,5.64357485659876e-05,2.1016454218884e-05,2.28733093878156e-05,1.21057495552818,TRUE,TRUE,FALSE,TRUE,irHepatitis
VEGF,Sinusoidal endothelial cell,Vascular endothelial cell,1.93504574490282e-05,3.98497823760046e-05,1.0589599751337e-05,1.48893382551283e-05,all4,2,2,2,2,2.96001199125164e-05,1.27394690032326e-05,1.93504574490282e-05,3.98497823760046e-05,1.0589599751337e-05,1.48893382551283e-05,1.21052748993414,TRUE,TRUE,FALSE,TRUE,irHepatitis
FN1,Hepatocyte 3,Stellate cell,7.70331591018324e-05,7.47533851709714e-05,1.69997824979583e-05,4.85053991456674e-05,all4,2,2,2,2,7.58932721364019e-05,3.27525908218129e-05,7.47533851709714e-05,7.70331591018324e-05,1.69997824979583e-05,4.85053991456674e-05,1.2101162563539,TRUE,TRUE,FALSE,TRUE,irHepatitis
CCL,CD8+ T cell 1,Cholangiocyte,0.000123887121144422,9.22186543742296e-05,5.5032557238504e-05,3.848591914486e-05,all4,2,2,2,2,0.000108052887759326,4.6759238191682e-05,9.22186543742296e-05,0.000123887121144422,3.848591914486e-05,5.5032557238504e-05,1.2068429409374,TRUE,TRUE,FALSE,TRUE,irHepatitis
FN1,CD8+ T cell 1,Macrophage 2,3.48668300008912e-05,3.48457165577688e-05,1.17866619020637e-05,1.83566013033001e-05,all4,2,2,2,2,3.485627327933e-05,1.50716316026819e-05,3.48457165577688e-05,3.48668300008912e-05,1.17866619020637e-05,1.83566013033001e-05,1.20471868362731,TRUE,TRUE,FALSE,TRUE,irHepatitis
CSF,CD8+ T cell 2,Sinusoidal endothelial cell,1.71209803739445e-05,2.42519308506543e-05,5.65179472300384e-05,3.90356974217435e-05,all4,2,2,2,2,2.06864556122994e-05,4.7776822325891e-05,1.71209803739445e-05,2.42519308506543e-05,3.90356974217435e-05,5.65179472300384e-05,-1.20408018901347,TRUE,FALSE,TRUE,TRUE,AIH
VEGF,Hepatocyte 1,CD8+ T cell 2,9.01120837806257e-05,0.000145113617742129,7.09696285217967e-05,3.11221227278766e-05,all4,2,2,2,2,0.000117612850761378,5.10458756248366e-05,9.01120837806257e-05,0.000145113617742129,3.11221227278766e-05,7.09696285217967e-05,1.20274305999435,TRUE,TRUE,FALSE,TRUE,irHepatitis
CSF,Macrophage 1,IgM+ B cell,1.75762363528187e-05,8.57064226336044e-06,6.00543083531095e-06,5.25526844433346e-06,all4,2,2,2,2,1.30734393080896e-05,5.6303496398222e-06,8.57064226336044e-06,1.75762363528187e-05,5.25526844433346e-06,6.00543083531095e-06,1.20237471218376,TRUE,TRUE,FALSE,TRUE,irHepatitis
CSF,Stellate cell,Stellate cell,0.000121431518482226,9.56823760274473e-05,4.9005695866507e-05,4.52601558827883e-05,all4,2,2,2,2,0.000108556947254837,4.71329258746476e-05,9.56823760274473e-05,0.000121431518482226,4.52601558827883e-05,4.9005695866507e-05,1.20208993231852,TRUE,TRUE,FALSE,TRUE,irHepatitis
FN1,Macrophage 1,CD4+ T cell,4.61001560067901e-05,2.21628652465874e-05,1.41762477653327e-05,1.54561917701392e-05,all4,2,2,2,2,3.41315106266888e-05,1.48162197677359e-05,2.21628652465874e-05,4.61001560067901e-05,1.41762477653327e-05,1.54561917701392e-05,1.19899416868087,TRUE,TRUE,FALSE,TRUE,irHepatitis
CSF,Macrophage 1,CD8+ T cell 3,3.14111588680406e-05,3.6939146184747e-05,1.72182307710559e-05,1.24780982186712e-05,all4,2,2,2,2,3.41751525263938e-05,1.48481644948636e-05,3.14111588680406e-05,3.6939146184747e-05,1.24780982186712e-05,1.72182307710559e-05,1.19774436274397,TRUE,TRUE,FALSE,TRUE,irHepatitis
CCL,CD8+ T cell 2,Macrophage 1,0.000754187776209326,0.00105315382557086,0.000484168670949676,0.0003051319057412,all4,2,2,2,2,0.000903670800890091,0.000394650288345438,0.000754187776209326,0.00105315382557086,0.0003051319057412,0.000484168670949676,1.19503740584846,TRUE,TRUE,FALSE,TRUE,irHepatitis
CCL,CD4+ T cell,Cholangiocyte,7.39955597986486e-05,5.49824041942626e-05,3.06042062472991e-05,2.56625033201112e-05,all4,2,2,2,2,6.44889819964556e-05,2.81333547837052e-05,5.49824041942626e-05,7.39955597986486e-05,2.56625033201112e-05,3.06042062472991e-05,1.1941779313951,TRUE,TRUE,FALSE,TRUE,irHepatitis
CSF,IgG+ plasmablast / plasma cell,Stellate cell,2.35884837007649e-05,1.12192741261282e-05,8.00025176725297e-06,7.1281783893796e-06,all4,2,2,2,2,1.74038789134466e-05,7.56421507831628e-06,1.12192741261282e-05,2.35884837007649e-05,7.1281783893796e-06,8.00025176725297e-06,1.19253387831629,TRUE,TRUE,FALSE,TRUE,irHepatitis
IL2,Macrophage 2,CD8+ T cell 1,8.69881689877813e-06,7.10616682700259e-06,2.90735884385816e-06,3.91070428044088e-06,all4,2,2,2,2,7.90249186289036e-06,3.40903156214952e-06,7.10616682700259e-06,8.69881689877813e-06,2.90735884385816e-06,3.91070428044088e-06,1.19171158095622,TRUE,TRUE,FALSE,TRUE,irHepatitis
CSF,Vascular endothelial cell,IgM+ B cell,0.000179913754657408,6.49488477940406e-05,4.79300335068142e-05,5.91710568439524e-05,all4,2,2,2,2,0.000122431301225724,5.35505451753833e-05,6.49488477940406e-05,0.000179913754657408,4.79300335068142e-05,5.91710568439524e-05,1.1916382166502,TRUE,TRUE,FALSE,TRUE,irHepatitis
FN1,Macrophage 1,IgG+ B cell,1.92840602987461e-05,2.01589706251655e-05,1.03904677865692e-05,6.79890045366893e-06,all4,2,2,2,2,1.97215154619558e-05,8.59468412011906e-06,1.92840602987461e-05,2.01589706251655e-05,6.79890045366893e-06,1.03904677865692e-05,1.18980277056803,TRUE,TRUE,FALSE,TRUE,irHepatitis
CSF,Hepatocyte 4,Macrophage 2,5.40561129251237e-05,7.07965000182192e-05,2.08756570736987e-05,3.39598466088764e-05,all4,2,2,2,2,6.24263064716714e-05,2.74177518412875e-05,5.40561129251237e-05,7.07965000182192e-05,2.08756570736987e-05,3.39598466088764e-05,1.18439708257383,TRUE,TRUE,FALSE,TRUE,irHepatitis
VEGF,Sinusoidal endothelial cell,CD4+ T cell,9.17463918451932e-07,1.89800963849451e-06,4.00006712394798e-06,2.62652538360095e-06,all4,2,2,2,2,1.40773677847322e-06,3.31329625377446e-06,9.17463918451932e-07,1.89800963849451e-06,2.62652538360095e-06,4.00006712394798e-06,-1.18419957377565,TRUE,FALSE,TRUE,TRUE,AIH
CCL,Hepatocyte 3,Hepatocyte 3,2.15573908667337e-05,1.1080522848137e-05,4.57449201576514e-05,2.86438449859378e-05,all4,2,2,2,2,1.63189568574353e-05,3.71943825717946e-05,1.1080522848137e-05,2.15573908667337e-05,2.86438449859378e-05,4.57449201576514e-05,-1.18409257159653,TRUE,FALSE,TRUE,TRUE,AIH
FN1,Stellate cell,CD8+ T cell 1,7.91524913752638e-05,0.000117680905748176,4.51183063445087e-05,4.1636546972627e-05,all4,2,2,2,2,9.841669856172e-05,4.33774266585679e-05,7.91524913752638e-05,0.000117680905748176,4.1636546972627e-05,4.51183063445087e-05,1.18028889552755,TRUE,TRUE,FALSE,TRUE,irHepatitis
CCL,Macrophage 1,IgG+ plasmablast / plasma cell,3.86096652626599e-05,4.27800819506903e-07,4.80847939296968e-05,4.05922034366351e-05,all4,2,2,2,2,1.95187330410834e-05,4.43384986831659e-05,4.27800819506903e-07,3.86096652626599e-05,4.05922034366351e-05,4.80847939296968e-05,-1.17999294888205,TRUE,FALSE,TRUE,TRUE,AIH
CSF,Hepatocyte 4,Macrophage 1,0.000175897879430519,0.000350464557388875,0.000133612797164392,9.87019043517017e-05,all4,2,2,2,2,0.000263181218409697,0.000116157350758047,0.000175897879430519,0.000350464557388875,9.87019043517017e-05,0.000133612797164392,1.17935262672616,TRUE,TRUE,FALSE,TRUE,irHepatitis
IL2,IgG+ B cell,Hepatocyte 1,3.88352036667912e-08,4.08628454888461e-09,2.75700672896133e-07,4.88814178005469e-08,all4,2,2,2,2,2.14607441078379e-08,1.6229104534834e-07,4.08628454888461e-09,3.88352036667912e-08,4.88814178005469e-08,2.75700672896133e-07,-1.17923596660291,TRUE,FALSE,TRUE,TRUE,AIH
VEGF,Hepatocyte 4,Stellate cell,6.99613469702718e-05,5.18698827671778e-05,2.80379185068049e-05,2.57016135894636e-05,all4,2,2,2,2,6.09156148687248e-05,2.68697660481342e-05,5.18698827671778e-05,6.99613469702718e-05,2.57016135894636e-05,2.80379185068049e-05,1.1781368751838,TRUE,TRUE,FALSE,TRUE,irHepatitis
CSF,IgM+ B cell,Macrophage 2,5.58294139944035e-05,3.65738475728286e-05,1.92429766027546e-05,2.16064426147135e-05,all4,2,2,2,2,4.62016307836161e-05,2.04247096087341e-05,3.65738475728286e-05,5.58294139944035e-05,1.92429766027546e-05,2.16064426147135e-05,1.17409635250973,TRUE,TRUE,FALSE,TRUE,irHepatitis
CCL,Sinusoidal endothelial cell,Hepatocyte 4,8.79025118018178e-05,4.31594469848069e-05,2.63367651607677e-05,3.17040039406095e-05,all4,2,2,2,2,6.55309793933124e-05,2.90203845506886e-05,4.31594469848069e-05,8.79025118018178e-05,2.63367651607677e-05,3.17040039406095e-05,1.17262583224559,TRUE,TRUE,FALSE,TRUE,irHepatitis
CCL,Stellate cell,CD8+ T cell 2,8.52433049111325e-05,4.81793493762677e-05,2.41699501496394e-05,3.5057858043867e-05,all4,2,2,2,2,6.67113271437001e-05,2.96139040967532e-05,4.81793493762677e-05,8.52433049111325e-05,2.41699501496394e-05,3.5057858043867e-05,1.1692267495644,TRUE,TRUE,FALSE,TRUE,irHepatitis
FN1,Stellate cell,CD8+ T cell 3,0.000101119813696779,0.000114558308894775,4.57132915758469e-05,5.02019191875025e-05,all4,2,2,2,2,0.000107839061295777,4.79576053816747e-05,0.000101119813696779,0.000114558308894775,4.57132915758469e-05,5.02019191875025e-05,1.16754851828613,TRUE,TRUE,FALSE,TRUE,irHepatitis
VEGF,CD8+ T cell 3,CD8+ T cell 1,2.72036382207606e-05,1.8275372139365e-05,1.16523706352442e-05,8.50733900660437e-06,all4,2,2,2,2,2.27395051800628e-05,1.00798548209243e-05,1.8275372139365e-05,2.72036382207606e-05,8.50733900660437e-06,1.16523706352442e-05,1.16660793393699,TRUE,TRUE,FALSE,TRUE,irHepatitis
VEGF,Hepatocyte 2,Stellate cell,3.81540875011496e-05,4.51825994888593e-05,1.883677583268e-05,1.82450756845267e-05,all4,2,2,2,2,4.16683434950045e-05,1.85409257586033e-05,3.81540875011496e-05,4.51825994888593e-05,1.82450756845267e-05,1.883677583268e-05,1.16436916999137,TRUE,TRUE,FALSE,TRUE,irHepatitis
IL2,CD8+ T cell 2,Hepatocyte 2,0,0,7.3507211369228e-08,1.49390153924913e-07,all4,2,2,2,2,0,1.1144868264707e-07,0,0,7.3507211369228e-08,1.49390153924913e-07,-1.16325349855091,TRUE,FALSE,TRUE,TRUE,AIH
CCL,Sinusoidal endothelial cell,Cholangiocyte,8.47948264849542e-05,4.74075725876457e-05,2.79854227203759e-05,3.09800421017512e-05,all4,2,2,2,2,6.61011995362999e-05,2.94827324110636e-05,4.74075725876457e-05,8.47948264849542e-05,2.79854227203759e-05,3.09800421017512e-05,1.16237441511788,TRUE,TRUE,FALSE,TRUE,irHepatitis
VEGF,CD8+ T cell 2,Hepatocyte 2,2.1630434199881e-05,2.88240938418143e-05,1.64724991850549e-05,6.02989232709793e-06,all4,2,2,2,2,2.52272640208477e-05,1.12511957560764e-05,2.1630434199881e-05,2.88240938418143e-05,6.02989232709793e-06,1.64724991850549e-05,1.15855537688696,TRUE,TRUE,FALSE,TRUE,irHepatitis
CCL,Cholangiocyte,Sinusoidal endothelial cell,9.25619863553982e-06,3.9347478735189e-06,1.61517456256424e-05,1.34776119430472e-05,all4,2,2,2,2,6.59547325452936e-06,1.48146787843448e-05,3.9347478735189e-06,9.25619863553982e-06,1.34776119430472e-05,1.61517456256424e-05,-1.15667492524175,TRUE,FALSE,TRUE,TRUE,AIH
CSF,Macrophage 2,CD8+ T cell 2,2.86565758497731e-06,4.32365071279574e-06,1.32279138535223e-06,1.81098294740713e-06,all4,2,2,2,2,3.59465414888652e-06,1.56688716637968e-06,2.86565758497731e-06,4.32365071279574e-06,1.32279138535223e-06,1.81098294740713e-06,1.1530991010173,TRUE,TRUE,FALSE,TRUE,irHepatitis
CCL,CD4+ T cell,Hepatocyte 3,2.25790513516906e-06,1.90238098094701e-06,4.62724386166852e-06,4.83113743528635e-06,all4,2,2,2,2,2.08014305805803e-06,4.72919064847743e-06,1.90238098094701e-06,2.25790513516906e-06,4.62724386166852e-06,4.83113743528635e-06,-1.15103523268148,TRUE,FALSE,TRUE,TRUE,AIH
VEGF,CD4+ T cell,Stellate cell,9.07793309629468e-06,5.4773287602241e-06,3.3525899757275e-06,3.13448608389305e-06,all4,2,2,2,2,7.27763092825939e-06,3.24353802981028e-06,5.4773287602241e-06,9.07793309629468e-06,3.13448608389305e-06,3.3525899757275e-06,1.14416898366571,TRUE,TRUE,FALSE,TRUE,irHepatitis
CSF,CD8+ T cell 1,Vascular endothelial cell,2.6811778800439e-05,1.38794399132236e-05,1.04125116256755e-05,7.93469949302269e-06,all4,2,2,2,2,2.03456093568313e-05,9.17360555934907e-06,1.38794399132236e-05,2.6811778800439e-05,7.93469949302269e-06,1.04125116256755e-05,1.14144757199592,TRUE,TRUE,FALSE,TRUE,irHepatitis
CCL,CD8+ T cell 3,Macrophage 2,0.000181150585314113,0.000235915798196547,9.3138249222935e-05,9.6026334482661e-05,all4,2,2,2,2,0.00020853319175533,9.4582291852798e-05,0.000181150585314113,0.000235915798196547,9.3138249222935e-05,9.6026334482661e-05,1.1398861781983,TRUE,TRUE,FALSE,TRUE,irHepatitis
FN1,CD8+ T cell 1,CD8+ T cell 2,8.4053288179289e-05,0.000103846347699765,3.94242031549396e-05,4.64472648244224e-05,all4,2,2,2,2,9.39498179395269e-05,4.2935733989681e-05,8.4053288179289e-05,0.000103846347699765,3.94242031549396e-05,4.64472648244224e-05,1.12807365964704,TRUE,TRUE,FALSE,TRUE,irHepatitis
FN1,Hepatocyte 4,Stellate cell,0.000159447996941737,0.000110252753587624,5.02489548857044e-05,7.32298268841601e-05,all4,2,2,2,2,0.000134850375264681,6.17393908849322e-05,0.000110252753587624,0.000159447996941737,5.02489548857044e-05,7.32298268841601e-05,1.12595857477794,TRUE,TRUE,FALSE,TRUE,irHepatitis
FN1,Macrophage 1,CD8+ T cell 1,4.38617322351762e-05,6.1669240941903e-05,2.1293892772942e-05,2.71711982653906e-05,all4,2,2,2,2,5.27654865885396e-05,2.42325455191663e-05,4.38617322351762e-05,6.1669240941903e-05,2.1293892772942e-05,2.71711982653906e-05,1.11976203531103,TRUE,TRUE,FALSE,TRUE,irHepatitis
IL2,Macrophage 1,CD8+ T cell 2,2.10197625563523e-05,2.61241127706897e-05,1.26515528976754e-05,8.95045477220445e-06,all4,2,2,2,2,2.3571937663521e-05,1.08010038349399e-05,2.10197625563523e-05,2.61241127706897e-05,8.95045477220445e-06,1.26515528976754e-05,1.11943803623458,TRUE,TRUE,FALSE,TRUE,irHepatitis
CCL,IgG+ plasmablast / plasma cell,Hepatocyte 3,4.04190533642691e-07,2.86394343236703e-06,4.41098644115063e-06,2.88514735478028e-06,all4,2,2,2,2,1.63406698300486e-06,3.64806689796545e-06,4.04190533642691e-07,2.86394343236703e-06,2.88514735478028e-06,4.41098644115063e-06,-1.1165191351535,TRUE,FALSE,TRUE,TRUE,AIH
CCL,CD4+ T cell,Hepatocyte 1,2.59620506267251e-06,1.49035000018842e-06,4.14518818817592e-06,4.9216569517705e-06,all4,2,2,2,2,2.04327753143046e-06,4.53342256997321e-06,1.49035000018842e-06,2.59620506267251e-06,4.14518818817592e-06,4.9216569517705e-06,-1.11592395512878,TRUE,FALSE,TRUE,TRUE,AIH
CSF,Stellate cell,Hepatocyte 3,1.64592339272546e-05,8.13143076789666e-06,4.19672886529085e-06,7.07853708306921e-06,all4,2,2,2,2,1.22953323475756e-05,5.63763297418003e-06,8.13143076789666e-06,1.64592339272546e-05,4.19672886529085e-06,7.07853708306921e-06,1.11263441461228,TRUE,TRUE,FALSE,TRUE,irHepatitis
FN1,Macrophage 2,Vascular endothelial cell,2.24022563012204e-05,2.2637045615785e-05,1.03291430174283e-05,1.0457394344079e-05,all4,2,2,2,2,2.25196509585027e-05,1.03932686807537e-05,2.24022563012204e-05,2.2637045615785e-05,1.03291430174283e-05,1.0457394344079e-05,1.10885707093052,TRUE,TRUE,FALSE,TRUE,irHepatitis
CCL,Stellate cell,CD4+ T cell,5.65062508981396e-05,2.51342670689339e-05,9.00818374446496e-05,8.57800091870078e-05,all4,2,2,2,2,4.08202589835367e-05,8.79309233158287e-05,2.51342670689339e-05,5.65062508981396e-05,8.57800091870078e-05,9.00818374446496e-05,-1.10538561725688,TRUE,FALSE,TRUE,TRUE,AIH
CCL,Macrophage 1,Macrophage 1,0.000323335752780866,0.000384632639555943,0.000182133401164701,0.000147066082834397,all4,2,2,2,2,0.000353984196168405,0.000164599741999549,0.000323335752780866,0.000384632639555943,0.000147066082834397,0.000182133401164701,1.10430145386798,TRUE,TRUE,FALSE,TRUE,irHepatitis
VEGF,Hepatocyte 1,Hepatocyte 1,0.000105612806772634,8.82024307965396e-05,6.57051021877649e-05,2.46067148591916e-05,all4,2,2,2,2,9.69076187845869e-05,4.51559085234783e-05,8.82024307965396e-05,0.000105612806772634,2.46067148591916e-05,6.57051021877649e-05,1.10016359836525,TRUE,TRUE,FALSE,TRUE,irHepatitis
CCL,CD8+ T cell 2,CD8+ T cell 1,0.00049710136400984,0.000424346685851791,0.000255255824138047,0.000175715700374339,all4,2,2,2,2,0.000460724024930815,0.000215485762256193,0.000424346685851791,0.00049710136400984,0.000175715700374339,0.000255255824138047,1.09598998109552,TRUE,TRUE,FALSE,TRUE,irHepatitis
CSF,CD8+ T cell 2,Macrophage 1,0.000314998892907572,0.00031033506800569,0.000181651003384635,0.000111241770882859,all4,2,2,2,2,0.000312666980456631,0.000146446387133747,0.00031033506800569,0.000314998892907572,0.000111241770882859,0.000181651003384635,1.09378362702723,TRUE,TRUE,FALSE,TRUE,irHepatitis
IL2,Vascular endothelial cell,Hepatocyte 2,0,0,2.02150849760319e-07,7.01826558856181e-10,all4,2,2,2,2,0,1.01426338159588e-07,0,0,7.01826558856181e-10,2.02150849760319e-07,-1.08959504760723,TRUE,FALSE,TRUE,TRUE,AIH
FN1,CD8+ T cell 1,IgG+ B cell,2.51838801425385e-05,3.09604186863182e-05,1.56200779618493e-05,1.06965406150867e-05,all4,2,2,2,2,2.80721494144284e-05,1.3158309288468e-05,2.51838801425385e-05,3.09604186863182e-05,1.06965406150867e-05,1.56200779618493e-05,1.08795463532715,TRUE,TRUE,FALSE,TRUE,irHepatitis
VEGF,Hepatocyte 4,CD8+ T cell 3,0.00016117813285621,0.000174537445016394,0.000111688197195036,4.63031733350447e-05,all4,2,2,2,2,0.000167857788936302,7.89956852650405e-05,0.00016117813285621,0.000174537445016394,4.63031733350447e-05,0.000111688197195036,1.08652522223282,TRUE,TRUE,FALSE,TRUE,irHepatitis
CCL,IgM+ B cell,Sinusoidal endothelial cell,5.68648202218137e-06,3.99297843914763e-06,1.27346238177612e-05,8.00225418650399e-06,all4,2,2,2,2,4.8397302306645e-06,1.03684390021326e-05,3.99297843914763e-06,5.68648202218137e-06,8.00225418650399e-06,1.27346238177612e-05,-1.08510153802961,TRUE,FALSE,TRUE,TRUE,AIH
CSF,Stellate cell,CD4+ T cell,6.23799790479939e-05,6.49161557129065e-05,2.95305997282481e-05,3.04790645597914e-05,all4,2,2,2,2,6.36480673804502e-05,3.00048321440198e-05,6.23799790479939e-05,6.49161557129065e-05,2.95305997282481e-05,3.04790645597914e-05,1.08264189469858,TRUE,TRUE,FALSE,TRUE,irHepatitis
CCL,CD8+ T cell 3,CD8+ T cell 1,0.000258661310897351,0.000370703746682569,0.00016258921947635,0.000136821005338234,all4,2,2,2,2,0.00031468252878996,0.000149705112407292,0.000258661310897351,0.000370703746682569,0.000136821005338234,0.00016258921947635,1.07131956278956,TRUE,TRUE,FALSE,TRUE,irHepatitis
CSF,Hepatocyte 2,Vascular endothelial cell,5.73557487906593e-06,2.2830527863287e-06,2.22741790302251e-06,1.498436072813e-06,all4,2,2,2,2,4.00931383269731e-06,1.86292698791776e-06,2.2830527863287e-06,5.73557487906593e-06,1.498436072813e-06,2.22741790302251e-06,1.0697809544697,TRUE,TRUE,FALSE,TRUE,irHepatitis
IL2,Vascular endothelial cell,Macrophage 1,6.75631479089624e-07,1.02047238530436e-07,7.74548963465821e-07,1.04825580402284e-06,all4,2,2,2,2,3.8883935881003e-07,9.11402383744331e-07,1.02047238530436e-07,6.75631479089624e-07,7.74548963465821e-07,1.04825580402284e-06,-1.0645566281199,TRUE,FALSE,TRUE,TRUE,AIH
VEGF,IgG+ plasmablast / plasma cell,Macrophage 2,1.8600454007381e-05,1.12786012041326e-05,7.80716581587644e-06,6.39548106692902e-06,all4,2,2,2,2,1.49395276057568e-05,7.10132344140273e-06,1.12786012041326e-05,1.8600454007381e-05,6.39548106692902e-06,7.80716581587644e-06,1.06348034008311,TRUE,TRUE,FALSE,TRUE,irHepatitis
CCL,CD8+ T cell 1,CD8+ T cell 2,0.000264545447727105,0.000207126715026102,0.000129773161285498,9.58860333728411e-05,all4,2,2,2,2,0.000235836081376604,0.00011282959732917,0.000207126715026102,0.000264545447727105,9.58860333728411e-05,0.000129773161285498,1.06303965552115,TRUE,TRUE,FALSE,TRUE,irHepatitis
VEGF,Stellate cell,IgM+ B cell,2.64703386698432e-05,2.54882972165494e-05,1.19736929487366e-05,1.29300840278839e-05,all4,2,2,2,2,2.59793179431963e-05,1.24518884883103e-05,2.54882972165494e-05,2.64703386698432e-05,1.19736929487366e-05,1.29300840278839e-05,1.05560387653134,TRUE,TRUE,FALSE,TRUE,irHepatitis
CCL,CD8+ T cell 1,CD8+ T cell 3,0.000356881797374741,0.000374242740304588,0.000189003339194621,0.000163063438899342,all4,2,2,2,2,0.000365562268839664,0.000176033389046981,0.000356881797374741,0.000374242740304588,0.000163063438899342,0.000189003339194621,1.05388620411032,TRUE,TRUE,FALSE,TRUE,irHepatitis
CSF,CD4+ T cell,Macrophage 2,8.56859237702611e-05,7.97142527338937e-05,4.11072820295223e-05,3.84956433207272e-05,all4,2,2,2,2,8.27000882520774e-05,3.98014626751248e-05,7.97142527338937e-05,8.56859237702611e-05,3.84956433207272e-05,4.11072820295223e-05,1.05337980325835,TRUE,TRUE,FALSE,TRUE,irHepatitis
VEGF,Sinusoidal endothelial cell,Hepatocyte 1,8.27061178811154e-06,1.0920000727261e-05,6.39578610442431e-06,2.78115805353384e-06,all4,2,2,2,2,9.59530625768628e-06,4.58847207897907e-06,8.27061178811154e-06,1.0920000727261e-05,2.78115805353384e-06,6.39578610442431e-06,1.04977527807907,TRUE,TRUE,FALSE,TRUE,irHepatitis
CCL,Cholangiocyte,CD8+ T cell 1,0.000151843631412487,7.9228376901104e-05,6.09857380174782e-05,5.06090007700975e-05,all4,2,2,2,2,0.000115536004156796,5.57973693937878e-05,7.9228376901104e-05,0.000151843631412487,5.06090007700975e-05,6.09857380174782e-05,1.04887297979218,TRUE,TRUE,FALSE,TRUE,irHepatitis
FN1,Hepatocyte 1,Vascular endothelial cell,5.56300926156731e-05,4.14862375485504e-05,2.69865439148758e-05,2.00461273409264e-05,all4,2,2,2,2,4.85581650821118e-05,2.35163356279011e-05,4.14862375485504e-05,5.56300926156731e-05,2.00461273409264e-05,2.69865439148758e-05,1.04321424901476,TRUE,TRUE,FALSE,TRUE,irHepatitis
FN1,Hepatocyte 3,Sinusoidal endothelial cell,9.84324776675221e-05,0.000111752262823237,4.18743050711213e-05,6.00689092576663e-05,all4,2,2,2,2,0.00010509237024538,5.09716071643938e-05,9.84324776675221e-05,0.000111752262823237,4.18743050711213e-05,6.00689092576663e-05,1.04258343323175,TRUE,TRUE,FALSE,TRUE,irHepatitis
CSF,IgM+ B cell,Vascular endothelial cell,2.56853985841604e-05,1.15239014797168e-05,9.70156570218771e-06,8.29933885905311e-06,all4,2,2,2,2,1.86046500319386e-05,9.00045228062041e-06,1.15239014797168e-05,2.56853985841604e-05,8.29933885905311e-06,9.70156570218771e-06,1.04020918246048,TRUE,TRUE,FALSE,TRUE,irHepatitis
CSF,CD8+ T cell 1,CD8+ T cell 2,4.03000883013515e-05,3.51424719667736e-05,2.01718207631784e-05,1.64404605018266e-05,all4,2,2,2,2,3.77212801340626e-05,1.83061406325025e-05,3.51424719667736e-05,4.03000883013515e-05,1.64404605018266e-05,2.01718207631784e-05,1.03941736445326,TRUE,TRUE,FALSE,TRUE,irHepatitis
VEGF,Vascular endothelial cell,Stellate cell,1.86757604483982e-05,2.05599276296657e-05,9.87168092587657e-06,9.12736932708943e-06,all4,2,2,2,2,1.9617844039032e-05,9.499525126483e-06,1.86757604483982e-05,2.05599276296657e-05,9.12736932708943e-06,9.87168092587657e-06,1.03924597354749,TRUE,TRUE,FALSE,TRUE,irHepatitis
VEGF,CD4+ T cell,Sinusoidal endothelial cell,3.95492608185163e-06,5.96838164602763e-06,1.39927265400113e-05,6.54893439034403e-06,all4,2,2,2,2,4.96165386393963e-06,1.02708304651776e-05,3.95492608185163e-06,5.96838164602763e-06,6.54893439034403e-06,1.39927265400113e-05,-1.0363257695423,TRUE,FALSE,TRUE,TRUE,AIH
IL2,Macrophage 2,CD4+ T cell,1.01469261955929e-05,4.20867076521924e-06,3.1388514478216e-06,3.76867738049869e-06,all4,2,2,2,2,7.17779848040608e-06,3.45376441416015e-06,4.20867076521924e-06,1.01469261955929e-05,3.1388514478216e-06,3.76867738049869e-06,1.03625541710321,TRUE,TRUE,FALSE,TRUE,irHepatitis
FN1,Stellate cell,Hepatocyte 4,0.000124571077687494,6.07108879440194e-05,3.52437204207256e-05,5.53485216689036e-05,all4,2,2,2,2,9.26409828157566e-05,4.52961210448146e-05,6.07108879440194e-05,0.000124571077687494,3.52437204207256e-05,5.53485216689036e-05,1.03080178531486,TRUE,TRUE,FALSE,TRUE,irHepatitis
CSF,Cholangiocyte,Stellate cell,6.19255280673767e-05,5.26461503809945e-05,2.98624725801947e-05,2.63866774159886e-05,all4,2,2,2,2,5.72858392241856e-05,2.81245749980916e-05,5.26461503809945e-05,6.19255280673767e-05,2.63866774159886e-05,2.98624725801947e-05,1.02400518650535,TRUE,TRUE,FALSE,TRUE,irHepatitis
CSF,Sinusoidal endothelial cell,IgM+ B cell,2.67767732800254e-05,3.07403032644319e-05,1.29448142395636e-05,1.5262748998822e-05,all4,2,2,2,2,2.87585382722287e-05,1.41037816191928e-05,2.67767732800254e-05,3.07403032644319e-05,1.29448142395636e-05,1.5262748998822e-05,1.02324408149051,TRUE,TRUE,FALSE,TRUE,irHepatitis
CCL,CD8+ T cell 1,CD8+ T cell 1,0.000372334087162919,0.000445313866718143,0.000216066116251822,0.000187100682452884,all4,2,2,2,2,0.000408823976940531,0.000201583399352353,0.000372334087162919,0.000445313866718143,0.000187100682452884,0.000216066116251822,1.0197769127332,TRUE,TRUE,FALSE,TRUE,irHepatitis
CCL,IgG+ plasmablast / plasma cell,Macrophage 1,9.15547461021859e-05,0.000112190428151362,6.07250477696951e-05,3.96961139441667e-05,all4,2,2,2,2,0.000101872587126774,5.02105808569309e-05,9.15547461021859e-05,0.000112190428151362,3.96961139441667e-05,6.07250477696951e-05,1.01939429200244,TRUE,TRUE,FALSE,TRUE,irHepatitis
VEGF,Macrophage 2,Hepatocyte 3,3.02886802338861e-06,4.18203418480107e-06,2.03665870098444e-06,1.43625506368727e-06,all4,2,2,2,2,3.60545110409484e-06,1.73645688233585e-06,3.02886802338861e-06,4.18203418480107e-06,1.43625506368727e-06,2.03665870098444e-06,1.01674051252168,TRUE,TRUE,FALSE,TRUE,irHepatitis
FN1,Vascular endothelial cell,Vascular endothelial cell,0.000202504432044432,0.000186026570751646,9.06633395930232e-05,0.000103557642430544,all4,2,2,2,2,0.000194265501398039,9.71104910117836e-05,0.000186026570751646,0.000202504432044432,9.06633395930232e-05,0.000103557642430544,0.999663138769398,TRUE,TRUE,FALSE,TRUE,irHepatitis
CCL,Sinusoidal endothelial cell,CD8+ T cell 3,0.000277745123829848,0.000332040453671665,0.000166699669756134,0.000138227908695353,all4,2,2,2,2,0.000304892788750756,0.000152463789225744,0.000277745123829848,0.000332040453671665,0.000138227908695353,0.000166699669756134,0.999410260017553,TRUE,TRUE,FALSE,TRUE,irHepatitis
IL2,CD8+ T cell 1,Hepatocyte 2,0,0,1.45691926971263e-07,3.37914282449037e-08,all4,2,2,2,2,0,8.97416776080836e-08,0,0,3.37914282449037e-08,1.45691926971263e-07,-0.998684391638237,TRUE,FALSE,TRUE,TRUE,AIH
IL2,Hepatocyte 2,Vascular endothelial cell,0,0,2.3243421166884e-08,1.55669023663925e-07,all4,2,2,2,2,0,8.94562224154043e-08,0,0,2.3243421166884e-08,1.55669023663925e-07,-0.996390160454937,TRUE,FALSE,TRUE,TRUE,AIH
FN1,IgM+ B cell,Hepatocyte 2,1.75522764864059e-05,2.03112091691328e-05,1.02516522479469e-05,8.64368236894799e-06,all4,2,2,2,2,1.89317428277694e-05,9.44766730844743e-06,1.75522764864059e-05,2.03112091691328e-05,8.64368236894799e-06,1.02516522479469e-05,0.995948192827823,TRUE,TRUE,FALSE,TRUE,irHepatitis
FN1,CD8+ T cell 2,Macrophage 2,0.000102448927751906,8.77532991914361e-05,3.61913401999627e-05,5.91109749809534e-05,all4,2,2,2,2,9.51011134716709e-05,4.7651157590458e-05,8.77532991914361e-05,0.000102448927751906,3.61913401999627e-05,5.91109749809534e-05,0.995594771774497,TRUE,TRUE,FALSE,TRUE,irHepatitis
FN1,IgM+ B cell,Hepatocyte 1,2.359470768723e-05,1.68554648859337e-05,1.00359767357362e-05,1.02330621192503e-05,all4,2,2,2,2,2.02250862865819e-05,1.01345194274932e-05,1.68554648859337e-05,2.359470768723e-05,1.00359767357362e-05,1.02330621192503e-05,0.990525074956917,TRUE,TRUE,FALSE,TRUE,irHepatitis
CCL,Macrophage 2,CD8+ T cell 1,7.82223863764831e-05,6.28383425484818e-05,3.69013078646133e-05,3.40311024648269e-05,all4,2,2,2,2,7.05303644624825e-05,3.54662051647201e-05,6.28383425484818e-05,7.82223863764831e-05,3.40311024648269e-05,3.69013078646133e-05,0.989984812266982,TRUE,TRUE,FALSE,TRUE,irHepatitis
VEGF,Hepatocyte 2,CD8+ T cell 2,3.99215318969499e-05,6.62241595526394e-05,3.67456639747825e-05,1.66138238576837e-05,all4,2,2,2,2,5.30728457247946e-05,2.66797439162331e-05,3.99215318969499e-05,6.62241595526394e-05,1.66138238576837e-05,3.67456639747825e-05,0.989817520330416,TRUE,TRUE,FALSE,TRUE,irHepatitis
IL2,Stellate cell,Macrophage 1,1.57685219630543e-06,3.65928841926317e-07,1.65280209503254e-06,2.37543640275397e-06,all4,2,2,2,2,9.71390519115872e-07,2.01411924889326e-06,3.65928841926317e-07,1.57685219630543e-06,1.65280209503254e-06,2.37543640275397e-06,-0.987324512266169,TRUE,FALSE,TRUE,TRUE,AIH
VEGF,Hepatocyte 4,Hepatocyte 1,6.18291332593048e-05,5.75506607185755e-05,4.4037895840975e-05,1.61227344058621e-05,all4,2,2,2,2,5.96898969889402e-05,3.00803151234185e-05,5.75506607185755e-05,6.18291332593048e-05,1.61227344058621e-05,4.4037895840975e-05,0.986532882222416,TRUE,TRUE,FALSE,TRUE,irHepatitis
CCL,CD4+ T cell,Macrophage 1,0.000142180931000886,7.34639637276135e-05,5.52094883383391e-05,5.37579838974861e-05,all4,2,2,2,2,0.00010782244736425,5.44837361179126e-05,7.34639637276135e-05,0.000142180931000886,5.37579838974861e-05,5.52094883383391e-05,0.983583799512424,TRUE,TRUE,FALSE,TRUE,irHepatitis
FN1,Stellate cell,CD4+ T cell,0.000107256980029275,0.000156242745081657,6.89660517234426e-05,6.42570493367031e-05,all4,2,2,2,2,0.000131749862555466,6.66115505300729e-05,0.000107256980029275,0.000156242745081657,6.42570493367031e-05,6.89660517234426e-05,0.982995449176803,TRUE,TRUE,FALSE,TRUE,irHepatitis
VEGF,Hepatocyte 1,Hepatocyte 2,6.88499023146676e-05,9.13788929049682e-05,6.16685260384131e-05,1.95243749914998e-05,all4,2,2,2,2,8.01143976098179e-05,4.05964505149565e-05,6.88499023146676e-05,9.13788929049682e-05,1.95243749914998e-05,6.16685260384131e-05,0.979134566371568,TRUE,TRUE,FALSE,TRUE,irHepatitis
CSF,Sinusoidal endothelial cell,Stellate cell,9.15610035382833e-05,5.65736808904507e-05,4.28008490078571e-05,3.24988259911669e-05,all4,2,2,2,2,7.4067342214367e-05,3.7649837499512e-05,5.65736808904507e-05,9.15610035382833e-05,3.24988259911669e-05,4.28008490078571e-05,0.974503100619055,TRUE,TRUE,FALSE,TRUE,irHepatitis
FN1,Macrophage 1,Sinusoidal endothelial cell,2.40589470720353e-05,5.25510158138919e-05,1.49324731372953e-05,2.40408529644704e-05,all4,2,2,2,2,3.83049814429636e-05,1.94866630508829e-05,2.40589470720353e-05,5.25510158138919e-05,1.49324731372953e-05,2.40408529644704e-05,0.971786290484554,TRUE,TRUE,FALSE,TRUE,irHepatitis
CSF,Hepatocyte 4,Hepatocyte 2,8.73581524865189e-06,8.09336072447557e-06,2.26662476231494e-05,1.0399175946184e-05,all4,2,2,2,2,8.41458798656373e-06,1.65327117846667e-05,8.09336072447557e-06,8.73581524865189e-06,1.0399175946184e-05,2.26662476231494e-05,-0.966850331754416,TRUE,FALSE,TRUE,TRUE,AIH
FN1,Stellate cell,Vascular endothelial cell,6.26099988236422e-05,7.83598419160562e-05,3.45462506023145e-05,3.76619237419303e-05,all4,2,2,2,2,7.04849203698492e-05,3.61040871721224e-05,6.26099988236422e-05,7.83598419160562e-05,3.45462506023145e-05,3.76619237419303e-05,0.963403397978365,TRUE,TRUE,FALSE,TRUE,irHepatitis
CSF,Hepatocyte 3,Cholangiocyte,2.80188011414283e-06,1.35861715555855e-06,3.74176943052699e-06,4.52186512070108e-06,all4,2,2,2,2,2.08024863485069e-06,4.13181727561403e-06,1.35861715555855e-06,2.80188011414283e-06,3.74176943052699e-06,4.52186512070108e-06,-0.960034307971584,TRUE,FALSE,TRUE,TRUE,AIH
IL2,CD8+ T cell 2,CD4+ T cell,2.0673547935401e-06,1.33463243273744e-06,1.01452815533044e-06,6.51306690683489e-07,all4,2,2,2,2,1.70099361313877e-06,8.32917423006965e-07,1.33463243273744e-06,2.0673547935401e-06,6.51306690683489e-07,1.01452815533044e-06,0.956558265452933,TRUE,TRUE,FALSE,TRUE,irHepatitis
CCL,CD8+ T cell 1,Macrophage 2,0.000193944611505777,0.000240285652789007,0.000118266589030354,0.000106083961869871,all4,2,2,2,2,0.000217115132147392,0.000112175275450112,0.000193944611505777,0.000240285652789007,0.000106083961869871,0.000118266589030354,0.952147018372396,TRUE,TRUE,FALSE,TRUE,irHepatitis
CSF,Vascular endothelial cell,CD4+ T cell,0.000103712355167162,8.66872095415111e-05,5.04466537459421e-05,4.81576453991898e-05,all4,2,2,2,2,9.51997823543363e-05,4.93021495725659e-05,8.66872095415111e-05,0.000103712355167162,4.81576453991898e-05,5.04466537459421e-05,0.948041097973203,TRUE,TRUE,FALSE,TRUE,irHepatitis
CCL,Stellate cell,Macrophage 1,0.000209854217574561,0.000170135770853596,9.21240729295254e-05,0.000104893747625301,all4,2,2,2,2,0.000189994994214079,9.85089102774132e-05,0.000170135770853596,0.000209854217574561,9.21240729295254e-05,0.000104893747625301,0.947001704454857,TRUE,TRUE,FALSE,TRUE,irHepatitis
VEGF,Sinusoidal endothelial cell,Hepatocyte 2,6.70972023413473e-06,1.07556033800896e-05,6.27261731012627e-06,2.70428902503252e-06,all4,2,2,2,2,8.73266180711218e-06,4.4884531675794e-06,6.70972023413473e-06,1.07556033800896e-05,2.70428902503252e-06,6.27261731012627e-06,0.946368032310651,TRUE,TRUE,FALSE,TRUE,irHepatitis
FN1,Macrophage 1,CD8+ T cell 3,5.48799909615028e-05,6.55982285549859e-05,2.89521930877477e-05,3.34837410981308e-05,all4,2,2,2,2,6.02391097582444e-05,3.12179670929392e-05,5.48799909615028e-05,6.55982285549859e-05,2.89521930877477e-05,3.34837410981308e-05,0.946326553034971,TRUE,TRUE,FALSE,TRUE,irHepatitis
VEGF,Hepatocyte 2,Macrophage 2,1.58356366799392e-05,2.15633182862524e-05,9.15976044084206e-06,1.01708385647698e-05,all4,2,2,2,2,1.86994774830958e-05,9.66529950280591e-06,1.58356366799392e-05,2.15633182862524e-05,9.15976044084206e-06,1.01708385647698e-05,0.945673590079628,TRUE,TRUE,FALSE,TRUE,irHepatitis
CSF,Macrophage 2,Hepatocyte 1,2.52134986711241e-06,1.8140864049636e-06,8.57059533293863e-07,1.31788650183487e-06,all4,2,2,2,2,2.167718136038e-06,1.08747301756436e-06,1.8140864049636e-06,2.52134986711241e-06,8.57059533293863e-07,1.31788650183487e-06,0.939226744043631,TRUE,TRUE,FALSE,TRUE,irHepatitis
FN1,CD4+ T cell,Macrophage 2,2.14390887858102e-05,3.74917444190928e-05,1.47951341569451e-05,1.58776579262012e-05,all4,2,2,2,2,2.94654166024515e-05,1.53363960415732e-05,2.14390887858102e-05,3.74917444190928e-05,1.47951341569451e-05,1.58776579262012e-05,0.938025723269045,TRUE,TRUE,FALSE,TRUE,irHepatitis
FN1,Hepatocyte 1,IgG+ B cell,8.3611518917459e-05,5.83210872556514e-05,4.43215424475723e-05,3.00192519595951e-05,all4,2,2,2,2,7.09663030865552e-05,3.71703972035837e-05,5.83210872556514e-05,8.3611518917459e-05,3.00192519595951e-05,4.43215424475723e-05,0.93132131528883,TRUE,TRUE,FALSE,TRUE,irHepatitis
VEGF,Hepatocyte 4,CD8+ T cell 1,8.48033264488288e-05,0.000115995015625704,6.84732026876899e-05,3.69849360227588e-05,all4,2,2,2,2,0.000100399171037266,5.27290693552244e-05,8.48033264488288e-05,0.000115995015625704,3.69849360227588e-05,6.84732026876899e-05,0.92791047757016,TRUE,TRUE,FALSE,TRUE,irHepatitis
CSF,IgM+ B cell,Sinusoidal endothelial cell,2.57757106059741e-06,1.60940395738606e-06,4.7240061493252e-06,3.38183496544619e-06,all4,2,2,2,2,2.09348750899173e-06,4.05292055738569e-06,1.60940395738606e-06,2.57757106059741e-06,3.38183496544619e-06,4.7240061493252e-06,-0.924043386991843,TRUE,FALSE,TRUE,TRUE,AIH
IL2,CD8+ T cell 3,CD8+ T cell 1,7.88537789560337e-06,1.50093419455629e-05,6.75456489157748e-06,5.22793916101263e-06,all4,2,2,2,2,1.14473599205831e-05,5.99125202629506e-06,7.88537789560337e-06,1.50093419455629e-05,5.22793916101263e-06,6.75456489157748e-06,0.923883439776118,TRUE,TRUE,FALSE,TRUE,irHepatitis
VEGF,Vascular endothelial cell,Hepatocyte 3,2.34353879243559e-06,1.56625220149488e-06,5.12587527362716e-06,2.45313543881498e-06,all4,2,2,2,2,1.95489549696524e-06,3.78950535622107e-06,1.56625220149488e-06,2.34353879243559e-06,2.45313543881498e-06,5.12587527362716e-06,-0.923877105607275,TRUE,FALSE,TRUE,TRUE,AIH
CCL,CD8+ T cell 3,Vascular endothelial cell,5.90391543052166e-05,3.1102736421684e-05,2.65285836427498e-05,2.09338260823175e-05,all4,2,2,2,2,4.50709453634503e-05,2.37312048625337e-05,3.1102736421684e-05,5.90391543052166e-05,2.09338260823175e-05,2.65285836427498e-05,0.922832003210407,TRUE,TRUE,FALSE,TRUE,irHepatitis
CCL,Hepatocyte 3,CD8+ T cell 1,9.29138156521478e-05,9.45341037458896e-05,5.99753881436963e-05,3.94544565114205e-05,all4,2,2,2,2,9.37239596990187e-05,4.97149223275584e-05,9.29138156521478e-05,9.45341037458896e-05,3.94544565114205e-05,5.99753881436963e-05,0.913515563657913,TRUE,TRUE,FALSE,TRUE,irHepatitis
CSF,Hepatocyte 2,Sinusoidal endothelial cell,9.4132330135898e-06,9.44495896857599e-06,1.80971856853638e-05,1.75792481553773e-05,all4,2,2,2,2,9.42909599108289e-06,1.78382169203706e-05,9.4132330135898e-06,9.44495896857599e-06,1.75792481553773e-05,1.80971856853638e-05,-0.913342246919038,TRUE,FALSE,TRUE,TRUE,AIH
CCL,Sinusoidal endothelial cell,Macrophage 1,0.000559776241095671,0.000539928877254241,0.000310460468934259,0.000275046642731344,all4,2,2,2,2,0.000549852559174956,0.000292753555832801,0.000539928877254241,0.000559776241095671,0.000275046642731344,0.000310460468934259,0.909151008677537,TRUE,TRUE,FALSE,TRUE,irHepatitis
CSF,Hepatocyte 3,CD8+ T cell 3,5.01843983930424e-06,6.15108811073761e-06,1.25629686643532e-05,8.55733358096885e-06,all4,2,2,2,2,5.58476397502092e-06,1.0560151122661e-05,5.01843983930424e-06,6.15108811073761e-06,8.55733358096885e-06,1.25629686643532e-05,-0.908252822723174,TRUE,FALSE,TRUE,TRUE,AIH
VEGF,Hepatocyte 1,Sinusoidal endothelial cell,0.000585027974292964,0.000799126408942876,0.000437068951962519,0.000300750173048003,all4,2,2,2,2,0.00069207719161792,0.000368909562505261,0.000585027974292964,0.000799126408942876,0.000300750173048003,0.000437068951962519,0.907501626668052,TRUE,TRUE,FALSE,TRUE,irHepatitis
CCL,Hepatocyte 1,Macrophage 2,0.00022350276021561,0.000159996189814333,0.000103102968920298,0.000101262089467914,all4,2,2,2,2,0.000191749475014971,0.000102182529194106,0.000159996189814333,0.00022350276021561,0.000101262089467914,0.000103102968920298,0.907481554181557,TRUE,TRUE,FALSE,TRUE,irHepatitis
CSF,Hepatocyte 3,Macrophage 1,4.61351377445425e-05,4.94902782418419e-05,2.86006083029041e-05,2.22967748890906e-05,all4,2,2,2,2,4.78127079931922e-05,2.54486915959973e-05,4.61351377445425e-05,4.94902782418419e-05,2.22967748890906e-05,2.86006083029041e-05,0.907425091286398,TRUE,TRUE,FALSE,TRUE,irHepatitis
CCL,Stellate cell,IgM+ B cell,6.64713177668937e-05,4.23344799423155e-05,0.000102759924337849,0.000101475539088599,all4,2,2,2,2,5.44028988546046e-05,0.000102117731713224,4.23344799423155e-05,6.64713177668937e-05,0.000101475539088599,0.000102759924337849,-0.907365358080772,TRUE,FALSE,TRUE,TRUE,AIH
FN1,IgG+ B cell,Vascular endothelial cell,2.76468109250477e-05,1.46572513226697e-05,9.28292551054884e-06,1.33403153170168e-05,all4,2,2,2,2,2.11520311238587e-05,1.13116204137828e-05,1.46572513226697e-05,2.76468109250477e-05,9.28292551054884e-06,1.33403153170168e-05,0.897688378832338,TRUE,TRUE,FALSE,TRUE,irHepatitis
FN1,Macrophage 1,CD8+ T cell 2,7.11318275880847e-05,0.000107706326429404,4.66448633765808e-05,4.9372587179337e-05,all4,2,2,2,2,8.94190770087442e-05,4.80087252779589e-05,7.11318275880847e-05,0.000107706326429404,4.66448633765808e-05,4.9372587179337e-05,0.896036642175852,TRUE,TRUE,FALSE,TRUE,irHepatitis
VEGF,Hepatocyte 4,Hepatocyte 2,4.97465082071281e-05,6.19486565740152e-05,4.48844750643666e-05,1.51452200559421e-05,all4,2,2,2,2,5.58475823905716e-05,3.00148475601544e-05,4.97465082071281e-05,6.19486565740152e-05,1.51452200559421e-05,4.48844750643666e-05,0.89382417980359,TRUE,TRUE,FALSE,TRUE,irHepatitis
IL2,Hepatocyte 2,Macrophage 2,0,1.49483528514865e-08,2.23389560970383e-08,1.59705691114023e-07,all4,2,2,2,2,7.47417642574326e-09,9.10223236055307e-08,0,1.49483528514865e-08,2.23389560970383e-08,1.59705691114023e-07,-0.893721165297937,TRUE,FALSE,TRUE,TRUE,AIH
CSF,Hepatocyte 2,Macrophage 2,2.44020348881833e-05,3.03086121449608e-05,1.14948088063807e-05,1.78860173809061e-05,all4,2,2,2,2,2.7355323516572e-05,1.46904130936434e-05,2.44020348881833e-05,3.03086121449608e-05,1.14948088063807e-05,1.78860173809061e-05,0.89287800707948,TRUE,TRUE,FALSE,TRUE,irHepatitis
CSF,Hepatocyte 2,Macrophage 1,8.31923296120021e-05,0.000114761433954755,6.05454692929808e-05,4.60973342624623e-05,all4,2,2,2,2,9.89768817833785e-05,5.33214017777216e-05,8.31923296120021e-05,0.000114761433954755,4.60973342624623e-05,6.05454692929808e-05,0.891256270044849,TRUE,TRUE,FALSE,TRUE,irHepatitis
FN1,CD8+ T cell 1,Macrophage 1,4.55043171151009e-05,5.35921434197332e-05,2.12282465136818e-05,3.21360224918959e-05,all4,2,2,2,2,4.95482302674171e-05,2.66821345027888e-05,4.55043171151009e-05,5.35921434197332e-05,2.12282465136818e-05,3.21360224918959e-05,0.890721857027406,TRUE,TRUE,FALSE,TRUE,irHepatitis
IL2,Hepatocyte 3,Hepatocyte 1,2.62129817457489e-08,2.14104490723213e-10,1.18012935569216e-07,8.34375423115798e-08,all4,2,2,2,2,1.3213543118236e-08,1.00725238940398e-07,2.14104490723213e-10,2.62129817457489e-08,8.34375423115798e-08,1.18012935569216e-07,-0.88646951058638,TRUE,FALSE,TRUE,TRUE,AIH
CCL,Stellate cell,Sinusoidal endothelial cell,2.88781394453908e-05,1.41491722943449e-05,4.98906524909912e-05,2.97302267064395e-05,all4,2,2,2,2,2.15136558698678e-05,3.98104395987153e-05,1.41491722943449e-05,2.88781394453908e-05,2.97302267064395e-05,4.98906524909912e-05,-0.885132060319974,TRUE,FALSE,TRUE,TRUE,AIH
FN1,Sinusoidal endothelial cell,Hepatocyte 2,7.20011611743783e-05,0.000129846895113097,4.40977250193893e-05,6.52313529651336e-05,all4,2,2,2,2,0.000100924028143737,5.46645389922615e-05,7.20011611743783e-05,0.000129846895113097,4.40977250193893e-05,6.52313529651336e-05,0.883506327955215,TRUE,TRUE,FALSE,TRUE,irHepatitis
FN1,CD8+ T cell 2,CD4+ T cell,8.06950113119298e-05,0.00013075762768168,5.97016084803518e-05,5.48341385470028e-05,all4,2,2,2,2,0.000105726319496805,5.72678735136773e-05,8.06950113119298e-05,0.00013075762768168,5.48341385470028e-05,5.97016084803518e-05,0.883499787904755,TRUE,TRUE,FALSE,TRUE,irHepatitis
VEGF,Stellate cell,CD8+ T cell 3,1.79769964833064e-05,2.38649030845846e-05,1.34771645444546e-05,9.14605339953373e-06,all4,2,2,2,2,2.09209497839455e-05,1.13116089719942e-05,1.79769964833064e-05,2.38649030845846e-05,9.14605339953373e-06,1.34771645444546e-05,0.881909414925305,TRUE,TRUE,FALSE,TRUE,irHepatitis
FN1,Macrophage 1,Hepatocyte 3,3.40297014231423e-05,5.1253228733968e-05,1.860577051939e-05,2.76218870602849e-05,all4,2,2,2,2,4.26414650785552e-05,2.31138287898375e-05,3.40297014231423e-05,5.1253228733968e-05,1.860577051939e-05,2.76218870602849e-05,0.880938585100945,TRUE,TRUE,FALSE,TRUE,irHepatitis
CCL,Hepatocyte 3,CD8+ T cell 3,0.000101275050021577,0.000108876350645889,6.8943011066689e-05,4.50999405695651e-05,all4,2,2,2,2,0.000105075700333733,5.7021475818127e-05,0.000101275050021577,0.000108876350645889,4.50999405695651e-05,6.8943011066689e-05,0.880812767145121,TRUE,TRUE,FALSE,TRUE,irHepatitis
CCL,Macrophage 1,Sinusoidal endothelial cell,2.76358173427024e-05,2.05196958287566e-05,5.80700136561969e-05,3.0051651296827e-05,all4,2,2,2,2,2.40777565857295e-05,4.4060832476512e-05,2.05196958287566e-05,2.76358173427024e-05,3.0051651296827e-05,5.80700136561969e-05,-0.869359633172855,TRUE,FALSE,TRUE,TRUE,AIH
IL2,CD8+ T cell 3,Hepatocyte 2,0,0,7.63448026407495e-08,7.22460570572383e-08,all4,2,2,2,2,0,7.42954298489939e-08,0,0,7.22460570572383e-08,7.63448026407495e-08,-0.868980475153844,TRUE,FALSE,TRUE,TRUE,AIH
CSF,IgG+ B cell,Hepatocyte 3,1.41380886541765e-06,1.20190803220691e-06,3.27965353258596e-07,1.02768537437683e-06,all4,2,2,2,2,1.30785844881228e-06,6.77825363817712e-07,1.20190803220691e-06,1.41380886541765e-06,3.27965353258596e-07,1.02768537437683e-06,0.864448126472227,TRUE,TRUE,FALSE,TRUE,irHepatitis
CCL,Stellate cell,CD8+ T cell 3,0.000141295810084111,0.000105018379865932,6.44355286636696e-05,7.082914958164e-05,all4,2,2,2,2,0.000123157094975022,6.76323391226548e-05,0.000105018379865932,0.000141295810084111,6.44355286636696e-05,7.082914958164e-05,0.863850838109687,TRUE,TRUE,FALSE,TRUE,irHepatitis
CCL,CD4+ T cell,Macrophage 2,0.00011813985651556,0.000119593368604182,6.92979743574243e-05,6.13549004197265e-05,all4,2,2,2,2,0.000118866612559871,6.53264373885754e-05,0.00011813985651556,0.000119593368604182,6.13549004197265e-05,6.92979743574243e-05,0.862711311009142,TRUE,TRUE,FALSE,TRUE,irHepatitis
IL2,Macrophage 1,CD8+ T cell 1,1.43522701248497e-05,2.15311121149237e-05,9.80426362553733e-06,9.86001598116349e-06,all4,2,2,2,2,1.79416911198867e-05,9.83213980335041e-06,1.43522701248497e-05,2.15311121149237e-05,9.80426362553733e-06,9.86001598116349e-06,0.861817692359654,TRUE,TRUE,FALSE,TRUE,irHepatitis
CSF,CD8+ T cell 1,Sinusoidal endothelial cell,2.18130958761748e-05,1.92896950694534e-05,4.29964040554994e-05,3.15958530349488e-05,all4,2,2,2,2,2.05513954728141e-05,3.72961285452241e-05,1.92896950694534e-05,2.18130958761748e-05,3.15958530349488e-05,4.29964040554994e-05,-0.85696553086883,TRUE,FALSE,TRUE,TRUE,AIH
FN1,Macrophage 2,IgG+ B cell,2.5463250131688e-05,3.03506465886863e-05,1.95263963553065e-05,1.12155492352664e-05,all4,2,2,2,2,2.79069483601872e-05,1.53709727952864e-05,2.5463250131688e-05,3.03506465886863e-05,1.12155492352664e-05,1.95263963553065e-05,0.856642433029407,TRUE,TRUE,FALSE,TRUE,irHepatitis
VEGF,Hepatocyte 3,CD8+ T cell 1,1.1823639833157e-05,1.88262019081395e-05,9.0238526183041e-06,7.941206971409e-06,all4,2,2,2,2,1.53249208706482e-05,8.48252979485655e-06,1.1823639833157e-05,1.88262019081395e-05,7.941206971409e-06,9.0238526183041e-06,0.846541618974373,TRUE,TRUE,FALSE,TRUE,irHepatitis
CCL,IgG+ plasmablast / plasma cell,CD8+ T cell 1,8.87457389660579e-05,5.2852261429514e-05,4.72903845174334e-05,3.13774462079801e-05,all4,2,2,2,2,7.0799000197786e-05,3.93339153627067e-05,5.2852261429514e-05,8.87457389660579e-05,3.13774462079801e-05,4.72903845174334e-05,0.846492252590856,TRUE,TRUE,FALSE,TRUE,irHepatitis
FN1,Hepatocyte 1,Sinusoidal endothelial cell,0.000184236370554746,0.000286059977553936,0.000147539644221178,0.000114207163222787,all4,2,2,2,2,0.000235148174054341,0.000130873403721983,0.000184236370554746,0.000286059977553936,0.000114207163222787,0.000147539644221178,0.844958935511503,TRUE,TRUE,FALSE,TRUE,irHepatitis
CCL,Hepatocyte 3,Macrophage 1,0.000220583439906878,0.000193754606408805,0.000132913672409542,9.80921981485002e-05,all4,2,2,2,2,0.000207169023157841,0.000115502935279021,0.000193754606408805,0.000220583439906878,9.80921981485002e-05,0.000132913672409542,0.842382205997615,TRUE,TRUE,FALSE,TRUE,irHepatitis
CSF,Macrophage 1,Stellate cell,1.96336745722324e-05,9.11315269511597e-06,8.6781331883882e-06,7.28334812016015e-06,all4,2,2,2,2,1.43734136336742e-05,7.98074065427417e-06,9.11315269511597e-06,1.96336745722324e-05,7.28334812016015e-06,8.6781331883882e-06,0.841642574469497,TRUE,TRUE,FALSE,TRUE,irHepatitis
VEGF,Macrophage 2,Vascular endothelial cell,4.74503464757311e-05,0.00010074539063267,4.28938798285739e-05,3.97909811471098e-05,all4,2,2,2,2,7.40978685542006e-05,4.13424304878419e-05,4.74503464757311e-05,0.00010074539063267,3.97909811471098e-05,4.28938798285739e-05,0.840424290126748,TRUE,TRUE,FALSE,TRUE,irHepatitis
CCL,IgG+ plasmablast / plasma cell,Macrophage 2,8.21044818173793e-05,9.50564626031233e-05,5.20205334570571e-05,4.68820341495825e-05,all4,2,2,2,2,8.85804722102513e-05,4.94512838033198e-05,8.21044818173793e-05,9.50564626031233e-05,4.68820341495825e-05,5.20205334570571e-05,0.839823717202095,TRUE,TRUE,FALSE,TRUE,irHepatitis
FN1,Vascular endothelial cell,IgG+ B cell,0.000131236354339583,8.1435086930704e-05,5.98086278153414e-05,5.89982341044525e-05,all4,2,2,2,2,0.000106335720635143,5.9403430959897e-05,8.1435086930704e-05,0.000131236354339583,5.89982341044525e-05,5.98086278153414e-05,0.839045583381015,TRUE,TRUE,FALSE,TRUE,irHepatitis
CCL,Hepatocyte 4,CD8+ T cell 1,0.00025624157222605,0.000237839557005724,0.000176792986255334,9.95053564686189e-05,all4,2,2,2,2,0.000247040564615887,0.000138149171361977,0.000237839557005724,0.00025624157222605,9.95053564686189e-05,0.000176792986255334,0.838107410772808,TRUE,TRUE,FALSE,TRUE,irHepatitis
VEGF,CD8+ T cell 1,Sinusoidal endothelial cell,3.06414730601288e-05,6.07324305414989e-05,2.8994122598228e-05,2.20654792078134e-05,all4,2,2,2,2,4.56869518008139e-05,2.55298009030207e-05,3.06414730601288e-05,6.07324305414989e-05,2.20654792078134e-05,2.8994122598228e-05,0.837364476952279,TRUE,TRUE,FALSE,TRUE,irHepatitis
VEGF,Hepatocyte 3,Macrophage 1,1.65223335842973e-05,1.53221762077611e-05,9.34521494802063e-06,8.41688326924454e-06,all4,2,2,2,2,1.59222548960292e-05,8.88104910863259e-06,1.53221762077611e-05,1.65223335842973e-05,8.41688326924454e-06,9.34521494802063e-06,0.835834550209387,TRUE,TRUE,FALSE,TRUE,irHepatitis
FN1,CD4+ T cell,Stellate cell,1.65328032205841e-05,2.86900425453485e-05,1.17876878399997e-05,1.35095967314894e-05,all4,2,2,2,2,2.26114228829663e-05,1.26486422857446e-05,1.65328032205841e-05,2.86900425453485e-05,1.17876878399997e-05,1.35095967314894e-05,0.833575899030119,TRUE,TRUE,FALSE,TRUE,irHepatitis
CCL,CD8+ T cell 3,Hepatocyte 3,5.20684203412955e-06,1.86510471927134e-05,2.01276375046931e-05,2.24972835959577e-05,all4,2,2,2,2,1.19289446134215e-05,2.13124605503254e-05,5.20684203412955e-06,1.86510471927134e-05,2.01276375046931e-05,2.24972835959577e-05,-0.832471417891087,TRUE,FALSE,TRUE,TRUE,AIH
VEGF,Hepatocyte 4,Sinusoidal endothelial cell,0.000399229934620265,0.000581456597075505,0.000323380815818557,0.000231611990836067,all4,2,2,2,2,0.000490343265847885,0.000277496403327312,0.000399229934620265,0.000581456597075505,0.000231611990836067,0.000323380815818557,0.821120148738087,TRUE,TRUE,FALSE,TRUE,irHepatitis
CSF,CD8+ T cell 2,CD8+ T cell 1,0.000114201986083858,6.73045667575302e-05,6.33270778462616e-05,3.956564654927e-05,all4,2,2,2,2,9.07532764206942e-05,5.14463621977658e-05,6.73045667575302e-05,0.000114201986083858,3.956564654927e-05,6.33270778462616e-05,0.817790178891132,TRUE,TRUE,FALSE,TRUE,irHepatitis
CCL,Hepatocyte 2,Macrophage 2,0.000152025949675851,0.000118630879669665,7.87330239244964e-05,7.49050523487026e-05,all4,2,2,2,2,0.000135328414672758,7.68190381365995e-05,0.000118630879669665,0.000152025949675851,7.49050523487026e-05,7.87330239244964e-05,0.81619964553102,TRUE,TRUE,FALSE,TRUE,irHepatitis
FN1,Vascular endothelial cell,CD4+ T cell,0.000143447532343177,0.000180417673570161,9.32507803630639e-05,9.08810326800828e-05,all4,2,2,2,2,0.000161932602956669,9.20659065215733e-05,0.000143447532343177,0.000180417673570161,9.08810326800828e-05,9.32507803630639e-05,0.814047187534301,TRUE,TRUE,FALSE,TRUE,irHepatitis
FN1,Cholangiocyte,CD8+ T cell 3,0.000137852114306576,0.000106135411040879,3.32253677205871e-05,0.000105615177033421,all4,2,2,2,2,0.000121993762673728,6.94202723770042e-05,0.000106135411040879,0.000137852114306576,3.32253677205871e-05,0.000105615177033421,0.81257407314358,TRUE,TRUE,FALSE,TRUE,irHepatitis
VEGF,CD4+ T cell,Hepatocyte 1,1.05007190991983e-06,6.2665472017309e-07,5.10967030843464e-07,3.68890348739427e-07,all4,2,2,2,2,8.38363315046459e-07,4.39928689791446e-07,6.2665472017309e-07,1.05007190991983e-06,3.68890348739427e-07,5.10967030843464e-07,0.809001622537283,TRUE,TRUE,FALSE,TRUE,irHepatitis
FN1,CD8+ T cell 2,IgM+ B cell,5.74840356226504e-05,8.67335043194493e-05,3.90590537497505e-05,4.32661027531109e-05,all4,2,2,2,2,7.21087699710498e-05,4.11625782514307e-05,5.74840356226504e-05,8.67335043194493e-05,3.90590537497505e-05,4.32661027531109e-05,0.807491384591836,TRUE,TRUE,FALSE,TRUE,irHepatitis
CCL,Sinusoidal endothelial cell,CD8+ T cell 1,0.000232398241934006,0.000229047065411501,0.00014300546605928,0.00012064421781342,all4,2,2,2,2,0.000230722653672753,0.00013182484193635,0.000229047065411501,0.000232398241934006,0.00012064421781342,0.00014300546605928,0.80711586694666,TRUE,TRUE,FALSE,TRUE,irHepatitis
CCL,Hepatocyte 1,CD8+ T cell 1,0.000262351186389343,0.000260446910526953,0.000191700356050852,0.000107149402221351,all4,2,2,2,2,0.000261399048458148,0.000149424879136102,0.000260446910526953,0.000262351186389343,0.000107149402221351,0.000191700356050852,0.806461852794398,TRUE,TRUE,FALSE,TRUE,irHepatitis
CCL,Macrophage 2,Macrophage 2,9.94539698572062e-05,9.76317015853596e-05,6.27144820632392e-05,4.99444930481968e-05,all4,2,2,2,2,9.85428357212829e-05,5.6329487555718e-05,9.76317015853596e-05,9.94539698572062e-05,4.99444930481968e-05,6.27144820632392e-05,0.805875483230935,TRUE,TRUE,FALSE,TRUE,irHepatitis
VEGF,Macrophage 2,Stellate cell,9.03724501873457e-06,9.54040048048263e-06,6.16747053682831e-06,4.38861187250495e-06,all4,2,2,2,2,9.2888227496086e-06,5.27804120466663e-06,9.03724501873457e-06,9.54040048048263e-06,4.38861187250495e-06,6.16747053682831e-06,0.805021950888333,TRUE,TRUE,FALSE,TRUE,irHepatitis
FN1,Vascular endothelial cell,Macrophage 2,7.07557522250081e-05,6.71137504303473e-05,4.09360136435e-05,3.81187573864549e-05,all4,2,2,2,2,6.89347513276777e-05,3.95273855149774e-05,6.71137504303473e-05,7.07557522250081e-05,3.81187573864549e-05,4.09360136435e-05,0.800981575213483,TRUE,TRUE,FALSE,TRUE,irHepatitis
IL2,IgM+ B cell,Hepatocyte 1,4.34842386991438e-08,0,1.52138096694466e-07,5.67482812270833e-08,all4,2,2,2,2,2.17421193495719e-08,1.04443188960774e-07,0,4.34842386991438e-08,5.67482812270833e-08,1.52138096694466e-07,-0.799694476902279,TRUE,FALSE,TRUE,TRUE,AIH
CCL,Macrophage 2,Hepatocyte 3,5.66140147606295e-06,2.47301559914786e-06,6.09489903708784e-06,8.18925746150793e-06,all4,2,2,2,2,4.0672085376054e-06,7.14207824929788e-06,2.47301559914786e-06,5.66140147606295e-06,6.09489903708784e-06,8.18925746150793e-06,-0.798809100547461,TRUE,FALSE,TRUE,TRUE,AIH
CCL,Hepatocyte 2,CD8+ T cell 1,0.000177270111443112,0.000182587201213424,0.000131748674871115,7.58171816384038e-05,all4,2,2,2,2,0.000179928656328268,0.000103782928254759,0.000177270111443112,0.000182587201213424,7.58171816384038e-05,0.000131748674871115,0.793327280769562,TRUE,TRUE,FALSE,TRUE,irHepatitis
CSF,CD8+ T cell 3,Stellate cell,3.29269497335059e-05,2.57415646661233e-05,1.78179761719528e-05,1.60472393214146e-05,all4,2,2,2,2,2.93342571998146e-05,1.69326077466837e-05,2.57415646661233e-05,3.29269497335059e-05,1.60472393214146e-05,1.78179761719528e-05,0.789557303677028,TRUE,TRUE,FALSE,TRUE,irHepatitis
CCL,Hepatocyte 3,Cholangiocyte,2.84925773135978e-05,1.69638354168491e-05,1.37620365850519e-05,1.2491213126016e-05,all4,2,2,2,2,2.27282063652234e-05,1.3126624855534e-05,1.69638354168491e-05,2.84925773135978e-05,1.2491213126016e-05,1.37620365850519e-05,0.787835928391972,TRUE,TRUE,FALSE,TRUE,irHepatitis
VEGF,CD8+ T cell 3,Macrophage 1,1.67593158084801e-05,1.59679744133292e-05,1.14169451251664e-05,7.47684055152699e-06,all4,2,2,2,2,1.63636451109046e-05,9.44689283834671e-06,1.59679744133292e-05,1.67593158084801e-05,7.47684055152699e-06,1.14169451251664e-05,0.786822024752369,TRUE,TRUE,FALSE,TRUE,irHepatitis
FN1,Hepatocyte 4,Macrophage 2,0.000118621112609439,8.52986499612027e-05,5.10187946440636e-05,6.71305121219038e-05,all4,2,2,2,2,0.000101959881285321,5.90746533829837e-05,8.52986499612027e-05,0.000118621112609439,5.10187946440636e-05,6.71305121219038e-05,0.786468039686062,TRUE,TRUE,FALSE,TRUE,irHepatitis
FN1,Stellate cell,Macrophage 2,7.10358086522477e-05,6.75782409914029e-05,4.1449965035294e-05,3.88649064084345e-05,all4,2,2,2,2,6.93070248218253e-05,4.01574357218642e-05,6.75782409914029e-05,7.10358086522477e-05,3.88649064084345e-05,4.1449965035294e-05,0.785978366903088,TRUE,TRUE,FALSE,TRUE,irHepatitis
FN1,CD4+ T cell,Macrophage 1,2.55081964342545e-05,1.57728544843605e-05,1.18778568169342e-05,1.20027417028893e-05,all4,2,2,2,2,2.06405254593075e-05,1.19402992599118e-05,1.57728544843605e-05,2.55081964342545e-05,1.18778568169342e-05,1.20027417028893e-05,0.785088906714536,TRUE,TRUE,FALSE,TRUE,irHepatitis
FN1,Hepatocyte 4,Sinusoidal endothelial cell,0.000158444010016832,0.000256185289162115,0.000125806804227752,0.000114940707630672,all4,2,2,2,2,0.000207314649589473,0.000120373755929212,0.000158444010016832,0.000256185289162115,0.000114940707630672,0.000125806804227752,0.783849564433013,TRUE,TRUE,FALSE,TRUE,irHepatitis
FN1,Hepatocyte 3,Cholangiocyte,6.02852141791971e-05,7.87380425712974e-05,3.01812836797941e-05,5.05688080327884e-05,all4,2,2,2,2,6.95116283752472e-05,4.03750458562913e-05,6.02852141791971e-05,7.87380425712974e-05,3.01812836797941e-05,5.05688080327884e-05,0.782446238181871,TRUE,TRUE,FALSE,TRUE,irHepatitis
CCL,Hepatocyte 4,CD8+ T cell 3,0.000418099260980747,0.000435507903957694,0.000361635326808008,0.000134870845761291,all4,2,2,2,2,0.000426803582469221,0.00024825308628465,0.000418099260980747,0.000435507903957694,0.000134870845761291,0.000361635326808008,0.781542120400496,TRUE,TRUE,FALSE,TRUE,irHepatitis
CSF,Macrophage 2,Hepatocyte 2,2.25271238855015e-06,1.20056562314931e-06,7.37717841472186e-07,1.19732328175203e-06,all4,2,2,2,2,1.72663900584973e-06,9.67520561612107e-07,1.20056562314931e-06,2.25271238855015e-06,7.37717841472186e-07,1.19732328175203e-06,0.780639880821015,TRUE,TRUE,FALSE,TRUE,irHepatitis
CCL,CD8+ T cell 1,Hepatocyte 4,5.03221453350262e-05,4.37978896048879e-05,2.86738650204849e-05,2.61286299481121e-05,all4,2,2,2,2,4.70600174699571e-05,2.74012474842985e-05,4.37978896048879e-05,5.03221453350262e-05,2.61286299481121e-05,2.86738650204849e-05,0.778287997274223,TRUE,TRUE,FALSE,TRUE,irHepatitis
FN1,CD8+ T cell 3,Hepatocyte 2,2.9981009117609e-05,5.74626126351605e-05,7.67205460435962e-05,7.31507957747748e-05,all4,2,2,2,2,4.37218108763847e-05,7.49356709091855e-05,2.9981009117609e-05,5.74626126351605e-05,7.31507957747748e-05,7.67205460435962e-05,-0.776065761763133,TRUE,FALSE,TRUE,TRUE,AIH
CCL,IgG+ B cell,Macrophage 2,3.61154156996531e-05,6.62942835217893e-05,3.58316827664245e-05,2.39276256788242e-05,all4,2,2,2,2,5.12048496107212e-05,2.98796542226244e-05,3.61154156996531e-05,6.62942835217893e-05,2.39276256788242e-05,3.58316827664245e-05,0.77531342666326,TRUE,TRUE,FALSE,TRUE,irHepatitis
CSF,Hepatocyte 1,Sinusoidal endothelial cell,2.28250340586263e-05,1.83458131866969e-05,3.85550996825159e-05,3.20145373472275e-05,all4,2,2,2,2,2.05854236226616e-05,3.52848185148717e-05,1.83458131866969e-05,2.28250340586263e-05,3.20145373472275e-05,3.85550996825159e-05,-0.774808594976885,TRUE,FALSE,TRUE,TRUE,AIH
CSF,CD8+ T cell 1,CD8+ T cell 3,6.774792364236e-05,7.00076219477526e-05,4.36810670054699e-05,3.69141382880052e-05,all4,2,2,2,2,6.88777727950563e-05,4.02976026467376e-05,6.774792364236e-05,7.00076219477526e-05,3.69141382880052e-05,4.36810670054699e-05,0.772011263583924,TRUE,TRUE,FALSE,TRUE,irHepatitis
CCL,IgM+ B cell,Cholangiocyte,5.75009927338972e-05,3.52458096771297e-05,2.75557445488771e-05,2.67316249024244e-05,all4,2,2,2,2,4.63734012055135e-05,2.71436847256508e-05,3.52458096771297e-05,5.75009927338972e-05,2.67316249024244e-05,2.75557445488771e-05,0.770704643497107,TRUE,TRUE,FALSE,TRUE,irHepatitis
FN1,CD8+ T cell 3,Hepatocyte 1,3.80861766459489e-05,6.43030631132357e-05,9.52165347519699e-05,7.95651841329888e-05,all4,2,2,2,2,5.11946198795923e-05,8.73908594424793e-05,3.80861766459489e-05,6.43030631132357e-05,7.95651841329888e-05,9.52165347519699e-05,-0.770442262761029,TRUE,FALSE,TRUE,TRUE,AIH
CCL,Hepatocyte 1,CD8+ T cell 3,0.000345780251635183,0.000335782795616055,0.000281749707430973,0.000118255391769664,all4,2,2,2,2,0.000340781523625619,0.000200002549600319,0.000335782795616055,0.000345780251635183,0.000118255391769664,0.000281749707430973,0.768560913255299,TRUE,TRUE,FALSE,TRUE,irHepatitis
IL2,Stellate cell,Hepatocyte 2,0,0,2.2229512096395e-08,1.0309093820045e-07,all4,2,2,2,2,0,6.26602251484224e-08,0,0,2.2229512096395e-08,1.0309093820045e-07,-0.762949116172567,TRUE,FALSE,TRUE,TRUE,AIH
VEGF,Stellate cell,Macrophage 2,1.44178105511228e-05,9.82668148225894e-06,8.23324482462186e-06,6.06233240981151e-06,all4,2,2,2,2,1.21222460166909e-05,7.14778861721669e-06,9.82668148225894e-06,1.44178105511228e-05,6.06233240981151e-06,8.23324482462186e-06,0.7547153460346,TRUE,TRUE,FALSE,TRUE,irHepatitis
CCL,Hepatocyte 2,CD8+ T cell 3,0.000238704718094358,0.000203799246388331,0.000175341442326718,8.7467288034277e-05,all4,2,2,2,2,0.000221251982241344,0.000131404365180498,0.000203799246388331,0.000238704718094358,8.7467288034277e-05,0.000175341442326718,0.751276557376376,TRUE,TRUE,FALSE,TRUE,irHepatitis
CSF,Hepatocyte 2,IgM+ B cell,6.81529335235728e-06,4.32075353509214e-06,3.04054691548534e-06,3.50444387705187e-06,all4,2,2,2,2,5.56802344372471e-06,3.2724953962686e-06,4.32075353509214e-06,6.81529335235728e-06,3.04054691548534e-06,3.50444387705187e-06,0.750782299333216,TRUE,TRUE,FALSE,TRUE,irHepatitis
CCL,Macrophage 1,CD8+ T cell 3,0.000121057362379581,0.000159115333819815,9.79996579697887e-05,6.85969760194213e-05,all4,2,2,2,2,0.000140086348099698,8.3298316994605e-05,0.000121057362379581,0.000159115333819815,6.85969760194213e-05,9.79996579697887e-05,0.749326430198242,TRUE,TRUE,FALSE,TRUE,irHepatitis
FN1,Macrophage 2,IgM+ B cell,2.73008798124878e-05,3.31054703373427e-05,1.7810182259946e-05,1.80885516884406e-05,all4,2,2,2,2,3.02031750749152e-05,1.79493669741933e-05,2.73008798124878e-05,3.31054703373427e-05,1.7810182259946e-05,1.80885516884406e-05,0.74784713853015,TRUE,TRUE,FALSE,TRUE,irHepatitis
CSF,Hepatocyte 2,Stellate cell,1.40782445168034e-05,9.66098280860972e-06,4.86509648040697e-06,9.22391343253422e-06,all4,2,2,2,2,1.18696136627066e-05,7.0445049564706e-06,9.66098280860972e-06,1.40782445168034e-05,4.86509648040697e-06,9.22391343253422e-06,0.745293256139482,TRUE,TRUE,FALSE,TRUE,irHepatitis
FN1,Hepatocyte 2,Sinusoidal endothelial cell,0.000168412930354923,0.000217536345759888,0.000123028868918346,0.000108449918976712,all4,2,2,2,2,0.000192974638057406,0.000115739393947529,0.000168412930354923,0.000217536345759888,0.000108449918976712,0.000123028868918346,0.737083001749252,TRUE,TRUE,FALSE,TRUE,irHepatitis
CCL,Hepatocyte 4,Macrophage 2,0.00018605439520593,0.000117455026714286,8.85039220983749e-05,9.3735016339199e-05,all4,2,2,2,2,0.000151754710960108,9.11194692187869e-05,0.000117455026714286,0.00018605439520593,8.85039220983749e-05,9.3735016339199e-05,0.735341738455402,TRUE,TRUE,FALSE,TRUE,irHepatitis
CCL,IgM+ B cell,Macrophage 2,0.000101618829060009,8.73591306864948e-05,6.68976869185225e-05,4.70024797551903e-05,all4,2,2,2,2,9.4488979873252e-05,5.69500833368564e-05,8.73591306864948e-05,0.000101618829060009,4.70024797551903e-05,6.68976869185225e-05,0.729544439328727,TRUE,TRUE,FALSE,TRUE,irHepatitis
CCL,Cholangiocyte,IgG+ plasmablast / plasma cell,8.31546245473427e-05,9.89242291301731e-05,0.000164149716876734,0.000136767513169867,all4,2,2,2,2,9.10394268387579e-05,0.0001504586150233,8.31546245473427e-05,9.89242291301731e-05,0.000136767513169867,0.000164149716876734,-0.724241127252802,TRUE,FALSE,TRUE,TRUE,AIH
VEGF,CD8+ T cell 3,Stellate cell,1.15168147878034e-05,1.43763793024104e-05,8.32858998349957e-06,7.29505140852432e-06,all4,2,2,2,2,1.29465970451069e-05,7.81182069601194e-06,1.15168147878034e-05,1.43763793024104e-05,7.29505140852432e-06,8.32858998349957e-06,0.722317106226607,TRUE,TRUE,FALSE,TRUE,irHepatitis
FN1,CD8+ T cell 2,Macrophage 1,0.000197370571473154,0.000225909373695189,0.000133946556230656,0.000122737537583761,all4,2,2,2,2,0.000211639972584171,0.000128342046907208,0.000197370571473154,0.000225909373695189,0.000122737537583761,0.000133946556230656,0.721220694869607,TRUE,TRUE,FALSE,TRUE,irHepatitis
CCL,CD8+ T cell 2,Stellate cell,8.52912608383568e-05,8.24050505688863e-05,4.76205143764187e-05,5.41743740147881e-05,all4,2,2,2,2,8.38481557036216e-05,5.08974441956034e-05,8.24050505688863e-05,8.52912608383568e-05,4.76205143764187e-05,5.41743740147881e-05,0.71918579035878,TRUE,TRUE,FALSE,TRUE,irHepatitis
CSF,CD8+ T cell 2,Stellate cell,3.51304905874097e-05,2.52245224657203e-05,1.46190847726105e-05,2.198830776661e-05,all4,2,2,2,2,3.0177506526565e-05,1.83036962696103e-05,2.52245224657203e-05,3.51304905874097e-05,1.46190847726105e-05,2.198830776661e-05,0.718561311672298,TRUE,TRUE,FALSE,TRUE,irHepatitis
CCL,CD8+ T cell 3,Hepatocyte 1,1.63894356424675e-05,2.48587110902175e-05,4.20077619700929e-05,2.59259342480343e-05,all4,2,2,2,2,2.06240733663425e-05,3.39668481090636e-05,1.63894356424675e-05,2.48587110902175e-05,2.59259342480343e-05,4.20077619700929e-05,-0.717336215793771,TRUE,FALSE,TRUE,TRUE,AIH
FN1,CD8+ T cell 2,CD8+ T cell 3,0.000239820388449037,0.000265366111512658,0.000169651241194977,0.000137642370761044,all4,2,2,2,2,0.000252593249980848,0.000153646805978011,0.000239820388449037,0.000265366111512658,0.000137642370761044,0.000169651241194977,0.71686777961468,TRUE,TRUE,FALSE,TRUE,irHepatitis
CCL,Hepatocyte 3,Macrophage 2,7.71617816303542e-05,6.08556171160797e-05,4.03150649874735e-05,4.35929532009975e-05,all4,2,2,2,2,6.9008699373217e-05,4.19540090942355e-05,6.08556171160797e-05,7.71617816303542e-05,4.03150649874735e-05,4.35929532009975e-05,0.716759580397179,TRUE,TRUE,FALSE,TRUE,irHepatitis
CSF,Macrophage 2,Stellate cell,8.74957036291326e-06,6.75532764444284e-06,5.19378997060084e-06,4.1762170403121e-06,all4,2,2,2,2,7.75244900367805e-06,4.68500350545647e-06,6.75532764444284e-06,8.74957036291326e-06,4.1762170403121e-06,5.19378997060084e-06,0.715813609480535,TRUE,TRUE,FALSE,TRUE,irHepatitis
CCL,Hepatocyte 1,CD8+ T cell 2,0.000243383271588598,0.000200778538280675,0.000199461714927979,7.10083666949355e-05,all4,2,2,2,2,0.000222080904934636,0.000135235040811457,0.000200778538280675,0.000243383271588598,7.10083666949355e-05,0.000199461714927979,0.715241466948831,TRUE,TRUE,FALSE,TRUE,irHepatitis
FN1,Hepatocyte 2,IgG+ B cell,6.81346231254731e-05,4.86758780466244e-05,4.34420733697368e-05,2.76675744106633e-05,all4,2,2,2,2,5.84052505860488e-05,3.55548238902e-05,4.86758780466244e-05,6.81346231254731e-05,2.76675744106633e-05,4.34420733697368e-05,0.714628392352176,TRUE,TRUE,FALSE,TRUE,irHepatitis
CCL,CD8+ T cell 2,Hepatocyte 3,2.53457699191277e-05,2.47300864014988e-05,5.34977067090624e-05,2.87329180404269e-05,all4,2,2,2,2,2.50379281603133e-05,4.11153123747447e-05,2.47300864014988e-05,2.53457699191277e-05,2.87329180404269e-05,5.34977067090624e-05,-0.713540739941521,TRUE,FALSE,TRUE,TRUE,AIH
VEGF,Hepatocyte 2,Hepatocyte 4,3.59564333299046e-05,3.73538091498107e-05,3.11514214843831e-05,1.35320616687824e-05,all4,2,2,2,2,3.66551212398576e-05,2.23417415765828e-05,3.59564333299046e-05,3.73538091498107e-05,1.35320616687824e-05,3.11514214843831e-05,0.712013443245915,TRUE,TRUE,FALSE,TRUE,irHepatitis
FN1,Hepatocyte 3,IgG+ B cell,3.54724407524731e-05,4.57496700724141e-05,1.81643775042768e-05,3.16171345094556e-05,all4,2,2,2,2,4.06110554124436e-05,2.48907560068662e-05,3.54724407524731e-05,4.57496700724141e-05,1.81643775042768e-05,3.16171345094556e-05,0.704251172830948,TRUE,TRUE,FALSE,TRUE,irHepatitis
FN1,CD4+ T cell,IgM+ B cell,6.85039370988662e-05,6.2581947647626e-05,3.35938561113573e-05,4.68246320449894e-05,all4,2,2,2,2,6.55429423732461e-05,4.02092440781733e-05,6.2581947647626e-05,6.85039370988662e-05,3.35938561113573e-05,4.68246320449894e-05,0.703668639094651,TRUE,TRUE,FALSE,TRUE,irHepatitis
IL2,IgG+ plasmablast / plasma cell,CD8+ T cell 1,8.18720553018297e-06,3.92229104113241e-06,3.72276830301503e-06,3.66463210481944e-06,all4,2,2,2,2,6.05474828565769e-06,3.69370020391724e-06,3.92229104113241e-06,8.18720553018297e-06,3.66463210481944e-06,3.72276830301503e-06,0.699569964001872,TRUE,TRUE,FALSE,TRUE,irHepatitis
CSF,IgM+ B cell,Stellate cell,1.64897080658697e-05,1.08132944047535e-05,8.72409513826246e-06,8.06401895231349e-06,all4,2,2,2,2,1.36515012353116e-05,8.39405704528798e-06,1.08132944047535e-05,1.64897080658697e-05,8.06401895231349e-06,8.72409513826246e-06,0.695719541614973,TRUE,TRUE,FALSE,TRUE,irHepatitis
CSF,IgM+ B cell,CD8+ T cell 3,1.11080321708026e-05,1.30418173444473e-05,8.19054854501246e-06,6.74196426312944e-06,all4,2,2,2,2,1.20749247576249e-05,7.46625640407095e-06,1.11080321708026e-05,1.30418173444473e-05,6.74196426312944e-06,8.19054854501246e-06,0.686990664882706,TRUE,TRUE,FALSE,TRUE,irHepatitis
CCL,Macrophage 1,Hepatocyte 1,1.37424691482676e-05,9.37947232068151e-06,2.25159364120154e-05,1.46162284007446e-05,all4,2,2,2,2,1.15609707344745e-05,1.856608240638e-05,9.37947232068151e-06,1.37424691482676e-05,1.46162284007446e-05,2.25159364120154e-05,-0.679200294374571,TRUE,FALSE,TRUE,TRUE,AIH
VEGF,IgG+ plasmablast / plasma cell,Stellate cell,2.37024476248139e-05,2.36301592453634e-05,1.76198522250488e-05,1.21225209029955e-05,all4,2,2,2,2,2.36663034350886e-05,1.48711865640221e-05,2.36301592453634e-05,2.37024476248139e-05,1.21225209029955e-05,1.76198522250488e-05,0.667089137012731,TRUE,TRUE,FALSE,TRUE,irHepatitis
VEGF,Hepatocyte 2,Sinusoidal endothelial cell,0.000236175191729451,0.000375990877196923,0.00022101976560249,0.000166176097423462,all4,2,2,2,2,0.000306083034463187,0.000193597931512976,0.000236175191729451,0.000375990877196923,0.000166176097423462,0.00022101976560249,0.660613420580311,TRUE,TRUE,FALSE,TRUE,irHepatitis
FN1,Hepatocyte 1,Macrophage 2,9.82743457769247e-05,9.95005782052933e-05,5.42847996105573e-05,7.10996999145526e-05,all4,2,2,2,2,9.8887461991109e-05,6.2692249762555e-05,9.82743457769247e-05,9.95005782052933e-05,5.42847996105573e-05,7.10996999145526e-05,0.656744114246105,TRUE,TRUE,FALSE,TRUE,irHepatitis
VEGF,Stellate cell,CD4+ T cell,1.77249421448609e-05,1.51951886638721e-05,1.17134053226487e-05,9.15260956363905e-06,all4,2,2,2,2,1.64600654043665e-05,1.04330074431439e-05,1.51951886638721e-05,1.77249421448609e-05,9.15260956363905e-06,1.17134053226487e-05,0.653294551550008,TRUE,TRUE,FALSE,TRUE,irHepatitis
FN1,CD8+ T cell 2,CD8+ T cell 1,0.000124789051265076,0.000218929452264175,0.000118163723569174,0.00010040298197891,all4,2,2,2,2,0.000171859251764626,0.000109283352774042,0.000124789051265076,0.000218929452264175,0.00010040298197891,0.000118163723569174,0.652722001991774,TRUE,TRUE,FALSE,TRUE,irHepatitis
FN1,Hepatocyte 3,Macrophage 2,4.73823346690394e-05,5.14610919476411e-05,2.05027832526246e-05,4.24087187357812e-05,all4,2,2,2,2,4.94217133083402e-05,3.14557509942029e-05,4.73823346690394e-05,5.14610919476411e-05,2.05027832526246e-05,4.24087187357812e-05,0.65032574358838,TRUE,TRUE,FALSE,TRUE,irHepatitis
VEGF,Hepatocyte 2,Hepatocyte 1,3.25615079305854e-05,2.83693057259995e-05,2.67800146377639e-05,1.20860651973791e-05,all4,2,2,2,2,3.04654068282924e-05,1.94330399175715e-05,2.83693057259995e-05,3.25615079305854e-05,1.20860651973791e-05,2.67800146377639e-05,0.646252497916344,TRUE,TRUE,FALSE,TRUE,irHepatitis
FN1,IgG+ plasmablast / plasma cell,Sinusoidal endothelial cell,8.69125966929869e-06,4.00509560568076e-06,9.95589641492891e-06,9.96737623450381e-06,all4,2,2,2,2,6.34817763748972e-06,9.96163632471636e-06,4.00509560568076e-06,8.69125966929869e-06,9.95589641492891e-06,9.96737623450381e-06,-0.642713697921427,TRUE,FALSE,TRUE,TRUE,AIH
CSF,Sinusoidal endothelial cell,Hepatocyte 3,2.78503831387995e-05,1.45778818383112e-05,1.26024673451402e-05,1.45527846966886e-05,all4,2,2,2,2,2.12141324885554e-05,1.35776260209144e-05,1.45778818383112e-05,2.78503831387995e-05,1.26024673451402e-05,1.45527846966886e-05,0.640374200629445,TRUE,TRUE,FALSE,TRUE,irHepatitis
FN1,CD8+ T cell 3,CD8+ T cell 3,0.000293230608002288,0.000446301170045027,0.000221830388683778,0.000254081147253541,all4,2,2,2,2,0.000369765889023658,0.000237955767968659,0.000293230608002288,0.000446301170045027,0.000221830388683778,0.000254081147253541,0.635724470637645,TRUE,TRUE,FALSE,TRUE,irHepatitis
FN1,Hepatocyte 1,Hepatocyte 3,0.000312969351039215,0.000340055735562993,0.000271101386161129,0.000151788452508255,all4,2,2,2,2,0.000326512543301104,0.000211444919334692,0.000312969351039215,0.000340055735562993,0.000151788452508255,0.000271101386161129,0.626640415001954,TRUE,TRUE,FALSE,TRUE,irHepatitis
FN1,IgM+ B cell,Vascular endothelial cell,3.32836875910096e-05,2.75484479247816e-05,2.15416724460251e-05,1.78800472341772e-05,all4,2,2,2,2,3.04160677578956e-05,1.97108598401012e-05,2.75484479247816e-05,3.32836875910096e-05,1.78800472341772e-05,2.15416724460251e-05,0.623535562528326,TRUE,TRUE,FALSE,TRUE,irHepatitis
FN1,Hepatocyte 3,Vascular endothelial cell,2.24287763221864e-05,1.91020251780541e-05,8.6674347667526e-06,1.82791888956082e-05,all4,2,2,2,2,2.07654007501202e-05,1.34733118311804e-05,1.91020251780541e-05,2.24287763221864e-05,8.6674347667526e-06,1.82791888956082e-05,0.620715054090681,TRUE,TRUE,FALSE,TRUE,irHepatitis
CSF,IgG+ plasmablast / plasma cell,Hepatocyte 1,2.17475094290282e-06,2.10190009139421e-06,1.73834952327892e-06,9.84885820661328e-07,all4,2,2,2,2,2.13832551714851e-06,1.36161767197012e-06,2.10190009139421e-06,2.17475094290282e-06,9.84885820661328e-07,1.73834952327892e-06,0.618331186275155,TRUE,TRUE,FALSE,TRUE,irHepatitis
CCL,Cholangiocyte,Cholangiocyte,0.000216678782149612,0.000161888064617733,0.000142012419054044,0.000104550791712467,all4,2,2,2,2,0.000189283423383673,0.000123281605383256,0.000161888064617733,0.000216678782149612,0.000104550791712467,0.000142012419054044,0.618223873491352,TRUE,TRUE,FALSE,TRUE,irHepatitis
FN1,Stellate cell,IgM+ B cell,8.38594545834914e-05,9.20359390107773e-05,5.43763285796737e-05,6.02977998130197e-05,all4,2,2,2,2,8.79476967971344e-05,5.73370641963467e-05,8.38594545834914e-05,9.20359390107773e-05,5.43763285796737e-05,6.02977998130197e-05,0.616391417666654,TRUE,TRUE,FALSE,TRUE,irHepatitis
FN1,Vascular endothelial cell,IgM+ B cell,0.000159394915260925,0.000113963897198969,7.76436135450222e-05,0.000100789734467648,all4,2,2,2,2,0.000136679406229947,8.9216674006335e-05,0.000113963897198969,0.000159394915260925,7.76436135450222e-05,0.000100789734467648,0.614906182088088,TRUE,TRUE,FALSE,TRUE,irHepatitis
CSF,IgG+ B cell,Stellate cell,7.93522372015444e-06,1.10597465642808e-05,5.05763091552291e-06,7.2922177322023e-06,all4,2,2,2,2,9.49748514221762e-06,6.1749243238626e-06,7.93522372015444e-06,1.10597465642808e-05,5.05763091552291e-06,7.2922177322023e-06,0.613862889679401,TRUE,TRUE,FALSE,TRUE,irHepatitis
VEGF,Hepatocyte 1,Macrophage 1,0.000100896827872708,0.000107462083731634,8.68659809981411e-05,4.96470055370979e-05,all4,2,2,2,2,0.000104179455802171,6.82564932676195e-05,0.000100896827872708,0.000107462083731634,4.96470055370979e-05,8.68659809981411e-05,0.609378067400201,TRUE,TRUE,FALSE,TRUE,irHepatitis
VEGF,Vascular endothelial cell,Vascular endothelial cell,0.000439626268110316,0.000445742518714151,0.000286245222175289,0.000294509622565447,all4,2,2,2,2,0.000442684393412233,0.000290377422370368,0.000439626268110316,0.000445742518714151,0.000286245222175289,0.000294509622565447,0.608195585756049,TRUE,TRUE,FALSE,TRUE,irHepatitis
CSF,Hepatocyte 1,Macrophage 2,4.26912218855039e-05,3.7889212712398e-05,2.07258681498796e-05,3.23829554529386e-05,all4,2,2,2,2,4.02902172989509e-05,2.65544118014091e-05,3.7889212712398e-05,4.26912218855039e-05,2.07258681498796e-05,3.23829554529386e-05,0.59981742877638,TRUE,TRUE,FALSE,TRUE,irHepatitis
VEGF,IgG+ plasmablast / plasma cell,Hepatocyte 1,3.70318898311892e-06,2.84692156049797e-06,2.62626114714048e-06,1.64277507767164e-06,all4,2,2,2,2,3.27505527180844e-06,2.13451811240606e-06,2.84692156049797e-06,3.70318898311892e-06,1.64277507767164e-06,2.62626114714048e-06,0.597158113201254,TRUE,TRUE,FALSE,TRUE,irHepatitis
FN1,Cholangiocyte,Hepatocyte 2,6.59135964748686e-05,5.48210806389245e-05,2.52248459062075e-05,5.45516070228849e-05,all4,2,2,2,2,6.03673385568966e-05,3.98882264645462e-05,5.48210806389245e-05,6.59135964748686e-05,2.52248459062075e-05,5.45516070228849e-05,0.596704152643121,TRUE,TRUE,FALSE,TRUE,irHepatitis
IL2,IgG+ plasmablast / plasma cell,Hepatocyte 2,0,0,6.3601386842579e-08,2.56338100615815e-08,all4,2,2,2,2,0,4.46175984520802e-08,0,0,2.56338100615815e-08,6.3601386842579e-08,-0.581372236366825,TRUE,FALSE,TRUE,TRUE,AIH
IL2,IgG+ B cell,Macrophage 2,0,7.11048646009304e-09,1.59392680636958e-08,8.38026032548415e-08,all4,2,2,2,2,3.55524323004652e-09,4.98709356592686e-08,0,7.11048646009304e-09,1.59392680636958e-08,8.38026032548415e-08,-0.580688366960937,TRUE,FALSE,TRUE,TRUE,AIH
CCL,CD8+ T cell 1,Sinusoidal endothelial cell,5.20039842417136e-05,5.98722966792194e-05,0.000106257511056764,6.11001879912697e-05,all4,2,2,2,2,5.59381404604665e-05,8.36788495240167e-05,5.20039842417136e-05,5.98722966792194e-05,6.11001879912697e-05,0.000106257511056764,-0.580263053750527,TRUE,FALSE,TRUE,TRUE,AIH
CCL,Hepatocyte 1,Macrophage 1,0.000583378979810515,0.000584248529754328,0.00050909218176047,0.000275191376176273,all4,2,2,2,2,0.000583813754782421,0.000392141778968372,0.000583378979810515,0.000584248529754328,0.000275191376176273,0.00050909218176047,0.574024273689385,TRUE,TRUE,FALSE,TRUE,irHepatitis
VEGF,Hepatocyte 4,Macrophage 1,8.24654877929464e-05,8.37088595870774e-05,7.41361313887561e-05,3.74461059771962e-05,all4,2,2,2,2,8.30871736900119e-05,5.57911186829761e-05,8.24654877929464e-05,8.37088595870774e-05,3.74461059771962e-05,7.41361313887561e-05,0.573827561603708,TRUE,TRUE,FALSE,TRUE,irHepatitis
VEGF,Stellate cell,Stellate cell,3.38053488409212e-05,3.1689974054274e-05,2.64511204501871e-05,1.75584677007589e-05,all4,2,2,2,2,3.27476614475976e-05,2.2004794075473e-05,3.1689974054274e-05,3.38053488409212e-05,1.75584677007589e-05,2.64511204501871e-05,0.571646920350826,TRUE,TRUE,FALSE,TRUE,irHepatitis
FN1,Hepatocyte 4,Hepatocyte 3,0.000307385207178177,0.000290554742991846,0.000261517629131226,0.000141011566608679,all4,2,2,2,2,0.000298969975085011,0.000201264597869952,0.000290554742991846,0.000307385207178177,0.000141011566608679,0.000261517629131226,0.570696644090311,TRUE,TRUE,FALSE,TRUE,irHepatitis
CSF,Hepatocyte 1,Macrophage 1,0.000137592990049135,0.00016863797695634,0.000120898909380679,8.52870659028383e-05,all4,2,2,2,2,0.000153115483502738,0.000103092987641759,0.000137592990049135,0.00016863797695634,8.52870659028383e-05,0.000120898909380679,0.570263240794022,TRUE,TRUE,FALSE,TRUE,irHepatitis
CCL,Stellate cell,CD8+ T cell 1,0.000110500332642405,8.81144632596866e-05,6.91805060575134e-05,6.48280494677316e-05,all4,2,2,2,2,9.93073979510457e-05,6.70042777626225e-05,8.81144632596866e-05,0.000110500332642405,6.48280494677316e-05,6.91805060575134e-05,0.567019015684947,TRUE,TRUE,FALSE,TRUE,irHepatitis
CCL,Macrophage 1,Macrophage 2,8.89467587867136e-05,5.94097003449924e-05,4.86250803373145e-05,5.16683777218162e-05,all4,2,2,2,2,7.4178229565853e-05,5.01467290295653e-05,5.94097003449924e-05,8.89467587867136e-05,4.86250803373145e-05,5.16683777218162e-05,0.5640035328811,TRUE,TRUE,FALSE,TRUE,irHepatitis
CSF,Hepatocyte 3,CD8+ T cell 2,8.8917802896269e-06,1.08135469445469e-05,8.63283302576472e-06,4.64287569518656e-06,all4,2,2,2,2,9.85266361708691e-06,6.63785436047564e-06,8.8917802896269e-06,1.08135469445469e-05,4.64287569518656e-06,8.63283302576472e-06,0.563492469787171,TRUE,TRUE,FALSE,TRUE,irHepatitis
CSF,CD8+ T cell 1,Hepatocyte 3,4.98501165831475e-06,5.5430422319337e-06,9.54586600636379e-06,6.0914988117783e-06,all4,2,2,2,2,5.26402694512423e-06,7.81868240907105e-06,4.98501165831475e-06,5.5430422319337e-06,6.0914988117783e-06,9.54586600636379e-06,-0.562821180269143,TRUE,FALSE,TRUE,TRUE,AIH
CCL,Sinusoidal endothelial cell,Macrophage 2,0.000188655010143285,0.000132657944512068,0.000103572443107741,0.000114707480523563,all4,2,2,2,2,0.000160656477327676,0.000109139961815652,0.000132657944512068,0.000188655010143285,0.000103572443107741,0.000114707480523563,0.557418879427551,TRUE,TRUE,FALSE,TRUE,irHepatitis
FN1,Hepatocyte 2,Macrophage 2,8.6142513298289e-05,8.72493468912616e-05,5.12619970333532e-05,6.71009206488201e-05,all4,2,2,2,2,8.66959300947753e-05,5.91814588410867e-05,8.6142513298289e-05,8.72493468912616e-05,5.12619970333532e-05,6.71009206488201e-05,0.550124330929769,TRUE,TRUE,FALSE,TRUE,irHepatitis
CSF,Hepatocyte 3,CD8+ T cell 1,1.10280541308553e-05,1.50068379757909e-05,1.01723547906064e-05,7.58225689449382e-06,all4,2,2,2,2,1.30174460533231e-05,8.87730584255013e-06,1.10280541308553e-05,1.50068379757909e-05,7.58225689449382e-06,1.01723547906064e-05,0.547644897767961,TRUE,TRUE,FALSE,TRUE,irHepatitis
CSF,Hepatocyte 4,Hepatocyte 3,7.35842481858162e-06,8.59915429794062e-06,1.35709923588811e-05,9.77140958951735e-06,all4,2,2,2,2,7.97878955826112e-06,1.16712009741992e-05,7.35842481858162e-06,8.59915429794062e-06,9.77140958951735e-06,1.35709923588811e-05,-0.54361651791596,TRUE,FALSE,TRUE,TRUE,AIH
IL2,Cholangiocyte,Hepatocyte 2,0,0,2.5646468907175e-08,5.54670888473497e-08,all4,2,2,2,2,0,4.05567788772624e-08,0,0,2.5646468907175e-08,5.54670888473497e-08,-0.537151081909408,TRUE,FALSE,TRUE,TRUE,AIH
CCL,CD4+ T cell,IgG+ B cell,3.42463555436121e-05,3.39947052214918e-05,2.40082141999305e-05,2.30959033328809e-05,all4,2,2,2,2,3.41205303825519e-05,2.35520587664057e-05,3.39947052214918e-05,3.42463555436121e-05,2.30959033328809e-05,2.40082141999305e-05,0.533086579293615,TRUE,TRUE,FALSE,TRUE,irHepatitis
CCL,Hepatocyte 2,Macrophage 1,0.000405813336348541,0.000380739256005742,0.000338848824802285,0.000205828163978724,all4,2,2,2,2,0.000393276296177141,0.000272338494390505,0.000380739256005742,0.000405813336348541,0.000205828163978724,0.000338848824802285,0.529995897297179,TRUE,TRUE,FALSE,TRUE,irHepatitis
CCL,IgG+ B cell,Hepatocyte 2,1.90274838673286e-06,1.63766222331957e-06,1.30565987628864e-06,1.09171966672635e-06,all4,2,2,2,2,1.77020530502621e-06,1.19868977150749e-06,1.63766222331957e-06,1.90274838673286e-06,1.09171966672635e-06,1.30565987628864e-06,0.529589332314563,TRUE,TRUE,FALSE,TRUE,irHepatitis
CCL,CD8+ T cell 3,Stellate cell,5.48519308163917e-05,7.92688524699582e-05,4.94310787280725e-05,4.36610556352154e-05,all4,2,2,2,2,6.7060391643175e-05,4.65460671816439e-05,5.48519308163917e-05,7.92688524699582e-05,4.36610556352154e-05,4.94310787280725e-05,0.525950575100486,TRUE,TRUE,FALSE,TRUE,irHepatitis
FN1,CD8+ T cell 2,IgG+ plasmablast / plasma cell,0.000102696637989069,0.000174497225841181,0.000101468883460953,9.12021233612877e-05,all4,2,2,2,2,0.000138596931915125,9.63355034111205e-05,0.000102696637989069,0.000174497225841181,9.12021233612877e-05,0.000101468883460953,0.524345605520199,TRUE,TRUE,FALSE,TRUE,irHepatitis
IL2,Hepatocyte 3,Hepatocyte 4,0,0,5.91527070030646e-08,1.95788509282649e-08,all4,2,2,2,2,0,3.93657789656647e-08,0,0,1.95788509282649e-08,5.91527070030646e-08,-0.523920132948521,TRUE,FALSE,TRUE,TRUE,AIH
CSF,Hepatocyte 4,IgM+ B cell,4.00215430413666e-06,6.33613530763759e-06,7.01662661144027e-06,7.8587978852064e-06,all4,2,2,2,2,5.16914480588713e-06,7.43771224832333e-06,4.00215430413666e-06,6.33613530763759e-06,7.01662661144027e-06,7.8587978852064e-06,-0.517391066752889,TRUE,FALSE,TRUE,TRUE,AIH
CCL,Hepatocyte 4,Macrophage 1,0.000531434678038292,0.000533097042863625,0.000484068150822186,0.000259745399819241,all4,2,2,2,2,0.000532265860450959,0.000371906775320713,0.000531434678038292,0.000533097042863625,0.000259745399819241,0.000484068150822186,0.517100952169572,TRUE,TRUE,FALSE,TRUE,irHepatitis
VEGF,Stellate cell,CD8+ T cell 1,2.00440292506781e-05,2.07747033953093e-05,1.83423943464516e-05,1.02875043104886e-05,all4,2,2,2,2,2.04093663229937e-05,1.43149493284701e-05,2.00440292506781e-05,2.07747033953093e-05,1.02875043104886e-05,1.83423943464516e-05,0.509017539727596,TRUE,TRUE,FALSE,TRUE,irHepatitis
CSF,Cholangiocyte,Sinusoidal endothelial cell,1.51156959536047e-05,2.49643860670788e-05,1.34295832998818e-05,1.47306958195492e-05,all4,2,2,2,2,2.00400410103418e-05,1.40801395597155e-05,1.51156959536047e-05,2.49643860670788e-05,1.34295832998818e-05,1.47306958195492e-05,0.50649899053465,TRUE,TRUE,FALSE,TRUE,irHepatitis
CCL,Hepatocyte 1,Stellate cell,9.49151622141717e-05,5.75142821205357e-05,5.64041374598636e-05,5.09265883112555e-05,all4,2,2,2,2,7.62147221673537e-05,5.36653628855596e-05,5.75142821205357e-05,9.49151622141717e-05,5.09265883112555e-05,5.64041374598636e-05,0.505364398982335,TRUE,TRUE,FALSE,TRUE,irHepatitis
CSF,Macrophage 1,Sinusoidal endothelial cell,1.03908139941307e-05,9.71073215014777e-06,1.68659888832349e-05,1.17152936397761e-05,all4,2,2,2,2,1.00507730721392e-05,1.42906412615055e-05,9.71073215014777e-06,1.03908139941307e-05,1.17152936397761e-05,1.68659888832349e-05,-0.503964331538631,TRUE,FALSE,TRUE,TRUE,AIH
CSF,Hepatocyte 3,Sinusoidal endothelial cell,4.62175263822612e-06,6.68590558976721e-06,7.8871036863349e-06,8.20391258198048e-06,all4,2,2,2,2,5.65382911399666e-06,8.04550813415769e-06,4.62175263822612e-06,6.68590558976721e-06,7.8871036863349e-06,8.20391258198048e-06,-0.502226602355728,TRUE,FALSE,TRUE,TRUE,AIH
FN1,CD8+ T cell 3,Macrophage 1,7.10424010652476e-05,6.58983097698926e-05,4.76537687896641e-05,4.94859692007275e-05,all4,2,2,2,2,6.84703554175701e-05,4.85698689951958e-05,6.58983097698926e-05,7.10424010652476e-05,4.76537687896641e-05,4.94859692007275e-05,0.494642964851539,TRUE,TRUE,FALSE,TRUE,irHepatitis
IL2,Hepatocyte 4,Hepatocyte 2,0,0,6.44784596908895e-09,6.69507244440217e-08,all4,2,2,2,2,0,3.66992852065553e-08,0,0,6.44784596908895e-09,6.69507244440217e-08,-0.493850307068036,TRUE,FALSE,TRUE,TRUE,AIH
CSF,Hepatocyte 3,Macrophage 2,1.53239013243389e-05,1.61714867646206e-05,1.11016808531199e-05,1.12240747658346e-05,all4,2,2,2,2,1.57476940444798e-05,1.11628778094772e-05,1.53239013243389e-05,1.61714867646206e-05,1.11016808531199e-05,1.12240747658346e-05,0.493071796761966,TRUE,TRUE,FALSE,TRUE,irHepatitis
IL2,Macrophage 2,Hepatocyte 2,0,0,6.31739958133357e-09,6.67580611212903e-08,all4,2,2,2,2,0,3.65377303513119e-08,0,0,6.31739958133357e-09,6.67580611212903e-08,-0.492008172227194,TRUE,FALSE,TRUE,TRUE,AIH
IL2,Hepatocyte 4,Vascular endothelial cell,0,0,5.74784698490816e-08,1.54455405830296e-08,all4,2,2,2,2,0,3.64620052160556e-08,0,0,1.54455405830296e-08,5.74784698490816e-08,-0.491143903423535,TRUE,FALSE,TRUE,TRUE,AIH
FN1,Sinusoidal endothelial cell,IgG+ B cell,1.08584712467207e-05,1.49430996072466e-05,9.08802888580065e-06,9.54843937052659e-06,all4,2,2,2,2,1.29007854269836e-05,9.31823412816362e-06,1.08584712467207e-05,1.49430996072466e-05,9.08802888580065e-06,9.54843937052659e-06,0.465496784525504,TRUE,TRUE,FALSE,TRUE,irHepatitis
CCL,CD8+ T cell 1,Hepatocyte 3,1.39516193256496e-05,1.44539657006826e-05,2.36872276045544e-05,1.55806719101646e-05,all4,2,2,2,2,1.42027925131661e-05,1.96339497573595e-05,1.39516193256496e-05,1.44539657006826e-05,1.55806719101646e-05,2.36872276045544e-05,-0.464663291044193,TRUE,FALSE,TRUE,TRUE,AIH
FN1,Hepatocyte 3,Macrophage 1,8.86335649259124e-05,9.66814254249982e-05,5.73629418511814e-05,7.70821363294362e-05,all4,2,2,2,2,9.26574951754552e-05,6.72225390903088e-05,8.86335649259124e-05,9.66814254249982e-05,5.73629418511814e-05,7.70821363294362e-05,0.462433597038597,TRUE,TRUE,FALSE,TRUE,irHepatitis
CSF,CD8+ T cell 3,Hepatocyte 2,5.18407704659566e-06,4.24915774282661e-06,7.11782468157058e-06,5.82301016243178e-06,all4,2,2,2,2,4.71661739471114e-06,6.47041742200118e-06,4.24915774282661e-06,5.18407704659566e-06,5.82301016243178e-06,7.11782468157058e-06,-0.448773219377666,TRUE,FALSE,TRUE,TRUE,AIH
VEGF,Stellate cell,Vascular endothelial cell,0.000134860158344621,0.000168722823316395,0.000124173618863715,9.89191527203776e-05,all4,2,2,2,2,0.000151791490830508,0.000111546385792047,0.000134860158344621,0.000168722823316395,9.89191527203776e-05,0.000124173618863715,0.444139065336453,TRUE,TRUE,FALSE,TRUE,irHepatitis
CCL,Macrophage 2,Sinusoidal endothelial cell,1.37265670700515e-05,9.77802990879469e-06,1.64710344682841e-05,1.5186310423038e-05,all4,2,2,2,2,1.17522984894231e-05,1.58286724456611e-05,9.77802990879469e-06,1.37265670700515e-05,1.5186310423038e-05,1.64710344682841e-05,-0.426773848618385,TRUE,FALSE,TRUE,TRUE,AIH
CCL,IgG+ plasmablast / plasma cell,Vascular endothelial cell,2.92560286284337e-05,2.06465276937628e-05,1.84335987057166e-05,1.87794338179032e-05,all4,2,2,2,2,2.49512781610982e-05,1.86065162618099e-05,2.06465276937628e-05,2.92560286284337e-05,1.84335987057166e-05,1.87794338179032e-05,0.421540572039418,TRUE,TRUE,FALSE,TRUE,irHepatitis
VEGF,Hepatocyte 1,CD4+ T cell,2.3998886920441e-05,1.81575848751763e-05,1.47774656771721e-05,1.66828858891764e-05,all4,2,2,2,2,2.10782358978087e-05,1.57301757831743e-05,1.81575848751763e-05,2.3998886920441e-05,1.47774656771721e-05,1.66828858891764e-05,0.420137589521516,TRUE,TRUE,FALSE,TRUE,irHepatitis
IL2,Hepatocyte 3,Macrophage 2,0,2.27200944235512e-10,1.2123468374743e-08,4.83805176153679e-08,all4,2,2,2,2,1.13600472117756e-10,3.02519929950554e-08,0,2.27200944235512e-10,1.2123468374743e-08,4.83805176153679e-08,-0.416623264386949,TRUE,FALSE,TRUE,TRUE,AIH
IL2,IgG+ B cell,Hepatocyte 4,0,0,1.16690750388637e-08,4.48269186891527e-08,all4,2,2,2,2,0,2.82479968640082e-08,0,0,1.16690750388637e-08,4.48269186891527e-08,-0.394180761155425,TRUE,FALSE,TRUE,TRUE,AIH
FN1,CD8+ T cell 3,IgM+ B cell,3.53890073469405e-05,3.09641317699732e-05,2.71374931938718e-05,2.33235593248644e-05,all4,2,2,2,2,3.31765695584568e-05,2.52305262593681e-05,3.09641317699732e-05,3.53890073469405e-05,2.33235593248644e-05,2.71374931938718e-05,0.393766998670247,TRUE,TRUE,FALSE,TRUE,irHepatitis
CCL,Macrophage 1,CD8+ T cell 1,0.000110599249912797,9.60573433537109e-05,8.88595821478443e-05,6.87223080954393e-05,all4,2,2,2,2,0.000103328296633254,7.87909451216418e-05,9.60573433537109e-05,0.000110599249912797,6.87223080954393e-05,8.88595821478443e-05,0.39074311499723,TRUE,TRUE,FALSE,TRUE,irHepatitis
CSF,Hepatocyte 3,CD4+ T cell,3.13624286655054e-06,3.10061500575146e-06,3.36555867938392e-06,4.82892477929992e-06,all4,2,2,2,2,3.118428936151e-06,4.09724172934192e-06,3.10061500575146e-06,3.13624286655054e-06,3.36555867938392e-06,4.82892477929992e-06,-0.384143103603748,TRUE,FALSE,TRUE,TRUE,AIH
IL2,CD8+ T cell 2,Vascular endothelial cell,0,0,2.61879795287659e-08,2.83463887519913e-08,all4,2,2,2,2,0,2.72671841403786e-08,0,0,2.61879795287659e-08,2.83463887519913e-08,-0.382154721858525,TRUE,FALSE,TRUE,TRUE,AIH
CCL,IgG+ B cell,Stellate cell,2.07470661522455e-05,1.72363235135085e-05,1.58601148716104e-05,1.33001414728001e-05,all4,2,2,2,2,1.8991694832877e-05,1.45801281722052e-05,1.72363235135085e-05,2.07470661522455e-05,1.33001414728001e-05,1.58601148716104e-05,0.37930998802077,TRUE,TRUE,FALSE,TRUE,irHepatitis
CSF,CD8+ T cell 1,Stellate cell,2.92704947673133e-05,2.87054162732301e-05,2.42258979227403e-05,2.03085722478271e-05,all4,2,2,2,2,2.89879555202717e-05,2.22672350852837e-05,2.87054162732301e-05,2.92704947673133e-05,2.03085722478271e-05,2.42258979227403e-05,0.379185463407801,TRUE,TRUE,FALSE,TRUE,irHepatitis
CSF,Stellate cell,Sinusoidal endothelial cell,6.05455593612832e-05,4.92841490968742e-05,4.92022577473373e-05,3.53784467082712e-05,all4,2,2,2,2,5.49148542290787e-05,4.22903522278043e-05,4.92841490968742e-05,6.05455593612832e-05,3.53784467082712e-05,4.92022577473373e-05,0.37616410302142,TRUE,TRUE,FALSE,TRUE,irHepatitis
FN1,Macrophage 1,Hepatocyte 4,6.65529250746137e-05,6.70233385439672e-05,5.20892342285476e-05,5.10403544290674e-05,all4,2,2,2,2,6.67881318092904e-05,5.15647943288075e-05,6.65529250746137e-05,6.70233385439672e-05,5.10403544290674e-05,5.20892342285476e-05,0.372632888948032,TRUE,TRUE,FALSE,TRUE,irHepatitis
CCL,Vascular endothelial cell,Macrophage 2,0.000167760734857377,0.000136380819136152,0.000132551949638615,0.000109103229964058,all4,2,2,2,2,0.000152070776996764,0.000120827589801337,0.000136380819136152,0.000167760734857377,0.000109103229964058,0.000132551949638615,0.331572621922685,TRUE,TRUE,FALSE,TRUE,irHepatitis
FN1,CD8+ T cell 3,CD8+ T cell 1,5.72097645916125e-05,4.93763370715262e-05,4.17984824584697e-05,4.38619517092389e-05,all4,2,2,2,2,5.32930508315693e-05,4.28302170838543e-05,4.93763370715262e-05,5.72097645916125e-05,4.17984824584697e-05,4.38619517092389e-05,0.314725006634257,TRUE,TRUE,FALSE,TRUE,irHepatitis
IL2,Hepatocyte 3,CD8+ T cell 2,4.57329501839648e-07,7.56758323180043e-07,7.78182619806862e-07,7.67799833445983e-07,all4,2,2,2,2,6.07043912509846e-07,7.72991226626423e-07,4.57329501839648e-07,7.56758323180043e-07,7.67799833445983e-07,7.78182619806862e-07,-0.308133932091739,TRUE,FALSE,TRUE,TRUE,AIH
FN1,CD8+ T cell 1,Hepatocyte 4,4.59189644763176e-05,5.48532560348024e-05,3.61471690762331e-05,4.52435439876666e-05,all4,2,2,2,2,5.038611025556e-05,4.06953565319499e-05,4.59189644763176e-05,5.48532560348024e-05,3.61471690762331e-05,4.52435439876666e-05,0.307550116501566,TRUE,TRUE,FALSE,TRUE,irHepatitis
IL2,Stellate cell,CD4+ T cell,4.25871438018015e-06,3.4104365604692e-06,4.73206398212436e-06,4.43948382510544e-06,all4,2,2,2,2,3.83457547032467e-06,4.5857739036149e-06,3.4104365604692e-06,4.25871438018015e-06,4.43948382510544e-06,4.73206398212436e-06,-0.252674143948376,TRUE,FALSE,TRUE,TRUE,AIH
FN1,CD4+ T cell,Vascular endothelial cell,1.96763106034861e-05,1.88267441366135e-05,1.61959384731622e-05,1.61575020889946e-05,all4,2,2,2,2,1.92515273700498e-05,1.61767202810784e-05,1.88267441366135e-05,1.96763106034861e-05,1.61575020889946e-05,1.61959384731622e-05,0.249779655893102,TRUE,TRUE,FALSE,TRUE,irHepatitis
FN1,CD8+ T cell 3,CD8+ T cell 2,0.000113787217720524,0.000107441571866846,0.000105240506511614,8.18038981405068e-05,all4,2,2,2,2,0.000110614394793685,9.35222023260603e-05,0.000107441571866846,0.000113787217720524,8.18038981405068e-05,0.000105240506511614,0.24194421860425,TRUE,TRUE,FALSE,TRUE,irHepatitis
IL2,IgM+ B cell,Hepatocyte 2,0,0,2.40768319416089e-08,3.8722813982188e-11,all4,2,2,2,2,0,1.20577773777955e-08,0,0,3.8722813982188e-11,2.40768319416089e-08,-0.181568229092129,TRUE,FALSE,TRUE,TRUE,AIH
IL2,CD4+ T cell,Hepatocyte 2,0,0,8.45370609527963e-10,8.95623692084415e-09,all4,2,2,2,2,0,4.90080376518606e-09,0,0,8.45370609527963e-10,8.95623692084415e-09,-0.0765735509386718,TRUE,FALSE,TRUE,TRUE,AIH
IL2,IgG+ B cell,Hepatocyte 2,0,0,2.09353436512835e-10,5.71717525702278e-09,all4,2,2,2,2,0,2.96326434676781e-09,0,0,2.09353436512835e-10,5.71717525702278e-09,-0.0467840255061035,TRUE,FALSE,TRUE,TRUE,AIH
