lr_id,source,target,18321_a,24774_d,54023_b,56784_c,comparability,n_ir_tested,n_aih_tested,n_ir_notNA,n_aih_notNA,irHep_mean,AIH_mean,irHep_min,irHep_max,AIH_min,AIH_max,log2FC,is_strict_eligible,coherent_strict_irHep,coherent_strict_AIH,coherent_strict,enriched_strict
CCL,CD4+ T cell,CD4+ T cell,0.000224087571256725,0.00010051564155508,0.000161089142550444,0.000127268004602058,all4,2,2,2,2,0.000162301606405903,0.000144178573576251,0.00010051564155508,0.000224087571256725,0.000127268004602058,0.000161089142550444,0.170720102938137,TRUE,FALSE,FALSE,FALSE,
CCL,CD4+ T cell,CD8+ T cell 1,0.000160707904059024,8.13424906043823e-05,5.17564349572214e-05,4.28736418503288e-05,all4,2,2,2,2,0.000121025197331703,4.73150384037751e-05,8.13424906043823e-05,0.000160707904059024,4.28736418503288e-05,5.17564349572214e-05,1.35326934426997,TRUE,TRUE,FALSE,TRUE,irHepatitis
CCL,CD4+ T cell,CD8+ T cell 2,9.24995968477761e-05,3.45205504151381e-05,1.34592034091255e-05,1.68569221851279e-05,all4,2,2,2,2,6.35100736314571e-05,1.51580627971267e-05,3.45205504151381e-05,9.24995968477761e-05,1.34592034091255e-05,1.68569221851279e-05,2.06040926199302,TRUE,TRUE,FALSE,TRUE,irHepatitis
CCL,CD4+ T cell,CD8+ T cell 3,0.000200129810109175,6.03008577414655e-05,4.10487645995355e-05,3.8966613631503e-05,all4,2,2,2,2,0.00013021533392532,4.00076891155193e-05,6.03008577414655e-05,0.000200129810109175,3.8966613631503e-05,4.10487645995355e-05,1.70030749270234,TRUE,TRUE,FALSE,TRUE,irHepatitis
CCL,CD4+ T cell,Cholangiocyte,7.39955597986486e-05,5.49824041942626e-05,3.06042062472991e-05,2.56625033201112e-05,all4,2,2,2,2,6.44889819964556e-05,2.81333547837052e-05,5.49824041942626e-05,7.39955597986486e-05,2.56625033201112e-05,3.06042062472991e-05,1.1941779313951,TRUE,TRUE,FALSE,TRUE,irHepatitis
CCL,CD4+ T cell,Hepatocyte 1,2.59620506267251e-06,1.49035000018842e-06,4.14518818817592e-06,4.9216569517705e-06,all4,2,2,2,2,2.04327753143046e-06,4.53342256997321e-06,1.49035000018842e-06,2.59620506267251e-06,4.14518818817592e-06,4.9216569517705e-06,-1.11592395512878,TRUE,FALSE,TRUE,TRUE,AIH
CCL,CD4+ T cell,Hepatocyte 2,2.64985366020294e-06,8.6748864878074e-07,2.9444074446077e-06,2.60074761318502e-06,all4,2,2,2,2,1.75867115449184e-06,2.77257752889636e-06,8.6748864878074e-07,2.64985366020294e-06,2.60074761318502e-06,2.9444074446077e-06,-0.630852250524741,TRUE,FALSE,FALSE,FALSE,
CCL,CD4+ T cell,Hepatocyte 3,2.25790513516906e-06,1.90238098094701e-06,4.62724386166852e-06,4.83113743528635e-06,all4,2,2,2,2,2.08014305805803e-06,4.72919064847743e-06,1.90238098094701e-06,2.25790513516906e-06,4.62724386166852e-06,4.83113743528635e-06,-1.15103523268148,TRUE,FALSE,TRUE,TRUE,AIH
CCL,CD4+ T cell,Hepatocyte 4,9.86656161565324e-06,6.91080212020858e-08,4.03320676237794e-06,4.43652538415975e-06,all4,2,2,2,2,4.96783481842766e-06,4.23486607326884e-06,6.91080212020858e-08,9.86656161565324e-06,4.03320676237794e-06,4.43652538415975e-06,0.225869028256874,TRUE,FALSE,FALSE,FALSE,
CCL,CD4+ T cell,Ig+ hepatocyte,0,,1.40173609878632e-05,1.27373519604886e-05,all4,2,2,1,2,0,1.33773564741759e-05,,,1.27373519604886e-05,1.40173609878632e-05,-7.22683028809441,FALSE,FALSE,FALSE,FALSE,
CCL,CD4+ T cell,IgG+ B cell,3.42463555436121e-05,3.39947052214918e-05,2.40082141999305e-05,2.30959033328809e-05,all4,2,2,2,2,3.41205303825519e-05,2.35520587664057e-05,3.39947052214918e-05,3.42463555436121e-05,2.30959033328809e-05,2.40082141999305e-05,0.533086579293615,TRUE,TRUE,FALSE,TRUE,irHepatitis
CCL,CD4+ T cell,IgG+ plasmablast / plasma cell,0.00011496360749724,2.27760085142372e-07,5.54879704787865e-05,5.75318226408946e-05,all4,2,2,2,2,5.75956837911913e-05,5.65098965598406e-05,2.27760085142372e-07,0.00011496360749724,5.54879704787865e-05,5.75318226408946e-05,0.0274139497105417,TRUE,FALSE,FALSE,FALSE,
CCL,CD4+ T cell,IgM+ B cell,0.000279368771217488,0.000123098457102161,0.000129812231196781,0.000150109032120504,all4,2,2,2,2,0.000201233614159824,0.000139960631658643,0.000123098457102161,0.000279368771217488,0.000129812231196781,0.000150109032120504,0.523568208177355,TRUE,FALSE,FALSE,FALSE,
CCL,CD4+ T cell,Macrophage 1,0.000142180931000886,7.34639637276135e-05,5.52094883383391e-05,5.37579838974861e-05,all4,2,2,2,2,0.00010782244736425,5.44837361179126e-05,7.34639637276135e-05,0.000142180931000886,5.37579838974861e-05,5.52094883383391e-05,0.983583799512424,TRUE,TRUE,FALSE,TRUE,irHepatitis
CCL,CD4+ T cell,Macrophage 2,0.00011813985651556,0.000119593368604182,6.92979743574243e-05,6.13549004197265e-05,all4,2,2,2,2,0.000118866612559871,6.53264373885754e-05,0.00011813985651556,0.000119593368604182,6.13549004197265e-05,6.92979743574243e-05,0.862711311009142,TRUE,TRUE,FALSE,TRUE,irHepatitis
CCL,CD4+ T cell,Sinusoidal endothelial cell,3.52604701401061e-06,1.49895823430816e-06,1.44579967629701e-05,1.12684546845376e-05,all4,2,2,2,2,2.51250262415939e-06,1.28632257237538e-05,1.49895823430816e-06,3.52604701401061e-06,1.12684546845376e-05,1.44579967629701e-05,-2.31538172040326,TRUE,FALSE,TRUE,TRUE,AIH
CCL,CD4+ T cell,Stellate cell,3.17212143974083e-05,2.97574796298326e-05,3.06392445588376e-05,2.51893756097107e-05,all4,2,2,2,2,3.07393470136204e-05,2.79143100842741e-05,2.97574796298326e-05,3.17212143974083e-05,2.51893756097107e-05,3.06392445588376e-05,0.138655891864401,TRUE,FALSE,FALSE,FALSE,
CCL,CD4+ T cell,Vascular endothelial cell,5.40300616701832e-05,1.62415980310458e-05,3.13541828284928e-05,2.33589522818579e-05,all4,2,2,2,2,3.51358298506145e-05,2.73565675551754e-05,1.62415980310458e-05,5.40300616701832e-05,2.33589522818579e-05,3.13541828284928e-05,0.360009051802725,TRUE,FALSE,FALSE,FALSE,
CCL,CD8+ T cell 1,CD4+ T cell,0.000162005076555113,8.25958732308932e-05,0.000162694653266094,0.000100815671911886,all4,2,2,2,2,0.000122300474893003,0.00013175516258899,8.25958732308932e-05,0.000162005076555113,0.000100815671911886,0.000162694653266094,-0.107353435526068,TRUE,FALSE,FALSE,FALSE,
CCL,CD8+ T cell 1,CD8+ T cell 1,0.000372334087162919,0.000445313866718143,0.000216066116251822,0.000187100682452884,all4,2,2,2,2,0.000408823976940531,0.000201583399352353,0.000372334087162919,0.000445313866718143,0.000187100682452884,0.000216066116251822,1.0197769127332,TRUE,TRUE,FALSE,TRUE,irHepatitis
CCL,CD8+ T cell 1,CD8+ T cell 2,0.000264545447727105,0.000207126715026102,0.000129773161285498,9.58860333728411e-05,all4,2,2,2,2,0.000235836081376604,0.00011282959732917,0.000207126715026102,0.000264545447727105,9.58860333728411e-05,0.000129773161285498,1.06303965552115,TRUE,TRUE,FALSE,TRUE,irHepatitis
CCL,CD8+ T cell 1,CD8+ T cell 3,0.000356881797374741,0.000374242740304588,0.000189003339194621,0.000163063438899342,all4,2,2,2,2,0.000365562268839664,0.000176033389046981,0.000356881797374741,0.000374242740304588,0.000163063438899342,0.000189003339194621,1.05388620411032,TRUE,TRUE,FALSE,TRUE,irHepatitis
CCL,CD8+ T cell 1,Cholangiocyte,0.000123887121144422,9.22186543742296e-05,5.5032557238504e-05,3.848591914486e-05,all4,2,2,2,2,0.000108052887759326,4.6759238191682e-05,9.22186543742296e-05,0.000123887121144422,3.848591914486e-05,5.5032557238504e-05,1.2068429409374,TRUE,TRUE,FALSE,TRUE,irHepatitis
CCL,CD8+ T cell 1,Hepatocyte 1,2.55498979380746e-05,2.80769641039769e-05,3.48290170842678e-05,2.59864756616722e-05,all4,2,2,2,2,2.68134310210257e-05,3.040774637297e-05,2.55498979380746e-05,2.80769641039769e-05,2.59864756616722e-05,3.48290170842678e-05,-0.180913062786305,TRUE,FALSE,FALSE,FALSE,
CCL,CD8+ T cell 1,Hepatocyte 2,1.97562041944463e-05,2.23536636713636e-05,2.72667040862469e-05,1.41053318190733e-05,all4,2,2,2,2,2.1054933932905e-05,2.06860179526601e-05,1.97562041944463e-05,2.23536636713636e-05,1.41053318190733e-05,2.72667040862469e-05,0.0253930013204358,TRUE,FALSE,FALSE,FALSE,
CCL,CD8+ T cell 1,Hepatocyte 3,1.39516193256496e-05,1.44539657006826e-05,2.36872276045544e-05,1.55806719101646e-05,all4,2,2,2,2,1.42027925131661e-05,1.96339497573595e-05,1.39516193256496e-05,1.44539657006826e-05,1.55806719101646e-05,2.36872276045544e-05,-0.464663291044193,TRUE,FALSE,TRUE,TRUE,AIH
CCL,CD8+ T cell 1,Hepatocyte 4,5.03221453350262e-05,4.37978896048879e-05,2.86738650204849e-05,2.61286299481121e-05,all4,2,2,2,2,4.70600174699571e-05,2.74012474842985e-05,4.37978896048879e-05,5.03221453350262e-05,2.61286299481121e-05,2.86738650204849e-05,0.778287997274223,TRUE,TRUE,FALSE,TRUE,irHepatitis
CCL,CD8+ T cell 1,Ig+ hepatocyte,0,,5.62867107610082e-05,3.30620318592038e-05,all4,2,2,1,2,0,4.4674371310106e-05,,,3.30620318592038e-05,5.62867107610082e-05,-8.95972159487295,FALSE,FALSE,FALSE,FALSE,
CCL,CD8+ T cell 1,IgG+ B cell,4.25827466716516e-05,1.61100837859677e-05,4.41936126886141e-05,2.18252931582343e-05,all4,2,2,2,2,2.93464152288097e-05,3.30094529234242e-05,1.61100837859677e-05,4.25827466716516e-05,2.18252931582343e-05,4.41936126886141e-05,-0.169205893668724,TRUE,FALSE,FALSE,FALSE,
CCL,CD8+ T cell 1,IgG+ plasmablast / plasma cell,0.00011303794439886,2.15673152682671e-05,9.41701939795332e-05,7.59176674412069e-05,all4,2,2,2,2,6.73026298335637e-05,8.50439307103701e-05,2.15673152682671e-05,0.00011303794439886,7.59176674412069e-05,9.41701939795332e-05,-0.337143839164303,TRUE,FALSE,FALSE,FALSE,
CCL,CD8+ T cell 1,IgM+ B cell,0.000182489790542624,0.000102496549322093,0.000122814135248956,9.28834827257536e-05,all4,2,2,2,2,0.000142493169932359,0.000107848808987355,0.000102496549322093,0.000182489790542624,9.28834827257536e-05,0.000122814135248956,0.401590333712445,TRUE,FALSE,FALSE,FALSE,
CCL,CD8+ T cell 1,Macrophage 1,0.000435026693866569,0.000684319136212227,0.00025954392566941,0.000218097384876491,all4,2,2,2,2,0.000559672915039398,0.00023882065527295,0.000435026693866569,0.000684319136212227,0.000218097384876491,0.00025954392566941,1.22834503807693,TRUE,TRUE,FALSE,TRUE,irHepatitis
CCL,CD8+ T cell 1,Macrophage 2,0.000193944611505777,0.000240285652789007,0.000118266589030354,0.000106083961869871,all4,2,2,2,2,0.000217115132147392,0.000112175275450112,0.000193944611505777,0.000240285652789007,0.000106083961869871,0.000118266589030354,0.952147018372396,TRUE,TRUE,FALSE,TRUE,irHepatitis
CCL,CD8+ T cell 1,Sinusoidal endothelial cell,5.20039842417136e-05,5.98722966792194e-05,0.000106257511056764,6.11001879912697e-05,all4,2,2,2,2,5.59381404604665e-05,8.36788495240167e-05,5.20039842417136e-05,5.98722966792194e-05,6.11001879912697e-05,0.000106257511056764,-0.580263053750527,TRUE,FALSE,TRUE,TRUE,AIH
CCL,CD8+ T cell 1,Stellate cell,6.73283797081955e-05,7.64552667571026e-05,7.65691701971629e-05,5.04475265924195e-05,all4,2,2,2,2,7.1891823232649e-05,6.35083483947913e-05,6.73283797081955e-05,7.64552667571026e-05,5.04475265924195e-05,7.65691701971629e-05,0.178643594118471,TRUE,FALSE,FALSE,FALSE,
CCL,CD8+ T cell 1,Vascular endothelial cell,5.35095220596479e-05,2.17683774821585e-05,3.52268462541032e-05,2.78232444061307e-05,all4,2,2,2,2,3.76389497709032e-05,3.1525045330117e-05,2.17683774821585e-05,5.35095220596479e-05,2.78232444061307e-05,3.52268462541032e-05,0.255061351802463,TRUE,FALSE,FALSE,FALSE,
CCL,CD8+ T cell 2,CD4+ T cell,0.000210093593157821,5.09609611036128e-05,8.59048778855929e-05,8.11173088083969e-05,all4,2,2,2,2,0.000130527277130717,8.35110933469949e-05,5.09609611036128e-05,0.000210093593157821,8.11173088083969e-05,8.59048778855929e-05,0.643752610243538,TRUE,FALSE,FALSE,FALSE,
CCL,CD8+ T cell 2,CD8+ T cell 1,0.00049710136400984,0.000424346685851791,0.000255255824138047,0.000175715700374339,all4,2,2,2,2,0.000460724024930815,0.000215485762256193,0.000424346685851791,0.00049710136400984,0.000175715700374339,0.000255255824138047,1.09598998109552,TRUE,TRUE,FALSE,TRUE,irHepatitis
CCL,CD8+ T cell 2,CD8+ T cell 2,0.00265231424225665,0.00130260502216555,0.000594165160771954,0.000296903958734176,all4,2,2,2,2,0.0019774596322111,0.000445534559753065,0.00130260502216555,0.00265231424225665,0.000296903958734176,0.000594165160771954,2.14981348910011,TRUE,TRUE,FALSE,TRUE,irHepatitis
CCL,CD8+ T cell 2,CD8+ T cell 3,0.000697444412410597,0.00055797997912675,0.000330948362583782,0.00020995638691014,all4,2,2,2,2,0.000627712195768674,0.000270452374746961,0.00055797997912675,0.000697444412410597,0.00020995638691014,0.000330948362583782,1.21445578192074,TRUE,TRUE,FALSE,TRUE,irHepatitis
CCL,CD8+ T cell 2,Cholangiocyte,0.000237268375366948,0.000172414524988497,3.51122077147678e-05,3.09199352769697e-05,all4,2,2,2,2,0.000204841450177723,3.30160714958688e-05,0.000172414524988497,0.000237268375366948,3.09199352769697e-05,3.51122077147678e-05,2.62997712747938,TRUE,TRUE,FALSE,TRUE,irHepatitis
CCL,CD8+ T cell 2,Hepatocyte 1,4.26025104842094e-05,4.75740741353659e-05,0.00011104637374483,4.04068911157099e-05,all4,2,2,2,2,4.50882923097876e-05,7.57266324302699e-05,4.26025104842094e-05,4.75740741353659e-05,4.04068911157099e-05,0.00011104637374483,-0.746885856387069,TRUE,FALSE,FALSE,FALSE,
CCL,CD8+ T cell 2,Hepatocyte 2,3.11085596014694e-05,2.95405891255546e-05,8.18697612024024e-05,2.45268410218816e-05,all4,2,2,2,2,3.0324574363512e-05,5.3198301112142e-05,2.95405891255546e-05,3.11085596014694e-05,2.45268410218816e-05,8.18697612024024e-05,-0.809057947203441,TRUE,FALSE,FALSE,FALSE,
CCL,CD8+ T cell 2,Hepatocyte 3,2.53457699191277e-05,2.47300864014988e-05,5.34977067090624e-05,2.87329180404269e-05,all4,2,2,2,2,2.50379281603133e-05,4.11153123747447e-05,2.47300864014988e-05,2.53457699191277e-05,2.87329180404269e-05,5.34977067090624e-05,-0.713540739941521,TRUE,FALSE,TRUE,TRUE,AIH
CCL,CD8+ T cell 2,Hepatocyte 4,8.59842301208533e-05,8.65682304871726e-05,0.000102241796159315,3.90202138294338e-05,all4,2,2,2,2,8.62762303040129e-05,7.06310049943746e-05,8.59842301208533e-05,8.65682304871726e-05,3.90202138294338e-05,0.000102241796159315,0.288328892904949,TRUE,FALSE,FALSE,FALSE,
CCL,CD8+ T cell 2,Ig+ hepatocyte,0,,8.56643090927865e-05,3.88047275916024e-05,all4,2,2,1,2,0,6.22345183421944e-05,,,3.88047275916024e-05,8.56643090927865e-05,-9.43717135600257,FALSE,FALSE,FALSE,FALSE,
CCL,CD8+ T cell 2,IgG+ B cell,2.53887302552879e-05,7.42488077560051e-07,2.22892699114248e-05,1.67440545782498e-05,all4,2,2,2,2,1.3065609166424e-05,1.95166622448373e-05,7.42488077560051e-07,2.53887302552879e-05,1.67440545782498e-05,2.22892699114248e-05,-0.575669311619006,TRUE,FALSE,FALSE,FALSE,
CCL,CD8+ T cell 2,IgG+ plasmablast / plasma cell,0.000155253843409532,7.96158589542041e-06,6.57822150187331e-05,5.89697908873684e-05,all4,2,2,2,2,8.16077146524762e-05,6.23760029530507e-05,7.96158589542041e-06,0.000155253843409532,5.89697908873684e-05,6.57822150187331e-05,0.38722501716351,TRUE,FALSE,FALSE,FALSE,
CCL,CD8+ T cell 2,IgM+ B cell,0.000252419199283818,2.04786343715048e-05,6.74127834287994e-05,7.36584167707409e-05,all4,2,2,2,2,0.000136448916827662,7.05356000997702e-05,2.04786343715048e-05,0.000252419199283818,6.74127834287994e-05,7.36584167707409e-05,0.951050017150429,TRUE,FALSE,FALSE,FALSE,
CCL,CD8+ T cell 2,Macrophage 1,0.000754187776209326,0.00105315382557086,0.000484168670949676,0.0003051319057412,all4,2,2,2,2,0.000903670800890091,0.000394650288345438,0.000754187776209326,0.00105315382557086,0.0003051319057412,0.000484168670949676,1.19503740584846,TRUE,TRUE,FALSE,TRUE,irHepatitis
CCL,CD8+ T cell 2,Macrophage 2,0.000303910299825307,0.000209204059409078,8.95755319072539e-05,0.000118555218694416,all4,2,2,2,2,0.000256557179617193,0.000104065375300835,0.000209204059409078,0.000303910299825307,8.95755319072539e-05,0.000118555218694416,1.30104988689758,TRUE,TRUE,FALSE,TRUE,irHepatitis
CCL,CD8+ T cell 2,Sinusoidal endothelial cell,9.04643167831559e-05,9.7617957240772e-05,0.000141088650491521,8.58587752769269e-05,all4,2,2,2,2,9.40411370119639e-05,0.000113473712884224,9.04643167831559e-05,9.7617957240772e-05,8.58587752769269e-05,0.000141088650491521,-0.270758243970019,TRUE,FALSE,FALSE,FALSE,
CCL,CD8+ T cell 2,Stellate cell,8.52912608383568e-05,8.24050505688863e-05,4.76205143764187e-05,5.41743740147881e-05,all4,2,2,2,2,8.38481557036216e-05,5.08974441956034e-05,8.24050505688863e-05,8.52912608383568e-05,4.76205143764187e-05,5.41743740147881e-05,0.71918579035878,TRUE,TRUE,FALSE,TRUE,irHepatitis
CCL,CD8+ T cell 2,Vascular endothelial cell,7.55244734178273e-05,1.52726032008752e-05,2.22661246217373e-05,1.66525187332053e-05,all4,2,2,2,2,4.53985383093513e-05,1.94593216774713e-05,1.52726032008752e-05,7.55244734178273e-05,1.66525187332053e-05,2.22661246217373e-05,1.21838850090233,TRUE,FALSE,FALSE,FALSE,
CCL,CD8+ T cell 3,CD4+ T cell,0.000157982653721419,6.31996665537181e-05,0.000112893744222646,8.7354043008116e-05,all4,2,2,2,2,0.000110591160137569,0.000100123893615381,6.31996665537181e-05,0.000157982653721419,8.7354043008116e-05,0.000112893744222646,0.143327262654026,TRUE,FALSE,FALSE,FALSE,
CCL,CD8+ T cell 3,CD8+ T cell 1,0.000258661310897351,0.000370703746682569,0.00016258921947635,0.000136821005338234,all4,2,2,2,2,0.00031468252878996,0.000149705112407292,0.000258661310897351,0.000370703746682569,0.000136821005338234,0.00016258921947635,1.07131956278956,TRUE,TRUE,FALSE,TRUE,irHepatitis
CCL,CD8+ T cell 3,CD8+ T cell 2,0.000252694950472942,0.00014240606557484,0.000173035579309644,9.18983005166502e-05,all4,2,2,2,2,0.000197550508023891,0.000132466939913147,0.00014240606557484,0.000252694950472942,9.18983005166502e-05,0.000173035579309644,0.576266804356974,TRUE,FALSE,FALSE,FALSE,
CCL,CD8+ T cell 3,CD8+ T cell 3,0.00148564653538857,0.00237244547238065,0.000685132393095455,0.000567549555397962,all4,2,2,2,2,0.00192904600388461,0.000626340974246709,0.00148564653538857,0.00237244547238065,0.000567549555397962,0.000685132393095455,1.62272754926333,TRUE,TRUE,FALSE,TRUE,irHepatitis
CCL,CD8+ T cell 3,Cholangiocyte,0.000177171136227995,0.000107532427162166,4.65989128381938e-05,4.23932364592115e-05,all4,2,2,2,2,0.000142351781695081,4.44960746487027e-05,0.000107532427162166,0.000177171136227995,4.23932364592115e-05,4.65989128381938e-05,1.6757093897994,TRUE,TRUE,FALSE,TRUE,irHepatitis
CCL,CD8+ T cell 3,Hepatocyte 1,1.63894356424675e-05,2.48587110902175e-05,4.20077619700929e-05,2.59259342480343e-05,all4,2,2,2,2,2.06240733663425e-05,3.39668481090636e-05,1.63894356424675e-05,2.48587110902175e-05,2.59259342480343e-05,4.20077619700929e-05,-0.717336215793771,TRUE,FALSE,TRUE,TRUE,AIH
CCL,CD8+ T cell 3,Hepatocyte 2,9.09008628088967e-06,2.19889926793874e-05,2.94257576768319e-05,1.52295042184482e-05,all4,2,2,2,2,1.55395394801386e-05,2.23276309476401e-05,9.09008628088967e-06,2.19889926793874e-05,1.52295042184482e-05,2.94257576768319e-05,-0.520361193808527,TRUE,FALSE,FALSE,FALSE,
CCL,CD8+ T cell 3,Hepatocyte 3,5.20684203412955e-06,1.86510471927134e-05,2.01276375046931e-05,2.24972835959577e-05,all4,2,2,2,2,1.19289446134215e-05,2.13124605503254e-05,5.20684203412955e-06,1.86510471927134e-05,2.01276375046931e-05,2.24972835959577e-05,-0.832471417891087,TRUE,FALSE,TRUE,TRUE,AIH
CCL,CD8+ T cell 3,Hepatocyte 4,2.44037115269352e-05,3.26540817220443e-05,4.71333937691656e-05,2.43188422176895e-05,all4,2,2,2,2,2.85288966244897e-05,3.57261179934275e-05,2.44037115269352e-05,3.26540817220443e-05,2.43188422176895e-05,4.71333937691656e-05,-0.323641881396452,TRUE,FALSE,FALSE,FALSE,
CCL,CD8+ T cell 3,Ig+ hepatocyte,0,,4.74116773849658e-05,2.8135776571538e-05,all4,2,2,1,2,0,3.77737269782519e-05,,,2.8135776571538e-05,4.74116773849658e-05,-8.71818654012323,FALSE,FALSE,FALSE,FALSE,
CCL,CD8+ T cell 3,IgG+ B cell,9.64752017355861e-05,9.10936494454401e-06,3.49702968205307e-05,1.97692243682344e-05,all4,2,2,2,2,5.2792283340065e-05,2.73697605943826e-05,9.10936494454401e-06,9.64752017355861e-05,1.97692243682344e-05,3.49702968205307e-05,0.945467807983934,TRUE,FALSE,FALSE,FALSE,
CCL,CD8+ T cell 3,IgG+ plasmablast / plasma cell,0.000126033079537761,2.34322845486643e-05,8.04522405974336e-05,6.96910422526301e-05,all4,2,2,2,2,7.47326820432125e-05,7.50716414250318e-05,2.34322845486643e-05,0.000126033079537761,6.96910422526301e-05,8.04522405974336e-05,-0.00652090106737149,TRUE,FALSE,FALSE,FALSE,
CCL,CD8+ T cell 3,IgM+ B cell,0.000201435869801684,4.80656330654131e-05,8.88453545786002e-05,7.2963581878002e-05,all4,2,2,2,2,0.000124750751433549,8.09044682283011e-05,4.80656330654131e-05,0.000201435869801684,7.2963581878002e-05,8.88453545786002e-05,0.624194253815857,TRUE,FALSE,FALSE,FALSE,
CCL,CD8+ T cell 3,Macrophage 1,0.00036372073599501,0.00078863416380212,0.000256163981790739,0.000208854075671435,all4,2,2,2,2,0.000576177449898565,0.000232509028731087,0.00036372073599501,0.00078863416380212,0.000208854075671435,0.000256163981790739,1.30889380905977,TRUE,TRUE,FALSE,TRUE,irHepatitis
CCL,CD8+ T cell 3,Macrophage 2,0.000181150585314113,0.000235915798196547,9.3138249222935e-05,9.6026334482661e-05,all4,2,2,2,2,0.00020853319175533,9.4582291852798e-05,0.000181150585314113,0.000235915798196547,9.3138249222935e-05,9.6026334482661e-05,1.1398861781983,TRUE,TRUE,FALSE,TRUE,irHepatitis
CCL,CD8+ T cell 3,Sinusoidal endothelial cell,3.05303440753067e-05,8.64625253976639e-05,8.66036806719242e-05,5.44857753808891e-05,all4,2,2,2,2,5.84964347364853e-05,7.05447280264066e-05,3.05303440753067e-05,8.64625253976639e-05,5.44857753808891e-05,8.66036806719242e-05,-0.269811407248503,TRUE,FALSE,FALSE,FALSE,
CCL,CD8+ T cell 3,Stellate cell,5.48519308163917e-05,7.92688524699582e-05,4.94310787280725e-05,4.36610556352154e-05,all4,2,2,2,2,6.7060391643175e-05,4.65460671816439e-05,5.48519308163917e-05,7.92688524699582e-05,4.36610556352154e-05,4.94310787280725e-05,0.525950575100486,TRUE,TRUE,FALSE,TRUE,irHepatitis
CCL,CD8+ T cell 3,Vascular endothelial cell,5.90391543052166e-05,3.1102736421684e-05,2.65285836427498e-05,2.09338260823175e-05,all4,2,2,2,2,4.50709453634503e-05,2.37312048625337e-05,3.1102736421684e-05,5.90391543052166e-05,2.09338260823175e-05,2.65285836427498e-05,0.922832003210407,TRUE,TRUE,FALSE,TRUE,irHepatitis
CCL,Cholangiocyte,CD4+ T cell,0.000101739170654551,3.03191787166906e-05,0.00010964722218774,7.64397073355704e-05,all4,2,2,2,2,6.60291746856208e-05,9.30434647616552e-05,3.03191787166906e-05,0.000101739170654551,7.64397073355704e-05,0.00010964722218774,-0.494231531741329,TRUE,FALSE,FALSE,FALSE,
CCL,Cholangiocyte,CD8+ T cell 1,0.000151843631412487,7.9228376901104e-05,6.09857380174782e-05,5.06090007700975e-05,all4,2,2,2,2,0.000115536004156796,5.57973693937878e-05,7.9228376901104e-05,0.000151843631412487,5.06090007700975e-05,6.09857380174782e-05,1.04887297979218,TRUE,TRUE,FALSE,TRUE,irHepatitis
CCL,Cholangiocyte,CD8+ T cell 2,0.000110435419336544,4.04760177490765e-05,1.82175464430167e-05,1.7547487513516e-05,all4,2,2,2,2,7.54557185428103e-05,1.78825169782664e-05,4.04760177490765e-05,0.000110435419336544,1.7547487513516e-05,1.82175464430167e-05,2.07156330473619,TRUE,TRUE,FALSE,TRUE,irHepatitis
CCL,Cholangiocyte,CD8+ T cell 3,0.000270254839735098,7.92622596992583e-05,5.52041850722036e-05,5.70190616748722e-05,all4,2,2,2,2,0.000174758549717178,5.61116233735379e-05,7.92622596992583e-05,0.000270254839735098,5.52041850722036e-05,5.70190616748722e-05,1.63742376628553,TRUE,TRUE,FALSE,TRUE,irHepatitis
CCL,Cholangiocyte,Cholangiocyte,0.000216678782149612,0.000161888064617733,0.000142012419054044,0.000104550791712467,all4,2,2,2,2,0.000189283423383673,0.000123281605383256,0.000161888064617733,0.000216678782149612,0.000104550791712467,0.000142012419054044,0.618223873491352,TRUE,TRUE,FALSE,TRUE,irHepatitis
CCL,Cholangiocyte,Hepatocyte 1,5.63487001722618e-06,2.80878689212783e-06,4.82897887690622e-06,6.09708995025993e-06,all4,2,2,2,2,4.22182845467701e-06,5.46303441358307e-06,2.80878689212783e-06,5.63487001722618e-06,4.82897887690622e-06,6.09708995025993e-06,-0.364983616786362,TRUE,FALSE,FALSE,FALSE,
CCL,Cholangiocyte,Hepatocyte 2,3.48445613937581e-06,2.43646236272384e-06,4.47838276549636e-06,2.81611980861852e-06,all4,2,2,2,2,2.96045925104982e-06,3.64725128705744e-06,2.43646236272384e-06,3.48445613937581e-06,2.81611980861852e-06,4.47838276549636e-06,-0.292959319723857,TRUE,FALSE,FALSE,FALSE,
CCL,Cholangiocyte,Hepatocyte 3,1.14785143912296e-06,1.48795609022175e-06,9.09170727839123e-06,1.04976803315893e-05,all4,2,2,2,2,1.31790376467235e-06,9.79469380499029e-06,1.14785143912296e-06,1.48795609022175e-06,9.09170727839123e-06,1.04976803315893e-05,-2.81173053327547,TRUE,FALSE,TRUE,TRUE,AIH
CCL,Cholangiocyte,Hepatocyte 4,1.12379183230444e-05,1.45966685253887e-07,6.50916911614379e-06,5.57725808850469e-06,all4,2,2,2,2,5.69194250414916e-06,6.04321360232424e-06,1.45966685253887e-07,1.12379183230444e-05,5.57725808850469e-06,6.50916911614379e-06,-0.0850902835637749,TRUE,FALSE,FALSE,FALSE,
CCL,Cholangiocyte,Ig+ hepatocyte,0,,3.04555127320067e-05,3.2638497550945e-05,all4,2,2,1,2,0,3.15470051414759e-05,,,3.04555127320067e-05,3.2638497550945e-05,-8.45898244375388,FALSE,FALSE,FALSE,FALSE,
CCL,Cholangiocyte,IgG+ B cell,4.02831019466136e-05,3.3240139972971e-06,6.62342275370908e-05,4.45733995802852e-05,all4,2,2,2,2,2.18035579719553e-05,5.5403813558688e-05,3.3240139972971e-06,4.02831019466136e-05,4.45733995802852e-05,6.62342275370908e-05,-1.34182428723466,TRUE,FALSE,TRUE,TRUE,AIH
CCL,Cholangiocyte,IgG+ plasmablast / plasma cell,8.31546245473427e-05,9.89242291301731e-05,0.000164149716876734,0.000136767513169867,all4,2,2,2,2,9.10394268387579e-05,0.0001504586150233,8.31546245473427e-05,9.89242291301731e-05,0.000136767513169867,0.000164149716876734,-0.724241127252802,TRUE,FALSE,TRUE,TRUE,AIH
CCL,Cholangiocyte,IgM+ B cell,0.000115980423738612,4.02066350250227e-05,0.000129588894031187,0.000104238651238169,all4,2,2,2,2,7.80935293818172e-05,0.000116913772634678,4.02066350250227e-05,0.000115980423738612,0.000104238651238169,0.000129588894031187,-0.58161900875663,TRUE,FALSE,FALSE,FALSE,
CCL,Cholangiocyte,Macrophage 1,0.000208507149094499,0.000116849729818047,5.36079766624262e-05,6.95083876191933e-05,all4,2,2,2,2,0.000162678439456273,6.15581821408098e-05,0.000116849729818047,0.000208507149094499,5.36079766624262e-05,6.95083876191933e-05,1.40069210454163,TRUE,TRUE,FALSE,TRUE,irHepatitis
CCL,Cholangiocyte,Macrophage 2,0.000144487446461291,8.51933981559912e-05,0.000165090280217707,0.000103582717452132,all4,2,2,2,2,0.000114840422308641,0.00013433649883492,8.51933981559912e-05,0.000144487446461291,0.000103582717452132,0.000165090280217707,-0.226056996690355,TRUE,FALSE,FALSE,FALSE,
CCL,Cholangiocyte,Sinusoidal endothelial cell,9.25619863553982e-06,3.9347478735189e-06,1.61517456256424e-05,1.34776119430472e-05,all4,2,2,2,2,6.59547325452936e-06,1.48146787843448e-05,3.9347478735189e-06,9.25619863553982e-06,1.34776119430472e-05,1.61517456256424e-05,-1.15667492524175,TRUE,FALSE,TRUE,TRUE,AIH
CCL,Cholangiocyte,Stellate cell,3.94521042382868e-05,2.62487177133193e-05,4.08136519354343e-05,3.44704100638949e-05,all4,2,2,2,2,3.28504109758031e-05,3.76420309996646e-05,2.62487177133193e-05,3.94521042382868e-05,3.44704100638949e-05,4.08136519354343e-05,-0.195931728541567,TRUE,FALSE,FALSE,FALSE,
CCL,Cholangiocyte,Vascular endothelial cell,4.67139230575126e-05,1.62394046566108e-05,4.13812498459631e-05,3.47200897425388e-05,all4,2,2,2,2,3.14766638570617e-05,3.8050669794251e-05,1.62394046566108e-05,4.67139230575126e-05,3.47200897425388e-05,4.13812498459631e-05,-0.272929126538588,TRUE,FALSE,FALSE,FALSE,
CCL,Hepatocyte 1,CD4+ T cell,0.000100425447965054,4.03346949858583e-05,6.62646575755631e-05,5.08261262288621e-05,all4,2,2,2,2,7.03800714754564e-05,5.85453919022126e-05,4.03346949858583e-05,0.000100425447965054,5.08261262288621e-05,6.62646575755631e-05,0.265239339579881,TRUE,FALSE,FALSE,FALSE,
CCL,Hepatocyte 1,CD8+ T cell 1,0.000262351186389343,0.000260446910526953,0.000191700356050852,0.000107149402221351,all4,2,2,2,2,0.000261399048458148,0.000149424879136102,0.000260446910526953,0.000262351186389343,0.000107149402221351,0.000191700356050852,0.806461852794398,TRUE,TRUE,FALSE,TRUE,irHepatitis
CCL,Hepatocyte 1,CD8+ T cell 2,0.000243383271588598,0.000200778538280675,0.000199461714927979,7.10083666949355e-05,all4,2,2,2,2,0.000222080904934636,0.000135235040811457,0.000200778538280675,0.000243383271588598,7.10083666949355e-05,0.000199461714927979,0.715241466948831,TRUE,TRUE,FALSE,TRUE,irHepatitis
CCL,Hepatocyte 1,CD8+ T cell 3,0.000345780251635183,0.000335782795616055,0.000281749707430973,0.000118255391769664,all4,2,2,2,2,0.000340781523625619,0.000200002549600319,0.000335782795616055,0.000345780251635183,0.000118255391769664,0.000281749707430973,0.768560913255299,TRUE,TRUE,FALSE,TRUE,irHepatitis
CCL,Hepatocyte 1,Cholangiocyte,0.000123261024556688,6.08332273642599e-05,3.74036739082108e-05,2.69485749541412e-05,all4,2,2,2,2,9.20471259604739e-05,3.2176124431176e-05,6.08332273642599e-05,0.000123261024556688,2.69485749541412e-05,3.74036739082108e-05,1.51376503768237,TRUE,TRUE,FALSE,TRUE,irHepatitis
CCL,Hepatocyte 1,Hepatocyte 1,6.26210335044041e-05,3.03228301148767e-05,0.000124131587494878,3.70257796134855e-05,all4,2,2,2,2,4.64719318096404e-05,8.05786835541818e-05,3.03228301148767e-05,6.26210335044041e-05,3.70257796134855e-05,0.000124131587494878,-0.792859034025216,TRUE,FALSE,FALSE,FALSE,
CCL,Hepatocyte 1,Hepatocyte 2,4.08980910042838e-05,1.75244627405636e-05,7.20054056544912e-05,2.10069709504843e-05,all4,2,2,2,2,2.92112768724237e-05,4.65061883024878e-05,1.75244627405636e-05,4.08980910042838e-05,2.10069709504843e-05,7.20054056544912e-05,-0.669250134008198,TRUE,FALSE,FALSE,FALSE,
CCL,Hepatocyte 1,Hepatocyte 3,2.80526127512913e-05,1.33835276023241e-05,4.94500130517619e-05,1.95850617833507e-05,all4,2,2,2,2,2.07180701768077e-05,3.45175374175563e-05,1.33835276023241e-05,2.80526127512913e-05,1.95850617833507e-05,4.94500130517619e-05,-0.73394572723333,TRUE,FALSE,FALSE,FALSE,
CCL,Hepatocyte 1,Hepatocyte 4,8.22142105780743e-05,3.32795113772384e-05,8.7168467063478e-05,3.11455528647888e-05,all4,2,2,2,2,5.77468609776564e-05,5.91570099641334e-05,3.32795113772384e-05,8.22142105780743e-05,3.11455528647888e-05,8.7168467063478e-05,-0.034753149035312,TRUE,FALSE,FALSE,FALSE,
CCL,Hepatocyte 1,Ig+ hepatocyte,0,,0.00010469306661218,3.0401454460111e-05,all4,2,2,1,2,0,6.75472605361455e-05,,,3.0401454460111e-05,0.00010469306661218,-9.55518992787985,FALSE,FALSE,FALSE,FALSE,
CCL,Hepatocyte 1,IgG+ B cell,4.1698475020793e-05,1.08358567406481e-05,3.00883800789424e-05,1.74694727400818e-05,all4,2,2,2,2,2.62671658807205e-05,2.37789264095121e-05,1.08358567406481e-05,4.1698475020793e-05,1.74694727400818e-05,3.00883800789424e-05,0.143062110640378,TRUE,FALSE,FALSE,FALSE,
CCL,Hepatocyte 1,IgG+ plasmablast / plasma cell,0.00010400045866492,3.99825891838683e-05,8.07072163683358e-05,5.55546226579248e-05,all4,2,2,2,2,7.1991523924394e-05,6.81309195131303e-05,3.99825891838683e-05,0.00010400045866492,5.55546226579248e-05,8.07072163683358e-05,0.0794154190238614,TRUE,FALSE,FALSE,FALSE,
CCL,Hepatocyte 1,IgM+ B cell,0.000109523815634117,4.29035366045883e-05,7.99809994031931e-05,5.74376183672265e-05,all4,2,2,2,2,7.62136761193528e-05,6.87093088852098e-05,4.29035366045883e-05,0.000109523815634117,5.74376183672265e-05,7.99809994031931e-05,0.149358686303863,TRUE,FALSE,FALSE,FALSE,
CCL,Hepatocyte 1,Macrophage 1,0.000583378979810515,0.000584248529754328,0.00050909218176047,0.000275191376176273,all4,2,2,2,2,0.000583813754782421,0.000392141778968372,0.000583378979810515,0.000584248529754328,0.000275191376176273,0.00050909218176047,0.574024273689385,TRUE,TRUE,FALSE,TRUE,irHepatitis
CCL,Hepatocyte 1,Macrophage 2,0.00022350276021561,0.000159996189814333,0.000103102968920298,0.000101262089467914,all4,2,2,2,2,0.000191749475014971,0.000102182529194106,0.000159996189814333,0.00022350276021561,0.000101262089467914,0.000103102968920298,0.907481554181557,TRUE,TRUE,FALSE,TRUE,irHepatitis
CCL,Hepatocyte 1,Sinusoidal endothelial cell,0.000103167888740837,5.87239952001202e-05,0.000148012337644788,7.48494943740656e-05,all4,2,2,2,2,8.09459419704785e-05,0.000111430916009427,5.87239952001202e-05,0.000103167888740837,7.48494943740656e-05,0.000148012337644788,-0.460680940542922,TRUE,FALSE,FALSE,FALSE,
CCL,Hepatocyte 1,Stellate cell,9.49151622141717e-05,5.75142821205357e-05,5.64041374598636e-05,5.09265883112555e-05,all4,2,2,2,2,7.62147221673537e-05,5.36653628855596e-05,5.75142821205357e-05,9.49151622141717e-05,5.09265883112555e-05,5.64041374598636e-05,0.505364398982335,TRUE,TRUE,FALSE,TRUE,irHepatitis
CCL,Hepatocyte 1,Vascular endothelial cell,5.5670002695788e-05,1.64786038468925e-05,2.37712366933959e-05,1.5728281494875e-05,all4,2,2,2,2,3.60743032713403e-05,1.97497590941354e-05,1.64786038468925e-05,5.5670002695788e-05,1.5728281494875e-05,2.37712366933959e-05,0.866174949175099,TRUE,FALSE,FALSE,FALSE,
CCL,Hepatocyte 2,CD4+ T cell,6.20250906615356e-05,3.52560305139969e-05,4.55157086616544e-05,3.28992066237073e-05,all4,2,2,2,2,4.86405605877662e-05,3.92074576426808e-05,3.52560305139969e-05,6.20250906615356e-05,3.28992066237073e-05,4.55157086616544e-05,0.310391510139989,TRUE,FALSE,FALSE,FALSE,
CCL,Hepatocyte 2,CD8+ T cell 1,0.000177270111443112,0.000182587201213424,0.000131748674871115,7.58171816384038e-05,all4,2,2,2,2,0.000179928656328268,0.000103782928254759,0.000177270111443112,0.000182587201213424,7.58171816384038e-05,0.000131748674871115,0.793327280769562,TRUE,TRUE,FALSE,TRUE,irHepatitis
CCL,Hepatocyte 2,CD8+ T cell 2,0.000202212717911814,0.000116108331561242,0.00013710081286552,5.15523600443787e-05,all4,2,2,2,2,0.000159160524736528,9.43265864549495e-05,0.000116108331561242,0.000202212717911814,5.15523600443787e-05,0.00013710081286552,0.754186483947148,TRUE,FALSE,FALSE,FALSE,
CCL,Hepatocyte 2,CD8+ T cell 3,0.000238704718094358,0.000203799246388331,0.000175341442326718,8.7467288034277e-05,all4,2,2,2,2,0.000221251982241344,0.000131404365180498,0.000203799246388331,0.000238704718094358,8.7467288034277e-05,0.000175341442326718,0.751276557376376,TRUE,TRUE,FALSE,TRUE,irHepatitis
CCL,Hepatocyte 2,Cholangiocyte,7.3650713294879e-05,4.38574882763786e-05,2.549089981333e-05,1.72179843409373e-05,all4,2,2,2,2,5.87541007856288e-05,2.13544420771336e-05,4.38574882763786e-05,7.3650713294879e-05,1.72179843409373e-05,2.549089981333e-05,1.45629804589729,TRUE,TRUE,FALSE,TRUE,irHepatitis
CCL,Hepatocyte 2,Hepatocyte 1,3.70336252417497e-05,1.65227288509321e-05,6.48238604384013e-05,2.44988746291734e-05,all4,2,2,2,2,2.67781770463409e-05,4.46613675337873e-05,1.65227288509321e-05,3.70336252417497e-05,2.44988746291734e-05,6.48238604384013e-05,-0.736035355127141,TRUE,FALSE,FALSE,FALSE,
CCL,Hepatocyte 2,Hepatocyte 2,3.89997134793262e-05,1.94975357004274e-05,8.69293155082668e-05,2.60190606673041e-05,all4,2,2,2,2,2.92486245898768e-05,5.64741880877855e-05,1.94975357004274e-05,3.89997134793262e-05,2.60190606673041e-05,8.69293155082668e-05,-0.947089939780044,TRUE,FALSE,FALSE,FALSE,
CCL,Hepatocyte 2,Hepatocyte 3,2.13318110383863e-05,1.18245739922529e-05,4.7388269858057e-05,1.84455783845395e-05,all4,2,2,2,2,1.65781925153196e-05,3.29169241212982e-05,1.18245739922529e-05,2.13318110383863e-05,1.84455783845395e-05,4.7388269858057e-05,-0.985675079164092,TRUE,FALSE,FALSE,FALSE,
CCL,Hepatocyte 2,Hepatocyte 4,5.2348158972609e-05,2.01921690743297e-05,5.65684511762587e-05,2.51895716466205e-05,all4,2,2,2,2,3.62701640234694e-05,4.08790114114396e-05,2.01921690743297e-05,5.2348158972609e-05,2.51895716466205e-05,5.65684511762587e-05,-0.172174794609587,TRUE,FALSE,FALSE,FALSE,
CCL,Hepatocyte 2,Ig+ hepatocyte,0,,7.40520581100789e-05,1.69298057411029e-05,all4,2,2,1,2,0,4.54909319255909e-05,,,1.69298057411029e-05,7.40520581100789e-05,-8.98580114634144,FALSE,FALSE,FALSE,FALSE,
CCL,Hepatocyte 2,IgG+ B cell,2.31971353478551e-05,7.49490748732582e-06,2.07730816531014e-05,1.31456450432086e-05,all4,2,2,2,2,1.53460214175905e-05,1.6959363348155e-05,7.49490748732582e-06,2.31971353478551e-05,1.31456450432086e-05,2.07730816531014e-05,-0.143417751978706,TRUE,FALSE,FALSE,FALSE,
CCL,Hepatocyte 2,IgG+ plasmablast / plasma cell,6.15632958150844e-05,1.74197650578259e-05,6.10704473355797e-05,3.48799338296335e-05,all4,2,2,2,2,3.94915304364552e-05,4.79751905826066e-05,1.74197650578259e-05,6.15632958150844e-05,3.48799338296335e-05,6.10704473355797e-05,-0.280165665796779,TRUE,FALSE,FALSE,FALSE,
CCL,Hepatocyte 2,IgM+ B cell,7.04979266690622e-05,3.89506414193002e-05,5.61841012456168e-05,3.72212814220783e-05,all4,2,2,2,2,5.47242840441812e-05,4.67026913338476e-05,3.89506414193002e-05,7.04979266690622e-05,3.72212814220783e-05,5.61841012456168e-05,0.228269110557443,TRUE,FALSE,FALSE,FALSE,
CCL,Hepatocyte 2,Macrophage 1,0.000405813336348541,0.000380739256005742,0.000338848824802285,0.000205828163978724,all4,2,2,2,2,0.000393276296177141,0.000272338494390505,0.000380739256005742,0.000405813336348541,0.000205828163978724,0.000338848824802285,0.529995897297179,TRUE,TRUE,FALSE,TRUE,irHepatitis
CCL,Hepatocyte 2,Macrophage 2,0.000152025949675851,0.000118630879669665,7.87330239244964e-05,7.49050523487026e-05,all4,2,2,2,2,0.000135328414672758,7.68190381365995e-05,0.000118630879669665,0.000152025949675851,7.49050523487026e-05,7.87330239244964e-05,0.81619964553102,TRUE,TRUE,FALSE,TRUE,irHepatitis
CCL,Hepatocyte 2,Sinusoidal endothelial cell,7.52376085803624e-05,3.66635191874999e-05,9.6885298968465e-05,5.50977689854358e-05,all4,2,2,2,2,5.59505638839312e-05,7.59915339769504e-05,3.66635191874999e-05,7.52376085803624e-05,5.50977689854358e-05,9.6885298968465e-05,-0.441075502498533,TRUE,FALSE,FALSE,FALSE,
CCL,Hepatocyte 2,Stellate cell,7.09717083111323e-05,3.83762053274406e-05,3.8633050824293e-05,3.95065323291253e-05,all4,2,2,2,2,5.46739568192864e-05,3.90697915767092e-05,3.83762053274406e-05,7.09717083111323e-05,3.8633050824293e-05,3.95065323291253e-05,0.483854593158707,TRUE,FALSE,FALSE,FALSE,
CCL,Hepatocyte 2,Vascular endothelial cell,4.03115144961522e-05,1.2781712113513e-05,1.72101554758554e-05,9.27281417720853e-06,all4,2,2,2,2,2.65466133048326e-05,1.3241484826532e-05,1.2781712113513e-05,4.03115144961522e-05,9.27281417720853e-06,1.72101554758554e-05,0.99857829468789,TRUE,FALSE,FALSE,FALSE,
CCL,Hepatocyte 3,CD4+ T cell,2.68102203985e-05,1.69524149453684e-05,2.71344078318372e-05,2.1058984856187e-05,all4,2,2,2,2,2.18813176719342e-05,2.40966963440121e-05,1.69524149453684e-05,2.68102203985e-05,2.1058984856187e-05,2.71344078318372e-05,-0.138592899068422,TRUE,FALSE,FALSE,FALSE,
CCL,Hepatocyte 3,CD8+ T cell 1,9.29138156521478e-05,9.45341037458896e-05,5.99753881436963e-05,3.94544565114205e-05,all4,2,2,2,2,9.37239596990187e-05,4.97149223275584e-05,9.29138156521478e-05,9.45341037458896e-05,3.94544565114205e-05,5.99753881436963e-05,0.913515563657913,TRUE,TRUE,FALSE,TRUE,irHepatitis
CCL,Hepatocyte 3,CD8+ T cell 2,0.000111732760316904,5.83219738579305e-05,6.0245276824613e-05,2.93232279564342e-05,all4,2,2,2,2,8.50273670874173e-05,4.47842523905236e-05,5.83219738579305e-05,0.000111732760316904,2.93232279564342e-05,6.0245276824613e-05,0.92356705663184,TRUE,FALSE,FALSE,FALSE,
CCL,Hepatocyte 3,CD8+ T cell 3,0.000101275050021577,0.000108876350645889,6.8943011066689e-05,4.50999405695651e-05,all4,2,2,2,2,0.000105075700333733,5.7021475818127e-05,0.000101275050021577,0.000108876350645889,4.50999405695651e-05,6.8943011066689e-05,0.880812767145121,TRUE,TRUE,FALSE,TRUE,irHepatitis
CCL,Hepatocyte 3,Cholangiocyte,2.84925773135978e-05,1.69638354168491e-05,1.37620365850519e-05,1.2491213126016e-05,all4,2,2,2,2,2.27282063652234e-05,1.3126624855534e-05,1.69638354168491e-05,2.84925773135978e-05,1.2491213126016e-05,1.37620365850519e-05,0.787835928391972,TRUE,TRUE,FALSE,TRUE,irHepatitis
CCL,Hepatocyte 3,Hepatocyte 1,2.30888131124768e-05,8.48769999062751e-06,2.87975757904544e-05,1.23257498234807e-05,all4,2,2,2,2,1.57882565515522e-05,2.05616628069675e-05,8.48769999062751e-06,2.30888131124768e-05,1.23257498234807e-05,2.87975757904544e-05,-0.379207418835912,TRUE,FALSE,FALSE,FALSE,
CCL,Hepatocyte 3,Hepatocyte 2,2.00143728324926e-05,9.08203142716374e-06,2.41328271522698e-05,1.13434013461713e-05,all4,2,2,2,2,1.45482021298282e-05,1.77381142492205e-05,9.08203142716374e-06,2.00143728324926e-05,1.13434013461713e-05,2.41328271522698e-05,-0.284417404478814,TRUE,FALSE,FALSE,FALSE,
CCL,Hepatocyte 3,Hepatocyte 3,2.15573908667337e-05,1.1080522848137e-05,4.57449201576514e-05,2.86438449859378e-05,all4,2,2,2,2,1.63189568574353e-05,3.71943825717946e-05,1.1080522848137e-05,2.15573908667337e-05,2.86438449859378e-05,4.57449201576514e-05,-1.18409257159653,TRUE,FALSE,TRUE,TRUE,AIH
CCL,Hepatocyte 3,Hepatocyte 4,2.8666912014212e-05,1.19817466129375e-05,2.63058246397629e-05,1.06792040921798e-05,all4,2,2,2,2,2.03243293135748e-05,1.84925143659713e-05,1.19817466129375e-05,2.8666912014212e-05,1.06792040921798e-05,2.63058246397629e-05,0.135637104929603,TRUE,FALSE,FALSE,FALSE,
CCL,Hepatocyte 3,Ig+ hepatocyte,0,,3.28280292680409e-05,1.41700419289301e-05,all4,2,2,1,2,0,2.34990355984855e-05,,,1.41700419289301e-05,3.28280292680409e-05,-8.03548437586302,FALSE,FALSE,FALSE,FALSE,
CCL,Hepatocyte 3,IgG+ B cell,1.61436737797129e-05,1.20990696617266e-05,1.28124844380715e-05,1.48297806669116e-05,all4,2,2,2,2,1.41213717207198e-05,1.38211325524916e-05,1.20990696617266e-05,1.61436737797129e-05,1.28124844380715e-05,1.48297806669116e-05,0.0308061417277363,TRUE,FALSE,FALSE,FALSE,
CCL,Hepatocyte 3,IgG+ plasmablast / plasma cell,3.64222994102401e-05,1.31530457067962e-06,2.39546204297881e-05,1.91793400127947e-05,all4,2,2,2,2,1.88688019904599e-05,2.15669802212914e-05,1.31530457067962e-06,3.64222994102401e-05,1.91793400127947e-05,2.39546204297881e-05,-0.19196518449261,TRUE,FALSE,FALSE,FALSE,
CCL,Hepatocyte 3,IgM+ B cell,3.2048555938954e-05,2.39862552982452e-05,3.01575636268965e-05,2.33136557723904e-05,all4,2,2,2,2,2.80174056185996e-05,2.67356096996434e-05,2.39862552982452e-05,3.2048555938954e-05,2.33136557723904e-05,3.01575636268965e-05,0.0673395659011348,TRUE,FALSE,FALSE,FALSE,
CCL,Hepatocyte 3,Macrophage 1,0.000220583439906878,0.000193754606408805,0.000132913672409542,9.80921981485002e-05,all4,2,2,2,2,0.000207169023157841,0.000115502935279021,0.000193754606408805,0.000220583439906878,9.80921981485002e-05,0.000132913672409542,0.842382205997615,TRUE,TRUE,FALSE,TRUE,irHepatitis
CCL,Hepatocyte 3,Macrophage 2,7.71617816303542e-05,6.08556171160797e-05,4.03150649874735e-05,4.35929532009975e-05,all4,2,2,2,2,6.9008699373217e-05,4.19540090942355e-05,6.08556171160797e-05,7.71617816303542e-05,4.03150649874735e-05,4.35929532009975e-05,0.716759580397179,TRUE,TRUE,FALSE,TRUE,irHepatitis
CCL,Hepatocyte 3,Sinusoidal endothelial cell,4.29296775746534e-05,1.90887725969799e-05,3.65993072813843e-05,2.75720059974094e-05,all4,2,2,2,2,3.10092250858167e-05,3.20856566393968e-05,1.90887725969799e-05,4.29296775746534e-05,2.75720059974094e-05,3.65993072813843e-05,-0.0490911052648601,TRUE,FALSE,FALSE,FALSE,
CCL,Hepatocyte 3,Stellate cell,3.97917722294175e-05,1.77433457908597e-05,1.88099436126876e-05,2.12019954697107e-05,all4,2,2,2,2,2.87675590101386e-05,2.00059695411992e-05,1.77433457908597e-05,3.97917722294175e-05,1.88099436126876e-05,2.12019954697107e-05,0.522045146434369,TRUE,FALSE,FALSE,FALSE,
CCL,Hepatocyte 3,Vascular endothelial cell,2.24521557073248e-05,5.14212493896962e-06,7.43454346234584e-06,5.42091470841414e-06,all4,2,2,2,2,1.37971403231472e-05,6.42772908537999e-06,5.14212493896962e-06,2.24521557073248e-05,5.42091470841414e-06,7.43454346234584e-06,1.09131934619024,TRUE,FALSE,FALSE,FALSE,
CCL,Hepatocyte 4,CD4+ T cell,8.60847486664831e-05,6.9381477061864e-06,5.41677370482923e-05,4.34572540334842e-05,all4,2,2,2,2,4.65114481863347e-05,4.88124955408883e-05,6.9381477061864e-06,8.60847486664831e-05,4.34572540334842e-05,5.41677370482923e-05,-0.0695334379478498,TRUE,FALSE,FALSE,FALSE,
CCL,Hepatocyte 4,CD8+ T cell 1,0.00025624157222605,0.000237839557005724,0.000176792986255334,9.95053564686189e-05,all4,2,2,2,2,0.000247040564615887,0.000138149171361977,0.000237839557005724,0.00025624157222605,9.95053564686189e-05,0.000176792986255334,0.838107410772808,TRUE,TRUE,FALSE,TRUE,irHepatitis
CCL,Hepatocyte 4,CD8+ T cell 2,0.00016127359097194,0.000232604966681074,0.000195691456557005,6.76492095908029e-05,all4,2,2,2,2,0.000196939278826507,0.000131670333073904,0.00016127359097194,0.000232604966681074,6.76492095908029e-05,0.000195691456557005,0.580494267472735,TRUE,FALSE,FALSE,FALSE,
CCL,Hepatocyte 4,CD8+ T cell 3,0.000418099260980747,0.000435507903957694,0.000361635326808008,0.000134870845761291,all4,2,2,2,2,0.000426803582469221,0.00024825308628465,0.000418099260980747,0.000435507903957694,0.000134870845761291,0.000361635326808008,0.781542120400496,TRUE,TRUE,FALSE,TRUE,irHepatitis
CCL,Hepatocyte 4,Cholangiocyte,0.000115965458278689,8.47659297761188e-06,2.65372934115153e-05,2.44345593309789e-05,all4,2,2,2,2,6.22210256281504e-05,2.54859263712471e-05,8.47659297761188e-06,0.000115965458278689,2.44345593309789e-05,2.65372934115153e-05,1.2847041077811,TRUE,FALSE,FALSE,FALSE,
CCL,Hepatocyte 4,Hepatocyte 1,3.79165110834667e-05,2.57703072993629e-05,9.123613981593e-05,3.03745885623279e-05,all4,2,2,2,2,3.18434091914148e-05,6.0805364189129e-05,2.57703072993629e-05,3.79165110834667e-05,3.03745885623279e-05,9.123613981593e-05,-0.931267850101462,TRUE,FALSE,FALSE,FALSE,
CCL,Hepatocyte 4,Hepatocyte 2,4.45750039779108e-05,1.98007747239124e-05,7.20502644830838e-05,2.02336456445089e-05,all4,2,2,2,2,3.21878893509116e-05,4.61419550637963e-05,1.98007747239124e-05,4.45750039779108e-05,2.02336456445089e-05,7.20502644830838e-05,-0.518345402651654,TRUE,FALSE,FALSE,FALSE,
CCL,Hepatocyte 4,Hepatocyte 3,2.53979064921897e-05,7.75915358405477e-06,3.77064489381074e-05,1.78650418146534e-05,all4,2,2,2,2,1.65785300381222e-05,2.77857453763804e-05,7.75915358405477e-06,2.53979064921897e-05,1.78650418146534e-05,3.77064489381074e-05,-0.741886786158559,TRUE,FALSE,FALSE,FALSE,
CCL,Hepatocyte 4,Hepatocyte 4,0.000581925905162886,0.000313876965085184,0.000235307967528803,6.55360069024754e-05,all4,2,2,2,2,0.000447901435124035,0.000150421987215639,0.000313876965085184,0.000581925905162886,6.55360069024754e-05,0.000235307967528803,1.57359335952419,TRUE,TRUE,FALSE,TRUE,irHepatitis
CCL,Hepatocyte 4,Ig+ hepatocyte,0,,0.00010541352356359,3.52827157546688e-05,all4,2,2,1,2,0,7.03481196591295e-05,,,3.52827157546688e-05,0.00010541352356359,-9.61372817652273,FALSE,FALSE,FALSE,FALSE,
CCL,Hepatocyte 4,IgG+ B cell,2.01219112568809e-05,0,2.20239949816152e-05,1.51002093645803e-05,all4,2,2,2,2,1.00609556284405e-05,1.85621021730977e-05,0,2.01219112568809e-05,1.51002093645803e-05,2.20239949816152e-05,-0.877728802650968,TRUE,FALSE,FALSE,FALSE,
CCL,Hepatocyte 4,IgG+ plasmablast / plasma cell,7.91123947315454e-05,1.92357533194015e-07,6.55874045767883e-05,5.18388980576988e-05,all4,2,2,2,2,3.96523761323697e-05,5.87131513172436e-05,1.92357533194015e-07,7.91123947315454e-05,5.18388980576988e-05,6.55874045767883e-05,-0.565216452069058,TRUE,FALSE,FALSE,FALSE,
CCL,Hepatocyte 4,IgM+ B cell,7.69435101122805e-05,4.33302622312972e-06,8.30491529294926e-05,4.83583087529633e-05,all4,2,2,2,2,4.06382681677051e-05,6.5703730841228e-05,4.33302622312972e-06,7.69435101122805e-05,4.83583087529633e-05,8.30491529294926e-05,-0.691920927606623,TRUE,FALSE,FALSE,FALSE,
CCL,Hepatocyte 4,Macrophage 1,0.000531434678038292,0.000533097042863625,0.000484068150822186,0.000259745399819241,all4,2,2,2,2,0.000532265860450959,0.000371906775320713,0.000531434678038292,0.000533097042863625,0.000259745399819241,0.000484068150822186,0.517100952169572,TRUE,TRUE,FALSE,TRUE,irHepatitis
CCL,Hepatocyte 4,Macrophage 2,0.00018605439520593,0.000117455026714286,8.85039220983749e-05,9.3735016339199e-05,all4,2,2,2,2,0.000151754710960108,9.11194692187869e-05,0.000117455026714286,0.00018605439520593,8.85039220983749e-05,9.3735016339199e-05,0.735341738455402,TRUE,TRUE,FALSE,TRUE,irHepatitis
CCL,Hepatocyte 4,Sinusoidal endothelial cell,9.25379696482398e-05,5.10334192571498e-05,0.000121832670854859,6.82444555738084e-05,all4,2,2,2,2,7.17856944526948e-05,9.50385632143335e-05,5.10334192571498e-05,9.25379696482398e-05,6.82444555738084e-05,0.000121832670854859,-0.404375061569334,TRUE,FALSE,FALSE,FALSE,
CCL,Hepatocyte 4,Stellate cell,7.19144765779196e-05,3.89111310692463e-05,5.03703018508224e-05,4.68044770511705e-05,all4,2,2,2,2,5.54128038235829e-05,4.85873894509964e-05,3.89111310692463e-05,7.19144765779196e-05,4.68044770511705e-05,5.03703018508224e-05,0.189309198815561,TRUE,FALSE,FALSE,FALSE,
CCL,Hepatocyte 4,Vascular endothelial cell,5.15918463508867e-05,9.38623271951819e-07,1.91480380868434e-05,1.29862188667199e-05,all4,2,2,2,2,2.62652348114193e-05,1.60671284767817e-05,9.38623271951819e-07,5.15918463508867e-05,1.29862188667199e-05,1.91480380868434e-05,0.705921990201993,TRUE,FALSE,FALSE,FALSE,
CCL,Ig+ hepatocyte,CD4+ T cell,0.00024704942080616,,5.94327614434678e-05,6.74167489197912e-05,all4,2,2,1,2,0.00024704942080616,6.34247551816295e-05,,,5.94327614434678e-05,6.74167489197912e-05,1.96016305457123,FALSE,FALSE,FALSE,FALSE,
CCL,Ig+ hepatocyte,CD8+ T cell 1,0.000222921615756351,,0.00010798300936062,7.17255154246755e-05,all4,2,2,1,2,0.000222921615756351,8.98542623926478e-05,,,7.17255154246755e-05,0.00010798300936062,1.31001660086602,FALSE,FALSE,FALSE,FALSE,
CCL,Ig+ hepatocyte,CD8+ T cell 2,0.000223718173961649,,8.27076259273341e-05,3.75593374339069e-05,all4,2,2,1,2,0.000223718173961649,6.01334816806205e-05,,,3.75593374339069e-05,8.27076259273341e-05,1.89386635934397,FALSE,FALSE,FALSE,FALSE,
CCL,Ig+ hepatocyte,CD8+ T cell 3,0.000481751477037512,,0.000105386450081881,6.5331300094523e-05,all4,2,2,1,2,0.000481751477037512,8.5358875088202e-05,,,6.5331300094523e-05,0.000105386450081881,2.4954264935713,FALSE,FALSE,FALSE,FALSE,
CCL,Ig+ hepatocyte,Cholangiocyte,2.77323094302027e-05,,3.641754858677e-05,3.99913367224411e-05,all4,2,2,1,2,2.77323094302027e-05,3.82044426546056e-05,,,3.641754858677e-05,3.99913367224411e-05,-0.4608942025068,FALSE,FALSE,FALSE,FALSE,
CCL,Ig+ hepatocyte,Hepatocyte 1,1.48359517955823e-05,,3.77616381086209e-05,1.92290656964568e-05,all4,2,2,1,2,1.48359517955823e-05,2.84953519025388e-05,,,1.92290656964568e-05,3.77616381086209e-05,-0.937457480109947,FALSE,FALSE,FALSE,FALSE,
CCL,Ig+ hepatocyte,Hepatocyte 2,3.51849506440598e-05,,2.22727295720955e-05,9.79671048973488e-06,all4,2,2,1,2,3.51849506440598e-05,1.60347200309152e-05,,,9.79671048973488e-06,2.22727295720955e-05,1.12937453909811,FALSE,FALSE,FALSE,FALSE,
CCL,Ig+ hepatocyte,Hepatocyte 3,1.49033534205999e-05,,1.57675431897647e-05,2.08764120944658e-05,all4,2,2,1,2,1.49033534205999e-05,1.83219776421152e-05,,,1.57675431897647e-05,2.08764120944658e-05,-0.29632318956793,FALSE,FALSE,FALSE,FALSE,
CCL,Ig+ hepatocyte,Hepatocyte 4,4.43240907966689e-05,,3.84176935161355e-05,1.85842812752025e-05,all4,2,2,1,2,4.43240907966689e-05,2.8500987395669e-05,,,1.85842812752025e-05,3.84176935161355e-05,0.635458710935196,FALSE,FALSE,FALSE,FALSE,
CCL,Ig+ hepatocyte,Ig+ hepatocyte,0,,0.000297668501262721,0.000109991937451894,all4,2,2,1,2,0,0.000203830219357308,,,0.000109991937451894,0.000297668501262721,-11.1473059707149,FALSE,FALSE,FALSE,FALSE,
CCL,Ig+ hepatocyte,IgG+ B cell,0.000228048137492207,,4.46269631574321e-05,3.85115467585634e-05,all4,2,2,1,2,0.000228048137492207,4.15692549579978e-05,,,3.85115467585634e-05,4.46269631574321e-05,2.45320136948413,FALSE,FALSE,FALSE,FALSE,
CCL,Ig+ hepatocyte,IgG+ plasmablast / plasma cell,5.36556129556268e-05,,9.6978072748296e-05,9.84825367363383e-05,all4,2,2,1,2,5.36556129556268e-05,9.77303047423172e-05,,,9.6978072748296e-05,9.84825367363383e-05,-0.863988103242518,FALSE,FALSE,FALSE,FALSE,
CCL,Ig+ hepatocyte,IgM+ B cell,0.000426864074105359,,6.88994451992105e-05,6.7818623862527e-05,all4,2,2,1,2,0.000426864074105359,6.83590345308687e-05,,,6.7818623862527e-05,6.88994451992105e-05,2.64098046625303,FALSE,FALSE,FALSE,FALSE,
CCL,Ig+ hepatocyte,Macrophage 1,0.000655335709127153,,0.000232770798013213,0.000159726348119766,all4,2,2,1,2,0.000655335709127153,0.000196248573066489,,,0.000159726348119766,0.000232770798013213,1.73908911442841,FALSE,FALSE,FALSE,FALSE,
CCL,Ig+ hepatocyte,Macrophage 2,0.00025759560871584,,8.99095963305192e-05,0.00010892827339472,all4,2,2,1,2,0.00025759560871584,9.94189348626197e-05,,,8.99095963305192e-05,0.00010892827339472,1.37271483230167,FALSE,FALSE,FALSE,FALSE,
CCL,Ig+ hepatocyte,Sinusoidal endothelial cell,5.79284107772699e-05,,7.27858296170457e-05,3.69071371594084e-05,all4,2,2,1,2,5.79284107772699e-05,5.4846483388227e-05,,,3.69071371594084e-05,7.27858296170457e-05,0.07874634682196,FALSE,FALSE,FALSE,FALSE,
CCL,Ig+ hepatocyte,Stellate cell,0.000112100474733827,,4.09578862281692e-05,4.89157650386206e-05,all4,2,2,1,2,0.000112100474733827,4.49368256333949e-05,,,4.09578862281692e-05,4.89157650386206e-05,1.31709532660121,FALSE,FALSE,FALSE,FALSE,
CCL,Ig+ hepatocyte,Vascular endothelial cell,6.57768400779742e-05,,2.23361627405414e-05,2.37436928083345e-05,all4,2,2,1,2,6.57768400779742e-05,2.30399277744379e-05,,,2.23361627405414e-05,2.37436928083345e-05,1.50979539977955,FALSE,FALSE,FALSE,FALSE,
CCL,IgG+ B cell,CD4+ T cell,3.71254529519073e-05,6.01945663510842e-06,3.77671269944294e-05,2.45165716426265e-05,all4,2,2,2,2,2.15724547935079e-05,3.11418493185279e-05,6.01945663510842e-06,3.71254529519073e-05,2.45165716426265e-05,3.77671269944294e-05,-0.527823185738163,TRUE,FALSE,FALSE,FALSE,
CCL,IgG+ B cell,CD8+ T cell 1,4.52631026964568e-05,6.23892401530513e-05,2.69650687894768e-05,1.17908880667645e-05,all4,2,2,2,2,5.38261714247541e-05,1.93779784281207e-05,4.52631026964568e-05,6.23892401530513e-05,1.17908880667645e-05,2.69650687894768e-05,1.46961944445033,TRUE,TRUE,FALSE,TRUE,irHepatitis
CCL,IgG+ B cell,CD8+ T cell 2,1.3548596122686e-05,4.21782054342488e-05,6.06471579997992e-06,4.06800380814365e-06,all4,2,2,2,2,2.78634007784674e-05,5.06635980406179e-06,1.3548596122686e-05,4.21782054342488e-05,4.06800380814365e-06,6.06471579997992e-06,2.43862051478184,TRUE,TRUE,FALSE,TRUE,irHepatitis
CCL,IgG+ B cell,CD8+ T cell 3,4.82947370210043e-05,0.000104806890105785,2.09429370354554e-05,9.32626321839029e-06,all4,2,2,2,2,7.65508135633948e-05,1.51346001269229e-05,4.82947370210043e-05,0.000104806890105785,9.32626321839029e-06,2.09429370354554e-05,2.3317157098042,TRUE,TRUE,FALSE,TRUE,irHepatitis
CCL,IgG+ B cell,Cholangiocyte,1.20893228372478e-05,6.80194218115426e-05,2.26895705855818e-05,1.37858852942901e-05,all4,2,2,2,2,4.00543723243952e-05,1.8237727939936e-05,1.20893228372478e-05,6.80194218115426e-05,1.37858852942901e-05,2.26895705855818e-05,1.13117384753051,TRUE,FALSE,FALSE,FALSE,
CCL,IgG+ B cell,Hepatocyte 1,3.45314851936059e-06,1.39030050279665e-06,2.60238694052749e-06,1.61706339894889e-06,all4,2,2,2,2,2.42172451107862e-06,2.10972516973819e-06,1.39030050279665e-06,3.45314851936059e-06,1.61706339894889e-06,2.60238694052749e-06,0.191362642463565,TRUE,FALSE,FALSE,FALSE,
CCL,IgG+ B cell,Hepatocyte 2,1.90274838673286e-06,1.63766222331957e-06,1.30565987628864e-06,1.09171966672635e-06,all4,2,2,2,2,1.77020530502621e-06,1.19868977150749e-06,1.63766222331957e-06,1.90274838673286e-06,1.09171966672635e-06,1.30565987628864e-06,0.529589332314563,TRUE,TRUE,FALSE,TRUE,irHepatitis
CCL,IgG+ B cell,Hepatocyte 3,2.61602669747719e-06,9.90993487046146e-08,5.03423731896251e-06,2.77497469287018e-06,all4,2,2,2,2,1.3575630230909e-06,3.90460600591635e-06,9.90993487046146e-08,2.61602669747719e-06,2.77497469287018e-06,5.03423731896251e-06,-1.46448706206565,TRUE,FALSE,TRUE,TRUE,AIH
CCL,IgG+ B cell,Hepatocyte 4,2.3679956954745e-06,6.39377337867628e-06,3.14109285983957e-06,1.28728373024773e-06,all4,2,2,2,2,4.38088453707539e-06,2.21418829504365e-06,2.3679956954745e-06,6.39377337867628e-06,1.28728373024773e-06,3.14109285983957e-06,0.956330323987008,TRUE,FALSE,FALSE,FALSE,
CCL,IgG+ B cell,Ig+ hepatocyte,0,,1.21970776313726e-05,1.03829572108079e-05,all4,2,2,1,2,0,1.12900174210903e-05,,,1.03829572108079e-05,1.21970776313726e-05,-6.98386450889311,FALSE,FALSE,FALSE,FALSE,
CCL,IgG+ B cell,IgG+ B cell,1.7883975259794e-05,0,2.61873357282708e-05,2.96804245318773e-05,all4,2,2,2,2,8.94198762989699e-06,2.79338801300741e-05,0,1.7883975259794e-05,2.61873357282708e-05,2.96804245318773e-05,-1.63355152863415,TRUE,FALSE,TRUE,TRUE,AIH
CCL,IgG+ B cell,IgG+ plasmablast / plasma cell,2.82844076311637e-05,8.76054535322908e-07,4.18297580507388e-05,2.93187912364858e-05,all4,2,2,2,2,1.45802310832433e-05,3.55742746436123e-05,8.76054535322908e-07,2.82844076311637e-05,2.93187912364858e-05,4.18297580507388e-05,-1.28159350163949,TRUE,FALSE,TRUE,TRUE,AIH
CCL,IgG+ B cell,IgM+ B cell,8.62948135544748e-05,7.71082235364523e-06,2.90654608531261e-05,2.35510124906752e-05,all4,2,2,2,2,4.700281795406e-05,2.63082366719007e-05,7.71082235364523e-06,8.62948135544748e-05,2.35510124906752e-05,2.90654608531261e-05,0.835067756546196,TRUE,FALSE,FALSE,FALSE,
CCL,IgG+ B cell,Macrophage 1,4.5177747985446e-05,8.18318070760228e-05,2.94011286117334e-05,1.50953109237154e-05,all4,2,2,2,2,6.35047775307344e-05,2.22482197677244e-05,4.5177747985446e-05,8.18318070760228e-05,1.50953109237154e-05,2.94011286117334e-05,1.5093980354409,TRUE,TRUE,FALSE,TRUE,irHepatitis
CCL,IgG+ B cell,Macrophage 2,3.61154156996531e-05,6.62942835217893e-05,3.58316827664245e-05,2.39276256788242e-05,all4,2,2,2,2,5.12048496107212e-05,2.98796542226244e-05,3.61154156996531e-05,6.62942835217893e-05,2.39276256788242e-05,3.58316827664245e-05,0.77531342666326,TRUE,TRUE,FALSE,TRUE,irHepatitis
CCL,IgG+ B cell,Sinusoidal endothelial cell,4.31703503311629e-06,7.45950366791236e-06,1.0756975021276e-05,3.42821162930961e-06,all4,2,2,2,2,5.88826935051433e-06,7.09259332529282e-06,4.31703503311629e-06,7.45950366791236e-06,3.42821162930961e-06,1.0756975021276e-05,-0.264780755004526,TRUE,FALSE,FALSE,FALSE,
CCL,IgG+ B cell,Stellate cell,2.07470661522455e-05,1.72363235135085e-05,1.58601148716104e-05,1.33001414728001e-05,all4,2,2,2,2,1.8991694832877e-05,1.45801281722052e-05,1.72363235135085e-05,2.07470661522455e-05,1.33001414728001e-05,1.58601148716104e-05,0.37930998802077,TRUE,TRUE,FALSE,TRUE,irHepatitis
CCL,IgG+ B cell,Vascular endothelial cell,3.64964750992487e-05,4.27043884217171e-06,1.15769194573478e-05,1.15301191776984e-05,all4,2,2,2,2,2.03834569707102e-05,1.15535193175231e-05,4.27043884217171e-06,3.64964750992487e-05,1.15301191776984e-05,1.15769194573478e-05,0.814232583300558,TRUE,FALSE,FALSE,FALSE,
CCL,IgG+ plasmablast / plasma cell,CD4+ T cell,8.86373667675932e-05,2.81282284011628e-05,5.75231034632309e-05,4.54170552757938e-05,all4,2,2,2,2,5.8382797584378e-05,5.14700793695124e-05,2.81282284011628e-05,8.86373667675932e-05,4.54170552757938e-05,5.75231034632309e-05,0.181511445387394,TRUE,FALSE,FALSE,FALSE,
CCL,IgG+ plasmablast / plasma cell,CD8+ T cell 1,8.87457389660579e-05,5.2852261429514e-05,4.72903845174334e-05,3.13774462079801e-05,all4,2,2,2,2,7.0799000197786e-05,3.93339153627067e-05,5.2852261429514e-05,8.87457389660579e-05,3.13774462079801e-05,4.72903845174334e-05,0.846492252590856,TRUE,TRUE,FALSE,TRUE,irHepatitis
CCL,IgG+ plasmablast / plasma cell,CD8+ T cell 2,5.09141964897939e-05,1.90625081110341e-05,1.60689256231589e-05,1.00425409515759e-05,all4,2,2,2,2,3.4988352300414e-05,1.30557332873674e-05,1.90625081110341e-05,5.09141964897939e-05,1.00425409515759e-05,1.60689256231589e-05,1.41599284275516,TRUE,TRUE,FALSE,TRUE,irHepatitis
CCL,IgG+ plasmablast / plasma cell,CD8+ T cell 3,0.000162904168625875,1.96633070205841e-05,4.26492919213742e-05,2.86320338206855e-05,all4,2,2,2,2,9.12837378232297e-05,3.56406628710299e-05,1.96633070205841e-05,0.000162904168625875,2.86320338206855e-05,4.26492919213742e-05,1.3546192156209,TRUE,FALSE,FALSE,FALSE,
CCL,IgG+ plasmablast / plasma cell,Cholangiocyte,0.000145353292372306,1.52817070355417e-05,2.68052942310309e-05,2.07838503534181e-05,all4,2,2,2,2,8.0317499703924e-05,2.37945722922245e-05,1.52817070355417e-05,0.000145353292372306,2.07838503534181e-05,2.68052942310309e-05,1.75125503664828,TRUE,FALSE,FALSE,FALSE,
CCL,IgG+ plasmablast / plasma cell,Hepatocyte 1,4.48507673897388e-06,1.36966539603574e-06,6.75159737520157e-06,3.45505091969483e-06,all4,2,2,2,2,2.92737106750481e-06,5.1033241474482e-06,1.36966539603574e-06,4.48507673897388e-06,3.45505091969483e-06,6.75159737520157e-06,-0.783385066819715,TRUE,FALSE,FALSE,FALSE,
CCL,IgG+ plasmablast / plasma cell,Hepatocyte 2,3.94737028618661e-06,1.20975782470862e-07,4.21680584322585e-06,1.58118412634215e-06,all4,2,2,2,2,2.03417303432873e-06,2.898994984784e-06,1.20975782470862e-07,3.94737028618661e-06,1.58118412634215e-06,4.21680584322585e-06,-0.492777740336408,TRUE,FALSE,FALSE,FALSE,
CCL,IgG+ plasmablast / plasma cell,Hepatocyte 3,4.04190533642691e-07,2.86394343236703e-06,4.41098644115063e-06,2.88514735478028e-06,all4,2,2,2,2,1.63406698300486e-06,3.64806689796545e-06,4.04190533642691e-07,2.86394343236703e-06,2.88514735478028e-06,4.41098644115063e-06,-1.1165191351535,TRUE,FALSE,TRUE,TRUE,AIH
CCL,IgG+ plasmablast / plasma cell,Hepatocyte 4,2.74806095384369e-05,0,5.07688380063483e-06,2.28319352696168e-06,all4,2,2,2,2,1.37403047692185e-05,3.68003866379825e-06,0,2.74806095384369e-05,2.28319352696168e-06,5.07688380063483e-06,1.87520800892397,TRUE,FALSE,FALSE,FALSE,
CCL,IgG+ plasmablast / plasma cell,Ig+ hepatocyte,0,,3.01211342352201e-05,1.42733873723256e-05,all4,2,2,1,2,0,2.21972608037729e-05,,,1.42733873723256e-05,3.01211342352201e-05,-7.95358691546349,FALSE,FALSE,FALSE,FALSE,
CCL,IgG+ plasmablast / plasma cell,IgG+ B cell,6.38350639417201e-05,0,2.83621648602492e-05,2.35353994987253e-05,all4,2,2,2,2,3.191753197086e-05,2.59487821794872e-05,0,6.38350639417201e-05,2.35353994987253e-05,2.83621648602492e-05,0.297750437823242,TRUE,FALSE,FALSE,FALSE,
CCL,IgG+ plasmablast / plasma cell,IgG+ plasmablast / plasma cell,0.000295792395800887,0.000260919914061614,9.10837642838074e-05,8.77792707040296e-05,all4,2,2,2,2,0.000278356154931251,8.94315174939185e-05,0.000260919914061614,0.000295792395800887,8.77792707040296e-05,9.10837642838074e-05,1.63709300605811,TRUE,TRUE,FALSE,TRUE,irHepatitis
CCL,IgG+ plasmablast / plasma cell,IgM+ B cell,0.000186093247555755,8.37787680687528e-05,5.36913618613115e-05,4.65623308931519e-05,all4,2,2,2,2,0.000134936007812254,5.01268463772317e-05,8.37787680687528e-05,0.000186093247555755,4.65623308931519e-05,5.36913618613115e-05,1.42699568507753,TRUE,TRUE,FALSE,TRUE,irHepatitis
CCL,IgG+ plasmablast / plasma cell,Macrophage 1,9.15547461021859e-05,0.000112190428151362,6.07250477696951e-05,3.96961139441667e-05,all4,2,2,2,2,0.000101872587126774,5.02105808569309e-05,9.15547461021859e-05,0.000112190428151362,3.96961139441667e-05,6.07250477696951e-05,1.01939429200244,TRUE,TRUE,FALSE,TRUE,irHepatitis
CCL,IgG+ plasmablast / plasma cell,Macrophage 2,8.21044818173793e-05,9.50564626031233e-05,5.20205334570571e-05,4.68820341495825e-05,all4,2,2,2,2,8.85804722102513e-05,4.94512838033198e-05,8.21044818173793e-05,9.50564626031233e-05,4.68820341495825e-05,5.20205334570571e-05,0.839823717202095,TRUE,TRUE,FALSE,TRUE,irHepatitis
CCL,IgG+ plasmablast / plasma cell,Sinusoidal endothelial cell,2.9219116290627e-06,1.72325492915425e-07,2.03393143520881e-05,7.9616649648647e-06,all4,2,2,2,2,1.54711856098906e-06,1.41504896584764e-05,1.72325492915425e-07,2.9219116290627e-06,7.9616649648647e-06,2.03393143520881e-05,-3.12084169045839,TRUE,FALSE,TRUE,TRUE,AIH
CCL,IgG+ plasmablast / plasma cell,Stellate cell,3.42874783107939e-05,9.69674125625644e-06,2.30358059380184e-05,1.88513174789541e-05,all4,2,2,2,2,2.19921097835252e-05,2.09435617084863e-05,9.69674125625644e-06,3.42874783107939e-05,1.88513174789541e-05,2.30358059380184e-05,0.070185156307091,TRUE,FALSE,FALSE,FALSE,
CCL,IgG+ plasmablast / plasma cell,Vascular endothelial cell,2.92560286284337e-05,2.06465276937628e-05,1.84335987057166e-05,1.87794338179032e-05,all4,2,2,2,2,2.49512781610982e-05,1.86065162618099e-05,2.06465276937628e-05,2.92560286284337e-05,1.84335987057166e-05,1.87794338179032e-05,0.421540572039418,TRUE,TRUE,FALSE,TRUE,irHepatitis
CCL,IgM+ B cell,CD4+ T cell,0.000155290007390126,6.45255272086183e-05,0.000127171844421903,0.000105975785708723,all4,2,2,2,2,0.000109907767299372,0.000116573815065313,6.45255272086183e-05,0.000155290007390126,0.000105975785708723,0.000127171844421903,-0.0848829882185868,TRUE,FALSE,FALSE,FALSE,
CCL,IgM+ B cell,CD8+ T cell 1,0.00012448540596446,6.07374450551778e-05,4.2975554808846e-05,2.95943904910346e-05,all4,2,2,2,2,9.26114255098188e-05,3.62849726499403e-05,6.07374450551778e-05,0.00012448540596446,2.95943904910346e-05,4.2975554808846e-05,1.34964763625369,TRUE,TRUE,FALSE,TRUE,irHepatitis
CCL,IgM+ B cell,CD8+ T cell 2,4.30447510907243e-05,2.9741605612234e-05,9.53413106160539e-06,1.00433264076079e-05,all4,2,2,2,2,3.63931783514791e-05,9.78872873460667e-06,2.9741605612234e-05,4.30447510907243e-05,9.53413106160539e-06,1.00433264076079e-05,1.88484417355713,TRUE,TRUE,FALSE,TRUE,irHepatitis
CCL,IgM+ B cell,CD8+ T cell 3,0.000183971364278579,7.57138844120047e-05,3.38297788357314e-05,2.55293785263415e-05,all4,2,2,2,2,0.000129842624345292,2.96795786810364e-05,7.57138844120047e-05,0.000183971364278579,2.55293785263415e-05,3.38297788357314e-05,2.12585653647921,TRUE,TRUE,FALSE,TRUE,irHepatitis
CCL,IgM+ B cell,Cholangiocyte,5.75009927338972e-05,3.52458096771297e-05,2.75557445488771e-05,2.67316249024244e-05,all4,2,2,2,2,4.63734012055135e-05,2.71436847256508e-05,3.52458096771297e-05,5.75009927338972e-05,2.67316249024244e-05,2.75557445488771e-05,0.770704643497107,TRUE,TRUE,FALSE,TRUE,irHepatitis
CCL,IgM+ B cell,Hepatocyte 1,3.99651597545105e-06,1.61126258076992e-06,2.40898647796327e-06,3.16205281826227e-06,all4,2,2,2,2,2.80388927811049e-06,2.78551964811277e-06,1.61126258076992e-06,3.99651597545105e-06,2.40898647796327e-06,3.16205281826227e-06,0.00918732976624861,TRUE,FALSE,FALSE,FALSE,
CCL,IgM+ B cell,Hepatocyte 2,2.20455068208724e-06,1.15737070945407e-06,2.01563060021924e-06,2.20698103843714e-06,all4,2,2,2,2,1.68096069577065e-06,2.11130581932819e-06,1.15737070945407e-06,2.20455068208724e-06,2.01563060021924e-06,2.20698103843714e-06,-0.313842432588227,TRUE,FALSE,FALSE,FALSE,
CCL,IgM+ B cell,Hepatocyte 3,2.56287570905424e-06,5.21511597670568e-08,3.71822010817287e-06,5.31793832038105e-06,all4,2,2,2,2,1.30751343441065e-06,4.51807921427696e-06,5.21511597670568e-08,2.56287570905424e-06,3.71822010817287e-06,5.31793832038105e-06,-1.72137128406321,TRUE,FALSE,TRUE,TRUE,AIH
CCL,IgM+ B cell,Hepatocyte 4,4.63985119814037e-06,6.61580562788175e-10,1.60291669356305e-06,3.26490539363126e-06,all4,2,2,2,2,2.32025638935158e-06,2.43391104359716e-06,6.61580562788175e-10,4.63985119814037e-06,1.60291669356305e-06,3.26490539363126e-06,-0.0664769877152703,TRUE,FALSE,FALSE,FALSE,
CCL,IgM+ B cell,Ig+ hepatocyte,0,,1.14980222956151e-05,1.08410812119993e-05,all4,2,2,1,2,0,1.11695517538072e-05,,,1.08410812119993e-05,1.14980222956151e-05,-6.96851100905403,FALSE,FALSE,FALSE,FALSE,
CCL,IgM+ B cell,IgG+ B cell,8.82978125515559e-05,7.87869540909907e-05,2.39634247958086e-05,2.16254263969591e-05,all4,2,2,2,2,8.35423833212733e-05,2.27944255963839e-05,7.87869540909907e-05,8.82978125515559e-05,2.16254263969591e-05,2.39634247958086e-05,1.86969992038813,TRUE,TRUE,FALSE,TRUE,irHepatitis
CCL,IgM+ B cell,IgG+ plasmablast / plasma cell,8.40272084044441e-05,0,5.67432252794079e-05,4.65533220950431e-05,all4,2,2,2,2,4.2013604202222e-05,5.16482736872255e-05,0,8.40272084044441e-05,4.65533220950431e-05,5.67432252794079e-05,-0.297288782149245,TRUE,FALSE,FALSE,FALSE,
CCL,IgM+ B cell,IgM+ B cell,0.000248189189502411,0.000114439389121057,0.000183896362858431,0.000245813811306428,all4,2,2,2,2,0.000181314289311734,0.000214855087082429,0.000114439389121057,0.000248189189502411,0.000183896362858431,0.000245813811306428,-0.244759683900061,TRUE,FALSE,FALSE,FALSE,
CCL,IgM+ B cell,Macrophage 1,9.71159277509191e-05,9.1911099271755e-05,4.59417013307721e-05,3.49381728287532e-05,all4,2,2,2,2,9.4513513511337e-05,4.04399370797627e-05,9.1911099271755e-05,9.71159277509191e-05,3.49381728287532e-05,4.59417013307721e-05,1.22290775077237,TRUE,TRUE,FALSE,TRUE,irHepatitis
CCL,IgM+ B cell,Macrophage 2,0.000101618829060009,8.73591306864948e-05,6.68976869185225e-05,4.70024797551903e-05,all4,2,2,2,2,9.4488979873252e-05,5.69500833368564e-05,8.73591306864948e-05,0.000101618829060009,4.70024797551903e-05,6.68976869185225e-05,0.729544439328727,TRUE,TRUE,FALSE,TRUE,irHepatitis
CCL,IgM+ B cell,Sinusoidal endothelial cell,5.68648202218137e-06,3.99297843914763e-06,1.27346238177612e-05,8.00225418650399e-06,all4,2,2,2,2,4.8397302306645e-06,1.03684390021326e-05,3.99297843914763e-06,5.68648202218137e-06,8.00225418650399e-06,1.27346238177612e-05,-1.08510153802961,TRUE,FALSE,TRUE,TRUE,AIH
CCL,IgM+ B cell,Stellate cell,2.50637638100027e-05,2.31227933664322e-05,2.92150037028739e-05,2.27832384314733e-05,all4,2,2,2,2,2.40932785882175e-05,2.59991210671736e-05,2.31227933664322e-05,2.50637638100027e-05,2.27832384314733e-05,2.92150037028739e-05,-0.109438904959474,TRUE,FALSE,FALSE,FALSE,
CCL,IgM+ B cell,Vascular endothelial cell,4.75955812254122e-05,1.37659061145525e-05,3.06713932410627e-05,2.68722388708256e-05,all4,2,2,2,2,3.06807436699823e-05,2.87718160559441e-05,1.37659061145525e-05,4.75955812254122e-05,2.68722388708256e-05,3.06713932410627e-05,0.0923975235054681,TRUE,FALSE,FALSE,FALSE,
CCL,Macrophage 1,CD4+ T cell,4.88905517645214e-05,1.38570154332597e-05,5.12053312803432e-05,3.57588028040176e-05,all4,2,2,2,2,3.13737835988906e-05,4.34820670421804e-05,1.38570154332597e-05,4.88905517645214e-05,3.57588028040176e-05,5.12053312803432e-05,-0.469712590068419,TRUE,FALSE,FALSE,FALSE,
CCL,Macrophage 1,CD8+ T cell 1,0.000110599249912797,9.60573433537109e-05,8.88595821478443e-05,6.87223080954393e-05,all4,2,2,2,2,0.000103328296633254,7.87909451216418e-05,9.60573433537109e-05,0.000110599249912797,6.87223080954393e-05,8.88595821478443e-05,0.39074311499723,TRUE,TRUE,FALSE,TRUE,irHepatitis
CCL,Macrophage 1,CD8+ T cell 2,0.00012110582252174,6.67470385187552e-05,7.50731709125536e-05,4.48009386076645e-05,all4,2,2,2,2,9.39264305202476e-05,5.99370547601091e-05,6.67470385187552e-05,0.00012110582252174,4.48009386076645e-05,7.50731709125536e-05,0.647300844303238,TRUE,FALSE,FALSE,FALSE,
CCL,Macrophage 1,CD8+ T cell 3,0.000121057362379581,0.000159115333819815,9.79996579697887e-05,6.85969760194213e-05,all4,2,2,2,2,0.000140086348099698,8.3298316994605e-05,0.000121057362379581,0.000159115333819815,6.85969760194213e-05,9.79996579697887e-05,0.749326430198242,TRUE,TRUE,FALSE,TRUE,irHepatitis
CCL,Macrophage 1,Cholangiocyte,5.6196601904576e-05,2.3013877215219e-05,1.69289559572313e-05,1.40058887052961e-05,all4,2,2,2,2,3.96052395598975e-05,1.54674223312637e-05,2.3013877215219e-05,5.6196601904576e-05,1.40058887052961e-05,1.69289559572313e-05,1.35136828381942,TRUE,TRUE,FALSE,TRUE,irHepatitis
CCL,Macrophage 1,Hepatocyte 1,1.37424691482676e-05,9.37947232068151e-06,2.25159364120154e-05,1.46162284007446e-05,all4,2,2,2,2,1.15609707344745e-05,1.856608240638e-05,9.37947232068151e-06,1.37424691482676e-05,1.46162284007446e-05,2.25159364120154e-05,-0.679200294374571,TRUE,FALSE,TRUE,TRUE,AIH
CCL,Macrophage 1,Hepatocyte 2,1.18995597817267e-05,5.71784964708549e-06,1.58032880538352e-05,8.40903252948621e-06,all4,2,2,2,2,8.80870471440608e-06,1.21061602916607e-05,5.71784964708549e-06,1.18995597817267e-05,8.40903252948621e-06,1.58032880538352e-05,-0.454763896264316,TRUE,FALSE,FALSE,FALSE,
CCL,Macrophage 1,Hepatocyte 3,5.85483114079481e-06,3.47623130879066e-06,1.21370840941576e-05,1.10771844352067e-05,all4,2,2,2,2,4.66553122479273e-06,1.16071342646822e-05,3.47623130879066e-06,5.85483114079481e-06,1.10771844352067e-05,1.21370840941576e-05,-1.29849370668987,TRUE,FALSE,TRUE,TRUE,AIH
CCL,Macrophage 1,Hepatocyte 4,2.28552288924684e-05,1.33995999408332e-05,2.02190477201274e-05,1.5231915753162e-05,all4,2,2,2,2,1.81274144166508e-05,1.77254817366447e-05,1.33995999408332e-05,2.28552288924684e-05,1.5231915753162e-05,2.02190477201274e-05,0.0321868868408425,TRUE,FALSE,FALSE,FALSE,
CCL,Macrophage 1,Ig+ hepatocyte,0,,3.28727238678528e-05,2.26020201223756e-05,all4,2,2,1,2,0,2.77373719951142e-05,,,2.26020201223756e-05,3.28727238678528e-05,-8.27387348565047,FALSE,FALSE,FALSE,FALSE,
CCL,Macrophage 1,IgG+ B cell,6.47882037696792e-06,1.0656838834915e-06,1.65543392092002e-05,9.67082273747776e-06,all4,2,2,2,2,3.77225213022971e-06,1.3112580973339e-05,1.0656838834915e-06,6.47882037696792e-06,9.67082273747776e-06,1.65543392092002e-05,-1.77333069079859,TRUE,FALSE,TRUE,TRUE,AIH
CCL,Macrophage 1,IgG+ plasmablast / plasma cell,3.86096652626599e-05,4.27800819506903e-07,4.80847939296968e-05,4.05922034366351e-05,all4,2,2,2,2,1.95187330410834e-05,4.43384986831659e-05,4.27800819506903e-07,3.86096652626599e-05,4.05922034366351e-05,4.80847939296968e-05,-1.17999294888205,TRUE,FALSE,TRUE,TRUE,AIH
CCL,Macrophage 1,IgM+ B cell,4.48076417885999e-05,1.27590600112563e-05,4.4135451615224e-05,3.52479174560443e-05,all4,2,2,2,2,2.87833508999281e-05,3.96916845356341e-05,1.27590600112563e-05,4.48076417885999e-05,3.52479174560443e-05,4.4135451615224e-05,-0.462367111974496,TRUE,FALSE,FALSE,FALSE,
CCL,Macrophage 1,Macrophage 1,0.000323335752780866,0.000384632639555943,0.000182133401164701,0.000147066082834397,all4,2,2,2,2,0.000353984196168405,0.000164599741999549,0.000323335752780866,0.000384632639555943,0.000147066082834397,0.000182133401164701,1.10430145386798,TRUE,TRUE,FALSE,TRUE,irHepatitis
CCL,Macrophage 1,Macrophage 2,8.89467587867136e-05,5.94097003449924e-05,4.86250803373145e-05,5.16683777218162e-05,all4,2,2,2,2,7.4178229565853e-05,5.01467290295653e-05,5.94097003449924e-05,8.89467587867136e-05,4.86250803373145e-05,5.16683777218162e-05,0.5640035328811,TRUE,TRUE,FALSE,TRUE,irHepatitis
CCL,Macrophage 1,Sinusoidal endothelial cell,2.76358173427024e-05,2.05196958287566e-05,5.80700136561969e-05,3.0051651296827e-05,all4,2,2,2,2,2.40777565857295e-05,4.4060832476512e-05,2.05196958287566e-05,2.76358173427024e-05,3.0051651296827e-05,5.80700136561969e-05,-0.869359633172855,TRUE,FALSE,TRUE,TRUE,AIH
CCL,Macrophage 1,Stellate cell,3.4749072647131e-05,1.98451485559978e-05,3.15076422724639e-05,2.39087307219034e-05,all4,2,2,2,2,2.72971106015644e-05,2.77081864971836e-05,1.98451485559978e-05,3.4749072647131e-05,2.39087307219034e-05,3.15076422724639e-05,-0.0214937741158738,TRUE,FALSE,FALSE,FALSE,
CCL,Macrophage 1,Vascular endothelial cell,2.22842578604246e-05,3.3032652759773e-06,1.1688428355874e-05,9.48183126666056e-06,all4,2,2,2,2,1.27937615682009e-05,1.05851298112673e-05,3.3032652759773e-06,2.22842578604246e-05,9.48183126666056e-06,1.1688428355874e-05,0.271302441299017,TRUE,FALSE,FALSE,FALSE,
CCL,Macrophage 2,CD4+ T cell,4.66018440017216e-05,2.44572724663897e-05,5.22952427721808e-05,3.51643501241646e-05,all4,2,2,2,2,3.55295582340556e-05,4.37297964481727e-05,2.44572724663897e-05,4.66018440017216e-05,3.51643501241646e-05,5.22952427721808e-05,-0.298913874682407,TRUE,FALSE,FALSE,FALSE,
CCL,Macrophage 2,CD8+ T cell 1,7.82223863764831e-05,6.28383425484818e-05,3.69013078646133e-05,3.40311024648269e-05,all4,2,2,2,2,7.05303644624825e-05,3.54662051647201e-05,6.28383425484818e-05,7.82223863764831e-05,3.40311024648269e-05,3.69013078646133e-05,0.989984812266982,TRUE,TRUE,FALSE,TRUE,irHepatitis
CCL,Macrophage 2,CD8+ T cell 2,7.78874781816967e-05,4.04670353794764e-05,1.26111673858667e-05,1.89953518523158e-05,all4,2,2,2,2,5.91772567805865e-05,1.58032596190913e-05,4.04670353794764e-05,7.78874781816967e-05,1.26111673858667e-05,1.89953518523158e-05,1.89882651219862,TRUE,TRUE,FALSE,TRUE,irHepatitis
CCL,Macrophage 2,CD8+ T cell 3,0.000100823592741444,7.64518286988305e-05,3.21176265402459e-05,3.12788953647713e-05,all4,2,2,2,2,8.86377107201372e-05,3.16982609525086e-05,7.64518286988305e-05,0.000100823592741444,3.12788953647713e-05,3.21176265402459e-05,1.48089340306032,TRUE,TRUE,FALSE,TRUE,irHepatitis
CCL,Macrophage 2,Cholangiocyte,5.52445671834914e-05,2.76976904297473e-05,3.17300210270531e-05,1.59309833963177e-05,all4,2,2,2,2,4.14711288066194e-05,2.38305022116854e-05,2.76976904297473e-05,5.52445671834914e-05,1.59309833963177e-05,3.17300210270531e-05,0.796989576561426,TRUE,FALSE,FALSE,FALSE,
CCL,Macrophage 2,Hepatocyte 1,7.0644292651873e-06,3.85765968172214e-06,3.80243856064056e-06,6.00190611444621e-06,all4,2,2,2,2,5.46104447345472e-06,4.90217233754339e-06,3.85765968172214e-06,7.0644292651873e-06,3.80243856064056e-06,6.00190611444621e-06,0.153094259878566,TRUE,FALSE,FALSE,FALSE,
CCL,Macrophage 2,Hepatocyte 2,6.16259879553197e-06,2.253352912047e-06,3.41096029115324e-06,4.14840593507694e-06,all4,2,2,2,2,4.20797585378949e-06,3.77968311311509e-06,2.253352912047e-06,6.16259879553197e-06,3.41096029115324e-06,4.14840593507694e-06,0.151445456337237,TRUE,FALSE,FALSE,FALSE,
CCL,Macrophage 2,Hepatocyte 3,5.66140147606295e-06,2.47301559914786e-06,6.09489903708784e-06,8.18925746150793e-06,all4,2,2,2,2,4.0672085376054e-06,7.14207824929788e-06,2.47301559914786e-06,5.66140147606295e-06,6.09489903708784e-06,8.18925746150793e-06,-0.798809100547461,TRUE,FALSE,TRUE,TRUE,AIH
CCL,Macrophage 2,Hepatocyte 4,1.29429280153343e-05,9.52968779635005e-06,3.21259639879616e-06,5.54841627340681e-06,all4,2,2,2,2,1.12363079058422e-05,4.38050633610148e-06,9.52968779635005e-06,1.29429280153343e-05,3.21259639879616e-06,5.54841627340681e-06,1.341185952828,TRUE,TRUE,FALSE,TRUE,irHepatitis
CCL,Macrophage 2,Ig+ hepatocyte,0,,1.05886110604282e-05,1.11020743408208e-05,all4,2,2,1,2,0,1.08453427006245e-05,,,1.05886110604282e-05,1.11020743408208e-05,-6.92635968935614,FALSE,FALSE,FALSE,FALSE,
CCL,Macrophage 2,IgG+ B cell,1.06871895422279e-05,1.27952152573492e-05,2.02206629613489e-05,1.2574485840733e-05,all4,2,2,2,2,1.17412023997886e-05,1.63975744010409e-05,1.06871895422279e-05,1.27952152573492e-05,1.2574485840733e-05,2.02206629613489e-05,-0.478785719987906,TRUE,FALSE,FALSE,FALSE,
CCL,Macrophage 2,IgG+ plasmablast / plasma cell,4.83225871704582e-05,7.86652231351061e-06,4.34230753076838e-05,3.48174521146997e-05,all4,2,2,2,2,2.80945547419844e-05,3.91202637111917e-05,7.86652231351061e-06,4.83225871704582e-05,3.48174521146997e-05,4.34230753076838e-05,-0.476327927912216,TRUE,FALSE,FALSE,FALSE,
CCL,Macrophage 2,IgM+ B cell,4.87809464801755e-05,2.59231701886247e-05,5.48808207293125e-05,4.2285268873585e-05,all4,2,2,2,2,3.73520583344001e-05,4.85830448014487e-05,2.59231701886247e-05,4.87809464801755e-05,4.2285268873585e-05,5.48808207293125e-05,-0.378464118893228,TRUE,FALSE,FALSE,FALSE,
CCL,Macrophage 2,Macrophage 1,0.000141961684777693,0.000126983439659947,4.58600594542388e-05,5.49281495764782e-05,all4,2,2,2,2,0.00013447256221882,5.03941045153585e-05,0.000126983439659947,0.000141961684777693,4.58600594542388e-05,5.49281495764782e-05,1.41437765169895,TRUE,TRUE,FALSE,TRUE,irHepatitis
CCL,Macrophage 2,Macrophage 2,9.94539698572062e-05,9.76317015853596e-05,6.27144820632392e-05,4.99444930481968e-05,all4,2,2,2,2,9.85428357212829e-05,5.6329487555718e-05,9.76317015853596e-05,9.94539698572062e-05,4.99444930481968e-05,6.27144820632392e-05,0.805875483230935,TRUE,TRUE,FALSE,TRUE,irHepatitis
CCL,Macrophage 2,Sinusoidal endothelial cell,1.37265670700515e-05,9.77802990879469e-06,1.64710344682841e-05,1.5186310423038e-05,all4,2,2,2,2,1.17522984894231e-05,1.58286724456611e-05,9.77802990879469e-06,1.37265670700515e-05,1.5186310423038e-05,1.64710344682841e-05,-0.426773848618385,TRUE,FALSE,TRUE,TRUE,AIH
CCL,Macrophage 2,Stellate cell,2.61245919810346e-05,1.4710666767994e-05,2.18719855410454e-05,1.78056953381972e-05,all4,2,2,2,2,2.04176293745143e-05,1.98388404396213e-05,1.4710666767994e-05,2.61245919810346e-05,1.78056953381972e-05,2.18719855410454e-05,0.0413031534568373,TRUE,FALSE,FALSE,FALSE,
CCL,Macrophage 2,Vascular endothelial cell,2.20006381366772e-05,7.18894908288404e-06,1.60536545915402e-05,1.20771298018734e-05,all4,2,2,2,2,1.45947936097806e-05,1.40653921967068e-05,7.18894908288404e-06,2.20006381366772e-05,1.20771298018734e-05,1.60536545915402e-05,0.0529716142585807,TRUE,FALSE,FALSE,FALSE,
CCL,Sinusoidal endothelial cell,CD4+ T cell,6.81247440472573e-05,3.23067950983425e-05,6.16141829511787e-05,6.25046309050947e-05,all4,2,2,2,2,5.02157695727999e-05,6.20594069281367e-05,3.23067950983425e-05,6.81247440472573e-05,6.16141829511787e-05,6.25046309050947e-05,-0.305017267889507,TRUE,FALSE,FALSE,FALSE,
CCL,Sinusoidal endothelial cell,CD8+ T cell 1,0.000232398241934006,0.000229047065411501,0.00014300546605928,0.00012064421781342,all4,2,2,2,2,0.000230722653672753,0.00013182484193635,0.000229047065411501,0.000232398241934006,0.00012064421781342,0.00014300546605928,0.80711586694666,TRUE,TRUE,FALSE,TRUE,irHepatitis
CCL,Sinusoidal endothelial cell,CD8+ T cell 2,0.000246392221526995,0.000172738896437109,7.92873156555467e-05,7.34769393707904e-05,all4,2,2,2,2,0.000209565558982052,7.63821275131685e-05,0.000172738896437109,0.000246392221526995,7.34769393707904e-05,7.92873156555467e-05,1.45501629850662,TRUE,TRUE,FALSE,TRUE,irHepatitis
CCL,Sinusoidal endothelial cell,CD8+ T cell 3,0.000277745123829848,0.000332040453671665,0.000166699669756134,0.000138227908695353,all4,2,2,2,2,0.000304892788750756,0.000152463789225744,0.000277745123829848,0.000332040453671665,0.000138227908695353,0.000166699669756134,0.999410260017553,TRUE,TRUE,FALSE,TRUE,irHepatitis
CCL,Sinusoidal endothelial cell,Cholangiocyte,8.47948264849542e-05,4.74075725876457e-05,2.79854227203759e-05,3.09800421017512e-05,all4,2,2,2,2,6.61011995362999e-05,2.94827324110636e-05,4.74075725876457e-05,8.47948264849542e-05,2.79854227203759e-05,3.09800421017512e-05,1.16237441511788,TRUE,TRUE,FALSE,TRUE,irHepatitis
CCL,Sinusoidal endothelial cell,Hepatocyte 1,5.19133394048604e-05,2.28232222462588e-05,3.40199716307537e-05,3.14625306755729e-05,all4,2,2,2,2,3.73682808255596e-05,3.27412511531633e-05,2.28232222462588e-05,5.19133394048604e-05,3.14625306755729e-05,3.40199716307537e-05,0.190215470077275,TRUE,FALSE,FALSE,FALSE,
CCL,Sinusoidal endothelial cell,Hepatocyte 2,4.13381248701766e-05,1.76158494729998e-05,2.37058041427574e-05,1.96844637637311e-05,all4,2,2,2,2,2.94769871715882e-05,2.16951339532443e-05,1.76158494729998e-05,4.13381248701766e-05,1.96844637637311e-05,2.37058041427574e-05,0.440644904283055,TRUE,FALSE,FALSE,FALSE,
CCL,Sinusoidal endothelial cell,Hepatocyte 3,3.09256794577612e-05,1.23397241160181e-05,2.0873379849375e-05,1.97472265236925e-05,all4,2,2,2,2,2.16327017868897e-05,2.03103031865338e-05,1.23397241160181e-05,3.09256794577612e-05,1.97472265236925e-05,2.0873379849375e-05,0.0906133642372176,TRUE,FALSE,FALSE,FALSE,
CCL,Sinusoidal endothelial cell,Hepatocyte 4,8.79025118018178e-05,4.31594469848069e-05,2.63367651607677e-05,3.17040039406095e-05,all4,2,2,2,2,6.55309793933124e-05,2.90203845506886e-05,4.31594469848069e-05,8.79025118018178e-05,2.63367651607677e-05,3.17040039406095e-05,1.17262583224559,TRUE,TRUE,FALSE,TRUE,irHepatitis
CCL,Sinusoidal endothelial cell,Ig+ hepatocyte,0,,6.21905304301491e-05,2.96878639365854e-05,all4,2,2,1,2,0,4.59391971833673e-05,,,2.96878639365854e-05,6.21905304301491e-05,-8.99992003396694,FALSE,FALSE,FALSE,FALSE,
CCL,Sinusoidal endothelial cell,IgG+ B cell,2.87535378901604e-05,3.87182966171603e-06,3.31930551573574e-05,2.09508541271575e-05,all4,2,2,2,2,1.63126837759382e-05,2.70719546422575e-05,3.87182966171603e-06,2.87535378901604e-05,2.09508541271575e-05,3.31930551573574e-05,-0.727658707913643,TRUE,FALSE,FALSE,FALSE,
CCL,Sinusoidal endothelial cell,IgG+ plasmablast / plasma cell,7.41551267051137e-05,2.21606329995452e-05,8.00858530399979e-05,6.98522040603032e-05,all4,2,2,2,2,4.81578798523294e-05,7.49690285501506e-05,2.21606329995452e-05,7.41551267051137e-05,6.98522040603032e-05,8.00858530399979e-05,-0.637561079157702,TRUE,FALSE,FALSE,FALSE,
CCL,Sinusoidal endothelial cell,IgM+ B cell,6.90293136729036e-05,2.38919985938698e-05,5.76597935143767e-05,6.99154537862969e-05,all4,2,2,2,2,4.64606561333867e-05,6.37876236503368e-05,2.38919985938698e-05,6.90293136729036e-05,5.76597935143767e-05,6.99154537862969e-05,-0.456509934217079,TRUE,FALSE,FALSE,FALSE,
CCL,Sinusoidal endothelial cell,Macrophage 1,0.000559776241095671,0.000539928877254241,0.000310460468934259,0.000275046642731344,all4,2,2,2,2,0.000549852559174956,0.000292753555832801,0.000539928877254241,0.000559776241095671,0.000275046642731344,0.000310460468934259,0.909151008677537,TRUE,TRUE,FALSE,TRUE,irHepatitis
CCL,Sinusoidal endothelial cell,Macrophage 2,0.000188655010143285,0.000132657944512068,0.000103572443107741,0.000114707480523563,all4,2,2,2,2,0.000160656477327676,0.000109139961815652,0.000132657944512068,0.000188655010143285,0.000103572443107741,0.000114707480523563,0.557418879427551,TRUE,TRUE,FALSE,TRUE,irHepatitis
CCL,Sinusoidal endothelial cell,Sinusoidal endothelial cell,0.000207104643435954,9.18348971693374e-05,0.000233829593471365,0.000148438775418739,all4,2,2,2,2,0.000149469770302646,0.000191134184445052,9.18348971693374e-05,0.000207104643435954,0.000148438775418739,0.000233829593471365,-0.354543032805606,TRUE,FALSE,FALSE,FALSE,
CCL,Sinusoidal endothelial cell,Stellate cell,9.26741992367958e-05,4.75347929003195e-05,9.04296976681925e-05,5.7460941335283e-05,all4,2,2,2,2,7.01044960685577e-05,7.39453195017378e-05,4.75347929003195e-05,9.26741992367958e-05,5.7460941335283e-05,9.04296976681925e-05,-0.0768558782402216,TRUE,FALSE,FALSE,FALSE,
CCL,Sinusoidal endothelial cell,Vascular endothelial cell,5.19500008659264e-05,6.38615815536507e-06,1.37292519672782e-05,2.01906237505796e-05,all4,2,2,2,2,2.91680795106457e-05,1.69599378589289e-05,6.38615815536507e-06,5.19500008659264e-05,1.37292519672782e-05,2.01906237505796e-05,0.779071927339171,TRUE,FALSE,FALSE,FALSE,
CCL,Stellate cell,CD4+ T cell,5.65062508981396e-05,2.51342670689339e-05,9.00818374446496e-05,8.57800091870078e-05,all4,2,2,2,2,4.08202589835367e-05,8.79309233158287e-05,2.51342670689339e-05,5.65062508981396e-05,8.57800091870078e-05,9.00818374446496e-05,-1.10538561725688,TRUE,FALSE,TRUE,TRUE,AIH
CCL,Stellate cell,CD8+ T cell 1,0.000110500332642405,8.81144632596866e-05,6.91805060575134e-05,6.48280494677316e-05,all4,2,2,2,2,9.93073979510457e-05,6.70042777626225e-05,8.81144632596866e-05,0.000110500332642405,6.48280494677316e-05,6.91805060575134e-05,0.567019015684947,TRUE,TRUE,FALSE,TRUE,irHepatitis
CCL,Stellate cell,CD8+ T cell 2,8.52433049111325e-05,4.81793493762677e-05,2.41699501496394e-05,3.5057858043867e-05,all4,2,2,2,2,6.67113271437001e-05,2.96139040967532e-05,4.81793493762677e-05,8.52433049111325e-05,2.41699501496394e-05,3.5057858043867e-05,1.1692267495644,TRUE,TRUE,FALSE,TRUE,irHepatitis
CCL,Stellate cell,CD8+ T cell 3,0.000141295810084111,0.000105018379865932,6.44355286636696e-05,7.082914958164e-05,all4,2,2,2,2,0.000123157094975022,6.76323391226548e-05,0.000105018379865932,0.000141295810084111,6.44355286636696e-05,7.082914958164e-05,0.863850838109687,TRUE,TRUE,FALSE,TRUE,irHepatitis
CCL,Stellate cell,Cholangiocyte,5.95330368987693e-05,3.73616316315128e-05,3.74244388394819e-05,4.12468284455814e-05,all4,2,2,2,2,4.84473342651411e-05,3.93356336425317e-05,3.73616316315128e-05,5.95330368987693e-05,3.74244388394819e-05,4.12468284455814e-05,0.299961582617974,TRUE,FALSE,FALSE,FALSE,
CCL,Stellate cell,Hepatocyte 1,1.41412670709102e-05,5.30891436533167e-06,9.65650203012633e-06,1.49476941549867e-05,all4,2,2,2,2,9.72509071812092e-06,1.23020980925565e-05,5.30891436533167e-06,1.41412670709102e-05,9.65650203012633e-06,1.49476941549867e-05,-0.33634984830365,TRUE,FALSE,FALSE,FALSE,
CCL,Stellate cell,Hepatocyte 2,1.09378680548467e-05,3.56421497290231e-06,8.18553139562628e-06,8.42089209308325e-06,all4,2,2,2,2,7.25104151387453e-06,8.30321174435477e-06,3.56421497290231e-06,1.09378680548467e-05,8.18553139562628e-06,8.42089209308325e-06,-0.193240543310595,TRUE,FALSE,FALSE,FALSE,
CCL,Stellate cell,Hepatocyte 3,7.33920065334344e-06,3.82431152106497e-06,5.08378059999021e-06,1.5603665292413e-05,all4,2,2,2,2,5.5817560872042e-06,1.03437229462016e-05,3.82431152106497e-06,7.33920065334344e-06,5.08378059999021e-06,1.5603665292413e-05,-0.879397596150657,TRUE,FALSE,FALSE,FALSE,
CCL,Stellate cell,Hepatocyte 4,2.42376513723794e-05,5.37812438026752e-06,8.83088496253075e-06,1.55024393234619e-05,all4,2,2,2,2,1.48078878763234e-05,1.21666621429963e-05,5.37812438026752e-06,2.42376513723794e-05,8.83088496253075e-06,1.55024393234619e-05,0.281543636599532,TRUE,FALSE,FALSE,FALSE,
CCL,Stellate cell,Ig+ hepatocyte,0,,3.38628311134859e-05,4.21707448160944e-05,all4,2,2,1,2,0,3.80167879647901e-05,,,3.38628311134859e-05,4.21707448160944e-05,-8.72741814657942,FALSE,FALSE,FALSE,FALSE,
CCL,Stellate cell,IgG+ B cell,2.85126838687927e-05,8.22641375445455e-06,4.61230968218334e-05,4.84616578724524e-05,all4,2,2,2,2,1.83695488116236e-05,4.72923773471429e-05,8.22641375445455e-06,2.85126838687927e-05,4.61230968218334e-05,4.84616578724524e-05,-1.35998779934881,TRUE,FALSE,TRUE,TRUE,AIH
CCL,Stellate cell,IgG+ plasmablast / plasma cell,5.66705854165609e-05,4.85036888955105e-06,0.000130690502686003,0.000136835594611718,all4,2,2,2,2,3.0760477153056e-05,0.000133763048648861,4.85036888955105e-06,5.66705854165609e-05,0.000130690502686003,0.000136835594611718,-2.11728868799965,TRUE,FALSE,TRUE,TRUE,AIH
CCL,Stellate cell,IgM+ B cell,6.64713177668937e-05,4.23344799423155e-05,0.000102759924337849,0.000101475539088599,all4,2,2,2,2,5.44028988546046e-05,0.000102117731713224,4.23344799423155e-05,6.64713177668937e-05,0.000101475539088599,0.000102759924337849,-0.907365358080772,TRUE,FALSE,TRUE,TRUE,AIH
CCL,Stellate cell,Macrophage 1,0.000209854217574561,0.000170135770853596,9.21240729295254e-05,0.000104893747625301,all4,2,2,2,2,0.000189994994214079,9.85089102774132e-05,0.000170135770853596,0.000209854217574561,9.21240729295254e-05,0.000104893747625301,0.947001704454857,TRUE,TRUE,FALSE,TRUE,irHepatitis
CCL,Stellate cell,Macrophage 2,0.000100296771499692,8.04343404710561e-05,9.43148479849675e-05,0.000104522569804922,all4,2,2,2,2,9.0365555985374e-05,9.94187088949448e-05,8.04343404710561e-05,0.000100296771499692,9.43148479849675e-05,0.000104522569804922,-0.137613812142606,TRUE,FALSE,FALSE,FALSE,
CCL,Stellate cell,Sinusoidal endothelial cell,2.88781394453908e-05,1.41491722943449e-05,4.98906524909912e-05,2.97302267064395e-05,all4,2,2,2,2,2.15136558698678e-05,3.98104395987153e-05,1.41491722943449e-05,2.88781394453908e-05,2.97302267064395e-05,4.98906524909912e-05,-0.885132060319974,TRUE,FALSE,TRUE,TRUE,AIH
CCL,Stellate cell,Stellate cell,5.90560399908014e-05,3.65050747180404e-05,5.76713807781494e-05,5.66128461916599e-05,all4,2,2,2,2,4.77805573544209e-05,5.71421134849046e-05,3.65050747180404e-05,5.90560399908014e-05,5.66128461916599e-05,5.76713807781494e-05,-0.257686746256658,TRUE,FALSE,FALSE,FALSE,
CCL,Stellate cell,Vascular endothelial cell,3.08915952589627e-05,1.1510314059766e-05,2.65639920071053e-05,3.70758691513595e-05,all4,2,2,2,2,2.12009546593643e-05,3.18199305792324e-05,1.1510314059766e-05,3.08915952589627e-05,2.65639920071053e-05,3.70758691513595e-05,-0.583766959403821,TRUE,FALSE,FALSE,FALSE,
CCL,Vascular endothelial cell,CD4+ T cell,0.000146751842320963,5.79336537309849e-05,0.000131244012860283,0.000103892402160489,all4,2,2,2,2,0.000102342748025974,0.000117568207510386,5.79336537309849e-05,0.000146751842320963,0.000103892402160489,0.000131244012860283,-0.199925111995932,TRUE,FALSE,FALSE,FALSE,
CCL,Vascular endothelial cell,CD8+ T cell 1,0.000182995492631925,9.48135597712415e-05,5.18529315346732e-05,4.18733080429178e-05,all4,2,2,2,2,0.000138904526201583,4.68631197887955e-05,9.48135597712415e-05,0.000182995492631925,4.18733080429178e-05,5.18529315346732e-05,1.56573706427791,TRUE,TRUE,FALSE,TRUE,irHepatitis
CCL,Vascular endothelial cell,CD8+ T cell 2,0.0001097014718763,2.37917156446735e-05,1.02273607897297e-05,7.25872214424355e-06,all4,2,2,2,2,6.67465937604868e-05,8.74304146698661e-06,2.37917156446735e-05,0.0001097014718763,7.25872214424355e-06,1.02273607897297e-05,2.91966940513675,TRUE,TRUE,FALSE,TRUE,irHepatitis
CCL,Vascular endothelial cell,CD8+ T cell 3,0.000277717215760303,8.86516779587701e-05,5.17725850793297e-05,2.82709287727449e-05,all4,2,2,2,2,0.000183184446859536,4.00217569260373e-05,8.86516779587701e-05,0.000277717215760303,2.82709287727449e-05,5.17725850793297e-05,2.19191124043961,TRUE,TRUE,FALSE,TRUE,irHepatitis
CCL,Vascular endothelial cell,Cholangiocyte,8.79884434041468e-05,5.87867889085731e-05,6.86614888934323e-05,4.72683517278249e-05,all4,2,2,2,2,7.33876161563599e-05,5.79649203106286e-05,5.87867889085731e-05,8.79884434041468e-05,4.72683517278249e-05,6.86614888934323e-05,0.3398869696404,TRUE,FALSE,FALSE,FALSE,
CCL,Vascular endothelial cell,Hepatocyte 1,7.6538812877797e-06,2.20042630657249e-06,4.04625839154535e-06,3.23914649481787e-06,all4,2,2,2,2,4.9271537971761e-06,3.64270244318161e-06,2.20042630657249e-06,7.6538812877797e-06,3.23914649481787e-06,4.04625839154535e-06,0.426657999983731,TRUE,FALSE,FALSE,FALSE,
CCL,Vascular endothelial cell,Hepatocyte 2,4.29386779590844e-06,7.67146841482514e-07,2.92694515219794e-06,1.70045447419589e-06,all4,2,2,2,2,2.53050731869547e-06,2.31369981319691e-06,7.67146841482514e-07,4.29386779590844e-06,1.70045447419589e-06,2.92694515219794e-06,0.124594091435494,TRUE,FALSE,FALSE,FALSE,
CCL,Vascular endothelial cell,Hepatocyte 3,2.87749131476843e-06,7.67868283695026e-07,1.23490301677665e-05,4.23673100023987e-06,all4,2,2,2,2,1.82267979923173e-06,8.29288058400318e-06,7.67868283695026e-07,2.87749131476843e-06,4.23673100023987e-06,1.23490301677665e-05,-2.131905679269,TRUE,FALSE,TRUE,TRUE,AIH
CCL,Vascular endothelial cell,Hepatocyte 4,9.66720589721518e-06,1.17410780398255e-07,4.74113553112851e-06,3.64567226527844e-06,all4,2,2,2,2,4.89230833880672e-06,4.19340389820348e-06,1.17410780398255e-07,9.66720589721518e-06,3.64567226527844e-06,4.74113553112851e-06,0.218061048663862,TRUE,FALSE,FALSE,FALSE,
CCL,Vascular endothelial cell,Ig+ hepatocyte,0,,2.26138376578765e-05,1.85775746744028e-05,all4,2,2,1,2,0,2.05957061661396e-05,,,1.85775746744028e-05,2.26138376578765e-05,-7.84600133686207,FALSE,FALSE,FALSE,FALSE,
CCL,Vascular endothelial cell,IgG+ B cell,4.0278878648921e-05,4.47694863759057e-05,4.43109793738546e-05,5.76552164082339e-05,all4,2,2,2,2,4.25241825124133e-05,5.09830978910443e-05,4.0278878648921e-05,4.47694863759057e-05,4.43109793738546e-05,5.76552164082339e-05,-0.261230442681737,TRUE,FALSE,FALSE,FALSE,
CCL,Vascular endothelial cell,IgG+ plasmablast / plasma cell,0.000138864863980572,5.98328600328607e-05,0.000103627079481553,0.000131913111172773,all4,2,2,2,2,9.93488620067165e-05,0.000117770095327163,5.98328600328607e-05,0.000138864863980572,0.000103627079481553,0.000131913111172773,-0.24519386112062,TRUE,FALSE,FALSE,FALSE,
CCL,Vascular endothelial cell,IgM+ B cell,0.000215624850590825,0.000116986963235476,0.000164225296722695,0.000155991189093698,all4,2,2,2,2,0.000166305906913151,0.000160108242908197,0.000116986963235476,0.000215624850590825,0.000155991189093698,0.000164225296722695,0.0547616534628529,TRUE,FALSE,FALSE,FALSE,
CCL,Vascular endothelial cell,Macrophage 1,0.000216293593871575,0.000143070115846736,8.0520218958817e-05,6.5365104335271e-05,all4,2,2,2,2,0.000179681854859156,7.2942661647044e-05,0.000143070115846736,0.000216293593871575,6.5365104335271e-05,8.0520218958817e-05,1.2995545621299,TRUE,TRUE,FALSE,TRUE,irHepatitis
CCL,Vascular endothelial cell,Macrophage 2,0.000167760734857377,0.000136380819136152,0.000132551949638615,0.000109103229964058,all4,2,2,2,2,0.000152070776996764,0.000120827589801337,0.000136380819136152,0.000167760734857377,0.000109103229964058,0.000132551949638615,0.331572621922685,TRUE,TRUE,FALSE,TRUE,irHepatitis
CCL,Vascular endothelial cell,Sinusoidal endothelial cell,1.09555586994504e-05,2.77313558269394e-06,1.09638519299038e-05,9.14867954969636e-06,all4,2,2,2,2,6.86434714107219e-06,1.00562657398001e-05,2.77313558269394e-06,1.09555586994504e-05,9.14867954969636e-06,1.09638519299038e-05,-0.544968024893306,TRUE,FALSE,FALSE,FALSE,
CCL,Vascular endothelial cell,Stellate cell,4.74786201312286e-05,4.99188577389148e-05,4.74829533879621e-05,5.13347927924346e-05,all4,2,2,2,2,4.86987389350717e-05,4.94088730901984e-05,4.74786201312286e-05,4.99188577389148e-05,4.74829533879621e-05,5.13347927924346e-05,-0.0208475269459937,TRUE,FALSE,FALSE,FALSE,
CCL,Vascular endothelial cell,Vascular endothelial cell,0.000136982153130671,4.37037397225114e-05,9.06645656627252e-05,8.31112239580135e-05,all4,2,2,2,2,9.03429464265913e-05,8.68878948103693e-05,4.37037397225114e-05,0.000136982153130671,8.31112239580135e-05,9.06645656627252e-05,0.0561997386158792,TRUE,FALSE,FALSE,FALSE,
CD80,CD4+ T cell,CD4+ T cell,,,3.60706605064286e-05,9.43766737483907e-05,aih_only,0,2,0,2,,6.52236671274097e-05,,,3.60706605064286e-05,9.43766737483907e-05,,FALSE,FALSE,FALSE,FALSE,
CD80,CD4+ T cell,CD8+ T cell 1,,,8.48540286092344e-06,1.41836305005249e-05,aih_only,0,2,0,2,,1.13345166807242e-05,,,8.48540286092344e-06,1.41836305005249e-05,,FALSE,FALSE,FALSE,FALSE,
CD80,CD4+ T cell,CD8+ T cell 2,,,5.91483890521949e-06,1.05727539722764e-05,aih_only,0,2,0,2,,8.24379643874797e-06,,,5.91483890521949e-06,1.05727539722764e-05,,FALSE,FALSE,FALSE,FALSE,
CD80,CD4+ T cell,CD8+ T cell 3,,,7.9606938916907e-06,1.97950540767815e-05,aih_only,0,2,0,2,,1.38778739842361e-05,,,7.9606938916907e-06,1.97950540767815e-05,,FALSE,FALSE,FALSE,FALSE,
CD80,CD4+ T cell,Cholangiocyte,,,4.42895354941389e-06,7.17624682004015e-06,aih_only,0,2,0,2,,5.80260018472702e-06,,,4.42895354941389e-06,7.17624682004015e-06,,FALSE,FALSE,FALSE,FALSE,
CD80,CD4+ T cell,Hepatocyte 1,,,1.41104180152656e-06,2.80801302601066e-06,aih_only,0,2,0,2,,2.10952741376861e-06,,,1.41104180152656e-06,2.80801302601066e-06,,FALSE,FALSE,FALSE,FALSE,
CD80,CD4+ T cell,Hepatocyte 2,,,4.90054466813151e-07,1.11792440402247e-06,aih_only,0,2,0,2,,8.03989435417812e-07,,,4.90054466813151e-07,1.11792440402247e-06,,FALSE,FALSE,FALSE,FALSE,
CD80,CD4+ T cell,Hepatocyte 3,,,1.23040093253903e-06,1.54175353713938e-06,aih_only,0,2,0,2,,1.38607723483921e-06,,,1.23040093253903e-06,1.54175353713938e-06,,FALSE,FALSE,FALSE,FALSE,
CD80,CD4+ T cell,Hepatocyte 4,,,1.87598707659792e-06,2.29288097554406e-06,aih_only,0,2,0,2,,2.08443402607099e-06,,,1.87598707659792e-06,2.29288097554406e-06,,FALSE,FALSE,FALSE,FALSE,
CD80,CD4+ T cell,Ig+ hepatocyte,,,1.70841430718319e-06,2.62387698888406e-06,aih_only,0,2,0,2,,2.16614564803363e-06,,,1.70841430718319e-06,2.62387698888406e-06,,FALSE,FALSE,FALSE,FALSE,
CD80,CD4+ T cell,IgG+ B cell,,,2.85614029132817e-06,7.00266011802987e-06,aih_only,0,2,0,2,,4.92940020467902e-06,,,2.85614029132817e-06,7.00266011802987e-06,,FALSE,FALSE,FALSE,FALSE,
CD80,CD4+ T cell,IgG+ plasmablast / plasma cell,,,6.40951402812235e-06,1.11428296627915e-05,aih_only,0,2,0,2,,8.77617184545691e-06,,,6.40951402812235e-06,1.11428296627915e-05,,FALSE,FALSE,FALSE,FALSE,
CD80,CD4+ T cell,IgM+ B cell,,,1.08778675421524e-05,5.42385959342104e-05,aih_only,0,2,0,2,,3.25582317381814e-05,,,1.08778675421524e-05,5.42385959342104e-05,,FALSE,FALSE,FALSE,FALSE,
CD80,CD4+ T cell,Macrophage 1,,,7.03928379928013e-06,1.02937035579906e-05,aih_only,0,2,0,2,,8.66649367863536e-06,,,7.03928379928013e-06,1.02937035579906e-05,,FALSE,FALSE,FALSE,FALSE,
CD80,CD4+ T cell,Macrophage 2,,,5.15832875701192e-06,9.4804704645851e-06,aih_only,0,2,0,2,,7.31939961079851e-06,,,5.15832875701192e-06,9.4804704645851e-06,,FALSE,FALSE,FALSE,FALSE,
CD80,CD4+ T cell,Sinusoidal endothelial cell,,,4.39790595273595e-06,6.42739569747385e-06,aih_only,0,2,0,2,,5.4126508251049e-06,,,4.39790595273595e-06,6.42739569747385e-06,,FALSE,FALSE,FALSE,FALSE,
CD80,CD4+ T cell,Stellate cell,,,3.6206784977563e-06,7.64598510011799e-06,aih_only,0,2,0,2,,5.63333179893715e-06,,,3.6206784977563e-06,7.64598510011799e-06,,FALSE,FALSE,FALSE,FALSE,
CD80,CD4+ T cell,Vascular endothelial cell,,,5.65453686738788e-06,9.66643404684089e-06,aih_only,0,2,0,2,,7.66048545711438e-06,,,5.65453686738788e-06,9.66643404684089e-06,,FALSE,FALSE,FALSE,FALSE,
CD80,CD8+ T cell 1,CD4+ T cell,,,2.28103547961633e-05,3.25529503591764e-05,aih_only,0,2,0,2,,2.76816525776699e-05,,,2.28103547961633e-05,3.25529503591764e-05,,FALSE,FALSE,FALSE,FALSE,
CD80,CD8+ T cell 1,CD8+ T cell 1,,,2.12579940122264e-05,2.94887573702284e-05,aih_only,0,2,0,2,,2.53733756912274e-05,,,2.12579940122264e-05,2.94887573702284e-05,,FALSE,FALSE,FALSE,FALSE,
CD80,CD8+ T cell 1,CD8+ T cell 2,,,3.06925130590572e-05,2.92164221120261e-05,aih_only,0,2,0,2,,2.99544675855417e-05,,,2.92164221120261e-05,3.06925130590572e-05,,FALSE,FALSE,FALSE,FALSE,
CD80,CD8+ T cell 1,CD8+ T cell 3,,,1.93437931859544e-05,3.18786954788559e-05,aih_only,0,2,0,2,,2.56112443324052e-05,,,1.93437931859544e-05,3.18786954788559e-05,,FALSE,FALSE,FALSE,FALSE,
CD80,CD8+ T cell 1,Cholangiocyte,,,4.31055675671571e-06,5.0257904323892e-06,aih_only,0,2,0,2,,4.66817359455246e-06,,,4.31055675671571e-06,5.0257904323892e-06,,FALSE,FALSE,FALSE,FALSE,
CD80,CD8+ T cell 1,Hepatocyte 1,,,7.8108894588377e-06,6.99013208503465e-06,aih_only,0,2,0,2,,7.40051077193617e-06,,,6.99013208503465e-06,7.8108894588377e-06,,FALSE,FALSE,FALSE,FALSE,
CD80,CD8+ T cell 1,Hepatocyte 2,,,3.58198186422574e-06,2.91786170681695e-06,aih_only,0,2,0,2,,3.24992178552134e-06,,,2.91786170681695e-06,3.58198186422574e-06,,FALSE,FALSE,FALSE,FALSE,
CD80,CD8+ T cell 1,Hepatocyte 3,,,3.26011479188366e-06,3.50812648452652e-06,aih_only,0,2,0,2,,3.38412063820509e-06,,,3.26011479188366e-06,3.50812648452652e-06,,FALSE,FALSE,FALSE,FALSE,
CD80,CD8+ T cell 1,Hepatocyte 4,,,8.08686681786979e-06,6.32856741355302e-06,aih_only,0,2,0,2,,7.20771711571141e-06,,,6.32856741355302e-06,8.08686681786979e-06,,FALSE,FALSE,FALSE,FALSE,
CD80,CD8+ T cell 1,Ig+ hepatocyte,,,7.07861076821204e-06,3.5239247495857e-06,aih_only,0,2,0,2,,5.30126775889887e-06,,,3.5239247495857e-06,7.07861076821204e-06,,FALSE,FALSE,FALSE,FALSE,
CD80,CD8+ T cell 1,IgG+ B cell,,,3.10881761534591e-06,2.68519941835042e-06,aih_only,0,2,0,2,,2.89700851684816e-06,,,2.68519941835042e-06,3.10881761534591e-06,,FALSE,FALSE,FALSE,FALSE,
CD80,CD8+ T cell 1,IgG+ plasmablast / plasma cell,,,7.10481961378315e-06,8.2271668695937e-06,aih_only,0,2,0,2,,7.66599324168842e-06,,,7.10481961378315e-06,8.2271668695937e-06,,FALSE,FALSE,FALSE,FALSE,
CD80,CD8+ T cell 1,IgM+ B cell,,,4.17014167517972e-06,6.49687190614529e-06,aih_only,0,2,0,2,,5.3335067906625e-06,,,4.17014167517972e-06,6.49687190614529e-06,,FALSE,FALSE,FALSE,FALSE,
CD80,CD8+ T cell 1,Macrophage 1,,,1.6216946079125e-05,1.86690476607662e-05,aih_only,0,2,0,2,,1.74429968699456e-05,,,1.6216946079125e-05,1.86690476607662e-05,,FALSE,FALSE,FALSE,FALSE,
CD80,CD8+ T cell 1,Macrophage 2,,,4.71503167224235e-06,7.80226021042241e-06,aih_only,0,2,0,2,,6.25864594133238e-06,,,4.71503167224235e-06,7.80226021042241e-06,,FALSE,FALSE,FALSE,FALSE,
CD80,CD8+ T cell 1,Sinusoidal endothelial cell,,,1.36676101723796e-05,1.18213501773958e-05,aih_only,0,2,0,2,,1.27444801748877e-05,,,1.18213501773958e-05,1.36676101723796e-05,,FALSE,FALSE,FALSE,FALSE,
CD80,CD8+ T cell 1,Stellate cell,,,4.15582638571382e-06,6.11738976610311e-06,aih_only,0,2,0,2,,5.13660807590847e-06,,,4.15582638571382e-06,6.11738976610311e-06,,FALSE,FALSE,FALSE,FALSE,
CD80,CD8+ T cell 1,Vascular endothelial cell,,,3.34082468758895e-06,3.90957306562801e-06,aih_only,0,2,0,2,,3.62519887660848e-06,,,3.34082468758895e-06,3.90957306562801e-06,,FALSE,FALSE,FALSE,FALSE,
CD80,CD8+ T cell 2,CD4+ T cell,,,1.79274693272859e-05,2.84548437751736e-05,aih_only,0,2,0,2,,2.31911565512298e-05,,,1.79274693272859e-05,2.84548437751736e-05,,FALSE,FALSE,FALSE,FALSE,
CD80,CD8+ T cell 2,CD8+ T cell 1,,,2.34506025001553e-05,2.9593333129835e-05,aih_only,0,2,0,2,,2.65219678149952e-05,,,2.34506025001553e-05,2.9593333129835e-05,,FALSE,FALSE,FALSE,FALSE,
CD80,CD8+ T cell 2,CD8+ T cell 2,,,0.000105510603749341,9.19355883623478e-05,aih_only,0,2,0,2,,9.87230960558443e-05,,,9.19355883623478e-05,0.000105510603749341,,FALSE,FALSE,FALSE,FALSE,
CD80,CD8+ T cell 2,CD8+ T cell 3,,,3.33453832765762e-05,3.66461968056527e-05,aih_only,0,2,0,2,,3.49957900411144e-05,,,3.33453832765762e-05,3.66461968056527e-05,,FALSE,FALSE,FALSE,FALSE,
CD80,CD8+ T cell 2,Cholangiocyte,,,2.61497855324166e-06,2.88233467434969e-06,aih_only,0,2,0,2,,2.74865661379568e-06,,,2.61497855324166e-06,2.88233467434969e-06,,FALSE,FALSE,FALSE,FALSE,
CD80,CD8+ T cell 2,Hepatocyte 1,,,1.90639060204242e-05,1.21922713781248e-05,aih_only,0,2,0,2,,1.56280886992745e-05,,,1.21922713781248e-05,1.90639060204242e-05,,FALSE,FALSE,FALSE,FALSE,
CD80,CD8+ T cell 2,Hepatocyte 2,,,8.49479606688059e-06,4.24014883969973e-06,aih_only,0,2,0,2,,6.36747245329016e-06,,,4.24014883969973e-06,8.49479606688059e-06,,FALSE,FALSE,FALSE,FALSE,
CD80,CD8+ T cell 2,Hepatocyte 3,,,8.02697132561652e-06,6.15104362008656e-06,aih_only,0,2,0,2,,7.08900747285154e-06,,,6.15104362008656e-06,8.02697132561652e-06,,FALSE,FALSE,FALSE,FALSE,
CD80,CD8+ T cell 2,Hepatocyte 4,,,2.38656769418703e-05,1.13119519307532e-05,aih_only,0,2,0,2,,1.75888144363117e-05,,,1.13119519307532e-05,2.38656769418703e-05,,FALSE,FALSE,FALSE,FALSE,
CD80,CD8+ T cell 2,Ig+ hepatocyte,,,1.04642550036103e-05,5.47057007903414e-06,aih_only,0,2,0,2,,7.96741254132223e-06,,,5.47057007903414e-06,1.04642550036103e-05,,FALSE,FALSE,FALSE,FALSE,
CD80,CD8+ T cell 2,IgG+ B cell,,,1.73397922290346e-06,1.95556255138553e-06,aih_only,0,2,0,2,,1.84477088714449e-06,,,1.73397922290346e-06,1.95556255138553e-06,,FALSE,FALSE,FALSE,FALSE,
CD80,CD8+ T cell 2,IgG+ plasmablast / plasma cell,,,5.74717031443808e-06,4.70771583963746e-06,aih_only,0,2,0,2,,5.22744307703777e-06,,,4.70771583963746e-06,5.74717031443808e-06,,FALSE,FALSE,FALSE,FALSE,
CD80,CD8+ T cell 2,IgM+ B cell,,,1.9155478755588e-06,4.60954269318376e-06,aih_only,0,2,0,2,,3.26254528437128e-06,,,1.9155478755588e-06,4.60954269318376e-06,,FALSE,FALSE,FALSE,FALSE,
CD80,CD8+ T cell 2,Macrophage 1,,,2.31531854450813e-05,2.26525932129828e-05,aih_only,0,2,0,2,,2.29028893290321e-05,,,2.26525932129828e-05,2.31531854450813e-05,,FALSE,FALSE,FALSE,FALSE,
CD80,CD8+ T cell 2,Macrophage 2,,,4.62825689289405e-06,7.52132008316569e-06,aih_only,0,2,0,2,,6.07478848802987e-06,,,4.62825689289405e-06,7.52132008316569e-06,,FALSE,FALSE,FALSE,FALSE,
CD80,CD8+ T cell 2,Sinusoidal endothelial cell,,,1.60306426942013e-05,1.44340640514783e-05,aih_only,0,2,0,2,,1.52323533728398e-05,,,1.44340640514783e-05,1.60306426942013e-05,,FALSE,FALSE,FALSE,FALSE,
CD80,CD8+ T cell 2,Stellate cell,,,3.15450547335578e-06,6.94069661142359e-06,aih_only,0,2,0,2,,5.04760104238968e-06,,,3.15450547335578e-06,6.94069661142359e-06,,FALSE,FALSE,FALSE,FALSE,
CD80,CD8+ T cell 2,Vascular endothelial cell,,,4.22167418312672e-06,2.34979960312801e-06,aih_only,0,2,0,2,,3.28573689312737e-06,,,2.34979960312801e-06,4.22167418312672e-06,,FALSE,FALSE,FALSE,FALSE,
CD80,CD8+ T cell 3,CD4+ T cell,,,3.37711426539673e-05,3.61648391399228e-05,aih_only,0,2,0,2,,3.4967990896945e-05,,,3.37711426539673e-05,3.61648391399228e-05,,FALSE,FALSE,FALSE,FALSE,
CD80,CD8+ T cell 3,CD8+ T cell 1,,,3.21495513889443e-05,3.32112312619994e-05,aih_only,0,2,0,2,,3.26803913254719e-05,,,3.21495513889443e-05,3.32112312619994e-05,,FALSE,FALSE,FALSE,FALSE,
CD80,CD8+ T cell 3,CD8+ T cell 2,,,7.0309068655547e-05,4.68755635336659e-05,aih_only,0,2,0,2,,5.85923160946064e-05,,,4.68755635336659e-05,7.0309068655547e-05,,FALSE,FALSE,FALSE,FALSE,
CD80,CD8+ T cell 3,CD8+ T cell 3,,,0.000134622306743908,0.000113279455104077,aih_only,0,2,0,2,,0.000123950880923992,,,0.000113279455104077,0.000134622306743908,,FALSE,FALSE,FALSE,FALSE,
CD80,CD8+ T cell 3,Cholangiocyte,,,3.82541267361707e-06,5.35937100798958e-06,aih_only,0,2,0,2,,4.59239184080332e-06,,,3.82541267361707e-06,5.35937100798958e-06,,FALSE,FALSE,FALSE,FALSE,
CD80,CD8+ T cell 3,Hepatocyte 1,,,2.13179348453466e-05,1.04982932452648e-05,aih_only,0,2,0,2,,1.59081140453057e-05,,,1.04982932452648e-05,2.13179348453466e-05,,FALSE,FALSE,FALSE,FALSE,
CD80,CD8+ T cell 3,Hepatocyte 2,,,6.46691168265493e-06,4.07928200594525e-06,aih_only,0,2,0,2,,5.27309684430009e-06,,,4.07928200594525e-06,6.46691168265493e-06,,FALSE,FALSE,FALSE,FALSE,
CD80,CD8+ T cell 3,Hepatocyte 3,,,7.85294104335417e-06,7.61594584048829e-06,aih_only,0,2,0,2,,7.73444344192123e-06,,,7.61594584048829e-06,7.85294104335417e-06,,FALSE,FALSE,FALSE,FALSE,
CD80,CD8+ T cell 3,Hepatocyte 4,,,2.59579251386471e-05,1.144345622833e-05,aih_only,0,2,0,2,,1.87006906834886e-05,,,1.144345622833e-05,2.59579251386471e-05,,FALSE,FALSE,FALSE,FALSE,
CD80,CD8+ T cell 3,Ig+ hepatocyte,,,1.50384677372009e-05,4.66385663393074e-06,aih_only,0,2,0,2,,9.85116218556582e-06,,,4.66385663393074e-06,1.50384677372009e-05,,FALSE,FALSE,FALSE,FALSE,
CD80,CD8+ T cell 3,IgG+ B cell,,,2.53715077138356e-06,2.23170450386722e-06,aih_only,0,2,0,2,,2.38442763762539e-06,,,2.23170450386722e-06,2.53715077138356e-06,,FALSE,FALSE,FALSE,FALSE,
CD80,CD8+ T cell 3,IgG+ plasmablast / plasma cell,,,8.47180135502253e-06,6.39787627813546e-06,aih_only,0,2,0,2,,7.434838816579e-06,,,6.39787627813546e-06,8.47180135502253e-06,,FALSE,FALSE,FALSE,FALSE,
CD80,CD8+ T cell 3,IgM+ B cell,,,6.5083911147128e-06,5.15685617660585e-06,aih_only,0,2,0,2,,5.83262364565932e-06,,,5.15685617660585e-06,6.5083911147128e-06,,FALSE,FALSE,FALSE,FALSE,
CD80,CD8+ T cell 3,Macrophage 1,,,2.81040214667174e-05,2.50536229260129e-05,aih_only,0,2,0,2,,2.65788221963652e-05,,,2.50536229260129e-05,2.81040214667174e-05,,FALSE,FALSE,FALSE,FALSE,
CD80,CD8+ T cell 3,Macrophage 2,,,7.4326612180344e-06,9.50160294257198e-06,aih_only,0,2,0,2,,8.46713208030319e-06,,,7.4326612180344e-06,9.50160294257198e-06,,FALSE,FALSE,FALSE,FALSE,
CD80,CD8+ T cell 3,Sinusoidal endothelial cell,,,2.66516975646668e-05,1.62320444014711e-05,aih_only,0,2,0,2,,2.14418709830689e-05,,,1.62320444014711e-05,2.66516975646668e-05,,FALSE,FALSE,FALSE,FALSE,
CD80,CD8+ T cell 3,Stellate cell,,,7.11961149076043e-06,7.86611533239424e-06,aih_only,0,2,0,2,,7.49286341157734e-06,,,7.11961149076043e-06,7.86611533239424e-06,,FALSE,FALSE,FALSE,FALSE,
CD80,CD8+ T cell 3,Vascular endothelial cell,,,5.74717252578203e-06,3.01276073888771e-06,aih_only,0,2,0,2,,4.37996663233487e-06,,,3.01276073888771e-06,5.74717252578203e-06,,FALSE,FALSE,FALSE,FALSE,
CD80,Cholangiocyte,CD4+ T cell,,,1.50484496285901e-05,2.01007129826862e-05,aih_only,0,2,0,2,,1.75745813056382e-05,,,1.50484496285901e-05,2.01007129826862e-05,,FALSE,FALSE,FALSE,FALSE,
CD80,Cholangiocyte,CD8+ T cell 1,,,4.66182834994479e-06,6.03592910933266e-06,aih_only,0,2,0,2,,5.34887872963873e-06,,,4.66182834994479e-06,6.03592910933266e-06,,FALSE,FALSE,FALSE,FALSE,
CD80,Cholangiocyte,CD8+ T cell 2,,,1.96402592154455e-06,3.65682138146623e-06,aih_only,0,2,0,2,,2.81042365150539e-06,,,1.96402592154455e-06,3.65682138146623e-06,,FALSE,FALSE,FALSE,FALSE,
CD80,Cholangiocyte,CD8+ T cell 3,,,6.76366886771247e-06,1.11585820058549e-05,aih_only,0,2,0,2,,8.96112543678371e-06,,,6.76366886771247e-06,1.11585820058549e-05,,FALSE,FALSE,FALSE,FALSE,
CD80,Cholangiocyte,Cholangiocyte,,,1.10618427636012e-05,1.42490791495391e-05,aih_only,0,2,0,2,,1.26554609565702e-05,,,1.10618427636012e-05,1.42490791495391e-05,,FALSE,FALSE,FALSE,FALSE,
CD80,Cholangiocyte,Hepatocyte 1,,,4.69734526403348e-07,8.24923992906632e-07,aih_only,0,2,0,2,,6.4732925965499e-07,,,4.69734526403348e-07,8.24923992906632e-07,,FALSE,FALSE,FALSE,FALSE,
CD80,Cholangiocyte,Hepatocyte 2,,,1.89960065804666e-07,4.49284335355217e-07,aih_only,0,2,0,2,,3.19622200579941e-07,,,1.89960065804666e-07,4.49284335355217e-07,,FALSE,FALSE,FALSE,FALSE,
CD80,Cholangiocyte,Hepatocyte 3,,,5.24458473806846e-07,5.8320526956198e-07,aih_only,0,2,0,2,,5.53831871684413e-07,,,5.24458473806846e-07,5.8320526956198e-07,,FALSE,FALSE,FALSE,FALSE,
CD80,Cholangiocyte,Hepatocyte 4,,,5.5343765586454e-07,7.50836120361652e-07,aih_only,0,2,0,2,,6.52136888113096e-07,,,5.5343765586454e-07,7.50836120361652e-07,,FALSE,FALSE,FALSE,FALSE,
CD80,Cholangiocyte,Ig+ hepatocyte,,,1.39579126805662e-06,6.95163990776148e-07,aih_only,0,2,0,2,,1.04547762941638e-06,,,6.95163990776148e-07,1.39579126805662e-06,,FALSE,FALSE,FALSE,FALSE,
CD80,Cholangiocyte,IgG+ B cell,,,3.34098753108834e-06,5.03362250903612e-06,aih_only,0,2,0,2,,4.18730502006223e-06,,,3.34098753108834e-06,5.03362250903612e-06,,FALSE,FALSE,FALSE,FALSE,
CD80,Cholangiocyte,IgG+ plasmablast / plasma cell,,,3.60549372032716e-06,5.91386795227463e-06,aih_only,0,2,0,2,,4.7596808363009e-06,,,3.60549372032716e-06,5.91386795227463e-06,,FALSE,FALSE,FALSE,FALSE,
CD80,Cholangiocyte,IgM+ B cell,,,3.63027897546051e-06,5.38725160996757e-06,aih_only,0,2,0,2,,4.50876529271404e-06,,,3.63027897546051e-06,5.38725160996757e-06,,FALSE,FALSE,FALSE,FALSE,
CD80,Cholangiocyte,Macrophage 1,,,3.14910844912799e-06,3.54369131792377e-06,aih_only,0,2,0,2,,3.34639988352588e-06,,,3.14910844912799e-06,3.54369131792377e-06,,FALSE,FALSE,FALSE,FALSE,
CD80,Cholangiocyte,Macrophage 2,,,3.99674961105308e-06,4.05680980808698e-06,aih_only,0,2,0,2,,4.02677970957003e-06,,,3.99674961105308e-06,4.05680980808698e-06,,FALSE,FALSE,FALSE,FALSE,
CD80,Cholangiocyte,Sinusoidal endothelial cell,,,1.72041124978956e-06,1.94900519752204e-06,aih_only,0,2,0,2,,1.8347082236558e-06,,,1.72041124978956e-06,1.94900519752204e-06,,FALSE,FALSE,FALSE,FALSE,
CD80,Cholangiocyte,Stellate cell,,,2.96051244465535e-06,3.64007310374371e-06,aih_only,0,2,0,2,,3.30029277419953e-06,,,2.96051244465535e-06,3.64007310374371e-06,,FALSE,FALSE,FALSE,FALSE,
CD80,Cholangiocyte,Vascular endothelial cell,,,2.84857536373104e-06,4.97182079336856e-06,aih_only,0,2,0,2,,3.9101980785498e-06,,,2.84857536373104e-06,4.97182079336856e-06,,FALSE,FALSE,FALSE,FALSE,
CD80,Hepatocyte 1,CD4+ T cell,,,4.01171253361918e-06,6.90340446692157e-06,aih_only,0,2,0,2,,5.45755850027037e-06,,,4.01171253361918e-06,6.90340446692157e-06,,FALSE,FALSE,FALSE,FALSE,
CD80,Hepatocyte 1,CD8+ T cell 1,,,5.58997569048237e-06,6.87495202222335e-06,aih_only,0,2,0,2,,6.23246385635286e-06,,,5.58997569048237e-06,6.87495202222335e-06,,FALSE,FALSE,FALSE,FALSE,
CD80,Hepatocyte 1,CD8+ T cell 2,,,1.7059827786436e-05,1.08166358232783e-05,aih_only,0,2,0,2,,1.39382318048571e-05,,,1.08166358232783e-05,1.7059827786436e-05,,FALSE,FALSE,FALSE,FALSE,
CD80,Hepatocyte 1,CD8+ T cell 3,,,7.50265310385808e-06,8.99828329862902e-06,aih_only,0,2,0,2,,8.25046820124355e-06,,,7.50265310385808e-06,8.99828329862902e-06,,FALSE,FALSE,FALSE,FALSE,
CD80,Hepatocyte 1,Cholangiocyte,,,4.64091720537097e-07,1.12161370562288e-06,aih_only,0,2,0,2,,7.92852713079988e-07,,,4.64091720537097e-07,1.12161370562288e-06,,FALSE,FALSE,FALSE,FALSE,
CD80,Hepatocyte 1,Hepatocyte 1,,,6.28225661723926e-06,3.09338626233922e-06,aih_only,0,2,0,2,,4.68782143978924e-06,,,3.09338626233922e-06,6.28225661723926e-06,,FALSE,FALSE,FALSE,FALSE,
CD80,Hepatocyte 1,Hepatocyte 2,,,1.46173584101553e-06,1.18849167485084e-06,aih_only,0,2,0,2,,1.32511375793318e-06,,,1.18849167485084e-06,1.46173584101553e-06,,FALSE,FALSE,FALSE,FALSE,
CD80,Hepatocyte 1,Hepatocyte 3,,,1.35184011613788e-06,1.99607506404003e-06,aih_only,0,2,0,2,,1.67395759008896e-06,,,1.35184011613788e-06,1.99607506404003e-06,,FALSE,FALSE,FALSE,FALSE,
CD80,Hepatocyte 1,Hepatocyte 4,,,4.71384940210726e-06,2.54059034695702e-06,aih_only,0,2,0,2,,3.62721987453214e-06,,,2.54059034695702e-06,4.71384940210726e-06,,FALSE,FALSE,FALSE,FALSE,
CD80,Hepatocyte 1,Ig+ hepatocyte,,,2.1457574486143e-06,1.49677124880261e-06,aih_only,0,2,0,2,,1.82126434870845e-06,,,1.49677124880261e-06,2.1457574486143e-06,,FALSE,FALSE,FALSE,FALSE,
CD80,Hepatocyte 1,IgG+ B cell,,,3.83770518462806e-07,8.3335923345438e-07,aih_only,0,2,0,2,,6.08564875958593e-07,,,3.83770518462806e-07,8.3335923345438e-07,,FALSE,FALSE,FALSE,FALSE,
CD80,Hepatocyte 1,IgG+ plasmablast / plasma cell,,,1.07269759545137e-06,1.60733041688735e-06,aih_only,0,2,0,2,,1.34001400616936e-06,,,1.07269759545137e-06,1.60733041688735e-06,,FALSE,FALSE,FALSE,FALSE,
CD80,Hepatocyte 1,IgM+ B cell,,,4.93909032189331e-07,1.05895536552809e-06,aih_only,0,2,0,2,,7.76432198858712e-07,,,4.93909032189331e-07,1.05895536552809e-06,,FALSE,FALSE,FALSE,FALSE,
CD80,Hepatocyte 1,Macrophage 1,,,5.62399801993508e-06,5.41475351953511e-06,aih_only,0,2,0,2,,5.5193757697351e-06,,,5.41475351953511e-06,5.62399801993508e-06,,FALSE,FALSE,FALSE,FALSE,
CD80,Hepatocyte 1,Macrophage 2,,,9.8629819824459e-07,2.34826433603932e-06,aih_only,0,2,0,2,,1.66728126714196e-06,,,9.8629819824459e-07,2.34826433603932e-06,,FALSE,FALSE,FALSE,FALSE,
CD80,Hepatocyte 1,Sinusoidal endothelial cell,,,4.08712702841238e-06,3.82075201236081e-06,aih_only,0,2,0,2,,3.95393952038659e-06,,,3.82075201236081e-06,4.08712702841238e-06,,FALSE,FALSE,FALSE,FALSE,
CD80,Hepatocyte 1,Stellate cell,,,6.28194338848254e-07,1.85738312656241e-06,aih_only,0,2,0,2,,1.24278873270533e-06,,,6.28194338848254e-07,1.85738312656241e-06,,FALSE,FALSE,FALSE,FALSE,
CD80,Hepatocyte 1,Vascular endothelial cell,,,5.60657347158618e-07,6.95229835071993e-07,aih_only,0,2,0,2,,6.27943591115305e-07,,,5.60657347158618e-07,6.95229835071993e-07,,FALSE,FALSE,FALSE,FALSE,
CD80,Hepatocyte 2,CD4+ T cell,,,3.37375731368065e-06,3.03755331299025e-06,aih_only,0,2,0,2,,3.20565531333545e-06,,,3.03755331299025e-06,3.37375731368065e-06,,FALSE,FALSE,FALSE,FALSE,
CD80,Hepatocyte 2,CD8+ T cell 1,,,4.799664800663e-06,3.49238511059302e-06,aih_only,0,2,0,2,,4.14602495562801e-06,,,3.49238511059302e-06,4.799664800663e-06,,FALSE,FALSE,FALSE,FALSE,
CD80,Hepatocyte 2,CD8+ T cell 2,,,1.56725416310699e-05,5.52295196744295e-06,aih_only,0,2,0,2,,1.05977467992564e-05,,,5.52295196744295e-06,1.56725416310699e-05,,FALSE,FALSE,FALSE,FALSE,
CD80,Hepatocyte 2,CD8+ T cell 3,,,6.08438007028423e-06,4.55661543671055e-06,aih_only,0,2,0,2,,5.32049775349739e-06,,,4.55661543671055e-06,6.08438007028423e-06,,FALSE,FALSE,FALSE,FALSE,
CD80,Hepatocyte 2,Cholangiocyte,,,2.47225516899766e-07,8.42449197322476e-07,aih_only,0,2,0,2,,5.44837357111121e-07,,,2.47225516899766e-07,8.42449197322476e-07,,FALSE,FALSE,FALSE,FALSE,
CD80,Hepatocyte 2,Hepatocyte 1,,,2.69565434539214e-06,1.40021458620347e-06,aih_only,0,2,0,2,,2.0479344657978e-06,,,1.40021458620347e-06,2.69565434539214e-06,,FALSE,FALSE,FALSE,FALSE,
CD80,Hepatocyte 2,Hepatocyte 2,,,5.7414598418271e-06,1.27712155902224e-06,aih_only,0,2,0,2,,3.50929070042467e-06,,,1.27712155902224e-06,5.7414598418271e-06,,FALSE,FALSE,FALSE,FALSE,
CD80,Hepatocyte 2,Hepatocyte 3,,,1.99419167625602e-06,1.35991096757359e-06,aih_only,0,2,0,2,,1.6770513219148e-06,,,1.35991096757359e-06,1.99419167625602e-06,,FALSE,FALSE,FALSE,FALSE,
CD80,Hepatocyte 2,Hepatocyte 4,,,4.66636325493771e-06,1.71664021845557e-06,aih_only,0,2,0,2,,3.19150173669664e-06,,,1.71664021845557e-06,4.66636325493771e-06,,FALSE,FALSE,FALSE,FALSE,
CD80,Hepatocyte 2,Ig+ hepatocyte,,,1.87388888320695e-06,9.46953241980458e-07,aih_only,0,2,0,2,,1.41042106259371e-06,,,9.46953241980458e-07,1.87388888320695e-06,,FALSE,FALSE,FALSE,FALSE,
CD80,Hepatocyte 2,IgG+ B cell,,,2.33494808952621e-07,5.59805245087984e-07,aih_only,0,2,0,2,,3.96650027020303e-07,,,2.33494808952621e-07,5.59805245087984e-07,,FALSE,FALSE,FALSE,FALSE,
CD80,Hepatocyte 2,IgG+ plasmablast / plasma cell,,,6.18448538168539e-07,5.13108695811975e-07,aih_only,0,2,0,2,,5.65778616990257e-07,,,5.13108695811975e-07,6.18448538168539e-07,,FALSE,FALSE,FALSE,FALSE,
CD80,Hepatocyte 2,IgM+ B cell,,,3.12505940658926e-07,4.37543681821084e-07,aih_only,0,2,0,2,,3.75024811240005e-07,,,3.12505940658926e-07,4.37543681821084e-07,,FALSE,FALSE,FALSE,FALSE,
CD80,Hepatocyte 2,Macrophage 1,,,4.96512219336343e-06,2.86897814347659e-06,aih_only,0,2,0,2,,3.91705016842001e-06,,,2.86897814347659e-06,4.96512219336343e-06,,FALSE,FALSE,FALSE,FALSE,
CD80,Hepatocyte 2,Macrophage 2,,,1.17422993035012e-06,9.50387129715549e-07,aih_only,0,2,0,2,,1.06230853003283e-06,,,9.50387129715549e-07,1.17422993035012e-06,,FALSE,FALSE,FALSE,FALSE,
CD80,Hepatocyte 2,Sinusoidal endothelial cell,,,3.36580751706433e-06,1.61016120730397e-06,aih_only,0,2,0,2,,2.48798436218415e-06,,,1.61016120730397e-06,3.36580751706433e-06,,FALSE,FALSE,FALSE,FALSE,
CD80,Hepatocyte 2,Stellate cell,,,4.46717676022463e-07,8.48125781218143e-07,aih_only,0,2,0,2,,6.47421728620303e-07,,,4.46717676022463e-07,8.48125781218143e-07,,FALSE,FALSE,FALSE,FALSE,
CD80,Hepatocyte 2,Vascular endothelial cell,,,3.94844975820411e-07,5.11967286075425e-07,aih_only,0,2,0,2,,4.53406130947918e-07,,,3.94844975820411e-07,5.11967286075425e-07,,FALSE,FALSE,FALSE,FALSE,
CD80,Hepatocyte 3,CD4+ T cell,,,2.87506443376812e-06,5.43593762453916e-06,aih_only,0,2,0,2,,4.15550102915364e-06,,,2.87506443376812e-06,5.43593762453916e-06,,FALSE,FALSE,FALSE,FALSE,
CD80,Hepatocyte 3,CD8+ T cell 1,,,1.72290417911733e-06,4.09295596261334e-06,aih_only,0,2,0,2,,2.90793007086533e-06,,,1.72290417911733e-06,4.09295596261334e-06,,FALSE,FALSE,FALSE,FALSE,
CD80,Hepatocyte 3,CD8+ T cell 2,,,6.53596842529723e-06,6.98472003639284e-06,aih_only,0,2,0,2,,6.76034423084503e-06,,,6.53596842529723e-06,6.98472003639284e-06,,FALSE,FALSE,FALSE,FALSE,
CD80,Hepatocyte 3,CD8+ T cell 3,,,1.76671317944288e-06,4.99612823206051e-06,aih_only,0,2,0,2,,3.3814207057517e-06,,,1.76671317944288e-06,4.99612823206051e-06,,FALSE,FALSE,FALSE,FALSE,
CD80,Hepatocyte 3,Cholangiocyte,,,4.60110716139931e-07,5.23469097117868e-07,aih_only,0,2,0,2,,4.91789906628899e-07,,,4.60110716139931e-07,5.23469097117868e-07,,FALSE,FALSE,FALSE,FALSE,
CD80,Hepatocyte 3,Hepatocyte 1,,,1.97429540152946e-06,1.59109281298388e-06,aih_only,0,2,0,2,,1.78269410725667e-06,,,1.59109281298388e-06,1.97429540152946e-06,,FALSE,FALSE,FALSE,FALSE,
CD80,Hepatocyte 3,Hepatocyte 2,,,2.2330984927633e-06,1.26959554694504e-06,aih_only,0,2,0,2,,1.75134701985417e-06,,,1.26959554694504e-06,2.2330984927633e-06,,FALSE,FALSE,FALSE,FALSE,
CD80,Hepatocyte 3,Hepatocyte 3,,,1.22908887823658e-06,2.42202066787892e-06,aih_only,0,2,0,2,,1.82555477305775e-06,,,1.22908887823658e-06,2.42202066787892e-06,,FALSE,FALSE,FALSE,FALSE,
CD80,Hepatocyte 3,Hepatocyte 4,,,6.77937287849854e-07,1.8593348467884e-06,aih_only,0,2,0,2,,1.26863606731912e-06,,,6.77937287849854e-07,1.8593348467884e-06,,FALSE,FALSE,FALSE,FALSE,
CD80,Hepatocyte 3,Ig+ hepatocyte,,,8.13787825365282e-07,1.01162801532323e-06,aih_only,0,2,0,2,,9.12707920344257e-07,,,8.13787825365282e-07,1.01162801532323e-06,,FALSE,FALSE,FALSE,FALSE,
CD80,Hepatocyte 3,IgG+ B cell,,,4.7426920103891e-07,9.08932323317188e-07,aih_only,0,2,0,2,,6.91600762178049e-07,,,4.7426920103891e-07,9.08932323317188e-07,,FALSE,FALSE,FALSE,FALSE,
CD80,Hepatocyte 3,IgG+ plasmablast / plasma cell,,,5.92472591262608e-07,5.57168095339665e-07,aih_only,0,2,0,2,,5.74820343301137e-07,,,5.57168095339665e-07,5.92472591262608e-07,,FALSE,FALSE,FALSE,FALSE,
CD80,Hepatocyte 3,IgM+ B cell,,,4.30487544810474e-07,1.1645252229229e-06,aih_only,0,2,0,2,,7.97506383866685e-07,,,4.30487544810474e-07,1.1645252229229e-06,,FALSE,FALSE,FALSE,FALSE,
CD80,Hepatocyte 3,Macrophage 1,,,1.6513324273096e-06,2.91265595733904e-06,aih_only,0,2,0,2,,2.28199419232432e-06,,,1.6513324273096e-06,2.91265595733904e-06,,FALSE,FALSE,FALSE,FALSE,
CD80,Hepatocyte 3,Macrophage 2,,,1.0017192732429e-06,1.51710344603485e-06,aih_only,0,2,0,2,,1.25941135963887e-06,,,1.0017192732429e-06,1.51710344603485e-06,,FALSE,FALSE,FALSE,FALSE,
CD80,Hepatocyte 3,Sinusoidal endothelial cell,,,9.28178564975338e-07,1.76099646817779e-06,aih_only,0,2,0,2,,1.34458751657656e-06,,,9.28178564975338e-07,1.76099646817779e-06,,FALSE,FALSE,FALSE,FALSE,
CD80,Hepatocyte 3,Stellate cell,,,3.75332302041363e-07,1.18963733212544e-06,aih_only,0,2,0,2,,7.82484817083403e-07,,,3.75332302041363e-07,1.18963733212544e-06,,FALSE,FALSE,FALSE,FALSE,
CD80,Hepatocyte 3,Vascular endothelial cell,,,3.38229795399071e-07,8.87716043910915e-07,aih_only,0,2,0,2,,6.12972919654993e-07,,,3.38229795399071e-07,8.87716043910915e-07,,FALSE,FALSE,FALSE,FALSE,
CD80,Hepatocyte 4,CD4+ T cell,,,3.91148012933561e-06,7.49123737474431e-06,aih_only,0,2,0,2,,5.70135875203996e-06,,,3.91148012933561e-06,7.49123737474431e-06,,FALSE,FALSE,FALSE,FALSE,
CD80,Hepatocyte 4,CD8+ T cell 1,,,4.77020469778691e-06,8.92540764266295e-06,aih_only,0,2,0,2,,6.84780617022493e-06,,,4.77020469778691e-06,8.92540764266295e-06,,FALSE,FALSE,FALSE,FALSE,
CD80,Hepatocyte 4,CD8+ T cell 2,,,1.06581776053047e-05,1.13969840576548e-05,aih_only,0,2,0,2,,1.10275808314797e-05,,,1.06581776053047e-05,1.13969840576548e-05,,FALSE,FALSE,FALSE,FALSE,
CD80,Hepatocyte 4,CD8+ T cell 3,,,1.17907427331704e-05,9.51456483440582e-06,aih_only,0,2,0,2,,1.06526537837881e-05,,,9.51456483440582e-06,1.17907427331704e-05,,FALSE,FALSE,FALSE,FALSE,
CD80,Hepatocyte 4,Cholangiocyte,,,5.02754496653366e-07,1.11759661713329e-06,aih_only,0,2,0,2,,8.10175556893327e-07,,,5.02754496653366e-07,1.11759661713329e-06,,FALSE,FALSE,FALSE,FALSE,
CD80,Hepatocyte 4,Hepatocyte 1,,,3.56526751056241e-06,3.19122851015847e-06,aih_only,0,2,0,2,,3.37824801036044e-06,,,3.19122851015847e-06,3.56526751056241e-06,,FALSE,FALSE,FALSE,FALSE,
CD80,Hepatocyte 4,Hepatocyte 2,,,7.81332663811797e-07,1.02968833602635e-06,aih_only,0,2,0,2,,9.05510499919074e-07,,,7.81332663811797e-07,1.02968833602635e-06,,FALSE,FALSE,FALSE,FALSE,
CD80,Hepatocyte 4,Hepatocyte 3,,,1.23365386874001e-06,1.61902068435773e-06,aih_only,0,2,0,2,,1.42633727654887e-06,,,1.23365386874001e-06,1.61902068435773e-06,,FALSE,FALSE,FALSE,FALSE,
CD80,Hepatocyte 4,Hepatocyte 4,,,1.26331972646854e-05,7.40809852919141e-06,aih_only,0,2,0,2,,1.00206478969384e-05,,,7.40809852919141e-06,1.26331972646854e-05,,FALSE,FALSE,FALSE,FALSE,
CD80,Hepatocyte 4,Ig+ hepatocyte,,,1.10511352712521e-06,1.08211267792945e-06,aih_only,0,2,0,2,,1.09361310252733e-06,,,1.08211267792945e-06,1.10511352712521e-06,,FALSE,FALSE,FALSE,FALSE,
CD80,Hepatocyte 4,IgG+ B cell,,,4.61936014884948e-07,5.65918596050461e-07,aih_only,0,2,0,2,,5.13927305467704e-07,,,4.61936014884948e-07,5.65918596050461e-07,,FALSE,FALSE,FALSE,FALSE,
CD80,Hepatocyte 4,IgG+ plasmablast / plasma cell,,,1.30438549618876e-06,1.28623176414238e-06,aih_only,0,2,0,2,,1.29530863016557e-06,,,1.28623176414238e-06,1.30438549618876e-06,,FALSE,FALSE,FALSE,FALSE,
CD80,Hepatocyte 4,IgM+ B cell,,,7.26533371393102e-07,9.52535263922569e-07,aih_only,0,2,0,2,,8.39534317657836e-07,,,7.26533371393102e-07,9.52535263922569e-07,,FALSE,FALSE,FALSE,FALSE,
CD80,Hepatocyte 4,Macrophage 1,,,4.89352164796785e-06,6.36759272906888e-06,aih_only,0,2,0,2,,5.63055718851837e-06,,,4.89352164796785e-06,6.36759272906888e-06,,FALSE,FALSE,FALSE,FALSE,
CD80,Hepatocyte 4,Macrophage 2,,,5.54213003200605e-07,2.34415444585508e-06,aih_only,0,2,0,2,,1.44918372452784e-06,,,5.54213003200605e-07,2.34415444585508e-06,,FALSE,FALSE,FALSE,FALSE,
CD80,Hepatocyte 4,Sinusoidal endothelial cell,,,1.79812596781261e-06,3.82232121971536e-06,aih_only,0,2,0,2,,2.81022359376399e-06,,,1.79812596781261e-06,3.82232121971536e-06,,FALSE,FALSE,FALSE,FALSE,
CD80,Hepatocyte 4,Stellate cell,,,5.91180055496486e-07,1.96320627246262e-06,aih_only,0,2,0,2,,1.27719316397955e-06,,,5.91180055496486e-07,1.96320627246262e-06,,FALSE,FALSE,FALSE,FALSE,
CD80,Hepatocyte 4,Vascular endothelial cell,,,6.52560788031963e-07,1.32280562546465e-06,aih_only,0,2,0,2,,9.87683206748305e-07,,,6.52560788031963e-07,1.32280562546465e-06,,FALSE,FALSE,FALSE,FALSE,
CD80,Ig+ hepatocyte,CD4+ T cell,,,5.59654788690168e-06,1.06131526990461e-05,aih_only,0,2,0,2,,8.1048502929739e-06,,,5.59654788690168e-06,1.06131526990461e-05,,FALSE,FALSE,FALSE,FALSE,
CD80,Ig+ hepatocyte,CD8+ T cell 1,,,7.33754629674844e-06,9.16614165564206e-06,aih_only,0,2,0,2,,8.25184397619525e-06,,,7.33754629674844e-06,9.16614165564206e-06,,FALSE,FALSE,FALSE,FALSE,
CD80,Ig+ hepatocyte,CD8+ T cell 2,,,6.3304605692697e-06,9.38847298098276e-06,aih_only,0,2,0,2,,7.85946677512623e-06,,,6.3304605692697e-06,9.38847298098276e-06,,FALSE,FALSE,FALSE,FALSE,
CD80,Ig+ hepatocyte,CD8+ T cell 3,,,4.84489705752251e-06,5.58337809730678e-06,aih_only,0,2,0,2,,5.21413757741465e-06,,,4.84489705752251e-06,5.58337809730678e-06,,FALSE,FALSE,FALSE,FALSE,
CD80,Ig+ hepatocyte,Cholangiocyte,,,2.0265410017388e-06,1.75741382984396e-06,aih_only,0,2,0,2,,1.89197741579138e-06,,,1.75741382984396e-06,2.0265410017388e-06,,FALSE,FALSE,FALSE,FALSE,
CD80,Ig+ hepatocyte,Hepatocyte 1,,,2.02246229655505e-06,3.79376002185682e-06,aih_only,0,2,0,2,,2.90811115920594e-06,,,2.02246229655505e-06,3.79376002185682e-06,,FALSE,FALSE,FALSE,FALSE,
CD80,Ig+ hepatocyte,Hepatocyte 2,,,2.97370489436561e-06,1.45608370484991e-06,aih_only,0,2,0,2,,2.21489429960776e-06,,,1.45608370484991e-06,2.97370489436561e-06,,FALSE,FALSE,FALSE,FALSE,
CD80,Ig+ hepatocyte,Hepatocyte 3,,,8.32994566343235e-08,4.69759811540669e-06,aih_only,0,2,0,2,,2.39044878602051e-06,,,8.32994566343235e-08,4.69759811540669e-06,,FALSE,FALSE,FALSE,FALSE,
CD80,Ig+ hepatocyte,Hepatocyte 4,,,2.86395817209364e-07,1.72231605752733e-06,aih_only,0,2,0,2,,1.00435593736835e-06,,,2.86395817209364e-07,1.72231605752733e-06,,FALSE,FALSE,FALSE,FALSE,
CD80,Ig+ hepatocyte,Ig+ hepatocyte,,,2.71777504079673e-05,5.97881427966694e-06,aih_only,0,2,0,2,,1.65782823438171e-05,,,5.97881427966694e-06,2.71777504079673e-05,,FALSE,FALSE,FALSE,FALSE,
CD80,Ig+ hepatocyte,IgG+ B cell,,,4.2411617743721e-06,1.6685361954884e-06,aih_only,0,2,0,2,,2.95484898493025e-06,,,1.6685361954884e-06,4.2411617743721e-06,,FALSE,FALSE,FALSE,FALSE,
CD80,Ig+ hepatocyte,IgG+ plasmablast / plasma cell,,,6.08003778566364e-06,2.79633841075686e-06,aih_only,0,2,0,2,,4.43818809821025e-06,,,2.79633841075686e-06,6.08003778566364e-06,,FALSE,FALSE,FALSE,FALSE,
CD80,Ig+ hepatocyte,IgM+ B cell,,,1.14684760326248e-06,1.51066306308529e-06,aih_only,0,2,0,2,,1.32875533317388e-06,,,1.14684760326248e-06,1.51066306308529e-06,,FALSE,FALSE,FALSE,FALSE,
CD80,Ig+ hepatocyte,Macrophage 1,,,6.18004787932359e-06,6.46527050209556e-06,aih_only,0,2,0,2,,6.32265919070957e-06,,,6.18004787932359e-06,6.46527050209556e-06,,FALSE,FALSE,FALSE,FALSE,
CD80,Ig+ hepatocyte,Macrophage 2,,,1.27390954981465e-06,2.56612417572262e-06,aih_only,0,2,0,2,,1.92001686276863e-06,,,1.27390954981465e-06,2.56612417572262e-06,,FALSE,FALSE,FALSE,FALSE,
CD80,Ig+ hepatocyte,Sinusoidal endothelial cell,,,5.38936242724846e-06,2.97447802915994e-06,aih_only,0,2,0,2,,4.1819202282042e-06,,,2.97447802915994e-06,5.38936242724846e-06,,FALSE,FALSE,FALSE,FALSE,
CD80,Ig+ hepatocyte,Stellate cell,,,1.61609758575555e-06,1.70003083034879e-06,aih_only,0,2,0,2,,1.65806420805217e-06,,,1.61609758575555e-06,1.70003083034879e-06,,FALSE,FALSE,FALSE,FALSE,
CD80,Ig+ hepatocyte,Vascular endothelial cell,,,1.11953946026867e-06,1.16736974279876e-06,aih_only,0,2,0,2,,1.14345460153372e-06,,,1.11953946026867e-06,1.16736974279876e-06,,FALSE,FALSE,FALSE,FALSE,
CD80,IgG+ B cell,CD4+ T cell,,,6.51725141145932e-06,1.47907781693428e-05,aih_only,0,2,0,2,,1.0654014790401e-05,,,6.51725141145932e-06,1.47907781693428e-05,,FALSE,FALSE,FALSE,FALSE,
CD80,IgG+ B cell,CD8+ T cell 1,,,3.38993719983499e-06,3.09815609885186e-06,aih_only,0,2,0,2,,3.24404664934343e-06,,,3.09815609885186e-06,3.38993719983499e-06,,FALSE,FALSE,FALSE,FALSE,
CD80,IgG+ B cell,CD8+ T cell 2,,,2.41895300432093e-06,1.40345844720563e-06,aih_only,0,2,0,2,,1.91120572576328e-06,,,1.40345844720563e-06,2.41895300432093e-06,,FALSE,FALSE,FALSE,FALSE,
CD80,IgG+ B cell,CD8+ T cell 3,,,1.79915765120205e-06,3.22123017687526e-06,aih_only,0,2,0,2,,2.51019391403865e-06,,,1.79915765120205e-06,3.22123017687526e-06,,FALSE,FALSE,FALSE,FALSE,
CD80,IgG+ B cell,Cholangiocyte,,,2.10627054848671e-06,3.62133670665585e-06,aih_only,0,2,0,2,,2.86380362757128e-06,,,2.10627054848671e-06,3.62133670665585e-06,,FALSE,FALSE,FALSE,FALSE,
CD80,IgG+ B cell,Hepatocyte 1,,,5.08429804105434e-07,3.83524500260103e-07,aih_only,0,2,0,2,,4.45977152182769e-07,,,3.83524500260103e-07,5.08429804105434e-07,,FALSE,FALSE,FALSE,FALSE,
CD80,IgG+ B cell,Hepatocyte 2,,,1.59475279585761e-07,2.33816153022249e-07,aih_only,0,2,0,2,,1.96645716304005e-07,,,1.59475279585761e-07,2.33816153022249e-07,,FALSE,FALSE,FALSE,FALSE,
CD80,IgG+ B cell,Hepatocyte 3,,,4.87053770877183e-07,3.07437899805478e-07,aih_only,0,2,0,2,,3.97245835341331e-07,,,3.07437899805478e-07,4.87053770877183e-07,,FALSE,FALSE,FALSE,FALSE,
CD80,IgG+ B cell,Hepatocyte 4,,,3.84470257349865e-06,2.48441476486844e-07,aih_only,0,2,0,2,,2.04657202499275e-06,,,2.48441476486844e-07,3.84470257349865e-06,,FALSE,FALSE,FALSE,FALSE,
CD80,IgG+ B cell,Ig+ hepatocyte,,,1.00424784031377e-06,1.37182234318275e-06,aih_only,0,2,0,2,,1.18803509174826e-06,,,1.00424784031377e-06,1.37182234318275e-06,,FALSE,FALSE,FALSE,FALSE,
CD80,IgG+ B cell,IgG+ B cell,,,2.45123162132667e-06,1.24870594984105e-05,aih_only,0,2,0,2,,7.4691455598686e-06,,,2.45123162132667e-06,1.24870594984105e-05,,FALSE,FALSE,FALSE,FALSE,
CD80,IgG+ B cell,IgG+ plasmablast / plasma cell,,,3.19164917219229e-06,7.60752554999323e-06,aih_only,0,2,0,2,,5.39958736109276e-06,,,3.19164917219229e-06,7.60752554999323e-06,,FALSE,FALSE,FALSE,FALSE,
CD80,IgG+ B cell,IgM+ B cell,,,1.54817913963463e-06,6.32771156158662e-06,aih_only,0,2,0,2,,3.93794535061063e-06,,,1.54817913963463e-06,6.32771156158662e-06,,FALSE,FALSE,FALSE,FALSE,
CD80,IgG+ B cell,Macrophage 1,,,2.53593596675488e-06,1.60300264546249e-06,aih_only,0,2,0,2,,2.06946930610868e-06,,,1.60300264546249e-06,2.53593596675488e-06,,FALSE,FALSE,FALSE,FALSE,
CD80,IgG+ B cell,Macrophage 2,,,1.46399056573613e-06,3.16248840229984e-06,aih_only,0,2,0,2,,2.31323948401799e-06,,,1.46399056573613e-06,3.16248840229984e-06,,FALSE,FALSE,FALSE,FALSE,
CD80,IgG+ B cell,Sinusoidal endothelial cell,,,1.33138315986076e-06,7.33043827672756e-07,aih_only,0,2,0,2,,1.03221349376676e-06,,,7.33043827672756e-07,1.33138315986076e-06,,FALSE,FALSE,FALSE,FALSE,
CD80,IgG+ B cell,Stellate cell,,,1.16453436246987e-06,3.00968990298929e-06,aih_only,0,2,0,2,,2.08711213272958e-06,,,1.16453436246987e-06,3.00968990298929e-06,,FALSE,FALSE,FALSE,FALSE,
CD80,IgG+ B cell,Vascular endothelial cell,,,1.77204547873668e-06,5.25080947065322e-06,aih_only,0,2,0,2,,3.51142747469495e-06,,,1.77204547873668e-06,5.25080947065322e-06,,FALSE,FALSE,FALSE,FALSE,
CD80,IgG+ plasmablast / plasma cell,CD4+ T cell,,,1.40904286983732e-05,2.66903904900982e-05,aih_only,0,2,0,2,,2.03904095942357e-05,,,1.40904286983732e-05,2.66903904900982e-05,,FALSE,FALSE,FALSE,FALSE,
CD80,IgG+ plasmablast / plasma cell,CD8+ T cell 1,,,6.03432972813563e-06,9.43908067663235e-06,aih_only,0,2,0,2,,7.73670520238399e-06,,,6.03432972813563e-06,9.43908067663235e-06,,FALSE,FALSE,FALSE,FALSE,
CD80,IgG+ plasmablast / plasma cell,CD8+ T cell 2,,,4.80854977606683e-06,6.73960875848814e-06,aih_only,0,2,0,2,,5.77407926727748e-06,,,4.80854977606683e-06,6.73960875848814e-06,,FALSE,FALSE,FALSE,FALSE,
CD80,IgG+ plasmablast / plasma cell,CD8+ T cell 3,,,5.69568693309029e-06,9.65430008231425e-06,aih_only,0,2,0,2,,7.67499350770227e-06,,,5.69568693309029e-06,9.65430008231425e-06,,FALSE,FALSE,FALSE,FALSE,
CD80,IgG+ plasmablast / plasma cell,Cholangiocyte,,,3.26794946792002e-06,7.67919103593874e-06,aih_only,0,2,0,2,,5.47357025192938e-06,,,3.26794946792002e-06,7.67919103593874e-06,,FALSE,FALSE,FALSE,FALSE,
CD80,IgG+ plasmablast / plasma cell,Hepatocyte 1,,,1.23270514326037e-06,1.88711940692099e-06,aih_only,0,2,0,2,,1.55991227509068e-06,,,1.23270514326037e-06,1.88711940692099e-06,,FALSE,FALSE,FALSE,FALSE,
CD80,IgG+ plasmablast / plasma cell,Hepatocyte 2,,,6.2851769247663e-07,6.27520550711122e-07,aih_only,0,2,0,2,,6.28019121593876e-07,,,6.27520550711122e-07,6.2851769247663e-07,,FALSE,FALSE,FALSE,FALSE,
CD80,IgG+ plasmablast / plasma cell,Hepatocyte 3,,,1.28126076572932e-06,1.31372682228913e-06,aih_only,0,2,0,2,,1.29749379400923e-06,,,1.28126076572932e-06,1.31372682228913e-06,,FALSE,FALSE,FALSE,FALSE,
CD80,IgG+ plasmablast / plasma cell,Hepatocyte 4,,,1.15401902821607e-06,1.22127861143664e-06,aih_only,0,2,0,2,,1.18764881982635e-06,,,1.15401902821607e-06,1.22127861143664e-06,,FALSE,FALSE,FALSE,FALSE,
CD80,IgG+ plasmablast / plasma cell,Ig+ hepatocyte,,,2.03289271224943e-06,2.66872555089614e-06,aih_only,0,2,0,2,,2.35080913157279e-06,,,2.03289271224943e-06,2.66872555089614e-06,,FALSE,FALSE,FALSE,FALSE,
CD80,IgG+ plasmablast / plasma cell,IgG+ B cell,,,2.37646311298655e-06,5.88048202069765e-06,aih_only,0,2,0,2,,4.1284725668421e-06,,,2.37646311298655e-06,5.88048202069765e-06,,FALSE,FALSE,FALSE,FALSE,
CD80,IgG+ plasmablast / plasma cell,IgG+ plasmablast / plasma cell,,,6.0002654193662e-06,1.60769307838007e-05,aih_only,0,2,0,2,,1.10385981015835e-05,,,6.0002654193662e-06,1.60769307838007e-05,,FALSE,FALSE,FALSE,FALSE,
CD80,IgG+ plasmablast / plasma cell,IgM+ B cell,,,3.59739069903126e-06,6.38683053750637e-06,aih_only,0,2,0,2,,4.99211061826882e-06,,,3.59739069903126e-06,6.38683053750637e-06,,FALSE,FALSE,FALSE,FALSE,
CD80,IgG+ plasmablast / plasma cell,Macrophage 1,,,4.52025381776438e-06,6.27028442260099e-06,aih_only,0,2,0,2,,5.39526912018268e-06,,,4.52025381776438e-06,6.27028442260099e-06,,FALSE,FALSE,FALSE,FALSE,
CD80,IgG+ plasmablast / plasma cell,Macrophage 2,,,3.48552032812457e-06,5.71989546808236e-06,aih_only,0,2,0,2,,4.60270789810347e-06,,,3.48552032812457e-06,5.71989546808236e-06,,FALSE,FALSE,FALSE,FALSE,
CD80,IgG+ plasmablast / plasma cell,Sinusoidal endothelial cell,,,3.04623568185652e-06,2.64746581011057e-06,aih_only,0,2,0,2,,2.84685074598354e-06,,,2.64746581011057e-06,3.04623568185652e-06,,FALSE,FALSE,FALSE,FALSE,
CD80,IgG+ plasmablast / plasma cell,Stellate cell,,,1.95066045434817e-06,3.29526938938048e-06,aih_only,0,2,0,2,,2.62296492186433e-06,,,1.95066045434817e-06,3.29526938938048e-06,,FALSE,FALSE,FALSE,FALSE,
CD80,IgG+ plasmablast / plasma cell,Vascular endothelial cell,,,2.45014890233452e-06,4.27033292876852e-06,aih_only,0,2,0,2,,3.36024091555152e-06,,,2.45014890233452e-06,4.27033292876852e-06,,FALSE,FALSE,FALSE,FALSE,
CD80,IgM+ B cell,CD4+ T cell,,,7.12789680181548e-05,0.000141910583380399,aih_only,0,2,0,2,,0.000106594775699277,,,7.12789680181548e-05,0.000141910583380399,,FALSE,FALSE,FALSE,FALSE,
CD80,IgM+ B cell,CD8+ T cell 1,,,1.58783923544555e-05,1.94243123220719e-05,aih_only,0,2,0,2,,1.76513523382637e-05,,,1.58783923544555e-05,1.94243123220719e-05,,FALSE,FALSE,FALSE,FALSE,
CD80,IgM+ B cell,CD8+ T cell 2,,,8.37073923745228e-06,1.58915854080416e-05,aih_only,0,2,0,2,,1.2131162322747e-05,,,8.37073923745228e-06,1.58915854080416e-05,,FALSE,FALSE,FALSE,FALSE,
CD80,IgM+ B cell,CD8+ T cell 3,,,1.78318579245979e-05,2.44917725651125e-05,aih_only,0,2,0,2,,2.11618152448552e-05,,,1.78318579245979e-05,2.44917725651125e-05,,FALSE,FALSE,FALSE,FALSE,
CD80,IgM+ B cell,Cholangiocyte,,,1.03986697306449e-05,1.74381839016934e-05,aih_only,0,2,0,2,,1.39184268161691e-05,,,1.03986697306449e-05,1.74381839016934e-05,,FALSE,FALSE,FALSE,FALSE,
CD80,IgM+ B cell,Hepatocyte 1,,,2.05182020873099e-06,3.3109195226036e-06,aih_only,0,2,0,2,,2.68136986566729e-06,,,2.05182020873099e-06,3.3109195226036e-06,,FALSE,FALSE,FALSE,FALSE,
CD80,IgM+ B cell,Hepatocyte 2,,,1.17536956488081e-06,1.41838122466359e-06,aih_only,0,2,0,2,,1.2968753947722e-06,,,1.17536956488081e-06,1.41838122466359e-06,,FALSE,FALSE,FALSE,FALSE,
CD80,IgM+ B cell,Hepatocyte 3,,,2.11883656047308e-06,1.9015433431062e-06,aih_only,0,2,0,2,,2.01018995178964e-06,,,1.9015433431062e-06,2.11883656047308e-06,,FALSE,FALSE,FALSE,FALSE,
CD80,IgM+ B cell,Hepatocyte 4,,,2.25771319284518e-06,2.63130957374104e-06,aih_only,0,2,0,2,,2.44451138329311e-06,,,2.25771319284518e-06,2.63130957374104e-06,,FALSE,FALSE,FALSE,FALSE,
CD80,IgM+ B cell,Ig+ hepatocyte,,,5.78449330522804e-06,1.64887002389129e-06,aih_only,0,2,0,2,,3.71668166455967e-06,,,1.64887002389129e-06,5.78449330522804e-06,,FALSE,FALSE,FALSE,FALSE,
CD80,IgM+ B cell,IgG+ B cell,,,5.10404707163014e-06,1.03066779423991e-05,aih_only,0,2,0,2,,7.70536250701462e-06,,,5.10404707163014e-06,1.03066779423991e-05,,FALSE,FALSE,FALSE,FALSE,
CD80,IgM+ B cell,IgG+ plasmablast / plasma cell,,,1.11431205671185e-05,1.65178622741672e-05,aih_only,0,2,0,2,,1.38304914206429e-05,,,1.11431205671185e-05,1.65178622741672e-05,,FALSE,FALSE,FALSE,FALSE,
CD80,IgM+ B cell,IgM+ B cell,,,3.77455124958301e-05,0.000167529678574512,aih_only,0,2,0,2,,0.000102637595535171,,,3.77455124958301e-05,0.000167529678574512,,FALSE,FALSE,FALSE,FALSE,
CD80,IgM+ B cell,Macrophage 1,,,1.24689727636261e-05,1.30353220373842e-05,aih_only,0,2,0,2,,1.27521474005051e-05,,,1.24689727636261e-05,1.30353220373842e-05,,FALSE,FALSE,FALSE,FALSE,
CD80,IgM+ B cell,Macrophage 2,,,1.10479149159433e-05,1.39982264610327e-05,aih_only,0,2,0,2,,1.2523070688488e-05,,,1.10479149159433e-05,1.39982264610327e-05,,FALSE,FALSE,FALSE,FALSE,
CD80,IgM+ B cell,Sinusoidal endothelial cell,,,6.38843244140044e-06,5.50525199445214e-06,aih_only,0,2,0,2,,5.94684221792629e-06,,,5.50525199445214e-06,6.38843244140044e-06,,FALSE,FALSE,FALSE,FALSE,
CD80,IgM+ B cell,Stellate cell,,,7.55509467162576e-06,1.28081845075753e-05,aih_only,0,2,0,2,,1.01816395896005e-05,,,7.55509467162576e-06,1.28081845075753e-05,,FALSE,FALSE,FALSE,FALSE,
CD80,IgM+ B cell,Vascular endothelial cell,,,1.00165893017071e-05,1.36127646177521e-05,aih_only,0,2,0,2,,1.18146769597296e-05,,,1.00165893017071e-05,1.36127646177521e-05,,FALSE,FALSE,FALSE,FALSE,
CD80,Macrophage 1,CD4+ T cell,,,8.65476493854187e-05,0.000128307814991175,aih_only,0,2,0,2,,0.000107427732188297,,,8.65476493854187e-05,0.000128307814991175,,FALSE,FALSE,FALSE,FALSE,
CD80,Macrophage 1,CD8+ T cell 1,,,7.91412989303362e-05,0.000109016309257734,aih_only,0,2,0,2,,9.40788040940349e-05,,,7.91412989303362e-05,0.000109016309257734,,FALSE,FALSE,FALSE,FALSE,
CD80,Macrophage 1,CD8+ T cell 2,,,0.000132009772324466,0.000131998727202045,aih_only,0,2,0,2,,0.000132004249763255,,,0.000131998727202045,0.000132009772324466,,FALSE,FALSE,FALSE,FALSE,
CD80,Macrophage 1,CD8+ T cell 3,,,8.37137881001611e-05,0.000129283562876056,aih_only,0,2,0,2,,0.000106498675488108,,,8.37137881001611e-05,0.000129283562876056,,FALSE,FALSE,FALSE,FALSE,
CD80,Macrophage 1,Cholangiocyte,,,1.34358092109266e-05,1.86989007625061e-05,aih_only,0,2,0,2,,1.60673549867164e-05,,,1.34358092109266e-05,1.86989007625061e-05,,FALSE,FALSE,FALSE,FALSE,
CD80,Macrophage 1,Hepatocyte 1,,,3.42042685357203e-05,3.38972058903908e-05,aih_only,0,2,0,2,,3.40507372130556e-05,,,3.38972058903908e-05,3.42042685357203e-05,,FALSE,FALSE,FALSE,FALSE,
CD80,Macrophage 1,Hepatocyte 2,,,1.73533900186665e-05,1.54371937292744e-05,aih_only,0,2,0,2,,1.63952918739705e-05,,,1.54371937292744e-05,1.73533900186665e-05,,FALSE,FALSE,FALSE,FALSE,
CD80,Macrophage 1,Hepatocyte 3,,,1.33834208184931e-05,2.03481164786814e-05,aih_only,0,2,0,2,,1.68657686485872e-05,,,1.33834208184931e-05,2.03481164786814e-05,,FALSE,FALSE,FALSE,FALSE,
CD80,Macrophage 1,Hepatocyte 4,,,3.75528045408164e-05,3.21315245579507e-05,aih_only,0,2,0,2,,3.48421645493836e-05,,,3.21315245579507e-05,3.75528045408164e-05,,FALSE,FALSE,FALSE,FALSE,
CD80,Macrophage 1,Ig+ hepatocyte,,,2.33050156992328e-05,1.87723356472811e-05,aih_only,0,2,0,2,,2.10386756732569e-05,,,1.87723356472811e-05,2.33050156992328e-05,,FALSE,FALSE,FALSE,FALSE,
CD80,Macrophage 1,IgG+ B cell,,,1.16536053222546e-05,1.11015857037785e-05,aih_only,0,2,0,2,,1.13775955130166e-05,,,1.11015857037785e-05,1.16536053222546e-05,,FALSE,FALSE,FALSE,FALSE,
CD80,Macrophage 1,IgG+ plasmablast / plasma cell,,,2.47367250770189e-05,2.7041787540144e-05,aih_only,0,2,0,2,,2.58892563085814e-05,,,2.47367250770189e-05,2.7041787540144e-05,,FALSE,FALSE,FALSE,FALSE,
CD80,Macrophage 1,IgM+ B cell,,,1.62177806563676e-05,2.42270792647488e-05,aih_only,0,2,0,2,,2.02224299605582e-05,,,1.62177806563676e-05,2.42270792647488e-05,,FALSE,FALSE,FALSE,FALSE,
CD80,Macrophage 1,Macrophage 1,,,8.40851035376267e-05,0.000105402702675697,aih_only,0,2,0,2,,9.47439031066619e-05,,,8.40851035376267e-05,0.000105402702675697,,FALSE,FALSE,FALSE,FALSE,
CD80,Macrophage 1,Macrophage 2,,,1.75730484420561e-05,3.17942775247856e-05,aih_only,0,2,0,2,,2.46836629834209e-05,,,1.75730484420561e-05,3.17942775247856e-05,,FALSE,FALSE,FALSE,FALSE,
CD80,Macrophage 1,Sinusoidal endothelial cell,,,6.39285456986555e-05,5.12056867568426e-05,aih_only,0,2,0,2,,5.75671162277491e-05,,,5.12056867568426e-05,6.39285456986555e-05,,FALSE,FALSE,FALSE,FALSE,
CD80,Macrophage 1,Stellate cell,,,1.86830897242969e-05,2.53081184116298e-05,aih_only,0,2,0,2,,2.19956040679633e-05,,,1.86830897242969e-05,2.53081184116298e-05,,FALSE,FALSE,FALSE,FALSE,
CD80,Macrophage 1,Vascular endothelial cell,,,1.31256431590605e-05,1.29469229806674e-05,aih_only,0,2,0,2,,1.30362830698639e-05,,,1.29469229806674e-05,1.31256431590605e-05,,FALSE,FALSE,FALSE,FALSE,
CD80,Macrophage 2,CD4+ T cell,,,2.32345390130224e-05,4.94085577587094e-05,aih_only,0,2,0,2,,3.63215483858659e-05,,,2.32345390130224e-05,4.94085577587094e-05,,FALSE,FALSE,FALSE,FALSE,
CD80,Macrophage 2,CD8+ T cell 1,,,9.91294618668625e-06,2.37398799433691e-05,aih_only,0,2,0,2,,1.68264130650277e-05,,,9.91294618668625e-06,2.37398799433691e-05,,FALSE,FALSE,FALSE,FALSE,
CD80,Macrophage 2,CD8+ T cell 2,,,8.44968173718809e-06,2.65401078094986e-05,aih_only,0,2,0,2,,1.74948947733433e-05,,,8.44968173718809e-06,2.65401078094986e-05,,FALSE,FALSE,FALSE,FALSE,
CD80,Macrophage 2,CD8+ T cell 3,,,8.39242504189716e-06,2.90831534719727e-05,aih_only,0,2,0,2,,1.8737789256935e-05,,,8.39242504189716e-06,2.90831534719727e-05,,FALSE,FALSE,FALSE,FALSE,
CD80,Macrophage 2,Cholangiocyte,,,5.60328537671671e-06,8.58634363015529e-06,aih_only,0,2,0,2,,7.094814503436e-06,,,5.60328537671671e-06,8.58634363015529e-06,,FALSE,FALSE,FALSE,FALSE,
CD80,Macrophage 2,Hepatocyte 1,,,1.77331950868047e-06,6.00501217347039e-06,aih_only,0,2,0,2,,3.88916584107543e-06,,,1.77331950868047e-06,6.00501217347039e-06,,FALSE,FALSE,FALSE,FALSE,
CD80,Macrophage 2,Hepatocyte 2,,,1.53109663290047e-06,3.25444168030466e-06,aih_only,0,2,0,2,,2.39276915660257e-06,,,1.53109663290047e-06,3.25444168030466e-06,,FALSE,FALSE,FALSE,FALSE,
CD80,Macrophage 2,Hepatocyte 3,,,1.94776273130107e-06,4.5456376260034e-06,aih_only,0,2,0,2,,3.24670017865223e-06,,,1.94776273130107e-06,4.5456376260034e-06,,FALSE,FALSE,FALSE,FALSE,
CD80,Macrophage 2,Hepatocyte 4,,,1.61811822756975e-06,6.69820400213288e-06,aih_only,0,2,0,2,,4.15816111485131e-06,,,1.61811822756975e-06,6.69820400213288e-06,,FALSE,FALSE,FALSE,FALSE,
CD80,Macrophage 2,Ig+ hepatocyte,,,4.47691429603164e-06,5.03442777246309e-06,aih_only,0,2,0,2,,4.75567103424736e-06,,,4.47691429603164e-06,5.03442777246309e-06,,FALSE,FALSE,FALSE,FALSE,
CD80,Macrophage 2,IgG+ B cell,,,3.96224866413425e-06,7.22135405006441e-06,aih_only,0,2,0,2,,5.59180135709933e-06,,,3.96224866413425e-06,7.22135405006441e-06,,FALSE,FALSE,FALSE,FALSE,
CD80,Macrophage 2,IgG+ plasmablast / plasma cell,,,5.739210345518e-06,1.26439566867813e-05,aih_only,0,2,0,2,,9.19158351614966e-06,,,5.739210345518e-06,1.26439566867813e-05,,FALSE,FALSE,FALSE,FALSE,
CD80,Macrophage 2,IgM+ B cell,,,5.25753682624319e-06,1.45689369006296e-05,aih_only,0,2,0,2,,9.91323686343642e-06,,,5.25753682624319e-06,1.45689369006296e-05,,FALSE,FALSE,FALSE,FALSE,
CD80,Macrophage 2,Macrophage 1,,,7.5403896089988e-06,1.66043173063762e-05,aih_only,0,2,0,2,,1.20723534576875e-05,,,7.5403896089988e-06,1.66043173063762e-05,,FALSE,FALSE,FALSE,FALSE,
CD80,Macrophage 2,Macrophage 2,,,6.01162349136685e-06,1.55278702905171e-05,aih_only,0,2,0,2,,1.0769746890942e-05,,,6.01162349136685e-06,1.55278702905171e-05,,FALSE,FALSE,FALSE,FALSE,
CD80,Macrophage 2,Sinusoidal endothelial cell,,,7.28016937991398e-06,1.02254269814227e-05,aih_only,0,2,0,2,,8.75279818066835e-06,,,7.28016937991398e-06,1.02254269814227e-05,,FALSE,FALSE,FALSE,FALSE,
CD80,Macrophage 2,Stellate cell,,,4.24667493297316e-06,8.82939853348757e-06,aih_only,0,2,0,2,,6.53803673323037e-06,,,4.24667493297316e-06,8.82939853348757e-06,,FALSE,FALSE,FALSE,FALSE,
CD80,Macrophage 2,Vascular endothelial cell,,,4.64735466865954e-06,7.34389184209901e-06,aih_only,0,2,0,2,,5.99562325537927e-06,,,4.64735466865954e-06,7.34389184209901e-06,,FALSE,FALSE,FALSE,FALSE,
CD80,Sinusoidal endothelial cell,CD4+ T cell,,,1.08642880522439e-05,1.77710155195062e-05,aih_only,0,2,0,2,,1.4317651785875e-05,,,1.08642880522439e-05,1.77710155195062e-05,,FALSE,FALSE,FALSE,FALSE,
CD80,Sinusoidal endothelial cell,CD8+ T cell 1,,,1.28378646048264e-05,1.66321442100464e-05,aih_only,0,2,0,2,,1.47350044074364e-05,,,1.28378646048264e-05,1.66321442100464e-05,,FALSE,FALSE,FALSE,FALSE,
CD80,Sinusoidal endothelial cell,CD8+ T cell 2,,,1.64796630380112e-05,2.10230124573658e-05,aih_only,0,2,0,2,,1.87513377476885e-05,,,1.64796630380112e-05,2.10230124573658e-05,,FALSE,FALSE,FALSE,FALSE,
CD80,Sinusoidal endothelial cell,CD8+ T cell 3,,,1.19936486501062e-05,2.26343109181296e-05,aih_only,0,2,0,2,,1.73139797841179e-05,,,1.19936486501062e-05,2.26343109181296e-05,,FALSE,FALSE,FALSE,FALSE,
CD80,Sinusoidal endothelial cell,Cholangiocyte,,,1.94882688408506e-06,3.01392214802569e-06,aih_only,0,2,0,2,,2.48137451605538e-06,,,1.94882688408506e-06,3.01392214802569e-06,,FALSE,FALSE,FALSE,FALSE,
CD80,Sinusoidal endothelial cell,Hepatocyte 1,,,4.65889437049716e-06,5.32114594861324e-06,aih_only,0,2,0,2,,4.9900201595552e-06,,,4.65889437049716e-06,5.32114594861324e-06,,FALSE,FALSE,FALSE,FALSE,
CD80,Sinusoidal endothelial cell,Hepatocyte 2,,,1.89464668973806e-06,2.70597049701896e-06,aih_only,0,2,0,2,,2.30030859337851e-06,,,1.89464668973806e-06,2.70597049701896e-06,,FALSE,FALSE,FALSE,FALSE,
CD80,Sinusoidal endothelial cell,Hepatocyte 3,,,1.8724468781492e-06,3.77470295994497e-06,aih_only,0,2,0,2,,2.82357491904708e-06,,,1.8724468781492e-06,3.77470295994497e-06,,FALSE,FALSE,FALSE,FALSE,
CD80,Sinusoidal endothelial cell,Hepatocyte 4,,,2.50874665413216e-06,4.84170225038492e-06,aih_only,0,2,0,2,,3.67522445225854e-06,,,2.50874665413216e-06,4.84170225038492e-06,,FALSE,FALSE,FALSE,FALSE,
CD80,Sinusoidal endothelial cell,Ig+ hepatocyte,,,4.09800977612403e-06,2.93999225176266e-06,aih_only,0,2,0,2,,3.51900101394334e-06,,,2.93999225176266e-06,4.09800977612403e-06,,FALSE,FALSE,FALSE,FALSE,
CD80,Sinusoidal endothelial cell,IgG+ B cell,,,2.07157373616864e-06,1.75169689732397e-06,aih_only,0,2,0,2,,1.91163531674631e-06,,,1.75169689732397e-06,2.07157373616864e-06,,FALSE,FALSE,FALSE,FALSE,
CD80,Sinusoidal endothelial cell,IgG+ plasmablast / plasma cell,,,3.98808777543344e-06,3.19084784504115e-06,aih_only,0,2,0,2,,3.58946781023729e-06,,,3.19084784504115e-06,3.98808777543344e-06,,FALSE,FALSE,FALSE,FALSE,
CD80,Sinusoidal endothelial cell,IgM+ B cell,,,1.40627304089271e-06,2.96439086610608e-06,aih_only,0,2,0,2,,2.1853319534994e-06,,,1.40627304089271e-06,2.96439086610608e-06,,FALSE,FALSE,FALSE,FALSE,
CD80,Sinusoidal endothelial cell,Macrophage 1,,,9.52039018989329e-06,1.31481172448427e-05,aih_only,0,2,0,2,,1.1334253717368e-05,,,9.52039018989329e-06,1.31481172448427e-05,,FALSE,FALSE,FALSE,FALSE,
CD80,Sinusoidal endothelial cell,Macrophage 2,,,2.72843882962823e-06,4.58684455233086e-06,aih_only,0,2,0,2,,3.65764169097954e-06,,,2.72843882962823e-06,4.58684455233086e-06,,FALSE,FALSE,FALSE,FALSE,
CD80,Sinusoidal endothelial cell,Sinusoidal endothelial cell,,,2.66322414394136e-05,1.55167764249264e-05,aih_only,0,2,0,2,,2.107450893217e-05,,,1.55167764249264e-05,2.66322414394136e-05,,FALSE,FALSE,FALSE,FALSE,
CD80,Sinusoidal endothelial cell,Stellate cell,,,3.55816880646288e-06,3.89496227535158e-06,aih_only,0,2,0,2,,3.72656554090723e-06,,,3.55816880646288e-06,3.89496227535158e-06,,FALSE,FALSE,FALSE,FALSE,
CD80,Sinusoidal endothelial cell,Vascular endothelial cell,,,1.31258574222613e-06,2.05961706760157e-06,aih_only,0,2,0,2,,1.68610140491385e-06,,,1.31258574222613e-06,2.05961706760157e-06,,FALSE,FALSE,FALSE,FALSE,
CD80,Stellate cell,CD4+ T cell,,,1.59895187290777e-05,2.08372251546357e-05,aih_only,0,2,0,2,,1.84133719418567e-05,,,1.59895187290777e-05,2.08372251546357e-05,,FALSE,FALSE,FALSE,FALSE,
CD80,Stellate cell,CD8+ T cell 1,,,8.1954324192502e-06,1.03382310959501e-05,aih_only,0,2,0,2,,9.26683175760017e-06,,,8.1954324192502e-06,1.03382310959501e-05,,FALSE,FALSE,FALSE,FALSE,
CD80,Stellate cell,CD8+ T cell 2,,,6.50014984148591e-06,1.19886834424167e-05,aih_only,0,2,0,2,,9.24441664195133e-06,,,6.50014984148591e-06,1.19886834424167e-05,,FALSE,FALSE,FALSE,FALSE,
CD80,Stellate cell,CD8+ T cell 3,,,7.61983004221184e-06,1.23040987067633e-05,aih_only,0,2,0,2,,9.96196437448758e-06,,,7.61983004221184e-06,1.23040987067633e-05,,FALSE,FALSE,FALSE,FALSE,
CD80,Stellate cell,Cholangiocyte,,,2.80940221636706e-06,4.26247448584657e-06,aih_only,0,2,0,2,,3.53593835110682e-06,,,2.80940221636706e-06,4.26247448584657e-06,,FALSE,FALSE,FALSE,FALSE,
CD80,Stellate cell,Hepatocyte 1,,,1.64947686463766e-06,3.00782131623118e-06,aih_only,0,2,0,2,,2.32864909043442e-06,,,1.64947686463766e-06,3.00782131623118e-06,,FALSE,FALSE,FALSE,FALSE,
CD80,Stellate cell,Hepatocyte 2,,,9.57603800564675e-07,1.43792452471127e-06,aih_only,0,2,0,2,,1.19776416263797e-06,,,9.57603800564675e-07,1.43792452471127e-06,,FALSE,FALSE,FALSE,FALSE,
CD80,Stellate cell,Hepatocyte 3,,,5.56205090763712e-07,2.49342918489216e-06,aih_only,0,2,0,2,,1.52481713782794e-06,,,5.56205090763712e-07,2.49342918489216e-06,,FALSE,FALSE,FALSE,FALSE,
CD80,Stellate cell,Hepatocyte 4,,,2.18767969369001e-06,2.61536433448478e-06,aih_only,0,2,0,2,,2.4015220140874e-06,,,2.18767969369001e-06,2.61536433448478e-06,,FALSE,FALSE,FALSE,FALSE,
CD80,Stellate cell,Ig+ hepatocyte,,,1.41705400021327e-06,2.45297301177281e-06,aih_only,0,2,0,2,,1.93501350599304e-06,,,1.41705400021327e-06,2.45297301177281e-06,,FALSE,FALSE,FALSE,FALSE,
CD80,Stellate cell,IgG+ B cell,,,2.14146960986814e-06,4.88638549245006e-06,aih_only,0,2,0,2,,3.5139275511591e-06,,,2.14146960986814e-06,4.88638549245006e-06,,FALSE,FALSE,FALSE,FALSE,
CD80,Stellate cell,IgG+ plasmablast / plasma cell,,,3.82024232979289e-06,5.287410362832e-06,aih_only,0,2,0,2,,4.55382634631245e-06,,,3.82024232979289e-06,5.287410362832e-06,,FALSE,FALSE,FALSE,FALSE,
CD80,Stellate cell,IgM+ B cell,,,3.98719156479329e-06,8.57170565868364e-06,aih_only,0,2,0,2,,6.27944861173847e-06,,,3.98719156479329e-06,8.57170565868364e-06,,FALSE,FALSE,FALSE,FALSE,
CD80,Stellate cell,Macrophage 1,,,6.72340546495433e-06,7.43353164747464e-06,aih_only,0,2,0,2,,7.07846855621448e-06,,,6.72340546495433e-06,7.43353164747464e-06,,FALSE,FALSE,FALSE,FALSE,
CD80,Stellate cell,Macrophage 2,,,2.96483671806891e-06,5.08912799906721e-06,aih_only,0,2,0,2,,4.02698235856806e-06,,,2.96483671806891e-06,5.08912799906721e-06,,FALSE,FALSE,FALSE,FALSE,
CD80,Stellate cell,Sinusoidal endothelial cell,,,8.48364054498026e-06,4.57974891418271e-06,aih_only,0,2,0,2,,6.53169472958148e-06,,,4.57974891418271e-06,8.48364054498026e-06,,FALSE,FALSE,FALSE,FALSE,
CD80,Stellate cell,Stellate cell,,,4.62104280228934e-06,6.02652475252124e-06,aih_only,0,2,0,2,,5.32378377740529e-06,,,4.62104280228934e-06,6.02652475252124e-06,,FALSE,FALSE,FALSE,FALSE,
CD80,Stellate cell,Vascular endothelial cell,,,2.81939276261375e-06,3.92602857991945e-06,aih_only,0,2,0,2,,3.3727106712666e-06,,,2.81939276261375e-06,3.92602857991945e-06,,FALSE,FALSE,FALSE,FALSE,
CD80,Vascular endothelial cell,CD4+ T cell,,,2.88973273593717e-05,1.86106006021957e-05,aih_only,0,2,0,2,,2.37539639807837e-05,,,1.86106006021957e-05,2.88973273593717e-05,,FALSE,FALSE,FALSE,FALSE,
CD80,Vascular endothelial cell,CD8+ T cell 1,,,6.31163839363096e-06,4.04869161096423e-06,aih_only,0,2,0,2,,5.18016500229759e-06,,,4.04869161096423e-06,6.31163839363096e-06,,FALSE,FALSE,FALSE,FALSE,
CD80,Vascular endothelial cell,CD8+ T cell 2,,,1.61845701999286e-06,2.12397835062731e-06,aih_only,0,2,0,2,,1.87121768531009e-06,,,1.61845701999286e-06,2.12397835062731e-06,,FALSE,FALSE,FALSE,FALSE,
CD80,Vascular endothelial cell,CD8+ T cell 3,,,7.32963076097017e-06,4.15290349974423e-06,aih_only,0,2,0,2,,5.7412671303572e-06,,,4.15290349974423e-06,7.32963076097017e-06,,FALSE,FALSE,FALSE,FALSE,
CD80,Vascular endothelial cell,Cholangiocyte,,,4.23194432942474e-06,2.44289982222742e-06,aih_only,0,2,0,2,,3.33742207582608e-06,,,2.44289982222742e-06,4.23194432942474e-06,,FALSE,FALSE,FALSE,FALSE,
CD80,Vascular endothelial cell,Hepatocyte 1,,,6.20074967504815e-07,6.0112926895981e-07,aih_only,0,2,0,2,,6.10602118232312e-07,,,6.0112926895981e-07,6.20074967504815e-07,,FALSE,FALSE,FALSE,FALSE,
CD80,Vascular endothelial cell,Hepatocyte 2,,,6.99807032504734e-07,1.51782706662112e-07,aih_only,0,2,0,2,,4.25794869583423e-07,,,1.51782706662112e-07,6.99807032504734e-07,,FALSE,FALSE,FALSE,FALSE,
CD80,Vascular endothelial cell,Hepatocyte 3,,,8.92381366776382e-07,7.94463743548366e-07,aih_only,0,2,0,2,,8.43422555162374e-07,,,7.94463743548366e-07,8.92381366776382e-07,,FALSE,FALSE,FALSE,FALSE,
CD80,Vascular endothelial cell,Hepatocyte 4,,,1.0276529701615e-07,5.03871180078249e-07,aih_only,0,2,0,2,,3.03318238547199e-07,,,1.0276529701615e-07,5.03871180078249e-07,,FALSE,FALSE,FALSE,FALSE,
CD80,Vascular endothelial cell,Ig+ hepatocyte,,,2.41448513282921e-07,2.99376778336524e-07,aih_only,0,2,0,2,,2.70412645809722e-07,,,2.41448513282921e-07,2.99376778336524e-07,,FALSE,FALSE,FALSE,FALSE,
CD80,Vascular endothelial cell,IgG+ B cell,,,3.27748029842976e-06,3.69602124332398e-06,aih_only,0,2,0,2,,3.48675077087687e-06,,,3.27748029842976e-06,3.69602124332398e-06,,FALSE,FALSE,FALSE,FALSE,
CD80,Vascular endothelial cell,IgG+ plasmablast / plasma cell,,,5.47096918560747e-06,3.44967851205732e-06,aih_only,0,2,0,2,,4.4603238488324e-06,,,3.44967851205732e-06,5.47096918560747e-06,,FALSE,FALSE,FALSE,FALSE,
CD80,Vascular endothelial cell,IgM+ B cell,,,8.67730101516118e-06,8.20406751713402e-06,aih_only,0,2,0,2,,8.4406842661476e-06,,,8.20406751713402e-06,8.67730101516118e-06,,FALSE,FALSE,FALSE,FALSE,
CD80,Vascular endothelial cell,Macrophage 1,,,4.1562875582093e-06,1.96915394025544e-06,aih_only,0,2,0,2,,3.06272074923237e-06,,,1.96915394025544e-06,4.1562875582093e-06,,FALSE,FALSE,FALSE,FALSE,
CD80,Vascular endothelial cell,Macrophage 2,,,4.24728475479472e-06,2.47746309555399e-06,aih_only,0,2,0,2,,3.36237392517435e-06,,,2.47746309555399e-06,4.24728475479472e-06,,FALSE,FALSE,FALSE,FALSE,
CD80,Vascular endothelial cell,Sinusoidal endothelial cell,,,9.52611372110546e-07,2.72201212468519e-06,aih_only,0,2,0,2,,1.83731174839787e-06,,,9.52611372110546e-07,2.72201212468519e-06,,FALSE,FALSE,FALSE,FALSE,
CD80,Vascular endothelial cell,Stellate cell,,,4.08340484172406e-06,2.70133913245676e-06,aih_only,0,2,0,2,,3.39237198709041e-06,,,2.70133913245676e-06,4.08340484172406e-06,,FALSE,FALSE,FALSE,FALSE,
CD80,Vascular endothelial cell,Vascular endothelial cell,,,1.43048833835613e-05,3.71542793687491e-06,aih_only,0,2,0,2,,9.0101556602181e-06,,,3.71542793687491e-06,1.43048833835613e-05,,FALSE,FALSE,FALSE,FALSE,
CD86,CD4+ T cell,CD4+ T cell,,,9.58033359022979e-05,0.00013099251090059,aih_only,0,2,0,2,,0.000113397923401444,,,9.58033359022979e-05,0.00013099251090059,,FALSE,FALSE,FALSE,FALSE,
CD86,CD4+ T cell,CD8+ T cell 1,,,1.71673077736319e-05,2.15634218670705e-05,aih_only,0,2,0,2,,1.93653648203512e-05,,,1.71673077736319e-05,2.15634218670705e-05,,FALSE,FALSE,FALSE,FALSE,
CD86,CD4+ T cell,CD8+ T cell 2,,,9.218955951025e-06,1.51180507866593e-05,aih_only,0,2,0,2,,1.21685033688421e-05,,,9.218955951025e-06,1.51180507866593e-05,,FALSE,FALSE,FALSE,FALSE,
CD86,CD4+ T cell,CD8+ T cell 3,,,1.89863546899986e-05,2.41879935596841e-05,aih_only,0,2,0,2,,2.15871741248413e-05,,,1.89863546899986e-05,2.41879935596841e-05,,FALSE,FALSE,FALSE,FALSE,
CD86,CD4+ T cell,Cholangiocyte,,,4.47125297636736e-06,5.90214318985133e-06,aih_only,0,2,0,2,,5.18669808310934e-06,,,4.47125297636736e-06,5.90214318985133e-06,,FALSE,FALSE,FALSE,FALSE,
CD86,CD4+ T cell,Hepatocyte 1,,,8.53362918016767e-07,1.36469379876448e-06,aih_only,0,2,0,2,,1.10902835839062e-06,,,8.53362918016767e-07,1.36469379876448e-06,,FALSE,FALSE,FALSE,FALSE,
CD86,CD4+ T cell,Hepatocyte 2,,,6.77223072658311e-07,6.526989793604e-07,aih_only,0,2,0,2,,6.64961026009356e-07,,,6.526989793604e-07,6.77223072658311e-07,,FALSE,FALSE,FALSE,FALSE,
CD86,CD4+ T cell,Hepatocyte 3,,,1.81909895057493e-06,1.5630894078118e-06,aih_only,0,2,0,2,,1.69109417919336e-06,,,1.5630894078118e-06,1.81909895057493e-06,,FALSE,FALSE,FALSE,FALSE,
CD86,CD4+ T cell,Hepatocyte 4,,,8.74936406959675e-07,1.10201969231412e-06,aih_only,0,2,0,2,,9.88478049636899e-07,,,8.74936406959675e-07,1.10201969231412e-06,,FALSE,FALSE,FALSE,FALSE,
CD86,CD4+ T cell,Ig+ hepatocyte,,,3.74347440008885e-06,3.10655580362623e-06,aih_only,0,2,0,2,,3.42501510185754e-06,,,3.10655580362623e-06,3.74347440008885e-06,,FALSE,FALSE,FALSE,FALSE,
CD86,CD4+ T cell,IgG+ B cell,,,4.77256439131023e-06,6.88896448042574e-06,aih_only,0,2,0,2,,5.83076443586799e-06,,,4.77256439131023e-06,6.88896448042574e-06,,FALSE,FALSE,FALSE,FALSE,
CD86,CD4+ T cell,IgG+ plasmablast / plasma cell,,,8.17958907569882e-06,1.28502441285387e-05,aih_only,0,2,0,2,,1.05149166021188e-05,,,8.17958907569882e-06,1.28502441285387e-05,,FALSE,FALSE,FALSE,FALSE,
CD86,CD4+ T cell,IgM+ B cell,,,2.09744289683458e-05,5.22238518504027e-05,aih_only,0,2,0,2,,3.65991404093743e-05,,,2.09744289683458e-05,5.22238518504027e-05,,FALSE,FALSE,FALSE,FALSE,
CD86,CD4+ T cell,Macrophage 1,,,4.40124822056837e-06,4.12797171697616e-06,aih_only,0,2,0,2,,4.26460996877226e-06,,,4.12797171697616e-06,4.40124822056837e-06,,FALSE,FALSE,FALSE,FALSE,
CD86,CD4+ T cell,Macrophage 2,,,4.7395184157762e-06,5.94613731637384e-06,aih_only,0,2,0,2,,5.34282786607502e-06,,,4.7395184157762e-06,5.94613731637384e-06,,FALSE,FALSE,FALSE,FALSE,
CD86,CD4+ T cell,Sinusoidal endothelial cell,,,1.55108413103799e-06,1.93887510688455e-06,aih_only,0,2,0,2,,1.74497961896127e-06,,,1.55108413103799e-06,1.93887510688455e-06,,FALSE,FALSE,FALSE,FALSE,
CD86,CD4+ T cell,Stellate cell,,,5.45430345132112e-06,7.24580036126365e-06,aih_only,0,2,0,2,,6.35005190629238e-06,,,5.45430345132112e-06,7.24580036126365e-06,,FALSE,FALSE,FALSE,FALSE,
CD86,CD4+ T cell,Vascular endothelial cell,,,6.6144010952545e-06,7.59288907212002e-06,aih_only,0,2,0,2,,7.10364508368726e-06,,,6.6144010952545e-06,7.59288907212002e-06,,FALSE,FALSE,FALSE,FALSE,
CD86,CD8+ T cell 1,CD4+ T cell,,,4.46422637035602e-05,5.37686154037026e-05,aih_only,0,2,0,2,,4.92054395536314e-05,,,4.46422637035602e-05,5.37686154037026e-05,,FALSE,FALSE,FALSE,FALSE,
CD86,CD8+ T cell 1,CD8+ T cell 1,,,3.45915865834699e-05,4.38371004284106e-05,aih_only,0,2,0,2,,3.92143435059403e-05,,,3.45915865834699e-05,4.38371004284106e-05,,FALSE,FALSE,FALSE,FALSE,
CD86,CD8+ T cell 1,CD8+ T cell 2,,,5.12547886054127e-05,4.24647772443636e-05,aih_only,0,2,0,2,,4.68597829248882e-05,,,4.24647772443636e-05,5.12547886054127e-05,,FALSE,FALSE,FALSE,FALSE,
CD86,CD8+ T cell 1,CD8+ T cell 3,,,3.01904208540308e-05,4.3329680250237e-05,aih_only,0,2,0,2,,3.67600505521339e-05,,,3.01904208540308e-05,4.3329680250237e-05,,FALSE,FALSE,FALSE,FALSE,
CD86,CD8+ T cell 1,Cholangiocyte,,,3.67961615355664e-06,4.22501708367959e-06,aih_only,0,2,0,2,,3.95231661861811e-06,,,3.67961615355664e-06,4.22501708367959e-06,,FALSE,FALSE,FALSE,FALSE,
CD86,CD8+ T cell 1,Hepatocyte 1,,,5.06867201687579e-06,3.85474940098369e-06,aih_only,0,2,0,2,,4.46171070892974e-06,,,3.85474940098369e-06,5.06867201687579e-06,,FALSE,FALSE,FALSE,FALSE,
CD86,CD8+ T cell 1,Hepatocyte 2,,,3.8439383462583e-06,1.93287426210049e-06,aih_only,0,2,0,2,,2.8884063041794e-06,,,1.93287426210049e-06,3.8439383462583e-06,,FALSE,FALSE,FALSE,FALSE,
CD86,CD8+ T cell 1,Hepatocyte 3,,,4.73355705102796e-06,4.9638965260798e-06,aih_only,0,2,0,2,,4.84872678855388e-06,,,4.73355705102796e-06,4.9638965260798e-06,,FALSE,FALSE,FALSE,FALSE,
CD86,CD8+ T cell 1,Hepatocyte 4,,,6.20648619368768e-06,4.0525427199676e-06,aih_only,0,2,0,2,,5.12951445682764e-06,,,4.0525427199676e-06,6.20648619368768e-06,,FALSE,FALSE,FALSE,FALSE,
CD86,CD8+ T cell 1,Ig+ hepatocyte,,,1.14256597908881e-05,5.17469369048995e-06,aih_only,0,2,0,2,,8.30017674068903e-06,,,5.17469369048995e-06,1.14256597908881e-05,,FALSE,FALSE,FALSE,FALSE,
CD86,CD8+ T cell 1,IgG+ B cell,,,3.96321813589565e-06,3.65504244820102e-06,aih_only,0,2,0,2,,3.80913029204834e-06,,,3.65504244820102e-06,3.96321813589565e-06,,FALSE,FALSE,FALSE,FALSE,
CD86,CD8+ T cell 1,IgG+ plasmablast / plasma cell,,,8.08979586202931e-06,8.23847000573142e-06,aih_only,0,2,0,2,,8.16413293388037e-06,,,8.08979586202931e-06,8.23847000573142e-06,,FALSE,FALSE,FALSE,FALSE,
CD86,CD8+ T cell 1,IgM+ B cell,,,6.67306642240719e-06,8.30803364402845e-06,aih_only,0,2,0,2,,7.49055003321782e-06,,,6.67306642240719e-06,8.30803364402845e-06,,FALSE,FALSE,FALSE,FALSE,
CD86,CD8+ T cell 1,Macrophage 1,,,8.59542096524261e-06,7.92421376131298e-06,aih_only,0,2,0,2,,8.2598173632778e-06,,,7.92421376131298e-06,8.59542096524261e-06,,FALSE,FALSE,FALSE,FALSE,
CD86,CD8+ T cell 1,Macrophage 2,,,3.62161683089914e-06,4.8497102969338e-06,aih_only,0,2,0,2,,4.23566356391647e-06,,,3.62161683089914e-06,4.8497102969338e-06,,FALSE,FALSE,FALSE,FALSE,
CD86,CD8+ T cell 1,Sinusoidal endothelial cell,,,5.7850444262109e-06,5.98179877836823e-06,aih_only,0,2,0,2,,5.88342160228956e-06,,,5.7850444262109e-06,5.98179877836823e-06,,FALSE,FALSE,FALSE,FALSE,
CD86,CD8+ T cell 1,Stellate cell,,,4.14966283594118e-06,5.00141446925357e-06,aih_only,0,2,0,2,,4.57553865259737e-06,,,4.14966283594118e-06,5.00141446925357e-06,,FALSE,FALSE,FALSE,FALSE,
CD86,CD8+ T cell 1,Vascular endothelial cell,,,2.50314093274997e-06,3.50733590730271e-06,aih_only,0,2,0,2,,3.00523842002634e-06,,,2.50314093274997e-06,3.50733590730271e-06,,FALSE,FALSE,FALSE,FALSE,
CD86,CD8+ T cell 2,CD4+ T cell,,,1.36111980403955e-05,2.36938781554063e-05,aih_only,0,2,0,2,,1.86525380979009e-05,,,1.36111980403955e-05,2.36938781554063e-05,,FALSE,FALSE,FALSE,FALSE,
CD86,CD8+ T cell 2,CD8+ T cell 1,,,1.83542697614216e-05,2.34863580203438e-05,aih_only,0,2,0,2,,2.09203138908827e-05,,,1.83542697614216e-05,2.34863580203438e-05,,FALSE,FALSE,FALSE,FALSE,
CD86,CD8+ T cell 2,CD8+ T cell 2,,,8.04393147889061e-05,6.20908430087199e-05,aih_only,0,2,0,2,,7.1265078898813e-05,,,6.20908430087199e-05,8.04393147889061e-05,,FALSE,FALSE,FALSE,FALSE,
CD86,CD8+ T cell 2,CD8+ T cell 3,,,2.51895171273082e-05,3.19117886091049e-05,aih_only,0,2,0,2,,2.85506528682065e-05,,,2.51895171273082e-05,3.19117886091049e-05,,FALSE,FALSE,FALSE,FALSE,
CD86,CD8+ T cell 2,Cholangiocyte,,,1.02135445209934e-06,1.92129240048034e-06,aih_only,0,2,0,2,,1.47132342628984e-06,,,1.02135445209934e-06,1.92129240048034e-06,,FALSE,FALSE,FALSE,FALSE,
CD86,CD8+ T cell 2,Hepatocyte 1,,,5.78533737532726e-06,2.94665664286023e-06,aih_only,0,2,0,2,,4.36599700909374e-06,,,2.94665664286023e-06,5.78533737532726e-06,,FALSE,FALSE,FALSE,FALSE,
CD86,CD8+ T cell 2,Hepatocyte 2,,,4.67165628247632e-06,1.72071457760188e-06,aih_only,0,2,0,2,,3.1961854300391e-06,,,1.72071457760188e-06,4.67165628247632e-06,,FALSE,FALSE,FALSE,FALSE,
CD86,CD8+ T cell 2,Hepatocyte 3,,,5.76915316103036e-06,4.73564186112419e-06,aih_only,0,2,0,2,,5.25239751107727e-06,,,4.73564186112419e-06,5.76915316103036e-06,,FALSE,FALSE,FALSE,FALSE,
CD86,CD8+ T cell 2,Hepatocyte 4,,,5.90516695957714e-06,3.41099096650507e-06,aih_only,0,2,0,2,,4.6580789630411e-06,,,3.41099096650507e-06,5.90516695957714e-06,,FALSE,FALSE,FALSE,FALSE,
CD86,CD8+ T cell 2,Ig+ hepatocyte,,,5.07741762849842e-06,3.57620935428246e-06,aih_only,0,2,0,2,,4.32681349139044e-06,,,3.57620935428246e-06,5.07741762849842e-06,,FALSE,FALSE,FALSE,FALSE,
CD86,CD8+ T cell 2,IgG+ B cell,,,9.35526484772791e-07,1.8841167557968e-06,aih_only,0,2,0,2,,1.4098216202848e-06,,,9.35526484772791e-07,1.8841167557968e-06,,FALSE,FALSE,FALSE,FALSE,
CD86,CD8+ T cell 2,IgG+ plasmablast / plasma cell,,,2.67427928108118e-06,3.92420761938084e-06,aih_only,0,2,0,2,,3.29924345023101e-06,,,2.67427928108118e-06,3.92420761938084e-06,,FALSE,FALSE,FALSE,FALSE,
CD86,CD8+ T cell 2,IgM+ B cell,,,1.25026478653773e-06,2.71936013324621e-06,aih_only,0,2,0,2,,1.98481245989197e-06,,,1.25026478653773e-06,2.71936013324621e-06,,FALSE,FALSE,FALSE,FALSE,
CD86,CD8+ T cell 2,Macrophage 1,,,5.04368274457143e-06,5.3481506184351e-06,aih_only,0,2,0,2,,5.19591668150326e-06,,,5.04368274457143e-06,5.3481506184351e-06,,FALSE,FALSE,FALSE,FALSE,
CD86,CD8+ T cell 2,Macrophage 2,,,1.08335647835863e-06,2.41744472251191e-06,aih_only,0,2,0,2,,1.75040060043527e-06,,,1.08335647835863e-06,2.41744472251191e-06,,FALSE,FALSE,FALSE,FALSE,
CD86,CD8+ T cell 2,Sinusoidal endothelial cell,,,2.96283044459619e-06,3.32914986185544e-06,aih_only,0,2,0,2,,3.14599015322582e-06,,,2.96283044459619e-06,3.32914986185544e-06,,FALSE,FALSE,FALSE,FALSE,
CD86,CD8+ T cell 2,Stellate cell,,,1.0846511502632e-06,2.25948323317655e-06,aih_only,0,2,0,2,,1.67206719171988e-06,,,1.0846511502632e-06,2.25948323317655e-06,,FALSE,FALSE,FALSE,FALSE,
CD86,CD8+ T cell 2,Vascular endothelial cell,,,6.72969631085377e-07,1.15515465722565e-06,aih_only,0,2,0,2,,9.14062144155511e-07,,,6.72969631085377e-07,1.15515465722565e-06,,FALSE,FALSE,FALSE,FALSE,
CD86,CD8+ T cell 3,CD4+ T cell,,,5.89088779616419e-05,5.74534622758973e-05,aih_only,0,2,0,2,,5.81811701187696e-05,,,5.74534622758973e-05,5.89088779616419e-05,,FALSE,FALSE,FALSE,FALSE,
CD86,CD8+ T cell 3,CD8+ T cell 1,,,4.07127802165068e-05,4.18041011342983e-05,aih_only,0,2,0,2,,4.12584406754025e-05,,,4.07127802165068e-05,4.18041011342983e-05,,FALSE,FALSE,FALSE,FALSE,
CD86,CD8+ T cell 3,CD8+ T cell 2,,,7.5056312635871e-05,5.40508068551208e-05,aih_only,0,2,0,2,,6.45535597454959e-05,,,5.40508068551208e-05,7.5056312635871e-05,,FALSE,FALSE,FALSE,FALSE,
CD86,CD8+ T cell 3,CD8+ T cell 3,,,0.000145076085521854,0.000146559153687838,aih_only,0,2,0,2,,0.000145817619604846,,,0.000145076085521854,0.000146559153687838,,FALSE,FALSE,FALSE,FALSE,
CD86,CD8+ T cell 3,Cholangiocyte,,,5.20850916202213e-06,5.62167656786742e-06,aih_only,0,2,0,2,,5.41509286494477e-06,,,5.20850916202213e-06,5.62167656786742e-06,,FALSE,FALSE,FALSE,FALSE,
CD86,CD8+ T cell 3,Hepatocyte 1,,,1.0577751978517e-05,5.19605801917618e-06,aih_only,0,2,0,2,,7.88690499884658e-06,,,5.19605801917618e-06,1.0577751978517e-05,,FALSE,FALSE,FALSE,FALSE,
CD86,CD8+ T cell 3,Hepatocyte 2,,,6.03571410376087e-06,2.55201688746799e-06,aih_only,0,2,0,2,,4.29386549561443e-06,,,2.55201688746799e-06,6.03571410376087e-06,,FALSE,FALSE,FALSE,FALSE,
CD86,CD8+ T cell 3,Hepatocyte 3,,,9.32735040034813e-06,6.82261492776388e-06,aih_only,0,2,0,2,,8.07498266405601e-06,,,6.82261492776388e-06,9.32735040034813e-06,,FALSE,FALSE,FALSE,FALSE,
CD86,CD8+ T cell 3,Hepatocyte 4,,,1.50397962295239e-05,6.29231805764214e-06,aih_only,0,2,0,2,,1.0666057143583e-05,,,6.29231805764214e-06,1.50397962295239e-05,,FALSE,FALSE,FALSE,FALSE,
CD86,CD8+ T cell 3,Ig+ hepatocyte,,,1.60865977162755e-05,5.24053656994461e-06,aih_only,0,2,0,2,,1.06635671431101e-05,,,5.24053656994461e-06,1.60865977162755e-05,,FALSE,FALSE,FALSE,FALSE,
CD86,CD8+ T cell 3,IgG+ B cell,,,4.69831954052315e-06,3.49353623166568e-06,aih_only,0,2,0,2,,4.09592788609442e-06,,,3.49353623166568e-06,4.69831954052315e-06,,FALSE,FALSE,FALSE,FALSE,
CD86,CD8+ T cell 3,IgG+ plasmablast / plasma cell,,,1.03567177029716e-05,7.3063846327496e-06,aih_only,0,2,0,2,,8.83155116786059e-06,,,7.3063846327496e-06,1.03567177029716e-05,,FALSE,FALSE,FALSE,FALSE,
CD86,CD8+ T cell 3,IgM+ B cell,,,8.28322211552018e-06,1.13182363248946e-05,aih_only,0,2,0,2,,9.80072922020738e-06,,,8.28322211552018e-06,1.13182363248946e-05,,FALSE,FALSE,FALSE,FALSE,
CD86,CD8+ T cell 3,Macrophage 1,,,1.07427580672085e-05,9.3995514272842e-06,aih_only,0,2,0,2,,1.00711547472464e-05,,,9.3995514272842e-06,1.07427580672085e-05,,FALSE,FALSE,FALSE,FALSE,
CD86,CD8+ T cell 3,Macrophage 2,,,5.09347595333529e-06,6.56487195826949e-06,aih_only,0,2,0,2,,5.82917395580239e-06,,,5.09347595333529e-06,6.56487195826949e-06,,FALSE,FALSE,FALSE,FALSE,
CD86,CD8+ T cell 3,Sinusoidal endothelial cell,,,7.19008296131096e-06,5.58356955651914e-06,aih_only,0,2,0,2,,6.38682625891505e-06,,,5.58356955651914e-06,7.19008296131096e-06,,FALSE,FALSE,FALSE,FALSE,
CD86,CD8+ T cell 3,Stellate cell,,,5.80459022046094e-06,6.16012281154343e-06,aih_only,0,2,0,2,,5.98235651600219e-06,,,5.80459022046094e-06,6.16012281154343e-06,,FALSE,FALSE,FALSE,FALSE,
CD86,CD8+ T cell 3,Vascular endothelial cell,,,2.20860721494409e-06,4.32191108594171e-06,aih_only,0,2,0,2,,3.2652591504429e-06,,,2.20860721494409e-06,4.32191108594171e-06,,FALSE,FALSE,FALSE,FALSE,
CD86,Cholangiocyte,CD4+ T cell,,,4.80263059354e-05,3.83646189722969e-05,aih_only,0,2,0,2,,4.31954624538484e-05,,,3.83646189722969e-05,4.80263059354e-05,,FALSE,FALSE,FALSE,FALSE,
CD86,Cholangiocyte,CD8+ T cell 1,,,1.27565730492251e-05,1.28135703019175e-05,aih_only,0,2,0,2,,1.27850716755713e-05,,,1.27565730492251e-05,1.28135703019175e-05,,FALSE,FALSE,FALSE,FALSE,
CD86,Cholangiocyte,CD8+ T cell 2,,,6.80040919216427e-06,1.04730222711489e-05,aih_only,0,2,0,2,,8.63671573165657e-06,,,6.80040919216427e-06,1.04730222711489e-05,,FALSE,FALSE,FALSE,FALSE,
CD86,Cholangiocyte,CD8+ T cell 3,,,1.13972430956317e-05,1.62181947238422e-05,aih_only,0,2,0,2,,1.38077189097369e-05,,,1.13972430956317e-05,1.62181947238422e-05,,FALSE,FALSE,FALSE,FALSE,
CD86,Cholangiocyte,Cholangiocyte,,,1.28274650461248e-05,1.03604609263568e-05,aih_only,0,2,0,2,,1.15939629862408e-05,,,1.03604609263568e-05,1.28274650461248e-05,,FALSE,FALSE,FALSE,FALSE,
CD86,Cholangiocyte,Hepatocyte 1,,,4.61104761396827e-07,7.43580403710601e-07,aih_only,0,2,0,2,,6.02342582553714e-07,,,4.61104761396827e-07,7.43580403710601e-07,,FALSE,FALSE,FALSE,FALSE,
CD86,Cholangiocyte,Hepatocyte 2,,,3.39613076023601e-07,3.73223075665605e-07,aih_only,0,2,0,2,,3.56418075844603e-07,,,3.39613076023601e-07,3.73223075665605e-07,,FALSE,FALSE,FALSE,FALSE,
CD86,Cholangiocyte,Hepatocyte 3,,,1.58654974729858e-06,2.25102474046601e-06,aih_only,0,2,0,2,,1.9187872438823e-06,,,1.58654974729858e-06,2.25102474046601e-06,,FALSE,FALSE,FALSE,FALSE,
CD86,Cholangiocyte,Hepatocyte 4,,,6.70756343134203e-07,6.24323099610942e-07,aih_only,0,2,0,2,,6.47539721372572e-07,,,6.24323099610942e-07,6.70756343134203e-07,,FALSE,FALSE,FALSE,FALSE,
CD86,Cholangiocyte,Ig+ hepatocyte,,,3.80345460827734e-06,1.75224945221074e-06,aih_only,0,2,0,2,,2.77785203024404e-06,,,1.75224945221074e-06,3.80345460827734e-06,,FALSE,FALSE,FALSE,FALSE,
CD86,Cholangiocyte,IgG+ B cell,,,4.99429731862872e-06,4.41441520112719e-06,aih_only,0,2,0,2,,4.70435625987795e-06,,,4.41441520112719e-06,4.99429731862872e-06,,FALSE,FALSE,FALSE,FALSE,
CD86,Cholangiocyte,IgG+ plasmablast / plasma cell,,,6.58103542063485e-06,6.85848672547532e-06,aih_only,0,2,0,2,,6.71976107305508e-06,,,6.58103542063485e-06,6.85848672547532e-06,,FALSE,FALSE,FALSE,FALSE,
CD86,Cholangiocyte,IgM+ B cell,,,7.84655290536836e-06,1.46515733783527e-05,aih_only,0,2,0,2,,1.12490631418605e-05,,,7.84655290536836e-06,1.46515733783527e-05,,FALSE,FALSE,FALSE,FALSE,
CD86,Cholangiocyte,Macrophage 1,,,2.4223712278144e-06,2.17857714455101e-06,aih_only,0,2,0,2,,2.3004741861827e-06,,,2.17857714455101e-06,2.4223712278144e-06,,FALSE,FALSE,FALSE,FALSE,
CD86,Cholangiocyte,Macrophage 2,,,4.27502158587056e-06,3.22107325812361e-06,aih_only,0,2,0,2,,3.74804742199709e-06,,,3.22107325812361e-06,4.27502158587056e-06,,FALSE,FALSE,FALSE,FALSE,
CD86,Cholangiocyte,Sinusoidal endothelial cell,,,5.41345610478535e-07,1.29760101714707e-06,aih_only,0,2,0,2,,9.19473313812804e-07,,,5.41345610478535e-07,1.29760101714707e-06,,FALSE,FALSE,FALSE,FALSE,
CD86,Cholangiocyte,Stellate cell,,,4.32009746502757e-06,3.87652637074777e-06,aih_only,0,2,0,2,,4.09831191788767e-06,,,3.87652637074777e-06,4.32009746502757e-06,,FALSE,FALSE,FALSE,FALSE,
CD86,Cholangiocyte,Vascular endothelial cell,,,3.21694547257778e-06,3.36221307148452e-06,aih_only,0,2,0,2,,3.28957927203115e-06,,,3.21694547257778e-06,3.36221307148452e-06,,FALSE,FALSE,FALSE,FALSE,
CD86,Hepatocyte 1,CD4+ T cell,,,8.86193964346323e-06,1.11235597950216e-05,aih_only,0,2,0,2,,9.99274971924242e-06,,,8.86193964346323e-06,1.11235597950216e-05,,FALSE,FALSE,FALSE,FALSE,
CD86,Hepatocyte 1,CD8+ T cell 1,,,1.11963275216983e-05,1.07941251525154e-05,aih_only,0,2,0,2,,1.09952263371068e-05,,,1.07941251525154e-05,1.11963275216983e-05,,FALSE,FALSE,FALSE,FALSE,
CD86,Hepatocyte 1,CD8+ T cell 2,,,3.25175328249904e-05,1.6140385400734e-05,aih_only,0,2,0,2,,2.43289591128622e-05,,,1.6140385400734e-05,3.25175328249904e-05,,FALSE,FALSE,FALSE,FALSE,
CD86,Hepatocyte 1,CD8+ T cell 3,,,1.31782146503721e-05,1.29205089233923e-05,aih_only,0,2,0,2,,1.30493617868822e-05,,,1.29205089233923e-05,1.31782146503721e-05,,FALSE,FALSE,FALSE,FALSE,
CD86,Hepatocyte 1,Cholangiocyte,,,5.2828394646517e-07,9.12663919196095e-07,aih_only,0,2,0,2,,7.20473932830632e-07,,,5.2828394646517e-07,9.12663919196095e-07,,FALSE,FALSE,FALSE,FALSE,
CD86,Hepatocyte 1,Hepatocyte 1,,,5.40598109934949e-06,1.84741422317637e-06,aih_only,0,2,0,2,,3.62669766126293e-06,,,1.84741422317637e-06,5.40598109934949e-06,,FALSE,FALSE,FALSE,FALSE,
CD86,Hepatocyte 1,Hepatocyte 2,,,2.51100305301984e-06,8.28808423799234e-07,aih_only,0,2,0,2,,1.66990573840953e-06,,,8.28808423799234e-07,2.51100305301984e-06,,FALSE,FALSE,FALSE,FALSE,
CD86,Hepatocyte 1,Hepatocyte 3,,,2.69850223444049e-06,2.14062565634396e-06,aih_only,0,2,0,2,,2.41956394539222e-06,,,2.14062565634396e-06,2.69850223444049e-06,,FALSE,FALSE,FALSE,FALSE,
CD86,Hepatocyte 1,Hepatocyte 4,,,4.4643867719442e-06,1.71675819649279e-06,aih_only,0,2,0,2,,3.09057248421849e-06,,,1.71675819649279e-06,4.4643867719442e-06,,FALSE,FALSE,FALSE,FALSE,
CD86,Hepatocyte 1,Ig+ hepatocyte,,,4.15030335634969e-06,1.81166069347661e-06,aih_only,0,2,0,2,,2.98098202491315e-06,,,1.81166069347661e-06,4.15030335634969e-06,,FALSE,FALSE,FALSE,FALSE,
CD86,Hepatocyte 1,IgG+ B cell,,,6.35535964391939e-07,7.88398727961014e-07,aih_only,0,2,0,2,,7.11967346176477e-07,,,6.35535964391939e-07,7.88398727961014e-07,,FALSE,FALSE,FALSE,FALSE,
CD86,Hepatocyte 1,IgG+ plasmablast / plasma cell,,,2.04149433558856e-06,1.52452005648339e-06,aih_only,0,2,0,2,,1.78300719603598e-06,,,1.52452005648339e-06,2.04149433558856e-06,,FALSE,FALSE,FALSE,FALSE,
CD86,Hepatocyte 1,IgM+ B cell,,,7.47566160589974e-07,1.38648354887005e-06,aih_only,0,2,0,2,,1.06702485473001e-06,,,7.47566160589974e-07,1.38648354887005e-06,,FALSE,FALSE,FALSE,FALSE,
CD86,Hepatocyte 1,Macrophage 1,,,2.93843631842359e-06,2.42922369744993e-06,aih_only,0,2,0,2,,2.68383000793676e-06,,,2.42922369744993e-06,2.93843631842359e-06,,FALSE,FALSE,FALSE,FALSE,
CD86,Hepatocyte 1,Macrophage 2,,,5.08673459941796e-07,1.3337262802746e-06,aih_only,0,2,0,2,,9.21199870108199e-07,,,5.08673459941796e-07,1.3337262802746e-06,,FALSE,FALSE,FALSE,FALSE,
CD86,Hepatocyte 1,Sinusoidal endothelial cell,,,1.78428975450747e-06,1.79666645075215e-06,aih_only,0,2,0,2,,1.79047810262981e-06,,,1.78428975450747e-06,1.79666645075215e-06,,FALSE,FALSE,FALSE,FALSE,
CD86,Hepatocyte 1,Stellate cell,,,7.72392309531931e-07,1.27804258650839e-06,aih_only,0,2,0,2,,1.02521744802016e-06,,,7.72392309531931e-07,1.27804258650839e-06,,FALSE,FALSE,FALSE,FALSE,
CD86,Hepatocyte 1,Vascular endothelial cell,,,3.30954080622706e-07,5.54300322505057e-07,aih_only,0,2,0,2,,4.42627201563882e-07,,,3.30954080622706e-07,5.54300322505057e-07,,FALSE,FALSE,FALSE,FALSE,
CD86,Hepatocyte 2,CD4+ T cell,,,7.49170575372064e-06,7.66175331187604e-06,aih_only,0,2,0,2,,7.57672953279834e-06,,,7.49170575372064e-06,7.66175331187604e-06,,FALSE,FALSE,FALSE,FALSE,
CD86,Hepatocyte 2,CD8+ T cell 1,,,7.97673202835906e-06,7.45169049814554e-06,aih_only,0,2,0,2,,7.7142112632523e-06,,,7.45169049814554e-06,7.97673202835906e-06,,FALSE,FALSE,FALSE,FALSE,
CD86,Hepatocyte 2,CD8+ T cell 2,,,2.92824327006402e-05,1.38066436840648e-05,aih_only,0,2,0,2,,2.15445381923525e-05,,,1.38066436840648e-05,2.92824327006402e-05,,FALSE,FALSE,FALSE,FALSE,
CD86,Hepatocyte 2,CD8+ T cell 3,,,7.38504108509699e-06,9.41627642683235e-06,aih_only,0,2,0,2,,8.40065875596467e-06,,,7.38504108509699e-06,9.41627642683235e-06,,FALSE,FALSE,FALSE,FALSE,
CD86,Hepatocyte 2,Cholangiocyte,,,4.27188296493252e-07,9.05598789440239e-07,aih_only,0,2,0,2,,6.66393542966746e-07,,,4.27188296493252e-07,9.05598789440239e-07,,FALSE,FALSE,FALSE,FALSE,
CD86,Hepatocyte 2,Hepatocyte 1,,,2.84504545942102e-06,1.25645474362004e-06,aih_only,0,2,0,2,,2.05075010152053e-06,,,1.25645474362004e-06,2.84504545942102e-06,,FALSE,FALSE,FALSE,FALSE,
CD86,Hepatocyte 2,Hepatocyte 2,,,2.95884720156304e-06,9.47548820408679e-07,aih_only,0,2,0,2,,1.95319801098586e-06,,,9.47548820408679e-07,2.95884720156304e-06,,FALSE,FALSE,FALSE,FALSE,
CD86,Hepatocyte 2,Hepatocyte 3,,,3.31987602544448e-06,1.79800852080699e-06,aih_only,0,2,0,2,,2.55894227312574e-06,,,1.79800852080699e-06,3.31987602544448e-06,,FALSE,FALSE,FALSE,FALSE,
CD86,Hepatocyte 2,Hepatocyte 4,,,2.81804430246714e-06,1.42666685322873e-06,aih_only,0,2,0,2,,2.12235557784794e-06,,,1.42666685322873e-06,2.81804430246714e-06,,FALSE,FALSE,FALSE,FALSE,
CD86,Hepatocyte 2,Ig+ hepatocyte,,,3.81193044986897e-06,1.02630520417903e-06,aih_only,0,2,0,2,,2.419117827024e-06,,,1.02630520417903e-06,3.81193044986897e-06,,FALSE,FALSE,FALSE,FALSE,
CD86,Hepatocyte 2,IgG+ B cell,,,4.03345662346172e-07,8.36586246961122e-07,aih_only,0,2,0,2,,6.19965954653647e-07,,,4.03345662346172e-07,8.36586246961122e-07,,FALSE,FALSE,FALSE,FALSE,
CD86,Hepatocyte 2,IgG+ plasmablast / plasma cell,,,1.31300114044264e-06,1.04780253810382e-06,aih_only,0,2,0,2,,1.18040183927323e-06,,,1.04780253810382e-06,1.31300114044264e-06,,FALSE,FALSE,FALSE,FALSE,
CD86,Hepatocyte 2,IgM+ B cell,,,4.520749307355e-07,7.49550451228691e-07,aih_only,0,2,0,2,,6.00812690982095e-07,,,4.520749307355e-07,7.49550451228691e-07,,FALSE,FALSE,FALSE,FALSE,
CD86,Hepatocyte 2,Macrophage 1,,,2.0018512116217e-06,1.71574510090441e-06,aih_only,0,2,0,2,,1.85879815626305e-06,,,1.71574510090441e-06,2.0018512116217e-06,,FALSE,FALSE,FALSE,FALSE,
CD86,Hepatocyte 2,Macrophage 2,,,3.55420778159055e-07,9.25472645494171e-07,aih_only,0,2,0,2,,6.40446711826613e-07,,,3.55420778159055e-07,9.25472645494171e-07,,FALSE,FALSE,FALSE,FALSE,
CD86,Hepatocyte 2,Sinusoidal endothelial cell,,,1.52903837871965e-06,1.33429839257954e-06,aih_only,0,2,0,2,,1.4316683856496e-06,,,1.33429839257954e-06,1.52903837871965e-06,,FALSE,FALSE,FALSE,FALSE,
CD86,Hepatocyte 2,Stellate cell,,,7.80028848814438e-07,1.08891657791182e-06,aih_only,0,2,0,2,,9.34472713363131e-07,,,7.80028848814438e-07,1.08891657791182e-06,,FALSE,FALSE,FALSE,FALSE,
CD86,Hepatocyte 2,Vascular endothelial cell,,,3.00974171907914e-07,5.80115811173884e-07,aih_only,0,2,0,2,,4.40544991540899e-07,,,3.00974171907914e-07,5.80115811173884e-07,,FALSE,FALSE,FALSE,FALSE,
CD86,Hepatocyte 3,CD4+ T cell,,,7.34703395144952e-06,6.21680396141731e-06,aih_only,0,2,0,2,,6.78191895643341e-06,,,6.21680396141731e-06,7.34703395144952e-06,,FALSE,FALSE,FALSE,FALSE,
CD86,Hepatocyte 3,CD8+ T cell 1,,,7.70706480070474e-06,7.23762056198159e-06,aih_only,0,2,0,2,,7.47234268134316e-06,,,7.23762056198159e-06,7.70706480070474e-06,,FALSE,FALSE,FALSE,FALSE,
CD86,Hepatocyte 3,CD8+ T cell 2,,,1.7699712364776e-05,1.18910329098087e-05,aih_only,0,2,0,2,,1.47953726372923e-05,,,1.18910329098087e-05,1.7699712364776e-05,,FALSE,FALSE,FALSE,FALSE,
CD86,Hepatocyte 3,CD8+ T cell 3,,,9.07769885774084e-06,8.23007111693652e-06,aih_only,0,2,0,2,,8.65388498733868e-06,,,8.23007111693652e-06,9.07769885774084e-06,,FALSE,FALSE,FALSE,FALSE,
CD86,Hepatocyte 3,Cholangiocyte,,,1.52902885602964e-06,4.03692905801652e-07,aih_only,0,2,0,2,,9.66360880915647e-07,,,4.03692905801652e-07,1.52902885602964e-06,,FALSE,FALSE,FALSE,FALSE,
CD86,Hepatocyte 3,Hepatocyte 1,,,1.60896881489146e-06,8.47208462672831e-07,aih_only,0,2,0,2,,1.22808863878215e-06,,,8.47208462672831e-07,1.60896881489146e-06,,FALSE,FALSE,FALSE,FALSE,
CD86,Hepatocyte 3,Hepatocyte 2,,,1.01078532580708e-06,5.10624549976823e-07,aih_only,0,2,0,2,,7.6070493789195e-07,,,5.10624549976823e-07,1.01078532580708e-06,,FALSE,FALSE,FALSE,FALSE,
CD86,Hepatocyte 3,Hepatocyte 3,,,5.2145739129784e-06,3.30785824627091e-06,aih_only,0,2,0,2,,4.26121607962465e-06,,,3.30785824627091e-06,5.2145739129784e-06,,FALSE,FALSE,FALSE,FALSE,
CD86,Hepatocyte 3,Hepatocyte 4,,,5.01822736511873e-06,1.10702604903425e-06,aih_only,0,2,0,2,,3.06262670707649e-06,,,1.10702604903425e-06,5.01822736511873e-06,,FALSE,FALSE,FALSE,FALSE,
CD86,Hepatocyte 3,Ig+ hepatocyte,,,2.52816767967611e-06,1.62680524551031e-06,aih_only,0,2,0,2,,2.07748646259321e-06,,,1.62680524551031e-06,2.52816767967611e-06,,FALSE,FALSE,FALSE,FALSE,
CD86,Hepatocyte 3,IgG+ B cell,,,8.06184488564974e-07,5.41880755916589e-07,aih_only,0,2,0,2,,6.74032622240781e-07,,,5.41880755916589e-07,8.06184488564974e-07,,FALSE,FALSE,FALSE,FALSE,
CD86,Hepatocyte 3,IgG+ plasmablast / plasma cell,,,1.0055233966621e-06,8.63040636400012e-07,aih_only,0,2,0,2,,9.34282016531055e-07,,,8.63040636400012e-07,1.0055233966621e-06,,FALSE,FALSE,FALSE,FALSE,
CD86,Hepatocyte 3,IgM+ B cell,,,9.60280257070946e-07,8.66913536259623e-07,aih_only,0,2,0,2,,9.13596896665284e-07,,,8.66913536259623e-07,9.60280257070946e-07,,FALSE,FALSE,FALSE,FALSE,
CD86,Hepatocyte 3,Macrophage 1,,,1.83751487037613e-06,1.28440904134725e-06,aih_only,0,2,0,2,,1.56096195586169e-06,,,1.28440904134725e-06,1.83751487037613e-06,,FALSE,FALSE,FALSE,FALSE,
CD86,Hepatocyte 3,Macrophage 2,,,8.05954605050807e-07,1.22195038492015e-06,aih_only,0,2,0,2,,1.01395249498548e-06,,,8.05954605050807e-07,1.22195038492015e-06,,FALSE,FALSE,FALSE,FALSE,
CD86,Hepatocyte 3,Sinusoidal endothelial cell,,,1.49460297271331e-06,1.39404425713216e-06,aih_only,0,2,0,2,,1.44432361492274e-06,,,1.39404425713216e-06,1.49460297271331e-06,,FALSE,FALSE,FALSE,FALSE,
CD86,Hepatocyte 3,Stellate cell,,,1.19766453420815e-06,8.61060977519857e-07,aih_only,0,2,0,2,,1.029362755864e-06,,,8.61060977519857e-07,1.19766453420815e-06,,FALSE,FALSE,FALSE,FALSE,
CD86,Hepatocyte 3,Vascular endothelial cell,,,3.90829632106966e-07,2.49851836454638e-07,aih_only,0,2,0,2,,3.20340734280802e-07,,,2.49851836454638e-07,3.90829632106966e-07,,FALSE,FALSE,FALSE,FALSE,
CD86,Hepatocyte 4,CD4+ T cell,,,4.76814535748538e-06,1.00412924141754e-05,aih_only,0,2,0,2,,7.40471888583038e-06,,,4.76814535748538e-06,1.00412924141754e-05,,FALSE,FALSE,FALSE,FALSE,
CD86,Hepatocyte 4,CD8+ T cell 1,,,9.29823745786542e-06,1.06621946141962e-05,aih_only,0,2,0,2,,9.98021603603081e-06,,,9.29823745786542e-06,1.06621946141962e-05,,FALSE,FALSE,FALSE,FALSE,
CD86,Hepatocyte 4,CD8+ T cell 2,,,3.27708494186366e-05,1.68045124340316e-05,aih_only,0,2,0,2,,2.47876809263341e-05,,,1.68045124340316e-05,3.27708494186366e-05,,FALSE,FALSE,FALSE,FALSE,
CD86,Hepatocyte 4,CD8+ T cell 3,,,1.66355566123421e-05,1.26497999080701e-05,aih_only,0,2,0,2,,1.46426782602061e-05,,,1.26497999080701e-05,1.66355566123421e-05,,FALSE,FALSE,FALSE,FALSE,
CD86,Hepatocyte 4,Cholangiocyte,,,2.14998719965798e-07,1.00957434314515e-06,aih_only,0,2,0,2,,6.12286531555476e-07,,,2.14998719965798e-07,1.00957434314515e-06,,FALSE,FALSE,FALSE,FALSE,
CD86,Hepatocyte 4,Hepatocyte 1,,,3.23152087360178e-06,1.5152566958379e-06,aih_only,0,2,0,2,,2.37338878471984e-06,,,1.5152566958379e-06,3.23152087360178e-06,,FALSE,FALSE,FALSE,FALSE,
CD86,Hepatocyte 4,Hepatocyte 2,,,2.05531636172207e-06,8.1884419257045e-07,aih_only,0,2,0,2,,1.43708027714626e-06,,,8.1884419257045e-07,2.05531636172207e-06,,FALSE,FALSE,FALSE,FALSE,
CD86,Hepatocyte 4,Hepatocyte 3,,,1.18286677614486e-06,1.80063951145182e-06,aih_only,0,2,0,2,,1.49175314379834e-06,,,1.18286677614486e-06,1.80063951145182e-06,,FALSE,FALSE,FALSE,FALSE,
CD86,Hepatocyte 4,Hepatocyte 4,,,1.30552120515541e-05,3.36490250692618e-06,aih_only,0,2,0,2,,8.21005727924015e-06,,,3.36490250692618e-06,1.30552120515541e-05,,FALSE,FALSE,FALSE,FALSE,
CD86,Hepatocyte 4,Ig+ hepatocyte,,,5.83044913633771e-06,1.78731338098615e-06,aih_only,0,2,0,2,,3.80888125866193e-06,,,1.78731338098615e-06,5.83044913633771e-06,,FALSE,FALSE,FALSE,FALSE,
CD86,Hepatocyte 4,IgG+ B cell,,,2.28614506464857e-07,7.98814419635574e-07,aih_only,0,2,0,2,,5.13714463050215e-07,,,2.28614506464857e-07,7.98814419635574e-07,,FALSE,FALSE,FALSE,FALSE,
CD86,Hepatocyte 4,IgG+ plasmablast / plasma cell,,,8.95084888234436e-07,1.71895301765732e-06,aih_only,0,2,0,2,,1.30701895294588e-06,,,8.95084888234436e-07,1.71895301765732e-06,,FALSE,FALSE,FALSE,FALSE,
CD86,Hepatocyte 4,IgM+ B cell,,,3.26594940128358e-07,1.27739224651118e-06,aih_only,0,2,0,2,,8.01993593319767e-07,,,3.26594940128358e-07,1.27739224651118e-06,,FALSE,FALSE,FALSE,FALSE,
CD86,Hepatocyte 4,Macrophage 1,,,3.3517300084538e-06,2.37932210586022e-06,aih_only,0,2,0,2,,2.86552605715701e-06,,,2.37932210586022e-06,3.3517300084538e-06,,FALSE,FALSE,FALSE,FALSE,
CD86,Hepatocyte 4,Macrophage 2,,,4.60067270278322e-07,1.31608846999009e-06,aih_only,0,2,0,2,,8.88077870134208e-07,,,4.60067270278322e-07,1.31608846999009e-06,,FALSE,FALSE,FALSE,FALSE,
CD86,Hepatocyte 4,Sinusoidal endothelial cell,,,1.3217822987626e-06,1.66440608700779e-06,aih_only,0,2,0,2,,1.49309419288519e-06,,,1.3217822987626e-06,1.66440608700779e-06,,FALSE,FALSE,FALSE,FALSE,
CD86,Hepatocyte 4,Stellate cell,,,5.73797780876008e-07,1.24095451695465e-06,aih_only,0,2,0,2,,9.0737614891533e-07,,,5.73797780876008e-07,1.24095451695465e-06,,FALSE,FALSE,FALSE,FALSE,
CD86,Hepatocyte 4,Vascular endothelial cell,,,5.67769783311596e-08,5.0191954150069e-07,aih_only,0,2,0,2,,2.79348259915925e-07,,,5.67769783311596e-08,5.0191954150069e-07,,FALSE,FALSE,FALSE,FALSE,
CD86,Ig+ hepatocyte,CD4+ T cell,,,1.94453053345077e-05,1.63526976305238e-05,aih_only,0,2,0,2,,1.78990014825158e-05,,,1.63526976305238e-05,1.94453053345077e-05,,FALSE,FALSE,FALSE,FALSE,
CD86,Ig+ hepatocyte,CD8+ T cell 1,,,1.38308049720854e-05,1.15396173459755e-05,aih_only,0,2,0,2,,1.26852111590304e-05,,,1.15396173459755e-05,1.38308049720854e-05,,FALSE,FALSE,FALSE,FALSE,
CD86,Ig+ hepatocyte,CD8+ T cell 2,,,3.54943436018052e-05,1.29034043668824e-05,aih_only,0,2,0,2,,2.41988739843438e-05,,,1.29034043668824e-05,3.54943436018052e-05,,FALSE,FALSE,FALSE,FALSE,
CD86,Ig+ hepatocyte,CD8+ T cell 3,,,1.25401986733572e-05,1.18747834394229e-05,aih_only,0,2,0,2,,1.220749105639e-05,,,1.18747834394229e-05,1.25401986733572e-05,,FALSE,FALSE,FALSE,FALSE,
CD86,Ig+ hepatocyte,Cholangiocyte,,,2.5362071687636e-06,1.69023157033386e-06,aih_only,0,2,0,2,,2.11321936954873e-06,,,1.69023157033386e-06,2.5362071687636e-06,,FALSE,FALSE,FALSE,FALSE,
CD86,Ig+ hepatocyte,Hepatocyte 1,,,3.91188251719074e-06,1.66551419876245e-06,aih_only,0,2,0,2,,2.7886983579766e-06,,,1.66551419876245e-06,3.91188251719074e-06,,FALSE,FALSE,FALSE,FALSE,
CD86,Ig+ hepatocyte,Hepatocyte 2,,,1.88525972262727e-06,5.71897794933117e-07,aih_only,0,2,0,2,,1.22857875878019e-06,,,5.71897794933117e-07,1.88525972262727e-06,,FALSE,FALSE,FALSE,FALSE,
CD86,Ig+ hepatocyte,Hepatocyte 3,,,2.62165296406325e-06,1.4208164259073e-06,aih_only,0,2,0,2,,2.02123469498528e-06,,,1.4208164259073e-06,2.62165296406325e-06,,FALSE,FALSE,FALSE,FALSE,
CD86,Ig+ hepatocyte,Hepatocyte 4,,,5.61869331108201e-06,1.16886572477956e-06,aih_only,0,2,0,2,,3.39377951793079e-06,,,1.16886572477956e-06,5.61869331108201e-06,,FALSE,FALSE,FALSE,FALSE,
CD86,Ig+ hepatocyte,Ig+ hepatocyte,,,6.08346976041114e-05,9.61936178846447e-06,aih_only,0,2,0,2,,3.5227029696288e-05,,,9.61936178846447e-06,6.08346976041114e-05,,FALSE,FALSE,FALSE,FALSE,
CD86,Ig+ hepatocyte,IgG+ B cell,,,2.48646946855061e-06,2.59404922717211e-06,aih_only,0,2,0,2,,2.54025934786136e-06,,,2.48646946855061e-06,2.59404922717211e-06,,FALSE,FALSE,FALSE,FALSE,
CD86,Ig+ hepatocyte,IgG+ plasmablast / plasma cell,,,5.80506643131929e-06,3.54561347213819e-06,aih_only,0,2,0,2,,4.67533995172874e-06,,,3.54561347213819e-06,5.80506643131929e-06,,FALSE,FALSE,FALSE,FALSE,
CD86,Ig+ hepatocyte,IgM+ B cell,,,2.50802924268867e-06,2.64881428143981e-06,aih_only,0,2,0,2,,2.57842176206424e-06,,,2.50802924268867e-06,2.64881428143981e-06,,FALSE,FALSE,FALSE,FALSE,
CD86,Ig+ hepatocyte,Macrophage 1,,,3.56363072706282e-06,2.34718361770836e-06,aih_only,0,2,0,2,,2.95540717238559e-06,,,2.34718361770836e-06,3.56363072706282e-06,,FALSE,FALSE,FALSE,FALSE,
CD86,Ig+ hepatocyte,Macrophage 2,,,2.19932723938775e-06,2.54247538009942e-06,aih_only,0,2,0,2,,2.37090130974358e-06,,,2.19932723938775e-06,2.54247538009942e-06,,FALSE,FALSE,FALSE,FALSE,
CD86,Ig+ hepatocyte,Sinusoidal endothelial cell,,,1.82848120096814e-06,2.72910630077135e-06,aih_only,0,2,0,2,,2.27879375086975e-06,,,1.82848120096814e-06,2.72910630077135e-06,,FALSE,FALSE,FALSE,FALSE,
CD86,Ig+ hepatocyte,Stellate cell,,,1.67811188393227e-06,2.26395130762827e-06,aih_only,0,2,0,2,,1.97103159578027e-06,,,1.67811188393227e-06,2.26395130762827e-06,,FALSE,FALSE,FALSE,FALSE,
CD86,Ig+ hepatocyte,Vascular endothelial cell,,,8.045582612414e-07,1.55605583565747e-06,aih_only,0,2,0,2,,1.18030704844944e-06,,,8.045582612414e-07,1.55605583565747e-06,,FALSE,FALSE,FALSE,FALSE,
CD86,IgG+ B cell,CD4+ T cell,,,2.89621011870809e-05,3.65830102687534e-05,aih_only,0,2,0,2,,3.27725557279172e-05,,,2.89621011870809e-05,3.65830102687534e-05,,FALSE,FALSE,FALSE,FALSE,
CD86,IgG+ B cell,CD8+ T cell 1,,,9.63067521116249e-06,7.62115265353518e-06,aih_only,0,2,0,2,,8.62591393234884e-06,,,7.62115265353518e-06,9.63067521116249e-06,,FALSE,FALSE,FALSE,FALSE,
CD86,IgG+ B cell,CD8+ T cell 2,,,4.77716400888548e-06,4.28031258801799e-06,aih_only,0,2,0,2,,4.52873829845173e-06,,,4.28031258801799e-06,4.77716400888548e-06,,FALSE,FALSE,FALSE,FALSE,
CD86,IgG+ B cell,CD8+ T cell 3,,,7.26074108292084e-06,9.40642590969622e-06,aih_only,0,2,0,2,,8.33358349630853e-06,,,7.26074108292084e-06,9.40642590969622e-06,,FALSE,FALSE,FALSE,FALSE,
CD86,IgG+ B cell,Cholangiocyte,,,2.89581110121885e-06,5.32026641243406e-06,aih_only,0,2,0,2,,4.10803875682646e-06,,,2.89581110121885e-06,5.32026641243406e-06,,FALSE,FALSE,FALSE,FALSE,
CD86,IgG+ B cell,Hepatocyte 1,,,4.92499913235745e-07,5.15301536335518e-07,aih_only,0,2,0,2,,5.03900724785631e-07,,,4.92499913235745e-07,5.15301536335518e-07,,FALSE,FALSE,FALSE,FALSE,
CD86,IgG+ B cell,Hepatocyte 2,,,2.68558069765976e-07,2.93306058718823e-07,aih_only,0,2,0,2,,2.809320642424e-07,,,2.68558069765976e-07,2.93306058718823e-07,,FALSE,FALSE,FALSE,FALSE,
CD86,IgG+ B cell,Hepatocyte 3,,,7.2952670483684e-07,9.63478168044221e-07,aih_only,0,2,0,2,,8.4650243644053e-07,,,7.2952670483684e-07,9.63478168044221e-07,,FALSE,FALSE,FALSE,FALSE,
CD86,IgG+ B cell,Hepatocyte 4,,,2.19361062727263e-06,5.66795824537482e-07,aih_only,0,2,0,2,,1.38020322590505e-06,,,5.66795824537482e-07,2.19361062727263e-06,,FALSE,FALSE,FALSE,FALSE,
CD86,IgG+ B cell,Ig+ hepatocyte,,,1.97317007299494e-06,3.17146255286072e-06,aih_only,0,2,0,2,,2.57231631292783e-06,,,1.97317007299494e-06,3.17146255286072e-06,,FALSE,FALSE,FALSE,FALSE,
CD86,IgG+ B cell,IgG+ B cell,,,4.81193121255322e-06,1.63765833996397e-05,aih_only,0,2,0,2,,1.05942573060964e-05,,,4.81193121255322e-06,1.63765833996397e-05,,FALSE,FALSE,FALSE,FALSE,
CD86,IgG+ B cell,IgG+ plasmablast / plasma cell,,,6.63170940578564e-06,1.0115759299874e-05,aih_only,0,2,0,2,,8.37373435282981e-06,,,6.63170940578564e-06,1.0115759299874e-05,,FALSE,FALSE,FALSE,FALSE,
CD86,IgG+ B cell,IgM+ B cell,,,4.11301031672576e-06,1.02882712061317e-05,aih_only,0,2,0,2,,7.2006407614287e-06,,,4.11301031672576e-06,1.02882712061317e-05,,FALSE,FALSE,FALSE,FALSE,
CD86,IgG+ B cell,Macrophage 1,,,2.29771634354135e-06,1.39605172912213e-06,aih_only,0,2,0,2,,1.84688403633174e-06,,,1.39605172912213e-06,2.29771634354135e-06,,FALSE,FALSE,FALSE,FALSE,
CD86,IgG+ B cell,Macrophage 2,,,2.62254995397007e-06,3.62437969792361e-06,aih_only,0,2,0,2,,3.12346482594684e-06,,,2.62254995397007e-06,3.62437969792361e-06,,FALSE,FALSE,FALSE,FALSE,
CD86,IgG+ B cell,Sinusoidal endothelial cell,,,1.37745844156604e-06,7.82012056196001e-07,aih_only,0,2,0,2,,1.07973524888102e-06,,,7.82012056196001e-07,1.37745844156604e-06,,FALSE,FALSE,FALSE,FALSE,
CD86,IgG+ B cell,Stellate cell,,,3.55228252995438e-06,5.79234929994833e-06,aih_only,0,2,0,2,,4.67231591495136e-06,,,3.55228252995438e-06,5.79234929994833e-06,,FALSE,FALSE,FALSE,FALSE,
CD86,IgG+ B cell,Vascular endothelial cell,,,2.84460822529908e-06,4.87778391879488e-06,aih_only,0,2,0,2,,3.86119607204698e-06,,,2.84460822529908e-06,4.87778391879488e-06,,FALSE,FALSE,FALSE,FALSE,
CD86,IgG+ plasmablast / plasma cell,CD4+ T cell,,,5.68275097386547e-05,8.36995346263295e-05,aih_only,0,2,0,2,,7.02635221824921e-05,,,5.68275097386547e-05,8.36995346263295e-05,,FALSE,FALSE,FALSE,FALSE,
CD86,IgG+ plasmablast / plasma cell,CD8+ T cell 1,,,2.13744019880981e-05,2.52203772270852e-05,aih_only,0,2,0,2,,2.32973896075917e-05,,,2.13744019880981e-05,2.52203772270852e-05,,FALSE,FALSE,FALSE,FALSE,
CD86,IgG+ plasmablast / plasma cell,CD8+ T cell 2,,,1.72342760688795e-05,1.58462403349867e-05,aih_only,0,2,0,2,,1.65402582019331e-05,,,1.58462403349867e-05,1.72342760688795e-05,,FALSE,FALSE,FALSE,FALSE,
CD86,IgG+ plasmablast / plasma cell,CD8+ T cell 3,,,1.98282969490664e-05,3.11120964771248e-05,aih_only,0,2,0,2,,2.54701967130956e-05,,,1.98282969490664e-05,3.11120964771248e-05,,FALSE,FALSE,FALSE,FALSE,
CD86,IgG+ plasmablast / plasma cell,Cholangiocyte,,,5.55127901225019e-06,6.86491196063987e-06,aih_only,0,2,0,2,,6.20809548644503e-06,,,5.55127901225019e-06,6.86491196063987e-06,,FALSE,FALSE,FALSE,FALSE,
CD86,IgG+ plasmablast / plasma cell,Hepatocyte 1,,,1.59291056989067e-06,1.40967776255807e-06,aih_only,0,2,0,2,,1.50129416622437e-06,,,1.40967776255807e-06,1.59291056989067e-06,,FALSE,FALSE,FALSE,FALSE,
CD86,IgG+ plasmablast / plasma cell,Hepatocyte 2,,,1.35169348068758e-06,7.02671562170678e-07,aih_only,0,2,0,2,,1.02718252142913e-06,,,7.02671562170678e-07,1.35169348068758e-06,,FALSE,FALSE,FALSE,FALSE,
CD86,IgG+ plasmablast / plasma cell,Hepatocyte 3,,,2.13059177458176e-06,1.5473185982561e-06,aih_only,0,2,0,2,,1.83895518641893e-06,,,1.5473185982561e-06,2.13059177458176e-06,,FALSE,FALSE,FALSE,FALSE,
CD86,IgG+ plasmablast / plasma cell,Hepatocyte 4,,,3.00442001085329e-06,1.18094508413749e-06,aih_only,0,2,0,2,,2.09268254749539e-06,,,1.18094508413749e-06,3.00442001085329e-06,,FALSE,FALSE,FALSE,FALSE,
CD86,IgG+ plasmablast / plasma cell,Ig+ hepatocyte,,,1.20884079594439e-05,5.59131222373703e-06,aih_only,0,2,0,2,,8.83986009159045e-06,,,5.59131222373703e-06,1.20884079594439e-05,,FALSE,FALSE,FALSE,FALSE,
CD86,IgG+ plasmablast / plasma cell,IgG+ B cell,,,7.30772874221568e-06,9.53699060403353e-06,aih_only,0,2,0,2,,8.4223596731246e-06,,,7.30772874221568e-06,9.53699060403353e-06,,FALSE,FALSE,FALSE,FALSE,
CD86,IgG+ plasmablast / plasma cell,IgG+ plasmablast / plasma cell,,,1.61173185966392e-05,2.76554344727033e-05,aih_only,0,2,0,2,,2.18863765346713e-05,,,1.61173185966392e-05,2.76554344727033e-05,,FALSE,FALSE,FALSE,FALSE,
CD86,IgG+ plasmablast / plasma cell,IgM+ B cell,,,1.11331610020079e-05,1.57427876591831e-05,aih_only,0,2,0,2,,1.34379743305955e-05,,,1.11331610020079e-05,1.57427876591831e-05,,FALSE,FALSE,FALSE,FALSE,
CD86,IgG+ plasmablast / plasma cell,Macrophage 1,,,5.44876277887243e-06,4.42168818785497e-06,aih_only,0,2,0,2,,4.9352254833637e-06,,,4.42168818785497e-06,5.44876277887243e-06,,FALSE,FALSE,FALSE,FALSE,
CD86,IgG+ plasmablast / plasma cell,Macrophage 2,,,4.68519616896975e-06,5.67386509234222e-06,aih_only,0,2,0,2,,5.17953063065598e-06,,,4.68519616896975e-06,5.67386509234222e-06,,FALSE,FALSE,FALSE,FALSE,
CD86,IgG+ plasmablast / plasma cell,Sinusoidal endothelial cell,,,2.44720618065313e-06,2.56710255579225e-06,aih_only,0,2,0,2,,2.50715436822269e-06,,,2.44720618065313e-06,2.56710255579225e-06,,FALSE,FALSE,FALSE,FALSE,
CD86,IgG+ plasmablast / plasma cell,Stellate cell,,,4.76868280676287e-06,6.28310219847517e-06,aih_only,0,2,0,2,,5.52589250261902e-06,,,4.76868280676287e-06,6.28310219847517e-06,,FALSE,FALSE,FALSE,FALSE,
CD86,IgG+ plasmablast / plasma cell,Vascular endothelial cell,,,4.36966572994497e-06,7.013538452997e-06,aih_only,0,2,0,2,,5.69160209147099e-06,,,4.36966572994497e-06,7.013538452997e-06,,FALSE,FALSE,FALSE,FALSE,
CD86,IgM+ B cell,CD4+ T cell,,,0.000114923823827697,0.00016669506597507,aih_only,0,2,0,2,,0.000140809444901383,,,0.000114923823827697,0.00016669506597507,,FALSE,FALSE,FALSE,FALSE,
CD86,IgM+ B cell,CD8+ T cell 1,,,2.29433585429376e-05,2.66061043474658e-05,aih_only,0,2,0,2,,2.47747314452017e-05,,,2.29433585429376e-05,2.66061043474658e-05,,FALSE,FALSE,FALSE,FALSE,
CD86,IgM+ B cell,CD8+ T cell 2,,,1.22499034819029e-05,2.20640232174485e-05,aih_only,0,2,0,2,,1.71569633496757e-05,,,1.22499034819029e-05,2.20640232174485e-05,,FALSE,FALSE,FALSE,FALSE,
CD86,IgM+ B cell,CD8+ T cell 3,,,2.50247354012172e-05,3.15531458349676e-05,aih_only,0,2,0,2,,2.82889406180924e-05,,,2.50247354012172e-05,3.15531458349676e-05,,FALSE,FALSE,FALSE,FALSE,
CD86,IgM+ B cell,Cholangiocyte,,,6.8947053106245e-06,9.08573259295469e-06,aih_only,0,2,0,2,,7.99021895178959e-06,,,6.8947053106245e-06,9.08573259295469e-06,,FALSE,FALSE,FALSE,FALSE,
CD86,IgM+ B cell,Hepatocyte 1,,,1.12238827009939e-06,1.80553549010004e-06,aih_only,0,2,0,2,,1.46396188009972e-06,,,1.12238827009939e-06,1.80553549010004e-06,,FALSE,FALSE,FALSE,FALSE,
CD86,IgM+ B cell,Hepatocyte 2,,,9.86329942768897e-07,6.85595206958164e-07,aih_only,0,2,0,2,,8.3596257486353e-07,,,6.85595206958164e-07,9.86329942768897e-07,,FALSE,FALSE,FALSE,FALSE,
CD86,IgM+ B cell,Hepatocyte 3,,,1.69187271034876e-06,2.29902781460949e-06,aih_only,0,2,0,2,,1.99545026247912e-06,,,1.69187271034876e-06,2.29902781460949e-06,,FALSE,FALSE,FALSE,FALSE,
CD86,IgM+ B cell,Hepatocyte 4,,,9.32279289919459e-07,1.33072837604174e-06,aih_only,0,2,0,2,,1.1315038329806e-06,,,9.32279289919459e-07,1.33072837604174e-06,,FALSE,FALSE,FALSE,FALSE,
CD86,IgM+ B cell,Ig+ hepatocyte,,,5.05544199329162e-06,2.95709603455162e-06,aih_only,0,2,0,2,,4.00626901392162e-06,,,2.95709603455162e-06,5.05544199329162e-06,,FALSE,FALSE,FALSE,FALSE,
CD86,IgM+ B cell,IgG+ B cell,,,6.08808984729016e-06,8.43325520172065e-06,aih_only,0,2,0,2,,7.26067252450541e-06,,,6.08808984729016e-06,8.43325520172065e-06,,FALSE,FALSE,FALSE,FALSE,
CD86,IgM+ B cell,IgG+ plasmablast / plasma cell,,,1.13842823879496e-05,1.63005873957185e-05,aih_only,0,2,0,2,,1.3842434891834e-05,,,1.13842823879496e-05,1.63005873957185e-05,,FALSE,FALSE,FALSE,FALSE,
CD86,IgM+ B cell,IgM+ B cell,,,4.06079807224999e-05,0.00012299541717214,aih_only,0,2,0,2,,8.18016989473199e-05,,,4.06079807224999e-05,0.00012299541717214,,FALSE,FALSE,FALSE,FALSE,
CD86,IgM+ B cell,Macrophage 1,,,5.6366974381457e-06,5.46305116603482e-06,aih_only,0,2,0,2,,5.54987430209026e-06,,,5.46305116603482e-06,5.6366974381457e-06,,FALSE,FALSE,FALSE,FALSE,
CD86,IgM+ B cell,Macrophage 2,,,7.23801265610889e-06,7.08097141401716e-06,aih_only,0,2,0,2,,7.15949203506302e-06,,,7.08097141401716e-06,7.23801265610889e-06,,FALSE,FALSE,FALSE,FALSE,
CD86,IgM+ B cell,Sinusoidal endothelial cell,,,1.68698936958908e-06,2.85396494992746e-06,aih_only,0,2,0,2,,2.27047715975827e-06,,,1.68698936958908e-06,2.85396494992746e-06,,FALSE,FALSE,FALSE,FALSE,
CD86,IgM+ B cell,Stellate cell,,,8.49562782500841e-06,9.32872428744168e-06,aih_only,0,2,0,2,,8.91217605622505e-06,,,8.49562782500841e-06,9.32872428744168e-06,,FALSE,FALSE,FALSE,FALSE,
CD86,IgM+ B cell,Vascular endothelial cell,,,7.76339648418281e-06,8.61537154275492e-06,aih_only,0,2,0,2,,8.18938401346887e-06,,,7.76339648418281e-06,8.61537154275492e-06,,FALSE,FALSE,FALSE,FALSE,
CD86,Macrophage 1,CD4+ T cell,,,0.000126453245089275,0.000135774546085448,aih_only,0,2,0,2,,0.000131113895587361,,,0.000126453245089275,0.000135774546085448,,FALSE,FALSE,FALSE,FALSE,
CD86,Macrophage 1,CD8+ T cell 1,,,9.26830886686192e-05,0.00010619462426983,aih_only,0,2,0,2,,9.94388564692248e-05,,,9.26830886686192e-05,0.00010619462426983,,FALSE,FALSE,FALSE,FALSE,
CD86,Macrophage 1,CD8+ T cell 2,,,0.000154873031245225,0.00013737605530706,aih_only,0,2,0,2,,0.000146124543276142,,,0.00013737605530706,0.000154873031245225,,FALSE,FALSE,FALSE,FALSE,
CD86,Macrophage 1,CD8+ T cell 3,,,9.26014830234214e-05,0.000116280437610225,aih_only,0,2,0,2,,0.000104440960316823,,,9.26014830234214e-05,0.000116280437610225,,FALSE,FALSE,FALSE,FALSE,
CD86,Macrophage 1,Cholangiocyte,,,8.68083584952093e-06,1.05513280251925e-05,aih_only,0,2,0,2,,9.61608193735673e-06,,,8.68083584952093e-06,1.05513280251925e-05,,FALSE,FALSE,FALSE,FALSE,
CD86,Macrophage 1,Hepatocyte 1,,,1.7340402961255e-05,1.2071376899963e-05,aih_only,0,2,0,2,,1.4705889930609e-05,,,1.2071376899963e-05,1.7340402961255e-05,,FALSE,FALSE,FALSE,FALSE,
CD86,Macrophage 1,Hepatocyte 2,,,1.20751855051625e-05,6.52724420873652e-06,aih_only,0,2,0,2,,9.30121485694951e-06,,,6.52724420873652e-06,1.20751855051625e-05,,FALSE,FALSE,FALSE,FALSE,
CD86,Macrophage 1,Hepatocyte 3,,,1.68714936738913e-05,1.62327653877173e-05,aih_only,0,2,0,2,,1.65521295308043e-05,,,1.62327653877173e-05,1.68714936738913e-05,,FALSE,FALSE,FALSE,FALSE,
CD86,Macrophage 1,Hepatocyte 4,,,1.99336397116529e-05,1.21660975683486e-05,aih_only,0,2,0,2,,1.60498686400008e-05,,,1.21660975683486e-05,1.99336397116529e-05,,FALSE,FALSE,FALSE,FALSE,
CD86,Macrophage 1,Ig+ hepatocyte,,,2.88606049256246e-05,1.55418809277034e-05,aih_only,0,2,0,2,,2.2201242926664e-05,,,1.55418809277034e-05,2.88606049256246e-05,,FALSE,FALSE,FALSE,FALSE,
CD86,Macrophage 1,IgG+ B cell,,,1.1497736867075e-05,8.38451781291552e-06,aih_only,0,2,0,2,,9.94112733999528e-06,,,8.38451781291552e-06,1.1497736867075e-05,,FALSE,FALSE,FALSE,FALSE,
CD86,Macrophage 1,IgG+ plasmablast / plasma cell,,,2.34172894576299e-05,1.93850788627945e-05,aih_only,0,2,0,2,,2.14011841602122e-05,,,1.93850788627945e-05,2.34172894576299e-05,,FALSE,FALSE,FALSE,FALSE,
CD86,Macrophage 1,IgM+ B cell,,,1.8634682032232e-05,2.11270968219721e-05,aih_only,0,2,0,2,,1.9880889427102e-05,,,1.8634682032232e-05,2.11270968219721e-05,,FALSE,FALSE,FALSE,FALSE,
CD86,Macrophage 1,Macrophage 1,,,3.12947891319391e-05,3.01769816462329e-05,aih_only,0,2,0,2,,3.0735885389086e-05,,,3.01769816462329e-05,3.12947891319391e-05,,FALSE,FALSE,FALSE,FALSE,
CD86,Macrophage 1,Macrophage 2,,,9.96571600272867e-06,1.40214197485817e-05,aih_only,0,2,0,2,,1.19935678756552e-05,,,9.96571600272867e-06,1.40214197485817e-05,,FALSE,FALSE,FALSE,FALSE,
CD86,Macrophage 1,Sinusoidal endothelial cell,,,1.78178289745134e-05,1.63070204401048e-05,aih_only,0,2,0,2,,1.70624247073091e-05,,,1.63070204401048e-05,1.78178289745134e-05,,FALSE,FALSE,FALSE,FALSE,
CD86,Macrophage 1,Stellate cell,,,1.25979257603617e-05,1.27684610755404e-05,aih_only,0,2,0,2,,1.2683193417951e-05,,,1.25979257603617e-05,1.27684610755404e-05,,FALSE,FALSE,FALSE,FALSE,
CD86,Macrophage 1,Vascular endothelial cell,,,7.25393772037906e-06,7.67000492582591e-06,aih_only,0,2,0,2,,7.46197132310248e-06,,,7.25393772037906e-06,7.67000492582591e-06,,FALSE,FALSE,FALSE,FALSE,
CD86,Macrophage 2,CD4+ T cell,,,0.000111198356953104,0.000126907704000558,aih_only,0,2,0,2,,0.000119053030476831,,,0.000111198356953104,0.000126907704000558,,FALSE,FALSE,FALSE,FALSE,
CD86,Macrophage 2,CD8+ T cell 1,,,3.26802271403937e-05,4.83513332501145e-05,aih_only,0,2,0,2,,4.05157801952541e-05,,,3.26802271403937e-05,4.83513332501145e-05,,FALSE,FALSE,FALSE,FALSE,
CD86,Macrophage 2,CD8+ T cell 2,,,2.68344385620119e-05,5.19366522501289e-05,aih_only,0,2,0,2,,3.93855454060704e-05,,,2.68344385620119e-05,5.19366522501289e-05,,FALSE,FALSE,FALSE,FALSE,
CD86,Macrophage 2,CD8+ T cell 3,,,2.99386515913022e-05,5.74541467610631e-05,aih_only,0,2,0,2,,4.36963991761827e-05,,,2.99386515913022e-05,5.74541467610631e-05,,FALSE,FALSE,FALSE,FALSE,
CD86,Macrophage 2,Cholangiocyte,,,1.11781922794592e-05,1.13950836784634e-05,aih_only,0,2,0,2,,1.12866379789613e-05,,,1.11781922794592e-05,1.13950836784634e-05,,FALSE,FALSE,FALSE,FALSE,
CD86,Macrophage 2,Hepatocyte 1,,,2.17584179117925e-06,4.50334723296411e-06,aih_only,0,2,0,2,,3.33959451207168e-06,,,2.17584179117925e-06,4.50334723296411e-06,,FALSE,FALSE,FALSE,FALSE,
CD86,Macrophage 2,Hepatocyte 2,,,2.58263419886382e-06,2.28844663243754e-06,aih_only,0,2,0,2,,2.43554041565068e-06,,,2.28844663243754e-06,2.58263419886382e-06,,FALSE,FALSE,FALSE,FALSE,
CD86,Macrophage 2,Hepatocyte 3,,,4.4264655121003e-06,6.70642387867264e-06,aih_only,0,2,0,2,,5.56644469538647e-06,,,4.4264655121003e-06,6.70642387867264e-06,,FALSE,FALSE,FALSE,FALSE,
CD86,Macrophage 2,Hepatocyte 4,,,2.79617236090156e-06,4.75800768459953e-06,aih_only,0,2,0,2,,3.77709002275054e-06,,,2.79617236090156e-06,4.75800768459953e-06,,FALSE,FALSE,FALSE,FALSE,
CD86,Macrophage 2,Ig+ hepatocyte,,,7.14073156812409e-06,9.6548713584218e-06,aih_only,0,2,0,2,,8.39780146327295e-06,,,7.14073156812409e-06,9.6548713584218e-06,,FALSE,FALSE,FALSE,FALSE,
CD86,Macrophage 2,IgG+ B cell,,,1.02124588768152e-05,1.19231557392816e-05,aih_only,0,2,0,2,,1.10678073080484e-05,,,1.02124588768152e-05,1.19231557392816e-05,,FALSE,FALSE,FALSE,FALSE,
CD86,Macrophage 2,IgG+ plasmablast / plasma cell,,,1.4773049798689e-05,2.09056350908311e-05,aih_only,0,2,0,2,,1.783934244476e-05,,,1.4773049798689e-05,2.09056350908311e-05,,FALSE,FALSE,FALSE,FALSE,
CD86,Macrophage 2,IgM+ B cell,,,1.9835527124138e-05,3.2769304400828e-05,aih_only,0,2,0,2,,2.6302415762483e-05,,,1.9835527124138e-05,3.2769304400828e-05,,FALSE,FALSE,FALSE,FALSE,
CD86,Macrophage 2,Macrophage 1,,,8.05918814655558e-06,9.13650100800651e-06,aih_only,0,2,0,2,,8.59784457728105e-06,,,8.05918814655558e-06,9.13650100800651e-06,,FALSE,FALSE,FALSE,FALSE,
CD86,Macrophage 2,Macrophage 2,,,9.5887946607074e-06,1.29719275408372e-05,aih_only,0,2,0,2,,1.12803611007723e-05,,,9.5887946607074e-06,1.29719275408372e-05,,FALSE,FALSE,FALSE,FALSE,
CD86,Macrophage 2,Sinusoidal endothelial cell,,,3.60242705521477e-06,7.0388155824124e-06,aih_only,0,2,0,2,,5.32062131881359e-06,,,3.60242705521477e-06,7.0388155824124e-06,,FALSE,FALSE,FALSE,FALSE,
CD86,Macrophage 2,Stellate cell,,,1.05901553299362e-05,1.1004057913083e-05,aih_only,0,2,0,2,,1.07971066215096e-05,,,1.05901553299362e-05,1.1004057913083e-05,,FALSE,FALSE,FALSE,FALSE,
CD86,Macrophage 2,Vascular endothelial cell,,,7.7745576081116e-06,9.81710377279608e-06,aih_only,0,2,0,2,,8.79583069045384e-06,,,7.7745576081116e-06,9.81710377279608e-06,,FALSE,FALSE,FALSE,FALSE,
CD86,Sinusoidal endothelial cell,CD4+ T cell,,,2.97855554660782e-05,3.47398513681202e-05,aih_only,0,2,0,2,,3.22627034170992e-05,,,2.97855554660782e-05,3.47398513681202e-05,,FALSE,FALSE,FALSE,FALSE,
CD86,Sinusoidal endothelial cell,CD8+ T cell 1,,,2.69069123192817e-05,3.05878391292864e-05,aih_only,0,2,0,2,,2.87473757242841e-05,,,2.69069123192817e-05,3.05878391292864e-05,,FALSE,FALSE,FALSE,FALSE,
CD86,Sinusoidal endothelial cell,CD8+ T cell 2,,,3.37268082458002e-05,4.41312833203831e-05,aih_only,0,2,0,2,,3.89290457830917e-05,,,3.37268082458002e-05,4.41312833203831e-05,,FALSE,FALSE,FALSE,FALSE,
CD86,Sinusoidal endothelial cell,CD8+ T cell 3,,,2.05154294386866e-05,3.40279492660471e-05,aih_only,0,2,0,2,,2.72716893523669e-05,,,2.05154294386866e-05,3.40279492660471e-05,,FALSE,FALSE,FALSE,FALSE,
CD86,Sinusoidal endothelial cell,Cholangiocyte,,,1.63417349459753e-06,3.32887824327721e-06,aih_only,0,2,0,2,,2.48152586893737e-06,,,1.63417349459753e-06,3.32887824327721e-06,,FALSE,FALSE,FALSE,FALSE,
CD86,Sinusoidal endothelial cell,Hepatocyte 1,,,4.0735763088186e-06,3.59956592757128e-06,aih_only,0,2,0,2,,3.83657111819494e-06,,,3.59956592757128e-06,4.0735763088186e-06,,FALSE,FALSE,FALSE,FALSE,
CD86,Sinusoidal endothelial cell,Hepatocyte 2,,,3.00715076434301e-06,1.79807195477812e-06,aih_only,0,2,0,2,,2.40261135956057e-06,,,1.79807195477812e-06,3.00715076434301e-06,,FALSE,FALSE,FALSE,FALSE,
CD86,Sinusoidal endothelial cell,Hepatocyte 3,,,3.69694374041847e-06,4.61175675099642e-06,aih_only,0,2,0,2,,4.15435024570745e-06,,,3.69694374041847e-06,4.61175675099642e-06,,FALSE,FALSE,FALSE,FALSE,
CD86,Sinusoidal endothelial cell,Hepatocyte 4,,,3.21051865357288e-06,3.92774282576748e-06,aih_only,0,2,0,2,,3.56913073967018e-06,,,3.21051865357288e-06,3.92774282576748e-06,,FALSE,FALSE,FALSE,FALSE,
CD86,Sinusoidal endothelial cell,Ig+ hepatocyte,,,6.49999319655313e-06,6.18562241293537e-06,aih_only,0,2,0,2,,6.34280780474425e-06,,,6.18562241293537e-06,6.49999319655313e-06,,FALSE,FALSE,FALSE,FALSE,
CD86,Sinusoidal endothelial cell,IgG+ B cell,,,2.8470443326183e-06,2.97753050265335e-06,aih_only,0,2,0,2,,2.91228741763582e-06,,,2.8470443326183e-06,2.97753050265335e-06,,FALSE,FALSE,FALSE,FALSE,
CD86,Sinusoidal endothelial cell,IgG+ plasmablast / plasma cell,,,5.99733165089563e-06,3.92118512849727e-06,aih_only,0,2,0,2,,4.95925838969645e-06,,,3.92118512849727e-06,5.99733165089563e-06,,FALSE,FALSE,FALSE,FALSE,
CD86,Sinusoidal endothelial cell,IgM+ B cell,,,3.4755729709405e-06,4.87180082799164e-06,aih_only,0,2,0,2,,4.17368689946607e-06,,,3.4755729709405e-06,4.87180082799164e-06,,FALSE,FALSE,FALSE,FALSE,
CD86,Sinusoidal endothelial cell,Macrophage 1,,,6.54383255020565e-06,6.44904197609542e-06,aih_only,0,2,0,2,,6.49643726315054e-06,,,6.44904197609542e-06,6.54383255020565e-06,,FALSE,FALSE,FALSE,FALSE,
CD86,Sinusoidal endothelial cell,Macrophage 2,,,2.92698744999266e-06,4.52001935714048e-06,aih_only,0,2,0,2,,3.72350340356657e-06,,,2.92698744999266e-06,4.52001935714048e-06,,FALSE,FALSE,FALSE,FALSE,
CD86,Sinusoidal endothelial cell,Sinusoidal endothelial cell,,,1.13513475304576e-05,1.02140894795456e-05,aih_only,0,2,0,2,,1.07827185050016e-05,,,1.02140894795456e-05,1.13513475304576e-05,,FALSE,FALSE,FALSE,FALSE,
CD86,Sinusoidal endothelial cell,Stellate cell,,,4.94648855564999e-06,4.45106812298167e-06,aih_only,0,2,0,2,,4.69877833931583e-06,,,4.45106812298167e-06,4.94648855564999e-06,,FALSE,FALSE,FALSE,FALSE,
CD86,Sinusoidal endothelial cell,Vascular endothelial cell,,,8.22430261112424e-07,2.57234547000906e-06,aih_only,0,2,0,2,,1.69738786556074e-06,,,8.22430261112424e-07,2.57234547000906e-06,,FALSE,FALSE,FALSE,FALSE,
CD86,Stellate cell,CD4+ T cell,,,3.93501926865028e-05,4.96635888323363e-05,aih_only,0,2,0,2,,4.45068907594196e-05,,,3.93501926865028e-05,4.96635888323363e-05,,FALSE,FALSE,FALSE,FALSE,
CD86,Stellate cell,CD8+ T cell 1,,,1.59295241981268e-05,1.97598086475835e-05,aih_only,0,2,0,2,,1.78446664228552e-05,,,1.59295241981268e-05,1.97598086475835e-05,,FALSE,FALSE,FALSE,FALSE,
CD86,Stellate cell,CD8+ T cell 2,,,1.01141262693389e-05,2.18427066303582e-05,aih_only,0,2,0,2,,1.59784164498486e-05,,,1.01141262693389e-05,2.18427066303582e-05,,FALSE,FALSE,FALSE,FALSE,
CD86,Stellate cell,CD8+ T cell 3,,,1.24078272679532e-05,2.30677119021078e-05,aih_only,0,2,0,2,,1.77377695850305e-05,,,1.24078272679532e-05,2.30677119021078e-05,,FALSE,FALSE,FALSE,FALSE,
CD86,Stellate cell,Cholangiocyte,,,3.25032093914676e-06,4.69927054585563e-06,aih_only,0,2,0,2,,3.9747957425012e-06,,,3.25032093914676e-06,4.69927054585563e-06,,FALSE,FALSE,FALSE,FALSE,
CD86,Stellate cell,Hepatocyte 1,,,1.13365056287406e-06,2.04911543044724e-06,aih_only,0,2,0,2,,1.59138299666065e-06,,,1.13365056287406e-06,2.04911543044724e-06,,FALSE,FALSE,FALSE,FALSE,
CD86,Stellate cell,Hepatocyte 2,,,8.02068369750682e-07,1.03367726770328e-06,aih_only,0,2,0,2,,9.17872818726979e-07,,,8.02068369750682e-07,1.03367726770328e-06,,FALSE,FALSE,FALSE,FALSE,
CD86,Stellate cell,Hepatocyte 3,,,1.3606884098836e-06,2.97670805898995e-06,aih_only,0,2,0,2,,2.16869823443678e-06,,,1.3606884098836e-06,2.97670805898995e-06,,FALSE,FALSE,FALSE,FALSE,
CD86,Stellate cell,Hepatocyte 4,,,1.30278387374053e-06,1.93117894004275e-06,aih_only,0,2,0,2,,1.61698140689164e-06,,,1.30278387374053e-06,1.93117894004275e-06,,FALSE,FALSE,FALSE,FALSE,
CD86,Stellate cell,Ig+ hepatocyte,,,4.13974967118129e-06,3.07181437615865e-06,aih_only,0,2,0,2,,3.60578202366997e-06,,,3.07181437615865e-06,4.13974967118129e-06,,FALSE,FALSE,FALSE,FALSE,
CD86,Stellate cell,IgG+ B cell,,,4.303264015232e-06,4.56963642495784e-06,aih_only,0,2,0,2,,4.43645022009492e-06,,,4.303264015232e-06,4.56963642495784e-06,,FALSE,FALSE,FALSE,FALSE,
CD86,Stellate cell,IgG+ plasmablast / plasma cell,,,5.97383985131135e-06,7.73715617272724e-06,aih_only,0,2,0,2,,6.8554980120193e-06,,,5.97383985131135e-06,7.73715617272724e-06,,FALSE,FALSE,FALSE,FALSE,
CD86,Stellate cell,IgM+ B cell,,,6.83408557046519e-06,1.37920934126567e-05,aih_only,0,2,0,2,,1.03130894915609e-05,,,6.83408557046519e-06,1.37920934126567e-05,,FALSE,FALSE,FALSE,FALSE,
CD86,Stellate cell,Macrophage 1,,,3.97885152037318e-06,4.22486765609715e-06,aih_only,0,2,0,2,,4.10185958823517e-06,,,3.97885152037318e-06,4.22486765609715e-06,,FALSE,FALSE,FALSE,FALSE,
CD86,Stellate cell,Macrophage 2,,,3.06826699249176e-06,4.31734126959929e-06,aih_only,0,2,0,2,,3.69280413104552e-06,,,3.06826699249176e-06,4.31734126959929e-06,,FALSE,FALSE,FALSE,FALSE,
CD86,Stellate cell,Sinusoidal endothelial cell,,,3.27105746425784e-06,3.09395673402033e-06,aih_only,0,2,0,2,,3.18250709913909e-06,,,3.09395673402033e-06,3.27105746425784e-06,,FALSE,FALSE,FALSE,FALSE,
CD86,Stellate cell,Stellate cell,,,5.69075621652294e-06,6.82979439859382e-06,aih_only,0,2,0,2,,6.26027530755838e-06,,,5.69075621652294e-06,6.82979439859382e-06,,FALSE,FALSE,FALSE,FALSE,
CD86,Stellate cell,Vascular endothelial cell,,,3.04557411564073e-06,5.26035281746994e-06,aih_only,0,2,0,2,,4.15296346655534e-06,,,3.04557411564073e-06,5.26035281746994e-06,,FALSE,FALSE,FALSE,FALSE,
CD86,Vascular endothelial cell,CD4+ T cell,,,4.87345024541739e-05,5.13692418922127e-05,aih_only,0,2,0,2,,5.00518721731933e-05,,,4.87345024541739e-05,5.13692418922127e-05,,FALSE,FALSE,FALSE,FALSE,
CD86,Vascular endothelial cell,CD8+ T cell 1,,,8.7639313415405e-06,9.30189030495641e-06,aih_only,0,2,0,2,,9.03291082324845e-06,,,8.7639313415405e-06,9.30189030495641e-06,,FALSE,FALSE,FALSE,FALSE,
CD86,Vascular endothelial cell,CD8+ T cell 2,,,4.22421252632717e-06,3.33350341599391e-06,aih_only,0,2,0,2,,3.77885797116054e-06,,,3.33350341599391e-06,4.22421252632717e-06,,FALSE,FALSE,FALSE,FALSE,
CD86,Vascular endothelial cell,CD8+ T cell 3,,,8.70405039467678e-06,1.28882948240373e-05,aih_only,0,2,0,2,,1.0796172609357e-05,,,8.70405039467678e-06,1.28882948240373e-05,,FALSE,FALSE,FALSE,FALSE,
CD86,Vascular endothelial cell,Cholangiocyte,,,2.60984048482257e-06,3.34797505608258e-06,aih_only,0,2,0,2,,2.97890777045257e-06,,,2.60984048482257e-06,3.34797505608258e-06,,FALSE,FALSE,FALSE,FALSE,
CD86,Vascular endothelial cell,Hepatocyte 1,,,2.50176161094288e-07,4.48134736623486e-07,aih_only,0,2,0,2,,3.49155448858887e-07,,,2.50176161094288e-07,4.48134736623486e-07,,FALSE,FALSE,FALSE,FALSE,
CD86,Vascular endothelial cell,Hepatocyte 2,,,4.92373999438051e-07,1.84826854597007e-07,aih_only,0,2,0,2,,3.38600427017529e-07,,,1.84826854597007e-07,4.92373999438051e-07,,FALSE,FALSE,FALSE,FALSE,
CD86,Vascular endothelial cell,Hepatocyte 3,,,1.48518831069689e-06,8.16563761269643e-07,aih_only,0,2,0,2,,1.15087603598327e-06,,,8.16563761269643e-07,1.48518831069689e-06,,FALSE,FALSE,FALSE,FALSE,
CD86,Vascular endothelial cell,Hepatocyte 4,,,3.21063675355244e-07,2.95924092892235e-07,aih_only,0,2,0,2,,3.08493884123739e-07,,,2.95924092892235e-07,3.21063675355244e-07,,FALSE,FALSE,FALSE,FALSE,
CD86,Vascular endothelial cell,Ig+ hepatocyte,,,2.18931081992265e-06,7.46386408970021e-07,aih_only,0,2,0,2,,1.46784861444633e-06,,,7.46386408970021e-07,2.18931081992265e-06,,FALSE,FALSE,FALSE,FALSE,
CD86,Vascular endothelial cell,IgG+ B cell,,,2.80334327645203e-06,5.29006726406877e-06,aih_only,0,2,0,2,,4.0467052702604e-06,,,2.80334327645203e-06,5.29006726406877e-06,,FALSE,FALSE,FALSE,FALSE,
CD86,Vascular endothelial cell,IgG+ plasmablast / plasma cell,,,4.96712843228045e-06,6.52483425394706e-06,aih_only,0,2,0,2,,5.74598134311375e-06,,,4.96712843228045e-06,6.52483425394706e-06,,FALSE,FALSE,FALSE,FALSE,
CD86,Vascular endothelial cell,IgM+ B cell,,,8.67265722805603e-06,1.56147502685922e-05,aih_only,0,2,0,2,,1.21437037483241e-05,,,8.67265722805603e-06,1.56147502685922e-05,,FALSE,FALSE,FALSE,FALSE,
CD86,Vascular endothelial cell,Macrophage 1,,,2.57976685922044e-06,1.41018746894822e-06,aih_only,0,2,0,2,,1.99497716408433e-06,,,1.41018746894822e-06,2.57976685922044e-06,,FALSE,FALSE,FALSE,FALSE,
CD86,Vascular endothelial cell,Macrophage 2,,,2.80601091297943e-06,2.6731619804804e-06,aih_only,0,2,0,2,,2.73958644672992e-06,,,2.6731619804804e-06,2.80601091297943e-06,,FALSE,FALSE,FALSE,FALSE,
CD86,Vascular endothelial cell,Sinusoidal endothelial cell,,,1.55965136293916e-07,9.70204930098669e-07,aih_only,0,2,0,2,,5.63085033196292e-07,,,1.55965136293916e-07,9.70204930098669e-07,,FALSE,FALSE,FALSE,FALSE,
CD86,Vascular endothelial cell,Stellate cell,,,3.89571043663667e-06,4.63790508571784e-06,aih_only,0,2,0,2,,4.26680776117725e-06,,,3.89571043663667e-06,4.63790508571784e-06,,FALSE,FALSE,FALSE,FALSE,
CD86,Vascular endothelial cell,Vascular endothelial cell,,,9.44706655472896e-06,1.05404138579211e-05,aih_only,0,2,0,2,,9.99374020632504e-06,,,9.44706655472896e-06,1.05404138579211e-05,,FALSE,FALSE,FALSE,FALSE,
CSF,CD4+ T cell,CD4+ T cell,0.000145374021549986,8.32404734616712e-05,3.83167881085387e-05,3.82593466091065e-05,all4,2,2,2,2,0.000114307247505829,3.82880673588226e-05,8.32404734616712e-05,0.000145374021549986,3.82593466091065e-05,3.83167881085387e-05,1.57570073156836,TRUE,TRUE,FALSE,TRUE,irHepatitis
CSF,CD4+ T cell,CD8+ T cell 1,6.23288775941686e-05,2.52837503163796e-05,1.55102666660355e-05,1.37466791507212e-05,all4,2,2,2,2,4.38063139552741e-05,1.46284729083784e-05,2.52837503163796e-05,6.23288775941686e-05,1.37466791507212e-05,1.55102666660355e-05,1.57647795692664,TRUE,TRUE,FALSE,TRUE,irHepatitis
CSF,CD4+ T cell,CD8+ T cell 2,2.26549362960032e-05,1.408274567098e-05,3.95151581046272e-06,4.86183214433529e-06,all4,2,2,2,2,1.83688409834916e-05,4.40667397739901e-06,1.408274567098e-05,2.26549362960032e-05,3.95151581046272e-06,4.86183214433529e-06,2.03740469234803,TRUE,TRUE,FALSE,TRUE,irHepatitis
CSF,CD4+ T cell,CD8+ T cell 3,3.5100322256584e-05,6.82837927148497e-06,1.76702591682038e-05,1.21276228506776e-05,all4,2,2,2,2,2.09643507640345e-05,1.48989410094407e-05,6.82837927148497e-06,3.5100322256584e-05,1.21276228506776e-05,1.76702591682038e-05,0.49022254886286,TRUE,FALSE,FALSE,FALSE,
CSF,CD4+ T cell,Cholangiocyte,3.23746446031332e-05,3.15127841356604e-05,1.53136466158306e-05,1.0411377149951e-05,all4,2,2,2,2,3.19437143693968e-05,1.28625118828908e-05,3.15127841356604e-05,3.23746446031332e-05,1.0411377149951e-05,1.53136466158306e-05,1.30636544871595,TRUE,TRUE,FALSE,TRUE,irHepatitis
CSF,CD4+ T cell,Hepatocyte 1,2.89787834635715e-06,6.30716651214048e-07,2.03445508896048e-06,2.42354917602429e-06,all4,2,2,2,2,1.7642974987856e-06,2.22900213249238e-06,6.30716651214048e-07,2.89787834635715e-06,2.03445508896048e-06,2.42354917602429e-06,-0.322646144237693,TRUE,FALSE,FALSE,FALSE,
CSF,CD4+ T cell,Hepatocyte 2,7.79318639602603e-07,5.24472938891405e-07,1.84942815562793e-06,1.8649223167567e-06,all4,2,2,2,2,6.51895789247004e-07,1.85717523619231e-06,5.24472938891405e-07,7.79318639602603e-07,1.84942815562793e-06,1.8649223167567e-06,-1.39220793697662,TRUE,FALSE,TRUE,TRUE,AIH
CSF,CD4+ T cell,Hepatocyte 3,1.03011750622212e-06,1.6582084108604e-08,1.34350289278489e-06,1.38808150556706e-06,all4,2,2,2,2,5.23349795165363e-07,1.36579219917597e-06,1.6582084108604e-08,1.03011750622212e-06,1.34350289278489e-06,1.38808150556706e-06,-1.24715099369663,TRUE,FALSE,TRUE,TRUE,AIH
CSF,CD4+ T cell,Hepatocyte 4,2.89332877500744e-06,4.20933531610898e-08,2.4401385631523e-06,2.12418460522665e-06,all4,2,2,2,2,1.46771106408426e-06,2.28216158418947e-06,4.20933531610898e-08,2.89332877500744e-06,2.12418460522665e-06,2.4401385631523e-06,-0.606804656251028,TRUE,FALSE,FALSE,FALSE,
CSF,CD4+ T cell,Ig+ hepatocyte,3.35397366670219e-05,,4.90915300755233e-06,5.99411488240867e-06,all4,2,2,1,2,3.35397366670219e-05,5.4516339449805e-06,,,4.90915300755233e-06,5.99411488240867e-06,2.60137469275593,FALSE,FALSE,FALSE,FALSE,
CSF,CD4+ T cell,IgG+ B cell,3.36405063368686e-05,0,7.54107990023598e-06,1.18239327031403e-05,all4,2,2,2,2,1.68202531684343e-05,9.68250630168813e-06,0,3.36405063368686e-05,7.54107990023598e-06,1.18239327031403e-05,0.791103627988122,TRUE,FALSE,FALSE,FALSE,
CSF,CD4+ T cell,IgG+ plasmablast / plasma cell,8.35160556031768e-05,3.51983490555137e-05,1.57061636655802e-05,1.8319311388687e-05,all4,2,2,2,2,5.93572023293453e-05,1.70127375271336e-05,3.51983490555137e-05,8.35160556031768e-05,1.57061636655802e-05,1.8319311388687e-05,1.79738732327768,TRUE,TRUE,FALSE,TRUE,irHepatitis
CSF,CD4+ T cell,IgM+ B cell,0.000153035047526632,4.52521457811555e-05,3.28244866782595e-05,3.76997386247748e-05,all4,2,2,2,2,9.91435966538939e-05,3.52621126515171e-05,4.52521457811555e-05,0.000153035047526632,3.28244866782595e-05,3.76997386247748e-05,1.48903469120539,TRUE,TRUE,FALSE,TRUE,irHepatitis
CSF,CD4+ T cell,Macrophage 1,8.8231251129468e-05,4.01547973582644e-05,4.1118593770185e-05,3.35828176262642e-05,all4,2,2,2,2,6.41930242438662e-05,3.73507056982246e-05,4.01547973582644e-05,8.8231251129468e-05,3.35828176262642e-05,4.1118593770185e-05,0.779831694897759,TRUE,FALSE,FALSE,FALSE,
CSF,CD4+ T cell,Macrophage 2,8.56859237702611e-05,7.97142527338937e-05,4.11072820295223e-05,3.84956433207272e-05,all4,2,2,2,2,8.27000882520774e-05,3.98014626751248e-05,7.97142527338937e-05,8.56859237702611e-05,3.84956433207272e-05,4.11072820295223e-05,1.05337980325835,TRUE,TRUE,FALSE,TRUE,irHepatitis
CSF,CD4+ T cell,Sinusoidal endothelial cell,2.66627456530029e-06,1.31700157889845e-06,8.870004872662e-06,8.18176554868942e-06,all4,2,2,2,2,1.99163807209937e-06,8.52588521067571e-06,1.31700157889845e-06,2.66627456530029e-06,8.18176554868942e-06,8.870004872662e-06,-2.04932940797942,TRUE,FALSE,TRUE,TRUE,AIH
CSF,CD4+ T cell,Stellate cell,1.99674896864703e-05,1.21490265838079e-05,1.50042713336458e-05,1.35883628873147e-05,all4,2,2,2,2,1.60582581351391e-05,1.42963171104803e-05,1.21490265838079e-05,1.99674896864703e-05,1.35883628873147e-05,1.50042713336458e-05,0.16668227707695,TRUE,FALSE,FALSE,FALSE,
CSF,CD4+ T cell,Vascular endothelial cell,2.49591314376789e-05,1.34691815827798e-05,1.83885265485115e-05,1.21307238949703e-05,all4,2,2,2,2,1.92141565102294e-05,1.52596252217409e-05,1.34691815827798e-05,2.49591314376789e-05,1.21307238949703e-05,1.83885265485115e-05,0.330709904562235,TRUE,FALSE,FALSE,FALSE,
CSF,CD8+ T cell 1,CD4+ T cell,5.8484364152518e-05,4.52760631792426e-05,2.24999779532353e-05,1.67502866476247e-05,all4,2,2,2,2,5.18802136658803e-05,1.962513230043e-05,4.52760631792426e-05,5.8484364152518e-05,1.67502866476247e-05,2.24999779532353e-05,1.39838588709633,TRUE,TRUE,FALSE,TRUE,irHepatitis
CSF,CD8+ T cell 1,CD8+ T cell 1,0.000102631148205638,0.000103037028523154,4.59318324724196e-05,4.10807331140628e-05,all4,2,2,2,2,0.000102834088364396,4.35062827932412e-05,0.000102631148205638,0.000103037028523154,4.10807331140628e-05,4.59318324724196e-05,1.239305436456,TRUE,TRUE,FALSE,TRUE,irHepatitis
CSF,CD8+ T cell 1,CD8+ T cell 2,4.03000883013515e-05,3.51424719667736e-05,2.01718207631784e-05,1.64404605018266e-05,all4,2,2,2,2,3.77212801340626e-05,1.83061406325025e-05,3.51424719667736e-05,4.03000883013515e-05,1.64404605018266e-05,2.01718207631784e-05,1.03941736445326,TRUE,TRUE,FALSE,TRUE,irHepatitis
CSF,CD8+ T cell 1,CD8+ T cell 3,6.774792364236e-05,7.00076219477526e-05,4.36810670054699e-05,3.69141382880052e-05,all4,2,2,2,2,6.88777727950563e-05,4.02976026467376e-05,6.774792364236e-05,7.00076219477526e-05,3.69141382880052e-05,4.36810670054699e-05,0.772011263583924,TRUE,TRUE,FALSE,TRUE,irHepatitis
CSF,CD8+ T cell 1,Cholangiocyte,3.57867337664887e-05,2.50084421807066e-05,1.43053130879412e-05,1.0829582809879e-05,all4,2,2,2,2,3.03975879735977e-05,1.25674479489101e-05,2.50084421807066e-05,3.57867337664887e-05,1.0829582809879e-05,1.43053130879412e-05,1.26824175888408,TRUE,TRUE,FALSE,TRUE,irHepatitis
CSF,CD8+ T cell 1,Hepatocyte 1,1.15403431927664e-05,8.61080979384199e-06,1.182766220608e-05,1.01315891101744e-05,all4,2,2,2,2,1.00755764933042e-05,1.09796256581272e-05,8.61080979384199e-06,1.15403431927664e-05,1.01315891101744e-05,1.182766220608e-05,-0.122915496499248,TRUE,FALSE,FALSE,FALSE,
CSF,CD8+ T cell 1,Hepatocyte 2,7.5298133598326e-06,7.76390117838051e-06,9.79242107898999e-06,6.97725553799089e-06,all4,2,2,2,2,7.64685726910656e-06,8.38483830849044e-06,7.5298133598326e-06,7.76390117838051e-06,6.97725553799089e-06,9.79242107898999e-06,-0.13143971758543,TRUE,FALSE,FALSE,FALSE,
CSF,CD8+ T cell 1,Hepatocyte 3,4.98501165831475e-06,5.5430422319337e-06,9.54586600636379e-06,6.0914988117783e-06,all4,2,2,2,2,5.26402694512423e-06,7.81868240907105e-06,4.98501165831475e-06,5.5430422319337e-06,6.0914988117783e-06,9.54586600636379e-06,-0.562821180269143,TRUE,FALSE,TRUE,TRUE,AIH
CSF,CD8+ T cell 1,Hepatocyte 4,1.36663823460242e-05,4.86477941396031e-06,1.28391990245999e-05,9.24452168074576e-06,all4,2,2,2,2,9.26558087999225e-06,1.10418603526728e-05,4.86477941396031e-06,1.36663823460242e-05,9.24452168074576e-06,1.28391990245999e-05,-0.250797901959645,TRUE,FALSE,FALSE,FALSE,
CSF,CD8+ T cell 1,Ig+ hepatocyte,3.12755231799667e-05,,1.73347641644672e-05,1.31402272422955e-05,all4,2,2,1,2,3.12755231799667e-05,1.52374957033813e-05,,,1.31402272422955e-05,1.73347641644672e-05,1.03306217148628,FALSE,FALSE,FALSE,FALSE,
CSF,CD8+ T cell 1,IgG+ B cell,1.66544992069643e-05,4.95627756736829e-07,1.09463953086062e-05,5.26103809186811e-06,all4,2,2,2,2,8.57506348185057e-06,8.10371670023717e-06,4.95627756736829e-07,1.66544992069643e-05,5.26103809186811e-06,1.09463953086062e-05,0.0806932111194702,TRUE,FALSE,FALSE,FALSE,
CSF,CD8+ T cell 1,IgG+ plasmablast / plasma cell,4.16196984567867e-05,6.88311223213969e-05,2.35104836712072e-05,1.71966491074265e-05,all4,2,2,2,2,5.52254103890918e-05,2.03535663893169e-05,4.16196984567867e-05,6.88311223213969e-05,1.71966491074265e-05,2.35104836712072e-05,1.4360387624897,TRUE,TRUE,FALSE,TRUE,irHepatitis
CSF,CD8+ T cell 1,IgM+ B cell,6.51396545509476e-05,4.07862082013211e-05,1.93238738261683e-05,1.46758203936521e-05,all4,2,2,2,2,5.29629313761344e-05,1.69998471099102e-05,4.07862082013211e-05,6.51396545509476e-05,1.46758203936521e-05,1.93238738261683e-05,1.63429838086601,TRUE,TRUE,FALSE,TRUE,irHepatitis
CSF,CD8+ T cell 1,Macrophage 1,0.000210751448258498,0.000308065157711854,0.000112718377648389,9.19725878097639e-05,all4,2,2,2,2,0.000259408302985176,0.000102345482729077,0.000210751448258498,0.000308065157711854,9.19725878097639e-05,0.000112718377648389,1.34101037040201,TRUE,TRUE,FALSE,TRUE,irHepatitis
CSF,CD8+ T cell 1,Macrophage 2,8.80202005196437e-05,0.000137411327282006,4.50261018064092e-05,4.23005194552761e-05,all4,2,2,2,2,0.000112715763900825,4.36633106308427e-05,8.80202005196437e-05,0.000137411327282006,4.23005194552761e-05,4.50261018064092e-05,1.36637860226936,TRUE,TRUE,FALSE,TRUE,irHepatitis
CSF,CD8+ T cell 1,Sinusoidal endothelial cell,2.18130958761748e-05,1.92896950694534e-05,4.29964040554994e-05,3.15958530349488e-05,all4,2,2,2,2,2.05513954728141e-05,3.72961285452241e-05,1.92896950694534e-05,2.18130958761748e-05,3.15958530349488e-05,4.29964040554994e-05,-0.85696553086883,TRUE,FALSE,TRUE,TRUE,AIH
CSF,CD8+ T cell 1,Stellate cell,2.92704947673133e-05,2.87054162732301e-05,2.42258979227403e-05,2.03085722478271e-05,all4,2,2,2,2,2.89879555202717e-05,2.22672350852837e-05,2.87054162732301e-05,2.92704947673133e-05,2.03085722478271e-05,2.42258979227403e-05,0.379185463407801,TRUE,TRUE,FALSE,TRUE,irHepatitis
CSF,CD8+ T cell 1,Vascular endothelial cell,2.6811778800439e-05,1.38794399132236e-05,1.04125116256755e-05,7.93469949302269e-06,all4,2,2,2,2,2.03456093568313e-05,9.17360555934907e-06,1.38794399132236e-05,2.6811778800439e-05,7.93469949302269e-06,1.04125116256755e-05,1.14144757199592,TRUE,TRUE,FALSE,TRUE,irHepatitis
CSF,CD8+ T cell 2,CD4+ T cell,7.60176940148608e-05,1.31357466586563e-05,1.49237127102757e-05,1.44007874725347e-05,all4,2,2,2,2,4.45767203367586e-05,1.46622500914052e-05,1.31357466586563e-05,7.60176940148608e-05,1.44007874725347e-05,1.49237127102757e-05,1.5982714940928,TRUE,FALSE,FALSE,FALSE,
CSF,CD8+ T cell 2,CD8+ T cell 1,0.000114201986083858,6.73045667575302e-05,6.33270778462616e-05,3.956564654927e-05,all4,2,2,2,2,9.07532764206942e-05,5.14463621977658e-05,6.73045667575302e-05,0.000114201986083858,3.956564654927e-05,6.33270778462616e-05,0.817790178891132,TRUE,TRUE,FALSE,TRUE,irHepatitis
CSF,CD8+ T cell 2,CD8+ T cell 2,0.000461549457216364,0.000130507640978782,9.07860729574178e-05,5.38806126809443e-05,all4,2,2,2,2,0.000296028549097573,7.23333428191811e-05,0.000130507640978782,0.000461549457216364,5.38806126809443e-05,9.07860729574178e-05,2.03164961239576,TRUE,TRUE,FALSE,TRUE,irHepatitis
CSF,CD8+ T cell 2,CD8+ T cell 3,3.31817596384875e-05,0.000177018759337091,7.40255292277936e-05,4.27891943479214e-05,all4,2,2,2,2,0.000105100259487789,5.84073617878575e-05,3.31817596384875e-05,0.000177018759337091,4.27891943479214e-05,7.40255292277936e-05,0.846558686231832,TRUE,FALSE,FALSE,FALSE,
CSF,CD8+ T cell 2,Cholangiocyte,7.53646237240642e-05,3.0202972354237e-05,6.40971303228305e-06,9.07872523123475e-06,all4,2,2,2,2,5.27837980391506e-05,7.7442191317589e-06,3.0202972354237e-05,7.53646237240642e-05,6.40971303228305e-06,9.07872523123475e-06,2.75470638698829,TRUE,TRUE,FALSE,TRUE,irHepatitis
CSF,CD8+ T cell 2,Hepatocyte 1,1.83900177597649e-05,1.08324539266098e-05,3.76785242416419e-05,1.43555525536435e-05,all4,2,2,2,2,1.46112358431873e-05,2.60170383976427e-05,1.08324539266098e-05,1.83900177597649e-05,1.43555525536435e-05,3.76785242416419e-05,-0.828505416150935,TRUE,FALSE,FALSE,FALSE,
CSF,CD8+ T cell 2,Hepatocyte 2,8.13165698129152e-06,7.58019362584216e-06,3.12602371721718e-05,1.0906536716331e-05,all4,2,2,2,2,7.85592530356684e-06,2.10833869442514e-05,7.58019362584216e-06,8.13165698129152e-06,1.0906536716331e-05,3.12602371721718e-05,-1.41397563873667,TRUE,FALSE,TRUE,TRUE,AIH
CSF,CD8+ T cell 2,Hepatocyte 3,1.31521297740226e-05,6.21712117999604e-06,2.39508465419333e-05,1.01987451178264e-05,all4,2,2,2,2,9.68462547700932e-06,1.70747958298799e-05,6.21712117999604e-06,1.31521297740226e-05,1.01987451178264e-05,2.39508465419333e-05,-0.812345366888468,TRUE,FALSE,FALSE,FALSE,
CSF,CD8+ T cell 2,Hepatocyte 4,7.38516702727417e-08,1.62725177327304e-06,3.83372201256177e-05,1.35926994926342e-05,all4,2,2,2,2,8.50551721772889e-07,2.59649598091259e-05,7.38516702727417e-08,1.62725177327304e-06,1.35926994926342e-05,3.83372201256177e-05,-4.79204655447865,TRUE,FALSE,TRUE,TRUE,AIH
CSF,CD8+ T cell 2,Ig+ hepatocyte,0,,3.22796241233004e-05,1.26353885528552e-05,all4,2,2,1,2,0,2.24575063380778e-05,,,1.26353885528552e-05,3.22796241233004e-05,-7.97033555782369,FALSE,FALSE,FALSE,FALSE,
CSF,CD8+ T cell 2,IgG+ B cell,9.01924843176984e-06,7.97353551779326e-07,3.8651609058465e-06,3.20277532004393e-06,all4,2,2,2,2,4.90830099177458e-06,3.53396811294522e-06,7.97353551779326e-07,9.01924843176984e-06,3.20277532004393e-06,3.8651609058465e-06,0.463877856317275,TRUE,FALSE,FALSE,FALSE,
CSF,CD8+ T cell 2,IgG+ plasmablast / plasma cell,3.90411622070397e-05,7.49860203309802e-06,1.69828054115325e-05,1.12491147432677e-05,all4,2,2,2,2,2.32698821200689e-05,1.41159600774001e-05,7.49860203309802e-06,3.90411622070397e-05,1.12491147432677e-05,1.69828054115325e-05,0.71754041574062,TRUE,FALSE,FALSE,FALSE,
CSF,CD8+ T cell 2,IgM+ B cell,9.40782062453167e-05,1.85387529534135e-05,1.00786472894837e-05,1.12363862221261e-05,all4,2,2,2,2,5.63084795993651e-05,1.06575167558049e-05,1.85387529534135e-05,9.40782062453167e-05,1.00786472894837e-05,1.12363862221261e-05,2.39166317100617,TRUE,TRUE,FALSE,TRUE,irHepatitis
CSF,CD8+ T cell 2,Macrophage 1,0.000314998892907572,0.00031033506800569,0.000181651003384635,0.000111241770882859,all4,2,2,2,2,0.000312666980456631,0.000146446387133747,0.00031033506800569,0.000314998892907572,0.000111241770882859,0.000181651003384635,1.09378362702723,TRUE,TRUE,FALSE,TRUE,irHepatitis
CSF,CD8+ T cell 2,Macrophage 2,0.000156096244962294,0.000100678064724927,3.2020944332139e-05,4.18785194075396e-05,all4,2,2,2,2,0.00012838715484361,3.69497318698393e-05,0.000100678064724927,0.000156096244962294,3.2020944332139e-05,4.18785194075396e-05,1.79436890695727,TRUE,TRUE,FALSE,TRUE,irHepatitis
CSF,CD8+ T cell 2,Sinusoidal endothelial cell,1.71209803739445e-05,2.42519308506543e-05,5.65179472300384e-05,3.90356974217435e-05,all4,2,2,2,2,2.06864556122994e-05,4.7776822325891e-05,1.71209803739445e-05,2.42519308506543e-05,3.90356974217435e-05,5.65179472300384e-05,-1.20408018901347,TRUE,FALSE,TRUE,TRUE,AIH
CSF,CD8+ T cell 2,Stellate cell,3.51304905874097e-05,2.52245224657203e-05,1.46190847726105e-05,2.198830776661e-05,all4,2,2,2,2,3.0177506526565e-05,1.83036962696103e-05,2.52245224657203e-05,3.51304905874097e-05,1.46190847726105e-05,2.198830776661e-05,0.718561311672298,TRUE,TRUE,FALSE,TRUE,irHepatitis
CSF,CD8+ T cell 2,Vascular endothelial cell,3.00146445707532e-05,4.64382049920635e-06,6.43089623140932e-06,3.7387114077825e-06,all4,2,2,2,2,1.73292325349798e-05,5.0848038195959e-06,4.64382049920635e-06,3.00146445707532e-05,3.7387114077825e-06,6.43089623140932e-06,1.75112349199581,TRUE,FALSE,FALSE,FALSE,
CSF,CD8+ T cell 3,CD4+ T cell,9.6654590582994e-05,2.83084425363092e-05,1.59311038876291e-05,1.30784685751157e-05,all4,2,2,2,2,6.24815165596516e-05,1.45047862313724e-05,2.83084425363092e-05,9.6654590582994e-05,1.30784685751157e-05,1.59311038876291e-05,2.10006014826762,TRUE,TRUE,FALSE,TRUE,irHepatitis
CSF,CD8+ T cell 3,CD8+ T cell 1,0.000120707911787168,6.66032866489723e-05,3.36711131362106e-05,2.53773854860607e-05,all4,2,2,2,2,9.36555992180703e-05,2.95242493111356e-05,6.66032866489723e-05,0.000120707911787168,2.53773854860607e-05,3.36711131362106e-05,1.66246259743711,TRUE,TRUE,FALSE,TRUE,irHepatitis
CSF,CD8+ T cell 3,CD8+ T cell 2,4.94063100420503e-05,4.30814270016594e-05,2.13087508988933e-05,1.20643590242478e-05,all4,2,2,2,2,4.62438685218549e-05,1.66865549615706e-05,4.30814270016594e-05,4.94063100420503e-05,1.20643590242478e-05,2.13087508988933e-05,1.46562583024069,TRUE,TRUE,FALSE,TRUE,irHepatitis
CSF,CD8+ T cell 3,CD8+ T cell 3,0.000266752742327381,0.000475680890382211,0.000147390963620502,9.77014738522611e-05,all4,2,2,2,2,0.000371216816354796,0.000122546218736382,0.000266752742327381,0.000475680890382211,9.77014738522611e-05,0.000147390963620502,1.59822742406668,TRUE,TRUE,FALSE,TRUE,irHepatitis
CSF,CD8+ T cell 3,Cholangiocyte,9.57511314732346e-05,7.52543528396352e-05,1.09655275900495e-05,8.52272654881368e-06,all4,2,2,2,2,8.55027421564349e-05,9.74412706943161e-06,7.52543528396352e-05,9.57511314732346e-05,8.52272654881368e-06,1.09655275900495e-05,3.12163182750995,TRUE,TRUE,FALSE,TRUE,irHepatitis
CSF,CD8+ T cell 3,Hepatocyte 1,1.01510154152948e-05,1.06997409260091e-05,1.17369688069745e-05,7.59621863802906e-06,all4,2,2,2,2,1.04253781706519e-05,9.6665937225018e-06,1.01510154152948e-05,1.06997409260091e-05,7.59621863802906e-06,1.17369688069745e-05,0.108052284119012,TRUE,FALSE,FALSE,FALSE,
CSF,CD8+ T cell 3,Hepatocyte 2,5.18407704659566e-06,4.24915774282661e-06,7.11782468157058e-06,5.82301016243178e-06,all4,2,2,2,2,4.71661739471114e-06,6.47041742200118e-06,4.24915774282661e-06,5.18407704659566e-06,5.82301016243178e-06,7.11782468157058e-06,-0.448773219377666,TRUE,FALSE,TRUE,TRUE,AIH
CSF,CD8+ T cell 3,Hepatocyte 3,4.43937801464037e-06,8.71839231247807e-06,8.0341682235034e-06,6.86953081190592e-06,all4,2,2,2,2,6.57888516355922e-06,7.45184951770466e-06,4.43937801464037e-06,8.71839231247807e-06,6.86953081190592e-06,8.0341682235034e-06,-0.177475122720627,TRUE,FALSE,FALSE,FALSE,
CSF,CD8+ T cell 3,Hepatocyte 4,8.35153983228167e-07,1.55306604917581e-05,1.78401886006956e-05,7.80883841404456e-06,all4,2,2,2,2,8.18290723749314e-06,1.28245135073701e-05,8.35153983228167e-07,1.55306604917581e-05,7.80883841404456e-06,1.78401886006956e-05,-0.642532905478603,TRUE,FALSE,FALSE,FALSE,
CSF,CD8+ T cell 3,Ig+ hepatocyte,0,,2.00530166833898e-05,1.26887350775335e-05,all4,2,2,1,2,0,1.63708758804616e-05,,,1.26887350775335e-05,2.00530166833898e-05,-7.5164065410094,FALSE,FALSE,FALSE,FALSE,
CSF,CD8+ T cell 3,IgG+ B cell,5.13074845005848e-06,0.000147460733395183,6.2928150284887e-06,3.32683171123396e-06,all4,2,2,2,2,7.62957409226209e-05,4.80982336986133e-06,5.13074845005848e-06,0.000147460733395183,3.32683171123396e-06,6.2928150284887e-06,3.96252772336337,TRUE,FALSE,FALSE,FALSE,
CSF,CD8+ T cell 3,IgG+ plasmablast / plasma cell,0.000124730576659253,4.40399619612574e-05,1.59666048753175e-05,1.4883985999354e-05,all4,2,2,2,2,8.4385269310255e-05,1.54252954373357e-05,4.40399619612574e-05,0.000124730576659253,1.4883985999354e-05,1.59666048753175e-05,2.44484504387693,TRUE,TRUE,FALSE,TRUE,irHepatitis
CSF,CD8+ T cell 3,IgM+ B cell,7.64394694782564e-05,1.97787254370197e-05,1.34092324582036e-05,1.00056393725538e-05,all4,2,2,2,2,4.8109097457638e-05,1.17074359153787e-05,1.97787254370197e-05,7.64394694782564e-05,1.00056393725538e-05,1.34092324582036e-05,2.03054151804404,TRUE,TRUE,FALSE,TRUE,irHepatitis
CSF,CD8+ T cell 3,Macrophage 1,0.000245476523548,0.000262863998867687,9.67616852434835e-05,6.64072976270355e-05,all4,2,2,2,2,0.000254170261207844,8.15844914352595e-05,0.000245476523548,0.000262863998867687,6.64072976270355e-05,9.67616852434835e-05,1.63834965886628,TRUE,TRUE,FALSE,TRUE,irHepatitis
CSF,CD8+ T cell 3,Macrophage 2,0.000129435754760068,9.01007159773195e-05,3.31435927566404e-05,3.38557378829489e-05,all4,2,2,2,2,0.000109768235368694,3.34996653197946e-05,9.01007159773195e-05,0.000129435754760068,3.31435927566404e-05,3.38557378829489e-05,1.70955651298064,TRUE,TRUE,FALSE,TRUE,irHepatitis
CSF,CD8+ T cell 3,Sinusoidal endothelial cell,2.08786854488974e-05,2.43966037874493e-05,2.95930909212809e-05,2.38040497721834e-05,all4,2,2,2,2,2.26376446181734e-05,2.66985703467321e-05,2.08786854488974e-05,2.43966037874493e-05,2.38040497721834e-05,2.95930909212809e-05,-0.23717032001804,TRUE,FALSE,FALSE,FALSE,
CSF,CD8+ T cell 3,Stellate cell,3.29269497335059e-05,2.57415646661233e-05,1.78179761719528e-05,1.60472393214146e-05,all4,2,2,2,2,2.93342571998146e-05,1.69326077466837e-05,2.57415646661233e-05,3.29269497335059e-05,1.60472393214146e-05,1.78179761719528e-05,0.789557303677028,TRUE,TRUE,FALSE,TRUE,irHepatitis
CSF,CD8+ T cell 3,Vascular endothelial cell,3.82751282146745e-05,6.17884062119814e-06,9.35499548218185e-06,7.17217911451904e-06,all4,2,2,2,2,2.22269844179363e-05,8.26358729835044e-06,6.17884062119814e-06,3.82751282146745e-05,7.17217911451904e-06,9.35499548218185e-06,1.41768452442228,TRUE,FALSE,FALSE,FALSE,
CSF,Cholangiocyte,CD4+ T cell,0.000247183822143899,0.000105471771206687,3.67108479591445e-05,3.09883952532649e-05,all4,2,2,2,2,0.000176327796675293,3.38496216062047e-05,0.000105471771206687,0.000247183822143899,3.09883952532649e-05,3.67108479591445e-05,2.37795696062891,TRUE,TRUE,FALSE,TRUE,irHepatitis
CSF,Cholangiocyte,CD8+ T cell 1,0.000241815007564082,0.000109335626158924,2.64694013489254e-05,2.31023028522445e-05,all4,2,2,2,2,0.000175575316861503,2.4785852100585e-05,0.000109335626158924,0.000241815007564082,2.31023028522445e-05,2.64694013489254e-05,2.82001622650047,TRUE,TRUE,FALSE,TRUE,irHepatitis
CSF,Cholangiocyte,CD8+ T cell 2,8.37403172463359e-05,4.95087983736045e-05,5.3704243714243e-06,7.27392138730095e-06,all4,2,2,2,2,6.66245578099702e-05,6.32217287936263e-06,4.95087983736045e-05,8.37403172463359e-05,5.3704243714243e-06,7.27392138730095e-06,3.37913558231958,TRUE,TRUE,FALSE,TRUE,irHepatitis
CSF,Cholangiocyte,CD8+ T cell 3,0.00020374178779792,0.00017950493881215,2.91357466595709e-05,2.69967248043213e-05,all4,2,2,2,2,0.000191623363305035,2.80662357319461e-05,0.00017950493881215,0.00020374178779792,2.69967248043213e-05,2.91357466595709e-05,2.76742865573665,TRUE,TRUE,FALSE,TRUE,irHepatitis
CSF,Cholangiocyte,Cholangiocyte,0.000365281895001571,0.000371842204510507,9.56773967703589e-05,6.44738314274928e-05,all4,2,2,2,2,0.000368562049756039,8.00756140989259e-05,0.000365281895001571,0.000371842204510507,6.44738314274928e-05,9.56773967703589e-05,2.20120565743544,TRUE,TRUE,FALSE,TRUE,irHepatitis
CSF,Cholangiocyte,Hepatocyte 1,1.18688334524717e-05,4.75260933276495e-06,2.67352497815156e-06,4.2467641880273e-06,all4,2,2,2,2,8.31072139261833e-06,3.46014458308943e-06,4.75260933276495e-06,1.18688334524717e-05,2.67352497815156e-06,4.2467641880273e-06,1.24265759694211,TRUE,TRUE,FALSE,TRUE,irHepatitis
CSF,Cholangiocyte,Hepatocyte 2,2.89624659857781e-06,8.31300492312821e-06,1.73970294693102e-06,2.81454785241193e-06,all4,2,2,2,2,5.60462576085301e-06,2.27712539967147e-06,2.89624659857781e-06,8.31300492312821e-06,1.73970294693102e-06,2.81454785241193e-06,1.26649852700624,TRUE,TRUE,FALSE,TRUE,irHepatitis
CSF,Cholangiocyte,Hepatocyte 3,1.69835146118719e-06,3.09580420615597e-08,3.33359300216686e-06,3.00021869656363e-06,all4,2,2,2,2,8.64654751624374e-07,3.16690584936524e-06,3.09580420615597e-08,1.69835146118719e-06,3.00021869656363e-06,3.33359300216686e-06,-1.77055190633199,TRUE,FALSE,TRUE,TRUE,AIH
CSF,Cholangiocyte,Hepatocyte 4,6.28311814940063e-06,8.44500609034102e-06,2.78452946315335e-06,3.19095142966273e-06,all4,2,2,2,2,7.36406211987083e-06,2.98774044640804e-06,6.28311814940063e-06,8.44500609034102e-06,2.78452946315335e-06,3.19095142966273e-06,1.27618125848236,TRUE,TRUE,FALSE,TRUE,irHepatitis
CSF,Cholangiocyte,Ig+ hepatocyte,0,,1.2684434567108e-05,1.57484765496227e-05,all4,2,2,1,2,0,1.42164555583653e-05,,,1.2684434567108e-05,1.57484765496227e-05,-7.31403047827136,FALSE,FALSE,FALSE,FALSE,
CSF,Cholangiocyte,IgG+ B cell,3.07936484855362e-05,0,2.01355772523173e-05,2.0064936796701e-05,all4,2,2,2,2,1.53968242427681e-05,2.01002570245091e-05,0,3.07936484855362e-05,2.0064936796701e-05,2.01355772523173e-05,-0.382619992935711,TRUE,FALSE,FALSE,FALSE,
CSF,Cholangiocyte,IgG+ plasmablast / plasma cell,0.000102212500648635,0.000125879420873378,3.16847161980437e-05,3.50222165308108e-05,all4,2,2,2,2,0.000114045960761007,3.33534663644273e-05,0.000102212500648635,0.000125879420873378,3.16847161980437e-05,3.50222165308108e-05,1.77095999884859,TRUE,TRUE,FALSE,TRUE,irHepatitis
CSF,Cholangiocyte,IgM+ B cell,0.000260924206719297,5.38457267014163e-05,3.87293633259852e-05,3.34100660512199e-05,all4,2,2,2,2,0.000157384966710357,3.60697146886025e-05,5.38457267014163e-05,0.000260924206719297,3.34100660512199e-05,3.87293633259852e-05,2.1226702089524,TRUE,TRUE,FALSE,TRUE,irHepatitis
CSF,Cholangiocyte,Macrophage 1,0.000474171439957469,0.000278688197417327,6.0500789046179e-05,5.02414520662416e-05,all4,2,2,2,2,0.000376429818687398,5.53711205562103e-05,0.000278688197417327,0.000474171439957469,5.02414520662416e-05,6.0500789046179e-05,2.76317922927339,TRUE,TRUE,FALSE,TRUE,irHepatitis
CSF,Cholangiocyte,Macrophage 2,0.000305659632756738,0.000280317494136205,0.000102768625942434,6.64418957746436e-05,all4,2,2,2,2,0.000292988563446472,8.46052608585389e-05,0.000280317494136205,0.000305659632756738,6.64418957746436e-05,0.000102768625942434,1.79093544230228,TRUE,TRUE,FALSE,TRUE,irHepatitis
CSF,Cholangiocyte,Sinusoidal endothelial cell,1.51156959536047e-05,2.49643860670788e-05,1.34295832998818e-05,1.47306958195492e-05,all4,2,2,2,2,2.00400410103418e-05,1.40801395597155e-05,1.51156959536047e-05,2.49643860670788e-05,1.34295832998818e-05,1.47306958195492e-05,0.50649899053465,TRUE,TRUE,FALSE,TRUE,irHepatitis
CSF,Cholangiocyte,Stellate cell,6.19255280673767e-05,5.26461503809945e-05,2.98624725801947e-05,2.63866774159886e-05,all4,2,2,2,2,5.72858392241856e-05,2.81245749980916e-05,5.26461503809945e-05,6.19255280673767e-05,2.63866774159886e-05,2.98624725801947e-05,1.02400518650535,TRUE,TRUE,FALSE,TRUE,irHepatitis
CSF,Cholangiocyte,Vascular endothelial cell,9.19690580618652e-05,3.97376651947466e-05,3.00645360869298e-05,1.55686118483007e-05,all4,2,2,2,2,6.58533616283059e-05,2.28165739676153e-05,3.97376651947466e-05,9.19690580618652e-05,1.55686118483007e-05,3.00645360869298e-05,1.52546961772795,TRUE,TRUE,FALSE,TRUE,irHepatitis
CSF,Hepatocyte 1,CD4+ T cell,1.02382641556263e-05,4.57184383698277e-06,8.59706729335145e-06,9.96844582268272e-06,all4,2,2,2,2,7.40505399630453e-06,9.28275655801708e-06,4.57184383698277e-06,1.02382641556263e-05,8.59706729335145e-06,9.96844582268272e-06,-0.322538181085207,TRUE,FALSE,FALSE,FALSE,
CSF,Hepatocyte 1,CD8+ T cell 1,2.88692616891311e-05,3.84431851034712e-05,3.98126266762433e-05,2.89340007941975e-05,all4,2,2,2,2,3.36562233963011e-05,3.43733137352204e-05,2.88692616891311e-05,3.84431851034712e-05,2.89340007941975e-05,3.98126266762433e-05,-0.0303354545575415,TRUE,FALSE,FALSE,FALSE,
CSF,Hepatocyte 1,CD8+ T cell 2,1.9887872313381e-05,2.0740480019325e-05,3.84933117008822e-05,1.77203742945618e-05,all4,2,2,2,2,2.0314176166353e-05,2.8106842997722e-05,1.9887872313381e-05,2.0740480019325e-05,1.77203742945618e-05,3.84933117008822e-05,-0.466671026500251,TRUE,FALSE,FALSE,FALSE,
CSF,Hepatocyte 1,CD8+ T cell 3,2.40900333240926e-05,4.11657479681419e-05,5.34313974702399e-05,3.23275549351105e-05,all4,2,2,2,2,3.26278906461172e-05,4.28794762026752e-05,2.40900333240926e-05,4.11657479681419e-05,3.23275549351105e-05,5.34313974702399e-05,-0.393233444814681,TRUE,FALSE,FALSE,FALSE,
CSF,Hepatocyte 1,Cholangiocyte,1.31098275123868e-05,6.26111086822154e-06,3.94992401369214e-06,6.40390424916368e-06,all4,2,2,2,2,9.68546919030418e-06,5.17691413142791e-06,6.26111086822154e-06,1.31098275123868e-05,3.94992401369214e-06,6.40390424916368e-06,0.892219939086728,TRUE,FALSE,FALSE,FALSE,
CSF,Hepatocyte 1,Hepatocyte 1,1.40758946833487e-05,7.63859986902685e-06,3.31857933638198e-05,1.25900361702625e-05,all4,2,2,2,2,1.08572472761878e-05,2.28879147670411e-05,7.63859986902685e-06,1.40758946833487e-05,1.25900361702625e-05,3.31857933638198e-05,-1.0696862508603,TRUE,FALSE,FALSE,FALSE,
CSF,Hepatocyte 1,Hepatocyte 2,8.8478779151508e-06,4.19109865147516e-06,2.04018292935435e-05,8.41643346998184e-06,all4,2,2,2,2,6.51948828331298e-06,1.44091313817627e-05,4.19109865147516e-06,8.8478779151508e-06,8.41643346998184e-06,2.04018292935435e-05,-1.13336720334524,TRUE,FALSE,FALSE,FALSE,
CSF,Hepatocyte 1,Hepatocyte 3,5.69897080592331e-06,2.03531949828851e-06,1.39584697217714e-05,8.49510869422156e-06,all4,2,2,2,2,3.86714515210591e-06,1.12267892079965e-05,2.03531949828851e-06,5.69897080592331e-06,8.49510869422156e-06,1.39584697217714e-05,-1.51595519319026,TRUE,FALSE,TRUE,TRUE,AIH
CSF,Hepatocyte 1,Hepatocyte 4,1.44910363838532e-05,1.10293771049817e-05,2.93544476035004e-05,1.03837482177448e-05,all4,2,2,2,2,1.27602067444174e-05,1.98690979106226e-05,1.10293771049817e-05,1.44910363838532e-05,1.03837482177448e-05,2.93544476035004e-05,-0.635258721836842,TRUE,FALSE,FALSE,FALSE,
CSF,Hepatocyte 1,Ig+ hepatocyte,2.2002748405176e-05,,2.43546322167799e-05,1.07390784100551e-05,all4,2,2,1,2,2.2002748405176e-05,1.75468553134175e-05,,,1.07390784100551e-05,2.43546322167799e-05,0.324981114965196,FALSE,FALSE,FALSE,FALSE,
CSF,Hepatocyte 1,IgG+ B cell,1.04017380204445e-05,5.51720693224823e-06,3.51675845574154e-06,2.70878064976177e-06,all4,2,2,2,2,7.95947247634635e-06,3.11276955275166e-06,5.51720693224823e-06,1.04017380204445e-05,2.70878064976177e-06,3.51675845574154e-06,1.32959985367132,TRUE,TRUE,FALSE,TRUE,irHepatitis
CSF,Hepatocyte 1,IgG+ plasmablast / plasma cell,2.1762082028206e-05,5.48826287067919e-06,1.33974955970464e-05,8.80217404698314e-06,all4,2,2,2,2,1.36251724494426e-05,1.10998348220148e-05,5.48826287067919e-06,2.1762082028206e-05,8.80217404698314e-06,1.33974955970464e-05,0.293586263599089,TRUE,FALSE,FALSE,FALSE,
CSF,Hepatocyte 1,IgM+ B cell,1.33223294201111e-05,3.51642547003163e-06,5.8251984812572e-06,7.47422255853292e-06,all4,2,2,2,2,8.41937744507136e-06,6.64971051989506e-06,3.51642547003163e-06,1.33223294201111e-05,5.8251984812572e-06,7.47422255853292e-06,0.336371163358355,TRUE,FALSE,FALSE,FALSE,
CSF,Hepatocyte 1,Macrophage 1,0.000137592990049135,0.00016863797695634,0.000120898909380679,8.52870659028383e-05,all4,2,2,2,2,0.000153115483502738,0.000103092987641759,0.000137592990049135,0.00016863797695634,8.52870659028383e-05,0.000120898909380679,0.570263240794022,TRUE,TRUE,FALSE,TRUE,irHepatitis
CSF,Hepatocyte 1,Macrophage 2,4.26912218855039e-05,3.7889212712398e-05,2.07258681498796e-05,3.23829554529386e-05,all4,2,2,2,2,4.02902172989509e-05,2.65544118014091e-05,3.7889212712398e-05,4.26912218855039e-05,2.07258681498796e-05,3.23829554529386e-05,0.59981742877638,TRUE,TRUE,FALSE,TRUE,irHepatitis
CSF,Hepatocyte 1,Sinusoidal endothelial cell,2.28250340586263e-05,1.83458131866969e-05,3.85550996825159e-05,3.20145373472275e-05,all4,2,2,2,2,2.05854236226616e-05,3.52848185148717e-05,1.83458131866969e-05,2.28250340586263e-05,3.20145373472275e-05,3.85550996825159e-05,-0.774808594976885,TRUE,FALSE,TRUE,TRUE,AIH
CSF,Hepatocyte 1,Stellate cell,2.26818023470003e-05,1.33569993865185e-05,1.10466959514363e-05,1.68492318621439e-05,all4,2,2,2,2,1.80194008667594e-05,1.39479639067901e-05,1.33569993865185e-05,2.26818023470003e-05,1.10466959514363e-05,1.68492318621439e-05,0.367407299004375,TRUE,FALSE,FALSE,FALSE,
CSF,Hepatocyte 1,Vascular endothelial cell,9.69033722275731e-06,2.41239659544647e-06,3.33464344347963e-06,3.10688489417886e-06,all4,2,2,2,2,6.05136690910189e-06,3.22076416882924e-06,2.41239659544647e-06,9.69033722275731e-06,3.10688489417886e-06,3.33464344347963e-06,0.891414514273074,TRUE,FALSE,FALSE,FALSE,
CSF,Hepatocyte 2,CD4+ T cell,6.35597436475948e-06,4.03751474615009e-06,4.97217943760573e-06,4.75536329791564e-06,all4,2,2,2,2,5.19674455545479e-06,4.86377136776068e-06,4.03751474615009e-06,6.35597436475948e-06,4.75536329791564e-06,4.97217943760573e-06,0.0938540672278721,TRUE,FALSE,FALSE,FALSE,
CSF,Hepatocyte 2,CD8+ T cell 1,1.69578345044599e-05,2.31720815916541e-05,1.87441321114456e-05,1.41963176349453e-05,all4,2,2,2,2,2.0064958048057e-05,1.64702248731954e-05,1.69578345044599e-05,2.31720815916541e-05,1.41963176349453e-05,1.87441321114456e-05,0.283413983957833,TRUE,FALSE,FALSE,FALSE,
CSF,Hepatocyte 2,CD8+ T cell 2,1.24662038553496e-05,1.04863602423522e-05,2.07911416126176e-05,1.10607394767373e-05,all4,2,2,2,2,1.14762820488509e-05,1.59259405446774e-05,1.04863602423522e-05,1.24662038553496e-05,1.10607394767373e-05,2.07911416126176e-05,-0.469586607482198,TRUE,FALSE,FALSE,FALSE,
CSF,Hepatocyte 2,CD8+ T cell 3,1.80763334657098e-05,2.10539541618279e-05,2.31482971753909e-05,1.80077873800927e-05,all4,2,2,2,2,1.95651438137689e-05,2.05780422777418e-05,1.80763334657098e-05,2.10539541618279e-05,1.80077873800927e-05,2.31482971753909e-05,-0.0724951598824124,TRUE,FALSE,FALSE,FALSE,
CSF,Hepatocyte 2,Cholangiocyte,8.77637846854878e-06,3.61393882032106e-06,2.06838308274227e-06,2.86209581049333e-06,all4,2,2,2,2,6.19515864443492e-06,2.4652394466178e-06,3.61393882032106e-06,8.77637846854878e-06,2.06838308274227e-06,2.86209581049333e-06,1.29852230993215,TRUE,TRUE,FALSE,TRUE,irHepatitis
CSF,Hepatocyte 2,Hepatocyte 1,6.69407482433492e-06,4.06460582437581e-06,1.25835141647017e-05,5.90680976505652e-06,all4,2,2,2,2,5.37934032435536e-06,9.24516196487912e-06,4.06460582437581e-06,6.69407482433492e-06,5.90680976505652e-06,1.25835141647017e-05,-0.771318532877352,TRUE,FALSE,FALSE,FALSE,
CSF,Hepatocyte 2,Hepatocyte 2,6.20703549451585e-06,3.44846626711426e-06,1.88916090516053e-05,8.09579627865655e-06,all4,2,2,2,2,4.82775088081506e-06,1.34937026651309e-05,3.44846626711426e-06,6.20703549451585e-06,8.09579627865655e-06,1.88916090516053e-05,-1.46582389860136,TRUE,FALSE,TRUE,TRUE,AIH
CSF,Hepatocyte 2,Hepatocyte 3,2.90482685844177e-06,1.77406199640288e-06,9.60139651566e-06,5.57557547217852e-06,all4,2,2,2,2,2.33944442742233e-06,7.58848599391926e-06,1.77406199640288e-06,2.90482685844177e-06,5.57557547217852e-06,9.60139651566e-06,-1.66023377668901,TRUE,FALSE,TRUE,TRUE,AIH
CSF,Hepatocyte 2,Hepatocyte 4,1.03384970120312e-05,3.17391473294032e-06,1.17841612457996e-05,5.71621369394796e-06,all4,2,2,2,2,6.75620587248577e-06,8.75018746987376e-06,3.17391473294032e-06,1.03384970120312e-05,5.71621369394796e-06,1.17841612457996e-05,-0.368776776463315,TRUE,FALSE,FALSE,FALSE,
CSF,Hepatocyte 2,Ig+ hepatocyte,6.89953684539017e-06,,8.50801093106657e-06,5.34649696435262e-06,all4,2,2,1,2,6.89953684539017e-06,6.9272539477096e-06,,,5.34649696435262e-06,8.50801093106657e-06,-0.00570979005825808,FALSE,FALSE,FALSE,FALSE,
CSF,Hepatocyte 2,IgG+ B cell,4.01341677279256e-06,8.28084923308197e-07,1.37788325722956e-06,1.34228199085301e-06,all4,2,2,2,2,2.42075084805038e-06,1.36008262404129e-06,8.28084923308197e-07,4.01341677279256e-06,1.34228199085301e-06,1.37788325722956e-06,0.792023454495307,TRUE,FALSE,FALSE,FALSE,
CSF,Hepatocyte 2,IgG+ plasmablast / plasma cell,1.04327908677843e-05,1.03056890733606e-06,5.5352810190734e-06,3.53786243877221e-06,all4,2,2,2,2,5.73167988756017e-06,4.5365717289228e-06,1.03056890733606e-06,1.04327908677843e-05,3.53786243877221e-06,5.5352810190734e-06,0.331497999751091,TRUE,FALSE,FALSE,FALSE,
CSF,Hepatocyte 2,IgM+ B cell,6.81529335235728e-06,4.32075353509214e-06,3.04054691548534e-06,3.50444387705187e-06,all4,2,2,2,2,5.56802344372471e-06,3.2724953962686e-06,4.32075353509214e-06,6.81529335235728e-06,3.04054691548534e-06,3.50444387705187e-06,0.750782299333216,TRUE,TRUE,FALSE,TRUE,irHepatitis
CSF,Hepatocyte 2,Macrophage 1,8.31923296120021e-05,0.000114761433954755,6.05454692929808e-05,4.60973342624623e-05,all4,2,2,2,2,9.89768817833785e-05,5.33214017777216e-05,8.31923296120021e-05,0.000114761433954755,4.60973342624623e-05,6.05454692929808e-05,0.891256270044849,TRUE,TRUE,FALSE,TRUE,irHepatitis
CSF,Hepatocyte 2,Macrophage 2,2.44020348881833e-05,3.03086121449608e-05,1.14948088063807e-05,1.78860173809061e-05,all4,2,2,2,2,2.7355323516572e-05,1.46904130936434e-05,2.44020348881833e-05,3.03086121449608e-05,1.14948088063807e-05,1.78860173809061e-05,0.89287800707948,TRUE,TRUE,FALSE,TRUE,irHepatitis
CSF,Hepatocyte 2,Sinusoidal endothelial cell,9.4132330135898e-06,9.44495896857599e-06,1.80971856853638e-05,1.75792481553773e-05,all4,2,2,2,2,9.42909599108289e-06,1.78382169203706e-05,9.4132330135898e-06,9.44495896857599e-06,1.75792481553773e-05,1.80971856853638e-05,-0.913342246919038,TRUE,FALSE,TRUE,TRUE,AIH
CSF,Hepatocyte 2,Stellate cell,1.40782445168034e-05,9.66098280860972e-06,4.86509648040697e-06,9.22391343253422e-06,all4,2,2,2,2,1.18696136627066e-05,7.0445049564706e-06,9.66098280860972e-06,1.40782445168034e-05,4.86509648040697e-06,9.22391343253422e-06,0.745293256139482,TRUE,TRUE,FALSE,TRUE,irHepatitis
CSF,Hepatocyte 2,Vascular endothelial cell,5.73557487906593e-06,2.2830527863287e-06,2.22741790302251e-06,1.498436072813e-06,all4,2,2,2,2,4.00931383269731e-06,1.86292698791776e-06,2.2830527863287e-06,5.73557487906593e-06,1.498436072813e-06,2.22741790302251e-06,1.0697809544697,TRUE,TRUE,FALSE,TRUE,irHepatitis
CSF,Hepatocyte 3,CD4+ T cell,3.13624286655054e-06,3.10061500575146e-06,3.36555867938392e-06,4.82892477929992e-06,all4,2,2,2,2,3.118428936151e-06,4.09724172934192e-06,3.10061500575146e-06,3.13624286655054e-06,3.36555867938392e-06,4.82892477929992e-06,-0.384143103603748,TRUE,FALSE,TRUE,TRUE,AIH
CSF,Hepatocyte 3,CD8+ T cell 1,1.10280541308553e-05,1.50068379757909e-05,1.01723547906064e-05,7.58225689449382e-06,all4,2,2,2,2,1.30174460533231e-05,8.87730584255013e-06,1.10280541308553e-05,1.50068379757909e-05,7.58225689449382e-06,1.01723547906064e-05,0.547644897767961,TRUE,TRUE,FALSE,TRUE,irHepatitis
CSF,Hepatocyte 3,CD8+ T cell 2,8.8917802896269e-06,1.08135469445469e-05,8.63283302576472e-06,4.64287569518656e-06,all4,2,2,2,2,9.85266361708691e-06,6.63785436047564e-06,8.8917802896269e-06,1.08135469445469e-05,4.64287569518656e-06,8.63283302576472e-06,0.563492469787171,TRUE,TRUE,FALSE,TRUE,irHepatitis
CSF,Hepatocyte 3,CD8+ T cell 3,5.01843983930424e-06,6.15108811073761e-06,1.25629686643532e-05,8.55733358096885e-06,all4,2,2,2,2,5.58476397502092e-06,1.0560151122661e-05,5.01843983930424e-06,6.15108811073761e-06,8.55733358096885e-06,1.25629686643532e-05,-0.908252822723174,TRUE,FALSE,TRUE,TRUE,AIH
CSF,Hepatocyte 3,Cholangiocyte,2.80188011414283e-06,1.35861715555855e-06,3.74176943052699e-06,4.52186512070108e-06,all4,2,2,2,2,2.08024863485069e-06,4.13181727561403e-06,1.35861715555855e-06,2.80188011414283e-06,3.74176943052699e-06,4.52186512070108e-06,-0.960034307971584,TRUE,FALSE,TRUE,TRUE,AIH
CSF,Hepatocyte 3,Hepatocyte 1,4.3775236946388e-06,2.59072104012494e-06,5.35303182865512e-06,2.42877878613419e-06,all4,2,2,2,2,3.48412236738187e-06,3.89090530739466e-06,2.59072104012494e-06,4.3775236946388e-06,2.42877878613419e-06,5.35303182865512e-06,-0.155511420853526,TRUE,FALSE,FALSE,FALSE,
CSF,Hepatocyte 3,Hepatocyte 2,3.0643790739763e-06,3.23748451417772e-06,7.87156180929389e-06,2.62506773927154e-06,all4,2,2,2,2,3.15093179407701e-06,5.24831477428271e-06,3.0643790739763e-06,3.23748451417772e-06,2.62506773927154e-06,7.87156180929389e-06,-0.719992232387457,TRUE,FALSE,FALSE,FALSE,
CSF,Hepatocyte 3,Hepatocyte 3,2.94274285208018e-06,2.22120721048442e-06,1.11530393792607e-05,6.54771538832509e-06,all4,2,2,2,2,2.5819750312823e-06,8.85037738379291e-06,2.22120721048442e-06,2.94274285208018e-06,6.54771538832509e-06,1.11530393792607e-05,-1.74246495140494,TRUE,FALSE,TRUE,TRUE,AIH
CSF,Hepatocyte 3,Hepatocyte 4,1.13634691833465e-05,3.21910677341509e-07,5.89905229549374e-06,2.58790491287561e-06,all4,2,2,2,2,5.842689930344e-06,4.24347860418468e-06,3.21910677341509e-07,1.13634691833465e-05,2.58790491287561e-06,5.89905229549374e-06,0.453169275334505,TRUE,FALSE,FALSE,FALSE,
CSF,Hepatocyte 3,Ig+ hepatocyte,1.28417412202052e-05,,5.15485902305093e-06,3.09233730661358e-06,all4,2,2,1,2,1.28417412202052e-05,4.12359816483226e-06,,,3.09233730661358e-06,5.15485902305093e-06,1.61781369778852,FALSE,FALSE,FALSE,FALSE,
CSF,Hepatocyte 3,IgG+ B cell,1.86657195143083e-06,0,9.41515849231382e-07,3.26207910942189e-06,all4,2,2,2,2,9.33285975715413e-07,2.10179747932663e-06,0,1.86657195143083e-06,9.41515849231382e-07,3.26207910942189e-06,-1.09897609061736,TRUE,FALSE,FALSE,FALSE,
CSF,Hepatocyte 3,IgG+ plasmablast / plasma cell,2.54931831844562e-06,2.03891806483288e-07,3.91591079893067e-06,3.71548251676431e-06,all4,2,2,2,2,1.37660506246446e-06,3.81569665784749e-06,2.03891806483288e-07,2.54931831844562e-06,3.71548251676431e-06,3.91591079893067e-06,-1.41315748948903,TRUE,FALSE,TRUE,TRUE,AIH
CSF,Hepatocyte 3,IgM+ B cell,3.00117721731807e-06,2.61211790566686e-06,2.17586229045216e-06,5.44819744425381e-06,all4,2,2,2,2,2.80664756149247e-06,3.81202986735298e-06,2.61211790566686e-06,3.00117721731807e-06,2.17586229045216e-06,5.44819744425381e-06,-0.429852777666698,TRUE,FALSE,FALSE,FALSE,
CSF,Hepatocyte 3,Macrophage 1,4.61351377445425e-05,4.94902782418419e-05,2.86006083029041e-05,2.22967748890906e-05,all4,2,2,2,2,4.78127079931922e-05,2.54486915959973e-05,4.61351377445425e-05,4.94902782418419e-05,2.22967748890906e-05,2.86006083029041e-05,0.907425091286398,TRUE,TRUE,FALSE,TRUE,irHepatitis
CSF,Hepatocyte 3,Macrophage 2,1.53239013243389e-05,1.61714867646206e-05,1.11016808531199e-05,1.12240747658346e-05,all4,2,2,2,2,1.57476940444798e-05,1.11628778094772e-05,1.53239013243389e-05,1.61714867646206e-05,1.11016808531199e-05,1.12240747658346e-05,0.493071796761966,TRUE,TRUE,FALSE,TRUE,irHepatitis
CSF,Hepatocyte 3,Sinusoidal endothelial cell,4.62175263822612e-06,6.68590558976721e-06,7.8871036863349e-06,8.20391258198048e-06,all4,2,2,2,2,5.65382911399666e-06,8.04550813415769e-06,4.62175263822612e-06,6.68590558976721e-06,7.8871036863349e-06,8.20391258198048e-06,-0.502226602355728,TRUE,FALSE,TRUE,TRUE,AIH
CSF,Hepatocyte 3,Stellate cell,8.81062525579793e-06,6.04951908630113e-06,2.89328473726443e-06,6.18822028908564e-06,all4,2,2,2,2,7.43007217104953e-06,4.54075251317503e-06,6.04951908630113e-06,8.81062525579793e-06,2.89328473726443e-06,6.18822028908564e-06,0.699511155239886,TRUE,FALSE,FALSE,FALSE,
CSF,Hepatocyte 3,Vascular endothelial cell,1.08099069087182e-06,7.78442380020926e-07,2.55574045310274e-06,7.86327567385657e-07,all4,2,2,2,2,9.29716535446371e-07,1.6710340102442e-06,7.78442380020926e-07,1.08099069087182e-06,7.86327567385657e-07,2.55574045310274e-06,-0.788310850407652,TRUE,FALSE,FALSE,FALSE,
CSF,Hepatocyte 4,CD4+ T cell,5.84173968488115e-06,1.13287282658859e-06,8.7480500271664e-06,9.99484545240222e-06,all4,2,2,2,2,3.48730625573487e-06,9.37144773978431e-06,1.13287282658859e-06,5.84173968488115e-06,8.7480500271664e-06,9.99484545240222e-06,-1.40321100335445,TRUE,FALSE,TRUE,TRUE,AIH
CSF,Hepatocyte 4,CD8+ T cell 1,4.0346608647517e-05,9.55762978481443e-05,4.0977346073118e-05,3.21467000924812e-05,all4,2,2,2,2,6.79614532478307e-05,3.65620230827996e-05,4.0346608647517e-05,9.55762978481443e-05,3.21467000924812e-05,4.0977346073118e-05,0.892734852913694,TRUE,FALSE,FALSE,FALSE,
CSF,Hepatocyte 4,CD8+ T cell 2,1.73434882816584e-05,6.24666705183682e-05,4.87290247827809e-05,2.08457132885454e-05,all4,2,2,2,2,3.99050794000133e-05,3.47873690356631e-05,1.73434882816584e-05,6.24666705183682e-05,2.08457132885454e-05,4.87290247827809e-05,0.197531800813981,TRUE,FALSE,FALSE,FALSE,
CSF,Hepatocyte 4,CD8+ T cell 3,5.78578067090972e-05,0.000106202753175977,8.28060229391656e-05,4.1561646942953e-05,all4,2,2,2,2,8.20302799425372e-05,6.21838349410593e-05,5.78578067090972e-05,0.000106202753175977,4.1561646942953e-05,8.28060229391656e-05,0.399112948331356,TRUE,FALSE,FALSE,FALSE,
CSF,Hepatocyte 4,Cholangiocyte,6.32952432342895e-06,3.1810754284852e-06,4.03826577197707e-06,6.52839144759741e-06,all4,2,2,2,2,4.75529987595708e-06,5.28332860978724e-06,3.1810754284852e-06,6.32952432342895e-06,4.03826577197707e-06,6.52839144759741e-06,-0.149232875797331,TRUE,FALSE,FALSE,FALSE,
CSF,Hepatocyte 4,Hepatocyte 1,2.11213278640886e-05,1.574107720232e-05,2.965649037361e-05,1.26064903115906e-05,all4,2,2,2,2,1.84312025332043e-05,2.11314903426003e-05,1.574107720232e-05,2.11213278640886e-05,1.26064903115906e-05,2.965649037361e-05,-0.196349141233695,TRUE,FALSE,FALSE,FALSE,
CSF,Hepatocyte 4,Hepatocyte 2,8.73581524865189e-06,8.09336072447557e-06,2.26662476231494e-05,1.0399175946184e-05,all4,2,2,2,2,8.41458798656373e-06,1.65327117846667e-05,8.09336072447557e-06,8.73581524865189e-06,1.0399175946184e-05,2.26662476231494e-05,-0.966850331754416,TRUE,FALSE,TRUE,TRUE,AIH
CSF,Hepatocyte 4,Hepatocyte 3,7.35842481858162e-06,8.59915429794062e-06,1.35709923588811e-05,9.77140958951735e-06,all4,2,2,2,2,7.97878955826112e-06,1.16712009741992e-05,7.35842481858162e-06,8.59915429794062e-06,9.77140958951735e-06,1.35709923588811e-05,-0.54361651791596,TRUE,FALSE,TRUE,TRUE,AIH
CSF,Hepatocyte 4,Hepatocyte 4,0.000141261780130955,0.000121439914019669,0.000129434749044334,2.6021951245227e-05,all4,2,2,2,2,0.000131350847075312,7.77283501447803e-05,0.000121439914019669,0.000141261780130955,2.6021951245227e-05,0.000129434749044334,0.756232098452831,TRUE,FALSE,FALSE,FALSE,
CSF,Hepatocyte 4,Ig+ hepatocyte,7.50435024655471e-07,,3.32935854520575e-05,1.33817293057598e-05,all4,2,2,1,2,7.50435024655471e-07,2.33376573789087e-05,,,1.33817293057598e-05,3.32935854520575e-05,-4.80108888942373,FALSE,FALSE,FALSE,FALSE,
CSF,Hepatocyte 4,IgG+ B cell,6.38757039406384e-06,7.36608225975311e-05,2.82113219829818e-06,2.409263171011e-06,all4,2,2,2,2,4.00241964957975e-05,2.61519768465459e-06,6.38757039406384e-06,7.36608225975311e-05,2.409263171011e-06,2.82113219829818e-06,3.89035393302863,TRUE,TRUE,FALSE,TRUE,irHepatitis
CSF,Hepatocyte 4,IgG+ plasmablast / plasma cell,1.0762538585092e-05,5.88928370425058e-07,1.49623777403347e-05,8.87070732406619e-06,all4,2,2,2,2,5.67573347775851e-06,1.19165425322005e-05,5.88928370425058e-07,1.0762538585092e-05,8.87070732406619e-06,1.49623777403347e-05,-1.05825699121868,TRUE,FALSE,FALSE,FALSE,
CSF,Hepatocyte 4,IgM+ B cell,4.00215430413666e-06,6.33613530763759e-06,7.01662661144027e-06,7.8587978852064e-06,all4,2,2,2,2,5.16914480588713e-06,7.43771224832333e-06,4.00215430413666e-06,6.33613530763759e-06,7.01662661144027e-06,7.8587978852064e-06,-0.517391066752889,TRUE,FALSE,TRUE,TRUE,AIH
CSF,Hepatocyte 4,Macrophage 1,0.000175897879430519,0.000350464557388875,0.000133612797164392,9.87019043517017e-05,all4,2,2,2,2,0.000263181218409697,0.000116157350758047,0.000175897879430519,0.000350464557388875,9.87019043517017e-05,0.000133612797164392,1.17935262672616,TRUE,TRUE,FALSE,TRUE,irHepatitis
CSF,Hepatocyte 4,Macrophage 2,5.40561129251237e-05,7.07965000182192e-05,2.08756570736987e-05,3.39598466088764e-05,all4,2,2,2,2,6.24263064716714e-05,2.74177518412875e-05,5.40561129251237e-05,7.07965000182192e-05,2.08756570736987e-05,3.39598466088764e-05,1.18439708257383,TRUE,TRUE,FALSE,TRUE,irHepatitis
CSF,Hepatocyte 4,Sinusoidal endothelial cell,3.53958805143432e-05,2.99472449572385e-05,2.98650505597207e-05,3.86055194982448e-05,all4,2,2,2,2,3.26715627357908e-05,3.42352850289828e-05,2.99472449572385e-05,3.53958805143432e-05,2.98650505597207e-05,3.86055194982448e-05,-0.0672677140655531,TRUE,FALSE,FALSE,FALSE,
CSF,Hepatocyte 4,Stellate cell,2.62602917346301e-05,1.34078843334168e-05,1.07256868934655e-05,1.86988834279712e-05,all4,2,2,2,2,1.98340880340234e-05,1.47122851607184e-05,1.34078843334168e-05,2.62602917346301e-05,1.07256868934655e-05,1.86988834279712e-05,0.42869614172352,TRUE,FALSE,FALSE,FALSE,
CSF,Hepatocyte 4,Vascular endothelial cell,1.34477037972222e-05,6.2597557728104e-07,3.00404764894364e-06,3.03802271677865e-06,all4,2,2,2,2,7.03683968725164e-06,3.02103518286114e-06,6.2597557728104e-07,1.34477037972222e-05,3.00404764894364e-06,3.03802271677865e-06,1.1958924361948,TRUE,FALSE,FALSE,FALSE,
CSF,Ig+ hepatocyte,CD4+ T cell,8.61216031157603e-06,,7.06774371737264e-06,8.06256124908907e-06,all4,2,2,1,2,8.61216031157603e-06,7.56515248323086e-06,,,7.06774371737264e-06,8.06256124908907e-06,0.184944620518147,FALSE,FALSE,FALSE,FALSE,
CSF,Ig+ hepatocyte,CD8+ T cell 1,2.0141424164714e-05,,1.54891629611414e-05,1.31123573763561e-05,all4,2,2,1,2,2.0141424164714e-05,1.43007601687488e-05,,,1.31123573763561e-05,1.54891629611414e-05,0.491457810837301,FALSE,FALSE,FALSE,FALSE,
CSF,Ig+ hepatocyte,CD8+ T cell 2,0,,1.1809260515034e-05,7.91649911438374e-06,all4,2,2,1,2,0,9.86287981470887e-06,,,7.91649911438374e-06,1.1809260515034e-05,-6.79054595378611,FALSE,FALSE,FALSE,FALSE,
CSF,Ig+ hepatocyte,CD8+ T cell 3,1.30017399868867e-05,,1.23069109760481e-05,1.08087996174826e-05,all4,2,2,1,2,1.30017399868867e-05,1.15578552967654e-05,,,1.08087996174826e-05,1.23069109760481e-05,0.168593806606543,FALSE,FALSE,FALSE,FALSE,
CSF,Ig+ hepatocyte,Cholangiocyte,0,,5.36044752413364e-06,5.6783019251054e-06,all4,2,2,1,2,0,5.51937472461952e-06,,,5.36044752413364e-06,5.6783019251054e-06,-5.96326129575949,FALSE,FALSE,FALSE,FALSE,
CSF,Ig+ hepatocyte,Hepatocyte 1,3.99139361230325e-06,,7.42431773448486e-06,3.87105194127136e-06,all4,2,2,1,2,3.99139361230325e-06,5.64768483787811e-06,,,3.87105194127136e-06,7.42431773448486e-06,-0.49141650878519,FALSE,FALSE,FALSE,FALSE,
CSF,Ig+ hepatocyte,Hepatocyte 2,1.39532708802506e-05,,3.81491363992056e-06,3.9927967102371e-06,all4,2,2,1,2,1.39532708802506e-05,3.90385517507883e-06,,,3.81491363992056e-06,3.9927967102371e-06,1.81404948436709,FALSE,FALSE,FALSE,FALSE,
CSF,Ig+ hepatocyte,Hepatocyte 3,3.5868586598458e-06,,4.01563869390298e-06,4.71390712742831e-06,all4,2,2,1,2,3.5868586598458e-06,4.36477291066564e-06,,,4.01563869390298e-06,4.71390712742831e-06,-0.276884640127653,FALSE,FALSE,FALSE,FALSE,
CSF,Ig+ hepatocyte,Hepatocyte 4,1.2885095623221e-06,,5.4854787677548e-06,4.51691383296719e-06,all4,2,2,1,2,1.2885095623221e-06,5.001196300361e-06,,,4.51691383296719e-06,5.4854787677548e-06,-1.88496748530285,FALSE,FALSE,FALSE,FALSE,
CSF,Ig+ hepatocyte,Ig+ hepatocyte,0,,8.70228111213731e-05,4.01486789014822e-05,all4,2,2,1,2,0,6.35857450114277e-05,,,4.01486789014822e-05,8.70228111213731e-05,-9.46811550834375,FALSE,FALSE,FALSE,FALSE,
CSF,Ig+ hepatocyte,IgG+ B cell,0,,6.57407590518858e-06,8.34737559141596e-06,all4,2,2,1,2,0,7.46072574830227e-06,,,6.57407590518858e-06,8.34737559141596e-06,-6.39204289458478,FALSE,FALSE,FALSE,FALSE,
CSF,Ig+ hepatocyte,IgG+ plasmablast / plasma cell,0,,1.6685977563914e-05,1.283373074253e-05,all4,2,2,1,2,0,1.4759854153222e-05,,,1.283373074253e-05,1.6685977563914e-05,-7.3678133015873,FALSE,FALSE,FALSE,FALSE,
CSF,Ig+ hepatocyte,IgM+ B cell,5.92415001220375e-06,,4.5994610459663e-06,5.86779257770876e-06,all4,2,2,1,2,5.92415001220375e-06,5.23362681183753e-06,,,4.5994610459663e-06,5.86779257770876e-06,0.175954350561026,FALSE,FALSE,FALSE,FALSE,
CSF,Ig+ hepatocyte,Macrophage 1,0.000157178603632624,,4.86984097444361e-05,3.09836904812542e-05,all4,2,2,1,2,0.000157178603632624,3.98410501128451e-05,,,3.09836904812542e-05,4.86984097444361e-05,1.97765031417898,FALSE,FALSE,FALSE,FALSE,
CSF,Ig+ hepatocyte,Macrophage 2,1.76074291343825e-05,,1.54261191188892e-05,2.3046687902581e-05,all4,2,2,1,2,1.76074291343825e-05,1.92364035107351e-05,,,1.54261191188892e-05,2.3046687902581e-05,-0.127034038845347,FALSE,FALSE,FALSE,FALSE,
CSF,Ig+ hepatocyte,Sinusoidal endothelial cell,2.57730888019048e-08,,1.29787951702413e-05,1.05934931671993e-05,all4,2,2,1,2,2.57730888019048e-08,1.17861441687203e-05,,,1.05934931671993e-05,1.29787951702413e-05,-6.68178844432098,FALSE,FALSE,FALSE,FALSE,
CSF,Ig+ hepatocyte,Stellate cell,5.10652678327379e-05,,5.7355960522602e-06,1.16373229999303e-05,all4,2,2,1,2,5.10652678327379e-05,8.68645952609524e-06,,,5.7355960522602e-06,1.16373229999303e-05,2.54318470064212,FALSE,FALSE,FALSE,FALSE,
CSF,Ig+ hepatocyte,Vascular endothelial cell,1.16262682195309e-05,,3.18631611107557e-06,5.14547627999505e-06,all4,2,2,1,2,1.16262682195309e-05,4.16589619553531e-06,,,3.18631611107557e-06,5.14547627999505e-06,1.46099864040173,FALSE,FALSE,FALSE,FALSE,
CSF,IgG+ B cell,CD4+ T cell,7.22410767139716e-06,2.01405852373686e-05,4.28098216895642e-06,7.19724352853479e-06,all4,2,2,2,2,1.36823464543829e-05,5.7391128487456e-06,7.22410767139716e-06,2.01405852373686e-05,4.28098216895642e-06,7.19724352853479e-06,1.240439620675,TRUE,TRUE,FALSE,TRUE,irHepatitis
CSF,IgG+ B cell,CD8+ T cell 1,2.53656754258049e-05,2.78992503140459e-05,4.34112623941209e-06,3.96221457756008e-06,all4,2,2,2,2,2.66324628699254e-05,4.15167040848609e-06,2.53656754258049e-05,2.78992503140459e-05,3.96221457756008e-06,4.34112623941209e-06,2.65537557024865,TRUE,TRUE,FALSE,TRUE,irHepatitis
CSF,IgG+ B cell,CD8+ T cell 2,8.67146803625465e-06,1.4864511214543e-06,5.26339943487127e-07,8.99995187480277e-07,all4,2,2,2,2,5.07895957885447e-06,7.13167565483702e-07,1.4864511214543e-06,8.67146803625465e-06,5.26339943487127e-07,8.99995187480277e-07,2.68624427293241,TRUE,TRUE,FALSE,TRUE,irHepatitis
CSF,IgG+ B cell,CD8+ T cell 3,2.0353307324961e-05,4.62106271082625e-07,3.56567010064135e-06,2.84507578290107e-06,all4,2,2,2,2,1.04077067980218e-05,3.20537294177121e-06,4.62106271082625e-07,2.0353307324961e-05,2.84507578290107e-06,3.56567010064135e-06,1.67158891990969,TRUE,FALSE,FALSE,FALSE,
CSF,IgG+ B cell,Cholangiocyte,1.07935727945291e-06,2.51999108717999e-05,5.044127096419e-06,5.45991282542643e-06,all4,2,2,2,2,1.31396340756264e-05,5.25201996092271e-06,1.07935727945291e-06,2.51999108717999e-05,5.044127096419e-06,5.45991282542643e-06,1.30833109029873,TRUE,FALSE,FALSE,FALSE,
CSF,IgG+ B cell,Hepatocyte 1,6.49237438185344e-06,1.11122405918258e-06,3.95961010101844e-07,5.99669458151723e-07,all4,2,2,2,2,3.80179922051801e-06,4.97815234126784e-07,1.11122405918258e-06,6.49237438185344e-06,3.95961010101844e-07,5.99669458151723e-07,2.72719939488443,TRUE,TRUE,FALSE,TRUE,irHepatitis
CSF,IgG+ B cell,Hepatocyte 2,4.00498275380327e-06,1.51140692564369e-06,6.32146957577553e-07,5.91794893073303e-07,all4,2,2,2,2,2.75819483972348e-06,6.11970925325428e-07,1.51140692564369e-06,4.00498275380327e-06,5.91794893073303e-07,6.32146957577553e-07,2.02071090618221,TRUE,TRUE,FALSE,TRUE,irHepatitis
CSF,IgG+ B cell,Hepatocyte 3,1.41380886541765e-06,1.20190803220691e-06,3.27965353258596e-07,1.02768537437683e-06,all4,2,2,2,2,1.30785844881228e-06,6.77825363817712e-07,1.20190803220691e-06,1.41380886541765e-06,3.27965353258596e-07,1.02768537437683e-06,0.864448126472227,TRUE,TRUE,FALSE,TRUE,irHepatitis
CSF,IgG+ B cell,Hepatocyte 4,2.41361467483202e-05,0,2.77658937338052e-07,5.6778659106413e-07,all4,2,2,2,2,1.20680733741601e-05,4.22722764201091e-07,0,2.41361467483202e-05,2.77658937338052e-07,5.6778659106413e-07,4.56784638096818,TRUE,FALSE,FALSE,FALSE,
CSF,IgG+ B cell,Ig+ hepatocyte,2.4623442511809e-05,,2.29388791924039e-06,4.07259536857215e-06,all4,2,2,1,2,2.4623442511809e-05,3.18324164390627e-06,,,2.29388791924039e-06,4.07259536857215e-06,2.9165400777166,FALSE,FALSE,FALSE,FALSE,
CSF,IgG+ B cell,IgG+ B cell,1.52322192283448e-05,0,5.00878291494558e-06,1.46422043653338e-05,all4,2,2,2,2,7.61610961417241e-06,9.8254936401397e-06,0,1.52322192283448e-05,5.00878291494558e-06,1.46422043653338e-05,-0.36368582995924,TRUE,FALSE,FALSE,FALSE,
CSF,IgG+ B cell,IgG+ plasmablast / plasma cell,2.56671854810186e-05,6.6756842891012e-07,6.72823219257487e-06,1.0228753339638e-05,all4,2,2,2,2,1.31673769549644e-05,8.47849276610641e-06,6.6756842891012e-07,2.56671854810186e-05,6.72823219257487e-06,1.0228753339638e-05,0.629687625973742,TRUE,FALSE,FALSE,FALSE,
CSF,IgG+ B cell,IgM+ B cell,1.45047621587269e-05,3.35189800453042e-08,4.47662391052087e-06,6.17846247812196e-06,all4,2,2,2,2,7.26914056938609e-06,5.32754319432142e-06,3.35189800453042e-08,1.45047621587269e-05,4.47662391052087e-06,6.17846247812196e-06,0.441905175614542,TRUE,FALSE,FALSE,FALSE,
CSF,IgG+ B cell,Macrophage 1,5.35419514667134e-05,5.74732497831546e-05,1.05728144565519e-05,8.5152443391936e-06,all4,2,2,2,2,5.5507600624934e-05,9.54402939787274e-06,5.35419514667134e-05,5.74732497831546e-05,8.5152443391936e-06,1.05728144565519e-05,2.52882308188493,TRUE,TRUE,FALSE,TRUE,irHepatitis
CSF,IgG+ B cell,Macrophage 2,2.35491093979417e-05,6.28419438326957e-05,1.13809278732911e-05,1.34603166840134e-05,all4,2,2,2,2,4.31955266153187e-05,1.24206222786523e-05,2.35491093979417e-05,6.28419438326957e-05,1.13809278732911e-05,1.34603166840134e-05,1.79073890234738,TRUE,TRUE,FALSE,TRUE,irHepatitis
CSF,IgG+ B cell,Sinusoidal endothelial cell,1.97805071689843e-06,3.81089822175069e-06,2.95482898752329e-06,2.80859755672632e-06,all4,2,2,2,2,2.89447446932456e-06,2.88171327212481e-06,1.97805071689843e-06,3.81089822175069e-06,2.80859755672632e-06,2.95482898752329e-06,0.00618218519737542,TRUE,FALSE,FALSE,FALSE,
CSF,IgG+ B cell,Stellate cell,7.93522372015444e-06,1.10597465642808e-05,5.05763091552291e-06,7.2922177322023e-06,all4,2,2,2,2,9.49748514221762e-06,6.1749243238626e-06,7.93522372015444e-06,1.10597465642808e-05,5.05763091552291e-06,7.2922177322023e-06,0.613862889679401,TRUE,TRUE,FALSE,TRUE,irHepatitis
CSF,IgG+ B cell,Vascular endothelial cell,2.11440976533832e-05,1.47262498482878e-05,3.57697179676735e-06,4.56608690865764e-06,all4,2,2,2,2,1.79351737508355e-05,4.0715293527125e-06,1.47262498482878e-05,2.11440976533832e-05,3.57697179676735e-06,4.56608690865764e-06,2.11485262568076,TRUE,TRUE,FALSE,TRUE,irHepatitis
CSF,IgG+ plasmablast / plasma cell,CD4+ T cell,7.985405227999e-05,6.71078930856581e-05,8.59104943380521e-06,9.34257266590722e-06,all4,2,2,2,2,7.34809726828241e-05,8.96681104985622e-06,6.71078930856581e-05,7.985405227999e-05,8.59104943380521e-06,9.34257266590722e-06,3.02207479083048,TRUE,TRUE,FALSE,TRUE,irHepatitis
CSF,IgG+ plasmablast / plasma cell,CD8+ T cell 1,4.54241226014453e-05,1.65525947665033e-05,9.16712213541366e-06,6.65286482922169e-06,all4,2,2,2,2,3.09883586839743e-05,7.90999348231767e-06,1.65525947665033e-05,4.54241226014453e-05,6.65286482922169e-06,9.16712213541366e-06,1.95785222930926,TRUE,TRUE,FALSE,TRUE,irHepatitis
CSF,IgG+ plasmablast / plasma cell,CD8+ T cell 2,2.12246781362433e-05,6.67870193352349e-07,2.48415296455518e-06,1.47657279312419e-06,all4,2,2,2,2,1.09462741647978e-05,1.98036287883969e-06,6.67870193352349e-07,2.12246781362433e-05,1.47657279312419e-06,2.48415296455518e-06,2.41435109789459,TRUE,FALSE,FALSE,FALSE,
CSF,IgG+ plasmablast / plasma cell,CD8+ T cell 3,2.40195645838454e-05,6.88609835893749e-06,9.44556079952411e-06,5.8866900921539e-06,all4,2,2,2,2,1.54528314713915e-05,7.66612544583901e-06,6.88609835893749e-06,2.40195645838454e-05,5.8866900921539e-06,9.44556079952411e-06,1.00285010327588,TRUE,FALSE,FALSE,FALSE,
CSF,IgG+ plasmablast / plasma cell,Cholangiocyte,2.84977055621004e-05,8.33958817199987e-06,8.03585743139141e-06,5.51856450527248e-06,all4,2,2,2,2,1.84186468670502e-05,6.77721096833195e-06,8.33958817199987e-06,2.84977055621004e-05,5.51856450527248e-06,8.03585743139141e-06,1.43041571296456,TRUE,TRUE,FALSE,TRUE,irHepatitis
CSF,IgG+ plasmablast / plasma cell,Hepatocyte 1,2.17475094290282e-06,2.10190009139421e-06,1.73834952327892e-06,9.84885820661328e-07,all4,2,2,2,2,2.13832551714851e-06,1.36161767197012e-06,2.10190009139421e-06,2.17475094290282e-06,9.84885820661328e-07,1.73834952327892e-06,0.618331186275155,TRUE,TRUE,FALSE,TRUE,irHepatitis
CSF,IgG+ plasmablast / plasma cell,Hepatocyte 2,1.75411383101159e-06,6.83916674522614e-08,1.03007389038681e-06,6.02196307982381e-07,all4,2,2,2,2,9.11252749231926e-07,8.16135099184593e-07,6.83916674522614e-08,1.75411383101159e-06,6.02196307982381e-07,1.03007389038681e-06,0.144022418973054,TRUE,FALSE,FALSE,FALSE,
CSF,IgG+ plasmablast / plasma cell,Hepatocyte 3,1.00247626080587e-07,0,1.20110700174355e-06,9.33868998773272e-07,all4,2,2,2,2,5.01238130402935e-08,1.06748800025841e-06,0,1.00247626080587e-07,9.33868998773272e-07,1.20110700174355e-06,-3.04707800215867,TRUE,FALSE,TRUE,TRUE,AIH
CSF,IgG+ plasmablast / plasma cell,Hepatocyte 4,2.445010451082e-06,0,9.52142215728344e-07,6.17620209173258e-07,all4,2,2,2,2,1.222505225541e-06,7.84881212450801e-07,0,2.445010451082e-06,6.17620209173258e-07,9.52142215728344e-07,0.585216036440188,TRUE,FALSE,FALSE,FALSE,
CSF,IgG+ plasmablast / plasma cell,Ig+ hepatocyte,0,,4.5909777876164e-06,6.31729607195552e-06,all4,2,2,1,2,0,5.45413692978596e-06,,,4.5909777876164e-06,6.31729607195552e-06,-5.9463839367663,FALSE,FALSE,FALSE,FALSE,
CSF,IgG+ plasmablast / plasma cell,IgG+ B cell,0.000115858174204512,0,7.27458807683812e-06,7.70142519473716e-06,all4,2,2,2,2,5.79290871022562e-05,7.48800663578764e-06,0,0.000115858174204512,7.27458807683812e-06,7.70142519473716e-06,2.9366529162353,TRUE,FALSE,FALSE,FALSE,
CSF,IgG+ plasmablast / plasma cell,IgG+ plasmablast / plasma cell,3.99720294111121e-05,0,1.60974204997497e-05,1.88580879815184e-05,all4,2,2,2,2,1.9986014705556e-05,1.7477754240634e-05,0,3.99720294111121e-05,1.60974204997497e-05,1.88580879815184e-05,0.192544099396465,TRUE,FALSE,FALSE,FALSE,
CSF,IgG+ plasmablast / plasma cell,IgM+ B cell,7.43471601050018e-05,2.99483795376029e-07,8.72178335367125e-06,8.02776011289968e-06,all4,2,2,2,2,3.73233219501889e-05,8.37477173328546e-06,2.99483795376029e-07,7.43471601050018e-05,8.02776011289968e-06,8.72178335367125e-06,2.14402145258906,TRUE,FALSE,FALSE,FALSE,
CSF,IgG+ plasmablast / plasma cell,Macrophage 1,5.87424822510917e-05,4.49087416737716e-05,2.32933894683829e-05,1.43287562339177e-05,all4,2,2,2,2,5.18256119624317e-05,1.88110728511503e-05,4.49087416737716e-05,5.87424822510917e-05,1.43287562339177e-05,2.32933894683829e-05,1.45770490552933,TRUE,TRUE,FALSE,TRUE,irHepatitis
CSF,IgG+ plasmablast / plasma cell,Macrophage 2,7.64508456424489e-05,0.00013916058874985,1.8337542290862e-05,1.8055621505542e-05,all4,2,2,2,2,0.00010780571719615,1.8196581898202e-05,7.64508456424489e-05,0.00013916058874985,1.8055621505542e-05,1.8337542290862e-05,2.56078644785082,TRUE,TRUE,FALSE,TRUE,irHepatitis
CSF,IgG+ plasmablast / plasma cell,Sinusoidal endothelial cell,3.93662546597508e-06,2.65572743676811e-07,7.15122386458886e-06,3.59727357463969e-06,all4,2,2,2,2,2.10109910482595e-06,5.37424871961428e-06,2.65572743676811e-07,3.93662546597508e-06,3.59727357463969e-06,7.15122386458886e-06,-1.31840565682901,TRUE,FALSE,FALSE,FALSE,
CSF,IgG+ plasmablast / plasma cell,Stellate cell,2.35884837007649e-05,1.12192741261282e-05,8.00025176725297e-06,7.1281783893796e-06,all4,2,2,2,2,1.74038789134466e-05,7.56421507831628e-06,1.12192741261282e-05,2.35884837007649e-05,7.1281783893796e-06,8.00025176725297e-06,1.19253387831629,TRUE,TRUE,FALSE,TRUE,irHepatitis
CSF,IgG+ plasmablast / plasma cell,Vascular endothelial cell,4.90802339567435e-05,2.94416363310037e-05,6.49537670723613e-06,6.16015888380929e-06,all4,2,2,2,2,3.92609351438736e-05,6.32776779552271e-06,2.94416363310037e-05,4.90802339567435e-05,6.16015888380929e-06,6.49537670723613e-06,2.61627218871387,TRUE,TRUE,FALSE,TRUE,irHepatitis
CSF,IgM+ B cell,CD4+ T cell,8.92293879707625e-05,5.76530255405134e-05,1.86163871708118e-05,2.92699189105043e-05,all4,2,2,2,2,7.34412067556379e-05,2.39431530406581e-05,5.76530255405134e-05,8.92293879707625e-05,1.86163871708118e-05,2.92699189105043e-05,1.61333454161434,TRUE,TRUE,FALSE,TRUE,irHepatitis
CSF,IgM+ B cell,CD8+ T cell 1,3.58036721642325e-05,3.00094908838577e-05,6.73324741796248e-06,6.39400974483014e-06,all4,2,2,2,2,3.29065815240451e-05,6.56362858139631e-06,3.00094908838577e-05,3.58036721642325e-05,6.39400974483014e-06,6.73324741796248e-06,2.3101196739148,TRUE,TRUE,FALSE,TRUE,irHepatitis
CSF,IgM+ B cell,CD8+ T cell 2,1.21502743932355e-05,4.00922102634758e-06,1.54884050093808e-06,1.49146285281605e-06,all4,2,2,2,2,8.07974770979154e-06,1.52015167687707e-06,4.00922102634758e-06,1.21502743932355e-05,1.49146285281605e-06,1.54884050093808e-06,2.34316286300712,TRUE,TRUE,FALSE,TRUE,irHepatitis
CSF,IgM+ B cell,CD8+ T cell 3,1.11080321708026e-05,1.30418173444473e-05,8.19054854501246e-06,6.74196426312944e-06,all4,2,2,2,2,1.20749247576249e-05,7.46625640407095e-06,1.11080321708026e-05,1.30418173444473e-05,6.74196426312944e-06,8.19054854501246e-06,0.686990664882706,TRUE,TRUE,FALSE,TRUE,irHepatitis
CSF,IgM+ B cell,Cholangiocyte,2.03151693471176e-05,1.81255552452282e-05,5.77933165013846e-06,6.62720563016609e-06,all4,2,2,2,2,1.92203622961729e-05,6.20326864015227e-06,1.81255552452282e-05,2.03151693471176e-05,5.77933165013846e-06,6.62720563016609e-06,1.61750839052716,TRUE,TRUE,FALSE,TRUE,irHepatitis
CSF,IgM+ B cell,Hepatocyte 1,1.50167808612452e-06,6.16112957344469e-07,4.63219770593957e-07,1.03221303056959e-06,all4,2,2,2,2,1.05889552173449e-06,7.47716400581772e-07,6.16112957344469e-07,1.50167808612452e-06,4.63219770593957e-07,1.03221303056959e-06,0.455757833856608,TRUE,FALSE,FALSE,FALSE,
CSF,IgM+ B cell,Hepatocyte 2,4.87212049251094e-07,8.0623996398127e-07,3.15740813075476e-07,1.17160993582235e-06,all4,2,2,2,2,6.46726006616182e-07,7.43675374448911e-07,4.87212049251094e-07,8.0623996398127e-07,3.15740813075476e-07,1.17160993582235e-06,-0.178379055694635,TRUE,FALSE,FALSE,FALSE,
CSF,IgM+ B cell,Hepatocyte 3,3.96499256758258e-06,1.27455532725587e-08,2.56986270678944e-07,1.72801614229921e-06,all4,2,2,2,2,1.98886906042757e-06,9.92501206489079e-07,1.27455532725587e-08,3.96499256758258e-06,2.56986270678944e-07,1.72801614229921e-06,0.941490578005663,TRUE,FALSE,FALSE,FALSE,
CSF,IgM+ B cell,Hepatocyte 4,1.21890760025813e-05,6.12888544821606e-07,9.14247493904464e-07,6.43354877293194e-07,all4,2,2,2,2,6.40098227370145e-06,7.78801185598829e-07,6.12888544821606e-07,1.21890760025813e-05,6.43354877293194e-07,9.14247493904464e-07,2.90147465957848,TRUE,FALSE,FALSE,FALSE,
CSF,IgM+ B cell,Ig+ hepatocyte,0,,2.26276871973841e-06,3.96325132526842e-06,all4,2,2,1,2,0,3.11301002250341e-06,,,2.26276871973841e-06,3.96325132526842e-06,-5.15483139941554,FALSE,FALSE,FALSE,FALSE,
CSF,IgM+ B cell,IgG+ B cell,2.85266922752959e-05,0,3.39014132097637e-06,6.02195161298098e-06,all4,2,2,2,2,1.42633461376479e-05,4.70604646697867e-06,0,2.85266922752959e-05,3.39014132097637e-06,6.02195161298098e-06,1.5814884774937,TRUE,FALSE,FALSE,FALSE,
CSF,IgM+ B cell,IgG+ plasmablast / plasma cell,0.000163309366085315,2.73915758583852e-05,7.22896561273301e-06,1.04665732847495e-05,all4,2,2,2,2,9.53504709718503e-05,8.84776944874123e-06,2.73915758583852e-05,0.000163309366085315,7.22896561273301e-06,1.04665732847495e-05,3.41662824105207,TRUE,TRUE,FALSE,TRUE,irHepatitis
CSF,IgM+ B cell,IgM+ B cell,0.000162978751662891,7.0683457993116e-05,2.65458414556187e-05,6.1800033476638e-05,all4,2,2,2,2,0.000116831104828004,4.41729374661284e-05,7.0683457993116e-05,0.000162978751662891,2.65458414556187e-05,6.1800033476638e-05,1.40136617694906,TRUE,TRUE,FALSE,TRUE,irHepatitis
CSF,IgM+ B cell,Macrophage 1,6.0484205858174e-05,8.3901894218899e-05,1.94920055864283e-05,1.42012956659615e-05,all4,2,2,2,2,7.21930500385365e-05,1.68466506261949e-05,6.0484205858174e-05,8.3901894218899e-05,1.42012956659615e-05,1.94920055864283e-05,2.09351494477234,TRUE,TRUE,FALSE,TRUE,irHepatitis
CSF,IgM+ B cell,Macrophage 2,5.58294139944035e-05,3.65738475728286e-05,1.92429766027546e-05,2.16064426147135e-05,all4,2,2,2,2,4.62016307836161e-05,2.04247096087341e-05,3.65738475728286e-05,5.58294139944035e-05,1.92429766027546e-05,2.16064426147135e-05,1.17409635250973,TRUE,TRUE,FALSE,TRUE,irHepatitis
CSF,IgM+ B cell,Sinusoidal endothelial cell,2.57757106059741e-06,1.60940395738606e-06,4.7240061493252e-06,3.38183496544619e-06,all4,2,2,2,2,2.09348750899173e-06,4.05292055738569e-06,1.60940395738606e-06,2.57757106059741e-06,3.38183496544619e-06,4.7240061493252e-06,-0.924043386991843,TRUE,FALSE,TRUE,TRUE,AIH
CSF,IgM+ B cell,Stellate cell,1.64897080658697e-05,1.08132944047535e-05,8.72409513826246e-06,8.06401895231349e-06,all4,2,2,2,2,1.36515012353116e-05,8.39405704528798e-06,1.08132944047535e-05,1.64897080658697e-05,8.06401895231349e-06,8.72409513826246e-06,0.695719541614973,TRUE,TRUE,FALSE,TRUE,irHepatitis
CSF,IgM+ B cell,Vascular endothelial cell,2.56853985841604e-05,1.15239014797168e-05,9.70156570218771e-06,8.29933885905311e-06,all4,2,2,2,2,1.86046500319386e-05,9.00045228062041e-06,1.15239014797168e-05,2.56853985841604e-05,8.29933885905311e-06,9.70156570218771e-06,1.04020918246048,TRUE,TRUE,FALSE,TRUE,irHepatitis
CSF,Macrophage 1,CD4+ T cell,1.85818992323128e-05,4.86540976685484e-06,6.52751693182376e-06,5.4125574120253e-06,all4,2,2,2,2,1.17236544995838e-05,5.97003717192453e-06,4.86540976685484e-06,1.85818992323128e-05,5.4125574120253e-06,6.52751693182376e-06,0.963067724987574,TRUE,FALSE,FALSE,FALSE,
CSF,Macrophage 1,CD8+ T cell 1,4.2247714346879e-05,2.77099150560738e-05,1.50182138080485e-05,1.324037963218e-05,all4,2,2,2,2,3.49788147014764e-05,1.41292967201143e-05,2.77099150560738e-05,4.2247714346879e-05,1.324037963218e-05,1.50182138080485e-05,1.30234425366706,TRUE,TRUE,FALSE,TRUE,irHepatitis
CSF,Macrophage 1,CD8+ T cell 2,2.70058920212062e-05,1.40534839385297e-05,8.85306676035381e-06,6.42186273460189e-06,all4,2,2,2,2,2.0529687979868e-05,7.63746474747785e-06,1.40534839385297e-05,2.70058920212062e-05,6.42186273460189e-06,8.85306676035381e-06,1.41596645153154,TRUE,TRUE,FALSE,TRUE,irHepatitis
CSF,Macrophage 1,CD8+ T cell 3,3.14111588680406e-05,3.6939146184747e-05,1.72182307710559e-05,1.24780982186712e-05,all4,2,2,2,2,3.41751525263938e-05,1.48481644948636e-05,3.14111588680406e-05,3.6939146184747e-05,1.24780982186712e-05,1.72182307710559e-05,1.19774436274397,TRUE,TRUE,FALSE,TRUE,irHepatitis
CSF,Macrophage 1,Cholangiocyte,1.88443640049795e-05,1.21437244725407e-05,3.24218156857825e-06,3.23855759648983e-06,all4,2,2,2,2,1.54940442387601e-05,3.24036958253404e-06,1.21437244725407e-05,1.88443640049795e-05,3.23855759648983e-06,3.24218156857825e-06,2.22634764946996,TRUE,TRUE,FALSE,TRUE,irHepatitis
CSF,Macrophage 1,Hepatocyte 1,6.13423290476158e-06,3.47307522721944e-06,5.34340152407007e-06,3.99813339005207e-06,all4,2,2,2,2,4.80365406599051e-06,4.67076745706107e-06,3.47307522721944e-06,6.13423290476158e-06,3.99813339005207e-06,5.34340152407007e-06,0.039718736286199,TRUE,FALSE,FALSE,FALSE,
CSF,Macrophage 1,Hepatocyte 2,4.48021381121221e-06,1.8142070593062e-06,4.13862848516032e-06,2.81219252604879e-06,all4,2,2,2,2,3.14721043525921e-06,3.47541050560455e-06,1.8142070593062e-06,4.48021381121221e-06,2.81219252604879e-06,4.13862848516032e-06,-0.139320914372064,TRUE,FALSE,FALSE,FALSE,
CSF,Macrophage 1,Hepatocyte 3,3.04302190107529e-06,4.44565320687262e-07,3.36035374891154e-06,2.70331915534353e-06,all4,2,2,2,2,1.74379361088128e-06,3.03183645212754e-06,4.44565320687262e-07,3.04302190107529e-06,2.70331915534353e-06,3.36035374891154e-06,-0.767594334181585,TRUE,FALSE,FALSE,FALSE,
CSF,Macrophage 1,Hepatocyte 4,5.60713515035289e-06,3.04069446043986e-06,5.49600962724535e-06,3.60797871796843e-06,all4,2,2,2,2,4.32391480539637e-06,4.55199417260689e-06,3.04069446043986e-06,5.60713515035289e-06,3.60797871796843e-06,5.49600962724535e-06,-0.0726874441386909,TRUE,FALSE,FALSE,FALSE,
CSF,Macrophage 1,Ig+ hepatocyte,1.91153131621861e-09,,6.34034405995836e-06,4.79500742543136e-06,all4,2,2,1,2,1.91153131621861e-09,5.56767574269486e-06,,,4.79500742543136e-06,6.34034405995836e-06,-5.9452786482698,FALSE,FALSE,FALSE,FALSE,
CSF,Macrophage 1,IgG+ B cell,2.75272668145819e-06,3.04390655326416e-06,3.00306544441706e-06,1.77503730251661e-06,all4,2,2,2,2,2.89831661736117e-06,2.38905137346683e-06,2.75272668145819e-06,3.04390655326416e-06,1.77503730251661e-06,3.00306544441706e-06,0.269554208596831,TRUE,FALSE,FALSE,FALSE,
CSF,Macrophage 1,IgG+ plasmablast / plasma cell,2.00357482091931e-05,1.04725085375986e-05,7.194260685745e-06,5.62364980334784e-06,all4,2,2,2,2,1.52541283733958e-05,6.40895524454642e-06,1.04725085375986e-05,2.00357482091931e-05,5.62364980334784e-06,7.194260685745e-06,1.2394190609931,TRUE,TRUE,FALSE,TRUE,irHepatitis
CSF,Macrophage 1,IgM+ B cell,1.75762363528187e-05,8.57064226336044e-06,6.00543083531095e-06,5.25526844433346e-06,all4,2,2,2,2,1.30734393080896e-05,5.6303496398222e-06,8.57064226336044e-06,1.75762363528187e-05,5.25526844433346e-06,6.00543083531095e-06,1.20237471218376,TRUE,TRUE,FALSE,TRUE,irHepatitis
CSF,Macrophage 1,Macrophage 1,0.000165804404802378,0.000178690221650459,5.23562663333469e-05,4.63095088191798e-05,all4,2,2,2,2,0.000172247313226418,4.93328875762634e-05,0.000165804404802378,0.000178690221650459,4.63095088191798e-05,5.23562663333469e-05,1.80198585416748,TRUE,TRUE,FALSE,TRUE,irHepatitis
CSF,Macrophage 1,Macrophage 2,4.41542843806135e-05,3.50487094337832e-05,1.3158735117945e-05,1.51543381373373e-05,all4,2,2,2,2,3.96014969071983e-05,1.41565366276411e-05,3.50487094337832e-05,4.41542843806135e-05,1.3158735117945e-05,1.51543381373373e-05,1.47822486376155,TRUE,TRUE,FALSE,TRUE,irHepatitis
CSF,Macrophage 1,Sinusoidal endothelial cell,1.03908139941307e-05,9.71073215014777e-06,1.68659888832349e-05,1.17152936397761e-05,all4,2,2,2,2,1.00507730721392e-05,1.42906412615055e-05,9.71073215014777e-06,1.03908139941307e-05,1.17152936397761e-05,1.68659888832349e-05,-0.503964331538631,TRUE,FALSE,TRUE,TRUE,AIH
CSF,Macrophage 1,Stellate cell,1.96336745722324e-05,9.11315269511597e-06,8.6781331883882e-06,7.28334812016015e-06,all4,2,2,2,2,1.43734136336742e-05,7.98074065427417e-06,9.11315269511597e-06,1.96336745722324e-05,7.28334812016015e-06,8.6781331883882e-06,0.841642574469497,TRUE,TRUE,FALSE,TRUE,irHepatitis
CSF,Macrophage 1,Vascular endothelial cell,1.15666096725587e-05,2.87637483705609e-06,2.82116763082532e-06,2.54208740270691e-06,all4,2,2,2,2,7.2214922548074e-06,2.68162751676612e-06,2.87637483705609e-06,1.15666096725587e-05,2.54208740270691e-06,2.82116763082532e-06,1.39946302107496,TRUE,TRUE,FALSE,TRUE,irHepatitis
CSF,Macrophage 2,CD4+ T cell,1.99495131673898e-05,1.46232718282152e-05,5.66414187276279e-06,5.58564375793487e-06,all4,2,2,2,2,1.72863924978025e-05,5.62489281534883e-06,1.46232718282152e-05,1.99495131673898e-05,5.58564375793487e-06,5.66414187276279e-06,1.60434624822726,TRUE,TRUE,FALSE,TRUE,irHepatitis
CSF,Macrophage 2,CD8+ T cell 1,2.13068549589173e-05,1.32361973596013e-05,5.41381491623788e-06,4.77482495153687e-06,all4,2,2,2,2,1.72715261592593e-05,5.09431993388738e-06,1.32361973596013e-05,2.13068549589173e-05,4.77482495153687e-06,5.41381491623788e-06,1.74368554604629,TRUE,TRUE,FALSE,TRUE,irHepatitis
CSF,Macrophage 2,CD8+ T cell 2,2.86565758497731e-06,4.32365071279574e-06,1.32279138535223e-06,1.81098294740713e-06,all4,2,2,2,2,3.59465414888652e-06,1.56688716637968e-06,2.86565758497731e-06,4.32365071279574e-06,1.32279138535223e-06,1.81098294740713e-06,1.1530991010173,TRUE,TRUE,FALSE,TRUE,irHepatitis
CSF,Macrophage 2,CD8+ T cell 3,2.33213964604945e-05,2.18893423615968e-05,5.92940007556727e-06,4.2993216403242e-06,all4,2,2,2,2,2.26053694110456e-05,5.11436085794573e-06,2.18893423615968e-05,2.33213964604945e-05,4.2993216403242e-06,5.92940007556727e-06,2.12462524084748,TRUE,TRUE,FALSE,TRUE,irHepatitis
CSF,Macrophage 2,Cholangiocyte,1.59998559712973e-05,1.11996734579338e-05,5.93172143637064e-06,2.73824272089699e-06,all4,2,2,2,2,1.35997647146156e-05,4.33498207863382e-06,1.11996734579338e-05,1.59998559712973e-05,2.73824272089699e-06,5.93172143637064e-06,1.62937496913177,TRUE,TRUE,FALSE,TRUE,irHepatitis
CSF,Macrophage 2,Hepatocyte 1,2.52134986711241e-06,1.8140864049636e-06,8.57059533293863e-07,1.31788650183487e-06,all4,2,2,2,2,2.167718136038e-06,1.08747301756436e-06,1.8140864049636e-06,2.52134986711241e-06,8.57059533293863e-07,1.31788650183487e-06,0.939226744043631,TRUE,TRUE,FALSE,TRUE,irHepatitis
CSF,Macrophage 2,Hepatocyte 2,2.25271238855015e-06,1.20056562314931e-06,7.37717841472186e-07,1.19732328175203e-06,all4,2,2,2,2,1.72663900584973e-06,9.67520561612107e-07,1.20056562314931e-06,2.25271238855015e-06,7.37717841472186e-07,1.19732328175203e-06,0.780639880821015,TRUE,TRUE,FALSE,TRUE,irHepatitis
CSF,Macrophage 2,Hepatocyte 3,5.91690608849667e-07,1.69885630896969e-06,1.10647429859402e-06,1.48523409817878e-06,all4,2,2,2,2,1.14527345890968e-06,1.2958541983864e-06,5.91690608849667e-07,1.69885630896969e-06,1.10647429859402e-06,1.48523409817878e-06,-0.165957013228169,TRUE,FALSE,FALSE,FALSE,
CSF,Macrophage 2,Hepatocyte 4,4.20434641508238e-07,1.35402211699279e-07,8.05927882898172e-07,1.06528863967799e-06,all4,2,2,2,2,2.77918426603758e-07,9.3560826128808e-07,1.35402211699279e-07,4.20434641508238e-07,8.05927882898172e-07,1.06528863967799e-06,-1.47925943009296,TRUE,FALSE,TRUE,TRUE,AIH
CSF,Macrophage 2,Ig+ hepatocyte,0,,2.19923487717689e-06,3.0379772803133e-06,all4,2,2,1,2,0,2.6186060787451e-06,,,2.19923487717689e-06,3.0379772803133e-06,-4.91294591654566,FALSE,FALSE,FALSE,FALSE,
CSF,Macrophage 2,IgG+ B cell,9.15088268725284e-06,1.60497247924573e-08,2.63625341525301e-06,2.19134406316359e-06,all4,2,2,2,2,4.58346620602265e-06,2.4137987392083e-06,1.60497247924573e-08,9.15088268725284e-06,2.19134406316359e-06,2.63625341525301e-06,0.900399621689124,TRUE,FALSE,FALSE,FALSE,
CSF,Macrophage 2,IgG+ plasmablast / plasma cell,2.01710943357262e-05,2.43621000422108e-05,4.31101602917527e-06,4.35238366478673e-06,all4,2,2,2,2,2.22665971889685e-05,4.331699846981e-06,2.01710943357262e-05,2.43621000422108e-05,4.31101602917527e-06,4.35238366478673e-06,2.33805233276352,TRUE,TRUE,FALSE,TRUE,irHepatitis
CSF,Macrophage 2,IgM+ B cell,1.81370320158117e-05,4.84305515582077e-06,6.20937272537583e-06,6.81184573762631e-06,all4,2,2,2,2,1.14900435858162e-05,6.51060923150107e-06,4.84305515582077e-06,1.81370320158117e-05,6.20937272537583e-06,6.81184573762631e-06,0.810978462728534,TRUE,FALSE,FALSE,FALSE,
CSF,Macrophage 2,Macrophage 1,5.26734690154247e-05,5.91926165492211e-05,1.49384123527575e-05,1.26308699682243e-05,all4,2,2,2,2,5.59330427823229e-05,1.37846411604909e-05,5.26734690154247e-05,5.91926165492211e-05,1.26308699682243e-05,1.49384123527575e-05,2.01357726998448,TRUE,TRUE,FALSE,TRUE,irHepatitis
CSF,Macrophage 2,Macrophage 2,4.20067901770411e-05,6.0802221799284e-05,1.53149953254449e-05,1.29103586796613e-05,all4,2,2,2,2,5.14045059881626e-05,1.41126770025531e-05,4.20067901770411e-05,6.0802221799284e-05,1.29103586796613e-05,1.53149953254449e-05,1.85826258097327,TRUE,TRUE,FALSE,TRUE,irHepatitis
CSF,Macrophage 2,Sinusoidal endothelial cell,7.70762656538757e-06,3.29232525329826e-06,4.79316558270523e-06,4.3258769200225e-06,all4,2,2,2,2,5.49997590934291e-06,4.55952125136386e-06,3.29232525329826e-06,7.70762656538757e-06,4.3258769200225e-06,4.79316558270523e-06,0.2657648215316,TRUE,FALSE,FALSE,FALSE,
CSF,Macrophage 2,Stellate cell,8.74957036291326e-06,6.75532764444284e-06,5.19378997060084e-06,4.1762170403121e-06,all4,2,2,2,2,7.75244900367805e-06,4.68500350545647e-06,6.75532764444284e-06,8.74957036291326e-06,4.1762170403121e-06,5.19378997060084e-06,0.715813609480535,TRUE,TRUE,FALSE,TRUE,irHepatitis
CSF,Macrophage 2,Vascular endothelial cell,1.10655488786742e-05,5.48018343449887e-06,3.91000404205493e-06,2.36185837936149e-06,all4,2,2,2,2,8.27286615658654e-06,3.13593121070821e-06,5.48018343449887e-06,1.10655488786742e-05,2.36185837936149e-06,3.91000404205493e-06,1.37430773834552,TRUE,TRUE,FALSE,TRUE,irHepatitis
CSF,Sinusoidal endothelial cell,CD4+ T cell,2.01228244559321e-05,1.87581905212275e-05,1.59649994010461e-05,1.88030072724648e-05,all4,2,2,2,2,1.94405074885798e-05,1.73840033367554e-05,1.87581905212275e-05,2.01228244559321e-05,1.59649994010461e-05,1.88030072724648e-05,0.160520087107534,TRUE,FALSE,FALSE,FALSE,
CSF,Sinusoidal endothelial cell,CD8+ T cell 1,0.000101845511021634,0.000184625248204379,5.25323189672935e-05,5.32252175638342e-05,all4,2,2,2,2,0.000143235379613006,5.28787682655638e-05,0.000101845511021634,0.000184625248204379,5.25323189672935e-05,5.32252175638342e-05,1.43608185580197,TRUE,TRUE,FALSE,TRUE,irHepatitis
CSF,Sinusoidal endothelial cell,CD8+ T cell 2,7.6702964008467e-05,9.43459786334118e-05,2.36357549418124e-05,2.8822659342658e-05,all4,2,2,2,2,8.55244713209394e-05,2.62292071422352e-05,7.6702964008467e-05,9.43459786334118e-05,2.36357549418124e-05,2.8822659342658e-05,1.70174223021378,TRUE,TRUE,FALSE,TRUE,irHepatitis
CSF,Sinusoidal endothelial cell,CD8+ T cell 3,8.78221050297534e-05,0.000213545574642425,6.28363663038527e-05,6.38136168471247e-05,all4,2,2,2,2,0.000150683839836089,6.33249915754887e-05,8.78221050297534e-05,0.000213545574642425,6.28363663038527e-05,6.38136168471247e-05,1.24949153367844,TRUE,TRUE,FALSE,TRUE,irHepatitis
CSF,Sinusoidal endothelial cell,Cholangiocyte,3.6273494129572e-05,2.55670370006252e-05,7.0152505318223e-06,1.21769256889852e-05,all4,2,2,2,2,3.09202655650986e-05,9.59608811040376e-06,2.55670370006252e-05,3.6273494129572e-05,7.0152505318223e-06,1.21769256889852e-05,1.67876952050875,TRUE,TRUE,FALSE,TRUE,irHepatitis
CSF,Sinusoidal endothelial cell,Hepatocyte 1,5.06240743358448e-05,3.74590070336344e-05,1.65081098279197e-05,1.87114455320324e-05,all4,2,2,2,2,4.40415406847396e-05,1.7609777679976e-05,3.74590070336344e-05,5.06240743358448e-05,1.65081098279197e-05,1.87114455320324e-05,1.31808348482938,TRUE,TRUE,FALSE,TRUE,irHepatitis
CSF,Sinusoidal endothelial cell,Hepatocyte 2,4.64703560025278e-05,3.28665302376146e-05,1.39069766791038e-05,1.4223670532604e-05,all4,2,2,2,2,3.96684431200712e-05,1.40653236058539e-05,3.28665302376146e-05,4.64703560025278e-05,1.39069766791038e-05,1.4223670532604e-05,1.48992273049738,TRUE,TRUE,FALSE,TRUE,irHepatitis
CSF,Sinusoidal endothelial cell,Hepatocyte 3,2.78503831387995e-05,1.45778818383112e-05,1.26024673451402e-05,1.45527846966886e-05,all4,2,2,2,2,2.12141324885554e-05,1.35776260209144e-05,1.45778818383112e-05,2.78503831387995e-05,1.26024673451402e-05,1.45527846966886e-05,0.640374200629445,TRUE,TRUE,FALSE,TRUE,irHepatitis
CSF,Sinusoidal endothelial cell,Hepatocyte 4,6.1282689753475e-05,3.37258059952276e-05,1.60888620970534e-05,1.67806272340946e-05,all4,2,2,2,2,4.75042478743513e-05,1.6434744665574e-05,3.37258059952276e-05,6.1282689753475e-05,1.60888620970534e-05,1.67806272340946e-05,1.52616462512773,TRUE,TRUE,FALSE,TRUE,irHepatitis
CSF,Sinusoidal endothelial cell,Ig+ hepatocyte,6.52336431801941e-05,,1.57157593608783e-05,2.13267678975672e-05,all4,2,2,1,2,6.52336431801941e-05,1.85212636292227e-05,,,1.57157593608783e-05,2.13267678975672e-05,1.81143447637743,FALSE,FALSE,FALSE,FALSE,
CSF,Sinusoidal endothelial cell,IgG+ B cell,2.65673587391549e-05,1.7195591543776e-06,9.86193100340503e-06,5.71324108753718e-06,all4,2,2,2,2,1.41434589467662e-05,7.78758604547111e-06,1.7195591543776e-06,2.65673587391549e-05,5.71324108753718e-06,9.86193100340503e-06,0.853468510714369,TRUE,FALSE,FALSE,FALSE,
CSF,Sinusoidal endothelial cell,IgG+ plasmablast / plasma cell,6.99709121088229e-05,8.28042360481785e-06,2.04007588383369e-05,1.93499155670405e-05,all4,2,2,2,2,3.91256678568204e-05,1.98753372026887e-05,8.28042360481785e-06,6.99709121088229e-05,1.93499155670405e-05,2.04007588383369e-05,0.973936081203103,TRUE,FALSE,FALSE,FALSE,
CSF,Sinusoidal endothelial cell,IgM+ B cell,2.67767732800254e-05,3.07403032644319e-05,1.29448142395636e-05,1.5262748998822e-05,all4,2,2,2,2,2.87585382722287e-05,1.41037816191928e-05,2.67767732800254e-05,3.07403032644319e-05,1.29448142395636e-05,1.5262748998822e-05,1.02324408149051,TRUE,TRUE,FALSE,TRUE,irHepatitis
CSF,Sinusoidal endothelial cell,Macrophage 1,0.000549650145337624,0.000865764734086915,0.000157855396278925,0.000153842982681547,all4,2,2,2,2,0.00070770743971227,0.000155849189480236,0.000549650145337624,0.000865764734086915,0.000153842982681547,0.000157855396278925,2.18235368327756,TRUE,TRUE,FALSE,TRUE,irHepatitis
CSF,Sinusoidal endothelial cell,Macrophage 2,0.00015894134545662,0.000172349679696469,4.18034522660511e-05,5.8837477962605e-05,all4,2,2,2,2,0.000165645512576545,5.03204651143281e-05,0.00015894134545662,0.000172349679696469,4.18034522660511e-05,5.8837477962605e-05,1.7170894754748,TRUE,TRUE,FALSE,TRUE,irHepatitis
CSF,Sinusoidal endothelial cell,Sinusoidal endothelial cell,0.000160192074039404,0.000107550983473054,0.000128976268293812,0.000115063291280466,all4,2,2,2,2,0.000133871528756229,0.000122019779787139,0.000107550983473054,0.000160192074039404,0.000115063291280466,0.000128976268293812,0.133640093275423,TRUE,FALSE,FALSE,FALSE,
CSF,Sinusoidal endothelial cell,Stellate cell,9.15610035382833e-05,5.65736808904507e-05,4.28008490078571e-05,3.24988259911669e-05,all4,2,2,2,2,7.4067342214367e-05,3.7649837499512e-05,5.65736808904507e-05,9.15610035382833e-05,3.24988259911669e-05,4.28008490078571e-05,0.974503100619055,TRUE,TRUE,FALSE,TRUE,irHepatitis
CSF,Sinusoidal endothelial cell,Vascular endothelial cell,2.67269869453113e-05,8.18025268748426e-06,4.63949162204245e-06,7.72938979423261e-06,all4,2,2,2,2,1.74536198163978e-05,6.18444070813753e-06,8.18025268748426e-06,2.67269869453113e-05,4.63949162204245e-06,7.72938979423261e-06,1.48340162891837,TRUE,TRUE,FALSE,TRUE,irHepatitis
CSF,Stellate cell,CD4+ T cell,6.23799790479939e-05,6.49161557129065e-05,2.95305997282481e-05,3.04790645597914e-05,all4,2,2,2,2,6.36480673804502e-05,3.00048321440198e-05,6.23799790479939e-05,6.49161557129065e-05,2.95305997282481e-05,3.04790645597914e-05,1.08264189469858,TRUE,TRUE,FALSE,TRUE,irHepatitis
CSF,Stellate cell,CD8+ T cell 1,0.000109917480421013,0.000147893265716921,3.27054689003419e-05,3.51711912266021e-05,all4,2,2,2,2,0.000128905373068967,3.3938330063472e-05,0.000109917480421013,0.000147893265716921,3.27054689003419e-05,3.51711912266021e-05,1.92251400782883,TRUE,TRUE,FALSE,TRUE,irHepatitis
CSF,Stellate cell,CD8+ T cell 2,6.01535137159313e-05,6.31408326020645e-05,7.05648852521489e-06,1.62630049151823e-05,all4,2,2,2,2,6.16471731589979e-05,1.16597467201986e-05,6.01535137159313e-05,6.31408326020645e-05,7.05648852521489e-06,1.62630049151823e-05,2.39351915531285,TRUE,TRUE,FALSE,TRUE,irHepatitis
CSF,Stellate cell,CD8+ T cell 3,8.94533344559316e-05,0.000139283987741126,4.10419275569546e-05,3.70276319889973e-05,all4,2,2,2,2,0.000114368661098529,3.90347797729759e-05,8.94533344559316e-05,0.000139283987741126,3.70276319889973e-05,4.10419275569546e-05,1.54867439110174,TRUE,TRUE,FALSE,TRUE,irHepatitis
CSF,Stellate cell,Cholangiocyte,4.53745909787676e-05,5.64357485659876e-05,2.1016454218884e-05,2.28733093878156e-05,all4,2,2,2,2,5.09051697723776e-05,2.19448818033498e-05,4.53745909787676e-05,5.64357485659876e-05,2.1016454218884e-05,2.28733093878156e-05,1.21057495552818,TRUE,TRUE,FALSE,TRUE,irHepatitis
CSF,Stellate cell,Hepatocyte 1,3.4405669703292e-05,1.81260074267359e-05,4.79380865985458e-06,1.00992222020589e-05,all4,2,2,2,2,2.6265838565014e-05,7.44651543095676e-06,1.81260074267359e-05,3.4405669703292e-05,4.79380865985458e-06,1.00992222020589e-05,1.80616596104561,TRUE,TRUE,FALSE,TRUE,irHepatitis
CSF,Stellate cell,Hepatocyte 2,2.34414436797376e-05,1.58011685903824e-05,4.34206137502105e-06,8.63415575388229e-06,all4,2,2,2,2,1.962130613506e-05,6.48810856445167e-06,1.58011685903824e-05,2.34414436797376e-05,4.34206137502105e-06,8.63415575388229e-06,1.58329245181002,TRUE,TRUE,FALSE,TRUE,irHepatitis
CSF,Stellate cell,Hepatocyte 3,1.64592339272546e-05,8.13143076789666e-06,4.19672886529085e-06,7.07853708306921e-06,all4,2,2,2,2,1.22953323475756e-05,5.63763297418003e-06,8.13143076789666e-06,1.64592339272546e-05,4.19672886529085e-06,7.07853708306921e-06,1.11263441461228,TRUE,TRUE,FALSE,TRUE,irHepatitis
CSF,Stellate cell,Hepatocyte 4,3.3120387520748e-05,1.54058847998121e-05,5.27743500578214e-06,9.48309205435168e-06,all4,2,2,2,2,2.426313616028e-05,7.38026353006691e-06,1.54058847998121e-05,3.3120387520748e-05,5.27743500578214e-06,9.48309205435168e-06,1.70488917129715,TRUE,TRUE,FALSE,TRUE,irHepatitis
CSF,Stellate cell,Ig+ hepatocyte,0.000102378746866028,,7.81940958448574e-06,1.89236517439316e-05,all4,2,2,1,2,0.000102378746866028,1.33715306642087e-05,,,7.81940958448574e-06,1.89236517439316e-05,2.92827837455538,FALSE,FALSE,FALSE,FALSE,
CSF,Stellate cell,IgG+ B cell,5.61367866409079e-05,5.10785346158258e-06,1.44735721035883e-05,1.89062211253686e-05,all4,2,2,2,2,3.06223200512452e-05,1.66898966144785e-05,5.10785346158258e-06,5.61367866409079e-05,1.44735721035883e-05,1.89062211253686e-05,0.872087355551988,TRUE,FALSE,FALSE,FALSE,
CSF,Stellate cell,IgG+ plasmablast / plasma cell,0.000128218244645863,0.000111310630824088,2.44579679258155e-05,2.96709179458484e-05,all4,2,2,2,2,0.000119764437734976,2.70644429358319e-05,0.000111310630824088,0.000128218244645863,2.44579679258155e-05,2.96709179458484e-05,2.14202703513629,TRUE,TRUE,FALSE,TRUE,irHepatitis
CSF,Stellate cell,IgM+ B cell,9.05885074361465e-05,5.94078203020926e-05,2.84946379056127e-05,3.04546611891122e-05,all4,2,2,2,2,7.49981638691195e-05,2.94746495473624e-05,5.94078203020926e-05,9.05885074361465e-05,2.84946379056127e-05,3.04546611891122e-05,1.34471513168162,TRUE,TRUE,FALSE,TRUE,irHepatitis
CSF,Stellate cell,Macrophage 1,0.000447007458300274,0.000607520383225499,9.43833761121415e-05,9.42796220716337e-05,all4,2,2,2,2,0.000527263920762886,9.43314990918876e-05,0.000447007458300274,0.000607520383225499,9.42796220716337e-05,9.43833761121415e-05,2.48158540772548,TRUE,TRUE,FALSE,TRUE,irHepatitis
CSF,Stellate cell,Macrophage 2,0.000167674058571879,0.000273205086588391,5.89936090193626e-05,6.67785670136134e-05,all4,2,2,2,2,0.000220439572580135,6.2886088016488e-05,0.000167674058571879,0.000273205086588391,5.89936090193626e-05,6.67785670136134e-05,1.80809762950286,TRUE,TRUE,FALSE,TRUE,irHepatitis
CSF,Stellate cell,Sinusoidal endothelial cell,6.05455593612832e-05,4.92841490968742e-05,4.92022577473373e-05,3.53784467082712e-05,all4,2,2,2,2,5.49148542290787e-05,4.22903522278043e-05,4.92841490968742e-05,6.05455593612832e-05,3.53784467082712e-05,4.92022577473373e-05,0.37616410302142,TRUE,TRUE,FALSE,TRUE,irHepatitis
CSF,Stellate cell,Stellate cell,0.000121431518482226,9.56823760274473e-05,4.9005695866507e-05,4.52601558827883e-05,all4,2,2,2,2,0.000108556947254837,4.71329258746476e-05,9.56823760274473e-05,0.000121431518482226,4.52601558827883e-05,4.9005695866507e-05,1.20208993231852,TRUE,TRUE,FALSE,TRUE,irHepatitis
CSF,Stellate cell,Vascular endothelial cell,6.09279706681847e-05,4.46541212378277e-05,1.80452906136802e-05,1.81103095827318e-05,all4,2,2,2,2,5.27910459530062e-05,1.8077800098206e-05,4.46541212378277e-05,6.09279706681847e-05,1.80452906136802e-05,1.81103095827318e-05,1.54137189774127,TRUE,TRUE,FALSE,TRUE,irHepatitis
CSF,Vascular endothelial cell,CD4+ T cell,0.000103712355167162,8.66872095415111e-05,5.04466537459421e-05,4.81576453991898e-05,all4,2,2,2,2,9.51997823543363e-05,4.93021495725659e-05,8.66872095415111e-05,0.000103712355167162,4.81576453991898e-05,5.04466537459421e-05,0.948041097973203,TRUE,TRUE,FALSE,TRUE,irHepatitis
CSF,Vascular endothelial cell,CD8+ T cell 1,0.000114245075182926,8.99407706544187e-05,1.79356135669556e-05,1.96944756313189e-05,all4,2,2,2,2,0.000102092922918672,1.88150445991373e-05,8.99407706544187e-05,0.000114245075182926,1.79356135669556e-05,1.96944756313189e-05,2.43431682418606,TRUE,TRUE,FALSE,TRUE,irHepatitis
CSF,Vascular endothelial cell,CD8+ T cell 2,4.86827223275804e-05,1.75917374916446e-05,3.18250582686589e-06,3.21959734333635e-06,all4,2,2,2,2,3.31372299096125e-05,3.20105158510112e-06,1.75917374916446e-05,4.86827223275804e-05,3.18250582686589e-06,3.21959734333635e-06,3.33578277220236,TRUE,TRUE,FALSE,TRUE,irHepatitis
CSF,Vascular endothelial cell,CD8+ T cell 3,0.000105784213282669,5.20214617777255e-05,2.39777530559354e-05,2.00725380420876e-05,all4,2,2,2,2,7.89028375301975e-05,2.20251455490115e-05,5.20214617777255e-05,0.000105784213282669,2.00725380420876e-05,2.39777530559354e-05,1.83669154472448,TRUE,TRUE,FALSE,TRUE,irHepatitis
CSF,Vascular endothelial cell,Cholangiocyte,8.89869036910453e-05,5.24844473908788e-05,2.45959109211734e-05,2.77278691090952e-05,all4,2,2,2,2,7.0735675540962e-05,2.61618900151343e-05,5.24844473908788e-05,8.89869036910453e-05,2.45959109211734e-05,2.77278691090952e-05,1.43185442912247,TRUE,TRUE,FALSE,TRUE,irHepatitis
CSF,Vascular endothelial cell,Hepatocyte 1,1.45699249178628e-05,4.72492541622262e-06,1.69634578412058e-06,2.40923053245919e-06,all4,2,2,2,2,9.6474251670427e-06,2.05278815828988e-06,4.72492541622262e-06,1.45699249178628e-05,1.69634578412058e-06,2.40923053245919e-06,2.18410069358025,TRUE,TRUE,FALSE,TRUE,irHepatitis
CSF,Vascular endothelial cell,Hepatocyte 2,9.7652270973169e-06,3.33877266019434e-06,1.26673285457352e-06,1.86425498801228e-06,all4,2,2,2,2,6.55199987875562e-06,1.5654939212929e-06,3.33877266019434e-06,9.7652270973169e-06,1.26673285457352e-06,1.86425498801228e-06,2.00441776329283,TRUE,TRUE,FALSE,TRUE,irHepatitis
CSF,Vascular endothelial cell,Hepatocyte 3,8.83160569587458e-06,2.97298251151591e-06,2.32304056256648e-06,2.54235297697993e-06,all4,2,2,2,2,5.90229410369525e-06,2.4326967697732e-06,2.97298251151591e-06,8.83160569587458e-06,2.32304056256648e-06,2.54235297697993e-06,1.24817289758716,TRUE,TRUE,FALSE,TRUE,irHepatitis
CSF,Vascular endothelial cell,Hepatocyte 4,4.86579793958882e-06,1.73016540801501e-06,2.0910417049641e-06,1.74999788993124e-06,all4,2,2,2,2,3.29798167380191e-06,1.92051979744767e-06,1.73016540801501e-06,4.86579793958882e-06,1.74999788993124e-06,2.0910417049641e-06,0.752885077853596,TRUE,FALSE,FALSE,FALSE,
CSF,Vascular endothelial cell,Ig+ hepatocyte,6.97588066567946e-07,,5.60239696913113e-06,1.27191617279052e-05,all4,2,2,1,2,6.97588066567946e-07,9.16077934851818e-06,,,5.60239696913113e-06,1.27191617279052e-05,-3.55422000805422,FALSE,FALSE,FALSE,FALSE,
CSF,Vascular endothelial cell,IgG+ B cell,0.000154539123078899,0,1.31680710011206e-05,3.72100460941006e-05,all4,2,2,2,2,7.72695615394497e-05,2.51890585476106e-05,0,0.000154539123078899,1.31680710011206e-05,3.72100460941006e-05,1.61364051076222,TRUE,FALSE,FALSE,FALSE,
CSF,Vascular endothelial cell,IgG+ plasmablast / plasma cell,0.000140567438251327,0.000146630238114901,2.5396985416579e-05,4.25668751425014e-05,all4,2,2,2,2,0.000143598838183114,3.39819302795402e-05,0.000140567438251327,0.000146630238114901,2.5396985416579e-05,4.25668751425014e-05,2.07629545910417,TRUE,TRUE,FALSE,TRUE,irHepatitis
CSF,Vascular endothelial cell,IgM+ B cell,0.000179913754657408,6.49488477940406e-05,4.79300335068142e-05,5.91710568439524e-05,all4,2,2,2,2,0.000122431301225724,5.35505451753833e-05,6.49488477940406e-05,0.000179913754657408,4.79300335068142e-05,5.91710568439524e-05,1.1916382166502,TRUE,TRUE,FALSE,TRUE,irHepatitis
CSF,Vascular endothelial cell,Macrophage 1,0.000320937120663749,0.000240119158307989,5.35364707854913e-05,4.90051442107166e-05,all4,2,2,2,2,0.000280528139485869,5.12708074981039e-05,0.000240119158307989,0.000320937120663749,4.90051442107166e-05,5.35364707854913e-05,2.44987064647766,TRUE,TRUE,FALSE,TRUE,irHepatitis
CSF,Vascular endothelial cell,Macrophage 2,0.000194368857523005,0.000238843158059195,6.8807813647566e-05,8.08450701642107e-05,all4,2,2,2,2,0.0002166060077911,7.48264419058883e-05,0.000194368857523005,0.000238843158059195,6.8807813647566e-05,8.08450701642107e-05,1.53231947779799,TRUE,TRUE,FALSE,TRUE,irHepatitis
CSF,Vascular endothelial cell,Sinusoidal endothelial cell,3.53790601950888e-05,1.08190259906431e-05,6.16645057370614e-06,1.20262672052971e-05,all4,2,2,2,2,2.30990430928659e-05,9.0963588895016e-06,1.08190259906431e-05,3.53790601950888e-05,6.16645057370614e-06,1.20262672052971e-05,1.33588718993585,TRUE,FALSE,FALSE,FALSE,
CSF,Vascular endothelial cell,Stellate cell,9.83950888843278e-05,6.33863243015224e-05,2.66121356174288e-05,3.43097567503421e-05,all4,2,2,2,2,8.08907065929251e-05,3.04609461838855e-05,6.33863243015224e-05,9.83950888843278e-05,2.66121356174288e-05,3.43097567503421e-05,1.40636394603816,TRUE,TRUE,FALSE,TRUE,irHepatitis
CSF,Vascular endothelial cell,Vascular endothelial cell,0.000176801927145537,7.23473902689733e-05,7.60985937738439e-05,6.05138672283878e-05,all4,2,2,2,2,0.000124574658707255,6.83062305011159e-05,7.23473902689733e-05,0.000176801927145537,6.05138672283878e-05,7.60985937738439e-05,0.866064709603127,TRUE,FALSE,FALSE,FALSE,
CXCL,CD4+ T cell,CD4+ T cell,6.46134676092584e-05,,5.6038580610668e-05,2.30153898416425e-05,partial,1,2,1,2,6.46134676092584e-05,3.95269852261552e-05,,,2.30153898416425e-05,5.6038580610668e-05,0.707725266692694,FALSE,FALSE,FALSE,FALSE,
CXCL,CD4+ T cell,CD8+ T cell 1,7.69565824962264e-05,,2.98917363225666e-05,2.1164267817893e-05,partial,1,2,1,2,7.69565824962264e-05,2.55280020702298e-05,,,2.1164267817893e-05,2.98917363225666e-05,1.58857654972311,FALSE,FALSE,FALSE,FALSE,
CXCL,CD4+ T cell,CD8+ T cell 2,4.73363089786437e-05,,1.22515680041657e-05,1.13656114650945e-05,partial,1,2,1,2,4.73363089786437e-05,1.18085897346301e-05,,,1.13656114650945e-05,1.22515680041657e-05,1.9949055795646,FALSE,FALSE,FALSE,FALSE,
CXCL,CD4+ T cell,CD8+ T cell 3,7.14950053623774e-05,,2.67469513968037e-05,1.58104942312938e-05,partial,1,2,1,2,7.14950053623774e-05,2.12787228140488e-05,,,1.58104942312938e-05,2.67469513968037e-05,1.74416121317194,FALSE,FALSE,FALSE,FALSE,
CXCL,CD4+ T cell,Cholangiocyte,3.93550022440093e-05,,1.5782252329624e-05,4.0069834699023e-06,partial,1,2,1,2,3.93550022440093e-05,9.89461789976314e-06,,,4.0069834699023e-06,1.5782252329624e-05,1.98207358631015,FALSE,FALSE,FALSE,FALSE,
CXCL,CD4+ T cell,Hepatocyte 1,4.53494375745038e-07,,2.26860997597618e-06,2.46650069172261e-06,partial,1,2,1,2,4.53494375745038e-07,2.36755533384939e-06,,,2.26860997597618e-06,2.46650069172261e-06,-2.17708212875602,FALSE,FALSE,FALSE,FALSE,
CXCL,CD4+ T cell,Hepatocyte 2,3.02896799949691e-07,,2.04387734113185e-06,1.92419890032014e-06,partial,1,2,1,2,3.02896799949691e-07,1.984038120726e-06,,,1.92419890032014e-06,2.04387734113185e-06,-2.40050117174619,FALSE,FALSE,FALSE,FALSE,
CXCL,CD4+ T cell,Hepatocyte 3,4.13178535732801e-08,,4.96878559131745e-06,2.38052457628906e-06,partial,1,2,1,2,4.13178535732801e-08,3.67465508380325e-06,,,2.38052457628906e-06,4.96878559131745e-06,-4.84238428488584,FALSE,FALSE,FALSE,FALSE,
CXCL,CD4+ T cell,Hepatocyte 4,0,,1.94478842388354e-06,1.72069135569463e-06,partial,1,2,1,2,0,1.83273988978909e-06,,,1.72069135569463e-06,1.94478842388354e-06,-4.41853837291566,FALSE,FALSE,FALSE,FALSE,
CXCL,CD4+ T cell,Ig+ hepatocyte,0,,3.99670501556059e-06,3.9127293662313e-06,partial,1,2,1,2,0,3.95471719089595e-06,,,3.9127293662313e-06,3.99670501556059e-06,-5.49145076998557,FALSE,FALSE,FALSE,FALSE,
CXCL,CD4+ T cell,IgG+ B cell,1.82552540527471e-05,,1.32544543067169e-05,4.02100830821962e-06,partial,1,2,1,2,1.82552540527471e-05,8.63773130746825e-06,,,4.02100830821962e-06,1.32544543067169e-05,1.07173647408532,FALSE,FALSE,FALSE,FALSE,
CXCL,CD4+ T cell,IgG+ plasmablast / plasma cell,2.23640791603044e-05,,1.70724288809952e-05,8.64403128438143e-06,partial,1,2,1,2,2.23640791603044e-05,1.28582300826883e-05,,,8.64403128438143e-06,1.70724288809952e-05,0.794227105797473,FALSE,FALSE,FALSE,FALSE,
CXCL,CD4+ T cell,IgM+ B cell,2.60154257060696e-05,,5.61392497396396e-05,1.35075656419919e-05,partial,1,2,1,2,2.60154257060696e-05,3.48234076908158e-05,,,1.35075656419919e-05,5.61392497396396e-05,-0.419432807993268,FALSE,FALSE,FALSE,FALSE,
CXCL,CD4+ T cell,Macrophage 1,1.63763244162623e-05,,3.0254622793962e-05,1.73004356297026e-05,partial,1,2,1,2,1.63763244162623e-05,2.37775292118323e-05,,,1.73004356297026e-05,3.0254622793962e-05,-0.535533235338597,FALSE,FALSE,FALSE,FALSE,
CXCL,CD4+ T cell,Macrophage 2,6.08967410544108e-06,,3.65415364646652e-05,1.25654148213726e-05,partial,1,2,1,2,6.08967410544108e-06,2.45534756430189e-05,,,1.25654148213726e-05,3.65415364646652e-05,-1.99561959794626,FALSE,FALSE,FALSE,FALSE,
CXCL,CD4+ T cell,Sinusoidal endothelial cell,8.28690140582908e-07,,9.44453698678244e-06,7.20183354951639e-06,partial,1,2,1,2,8.28690140582908e-07,8.32318526814941e-06,,,7.20183354951639e-06,9.44453698678244e-06,-3.19513396323225,FALSE,FALSE,FALSE,FALSE,
CXCL,CD4+ T cell,Stellate cell,7.80109655113633e-06,,1.40441028632718e-05,7.26749030798555e-06,partial,1,2,1,2,7.80109655113633e-06,1.06557965856287e-05,,,7.26749030798555e-06,1.40441028632718e-05,-0.445479322893714,FALSE,FALSE,FALSE,FALSE,
CXCL,CD4+ T cell,Vascular endothelial cell,5.59206575447031e-06,,1.94147792485505e-05,5.01236922169712e-06,partial,1,2,1,2,5.59206575447031e-06,1.22135742351238e-05,,,5.01236922169712e-06,1.94147792485505e-05,-1.11460295577498,FALSE,FALSE,FALSE,FALSE,
CXCL,CD8+ T cell 1,CD4+ T cell,6.67206268554191e-05,,2.48855734093007e-05,1.43569794386639e-05,partial,1,2,1,2,6.67206268554191e-05,1.96212764239823e-05,,,1.43569794386639e-05,2.48855734093007e-05,1.76106126463131,FALSE,FALSE,FALSE,FALSE,
CXCL,CD8+ T cell 1,CD8+ T cell 1,0.000163230523389095,,5.87128055327955e-05,4.97403229821065e-05,partial,1,2,1,2,0.000163230523389095,5.4226564257451e-05,,,4.97403229821065e-05,5.87128055327955e-05,1.58824363868632,FALSE,FALSE,FALSE,FALSE,
CXCL,CD8+ T cell 1,CD8+ T cell 2,0.000149077461150915,,4.75219298506689e-05,3.45632455617065e-05,partial,1,2,1,2,0.000149077461150915,4.10425877061877e-05,,,3.45632455617065e-05,4.75219298506689e-05,1.85858152262204,FALSE,FALSE,FALSE,FALSE,
CXCL,CD8+ T cell 1,CD8+ T cell 3,0.00011196441312879,,4.61406017778743e-05,3.34182536161737e-05,partial,1,2,1,2,0.00011196441312879,3.9779427697024e-05,,,3.34182536161737e-05,4.61406017778743e-05,1.4908468683672,FALSE,FALSE,FALSE,FALSE,
CXCL,CD8+ T cell 1,Cholangiocyte,3.01487535196984e-05,,1.23207707432971e-05,4.86150743164876e-06,partial,1,2,1,2,3.01487535196984e-05,8.59113908747293e-06,,,4.86150743164876e-06,1.23207707432971e-05,1.80045359631307,FALSE,FALSE,FALSE,FALSE,
CXCL,CD8+ T cell 1,Hepatocyte 1,4.60089508361566e-06,,7.37254011267072e-06,3.92016685921447e-06,partial,1,2,1,2,4.60089508361566e-06,5.6463534859426e-06,,,3.92016685921447e-06,7.37254011267072e-06,-0.29027598751196,FALSE,FALSE,FALSE,FALSE,
CXCL,CD8+ T cell 1,Hepatocyte 2,1.5266388377455e-06,,5.74508526566683e-06,2.73637519240974e-06,partial,1,2,1,2,1.5266388377455e-06,4.24073022903828e-06,,,2.73637519240974e-06,5.74508526566683e-06,-1.42166570620132,FALSE,FALSE,FALSE,FALSE,
CXCL,CD8+ T cell 1,Hepatocyte 3,1.15712255589808e-06,,6.52256944206282e-06,4.70583549831527e-06,partial,1,2,1,2,1.15712255589808e-06,5.61420247018904e-06,,,4.70583549831527e-06,6.52256944206282e-06,-2.19350729916078,FALSE,FALSE,FALSE,FALSE,
CXCL,CD8+ T cell 1,Hepatocyte 4,1.05415168857107e-07,,7.29325349825105e-06,4.10429200271103e-06,partial,1,2,1,2,1.05415168857107e-07,5.69877275048104e-06,,,4.10429200271103e-06,7.29325349825105e-06,-4.8893169098802,FALSE,FALSE,FALSE,FALSE,
CXCL,CD8+ T cell 1,Ig+ hepatocyte,0,,1.09172807292449e-05,4.52431402167421e-06,partial,1,2,1,2,0,7.72079737545954e-06,,,4.52431402167421e-06,1.09172807292449e-05,-6.440898012904,FALSE,FALSE,FALSE,FALSE,
CXCL,CD8+ T cell 1,IgG+ B cell,1.2157671569681e-05,,1.11262078755165e-05,3.60712062121696e-06,partial,1,2,1,2,1.2157671569681e-05,7.36666424836675e-06,,,3.60712062121696e-06,1.11262078755165e-05,0.715912360310129,FALSE,FALSE,FALSE,FALSE,
CXCL,CD8+ T cell 1,IgG+ plasmablast / plasma cell,2.95933813069122e-05,,1.46344517818608e-05,7.56830061713087e-06,partial,1,2,1,2,2.95933813069122e-05,1.11013761994958e-05,,,7.56830061713087e-06,1.46344517818608e-05,1.40727557056294,FALSE,FALSE,FALSE,FALSE,
CXCL,CD8+ T cell 1,IgM+ B cell,2.79274225739237e-05,,2.11936633856993e-05,8.66937199210758e-06,partial,1,2,1,2,2.79274225739237e-05,1.49315176889034e-05,,,8.66937199210758e-06,2.11936633856993e-05,0.899297867690076,FALSE,FALSE,FALSE,FALSE,
CXCL,CD8+ T cell 1,Macrophage 1,2.42245877539089e-05,,3.891319281624e-05,2.27159441552052e-05,partial,1,2,1,2,2.42245877539089e-05,3.08145684857226e-05,,,2.27159441552052e-05,3.891319281624e-05,-0.345999184477627,FALSE,FALSE,FALSE,FALSE,
CXCL,CD8+ T cell 1,Macrophage 2,1.22707819619494e-05,,2.43405477767928e-05,1.18988328543473e-05,partial,1,2,1,2,1.22707819619494e-05,1.811969031557e-05,,,1.18988328543473e-05,2.43405477767928e-05,-0.558939913919279,FALSE,FALSE,FALSE,FALSE,
CXCL,CD8+ T cell 1,Sinusoidal endothelial cell,3.00412385411362e-06,,1.78020721897939e-05,1.02987555450629e-05,partial,1,2,1,2,3.00412385411362e-06,1.40504138674284e-05,,,1.02987555450629e-05,1.78020721897939e-05,-2.19225588819143,FALSE,FALSE,FALSE,FALSE,
CXCL,CD8+ T cell 1,Stellate cell,8.02219563443358e-06,,1.22918905343697e-05,6.56151729267821e-06,partial,1,2,1,2,8.02219563443358e-06,9.42670391352395e-06,,,6.56151729267821e-06,1.22918905343697e-05,-0.23037201969987,FALSE,FALSE,FALSE,FALSE,
CXCL,CD8+ T cell 1,Vascular endothelial cell,1.01157530129815e-05,,1.05725416961879e-05,2.81036344814934e-06,partial,1,2,1,2,1.01157530129815e-05,6.69145257216862e-06,,,2.81036344814934e-06,1.05725416961879e-05,0.589723139471156,FALSE,FALSE,FALSE,FALSE,
CXCL,CD8+ T cell 2,CD4+ T cell,2.89259226465221e-05,,1.27969846285444e-05,1.17602999321893e-05,partial,1,2,1,2,2.89259226465221e-05,1.22786422803668e-05,,,1.17602999321893e-05,1.27969846285444e-05,1.23016398062395,FALSE,FALSE,FALSE,FALSE,
CXCL,CD8+ T cell 2,CD8+ T cell 1,0.000160914036785849,,6.3328699627398e-05,3.77820310202387e-05,partial,1,2,1,2,0.000160914036785849,5.05553653238184e-05,,,3.77820310202387e-05,6.3328699627398e-05,1.66859654881883,FALSE,FALSE,FALSE,FALSE,
CXCL,CD8+ T cell 2,CD8+ T cell 2,0.000472381424193796,,0.000155324969040869,6.98075059946862e-05,partial,1,2,1,2,0.000472381424193796,0.000112566237517777,,,6.98075059946862e-05,0.000155324969040869,2.06830080193021,FALSE,FALSE,FALSE,FALSE,
CXCL,CD8+ T cell 2,CD8+ T cell 3,0.000192173918792154,,5.47386484286716e-05,3.00559573180448e-05,partial,1,2,1,2,0.000192173918792154,4.23973028733582e-05,,,3.00559573180448e-05,5.47386484286716e-05,2.17798687420196,FALSE,FALSE,FALSE,FALSE,
CXCL,CD8+ T cell 2,Cholangiocyte,4.8478849943591e-05,,6.19881762186041e-06,4.1198234500492e-06,partial,1,2,1,2,4.8478849943591e-05,5.1593205359548e-06,,,4.1198234500492e-06,6.19881762186041e-06,3.20985187242307,FALSE,FALSE,FALSE,FALSE,
CXCL,CD8+ T cell 2,Hepatocyte 1,9.48210293937281e-06,,1.88116865339608e-05,4.69287691824361e-06,partial,1,2,1,2,9.48210293937281e-06,1.17522817261022e-05,,,4.69287691824361e-06,1.88116865339608e-05,-0.307041992072854,FALSE,FALSE,FALSE,FALSE,
CXCL,CD8+ T cell 2,Hepatocyte 2,3.41216885786775e-06,,1.30183452393239e-05,4.19148545217735e-06,partial,1,2,1,2,3.41216885786775e-06,8.60491534575065e-06,,,4.19148545217735e-06,1.30183452393239e-05,-1.31194656705034,FALSE,FALSE,FALSE,FALSE,
CXCL,CD8+ T cell 2,Hepatocyte 3,3.48152603596765e-07,,1.13289777844544e-05,3.87965780058881e-06,partial,1,2,1,2,3.48152603596765e-07,7.60431779252163e-06,,,3.87965780058881e-06,1.13289777844544e-05,-4.13458132175703,FALSE,FALSE,FALSE,FALSE,
CXCL,CD8+ T cell 2,Hepatocyte 4,0,,2.20643441228326e-05,4.53868788964434e-06,partial,1,2,1,2,0,1.33015160062385e-05,,,4.53868788964434e-06,2.20643441228326e-05,-7.21868283311872,FALSE,FALSE,FALSE,FALSE,
CXCL,CD8+ T cell 2,Ig+ hepatocyte,0,,1.29416865203208e-05,6.10809533481513e-06,partial,1,2,1,2,0,9.52489092756794e-06,,,6.10809533481513e-06,1.29416865203208e-05,-6.74070194173109,FALSE,FALSE,FALSE,FALSE,
CXCL,CD8+ T cell 2,IgG+ B cell,6.19587079546634e-06,,5.01592239889383e-06,2.03920944303501e-06,partial,1,2,1,2,6.19587079546634e-06,3.52756592096442e-06,,,2.03920944303501e-06,5.01592239889383e-06,0.797109297247888,FALSE,FALSE,FALSE,FALSE,
CXCL,CD8+ T cell 2,IgG+ plasmablast / plasma cell,5.37474737063669e-06,,8.50974404901761e-06,4.58731666563007e-06,partial,1,2,1,2,5.37474737063669e-06,6.54853035732384e-06,,,4.58731666563007e-06,8.50974404901761e-06,-0.280713496581533,FALSE,FALSE,FALSE,FALSE,
CXCL,CD8+ T cell 2,IgM+ B cell,8.76823416457793e-06,,7.20831125907497e-06,6.2567035065107e-06,partial,1,2,1,2,8.76823416457793e-06,6.73250738279283e-06,,,6.2567035065107e-06,7.20831125907497e-06,0.376721673016765,FALSE,FALSE,FALSE,FALSE,
CXCL,CD8+ T cell 2,Macrophage 1,3.16690842441226e-05,,5.32739680845112e-05,2.71152888352061e-05,partial,1,2,1,2,3.16690842441226e-05,4.01946284598586e-05,,,2.71152888352061e-05,5.32739680845112e-05,-0.343061043813903,FALSE,FALSE,FALSE,FALSE,
CXCL,CD8+ T cell 2,Macrophage 2,1.14698865015961e-05,,1.10967556972984e-05,1.12238118314912e-05,partial,1,2,1,2,1.14698865015961e-05,1.11602837643948e-05,,,1.10967556972984e-05,1.12238118314912e-05,0.0391661666009942,FALSE,FALSE,FALSE,FALSE,
CXCL,CD8+ T cell 2,Sinusoidal endothelial cell,1.0778974057507e-06,,1.98335217914712e-05,1.1625318154715e-05,partial,1,2,1,2,1.0778974057507e-06,1.57294199730931e-05,,,1.1625318154715e-05,1.98335217914712e-05,-3.75981928910124,FALSE,FALSE,FALSE,FALSE,
CXCL,CD8+ T cell 2,Stellate cell,9.99888326895359e-06,,7.08118135660686e-06,5.49185053314012e-06,partial,1,2,1,2,9.99888326895359e-06,6.28651594487349e-06,,,5.49185053314012e-06,7.08118135660686e-06,0.661934081352456,FALSE,FALSE,FALSE,FALSE,
CXCL,CD8+ T cell 2,Vascular endothelial cell,2.77268438102899e-06,,5.35529934828058e-06,2.32509993274347e-06,partial,1,2,1,2,2.77268438102899e-06,3.84019964051202e-06,,,2.32509993274347e-06,5.35529934828058e-06,-0.4572469062577,FALSE,FALSE,FALSE,FALSE,
CXCL,CD8+ T cell 3,CD4+ T cell,4.94015391117097e-05,,2.56921515435807e-05,1.59456034415454e-05,partial,1,2,1,2,4.94015391117097e-05,2.08188774925631e-05,,,1.59456034415454e-05,2.56921515435807e-05,1.24307005935203,FALSE,FALSE,FALSE,FALSE,
CXCL,CD8+ T cell 3,CD8+ T cell 1,0.000104672987867917,,5.51862537110771e-05,4.79866090999033e-05,partial,1,2,1,2,0.000104672987867917,5.15864314054902e-05,,,4.79866090999033e-05,5.51862537110771e-05,1.01955209616573,FALSE,FALSE,FALSE,FALSE,
CXCL,CD8+ T cell 3,CD8+ T cell 2,0.000129779369991348,,6.9956183912177e-05,4.71870506240661e-05,partial,1,2,1,2,0.000129779369991348,5.85716172681215e-05,,,4.71870506240661e-05,6.9956183912177e-05,1.14657372999608,FALSE,FALSE,FALSE,FALSE,
CXCL,CD8+ T cell 3,CD8+ T cell 3,0.000179354675882554,,0.000178679462202932,9.14152114259448e-05,partial,1,2,1,2,0.000179354675882554,0.000135047336814438,,,9.14152114259448e-05,0.000178679462202932,0.40911303902349,FALSE,FALSE,FALSE,FALSE,
CXCL,CD8+ T cell 3,Cholangiocyte,4.50072965398434e-05,,1.53602404181349e-05,6.37889334651862e-06,partial,1,2,1,2,4.50072965398434e-05,1.08695668823268e-05,,,6.37889334651862e-06,1.53602404181349e-05,2.04085957502674,FALSE,FALSE,FALSE,FALSE,
CXCL,CD8+ T cell 3,Hepatocyte 1,7.29983475829447e-07,,1.28397214827463e-05,4.99564296564483e-06,partial,1,2,1,2,7.29983475829447e-07,8.91768222419556e-06,,,4.99564296564483e-06,1.28397214827463e-05,-3.45764021041974,FALSE,FALSE,FALSE,FALSE,
CXCL,CD8+ T cell 3,Hepatocyte 2,1.49380842149422e-06,,7.34164881799533e-06,3.31021341550016e-06,partial,1,2,1,2,1.49380842149422e-06,5.32593111674774e-06,,,3.31021341550016e-06,7.34164881799533e-06,-1.77387241500555,FALSE,FALSE,FALSE,FALSE,
CXCL,CD8+ T cell 3,Hepatocyte 3,4.33877318677268e-08,,1.11902869208212e-05,4.21236713952777e-06,partial,1,2,1,2,4.33877318677268e-08,7.70132703017451e-06,,,4.21236713952777e-06,1.11902869208212e-05,-5.86917534755762,FALSE,FALSE,FALSE,FALSE,
CXCL,CD8+ T cell 3,Hepatocyte 4,2.42082945846944e-08,,1.12021098590917e-05,4.07272961415444e-06,partial,1,2,1,2,2.42082945846944e-08,7.63741973662306e-06,,,4.07272961415444e-06,1.12021098590917e-05,-6.08142308648358,FALSE,FALSE,FALSE,FALSE,
CXCL,CD8+ T cell 3,Ig+ hepatocyte,0,,1.82425026477398e-05,4.57946428130653e-06,partial,1,2,1,2,0,1.14109834645232e-05,,,4.57946428130653e-06,1.82425026477398e-05,-6.99911910183904,FALSE,FALSE,FALSE,FALSE,
CXCL,CD8+ T cell 3,IgG+ B cell,7.44455275915489e-06,,1.10879678914476e-05,5.93274867789078e-06,partial,1,2,1,2,7.44455275915489e-06,8.51035828466918e-06,,,5.93274867789078e-06,1.10879678914476e-05,-0.190877125395416,FALSE,FALSE,FALSE,FALSE,
CXCL,CD8+ T cell 3,IgG+ plasmablast / plasma cell,2.13799676201957e-05,,1.56649463932791e-05,8.79292415438227e-06,partial,1,2,1,2,2.13799676201957e-05,1.22289352738307e-05,,,8.79292415438227e-06,1.56649463932791e-05,0.801447159562382,FALSE,FALSE,FALSE,FALSE,
CXCL,CD8+ T cell 3,IgM+ B cell,1.98841016636142e-05,,2.10059271455345e-05,7.44190609521193e-06,partial,1,2,1,2,1.98841016636142e-05,1.42239166203732e-05,,,7.44190609521193e-06,2.10059271455345e-05,0.480714835272327,FALSE,FALSE,FALSE,FALSE,
CXCL,CD8+ T cell 3,Macrophage 1,2.19601062192113e-05,,4.49693367163896e-05,2.42179841967069e-05,partial,1,2,1,2,2.19601062192113e-05,3.45936604565483e-05,,,2.42179841967069e-05,4.49693367163896e-05,-0.653472811123376,FALSE,FALSE,FALSE,FALSE,
CXCL,CD8+ T cell 3,Macrophage 2,8.00075084476923e-06,,2.66636054306707e-05,1.63777167418917e-05,partial,1,2,1,2,8.00075084476923e-06,2.15206610862812e-05,,,1.63777167418917e-05,2.66636054306707e-05,-1.4174082395753,FALSE,FALSE,FALSE,FALSE,
CXCL,CD8+ T cell 3,Sinusoidal endothelial cell,1.42487321637241e-06,,1.81474980712662e-05,1.3104459582152e-05,partial,1,2,1,2,1.42487321637241e-06,1.56259788267091e-05,,,1.3104459582152e-05,1.81474980712662e-05,-3.37504442941598,FALSE,FALSE,FALSE,FALSE,
CXCL,CD8+ T cell 3,Stellate cell,6.58100182277144e-06,,1.21754568300582e-05,7.41016433655024e-06,partial,1,2,1,2,6.58100182277144e-06,9.79281058330419e-06,,,7.41016433655024e-06,1.21754568300582e-05,-0.567024590900524,FALSE,FALSE,FALSE,FALSE,
CXCL,CD8+ T cell 3,Vascular endothelial cell,8.99377307146478e-06,,1.33963877188089e-05,3.71432323191713e-06,partial,1,2,1,2,8.99377307146478e-06,8.55535547536301e-06,,,3.71432323191713e-06,1.33963877188089e-05,0.0713671408707003,FALSE,FALSE,FALSE,FALSE,
CXCL,Cholangiocyte,CD4+ T cell,0.000160186364750142,,0.000126185981168228,0.000105254474081887,partial,1,2,1,2,0.000160186364750142,0.000115720227625058,,,0.000105254474081887,0.000126185981168228,0.468799351003974,FALSE,FALSE,FALSE,FALSE,
CXCL,Cholangiocyte,CD8+ T cell 1,0.000230931336908289,,0.000155272996548925,0.000120345210320118,partial,1,2,1,2,0.000230931336908289,0.000137809103434522,,,0.000120345210320118,0.000155272996548925,0.744413424873292,FALSE,FALSE,FALSE,FALSE,
CXCL,Cholangiocyte,CD8+ T cell 2,0.000252341325222334,,6.38864424895584e-05,6.50801354216457e-05,partial,1,2,1,2,0.000252341325222334,6.4483288955602e-05,,,6.38864424895584e-05,6.50801354216457e-05,1.96688310543072,FALSE,FALSE,FALSE,FALSE,
CXCL,Cholangiocyte,CD8+ T cell 3,0.000267388091564029,,0.000192770686879361,0.00012335433388738,partial,1,2,1,2,0.000267388091564029,0.00015806251038337,,,0.00012335433388738,0.000192770686879361,0.758104624815944,FALSE,FALSE,FALSE,FALSE,
CXCL,Cholangiocyte,Cholangiocyte,0.000223217251714301,,0.000203175197642784,8.7307626883466e-05,partial,1,2,1,2,0.000223217251714301,0.000145241412263125,,,8.7307626883466e-05,0.000203175197642784,0.619683865461557,FALSE,FALSE,FALSE,FALSE,
CXCL,Cholangiocyte,Hepatocyte 1,3.90728482938804e-06,,3.19034849391106e-05,2.69528191897929e-05,partial,1,2,1,2,3.90728482938804e-06,2.94281520644518e-05,,,2.69528191897929e-05,3.19034849391106e-05,-2.88453959016503,FALSE,FALSE,FALSE,FALSE,
CXCL,Cholangiocyte,Hepatocyte 2,6.47972353201127e-07,,3.17391050975737e-05,2.0253137413399e-05,partial,1,2,1,2,6.47972353201127e-07,2.59961212554864e-05,,,2.0253137413399e-05,3.17391050975737e-05,-5.1437512524827,FALSE,FALSE,FALSE,FALSE,
CXCL,Cholangiocyte,Hepatocyte 3,6.78058583333925e-07,,6.98593156916093e-05,3.0816372798456e-05,partial,1,2,1,2,6.78058583333925e-07,5.03378442450326e-05,,,3.0816372798456e-05,6.98593156916093e-05,-6.03703506123223,FALSE,FALSE,FALSE,FALSE,
CXCL,Cholangiocyte,Hepatocyte 4,0,,2.71254571122996e-05,3.11088009956301e-05,partial,1,2,1,2,0,2.91171290539648e-05,,,2.71254571122996e-05,3.11088009956301e-05,-8.3436896031842,FALSE,FALSE,FALSE,FALSE,
CXCL,Cholangiocyte,Ig+ hepatocyte,0,,3.38591154542632e-05,5.76769885711048e-05,partial,1,2,1,2,0,4.5768052012684e-05,,,3.38591154542632e-05,5.76769885711048e-05,-8.99454581536398,FALSE,FALSE,FALSE,FALSE,
CXCL,Cholangiocyte,IgG+ B cell,2.2778838730174e-05,,0.000117910233488532,4.99702781151498e-05,partial,1,2,1,2,2.2778838730174e-05,8.39402558018408e-05,,,4.99702781151498e-05,0.000117910233488532,-1.87753010350115,FALSE,FALSE,FALSE,FALSE,
CXCL,Cholangiocyte,IgG+ plasmablast / plasma cell,6.62682425514862e-05,,0.000109834626035325,0.000102358563620863,partial,1,2,1,2,6.62682425514862e-05,0.000106096594828094,,,0.000102358563620863,0.000109834626035325,-0.678254836212872,FALSE,FALSE,FALSE,FALSE,
CXCL,Cholangiocyte,IgM+ B cell,5.3673486958805e-05,,0.000123679698352001,0.000111776140011814,partial,1,2,1,2,5.3673486958805e-05,0.000117727919181907,,,0.000111776140011814,0.000123679698352001,-1.13186174035446,FALSE,FALSE,FALSE,FALSE,
CXCL,Cholangiocyte,Macrophage 1,4.57314244416503e-05,,0.000410705804759661,0.000333469558587714,partial,1,2,1,2,4.57314244416503e-05,0.000372087681673688,,,0.000333469558587714,0.000410705804759661,-3.02189993784939,FALSE,FALSE,FALSE,FALSE,
CXCL,Cholangiocyte,Macrophage 2,2.24337591457266e-05,,0.000344205194392006,0.00023753818464812,partial,1,2,1,2,2.24337591457266e-05,0.000290871689520063,,,0.00023753818464812,0.000344205194392006,-3.69131525419914,FALSE,FALSE,FALSE,FALSE,
CXCL,Cholangiocyte,Sinusoidal endothelial cell,5.58757561828349e-06,,0.000151506119076094,9.78383261216712e-05,partial,1,2,1,2,5.58757561828349e-06,0.000124672222598882,,,9.78383261216712e-05,0.000151506119076094,-4.45778523521294,FALSE,FALSE,FALSE,FALSE,
CXCL,Cholangiocyte,Stellate cell,2.53098782569986e-05,,0.000136208775282414,8.32322085171565e-05,partial,1,2,1,2,2.53098782569986e-05,0.000109720491899785,,,8.32322085171565e-05,0.000136208775282414,-2.11212653950057,FALSE,FALSE,FALSE,FALSE,
CXCL,Cholangiocyte,Vascular endothelial cell,1.74891207799484e-05,,9.68963649781278e-05,5.24881835672558e-05,partial,1,2,1,2,1.74891207799484e-05,7.46922742726918e-05,,,5.24881835672558e-05,9.68963649781278e-05,-2.08883935887006,FALSE,FALSE,FALSE,FALSE,
CXCL,Hepatocyte 1,CD4+ T cell,1.81104012013934e-05,,1.78525727021878e-05,1.25928178414589e-05,partial,1,2,1,2,1.81104012013934e-05,1.52226952718234e-05,,,1.25928178414589e-05,1.78525727021878e-05,0.249243422520914,FALSE,FALSE,FALSE,FALSE,
CXCL,Hepatocyte 1,CD8+ T cell 1,7.0517447481354e-05,,9.50875351291008e-05,4.75826099918313e-05,partial,1,2,1,2,7.0517447481354e-05,7.13350725604661e-05,,,4.75826099918313e-05,9.50875351291008e-05,-0.0166102558089734,FALSE,FALSE,FALSE,FALSE,
CXCL,Hepatocyte 1,CD8+ T cell 2,6.16694873069163e-05,,0.000191164063392066,5.08818566347963e-05,partial,1,2,1,2,6.16694873069163e-05,0.000121022960013431,,,5.08818566347963e-05,0.000191164063392066,-0.971621652364863,FALSE,FALSE,FALSE,FALSE,
CXCL,Hepatocyte 1,CD8+ T cell 3,5.08239052976394e-05,,8.55982390806375e-05,3.98152150211342e-05,partial,1,2,1,2,5.08239052976394e-05,6.27067270508858e-05,,,3.98152150211342e-05,8.55982390806375e-05,-0.302630144234508,FALSE,FALSE,FALSE,FALSE,
CXCL,Hepatocyte 1,Cholangiocyte,1.23217896811288e-05,,7.4276478724403e-06,4.9767689010396e-06,partial,1,2,1,2,1.23217896811288e-05,6.20220838673995e-06,,,4.9767689010396e-06,7.4276478724403e-06,0.980083474076498,FALSE,FALSE,FALSE,FALSE,
CXCL,Hepatocyte 1,Hepatocyte 1,6.89261714813464e-06,,3.32629951588004e-05,6.47052445978739e-06,partial,1,2,1,2,6.89261714813464e-06,1.98667598092939e-05,,,6.47052445978739e-06,3.32629951588004e-05,-1.51505040831362,FALSE,FALSE,FALSE,FALSE,
CXCL,Hepatocyte 1,Hepatocyte 2,2.86400979551389e-06,,2.30064912538964e-05,4.3323315771936e-06,partial,1,2,1,2,2.86400979551389e-06,1.3669411415545e-05,,,4.3323315771936e-06,2.30064912538964e-05,-2.21970845826202,FALSE,FALSE,FALSE,FALSE,
CXCL,Hepatocyte 1,Hepatocyte 3,2.00364727848996e-06,,1.70069061805572e-05,6.2985793103217e-06,partial,1,2,1,2,2.00364727848996e-06,1.16527427454395e-05,,,6.2985793103217e-06,1.70069061805572e-05,-2.48773257087058,FALSE,FALSE,FALSE,FALSE,
CXCL,Hepatocyte 1,Hepatocyte 4,4.44501949753312e-06,,2.80282244406184e-05,5.57973569492133e-06,partial,1,2,1,2,4.44501949753312e-06,1.68039800677699e-05,,,5.57973569492133e-06,2.80282244406184e-05,-1.89735057107406,FALSE,FALSE,FALSE,FALSE,
CXCL,Hepatocyte 1,Ig+ hepatocyte,0,,2.83015290624347e-05,7.34130274807389e-06,partial,1,2,1,2,0,1.78214159052543e-05,,,7.34130274807389e-06,2.83015290624347e-05,-7.63824549536342,FALSE,FALSE,FALSE,FALSE,
CXCL,Hepatocyte 1,IgG+ B cell,5.2142203900058e-06,,6.44276822241778e-06,3.16541313966335e-06,partial,1,2,1,2,5.2142203900058e-06,4.80409068104057e-06,,,3.16541313966335e-06,6.44276822241778e-06,0.116102039963408,FALSE,FALSE,FALSE,FALSE,
CXCL,Hepatocyte 1,IgG+ plasmablast / plasma cell,7.9965179063664e-06,,1.18829412897844e-05,6.13961813069466e-06,partial,1,2,1,2,7.9965179063664e-06,9.01127971023955e-06,,,6.13961813069466e-06,1.18829412897844e-05,-0.170552687035971,FALSE,FALSE,FALSE,FALSE,
CXCL,Hepatocyte 1,IgM+ B cell,6.37382877328421e-06,,9.25819683210279e-06,6.40451402172571e-06,partial,1,2,1,2,6.37382877328421e-06,7.83135542691425e-06,,,6.40451402172571e-06,9.25819683210279e-06,-0.293362207938853,FALSE,FALSE,FALSE,FALSE,
CXCL,Hepatocyte 1,Macrophage 1,1.13636872446735e-05,,6.3838337704037e-05,2.89477116703957e-05,partial,1,2,1,2,1.13636872446735e-05,4.63930246872164e-05,,,2.89477116703957e-05,6.3838337704037e-05,-2.02090079744302,FALSE,FALSE,FALSE,FALSE,
CXCL,Hepatocyte 1,Macrophage 2,3.95445073709849e-06,,1.18945995419314e-05,1.20573044249011e-05,partial,1,2,1,2,3.95445073709849e-06,1.19759519834163e-05,,,1.18945995419314e-05,1.20573044249011e-05,-1.57694844526601,FALSE,FALSE,FALSE,FALSE,
CXCL,Hepatocyte 1,Sinusoidal endothelial cell,7.61710152346376e-06,,3.19520444563868e-05,1.22320752623269e-05,partial,1,2,1,2,7.61710152346376e-06,2.20920598593569e-05,,,1.22320752623269e-05,3.19520444563868e-05,-1.52514457645105,FALSE,FALSE,FALSE,FALSE,
CXCL,Hepatocyte 1,Stellate cell,6.10801338751378e-06,,9.59413232507683e-06,6.61796811566765e-06,partial,1,2,1,2,6.10801338751378e-06,8.10605022037224e-06,,,6.61796811566765e-06,9.59413232507683e-06,-0.403128311388362,FALSE,FALSE,FALSE,FALSE,
CXCL,Hepatocyte 1,Vascular endothelial cell,5.00551041901477e-06,,6.42716428917367e-06,2.09315395569059e-06,partial,1,2,1,2,5.00551041901477e-06,4.26015912243213e-06,,,2.09315395569059e-06,6.42716428917367e-06,0.228163076085173,FALSE,FALSE,FALSE,FALSE,
CXCL,Hepatocyte 2,CD4+ T cell,1.38870141101929e-05,,1.2422558225754e-05,6.15294479969634e-06,partial,1,2,1,2,1.38870141101929e-05,9.28775151272517e-06,,,6.15294479969634e-06,1.2422558225754e-05,0.575747016065184,FALSE,FALSE,FALSE,FALSE,
CXCL,Hepatocyte 2,CD8+ T cell 1,4.84422483520078e-05,,6.17051380636162e-05,2.76656312114454e-05,partial,1,2,1,2,4.84422483520078e-05,4.46853846375308e-05,,,2.76656312114454e-05,6.17051380636162e-05,0.116238107294162,FALSE,FALSE,FALSE,FALSE,
CXCL,Hepatocyte 2,CD8+ T cell 2,5.52270443174015e-05,,0.000122512035906638,2.98517202318419e-05,partial,1,2,1,2,5.52270443174015e-05,7.61818780692401e-05,,,2.98517202318419e-05,0.000122512035906638,-0.463427827843122,FALSE,FALSE,FALSE,FALSE,
CXCL,Hepatocyte 2,CD8+ T cell 3,3.98417493078622e-05,,4.68673345509005e-05,2.2870834739617e-05,partial,1,2,1,2,3.98417493078622e-05,3.48690846452587e-05,,,2.2870834739617e-05,4.68673345509005e-05,0.191869349017606,FALSE,FALSE,FALSE,FALSE,
CXCL,Hepatocyte 2,Cholangiocyte,1.04663428993872e-05,,5.6256931513222e-06,2.68093740932489e-06,partial,1,2,1,2,1.04663428993872e-05,4.15331528032355e-06,,,2.68093740932489e-06,5.6256931513222e-06,1.31486553812532,FALSE,FALSE,FALSE,FALSE,
CXCL,Hepatocyte 2,Hepatocyte 1,3.4713537133492e-06,,1.92602383409558e-05,3.4237337978459e-06,partial,1,2,1,2,3.4713537133492e-06,1.13419860694008e-05,,,3.4237337978459e-06,1.92602383409558e-05,-1.68260476291552,FALSE,FALSE,FALSE,FALSE,
CXCL,Hepatocyte 2,Hepatocyte 2,2.604845202781e-06,,1.92788358804171e-05,3.53394469808267e-06,partial,1,2,1,2,2.604845202781e-06,1.14063902892499e-05,,,3.53394469808267e-06,1.92788358804171e-05,-2.09294533866205,FALSE,FALSE,FALSE,FALSE,
CXCL,Hepatocyte 2,Hepatocyte 3,1.22542315880198e-06,,1.50494992015058e-05,4.75974209697342e-06,partial,1,2,1,2,1.22542315880198e-06,9.90462064923963e-06,,,4.75974209697342e-06,1.50494992015058e-05,-2.92571476981086,FALSE,FALSE,FALSE,FALSE,
CXCL,Hepatocyte 2,Hepatocyte 4,2.60715411406169e-06,,2.5067770990865e-05,3.06391640619429e-06,partial,1,2,1,2,2.60715411406169e-06,1.40658436985296e-05,,,3.06391640619429e-06,2.5067770990865e-05,-2.39192875876813,FALSE,FALSE,FALSE,FALSE,
CXCL,Hepatocyte 2,Ig+ hepatocyte,0,,1.66580099698582e-05,5.06616198654565e-06,partial,1,2,1,2,0,1.08620859782019e-05,,,5.06616198654565e-06,1.66580099698582e-05,-6.92856695244011,FALSE,FALSE,FALSE,FALSE,
CXCL,Hepatocyte 2,IgG+ B cell,2.58293012475447e-06,,4.77856705295645e-06,1.89635069585957e-06,partial,1,2,1,2,2.58293012475447e-06,3.33745887440801e-06,,,1.89635069585957e-06,4.77856705295645e-06,-0.358728452024268,FALSE,FALSE,FALSE,FALSE,
CXCL,Hepatocyte 2,IgG+ plasmablast / plasma cell,9.02921757209996e-06,,8.96348550756379e-06,3.60154615005727e-06,partial,1,2,1,2,9.02921757209996e-06,6.28251582881053e-06,,,3.60154615005727e-06,8.96348550756379e-06,0.517053433739317,FALSE,FALSE,FALSE,FALSE,
CXCL,Hepatocyte 2,IgM+ B cell,5.10725116866125e-06,,7.6176358564047e-06,2.66144924137647e-06,partial,1,2,1,2,5.10725116866125e-06,5.13954254889059e-06,,,2.66144924137647e-06,7.6176358564047e-06,-0.00893613283767087,FALSE,FALSE,FALSE,FALSE,
CXCL,Hepatocyte 2,Macrophage 1,9.06756725197354e-06,,4.72334481639167e-05,1.70319340156319e-05,partial,1,2,1,2,9.06756725197354e-06,3.21326910897743e-05,,,1.70319340156319e-05,4.72334481639167e-05,-1.81505133853687,FALSE,FALSE,FALSE,FALSE,
CXCL,Hepatocyte 2,Macrophage 2,3.75509215498587e-06,,1.08555245905524e-05,7.97287404858984e-06,partial,1,2,1,2,3.75509215498587e-06,9.41419931957114e-06,,,7.97287404858984e-06,1.08555245905524e-05,-1.30556801257843,FALSE,FALSE,FALSE,FALSE,
CXCL,Hepatocyte 2,Sinusoidal endothelial cell,6.24174790853926e-06,,2.24650355292965e-05,6.41370378681128e-06,partial,1,2,1,2,6.24174790853926e-06,1.44393696580539e-05,,,6.41370378681128e-06,2.24650355292965e-05,-1.19830853111391,FALSE,FALSE,FALSE,FALSE,
CXCL,Hepatocyte 2,Stellate cell,5.69483111991698e-06,,6.91714135856335e-06,3.80503909179654e-06,partial,1,2,1,2,5.69483111991698e-06,5.36109022517995e-06,,,3.80503909179654e-06,6.91714135856335e-06,0.0857314846371452,FALSE,FALSE,FALSE,FALSE,
CXCL,Hepatocyte 2,Vascular endothelial cell,5.11537859778392e-06,,5.33076718659696e-06,9.88928166284722e-07,partial,1,2,1,2,5.11537859778392e-06,3.15984767644084e-06,,,9.88928166284722e-07,5.33076718659696e-06,0.679646746229181,FALSE,FALSE,FALSE,FALSE,
CXCL,Hepatocyte 3,CD4+ T cell,6.48337439495187e-06,,8.17906781452563e-06,4.9727399782646e-06,partial,1,2,1,2,6.48337439495187e-06,6.57590389639512e-06,,,4.9727399782646e-06,8.17906781452563e-06,-0.0201666477326739,FALSE,FALSE,FALSE,FALSE,
CXCL,Hepatocyte 3,CD8+ T cell 1,2.34918787377591e-05,,2.13490027350255e-05,1.63367275126099e-05,partial,1,2,1,2,2.34918787377591e-05,1.88428651238177e-05,,,1.63367275126099e-05,2.13490027350255e-05,0.316787327431689,FALSE,FALSE,FALSE,FALSE,
CXCL,Hepatocyte 3,CD8+ T cell 2,5.32530329803421e-05,,2.95579842266711e-05,1.90920439939218e-05,partial,1,2,1,2,5.32530329803421e-05,2.43250141102964e-05,,,1.90920439939218e-05,2.95579842266711e-05,1.1275342701363,FALSE,FALSE,FALSE,FALSE,
CXCL,Hepatocyte 3,CD8+ T cell 3,2.12604151807884e-05,,2.00818091517132e-05,1.45254944006461e-05,partial,1,2,1,2,2.12604151807884e-05,1.73036517761796e-05,,,1.45254944006461e-05,2.00818091517132e-05,0.295704719754966,FALSE,FALSE,FALSE,FALSE,
CXCL,Hepatocyte 3,Cholangiocyte,4.1978482338819e-06,,4.66864213108061e-06,1.80441649779955e-06,partial,1,2,1,2,4.1978482338819e-06,3.23652931444008e-06,,,1.80441649779955e-06,4.66864213108061e-06,0.366245277461726,FALSE,FALSE,FALSE,FALSE,
CXCL,Hepatocyte 3,Hepatocyte 1,2.21932486690942e-06,,5.46215967350242e-06,1.92026074863523e-06,partial,1,2,1,2,2.21932486690942e-06,3.69121021106882e-06,,,1.92026074863523e-06,5.46215967350242e-06,-0.711399879404904,FALSE,FALSE,FALSE,FALSE,
CXCL,Hepatocyte 3,Hepatocyte 2,9.70779559298986e-07,,4.09944312793371e-06,2.47501554722162e-06,partial,1,2,1,2,9.70779559298986e-07,3.28722933757767e-06,,,2.47501554722162e-06,4.09944312793371e-06,-1.67080336095525,FALSE,FALSE,FALSE,FALSE,
CXCL,Hepatocyte 3,Hepatocyte 3,7.8531839453255e-07,,9.15028636377524e-06,7.73984433599102e-06,partial,1,2,1,2,7.8531839453255e-07,8.44506534988313e-06,,,7.73984433599102e-06,9.15028636377524e-06,-3.28566208484613,FALSE,FALSE,FALSE,FALSE,
CXCL,Hepatocyte 3,Hepatocyte 4,6.51609333399399e-07,,6.22402565112856e-06,9.13814720381409e-07,partial,1,2,1,2,6.51609333399399e-07,3.56892018575498e-06,,,9.13814720381409e-07,6.22402565112856e-06,-2.30283311067186,FALSE,FALSE,FALSE,FALSE,
CXCL,Hepatocyte 3,Ig+ hepatocyte,0,,4.11580913629471e-06,3.13335315329825e-06,partial,1,2,1,2,0,3.62458114479648e-06,,,3.13335315329825e-06,4.11580913629471e-06,-5.36860848651055,FALSE,FALSE,FALSE,FALSE,
CXCL,Hepatocyte 3,IgG+ B cell,7.75020865590762e-07,,3.81951384949043e-06,2.35366386892359e-06,partial,1,2,1,2,7.75020865590762e-07,3.08658885920701e-06,,,2.35366386892359e-06,3.81951384949043e-06,-1.87678614571692,FALSE,FALSE,FALSE,FALSE,
CXCL,Hepatocyte 3,IgG+ plasmablast / plasma cell,3.79351933703984e-07,,5.8982650388588e-06,1.99236310457013e-06,partial,1,2,1,2,3.79351933703984e-07,3.94531407171446e-06,,,1.99236310457013e-06,5.8982650388588e-06,-3.1041954711118,FALSE,FALSE,FALSE,FALSE,
CXCL,Hepatocyte 3,IgM+ B cell,1.24973800254053e-06,,5.09581067914883e-06,4.62763716850361e-06,partial,1,2,1,2,1.24973800254053e-06,4.86172392382622e-06,,,4.62763716850361e-06,5.09581067914883e-06,-1.88605415900144,FALSE,FALSE,FALSE,FALSE,
CXCL,Hepatocyte 3,Macrophage 1,3.44138494380323e-06,,2.57530765879301e-05,9.76991135388705e-06,partial,1,2,1,2,3.44138494380323e-06,1.77614939709086e-05,,,9.76991135388705e-06,2.57530765879301e-05,-2.3377697644148,FALSE,FALSE,FALSE,FALSE,
CXCL,Hepatocyte 3,Macrophage 2,1.30180715830118e-06,,1.11104520747532e-05,6.55400324922507e-06,partial,1,2,1,2,1.30180715830118e-06,8.83222766198916e-06,,,6.55400324922507e-06,1.11104520747532e-05,-2.68052724109036,FALSE,FALSE,FALSE,FALSE,
CXCL,Hepatocyte 3,Sinusoidal endothelial cell,2.3301564126678e-06,,6.88817909406365e-06,2.13773160383798e-06,partial,1,2,1,2,2.3301564126678e-06,4.51295534895081e-06,,,2.13773160383798e-06,6.88817909406365e-06,-0.927486850859859,FALSE,FALSE,FALSE,FALSE,
CXCL,Hepatocyte 3,Stellate cell,1.96041443756487e-06,,3.71561787186732e-06,2.57883194702866e-06,partial,1,2,1,2,1.96041443756487e-06,3.14722490944799e-06,,,2.57883194702866e-06,3.71561787186732e-06,-0.658866417804647,FALSE,FALSE,FALSE,FALSE,
CXCL,Hepatocyte 3,Vascular endothelial cell,1.99019932931333e-06,,4.4674811517632e-06,1.32337587261471e-06,partial,1,2,1,2,1.99019932931333e-06,2.89542851218895e-06,,,1.32337587261471e-06,4.4674811517632e-06,-0.521236103366586,FALSE,FALSE,FALSE,FALSE,
CXCL,Hepatocyte 4,CD4+ T cell,5.03769326818958e-06,,1.56146769217587e-05,1.19333808528609e-05,partial,1,2,1,2,5.03769326818958e-06,1.37740288873098e-05,,,1.19333808528609e-05,1.56146769217587e-05,-1.43498143731175,FALSE,FALSE,FALSE,FALSE,
CXCL,Hepatocyte 4,CD8+ T cell 1,6.18590175907441e-05,,8.15341912907583e-05,4.5053956933172e-05,partial,1,2,1,2,6.18590175907441e-05,6.32940741119652e-05,,,4.5053956933172e-05,8.15341912907583e-05,-0.0330390402182604,FALSE,FALSE,FALSE,FALSE,
CXCL,Hepatocyte 4,CD8+ T cell 2,1.11221344221174e-05,,0.00017963153204958,5.08753994603184e-05,partial,1,2,1,2,1.11221344221174e-05,0.000115253465754949,,,5.08753994603184e-05,0.00017963153204958,-3.36281439501448,FALSE,FALSE,FALSE,FALSE,
CXCL,Hepatocyte 4,CD8+ T cell 3,5.31532539925694e-05,,0.00011333139983015,3.77744188315604e-05,partial,1,2,1,2,5.31532539925694e-05,7.55529093308554e-05,,,3.77744188315604e-05,0.00011333139983015,-0.506606864963622,FALSE,FALSE,FALSE,FALSE,
CXCL,Hepatocyte 4,Cholangiocyte,1.50757320158529e-05,,5.40665718900925e-06,4.14419317031459e-06,partial,1,2,1,2,1.50757320158529e-05,4.77542517966192e-06,,,4.14419317031459e-06,5.40665718900925e-06,1.64019636217792,FALSE,FALSE,FALSE,FALSE,
CXCL,Hepatocyte 4,Hepatocyte 1,2.88332510231665e-06,,2.71505930854219e-05,5.70498601751321e-06,partial,1,2,1,2,2.88332510231665e-06,1.64277895514675e-05,,,5.70498601751321e-06,2.71505930854219e-05,-2.47390908401644,FALSE,FALSE,FALSE,FALSE,
CXCL,Hepatocyte 4,Hepatocyte 2,1.38999454696377e-07,,1.81739161719069e-05,4.22556012102083e-06,partial,1,2,1,2,1.38999454696377e-07,1.11997381464639e-05,,,4.22556012102083e-06,1.81739161719069e-05,-5.62410698780463,FALSE,FALSE,FALSE,FALSE,
CXCL,Hepatocyte 4,Hepatocyte 3,9.64225643607777e-08,,1.84842243843356e-05,5.05938590222064e-06,partial,1,2,1,2,9.64225643607777e-08,1.17718051432781e-05,,,5.05938590222064e-06,1.84842243843356e-05,-5.99232271953053,FALSE,FALSE,FALSE,FALSE,
CXCL,Hepatocyte 4,Hepatocyte 4,0,,7.80125212368751e-05,8.51134416453606e-06,partial,1,2,1,2,0,4.32619327007056e-05,,,8.51134416453606e-06,7.80125212368751e-05,-8.91346688373361,FALSE,FALSE,FALSE,FALSE,
CXCL,Hepatocyte 4,Ig+ hepatocyte,0,,1.99770918445324e-05,8.45241949494573e-06,partial,1,2,1,2,0,1.42147556697391e-05,,,8.45241949494573e-06,1.99770918445324e-05,-7.31385904637622,FALSE,FALSE,FALSE,FALSE,
CXCL,Hepatocyte 4,IgG+ B cell,6.34258130663606e-06,,4.50452832971145e-06,2.56788842208802e-06,partial,1,2,1,2,6.34258130663606e-06,3.53620837589974e-06,,,2.56788842208802e-06,4.50452832971145e-06,0.826952347235973,FALSE,FALSE,FALSE,FALSE,
CXCL,Hepatocyte 4,IgG+ plasmablast / plasma cell,4.60477296050099e-06,,8.11539497415408e-06,6.06680770279564e-06,partial,1,2,1,2,4.60477296050099e-06,7.09110133847486e-06,,,6.06680770279564e-06,8.11539497415408e-06,-0.613159777686734,FALSE,FALSE,FALSE,FALSE,
CXCL,Hepatocyte 4,IgM+ B cell,3.10602017196901e-06,,7.60640628264643e-06,4.55160231243417e-06,partial,1,2,1,2,3.10602017196901e-06,6.0790042975403e-06,,,4.55160231243417e-06,7.60640628264643e-06,-0.948781679252765,FALSE,FALSE,FALSE,FALSE,
CXCL,Hepatocyte 4,Macrophage 1,1.53617967609262e-05,,5.64386955983326e-05,2.47504532491273e-05,partial,1,2,1,2,1.53617967609262e-05,4.059457442373e-05,,,2.47504532491273e-05,5.64386955983326e-05,-1.39671276066022,FALSE,FALSE,FALSE,FALSE,
CXCL,Hepatocyte 4,Macrophage 2,6.56637505709942e-06,,9.83869159394412e-06,8.69409008859789e-06,partial,1,2,1,2,6.56637505709942e-06,9.266390841271e-06,,,8.69409008859789e-06,9.83869159394412e-06,-0.491221308880842,FALSE,FALSE,FALSE,FALSE,
CXCL,Hepatocyte 4,Sinusoidal endothelial cell,1.66275228896215e-06,,1.83765445934688e-05,9.95437985348584e-06,partial,1,2,1,2,1.66275228896215e-06,1.41654622234773e-05,,,9.95437985348584e-06,1.83765445934688e-05,-3.02388896221923,FALSE,FALSE,FALSE,FALSE,
CXCL,Hepatocyte 4,Stellate cell,4.11199883771729e-06,,8.08531125329648e-06,5.65592271178549e-06,partial,1,2,1,2,4.11199883771729e-06,6.87061698254099e-06,,,5.65592271178549e-06,8.08531125329648e-06,-0.728152276627466,FALSE,FALSE,FALSE,FALSE,
CXCL,Hepatocyte 4,Vascular endothelial cell,9.99310835348468e-08,,4.53129050481463e-06,1.83430778403485e-06,partial,1,2,1,2,9.99310835348468e-08,3.18279914442474e-06,,,1.83430778403485e-06,4.53129050481463e-06,-4.10765292741248,FALSE,FALSE,FALSE,FALSE,
CXCL,Ig+ hepatocyte,CD4+ T cell,0.000124930377517559,,2.24447334604774e-05,1.89000510447423e-05,partial,1,2,1,2,0.000124930377517559,2.06723922526099e-05,,,1.89000510447423e-05,2.24447334604774e-05,2.59012414930281,FALSE,FALSE,FALSE,FALSE,
CXCL,Ig+ hepatocyte,CD8+ T cell 1,0.000373340829399218,,8.88720788501614e-05,4.3154380206812e-05,partial,1,2,1,2,0.000373340829399218,6.60132295284867e-05,,,4.3154380206812e-05,8.88720788501614e-05,2.49805007071585,FALSE,FALSE,FALSE,FALSE,
CXCL,Ig+ hepatocyte,CD8+ T cell 2,0.000213570245448871,,8.66945285614196e-05,3.26768948153164e-05,partial,1,2,1,2,0.000213570245448871,5.9685711688368e-05,,,3.26768948153164e-05,8.66945285614196e-05,1.83768883341427,FALSE,FALSE,FALSE,FALSE,
CXCL,Ig+ hepatocyte,CD8+ T cell 3,0.000232988344633132,,7.23804366287276e-05,3.55031173653793e-05,partial,1,2,1,2,0.000232988344633132,5.39417769970534e-05,,,3.55031173653793e-05,7.23804366287276e-05,2.10893687110182,FALSE,FALSE,FALSE,FALSE,
CXCL,Ig+ hepatocyte,Cholangiocyte,3.19680660878761e-05,,1.56135037001659e-05,9.6756711640957e-06,partial,1,2,1,2,3.19680660878761e-05,1.26445874321308e-05,,,9.6756711640957e-06,1.56135037001659e-05,1.33194162442184,FALSE,FALSE,FALSE,FALSE,
CXCL,Ig+ hepatocyte,Hepatocyte 1,4.1989619599114e-07,,2.03608934960344e-05,6.98689700007384e-06,partial,1,2,1,2,4.1989619599114e-07,1.36738952480541e-05,,,6.98689700007384e-06,2.03608934960344e-05,-4.75479872603157,FALSE,FALSE,FALSE,FALSE,
CXCL,Ig+ hepatocyte,Hepatocyte 2,9.25857152217212e-09,,1.30285327495869e-05,6.44546206612928e-06,partial,1,2,1,2,9.25857152217212e-09,9.7369974078581e-06,,,6.44546206612928e-06,1.30285327495869e-05,-6.6307744112631,FALSE,FALSE,FALSE,FALSE,
CXCL,Ig+ hepatocyte,Hepatocyte 3,0,,1.82270553677308e-05,9.82057633508666e-06,partial,1,2,1,2,0,1.40238158514087e-05,,,9.82057633508666e-06,1.82270553677308e-05,-7.29447215321556,FALSE,FALSE,FALSE,FALSE,
CXCL,Ig+ hepatocyte,Hepatocyte 4,0,,1.93922972780576e-05,8.53974550528569e-06,partial,1,2,1,2,0,1.39660213916716e-05,,,8.53974550528569e-06,1.93922972780576e-05,-7.2885523137995,FALSE,FALSE,FALSE,FALSE,
CXCL,Ig+ hepatocyte,Ig+ hepatocyte,0,,0.000108541796928889,4.70610132100588e-05,partial,1,2,1,2,0,7.78014050694738e-05,,,4.70610132100588e-05,0.000108541796928889,-9.75883610736928,FALSE,FALSE,FALSE,FALSE,
CXCL,Ig+ hepatocyte,IgG+ B cell,0,,1.73754928126488e-05,8.16952080565759e-06,partial,1,2,1,2,0,1.27725068091532e-05,,,8.16952080565759e-06,1.73754928126488e-05,-7.16053496326962,FALSE,FALSE,FALSE,FALSE,
CXCL,Ig+ hepatocyte,IgG+ plasmablast / plasma cell,6.69360724335768e-05,,3.40398039910454e-05,2.71103949001663e-05,partial,1,2,1,2,6.69360724335768e-05,3.05750994456059e-05,,,2.71103949001663e-05,3.40398039910454e-05,1.12812717825511,FALSE,FALSE,FALSE,FALSE,
CXCL,Ig+ hepatocyte,IgM+ B cell,1.42028319385579e-05,,1.4924597435476e-05,1.33769589791097e-05,partial,1,2,1,2,1.42028319385579e-05,1.41507782072928e-05,,,1.33769589791097e-05,1.4924597435476e-05,0.00526384428217416,FALSE,FALSE,FALSE,FALSE,
CXCL,Ig+ hepatocyte,Macrophage 1,6.62172978483484e-05,,0.000100015888797778,7.15653992385938e-05,partial,1,2,1,2,6.62172978483484e-05,8.57906440181859e-05,,,7.15653992385938e-05,0.000100015888797778,-0.373165814685569,FALSE,FALSE,FALSE,FALSE,
CXCL,Ig+ hepatocyte,Macrophage 2,3.69207162182578e-06,,3.16374527839106e-05,4.7134105892429e-05,partial,1,2,1,2,3.69207162182578e-06,3.93857793381698e-05,,,3.16374527839106e-05,4.7134105892429e-05,-3.38375172780846,FALSE,FALSE,FALSE,FALSE,
CXCL,Ig+ hepatocyte,Sinusoidal endothelial cell,7.03949761604737e-06,,2.74926747965326e-05,2.27736769028972e-05,partial,1,2,1,2,7.03949761604737e-06,2.51331758497149e-05,,,2.27736769028972e-05,2.74926747965326e-05,-1.82289131853635,FALSE,FALSE,FALSE,FALSE,
CXCL,Ig+ hepatocyte,Stellate cell,2.62081033746242e-09,,2.10756729010644e-05,1.53523480155424e-05,partial,1,2,1,2,2.62081033746242e-09,1.82140104583034e-05,,,1.53523480155424e-05,2.10756729010644e-05,-7.62807180038776,FALSE,FALSE,FALSE,FALSE,
CXCL,Ig+ hepatocyte,Vascular endothelial cell,1.14075975938452e-05,,1.05174668630373e-05,1.07876525835986e-05,partial,1,2,1,2,1.14075975938452e-05,1.0652559723318e-05,,,1.05174668630373e-05,1.07876525835986e-05,0.0979954786040752,FALSE,FALSE,FALSE,FALSE,
CXCL,IgG+ B cell,CD4+ T cell,1.40910608934746e-05,,2.14458025343132e-05,1.07287470743595e-05,partial,1,2,1,2,1.40910608934746e-05,1.60872748043364e-05,,,1.07287470743595e-05,2.14458025343132e-05,-0.190004314240356,FALSE,FALSE,FALSE,FALSE,
CXCL,IgG+ B cell,CD8+ T cell 1,3.09680881452933e-05,,2.46513548198698e-05,1.04541779610622e-05,partial,1,2,1,2,3.09680881452933e-05,1.7552766390466e-05,,,1.04541779610622e-05,2.46513548198698e-05,0.815895565551507,FALSE,FALSE,FALSE,FALSE,
CXCL,IgG+ B cell,CD8+ T cell 2,2.50392690622511e-06,,6.81923386068353e-06,4.35248012471289e-06,partial,1,2,1,2,2.50392690622511e-06,5.58585699269821e-06,,,4.35248012471289e-06,6.81923386068353e-06,-1.12972893072265,FALSE,FALSE,FALSE,FALSE,
CXCL,IgG+ B cell,CD8+ T cell 3,6.33583658394045e-05,,2.21037586467409e-05,7.79293395731692e-06,partial,1,2,1,2,6.33583658394045e-05,1.49483463020289e-05,,,7.79293395731692e-06,2.21037586467409e-05,2.07694398929027,FALSE,FALSE,FALSE,FALSE,
CXCL,IgG+ B cell,Cholangiocyte,6.42276883595365e-06,,1.72364388192627e-05,3.69173303027577e-06,partial,1,2,1,2,6.42276883595365e-06,1.04640859247692e-05,,,3.69173303027577e-06,1.72364388192627e-05,-0.696466718000386,FALSE,FALSE,FALSE,FALSE,
CXCL,IgG+ B cell,Hepatocyte 1,2.64037059155476e-07,,2.88136954063743e-06,9.85875010521172e-07,partial,1,2,1,2,2.64037059155476e-07,1.9336222755793e-06,,,9.85875010521172e-07,2.88136954063743e-06,-2.51528525005192,FALSE,FALSE,FALSE,FALSE,
CXCL,IgG+ B cell,Hepatocyte 2,1.66549541555166e-06,,2.8225810454288e-06,5.82283471616563e-07,partial,1,2,1,2,1.66549541555166e-06,1.70243225852268e-06,,,5.82283471616563e-07,2.8225810454288e-06,-0.0300419666725629,FALSE,FALSE,FALSE,FALSE,
CXCL,IgG+ B cell,Hepatocyte 3,3.5383653712475e-06,,4.69373982946112e-06,8.28001591353935e-07,partial,1,2,1,2,3.5383653712475e-06,2.76087071040753e-06,,,8.28001591353935e-07,4.69373982946112e-06,0.347927366966844,FALSE,FALSE,FALSE,FALSE,
CXCL,IgG+ B cell,Hepatocyte 4,2.77641844875504e-08,,1.61823760841393e-06,1.27403875594685e-06,partial,1,2,1,2,2.77641844875504e-08,1.44613818218039e-06,,,1.27403875594685e-06,1.61823760841393e-06,-3.7064038123019,FALSE,FALSE,FALSE,FALSE,
CXCL,IgG+ B cell,Ig+ hepatocyte,0,,4.48716816019691e-06,4.28496177425885e-06,partial,1,2,1,2,0,4.38606496722788e-06,,,4.28496177425885e-06,4.48716816019691e-06,-5.63764615995059,FALSE,FALSE,FALSE,FALSE,
CXCL,IgG+ B cell,IgG+ B cell,1.02182226430855e-05,,2.4161330083467e-05,5.62722561687765e-06,partial,1,2,1,2,1.02182226430855e-05,1.48942778501723e-05,,,5.62722561687765e-06,2.4161330083467e-05,-0.539658077773473,FALSE,FALSE,FALSE,FALSE,
CXCL,IgG+ B cell,IgG+ plasmablast / plasma cell,1.50981254272111e-05,,1.93185679500849e-05,8.56572428432837e-06,partial,1,2,1,2,1.50981254272111e-05,1.39421461172067e-05,,,8.56572428432837e-06,1.93185679500849e-05,0.114208881342777,FALSE,FALSE,FALSE,FALSE,
CXCL,IgG+ B cell,IgM+ B cell,9.94168455792718e-06,,1.94027741373102e-05,6.32309461272423e-06,partial,1,2,1,2,9.94168455792718e-06,1.28629343750172e-05,,,6.32309461272423e-06,1.94027741373102e-05,-0.368718138591263,FALSE,FALSE,FALSE,FALSE,
CXCL,IgG+ B cell,Macrophage 1,1.5290248829584e-06,,3.05319454656241e-05,9.43221834449679e-06,partial,1,2,1,2,1.5290248829584e-06,1.99820819050604e-05,,,9.43221834449679e-06,3.05319454656241e-05,-3.63207055606083,FALSE,FALSE,FALSE,FALSE,
CXCL,IgG+ B cell,Macrophage 2,1.02843836272908e-06,,3.34642170450193e-05,8.12524514552212e-06,partial,1,2,1,2,1.02843836272908e-06,2.07947310952707e-05,,,8.12524514552212e-06,3.34642170450193e-05,-4.22300619494342,FALSE,FALSE,FALSE,FALSE,
CXCL,IgG+ B cell,Sinusoidal endothelial cell,1.66066613840832e-08,,1.10102374170935e-05,4.0737774344068e-06,partial,1,2,1,2,1.66066613840832e-08,7.54200742575017e-06,,,4.0737774344068e-06,1.10102374170935e-05,-6.1629536469597,FALSE,FALSE,FALSE,FALSE,
CXCL,IgG+ B cell,Stellate cell,2.10636778146352e-06,,1.43335880610256e-05,4.97995565943308e-06,partial,1,2,1,2,2.10636778146352e-06,9.65677186022936e-06,,,4.97995565943308e-06,1.43335880610256e-05,-2.14985287088579,FALSE,FALSE,FALSE,FALSE,
CXCL,IgG+ B cell,Vascular endothelial cell,4.21484885077701e-07,,1.44106604319033e-05,3.62629030515151e-06,partial,1,2,1,2,4.21484885077701e-07,9.01847536852742e-06,,,3.62629030515151e-06,1.44106604319033e-05,-4.15469747985408,FALSE,FALSE,FALSE,FALSE,
CXCL,IgG+ plasmablast / plasma cell,CD4+ T cell,3.23481780380784e-05,,3.03027158481418e-05,2.05704915986172e-05,partial,1,2,1,2,3.23481780380784e-05,2.54366037233795e-05,,,2.05704915986172e-05,3.03027158481418e-05,0.345692324675833,FALSE,FALSE,FALSE,FALSE,
CXCL,IgG+ plasmablast / plasma cell,CD8+ T cell 1,3.2764234711777e-05,,3.82099656088807e-05,2.47457080870005e-05,partial,1,2,1,2,3.2764234711777e-05,3.14778368479406e-05,,,2.47457080870005e-05,3.82099656088807e-05,0.0576241012374393,FALSE,FALSE,FALSE,FALSE,
CXCL,IgG+ plasmablast / plasma cell,CD8+ T cell 2,1.87774857884478e-05,,1.57313324428872e-05,1.13974504206303e-05,partial,1,2,1,2,1.87774857884478e-05,1.35643914317588e-05,,,1.13974504206303e-05,1.57313324428872e-05,0.466539928677806,FALSE,FALSE,FALSE,FALSE,
CXCL,IgG+ plasmablast / plasma cell,CD8+ T cell 3,2.1009799466501e-05,,3.36133847233509e-05,1.76671815141676e-05,partial,1,2,1,2,2.1009799466501e-05,2.56402831187593e-05,,,1.76671815141676e-05,3.36133847233509e-05,-0.286239205952285,FALSE,FALSE,FALSE,FALSE,
CXCL,IgG+ plasmablast / plasma cell,Cholangiocyte,1.60626970610911e-05,,1.7786995151311e-05,6.53378933693404e-06,partial,1,2,1,2,1.60626970610911e-05,1.21603922441225e-05,,,6.53378933693404e-06,1.7786995151311e-05,0.398949818923868,FALSE,FALSE,FALSE,FALSE,
CXCL,IgG+ plasmablast / plasma cell,Hepatocyte 1,2.33293877673096e-07,,4.34327353544048e-06,2.75424951646466e-06,partial,1,2,1,2,2.33293877673096e-07,3.54876152595257e-06,,,2.75424951646466e-06,4.34327353544048e-06,-3.49291340809301,FALSE,FALSE,FALSE,FALSE,
CXCL,IgG+ plasmablast / plasma cell,Hepatocyte 2,1.50166685251708e-07,,3.36522134642947e-06,1.89016815763262e-06,partial,1,2,1,2,1.50166685251708e-07,2.62769475203105e-06,,,1.89016815763262e-06,3.36522134642947e-06,-3.50079268120706,FALSE,FALSE,FALSE,FALSE,
CXCL,IgG+ plasmablast / plasma cell,Hepatocyte 3,6.57543822841191e-09,,5.59350919413226e-06,2.78346350313577e-06,partial,1,2,1,2,6.57543822841191e-09,4.18848634863402e-06,,,2.78346350313577e-06,5.59350919413226e-06,-5.47067978607084,FALSE,FALSE,FALSE,FALSE,
CXCL,IgG+ plasmablast / plasma cell,Hepatocyte 4,0,,3.30341495708746e-06,2.52238969972449e-06,partial,1,2,1,2,0,2.91290232840597e-06,,,2.52238969972449e-06,3.30341495708746e-06,-5.06175780365071,FALSE,FALSE,FALSE,FALSE,
CXCL,IgG+ plasmablast / plasma cell,Ig+ hepatocyte,0,,1.00689158873638e-05,7.26432165206576e-06,partial,1,2,1,2,0,8.66661876971481e-06,,,7.26432165206576e-06,1.00689158873638e-05,-6.60580396486515,FALSE,FALSE,FALSE,FALSE,
CXCL,IgG+ plasmablast / plasma cell,IgG+ B cell,2.7434687800062e-05,,2.05759844736174e-05,7.14144205506491e-06,partial,1,2,1,2,2.7434687800062e-05,1.38587132643411e-05,,,7.14144205506491e-06,2.05759844736174e-05,0.9805989740935,FALSE,FALSE,FALSE,FALSE,
CXCL,IgG+ plasmablast / plasma cell,IgG+ plasmablast / plasma cell,2.25691683322458e-05,,3.10853374461785e-05,1.9638757607427e-05,partial,1,2,1,2,2.25691683322458e-05,2.53620475268027e-05,,,1.9638757607427e-05,3.10853374461785e-05,-0.167687470001474,FALSE,FALSE,FALSE,FALSE,
CXCL,IgG+ plasmablast / plasma cell,IgM+ B cell,2.43404507838502e-05,,2.62336038452276e-05,9.77705706650273e-06,partial,1,2,1,2,2.43404507838502e-05,1.80053304558652e-05,,,9.77705706650273e-06,2.62336038452276e-05,0.433064981885886,FALSE,FALSE,FALSE,FALSE,
CXCL,IgG+ plasmablast / plasma cell,Macrophage 1,3.49965099036393e-06,,4.02016090645113e-05,2.70894289815204e-05,partial,1,2,1,2,3.49965099036393e-06,3.36455190230159e-05,,,2.70894289815204e-05,4.02016090645113e-05,-3.23238678272997,FALSE,FALSE,FALSE,FALSE,
CXCL,IgG+ plasmablast / plasma cell,Macrophage 2,2.79691040621543e-06,,3.34713491894176e-05,1.88421983543643e-05,partial,1,2,1,2,2.79691040621543e-06,2.61567737718909e-05,,,1.88421983543643e-05,3.34713491894176e-05,-3.18458385732061,FALSE,FALSE,FALSE,FALSE,
CXCL,IgG+ plasmablast / plasma cell,Sinusoidal endothelial cell,2.53676475340673e-06,,1.4227264970392e-05,8.74090201252908e-06,partial,1,2,1,2,2.53676475340673e-06,1.14840834914605e-05,,,8.74090201252908e-06,1.4227264970392e-05,-2.1395791412935,FALSE,FALSE,FALSE,FALSE,
CXCL,IgG+ plasmablast / plasma cell,Stellate cell,5.55951805980046e-06,,1.43125165086279e-05,8.1348841183189e-06,partial,1,2,1,2,5.55951805980046e-06,1.12237003134734e-05,,,8.1348841183189e-06,1.43125165086279e-05,-1.00188322689852,FALSE,FALSE,FALSE,FALSE,
CXCL,IgG+ plasmablast / plasma cell,Vascular endothelial cell,8.17322030489818e-06,,1.7341456293672e-05,5.67817654858581e-06,partial,1,2,1,2,8.17322030489818e-06,1.15098164211289e-05,,,5.67817654858581e-06,1.7341456293672e-05,-0.489330678587917,FALSE,FALSE,FALSE,FALSE,
CXCL,IgM+ B cell,CD4+ T cell,0.000102507086850836,,5.32535329496938e-05,3.70521007820639e-05,partial,1,2,1,2,0.000102507086850836,4.51528168658789e-05,,,3.70521007820639e-05,5.32535329496938e-05,1.18123078981284,FALSE,FALSE,FALSE,FALSE,
CXCL,IgM+ B cell,CD8+ T cell 1,5.87674174371093e-05,,2.96328456292762e-05,1.88920124195332e-05,partial,1,2,1,2,5.87674174371093e-05,2.42624290244047e-05,,,1.88920124195332e-05,2.96328456292762e-05,1.27316183955219,FALSE,FALSE,FALSE,FALSE,
CXCL,IgM+ B cell,CD8+ T cell 2,3.92662960370398e-05,,9.86396956084002e-06,1.03195691646379e-05,partial,1,2,1,2,3.92662960370398e-05,1.00917693627389e-05,,,9.86396956084002e-06,1.03195691646379e-05,1.95061607684817,FALSE,FALSE,FALSE,FALSE,
CXCL,IgM+ B cell,CD8+ T cell 3,8.56402066148199e-05,,2.80351927087995e-05,1.55828788246094e-05,partial,1,2,1,2,8.56402066148199e-05,2.18090357667044e-05,,,1.55828788246094e-05,2.80351927087995e-05,1.96894090394092,FALSE,FALSE,FALSE,FALSE,
CXCL,IgM+ B cell,Cholangiocyte,2.59926274887913e-05,,1.64445245967331e-05,5.04789944953041e-06,partial,1,2,1,2,2.59926274887913e-05,1.07462120231318e-05,,,5.04789944953041e-06,1.64445245967331e-05,1.26723603150795,FALSE,FALSE,FALSE,FALSE,
CXCL,IgM+ B cell,Hepatocyte 1,1.33495846617987e-06,,2.29405139179104e-06,1.58649537229191e-06,partial,1,2,1,2,1.33495846617987e-06,1.94027338204148e-06,,,1.58649537229191e-06,2.29405139179104e-06,-0.510782638826992,FALSE,FALSE,FALSE,FALSE,
CXCL,IgM+ B cell,Hepatocyte 2,1.75305807341348e-06,,2.28146563157094e-06,1.2583506701152e-06,partial,1,2,1,2,1.75305807341348e-06,1.76990815084307e-06,,,1.2583506701152e-06,2.28146563157094e-06,-0.0131305171780509,FALSE,FALSE,FALSE,FALSE,
CXCL,IgM+ B cell,Hepatocyte 3,1.3010282446532e-08,,4.56706041840013e-06,2.76626553791182e-06,partial,1,2,1,2,1.3010282446532e-08,3.66666297815598e-06,,,2.76626553791182e-06,4.56706041840013e-06,-5.1898782396615,FALSE,FALSE,FALSE,FALSE,
CXCL,IgM+ B cell,Hepatocyte 4,0,,1.22225529330164e-06,1.4153602081939e-06,partial,1,2,1,2,0,1.31880775074777e-06,,,1.22225529330164e-06,1.4153602081939e-06,-3.96982367003835,FALSE,FALSE,FALSE,FALSE,
CXCL,IgM+ B cell,Ig+ hepatocyte,0,,3.84157880919642e-06,3.74286807260337e-06,partial,1,2,1,2,0,3.7922234408999e-06,,,3.74286807260337e-06,3.84157880919642e-06,-5.43229368275427,FALSE,FALSE,FALSE,FALSE,
CXCL,IgM+ B cell,IgG+ B cell,5.99797725006246e-05,,1.32135055604679e-05,4.63722734246101e-06,partial,1,2,1,2,5.99797725006246e-05,8.92536645146448e-06,,,4.63722734246101e-06,1.32135055604679e-05,2.73619400303729,FALSE,FALSE,FALSE,FALSE,
CXCL,IgM+ B cell,IgG+ plasmablast / plasma cell,1.59263743196785e-05,,1.72623128325248e-05,9.95584270487885e-06,partial,1,2,1,2,1.59263743196785e-05,1.36090777687018e-05,,,9.95584270487885e-06,1.72623128325248e-05,0.225470262533791,FALSE,FALSE,FALSE,FALSE,
CXCL,IgM+ B cell,IgM+ B cell,5.7000136896271e-05,,8.31248204588415e-05,3.89768239308271e-05,partial,1,2,1,2,5.7000136896271e-05,6.10508221948343e-05,,,3.89768239308271e-05,8.31248204588415e-05,-0.0988945893997256,FALSE,FALSE,FALSE,FALSE,
CXCL,IgM+ B cell,Macrophage 1,1.00484856886695e-05,,3.21175008301508e-05,1.67232806648682e-05,partial,1,2,1,2,1.00484856886695e-05,2.44203907475095e-05,,,1.67232806648682e-05,3.21175008301508e-05,-1.27355917911474,FALSE,FALSE,FALSE,FALSE,
CXCL,IgM+ B cell,Macrophage 2,5.0028549177905e-06,,3.92791910594795e-05,1.45977418367852e-05,partial,1,2,1,2,5.0028549177905e-06,2.69384664481324e-05,,,1.45977418367852e-05,3.92791910594795e-05,-2.40795484248507,FALSE,FALSE,FALSE,FALSE,
CXCL,IgM+ B cell,Sinusoidal endothelial cell,5.27546213146457e-08,,1.0868887669503e-05,6.16160133305965e-06,partial,1,2,1,2,5.27546213146457e-08,8.51524450128131e-06,,,6.16160133305965e-06,1.0868887669503e-05,-5.91454558946423,FALSE,FALSE,FALSE,FALSE,
CXCL,IgM+ B cell,Stellate cell,7.83399370881474e-06,,1.46746447177382e-05,7.27653703419816e-06,partial,1,2,1,2,7.83399370881474e-06,1.09755908759682e-05,,,7.27653703419816e-06,1.46746447177382e-05,-0.48178573062134,FALSE,FALSE,FALSE,FALSE,
CXCL,IgM+ B cell,Vascular endothelial cell,6.98850661564014e-06,,2.0418118956508e-05,5.90224360108032e-06,partial,1,2,1,2,6.98850661564014e-06,1.31601812787941e-05,,,5.90224360108032e-06,2.0418118956508e-05,-0.904504136113872,FALSE,FALSE,FALSE,FALSE,
CXCL,Macrophage 1,CD4+ T cell,9.53695585586957e-05,,3.85032515163281e-05,3.03451672729209e-05,partial,1,2,1,2,9.53695585586957e-05,3.44242093946245e-05,,,3.03451672729209e-05,3.85032515163281e-05,1.46770174742956,FALSE,FALSE,FALSE,FALSE,
CXCL,Macrophage 1,CD8+ T cell 1,0.000282519788747887,,0.000116677474844108,0.000105002440020162,partial,1,2,1,2,0.000282519788747887,0.000110839957432135,,,0.000105002440020162,0.000116677474844108,1.34916315486201,FALSE,FALSE,FALSE,FALSE,
CXCL,Macrophage 1,CD8+ T cell 2,0.000333989232303491,,0.000122856693123409,8.98116319520485e-05,partial,1,2,1,2,0.000333989232303491,0.000106334162537729,,,8.98116319520485e-05,0.000122856693123409,1.6503654366043,FALSE,FALSE,FALSE,FALSE,
CXCL,Macrophage 1,CD8+ T cell 3,0.000258053181881322,,8.55673333613517e-05,7.23633631974934e-05,partial,1,2,1,2,0.000258053181881322,7.89653482794225e-05,,,7.23633631974934e-05,8.55673333613517e-05,1.70723771668573,FALSE,FALSE,FALSE,FALSE,
CXCL,Macrophage 1,Cholangiocyte,7.92873077940005e-05,,1.48984102708802e-05,6.62089172600405e-06,partial,1,2,1,2,7.92873077940005e-05,1.07596509984421e-05,,,6.62089172600405e-06,1.48984102708802e-05,2.87108883552904,FALSE,FALSE,FALSE,FALSE,
CXCL,Macrophage 1,Hepatocyte 1,1.1338247536715e-05,,1.69590833509427e-05,8.62411233589088e-06,partial,1,2,1,2,1.1338247536715e-05,1.27915978434168e-05,,,8.62411233589088e-06,1.69590833509427e-05,-0.172708711851497,FALSE,FALSE,FALSE,FALSE,
CXCL,Macrophage 1,Hepatocyte 2,6.36325819236506e-06,,1.24863061314451e-05,5.35853581114176e-06,partial,1,2,1,2,6.36325819236506e-06,8.92242097129342e-06,,,5.35853581114176e-06,1.24863061314451e-05,-0.481892949716428,FALSE,FALSE,FALSE,FALSE,
CXCL,Macrophage 1,Hepatocyte 3,2.58519351711903e-06,,1.34368014159933e-05,9.29343853923189e-06,partial,1,2,1,2,2.58519351711903e-06,1.13651199776126e-05,,,9.29343853923189e-06,1.34368014159933e-05,-2.09831643854312,FALSE,FALSE,FALSE,FALSE,
CXCL,Macrophage 1,Hepatocyte 4,1.15274992721372e-05,,1.55792362871947e-05,8.93852126700864e-06,partial,1,2,1,2,1.15274992721372e-05,1.22588787771017e-05,,,8.93852126700864e-06,1.55792362871947e-05,-0.088081197542227,FALSE,FALSE,FALSE,FALSE,
CXCL,Macrophage 1,Ig+ hepatocyte,0,,1.87919421554168e-05,1.03800606600323e-05,partial,1,2,1,2,0,1.45860014077245e-05,,,1.03800606600323e-05,1.87919421554168e-05,-7.3508233792281,FALSE,FALSE,FALSE,FALSE,
CXCL,Macrophage 1,IgG+ B cell,1.97597683764773e-05,,1.40461447643081e-05,6.0763032541786e-06,partial,1,2,1,2,1.97597683764773e-05,1.00612240092434e-05,,,6.0763032541786e-06,1.40461447643081e-05,0.967475035358386,FALSE,FALSE,FALSE,FALSE,
CXCL,Macrophage 1,IgG+ plasmablast / plasma cell,3.00552922323162e-05,,2.06894907068595e-05,1.16448694392241e-05,partial,1,2,1,2,3.00552922323162e-05,1.61671800730418e-05,,,1.16448694392241e-05,2.06894907068595e-05,0.890859542528104,FALSE,FALSE,FALSE,FALSE,
CXCL,Macrophage 1,IgM+ B cell,3.3306841718636e-05,,2.55903075722341e-05,1.24217558681812e-05,partial,1,2,1,2,3.3306841718636e-05,1.90060317202076e-05,,,1.24217558681812e-05,2.55903075722341e-05,0.806441862768565,FALSE,FALSE,FALSE,FALSE,
CXCL,Macrophage 1,Macrophage 1,7.15269843074513e-05,,6.02097139827676e-05,3.34115006769228e-05,partial,1,2,1,2,7.15269843074513e-05,4.68106073298452e-05,,,3.34115006769228e-05,6.02097139827676e-05,0.610696167722028,FALSE,FALSE,FALSE,FALSE,
CXCL,Macrophage 1,Macrophage 2,2.85357513722786e-05,,2.44741134871292e-05,1.38121827800224e-05,partial,1,2,1,2,2.85357513722786e-05,1.91431481335758e-05,,,1.38121827800224e-05,2.44741134871292e-05,0.573720959566457,FALSE,FALSE,FALSE,FALSE,
CXCL,Macrophage 1,Sinusoidal endothelial cell,1.96950364476466e-05,,2.88031968090448e-05,1.58839949805492e-05,partial,1,2,1,2,1.96950364476466e-05,2.2343595894797e-05,,,1.58839949805492e-05,2.88031968090448e-05,-0.181251979314131,FALSE,FALSE,FALSE,FALSE,
CXCL,Macrophage 1,Stellate cell,2.21229637648381e-05,,1.74201586920962e-05,1.11111437943469e-05,partial,1,2,1,2,2.21229637648381e-05,1.42656512432216e-05,,,1.11111437943469e-05,1.74201586920962e-05,0.629786474209956,FALSE,FALSE,FALSE,FALSE,
CXCL,Macrophage 1,Vascular endothelial cell,1.62549367337613e-05,,1.32539314070101e-05,5.18733572836528e-06,partial,1,2,1,2,1.62549367337613e-05,9.22063356768771e-06,,,5.18733572836528e-06,1.32539314070101e-05,0.811898841381199,FALSE,FALSE,FALSE,FALSE,
CXCL,Macrophage 2,CD4+ T cell,4.24560081440045e-05,,3.87375593143229e-05,2.14891457632904e-05,partial,1,2,1,2,4.24560081440045e-05,3.01133525388066e-05,,,2.14891457632904e-05,3.87375593143229e-05,0.494316390647349,FALSE,FALSE,FALSE,FALSE,
CXCL,Macrophage 2,CD8+ T cell 1,9.8835235011693e-05,,4.36230353801743e-05,3.42411784872449e-05,partial,1,2,1,2,9.8835235011693e-05,3.89321069337096e-05,,,3.42411784872449e-05,4.36230353801743e-05,1.34204902553038,FALSE,FALSE,FALSE,FALSE,
CXCL,Macrophage 2,CD8+ T cell 2,6.87759913411735e-05,,1.80283951118753e-05,2.4296952457461e-05,partial,1,2,1,2,6.87759913411735e-05,2.11626737846681e-05,,,1.80283951118753e-05,2.4296952457461e-05,1.69615177541789,FALSE,FALSE,FALSE,FALSE,
CXCL,Macrophage 2,CD8+ T cell 3,9.59541485903764e-05,,3.91562654354352e-05,2.29009801430004e-05,partial,1,2,1,2,9.59541485903764e-05,3.10286227892178e-05,,,2.29009801430004e-05,3.91562654354352e-05,1.62592246821039,FALSE,FALSE,FALSE,FALSE,
CXCL,Macrophage 2,Cholangiocyte,3.75431518479699e-05,,2.84418686804323e-05,7.34178356065014e-06,partial,1,2,1,2,3.75431518479699e-05,1.78918261205412e-05,,,7.34178356065014e-06,2.84418686804323e-05,1.06546853961015,FALSE,FALSE,FALSE,FALSE,
CXCL,Macrophage 2,Hepatocyte 1,2.64883550451301e-06,,4.40911083544605e-06,3.0051200388941e-06,partial,1,2,1,2,2.64883550451301e-06,3.70711543717008e-06,,,3.0051200388941e-06,4.40911083544605e-06,-0.471355102570299,FALSE,FALSE,FALSE,FALSE,
CXCL,Macrophage 2,Hepatocyte 2,1.94902941390858e-06,,4.41383299311022e-06,2.53258174177446e-06,partial,1,2,1,2,1.94902941390858e-06,3.47320736744234e-06,,,2.53258174177446e-06,4.41383299311022e-06,-0.805322438442199,FALSE,FALSE,FALSE,FALSE,
CXCL,Macrophage 2,Hepatocyte 3,9.57779174943661e-07,,9.25440247947103e-06,4.58614018896969e-06,partial,1,2,1,2,9.57779174943661e-07,6.92027133422036e-06,,,4.58614018896969e-06,9.25440247947103e-06,-2.74224618034811,FALSE,FALSE,FALSE,FALSE,
CXCL,Macrophage 2,Hepatocyte 4,1.57070626350822e-09,,3.57882524407728e-06,3.49891661120066e-06,partial,1,2,1,2,1.57070626350822e-09,3.53887092763897e-06,,,3.49891661120066e-06,3.57882524407728e-06,-5.30994168330581,FALSE,FALSE,FALSE,FALSE,
CXCL,Macrophage 2,Ig+ hepatocyte,0,,7.4471018592309e-06,6.14169466385522e-06,partial,1,2,1,2,0,6.79439826154306e-06,,,6.14169466385522e-06,7.4471018592309e-06,-6.25875639015919,FALSE,FALSE,FALSE,FALSE,
CXCL,Macrophage 2,IgG+ B cell,1.89869632989622e-05,,2.04269966921623e-05,5.54036977706198e-06,partial,1,2,1,2,1.89869632989622e-05,1.29836832346121e-05,,,5.54036977706198e-06,2.04269966921623e-05,0.545169170892725,FALSE,FALSE,FALSE,FALSE,
CXCL,Macrophage 2,IgG+ plasmablast / plasma cell,8.90147355019511e-06,,2.10220577032095e-05,1.05152049454822e-05,partial,1,2,1,2,8.90147355019511e-06,1.57686313243458e-05,,,1.05152049454822e-05,2.10220577032095e-05,-0.818645352099442,FALSE,FALSE,FALSE,FALSE,
CXCL,Macrophage 2,IgM+ B cell,2.1186076396323e-05,,3.49129981725821e-05,1.55716101679599e-05,partial,1,2,1,2,2.1186076396323e-05,2.5242304170271e-05,,,1.55716101679599e-05,3.49129981725821e-05,-0.251747210208615,FALSE,FALSE,FALSE,FALSE,
CXCL,Macrophage 2,Macrophage 1,1.9310094005957e-05,,4.61071583686519e-05,2.31079777913508e-05,partial,1,2,1,2,1.9310094005957e-05,3.46075680800013e-05,,,2.31079777913508e-05,4.61071583686519e-05,-0.838774001855908,FALSE,FALSE,FALSE,FALSE,
CXCL,Macrophage 2,Macrophage 2,1.18127244292225e-05,,5.76543428530152e-05,1.88176123462656e-05,partial,1,2,1,2,1.18127244292225e-05,3.82359775996404e-05,,,1.88176123462656e-05,5.76543428530152e-05,-1.68703865096637,FALSE,FALSE,FALSE,FALSE,
CXCL,Macrophage 2,Sinusoidal endothelial cell,4.49185138835755e-06,,1.78213836160146e-05,8.67771238729496e-06,partial,1,2,1,2,4.49185138835755e-06,1.32495480016548e-05,,,8.67771238729496e-06,1.78213836160146e-05,-1.54172673193298,FALSE,FALSE,FALSE,FALSE,
CXCL,Macrophage 2,Stellate cell,8.12814523966751e-06,,2.0637051814628e-05,8.24037406147752e-06,partial,1,2,1,2,8.12814523966751e-06,1.44387129380528e-05,,,8.24037406147752e-06,2.0637051814628e-05,-0.822029371309905,FALSE,FALSE,FALSE,FALSE,
CXCL,Macrophage 2,Vascular endothelial cell,1.2382155222322e-05,,2.00650739092762e-05,5.52828259150644e-06,partial,1,2,1,2,1.2382155222322e-05,1.27966782503913e-05,,,5.52828259150644e-06,2.00650739092762e-05,-0.0471699966649751,FALSE,FALSE,FALSE,FALSE,
CXCL,Sinusoidal endothelial cell,CD4+ T cell,5.67966105223775e-05,,2.91388517057525e-05,2.4482147086216e-05,partial,1,2,1,2,5.67966105223775e-05,2.68104993959842e-05,,,2.4482147086216e-05,2.91388517057525e-05,1.08045883680099,FALSE,FALSE,FALSE,FALSE,
CXCL,Sinusoidal endothelial cell,CD8+ T cell 1,0.000219645289945615,,0.000120526261346253,0.000100655746104781,partial,1,2,1,2,0.000219645289945615,0.000110591003725517,,,0.000100655746104781,0.000120526261346253,0.989359566655854,FALSE,FALSE,FALSE,FALSE,
CXCL,Sinusoidal endothelial cell,CD8+ T cell 2,0.00020610355393717,,9.75207551054286e-05,9.24870755855851e-05,partial,1,2,1,2,0.00020610355393717,9.50039153455068e-05,,,9.24870755855851e-05,9.75207551054286e-05,1.11657506623511,FALSE,FALSE,FALSE,FALSE,
CXCL,Sinusoidal endothelial cell,CD8+ T cell 3,0.000174374637612461,,9.38973957744959e-05,8.16064917160463e-05,partial,1,2,1,2,0.000174374637612461,8.77519437452711e-05,,,8.16064917160463e-05,9.38973957744959e-05,0.989953531544023,FALSE,FALSE,FALSE,FALSE,
CXCL,Sinusoidal endothelial cell,Cholangiocyte,3.90599201584777e-05,,1.21533026439365e-05,7.53370768588149e-06,partial,1,2,1,2,3.90599201584777e-05,9.84350516490899e-06,,,7.53370768588149e-06,1.21533026439365e-05,1.97864481347777,FALSE,FALSE,FALSE,FALSE,
CXCL,Sinusoidal endothelial cell,Hepatocyte 1,2.10062978727413e-05,,1.27439414678345e-05,8.49449217913218e-06,partial,1,2,1,2,2.10062978727413e-05,1.06192168234833e-05,,,8.49449217913218e-06,1.27439414678345e-05,0.97814313192612,FALSE,FALSE,FALSE,FALSE,
CXCL,Sinusoidal endothelial cell,Hepatocyte 2,8.85715712391962e-06,,1.02907266218407e-05,7.00129629806908e-06,partial,1,2,1,2,8.85715712391962e-06,8.6460114599549e-06,,,7.00129629806908e-06,1.02907266218407e-05,0.0344549714461779,FALSE,FALSE,FALSE,FALSE,
CXCL,Sinusoidal endothelial cell,Hepatocyte 3,7.76425542787099e-06,,8.80543000828098e-06,1.20984235317478e-05,partial,1,2,1,2,7.76425542787099e-06,1.04519267700144e-05,,,8.80543000828098e-06,1.20984235317478e-05,-0.424596575777609,FALSE,FALSE,FALSE,FALSE,
CXCL,Sinusoidal endothelial cell,Hepatocyte 4,5.34167986120569e-06,,1.141027552409e-05,9.46371006754276e-06,partial,1,2,1,2,5.34167986120569e-06,1.04369927958164e-05,,,9.46371006754276e-06,1.141027552409e-05,-0.954635149864916,FALSE,FALSE,FALSE,FALSE,
CXCL,Sinusoidal endothelial cell,Ig+ hepatocyte,0,,1.50316493690207e-05,7.76482465926302e-06,partial,1,2,1,2,0,1.13982370141418e-05,,,7.76482465926302e-06,1.50316493690207e-05,-6.99751927432683,FALSE,FALSE,FALSE,FALSE,
CXCL,Sinusoidal endothelial cell,IgG+ B cell,1.58458204669014e-05,,1.17279970181733e-05,4.5605997158957e-06,partial,1,2,1,2,1.58458204669014e-05,8.14429836703453e-06,,,4.5605997158957e-06,1.17279970181733e-05,0.952563664360673,FALSE,FALSE,FALSE,FALSE,
CXCL,Sinusoidal endothelial cell,IgG+ plasmablast / plasma cell,1.90833008604915e-05,,1.68390644149034e-05,8.15513638540754e-06,partial,1,2,1,2,1.90833008604915e-05,1.24971004001555e-05,,,8.15513638540754e-06,1.68390644149034e-05,0.607156471334171,FALSE,FALSE,FALSE,FALSE,
CXCL,Sinusoidal endothelial cell,IgM+ B cell,2.23920445248004e-05,,1.57886846148685e-05,6.51191751642234e-06,partial,1,2,1,2,2.23920445248004e-05,1.11503010656454e-05,,,6.51191751642234e-06,1.57886846148685e-05,1.00009862298191,FALSE,FALSE,FALSE,FALSE,
CXCL,Sinusoidal endothelial cell,Macrophage 1,3.71219596288611e-05,,4.34538698809254e-05,2.50211255779516e-05,partial,1,2,1,2,3.71219596288611e-05,3.42374977294385e-05,,,2.50211255779516e-05,4.34538698809254e-05,0.11640197698918,FALSE,FALSE,FALSE,FALSE,
CXCL,Sinusoidal endothelial cell,Macrophage 2,1.05816846374744e-05,,1.96195560981572e-05,1.11128313678702e-05,partial,1,2,1,2,1.05816846374744e-05,1.53661937330137e-05,,,1.11128313678702e-05,1.96195560981572e-05,-0.534401095476187,FALSE,FALSE,FALSE,FALSE,
CXCL,Sinusoidal endothelial cell,Sinusoidal endothelial cell,4.05101517264968e-05,,5.19221538681418e-05,3.20068593142961e-05,partial,1,2,1,2,4.05101517264968e-05,4.1964506591219e-05,,,3.20068593142961e-05,5.19221538681418e-05,-0.0507754061365152,FALSE,FALSE,FALSE,FALSE,
CXCL,Sinusoidal endothelial cell,Stellate cell,1.83366790663968e-05,,2.29936153506813e-05,1.06892414623598e-05,partial,1,2,1,2,1.83366790663968e-05,1.68414284065205e-05,,,1.06892414623598e-05,2.29936153506813e-05,0.122093048526713,FALSE,FALSE,FALSE,FALSE,
CXCL,Sinusoidal endothelial cell,Vascular endothelial cell,1.55545773535999e-05,,7.23087972610821e-06,4.98321623618614e-06,partial,1,2,1,2,1.55545773535999e-05,6.10704798114718e-06,,,4.98321623618614e-06,7.23087972610821e-06,1.33602291540631,FALSE,FALSE,FALSE,FALSE,
CXCL,Stellate cell,CD4+ T cell,2.36475596248541e-05,,3.74454454413937e-05,1.26410411636617e-05,partial,1,2,1,2,2.36475596248541e-05,2.50432433025277e-05,,,1.26410411636617e-05,3.74454454413937e-05,-0.0824255493430173,FALSE,FALSE,FALSE,FALSE,
CXCL,Stellate cell,CD8+ T cell 1,8.26812187168003e-05,,4.54662891937602e-05,2.78879484575849e-05,partial,1,2,1,2,8.26812187168003e-05,3.66771188256726e-05,,,2.78879484575849e-05,4.54662891937602e-05,1.17071513165792,FALSE,FALSE,FALSE,FALSE,
CXCL,Stellate cell,CD8+ T cell 2,4.63340055705824e-05,,1.70910733499327e-05,2.00311629138346e-05,partial,1,2,1,2,4.63340055705824e-05,1.85611181318837e-05,,,1.70910733499327e-05,2.00311629138346e-05,1.31561325425466,FALSE,FALSE,FALSE,FALSE,
CXCL,Stellate cell,CD8+ T cell 3,7.65390724920679e-05,,4.11512902729621e-05,2.20131757748316e-05,partial,1,2,1,2,7.65390724920679e-05,3.15822330238969e-05,,,2.20131757748316e-05,4.11512902729621e-05,1.27467578009405,FALSE,FALSE,FALSE,FALSE,
CXCL,Stellate cell,Cholangiocyte,2.18280142797454e-05,,2.04921667449632e-05,5.12090062911513e-06,partial,1,2,1,2,2.18280142797454e-05,1.28065336870392e-05,,,5.12090062911513e-06,2.04921667449632e-05,0.765138095144749,FALSE,FALSE,FALSE,FALSE,
CXCL,Stellate cell,Hepatocyte 1,3.68857445364539e-06,,4.38825533849523e-06,2.78058944975714e-06,partial,1,2,1,2,3.68857445364539e-06,3.58442239412618e-06,,,2.78058944975714e-06,4.38825533849523e-06,0.0403255907675425,FALSE,FALSE,FALSE,FALSE,
CXCL,Stellate cell,Hepatocyte 2,1.30300276645973e-06,,2.70731323130892e-06,1.56518712529508e-06,partial,1,2,1,2,1.30300276645973e-06,2.136250178302e-06,,,1.56518712529508e-06,2.70731323130892e-06,-0.676454208397649,FALSE,FALSE,FALSE,FALSE,
CXCL,Stellate cell,Hepatocyte 3,3.20378394032327e-07,,5.47811485246329e-06,3.01569910202011e-06,partial,1,2,1,2,3.20378394032327e-07,4.2469069772417e-06,,,3.01569910202011e-06,5.47811485246329e-06,-3.4019403990934,FALSE,FALSE,FALSE,FALSE,
CXCL,Stellate cell,Hepatocyte 4,5.56697627550215e-07,,3.15584722558159e-06,3.50008123975897e-06,partial,1,2,1,2,5.56697627550215e-07,3.32796423267028e-06,,,3.15584722558159e-06,3.50008123975897e-06,-2.40214488623693,FALSE,FALSE,FALSE,FALSE,
CXCL,Stellate cell,Ig+ hepatocyte,0,,6.76817074362167e-06,3.65252201811955e-06,partial,1,2,1,2,0,5.21034638087061e-06,,,3.65252201811955e-06,6.76817074362167e-06,-5.88150656056046,FALSE,FALSE,FALSE,FALSE,
CXCL,Stellate cell,IgG+ B cell,2.4819322325956e-06,,1.83197841674989e-05,4.97540988485277e-06,partial,1,2,1,2,2.4819322325956e-06,1.16475970261758e-05,,,4.97540988485277e-06,1.83197841674989e-05,-2.19025391042901,FALSE,FALSE,FALSE,FALSE,
CXCL,Stellate cell,IgG+ plasmablast / plasma cell,1.18764309887475e-05,,1.91615645825535e-05,8.55367329204609e-06,partial,1,2,1,2,1.18764309887475e-05,1.38576189372998e-05,,,8.55367329204609e-06,1.91615645825535e-05,-0.221027541140459,FALSE,FALSE,FALSE,FALSE,
CXCL,Stellate cell,IgM+ B cell,9.49726227311428e-06,,3.97625584274566e-05,9.94994848734978e-06,partial,1,2,1,2,9.49726227311428e-06,2.48562534574032e-05,,,9.94994848734978e-06,3.97625584274566e-05,-1.37964110476617,FALSE,FALSE,FALSE,FALSE,
CXCL,Stellate cell,Macrophage 1,1.31108883620785e-05,,4.03858055418131e-05,1.75552496950003e-05,partial,1,2,1,2,1.31108883620785e-05,2.89705276184067e-05,,,1.75552496950003e-05,4.03858055418131e-05,-1.13843150850658,FALSE,FALSE,FALSE,FALSE,
CXCL,Stellate cell,Macrophage 2,6.21237095095672e-06,,4.46563145044934e-05,1.19349746679487e-05,partial,1,2,1,2,6.21237095095672e-06,2.8295644586221e-05,,,1.19349746679487e-05,4.46563145044934e-05,-2.17121174169845,FALSE,FALSE,FALSE,FALSE,
CXCL,Stellate cell,Sinusoidal endothelial cell,3.07968888182257e-06,,1.99535082051592e-05,7.66746779540054e-06,partial,1,2,1,2,3.07968888182257e-06,1.38104880002799e-05,,,7.66746779540054e-06,1.99535082051592e-05,-2.13275556474156,FALSE,FALSE,FALSE,FALSE,
CXCL,Stellate cell,Stellate cell,6.89069205135862e-06,,2.55812920378733e-05,9.40849145017751e-06,partial,1,2,1,2,6.89069205135862e-06,1.74948917440254e-05,,,9.40849145017751e-06,2.55812920378733e-05,-1.33290624718136,FALSE,FALSE,FALSE,FALSE,
CXCL,Stellate cell,Vascular endothelial cell,6.38255775306212e-06,,2.06638174031078e-05,4.34189577629149e-06,partial,1,2,1,2,6.38255775306212e-06,1.25028565896996e-05,,,4.34189577629149e-06,2.06638174031078e-05,-0.960207975188935,FALSE,FALSE,FALSE,FALSE,
CXCL,Vascular endothelial cell,CD4+ T cell,4.73949944740768e-05,,4.39409143424371e-05,1.9600715317066e-05,partial,1,2,1,2,4.73949944740768e-05,3.17708148297516e-05,,,1.9600715317066e-05,4.39409143424371e-05,0.57568992876885,FALSE,FALSE,FALSE,FALSE,
CXCL,Vascular endothelial cell,CD8+ T cell 1,5.41331930999876e-05,,2.77845197295274e-05,1.82863152107811e-05,partial,1,2,1,2,5.41331930999876e-05,2.30354174701543e-05,,,1.82863152107811e-05,2.77845197295274e-05,1.22943404166665,FALSE,FALSE,FALSE,FALSE,
CXCL,Vascular endothelial cell,CD8+ T cell 2,4.53647750204392e-05,,8.8917755382882e-06,8.0644241271739e-06,partial,1,2,1,2,4.53647750204392e-05,8.47809983273105e-06,,,8.0644241271739e-06,8.8917755382882e-06,2.40739756471264,FALSE,FALSE,FALSE,FALSE,
CXCL,Vascular endothelial cell,CD8+ T cell 3,7.11733863884359e-05,,2.72208378868132e-05,1.28948876635292e-05,partial,1,2,1,2,7.11733863884359e-05,2.00578627751712e-05,,,1.28948876635292e-05,2.72208378868132e-05,1.82253908068033,FALSE,FALSE,FALSE,FALSE,
CXCL,Vascular endothelial cell,Cholangiocyte,1.66100453862134e-05,,2.04368397109433e-05,5.46731793817564e-06,partial,1,2,1,2,1.66100453862134e-05,1.29520788245595e-05,,,5.46731793817564e-06,2.04368397109433e-05,0.356680467158438,FALSE,FALSE,FALSE,FALSE,
CXCL,Vascular endothelial cell,Hepatocyte 1,1.53322138200456e-06,,2.05531421274139e-06,1.75348794862266e-06,partial,1,2,1,2,1.53322138200456e-06,1.90440108068202e-06,,,1.75348794862266e-06,2.05531421274139e-06,-0.297111415327251,FALSE,FALSE,FALSE,FALSE,
CXCL,Vascular endothelial cell,Hepatocyte 2,1.22809577526468e-07,,1.27794302997804e-06,8.47906723449484e-07,partial,1,2,1,2,1.22809577526468e-07,1.06292487671376e-06,,,8.47906723449484e-07,1.27794302997804e-06,-2.43818564150235,FALSE,FALSE,FALSE,FALSE,
CXCL,Vascular endothelial cell,Hepatocyte 3,2.64606202877628e-08,,5.30621867290525e-06,2.42285842453733e-06,partial,1,2,1,2,2.64606202877628e-08,3.86453854872129e-06,,,2.42285842453733e-06,5.30621867290525e-06,-5.08673099819649,FALSE,FALSE,FALSE,FALSE,
CXCL,Vascular endothelial cell,Hepatocyte 4,0,,1.12552837796138e-06,1.81071596907456e-06,partial,1,2,1,2,0,1.46812217351797e-06,,,1.12552837796138e-06,1.81071596907456e-06,-4.11516654619696,FALSE,FALSE,FALSE,FALSE,
CXCL,Vascular endothelial cell,Ig+ hepatocyte,0,,5.69605013568441e-06,3.99213071116124e-06,partial,1,2,1,2,0,4.84409042342282e-06,,,3.99213071116124e-06,5.69605013568441e-06,-5.77820216403246,FALSE,FALSE,FALSE,FALSE,
CXCL,Vascular endothelial cell,IgG+ B cell,1.68322698396605e-05,,1.56057599567103e-05,5.61086736159444e-06,partial,1,2,1,2,1.68322698396605e-05,1.06083136591523e-05,,,5.61086736159444e-06,1.56057599567103e-05,0.661544371087748,FALSE,FALSE,FALSE,FALSE,
CXCL,Vascular endothelial cell,IgG+ plasmablast / plasma cell,1.8001349863451e-05,,1.81500551510429e-05,1.02568219978124e-05,partial,1,2,1,2,1.8001349863451e-05,1.42034385744276e-05,,,1.02568219978124e-05,1.81500551510429e-05,0.339949030134974,FALSE,FALSE,FALSE,FALSE,
CXCL,Vascular endothelial cell,IgM+ B cell,2.6216669392556e-05,,4.42379048347833e-05,1.2255881922052e-05,partial,1,2,1,2,2.6216669392556e-05,2.82468933784176e-05,,,1.2255881922052e-05,4.42379048347833e-05,-0.107253368008933,FALSE,FALSE,FALSE,FALSE,
CXCL,Vascular endothelial cell,Macrophage 1,7.91942539430192e-06,,2.8840913260315e-05,1.4518494812379e-05,partial,1,2,1,2,7.91942539430192e-06,2.1679704036347e-05,,,1.4518494812379e-05,2.8840913260315e-05,-1.4425618939166,FALSE,FALSE,FALSE,FALSE,
CXCL,Vascular endothelial cell,Macrophage 2,6.73696907197152e-06,,3.97099515695978e-05,1.17003938026597e-05,partial,1,2,1,2,6.73696907197152e-06,2.57051726861288e-05,,,1.17003938026597e-05,3.97099515695978e-05,-1.91779865674958,FALSE,FALSE,FALSE,FALSE,
CXCL,Vascular endothelial cell,Sinusoidal endothelial cell,1.26756876609043e-07,,8.2632860627655e-06,4.22535945718411e-06,partial,1,2,1,2,1.26756876609043e-07,6.2443227599748e-06,,,4.22535945718411e-06,8.2632860627655e-06,-4.86964782163461,FALSE,FALSE,FALSE,FALSE,
CXCL,Vascular endothelial cell,Stellate cell,3.08526278001454e-06,,1.51983320824167e-05,5.64287927179839e-06,partial,1,2,1,2,3.08526278001454e-06,1.04206056771076e-05,,,5.64287927179839e-06,1.51983320824167e-05,-1.72692785255064,FALSE,FALSE,FALSE,FALSE,
CXCL,Vascular endothelial cell,Vascular endothelial cell,1.00749778303368e-05,,4.4218463352955e-05,1.03536888683872e-05,partial,1,2,1,2,1.00749778303368e-05,2.72860761106711e-05,,,1.03536888683872e-05,4.4218463352955e-05,-1.42931703275756,FALSE,FALSE,FALSE,FALSE,
FASLG,CD4+ T cell,CD4+ T cell,,,2.16707207959465e-05,3.71977823708154e-05,aih_only,0,2,0,2,,2.94342515833809e-05,,,2.16707207959465e-05,3.71977823708154e-05,,FALSE,FALSE,FALSE,FALSE,
FASLG,CD4+ T cell,CD8+ T cell 1,,,6.62948209374101e-06,8.16653236479849e-06,aih_only,0,2,0,2,,7.39800722926975e-06,,,6.62948209374101e-06,8.16653236479849e-06,,FALSE,FALSE,FALSE,FALSE,
FASLG,CD4+ T cell,CD8+ T cell 2,,,4.0907660137673e-06,5.83859442072717e-06,aih_only,0,2,0,2,,4.96468021724723e-06,,,4.0907660137673e-06,5.83859442072717e-06,,FALSE,FALSE,FALSE,FALSE,
FASLG,CD4+ T cell,CD8+ T cell 3,,,9.35653767329282e-06,1.1417587409682e-05,aih_only,0,2,0,2,,1.03870625414874e-05,,,9.35653767329282e-06,1.1417587409682e-05,,FALSE,FALSE,FALSE,FALSE,
FASLG,CD4+ T cell,Cholangiocyte,,,1.28286793957357e-05,1.75543314949852e-05,aih_only,0,2,0,2,,1.51915054453605e-05,,,1.28286793957357e-05,1.75543314949852e-05,,FALSE,FALSE,FALSE,FALSE,
FASLG,CD4+ T cell,Hepatocyte 1,,,6.41753840748055e-06,8.32579935937343e-06,aih_only,0,2,0,2,,7.37166888342699e-06,,,6.41753840748055e-06,8.32579935937343e-06,,FALSE,FALSE,FALSE,FALSE,
FASLG,CD4+ T cell,Hepatocyte 2,,,3.44189937317768e-06,3.96255295968274e-06,aih_only,0,2,0,2,,3.70222616643021e-06,,,3.44189937317768e-06,3.96255295968274e-06,,FALSE,FALSE,FALSE,FALSE,
FASLG,CD4+ T cell,Hepatocyte 3,,,1.84260893934197e-06,1.86892595445111e-06,aih_only,0,2,0,2,,1.85576744689654e-06,,,1.84260893934197e-06,1.86892595445111e-06,,FALSE,FALSE,FALSE,FALSE,
FASLG,CD4+ T cell,Hepatocyte 4,,,5.86880383293822e-06,8.06883445740532e-06,aih_only,0,2,0,2,,6.96881914517177e-06,,,5.86880383293822e-06,8.06883445740532e-06,,FALSE,FALSE,FALSE,FALSE,
FASLG,CD4+ T cell,Ig+ hepatocyte,,,3.50444847387591e-06,6.98917573805915e-06,aih_only,0,2,0,2,,5.24681210596753e-06,,,3.50444847387591e-06,6.98917573805915e-06,,FALSE,FALSE,FALSE,FALSE,
FASLG,CD4+ T cell,IgG+ B cell,,,2.69104562492379e-06,3.21315093713232e-06,aih_only,0,2,0,2,,2.95209828102805e-06,,,2.69104562492379e-06,3.21315093713232e-06,,FALSE,FALSE,FALSE,FALSE,
FASLG,CD4+ T cell,IgG+ plasmablast / plasma cell,,,7.01932614379319e-06,8.65283309839019e-06,aih_only,0,2,0,2,,7.83607962109169e-06,,,7.01932614379319e-06,8.65283309839019e-06,,FALSE,FALSE,FALSE,FALSE,
FASLG,CD4+ T cell,IgM+ B cell,,,1.47779108930874e-05,4.45543601190095e-05,aih_only,0,2,0,2,,2.96661355060485e-05,,,1.47779108930874e-05,4.45543601190095e-05,,FALSE,FALSE,FALSE,FALSE,
FASLG,CD4+ T cell,Macrophage 1,,,3.92896918109063e-06,3.53233798784577e-06,aih_only,0,2,0,2,,3.7306535844682e-06,,,3.53233798784577e-06,3.92896918109063e-06,,FALSE,FALSE,FALSE,FALSE,
FASLG,CD4+ T cell,Macrophage 2,,,4.19098102705923e-06,4.82283837231223e-06,aih_only,0,2,0,2,,4.50690969968573e-06,,,4.19098102705923e-06,4.82283837231223e-06,,FALSE,FALSE,FALSE,FALSE,
FASLG,CD4+ T cell,Sinusoidal endothelial cell,,,2.80875524887002e-06,2.98963903575791e-06,aih_only,0,2,0,2,,2.89919714231397e-06,,,2.80875524887002e-06,2.98963903575791e-06,,FALSE,FALSE,FALSE,FALSE,
FASLG,CD4+ T cell,Stellate cell,,,1.29219630336741e-05,1.50314022382075e-05,aih_only,0,2,0,2,,1.39766826359408e-05,,,1.29219630336741e-05,1.50314022382075e-05,,FALSE,FALSE,FALSE,FALSE,
FASLG,CD4+ T cell,Vascular endothelial cell,,,8.52612903027523e-06,8.98558297848728e-06,aih_only,0,2,0,2,,8.75585600438125e-06,,,8.52612903027523e-06,8.98558297848728e-06,,FALSE,FALSE,FALSE,FALSE,
FASLG,CD8+ T cell 1,CD4+ T cell,,,3.93278846443741e-05,3.54402485701105e-05,aih_only,0,2,0,2,,3.73840666072423e-05,,,3.54402485701105e-05,3.93278846443741e-05,,FALSE,FALSE,FALSE,FALSE,
FASLG,CD8+ T cell 1,CD8+ T cell 1,,,5.21148340087224e-05,4.55480546288498e-05,aih_only,0,2,0,2,,4.88314443187861e-05,,,4.55480546288498e-05,5.21148340087224e-05,,FALSE,FALSE,FALSE,FALSE,
FASLG,CD8+ T cell 1,CD8+ T cell 2,,,7.67584502583392e-05,6.19803966132837e-05,aih_only,0,2,0,2,,6.93694234358114e-05,,,6.19803966132837e-05,7.67584502583392e-05,,FALSE,FALSE,FALSE,FALSE,
FASLG,CD8+ T cell 1,CD8+ T cell 3,,,6.07934028978247e-05,5.71447584895486e-05,aih_only,0,2,0,2,,5.89690806936866e-05,,,5.71447584895486e-05,6.07934028978247e-05,,FALSE,FALSE,FALSE,FALSE,
FASLG,CD8+ T cell 1,Cholangiocyte,,,4.24137083344171e-05,4.58145646628996e-05,aih_only,0,2,0,2,,4.41141364986584e-05,,,4.24137083344171e-05,4.58145646628996e-05,,FALSE,FALSE,FALSE,FALSE,
FASLG,CD8+ T cell 1,Hepatocyte 1,,,0.000117914555165619,8.49686766569945e-05,aih_only,0,2,0,2,,0.000101441615911307,,,8.49686766569945e-05,0.000117914555165619,,FALSE,FALSE,FALSE,FALSE,
FASLG,CD8+ T cell 1,Hepatocyte 2,,,6.29475504958216e-05,4.74761964339476e-05,aih_only,0,2,0,2,,5.52118734648846e-05,,,4.74761964339476e-05,6.29475504958216e-05,,FALSE,FALSE,FALSE,FALSE,
FASLG,CD8+ T cell 1,Hepatocyte 3,,,1.87107632925891e-05,1.54485951325973e-05,aih_only,0,2,0,2,,1.70796792125932e-05,,,1.54485951325973e-05,1.87107632925891e-05,,FALSE,FALSE,FALSE,FALSE,
FASLG,CD8+ T cell 1,Hepatocyte 4,,,0.000114314104994472,9.05917966678763e-05,aih_only,0,2,0,2,,0.000102452950831174,,,9.05917966678763e-05,0.000114314104994472,,FALSE,FALSE,FALSE,FALSE,
FASLG,CD8+ T cell 1,Ig+ hepatocyte,,,4.26598592635718e-05,3.62964991615621e-05,aih_only,0,2,0,2,,3.9478179212567e-05,,,3.62964991615621e-05,4.26598592635718e-05,,FALSE,FALSE,FALSE,FALSE,
FASLG,CD8+ T cell 1,IgG+ B cell,,,1.14530170844038e-05,5.49018407908358e-06,aih_only,0,2,0,2,,8.47160058174369e-06,,,5.49018407908358e-06,1.14530170844038e-05,,FALSE,FALSE,FALSE,FALSE,
FASLG,CD8+ T cell 1,IgG+ plasmablast / plasma cell,,,2.92569466657444e-05,2.32569909723822e-05,aih_only,0,2,0,2,,2.62569688190633e-05,,,2.32569909723822e-05,2.92569466657444e-05,,FALSE,FALSE,FALSE,FALSE,
FASLG,CD8+ T cell 1,IgM+ B cell,,,2.46201411271484e-05,2.21389501550578e-05,aih_only,0,2,0,2,,2.33795456411031e-05,,,2.21389501550578e-05,2.46201411271484e-05,,FALSE,FALSE,FALSE,FALSE,
FASLG,CD8+ T cell 1,Macrophage 1,,,3.22462342353845e-05,2.53796570663838e-05,aih_only,0,2,0,2,,2.88129456508842e-05,,,2.53796570663838e-05,3.22462342353845e-05,,FALSE,FALSE,FALSE,FALSE,
FASLG,CD8+ T cell 1,Macrophage 2,,,1.56602624972718e-05,1.51476599052799e-05,aih_only,0,2,0,2,,1.54039612012758e-05,,,1.51476599052799e-05,1.56602624972718e-05,,FALSE,FALSE,FALSE,FALSE,
FASLG,CD8+ T cell 1,Sinusoidal endothelial cell,,,4.26891654319823e-05,2.81200241519986e-05,aih_only,0,2,0,2,,3.54045947919904e-05,,,2.81200241519986e-05,4.26891654319823e-05,,FALSE,FALSE,FALSE,FALSE,
FASLG,CD8+ T cell 1,Stellate cell,,,4.85458657013877e-05,3.86442432538153e-05,aih_only,0,2,0,2,,4.35950544776015e-05,,,3.86442432538153e-05,4.85458657013877e-05,,FALSE,FALSE,FALSE,FALSE,
FASLG,CD8+ T cell 1,Vascular endothelial cell,,,1.76697222303274e-05,1.51884266012018e-05,aih_only,0,2,0,2,,1.64290744157646e-05,,,1.51884266012018e-05,1.76697222303274e-05,,FALSE,FALSE,FALSE,FALSE,
FASLG,CD8+ T cell 2,CD4+ T cell,,,1.70248940986518e-05,2.00375009186878e-05,aih_only,0,2,0,2,,1.85311975086698e-05,,,1.70248940986518e-05,2.00375009186878e-05,,FALSE,FALSE,FALSE,FALSE,
FASLG,CD8+ T cell 2,CD8+ T cell 1,,,3.97458493604936e-05,3.14415379754752e-05,aih_only,0,2,0,2,,3.55936936679844e-05,,,3.14415379754752e-05,3.97458493604936e-05,,FALSE,FALSE,FALSE,FALSE,
FASLG,CD8+ T cell 2,CD8+ T cell 2,,,0.000253108060487287,0.000149170840555993,aih_only,0,2,0,2,,0.00020113945052164,,,0.000149170840555993,0.000253108060487287,,FALSE,FALSE,FALSE,FALSE,
FASLG,CD8+ T cell 2,CD8+ T cell 3,,,7.98223051527697e-05,6.11817178533134e-05,aih_only,0,2,0,2,,7.05020115030416e-05,,,6.11817178533134e-05,7.98223051527697e-05,,FALSE,FALSE,FALSE,FALSE,
FASLG,CD8+ T cell 2,Cholangiocyte,,,1.7372145435844e-05,2.82102915365412e-05,aih_only,0,2,0,2,,2.27912184861926e-05,,,1.7372145435844e-05,2.82102915365412e-05,,FALSE,FALSE,FALSE,FALSE,
FASLG,CD8+ T cell 2,Hepatocyte 1,,,0.000265481431582053,0.00010828505737726,aih_only,0,2,0,2,,0.000186883244479656,,,0.00010828505737726,0.000265481431582053,,FALSE,FALSE,FALSE,FALSE,
FASLG,CD8+ T cell 2,Hepatocyte 2,,,0.000141230842396411,6.47593498519752e-05,aih_only,0,2,0,2,,0.000102995096124193,,,6.47593498519752e-05,0.000141230842396411,,FALSE,FALSE,FALSE,FALSE,
FASLG,CD8+ T cell 2,Hepatocyte 3,,,3.88011187713728e-05,1.82283449157047e-05,aih_only,0,2,0,2,,2.85147318435388e-05,,,1.82283449157047e-05,3.88011187713728e-05,,FALSE,FALSE,FALSE,FALSE,
FASLG,CD8+ T cell 2,Hepatocyte 4,,,0.000282033589850314,0.000110323909242499,aih_only,0,2,0,2,,0.000196178749546407,,,0.000110323909242499,0.000282033589850314,,FALSE,FALSE,FALSE,FALSE,
FASLG,CD8+ T cell 2,Ig+ hepatocyte,,,6.77010197838102e-05,3.72546238570919e-05,aih_only,0,2,0,2,,5.2477821820451e-05,,,3.72546238570919e-05,6.77010197838102e-05,,FALSE,FALSE,FALSE,FALSE,
FASLG,CD8+ T cell 2,IgG+ B cell,,,3.87604807883283e-06,1.89812051879406e-06,aih_only,0,2,0,2,,2.88708429881345e-06,,,1.89812051879406e-06,3.87604807883283e-06,,FALSE,FALSE,FALSE,FALSE,
FASLG,CD8+ T cell 2,IgG+ plasmablast / plasma cell,,,1.55754677636288e-05,1.06611846392268e-05,aih_only,0,2,0,2,,1.31183262014278e-05,,,1.06611846392268e-05,1.55754677636288e-05,,FALSE,FALSE,FALSE,FALSE,
FASLG,CD8+ T cell 2,IgM+ B cell,,,7.07278298655792e-06,1.23841942338622e-05,aih_only,0,2,0,2,,9.72848861021004e-06,,,7.07278298655792e-06,1.23841942338622e-05,,FALSE,FALSE,FALSE,FALSE,
FASLG,CD8+ T cell 2,Macrophage 1,,,3.30234428489606e-05,2.61255146859419e-05,aih_only,0,2,0,2,,2.95744787674512e-05,,,2.61255146859419e-05,3.30234428489606e-05,,FALSE,FALSE,FALSE,FALSE,
FASLG,CD8+ T cell 2,Macrophage 2,,,7.82584908617646e-06,1.17900005712958e-05,aih_only,0,2,0,2,,9.80792482873614e-06,,,7.82584908617646e-06,1.17900005712958e-05,,FALSE,FALSE,FALSE,FALSE,
FASLG,CD8+ T cell 2,Sinusoidal endothelial cell,,,3.85224644965973e-05,3.23444503362682e-05,aih_only,0,2,0,2,,3.54334574164327e-05,,,3.23444503362682e-05,3.85224644965973e-05,,FALSE,FALSE,FALSE,FALSE,
FASLG,CD8+ T cell 2,Stellate cell,,,1.63218127360198e-05,2.75243661260956e-05,aih_only,0,2,0,2,,2.19230894310577e-05,,,1.63218127360198e-05,2.75243661260956e-05,,FALSE,FALSE,FALSE,FALSE,
FASLG,CD8+ T cell 2,Vascular endothelial cell,,,6.38684202649038e-06,4.24685622099315e-06,aih_only,0,2,0,2,,5.31684912374177e-06,,,4.24685622099315e-06,6.38684202649038e-06,,FALSE,FALSE,FALSE,FALSE,
FASLG,CD8+ T cell 3,CD4+ T cell,,,2.79855298416718e-05,3.43147301746139e-05,aih_only,0,2,0,2,,3.11501300081429e-05,,,2.79855298416718e-05,3.43147301746139e-05,,FALSE,FALSE,FALSE,FALSE,
FASLG,CD8+ T cell 3,CD8+ T cell 1,,,3.24420185511764e-05,3.35055008667705e-05,aih_only,0,2,0,2,,3.29737597089734e-05,,,3.24420185511764e-05,3.35055008667705e-05,,FALSE,FALSE,FALSE,FALSE,
FASLG,CD8+ T cell 3,CD8+ T cell 2,,,6.82047193070948e-05,6.46761529881452e-05,aih_only,0,2,0,2,,6.644043614762e-05,,,6.46761529881452e-05,6.82047193070948e-05,,FALSE,FALSE,FALSE,FALSE,
FASLG,CD8+ T cell 3,CD8+ T cell 3,,,0.000210931739215594,0.000201509269661911,aih_only,0,2,0,2,,0.000206220504438752,,,0.000201509269661911,0.000210931739215594,,FALSE,FALSE,FALSE,FALSE,
FASLG,CD8+ T cell 3,Cholangiocyte,,,2.5672703414631e-05,5.40307841544346e-05,aih_only,0,2,0,2,,3.98517437845328e-05,,,2.5672703414631e-05,5.40307841544346e-05,,FALSE,FALSE,FALSE,FALSE,
FASLG,CD8+ T cell 3,Hepatocyte 1,,,0.000112104355622332,7.93467130160125e-05,aih_only,0,2,0,2,,9.57255343191724e-05,,,7.93467130160125e-05,0.000112104355622332,,FALSE,FALSE,FALSE,FALSE,
FASLG,CD8+ T cell 3,Hepatocyte 2,,,5.69577464947765e-05,4.40655442903472e-05,aih_only,0,2,0,2,,5.05116453925619e-05,,,4.40655442903472e-05,5.69577464947765e-05,,FALSE,FALSE,FALSE,FALSE,
FASLG,CD8+ T cell 3,Hepatocyte 3,,,1.4638804413781e-05,1.23734845900089e-05,aih_only,0,2,0,2,,1.3506144501895e-05,,,1.23734845900089e-05,1.4638804413781e-05,,FALSE,FALSE,FALSE,FALSE,
FASLG,CD8+ T cell 3,Hepatocyte 4,,,0.000172293308342019,8.91830541002367e-05,aih_only,0,2,0,2,,0.000130738181221128,,,8.91830541002367e-05,0.000172293308342019,,FALSE,FALSE,FALSE,FALSE,
FASLG,CD8+ T cell 3,Ig+ hepatocyte,,,3.97800505892756e-05,2.973075437066e-05,aih_only,0,2,0,2,,3.47554024799678e-05,,,2.973075437066e-05,3.97800505892756e-05,,FALSE,FALSE,FALSE,FALSE,
FASLG,CD8+ T cell 3,IgG+ B cell,,,8.19436403216009e-06,4.60265305786927e-06,aih_only,0,2,0,2,,6.39850854501468e-06,,,4.60265305786927e-06,8.19436403216009e-06,,FALSE,FALSE,FALSE,FALSE,
FASLG,CD8+ T cell 3,IgG+ plasmablast / plasma cell,,,2.3949604892427e-05,2.3318557358628e-05,aih_only,0,2,0,2,,2.36340811255275e-05,,,2.3318557358628e-05,2.3949604892427e-05,,FALSE,FALSE,FALSE,FALSE,
FASLG,CD8+ T cell 3,IgM+ B cell,,,1.82933222064626e-05,1.75037794476174e-05,aih_only,0,2,0,2,,1.789855082704e-05,,,1.75037794476174e-05,1.82933222064626e-05,,FALSE,FALSE,FALSE,FALSE,
FASLG,CD8+ T cell 3,Macrophage 1,,,2.41284495724482e-05,2.31103921242281e-05,aih_only,0,2,0,2,,2.36194208483381e-05,,,2.31103921242281e-05,2.41284495724482e-05,,FALSE,FALSE,FALSE,FALSE,
FASLG,CD8+ T cell 3,Macrophage 2,,,1.07153700349032e-05,1.49014820935784e-05,aih_only,0,2,0,2,,1.28084260642408e-05,,,1.07153700349032e-05,1.49014820935784e-05,,FALSE,FALSE,FALSE,FALSE,
FASLG,CD8+ T cell 3,Sinusoidal endothelial cell,,,2.56696745113958e-05,2.66661462725374e-05,aih_only,0,2,0,2,,2.61679103919666e-05,,,2.56696745113958e-05,2.66661462725374e-05,,FALSE,FALSE,FALSE,FALSE,
FASLG,CD8+ T cell 3,Stellate cell,,,3.05989591267096e-05,3.97429751893938e-05,aih_only,0,2,0,2,,3.51709671580517e-05,,,3.05989591267096e-05,3.97429751893938e-05,,FALSE,FALSE,FALSE,FALSE,
FASLG,CD8+ T cell 3,Vascular endothelial cell,,,1.28296937442646e-05,1.36715553256074e-05,aih_only,0,2,0,2,,1.3250624534936e-05,,,1.28296937442646e-05,1.36715553256074e-05,,FALSE,FALSE,FALSE,FALSE,
FASLG,Cholangiocyte,CD4+ T cell,,,6.31481301754493e-06,6.44270576876045e-06,aih_only,0,2,0,2,,6.37875939315269e-06,,,6.31481301754493e-06,6.44270576876045e-06,,FALSE,FALSE,FALSE,FALSE,
FASLG,Cholangiocyte,CD8+ T cell 1,,,3.37206292704842e-06,3.89664342218045e-06,aih_only,0,2,0,2,,3.63435317461444e-06,,,3.37206292704842e-06,3.89664342218045e-06,,FALSE,FALSE,FALSE,FALSE,
FASLG,Cholangiocyte,CD8+ T cell 2,,,1.6760063093078e-06,3.31049653758141e-06,aih_only,0,2,0,2,,2.4932514234446e-06,,,1.6760063093078e-06,3.31049653758141e-06,,FALSE,FALSE,FALSE,FALSE,
FASLG,Cholangiocyte,CD8+ T cell 3,,,5.65273337973016e-06,6.19513223315826e-06,aih_only,0,2,0,2,,5.92393280644421e-06,,,5.65273337973016e-06,6.19513223315826e-06,,FALSE,FALSE,FALSE,FALSE,
FASLG,Cholangiocyte,Cholangiocyte,,,2.33301769237786e-05,2.65266048687077e-05,aih_only,0,2,0,2,,2.49283908962431e-05,,,2.33301769237786e-05,2.65266048687077e-05,,FALSE,FALSE,FALSE,FALSE,
FASLG,Cholangiocyte,Hepatocyte 1,,,2.46152405843417e-06,3.92665581842242e-06,aih_only,0,2,0,2,,3.1940899384283e-06,,,2.46152405843417e-06,3.92665581842242e-06,,FALSE,FALSE,FALSE,FALSE,
FASLG,Cholangiocyte,Hepatocyte 2,,,1.43834661447331e-06,2.30212729787684e-06,aih_only,0,2,0,2,,1.87023695617508e-06,,,1.43834661447331e-06,2.30212729787684e-06,,FALSE,FALSE,FALSE,FALSE,
FASLG,Cholangiocyte,Hepatocyte 3,,,1.11344740889509e-06,1.26211925918186e-06,aih_only,0,2,0,2,,1.18778333403848e-06,,,1.11344740889509e-06,1.26211925918186e-06,,FALSE,FALSE,FALSE,FALSE,
FASLG,Cholangiocyte,Hepatocyte 4,,,2.44510617069942e-06,4.38639803518483e-06,aih_only,0,2,0,2,,3.41575210294212e-06,,,2.44510617069942e-06,4.38639803518483e-06,,FALSE,FALSE,FALSE,FALSE,
FASLG,Cholangiocyte,Ig+ hepatocyte,,,2.28502356901922e-06,4.13122530913079e-06,aih_only,0,2,0,2,,3.208124439075e-06,,,2.28502356901922e-06,4.13122530913079e-06,,FALSE,FALSE,FALSE,FALSE,
FASLG,Cholangiocyte,IgG+ B cell,,,2.34831911979785e-06,1.19847809007062e-06,aih_only,0,2,0,2,,1.77339860493423e-06,,,1.19847809007062e-06,2.34831911979785e-06,,FALSE,FALSE,FALSE,FALSE,
FASLG,Cholangiocyte,IgG+ plasmablast / plasma cell,,,4.44246249078942e-06,4.07979405374885e-06,aih_only,0,2,0,2,,4.26112827226913e-06,,,4.07979405374885e-06,4.44246249078942e-06,,FALSE,FALSE,FALSE,FALSE,
FASLG,Cholangiocyte,IgM+ B cell,,,4.64269512396617e-06,5.15169320922166e-06,aih_only,0,2,0,2,,4.89719416659392e-06,,,4.64269512396617e-06,5.15169320922166e-06,,FALSE,FALSE,FALSE,FALSE,
FASLG,Cholangiocyte,Macrophage 1,,,1.57373752869402e-06,1.49365652430833e-06,aih_only,0,2,0,2,,1.53369702650118e-06,,,1.49365652430833e-06,1.57373752869402e-06,,FALSE,FALSE,FALSE,FALSE,
FASLG,Cholangiocyte,Macrophage 2,,,3.02115755358792e-06,2.33234800492311e-06,aih_only,0,2,0,2,,2.67675277925552e-06,,,2.33234800492311e-06,3.02115755358792e-06,,FALSE,FALSE,FALSE,FALSE,
FASLG,Cholangiocyte,Sinusoidal endothelial cell,,,8.77440046599052e-07,9.19608917231115e-07,aih_only,0,2,0,2,,8.98524481915084e-07,,,8.77440046599052e-07,9.19608917231115e-07,,FALSE,FALSE,FALSE,FALSE,
FASLG,Cholangiocyte,Stellate cell,,,7.58327224286947e-06,6.63262668089983e-06,aih_only,0,2,0,2,,7.10794946188465e-06,,,6.63262668089983e-06,7.58327224286947e-06,,FALSE,FALSE,FALSE,FALSE,
FASLG,Cholangiocyte,Vascular endothelial cell,,,5.09967420230618e-06,4.12303191908118e-06,aih_only,0,2,0,2,,4.61135306069368e-06,,,4.12303191908118e-06,5.09967420230618e-06,,FALSE,FALSE,FALSE,FALSE,
FASLG,Hepatocyte 1,CD4+ T cell,,,1.44193194546083e-06,1.09123171036618e-06,aih_only,0,2,0,2,,1.26658182791351e-06,,,1.09123171036618e-06,1.44193194546083e-06,,FALSE,FALSE,FALSE,FALSE,
FASLG,Hepatocyte 1,CD8+ T cell 1,,,3.58258590657607e-06,1.88084453340752e-06,aih_only,0,2,0,2,,2.7317152199918e-06,,,1.88084453340752e-06,3.58258590657607e-06,,FALSE,FALSE,FALSE,FALSE,
FASLG,Hepatocyte 1,CD8+ T cell 2,,,1.59270547043495e-05,3.84606473296096e-06,aih_only,0,2,0,2,,9.88655971865522e-06,,,3.84606473296096e-06,1.59270547043495e-05,,FALSE,FALSE,FALSE,FALSE,
FASLG,Hepatocyte 1,CD8+ T cell 3,,,6.67775018720244e-06,3.59352670156451e-06,aih_only,0,2,0,2,,5.13563844438348e-06,,,3.59352670156451e-06,6.67775018720244e-06,,FALSE,FALSE,FALSE,FALSE,
FASLG,Hepatocyte 1,Cholangiocyte,,,1.19545152390322e-06,1.80196909621858e-06,aih_only,0,2,0,2,,1.4987103100609e-06,,,1.19545152390322e-06,1.80196909621858e-06,,FALSE,FALSE,FALSE,FALSE,
FASLG,Hepatocyte 1,Hepatocyte 1,,,3.09809924911013e-05,7.39342240668037e-06,aih_only,0,2,0,2,,1.91872074488908e-05,,,7.39342240668037e-06,3.09809924911013e-05,,FALSE,FALSE,FALSE,FALSE,
FASLG,Hepatocyte 1,Hepatocyte 2,,,1.35055039224348e-05,4.16158959704194e-06,aih_only,0,2,0,2,,8.83354675973836e-06,,,4.16158959704194e-06,1.35055039224348e-05,,FALSE,FALSE,FALSE,FALSE,
FASLG,Hepatocyte 1,Hepatocyte 3,,,2.5680937661166e-06,1.21217790664484e-06,aih_only,0,2,0,2,,1.89013583638072e-06,,,1.21217790664484e-06,2.5680937661166e-06,,FALSE,FALSE,FALSE,FALSE,
FASLG,Hepatocyte 1,Hepatocyte 4,,,2.4388581276828e-05,6.94011840958439e-06,aih_only,0,2,0,2,,1.56643498432062e-05,,,6.94011840958439e-06,2.4388581276828e-05,,FALSE,FALSE,FALSE,FALSE,
FASLG,Hepatocyte 1,Ig+ hepatocyte,,,4.69921668617619e-06,2.23179583278181e-06,aih_only,0,2,0,2,,3.465506259479e-06,,,2.23179583278181e-06,4.69921668617619e-06,,FALSE,FALSE,FALSE,FALSE,
FASLG,Hepatocyte 1,IgG+ B cell,,,4.69773454279628e-07,1.03726999616035e-07,aih_only,0,2,0,2,,2.86750226947831e-07,,,1.03726999616035e-07,4.69773454279628e-07,,FALSE,FALSE,FALSE,FALSE,
FASLG,Hepatocyte 1,IgG+ plasmablast / plasma cell,,,1.57435204436079e-06,6.5172064057416e-07,aih_only,0,2,0,2,,1.11303634246748e-06,,,6.5172064057416e-07,1.57435204436079e-06,,FALSE,FALSE,FALSE,FALSE,
FASLG,Hepatocyte 1,IgM+ B cell,,,5.1271952978612e-07,5.51479099296159e-07,aih_only,0,2,0,2,,5.32099314541139e-07,,,5.1271952978612e-07,5.51479099296159e-07,,FALSE,FALSE,FALSE,FALSE,
FASLG,Hepatocyte 1,Macrophage 1,,,3.10576449311271e-06,1.39602658993104e-06,aih_only,0,2,0,2,,2.25089554152187e-06,,,1.39602658993104e-06,3.10576449311271e-06,,FALSE,FALSE,FALSE,FALSE,
FASLG,Hepatocyte 1,Macrophage 2,,,5.53584966699465e-07,6.06381293655063e-07,aih_only,0,2,0,2,,5.79983130177264e-07,,,5.53584966699465e-07,6.06381293655063e-07,,FALSE,FALSE,FALSE,FALSE,
FASLG,Hepatocyte 1,Sinusoidal endothelial cell,,,3.59096443258199e-06,1.73881547928111e-06,aih_only,0,2,0,2,,2.66488995593155e-06,,,1.73881547928111e-06,3.59096443258199e-06,,FALSE,FALSE,FALSE,FALSE,
FASLG,Hepatocyte 1,Stellate cell,,,1.49044416662602e-06,1.62923297735402e-06,aih_only,0,2,0,2,,1.55983857199002e-06,,,1.49044416662602e-06,1.62923297735402e-06,,FALSE,FALSE,FALSE,FALSE,
FASLG,Hepatocyte 1,Vascular endothelial cell,,,5.22505635730197e-07,2.60842025173557e-07,aih_only,0,2,0,2,,3.91673830451877e-07,,,2.60842025173557e-07,5.22505635730197e-07,,FALSE,FALSE,FALSE,FALSE,
FASLG,Hepatocyte 2,CD4+ T cell,,,1.56388647144892e-06,5.15460862860595e-07,aih_only,0,2,0,2,,1.03967366715476e-06,,,5.15460862860595e-07,1.56388647144892e-06,,FALSE,FALSE,FALSE,FALSE,
FASLG,Hepatocyte 2,CD8+ T cell 1,,,3.19007256545448e-06,1.04528796672967e-06,aih_only,0,2,0,2,,2.11768026609207e-06,,,1.04528796672967e-06,3.19007256545448e-06,,FALSE,FALSE,FALSE,FALSE,
FASLG,Hepatocyte 2,CD8+ T cell 2,,,1.41313839242848e-05,2.17300244595022e-06,aih_only,0,2,0,2,,8.1521931851175e-06,,,2.17300244595022e-06,1.41313839242848e-05,,FALSE,FALSE,FALSE,FALSE,
FASLG,Hepatocyte 2,CD8+ T cell 3,,,5.36968152839792e-06,1.92373651912536e-06,aih_only,0,2,0,2,,3.64670902376164e-06,,,1.92373651912536e-06,5.36968152839792e-06,,FALSE,FALSE,FALSE,FALSE,
FASLG,Hepatocyte 2,Cholangiocyte,,,1.42096723558785e-06,4.74328622657629e-07,aih_only,0,2,0,2,,9.47647929122739e-07,,,4.74328622657629e-07,1.42096723558785e-06,,FALSE,FALSE,FALSE,FALSE,
FASLG,Hepatocyte 2,Hepatocyte 1,,,2.64340641060479e-05,3.73157326926884e-06,aih_only,0,2,0,2,,1.50828186876584e-05,,,3.73157326926884e-06,2.64340641060479e-05,,FALSE,FALSE,FALSE,FALSE,
FASLG,Hepatocyte 2,Hepatocyte 2,,,2.15617886091737e-05,3.21621947143475e-06,aih_only,0,2,0,2,,1.23890040403042e-05,,,3.21621947143475e-06,2.15617886091737e-05,,FALSE,FALSE,FALSE,FALSE,
FASLG,Hepatocyte 2,Hepatocyte 3,,,5.4837975440008e-06,1.0424566014136e-06,aih_only,0,2,0,2,,3.2631270727072e-06,,,1.0424566014136e-06,5.4837975440008e-06,,FALSE,FALSE,FALSE,FALSE,
FASLG,Hepatocyte 2,Hepatocyte 4,,,2.82743520167175e-05,4.51221960519557e-06,aih_only,0,2,0,2,,1.63932858109565e-05,,,4.51221960519557e-06,2.82743520167175e-05,,FALSE,FALSE,FALSE,FALSE,
FASLG,Hepatocyte 2,Ig+ hepatocyte,,,6.88367804158587e-06,1.4396526794795e-06,aih_only,0,2,0,2,,4.16166536053269e-06,,,1.4396526794795e-06,6.88367804158587e-06,,FALSE,FALSE,FALSE,FALSE,
FASLG,Hepatocyte 2,IgG+ B cell,,,3.91556721361457e-07,6.8303940299875e-08,aih_only,0,2,0,2,,2.29930330830666e-07,,,6.8303940299875e-08,3.91556721361457e-07,,FALSE,FALSE,FALSE,FALSE,
FASLG,Hepatocyte 2,IgG+ plasmablast / plasma cell,,,1.32630254135679e-06,2.47683125528407e-07,aih_only,0,2,0,2,,7.86992833442601e-07,,,2.47683125528407e-07,1.32630254135679e-06,,FALSE,FALSE,FALSE,FALSE,
FASLG,Hepatocyte 2,IgM+ B cell,,,4.44528367137788e-07,2.53153221751765e-07,aih_only,0,2,0,2,,3.48840794444777e-07,,,2.53153221751765e-07,4.44528367137788e-07,,FALSE,FALSE,FALSE,FALSE,
FASLG,Hepatocyte 2,Macrophage 1,,,2.67975469963182e-06,9.11920533105548e-07,aih_only,0,2,0,2,,1.79583761636869e-06,,,9.11920533105548e-07,2.67975469963182e-06,,FALSE,FALSE,FALSE,FALSE,
FASLG,Hepatocyte 2,Macrophage 2,,,6.32691625995655e-07,4.27271026622302e-07,aih_only,0,2,0,2,,5.29981326308978e-07,,,4.27271026622302e-07,6.32691625995655e-07,,FALSE,FALSE,FALSE,FALSE,
FASLG,Hepatocyte 2,Sinusoidal endothelial cell,,,2.95256638724537e-06,8.59419273987878e-07,aih_only,0,2,0,2,,1.90599283061662e-06,,,8.59419273987878e-07,2.95256638724537e-06,,FALSE,FALSE,FALSE,FALSE,
FASLG,Hepatocyte 2,Stellate cell,,,1.42170716672177e-06,6.81626483625999e-07,aih_only,0,2,0,2,,1.05166682517389e-06,,,6.81626483625999e-07,1.42170716672177e-06,,FALSE,FALSE,FALSE,FALSE,
FASLG,Hepatocyte 2,Vascular endothelial cell,,,5.04056787445899e-07,9.45886771213091e-08,aih_only,0,2,0,2,,2.99322732283604e-07,,,9.45886771213091e-08,5.04056787445899e-07,,FALSE,FALSE,FALSE,FALSE,
FASLG,Hepatocyte 3,CD4+ T cell,,,3.3738247883196e-06,1.93999056597608e-06,aih_only,0,2,0,2,,2.65690767714784e-06,,,1.93999056597608e-06,3.3738247883196e-06,,FALSE,FALSE,FALSE,FALSE,
FASLG,Hepatocyte 3,CD8+ T cell 1,,,4.42397990491776e-06,3.12801489159645e-06,aih_only,0,2,0,2,,3.77599739825711e-06,,,3.12801489159645e-06,4.42397990491776e-06,,FALSE,FALSE,FALSE,FALSE,
FASLG,Hepatocyte 3,CD8+ T cell 2,,,1.39763277307517e-05,6.26671235377575e-06,aih_only,0,2,0,2,,1.01215200422637e-05,,,6.26671235377575e-06,1.39763277307517e-05,,FALSE,FALSE,FALSE,FALSE,
FASLG,Hepatocyte 3,CD8+ T cell 3,,,7.94115591854502e-06,3.48127298548347e-06,aih_only,0,2,0,2,,5.71121445201424e-06,,,3.48127298548347e-06,7.94115591854502e-06,,FALSE,FALSE,FALSE,FALSE,
FASLG,Hepatocyte 3,Cholangiocyte,,,5.87083573478423e-06,1.23787842427975e-06,aih_only,0,2,0,2,,3.55435707953199e-06,,,1.23787842427975e-06,5.87083573478423e-06,,FALSE,FALSE,FALSE,FALSE,
FASLG,Hepatocyte 3,Hepatocyte 1,,,2.3364928251147e-05,8.90615286531793e-06,aih_only,0,2,0,2,,1.61355405582325e-05,,,8.90615286531793e-06,2.3364928251147e-05,,FALSE,FALSE,FALSE,FALSE,
FASLG,Hepatocyte 3,Hepatocyte 2,,,2.02395905615324e-05,7.58364099284057e-06,aih_only,0,2,0,2,,1.39116157771865e-05,,,7.58364099284057e-06,2.02395905615324e-05,,FALSE,FALSE,FALSE,FALSE,
FASLG,Hepatocyte 3,Hepatocyte 3,,,1.18480475912959e-05,4.00453644801733e-06,aih_only,0,2,0,2,,7.9262920196566e-06,,,4.00453644801733e-06,1.18480475912959e-05,,FALSE,FALSE,FALSE,FALSE,
FASLG,Hepatocyte 3,Hepatocyte 4,,,3.68746337973133e-05,1.02218801436402e-05,aih_only,0,2,0,2,,2.35482569704767e-05,,,1.02218801436402e-05,3.68746337973133e-05,,FALSE,FALSE,FALSE,FALSE,
FASLG,Hepatocyte 3,Ig+ hepatocyte,,,9.04216139606488e-06,4.95793834918658e-06,aih_only,0,2,0,2,,7.00004987262573e-06,,,4.95793834918658e-06,9.04216139606488e-06,,FALSE,FALSE,FALSE,FALSE,
FASLG,Hepatocyte 3,IgG+ B cell,,,1.29262399231544e-06,3.7663134755337e-07,aih_only,0,2,0,2,,8.34627669934404e-07,,,3.7663134755337e-07,1.29262399231544e-06,,FALSE,FALSE,FALSE,FALSE,
FASLG,Hepatocyte 3,IgG+ plasmablast / plasma cell,,,3.74652769696349e-06,1.13470774014862e-06,aih_only,0,2,0,2,,2.44061771855606e-06,,,1.13470774014862e-06,3.74652769696349e-06,,FALSE,FALSE,FALSE,FALSE,
FASLG,Hepatocyte 3,IgM+ B cell,,,1.5628380347375e-06,9.22423700733197e-07,aih_only,0,2,0,2,,1.24263086773535e-06,,,9.22423700733197e-07,1.5628380347375e-06,,FALSE,FALSE,FALSE,FALSE,
FASLG,Hepatocyte 3,Macrophage 1,,,3.37597858002683e-06,2.77477222196811e-06,aih_only,0,2,0,2,,3.07537540099747e-06,,,2.77477222196811e-06,3.37597858002683e-06,,FALSE,FALSE,FALSE,FALSE,
FASLG,Hepatocyte 3,Macrophage 2,,,1.3757836258335e-06,1.02662054199204e-06,aih_only,0,2,0,2,,1.20120208391277e-06,,,1.02662054199204e-06,1.3757836258335e-06,,FALSE,FALSE,FALSE,FALSE,
FASLG,Hepatocyte 3,Sinusoidal endothelial cell,,,4.35665084848465e-06,3.78246523730186e-06,aih_only,0,2,0,2,,4.06955804289325e-06,,,3.78246523730186e-06,4.35665084848465e-06,,FALSE,FALSE,FALSE,FALSE,
FASLG,Hepatocyte 3,Stellate cell,,,3.58812284133675e-06,1.78772106956042e-06,aih_only,0,2,0,2,,2.68792195544859e-06,,,1.78772106956042e-06,3.58812284133675e-06,,FALSE,FALSE,FALSE,FALSE,
FASLG,Hepatocyte 3,Vascular endothelial cell,,,1.76793143456154e-06,3.36318924734266e-07,aih_only,0,2,0,2,,1.0521251796479e-06,,,3.36318924734266e-07,1.76793143456154e-06,,FALSE,FALSE,FALSE,FALSE,
FASLG,Hepatocyte 4,CD4+ T cell,,,2.23665372701621e-06,1.00939161772175e-06,aih_only,0,2,0,2,,1.62302267236898e-06,,,1.00939161772175e-06,2.23665372701621e-06,,FALSE,FALSE,FALSE,FALSE,
FASLG,Hepatocyte 4,CD8+ T cell 1,,,3.99012319494313e-06,2.25122411550582e-06,aih_only,0,2,0,2,,3.12067365522448e-06,,,2.25122411550582e-06,3.99012319494313e-06,,FALSE,FALSE,FALSE,FALSE,
FASLG,Hepatocyte 4,CD8+ T cell 2,,,1.93761385289445e-05,4.37463812600635e-06,aih_only,0,2,0,2,,1.18753883274754e-05,,,4.37463812600635e-06,1.93761385289445e-05,,FALSE,FALSE,FALSE,FALSE,
FASLG,Hepatocyte 4,CD8+ T cell 3,,,1.2283069110379e-05,3.72748777321278e-06,aih_only,0,2,0,2,,8.0052784417959e-06,,,3.72748777321278e-06,1.2283069110379e-05,,FALSE,FALSE,FALSE,FALSE,
FASLG,Hepatocyte 4,Cholangiocyte,,,1.9678912902531e-06,2.67485974192658e-06,aih_only,0,2,0,2,,2.32137551608984e-06,,,1.9678912902531e-06,2.67485974192658e-06,,FALSE,FALSE,FALSE,FALSE,
FASLG,Hepatocyte 4,Hepatocyte 1,,,3.13240795046223e-05,7.2430858110687e-06,aih_only,0,2,0,2,,1.92835826578455e-05,,,7.2430858110687e-06,3.13240795046223e-05,,FALSE,FALSE,FALSE,FALSE,
FASLG,Hepatocyte 4,Hepatocyte 2,,,1.64584606400891e-05,4.09118264410824e-06,aih_only,0,2,0,2,,1.02748216420987e-05,,,4.09118264410824e-06,1.64584606400891e-05,,FALSE,FALSE,FALSE,FALSE,
FASLG,Hepatocyte 4,Hepatocyte 3,,,4.98848398117466e-06,1.29643982436229e-06,aih_only,0,2,0,2,,3.14246190276847e-06,,,1.29643982436229e-06,4.98848398117466e-06,,FALSE,FALSE,FALSE,FALSE,
FASLG,Hepatocyte 4,Hepatocyte 4,,,0.000117124600009731,1.81223287295243e-05,aih_only,0,2,0,2,,6.76234643696277e-05,,,1.81223287295243e-05,0.000117124600009731,,FALSE,FALSE,FALSE,FALSE,
FASLG,Hepatocyte 4,Ig+ hepatocyte,,,1.01544278967891e-05,2.56945741758523e-06,aih_only,0,2,0,2,,6.36194265718718e-06,,,2.56945741758523e-06,1.01544278967891e-05,,FALSE,FALSE,FALSE,FALSE,
FASLG,Hepatocyte 4,IgG+ B cell,,,8.74166993778231e-07,3.07436842395091e-07,aih_only,0,2,0,2,,5.90801918086661e-07,,,3.07436842395091e-07,8.74166993778231e-07,,FALSE,FALSE,FALSE,FALSE,
FASLG,Hepatocyte 4,IgG+ plasmablast / plasma cell,,,1.9695512984396e-06,8.0563915155533e-07,aih_only,0,2,0,2,,1.38759522499746e-06,,,8.0563915155533e-07,1.9695512984396e-06,,FALSE,FALSE,FALSE,FALSE,
FASLG,Hepatocyte 4,IgM+ B cell,,,7.81182755494254e-07,4.42193406782345e-07,aih_only,0,2,0,2,,6.11688081138299e-07,,,4.42193406782345e-07,7.81182755494254e-07,,FALSE,FALSE,FALSE,FALSE,
FASLG,Hepatocyte 4,Macrophage 1,,,3.95137028448603e-06,1.56590078112982e-06,aih_only,0,2,0,2,,2.75863553280793e-06,,,1.56590078112982e-06,3.95137028448603e-06,,FALSE,FALSE,FALSE,FALSE,
FASLG,Hepatocyte 4,Macrophage 2,,,6.87459220817839e-07,8.48133356768953e-07,aih_only,0,2,0,2,,7.67796288793396e-07,,,6.87459220817839e-07,8.48133356768953e-07,,FALSE,FALSE,FALSE,FALSE,
FASLG,Hepatocyte 4,Sinusoidal endothelial cell,,,2.73039587209155e-06,1.89350473894392e-06,aih_only,0,2,0,2,,2.31195030551773e-06,,,1.89350473894392e-06,2.73039587209155e-06,,FALSE,FALSE,FALSE,FALSE,
FASLG,Hepatocyte 4,Stellate cell,,,2.25059495427533e-06,1.77318170846364e-06,aih_only,0,2,0,2,,2.01188833136949e-06,,,1.77318170846364e-06,2.25059495427533e-06,,FALSE,FALSE,FALSE,FALSE,
FASLG,Hepatocyte 4,Vascular endothelial cell,,,7.72195860294828e-07,2.7756606304503e-07,aih_only,0,2,0,2,,5.24880961669929e-07,,,2.7756606304503e-07,7.72195860294828e-07,,FALSE,FALSE,FALSE,FALSE,
FASLG,Ig+ hepatocyte,CD4+ T cell,,,6.45591925842447e-06,1.41615086726654e-06,aih_only,0,2,0,2,,3.9360350628455e-06,,,1.41615086726654e-06,6.45591925842447e-06,,FALSE,FALSE,FALSE,FALSE,
FASLG,Ig+ hepatocyte,CD8+ T cell 1,,,6.94937388353264e-06,2.27730003052535e-06,aih_only,0,2,0,2,,4.61333695702899e-06,,,2.27730003052535e-06,6.94937388353264e-06,,FALSE,FALSE,FALSE,FALSE,
FASLG,Ig+ hepatocyte,CD8+ T cell 2,,,1.27481498209901e-05,3.76960220766596e-06,aih_only,0,2,0,2,,8.25887601432802e-06,,,3.76960220766596e-06,1.27481498209901e-05,,FALSE,FALSE,FALSE,FALSE,
FASLG,Ig+ hepatocyte,CD8+ T cell 3,,,8.07648906199474e-06,2.86546013938816e-06,aih_only,0,2,0,2,,5.47097460069145e-06,,,2.86546013938816e-06,8.07648906199474e-06,,FALSE,FALSE,FALSE,FALSE,
FASLG,Ig+ hepatocyte,Cholangiocyte,,,7.68103166675846e-06,3.0733216697352e-06,aih_only,0,2,0,2,,5.37717666824683e-06,,,3.0733216697352e-06,7.68103166675846e-06,,FALSE,FALSE,FALSE,FALSE,
FASLG,Ig+ hepatocyte,Hepatocyte 1,,,2.04198422361256e-05,7.58677893660935e-06,aih_only,0,2,0,2,,1.40033105863675e-05,,,7.58677893660935e-06,2.04198422361256e-05,,FALSE,FALSE,FALSE,FALSE,
FASLG,Ig+ hepatocyte,Hepatocyte 2,,,1.0408978483291e-05,8.25982925861121e-06,aih_only,0,2,0,2,,9.33440387095109e-06,,,8.25982925861121e-06,1.0408978483291e-05,,FALSE,FALSE,FALSE,FALSE,
FASLG,Ig+ hepatocyte,Hepatocyte 3,,,8.30237146152163e-07,2.54665790683822e-06,aih_only,0,2,0,2,,1.68844752649519e-06,,,8.30237146152163e-07,2.54665790683822e-06,,FALSE,FALSE,FALSE,FALSE,
FASLG,Ig+ hepatocyte,Hepatocyte 4,,,1.67757944224575e-05,8.7942598932681e-06,aih_only,0,2,0,2,,1.27850271578628e-05,,,8.7942598932681e-06,1.67757944224575e-05,,FALSE,FALSE,FALSE,FALSE,
FASLG,Ig+ hepatocyte,Ig+ hepatocyte,,,5.01477530359233e-05,3.3116913673635e-05,aih_only,0,2,0,2,,4.16323333547792e-05,,,3.3116913673635e-05,5.01477530359233e-05,,FALSE,FALSE,FALSE,FALSE,
FASLG,Ig+ hepatocyte,IgG+ B cell,,,2.83524273894373e-06,2.31809807745067e-07,aih_only,0,2,0,2,,1.5335262733444e-06,,,2.31809807745067e-07,2.83524273894373e-06,,FALSE,FALSE,FALSE,FALSE,
FASLG,Ig+ hepatocyte,IgG+ plasmablast / plasma cell,,,7.30163686603654e-06,1.78856663549854e-06,aih_only,0,2,0,2,,4.54510175076754e-06,,,1.78856663549854e-06,7.30163686603654e-06,,FALSE,FALSE,FALSE,FALSE,
FASLG,Ig+ hepatocyte,IgM+ B cell,,,2.44669341076394e-06,1.46067389345608e-07,aih_only,0,2,0,2,,1.29638040005478e-06,,,1.46067389345608e-07,2.44669341076394e-06,,FALSE,FALSE,FALSE,FALSE,
FASLG,Ig+ hepatocyte,Macrophage 1,,,4.83402624744261e-06,2.0514907059405e-06,aih_only,0,2,0,2,,3.44275847669155e-06,,,2.0514907059405e-06,4.83402624744261e-06,,FALSE,FALSE,FALSE,FALSE,
FASLG,Ig+ hepatocyte,Macrophage 2,,,1.50871773900613e-06,1.2602781833152e-06,aih_only,0,2,0,2,,1.38449796116067e-06,,,1.2602781833152e-06,1.50871773900613e-06,,FALSE,FALSE,FALSE,FALSE,
FASLG,Ig+ hepatocyte,Sinusoidal endothelial cell,,,3.6062728537218e-06,1.98730486536041e-06,aih_only,0,2,0,2,,2.79678885954111e-06,,,1.98730486536041e-06,3.6062728537218e-06,,FALSE,FALSE,FALSE,FALSE,
FASLG,Ig+ hepatocyte,Stellate cell,,,4.06183802165857e-06,2.4729283488324e-06,aih_only,0,2,0,2,,3.26738318524548e-06,,,2.4729283488324e-06,4.06183802165857e-06,,FALSE,FALSE,FALSE,FALSE,
FASLG,Ig+ hepatocyte,Vascular endothelial cell,,,1.56200649146365e-06,5.50139218198999e-07,aih_only,0,2,0,2,,1.05607285483133e-06,,,5.50139218198999e-07,1.56200649146365e-06,,FALSE,FALSE,FALSE,FALSE,
FASLG,IgG+ B cell,CD4+ T cell,,,4.73235330554228e-06,5.07970539426618e-06,aih_only,0,2,0,2,,4.90602934990423e-06,,,4.73235330554228e-06,5.07970539426618e-06,,FALSE,FALSE,FALSE,FALSE,
FASLG,IgG+ B cell,CD8+ T cell 1,,,3.58548084207513e-06,2.27703761351976e-06,aih_only,0,2,0,2,,2.93125922779745e-06,,,2.27703761351976e-06,3.58548084207513e-06,,FALSE,FALSE,FALSE,FALSE,
FASLG,IgG+ B cell,CD8+ T cell 2,,,2.28562563197119e-06,2.50881197543983e-06,aih_only,0,2,0,2,,2.39721880370551e-06,,,2.28562563197119e-06,2.50881197543983e-06,,FALSE,FALSE,FALSE,FALSE,
FASLG,IgG+ B cell,CD8+ T cell 3,,,4.58007426214992e-06,3.4648343988619e-06,aih_only,0,2,0,2,,4.02245433050591e-06,,,3.4648343988619e-06,4.58007426214992e-06,,FALSE,FALSE,FALSE,FALSE,
FASLG,IgG+ B cell,Cholangiocyte,,,9.0482734276258e-06,8.64977242176545e-06,aih_only,0,2,0,2,,8.84902292469563e-06,,,8.64977242176545e-06,9.0482734276258e-06,,FALSE,FALSE,FALSE,FALSE,
FASLG,IgG+ B cell,Hepatocyte 1,,,2.8903764492585e-06,3.65427280378111e-06,aih_only,0,2,0,2,,3.27232462651981e-06,,,2.8903764492585e-06,3.65427280378111e-06,,FALSE,FALSE,FALSE,FALSE,
FASLG,IgG+ B cell,Hepatocyte 2,,,2.12418598239531e-06,2.42167151775247e-06,aih_only,0,2,0,2,,2.27292875007389e-06,,,2.12418598239531e-06,2.42167151775247e-06,,FALSE,FALSE,FALSE,FALSE,
FASLG,IgG+ B cell,Hepatocyte 3,,,7.51464137352336e-07,1.39230683432914e-06,aih_only,0,2,0,2,,1.07188548584074e-06,,,7.51464137352336e-07,1.39230683432914e-06,,FALSE,FALSE,FALSE,FALSE,
FASLG,IgG+ B cell,Hepatocyte 4,,,2.2365378750873e-06,4.33994806366647e-06,aih_only,0,2,0,2,,3.28824296937688e-06,,,2.2365378750873e-06,4.33994806366647e-06,,FALSE,FALSE,FALSE,FALSE,
FASLG,IgG+ B cell,Ig+ hepatocyte,,,2.85569988079035e-06,5.8907776822233e-06,aih_only,0,2,0,2,,4.37323878150682e-06,,,2.85569988079035e-06,5.8907776822233e-06,,FALSE,FALSE,FALSE,FALSE,
FASLG,IgG+ B cell,IgG+ B cell,,,3.60148404536382e-06,3.71994917441875e-06,aih_only,0,2,0,2,,3.66071660989128e-06,,,3.60148404536382e-06,3.71994917441875e-06,,FALSE,FALSE,FALSE,FALSE,
FASLG,IgG+ B cell,IgG+ plasmablast / plasma cell,,,4.4668436922035e-06,5.39147392534575e-06,aih_only,0,2,0,2,,4.92915880877462e-06,,,4.4668436922035e-06,5.39147392534575e-06,,FALSE,FALSE,FALSE,FALSE,
FASLG,IgG+ B cell,IgM+ B cell,,,3.29199928580041e-06,3.2599704368342e-06,aih_only,0,2,0,2,,3.27598486131731e-06,,,3.2599704368342e-06,3.29199928580041e-06,,FALSE,FALSE,FALSE,FALSE,
FASLG,IgG+ B cell,Macrophage 1,,,1.75825956941889e-06,1.47014475224875e-06,aih_only,0,2,0,2,,1.61420216083382e-06,,,1.47014475224875e-06,1.75825956941889e-06,,FALSE,FALSE,FALSE,FALSE,
FASLG,IgG+ B cell,Macrophage 2,,,2.38720944860798e-06,1.83433698630939e-06,aih_only,0,2,0,2,,2.11077321745868e-06,,,1.83433698630939e-06,2.38720944860798e-06,,FALSE,FALSE,FALSE,FALSE,
FASLG,IgG+ B cell,Sinusoidal endothelial cell,,,2.1406488600798e-06,8.48672601354586e-07,aih_only,0,2,0,2,,1.49466073071719e-06,,,8.48672601354586e-07,2.1406488600798e-06,,FALSE,FALSE,FALSE,FALSE,
FASLG,IgG+ B cell,Stellate cell,,,6.23657946152828e-06,5.61332288188059e-06,aih_only,0,2,0,2,,5.92495117170444e-06,,,5.61332288188059e-06,6.23657946152828e-06,,FALSE,FALSE,FALSE,FALSE,
FASLG,IgG+ B cell,Vascular endothelial cell,,,3.91956093719675e-06,4.41686516133915e-06,aih_only,0,2,0,2,,4.16821304926795e-06,,,3.91956093719675e-06,4.41686516133915e-06,,FALSE,FALSE,FALSE,FALSE,
FASLG,IgG+ plasmablast / plasma cell,CD4+ T cell,,,7.26446875528134e-06,8.64992724172445e-06,aih_only,0,2,0,2,,7.95719799850289e-06,,,7.26446875528134e-06,8.64992724172445e-06,,FALSE,FALSE,FALSE,FALSE,
FASLG,IgG+ plasmablast / plasma cell,CD8+ T cell 1,,,5.84879590568557e-06,4.71227278257386e-06,aih_only,0,2,0,2,,5.28053434412972e-06,,,4.71227278257386e-06,5.84879590568557e-06,,FALSE,FALSE,FALSE,FALSE,
FASLG,IgG+ plasmablast / plasma cell,CD8+ T cell 2,,,5.66464523357852e-06,3.17308227025486e-06,aih_only,0,2,0,2,,4.41886375191669e-06,,,3.17308227025486e-06,5.66464523357852e-06,,FALSE,FALSE,FALSE,FALSE,
FASLG,IgG+ plasmablast / plasma cell,CD8+ T cell 3,,,7.26154992174946e-06,7.53303337731302e-06,aih_only,0,2,0,2,,7.39729164953124e-06,,,7.26154992174946e-06,7.53303337731302e-06,,FALSE,FALSE,FALSE,FALSE,
FASLG,IgG+ plasmablast / plasma cell,Cholangiocyte,,,9.35616393840446e-06,1.15091495290727e-05,aih_only,0,2,0,2,,1.04326567337386e-05,,,9.35616393840446e-06,1.15091495290727e-05,,FALSE,FALSE,FALSE,FALSE,
FASLG,IgG+ plasmablast / plasma cell,Hepatocyte 1,,,9.37758822256795e-06,5.14830973172381e-06,aih_only,0,2,0,2,,7.26294897714588e-06,,,5.14830973172381e-06,9.37758822256795e-06,,FALSE,FALSE,FALSE,FALSE,
FASLG,IgG+ plasmablast / plasma cell,Hepatocyte 2,,,4.72412904628613e-06,2.28599105260992e-06,aih_only,0,2,0,2,,3.50506004944802e-06,,,2.28599105260992e-06,4.72412904628613e-06,,FALSE,FALSE,FALSE,FALSE,
FASLG,IgG+ plasmablast / plasma cell,Hepatocyte 3,,,1.25023282326368e-06,7.45434247048635e-07,aih_only,0,2,0,2,,9.97833535156158e-07,,,7.45434247048635e-07,1.25023282326368e-06,,FALSE,FALSE,FALSE,FALSE,
FASLG,IgG+ plasmablast / plasma cell,Hepatocyte 4,,,8.87862224788114e-06,5.22055050925377e-06,aih_only,0,2,0,2,,7.04958637856745e-06,,,5.22055050925377e-06,8.87862224788114e-06,,FALSE,FALSE,FALSE,FALSE,
FASLG,IgG+ plasmablast / plasma cell,Ig+ hepatocyte,,,1.05500389034834e-05,5.51755465568186e-06,aih_only,0,2,0,2,,8.03379677958261e-06,,,5.51755465568186e-06,1.05500389034834e-05,,FALSE,FALSE,FALSE,FALSE,
FASLG,IgG+ plasmablast / plasma cell,IgG+ B cell,,,3.16402647398724e-06,3.05614230324338e-06,aih_only,0,2,0,2,,3.11008438861531e-06,,,3.05614230324338e-06,3.16402647398724e-06,,FALSE,FALSE,FALSE,FALSE,
FASLG,IgG+ plasmablast / plasma cell,IgG+ plasmablast / plasma cell,,,1.06293752710965e-05,1.01878756747962e-05,aih_only,0,2,0,2,,1.04086254729464e-05,,,1.01878756747962e-05,1.06293752710965e-05,,FALSE,FALSE,FALSE,FALSE,
FASLG,IgG+ plasmablast / plasma cell,IgM+ B cell,,,4.90461906376731e-06,6.0714954585777e-06,aih_only,0,2,0,2,,5.48805726117251e-06,,,4.90461906376731e-06,6.0714954585777e-06,,FALSE,FALSE,FALSE,FALSE,
FASLG,IgG+ plasmablast / plasma cell,Macrophage 1,,,3.80608589790621e-06,2.10006892613056e-06,aih_only,0,2,0,2,,2.95307741201838e-06,,,2.10006892613056e-06,3.80608589790621e-06,,FALSE,FALSE,FALSE,FALSE,
FASLG,IgG+ plasmablast / plasma cell,Macrophage 2,,,2.45489444063835e-06,2.69688179616682e-06,aih_only,0,2,0,2,,2.57588811840258e-06,,,2.45489444063835e-06,2.69688179616682e-06,,FALSE,FALSE,FALSE,FALSE,
FASLG,IgG+ plasmablast / plasma cell,Sinusoidal endothelial cell,,,3.57370686986265e-06,1.75971977102225e-06,aih_only,0,2,0,2,,2.66671332044245e-06,,,1.75971977102225e-06,3.57370686986265e-06,,FALSE,FALSE,FALSE,FALSE,
FASLG,IgG+ plasmablast / plasma cell,Stellate cell,,,8.23039801500009e-06,7.49367527769774e-06,aih_only,0,2,0,2,,7.86203664634891e-06,,,7.49367527769774e-06,8.23039801500009e-06,,FALSE,FALSE,FALSE,FALSE,
FASLG,IgG+ plasmablast / plasma cell,Vascular endothelial cell,,,3.91108234608389e-06,5.33726893906128e-06,aih_only,0,2,0,2,,4.62417564257258e-06,,,3.91108234608389e-06,5.33726893906128e-06,,FALSE,FALSE,FALSE,FALSE,
FASLG,IgM+ B cell,CD4+ T cell,,,1.2813027064702e-05,3.01402920579829e-05,aih_only,0,2,0,2,,2.14766595613424e-05,,,1.2813027064702e-05,3.01402920579829e-05,,FALSE,FALSE,FALSE,FALSE,
FASLG,IgM+ B cell,CD8+ T cell 1,,,4.8441977946815e-06,4.40260285577412e-06,aih_only,0,2,0,2,,4.62340032522781e-06,,,4.40260285577412e-06,4.8441977946815e-06,,FALSE,FALSE,FALSE,FALSE,
FASLG,IgM+ B cell,CD8+ T cell 2,,,2.93349676542998e-06,3.1763513819141e-06,aih_only,0,2,0,2,,3.05492407367204e-06,,,2.93349676542998e-06,3.1763513819141e-06,,FALSE,FALSE,FALSE,FALSE,
FASLG,IgM+ B cell,CD8+ T cell 3,,,6.48461492213712e-06,4.56388766159105e-06,aih_only,0,2,0,2,,5.52425129186408e-06,,,4.56388766159105e-06,6.48461492213712e-06,,FALSE,FALSE,FALSE,FALSE,
FASLG,IgM+ B cell,Cholangiocyte,,,7.62079285469489e-06,9.61595018454419e-06,aih_only,0,2,0,2,,8.61837151961954e-06,,,7.62079285469489e-06,9.61595018454419e-06,,FALSE,FALSE,FALSE,FALSE,
FASLG,IgM+ B cell,Hepatocyte 1,,,4.69781261030084e-06,3.46049037052122e-06,aih_only,0,2,0,2,,4.07915149041103e-06,,,3.46049037052122e-06,4.69781261030084e-06,,FALSE,FALSE,FALSE,FALSE,
FASLG,IgM+ B cell,Hepatocyte 2,,,2.49105706923447e-06,1.5728734837441e-06,aih_only,0,2,0,2,,2.03196527648929e-06,,,1.5728734837441e-06,2.49105706923447e-06,,FALSE,FALSE,FALSE,FALSE,
FASLG,IgM+ B cell,Hepatocyte 3,,,1.33869642069033e-06,1.48546176797047e-06,aih_only,0,2,0,2,,1.4120790943304e-06,,,1.33869642069033e-06,1.48546176797047e-06,,FALSE,FALSE,FALSE,FALSE,
FASLG,IgM+ B cell,Hepatocyte 4,,,3.62896968322189e-06,2.86674864104351e-06,aih_only,0,2,0,2,,3.2478591621327e-06,,,2.86674864104351e-06,3.62896968322189e-06,,FALSE,FALSE,FALSE,FALSE,
FASLG,IgM+ B cell,Ig+ hepatocyte,,,2.38669767763758e-06,1.81775273228922e-06,aih_only,0,2,0,2,,2.1022252049634e-06,,,1.81775273228922e-06,2.38669767763758e-06,,FALSE,FALSE,FALSE,FALSE,
FASLG,IgM+ B cell,IgG+ B cell,,,1.86737475174494e-06,1.66428261729543e-06,aih_only,0,2,0,2,,1.76582868452018e-06,,,1.66428261729543e-06,1.86737475174494e-06,,FALSE,FALSE,FALSE,FALSE,
FASLG,IgM+ B cell,IgG+ plasmablast / plasma cell,,,4.38766097485186e-06,4.10877966106841e-06,aih_only,0,2,0,2,,4.24822031796013e-06,,,4.10877966106841e-06,4.38766097485186e-06,,FALSE,FALSE,FALSE,FALSE,
FASLG,IgM+ B cell,IgM+ B cell,,,1.603448574932e-05,6.87436323545579e-05,aih_only,0,2,0,2,,4.2389059051939e-05,,,1.603448574932e-05,6.87436323545579e-05,,FALSE,FALSE,FALSE,FALSE,
FASLG,IgM+ B cell,Macrophage 1,,,2.41539411211001e-06,1.6656148666746e-06,aih_only,0,2,0,2,,2.04050448939231e-06,,,1.6656148666746e-06,2.41539411211001e-06,,FALSE,FALSE,FALSE,FALSE,
FASLG,IgM+ B cell,Macrophage 2,,,2.75281458221863e-06,2.42919361530536e-06,aih_only,0,2,0,2,,2.591004098762e-06,,,2.42919361530536e-06,2.75281458221863e-06,,FALSE,FALSE,FALSE,FALSE,
FASLG,IgM+ B cell,Sinusoidal endothelial cell,,,2.40063182564766e-06,1.5401750536219e-06,aih_only,0,2,0,2,,1.97040343963478e-06,,,1.5401750536219e-06,2.40063182564766e-06,,FALSE,FALSE,FALSE,FALSE,
FASLG,IgM+ B cell,Stellate cell,,,9.31460764505989e-06,1.0187768509499e-05,aih_only,0,2,0,2,,9.75118807727944e-06,,,9.31460764505989e-06,1.0187768509499e-05,,FALSE,FALSE,FALSE,FALSE,
FASLG,IgM+ B cell,Vascular endothelial cell,,,5.49636365694831e-06,4.36386719894008e-06,aih_only,0,2,0,2,,4.93011542794419e-06,,,4.36386719894008e-06,5.49636365694831e-06,,FALSE,FALSE,FALSE,FALSE,
FASLG,Macrophage 1,CD4+ T cell,,,4.79471178756641e-06,3.83906308794004e-06,aih_only,0,2,0,2,,4.31688743775322e-06,,,3.83906308794004e-06,4.79471178756641e-06,,FALSE,FALSE,FALSE,FALSE,
FASLG,Macrophage 1,CD8+ T cell 1,,,7.87606893565494e-06,4.78650335993795e-06,aih_only,0,2,0,2,,6.33128614779644e-06,,,4.78650335993795e-06,7.87606893565494e-06,,FALSE,FALSE,FALSE,FALSE,
FASLG,Macrophage 1,CD8+ T cell 2,,,1.68765977205516e-05,9.08054695180317e-06,aih_only,0,2,0,2,,1.29785723361774e-05,,,9.08054695180317e-06,1.68765977205516e-05,,FALSE,FALSE,FALSE,FALSE,
FASLG,Macrophage 1,CD8+ T cell 3,,,1.09384244579998e-05,7.49100223329023e-06,aih_only,0,2,0,2,,9.214713345645e-06,,,7.49100223329023e-06,1.09384244579998e-05,,FALSE,FALSE,FALSE,FALSE,
FASLG,Macrophage 1,Cholangiocyte,,,5.01674488443307e-06,4.49619659952731e-06,aih_only,0,2,0,2,,4.75647074198019e-06,,,4.49619659952731e-06,5.01674488443307e-06,,FALSE,FALSE,FALSE,FALSE,
FASLG,Macrophage 1,Hepatocyte 1,,,2.56260668131481e-05,1.22198200568597e-05,aih_only,0,2,0,2,,1.89229434350039e-05,,,1.22198200568597e-05,2.56260668131481e-05,,FALSE,FALSE,FALSE,FALSE,
FASLG,Macrophage 1,Hepatocyte 2,,,1.36960811615585e-05,7.13026898294038e-06,aih_only,0,2,0,2,,1.04131750722494e-05,,,7.13026898294038e-06,1.36960811615585e-05,,FALSE,FALSE,FALSE,FALSE,
FASLG,Macrophage 1,Hepatocyte 3,,,3.31830234740986e-06,2.13634343780593e-06,aih_only,0,2,0,2,,2.72732289260789e-06,,,2.13634343780593e-06,3.31830234740986e-06,,FALSE,FALSE,FALSE,FALSE,
FASLG,Macrophage 1,Hepatocyte 4,,,2.83550076495416e-05,1.30515426444342e-05,aih_only,0,2,0,2,,2.07032751469879e-05,,,1.30515426444342e-05,2.83550076495416e-05,,FALSE,FALSE,FALSE,FALSE,
FASLG,Macrophage 1,Ig+ hepatocyte,,,8.69706107315952e-06,5.85115114733427e-06,aih_only,0,2,0,2,,7.2741061102469e-06,,,5.85115114733427e-06,8.69706107315952e-06,,FALSE,FALSE,FALSE,FALSE,
FASLG,Macrophage 1,IgG+ B cell,,,1.36317766908767e-06,5.05329919807227e-07,aih_only,0,2,0,2,,9.34253794447449e-07,,,5.05329919807227e-07,1.36317766908767e-06,,FALSE,FALSE,FALSE,FALSE,
FASLG,Macrophage 1,IgG+ plasmablast / plasma cell,,,3.78109510804536e-06,2.4125726636094e-06,aih_only,0,2,0,2,,3.09683388582738e-06,,,2.4125726636094e-06,3.78109510804536e-06,,FALSE,FALSE,FALSE,FALSE,
FASLG,Macrophage 1,IgM+ B cell,,,2.22000127840593e-06,2.26290546708257e-06,aih_only,0,2,0,2,,2.24145337274425e-06,,,2.22000127840593e-06,2.26290546708257e-06,,FALSE,FALSE,FALSE,FALSE,
FASLG,Macrophage 1,Macrophage 1,,,7.53496052816073e-06,4.84996995044293e-06,aih_only,0,2,0,2,,6.19246523930183e-06,,,4.84996995044293e-06,7.53496052816073e-06,,FALSE,FALSE,FALSE,FALSE,
FASLG,Macrophage 1,Macrophage 2,,,2.13675833378593e-06,1.82316345752185e-06,aih_only,0,2,0,2,,1.97996089565389e-06,,,1.82316345752185e-06,2.13675833378593e-06,,FALSE,FALSE,FALSE,FALSE,
FASLG,Macrophage 1,Sinusoidal endothelial cell,,,8.2500110674191e-06,3.60128768564904e-06,aih_only,0,2,0,2,,5.92564937653407e-06,,,3.60128768564904e-06,8.2500110674191e-06,,FALSE,FALSE,FALSE,FALSE,
FASLG,Macrophage 1,Stellate cell,,,6.43628988007823e-06,4.70305644177317e-06,aih_only,0,2,0,2,,5.5696731609257e-06,,,4.70305644177317e-06,6.43628988007823e-06,,FALSE,FALSE,FALSE,FALSE,
FASLG,Macrophage 1,Vascular endothelial cell,,,1.95526555247175e-06,1.08198112644542e-06,aih_only,0,2,0,2,,1.51862333945859e-06,,,1.08198112644542e-06,1.95526555247175e-06,,FALSE,FALSE,FALSE,FALSE,
FASLG,Macrophage 2,CD4+ T cell,,,4.65592350005049e-06,4.39712719078796e-06,aih_only,0,2,0,2,,4.52652534541922e-06,,,4.39712719078796e-06,4.65592350005049e-06,,FALSE,FALSE,FALSE,FALSE,
FASLG,Macrophage 2,CD8+ T cell 1,,,3.20585992334357e-06,2.70274181285153e-06,aih_only,0,2,0,2,,2.95430086809755e-06,,,2.70274181285153e-06,3.20585992334357e-06,,FALSE,FALSE,FALSE,FALSE,
FASLG,Macrophage 2,CD8+ T cell 2,,,3.34563952888449e-06,3.15065310418216e-06,aih_only,0,2,0,2,,3.24814631653333e-06,,,3.15065310418216e-06,3.34563952888449e-06,,FALSE,FALSE,FALSE,FALSE,
FASLG,Macrophage 2,CD8+ T cell 3,,,3.86422599120397e-06,5.14612094168048e-06,aih_only,0,2,0,2,,4.50517346644222e-06,,,3.86422599120397e-06,5.14612094168048e-06,,FALSE,FALSE,FALSE,FALSE,
FASLG,Macrophage 2,Cholangiocyte,,,6.63692899328316e-06,4.60202192407703e-06,aih_only,0,2,0,2,,5.61947545868009e-06,,,4.60202192407703e-06,6.63692899328316e-06,,FALSE,FALSE,FALSE,FALSE,
FASLG,Macrophage 2,Hepatocyte 1,,,5.18029572521839e-06,5.29792692523594e-06,aih_only,0,2,0,2,,5.23911132522717e-06,,,5.18029572521839e-06,5.29792692523594e-06,,FALSE,FALSE,FALSE,FALSE,
FASLG,Macrophage 2,Hepatocyte 2,,,3.28057854113031e-06,3.22513066975614e-06,aih_only,0,2,0,2,,3.25285460544323e-06,,,3.22513066975614e-06,3.28057854113031e-06,,FALSE,FALSE,FALSE,FALSE,
FASLG,Macrophage 2,Hepatocyte 3,,,2.01527451074346e-06,1.21213267809714e-06,aih_only,0,2,0,2,,1.6137035944203e-06,,,1.21213267809714e-06,2.01527451074346e-06,,FALSE,FALSE,FALSE,FALSE,
FASLG,Macrophage 2,Hepatocyte 4,,,5.91414552209779e-06,5.51679201772329e-06,aih_only,0,2,0,2,,5.71546876991054e-06,,,5.51679201772329e-06,5.91414552209779e-06,,FALSE,FALSE,FALSE,FALSE,
FASLG,Macrophage 2,Ig+ hepatocyte,,,3.39467216454969e-06,3.37949405083603e-06,aih_only,0,2,0,2,,3.38708310769286e-06,,,3.37949405083603e-06,3.39467216454969e-06,,FALSE,FALSE,FALSE,FALSE,
FASLG,Macrophage 2,IgG+ B cell,,,1.24161752560425e-06,1.01355143073937e-06,aih_only,0,2,0,2,,1.12758447817181e-06,,,1.01355143073937e-06,1.24161752560425e-06,,FALSE,FALSE,FALSE,FALSE,
FASLG,Macrophage 2,IgG+ plasmablast / plasma cell,,,2.80424898792922e-06,2.65211216126954e-06,aih_only,0,2,0,2,,2.72818057459938e-06,,,2.65211216126954e-06,2.80424898792922e-06,,FALSE,FALSE,FALSE,FALSE,
FASLG,Macrophage 2,IgM+ B cell,,,3.68143137339254e-06,3.53908417077932e-06,aih_only,0,2,0,2,,3.61025777208593e-06,,,3.53908417077932e-06,3.68143137339254e-06,,FALSE,FALSE,FALSE,FALSE,
FASLG,Macrophage 2,Macrophage 1,,,2.08875590101935e-06,1.74205364465747e-06,aih_only,0,2,0,2,,1.91540477283841e-06,,,1.74205364465747e-06,2.08875590101935e-06,,FALSE,FALSE,FALSE,FALSE,
FASLG,Macrophage 2,Macrophage 2,,,2.1067014984469e-06,2.09728831794403e-06,aih_only,0,2,0,2,,2.10199490819546e-06,,,2.09728831794403e-06,2.1067014984469e-06,,FALSE,FALSE,FALSE,FALSE,
FASLG,Macrophage 2,Sinusoidal endothelial cell,,,1.85859484340494e-06,1.97303264186864e-06,aih_only,0,2,0,2,,1.91581374263679e-06,,,1.85859484340494e-06,1.97303264186864e-06,,FALSE,FALSE,FALSE,FALSE,
FASLG,Macrophage 2,Stellate cell,,,4.82085672210726e-06,4.15355526833118e-06,aih_only,0,2,0,2,,4.48720599521922e-06,,,4.15355526833118e-06,4.82085672210726e-06,,FALSE,FALSE,FALSE,FALSE,
FASLG,Macrophage 2,Vascular endothelial cell,,,2.61647954058351e-06,1.23601111102126e-06,aih_only,0,2,0,2,,1.92624532580239e-06,,,1.23601111102126e-06,2.61647954058351e-06,,FALSE,FALSE,FALSE,FALSE,
FASLG,Sinusoidal endothelial cell,CD4+ T cell,,,3.43435586828685e-06,3.21553306342396e-06,aih_only,0,2,0,2,,3.3249444658554e-06,,,3.21553306342396e-06,3.43435586828685e-06,,FALSE,FALSE,FALSE,FALSE,
FASLG,Sinusoidal endothelial cell,CD8+ T cell 1,,,8.02657668180191e-06,4.63299566177448e-06,aih_only,0,2,0,2,,6.32978617178819e-06,,,4.63299566177448e-06,8.02657668180191e-06,,FALSE,FALSE,FALSE,FALSE,
FASLG,Sinusoidal endothelial cell,CD8+ T cell 2,,,9.76408294152881e-06,7.44989050514352e-06,aih_only,0,2,0,2,,8.60698672333616e-06,,,7.44989050514352e-06,9.76408294152881e-06,,FALSE,FALSE,FALSE,FALSE,
FASLG,Sinusoidal endothelial cell,CD8+ T cell 3,,,8.42487316744635e-06,5.48437659958778e-06,aih_only,0,2,0,2,,6.95462488351707e-06,,,5.48437659958778e-06,8.42487316744635e-06,,FALSE,FALSE,FALSE,FALSE,
FASLG,Sinusoidal endothelial cell,Cholangiocyte,,,3.91394375688307e-06,4.13567324275623e-06,aih_only,0,2,0,2,,4.02480849981965e-06,,,3.91394375688307e-06,4.13567324275623e-06,,FALSE,FALSE,FALSE,FALSE,
FASLG,Sinusoidal endothelial cell,Hepatocyte 1,,,2.12953925078546e-05,1.17233408255515e-05,aih_only,0,2,0,2,,1.6509366666703e-05,,,1.17233408255515e-05,2.12953925078546e-05,,FALSE,FALSE,FALSE,FALSE,
FASLG,Sinusoidal endothelial cell,Hepatocyte 2,,,9.40541583766639e-06,6.25767721216208e-06,aih_only,0,2,0,2,,7.83154652491424e-06,,,6.25767721216208e-06,9.40541583766639e-06,,FALSE,FALSE,FALSE,FALSE,
FASLG,Sinusoidal endothelial cell,Hepatocyte 3,,,2.43031873451087e-06,1.60081012036852e-06,aih_only,0,2,0,2,,2.0155644274397e-06,,,1.60081012036852e-06,2.43031873451087e-06,,FALSE,FALSE,FALSE,FALSE,
FASLG,Sinusoidal endothelial cell,Hepatocyte 4,,,1.26815583408717e-05,1.26497530354665e-05,aih_only,0,2,0,2,,1.26656556881691e-05,,,1.26497530354665e-05,1.26815583408717e-05,,FALSE,FALSE,FALSE,FALSE,
FASLG,Sinusoidal endothelial cell,Ig+ hepatocyte,,,7.09056414792738e-06,5.009580286075e-06,aih_only,0,2,0,2,,6.05007221700119e-06,,,5.009580286075e-06,7.09056414792738e-06,,FALSE,FALSE,FALSE,FALSE,
FASLG,Sinusoidal endothelial cell,IgG+ B cell,,,1.18726416972797e-06,7.25085400887331e-07,aih_only,0,2,0,2,,9.56174785307651e-07,,,7.25085400887331e-07,1.18726416972797e-06,,FALSE,FALSE,FALSE,FALSE,
FASLG,Sinusoidal endothelial cell,IgG+ plasmablast / plasma cell,,,3.30813852802392e-06,1.90287627289323e-06,aih_only,0,2,0,2,,2.60550740045858e-06,,,1.90287627289323e-06,3.30813852802392e-06,,FALSE,FALSE,FALSE,FALSE,
FASLG,Sinusoidal endothelial cell,IgM+ B cell,,,2.25396702837768e-06,1.62587972989508e-06,aih_only,0,2,0,2,,1.93992337913638e-06,,,1.62587972989508e-06,2.25396702837768e-06,,FALSE,FALSE,FALSE,FALSE,
FASLG,Sinusoidal endothelial cell,Macrophage 1,,,5.14455031902433e-06,3.09548310639658e-06,aih_only,0,2,0,2,,4.12001671271045e-06,,,3.09548310639658e-06,5.14455031902433e-06,,FALSE,FALSE,FALSE,FALSE,
FASLG,Sinusoidal endothelial cell,Macrophage 2,,,2.07285967801723e-06,1.65933643327624e-06,aih_only,0,2,0,2,,1.86609805564673e-06,,,1.65933643327624e-06,2.07285967801723e-06,,FALSE,FALSE,FALSE,FALSE,
FASLG,Sinusoidal endothelial cell,Sinusoidal endothelial cell,,,1.45595705928541e-05,7.01208761959675e-06,aih_only,0,2,0,2,,1.07858291062254e-05,,,7.01208761959675e-06,1.45595705928541e-05,,FALSE,FALSE,FALSE,FALSE,
FASLG,Sinusoidal endothelial cell,Stellate cell,,,7.94891772733587e-06,4.79850200391391e-06,aih_only,0,2,0,2,,6.37370986562489e-06,,,4.79850200391391e-06,7.94891772733587e-06,,FALSE,FALSE,FALSE,FALSE,
FASLG,Sinusoidal endothelial cell,Vascular endothelial cell,,,1.09765737922197e-06,7.71795081804927e-07,aih_only,0,2,0,2,,9.34726230513448e-07,,,7.71795081804927e-07,1.09765737922197e-06,,FALSE,FALSE,FALSE,FALSE,
FASLG,Stellate cell,CD4+ T cell,,,4.75284912923164e-06,3.61795966660237e-06,aih_only,0,2,0,2,,4.185404397917e-06,,,3.61795966660237e-06,4.75284912923164e-06,,FALSE,FALSE,FALSE,FALSE,
FASLG,Stellate cell,CD8+ T cell 1,,,4.30919409215147e-06,2.58893332121497e-06,aih_only,0,2,0,2,,3.44906370668322e-06,,,2.58893332121497e-06,4.30919409215147e-06,,FALSE,FALSE,FALSE,FALSE,
FASLG,Stellate cell,CD8+ T cell 2,,,3.22955914655356e-06,3.85664051680203e-06,aih_only,0,2,0,2,,3.5430998316778e-06,,,3.22955914655356e-06,3.85664051680203e-06,,FALSE,FALSE,FALSE,FALSE,
FASLG,Stellate cell,CD8+ T cell 3,,,4.00557562318097e-06,4.42983923705809e-06,aih_only,0,2,0,2,,4.21770743011953e-06,,,4.00557562318097e-06,4.42983923705809e-06,,FALSE,FALSE,FALSE,FALSE,
FASLG,Stellate cell,Cholangiocyte,,,6.86685831118268e-06,6.14848595421885e-06,aih_only,0,2,0,2,,6.50767213270076e-06,,,6.14848595421885e-06,6.86685831118268e-06,,FALSE,FALSE,FALSE,FALSE,
FASLG,Stellate cell,Hepatocyte 1,,,5.04915342607834e-06,5.23549590825885e-06,aih_only,0,2,0,2,,5.1423246671686e-06,,,5.04915342607834e-06,5.23549590825885e-06,,FALSE,FALSE,FALSE,FALSE,
FASLG,Stellate cell,Hepatocyte 2,,,2.45410417441949e-06,3.13235990315856e-06,aih_only,0,2,0,2,,2.79323203878903e-06,,,2.45410417441949e-06,3.13235990315856e-06,,FALSE,FALSE,FALSE,FALSE,
FASLG,Stellate cell,Hepatocyte 3,,,1.37948768129516e-06,1.13353212518336e-06,aih_only,0,2,0,2,,1.25650990323926e-06,,,1.13353212518336e-06,1.37948768129516e-06,,FALSE,FALSE,FALSE,FALSE,
FASLG,Stellate cell,Hepatocyte 4,,,4.87883821218572e-06,4.98239801548869e-06,aih_only,0,2,0,2,,4.9306181138372e-06,,,4.87883821218572e-06,4.98239801548869e-06,,FALSE,FALSE,FALSE,FALSE,
FASLG,Stellate cell,Ig+ hepatocyte,,,2.90732324570373e-06,3.39863902539802e-06,aih_only,0,2,0,2,,3.15298113555087e-06,,,2.90732324570373e-06,3.39863902539802e-06,,FALSE,FALSE,FALSE,FALSE,
FASLG,Stellate cell,IgG+ B cell,,,1.77746056435632e-06,1.64258856103708e-06,aih_only,0,2,0,2,,1.7100245626967e-06,,,1.64258856103708e-06,1.77746056435632e-06,,FALSE,FALSE,FALSE,FALSE,
FASLG,Stellate cell,IgG+ plasmablast / plasma cell,,,3.16026266100672e-06,3.05144451085048e-06,aih_only,0,2,0,2,,3.1058535859286e-06,,,3.05144451085048e-06,3.16026266100672e-06,,FALSE,FALSE,FALSE,FALSE,
FASLG,Stellate cell,IgM+ B cell,,,3.52421769194196e-06,2.36790967675743e-06,aih_only,0,2,0,2,,2.94606368434969e-06,,,2.36790967675743e-06,3.52421769194196e-06,,FALSE,FALSE,FALSE,FALSE,
FASLG,Stellate cell,Macrophage 1,,,2.51894443256858e-06,1.65290020327397e-06,aih_only,0,2,0,2,,2.08592231792127e-06,,,1.65290020327397e-06,2.51894443256858e-06,,FALSE,FALSE,FALSE,FALSE,
FASLG,Stellate cell,Macrophage 2,,,1.95109699110667e-06,1.27719367526591e-06,aih_only,0,2,0,2,,1.61414533318629e-06,,,1.27719367526591e-06,1.95109699110667e-06,,FALSE,FALSE,FALSE,FALSE,
FASLG,Stellate cell,Sinusoidal endothelial cell,,,4.34577985694746e-06,2.08694710869419e-06,aih_only,0,2,0,2,,3.21636348282082e-06,,,2.08694710869419e-06,4.34577985694746e-06,,FALSE,FALSE,FALSE,FALSE,
FASLG,Stellate cell,Stellate cell,,,8.80153485223923e-06,6.54916993104597e-06,aih_only,0,2,0,2,,7.6753523916426e-06,,,6.54916993104597e-06,8.80153485223923e-06,,FALSE,FALSE,FALSE,FALSE,
FASLG,Stellate cell,Vascular endothelial cell,,,2.32176264562567e-06,2.52027014153847e-06,aih_only,0,2,0,2,,2.42101639358207e-06,,,2.32176264562567e-06,2.52027014153847e-06,,FALSE,FALSE,FALSE,FALSE,
FASLG,Vascular endothelial cell,CD4+ T cell,,,4.98502274541616e-06,3.55016712535994e-06,aih_only,0,2,0,2,,4.26759493538805e-06,,,3.55016712535994e-06,4.98502274541616e-06,,FALSE,FALSE,FALSE,FALSE,
FASLG,Vascular endothelial cell,CD8+ T cell 1,,,2.13138893879724e-06,1.83892244547563e-06,aih_only,0,2,0,2,,1.98515569213643e-06,,,1.83892244547563e-06,2.13138893879724e-06,,FALSE,FALSE,FALSE,FALSE,
FASLG,Vascular endothelial cell,CD8+ T cell 2,,,6.69011382138039e-07,6.15460130048132e-07,aih_only,0,2,0,2,,6.42235756093085e-07,,,6.15460130048132e-07,6.69011382138039e-07,,FALSE,FALSE,FALSE,FALSE,
FASLG,Vascular endothelial cell,CD8+ T cell 3,,,3.4657481104947e-06,1.75081594470772e-06,aih_only,0,2,0,2,,2.60828202760121e-06,,,1.75081594470772e-06,3.4657481104947e-06,,FALSE,FALSE,FALSE,FALSE,
FASLG,Vascular endothelial cell,Cholangiocyte,,,5.29235355001516e-06,3.0913875304756e-06,aih_only,0,2,0,2,,4.19187054024538e-06,,,3.0913875304756e-06,5.29235355001516e-06,,FALSE,FALSE,FALSE,FALSE,
FASLG,Vascular endothelial cell,Hepatocyte 1,,,1.70041993961185e-06,1.2498094136198e-06,aih_only,0,2,0,2,,1.47511467661583e-06,,,1.2498094136198e-06,1.70041993961185e-06,,FALSE,FALSE,FALSE,FALSE,
FASLG,Vascular endothelial cell,Hepatocyte 2,,,5.69451597336583e-07,4.25174609385335e-07,aih_only,0,2,0,2,,4.97313103360959e-07,,,4.25174609385335e-07,5.69451597336583e-07,,FALSE,FALSE,FALSE,FALSE,
FASLG,Vascular endothelial cell,Hepatocyte 3,,,5.89901403733146e-07,1.40329703767246e-07,aih_only,0,2,0,2,,3.65115553750196e-07,,,1.40329703767246e-07,5.89901403733146e-07,,FALSE,FALSE,FALSE,FALSE,
FASLG,Vascular endothelial cell,Hepatocyte 4,,,1.65400881573497e-06,1.51161287942229e-06,aih_only,0,2,0,2,,1.58281084757863e-06,,,1.51161287942229e-06,1.65400881573497e-06,,FALSE,FALSE,FALSE,FALSE,
FASLG,Vascular endothelial cell,Ig+ hepatocyte,,,7.28567928076244e-07,1.19946787907437e-06,aih_only,0,2,0,2,,9.64017903575308e-07,,,7.28567928076244e-07,1.19946787907437e-06,,FALSE,FALSE,FALSE,FALSE,
FASLG,Vascular endothelial cell,IgG+ B cell,,,1.44625168966723e-06,2.27894566863379e-06,aih_only,0,2,0,2,,1.86259867915051e-06,,,1.44625168966723e-06,2.27894566863379e-06,,FALSE,FALSE,FALSE,FALSE,
FASLG,Vascular endothelial cell,IgG+ plasmablast / plasma cell,,,3.4953917520587e-06,2.15859343137679e-06,aih_only,0,2,0,2,,2.82699259171774e-06,,,2.15859343137679e-06,3.4953917520587e-06,,FALSE,FALSE,FALSE,FALSE,
FASLG,Vascular endothelial cell,IgM+ B cell,,,3.83787534005629e-06,4.15273881619234e-06,aih_only,0,2,0,2,,3.99530707812432e-06,,,3.83787534005629e-06,4.15273881619234e-06,,FALSE,FALSE,FALSE,FALSE,
FASLG,Vascular endothelial cell,Macrophage 1,,,1.19851701850387e-06,4.07230446631278e-07,aih_only,0,2,0,2,,8.02873732567576e-07,,,4.07230446631278e-07,1.19851701850387e-06,,FALSE,FALSE,FALSE,FALSE,
FASLG,Vascular endothelial cell,Macrophage 2,,,1.88995772867232e-06,9.07127647788995e-07,aih_only,0,2,0,2,,1.39854268823066e-06,,,9.07127647788995e-07,1.88995772867232e-06,,FALSE,FALSE,FALSE,FALSE,
FASLG,Vascular endothelial cell,Sinusoidal endothelial cell,,,6.66955963031303e-07,7.92187618327514e-07,aih_only,0,2,0,2,,7.29571790679408e-07,,,6.66955963031303e-07,7.92187618327514e-07,,FALSE,FALSE,FALSE,FALSE,
FASLG,Vascular endothelial cell,Stellate cell,,,5.50214689979291e-06,3.98665145212661e-06,aih_only,0,2,0,2,,4.74439917595976e-06,,,3.98665145212661e-06,5.50214689979291e-06,,FALSE,FALSE,FALSE,FALSE,
FASLG,Vascular endothelial cell,Vascular endothelial cell,,,1.04668828016535e-05,4.5101793439065e-06,aih_only,0,2,0,2,,7.48853107278001e-06,,,4.5101793439065e-06,1.04668828016535e-05,,FALSE,FALSE,FALSE,FALSE,
FN1,CD4+ T cell,CD4+ T cell,8.91518524785231e-05,0.000224960634422812,4.47126833739756e-05,5.021279561951e-05,all4,2,2,2,2,0.000157056243450668,4.74627394967428e-05,8.91518524785231e-05,0.000224960634422812,4.47126833739756e-05,5.021279561951e-05,1.72450942134461,TRUE,TRUE,FALSE,TRUE,irHepatitis
FN1,CD4+ T cell,CD8+ T cell 1,3.03790016245064e-05,4.47698010206189e-05,1.5931219207347e-05,1.47792585696982e-05,all4,2,2,2,2,3.75744013225626e-05,1.53552388885226e-05,3.03790016245064e-05,4.47698010206189e-05,1.47792585696982e-05,1.5931219207347e-05,1.28604461595024,TRUE,TRUE,FALSE,TRUE,irHepatitis
FN1,CD4+ T cell,CD8+ T cell 2,4.22399761188007e-05,3.42030386818656e-05,1.10015295181977e-05,1.58339088557038e-05,all4,2,2,2,2,3.82215074003332e-05,1.34177191869508e-05,3.42030386818656e-05,4.22399761188007e-05,1.10015295181977e-05,1.58339088557038e-05,1.50400022792121,TRUE,TRUE,FALSE,TRUE,irHepatitis
FN1,CD4+ T cell,CD8+ T cell 3,5.04097505174571e-05,3.04766265593532e-05,1.67872098415394e-05,1.7239304147368e-05,all4,2,2,2,2,4.04431885384052e-05,1.70132569944537e-05,3.04766265593532e-05,5.04097505174571e-05,1.67872098415394e-05,1.7239304147368e-05,1.24483718792426,TRUE,TRUE,FALSE,TRUE,irHepatitis
FN1,CD4+ T cell,Cholangiocyte,0.000115023567710487,0.000247423866296403,4.85090039613558e-05,3.45354272884262e-05,all4,2,2,2,2,0.000181223717003445,4.1522215624891e-05,0.000115023567710487,0.000247423866296403,3.45354272884262e-05,4.85090039613558e-05,2.1234115852004,TRUE,TRUE,FALSE,TRUE,irHepatitis
FN1,CD4+ T cell,Hepatocyte 1,1.14719188289835e-05,1.14238182754984e-05,1.04718921968079e-05,1.48676792768383e-05,all4,2,2,2,2,1.14478685522409e-05,1.26697857368231e-05,1.14238182754984e-05,1.14719188289835e-05,1.04718921968079e-05,1.48676792768383e-05,-0.145228501777379,TRUE,FALSE,FALSE,FALSE,
FN1,CD4+ T cell,Hepatocyte 2,1.07722103033769e-05,1.30682600529815e-05,9.72822942660537e-06,1.24347388212255e-05,all4,2,2,2,2,1.19202351781792e-05,1.10814841239155e-05,1.07722103033769e-05,1.30682600529815e-05,9.72822942660537e-06,1.24347388212255e-05,0.104444393440284,TRUE,FALSE,FALSE,FALSE,
FN1,CD4+ T cell,Hepatocyte 3,5.29472827730265e-06,1.08514520819031e-05,6.57540134356464e-06,8.12152841984423e-06,all4,2,2,2,2,8.07309017960288e-06,7.34846488170444e-06,5.29472827730265e-06,1.08514520819031e-05,6.57540134356464e-06,8.12152841984423e-06,0.134112106036255,TRUE,FALSE,FALSE,FALSE,
FN1,CD4+ T cell,Hepatocyte 4,1.69429641409438e-05,3.0163458408831e-06,9.37942077920528e-06,1.51749242490695e-05,all4,2,2,2,2,9.97965499091343e-06,1.22771725141374e-05,3.0163458408831e-06,1.69429641409438e-05,9.37942077920528e-06,1.51749242490695e-05,-0.296503956148782,TRUE,FALSE,FALSE,FALSE,
FN1,CD4+ T cell,Ig+ hepatocyte,0.00010653146910945,,1.94455617285844e-05,2.71437404859477e-05,all4,2,2,1,2,0.00010653146910945,2.3294651107266e-05,,,1.94455617285844e-05,2.71437404859477e-05,2.18886870428677,FALSE,FALSE,FALSE,FALSE,
FN1,CD4+ T cell,IgG+ B cell,2.07352966759944e-05,8.70050159631974e-06,2.15516980127968e-05,1.55987318201205e-05,all4,2,2,2,2,1.47178991361571e-05,1.85752149164586e-05,8.70050159631974e-06,2.07352966759944e-05,1.55987318201205e-05,2.15516980127968e-05,-0.33398704806229,TRUE,FALSE,FALSE,FALSE,
FN1,CD4+ T cell,IgG+ plasmablast / plasma cell,0.000118129827380177,0.000204638908102831,4.40461266731035e-05,4.43525618270702e-05,all4,2,2,2,2,0.000161384367741504,4.41993442500868e-05,0.000118129827380177,0.000204638908102831,4.40461266731035e-05,4.43525618270702e-05,1.86627586162809,TRUE,TRUE,FALSE,TRUE,irHepatitis
FN1,CD4+ T cell,IgM+ B cell,6.85039370988662e-05,6.2581947647626e-05,3.35938561113573e-05,4.68246320449894e-05,all4,2,2,2,2,6.55429423732461e-05,4.02092440781733e-05,6.2581947647626e-05,6.85039370988662e-05,3.35938561113573e-05,4.68246320449894e-05,0.703668639094651,TRUE,TRUE,FALSE,TRUE,irHepatitis
FN1,CD4+ T cell,Macrophage 1,2.55081964342545e-05,1.57728544843605e-05,1.18778568169342e-05,1.20027417028893e-05,all4,2,2,2,2,2.06405254593075e-05,1.19402992599118e-05,1.57728544843605e-05,2.55081964342545e-05,1.18778568169342e-05,1.20027417028893e-05,0.785088906714536,TRUE,TRUE,FALSE,TRUE,irHepatitis
FN1,CD4+ T cell,Macrophage 2,2.14390887858102e-05,3.74917444190928e-05,1.47951341569451e-05,1.58776579262012e-05,all4,2,2,2,2,2.94654166024515e-05,1.53363960415732e-05,2.14390887858102e-05,3.74917444190928e-05,1.47951341569451e-05,1.58776579262012e-05,0.938025723269045,TRUE,TRUE,FALSE,TRUE,irHepatitis
FN1,CD4+ T cell,Sinusoidal endothelial cell,2.00276192582702e-06,4.88705487137242e-06,4.45850721530873e-06,7.94526579396179e-06,all4,2,2,2,2,3.44490839859972e-06,6.20188650463526e-06,2.00276192582702e-06,4.88705487137242e-06,4.45850721530873e-06,7.94526579396179e-06,-0.831836703493674,TRUE,FALSE,FALSE,FALSE,
FN1,CD4+ T cell,Stellate cell,1.65328032205841e-05,2.86900425453485e-05,1.17876878399997e-05,1.35095967314894e-05,all4,2,2,2,2,2.26114228829663e-05,1.26486422857446e-05,1.65328032205841e-05,2.86900425453485e-05,1.17876878399997e-05,1.35095967314894e-05,0.833575899030119,TRUE,TRUE,FALSE,TRUE,irHepatitis
FN1,CD4+ T cell,Vascular endothelial cell,1.96763106034861e-05,1.88267441366135e-05,1.61959384731622e-05,1.61575020889946e-05,all4,2,2,2,2,1.92515273700498e-05,1.61767202810784e-05,1.88267441366135e-05,1.96763106034861e-05,1.61575020889946e-05,1.61959384731622e-05,0.249779655893102,TRUE,TRUE,FALSE,TRUE,irHepatitis
FN1,CD8+ T cell 1,CD4+ T cell,6.98184415088828e-05,0.000109883895471134,2.09100568059326e-05,2.13580329422479e-05,all4,2,2,2,2,8.98511684900084e-05,2.11340448740903e-05,6.98184415088828e-05,0.000109883895471134,2.09100568059326e-05,2.13580329422479e-05,2.08328690015202,TRUE,TRUE,FALSE,TRUE,irHepatitis
FN1,CD8+ T cell 1,CD8+ T cell 1,6.54202107286305e-05,0.000114078545367655,2.4420432292323e-05,3.59970686284701e-05,all4,2,2,2,2,8.97493780481429e-05,3.02087504603966e-05,6.54202107286305e-05,0.000114078545367655,2.4420432292323e-05,3.59970686284701e-05,1.56809262262103,TRUE,TRUE,FALSE,TRUE,irHepatitis
FN1,CD8+ T cell 1,CD8+ T cell 2,8.4053288179289e-05,0.000103846347699765,3.94242031549396e-05,4.64472648244224e-05,all4,2,2,2,2,9.39498179395269e-05,4.2935733989681e-05,8.4053288179289e-05,0.000103846347699765,3.94242031549396e-05,4.64472648244224e-05,1.12807365964704,TRUE,TRUE,FALSE,TRUE,irHepatitis
FN1,CD8+ T cell 1,CD8+ T cell 3,6.98531156191697e-05,7.02422047770441e-05,2.51071661755233e-05,3.41716327463522e-05,all4,2,2,2,2,7.00476601981069e-05,2.96393994609378e-05,6.98531156191697e-05,7.02422047770441e-05,2.51071661755233e-05,3.41716327463522e-05,1.23830162200396,TRUE,TRUE,FALSE,TRUE,irHepatitis
FN1,CD8+ T cell 1,Cholangiocyte,0.000166736987496156,0.00015541352563892,3.05683799706662e-05,3.01278545875973e-05,all4,2,2,2,2,0.000161075256567538,3.03481172791318e-05,0.00015541352563892,0.000166736987496156,3.01278545875973e-05,3.05683799706662e-05,2.4045933664301,TRUE,TRUE,FALSE,TRUE,irHepatitis
FN1,CD8+ T cell 1,Hepatocyte 1,3.4646130118328e-05,6.15396983917675e-05,3.76563451206001e-05,4.54788944728178e-05,all4,2,2,2,2,4.80929142550478e-05,4.15676197967089e-05,3.4646130118328e-05,6.15396983917675e-05,3.76563451206001e-05,4.54788944728178e-05,0.209941687789686,TRUE,FALSE,FALSE,FALSE,
FN1,CD8+ T cell 1,Hepatocyte 2,3.48041695645863e-05,5.87542471358954e-05,3.47010659659284e-05,4.12230189468054e-05,all4,2,2,2,2,4.67792083502409e-05,3.79620424563669e-05,3.48041695645863e-05,5.87542471358954e-05,3.47010659659284e-05,4.12230189468054e-05,0.300667207545711,TRUE,FALSE,FALSE,FALSE,
FN1,CD8+ T cell 1,Hepatocyte 3,2.50252811198799e-05,4.96056756630329e-05,1.677644427467e-05,2.50313950484763e-05,all4,2,2,2,2,3.73154783914564e-05,2.09039196615732e-05,2.50252811198799e-05,4.96056756630329e-05,1.677644427467e-05,2.50313950484763e-05,0.833280879529141,TRUE,FALSE,FALSE,FALSE,
FN1,CD8+ T cell 1,Hepatocyte 4,4.59189644763176e-05,5.48532560348024e-05,3.61471690762331e-05,4.52435439876666e-05,all4,2,2,2,2,5.038611025556e-05,4.06953565319499e-05,4.59189644763176e-05,5.48532560348024e-05,3.61471690762331e-05,4.52435439876666e-05,0.307550116501566,TRUE,TRUE,FALSE,TRUE,irHepatitis
FN1,CD8+ T cell 1,Ig+ hepatocyte,3.1349839847045e-05,,4.01748007137608e-05,4.3752570836464e-05,all4,2,2,1,2,3.1349839847045e-05,4.19636857751124e-05,,,4.01748007137608e-05,4.3752570836464e-05,-0.419639475323988,FALSE,FALSE,FALSE,FALSE,
FN1,CD8+ T cell 1,IgG+ B cell,2.51838801425385e-05,3.09604186863182e-05,1.56200779618493e-05,1.06965406150867e-05,all4,2,2,2,2,2.80721494144284e-05,1.3158309288468e-05,2.51838801425385e-05,3.09604186863182e-05,1.06965406150867e-05,1.56200779618493e-05,1.08795463532715,TRUE,TRUE,FALSE,TRUE,irHepatitis
FN1,CD8+ T cell 1,IgG+ plasmablast / plasma cell,0.000110293016768252,0.000187051180398299,3.817943071235e-05,4.13280218430535e-05,all4,2,2,2,2,0.000148672098583276,3.97537262777017e-05,0.000110293016768252,0.000187051180398299,3.817943071235e-05,4.13280218430535e-05,1.90058502555774,TRUE,TRUE,FALSE,TRUE,irHepatitis
FN1,CD8+ T cell 1,IgM+ B cell,5.17415641508743e-05,4.59315546980444e-05,1.5142914977985e-05,1.71814935344988e-05,all4,2,2,2,2,4.88365594244594e-05,1.61622042562419e-05,4.59315546980444e-05,5.17415641508743e-05,1.5142914977985e-05,1.71814935344988e-05,1.58998803057713,TRUE,TRUE,FALSE,TRUE,irHepatitis
FN1,CD8+ T cell 1,Macrophage 1,4.55043171151009e-05,5.35921434197332e-05,2.12282465136818e-05,3.21360224918959e-05,all4,2,2,2,2,4.95482302674171e-05,2.66821345027888e-05,4.55043171151009e-05,5.35921434197332e-05,2.12282465136818e-05,3.21360224918959e-05,0.890721857027406,TRUE,TRUE,FALSE,TRUE,irHepatitis
FN1,CD8+ T cell 1,Macrophage 2,3.48668300008912e-05,3.48457165577688e-05,1.17866619020637e-05,1.83566013033001e-05,all4,2,2,2,2,3.485627327933e-05,1.50716316026819e-05,3.48457165577688e-05,3.48668300008912e-05,1.17866619020637e-05,1.83566013033001e-05,1.20471868362731,TRUE,TRUE,FALSE,TRUE,irHepatitis
FN1,CD8+ T cell 1,Sinusoidal endothelial cell,1.27839985904912e-05,3.67077452188148e-05,1.29279911742766e-05,2.25748530765186e-05,all4,2,2,2,2,2.4745871904653e-05,1.77514221253976e-05,1.27839985904912e-05,3.67077452188148e-05,1.29279911742766e-05,2.25748530765186e-05,0.477196930331404,TRUE,FALSE,FALSE,FALSE,
FN1,CD8+ T cell 1,Stellate cell,2.83910204655993e-05,4.31120249656817e-05,9.66045099041292e-06,1.72694618734528e-05,all4,2,2,2,2,3.57515227156405e-05,1.34649564319328e-05,2.83910204655993e-05,4.31120249656817e-05,9.66045099041292e-06,1.72694618734528e-05,1.40281770423515,TRUE,TRUE,FALSE,TRUE,irHepatitis
FN1,CD8+ T cell 1,Vascular endothelial cell,2.38788190709733e-05,2.51539983155068e-05,7.78290091196501e-06,7.79832150439187e-06,all4,2,2,2,2,2.451640869324e-05,7.79061120817844e-06,2.38788190709733e-05,2.51539983155068e-05,7.78290091196501e-06,7.79832150439187e-06,1.64266642959712,TRUE,TRUE,FALSE,TRUE,irHepatitis
FN1,CD8+ T cell 2,CD4+ T cell,8.06950113119298e-05,0.00013075762768168,5.97016084803518e-05,5.48341385470028e-05,all4,2,2,2,2,0.000105726319496805,5.72678735136773e-05,8.06950113119298e-05,0.00013075762768168,5.48341385470028e-05,5.97016084803518e-05,0.883499787904755,TRUE,TRUE,FALSE,TRUE,irHepatitis
FN1,CD8+ T cell 2,CD8+ T cell 1,0.000124789051265076,0.000218929452264175,0.000118163723569174,0.00010040298197891,all4,2,2,2,2,0.000171859251764626,0.000109283352774042,0.000124789051265076,0.000218929452264175,0.00010040298197891,0.000118163723569174,0.652722001991774,TRUE,TRUE,FALSE,TRUE,irHepatitis
FN1,CD8+ T cell 2,CD8+ T cell 2,0.00275478875669988,0.00254063701309812,0.000592705790095225,0.000456739215977353,all4,2,2,2,2,0.002647712884899,0.000524722503036289,0.00254063701309812,0.00275478875669988,0.000456739215977353,0.000592705790095225,2.33492193717427,TRUE,TRUE,FALSE,TRUE,irHepatitis
FN1,CD8+ T cell 2,CD8+ T cell 3,0.000239820388449037,0.000265366111512658,0.000169651241194977,0.000137642370761044,all4,2,2,2,2,0.000252593249980848,0.000153646805978011,0.000239820388449037,0.000265366111512658,0.000137642370761044,0.000169651241194977,0.71686777961468,TRUE,TRUE,FALSE,TRUE,irHepatitis
FN1,CD8+ T cell 2,Cholangiocyte,0.00024484223873051,0.000317297320238465,5.44672563709972e-05,6.74092987080901e-05,all4,2,2,2,2,0.000281069779484487,6.09382775395436e-05,0.00024484223873051,0.000317297320238465,5.44672563709972e-05,6.74092987080901e-05,2.20384219868813,TRUE,TRUE,FALSE,TRUE,irHepatitis
FN1,CD8+ T cell 2,Hepatocyte 1,0.000175844852273245,0.000314734585861176,0.000359865504680152,0.00020017066683619,all4,2,2,2,2,0.00024528971906721,0.000280018085758171,0.000175844852273245,0.000314734585861176,0.00020017066683619,0.000359865504680152,-0.190967685069106,TRUE,FALSE,FALSE,FALSE,
FN1,CD8+ T cell 2,Hepatocyte 2,0.000175821734181937,0.00029990684895425,0.000334508988143282,0.00018089455584991,all4,2,2,2,2,0.000237864291568094,0.000257701771996596,0.000175821734181937,0.00029990684895425,0.00018089455584991,0.000334508988143282,-0.115521787519426,TRUE,FALSE,FALSE,FALSE,
FN1,CD8+ T cell 2,Hepatocyte 3,0.000144837276970488,0.00022898160924518,0.000150429643293167,0.000107793619975758,all4,2,2,2,2,0.000186909443107834,0.000129111631634462,0.000144837276970488,0.00022898160924518,0.000107793619975758,0.000150429643293167,0.533410010248876,TRUE,FALSE,FALSE,FALSE,
FN1,CD8+ T cell 2,Hepatocyte 4,0.000161029935294376,0.000333575380212432,0.000372363198379016,0.000200123319029751,all4,2,2,2,2,0.000247302657753404,0.000286243258704384,0.000161029935294376,0.000333575380212432,0.000200123319029751,0.000372363198379016,-0.210892645606808,TRUE,FALSE,FALSE,FALSE,
FN1,CD8+ T cell 2,Ig+ hepatocyte,5.93624475295594e-05,,0.000219033229553944,0.000134437208164796,all4,2,2,1,2,5.93624475295594e-05,0.00017673521885937,,,0.000134437208164796,0.000219033229553944,-1.57251745894853,FALSE,FALSE,FALSE,FALSE,
FN1,CD8+ T cell 2,IgG+ B cell,6.72878226366735e-05,5.65036774499205e-05,2.67818491711719e-05,2.16726844355724e-05,all4,2,2,2,2,6.1895750043297e-05,2.42272668033722e-05,5.65036774499205e-05,6.72878226366735e-05,2.16726844355724e-05,2.67818491711719e-05,1.34995891281971,TRUE,TRUE,FALSE,TRUE,irHepatitis
FN1,CD8+ T cell 2,IgG+ plasmablast / plasma cell,0.000102696637989069,0.000174497225841181,0.000101468883460953,9.12021233612877e-05,all4,2,2,2,2,0.000138596931915125,9.63355034111205e-05,0.000102696637989069,0.000174497225841181,9.12021233612877e-05,0.000101468883460953,0.524345605520199,TRUE,TRUE,FALSE,TRUE,irHepatitis
FN1,CD8+ T cell 2,IgM+ B cell,5.74840356226504e-05,8.67335043194493e-05,3.90590537497505e-05,4.32661027531109e-05,all4,2,2,2,2,7.21087699710498e-05,4.11625782514307e-05,5.74840356226504e-05,8.67335043194493e-05,3.90590537497505e-05,4.32661027531109e-05,0.807491384591836,TRUE,TRUE,FALSE,TRUE,irHepatitis
FN1,CD8+ T cell 2,Macrophage 1,0.000197370571473154,0.000225909373695189,0.000133946556230656,0.000122737537583761,all4,2,2,2,2,0.000211639972584171,0.000128342046907208,0.000197370571473154,0.000225909373695189,0.000122737537583761,0.000133946556230656,0.721220694869607,TRUE,TRUE,FALSE,TRUE,irHepatitis
FN1,CD8+ T cell 2,Macrophage 2,0.000102448927751906,8.77532991914361e-05,3.61913401999627e-05,5.91109749809534e-05,all4,2,2,2,2,9.51011134716709e-05,4.7651157590458e-05,8.77532991914361e-05,0.000102448927751906,3.61913401999627e-05,5.91109749809534e-05,0.995594771774497,TRUE,TRUE,FALSE,TRUE,irHepatitis
FN1,CD8+ T cell 2,Sinusoidal endothelial cell,7.74444753029252e-05,0.000186192894855181,8.82460117181112e-05,9.07373496930044e-05,all4,2,2,2,2,0.000131818685079053,8.94916807055578e-05,7.74444753029252e-05,0.000186192894855181,8.82460117181112e-05,9.07373496930044e-05,0.558264406047161,TRUE,FALSE,FALSE,FALSE,
FN1,CD8+ T cell 2,Stellate cell,0.000102623043896286,0.000129965979161026,3.51960968026535e-05,5.69999655550028e-05,all4,2,2,2,2,0.000116294511528656,4.60980311788282e-05,0.000102623043896286,0.000129965979161026,3.51960968026535e-05,5.69999655550028e-05,1.33330989985031,TRUE,TRUE,FALSE,TRUE,irHepatitis
FN1,CD8+ T cell 2,Vascular endothelial cell,3.24752156979424e-05,3.99426849657951e-05,1.53272462306103e-05,1.52833817957205e-05,all4,2,2,2,2,3.62089503318688e-05,1.53053140131654e-05,3.24752156979424e-05,3.99426849657951e-05,1.52833817957205e-05,1.53272462306103e-05,1.23744163181262,TRUE,TRUE,FALSE,TRUE,irHepatitis
FN1,CD8+ T cell 3,CD4+ T cell,5.53747425173269e-05,2.81248633764337e-05,3.59065532138401e-05,3.499321813619e-05,all4,2,2,2,2,4.17498029468803e-05,3.5449885675015e-05,2.81248633764337e-05,5.53747425173269e-05,3.499321813619e-05,3.59065532138401e-05,0.235437593589087,TRUE,FALSE,FALSE,FALSE,
FN1,CD8+ T cell 3,CD8+ T cell 1,5.72097645916125e-05,4.93763370715262e-05,4.17984824584697e-05,4.38619517092389e-05,all4,2,2,2,2,5.32930508315693e-05,4.28302170838543e-05,4.93763370715262e-05,5.72097645916125e-05,4.17984824584697e-05,4.38619517092389e-05,0.314725006634257,TRUE,TRUE,FALSE,TRUE,irHepatitis
FN1,CD8+ T cell 3,CD8+ T cell 2,0.000113787217720524,0.000107441571866846,0.000105240506511614,8.18038981405068e-05,all4,2,2,2,2,0.000110614394793685,9.35222023260603e-05,0.000107441571866846,0.000113787217720524,8.18038981405068e-05,0.000105240506511614,0.24194421860425,TRUE,TRUE,FALSE,TRUE,irHepatitis
FN1,CD8+ T cell 3,CD8+ T cell 3,0.000293230608002288,0.000446301170045027,0.000221830388683778,0.000254081147253541,all4,2,2,2,2,0.000369765889023658,0.000237955767968659,0.000293230608002288,0.000446301170045027,0.000221830388683778,0.000254081147253541,0.635724470637645,TRUE,TRUE,FALSE,TRUE,irHepatitis
FN1,CD8+ T cell 3,Cholangiocyte,0.000195113072485204,8.94188776258262e-05,4.85074179061102e-05,5.2280731003795e-05,all4,2,2,2,2,0.000142265975055515,5.03940744549526e-05,8.94188776258262e-05,0.000195113072485204,4.85074179061102e-05,5.2280731003795e-05,1.49560453276777,TRUE,TRUE,FALSE,TRUE,irHepatitis
FN1,CD8+ T cell 3,Hepatocyte 1,3.80861766459489e-05,6.43030631132357e-05,9.52165347519699e-05,7.95651841329888e-05,all4,2,2,2,2,5.11946198795923e-05,8.73908594424793e-05,3.80861766459489e-05,6.43030631132357e-05,7.95651841329888e-05,9.52165347519699e-05,-0.770442262761029,TRUE,FALSE,TRUE,TRUE,AIH
FN1,CD8+ T cell 3,Hepatocyte 2,2.9981009117609e-05,5.74626126351605e-05,7.67205460435962e-05,7.31507957747748e-05,all4,2,2,2,2,4.37218108763847e-05,7.49356709091855e-05,2.9981009117609e-05,5.74626126351605e-05,7.31507957747748e-05,7.67205460435962e-05,-0.776065761763133,TRUE,FALSE,TRUE,TRUE,AIH
FN1,CD8+ T cell 3,Hepatocyte 3,2.32350060717895e-05,4.38386890308854e-05,4.13296267010875e-05,4.48447332649337e-05,all4,2,2,2,2,3.35368475513375e-05,4.30871799830106e-05,2.32350060717895e-05,4.38386890308854e-05,4.13296267010875e-05,4.48447332649337e-05,-0.360656380767944,TRUE,FALSE,FALSE,FALSE,
FN1,CD8+ T cell 3,Hepatocyte 4,0.000116700615964221,0.000134623291962787,0.000186564532643819,9.95416558222121e-05,all4,2,2,2,2,0.000125661953963504,0.000143053094233016,0.000116700615964221,0.000134623291962787,9.95416558222121e-05,0.000186564532643819,-0.186877385398265,TRUE,FALSE,FALSE,FALSE,
FN1,CD8+ T cell 3,Ig+ hepatocyte,0.000157683444542729,,8.00304877623138e-05,7.7379863278258e-05,all4,2,2,1,2,0.000157683444542729,7.87051755202859e-05,,,7.7379863278258e-05,8.00304877623138e-05,1.00167606165079,FALSE,FALSE,FALSE,FALSE,
FN1,CD8+ T cell 3,IgG+ B cell,2.41018430552409e-05,1.39812652783486e-05,2.0841381119369e-05,1.74649877722254e-05,all4,2,2,2,2,1.90415541667947e-05,1.91531844457972e-05,1.39812652783486e-05,2.41018430552409e-05,1.74649877722254e-05,2.0841381119369e-05,-0.00839352670983336,TRUE,FALSE,FALSE,FALSE,
FN1,CD8+ T cell 3,IgG+ plasmablast / plasma cell,8.2765118348426e-05,2.00899347723945e-05,5.93362022723345e-05,6.68607277028012e-05,all4,2,2,2,2,5.14275265604103e-05,6.30984649875679e-05,2.00899347723945e-05,8.2765118348426e-05,5.93362022723345e-05,6.68607277028012e-05,-0.294598378817669,TRUE,FALSE,FALSE,FALSE,
FN1,CD8+ T cell 3,IgM+ B cell,3.53890073469405e-05,3.09641317699732e-05,2.71374931938718e-05,2.33235593248644e-05,all4,2,2,2,2,3.31765695584568e-05,2.52305262593681e-05,3.09641317699732e-05,3.53890073469405e-05,2.33235593248644e-05,2.71374931938718e-05,0.393766998670247,TRUE,TRUE,FALSE,TRUE,irHepatitis
FN1,CD8+ T cell 3,Macrophage 1,7.10424010652476e-05,6.58983097698926e-05,4.76537687896641e-05,4.94859692007275e-05,all4,2,2,2,2,6.84703554175701e-05,4.85698689951958e-05,6.58983097698926e-05,7.10424010652476e-05,4.76537687896641e-05,4.94859692007275e-05,0.494642964851539,TRUE,TRUE,FALSE,TRUE,irHepatitis
FN1,CD8+ T cell 3,Macrophage 2,5.04120008583123e-05,1.91461101495872e-05,1.85447257662185e-05,3.22493444246522e-05,all4,2,2,2,2,3.47790555039498e-05,2.53970350954354e-05,1.91461101495872e-05,5.04120008583123e-05,1.85447257662185e-05,3.22493444246522e-05,0.452185170058449,TRUE,FALSE,FALSE,FALSE,
FN1,CD8+ T cell 3,Sinusoidal endothelial cell,1.73702209644393e-05,4.31434917909899e-05,2.40514648043917e-05,3.56043552535752e-05,all4,2,2,2,2,3.02568563777146e-05,2.98279100289835e-05,1.73702209644393e-05,4.31434917909899e-05,2.40514648043917e-05,3.56043552535752e-05,0.0205377435987006,TRUE,FALSE,FALSE,FALSE,
FN1,CD8+ T cell 3,Stellate cell,2.29581944877559e-05,3.28186329302405e-05,1.86306447349432e-05,2.9690799282395e-05,all4,2,2,2,2,2.78884137089982e-05,2.41607220086691e-05,2.29581944877559e-05,3.28186329302405e-05,1.86306447349432e-05,2.9690799282395e-05,0.20628721602147,TRUE,FALSE,FALSE,FALSE,
FN1,CD8+ T cell 3,Vascular endothelial cell,2.55159280570613e-05,1.09459641871303e-05,1.34679972386948e-05,1.22803786895891e-05,all4,2,2,2,2,1.82309461220958e-05,1.2874187964142e-05,1.09459641871303e-05,2.55159280570613e-05,1.22803786895891e-05,1.34679972386948e-05,0.49896523760053,TRUE,FALSE,FALSE,FALSE,
FN1,Cholangiocyte,CD4+ T cell,0.000124078437363207,0.000112601931457382,5.31859635490206e-05,0.000129890598978708,all4,2,2,2,2,0.000118340184410295,9.15382812638644e-05,0.000112601931457382,0.000124078437363207,5.31859635490206e-05,0.000129890598978708,0.370172302250396,TRUE,FALSE,FALSE,FALSE,
FN1,Cholangiocyte,CD8+ T cell 1,8.05549626725975e-05,7.68443455078629e-05,3.27436920696316e-05,8.30192614157575e-05,all4,2,2,2,2,7.86996540902302e-05,5.78814767426946e-05,7.68443455078629e-05,8.05549626725975e-05,3.27436920696316e-05,8.30192614157575e-05,0.442663585268621,TRUE,FALSE,FALSE,FALSE,
FN1,Cholangiocyte,CD8+ T cell 2,0.000140998389459312,0.000141164435608835,2.48987850431172e-05,7.52805268451041e-05,all4,2,2,2,2,0.000141081412534073,5.00896559441107e-05,0.000140998389459312,0.000141164435608835,2.48987850431172e-05,7.52805268451041e-05,1.49227523556777,TRUE,TRUE,FALSE,TRUE,irHepatitis
FN1,Cholangiocyte,CD8+ T cell 3,0.000137852114306576,0.000106135411040879,3.32253677205871e-05,0.000105615177033421,all4,2,2,2,2,0.000121993762673728,6.94202723770042e-05,0.000106135411040879,0.000137852114306576,3.32253677205871e-05,0.000105615177033421,0.81257407314358,TRUE,TRUE,FALSE,TRUE,irHepatitis
FN1,Cholangiocyte,Cholangiocyte,0.000803542771058813,0.00092901730629643,0.000199108708599686,0.000484681228078356,all4,2,2,2,2,0.000866280038677621,0.000341894968339021,0.000803542771058813,0.00092901730629643,0.000199108708599686,0.000484681228078356,1.34105067871679,TRUE,TRUE,FALSE,TRUE,irHepatitis
FN1,Cholangiocyte,Hepatocyte 1,7.03277862002593e-05,5.93940957191718e-05,2.5510046723822e-05,6.94582897412863e-05,all4,2,2,2,2,6.48609409597156e-05,4.74841682325542e-05,5.93940957191718e-05,7.03277862002593e-05,2.5510046723822e-05,6.94582897412863e-05,0.449172759350323,TRUE,FALSE,FALSE,FALSE,
FN1,Cholangiocyte,Hepatocyte 2,6.59135964748686e-05,5.48210806389245e-05,2.52248459062075e-05,5.45516070228849e-05,all4,2,2,2,2,6.03673385568966e-05,3.98882264645462e-05,5.48210806389245e-05,6.59135964748686e-05,2.52248459062075e-05,5.45516070228849e-05,0.596704152643121,TRUE,TRUE,FALSE,TRUE,irHepatitis
FN1,Cholangiocyte,Hepatocyte 3,4.16490005325261e-05,3.63380637197373e-05,1.8434986352965e-05,4.26146088502779e-05,all4,2,2,2,2,3.89935321261317e-05,3.05247976016214e-05,3.63380637197373e-05,4.16490005325261e-05,1.8434986352965e-05,4.26146088502779e-05,0.352332673887979,TRUE,FALSE,FALSE,FALSE,
FN1,Cholangiocyte,Hepatocyte 4,5.97820348760076e-05,5.24598395715278e-06,2.33492461879573e-05,6.83355298416809e-05,all4,2,2,2,2,3.25140094165802e-05,4.58423880148191e-05,5.24598395715278e-06,5.97820348760076e-05,2.33492461879573e-05,6.83355298416809e-05,-0.494463615258226,TRUE,FALSE,FALSE,FALSE,
FN1,Cholangiocyte,Ig+ hepatocyte,6.16445116615924e-05,,5.76317671603783e-05,0.000173894741555027,all4,2,2,1,2,6.16445116615924e-05,0.000115763254357703,,,5.76317671603783e-05,0.000173894741555027,-0.908150466476199,FALSE,FALSE,FALSE,FALSE,
FN1,Cholangiocyte,IgG+ B cell,5.29681075366293e-05,9.11912162167996e-06,5.10166012210788e-05,8.43116966542988e-05,all4,2,2,2,2,3.10436145791546e-05,6.76641489376888e-05,9.11912162167996e-06,5.29681075366293e-05,5.10166012210788e-05,8.43116966542988e-05,-1.12183857595449,TRUE,FALSE,FALSE,FALSE,
FN1,Cholangiocyte,IgG+ plasmablast / plasma cell,0.000191504190639294,0.000108313726841545,8.94484342947542e-05,0.000285652368810815,all4,2,2,2,2,0.000149908958740419,0.000187550401552784,0.000108313726841545,0.000191504190639294,8.94484342947542e-05,0.000285652368810815,-0.323018189635251,TRUE,FALSE,FALSE,FALSE,
FN1,Cholangiocyte,IgM+ B cell,7.42200691307572e-05,7.79604597429394e-05,4.05635814235315e-05,0.000104537171477465,all4,2,2,2,2,7.60902644368483e-05,7.25503764504981e-05,7.42200691307572e-05,7.79604597429394e-05,4.05635814235315e-05,0.000104537171477465,0.0686457036831802,TRUE,FALSE,FALSE,FALSE,
FN1,Cholangiocyte,Macrophage 1,7.53083139303414e-05,3.80636108326181e-05,2.41144082067687e-05,5.93333116154796e-05,all4,2,2,2,2,5.66859623814798e-05,4.17238599111242e-05,3.80636108326181e-05,7.53083139303414e-05,2.41144082067687e-05,5.93333116154796e-05,0.441299886866985,TRUE,FALSE,FALSE,FALSE,
FN1,Cholangiocyte,Macrophage 2,7.23284945353339e-05,5.21913761354111e-05,3.43446481651568e-05,9.26357903256399e-05,all4,2,2,2,2,6.22599353353725e-05,6.34902192453983e-05,5.21913761354111e-05,7.23284945353339e-05,3.43446481651568e-05,9.26357903256399e-05,-0.0281899698449746,TRUE,FALSE,FALSE,FALSE,
FN1,Cholangiocyte,Sinusoidal endothelial cell,2.20726986712324e-05,3.23134444557756e-05,1.30525084364212e-05,3.48534365633121e-05,all4,2,2,2,2,2.7193071563504e-05,2.39529724998666e-05,2.20726986712324e-05,3.23134444557756e-05,1.30525084364212e-05,3.48534365633121e-05,0.182391475372876,TRUE,FALSE,FALSE,FALSE,
FN1,Cholangiocyte,Stellate cell,6.11829572579945e-05,6.95225885892807e-05,2.44027709550987e-05,7.01105271247309e-05,all4,2,2,2,2,6.53527729236376e-05,4.72566490399148e-05,6.11829572579945e-05,6.95225885892807e-05,2.44027709550987e-05,7.01105271247309e-05,0.466972352135796,TRUE,FALSE,FALSE,FALSE,
FN1,Cholangiocyte,Vascular endothelial cell,6.46473924703889e-05,4.62732980319223e-05,2.39346225463601e-05,7.11789326446222e-05,all4,2,2,2,2,5.54603452511556e-05,4.75567775954911e-05,4.62732980319223e-05,6.46473924703889e-05,2.39346225463601e-05,7.11789326446222e-05,0.221417638563045,TRUE,FALSE,FALSE,FALSE,
FN1,Hepatocyte 1,CD4+ T cell,5.95830854373278e-05,8.90917120851945e-05,9.09359289562653e-05,6.58277423098593e-05,all4,2,2,2,2,7.43373987612612e-05,7.83818356330623e-05,5.95830854373278e-05,8.90917120851945e-05,6.58277423098593e-05,9.09359289562653e-05,-0.0763412282006611,TRUE,FALSE,FALSE,FALSE,
FN1,Hepatocyte 1,CD8+ T cell 1,9.53745509763024e-05,0.000215571679023251,0.000181276522143281,0.0001197257807925,all4,2,2,2,2,0.000155473114999777,0.000150501151467891,9.53745509763024e-05,0.000215571679023251,0.0001197257807925,0.000181276522143281,0.0468630559552156,TRUE,FALSE,FALSE,FALSE,
FN1,Hepatocyte 1,CD8+ T cell 2,0.000247685744638504,0.000436484924312826,0.000549306787199443,0.000246520232823049,all4,2,2,2,2,0.000342085334475665,0.000397913510011246,0.000247685744638504,0.000436484924312826,0.000246520232823049,0.000549306787199443,-0.218045442181676,TRUE,FALSE,FALSE,FALSE,
FN1,Hepatocyte 1,CD8+ T cell 3,0.000101602565689443,0.000238179267801303,0.00025596678431722,0.000157915007127769,all4,2,2,2,2,0.000169890916745373,0.000206940895722494,0.000101602565689443,0.000238179267801303,0.000157915007127769,0.00025596678431722,-0.284473435741653,TRUE,FALSE,FALSE,FALSE,
FN1,Hepatocyte 1,Cholangiocyte,0.000193024264165723,0.000189073637293524,7.86426725549434e-05,7.63856158436142e-05,all4,2,2,2,2,0.000191048950729623,7.75141441992788e-05,0.000189073637293524,0.000193024264165723,7.63856158436142e-05,7.86426725549434e-05,1.30041724458503,TRUE,TRUE,FALSE,TRUE,irHepatitis
FN1,Hepatocyte 1,Hepatocyte 1,0.000465156918173405,0.000574680598146995,0.000842581863130351,0.00031527110408487,all4,2,2,2,2,0.0005199187581602,0.000578926483607611,0.000465156918173405,0.000574680598146995,0.00031527110408487,0.000842581863130351,-0.155068524746242,TRUE,FALSE,FALSE,FALSE,
FN1,Hepatocyte 1,Hepatocyte 2,0.000360775237111021,0.000416647466204189,0.00058598737737788,0.00025800788400036,all4,2,2,2,2,0.000388711351657605,0.00042199763068912,0.000360775237111021,0.000416647466204189,0.00025800788400036,0.00058598737737788,-0.118509344812194,TRUE,FALSE,FALSE,FALSE,
FN1,Hepatocyte 1,Hepatocyte 3,0.000312969351039215,0.000340055735562993,0.000271101386161129,0.000151788452508255,all4,2,2,2,2,0.000326512543301104,0.000211444919334692,0.000312969351039215,0.000340055735562993,0.000151788452508255,0.000271101386161129,0.626640415001954,TRUE,TRUE,FALSE,TRUE,irHepatitis
FN1,Hepatocyte 1,Hepatocyte 4,0.000342906160166211,0.000470492253494072,0.000638856926620538,0.000265219798424142,all4,2,2,2,2,0.000406699206830142,0.00045203836252234,0.000342906160166211,0.000470492253494072,0.000265219798424142,0.000638856926620538,-0.152451054693302,TRUE,FALSE,FALSE,FALSE,
FN1,Hepatocyte 1,Ig+ hepatocyte,0.000266172267541262,,0.00035031742800279,0.000188932513232404,all4,2,2,1,2,0.000266172267541262,0.000269624970617597,,,0.000188932513232404,0.00035031742800279,-0.0185876112311622,FALSE,FALSE,FALSE,FALSE,
FN1,Hepatocyte 1,IgG+ B cell,8.3611518917459e-05,5.83210872556514e-05,4.43215424475723e-05,3.00192519595951e-05,all4,2,2,2,2,7.09663030865552e-05,3.71703972035837e-05,5.83210872556514e-05,8.3611518917459e-05,3.00192519595951e-05,4.43215424475723e-05,0.93132131528883,TRUE,TRUE,FALSE,TRUE,irHepatitis
FN1,Hepatocyte 1,IgG+ plasmablast / plasma cell,0.000138473123547451,0.00017355880558213,0.000162168234762448,0.000110833519823989,all4,2,2,2,2,0.00015601596456479,0.000136500877293218,0.000138473123547451,0.00017355880558213,0.000110833519823989,0.000162168234762448,0.192664654835238,TRUE,FALSE,FALSE,FALSE,
FN1,Hepatocyte 1,IgM+ B cell,4.62959641263777e-05,6.90079775740288e-05,5.80418270156667e-05,4.69426776932899e-05,all4,2,2,2,2,5.76519708502033e-05,5.24922523544783e-05,4.62959641263777e-05,6.90079775740288e-05,4.69426776932899e-05,5.80418270156667e-05,0.135044641068729,TRUE,FALSE,FALSE,FALSE,
FN1,Hepatocyte 1,Macrophage 1,0.000173830504114429,0.000254327671791211,0.000216567582590336,0.000152219406506541,all4,2,2,2,2,0.00021407908795282,0.000184393494548438,0.000173830504114429,0.000254327671791211,0.000152219406506541,0.000216567582590336,0.215258620025374,TRUE,FALSE,FALSE,FALSE,
FN1,Hepatocyte 1,Macrophage 2,9.82743457769247e-05,9.95005782052933e-05,5.42847996105573e-05,7.10996999145526e-05,all4,2,2,2,2,9.8887461991109e-05,6.2692249762555e-05,9.82743457769247e-05,9.95005782052933e-05,5.42847996105573e-05,7.10996999145526e-05,0.656744114246105,TRUE,TRUE,FALSE,TRUE,irHepatitis
FN1,Hepatocyte 1,Sinusoidal endothelial cell,0.000184236370554746,0.000286059977553936,0.000147539644221178,0.000114207163222787,all4,2,2,2,2,0.000235148174054341,0.000130873403721983,0.000184236370554746,0.000286059977553936,0.000114207163222787,0.000147539644221178,0.844958935511503,TRUE,TRUE,FALSE,TRUE,irHepatitis
FN1,Hepatocyte 1,Stellate cell,0.000160684770688746,0.000168868935103029,5.76582418974437e-05,7.50817369519143e-05,all4,2,2,2,2,0.000164776852895887,6.6369989424679e-05,0.000160684770688746,0.000168868935103029,5.76582418974437e-05,7.50817369519143e-05,1.31074462353892,TRUE,TRUE,FALSE,TRUE,irHepatitis
FN1,Hepatocyte 1,Vascular endothelial cell,5.56300926156731e-05,4.14862375485504e-05,2.69865439148758e-05,2.00461273409264e-05,all4,2,2,2,2,4.85581650821118e-05,2.35163356279011e-05,4.14862375485504e-05,5.56300926156731e-05,2.00461273409264e-05,2.69865439148758e-05,1.04321424901476,TRUE,TRUE,FALSE,TRUE,irHepatitis
FN1,Hepatocyte 2,CD4+ T cell,4.40282110266054e-05,0.000101690912232323,8.44343812123276e-05,5.30586544828237e-05,all4,2,2,2,2,7.28595616294643e-05,6.87465178475757e-05,4.40282110266054e-05,0.000101690912232323,5.30586544828237e-05,8.44343812123276e-05,0.0837253009688666,TRUE,FALSE,FALSE,FALSE,
FN1,Hepatocyte 2,CD8+ T cell 1,8.32617926185946e-05,0.000175395564557383,0.000157843382905399,0.000104324070999672,all4,2,2,2,2,0.000129328678587989,0.000131083726952535,8.32617926185946e-05,0.000175395564557383,0.000104324070999672,0.000157843382905399,-0.0194329507421918,TRUE,FALSE,FALSE,FALSE,
FN1,Hepatocyte 2,CD8+ T cell 2,0.000226508362613135,0.000346137579028369,0.000475615923697165,0.000226192492319991,all4,2,2,2,2,0.000286322970820752,0.000350904208008578,0.000226508362613135,0.000346137579028369,0.000226192492319991,0.000475615923697165,-0.293350481763385,TRUE,FALSE,FALSE,FALSE,
FN1,Hepatocyte 2,CD8+ T cell 3,7.91925219555048e-05,0.000186483833023898,0.00020578277843308,0.000144765190576218,all4,2,2,2,2,0.000132838177489701,0.000175273984504649,7.91925219555048e-05,0.000186483833023898,0.000144765190576218,0.00020578277843308,-0.399705779001375,TRUE,FALSE,FALSE,FALSE,
FN1,Hepatocyte 2,Cholangiocyte,0.000148202951390579,0.000171328184057115,7.40738487222756e-05,6.26956915996511e-05,all4,2,2,2,2,0.000159765567723847,6.83847701609634e-05,0.000148202951390579,0.000171328184057115,6.26956915996511e-05,7.40738487222756e-05,1.22312570734102,TRUE,TRUE,FALSE,TRUE,irHepatitis
FN1,Hepatocyte 2,Hepatocyte 1,0.000327018178185629,0.000358995969736859,0.000572950287585866,0.000262925420027573,all4,2,2,2,2,0.000343007073961244,0.00041793785380672,0.000327018178185629,0.000358995969736859,0.000262925420027573,0.000572950287585866,-0.284982323363183,TRUE,FALSE,FALSE,FALSE,
FN1,Hepatocyte 2,Hepatocyte 2,0.000453129076860763,0.000556054711550403,0.000916673925335879,0.000395054019406073,all4,2,2,2,2,0.000504591894205583,0.000655863972370976,0.000453129076860763,0.000556054711550403,0.000395054019406073,0.000916673925335879,-0.378220318254407,TRUE,FALSE,FALSE,FALSE,
FN1,Hepatocyte 2,Hepatocyte 3,0.000312765078307058,0.000358743388162496,0.000333153935830993,0.000196533153011736,all4,2,2,2,2,0.000335754233234777,0.000264843544421365,0.000312765078307058,0.000358743388162496,0.000196533153011736,0.000333153935830993,0.342161843898443,TRUE,FALSE,FALSE,FALSE,
FN1,Hepatocyte 2,Hepatocyte 4,0.00030629594484527,0.000308144757624966,0.000545013668046366,0.000267318584121497,all4,2,2,2,2,0.000307220351235118,0.000406166126083931,0.00030629594484527,0.000308144757624966,0.000267318584121497,0.000545013668046366,-0.402693313562726,TRUE,FALSE,FALSE,FALSE,
FN1,Hepatocyte 2,Ig+ hepatocyte,0.00021199478937333,,0.00029252844256905,0.000185746890056687,all4,2,2,1,2,0.00021199478937333,0.000239137666312868,,,0.000185746890056687,0.00029252844256905,-0.173743162400037,FALSE,FALSE,FALSE,FALSE,
FN1,Hepatocyte 2,IgG+ B cell,6.81346231254731e-05,4.86758780466244e-05,4.34420733697368e-05,2.76675744106633e-05,all4,2,2,2,2,5.84052505860488e-05,3.55548238902e-05,4.86758780466244e-05,6.81346231254731e-05,2.76675744106633e-05,4.34420733697368e-05,0.714628392352176,TRUE,TRUE,FALSE,TRUE,irHepatitis
FN1,Hepatocyte 2,IgG+ plasmablast / plasma cell,0.000100019992695196,0.000122115856159004,0.000145017811976472,8.17806440806474e-05,all4,2,2,2,2,0.0001110679244271,0.00011339922802856,0.000100019992695196,0.000122115856159004,8.17806440806474e-05,0.000145017811976472,-0.0299445925088264,TRUE,FALSE,FALSE,FALSE,
FN1,Hepatocyte 2,IgM+ B cell,3.36012623422889e-05,7.61595098642638e-05,5.30533235317898e-05,3.7859296166149e-05,all4,2,2,2,2,5.48803861032764e-05,4.54563098489694e-05,3.36012623422889e-05,7.61595098642638e-05,3.7859296166149e-05,5.30533235317898e-05,0.271320953483028,TRUE,FALSE,FALSE,FALSE,
FN1,Hepatocyte 2,Macrophage 1,0.000152381591574276,0.000190574568210734,0.000181030438108593,0.000141294268485064,all4,2,2,2,2,0.000171478079892505,0.000161162353296829,0.000152381591574276,0.000190574568210734,0.000141294268485064,0.000181030438108593,0.0894610011089714,TRUE,FALSE,FALSE,FALSE,
FN1,Hepatocyte 2,Macrophage 2,8.6142513298289e-05,8.72493468912616e-05,5.12619970333532e-05,6.71009206488201e-05,all4,2,2,2,2,8.66959300947753e-05,5.91814588410867e-05,8.6142513298289e-05,8.72493468912616e-05,5.12619970333532e-05,6.71009206488201e-05,0.550124330929769,TRUE,TRUE,FALSE,TRUE,irHepatitis
FN1,Hepatocyte 2,Sinusoidal endothelial cell,0.000168412930354923,0.000217536345759888,0.000123028868918346,0.000108449918976712,all4,2,2,2,2,0.000192974638057406,0.000115739393947529,0.000168412930354923,0.000217536345759888,0.000108449918976712,0.000123028868918346,0.737083001749252,TRUE,TRUE,FALSE,TRUE,irHepatitis
FN1,Hepatocyte 2,Stellate cell,0.000144235200841178,0.000146983884071626,4.96741260432868e-05,7.25076774221365e-05,all4,2,2,2,2,0.000145609542456402,6.10909017327116e-05,0.000144235200841178,0.000146983884071626,4.96741260432868e-05,7.25076774221365e-05,1.25184436277467,TRUE,TRUE,FALSE,TRUE,irHepatitis
FN1,Hepatocyte 2,Vascular endothelial cell,5.65440762040763e-05,3.90413220614078e-05,2.36461086733157e-05,1.5446059291796e-05,all4,2,2,2,2,4.77926991327421e-05,1.95460839825559e-05,3.90413220614078e-05,5.65440762040763e-05,1.5446059291796e-05,2.36461086733157e-05,1.28600132926613,TRUE,TRUE,FALSE,TRUE,irHepatitis
FN1,Hepatocyte 3,CD4+ T cell,1.51932812422291e-05,4.63057326286158e-05,2.84184060812478e-05,3.788926033485e-05,all4,2,2,2,2,3.07495069354225e-05,3.31538332080489e-05,1.51932812422291e-05,4.63057326286158e-05,2.84184060812478e-05,3.788926033485e-05,-0.10830736282755,TRUE,FALSE,FALSE,FALSE,
FN1,Hepatocyte 3,CD8+ T cell 1,4.27616762896279e-05,8.53451123948695e-05,5.10967765762291e-05,5.64881233565634e-05,all4,2,2,2,2,6.40533943422487e-05,5.37924499663962e-05,4.27616762896279e-05,8.53451123948695e-05,5.10967765762291e-05,5.64881233565634e-05,0.251485655023589,TRUE,FALSE,FALSE,FALSE,
FN1,Hepatocyte 3,CD8+ T cell 2,0.000104303752163079,0.000146703466218711,0.000158198208212999,0.000120068060362146,all4,2,2,2,2,0.000125503609190895,0.000139133134287573,0.000104303752163079,0.000146703466218711,0.000120068060362146,0.000158198208212999,-0.148636010758609,TRUE,FALSE,FALSE,FALSE,
FN1,Hepatocyte 3,CD8+ T cell 3,3.08390576204977e-05,8.57305949557204e-05,6.85059266913792e-05,7.78135688075081e-05,all4,2,2,2,2,5.82848262881091e-05,7.31597477494436e-05,3.08390576204977e-05,8.57305949557204e-05,6.85059266913792e-05,7.78135688075081e-05,-0.327477913572714,TRUE,FALSE,FALSE,FALSE,
FN1,Hepatocyte 3,Cholangiocyte,6.02852141791971e-05,7.87380425712974e-05,3.01812836797941e-05,5.05688080327884e-05,all4,2,2,2,2,6.95116283752472e-05,4.03750458562913e-05,6.02852141791971e-05,7.87380425712974e-05,3.01812836797941e-05,5.05688080327884e-05,0.782446238181871,TRUE,TRUE,FALSE,TRUE,irHepatitis
FN1,Hepatocyte 3,Hepatocyte 1,0.000180893879310391,0.000183051480426064,0.000191631058342482,0.000145407163786297,all4,2,2,2,2,0.000181972679868228,0.00016851911106439,0.000180893879310391,0.000183051480426064,0.000145407163786297,0.000191631058342482,0.110752784643308,TRUE,FALSE,FALSE,FALSE,
FN1,Hepatocyte 3,Hepatocyte 2,0.000197694019843754,0.000232544295325648,0.000234641264890445,0.000187097997249829,all4,2,2,2,2,0.000215119157584701,0.000210869631070137,0.000197694019843754,0.000232544295325648,0.000187097997249829,0.000234641264890445,0.0287725282349082,TRUE,FALSE,FALSE,FALSE,
FN1,Hepatocyte 3,Hepatocyte 3,0.000304804245702457,0.000375460693761441,0.00034216378172882,0.000290286786017834,all4,2,2,2,2,0.000340132469731949,0.000316225283873327,0.000304804245702457,0.000375460693761441,0.000290286786017834,0.00034216378172882,0.105115189728426,TRUE,FALSE,FALSE,FALSE,
FN1,Hepatocyte 3,Hepatocyte 4,0.000180882683564265,0.00015301411963452,0.000185527756595066,0.000144990719241852,all4,2,2,2,2,0.000166948401599392,0.000165259237918459,0.00015301411963452,0.000180882683564265,0.000144990719241852,0.000185527756595066,0.0146634239042521,TRUE,FALSE,FALSE,FALSE,
FN1,Hepatocyte 3,Ig+ hepatocyte,0.000119001370544181,,8.31784170190023e-05,0.000141770465887149,all4,2,2,1,2,0.000119001370544181,0.000112474441453076,,,8.31784170190023e-05,0.000141770465887149,0.0813177852800996,FALSE,FALSE,FALSE,FALSE,
FN1,Hepatocyte 3,IgG+ B cell,3.54724407524731e-05,4.57496700724141e-05,1.81643775042768e-05,3.16171345094556e-05,all4,2,2,2,2,4.06110554124436e-05,2.48907560068662e-05,3.54724407524731e-05,4.57496700724141e-05,1.81643775042768e-05,3.16171345094556e-05,0.704251172830948,TRUE,TRUE,FALSE,TRUE,irHepatitis
FN1,Hepatocyte 3,IgG+ plasmablast / plasma cell,4.22959494377443e-05,5.72610519508152e-05,4.37474613665303e-05,5.82542667158277e-05,all4,2,2,2,2,4.97785006942797e-05,5.1000864041179e-05,4.22959494377443e-05,5.72610519508152e-05,4.37474613665303e-05,5.82542667158277e-05,-0.0349365711866554,TRUE,FALSE,FALSE,FALSE,
FN1,Hepatocyte 3,IgM+ B cell,1.25474871730569e-05,2.28913533950778e-05,2.09976628017461e-05,3.81799641867483e-05,all4,2,2,2,2,1.77194202840674e-05,2.95888134942472e-05,1.25474871730569e-05,2.28913533950778e-05,2.09976628017461e-05,3.81799641867483e-05,-0.736795919963638,TRUE,FALSE,FALSE,FALSE,
FN1,Hepatocyte 3,Macrophage 1,8.86335649259124e-05,9.66814254249982e-05,5.73629418511814e-05,7.70821363294362e-05,all4,2,2,2,2,9.26574951754552e-05,6.72225390903088e-05,8.86335649259124e-05,9.66814254249982e-05,5.73629418511814e-05,7.70821363294362e-05,0.462433597038597,TRUE,TRUE,FALSE,TRUE,irHepatitis
FN1,Hepatocyte 3,Macrophage 2,4.73823346690394e-05,5.14610919476411e-05,2.05027832526246e-05,4.24087187357812e-05,all4,2,2,2,2,4.94217133083402e-05,3.14557509942029e-05,4.73823346690394e-05,5.14610919476411e-05,2.05027832526246e-05,4.24087187357812e-05,0.65032574358838,TRUE,TRUE,FALSE,TRUE,irHepatitis
FN1,Hepatocyte 3,Sinusoidal endothelial cell,9.84324776675221e-05,0.000111752262823237,4.18743050711213e-05,6.00689092576663e-05,all4,2,2,2,2,0.00010509237024538,5.09716071643938e-05,9.84324776675221e-05,0.000111752262823237,4.18743050711213e-05,6.00689092576663e-05,1.04258343323175,TRUE,TRUE,FALSE,TRUE,irHepatitis
FN1,Hepatocyte 3,Stellate cell,7.70331591018324e-05,7.47533851709714e-05,1.69997824979583e-05,4.85053991456674e-05,all4,2,2,2,2,7.58932721364019e-05,3.27525908218129e-05,7.47533851709714e-05,7.70331591018324e-05,1.69997824979583e-05,4.85053991456674e-05,1.2101162563539,TRUE,TRUE,FALSE,TRUE,irHepatitis
FN1,Hepatocyte 3,Vascular endothelial cell,2.24287763221864e-05,1.91020251780541e-05,8.6674347667526e-06,1.82791888956082e-05,all4,2,2,2,2,2.07654007501202e-05,1.34733118311804e-05,1.91020251780541e-05,2.24287763221864e-05,8.6674347667526e-06,1.82791888956082e-05,0.620715054090681,TRUE,TRUE,FALSE,TRUE,irHepatitis
FN1,Hepatocyte 4,CD4+ T cell,6.44739498973561e-05,2.10168085731416e-05,8.45918591335191e-05,5.85796596328371e-05,all4,2,2,2,2,4.27453792352488e-05,7.15857593831781e-05,2.10168085731416e-05,6.44739498973561e-05,5.85796596328371e-05,8.45918591335191e-05,-0.742683702934553,TRUE,FALSE,FALSE,FALSE,
FN1,Hepatocyte 4,CD8+ T cell 1,0.000112901756323433,0.000201844262666334,0.00017153372215551,0.00011484877135433,all4,2,2,2,2,0.000157373009494884,0.00014319124675492,0.000112901756323433,0.000201844262666334,0.00011484877135433,0.00017153372215551,0.136163246552104,TRUE,FALSE,FALSE,FALSE,
FN1,Hepatocyte 4,CD8+ T cell 2,0.000259432553250271,0.000447817170750281,0.000550367466330132,0.000238728416358442,all4,2,2,2,2,0.000353624862000276,0.000394547941344287,0.000259432553250271,0.000447817170750281,0.000238728416358442,0.000550367466330132,-0.157942868606475,TRUE,FALSE,FALSE,FALSE,
FN1,Hepatocyte 4,CD8+ T cell 3,0.0002065617997813,0.000387910541113574,0.000366515243504235,0.00016960926930938,all4,2,2,2,2,0.000297236170447437,0.000268062256406808,0.0002065617997813,0.000387910541113574,0.00016960926930938,0.000366515243504235,0.148994110535659,TRUE,FALSE,FALSE,FALSE,
FN1,Hepatocyte 4,Cholangiocyte,0.000177328276850482,9.68757796956914e-06,6.47660009994303e-05,7.39808835801753e-05,all4,2,2,2,2,9.35079274100258e-05,6.93734422898028e-05,9.68757796956914e-06,0.000177328276850482,6.47660009994303e-05,7.39808835801753e-05,0.430223183618825,TRUE,FALSE,FALSE,FALSE,
FN1,Hepatocyte 4,Hepatocyte 1,0.000337134119655251,0.000472511569211516,0.000621415569037309,0.000254988585261309,all4,2,2,2,2,0.000404822844433383,0.000438202077149309,0.000337134119655251,0.000472511569211516,0.000254988585261309,0.000621415569037309,-0.114281217475515,TRUE,FALSE,FALSE,FALSE,
FN1,Hepatocyte 4,Hepatocyte 2,0.000330874531200174,0.000368370329588415,0.000545423314089687,0.000253362526437665,all4,2,2,2,2,0.000349622430394294,0.000399392920263676,0.000330874531200174,0.000368370329588415,0.000253362526437665,0.000545423314089687,-0.191964794151026,TRUE,FALSE,FALSE,FALSE,
FN1,Hepatocyte 4,Hepatocyte 3,0.000307385207178177,0.000290554742991846,0.000261517629131226,0.000141011566608679,all4,2,2,2,2,0.000298969975085011,0.000201264597869952,0.000290554742991846,0.000307385207178177,0.000141011566608679,0.000261517629131226,0.570696644090311,TRUE,TRUE,FALSE,TRUE,irHepatitis
FN1,Hepatocyte 4,Hepatocyte 4,0.00377683584936542,0.00379718694701384,0.00236122018453279,0.000595282624838139,all4,2,2,2,2,0.00378701139818963,0.00147825140468547,0.00377683584936542,0.00379718694701384,0.000595282624838139,0.00236122018453279,1.35711462496488,TRUE,TRUE,FALSE,TRUE,irHepatitis
FN1,Hepatocyte 4,Ig+ hepatocyte,0.000501554607488026,,0.00032431954701127,0.000187730346560141,all4,2,2,1,2,0.000501554607488026,0.000256024946785705,,,0.000187730346560141,0.00032431954701127,0.969874451608675,FALSE,FALSE,FALSE,FALSE,
FN1,Hepatocyte 4,IgG+ B cell,0.000117831821623392,0.000154117721650329,3.72330761064602e-05,2.86397976541296e-05,all4,2,2,2,2,0.00013597477163686,3.29364368802949e-05,0.000117831821623392,0.000154117721650329,2.86397976541296e-05,3.72330761064602e-05,2.04260347714495,TRUE,TRUE,FALSE,TRUE,irHepatitis
FN1,Hepatocyte 4,IgG+ plasmablast / plasma cell,0.000170751958873608,0.000131080436949829,0.000137845978520622,9.86058133434487e-05,all4,2,2,2,2,0.000150916197911718,0.000118225895932035,0.000131080436949829,0.000170751958873608,9.86058133434487e-05,0.000137845978520622,0.351964099011736,TRUE,FALSE,FALSE,FALSE,
FN1,Hepatocyte 4,IgM+ B cell,5.4769989845335e-05,3.14217120180548e-05,6.2201534543772e-05,4.1080957902492e-05,all4,2,2,2,2,4.30958509316949e-05,5.1641246223132e-05,3.14217120180548e-05,5.4769989845335e-05,4.1080957902492e-05,6.2201534543772e-05,-0.260477751358647,TRUE,FALSE,FALSE,FALSE,
FN1,Hepatocyte 4,Macrophage 1,0.000201874543149627,0.000270609064838334,0.000221030196662921,0.000146238042328931,all4,2,2,2,2,0.000236241803993981,0.000183634119495926,0.000201874543149627,0.000270609064838334,0.000146238042328931,0.000221030196662921,0.363272918519367,TRUE,FALSE,FALSE,FALSE,
FN1,Hepatocyte 4,Macrophage 2,0.000118621112609439,8.52986499612027e-05,5.10187946440636e-05,6.71305121219038e-05,all4,2,2,2,2,0.000101959881285321,5.90746533829837e-05,8.52986499612027e-05,0.000118621112609439,5.10187946440636e-05,6.71305121219038e-05,0.786468039686062,TRUE,TRUE,FALSE,TRUE,irHepatitis
FN1,Hepatocyte 4,Sinusoidal endothelial cell,0.000158444010016832,0.000256185289162115,0.000125806804227752,0.000114940707630672,all4,2,2,2,2,0.000207314649589473,0.000120373755929212,0.000158444010016832,0.000256185289162115,0.000114940707630672,0.000125806804227752,0.783849564433013,TRUE,TRUE,FALSE,TRUE,irHepatitis
FN1,Hepatocyte 4,Stellate cell,0.000159447996941737,0.000110252753587624,5.02489548857044e-05,7.32298268841601e-05,all4,2,2,2,2,0.000134850375264681,6.17393908849322e-05,0.000110252753587624,0.000159447996941737,5.02489548857044e-05,7.32298268841601e-05,1.12595857477794,TRUE,TRUE,FALSE,TRUE,irHepatitis
FN1,Hepatocyte 4,Vascular endothelial cell,4.93268706255828e-05,4.24426214380541e-06,1.7987370303367e-05,1.66672441483379e-05,all4,2,2,2,2,2.67855663846941e-05,1.73273072258524e-05,4.24426214380541e-06,4.93268706255828e-05,1.66672441483379e-05,1.7987370303367e-05,0.625776315749406,TRUE,FALSE,FALSE,FALSE,
FN1,Ig+ hepatocyte,CD4+ T cell,0.0001409125156811,,0.000124795724304916,0.000114235541626597,all4,2,2,1,2,0.0001409125156811,0.000119515632965756,,,0.000114235541626597,0.000124795724304916,0.237435738848412,FALSE,FALSE,FALSE,FALSE,
FN1,Ig+ hepatocyte,CD8+ T cell 1,0.00014289276702388,,0.000152841225072954,0.000117239244682244,all4,2,2,1,2,0.00014289276702388,0.000135040234877599,,,0.000117239244682244,0.000152841225072954,0.0814908239219014,FALSE,FALSE,FALSE,FALSE,
FN1,Ig+ hepatocyte,CD8+ T cell 2,0.000225336742393123,,0.000246557596889592,0.000142092290153799,all4,2,2,1,2,0.000225336742393123,0.000194324943521696,,,0.000142092290153799,0.000246557596889592,0.213519654487571,FALSE,FALSE,FALSE,FALSE,
FN1,Ig+ hepatocyte,CD8+ T cell 3,0.000256597154821176,,0.00017614137642337,0.000128071487392649,all4,2,2,1,2,0.000256597154821176,0.00015210643190801,,,0.000128071487392649,0.00017614137642337,0.754076929804117,FALSE,FALSE,FALSE,FALSE,
FN1,Ig+ hepatocyte,Cholangiocyte,0.000142720303769362,,0.000141797950088992,0.000183301583152709,all4,2,2,1,2,0.000142720303769362,0.000162549766620851,,,0.000141797950088992,0.000183301583152709,-0.18758009278139,FALSE,FALSE,FALSE,FALSE,
FN1,Ig+ hepatocyte,Hepatocyte 1,0.000313974391499864,,0.000280630319971145,0.000171138892639849,all4,2,2,1,2,0.000313974391499864,0.000225884606305497,,,0.000171138892639849,0.000280630319971145,0.474899888957016,FALSE,FALSE,FALSE,FALSE,
FN1,Ig+ hepatocyte,Hepatocyte 2,0.000270484492440366,,0.000249939709061316,0.000159895611215711,all4,2,2,1,2,0.000270484492440366,0.000204917660138514,,,0.000159895611215711,0.000249939709061316,0.400348183979534,FALSE,FALSE,FALSE,FALSE,
FN1,Ig+ hepatocyte,Hepatocyte 3,0.000201327032202102,,0.000134210425357618,0.00011856528731688,all4,2,2,1,2,0.000201327032202102,0.000126387856337249,,,0.00011856528731688,0.000134210425357618,0.671301265345052,FALSE,FALSE,FALSE,FALSE,
FN1,Ig+ hepatocyte,Hepatocyte 4,0.000569682760176587,,0.000295075202728917,0.000169976710434643,all4,2,2,1,2,0.000569682760176587,0.00023252595658178,,,0.000169976710434643,0.000295075202728917,1.29243693349275,FALSE,FALSE,FALSE,FALSE,
FN1,Ig+ hepatocyte,Ig+ hepatocyte,0.039605508905642,,0.00175883406161254,0.00116186773503593,all4,2,2,1,2,0.039605508905642,0.00146035089832424,,,0.00116186773503593,0.00175883406161254,4.76122860240481,FALSE,FALSE,FALSE,FALSE,
FN1,Ig+ hepatocyte,IgG+ B cell,0.000616327460782403,,0.000119257409495323,9.91678728723631e-05,all4,2,2,1,2,0.000616327460782403,0.000109212641183843,,,9.91678728723631e-05,0.000119257409495323,2.49558049122924,FALSE,FALSE,FALSE,FALSE,
FN1,Ig+ hepatocyte,IgG+ plasmablast / plasma cell,0.00105258486451506,,0.000306414667882612,0.000283610271643305,all4,2,2,1,2,0.00105258486451506,0.000295012469762958,,,0.000283610271643305,0.000306414667882612,1.83477233782633,FALSE,FALSE,FALSE,FALSE,
FN1,Ig+ hepatocyte,IgM+ B cell,0.000174350593340811,,8.13783558356702e-05,8.74946475788041e-05,all4,2,2,1,2,0.000174350593340811,8.44365017072371e-05,,,8.13783558356702e-05,8.74946475788041e-05,1.04526098588601,FALSE,FALSE,FALSE,FALSE,
FN1,Ig+ hepatocyte,Macrophage 1,0.000254579046974847,,0.000141295690420155,0.000109241846059301,all4,2,2,1,2,0.000254579046974847,0.000125268768239728,,,0.000109241846059301,0.000141295690420155,1.02256126453761,FALSE,FALSE,FALSE,FALSE,
FN1,Ig+ hepatocyte,Macrophage 2,0.000138238421162232,,6.76256866471608e-05,0.000100799471315992,all4,2,2,1,2,0.000138238421162232,8.42125789815765e-05,,,6.76256866471608e-05,0.000100799471315992,0.714449564493588,FALSE,FALSE,FALSE,FALSE,
FN1,Ig+ hepatocyte,Sinusoidal endothelial cell,8.09459291676124e-05,,9.21451669690884e-05,7.31413351618274e-05,all4,2,2,1,2,8.09459291676124e-05,8.26432510654579e-05,,,7.31413351618274e-05,9.21451669690884e-05,-0.0299056072358141,FALSE,FALSE,FALSE,FALSE,
FN1,Ig+ hepatocyte,Stellate cell,0.000202404632720052,,5.22736047101533e-05,8.81225362845813e-05,all4,2,2,1,2,0.000202404632720052,7.01980704973673e-05,,,5.22736047101533e-05,8.81225362845813e-05,1.5265331774699,FALSE,FALSE,FALSE,FALSE,
FN1,Ig+ hepatocyte,Vascular endothelial cell,0.000149678751732601,,4.32871359649973e-05,5.14536412603595e-05,all4,2,2,1,2,0.000149678751732601,4.73703886126784e-05,,,4.32871359649973e-05,5.14536412603595e-05,1.65794278840015,FALSE,FALSE,FALSE,FALSE,
FN1,IgG+ B cell,CD4+ T cell,5.57943476666723e-05,8.80386177229423e-05,1.77113519808004e-05,1.61976753509238e-05,all4,2,2,2,2,7.19164826948073e-05,1.69545136658621e-05,5.57943476666723e-05,8.80386177229423e-05,1.61976753509238e-05,1.77113519808004e-05,2.07882546245131,TRUE,TRUE,FALSE,TRUE,irHepatitis
FN1,IgG+ B cell,CD8+ T cell 1,3.0245215162737e-05,3.67293904487396e-05,1.15678456840673e-05,7.05063010798635e-06,all4,2,2,2,2,3.34873028057383e-05,9.30923789602682e-06,3.0245215162737e-05,3.67293904487396e-05,7.05063010798635e-06,1.15678456840673e-05,1.836881091823,TRUE,TRUE,FALSE,TRUE,irHepatitis
FN1,IgG+ B cell,CD8+ T cell 2,8.98206764626048e-05,1.07896087221283e-05,5.95693572488553e-06,5.6419806572892e-06,all4,2,2,2,2,5.03051425923666e-05,5.79945819108736e-06,1.07896087221283e-05,8.98206764626048e-05,5.6419806572892e-06,5.95693572488553e-06,3.09709828936447,TRUE,TRUE,FALSE,TRUE,irHepatitis
FN1,IgG+ B cell,CD8+ T cell 3,6.10492411144576e-05,8.5021796139566e-06,1.1628077767201e-05,7.06360745436486e-06,all4,2,2,2,2,3.47757103642071e-05,9.34584261078293e-06,8.5021796139566e-06,6.10492411144576e-05,7.06360745436486e-06,1.1628077767201e-05,1.88559614605745,TRUE,FALSE,FALSE,FALSE,
FN1,IgG+ B cell,Cholangiocyte,7.83668814008599e-05,0.000226968345314079,4.34917263942767e-05,2.98873239261509e-05,all4,2,2,2,2,0.00015266761335747,3.66895251602138e-05,7.83668814008599e-05,0.000226968345314079,2.98873239261509e-05,4.34917263942767e-05,2.05427233792981,TRUE,TRUE,FALSE,TRUE,irHepatitis
FN1,IgG+ B cell,Hepatocyte 1,2.52142410096242e-05,2.34295945256962e-05,6.8649765727743e-06,6.6618622745454e-06,all4,2,2,2,2,2.43219177676602e-05,6.76341942365985e-06,2.34295945256962e-05,2.52142410096242e-05,6.6618622745454e-06,6.8649765727743e-06,1.83270404622847,TRUE,TRUE,FALSE,TRUE,irHepatitis
FN1,IgG+ B cell,Hepatocyte 2,2.96796031803312e-05,3.37422732520076e-05,6.29777645726587e-06,6.9505457095047e-06,all4,2,2,2,2,3.17109382161694e-05,6.62416108338528e-06,2.96796031803312e-05,3.37422732520076e-05,6.29777645726587e-06,6.9505457095047e-06,2.24380628047155,TRUE,TRUE,FALSE,TRUE,irHepatitis
FN1,IgG+ B cell,Hepatocyte 3,3.36186503455866e-05,2.47517077263258e-05,4.8912861725644e-06,8.67783121894464e-06,all4,2,2,2,2,2.91851790359562e-05,6.78455869575452e-06,2.47517077263258e-05,3.36186503455866e-05,4.8912861725644e-06,8.67783121894464e-06,2.09035414717418,TRUE,TRUE,FALSE,TRUE,irHepatitis
FN1,IgG+ B cell,Hepatocyte 4,1.88969966252106e-05,3.21276660455701e-05,7.13070607520907e-06,7.39198397831215e-06,all4,2,2,2,2,2.55123313353904e-05,7.26134502676061e-06,1.88969966252106e-05,3.21276660455701e-05,7.13070607520907e-06,7.39198397831215e-06,1.80020825789289,TRUE,TRUE,FALSE,TRUE,irHepatitis
FN1,IgG+ B cell,Ig+ hepatocyte,0.000272830103051708,,2.51455973252229e-05,2.33848418657701e-05,all4,2,2,1,2,0.000272830103051708,2.42652195954965e-05,,,2.33848418657701e-05,2.51455973252229e-05,3.48618086415779,FALSE,FALSE,FALSE,FALSE,
FN1,IgG+ B cell,IgG+ B cell,0.000208968718913978,0.000197330477596069,3.3887971637928e-05,2.8328905795563e-05,all4,2,2,2,2,0.000203149598255023,3.11084387167455e-05,0.000197330477596069,0.000208968718913978,2.8328905795563e-05,3.3887971637928e-05,2.70363947536593,TRUE,TRUE,FALSE,TRUE,irHepatitis
FN1,IgG+ B cell,IgG+ plasmablast / plasma cell,0.000155217414596621,3.97981826237604e-05,4.39902542134394e-05,3.25857849147705e-05,all4,2,2,2,2,9.75077986101907e-05,3.82880195641049e-05,3.97981826237604e-05,0.000155217414596621,3.25857849147705e-05,4.39902542134394e-05,1.34657049542934,TRUE,FALSE,FALSE,FALSE,
FN1,IgG+ B cell,IgM+ B cell,7.67295660046009e-05,8.10077372330408e-05,1.3543793628909e-05,1.64526724798178e-05,all4,2,2,2,2,7.88686516188209e-05,1.49982330543634e-05,7.67295660046009e-05,8.10077372330408e-05,1.3543793628909e-05,1.64526724798178e-05,2.3876807911474,TRUE,TRUE,FALSE,TRUE,irHepatitis
FN1,IgG+ B cell,Macrophage 1,2.5926844428514e-05,1.93175723046049e-05,9.09994756300259e-06,5.12304514842083e-06,all4,2,2,2,2,2.26222083665594e-05,7.11149635571171e-06,1.93175723046049e-05,2.5926844428514e-05,5.12304514842083e-06,9.09994756300259e-06,1.65711229671508,TRUE,TRUE,FALSE,TRUE,irHepatitis
FN1,IgG+ B cell,Macrophage 2,2.15937919183747e-05,3.11953657163928e-05,1.27411580821799e-05,9.3399934352386e-06,all4,2,2,2,2,2.63945788173837e-05,1.10405757587093e-05,2.15937919183747e-05,3.11953657163928e-05,9.3399934352386e-06,1.27411580821799e-05,1.25063143927854,TRUE,TRUE,FALSE,TRUE,irHepatitis
FN1,IgG+ B cell,Sinusoidal endothelial cell,1.02443758749417e-05,1.92237477183451e-05,4.68222486823589e-06,3.01345491458405e-06,all4,2,2,2,2,1.47340617966434e-05,3.84783989140997e-06,1.02443758749417e-05,1.92237477183451e-05,3.01345491458405e-06,4.68222486823589e-06,1.91248984677501,TRUE,TRUE,FALSE,TRUE,irHepatitis
FN1,IgG+ B cell,Stellate cell,3.2096188351671e-05,4.04671973946036e-05,8.72830356080885e-06,1.16204430455354e-05,all4,2,2,2,2,3.62816928731373e-05,1.01743733031721e-05,3.2096188351671e-05,4.04671973946036e-05,8.72830356080885e-06,1.16204430455354e-05,1.82518005659257,TRUE,TRUE,FALSE,TRUE,irHepatitis
FN1,IgG+ B cell,Vascular endothelial cell,2.76468109250477e-05,1.46572513226697e-05,9.28292551054884e-06,1.33403153170168e-05,all4,2,2,2,2,2.11520311238587e-05,1.13116204137828e-05,1.46572513226697e-05,2.76468109250477e-05,9.28292551054884e-06,1.33403153170168e-05,0.897688378832338,TRUE,TRUE,FALSE,TRUE,irHepatitis
FN1,IgG+ plasmablast / plasma cell,CD4+ T cell,0.00018835418315591,8.72513316872158e-08,3.24573443525194e-05,3.59082605651915e-05,all4,2,2,2,2,9.42207172437988e-05,3.41828024588555e-05,8.72513316872158e-08,0.00018835418315591,3.24573443525194e-05,3.59082605651915e-05,1.4603600902993,TRUE,FALSE,FALSE,FALSE,
FN1,IgG+ plasmablast / plasma cell,CD8+ T cell 1,8.50703945814342e-05,6.62975471184633e-06,2.3374878239306e-05,2.344634863823e-05,all4,2,2,2,2,4.58500746466403e-05,2.3410613438768e-05,6.62975471184633e-06,8.50703945814342e-05,2.3374878239306e-05,2.344634863823e-05,0.967057616256223,TRUE,FALSE,FALSE,FALSE,
FN1,IgG+ plasmablast / plasma cell,CD8+ T cell 2,7.59630358258764e-05,2.78566514035342e-05,2.19984994795958e-05,2.0636125685347e-05,all4,2,2,2,2,5.19098436147053e-05,2.13173125824714e-05,2.78566514035342e-05,7.59630358258764e-05,2.0636125685347e-05,2.19984994795958e-05,1.28040733334274,TRUE,TRUE,FALSE,TRUE,irHepatitis
FN1,IgG+ plasmablast / plasma cell,CD8+ T cell 3,0.000150376588912755,0,2.29757426788307e-05,2.68513540843828e-05,all4,2,2,2,2,7.51882944563773e-05,2.49135483816068e-05,0,0.000150376588912755,2.29757426788307e-05,2.68513540843828e-05,1.59010473101614,TRUE,FALSE,FALSE,FALSE,
FN1,IgG+ plasmablast / plasma cell,Cholangiocyte,0.000326007560846756,2.04970025694426e-06,5.56035355655055e-05,5.46689001719191e-05,all4,2,2,2,2,0.00016402863055185,5.51362178687123e-05,2.04970025694426e-06,0.000326007560846756,5.46689001719191e-05,5.56035355655055e-05,1.57131542395374,TRUE,FALSE,FALSE,FALSE,
FN1,IgG+ plasmablast / plasma cell,Hepatocyte 1,3.68265770569804e-05,1.21736751039352e-05,2.20494029223496e-05,2.1537059698691e-05,all4,2,2,2,2,2.45001260804578e-05,2.17932313105203e-05,1.21736751039352e-05,3.68265770569804e-05,2.1537059698691e-05,2.20494029223496e-05,0.168254032970841,TRUE,FALSE,FALSE,FALSE,
FN1,IgG+ plasmablast / plasma cell,Hepatocyte 2,2.87834521428637e-05,1.00136034818947e-05,1.97604342389579e-05,1.72895180482436e-05,all4,2,2,2,2,1.93985278123792e-05,1.85249761436008e-05,1.00136034818947e-05,2.87834521428637e-05,1.72895180482436e-05,1.97604342389579e-05,0.0661616724889272,TRUE,FALSE,FALSE,FALSE,
FN1,IgG+ plasmablast / plasma cell,Hepatocyte 3,1.61143592338873e-05,7.63783798564743e-06,9.89193965119436e-06,1.24354781108907e-05,all4,2,2,2,2,1.18760986097674e-05,1.11637088810426e-05,7.63783798564743e-06,1.61143592338873e-05,9.89193965119436e-06,1.24354781108907e-05,0.0885530294032899,TRUE,FALSE,FALSE,FALSE,
FN1,IgG+ plasmablast / plasma cell,Hepatocyte 4,4.35289696627743e-05,0,2.30651270511845e-05,2.05611408053503e-05,all4,2,2,2,2,2.17644848313872e-05,2.18131339282674e-05,0,4.35289696627743e-05,2.05611408053503e-05,2.30651270511845e-05,-0.00320795073558241,TRUE,FALSE,FALSE,FALSE,
FN1,IgG+ plasmablast / plasma cell,Ig+ hepatocyte,0.000471884981874866,,5.83529624738044e-05,5.86986956088867e-05,all4,2,2,1,2,0.000471884981874866,5.85258290413455e-05,,,5.83529624738044e-05,5.86986956088867e-05,3.00935020551479,FALSE,FALSE,FALSE,FALSE,
FN1,IgG+ plasmablast / plasma cell,IgG+ B cell,0.00017037558950731,0,3.58315644721769e-05,2.71998984852814e-05,all4,2,2,2,2,8.51877947536549e-05,3.15157314787291e-05,0,0.00017037558950731,2.71998984852814e-05,3.58315644721769e-05,1.43198663907845,TRUE,FALSE,FALSE,FALSE,
FN1,IgG+ plasmablast / plasma cell,IgG+ plasmablast / plasma cell,0.00104286871208921,0.000809549580914688,8.83711579769557e-05,0.000119559095620571,all4,2,2,2,2,0.000926209146501951,0.000103965126798763,0.000809549580914688,0.00104286871208921,8.83711579769557e-05,0.000119559095620571,3.15413129795494,TRUE,TRUE,FALSE,TRUE,irHepatitis
FN1,IgG+ plasmablast / plasma cell,IgM+ B cell,0.000189717840790499,0,2.43530550162002e-05,2.86256852014219e-05,all4,2,2,2,2,9.48589203952497e-05,2.6489370108811e-05,0,0.000189717840790499,2.43530550162002e-05,2.86256852014219e-05,1.83684837173913,TRUE,FALSE,FALSE,FALSE,
FN1,IgG+ plasmablast / plasma cell,Macrophage 1,4.74774043632547e-05,4.02776418501137e-07,1.96359101287718e-05,1.77426893671468e-05,all4,2,2,2,2,2.39400903908779e-05,1.86892997479593e-05,4.02776418501137e-07,4.74774043632547e-05,1.77426893671468e-05,1.96359101287718e-05,0.355700392322309,TRUE,FALSE,FALSE,FALSE,
FN1,IgG+ plasmablast / plasma cell,Macrophage 2,6.48016307811134e-05,3.30139381013253e-06,1.8028054584355e-05,2.2358945608311e-05,all4,2,2,2,2,3.4051512295623e-05,2.0193500096333e-05,3.30139381013253e-06,6.48016307811134e-05,1.8028054584355e-05,2.2358945608311e-05,0.751223066398243,TRUE,FALSE,FALSE,FALSE,
FN1,IgG+ plasmablast / plasma cell,Sinusoidal endothelial cell,8.69125966929869e-06,4.00509560568076e-06,9.95589641492891e-06,9.96737623450381e-06,all4,2,2,2,2,6.34817763748972e-06,9.96163632471636e-06,4.00509560568076e-06,8.69125966929869e-06,9.95589641492891e-06,9.96737623450381e-06,-0.642713697921427,TRUE,FALSE,TRUE,TRUE,AIH
FN1,IgG+ plasmablast / plasma cell,Stellate cell,5.03404066641488e-05,4.60703748714167e-06,1.36452263296616e-05,1.93272891873262e-05,all4,2,2,2,2,2.74737220756453e-05,1.64862577584939e-05,4.60703748714167e-06,5.03404066641488e-05,1.36452263296616e-05,1.93272891873262e-05,0.73365564990802,TRUE,FALSE,FALSE,FALSE,
FN1,IgG+ plasmablast / plasma cell,Vascular endothelial cell,7.47844061851492e-05,7.24672685199544e-06,1.41853171173989e-05,1.8588295464098e-05,all4,2,2,2,2,4.10155665185723e-05,1.63868062907484e-05,7.24672685199544e-06,7.47844061851492e-05,1.41853171173989e-05,1.8588295464098e-05,1.31890209957703,TRUE,FALSE,FALSE,FALSE,
FN1,IgM+ B cell,CD4+ T cell,0.000244681490306512,0.000109805429724548,5.09031954991177e-05,4.67675648825299e-05,all4,2,2,2,2,0.00017724346001553,4.88353801908238e-05,0.000109805429724548,0.000244681490306512,4.67675648825299e-05,5.09031954991177e-05,1.85781182487307,TRUE,TRUE,FALSE,TRUE,irHepatitis
FN1,IgM+ B cell,CD8+ T cell 1,5.90523299262028e-05,4.73315945046204e-05,1.85365292112617e-05,1.13376671102314e-05,all4,2,2,2,2,5.31919622154116e-05,1.49370981607465e-05,4.73315945046204e-05,5.90523299262028e-05,1.13376671102314e-05,1.85365292112617e-05,1.82608728077046,TRUE,TRUE,FALSE,TRUE,irHepatitis
FN1,IgM+ B cell,CD8+ T cell 2,4.01592483638929e-05,4.26204074993368e-05,1.22909363951051e-05,1.23269647601829e-05,all4,2,2,2,2,4.13898279316148e-05,1.2308950577644e-05,4.01592483638929e-05,4.26204074993368e-05,1.22909363951051e-05,1.23269647601829e-05,1.74219959340915,TRUE,TRUE,FALSE,TRUE,irHepatitis
FN1,IgM+ B cell,CD8+ T cell 3,0.000120336386469543,2.15278996582859e-05,2.19223657173912e-05,1.21718213076004e-05,all4,2,2,2,2,7.09321430639146e-05,1.70470935124958e-05,2.15278996582859e-05,0.000120336386469543,1.21718213076004e-05,2.19223657173912e-05,2.05115247887949,TRUE,FALSE,FALSE,FALSE,
FN1,IgM+ B cell,Cholangiocyte,0.00026300396964763,0.000123337123820245,6.22449085297621e-05,3.97482121842901e-05,all4,2,2,2,2,0.000193170546733938,5.09965603570261e-05,0.000123337123820245,0.00026300396964763,3.97482121842901e-05,6.22449085297621e-05,1.91953340176225,TRUE,TRUE,FALSE,TRUE,irHepatitis
FN1,IgM+ B cell,Hepatocyte 1,2.359470768723e-05,1.68554648859337e-05,1.00359767357362e-05,1.02330621192503e-05,all4,2,2,2,2,2.02250862865819e-05,1.01345194274932e-05,1.68554648859337e-05,2.359470768723e-05,1.00359767357362e-05,1.02330621192503e-05,0.990525074956917,TRUE,TRUE,FALSE,TRUE,irHepatitis
FN1,IgM+ B cell,Hepatocyte 2,1.75522764864059e-05,2.03112091691328e-05,1.02516522479469e-05,8.64368236894799e-06,all4,2,2,2,2,1.89317428277694e-05,9.44766730844743e-06,1.75522764864059e-05,2.03112091691328e-05,8.64368236894799e-06,1.02516522479469e-05,0.995948192827823,TRUE,TRUE,FALSE,TRUE,irHepatitis
FN1,IgM+ B cell,Hepatocyte 3,1.30167696286767e-05,2.14401647302416e-05,7.10898777129521e-06,6.02158163915256e-06,all4,2,2,2,2,1.72284671794591e-05,6.56528470522388e-06,1.30167696286767e-05,2.14401647302416e-05,6.02158163915256e-06,7.10898777129521e-06,1.37975155964103,TRUE,TRUE,FALSE,TRUE,irHepatitis
FN1,IgM+ B cell,Hepatocyte 4,2.04143868995688e-05,3.7531145428941e-06,1.2982940550595e-05,9.06507485440153e-06,all4,2,2,2,2,1.20837507212314e-05,1.10240077024982e-05,3.7531145428941e-06,2.04143868995688e-05,9.06507485440153e-06,1.2982940550595e-05,0.131395651302769,TRUE,FALSE,FALSE,FALSE,
FN1,IgM+ B cell,Ig+ hepatocyte,0.000111945497509739,,2.05549116582824e-05,1.75604152494045e-05,all4,2,2,1,2,0.000111945497509739,1.90576634538435e-05,,,1.75604152494045e-05,2.05549116582824e-05,2.54872155002772,FALSE,FALSE,FALSE,FALSE,
FN1,IgM+ B cell,IgG+ B cell,0.000102824371281601,0.00010051119053753,2.52121581982587e-05,1.38284161725061e-05,all4,2,2,2,2,0.000101667780909566,1.95202871853824e-05,0.00010051119053753,0.000102824371281601,1.38284161725061e-05,2.52121581982587e-05,2.37546215386452,TRUE,TRUE,FALSE,TRUE,irHepatitis
FN1,IgM+ B cell,IgG+ plasmablast / plasma cell,0.000305647329451035,0.000588336321456762,5.22866988500839e-05,3.76900033318458e-05,all4,2,2,2,2,0.000446991825453898,4.49883510909649e-05,0.000305647329451035,0.000588336321456762,3.76900033318458e-05,5.22866988500839e-05,3.31003496703806,TRUE,TRUE,FALSE,TRUE,irHepatitis
FN1,IgM+ B cell,IgM+ B cell,0.000292010750628811,0.000221416232163956,5.533702667312e-05,9.17858024011774e-05,all4,2,2,2,2,0.000256713491396384,7.35614145371487e-05,0.000221416232163956,0.000292010750628811,5.533702667312e-05,9.17858024011774e-05,1.801880997234,TRUE,TRUE,FALSE,TRUE,irHepatitis
FN1,IgM+ B cell,Macrophage 1,4.17639847270435e-05,3.85403176965166e-05,1.45087454931331e-05,9.30368177945737e-06,all4,2,2,2,2,4.01521512117801e-05,1.19062136362952e-05,3.85403176965166e-05,4.17639847270435e-05,9.30368177945737e-06,1.45087454931331e-05,1.74613627960549,TRUE,TRUE,FALSE,TRUE,irHepatitis
FN1,IgM+ B cell,Macrophage 2,5.62867181135559e-05,4.30570296004393e-05,1.82935323459567e-05,1.37998258085e-05,all4,2,2,2,2,4.96718738569976e-05,1.60466790772284e-05,4.30570296004393e-05,5.62867181135559e-05,1.37998258085e-05,1.82935323459567e-05,1.62470281479218,TRUE,TRUE,FALSE,TRUE,irHepatitis
FN1,IgM+ B cell,Sinusoidal endothelial cell,4.20919898953772e-06,1.40469572047811e-05,4.74007302066316e-06,4.71078767465727e-06,all4,2,2,2,2,9.1280780971594e-06,4.72543034766021e-06,4.20919898953772e-06,1.40469572047811e-05,4.71078767465727e-06,4.74007302066316e-06,0.936814766868175,TRUE,FALSE,FALSE,FALSE,
FN1,IgM+ B cell,Stellate cell,2.84128029084804e-05,4.79376448720505e-05,1.45798312886288e-05,1.27977617089121e-05,all4,2,2,2,2,3.81752238902655e-05,1.36887964987705e-05,2.84128029084804e-05,4.79376448720505e-05,1.27977617089121e-05,1.45798312886288e-05,1.47359028543183,TRUE,TRUE,FALSE,TRUE,irHepatitis
FN1,IgM+ B cell,Vascular endothelial cell,3.32836875910096e-05,2.75484479247816e-05,2.15416724460251e-05,1.78800472341772e-05,all4,2,2,2,2,3.04160677578956e-05,1.97108598401012e-05,2.75484479247816e-05,3.32836875910096e-05,1.78800472341772e-05,2.15416724460251e-05,0.623535562528326,TRUE,TRUE,FALSE,TRUE,irHepatitis
FN1,Macrophage 1,CD4+ T cell,4.61001560067901e-05,2.21628652465874e-05,1.41762477653327e-05,1.54561917701392e-05,all4,2,2,2,2,3.41315106266888e-05,1.48162197677359e-05,2.21628652465874e-05,4.61001560067901e-05,1.41762477653327e-05,1.54561917701392e-05,1.19899416868087,TRUE,TRUE,FALSE,TRUE,irHepatitis
FN1,Macrophage 1,CD8+ T cell 1,4.38617322351762e-05,6.1669240941903e-05,2.1293892772942e-05,2.71711982653906e-05,all4,2,2,2,2,5.27654865885396e-05,2.42325455191663e-05,4.38617322351762e-05,6.1669240941903e-05,2.1293892772942e-05,2.71711982653906e-05,1.11976203531103,TRUE,TRUE,FALSE,TRUE,irHepatitis
FN1,Macrophage 1,CD8+ T cell 2,7.11318275880847e-05,0.000107706326429404,4.66448633765808e-05,4.9372587179337e-05,all4,2,2,2,2,8.94190770087442e-05,4.80087252779589e-05,7.11318275880847e-05,0.000107706326429404,4.66448633765808e-05,4.9372587179337e-05,0.896036642175852,TRUE,TRUE,FALSE,TRUE,irHepatitis
FN1,Macrophage 1,CD8+ T cell 3,5.48799909615028e-05,6.55982285549859e-05,2.89521930877477e-05,3.34837410981308e-05,all4,2,2,2,2,6.02391097582444e-05,3.12179670929392e-05,5.48799909615028e-05,6.55982285549859e-05,2.89521930877477e-05,3.34837410981308e-05,0.946326553034971,TRUE,TRUE,FALSE,TRUE,irHepatitis
FN1,Macrophage 1,Cholangiocyte,0.000136513883754649,7.2317214303462e-05,1.71637292675312e-05,1.81388529020759e-05,all4,2,2,2,2,0.000104415549029056,1.76512910848035e-05,7.2317214303462e-05,0.000136513883754649,1.71637292675312e-05,1.81388529020759e-05,2.55840301584809,TRUE,TRUE,FALSE,TRUE,irHepatitis
FN1,Macrophage 1,Hepatocyte 1,4.56399501836276e-05,8.05598740207214e-05,4.83183276654591e-05,5.10464036599056e-05,all4,2,2,2,2,6.30999121021745e-05,4.96823656626824e-05,4.56399501836276e-05,8.05598740207214e-05,4.83183276654591e-05,5.10464036599056e-05,0.344349880752311,TRUE,FALSE,FALSE,FALSE,
FN1,Macrophage 1,Hepatocyte 2,4.45074300634237e-05,6.72411324298262e-05,4.25163078825015e-05,4.82924647622206e-05,all4,2,2,2,2,5.58742812466249e-05,4.54043863223611e-05,4.45074300634237e-05,6.72411324298262e-05,4.25163078825015e-05,4.82924647622206e-05,0.298818354371578,TRUE,FALSE,FALSE,FALSE,
FN1,Macrophage 1,Hepatocyte 3,3.40297014231423e-05,5.1253228733968e-05,1.860577051939e-05,2.76218870602849e-05,all4,2,2,2,2,4.26414650785552e-05,2.31138287898375e-05,3.40297014231423e-05,5.1253228733968e-05,1.860577051939e-05,2.76218870602849e-05,0.880938585100945,TRUE,TRUE,FALSE,TRUE,irHepatitis
FN1,Macrophage 1,Hepatocyte 4,6.65529250746137e-05,6.70233385439672e-05,5.20892342285476e-05,5.10403544290674e-05,all4,2,2,2,2,6.67881318092904e-05,5.15647943288075e-05,6.65529250746137e-05,6.70233385439672e-05,5.10403544290674e-05,5.20892342285476e-05,0.372632888948032,TRUE,TRUE,FALSE,TRUE,irHepatitis
FN1,Macrophage 1,Ig+ hepatocyte,5.86882705319812e-05,,3.47696231738442e-05,3.94885483976241e-05,all4,2,2,1,2,5.86882705319812e-05,3.71290857857341e-05,,,3.47696231738442e-05,3.94885483976241e-05,0.659241633998451,FALSE,FALSE,FALSE,FALSE,
FN1,Macrophage 1,IgG+ B cell,1.92840602987461e-05,2.01589706251655e-05,1.03904677865692e-05,6.79890045366893e-06,all4,2,2,2,2,1.97215154619558e-05,8.59468412011906e-06,1.92840602987461e-05,2.01589706251655e-05,6.79890045366893e-06,1.03904677865692e-05,1.18980277056803,TRUE,TRUE,FALSE,TRUE,irHepatitis
FN1,Macrophage 1,IgG+ plasmablast / plasma cell,8.35751217833502e-05,5.15390391939061e-05,2.72371502895609e-05,2.78744917167801e-05,all4,2,2,2,2,6.75570804886281e-05,2.75558210031705e-05,5.15390391939061e-05,8.35751217833502e-05,2.72371502895609e-05,2.78744917167801e-05,1.29096916922982,TRUE,TRUE,FALSE,TRUE,irHepatitis
FN1,Macrophage 1,IgM+ B cell,3.13261042274924e-05,3.38609684222751e-05,1.01331255786169e-05,1.18771797522683e-05,all4,2,2,2,2,3.25935363248837e-05,1.10051526654426e-05,3.13261042274924e-05,3.38609684222751e-05,1.01331255786169e-05,1.18771797522683e-05,1.5586426814507,TRUE,TRUE,FALSE,TRUE,irHepatitis
FN1,Macrophage 1,Macrophage 1,8.24578835959667e-05,0.000142804664165971,2.91546027885663e-05,4.69440187408884e-05,all4,2,2,2,2,0.000112631273880969,3.80493107647274e-05,8.24578835959667e-05,0.000142804664165971,2.91546027885663e-05,4.69440187408884e-05,1.5634115069736,TRUE,TRUE,FALSE,TRUE,irHepatitis
FN1,Macrophage 1,Macrophage 2,3.57307655944702e-05,3.04494605564201e-05,8.69583705635729e-06,1.59202474542563e-05,all4,2,2,2,2,3.30901130754452e-05,1.23080422553068e-05,3.04494605564201e-05,3.57307655944702e-05,8.69583705635729e-06,1.59202474542563e-05,1.42021335891849,TRUE,TRUE,FALSE,TRUE,irHepatitis
FN1,Macrophage 1,Sinusoidal endothelial cell,2.40589470720353e-05,5.25510158138919e-05,1.49324731372953e-05,2.40408529644704e-05,all4,2,2,2,2,3.83049814429636e-05,1.94866630508829e-05,2.40589470720353e-05,5.25510158138919e-05,1.49324731372953e-05,2.40408529644704e-05,0.971786290484554,TRUE,TRUE,FALSE,TRUE,irHepatitis
FN1,Macrophage 1,Stellate cell,3.21904695623334e-05,3.87006970568927e-05,8.42327923607404e-06,1.61968312083974e-05,all4,2,2,2,2,3.5445583309613e-05,1.23100552222357e-05,3.21904695623334e-05,3.87006970568927e-05,8.42327923607404e-06,1.61968312083974e-05,1.51892498805388,TRUE,TRUE,FALSE,TRUE,irHepatitis
FN1,Macrophage 1,Vascular endothelial cell,2.03448992015995e-05,1.1532861032409e-05,4.7654500717959e-06,5.07273107391792e-06,all4,2,2,2,2,1.59388801170043e-05,4.91909057285691e-06,1.1532861032409e-05,2.03448992015995e-05,4.7654500717959e-06,5.07273107391792e-06,1.67807172689779,TRUE,TRUE,FALSE,TRUE,irHepatitis
FN1,Macrophage 2,CD4+ T cell,4.50765366712257e-05,6.36331478249368e-05,2.2210414574634e-05,2.11117864828353e-05,all4,2,2,2,2,5.43548422480813e-05,2.16611005287346e-05,4.50765366712257e-05,6.36331478249368e-05,2.11117864828353e-05,2.2210414574634e-05,1.32371074665353,TRUE,TRUE,FALSE,TRUE,irHepatitis
FN1,Macrophage 2,CD8+ T cell 1,4.08988623315805e-05,5.04082151441857e-05,1.31052968111892e-05,1.78330921087337e-05,all4,2,2,2,2,4.56535387378831e-05,1.54691944599615e-05,4.08988623315805e-05,5.04082151441857e-05,1.31052968111892e-05,1.78330921087337e-05,1.55580638471244,TRUE,TRUE,FALSE,TRUE,irHepatitis
FN1,Macrophage 2,CD8+ T cell 2,7.35882597636997e-05,5.19069443180863e-05,8.64861280368367e-06,2.50504500269136e-05,all4,2,2,2,2,6.2747602040893e-05,1.68495314152986e-05,5.19069443180863e-05,7.35882597636997e-05,8.64861280368367e-06,2.50504500269136e-05,1.89124003365251,TRUE,TRUE,FALSE,TRUE,irHepatitis
FN1,Macrophage 2,CD8+ T cell 3,4.41486327738279e-05,4.54292540894009e-05,1.45333660089082e-05,2.12096580833352e-05,all4,2,2,2,2,4.47889434316144e-05,1.78715120461217e-05,4.41486327738279e-05,4.54292540894009e-05,1.45333660089082e-05,2.12096580833352e-05,1.32113445552757,TRUE,TRUE,FALSE,TRUE,irHepatitis
FN1,Macrophage 2,Cholangiocyte,0.000179661971318066,0.000120892969092873,4.80361334550841e-05,3.11195627337124e-05,all4,2,2,2,2,0.00015027747020547,3.95778480943982e-05,0.000120892969092873,0.000179661971318066,3.11195627337124e-05,4.80361334550841e-05,1.9224529818725,TRUE,TRUE,FALSE,TRUE,irHepatitis
FN1,Macrophage 2,Hepatocyte 1,3.71151160500747e-05,4.27561722830153e-05,8.86394009441787e-06,2.45754948651116e-05,all4,2,2,2,2,3.9935644166545e-05,1.67197174797647e-05,3.71151160500747e-05,4.27561722830153e-05,8.86394009441787e-06,2.45754948651116e-05,1.25163384457415,TRUE,TRUE,FALSE,TRUE,irHepatitis
FN1,Macrophage 2,Hepatocyte 2,3.77436153706628e-05,4.70646670616578e-05,9.21205341518865e-06,2.41357234695334e-05,all4,2,2,2,2,4.24041412161603e-05,1.6673888442361e-05,3.77436153706628e-05,4.70646670616578e-05,9.21205341518865e-06,2.41357234695334e-05,1.34191204110135,TRUE,TRUE,FALSE,TRUE,irHepatitis
FN1,Macrophage 2,Hepatocyte 3,3.35786905407174e-05,4.33885810807424e-05,6.32000255848083e-06,1.54052306306814e-05,all4,2,2,2,2,3.84836358107299e-05,1.08626165945811e-05,3.35786905407174e-05,4.33885810807424e-05,6.32000255848083e-06,1.54052306306814e-05,1.81634846911596,TRUE,TRUE,FALSE,TRUE,irHepatitis
FN1,Macrophage 2,Hepatocyte 4,4.65778878049771e-05,3.47769461919343e-05,8.5046027152571e-06,2.5629771392324e-05,all4,2,2,2,2,4.06774169984557e-05,1.70671870537905e-05,3.47769461919343e-05,4.65778878049771e-05,8.5046027152571e-06,2.5629771392324e-05,1.24860810950201,TRUE,TRUE,FALSE,TRUE,irHepatitis
FN1,Macrophage 2,Ig+ hepatocyte,2.65377902721519e-05,,1.83063446086999e-05,3.35900198312153e-05,all4,2,2,1,2,2.65377902721519e-05,2.59481822199576e-05,,,1.83063446086999e-05,3.35900198312153e-05,0.0323040917381985,FALSE,FALSE,FALSE,FALSE,
FN1,Macrophage 2,IgG+ B cell,2.5463250131688e-05,3.03506465886863e-05,1.95263963553065e-05,1.12155492352664e-05,all4,2,2,2,2,2.79069483601872e-05,1.53709727952864e-05,2.5463250131688e-05,3.03506465886863e-05,1.12155492352664e-05,1.95263963553065e-05,0.856642433029407,TRUE,TRUE,FALSE,TRUE,irHepatitis
FN1,Macrophage 2,IgG+ plasmablast / plasma cell,9.57403811856013e-05,0.000277276703183782,3.72873871265338e-05,3.90046435141532e-05,all4,2,2,2,2,0.000186508542184692,3.81460153203435e-05,9.57403811856013e-05,0.000277276703183782,3.72873871265338e-05,3.90046435141532e-05,2.28693645874472,TRUE,TRUE,FALSE,TRUE,irHepatitis
FN1,Macrophage 2,IgM+ B cell,2.73008798124878e-05,3.31054703373427e-05,1.7810182259946e-05,1.80885516884406e-05,all4,2,2,2,2,3.02031750749152e-05,1.79493669741933e-05,2.73008798124878e-05,3.31054703373427e-05,1.7810182259946e-05,1.80885516884406e-05,0.74784713853015,TRUE,TRUE,FALSE,TRUE,irHepatitis
FN1,Macrophage 2,Macrophage 1,4.66212632893897e-05,4.56911330917093e-05,1.04817323512107e-05,1.82944303804812e-05,all4,2,2,2,2,4.61561981905495e-05,1.4388081365846e-05,4.56911330917093e-05,4.66212632893897e-05,1.04817323512107e-05,1.82944303804812e-05,1.67547080364372,TRUE,TRUE,FALSE,TRUE,irHepatitis
FN1,Macrophage 2,Macrophage 2,5.58502973341902e-05,5.71047822542232e-05,1.51599837255179e-05,2.1382529235491e-05,all4,2,2,2,2,5.64775397942067e-05,1.82712564805045e-05,5.58502973341902e-05,5.71047822542232e-05,1.51599837255179e-05,2.1382529235491e-05,1.62331465117806,TRUE,TRUE,FALSE,TRUE,irHepatitis
FN1,Macrophage 2,Sinusoidal endothelial cell,1.92664822148913e-05,2.65459821693457e-05,5.24404034595822e-06,1.20352418030004e-05,all4,2,2,2,2,2.29062321921185e-05,8.63964107447929e-06,1.92664822148913e-05,2.65459821693457e-05,5.24404034595822e-06,1.20352418030004e-05,1.39741294135518,TRUE,TRUE,FALSE,TRUE,irHepatitis
FN1,Macrophage 2,Stellate cell,3.20054004786648e-05,4.03604580868472e-05,9.32752393881278e-06,1.35949507587965e-05,all4,2,2,2,2,3.6182929282756e-05,1.14612373488046e-05,3.20054004786648e-05,4.03604580868472e-05,9.32752393881278e-06,1.35949507587965e-05,1.6508538961117,TRUE,TRUE,FALSE,TRUE,irHepatitis
FN1,Macrophage 2,Vascular endothelial cell,2.24022563012204e-05,2.2637045615785e-05,1.03291430174283e-05,1.0457394344079e-05,all4,2,2,2,2,2.25196509585027e-05,1.03932686807537e-05,2.24022563012204e-05,2.2637045615785e-05,1.03291430174283e-05,1.0457394344079e-05,1.10885707093052,TRUE,TRUE,FALSE,TRUE,irHepatitis
FN1,Sinusoidal endothelial cell,CD4+ T cell,6.62879383018991e-06,2.34960991082103e-05,1.38722161931184e-05,1.99045894297397e-05,all4,2,2,2,2,1.50624464692001e-05,1.6888402811429e-05,6.62879383018991e-06,2.34960991082103e-05,1.38722161931184e-05,1.99045894297397e-05,-0.164150969494462,TRUE,FALSE,FALSE,FALSE,
FN1,Sinusoidal endothelial cell,CD8+ T cell 1,1.80530624120627e-05,6.95938931595645e-05,2.07099529884732e-05,3.64259347445872e-05,all4,2,2,2,2,4.38234777858136e-05,2.85679438665302e-05,1.80530624120627e-05,6.95938931595645e-05,2.07099529884732e-05,3.64259347445872e-05,0.615730342846713,TRUE,FALSE,FALSE,FALSE,
FN1,Sinusoidal endothelial cell,CD8+ T cell 2,5.05488797725049e-05,0.000152088092678826,4.24424261021428e-05,6.92388482997316e-05,all4,2,2,2,2,0.000101318486225666,5.58406372009372e-05,5.05488797725049e-05,0.000152088092678826,4.24424261021428e-05,6.92388482997316e-05,0.85846880786117,TRUE,FALSE,FALSE,FALSE,
FN1,Sinusoidal endothelial cell,CD8+ T cell 3,1.32765781483588e-05,9.2110718490785e-05,2.43773718331648e-05,4.46330486127348e-05,all4,2,2,2,2,5.26936483195719e-05,3.45052102229498e-05,1.32765781483588e-05,9.2110718490785e-05,2.43773718331648e-05,4.46330486127348e-05,0.609520120093862,TRUE,FALSE,FALSE,FALSE,
FN1,Sinusoidal endothelial cell,Cholangiocyte,2.08331174427847e-05,6.48534961091202e-05,1.22372941872127e-05,2.66281514723769e-05,all4,2,2,2,2,4.28433067759525e-05,1.94327228297948e-05,2.08331174427847e-05,6.48534961091202e-05,1.22372941872127e-05,2.66281514723769e-05,1.13694682081509,TRUE,FALSE,FALSE,FALSE,
FN1,Sinusoidal endothelial cell,Hepatocyte 1,6.95972541938276e-05,0.000155978083386193,5.31499705007436e-05,7.18655139297827e-05,all4,2,2,2,2,0.000112787668790011,6.25077422152632e-05,6.95972541938276e-05,0.000155978083386193,5.31499705007436e-05,7.18655139297827e-05,0.850578539553746,TRUE,FALSE,FALSE,FALSE,
FN1,Sinusoidal endothelial cell,Hepatocyte 2,7.20011611743783e-05,0.000129846895113097,4.40977250193893e-05,6.52313529651336e-05,all4,2,2,2,2,0.000100924028143737,5.46645389922615e-05,7.20011611743783e-05,0.000129846895113097,4.40977250193893e-05,6.52313529651336e-05,0.883506327955215,TRUE,TRUE,FALSE,TRUE,irHepatitis
FN1,Sinusoidal endothelial cell,Hepatocyte 3,6.77063455573007e-05,9.7953040320174e-05,2.45655346211103e-05,3.62200200116865e-05,all4,2,2,2,2,8.28296929387373e-05,3.03927773163984e-05,6.77063455573007e-05,9.7953040320174e-05,2.45655346211103e-05,3.62200200116865e-05,1.4437232458929,TRUE,TRUE,FALSE,TRUE,irHepatitis
FN1,Sinusoidal endothelial cell,Hepatocyte 4,6.48904440570401e-05,0.000131829142282139,4.02708511066535e-05,7.25851646390036e-05,all4,2,2,2,2,9.83597931695895e-05,5.64280078728286e-05,6.48904440570401e-05,0.000131829142282139,4.02708511066535e-05,7.25851646390036e-05,0.800678586871192,TRUE,FALSE,FALSE,FALSE,
FN1,Sinusoidal endothelial cell,Ig+ hepatocyte,1.8615370219273e-05,,3.57484093059418e-05,4.50231741350308e-05,all4,2,2,1,2,1.8615370219273e-05,4.03857917204863e-05,,,3.57484093059418e-05,4.50231741350308e-05,-1.11361069738086,FALSE,FALSE,FALSE,FALSE,
FN1,Sinusoidal endothelial cell,IgG+ B cell,1.08584712467207e-05,1.49430996072466e-05,9.08802888580065e-06,9.54843937052659e-06,all4,2,2,2,2,1.29007854269836e-05,9.31823412816362e-06,1.08584712467207e-05,1.49430996072466e-05,9.08802888580065e-06,9.54843937052659e-06,0.465496784525504,TRUE,TRUE,FALSE,TRUE,irHepatitis
FN1,Sinusoidal endothelial cell,IgG+ plasmablast / plasma cell,1.85616683392583e-05,4.76344863919797e-05,2.54898285282363e-05,3.25287164228895e-05,all4,2,2,2,2,3.3098077365619e-05,2.90092724755629e-05,1.85616683392583e-05,4.76344863919797e-05,2.54898285282363e-05,3.25287164228895e-05,0.189682547048474,TRUE,FALSE,FALSE,FALSE,
FN1,Sinusoidal endothelial cell,IgM+ B cell,3.0074197075127e-06,1.92107420376545e-05,9.91216251532714e-06,1.50249056208431e-05,all4,2,2,2,2,1.11090808725836e-05,1.24685340680851e-05,3.0074197075127e-06,1.92107420376545e-05,9.91216251532714e-06,1.50249056208431e-05,-0.165289055265143,TRUE,FALSE,FALSE,FALSE,
FN1,Sinusoidal endothelial cell,Macrophage 1,3.55515015611337e-05,9.07255026509723e-05,2.3221489902831e-05,4.47302053607925e-05,all4,2,2,2,2,6.3138502106053e-05,3.39758476318117e-05,3.55515015611337e-05,9.07255026509723e-05,2.3221489902831e-05,4.47302053607925e-05,0.892250782067157,TRUE,FALSE,FALSE,FALSE,
FN1,Sinusoidal endothelial cell,Macrophage 2,1.70247873379583e-05,3.41290509056837e-05,7.80456132331288e-06,2.13663733918365e-05,all4,2,2,2,2,2.5576919121821e-05,1.45854673575747e-05,1.70247873379583e-05,3.41290509056837e-05,7.80456132331288e-06,2.13663733918365e-05,0.806507662017234,TRUE,FALSE,FALSE,FALSE,
FN1,Sinusoidal endothelial cell,Sinusoidal endothelial cell,0.000111385163587693,0.00021679115378067,3.40881651046709e-05,7.80162991601558e-05,all4,2,2,2,2,0.000164088158684181,5.60522321324134e-05,0.000111385163587693,0.00021679115378067,3.40881651046709e-05,7.80162991601558e-05,1.54810547923256,TRUE,TRUE,FALSE,TRUE,irHepatitis
FN1,Sinusoidal endothelial cell,Stellate cell,3.34934598183326e-05,5.83728906800417e-05,1.01684575000347e-05,2.37586203160189e-05,all4,2,2,2,2,4.59331752491872e-05,1.69635389080268e-05,3.34934598183326e-05,5.83728906800417e-05,1.01684575000347e-05,2.37586203160189e-05,1.43229439543378,TRUE,TRUE,FALSE,TRUE,irHepatitis
FN1,Sinusoidal endothelial cell,Vascular endothelial cell,7.64563682836238e-06,1.37791761491586e-05,4.89683801820319e-06,8.1635455767996e-06,all4,2,2,2,2,1.07124064887605e-05,6.5301917975014e-06,7.64563682836238e-06,1.37791761491586e-05,4.89683801820319e-06,8.1635455767996e-06,0.706415789143728,TRUE,FALSE,FALSE,FALSE,
FN1,Stellate cell,CD4+ T cell,0.000107256980029275,0.000156242745081657,6.89660517234426e-05,6.42570493367031e-05,all4,2,2,2,2,0.000131749862555466,6.66115505300729e-05,0.000107256980029275,0.000156242745081657,6.42570493367031e-05,6.89660517234426e-05,0.982995449176803,TRUE,TRUE,FALSE,TRUE,irHepatitis
FN1,Stellate cell,CD8+ T cell 1,7.91524913752638e-05,0.000117680905748176,4.51183063445087e-05,4.1636546972627e-05,all4,2,2,2,2,9.841669856172e-05,4.33774266585679e-05,7.91524913752638e-05,0.000117680905748176,4.1636546972627e-05,4.51183063445087e-05,1.18028889552755,TRUE,TRUE,FALSE,TRUE,irHepatitis
FN1,Stellate cell,CD8+ T cell 2,0.000121044830813695,0.000150488071715356,3.414215763636e-05,5.21900571492001e-05,all4,2,2,2,2,0.000135766451264525,4.31661073927801e-05,0.000121044830813695,0.000150488071715356,3.414215763636e-05,5.21900571492001e-05,1.65110947297951,TRUE,TRUE,FALSE,TRUE,irHepatitis
FN1,Stellate cell,CD8+ T cell 3,0.000101119813696779,0.000114558308894775,4.57132915758469e-05,5.02019191875025e-05,all4,2,2,2,2,0.000107839061295777,4.79576053816747e-05,0.000101119813696779,0.000114558308894775,4.57132915758469e-05,5.02019191875025e-05,1.16754851828613,TRUE,TRUE,FALSE,TRUE,irHepatitis
FN1,Stellate cell,Cholangiocyte,0.000256914847698013,0.000361869783424749,0.00014211065916391,9.70426094482604e-05,all4,2,2,2,2,0.000309392315561381,0.000119576634306085,0.000256914847698013,0.000361869783424749,9.70426094482604e-05,0.00014211065916391,1.37083671833641,TRUE,TRUE,FALSE,TRUE,irHepatitis
FN1,Stellate cell,Hepatocyte 1,0.000104284929694956,0.000125462868830493,3.80595963295413e-05,5.5680575031578e-05,all4,2,2,2,2,0.000114873899262725,4.68700856805597e-05,0.000104284929694956,0.000125462868830493,3.80595963295413e-05,5.5680575031578e-05,1.29167567017184,TRUE,TRUE,FALSE,TRUE,irHepatitis
FN1,Stellate cell,Hepatocyte 2,0.000102071926184491,0.000122585148457777,3.76292583839147e-05,5.18856935652288e-05,all4,2,2,2,2,0.000112328537321134,4.47574759745718e-05,0.000102071926184491,0.000122585148457777,3.76292583839147e-05,5.18856935652288e-05,1.3257830776496,TRUE,TRUE,FALSE,TRUE,irHepatitis
FN1,Stellate cell,Hepatocyte 3,8.00996763200127e-05,9.90896305058471e-05,2.21502394325419e-05,3.23761036800886e-05,all4,2,2,2,2,8.95946534129299e-05,2.72631715563153e-05,8.00996763200127e-05,9.90896305058471e-05,2.21502394325419e-05,3.23761036800886e-05,1.71315647679144,TRUE,TRUE,FALSE,TRUE,irHepatitis
FN1,Stellate cell,Hepatocyte 4,0.000124571077687494,6.07108879440194e-05,3.52437204207256e-05,5.53485216689036e-05,all4,2,2,2,2,9.26409828157566e-05,4.52961210448146e-05,6.07108879440194e-05,0.000124571077687494,3.52437204207256e-05,5.53485216689036e-05,1.03080178531486,TRUE,TRUE,FALSE,TRUE,irHepatitis
FN1,Stellate cell,Ig+ hepatocyte,0.000167339827711143,,5.7213041623056e-05,7.13560622376435e-05,all4,2,2,1,2,0.000167339827711143,6.42845519303498e-05,,,5.7213041623056e-05,7.13560622376435e-05,1.37899547952512,FALSE,FALSE,FALSE,FALSE,
FN1,Stellate cell,IgG+ B cell,7.3382364661102e-05,5.1876008347828e-05,6.56132687380663e-05,4.21901150706682e-05,all4,2,2,2,2,6.2629186504465e-05,5.39016919043672e-05,5.1876008347828e-05,7.3382364661102e-05,4.21901150706682e-05,6.56132687380663e-05,0.216169771938991,TRUE,FALSE,FALSE,FALSE,
FN1,Stellate cell,IgG+ plasmablast / plasma cell,0.000200715095500067,0.000504805311251196,0.00012057165520624,0.00010830677451804,all4,2,2,2,2,0.000352760203375631,0.00011443921486214,0.000200715095500067,0.000504805311251196,0.00010830677451804,0.00012057165520624,1.62334098754239,TRUE,TRUE,FALSE,TRUE,irHepatitis
FN1,Stellate cell,IgM+ B cell,8.38594545834914e-05,9.20359390107773e-05,5.43763285796737e-05,6.02977998130197e-05,all4,2,2,2,2,8.79476967971344e-05,5.73370641963467e-05,8.38594545834914e-05,9.20359390107773e-05,5.43763285796737e-05,6.02977998130197e-05,0.616391417666654,TRUE,TRUE,FALSE,TRUE,irHepatitis
FN1,Stellate cell,Macrophage 1,9.62899918357455e-05,9.07177235534672e-05,3.88321728964962e-05,4.03552794132712e-05,all4,2,2,2,2,9.35038576946063e-05,3.95937261548837e-05,9.07177235534672e-05,9.62899918357455e-05,3.88321728964962e-05,4.03552794132712e-05,1.23786833434658,TRUE,TRUE,FALSE,TRUE,irHepatitis
FN1,Stellate cell,Macrophage 2,7.10358086522477e-05,6.75782409914029e-05,4.1449965035294e-05,3.88649064084345e-05,all4,2,2,2,2,6.93070248218253e-05,4.01574357218642e-05,6.75782409914029e-05,7.10358086522477e-05,3.88649064084345e-05,4.1449965035294e-05,0.785978366903088,TRUE,TRUE,FALSE,TRUE,irHepatitis
FN1,Stellate cell,Sinusoidal endothelial cell,5.26754381759908e-05,7.23872163509559e-05,2.32700318609397e-05,2.91371617766803e-05,all4,2,2,2,2,6.25313272634734e-05,2.620359681881e-05,5.26754381759908e-05,7.23872163509559e-05,2.32700318609397e-05,2.91371617766803e-05,1.25194558425459,TRUE,TRUE,FALSE,TRUE,irHepatitis
FN1,Stellate cell,Stellate cell,0.000148075931233479,0.000167299724156905,4.16784081644943e-05,5.64115911885951e-05,all4,2,2,2,2,0.000157687827695192,4.90449996765447e-05,0.000148075931233479,0.000167299724156905,4.16784081644943e-05,5.64115911885951e-05,1.68307343723171,TRUE,TRUE,FALSE,TRUE,irHepatitis
FN1,Stellate cell,Vascular endothelial cell,6.26099988236422e-05,7.83598419160562e-05,3.45462506023145e-05,3.76619237419303e-05,all4,2,2,2,2,7.04849203698492e-05,3.61040871721224e-05,6.26099988236422e-05,7.83598419160562e-05,3.45462506023145e-05,3.76619237419303e-05,0.963403397978365,TRUE,TRUE,FALSE,TRUE,irHepatitis
FN1,Vascular endothelial cell,CD4+ T cell,0.000143447532343177,0.000180417673570161,9.32507803630639e-05,9.08810326800828e-05,all4,2,2,2,2,0.000161932602956669,9.20659065215733e-05,0.000143447532343177,0.000180417673570161,9.08810326800828e-05,9.32507803630639e-05,0.814047187534301,TRUE,TRUE,FALSE,TRUE,irHepatitis
FN1,Vascular endothelial cell,CD8+ T cell 1,7.91635846364572e-05,0.000106780857706745,3.28452719209853e-05,2.61680498158765e-05,all4,2,2,2,2,9.29722211716009e-05,2.95066608684309e-05,7.91635846364572e-05,0.000106780857706745,2.61680498158765e-05,3.28452719209853e-05,1.65276434172538,TRUE,TRUE,FALSE,TRUE,irHepatitis
FN1,Vascular endothelial cell,CD8+ T cell 2,7.47494072494879e-05,6.4275355113664e-05,1.66356930896862e-05,1.25944001478135e-05,all4,2,2,2,2,6.9512381181576e-05,1.46150466187499e-05,6.4275355113664e-05,7.47494072494879e-05,1.25944001478135e-05,1.66356930896862e-05,2.24283261210023,TRUE,TRUE,FALSE,TRUE,irHepatitis
FN1,Vascular endothelial cell,CD8+ T cell 3,0.000136811828223299,8.41778553164458e-05,3.25763580041358e-05,2.58032176838318e-05,all4,2,2,2,2,0.000110494841769872,2.91897878439838e-05,8.41778553164458e-05,0.000136811828223299,2.58032176838318e-05,3.25763580041358e-05,1.9171800596056,TRUE,TRUE,FALSE,TRUE,irHepatitis
FN1,Vascular endothelial cell,Cholangiocyte,0.000295553449012536,0.000424180025702095,0.000134936280921561,8.98692652397089e-05,all4,2,2,2,2,0.000359866737357315,0.000112402773080635,0.000295553449012536,0.000424180025702095,8.98692652397089e-05,0.000134936280921561,1.67799203345431,TRUE,TRUE,FALSE,TRUE,irHepatitis
FN1,Vascular endothelial cell,Hepatocyte 1,4.69466284976646e-05,6.39829239744356e-05,1.71126269886913e-05,1.36761237031009e-05,all4,2,2,2,2,5.54647762360501e-05,1.53943753458961e-05,4.69466284976646e-05,6.39829239744356e-05,1.36761237031009e-05,1.71126269886913e-05,1.84310411151825,TRUE,TRUE,FALSE,TRUE,irHepatitis
FN1,Vascular endothelial cell,Hepatocyte 2,5.12413067848711e-05,5.83625846520115e-05,1.65992641967829e-05,1.20299523980304e-05,all4,2,2,2,2,5.48019457184413e-05,1.43146082974066e-05,5.12413067848711e-05,5.83625846520115e-05,1.20299523980304e-05,1.65992641967829e-05,1.93007102394841,TRUE,TRUE,FALSE,TRUE,irHepatitis
FN1,Vascular endothelial cell,Hepatocyte 3,3.39174831673509e-05,5.08207859513165e-05,1.49388779064284e-05,1.12616358453324e-05,all4,2,2,2,2,4.23691345593337e-05,1.31002568758804e-05,3.39174831673509e-05,5.08207859513165e-05,1.12616358453324e-05,1.49388779064284e-05,1.68660942381947,TRUE,TRUE,FALSE,TRUE,irHepatitis
FN1,Vascular endothelial cell,Hepatocyte 4,4.28114428278559e-05,5.20775114131543e-06,1.73690072036128e-05,1.1116424770925e-05,all4,2,2,2,2,2.40095969845857e-05,1.42427159872689e-05,5.20775114131543e-06,4.28114428278559e-05,1.1116424770925e-05,1.73690072036128e-05,0.74970085263994,TRUE,FALSE,FALSE,FALSE,
FN1,Vascular endothelial cell,Ig+ hepatocyte,0.000194557975647493,,3.64827715464481e-05,3.35834667184236e-05,all4,2,2,1,2,0.000194557975647493,3.50331191324359e-05,,,3.35834667184236e-05,3.64827715464481e-05,2.47037764414975,FALSE,FALSE,FALSE,FALSE,
FN1,Vascular endothelial cell,IgG+ B cell,0.000131236354339583,8.1435086930704e-05,5.98086278153414e-05,5.89982341044525e-05,all4,2,2,2,2,0.000106335720635143,5.9403430959897e-05,8.1435086930704e-05,0.000131236354339583,5.89982341044525e-05,5.98086278153414e-05,0.839045583381015,TRUE,TRUE,FALSE,TRUE,irHepatitis
FN1,Vascular endothelial cell,IgG+ plasmablast / plasma cell,0.000295651662723154,0.00056227685371077,0.000110594633754973,0.00013345303140823,all4,2,2,2,2,0.000428964258216962,0.000122023832581602,0.000295651662723154,0.00056227685371077,0.000110594633754973,0.00013345303140823,1.81293426811492,TRUE,TRUE,FALSE,TRUE,irHepatitis
FN1,Vascular endothelial cell,IgM+ B cell,0.000159394915260925,0.000113963897198969,7.76436135450222e-05,0.000100789734467648,all4,2,2,2,2,0.000136679406229947,8.9216674006335e-05,0.000113963897198969,0.000159394915260925,7.76436135450222e-05,0.000100789734467648,0.614906182088088,TRUE,TRUE,FALSE,TRUE,irHepatitis
FN1,Vascular endothelial cell,Macrophage 1,5.74269375501376e-05,4.98447721322236e-05,2.6537613677648e-05,1.76386715980844e-05,all4,2,2,2,2,5.36358548411806e-05,2.20881426378662e-05,4.98447721322236e-05,5.74269375501376e-05,1.76386715980844e-05,2.6537613677648e-05,1.2764815910444,TRUE,TRUE,FALSE,TRUE,irHepatitis
FN1,Vascular endothelial cell,Macrophage 2,7.07557522250081e-05,6.71137504303473e-05,4.09360136435e-05,3.81187573864549e-05,all4,2,2,2,2,6.89347513276777e-05,3.95273855149774e-05,6.71137504303473e-05,7.07557522250081e-05,3.81187573864549e-05,4.09360136435e-05,0.800981575213483,TRUE,TRUE,FALSE,TRUE,irHepatitis
FN1,Vascular endothelial cell,Sinusoidal endothelial cell,1.38969563416382e-05,3.4165772732066e-05,7.70729802021962e-06,7.47212824310659e-06,all4,2,2,2,2,2.40313645368521e-05,7.5897131316631e-06,1.38969563416382e-05,3.4165772732066e-05,7.47212824310659e-06,7.70729802021962e-06,1.65119928681357,TRUE,TRUE,FALSE,TRUE,irHepatitis
FN1,Vascular endothelial cell,Stellate cell,7.5170131664965e-05,0.0001306653522863,3.22225395403458e-05,3.92325334341537e-05,all4,2,2,2,2,0.000102917741975632,3.57275364872498e-05,7.5170131664965e-05,0.0001306653522863,3.22225395403458e-05,3.92325334341537e-05,1.52401723612546,TRUE,TRUE,FALSE,TRUE,irHepatitis
FN1,Vascular endothelial cell,Vascular endothelial cell,0.000202504432044432,0.000186026570751646,9.06633395930232e-05,0.000103557642430544,all4,2,2,2,2,0.000194265501398039,9.71104910117836e-05,0.000186026570751646,0.000202504432044432,9.06633395930232e-05,0.000103557642430544,0.999663138769398,TRUE,TRUE,FALSE,TRUE,irHepatitis
ICOS,CD4+ T cell,CD4+ T cell,,,7.08914211760842e-05,0.000105282677981131,aih_only,0,2,0,2,,8.80870495786077e-05,,,7.08914211760842e-05,0.000105282677981131,,FALSE,FALSE,FALSE,FALSE,
ICOS,CD4+ T cell,CD8+ T cell 1,,,1.26346578517427e-05,1.51949164328829e-05,aih_only,0,2,0,2,,1.39147871423128e-05,,,1.26346578517427e-05,1.51949164328829e-05,,FALSE,FALSE,FALSE,FALSE,
ICOS,CD4+ T cell,CD8+ T cell 2,,,7.09932507817572e-06,1.04303122753651e-05,aih_only,0,2,0,2,,8.7648186767704e-06,,,7.09932507817572e-06,1.04303122753651e-05,,FALSE,FALSE,FALSE,FALSE,
ICOS,CD4+ T cell,CD8+ T cell 3,,,1.22176379327207e-05,1.70933335461398e-05,aih_only,0,2,0,2,,1.46554857394302e-05,,,1.22176379327207e-05,1.70933335461398e-05,,FALSE,FALSE,FALSE,FALSE,
ICOS,CD4+ T cell,Cholangiocyte,,,3.1454795791612e-06,3.6346347954413e-06,aih_only,0,2,0,2,,3.39005718730125e-06,,,3.1454795791612e-06,3.6346347954413e-06,,FALSE,FALSE,FALSE,FALSE,
ICOS,CD4+ T cell,Hepatocyte 1,,,5.24214485118947e-07,9.42998040455289e-07,aih_only,0,2,0,2,,7.33606262787118e-07,,,5.24214485118947e-07,9.42998040455289e-07,,FALSE,FALSE,FALSE,FALSE,
ICOS,CD4+ T cell,Hepatocyte 2,,,6.18382692014804e-07,3.8798005850549e-07,aih_only,0,2,0,2,,5.03181375260147e-07,,,3.8798005850549e-07,6.18382692014804e-07,,FALSE,FALSE,FALSE,FALSE,
ICOS,CD4+ T cell,Hepatocyte 3,,,1.28515459675348e-06,8.87412692805091e-07,aih_only,0,2,0,2,,1.08628364477929e-06,,,8.87412692805091e-07,1.28515459675348e-06,,FALSE,FALSE,FALSE,FALSE,
ICOS,CD4+ T cell,Hepatocyte 4,,,5.66166905322676e-07,7.89879092746681e-07,aih_only,0,2,0,2,,6.78022999034678e-07,,,5.66166905322676e-07,7.89879092746681e-07,,FALSE,FALSE,FALSE,FALSE,
ICOS,CD4+ T cell,Ig+ hepatocyte,,,2.54770335839701e-06,2.11487670752242e-06,aih_only,0,2,0,2,,2.33129003295971e-06,,,2.11487670752242e-06,2.54770335839701e-06,,FALSE,FALSE,FALSE,FALSE,
ICOS,CD4+ T cell,IgG+ B cell,,,3.33396365160744e-06,4.60707802736152e-06,aih_only,0,2,0,2,,3.97052083948448e-06,,,3.33396365160744e-06,4.60707802736152e-06,,FALSE,FALSE,FALSE,FALSE,
ICOS,CD4+ T cell,IgG+ plasmablast / plasma cell,,,6.04263169280746e-06,8.66390956886071e-06,aih_only,0,2,0,2,,7.35327063083408e-06,,,6.04263169280746e-06,8.66390956886071e-06,,FALSE,FALSE,FALSE,FALSE,
ICOS,CD4+ T cell,IgM+ B cell,,,1.66454772540476e-05,4.71998668429293e-05,aih_only,0,2,0,2,,3.19226720484884e-05,,,1.66454772540476e-05,4.71998668429293e-05,,FALSE,FALSE,FALSE,FALSE,
ICOS,CD4+ T cell,Macrophage 1,,,3.46426797202746e-06,3.07958252555135e-06,aih_only,0,2,0,2,,3.27192524878941e-06,,,3.07958252555135e-06,3.46426797202746e-06,,FALSE,FALSE,FALSE,FALSE,
ICOS,CD4+ T cell,Macrophage 2,,,3.41467282012591e-06,4.15833428949471e-06,aih_only,0,2,0,2,,3.78650355481031e-06,,,3.41467282012591e-06,4.15833428949471e-06,,FALSE,FALSE,FALSE,FALSE,
ICOS,CD4+ T cell,Sinusoidal endothelial cell,,,1.11135883596813e-06,1.13540522240912e-06,aih_only,0,2,0,2,,1.12338202918862e-06,,,1.11135883596813e-06,1.13540522240912e-06,,FALSE,FALSE,FALSE,FALSE,
ICOS,CD4+ T cell,Stellate cell,,,4.24478981411747e-06,5.29830465469108e-06,aih_only,0,2,0,2,,4.77154723440428e-06,,,4.24478981411747e-06,5.29830465469108e-06,,FALSE,FALSE,FALSE,FALSE,
ICOS,CD4+ T cell,Vascular endothelial cell,,,4.42188821855263e-06,5.19092055626327e-06,aih_only,0,2,0,2,,4.80640438740795e-06,,,4.42188821855263e-06,5.19092055626327e-06,,FALSE,FALSE,FALSE,FALSE,
ICOS,CD8+ T cell 1,CD4+ T cell,,,2.26574864909489e-05,2.72758874088832e-05,aih_only,0,2,0,2,,2.4966686949916e-05,,,2.26574864909489e-05,2.72758874088832e-05,,FALSE,FALSE,FALSE,FALSE,
ICOS,CD8+ T cell 1,CD8+ T cell 1,,,1.58133022909787e-05,2.13186719883251e-05,aih_only,0,2,0,2,,1.85659871396519e-05,,,1.58133022909787e-05,2.13186719883251e-05,,FALSE,FALSE,FALSE,FALSE,
ICOS,CD8+ T cell 1,CD8+ T cell 2,,,2.02862941774501e-05,2.02136937961859e-05,aih_only,0,2,0,2,,2.0249993986818e-05,,,2.02136937961859e-05,2.02862941774501e-05,,FALSE,FALSE,FALSE,FALSE,
ICOS,CD8+ T cell 1,CD8+ T cell 3,,,1.41079800682752e-05,2.15762650272572e-05,aih_only,0,2,0,2,,1.78421225477662e-05,,,1.41079800682752e-05,2.15762650272572e-05,,FALSE,FALSE,FALSE,FALSE,
ICOS,CD8+ T cell 1,Cholangiocyte,,,1.93904142633766e-06,2.19564517642318e-06,aih_only,0,2,0,2,,2.06734330138042e-06,,,1.93904142633766e-06,2.19564517642318e-06,,FALSE,FALSE,FALSE,FALSE,
ICOS,CD8+ T cell 1,Hepatocyte 1,,,1.89270801296911e-06,1.77629925094411e-06,aih_only,0,2,0,2,,1.83450363195661e-06,,,1.77629925094411e-06,1.89270801296911e-06,,FALSE,FALSE,FALSE,FALSE,
ICOS,CD8+ T cell 1,Hepatocyte 2,,,1.58651348134975e-06,8.57027929511386e-07,aih_only,0,2,0,2,,1.22177070543057e-06,,,8.57027929511386e-07,1.58651348134975e-06,,FALSE,FALSE,FALSE,FALSE,
ICOS,CD8+ T cell 1,Hepatocyte 3,,,1.82938012892204e-06,2.31806654932367e-06,aih_only,0,2,0,2,,2.07372333912286e-06,,,1.82938012892204e-06,2.31806654932367e-06,,FALSE,FALSE,FALSE,FALSE,
ICOS,CD8+ T cell 1,Hepatocyte 4,,,2.49060656748652e-06,1.95584739152431e-06,aih_only,0,2,0,2,,2.22322697950541e-06,,,1.95584739152431e-06,2.49060656748652e-06,,FALSE,FALSE,FALSE,FALSE,
ICOS,CD8+ T cell 1,Ig+ hepatocyte,,,4.78142727073222e-06,2.62706616400495e-06,aih_only,0,2,0,2,,3.70424671736858e-06,,,2.62706616400495e-06,4.78142727073222e-06,,FALSE,FALSE,FALSE,FALSE,
ICOS,CD8+ T cell 1,IgG+ B cell,,,1.93356211850724e-06,2.26485248602884e-06,aih_only,0,2,0,2,,2.09920730226804e-06,,,1.93356211850724e-06,2.26485248602884e-06,,FALSE,FALSE,FALSE,FALSE,
ICOS,CD8+ T cell 1,IgG+ plasmablast / plasma cell,,,3.85440726020292e-06,4.44877317586536e-06,aih_only,0,2,0,2,,4.15159021803414e-06,,,3.85440726020292e-06,4.44877317586536e-06,,FALSE,FALSE,FALSE,FALSE,
ICOS,CD8+ T cell 1,IgM+ B cell,,,3.7366978942782e-06,4.60191558249971e-06,aih_only,0,2,0,2,,4.16930673838895e-06,,,3.7366978942782e-06,4.60191558249971e-06,,FALSE,FALSE,FALSE,FALSE,
ICOS,CD8+ T cell 1,Macrophage 1,,,4.15958744092362e-06,4.02217958399974e-06,aih_only,0,2,0,2,,4.09088351246168e-06,,,4.02217958399974e-06,4.15958744092362e-06,,FALSE,FALSE,FALSE,FALSE,
ICOS,CD8+ T cell 1,Macrophage 2,,,1.70452292379885e-06,2.63639694307975e-06,aih_only,0,2,0,2,,2.1704599334393e-06,,,1.70452292379885e-06,2.63639694307975e-06,,FALSE,FALSE,FALSE,FALSE,
ICOS,CD8+ T cell 1,Sinusoidal endothelial cell,,,2.5196256018727e-06,3.07965827239276e-06,aih_only,0,2,0,2,,2.79964193713273e-06,,,2.5196256018727e-06,3.07965827239276e-06,,FALSE,FALSE,FALSE,FALSE,
ICOS,CD8+ T cell 1,Stellate cell,,,2.10030876133121e-06,2.72069055956307e-06,aih_only,0,2,0,2,,2.41049966044714e-06,,,2.10030876133121e-06,2.72069055956307e-06,,FALSE,FALSE,FALSE,FALSE,
ICOS,CD8+ T cell 1,Vascular endothelial cell,,,1.22008174149016e-06,1.74376589161014e-06,aih_only,0,2,0,2,,1.48192381655015e-06,,,1.22008174149016e-06,1.74376589161014e-06,,FALSE,FALSE,FALSE,FALSE,
ICOS,CD8+ T cell 2,CD4+ T cell,,,1.93034311847309e-05,2.71030542356529e-05,aih_only,0,2,0,2,,2.32032427101919e-05,,,1.93034311847309e-05,2.71030542356529e-05,,FALSE,FALSE,FALSE,FALSE,
ICOS,CD8+ T cell 2,CD8+ T cell 1,,,2.36971544774703e-05,2.41110982249534e-05,aih_only,0,2,0,2,,2.39041263512118e-05,,,2.36971544774703e-05,2.41110982249534e-05,,FALSE,FALSE,FALSE,FALSE,
ICOS,CD8+ T cell 2,CD8+ T cell 2,,,0.000100259938176756,6.78664527896413e-05,aih_only,0,2,0,2,,8.40631954831987e-05,,,6.78664527896413e-05,0.000100259938176756,,FALSE,FALSE,FALSE,FALSE,
ICOS,CD8+ T cell 2,CD8+ T cell 3,,,3.28256595549479e-05,2.97014233817198e-05,aih_only,0,2,0,2,,3.12635414683338e-05,,,2.97014233817198e-05,3.28256595549479e-05,,FALSE,FALSE,FALSE,FALSE,
ICOS,CD8+ T cell 2,Cholangiocyte,,,1.65337912090895e-06,2.04365046265002e-06,aih_only,0,2,0,2,,1.84851479177949e-06,,,1.65337912090895e-06,2.04365046265002e-06,,FALSE,FALSE,FALSE,FALSE,
ICOS,CD8+ T cell 2,Hepatocyte 1,,,6.76766376675907e-06,2.89037311537609e-06,aih_only,0,2,0,2,,4.82901844106758e-06,,,2.89037311537609e-06,6.76766376675907e-06,,FALSE,FALSE,FALSE,FALSE,
ICOS,CD8+ T cell 2,Hepatocyte 2,,,4.73616190581863e-06,1.54650708772219e-06,aih_only,0,2,0,2,,3.14133449677041e-06,,,1.54650708772219e-06,4.73616190581863e-06,,FALSE,FALSE,FALSE,FALSE,
ICOS,CD8+ T cell 2,Hepatocyte 3,,,7.33487524003549e-06,3.71017166981732e-06,aih_only,0,2,0,2,,5.52252345492641e-06,,,3.71017166981732e-06,7.33487524003549e-06,,FALSE,FALSE,FALSE,FALSE,
ICOS,CD8+ T cell 2,Hepatocyte 4,,,7.17321769780296e-06,3.62465421477354e-06,aih_only,0,2,0,2,,5.39893595628825e-06,,,3.62465421477354e-06,7.17321769780296e-06,,FALSE,FALSE,FALSE,FALSE,
ICOS,CD8+ T cell 2,Ig+ hepatocyte,,,9.35914841600412e-06,3.64473383100063e-06,aih_only,0,2,0,2,,6.50194112350237e-06,,,3.64473383100063e-06,9.35914841600412e-06,,FALSE,FALSE,FALSE,FALSE,
ICOS,CD8+ T cell 2,IgG+ B cell,,,1.90881640866757e-06,1.85053795359886e-06,aih_only,0,2,0,2,,1.87967718113321e-06,,,1.85053795359886e-06,1.90881640866757e-06,,FALSE,FALSE,FALSE,FALSE,
ICOS,CD8+ T cell 2,IgG+ plasmablast / plasma cell,,,4.86800319448164e-06,4.0614561964915e-06,aih_only,0,2,0,2,,4.46472969548657e-06,,,4.0614561964915e-06,4.86800319448164e-06,,FALSE,FALSE,FALSE,FALSE,
ICOS,CD8+ T cell 2,IgM+ B cell,,,1.99625593026812e-06,3.21863525889543e-06,aih_only,0,2,0,2,,2.60744559458177e-06,,,1.99625593026812e-06,3.21863525889543e-06,,FALSE,FALSE,FALSE,FALSE,
ICOS,CD8+ T cell 2,Macrophage 1,,,6.9559016694611e-06,4.98932007447739e-06,aih_only,0,2,0,2,,5.97261087196925e-06,,,4.98932007447739e-06,6.9559016694611e-06,,FALSE,FALSE,FALSE,FALSE,
ICOS,CD8+ T cell 2,Macrophage 2,,,1.73874661112418e-06,2.89435615573943e-06,aih_only,0,2,0,2,,2.31655138343181e-06,,,1.73874661112418e-06,2.89435615573943e-06,,FALSE,FALSE,FALSE,FALSE,
ICOS,CD8+ T cell 2,Sinusoidal endothelial cell,,,4.20879161434036e-06,4.59248949362411e-06,aih_only,0,2,0,2,,4.40064055398223e-06,,,4.20879161434036e-06,4.59248949362411e-06,,FALSE,FALSE,FALSE,FALSE,
ICOS,CD8+ T cell 2,Stellate cell,,,1.86360414114e-06,2.66853509434373e-06,aih_only,0,2,0,2,,2.26606961774187e-06,,,1.86360414114e-06,2.66853509434373e-06,,FALSE,FALSE,FALSE,FALSE,
ICOS,CD8+ T cell 2,Vascular endothelial cell,,,8.65166982402337e-07,1.55762165816077e-06,aih_only,0,2,0,2,,1.21139432028155e-06,,,8.65166982402337e-07,1.55762165816077e-06,,FALSE,FALSE,FALSE,FALSE,
ICOS,CD8+ T cell 3,CD4+ T cell,,,2.37156644431179e-05,3.25543746477473e-05,aih_only,0,2,0,2,,2.81350195454326e-05,,,2.37156644431179e-05,3.25543746477473e-05,,FALSE,FALSE,FALSE,FALSE,
ICOS,CD8+ T cell 3,CD8+ T cell 1,,,2.08216924448524e-05,2.21188352411034e-05,aih_only,0,2,0,2,,2.14702638429779e-05,,,2.08216924448524e-05,2.21188352411034e-05,,FALSE,FALSE,FALSE,FALSE,
ICOS,CD8+ T cell 3,CD8+ T cell 2,,,4.28256345553182e-05,2.98951142450402e-05,aih_only,0,2,0,2,,3.63603744001792e-05,,,2.98951142450402e-05,4.28256345553182e-05,,FALSE,FALSE,FALSE,FALSE,
ICOS,CD8+ T cell 3,CD8+ T cell 3,,,7.32322746214549e-05,8.15727365394507e-05,aih_only,0,2,0,2,,7.74025055804528e-05,,,7.32322746214549e-05,8.15727365394507e-05,,FALSE,FALSE,FALSE,FALSE,
ICOS,CD8+ T cell 3,Cholangiocyte,,,2.0562154875008e-06,3.65249743966248e-06,aih_only,0,2,0,2,,2.85435646358164e-06,,,2.0562154875008e-06,3.65249743966248e-06,,FALSE,FALSE,FALSE,FALSE,
ICOS,CD8+ T cell 3,Hepatocyte 1,,,4.36359387374162e-06,2.67137178843426e-06,aih_only,0,2,0,2,,3.51748283108794e-06,,,2.67137178843426e-06,4.36359387374162e-06,,FALSE,FALSE,FALSE,FALSE,
ICOS,CD8+ T cell 3,Hepatocyte 2,,,4.26287682422579e-06,1.69962161888594e-06,aih_only,0,2,0,2,,2.98124922155587e-06,,,1.69962161888594e-06,4.26287682422579e-06,,FALSE,FALSE,FALSE,FALSE,
ICOS,CD8+ T cell 3,Hepatocyte 3,,,4.98017592934431e-06,3.3031030282345e-06,aih_only,0,2,0,2,,4.14163947878941e-06,,,3.3031030282345e-06,4.98017592934431e-06,,FALSE,FALSE,FALSE,FALSE,
ICOS,CD8+ T cell 3,Hepatocyte 4,,,5.83249453786639e-06,2.46528757751661e-06,aih_only,0,2,0,2,,4.1488910576915e-06,,,2.46528757751661e-06,5.83249453786639e-06,,FALSE,FALSE,FALSE,FALSE,
ICOS,CD8+ T cell 3,Ig+ hepatocyte,,,9.42258566080957e-06,1.35573311384235e-06,aih_only,0,2,0,2,,5.38915938732596e-06,,,1.35573311384235e-06,9.42258566080957e-06,,FALSE,FALSE,FALSE,FALSE,
ICOS,CD8+ T cell 3,IgG+ B cell,,,2.05447411282481e-06,2.35174843716529e-06,aih_only,0,2,0,2,,2.20311127499505e-06,,,2.05447411282481e-06,2.35174843716529e-06,,FALSE,FALSE,FALSE,FALSE,
ICOS,CD8+ T cell 3,IgG+ plasmablast / plasma cell,,,5.74712825192087e-06,4.90985660510623e-06,aih_only,0,2,0,2,,5.32849242851355e-06,,,4.90985660510623e-06,5.74712825192087e-06,,FALSE,FALSE,FALSE,FALSE,
ICOS,CD8+ T cell 3,IgM+ B cell,,,4.40124022111467e-06,4.68417611136474e-06,aih_only,0,2,0,2,,4.5427081662397e-06,,,4.40124022111467e-06,4.68417611136474e-06,,FALSE,FALSE,FALSE,FALSE,
ICOS,CD8+ T cell 3,Macrophage 1,,,6.16076771379658e-06,5.13102278789461e-06,aih_only,0,2,0,2,,5.64589525084559e-06,,,5.13102278789461e-06,6.16076771379658e-06,,FALSE,FALSE,FALSE,FALSE,
ICOS,CD8+ T cell 3,Macrophage 2,,,1.54890282988073e-06,4.04074131231244e-06,aih_only,0,2,0,2,,2.79482207109659e-06,,,1.54890282988073e-06,4.04074131231244e-06,,FALSE,FALSE,FALSE,FALSE,
ICOS,CD8+ T cell 3,Sinusoidal endothelial cell,,,4.14007630372928e-06,2.83134759432021e-06,aih_only,0,2,0,2,,3.48571194902474e-06,,,2.83134759432021e-06,4.14007630372928e-06,,FALSE,FALSE,FALSE,FALSE,
ICOS,CD8+ T cell 3,Stellate cell,,,2.33867220243281e-06,4.07797999890919e-06,aih_only,0,2,0,2,,3.208326100671e-06,,,2.33867220243281e-06,4.07797999890919e-06,,FALSE,FALSE,FALSE,FALSE,
ICOS,CD8+ T cell 3,Vascular endothelial cell,,,1.31651408588084e-06,1.16050454015938e-06,aih_only,0,2,0,2,,1.23850931302011e-06,,,1.16050454015938e-06,1.31651408588084e-06,,FALSE,FALSE,FALSE,FALSE,
ICOS,Cholangiocyte,CD4+ T cell,,,5.75135225480461e-05,4.46919973849353e-05,aih_only,0,2,0,2,,5.11027599664907e-05,,,4.46919973849353e-05,5.75135225480461e-05,,FALSE,FALSE,FALSE,FALSE,
ICOS,Cholangiocyte,CD8+ T cell 1,,,1.38886886422672e-05,1.38451669225671e-05,aih_only,0,2,0,2,,1.38669277824172e-05,,,1.38451669225671e-05,1.38886886422672e-05,,FALSE,FALSE,FALSE,FALSE,
ICOS,Cholangiocyte,CD8+ T cell 2,,,6.63986654529086e-06,1.00017574521436e-05,aih_only,0,2,0,2,,8.32081199871725e-06,,,6.63986654529086e-06,1.00017574521436e-05,,FALSE,FALSE,FALSE,FALSE,
ICOS,Cholangiocyte,CD8+ T cell 3,,,1.31911185958398e-05,1.83627195566569e-05,aih_only,0,2,0,2,,1.57769190762483e-05,,,1.31911185958398e-05,1.83627195566569e-05,,FALSE,FALSE,FALSE,FALSE,
ICOS,Cholangiocyte,Cholangiocyte,,,1.27165226886415e-05,1.30970821735093e-05,aih_only,0,2,0,2,,1.29068024310754e-05,,,1.27165226886415e-05,1.30970821735093e-05,,FALSE,FALSE,FALSE,FALSE,
ICOS,Cholangiocyte,Hepatocyte 1,,,4.25793773697261e-07,8.44913307710639e-07,aih_only,0,2,0,2,,6.3535354070395e-07,,,4.25793773697261e-07,8.44913307710639e-07,,FALSE,FALSE,FALSE,FALSE,
ICOS,Cholangiocyte,Hepatocyte 2,,,6.54536959794167e-07,4.76524343150784e-07,aih_only,0,2,0,2,,5.65530651472476e-07,,,4.76524343150784e-07,6.54536959794167e-07,,FALSE,FALSE,FALSE,FALSE,
ICOS,Cholangiocyte,Hepatocyte 3,,,1.39498925473707e-06,2.69101923812655e-06,aih_only,0,2,0,2,,2.04300424643181e-06,,,1.39498925473707e-06,2.69101923812655e-06,,FALSE,FALSE,FALSE,FALSE,
ICOS,Cholangiocyte,Hepatocyte 4,,,9.93687613420731e-07,4.73671541184316e-07,aih_only,0,2,0,2,,7.33679577302524e-07,,,4.73671541184316e-07,9.93687613420731e-07,,FALSE,FALSE,FALSE,FALSE,
ICOS,Cholangiocyte,Ig+ hepatocyte,,,3.60381868946684e-06,3.48340723908405e-06,aih_only,0,2,0,2,,3.54361296427545e-06,,,3.48340723908405e-06,3.60381868946684e-06,,FALSE,FALSE,FALSE,FALSE,
ICOS,Cholangiocyte,IgG+ B cell,,,5.80104735721897e-06,5.6385751846743e-06,aih_only,0,2,0,2,,5.71981127094664e-06,,,5.6385751846743e-06,5.80104735721897e-06,,FALSE,FALSE,FALSE,FALSE,
ICOS,Cholangiocyte,IgG+ plasmablast / plasma cell,,,7.53072286384398e-06,9.52593363152549e-06,aih_only,0,2,0,2,,8.52832824768474e-06,,,7.53072286384398e-06,9.52593363152549e-06,,FALSE,FALSE,FALSE,FALSE,
ICOS,Cholangiocyte,IgM+ B cell,,,9.50489882096165e-06,1.40188422827516e-05,aih_only,0,2,0,2,,1.17618705518566e-05,,,9.50489882096165e-06,1.40188422827516e-05,,FALSE,FALSE,FALSE,FALSE,
ICOS,Cholangiocyte,Macrophage 1,,,3.14105264739247e-06,2.41013330341954e-06,aih_only,0,2,0,2,,2.77559297540601e-06,,,2.41013330341954e-06,3.14105264739247e-06,,FALSE,FALSE,FALSE,FALSE,
ICOS,Cholangiocyte,Macrophage 2,,,5.12879676428364e-06,3.62374920232105e-06,aih_only,0,2,0,2,,4.37627298330234e-06,,,3.62374920232105e-06,5.12879676428364e-06,,FALSE,FALSE,FALSE,FALSE,
ICOS,Cholangiocyte,Sinusoidal endothelial cell,,,8.44307485448765e-07,1.83924587293618e-06,aih_only,0,2,0,2,,1.34177667919247e-06,,,8.44307485448765e-07,1.83924587293618e-06,,FALSE,FALSE,FALSE,FALSE,
ICOS,Cholangiocyte,Stellate cell,,,5.36834306591314e-06,4.92235035320513e-06,aih_only,0,2,0,2,,5.14534670955913e-06,,,4.92235035320513e-06,5.36834306591314e-06,,FALSE,FALSE,FALSE,FALSE,
ICOS,Cholangiocyte,Vascular endothelial cell,,,3.49123940360063e-06,5.27152078803604e-06,aih_only,0,2,0,2,,4.38138009581833e-06,,,3.49123940360063e-06,5.27152078803604e-06,,FALSE,FALSE,FALSE,FALSE,
ICOS,Hepatocyte 1,CD4+ T cell,,,6.18716252950663e-05,4.91149446441077e-05,aih_only,0,2,0,2,,5.5493284969587e-05,,,4.91149446441077e-05,6.18716252950663e-05,,FALSE,FALSE,FALSE,FALSE,
ICOS,Hepatocyte 1,CD8+ T cell 1,,,7.0261609115865e-05,4.68150280907971e-05,aih_only,0,2,0,2,,5.8538318603331e-05,,,4.68150280907971e-05,7.0261609115865e-05,,FALSE,FALSE,FALSE,FALSE,
ICOS,Hepatocyte 1,CD8+ T cell 2,,,0.000199671023889803,7.07083666584002e-05,aih_only,0,2,0,2,,0.000135189695274102,,,7.07083666584002e-05,0.000199671023889803,,FALSE,FALSE,FALSE,FALSE,
ICOS,Hepatocyte 1,CD8+ T cell 3,,,8.26973733293902e-05,5.44492794153889e-05,aih_only,0,2,0,2,,6.85733263723895e-05,,,5.44492794153889e-05,8.26973733293902e-05,,FALSE,FALSE,FALSE,FALSE,
ICOS,Hepatocyte 1,Cholangiocyte,,,4.25842981605173e-06,3.95140010503825e-06,aih_only,0,2,0,2,,4.10491496054499e-06,,,3.95140010503825e-06,4.25842981605173e-06,,FALSE,FALSE,FALSE,FALSE,
ICOS,Hepatocyte 1,Hepatocyte 1,,,2.7807983169765e-05,6.90476859490655e-06,aih_only,0,2,0,2,,1.73563758823358e-05,,,6.90476859490655e-06,2.7807983169765e-05,,FALSE,FALSE,FALSE,FALSE,
ICOS,Hepatocyte 1,Hepatocyte 2,,,1.50672435171666e-05,3.25820746341625e-06,aih_only,0,2,0,2,,9.16272549029145e-06,,,3.25820746341625e-06,1.50672435171666e-05,,FALSE,FALSE,FALSE,FALSE,
ICOS,Hepatocyte 1,Hepatocyte 3,,,1.95061023600586e-05,9.13782643843709e-06,aih_only,0,2,0,2,,1.43219643992478e-05,,,9.13782643843709e-06,1.95061023600586e-05,,FALSE,FALSE,FALSE,FALSE,
ICOS,Hepatocyte 1,Hepatocyte 4,,,2.27304654751842e-05,6.72170053031909e-06,aih_only,0,2,0,2,,1.47260830027517e-05,,,6.72170053031909e-06,2.27304654751842e-05,,FALSE,FALSE,FALSE,FALSE,
ICOS,Hepatocyte 1,Ig+ hepatocyte,,,3.3415655185288e-05,7.10226882666056e-06,aih_only,0,2,0,2,,2.02589620059743e-05,,,7.10226882666056e-06,3.3415655185288e-05,,FALSE,FALSE,FALSE,FALSE,
ICOS,Hepatocyte 1,IgG+ B cell,,,4.75661370596696e-06,3.60284840207618e-06,aih_only,0,2,0,2,,4.17973105402157e-06,,,3.60284840207618e-06,4.75661370596696e-06,,FALSE,FALSE,FALSE,FALSE,
ICOS,Hepatocyte 1,IgG+ plasmablast / plasma cell,,,1.25941156145832e-05,6.82410443362798e-06,aih_only,0,2,0,2,,9.70911002410561e-06,,,6.82410443362798e-06,1.25941156145832e-05,,FALSE,FALSE,FALSE,FALSE,
ICOS,Hepatocyte 1,IgM+ B cell,,,5.8010905007272e-06,5.19526467486774e-06,aih_only,0,2,0,2,,5.49817758779747e-06,,,5.19526467486774e-06,5.8010905007272e-06,,FALSE,FALSE,FALSE,FALSE,
ICOS,Hepatocyte 1,Macrophage 1,,,1.89815345166878e-05,1.00983169540142e-05,aih_only,0,2,0,2,,1.4539925735351e-05,,,1.00983169540142e-05,1.89815345166878e-05,,FALSE,FALSE,FALSE,FALSE,
ICOS,Hepatocyte 1,Macrophage 2,,,4.48115431824399e-06,5.73324526713472e-06,aih_only,0,2,0,2,,5.10719979268936e-06,,,4.48115431824399e-06,5.73324526713472e-06,,FALSE,FALSE,FALSE,FALSE,
ICOS,Hepatocyte 1,Sinusoidal endothelial cell,,,1.33687434623305e-05,8.10319177398121e-06,aih_only,0,2,0,2,,1.07359676181559e-05,,,8.10319177398121e-06,1.33687434623305e-05,,FALSE,FALSE,FALSE,FALSE,
ICOS,Hepatocyte 1,Stellate cell,,,5.64662977438769e-06,5.1942758579294e-06,aih_only,0,2,0,2,,5.42045281615854e-06,,,5.1942758579294e-06,5.64662977438769e-06,,FALSE,FALSE,FALSE,FALSE,
ICOS,Hepatocyte 1,Vascular endothelial cell,,,3.18695808431634e-06,2.54222649323118e-06,aih_only,0,2,0,2,,2.86459228877376e-06,,,2.54222649323118e-06,3.18695808431634e-06,,FALSE,FALSE,FALSE,FALSE,
ICOS,Hepatocyte 2,CD4+ T cell,,,2.16621663888042e-05,2.08702062959043e-05,aih_only,0,2,0,2,,2.12661863423543e-05,,,2.08702062959043e-05,2.16621663888042e-05,,FALSE,FALSE,FALSE,FALSE,
ICOS,Hepatocyte 2,CD8+ T cell 1,,,2.00817253186336e-05,2.09696071758888e-05,aih_only,0,2,0,2,,2.05256662472612e-05,,,2.00817253186336e-05,2.09696071758888e-05,,FALSE,FALSE,FALSE,FALSE,
ICOS,Hepatocyte 2,CD8+ T cell 2,,,5.72531663196293e-05,3.35497423846727e-05,aih_only,0,2,0,2,,4.5401454352151e-05,,,3.35497423846727e-05,5.72531663196293e-05,,FALSE,FALSE,FALSE,FALSE,
ICOS,Hepatocyte 2,CD8+ T cell 3,,,2.39653563703036e-05,2.45924276603739e-05,aih_only,0,2,0,2,,2.42788920153388e-05,,,2.39653563703036e-05,2.45924276603739e-05,,FALSE,FALSE,FALSE,FALSE,
ICOS,Hepatocyte 2,Cholangiocyte,,,1.60563037489081e-06,1.70958866281433e-06,aih_only,0,2,0,2,,1.65760951885257e-06,,,1.60563037489081e-06,1.70958866281433e-06,,FALSE,FALSE,FALSE,FALSE,
ICOS,Hepatocyte 2,Hepatocyte 1,,,5.86405420515512e-06,3.04068160182248e-06,aih_only,0,2,0,2,,4.4523679034888e-06,,,3.04068160182248e-06,5.86405420515512e-06,,FALSE,FALSE,FALSE,FALSE,
ICOS,Hepatocyte 2,Hepatocyte 2,,,6.75756782359861e-06,2.50321879404619e-06,aih_only,0,2,0,2,,4.6303933088224e-06,,,2.50321879404619e-06,6.75756782359861e-06,,FALSE,FALSE,FALSE,FALSE,
ICOS,Hepatocyte 2,Hepatocyte 3,,,8.42674265039203e-06,4.7211808302233e-06,aih_only,0,2,0,2,,6.57396174030767e-06,,,4.7211808302233e-06,8.42674265039203e-06,,FALSE,FALSE,FALSE,FALSE,
ICOS,Hepatocyte 2,Hepatocyte 4,,,7.5267104535217e-06,3.53762263756159e-06,aih_only,0,2,0,2,,5.53216654554164e-06,,,3.53762263756159e-06,7.5267104535217e-06,,FALSE,FALSE,FALSE,FALSE,
ICOS,Hepatocyte 2,Ig+ hepatocyte,,,7.80040648489561e-06,4.29845217493521e-06,aih_only,0,2,0,2,,6.04942932991541e-06,,,4.29845217493521e-06,7.80040648489561e-06,,FALSE,FALSE,FALSE,FALSE,
ICOS,Hepatocyte 2,IgG+ B cell,,,2.44590809398135e-06,1.74279550341142e-06,aih_only,0,2,0,2,,2.09435179869639e-06,,,1.74279550341142e-06,2.44590809398135e-06,,FALSE,FALSE,FALSE,FALSE,
ICOS,Hepatocyte 2,IgG+ plasmablast / plasma cell,,,3.69421835010399e-06,2.75808261695469e-06,aih_only,0,2,0,2,,3.22615048352934e-06,,,2.75808261695469e-06,3.69421835010399e-06,,FALSE,FALSE,FALSE,FALSE,
ICOS,Hepatocyte 2,IgM+ B cell,,,1.75811943387341e-06,1.93624152304296e-06,aih_only,0,2,0,2,,1.84718047845818e-06,,,1.75811943387341e-06,1.93624152304296e-06,,FALSE,FALSE,FALSE,FALSE,
ICOS,Hepatocyte 2,Macrophage 1,,,5.7662712698535e-06,4.71946460986989e-06,aih_only,0,2,0,2,,5.2428679398617e-06,,,4.71946460986989e-06,5.7662712698535e-06,,FALSE,FALSE,FALSE,FALSE,
ICOS,Hepatocyte 2,Macrophage 2,,,1.31006545412598e-06,2.88881054951374e-06,aih_only,0,2,0,2,,2.09943800181986e-06,,,1.31006545412598e-06,2.88881054951374e-06,,FALSE,FALSE,FALSE,FALSE,
ICOS,Hepatocyte 2,Sinusoidal endothelial cell,,,2.87975677214569e-06,3.4200790361204e-06,aih_only,0,2,0,2,,3.14991790413304e-06,,,2.87975677214569e-06,3.4200790361204e-06,,FALSE,FALSE,FALSE,FALSE,
ICOS,Hepatocyte 2,Stellate cell,,,1.49912123439557e-06,2.76348404780388e-06,aih_only,0,2,0,2,,2.13130264109973e-06,,,1.49912123439557e-06,2.76348404780388e-06,,FALSE,FALSE,FALSE,FALSE,
ICOS,Hepatocyte 2,Vascular endothelial cell,,,1.94395134850729e-06,1.36586025251705e-06,aih_only,0,2,0,2,,1.65490580051217e-06,,,1.36586025251705e-06,1.94395134850729e-06,,FALSE,FALSE,FALSE,FALSE,
ICOS,Hepatocyte 3,CD4+ T cell,,,9.24007029553068e-06,7.99690648660126e-06,aih_only,0,2,0,2,,8.61848839106597e-06,,,7.99690648660126e-06,9.24007029553068e-06,,FALSE,FALSE,FALSE,FALSE,
ICOS,Hepatocyte 3,CD8+ T cell 1,,,7.10972569248593e-06,6.27537717467758e-06,aih_only,0,2,0,2,,6.69255143358175e-06,,,6.27537717467758e-06,7.10972569248593e-06,,FALSE,FALSE,FALSE,FALSE,
ICOS,Hepatocyte 3,CD8+ T cell 2,,,2.36871125323822e-05,9.12827947256703e-06,aih_only,0,2,0,2,,1.64076960024746e-05,,,9.12827947256703e-06,2.36871125323822e-05,,FALSE,FALSE,FALSE,FALSE,
ICOS,Hepatocyte 3,CD8+ T cell 3,,,6.15654453392788e-06,7.35106954988951e-06,aih_only,0,2,0,2,,6.7538070419087e-06,,,6.15654453392788e-06,7.35106954988951e-06,,FALSE,FALSE,FALSE,FALSE,
ICOS,Hepatocyte 3,Cholangiocyte,,,6.25799595340027e-07,4.42465271952267e-07,aih_only,0,2,0,2,,5.34132433646147e-07,,,4.42465271952267e-07,6.25799595340027e-07,,FALSE,FALSE,FALSE,FALSE,
ICOS,Hepatocyte 3,Hepatocyte 1,,,2.07461252956586e-06,1.18174931242335e-06,aih_only,0,2,0,2,,1.6281809209946e-06,,,1.18174931242335e-06,2.07461252956586e-06,,FALSE,FALSE,FALSE,FALSE,
ICOS,Hepatocyte 3,Hepatocyte 2,,,7.22577690983068e-07,4.94605568320955e-07,aih_only,0,2,0,2,,6.08591629652011e-07,,,4.94605568320955e-07,7.22577690983068e-07,,FALSE,FALSE,FALSE,FALSE,
ICOS,Hepatocyte 3,Hepatocyte 3,,,8.14362382557049e-06,1.58056963785075e-06,aih_only,0,2,0,2,,4.86209673171062e-06,,,1.58056963785075e-06,8.14362382557049e-06,,FALSE,FALSE,FALSE,FALSE,
ICOS,Hepatocyte 3,Hepatocyte 4,,,1.46246220966353e-07,1.03319379776661e-06,aih_only,0,2,0,2,,5.89720009366479e-07,,,1.46246220966353e-07,1.03319379776661e-06,,FALSE,FALSE,FALSE,FALSE,
ICOS,Hepatocyte 3,Ig+ hepatocyte,,,2.08364253051377e-07,1.11788040106861e-06,aih_only,0,2,0,2,,6.63122327059995e-07,,,2.08364253051377e-07,1.11788040106861e-06,,FALSE,FALSE,FALSE,FALSE,
ICOS,Hepatocyte 3,IgG+ B cell,,,7.75472704118736e-07,2.46609329506815e-06,aih_only,0,2,0,2,,1.62078299959344e-06,,,7.75472704118736e-07,2.46609329506815e-06,,FALSE,FALSE,FALSE,FALSE,
ICOS,Hepatocyte 3,IgG+ plasmablast / plasma cell,,,1.08841515346618e-06,9.51147707490974e-07,aih_only,0,2,0,2,,1.01978143047858e-06,,,9.51147707490974e-07,1.08841515346618e-06,,FALSE,FALSE,FALSE,FALSE,
ICOS,Hepatocyte 3,IgM+ B cell,,,1.42990614495551e-06,8.2760000280052e-07,aih_only,0,2,0,2,,1.12875307387802e-06,,,8.2760000280052e-07,1.42990614495551e-06,,FALSE,FALSE,FALSE,FALSE,
ICOS,Hepatocyte 3,Macrophage 1,,,1.60315629685544e-06,1.33027889888493e-06,aih_only,0,2,0,2,,1.46671759787019e-06,,,1.33027889888493e-06,1.60315629685544e-06,,FALSE,FALSE,FALSE,FALSE,
ICOS,Hepatocyte 3,Macrophage 2,,,9.12259499634643e-07,7.5115188149882e-07,aih_only,0,2,0,2,,8.31705690566731e-07,,,7.5115188149882e-07,9.12259499634643e-07,,FALSE,FALSE,FALSE,FALSE,
ICOS,Hepatocyte 3,Sinusoidal endothelial cell,,,1.69667011513857e-06,9.73530957940688e-07,aih_only,0,2,0,2,,1.33510053653963e-06,,,9.73530957940688e-07,1.69667011513857e-06,,FALSE,FALSE,FALSE,FALSE,
ICOS,Hepatocyte 3,Stellate cell,,,9.02570689569977e-07,1.35399971076553e-06,aih_only,0,2,0,2,,1.12828520016775e-06,,,9.02570689569977e-07,1.35399971076553e-06,,FALSE,FALSE,FALSE,FALSE,
ICOS,Hepatocyte 3,Vascular endothelial cell,,,3.37991161826654e-07,1.36272253945281e-06,aih_only,0,2,0,2,,8.50356850639731e-07,,,3.37991161826654e-07,1.36272253945281e-06,,FALSE,FALSE,FALSE,FALSE,
ICOS,Hepatocyte 4,CD4+ T cell,,,5.89267439622494e-05,4.84099226180521e-05,aih_only,0,2,0,2,,5.36683332901507e-05,,,4.84099226180521e-05,5.89267439622494e-05,,FALSE,FALSE,FALSE,FALSE,
ICOS,Hepatocyte 4,CD8+ T cell 1,,,6.45261955970336e-05,4.82327675689914e-05,aih_only,0,2,0,2,,5.63794815830125e-05,,,4.82327675689914e-05,6.45261955970336e-05,,FALSE,FALSE,FALSE,FALSE,
ICOS,Hepatocyte 4,CD8+ T cell 2,,,0.000189422185993767,7.28246069647096e-05,aih_only,0,2,0,2,,0.000131123396479238,,,7.28246069647096e-05,0.000189422185993767,,FALSE,FALSE,FALSE,FALSE,
ICOS,Hepatocyte 4,CD8+ T cell 3,,,0.000134039276634058,5.78286565114655e-05,aih_only,0,2,0,2,,9.59339665727619e-05,,,5.78286565114655e-05,0.000134039276634058,,FALSE,FALSE,FALSE,FALSE,
ICOS,Hepatocyte 4,Cholangiocyte,,,3.54646957020143e-06,4.0587741699132e-06,aih_only,0,2,0,2,,3.80262187005731e-06,,,3.54646957020143e-06,4.0587741699132e-06,,FALSE,FALSE,FALSE,FALSE,
ICOS,Hepatocyte 4,Hepatocyte 1,,,1.81716550275272e-05,6.6341809429141e-06,aih_only,0,2,0,2,,1.24029179852206e-05,,,6.6341809429141e-06,1.81716550275272e-05,,FALSE,FALSE,FALSE,FALSE,
ICOS,Hepatocyte 4,Hepatocyte 2,,,1.2115243772212e-05,3.04837638266123e-06,aih_only,0,2,0,2,,7.58181007743663e-06,,,3.04837638266123e-06,1.2115243772212e-05,,FALSE,FALSE,FALSE,FALSE,
ICOS,Hepatocyte 4,Hepatocyte 3,,,9.77976251908677e-06,7.94281388993349e-06,aih_only,0,2,0,2,,8.86128820451013e-06,,,7.94281388993349e-06,9.77976251908677e-06,,FALSE,FALSE,FALSE,FALSE,
ICOS,Hepatocyte 4,Hepatocyte 4,,,8.26641749214091e-05,1.17622725851225e-05,aih_only,0,2,0,2,,4.72132237532658e-05,,,1.17622725851225e-05,8.26641749214091e-05,,FALSE,FALSE,FALSE,FALSE,
ICOS,Hepatocyte 4,Ig+ hepatocyte,,,2.93436568999342e-05,7.70585084085035e-06,aih_only,0,2,0,2,,1.85247538703923e-05,,,7.70585084085035e-06,2.93436568999342e-05,,FALSE,FALSE,FALSE,FALSE,
ICOS,Hepatocyte 4,IgG+ B cell,,,4.1065968733964e-06,3.29495786294097e-06,aih_only,0,2,0,2,,3.70077736816868e-06,,,3.29495786294097e-06,4.1065968733964e-06,,FALSE,FALSE,FALSE,FALSE,
ICOS,Hepatocyte 4,IgG+ plasmablast / plasma cell,,,1.1494752110406e-05,5.79583095787925e-06,aih_only,0,2,0,2,,8.6452915341426e-06,,,5.79583095787925e-06,1.1494752110406e-05,,FALSE,FALSE,FALSE,FALSE,
ICOS,Hepatocyte 4,IgM+ B cell,,,9.57232548996984e-06,5.48182820823005e-06,aih_only,0,2,0,2,,7.52707684909994e-06,,,5.48182820823005e-06,9.57232548996984e-06,,FALSE,FALSE,FALSE,FALSE,
ICOS,Hepatocyte 4,Macrophage 1,,,1.97746700788479e-05,1.00519172459113e-05,aih_only,0,2,0,2,,1.49132936623796e-05,,,1.00519172459113e-05,1.97746700788479e-05,,FALSE,FALSE,FALSE,FALSE,
ICOS,Hepatocyte 4,Macrophage 2,,,4.68005435329991e-06,5.24147454525617e-06,aih_only,0,2,0,2,,4.96076444927804e-06,,,4.68005435329991e-06,5.24147454525617e-06,,FALSE,FALSE,FALSE,FALSE,
ICOS,Hepatocyte 4,Sinusoidal endothelial cell,,,8.79575403146351e-06,7.57907007103239e-06,aih_only,0,2,0,2,,8.18741205124795e-06,,,7.57907007103239e-06,8.79575403146351e-06,,FALSE,FALSE,FALSE,FALSE,
ICOS,Hepatocyte 4,Stellate cell,,,5.57871606029847e-06,5.17592325607211e-06,aih_only,0,2,0,2,,5.37731965818529e-06,,,5.17592325607211e-06,5.57871606029847e-06,,FALSE,FALSE,FALSE,FALSE,
ICOS,Hepatocyte 4,Vascular endothelial cell,,,2.72442808320701e-06,3.04026858079292e-06,aih_only,0,2,0,2,,2.88234833199997e-06,,,2.72442808320701e-06,3.04026858079292e-06,,FALSE,FALSE,FALSE,FALSE,
ICOS,Ig+ hepatocyte,CD4+ T cell,,,2.25878942534409e-05,2.42728064860932e-05,aih_only,0,2,0,2,,2.34303503697671e-05,,,2.25878942534409e-05,2.42728064860932e-05,,FALSE,FALSE,FALSE,FALSE,
ICOS,Ig+ hepatocyte,CD8+ T cell 1,,,2.01275911716635e-05,1.4625136887711e-05,aih_only,0,2,0,2,,1.73763640296873e-05,,,1.4625136887711e-05,2.01275911716635e-05,,FALSE,FALSE,FALSE,FALSE,
ICOS,Ig+ hepatocyte,CD8+ T cell 2,,,3.37485681884605e-05,1.41188334033004e-05,aih_only,0,2,0,2,,2.39337007958805e-05,,,1.41188334033004e-05,3.37485681884605e-05,,FALSE,FALSE,FALSE,FALSE,
ICOS,Ig+ hepatocyte,CD8+ T cell 3,,,2.39425516012386e-05,1.59045939018137e-05,aih_only,0,2,0,2,,1.99235727515261e-05,,,1.59045939018137e-05,2.39425516012386e-05,,FALSE,FALSE,FALSE,FALSE,
ICOS,Ig+ hepatocyte,Cholangiocyte,,,2.54281466154792e-06,3.80067535170728e-06,aih_only,0,2,0,2,,3.1717450066276e-06,,,2.54281466154792e-06,3.80067535170728e-06,,FALSE,FALSE,FALSE,FALSE,
ICOS,Ig+ hepatocyte,Hepatocyte 1,,,4.64063249002063e-06,1.63649649499051e-06,aih_only,0,2,0,2,,3.13856449250557e-06,,,1.63649649499051e-06,4.64063249002063e-06,,FALSE,FALSE,FALSE,FALSE,
ICOS,Ig+ hepatocyte,Hepatocyte 2,,,2.42174715289293e-06,7.85687084921001e-07,aih_only,0,2,0,2,,1.60371711890696e-06,,,7.85687084921001e-07,2.42174715289293e-06,,FALSE,FALSE,FALSE,FALSE,
ICOS,Ig+ hepatocyte,Hepatocyte 3,,,4.92596156230438e-06,3.7190334963883e-06,aih_only,0,2,0,2,,4.32249752934634e-06,,,3.7190334963883e-06,4.92596156230438e-06,,FALSE,FALSE,FALSE,FALSE,
ICOS,Ig+ hepatocyte,Hepatocyte 4,,,6.12832800056723e-06,2.05651101276655e-06,aih_only,0,2,0,2,,4.09241950666689e-06,,,2.05651101276655e-06,6.12832800056723e-06,,FALSE,FALSE,FALSE,FALSE,
ICOS,Ig+ hepatocyte,Ig+ hepatocyte,,,5.13161838525965e-05,1.86074684255169e-05,aih_only,0,2,0,2,,3.49618261390567e-05,,,1.86074684255169e-05,5.13161838525965e-05,,FALSE,FALSE,FALSE,FALSE,
ICOS,Ig+ hepatocyte,IgG+ B cell,,,3.52769523365154e-06,3.7570855811563e-06,aih_only,0,2,0,2,,3.64239040740392e-06,,,3.52769523365154e-06,3.7570855811563e-06,,FALSE,FALSE,FALSE,FALSE,
ICOS,Ig+ hepatocyte,IgG+ plasmablast / plasma cell,,,8.01497559126254e-06,8.96224007846215e-06,aih_only,0,2,0,2,,8.48860783486234e-06,,,8.01497559126254e-06,8.96224007846215e-06,,FALSE,FALSE,FALSE,FALSE,
ICOS,Ig+ hepatocyte,IgM+ B cell,,,1.15865040568477e-06,4.73326615459515e-06,aih_only,0,2,0,2,,2.94595828013996e-06,,,1.15865040568477e-06,4.73326615459515e-06,,FALSE,FALSE,FALSE,FALSE,
ICOS,Ig+ hepatocyte,Macrophage 1,,,5.22023793845888e-06,3.40905983090578e-06,aih_only,0,2,0,2,,4.31464888468233e-06,,,3.40905983090578e-06,5.22023793845888e-06,,FALSE,FALSE,FALSE,FALSE,
ICOS,Ig+ hepatocyte,Macrophage 2,,,1.32582494835852e-06,2.59524987461856e-06,aih_only,0,2,0,2,,1.96053741148854e-06,,,1.32582494835852e-06,2.59524987461856e-06,,FALSE,FALSE,FALSE,FALSE,
ICOS,Ig+ hepatocyte,Sinusoidal endothelial cell,,,2.02171207217291e-06,3.87388166196149e-06,aih_only,0,2,0,2,,2.9477968670672e-06,,,2.02171207217291e-06,3.87388166196149e-06,,FALSE,FALSE,FALSE,FALSE,
ICOS,Ig+ hepatocyte,Stellate cell,,,1.81353008587538e-06,4.37581049651385e-06,aih_only,0,2,0,2,,3.09467029119461e-06,,,1.81353008587538e-06,4.37581049651385e-06,,FALSE,FALSE,FALSE,FALSE,
ICOS,Ig+ hepatocyte,Vascular endothelial cell,,,7.95003992082066e-07,3.03766139729549e-06,aih_only,0,2,0,2,,1.91633269468878e-06,,,7.95003992082066e-07,3.03766139729549e-06,,FALSE,FALSE,FALSE,FALSE,
ICOS,IgG+ B cell,CD4+ T cell,,,1.83126527407358e-05,2.42999871236243e-05,aih_only,0,2,0,2,,2.13063199321801e-05,,,1.83126527407358e-05,2.42999871236243e-05,,FALSE,FALSE,FALSE,FALSE,
ICOS,IgG+ B cell,CD8+ T cell 1,,,6.47283164367216e-06,4.88452839049289e-06,aih_only,0,2,0,2,,5.67868001708252e-06,,,4.88452839049289e-06,6.47283164367216e-06,,FALSE,FALSE,FALSE,FALSE,
ICOS,IgG+ B cell,CD8+ T cell 2,,,5.21289467158008e-06,2.01621756825208e-06,aih_only,0,2,0,2,,3.61455611991608e-06,,,2.01621756825208e-06,5.21289467158008e-06,,FALSE,FALSE,FALSE,FALSE,
ICOS,IgG+ B cell,CD8+ T cell 3,,,3.64539409471059e-06,6.12529634620166e-06,aih_only,0,2,0,2,,4.88534522045612e-06,,,3.64539409471059e-06,6.12529634620166e-06,,FALSE,FALSE,FALSE,FALSE,
ICOS,IgG+ B cell,Cholangiocyte,,,2.64558207464155e-06,2.57078368321612e-06,aih_only,0,2,0,2,,2.60818287892883e-06,,,2.57078368321612e-06,2.64558207464155e-06,,FALSE,FALSE,FALSE,FALSE,
ICOS,IgG+ B cell,Hepatocyte 1,,,3.5905800578093e-07,2.44384329885402e-07,aih_only,0,2,0,2,,3.01721167833166e-07,,,2.44384329885402e-07,3.5905800578093e-07,,FALSE,FALSE,FALSE,FALSE,
ICOS,IgG+ B cell,Hepatocyte 2,,,2.93561471142844e-07,1.27449314004839e-07,aih_only,0,2,0,2,,2.10505392573841e-07,,,1.27449314004839e-07,2.93561471142844e-07,,FALSE,FALSE,FALSE,FALSE,
ICOS,IgG+ B cell,Hepatocyte 3,,,9.10427267267462e-07,6.4698390008892e-07,aih_only,0,2,0,2,,7.78705583678191e-07,,,6.4698390008892e-07,9.10427267267462e-07,,FALSE,FALSE,FALSE,FALSE,
ICOS,IgG+ B cell,Hepatocyte 4,,,4.39249314392781e-07,1.82193558402909e-07,aih_only,0,2,0,2,,3.10721436397845e-07,,,1.82193558402909e-07,4.39249314392781e-07,,FALSE,FALSE,FALSE,FALSE,
ICOS,IgG+ B cell,Ig+ hepatocyte,,,2.16123259428601e-06,1.11721874987813e-06,aih_only,0,2,0,2,,1.63922567208207e-06,,,1.11721874987813e-06,2.16123259428601e-06,,FALSE,FALSE,FALSE,FALSE,
ICOS,IgG+ B cell,IgG+ B cell,,,3.99688967672281e-06,9.09221269627153e-06,aih_only,0,2,0,2,,6.54455118649717e-06,,,3.99688967672281e-06,9.09221269627153e-06,,FALSE,FALSE,FALSE,FALSE,
ICOS,IgG+ B cell,IgG+ plasmablast / plasma cell,,,4.37081255225426e-06,6.53224047774363e-06,aih_only,0,2,0,2,,5.45152651499895e-06,,,4.37081255225426e-06,6.53224047774363e-06,,FALSE,FALSE,FALSE,FALSE,
ICOS,IgG+ B cell,IgM+ B cell,,,2.34321684268298e-06,8.57902125608577e-06,aih_only,0,2,0,2,,5.46111904938438e-06,,,2.34321684268298e-06,8.57902125608577e-06,,FALSE,FALSE,FALSE,FALSE,
ICOS,IgG+ B cell,Macrophage 1,,,1.57069876355602e-06,7.66378491074018e-07,aih_only,0,2,0,2,,1.16853862731502e-06,,,7.66378491074018e-07,1.57069876355602e-06,,FALSE,FALSE,FALSE,FALSE,
ICOS,IgG+ B cell,Macrophage 2,,,1.58168424621177e-06,2.02552982947647e-06,aih_only,0,2,0,2,,1.80360703784412e-06,,,1.58168424621177e-06,2.02552982947647e-06,,FALSE,FALSE,FALSE,FALSE,
ICOS,IgG+ B cell,Sinusoidal endothelial cell,,,6.34580465090203e-07,3.18269007173233e-07,aih_only,0,2,0,2,,4.76424736131718e-07,,,3.18269007173233e-07,6.34580465090203e-07,,FALSE,FALSE,FALSE,FALSE,
ICOS,IgG+ B cell,Stellate cell,,,2.64285266300053e-06,3.94912199980944e-06,aih_only,0,2,0,2,,3.29598733140499e-06,,,2.64285266300053e-06,3.94912199980944e-06,,FALSE,FALSE,FALSE,FALSE,
ICOS,IgG+ B cell,Vascular endothelial cell,,,2.02736593931701e-06,4.47099997445333e-06,aih_only,0,2,0,2,,3.24918295688517e-06,,,2.02736593931701e-06,4.47099997445333e-06,,FALSE,FALSE,FALSE,FALSE,
ICOS,IgG+ plasmablast / plasma cell,CD4+ T cell,,,6.5303969735078e-05,8.00519123002072e-05,aih_only,0,2,0,2,,7.26779410176426e-05,,,6.5303969735078e-05,8.00519123002072e-05,,FALSE,FALSE,FALSE,FALSE,
ICOS,IgG+ plasmablast / plasma cell,CD8+ T cell 1,,,2.51068661244543e-05,2.31045996624207e-05,aih_only,0,2,0,2,,2.41057328934375e-05,,,2.31045996624207e-05,2.51068661244543e-05,,FALSE,FALSE,FALSE,FALSE,
ICOS,IgG+ plasmablast / plasma cell,CD8+ T cell 2,,,1.74763842570614e-05,1.42450522181796e-05,aih_only,0,2,0,2,,1.58607182376205e-05,,,1.42450522181796e-05,1.74763842570614e-05,,FALSE,FALSE,FALSE,FALSE,
ICOS,IgG+ plasmablast / plasma cell,CD8+ T cell 3,,,2.33303248889318e-05,2.5463191153069e-05,aih_only,0,2,0,2,,2.43967580210004e-05,,,2.33303248889318e-05,2.5463191153069e-05,,FALSE,FALSE,FALSE,FALSE,
ICOS,IgG+ plasmablast / plasma cell,Cholangiocyte,,,5.98736349772793e-06,6.91667392210487e-06,aih_only,0,2,0,2,,6.4520187099164e-06,,,5.98736349772793e-06,6.91667392210487e-06,,FALSE,FALSE,FALSE,FALSE,
ICOS,IgG+ plasmablast / plasma cell,Hepatocyte 1,,,1.7810861131869e-06,1.23580107059365e-06,aih_only,0,2,0,2,,1.50844359189028e-06,,,1.23580107059365e-06,1.7810861131869e-06,,FALSE,FALSE,FALSE,FALSE,
ICOS,IgG+ plasmablast / plasma cell,Hepatocyte 2,,,1.78873000594098e-06,5.87848167702497e-07,aih_only,0,2,0,2,,1.18828908682174e-06,,,5.87848167702497e-07,1.78873000594098e-06,,FALSE,FALSE,FALSE,FALSE,
ICOS,IgG+ plasmablast / plasma cell,Hepatocyte 3,,,2.69238401110271e-06,1.76718619036601e-06,aih_only,0,2,0,2,,2.22978510073436e-06,,,1.76718619036601e-06,2.69238401110271e-06,,FALSE,FALSE,FALSE,FALSE,
ICOS,IgG+ plasmablast / plasma cell,Hepatocyte 4,,,1.77939703206673e-06,9.61668748700149e-07,aih_only,0,2,0,2,,1.37053289038344e-06,,,9.61668748700149e-07,1.77939703206673e-06,,FALSE,FALSE,FALSE,FALSE,
ICOS,IgG+ plasmablast / plasma cell,Ig+ hepatocyte,,,9.76303742175976e-06,4.19117088744941e-06,aih_only,0,2,0,2,,6.97710415460459e-06,,,4.19117088744941e-06,9.76303742175976e-06,,FALSE,FALSE,FALSE,FALSE,
ICOS,IgG+ plasmablast / plasma cell,IgG+ B cell,,,8.64474728836203e-06,1.10254481732516e-05,aih_only,0,2,0,2,,9.83509773080681e-06,,,8.64474728836203e-06,1.10254481732516e-05,,FALSE,FALSE,FALSE,FALSE,
ICOS,IgG+ plasmablast / plasma cell,IgG+ plasmablast / plasma cell,,,1.7987971145391e-05,2.59598374794231e-05,aih_only,0,2,0,2,,2.1973904312407e-05,,,1.7987971145391e-05,2.59598374794231e-05,,FALSE,FALSE,FALSE,FALSE,
ICOS,IgG+ plasmablast / plasma cell,IgM+ B cell,,,1.01934934012855e-05,1.49563943650875e-05,aih_only,0,2,0,2,,1.25749438831865e-05,,,1.01934934012855e-05,1.49563943650875e-05,,FALSE,FALSE,FALSE,FALSE,
ICOS,IgG+ plasmablast / plasma cell,Macrophage 1,,,6.40913094808372e-06,4.07324285116613e-06,aih_only,0,2,0,2,,5.24118689962492e-06,,,4.07324285116613e-06,6.40913094808372e-06,,FALSE,FALSE,FALSE,FALSE,
ICOS,IgG+ plasmablast / plasma cell,Macrophage 2,,,5.12072231532385e-06,5.94485103295607e-06,aih_only,0,2,0,2,,5.53278667413996e-06,,,5.12072231532385e-06,5.94485103295607e-06,,FALSE,FALSE,FALSE,FALSE,
ICOS,IgG+ plasmablast / plasma cell,Sinusoidal endothelial cell,,,3.0810022856414e-06,2.11660205123965e-06,aih_only,0,2,0,2,,2.59880216844052e-06,,,2.11660205123965e-06,3.0810022856414e-06,,FALSE,FALSE,FALSE,FALSE,
ICOS,IgG+ plasmablast / plasma cell,Stellate cell,,,5.90266282262131e-06,6.1404899273886e-06,aih_only,0,2,0,2,,6.02157637500495e-06,,,5.90266282262131e-06,6.1404899273886e-06,,FALSE,FALSE,FALSE,FALSE,
ICOS,IgG+ plasmablast / plasma cell,Vascular endothelial cell,,,4.68875149905352e-06,7.93379620089359e-06,aih_only,0,2,0,2,,6.31127384997355e-06,,,4.68875149905352e-06,7.93379620089359e-06,,FALSE,FALSE,FALSE,FALSE,
ICOS,IgM+ B cell,CD4+ T cell,,,0.000158053386789786,0.00019170711112234,aih_only,0,2,0,2,,0.000174880248956063,,,0.000158053386789786,0.00019170711112234,,FALSE,FALSE,FALSE,FALSE,
ICOS,IgM+ B cell,CD8+ T cell 1,,,2.83709551994388e-05,2.74308325681191e-05,aih_only,0,2,0,2,,2.7900893883779e-05,,,2.74308325681191e-05,2.83709551994388e-05,,FALSE,FALSE,FALSE,FALSE,
ICOS,IgM+ B cell,CD8+ T cell 2,,,1.13980681120625e-05,1.78327958263002e-05,aih_only,0,2,0,2,,1.46154319691814e-05,,,1.13980681120625e-05,1.78327958263002e-05,,FALSE,FALSE,FALSE,FALSE,
ICOS,IgM+ B cell,CD8+ T cell 3,,,3.26320365151679e-05,3.22023420883247e-05,aih_only,0,2,0,2,,3.24171893017463e-05,,,3.22023420883247e-05,3.26320365151679e-05,,FALSE,FALSE,FALSE,FALSE,
ICOS,IgM+ B cell,Cholangiocyte,,,7.88917589246221e-06,9.60776338807886e-06,aih_only,0,2,0,2,,8.74846964027053e-06,,,7.88917589246221e-06,9.60776338807886e-06,,FALSE,FALSE,FALSE,FALSE,
ICOS,IgM+ B cell,Hepatocyte 1,,,6.73229946567336e-07,1.49940644984172e-06,aih_only,0,2,0,2,,1.08631819820453e-06,,,6.73229946567336e-07,1.49940644984172e-06,,FALSE,FALSE,FALSE,FALSE,
ICOS,IgM+ B cell,Hepatocyte 2,,,1.08677535871345e-06,4.44589321245239e-07,aih_only,0,2,0,2,,7.65682339979343e-07,,,4.44589321245239e-07,1.08677535871345e-06,,FALSE,FALSE,FALSE,FALSE,
ICOS,IgM+ B cell,Hepatocyte 3,,,2.52312496034467e-06,1.68006544825963e-06,aih_only,0,2,0,2,,2.10159520430215e-06,,,1.68006544825963e-06,2.52312496034467e-06,,FALSE,FALSE,FALSE,FALSE,
ICOS,IgM+ B cell,Hepatocyte 4,,,1.32038523311511e-06,1.18562146237445e-06,aih_only,0,2,0,2,,1.25300334774478e-06,,,1.18562146237445e-06,1.32038523311511e-06,,FALSE,FALSE,FALSE,FALSE,
ICOS,IgM+ B cell,Ig+ hepatocyte,,,5.15940138802463e-06,2.17276606271889e-06,aih_only,0,2,0,2,,3.66608372537176e-06,,,2.17276606271889e-06,5.15940138802463e-06,,FALSE,FALSE,FALSE,FALSE,
ICOS,IgM+ B cell,IgG+ B cell,,,7.17481881704142e-06,1.14587982885755e-05,aih_only,0,2,0,2,,9.31680855280845e-06,,,7.17481881704142e-06,1.14587982885755e-05,,FALSE,FALSE,FALSE,FALSE,
ICOS,IgM+ B cell,IgG+ plasmablast / plasma cell,,,1.3211859970274e-05,1.81769518414329e-05,aih_only,0,2,0,2,,1.56944059058534e-05,,,1.3211859970274e-05,1.81769518414329e-05,,FALSE,FALSE,FALSE,FALSE,
ICOS,IgM+ B cell,IgM+ B cell,,,5.22726605058015e-05,0.0001435467437514,aih_only,0,2,0,2,,9.79097021286008e-05,,,5.22726605058015e-05,0.0001435467437514,,FALSE,FALSE,FALSE,FALSE,
ICOS,IgM+ B cell,Macrophage 1,,,7.10616145950107e-06,5.10317921462694e-06,aih_only,0,2,0,2,,6.104670337064e-06,,,5.10317921462694e-06,7.10616145950107e-06,,FALSE,FALSE,FALSE,FALSE,
ICOS,IgM+ B cell,Macrophage 2,,,9.15121704951469e-06,8.03650371929929e-06,aih_only,0,2,0,2,,8.59386038440699e-06,,,8.03650371929929e-06,9.15121704951469e-06,,FALSE,FALSE,FALSE,FALSE,
ICOS,IgM+ B cell,Sinusoidal endothelial cell,,,2.52984507364037e-06,2.95721326798454e-06,aih_only,0,2,0,2,,2.74352917081245e-06,,,2.52984507364037e-06,2.95721326798454e-06,,FALSE,FALSE,FALSE,FALSE,
ICOS,IgM+ B cell,Stellate cell,,,1.03747559512779e-05,1.00741963912087e-05,aih_only,0,2,0,2,,1.02244761712433e-05,,,1.00741963912087e-05,1.03747559512779e-05,,FALSE,FALSE,FALSE,FALSE,
ICOS,IgM+ B cell,Vascular endothelial cell,,,1.14678271371303e-05,1.01097921054877e-05,aih_only,0,2,0,2,,1.0788809621309e-05,,,1.01097921054877e-05,1.14678271371303e-05,,FALSE,FALSE,FALSE,FALSE,
ICOS,Macrophage 1,CD4+ T cell,,,8.03806098170353e-05,8.78970147782686e-05,aih_only,0,2,0,2,,8.4138812297652e-05,,,8.03806098170353e-05,8.78970147782686e-05,,FALSE,FALSE,FALSE,FALSE,
ICOS,Macrophage 1,CD8+ T cell 1,,,5.58084310486264e-05,6.33497313017337e-05,aih_only,0,2,0,2,,5.957908117518e-05,,,5.58084310486264e-05,6.33497313017337e-05,,FALSE,FALSE,FALSE,FALSE,
ICOS,Macrophage 1,CD8+ T cell 2,,,7.96065645565827e-05,7.62749985284143e-05,aih_only,0,2,0,2,,7.79407815424985e-05,,,7.62749985284143e-05,7.96065645565827e-05,,FALSE,FALSE,FALSE,FALSE,
ICOS,Macrophage 1,CD8+ T cell 3,,,5.21764873404082e-05,7.22388664866904e-05,aih_only,0,2,0,2,,6.22076769135493e-05,,,5.21764873404082e-05,7.22388664866904e-05,,FALSE,FALSE,FALSE,FALSE,
ICOS,Macrophage 1,Cholangiocyte,,,5.98168163852857e-06,6.78453787431374e-06,aih_only,0,2,0,2,,6.38310975642115e-06,,,5.98168163852857e-06,6.78453787431374e-06,,FALSE,FALSE,FALSE,FALSE,
ICOS,Macrophage 1,Hepatocyte 1,,,8.54581178012861e-06,6.52079907120267e-06,aih_only,0,2,0,2,,7.53330542566564e-06,,,6.52079907120267e-06,8.54581178012861e-06,,FALSE,FALSE,FALSE,FALSE,
ICOS,Macrophage 1,Hepatocyte 2,,,6.22751865372551e-06,3.3542626444968e-06,aih_only,0,2,0,2,,4.79089064911115e-06,,,3.3542626444968e-06,6.22751865372551e-06,,FALSE,FALSE,FALSE,FALSE,
ICOS,Macrophage 1,Hepatocyte 3,,,9.02158141132779e-06,8.17514517883384e-06,aih_only,0,2,0,2,,8.59836329508081e-06,,,8.17514517883384e-06,9.02158141132779e-06,,FALSE,FALSE,FALSE,FALSE,
ICOS,Macrophage 1,Hepatocyte 4,,,9.15170763182241e-06,6.415563549726e-06,aih_only,0,2,0,2,,7.78363559077421e-06,,,6.415563549726e-06,9.15170763182241e-06,,FALSE,FALSE,FALSE,FALSE,
ICOS,Macrophage 1,Ig+ hepatocyte,,,1.62752062308141e-05,8.57882112422064e-06,aih_only,0,2,0,2,,1.24270136775174e-05,,,8.57882112422064e-06,1.62752062308141e-05,,FALSE,FALSE,FALSE,FALSE,
ICOS,Macrophage 1,IgG+ B cell,,,6.93331357910706e-06,5.34760683142651e-06,aih_only,0,2,0,2,,6.14046020526678e-06,,,5.34760683142651e-06,6.93331357910706e-06,,FALSE,FALSE,FALSE,FALSE,
ICOS,Macrophage 1,IgG+ plasmablast / plasma cell,,,1.49974605120428e-05,1.29800694373001e-05,aih_only,0,2,0,2,,1.39887649746715e-05,,,1.29800694373001e-05,1.49974605120428e-05,,FALSE,FALSE,FALSE,FALSE,
ICOS,Macrophage 1,IgM+ B cell,,,1.19455286532076e-05,1.38681458961982e-05,aih_only,0,2,0,2,,1.29068372747029e-05,,,1.19455286532076e-05,1.38681458961982e-05,,FALSE,FALSE,FALSE,FALSE,
ICOS,Macrophage 1,Macrophage 1,,,1.86989790299342e-05,1.8719119107036e-05,aih_only,0,2,0,2,,1.87090490684851e-05,,,1.86989790299342e-05,1.8719119107036e-05,,FALSE,FALSE,FALSE,FALSE,
ICOS,Macrophage 1,Macrophage 2,,,6.19502959497352e-06,9.0542351239669e-06,aih_only,0,2,0,2,,7.62463235947021e-06,,,6.19502959497352e-06,9.0542351239669e-06,,FALSE,FALSE,FALSE,FALSE,
ICOS,Macrophage 1,Sinusoidal endothelial cell,,,1.0369380917622e-05,9.37432128561342e-06,aih_only,0,2,0,2,,9.8718511016177e-06,,,9.37432128561342e-06,1.0369380917622e-05,,FALSE,FALSE,FALSE,FALSE,
ICOS,Macrophage 1,Stellate cell,,,7.70749091377993e-06,7.80017681919967e-06,aih_only,0,2,0,2,,7.7538338664898e-06,,,7.70749091377993e-06,7.80017681919967e-06,,FALSE,FALSE,FALSE,FALSE,
ICOS,Macrophage 1,Vascular endothelial cell,,,4.60317505502982e-06,5.41023195315545e-06,aih_only,0,2,0,2,,5.00670350409263e-06,,,4.60317505502982e-06,5.41023195315545e-06,,FALSE,FALSE,FALSE,FALSE,
ICOS,Macrophage 2,CD4+ T cell,,,4.09521423940806e-05,5.29613264528524e-05,aih_only,0,2,0,2,,4.69567344234665e-05,,,4.09521423940806e-05,5.29613264528524e-05,,FALSE,FALSE,FALSE,FALSE,
ICOS,Macrophage 2,CD8+ T cell 1,,,1.37411081034919e-05,2.04614346815575e-05,aih_only,0,2,0,2,,1.71012713925247e-05,,,1.37411081034919e-05,2.04614346815575e-05,,FALSE,FALSE,FALSE,FALSE,
ICOS,Macrophage 2,CD8+ T cell 2,,,9.22951016871816e-06,1.78762013003911e-05,aih_only,0,2,0,2,,1.35528557345546e-05,,,9.22951016871816e-06,1.78762013003911e-05,,FALSE,FALSE,FALSE,FALSE,
ICOS,Macrophage 2,CD8+ T cell 3,,,1.09422488069961e-05,2.34613542186552e-05,aih_only,0,2,0,2,,1.72018015128256e-05,,,1.09422488069961e-05,2.34613542186552e-05,,FALSE,FALSE,FALSE,FALSE,
ICOS,Macrophage 2,Cholangiocyte,,,4.78598288601975e-06,4.76985529848851e-06,aih_only,0,2,0,2,,4.77791909225413e-06,,,4.76985529848851e-06,4.78598288601975e-06,,FALSE,FALSE,FALSE,FALSE,
ICOS,Macrophage 2,Hepatocyte 1,,,8.20701244520633e-07,1.83576149152316e-06,aih_only,0,2,0,2,,1.32823136802189e-06,,,8.20701244520633e-07,1.83576149152316e-06,,FALSE,FALSE,FALSE,FALSE,
ICOS,Macrophage 2,Hepatocyte 2,,,8.36587932097207e-07,1.01245945518291e-06,aih_only,0,2,0,2,,9.24523693640058e-07,,,8.36587932097207e-07,1.01245945518291e-06,,FALSE,FALSE,FALSE,FALSE,
ICOS,Macrophage 2,Hepatocyte 3,,,1.71963739390793e-06,2.85751517136326e-06,aih_only,0,2,0,2,,2.2885762826356e-06,,,1.71963739390793e-06,2.85751517136326e-06,,FALSE,FALSE,FALSE,FALSE,
ICOS,Macrophage 2,Hepatocyte 4,,,1.10532353895593e-06,1.65485016703081e-06,aih_only,0,2,0,2,,1.38008685299337e-06,,,1.10532353895593e-06,1.65485016703081e-06,,FALSE,FALSE,FALSE,FALSE,
ICOS,Macrophage 2,Ig+ hepatocyte,,,2.3833198259413e-06,4.55706568180237e-06,aih_only,0,2,0,2,,3.47019275387184e-06,,,2.3833198259413e-06,4.55706568180237e-06,,FALSE,FALSE,FALSE,FALSE,
ICOS,Macrophage 2,IgG+ B cell,,,3.71037733331097e-06,5.6424412906946e-06,aih_only,0,2,0,2,,4.67640931200278e-06,,,3.71037733331097e-06,5.6424412906946e-06,,FALSE,FALSE,FALSE,FALSE,
ICOS,Macrophage 2,IgG+ plasmablast / plasma cell,,,5.95615806996464e-06,8.56043901024603e-06,aih_only,0,2,0,2,,7.25829854010534e-06,,,5.95615806996464e-06,8.56043901024603e-06,,FALSE,FALSE,FALSE,FALSE,
ICOS,Macrophage 2,IgM+ B cell,,,6.84664479461035e-06,1.35343619446281e-05,aih_only,0,2,0,2,,1.01905033696192e-05,,,6.84664479461035e-06,1.35343619446281e-05,,FALSE,FALSE,FALSE,FALSE,
ICOS,Macrophage 2,Macrophage 1,,,3.39657708811564e-06,4.13251184158656e-06,aih_only,0,2,0,2,,3.7645444648511e-06,,,3.39657708811564e-06,4.13251184158656e-06,,FALSE,FALSE,FALSE,FALSE,
ICOS,Macrophage 2,Macrophage 2,,,3.92446219562451e-06,5.87924596609999e-06,aih_only,0,2,0,2,,4.90185408086225e-06,,,3.92446219562451e-06,5.87924596609999e-06,,FALSE,FALSE,FALSE,FALSE,
ICOS,Macrophage 2,Sinusoidal endothelial cell,,,1.5241141906641e-06,3.2543244235403e-06,aih_only,0,2,0,2,,2.3892193071022e-06,,,1.5241141906641e-06,3.2543244235403e-06,,FALSE,FALSE,FALSE,FALSE,
ICOS,Macrophage 2,Stellate cell,,,4.24331596489897e-06,5.26107353323896e-06,aih_only,0,2,0,2,,4.75219474906896e-06,,,4.24331596489897e-06,5.26107353323896e-06,,FALSE,FALSE,FALSE,FALSE,
ICOS,Macrophage 2,Vascular endothelial cell,,,3.00919199040694e-06,3.8561731173678e-06,aih_only,0,2,0,2,,3.43268255388737e-06,,,3.00919199040694e-06,3.8561731173678e-06,,FALSE,FALSE,FALSE,FALSE,
ICOS,Sinusoidal endothelial cell,CD4+ T cell,,,1.18133904712589e-05,1.52551944821742e-05,aih_only,0,2,0,2,,1.35342924767166e-05,,,1.18133904712589e-05,1.52551944821742e-05,,FALSE,FALSE,FALSE,FALSE,
ICOS,Sinusoidal endothelial cell,CD8+ T cell 1,,,8.89955971266346e-06,1.58370633073992e-05,aih_only,0,2,0,2,,1.23683115100313e-05,,,8.89955971266346e-06,1.58370633073992e-05,,FALSE,FALSE,FALSE,FALSE,
ICOS,Sinusoidal endothelial cell,CD8+ T cell 2,,,1.46661131344808e-05,2.02449138611804e-05,aih_only,0,2,0,2,,1.74555134978306e-05,,,1.46661131344808e-05,2.02449138611804e-05,,FALSE,FALSE,FALSE,FALSE,
ICOS,Sinusoidal endothelial cell,CD8+ T cell 3,,,6.48815782616111e-06,1.7219355150043e-05,aih_only,0,2,0,2,,1.18537564881021e-05,,,6.48815782616111e-06,1.7219355150043e-05,,FALSE,FALSE,FALSE,FALSE,
ICOS,Sinusoidal endothelial cell,Cholangiocyte,,,8.92749295931003e-07,1.42935524835539e-06,aih_only,0,2,0,2,,1.16105227214319e-06,,,8.92749295931003e-07,1.42935524835539e-06,,FALSE,FALSE,FALSE,FALSE,
ICOS,Sinusoidal endothelial cell,Hepatocyte 1,,,1.79727499097017e-06,1.45086086358081e-06,aih_only,0,2,0,2,,1.62406792727549e-06,,,1.45086086358081e-06,1.79727499097017e-06,,FALSE,FALSE,FALSE,FALSE,
ICOS,Sinusoidal endothelial cell,Hepatocyte 2,,,9.68949794214108e-07,1.14258528645476e-06,aih_only,0,2,0,2,,1.05576754033443e-06,,,9.68949794214108e-07,1.14258528645476e-06,,FALSE,FALSE,FALSE,FALSE,
ICOS,Sinusoidal endothelial cell,Hepatocyte 3,,,1.41927216721319e-06,1.70509376789557e-06,aih_only,0,2,0,2,,1.56218296755438e-06,,,1.41927216721319e-06,1.70509376789557e-06,,FALSE,FALSE,FALSE,FALSE,
ICOS,Sinusoidal endothelial cell,Hepatocyte 4,,,1.47673763627873e-06,1.70160671004889e-06,aih_only,0,2,0,2,,1.58917217316381e-06,,,1.47673763627873e-06,1.70160671004889e-06,,FALSE,FALSE,FALSE,FALSE,
ICOS,Sinusoidal endothelial cell,Ig+ hepatocyte,,,1.8597818911231e-06,4.87940867034397e-06,aih_only,0,2,0,2,,3.36959528073354e-06,,,1.8597818911231e-06,4.87940867034397e-06,,FALSE,FALSE,FALSE,FALSE,
ICOS,Sinusoidal endothelial cell,IgG+ B cell,,,1.34128298791337e-06,9.07671482276355e-07,aih_only,0,2,0,2,,1.12447723509486e-06,,,9.07671482276355e-07,1.34128298791337e-06,,FALSE,FALSE,FALSE,FALSE,
ICOS,Sinusoidal endothelial cell,IgG+ plasmablast / plasma cell,,,1.97106872907105e-06,1.9505080889778e-06,aih_only,0,2,0,2,,1.96078840902443e-06,,,1.9505080889778e-06,1.97106872907105e-06,,FALSE,FALSE,FALSE,FALSE,
ICOS,Sinusoidal endothelial cell,IgM+ B cell,,,1.28804848583072e-06,1.90614151022205e-06,aih_only,0,2,0,2,,1.59709499802638e-06,,,1.28804848583072e-06,1.90614151022205e-06,,FALSE,FALSE,FALSE,FALSE,
ICOS,Sinusoidal endothelial cell,Macrophage 1,,,2.24028331987395e-06,3.25136392517205e-06,aih_only,0,2,0,2,,2.745823622523e-06,,,2.24028331987395e-06,3.25136392517205e-06,,FALSE,FALSE,FALSE,FALSE,
ICOS,Sinusoidal endothelial cell,Macrophage 2,,,1.11573974816561e-06,1.76884477504936e-06,aih_only,0,2,0,2,,1.44229226160748e-06,,,1.11573974816561e-06,1.76884477504936e-06,,FALSE,FALSE,FALSE,FALSE,
ICOS,Sinusoidal endothelial cell,Sinusoidal endothelial cell,,,4.07234661170864e-06,4.4442048658811e-06,aih_only,0,2,0,2,,4.25827573879487e-06,,,4.07234661170864e-06,4.4442048658811e-06,,FALSE,FALSE,FALSE,FALSE,
ICOS,Sinusoidal endothelial cell,Stellate cell,,,1.46640647953571e-06,2.04031830159357e-06,aih_only,0,2,0,2,,1.75336239056464e-06,,,1.46640647953571e-06,2.04031830159357e-06,,FALSE,FALSE,FALSE,FALSE,
ICOS,Sinusoidal endothelial cell,Vascular endothelial cell,,,4.2883753937675e-07,1.07465174071245e-06,aih_only,0,2,0,2,,7.51744640044599e-07,,,4.2883753937675e-07,1.07465174071245e-06,,FALSE,FALSE,FALSE,FALSE,
ICOS,Stellate cell,CD4+ T cell,,,2.43883457324653e-05,3.49704041800607e-05,aih_only,0,2,0,2,,2.9679374956263e-05,,,2.43883457324653e-05,3.49704041800607e-05,,FALSE,FALSE,FALSE,FALSE,
ICOS,Stellate cell,CD8+ T cell 1,,,9.10864181828926e-06,1.29082202119863e-05,aih_only,0,2,0,2,,1.10084310151378e-05,,,9.10864181828926e-06,1.29082202119863e-05,,FALSE,FALSE,FALSE,FALSE,
ICOS,Stellate cell,CD8+ T cell 2,,,5.48468808286606e-06,1.1283546160565e-05,aih_only,0,2,0,2,,8.38411712171555e-06,,,5.48468808286606e-06,1.1283546160565e-05,,FALSE,FALSE,FALSE,FALSE,
ICOS,Stellate cell,CD8+ T cell 3,,,7.77380835043883e-06,1.33173336583521e-05,aih_only,0,2,0,2,,1.05455710043955e-05,,,7.77380835043883e-06,1.33173336583521e-05,,FALSE,FALSE,FALSE,FALSE,
ICOS,Stellate cell,Cholangiocyte,,,2.01973619367293e-06,3.57767688088085e-06,aih_only,0,2,0,2,,2.79870653727689e-06,,,2.01973619367293e-06,3.57767688088085e-06,,FALSE,FALSE,FALSE,FALSE,
ICOS,Stellate cell,Hepatocyte 1,,,7.00828012853124e-07,1.1633513398439e-06,aih_only,0,2,0,2,,9.32089676348513e-07,,,7.00828012853124e-07,1.1633513398439e-06,,FALSE,FALSE,FALSE,FALSE,
ICOS,Stellate cell,Hepatocyte 2,,,4.13684036165142e-07,7.16088363158595e-07,aih_only,0,2,0,2,,5.64886199661868e-07,,,4.13684036165142e-07,7.16088363158595e-07,,FALSE,FALSE,FALSE,FALSE,
ICOS,Stellate cell,Hepatocyte 3,,,6.71716267607313e-07,1.40557630276482e-06,aih_only,0,2,0,2,,1.03864628518607e-06,,,6.71716267607313e-07,1.40557630276482e-06,,FALSE,FALSE,FALSE,FALSE,
ICOS,Stellate cell,Hepatocyte 4,,,7.03099941332756e-07,1.04493948395701e-06,aih_only,0,2,0,2,,8.74019712644883e-07,,,7.03099941332756e-07,1.04493948395701e-06,,FALSE,FALSE,FALSE,FALSE,
ICOS,Stellate cell,Ig+ hepatocyte,,,1.97310598075008e-06,2.3221764499768e-06,aih_only,0,2,0,2,,2.14764121536344e-06,,,1.97310598075008e-06,2.3221764499768e-06,,FALSE,FALSE,FALSE,FALSE,
ICOS,Stellate cell,IgG+ B cell,,,2.42474310817776e-06,4.21332561749079e-06,aih_only,0,2,0,2,,3.31903436283427e-06,,,2.42474310817776e-06,4.21332561749079e-06,,FALSE,FALSE,FALSE,FALSE,
ICOS,Stellate cell,IgG+ plasmablast / plasma cell,,,3.66034517295753e-06,6.87360940299598e-06,aih_only,0,2,0,2,,5.26697728797676e-06,,,3.66034517295753e-06,6.87360940299598e-06,,FALSE,FALSE,FALSE,FALSE,
ICOS,Stellate cell,IgM+ B cell,,,4.55019774344766e-06,8.15588189047717e-06,aih_only,0,2,0,2,,6.35303981696241e-06,,,4.55019774344766e-06,8.15588189047717e-06,,FALSE,FALSE,FALSE,FALSE,
ICOS,Stellate cell,Macrophage 1,,,2.43885184190094e-06,2.64323580461904e-06,aih_only,0,2,0,2,,2.54104382325999e-06,,,2.43885184190094e-06,2.64323580461904e-06,,FALSE,FALSE,FALSE,FALSE,
ICOS,Stellate cell,Macrophage 2,,,2.00889475355768e-06,2.82292916487626e-06,aih_only,0,2,0,2,,2.41591195921697e-06,,,2.00889475355768e-06,2.82292916487626e-06,,FALSE,FALSE,FALSE,FALSE,
ICOS,Stellate cell,Sinusoidal endothelial cell,,,1.39481535793458e-06,2.24818751202098e-06,aih_only,0,2,0,2,,1.82150143497778e-06,,,1.39481535793458e-06,2.24818751202098e-06,,FALSE,FALSE,FALSE,FALSE,
ICOS,Stellate cell,Stellate cell,,,3.72657147625049e-06,5.13507560942231e-06,aih_only,0,2,0,2,,4.4308235428364e-06,,,3.72657147625049e-06,5.13507560942231e-06,,FALSE,FALSE,FALSE,FALSE,
ICOS,Stellate cell,Vascular endothelial cell,,,1.87402392082128e-06,3.86180774597594e-06,aih_only,0,2,0,2,,2.86791583339861e-06,,,1.87402392082128e-06,3.86180774597594e-06,,FALSE,FALSE,FALSE,FALSE,
ICOS,Vascular endothelial cell,CD4+ T cell,,,5.90266843713268e-05,4.91460974420617e-05,aih_only,0,2,0,2,,5.40863909066942e-05,,,4.91460974420617e-05,5.90266843713268e-05,,FALSE,FALSE,FALSE,FALSE,
ICOS,Vascular endothelial cell,CD8+ T cell 1,,,1.10451385174562e-05,7.98903938138686e-06,aih_only,0,2,0,2,,9.51708894942153e-06,,,7.98903938138686e-06,1.10451385174562e-05,,FALSE,FALSE,FALSE,FALSE,
ICOS,Vascular endothelial cell,CD8+ T cell 2,,,4.05047033595188e-06,3.01514300626834e-06,aih_only,0,2,0,2,,3.53280667111011e-06,,,3.01514300626834e-06,4.05047033595188e-06,,FALSE,FALSE,FALSE,FALSE,
ICOS,Vascular endothelial cell,CD8+ T cell 3,,,1.0003959111815e-05,9.93100965520204e-06,aih_only,0,2,0,2,,9.96748438350851e-06,,,9.93100965520204e-06,1.0003959111815e-05,,FALSE,FALSE,FALSE,FALSE,
ICOS,Vascular endothelial cell,Cholangiocyte,,,5.75834081653713e-06,3.5676709380472e-06,aih_only,0,2,0,2,,4.66300587729217e-06,,,3.5676709380472e-06,5.75834081653713e-06,,FALSE,FALSE,FALSE,FALSE,
ICOS,Vascular endothelial cell,Hepatocyte 1,,,2.816040462438e-07,2.80231450087307e-07,aih_only,0,2,0,2,,2.80917748165554e-07,,,2.80231450087307e-07,2.816040462438e-07,,FALSE,FALSE,FALSE,FALSE,
ICOS,Vascular endothelial cell,Hepatocyte 2,,,2.567752772182e-07,2.21905552573238e-07,aih_only,0,2,0,2,,2.39340414895719e-07,,,2.21905552573238e-07,2.567752772182e-07,,FALSE,FALSE,FALSE,FALSE,
ICOS,Vascular endothelial cell,Hepatocyte 3,,,1.46953558455605e-06,5.70412016200893e-07,aih_only,0,2,0,2,,1.01997380037847e-06,,,5.70412016200893e-07,1.46953558455605e-06,,FALSE,FALSE,FALSE,FALSE,
ICOS,Vascular endothelial cell,Hepatocyte 4,,,3.37163258217112e-07,1.76031083642791e-07,aih_only,0,2,0,2,,2.56597170929952e-07,,,1.76031083642791e-07,3.37163258217112e-07,,FALSE,FALSE,FALSE,FALSE,
ICOS,Vascular endothelial cell,Ig+ hepatocyte,,,1.58273211767264e-06,1.34450112771065e-06,aih_only,0,2,0,2,,1.46361662269165e-06,,,1.34450112771065e-06,1.58273211767264e-06,,FALSE,FALSE,FALSE,FALSE,
ICOS,Vascular endothelial cell,IgG+ B cell,,,4.79887429497243e-06,4.88798883775982e-06,aih_only,0,2,0,2,,4.84343156636613e-06,,,4.79887429497243e-06,4.88798883775982e-06,,FALSE,FALSE,FALSE,FALSE,
ICOS,Vascular endothelial cell,IgG+ plasmablast / plasma cell,,,5.49962776067764e-06,6.48497618698032e-06,aih_only,0,2,0,2,,5.99230197382898e-06,,,5.49962776067764e-06,6.48497618698032e-06,,FALSE,FALSE,FALSE,FALSE,
ICOS,Vascular endothelial cell,IgM+ B cell,,,9.58211572930884e-06,1.43727918752495e-05,aih_only,0,2,0,2,,1.19774538022792e-05,,,9.58211572930884e-06,1.43727918752495e-05,,FALSE,FALSE,FALSE,FALSE,
ICOS,Vascular endothelial cell,Macrophage 1,,,3.04401534604456e-06,1.32869552593906e-06,aih_only,0,2,0,2,,2.18635543599181e-06,,,1.32869552593906e-06,3.04401534604456e-06,,FALSE,FALSE,FALSE,FALSE,
ICOS,Vascular endothelial cell,Macrophage 2,,,3.80107389284314e-06,2.80434097280092e-06,aih_only,0,2,0,2,,3.30270743282203e-06,,,2.80434097280092e-06,3.80107389284314e-06,,FALSE,FALSE,FALSE,FALSE,
ICOS,Vascular endothelial cell,Sinusoidal endothelial cell,,,2.54803235799974e-07,6.62157945786104e-07,aih_only,0,2,0,2,,4.58480590793039e-07,,,2.54803235799974e-07,6.62157945786104e-07,,FALSE,FALSE,FALSE,FALSE,
ICOS,Vascular endothelial cell,Stellate cell,,,5.83890880831546e-06,5.11611650291725e-06,aih_only,0,2,0,2,,5.47751265561636e-06,,,5.11611650291725e-06,5.83890880831546e-06,,FALSE,FALSE,FALSE,FALSE,
ICOS,Vascular endothelial cell,Vascular endothelial cell,,,1.18919478806277e-05,6.02744222268955e-06,aih_only,0,2,0,2,,8.95969505165864e-06,,,6.02744222268955e-06,1.18919478806277e-05,,FALSE,FALSE,FALSE,FALSE,
IL2,CD4+ T cell,CD4+ T cell,2.81449727142738e-05,6.24654218130726e-06,5.16751755694914e-06,9.91831687230859e-06,all4,2,2,2,2,1.71957574477905e-05,7.54291721462886e-06,6.24654218130726e-06,2.81449727142738e-05,5.16751755694914e-06,9.91831687230859e-06,1.17928733994065,TRUE,FALSE,FALSE,FALSE,
IL2,CD4+ T cell,CD8+ T cell 1,7.47001415512588e-06,8.79046519198724e-06,2.35492307312608e-06,2.86646759054198e-06,all4,2,2,2,2,8.13023967355656e-06,2.61069533183403e-06,7.47001415512588e-06,8.79046519198724e-06,2.35492307312608e-06,2.86646759054198e-06,1.60588343148855,TRUE,TRUE,FALSE,TRUE,irHepatitis
IL2,CD4+ T cell,CD8+ T cell 2,5.17095733307856e-09,9.96502543097161e-07,1.00107937765736e-06,2.96952791096388e-06,all4,2,2,2,2,5.0083675021512e-07,1.98530364431062e-06,5.17095733307856e-09,9.96502543097161e-07,1.00107937765736e-06,2.96952791096388e-06,-1.81265590863002,TRUE,FALSE,TRUE,TRUE,AIH
IL2,CD4+ T cell,CD8+ T cell 3,3.55880353158756e-05,6.74882490961626e-06,1.85589091408794e-06,3.68013694159537e-06,all4,2,2,2,2,2.11684301127459e-05,2.76801392784165e-06,6.74882490961626e-06,3.55880353158756e-05,1.85589091408794e-06,3.68013694159537e-06,2.89499146644374,TRUE,TRUE,FALSE,TRUE,irHepatitis
IL2,CD4+ T cell,Cholangiocyte,4.07616893396877e-06,2.81469723896751e-07,7.88936413731478e-07,8.14663254191175e-07,all4,2,2,2,2,2.17881932893276e-06,8.01799833961327e-07,2.81469723896751e-07,4.07616893396877e-06,7.88936413731478e-07,8.14663254191175e-07,1.34724261143921,TRUE,FALSE,FALSE,FALSE,
IL2,CD4+ T cell,Hepatocyte 1,1.05552085516062e-07,1.3937647346639e-08,3.35453922703214e-07,2.66675916376068e-07,all4,2,2,2,2,5.97448664313507e-08,3.01064919539641e-07,1.3937647346639e-08,1.05552085516062e-07,2.66675916376068e-07,3.35453922703214e-07,-1.38546320402861,TRUE,FALSE,TRUE,TRUE,AIH
IL2,CD4+ T cell,Hepatocyte 2,0,0,8.45370609527963e-10,8.95623692084415e-09,all4,2,2,2,2,0,4.90080376518606e-09,0,0,8.45370609527963e-10,8.95623692084415e-09,-0.0765735509386718,TRUE,FALSE,TRUE,TRUE,AIH
IL2,CD4+ T cell,Hepatocyte 3,0,0,1.33513549051258e-10,0,all4,2,2,2,2,0,6.67567745256288e-11,0,0,0,1.33513549051258e-10,-0.00107083381439874,TRUE,FALSE,FALSE,FALSE,
IL2,CD4+ T cell,Hepatocyte 4,0,0,1.50564214376823e-07,1.22688798060366e-07,all4,2,2,2,2,0,1.36626506218595e-07,0,0,1.22688798060366e-07,1.50564214376823e-07,-1.33323289807058,TRUE,FALSE,TRUE,TRUE,AIH
IL2,CD4+ T cell,Ig+ hepatocyte,0,,1.85749576665961e-07,2.06002443007659e-07,all4,2,2,1,2,0,1.9587600983681e-07,,,1.85749576665961e-07,2.06002443007659e-07,-1.66843047635101,FALSE,FALSE,FALSE,FALSE,
IL2,CD4+ T cell,IgG+ B cell,0,0,0,8.65526982181316e-08,all4,2,2,2,2,0,4.32763491090658e-08,0,0,0,8.65526982181316e-08,-0.56691580657316,TRUE,FALSE,FALSE,FALSE,
IL2,CD4+ T cell,IgG+ plasmablast / plasma cell,1.89199605985142e-05,0,5.76252659752603e-07,5.4135880884673e-07,all4,2,2,2,2,9.45998029925708e-06,5.58805734299667e-07,0,1.89199605985142e-05,5.4135880884673e-07,5.76252659752603e-07,3.87983499804898,TRUE,FALSE,FALSE,FALSE,
IL2,CD4+ T cell,IgM+ B cell,1.6701367934096e-06,3.19547258859831e-07,1.96918812556286e-06,7.49636632856587e-06,all4,2,2,2,2,9.94842026134713e-07,4.73277722706437e-06,3.19547258859831e-07,1.6701367934096e-06,1.96918812556286e-06,7.49636632856587e-06,-2.15247652896258,TRUE,FALSE,TRUE,TRUE,AIH
IL2,CD4+ T cell,Macrophage 1,2.51380673064297e-06,1.80445117046541e-07,6.52196577096737e-07,8.83832471732878e-07,all4,2,2,2,2,1.34712592384476e-06,7.68014524414808e-07,1.80445117046541e-07,2.51380673064297e-06,6.52196577096737e-07,8.83832471732878e-07,0.744176488748081,TRUE,FALSE,FALSE,FALSE,
IL2,CD4+ T cell,Macrophage 2,0,2.08936990975055e-06,3.87243859562804e-07,3.49960061250212e-07,all4,2,2,2,2,1.04468495487527e-06,3.68601960406508e-07,0,2.08936990975055e-06,3.49960061250212e-07,3.87243859562804e-07,1.30715437902972,TRUE,FALSE,FALSE,FALSE,
IL2,CD4+ T cell,Sinusoidal endothelial cell,1.73186630029189e-09,0,3.84024368583278e-07,7.48357207615186e-07,all4,2,2,2,2,8.65933150145944e-10,5.66190788099232e-07,0,1.73186630029189e-09,3.84024368583278e-07,7.48357207615186e-07,-2.85359629807427,TRUE,FALSE,TRUE,TRUE,AIH
IL2,CD4+ T cell,Stellate cell,4.38892780496246e-06,6.18291355264918e-07,5.64662350203727e-07,4.1010371091107e-07,all4,2,2,2,2,2.50360958011369e-06,4.87383030557399e-07,6.18291355264918e-07,4.38892780496246e-06,4.1010371091107e-07,5.64662350203727e-07,2.16754414602443,TRUE,TRUE,FALSE,TRUE,irHepatitis
IL2,CD4+ T cell,Vascular endothelial cell,0,0,5.17002016374488e-07,2.68980839886358e-07,all4,2,2,2,2,0,3.92991428130423e-07,0,0,2.68980839886358e-07,5.17002016374488e-07,-2.42523303233694,TRUE,FALSE,TRUE,TRUE,AIH
IL2,CD8+ T cell 1,CD4+ T cell,1.21785828586358e-05,3.83710357737956e-06,2.25862904399107e-06,1.84306042552749e-06,all4,2,2,2,2,8.0078432180077e-06,2.05084473475928e-06,3.83710357737956e-06,1.21785828586358e-05,1.84306042552749e-06,2.25862904399107e-06,1.91940435469881,TRUE,TRUE,FALSE,TRUE,irHepatitis
IL2,CD8+ T cell 1,CD8+ T cell 1,1.29387394945519e-05,1.34271463418415e-05,4.52028825771263e-06,4.90165808885423e-06,all4,2,2,2,2,1.31829429181967e-05,4.71097317328343e-06,1.29387394945519e-05,1.34271463418415e-05,4.52028825771263e-06,4.90165808885423e-06,1.46710761695101,TRUE,TRUE,FALSE,TRUE,irHepatitis
IL2,CD8+ T cell 1,CD8+ T cell 2,2.07252511593075e-06,1.15577526621113e-05,4.29821165872925e-06,2.75386747753283e-06,all4,2,2,2,2,6.81513888902103e-06,3.52603956813104e-06,2.07252511593075e-06,1.15577526621113e-05,2.75386747753283e-06,4.29821165872925e-06,0.933277913586818,TRUE,FALSE,FALSE,FALSE,
IL2,CD8+ T cell 1,CD8+ T cell 3,1.72623704247343e-05,3.28852459736956e-05,3.54924497342619e-06,4.29508078679404e-06,all4,2,2,2,2,2.5073808199215e-05,3.92216288011011e-06,1.72623704247343e-05,3.28852459736956e-05,3.54924497342619e-06,4.29508078679404e-06,2.64892673054949,TRUE,TRUE,FALSE,TRUE,irHepatitis
IL2,CD8+ T cell 1,Cholangiocyte,2.588236519965e-06,6.63631543932933e-07,4.7618871965697e-07,3.75146695208741e-07,all4,2,2,2,2,1.62593403194897e-06,4.25667707432855e-07,6.63631543932933e-07,2.588236519965e-06,3.75146695208741e-07,4.7618871965697e-07,1.73466529133129,TRUE,TRUE,FALSE,TRUE,irHepatitis
IL2,CD8+ T cell 1,Hepatocyte 1,8.13048918931939e-08,1.82170168270553e-08,1.12138873692088e-06,3.0052510693861e-07,all4,2,2,2,2,4.97609543601246e-08,7.10956921929747e-07,1.82170168270553e-08,8.13048918931939e-08,3.0052510693861e-07,1.12138873692088e-06,-2.51956824164072,TRUE,FALSE,TRUE,TRUE,AIH
IL2,CD8+ T cell 1,Hepatocyte 2,0,0,1.45691926971263e-07,3.37914282449037e-08,all4,2,2,2,2,0,8.97416776080836e-08,0,0,3.37914282449037e-08,1.45691926971263e-07,-0.998684391638237,TRUE,FALSE,TRUE,TRUE,AIH
IL2,CD8+ T cell 1,Hepatocyte 3,0,0,2.5271049061954e-07,0,all4,2,2,2,2,0,1.2635524530977e-07,0,0,0,2.5271049061954e-07,-1.26628983812545,TRUE,FALSE,FALSE,FALSE,
IL2,CD8+ T cell 1,Hepatocyte 4,0,0,7.70250953342711e-07,2.13810928953793e-07,all4,2,2,2,2,0,4.92030941148252e-07,0,0,2.13810928953793e-07,7.70250953342711e-07,-2.69437929958494,TRUE,FALSE,TRUE,TRUE,AIH
IL2,CD8+ T cell 1,Ig+ hepatocyte,0,,5.09600767490393e-07,4.58688793534237e-07,all4,2,2,1,2,0,4.84144780512315e-07,,,4.58688793534237e-07,5.09600767490393e-07,-2.6746948176331,FALSE,FALSE,FALSE,FALSE,
IL2,CD8+ T cell 1,IgG+ B cell,0,0,0,6.14677433687811e-09,all4,2,2,2,2,0,3.07338716843905e-09,0,0,0,6.14677433687811e-09,-0.048493743532141,TRUE,FALSE,FALSE,FALSE,
IL2,CD8+ T cell 1,IgG+ plasmablast / plasma cell,1.59072413247747e-06,0,8.19172002423275e-07,3.56780213557185e-07,all4,2,2,2,2,7.95362066238735e-07,5.8797610799023e-07,0,1.59072413247747e-06,3.56780213557185e-07,8.19172002423275e-07,0.385080200252517,TRUE,FALSE,FALSE,FALSE,
IL2,CD8+ T cell 1,IgM+ B cell,3.81885310614017e-06,3.70071734972025e-07,1.01234519185287e-06,6.07111799495262e-07,all4,2,2,2,2,2.0944624205561e-06,8.09728495674068e-07,3.70071734972025e-07,3.81885310614017e-06,6.07111799495262e-07,1.01234519185287e-06,1.27980572021465,TRUE,FALSE,FALSE,FALSE,
IL2,CD8+ T cell 1,Macrophage 1,3.0306383312964e-06,5.33669611357404e-07,1.7544766516788e-06,1.57504602651332e-06,all4,2,2,2,2,1.7821539713269e-06,1.66476133909606e-06,5.33669611357404e-07,3.0306383312964e-06,1.57504602651332e-06,1.7544766516788e-06,0.0934291330212733,TRUE,FALSE,FALSE,FALSE,
IL2,CD8+ T cell 1,Macrophage 2,0,1.38652806197205e-06,1.18751067584817e-07,3.03573899341986e-07,all4,2,2,2,2,6.93264030986026e-07,2.11162483463402e-07,0,1.38652806197205e-06,1.18751067584817e-07,3.03573899341986e-07,1.37923512321228,TRUE,FALSE,FALSE,FALSE,
IL2,CD8+ T cell 1,Sinusoidal endothelial cell,1.19312024321327e-08,0,2.03693692411876e-06,1.42760039236759e-06,all4,2,2,2,2,5.96560121606634e-09,1.73226865824318e-06,0,1.19312024321327e-08,1.42760039236759e-06,2.03693692411876e-06,-4.24841997837947,TRUE,FALSE,TRUE,TRUE,AIH
IL2,CD8+ T cell 1,Stellate cell,2.07017937924419e-06,1.62448249651439e-07,4.72179022525916e-07,4.22625882933364e-07,all4,2,2,2,2,1.11631381444782e-06,4.4740245272964e-07,1.62448249651439e-07,2.07017937924419e-06,4.22625882933364e-07,4.72179022525916e-07,1.16667103382631,TRUE,FALSE,FALSE,FALSE,
IL2,CD8+ T cell 1,Vascular endothelial cell,0,0,2.83395574175541e-07,7.30272998007853e-08,all4,2,2,2,2,0,1.78211436988163e-07,0,0,7.30272998007853e-08,2.83395574175541e-07,-1.57638028201215,TRUE,FALSE,TRUE,TRUE,AIH
IL2,CD8+ T cell 2,CD4+ T cell,2.0673547935401e-06,1.33463243273744e-06,1.01452815533044e-06,6.51306690683489e-07,all4,2,2,2,2,1.70099361313877e-06,8.32917423006965e-07,1.33463243273744e-06,2.0673547935401e-06,6.51306690683489e-07,1.01452815533044e-06,0.956558265452933,TRUE,TRUE,FALSE,TRUE,irHepatitis
IL2,CD8+ T cell 2,CD8+ T cell 1,7.92303997561533e-06,1.21451482165144e-05,3.3782565107207e-06,3.33613126545318e-06,all4,2,2,2,2,1.00340940960649e-05,3.35719388808694e-06,7.92303997561533e-06,1.21451482165144e-05,3.33613126545318e-06,3.3782565107207e-06,1.55432453368559,TRUE,TRUE,FALSE,TRUE,irHepatitis
IL2,CD8+ T cell 2,CD8+ T cell 2,1.07281893641363e-06,0.000141661810963381,1.27398831323858e-05,6.98631573847994e-06,all4,2,2,2,2,7.13673149498974e-05,9.86309943543285e-06,1.07281893641363e-06,0.000141661810963381,6.98631573847994e-06,1.27398831323858e-05,2.84387572359417,TRUE,FALSE,FALSE,FALSE,
IL2,CD8+ T cell 2,CD8+ T cell 3,5.72332636433297e-05,6.28784823696946e-05,5.8076610682933e-06,2.55028452327798e-06,all4,2,2,2,2,6.00558730065121e-05,4.17897279578564e-06,5.72332636433297e-05,6.28784823696946e-05,2.55028452327798e-06,5.8076610682933e-06,3.81653452057067,TRUE,TRUE,FALSE,TRUE,irHepatitis
IL2,CD8+ T cell 2,Cholangiocyte,2.59388830787294e-06,0,2.93955496740371e-07,2.88895820592301e-07,all4,2,2,2,2,1.29694415393647e-06,2.91425658666336e-07,0,2.59388830787294e-06,2.88895820592301e-07,2.93955496740371e-07,1.86269486765935,TRUE,FALSE,FALSE,FALSE,
IL2,CD8+ T cell 2,Hepatocyte 1,4.30086891749176e-07,8.75551727345837e-08,1.73606806533346e-06,3.21806519400649e-07,all4,2,2,2,2,2.5882103224188e-07,1.02893729236706e-06,8.75551727345837e-08,4.30086891749176e-07,3.21806519400649e-07,1.73606806533346e-06,-1.68183908829223,TRUE,FALSE,FALSE,FALSE,
IL2,CD8+ T cell 2,Hepatocyte 2,0,0,7.3507211369228e-08,1.49390153924913e-07,all4,2,2,2,2,0,1.1144868264707e-07,0,0,7.3507211369228e-08,1.49390153924913e-07,-1.16325349855091,TRUE,FALSE,TRUE,TRUE,AIH
IL2,CD8+ T cell 2,Hepatocyte 3,0,0,8.79544978313542e-08,0,all4,2,2,2,2,0,4.39772489156771e-08,0,0,0,8.79544978313542e-08,-0.574488404664755,TRUE,FALSE,FALSE,FALSE,
IL2,CD8+ T cell 2,Hepatocyte 4,0,0,1.5420308273654e-06,2.32530045258377e-07,all4,2,2,2,2,0,8.87280436311891e-07,0,0,2.32530045258377e-07,1.5420308273654e-06,-3.44215073413712,TRUE,FALSE,TRUE,TRUE,AIH
IL2,CD8+ T cell 2,Ig+ hepatocyte,0,,4.31573461328781e-07,3.51897251857007e-07,all4,2,2,1,2,0,3.91735356592894e-07,,,3.51897251857007e-07,4.31573461328781e-07,-2.42147552495597,FALSE,FALSE,FALSE,FALSE,
IL2,CD8+ T cell 2,IgG+ B cell,0,0,0,9.94903084760392e-09,all4,2,2,2,2,0,4.97451542380196e-09,0,0,0,9.94903084760392e-09,-0.0776948059308408,TRUE,FALSE,FALSE,FALSE,
IL2,CD8+ T cell 2,IgG+ plasmablast / plasma cell,1.17443050319062e-07,0,5.90658391446735e-07,3.38340848504782e-07,all4,2,2,2,2,5.87215251595309e-08,4.64499619975758e-07,0,1.17443050319062e-07,3.38340848504782e-07,5.90658391446735e-07,-1.8992435837482,TRUE,FALSE,TRUE,TRUE,AIH
IL2,CD8+ T cell 2,IgM+ B cell,9.83263609651976e-07,4.15420704851166e-06,3.10472738291433e-07,1.78816937283293e-07,all4,2,2,2,2,2.56873532908182e-06,2.44644837787363e-07,9.83263609651976e-07,4.15420704851166e-06,1.78816937283293e-07,3.10472738291433e-07,2.99039340166055,TRUE,TRUE,FALSE,TRUE,irHepatitis
IL2,CD8+ T cell 2,Macrophage 1,6.14164515979996e-06,1.75874432697911e-06,2.07329991969744e-06,1.6196649145795e-06,all4,2,2,2,2,3.95019474338953e-06,1.84648241713847e-06,1.75874432697911e-06,6.14164515979996e-06,1.6196649145795e-06,2.07329991969744e-06,1.06102306375107,TRUE,FALSE,FALSE,FALSE,
IL2,CD8+ T cell 2,Macrophage 2,0,0,7.82574542335037e-08,2.94752401547286e-07,all4,2,2,2,2,0,1.86504927890395e-07,0,0,7.82574542335037e-08,2.94752401547286e-07,-1.62032995654426,TRUE,FALSE,TRUE,TRUE,AIH
IL2,CD8+ T cell 2,Sinusoidal endothelial cell,9.47928068715704e-10,0,1.5121162128982e-06,5.27983183998561e-07,all4,2,2,2,2,4.73964034357852e-10,1.02004969844838e-06,0,9.47928068715704e-10,5.27983183998561e-07,1.5121162128982e-06,-3.61836154158362,TRUE,FALSE,TRUE,TRUE,AIH
IL2,CD8+ T cell 2,Stellate cell,3.42809153827303e-07,9.75257100892333e-09,2.77327661255527e-07,4.8459692667031e-07,all4,2,2,2,2,1.76280862418113e-07,3.80962293962918e-07,9.75257100892333e-09,3.42809153827303e-07,2.77327661255527e-07,4.8459692667031e-07,-0.822885214968816,TRUE,FALSE,FALSE,FALSE,
IL2,CD8+ T cell 2,Vascular endothelial cell,0,0,2.61879795287659e-08,2.83463887519913e-08,all4,2,2,2,2,0,2.72671841403786e-08,0,0,2.61879795287659e-08,2.83463887519913e-08,-0.382154721858525,TRUE,FALSE,TRUE,TRUE,AIH
IL2,CD8+ T cell 3,CD4+ T cell,1.22162035863903e-05,1.28364303513188e-06,3.06035802552238e-06,1.88056308301758e-06,all4,2,2,2,2,6.74992331076107e-06,2.47046055426998e-06,1.28364303513188e-06,1.22162035863903e-05,1.88056308301758e-06,3.06035802552238e-06,1.41761010473827,TRUE,FALSE,FALSE,FALSE,
IL2,CD8+ T cell 3,CD8+ T cell 1,7.88537789560337e-06,1.50093419455629e-05,6.75456489157748e-06,5.22793916101263e-06,all4,2,2,2,2,1.14473599205831e-05,5.99125202629506e-06,7.88537789560337e-06,1.50093419455629e-05,5.22793916101263e-06,6.75456489157748e-06,0.923883439776118,TRUE,TRUE,FALSE,TRUE,irHepatitis
IL2,CD8+ T cell 3,CD8+ T cell 2,8.66853205589735e-06,5.38285464503661e-05,8.77220991571818e-06,5.92087458613175e-06,all4,2,2,2,2,3.12485392531317e-05,7.34654225092497e-06,8.66853205589735e-06,5.38285464503661e-05,5.92087458613175e-06,8.77220991571818e-06,2.07524803017882,TRUE,FALSE,FALSE,FALSE,
IL2,CD8+ T cell 3,CD8+ T cell 3,5.5634951235447e-05,0.000193800070297187,2.04595992559792e-05,2.51911131963426e-05,all4,2,2,2,2,0.000124717510766317,2.28253562261609e-05,5.5634951235447e-05,0.000193800070297187,2.04595992559792e-05,2.51911131963426e-05,2.44532299165231,TRUE,TRUE,FALSE,TRUE,irHepatitis
IL2,CD8+ T cell 3,Cholangiocyte,1.4152741917401e-05,0,1.20363063920207e-06,5.34138448175115e-07,all4,2,2,2,2,7.07637095870052e-06,8.68884543688594e-07,0,1.4152741917401e-05,5.34138448175115e-07,1.20363063920207e-06,2.90193677055595,TRUE,FALSE,FALSE,FALSE,
IL2,CD8+ T cell 3,Hepatocyte 1,2.50344544527232e-06,0,2.8367097577139e-06,4.69066764082163e-07,all4,2,2,2,2,1.25172272263616e-06,1.65288826089803e-06,0,2.50344544527232e-06,4.69066764082163e-07,2.8367097577139e-06,-0.377416892147624,TRUE,FALSE,FALSE,FALSE,
IL2,CD8+ T cell 3,Hepatocyte 2,0,0,7.63448026407495e-08,7.22460570572383e-08,all4,2,2,2,2,0,7.42954298489939e-08,0,0,7.22460570572383e-08,7.63448026407495e-08,-0.868980475153844,TRUE,FALSE,TRUE,TRUE,AIH
IL2,CD8+ T cell 3,Hepatocyte 4,0,0,8.04463752425531e-07,5.00053994231921e-07,all4,2,2,2,2,0,6.52258873328726e-07,0,0,5.00053994231921e-07,8.04463752425531e-07,-3.04525641644728,TRUE,FALSE,TRUE,TRUE,AIH
IL2,CD8+ T cell 3,Ig+ hepatocyte,0,,3.57091514114332e-06,7.38867046764471e-07,all4,2,2,1,2,0,2.1548910939539e-06,,,7.38867046764471e-07,3.57091514114332e-06,-4.64203039153486,FALSE,FALSE,FALSE,FALSE,
IL2,CD8+ T cell 3,IgG+ B cell,0,0,0,2.27656829861486e-09,all4,2,2,2,2,0,1.13828414930743e-09,0,0,0,2.27656829861486e-09,-0.0181511324021406,TRUE,FALSE,FALSE,FALSE,
IL2,CD8+ T cell 3,IgG+ plasmablast / plasma cell,0,0,1.18715162049032e-06,1.95869906639117e-07,all4,2,2,2,2,0,6.9151076356472e-07,0,0,1.95869906639117e-07,1.18715162049032e-06,-3.1196089437944,TRUE,FALSE,TRUE,TRUE,AIH
IL2,CD8+ T cell 3,IgM+ B cell,3.85844071558194e-07,2.9551426592068e-08,1.30522868643681e-06,4.591147952586e-07,all4,2,2,2,2,2.07697749075131e-07,8.82171740847705e-07,2.9551426592068e-08,3.85844071558194e-07,4.591147952586e-07,1.30522868643681e-06,-1.70768042664887,TRUE,FALSE,TRUE,TRUE,AIH
IL2,CD8+ T cell 3,Macrophage 1,2.65963148117097e-06,3.19979897885182e-06,4.10994622880539e-06,1.5611799419048e-06,all4,2,2,2,2,2.9297152300114e-06,2.83556308535509e-06,2.65963148117097e-06,3.19979897885182e-06,1.5611799419048e-06,4.10994622880539e-06,0.045699628493257,TRUE,FALSE,FALSE,FALSE,
IL2,CD8+ T cell 3,Macrophage 2,0,7.05272220972941e-08,2.0335514414519e-07,7.13756417992086e-07,all4,2,2,2,2,3.52636110486471e-08,4.58555781068638e-07,0,7.05272220972941e-08,2.0335514414519e-07,7.13756417992086e-07,-2.13151053254746,TRUE,FALSE,TRUE,TRUE,AIH
IL2,CD8+ T cell 3,Sinusoidal endothelial cell,1.20918326063632e-06,0,2.75501260153499e-06,6.32879056045006e-07,all4,2,2,2,2,6.04591630318158e-07,1.69394582879e-06,0,1.20918326063632e-06,6.32879056045006e-07,2.75501260153499e-06,-1.36095464941335,TRUE,FALSE,FALSE,FALSE,
IL2,CD8+ T cell 3,Stellate cell,7.11349220630144e-07,1.95453090727224e-07,9.4595789216686e-07,6.99686123794434e-07,all4,2,2,2,2,4.53401155678684e-07,8.22822007980647e-07,1.95453090727224e-07,7.11349220630144e-07,6.99686123794434e-07,9.4595789216686e-07,-0.748417411627065,TRUE,FALSE,FALSE,FALSE,
IL2,CD8+ T cell 3,Vascular endothelial cell,0,0,1.20135017046316e-06,1.35300204396799e-08,all4,2,2,2,2,0,6.0744009545142e-07,0,0,1.35300204396799e-08,1.20135017046316e-06,-2.95539149213459,TRUE,FALSE,TRUE,TRUE,AIH
IL2,Cholangiocyte,CD4+ T cell,2.23270090807591e-05,7.72691755118202e-06,4.56541906641876e-06,4.4163860506095e-06,all4,2,2,2,2,1.50269633159706e-05,4.49090255851413e-06,7.72691755118202e-06,2.23270090807591e-05,4.4163860506095e-06,4.56541906641876e-06,1.7224853076114,TRUE,TRUE,FALSE,TRUE,irHepatitis
IL2,Cholangiocyte,CD8+ T cell 1,1.85520879161637e-05,2.09958529145522e-05,4.71840038817433e-06,4.15596296485357e-06,all4,2,2,2,2,1.97739704153579e-05,4.43718167651395e-06,1.85520879161637e-05,2.09958529145522e-05,4.15596296485357e-06,4.71840038817433e-06,2.13349214273986,TRUE,TRUE,FALSE,TRUE,irHepatitis
IL2,Cholangiocyte,CD8+ T cell 2,3.67266650009104e-06,1.31354582616334e-05,1.79635020033501e-06,3.21522013099129e-06,all4,2,2,2,2,8.4040623808622e-06,2.50578516566315e-06,3.67266650009104e-06,1.31354582616334e-05,1.79635020033501e-06,3.21522013099129e-06,1.71032016018514,TRUE,TRUE,FALSE,TRUE,irHepatitis
IL2,Cholangiocyte,CD8+ T cell 3,9.83338727109405e-05,9.21146794517606e-06,2.94866564783063e-06,3.69444411496774e-06,all4,2,2,2,2,5.37726703280583e-05,3.32155488139918e-06,9.21146794517606e-06,9.83338727109405e-05,2.94866564783063e-06,3.69444411496774e-06,3.98082182792773,TRUE,TRUE,FALSE,TRUE,irHepatitis
IL2,Cholangiocyte,Cholangiocyte,2.32374503565303e-05,1.21168125247001e-05,5.35448150592641e-06,3.52016097437235e-06,all4,2,2,2,2,1.76771314406152e-05,4.43732124014938e-06,1.21168125247001e-05,2.32374503565303e-05,3.52016097437235e-06,5.35448150592641e-06,1.97250361239767,TRUE,TRUE,FALSE,TRUE,irHepatitis
IL2,Cholangiocyte,Hepatocyte 1,6.44461817522033e-07,1.47034691257388e-08,5.94020260615877e-07,3.88860873627201e-07,all4,2,2,2,2,3.29582643323886e-07,4.91440567121539e-07,1.47034691257388e-08,6.44461817522033e-07,3.88860873627201e-07,5.94020260615877e-07,-0.470767130046768,TRUE,FALSE,FALSE,FALSE,
IL2,Cholangiocyte,Hepatocyte 2,0,0,2.5646468907175e-08,5.54670888473497e-08,all4,2,2,2,2,0,4.05567788772624e-08,0,0,2.5646468907175e-08,5.54670888473497e-08,-0.537151081909408,TRUE,FALSE,TRUE,TRUE,AIH
IL2,Cholangiocyte,Hepatocyte 3,0,0,1.60104542547873e-08,0,all4,2,2,2,2,0,8.00522712739365e-09,0,0,0,1.60104542547873e-08,-0.123057457030932,TRUE,FALSE,FALSE,FALSE,
IL2,Cholangiocyte,Hepatocyte 4,0,0,5.12404305067513e-07,2.32437202232794e-07,all4,2,2,2,2,0,3.72420753650153e-07,0,0,2.32437202232794e-07,5.12404305067513e-07,-2.36242904592137,TRUE,FALSE,TRUE,TRUE,AIH
IL2,Cholangiocyte,Ig+ hepatocyte,0,,9.17860273332737e-07,1.86632057671849e-06,all4,2,2,1,2,0,1.39209042502562e-06,,,9.17860273332737e-07,1.86632057671849e-06,-4.04298717185494,FALSE,FALSE,FALSE,FALSE,
IL2,Cholangiocyte,IgG+ B cell,0,0,0,2.33283688711253e-08,all4,2,2,2,2,0,1.16641844355626e-08,0,0,0,2.33283688711253e-08,-0.175988446112496,TRUE,FALSE,FALSE,FALSE,
IL2,Cholangiocyte,IgG+ plasmablast / plasma cell,1.2656866731111e-05,0,1.36298063126139e-06,5.73113845985748e-07,all4,2,2,2,2,6.32843336555551e-06,9.68047238623569e-07,0,1.2656866731111e-05,5.73113845985748e-07,1.36298063126139e-06,2.60092469585821,TRUE,FALSE,FALSE,FALSE,
IL2,Cholangiocyte,IgM+ B cell,5.02802807868519e-06,6.15782653363214e-07,2.37896339156447e-06,4.66784585982422e-06,all4,2,2,2,2,2.8219053660242e-06,3.52340462569434e-06,6.15782653363214e-07,5.02802807868519e-06,2.37896339156447e-06,4.66784585982422e-06,-0.311404427891551,TRUE,FALSE,FALSE,FALSE,
IL2,Cholangiocyte,Macrophage 1,8.4579446641151e-06,4.514987593219e-08,8.64129019434087e-07,1.28921487162168e-06,all4,2,2,2,2,4.25154727002364e-06,1.07667194552788e-06,4.514987593219e-08,8.4579446641151e-06,8.64129019434087e-07,1.28921487162168e-06,1.89589573506786,TRUE,FALSE,FALSE,FALSE,
IL2,Cholangiocyte,Macrophage 2,0,4.69266023056837e-07,5.38455888538443e-07,4.42808054448193e-07,all4,2,2,2,2,2.34633011528419e-07,4.90631971493318e-07,0,4.69266023056837e-07,4.42808054448193e-07,5.38455888538443e-07,-0.838999358039197,TRUE,FALSE,FALSE,FALSE,
IL2,Cholangiocyte,Sinusoidal endothelial cell,1.60402803487111e-07,0,7.48554657422124e-07,3.29447165411803e-07,all4,2,2,2,2,8.02014017435554e-08,5.39000911416964e-07,0,1.60402803487111e-07,3.29447165411803e-07,7.48554657422124e-07,-1.88640320576925,TRUE,FALSE,TRUE,TRUE,AIH
IL2,Cholangiocyte,Stellate cell,8.39777427825127e-06,5.03814470142937e-06,9.52642950097879e-07,5.72614021534461e-07,all4,2,2,2,2,6.71795948984032e-06,7.6262848581617e-07,5.03814470142937e-06,8.39777427825127e-06,5.72614021534461e-07,9.52642950097879e-07,2.99737306356025,TRUE,TRUE,FALSE,TRUE,irHepatitis
IL2,Cholangiocyte,Vascular endothelial cell,0,0,5.39886160438983e-07,3.75095267054444e-07,all4,2,2,2,2,0,4.57490713746714e-07,0,0,3.75095267054444e-07,5.39886160438983e-07,-2.60610317588499,TRUE,FALSE,TRUE,TRUE,AIH
IL2,Hepatocyte 1,CD4+ T cell,1.4546232118724e-06,6.23482202067078e-07,1.95486118479289e-06,1.09131264653262e-06,all4,2,2,2,2,1.03905270696974e-06,1.52308691566276e-06,6.23482202067078e-07,1.4546232118724e-06,1.09131264653262e-06,1.95486118479289e-06,-0.514747546538955,TRUE,FALSE,FALSE,FALSE,
IL2,Hepatocyte 1,CD8+ T cell 1,6.51975834770015e-06,1.46249680334754e-05,7.29246304040334e-06,4.14947520416147e-06,all4,2,2,2,2,1.05723631905878e-05,5.7209691222824e-06,6.51975834770015e-06,1.46249680334754e-05,4.14947520416147e-06,7.29246304040334e-06,0.875687203395195,TRUE,FALSE,FALSE,FALSE,
IL2,Hepatocyte 1,CD8+ T cell 2,9.52777985547928e-06,2.48176761758185e-05,1.61845049428423e-05,5.10877981515571e-06,all4,2,2,2,2,1.71727280156489e-05,1.0646642378999e-05,9.52777985547928e-06,2.48176761758185e-05,5.10877981515571e-06,1.61845049428423e-05,0.685122370772847,TRUE,FALSE,FALSE,FALSE,
IL2,Hepatocyte 1,CD8+ T cell 3,1.2933987804858e-05,3.29572850214588e-05,1.03595332410237e-05,4.45607114221144e-06,all4,2,2,2,2,2.29456364131584e-05,7.40780219161757e-06,1.2933987804858e-05,3.29572850214588e-05,4.45607114221144e-06,1.03595332410237e-05,1.61934004180435,TRUE,TRUE,FALSE,TRUE,irHepatitis
IL2,Hepatocyte 1,Cholangiocyte,8.09060487461899e-07,1.98767920636242e-06,4.29672183521366e-07,2.30745974488387e-07,all4,2,2,2,2,1.39836984691216e-06,3.30209079004877e-07,8.09060487461899e-07,1.98767920636242e-06,2.30745974488387e-07,4.29672183521366e-07,1.82478652474849,TRUE,TRUE,FALSE,TRUE,irHepatitis
IL2,Hepatocyte 1,Hepatocyte 1,4.8865746152378e-07,1.61788465211039e-07,4.2105551884406e-06,4.1860208905084e-07,all4,2,2,2,2,3.25222963367409e-07,2.31457863874572e-06,1.61788465211039e-07,4.8865746152378e-07,4.1860208905084e-07,4.2105551884406e-06,-2.53409743614973,TRUE,FALSE,FALSE,FALSE,
IL2,Hepatocyte 1,Hepatocyte 2,0,0,4.0154091470162e-07,6.03545591353969e-08,all4,2,2,2,2,0,2.30947736918509e-07,0,0,6.03545591353969e-08,4.0154091470162e-07,-1.83543139654755,TRUE,FALSE,TRUE,TRUE,AIH
IL2,Hepatocyte 1,Hepatocyte 3,0,0,2.37136894008807e-07,0,all4,2,2,2,2,0,1.18568447004404e-07,0,0,0,2.37136894008807e-07,-1.21338514051193,TRUE,FALSE,FALSE,FALSE,
IL2,Hepatocyte 1,Hepatocyte 4,0,0,5.18915383931014e-06,3.23020512193253e-07,all4,2,2,2,2,0,2.75608717575169e-06,0,0,3.23020512193253e-07,5.18915383931014e-06,-4.98437760541085,TRUE,FALSE,TRUE,TRUE,AIH
IL2,Hepatocyte 1,Ig+ hepatocyte,0,,6.33838217452443e-07,6.85749014961223e-07,all4,2,2,1,2,0,6.59793616206833e-07,,,6.33838217452443e-07,6.85749014961223e-07,-3.05982936846872,FALSE,FALSE,FALSE,FALSE,
IL2,Hepatocyte 1,IgG+ B cell,0,0,0,5.7626415354075e-08,all4,2,2,2,2,0,2.88132076770375e-08,0,0,0,5.7626415354075e-08,-0.401065721535727,TRUE,FALSE,FALSE,FALSE,
IL2,Hepatocyte 1,IgG+ plasmablast / plasma cell,5.20204204375048e-07,0,1.05578955160328e-06,1.93451361722597e-07,all4,2,2,2,2,2.60102102187524e-07,6.24620456662941e-07,0,5.20204204375048e-07,1.93451361722597e-07,1.05578955160328e-06,-1.0296000067443,TRUE,FALSE,FALSE,FALSE,
IL2,Hepatocyte 1,IgM+ B cell,3.94770824954163e-07,1.38442791245888e-06,2.87114530352571e-07,4.53643652821457e-07,all4,2,2,2,2,8.89599368706521e-07,3.70379091587014e-07,3.94770824954163e-07,1.38442791245888e-06,2.87114530352571e-07,4.53643652821457e-07,1.08952639183012,TRUE,FALSE,FALSE,FALSE,
IL2,Hepatocyte 1,Macrophage 1,1.28124247765897e-06,5.52796949172527e-07,4.39709279042961e-06,1.63585996914751e-06,all4,2,2,2,2,9.17019713415749e-07,3.01647637978856e-06,5.52796949172527e-07,1.28124247765897e-06,1.63585996914751e-06,4.39709279042961e-06,-1.62527858954906,TRUE,FALSE,TRUE,TRUE,AIH
IL2,Hepatocyte 1,Macrophage 2,0,6.23651544853951e-08,5.21760288451457e-08,3.31123628992276e-07,all4,2,2,2,2,3.11825772426975e-08,1.91649828918711e-07,0,6.23651544853951e-08,5.21760288451457e-08,3.31123628992276e-07,-1.21736113159147,TRUE,FALSE,FALSE,FALSE,
IL2,Hepatocyte 1,Sinusoidal endothelial cell,8.75815193833483e-07,0,3.98751612175802e-06,1.47208223883748e-06,all4,2,2,2,2,4.37907596916742e-07,2.72979918029775e-06,0,8.75815193833483e-07,1.47208223883748e-06,3.98751612175802e-06,-2.4174448508219,TRUE,FALSE,TRUE,TRUE,AIH
IL2,Hepatocyte 1,Stellate cell,5.52528981845428e-07,1.86079194524935e-07,5.4473270665964e-07,3.36467793584511e-07,all4,2,2,2,2,3.69304088185182e-07,4.40600250122075e-07,1.86079194524935e-07,5.52528981845428e-07,3.36467793584511e-07,5.4473270665964e-07,-0.2082155916113,TRUE,FALSE,FALSE,FALSE,
IL2,Hepatocyte 1,Vascular endothelial cell,0,0,2.60235771672838e-07,2.02885867525834e-07,all4,2,2,2,2,0,2.31560819599336e-07,0,0,2.02885867525834e-07,2.60235771672838e-07,-1.83818545065583,TRUE,FALSE,TRUE,TRUE,AIH
IL2,Hepatocyte 2,CD4+ T cell,5.69140784362434e-07,2.6731066572898e-07,8.0421895965171e-07,4.78571630298046e-07,all4,2,2,2,2,4.18225725045707e-07,6.41395294974878e-07,2.6731066572898e-07,5.69140784362434e-07,4.78571630298046e-07,8.0421895965171e-07,-0.525263744238952,TRUE,FALSE,FALSE,FALSE,
IL2,Hepatocyte 2,CD8+ T cell 1,2.5713861990866e-06,4.0005056866999e-06,2.61517958624012e-06,1.52915465491716e-06,all4,2,2,2,2,3.28594594289325e-06,2.07216712057864e-06,2.5713861990866e-06,4.0005056866999e-06,1.52915465491716e-06,2.61517958624012e-06,0.642836418876478,TRUE,FALSE,FALSE,FALSE,
IL2,Hepatocyte 2,CD8+ T cell 2,5.13516914065531e-06,6.73682597389422e-06,5.93421336838654e-06,1.70718225002251e-06,all4,2,2,2,2,5.93599755727477e-06,3.82069780920452e-06,5.13516914065531e-06,6.73682597389422e-06,1.70718225002251e-06,5.93421336838654e-06,0.623786257069002,TRUE,FALSE,FALSE,FALSE,
IL2,Hepatocyte 2,CD8+ T cell 3,2.8360871549945e-06,1.51257514458498e-05,3.6267276061949e-06,1.20484204331956e-06,all4,2,2,2,2,8.98091930042216e-06,2.41578482475723e-06,2.8360871549945e-06,1.51257514458498e-05,1.20484204331956e-06,3.6267276061949e-06,1.85602558365854,TRUE,FALSE,FALSE,FALSE,
IL2,Hepatocyte 2,Cholangiocyte,7.80393334664592e-07,4.54485672959809e-09,6.53364171798313e-08,1.20647411719815e-07,all4,2,2,2,2,3.92469095697095e-07,9.29919144498231e-08,4.54485672959809e-09,7.80393334664592e-07,6.53364171798313e-08,1.20647411719815e-07,1.39911888435822,TRUE,FALSE,FALSE,FALSE,
IL2,Hepatocyte 2,Hepatocyte 1,1.33690510833768e-07,4.72506185765413e-08,1.40266904063088e-06,1.64310363096393e-07,all4,2,2,2,2,9.04705647051546e-08,7.83489701863637e-07,4.72506185765413e-08,1.33690510833768e-07,1.64310363096393e-07,1.40266904063088e-06,-2.27562622216787,TRUE,FALSE,TRUE,TRUE,AIH
IL2,Hepatocyte 2,Hepatocyte 2,0,0,5.17064631078584e-07,4.82216077629884e-08,all4,2,2,2,2,0,2.82643119420786e-07,0,0,4.82216077629884e-08,5.17064631078584e-07,-2.05094652882025,TRUE,FALSE,TRUE,TRUE,AIH
IL2,Hepatocyte 2,Hepatocyte 3,0,0,4.87246657013509e-08,0,all4,2,2,2,2,0,2.43623328506755e-08,0,0,0,4.87246657013509e-08,-0.345937796750762,TRUE,FALSE,FALSE,FALSE,
IL2,Hepatocyte 2,Hepatocyte 4,0,0,6.22905091311172e-07,1.2719437603905e-07,all4,2,2,2,2,0,3.75049733675111e-07,0,0,1.2719437603905e-07,6.22905091311172e-07,-2.37060957373175,TRUE,FALSE,TRUE,TRUE,AIH
IL2,Hepatocyte 2,Ig+ hepatocyte,0,,5.94172717304392e-08,5.55018068024808e-07,all4,2,2,1,2,0,3.07217669877623e-07,,,5.94172717304392e-08,5.55018068024808e-07,-2.14310433069951,FALSE,FALSE,FALSE,FALSE,
IL2,Hepatocyte 2,IgG+ B cell,0,0,0,1.93741776199024e-08,all4,2,2,2,2,0,9.6870888099512e-09,0,0,0,1.93741776199024e-08,-0.147628895950106,TRUE,FALSE,FALSE,FALSE,
IL2,Hepatocyte 2,IgG+ plasmablast / plasma cell,1.29638066187895e-06,0,3.11783692637479e-07,6.22950898416657e-08,all4,2,2,2,2,6.48190330939473e-07,1.87039391239573e-07,0,1.29638066187895e-06,6.22950898416657e-08,3.11783692637479e-07,1.41420897325793,TRUE,FALSE,FALSE,FALSE,
IL2,Hepatocyte 2,IgM+ B cell,2.0507377087559e-07,4.52047277128393e-07,1.43548555662116e-07,2.25161826806018e-07,all4,2,2,2,2,3.28560524001992e-07,1.84355191234067e-07,2.0507377087559e-07,4.52047277128393e-07,1.43548555662116e-07,2.25161826806018e-07,0.609562496646147,TRUE,FALSE,FALSE,FALSE,
IL2,Hepatocyte 2,Macrophage 1,2.1681778146544e-07,1.14556897766999e-08,1.56154511481998e-06,6.81117602905168e-07,all4,2,2,2,2,1.1413673562107e-07,1.12133135886257e-06,1.14556897766999e-08,2.1681778146544e-07,6.81117602905168e-07,1.56154511481998e-06,-2.56954085727435,TRUE,FALSE,TRUE,TRUE,AIH
IL2,Hepatocyte 2,Macrophage 2,0,1.49483528514865e-08,2.23389560970383e-08,1.59705691114023e-07,all4,2,2,2,2,7.47417642574326e-09,9.10223236055307e-08,0,1.49483528514865e-08,2.23389560970383e-08,1.59705691114023e-07,-0.893721165297937,TRUE,FALSE,TRUE,TRUE,AIH
IL2,Hepatocyte 2,Sinusoidal endothelial cell,2.87155866575207e-07,0,1.31075369492686e-06,6.03791833273017e-07,all4,2,2,2,2,1.43577933287603e-07,9.57272764099937e-07,0,2.87155866575207e-07,6.03791833273017e-07,1.31075369492686e-06,-2.16511460664679,TRUE,FALSE,TRUE,TRUE,AIH
IL2,Hepatocyte 2,Stellate cell,1.99856395425193e-07,1.16705161670533e-07,1.52916142648022e-07,1.06774295214163e-07,all4,2,2,2,2,1.58280778547863e-07,1.29845218931093e-07,1.16705161670533e-07,1.99856395425193e-07,1.06774295214163e-07,1.52916142648022e-07,0.175555414228928,TRUE,FALSE,FALSE,FALSE,
IL2,Hepatocyte 2,Vascular endothelial cell,0,0,2.3243421166884e-08,1.55669023663925e-07,all4,2,2,2,2,0,8.94562224154043e-08,0,0,2.3243421166884e-08,1.55669023663925e-07,-0.996390160454937,TRUE,FALSE,TRUE,TRUE,AIH
IL2,Hepatocyte 3,CD4+ T cell,9.63832893838853e-08,4.31390679818662e-08,4.68026726405734e-07,2.08745030780725e-08,all4,2,2,2,2,6.97611786828758e-08,2.44450614741903e-07,4.31390679818662e-08,9.63832893838853e-08,2.08745030780725e-08,4.68026726405734e-07,-1.06632188624625,TRUE,FALSE,FALSE,FALSE,
IL2,Hepatocyte 3,CD8+ T cell 1,7.25492814168241e-08,1.31656905372126e-06,5.61120562107707e-07,2.75002239293046e-07,all4,2,2,2,2,6.94559167569041e-07,4.18061400700377e-07,7.25492814168241e-08,1.31656905372126e-06,2.75002239293046e-07,5.61120562107707e-07,0.626973901288783,TRUE,FALSE,FALSE,FALSE,
IL2,Hepatocyte 3,CD8+ T cell 2,4.57329501839648e-07,7.56758323180043e-07,7.78182619806862e-07,7.67799833445983e-07,all4,2,2,2,2,6.07043912509846e-07,7.72991226626423e-07,4.57329501839648e-07,7.56758323180043e-07,7.67799833445983e-07,7.78182619806862e-07,-0.308133932091739,TRUE,FALSE,TRUE,TRUE,AIH
IL2,Hepatocyte 3,CD8+ T cell 3,9.46164729559958e-07,1.48787415863901e-06,2.64346539787817e-07,1.90555880586635e-07,all4,2,2,2,2,1.21701944409948e-06,2.27451210187226e-07,9.46164729559958e-07,1.48787415863901e-06,1.90555880586635e-07,2.64346539787817e-07,2.0419987816218,TRUE,TRUE,FALSE,TRUE,irHepatitis
IL2,Hepatocyte 3,Cholangiocyte,9.5070055726817e-08,1.82920485383599e-07,1.33069447846641e-07,4.55370269966097e-08,all4,2,2,2,2,1.38995270555208e-07,8.93032374216255e-08,9.5070055726817e-08,1.82920485383599e-07,4.55370269966097e-08,1.33069447846641e-07,0.35308121079095,TRUE,FALSE,FALSE,FALSE,
IL2,Hepatocyte 3,Hepatocyte 1,2.62129817457489e-08,2.14104490723213e-10,1.18012935569216e-07,8.34375423115798e-08,all4,2,2,2,2,1.3213543118236e-08,1.00725238940398e-07,2.14104490723213e-10,2.62129817457489e-08,8.34375423115798e-08,1.18012935569216e-07,-0.88646951058638,TRUE,FALSE,TRUE,TRUE,AIH
IL2,Hepatocyte 3,Hepatocyte 3,0,0,4.89871198276545e-06,0,all4,2,2,2,2,0,2.44935599138272e-06,0,0,0,4.89871198276545e-06,-4.8198546312903,TRUE,FALSE,FALSE,FALSE,
IL2,Hepatocyte 3,Hepatocyte 4,0,0,5.91527070030646e-08,1.95788509282649e-08,all4,2,2,2,2,0,3.93657789656647e-08,0,0,1.95788509282649e-08,5.91527070030646e-08,-0.523920132948521,TRUE,FALSE,TRUE,TRUE,AIH
IL2,Hepatocyte 3,Ig+ hepatocyte,0,,4.76769198446658e-07,6.87034404733894e-10,all4,2,2,1,2,0,2.38728116425696e-07,,,6.87034404733894e-10,4.76769198446658e-07,-1.86999791400996,FALSE,FALSE,FALSE,FALSE,
IL2,Hepatocyte 3,IgG+ plasmablast / plasma cell,6.17212783247357e-08,0,3.95390477562443e-08,1.51360253415689e-09,all4,2,2,2,2,3.08606391623678e-08,2.05263251452006e-08,0,6.17212783247357e-08,1.51360253415689e-09,3.95390477562443e-08,0.129059920464338,TRUE,FALSE,FALSE,FALSE,
IL2,Hepatocyte 3,IgM+ B cell,3.73449947816915e-09,1.27114996676842e-08,6.85744131184072e-07,1.30234556387075e-09,all4,2,2,2,2,8.2229995729267e-09,3.43523238373971e-07,3.73449947816915e-09,1.27114996676842e-08,1.30234556387075e-09,6.85744131184072e-07,-2.14304986086386,TRUE,FALSE,FALSE,FALSE,
IL2,Hepatocyte 3,Macrophage 1,8.22171064753135e-08,2.32760168982608e-08,5.57393948576856e-07,1.17921164739699e-07,all4,2,2,2,2,5.27465616867872e-08,3.37657556658277e-07,2.32760168982608e-08,8.22171064753135e-08,1.17921164739699e-07,5.57393948576856e-07,-1.58363610348449,TRUE,FALSE,TRUE,TRUE,AIH
IL2,Hepatocyte 3,Macrophage 2,0,2.27200944235512e-10,1.2123468374743e-08,4.83805176153679e-08,all4,2,2,2,2,1.13600472117756e-10,3.02519929950554e-08,0,2.27200944235512e-10,1.2123468374743e-08,4.83805176153679e-08,-0.416623264386949,TRUE,FALSE,TRUE,TRUE,AIH
IL2,Hepatocyte 3,Sinusoidal endothelial cell,3.29172642578047e-07,0,6.01164213341128e-07,2.11646268942397e-07,all4,2,2,2,2,1.64586321289024e-07,4.06405241141763e-07,0,3.29172642578047e-07,2.11646268942397e-07,6.01164213341128e-07,-0.963624179432082,TRUE,FALSE,FALSE,FALSE,
IL2,Hepatocyte 3,Stellate cell,1.58002071400951e-08,3.80621470992922e-10,6.59103114488222e-08,1.53539026546995e-08,all4,2,2,2,2,8.09041430554401e-09,4.06321070517608e-08,3.80621470992922e-10,1.58002071400951e-08,1.53539026546995e-08,6.59103114488222e-08,-0.413671718488283,TRUE,FALSE,FALSE,FALSE,
IL2,Hepatocyte 3,Vascular endothelial cell,0,0,2.77087481738295e-09,0,all4,2,2,2,2,0,1.38543740869147e-09,0,0,0,2.77087481738295e-09,-0.0220622548217892,TRUE,FALSE,FALSE,FALSE,
IL2,Hepatocyte 4,CD4+ T cell,1.26487612101285e-06,5.35216144168992e-09,2.37166145540604e-06,1.2797568861245e-06,all4,2,2,2,2,6.35114141227271e-07,1.82570917076527e-06,5.35216144168992e-09,1.26487612101285e-06,1.2797568861245e-06,2.37166145540604e-06,-1.4017153132389,TRUE,FALSE,TRUE,TRUE,AIH
IL2,Hepatocyte 4,CD8+ T cell 1,3.58107884559431e-06,3.17257940028356e-05,5.54026816701667e-06,4.34746513060614e-06,all4,2,2,2,2,1.76534364242149e-05,4.9438666488114e-06,3.58107884559431e-06,3.17257940028356e-05,4.34746513060614e-06,5.54026816701667e-06,1.81756592854916,TRUE,FALSE,FALSE,FALSE,
IL2,Hepatocyte 4,CD8+ T cell 2,0,3.81209217942217e-05,1.73069702107123e-05,3.7450302849756e-06,all4,2,2,2,2,1.90604608971108e-05,1.0526000247844e-05,0,3.81209217942217e-05,3.7450302849756e-06,1.73069702107123e-05,0.851144523403151,TRUE,FALSE,FALSE,FALSE,
IL2,Hepatocyte 4,CD8+ T cell 3,1.09311598469403e-05,0.000102670273997423,1.45458098165674e-05,6.10421666119457e-06,all4,2,2,2,2,5.68007169221815e-05,1.0325013238881e-05,1.09311598469403e-05,0.000102670273997423,6.10421666119457e-06,1.45458098165674e-05,2.44953927378385,TRUE,FALSE,FALSE,FALSE,
IL2,Hepatocyte 4,Cholangiocyte,7.06378499137547e-08,0,3.84669176496672e-07,5.97087757887103e-07,all4,2,2,2,2,3.53189249568774e-08,4.90878467191887e-07,0,7.06378499137547e-08,3.84669176496672e-07,5.97087757887103e-07,-2.21348496783583,TRUE,FALSE,TRUE,TRUE,AIH
IL2,Hepatocyte 4,Hepatocyte 1,9.08185574938893e-09,4.56416837749517e-08,3.19630095178026e-06,4.28245144381054e-07,all4,2,2,2,2,2.73617697621703e-08,1.81227304808066e-06,9.08185574938893e-09,4.56416837749517e-08,4.28245144381054e-07,3.19630095178026e-06,-4.01977950435921,TRUE,FALSE,TRUE,TRUE,AIH
IL2,Hepatocyte 4,Hepatocyte 2,0,0,6.44784596908895e-09,6.69507244440217e-08,all4,2,2,2,2,0,3.66992852065553e-08,0,0,6.44784596908895e-09,6.69507244440217e-08,-0.493850307068036,TRUE,FALSE,TRUE,TRUE,AIH
IL2,Hepatocyte 4,Hepatocyte 3,0,0,1.31148858317386e-07,0,all4,2,2,2,2,0,6.55744291586931e-08,0,0,0,1.31148858317386e-07,-0.790246570382951,TRUE,FALSE,FALSE,FALSE,
IL2,Hepatocyte 4,Hepatocyte 4,0,0,1.06652308915552e-05,8.19355059856441e-07,all4,2,2,2,2,0,5.74229297570583e-06,0,0,8.19355059856441e-07,1.06652308915552e-05,-6.0194854539208,TRUE,FALSE,TRUE,TRUE,AIH
IL2,Hepatocyte 4,Ig+ hepatocyte,0,,2.11645676364121e-06,1.38815064261653e-07,all4,2,2,1,2,0,1.12763591395143e-06,,,1.38815064261653e-07,2.11645676364121e-06,-3.75941655242852,FALSE,FALSE,FALSE,FALSE,
IL2,Hepatocyte 4,IgG+ B cell,0,0,0,1.50307950454833e-09,all4,2,2,2,2,0,7.51539752274167e-10,0,0,0,1.50307950454833e-09,-0.0120096675832364,TRUE,FALSE,FALSE,FALSE,
IL2,Hepatocyte 4,IgG+ plasmablast / plasma cell,0,0,1.18443515084225e-06,3.90923387909889e-07,all4,2,2,2,2,0,7.87679269376069e-07,0,0,3.90923387909889e-07,1.18443515084225e-06,-3.28705613392851,TRUE,FALSE,TRUE,TRUE,AIH
IL2,Hepatocyte 4,IgM+ B cell,1.29131380552293e-08,3.62619993612291e-09,2.82845751895114e-07,4.40105801751819e-07,all4,2,2,2,2,8.2696689956761e-09,3.61475776823467e-07,3.62619993612291e-09,1.29131380552293e-08,2.82845751895114e-07,4.40105801751819e-07,-2.20091563915706,TRUE,FALSE,TRUE,TRUE,AIH
IL2,Hepatocyte 4,Macrophage 1,4.8746467147566e-07,1.53684165619827e-09,4.8228955299946e-06,1.66732459556879e-06,all4,2,2,2,2,2.44500756565929e-07,3.24511006278169e-06,1.53684165619827e-09,4.8746467147566e-07,1.66732459556879e-06,4.8228955299946e-06,-3.31801945972818,TRUE,FALSE,TRUE,TRUE,AIH
IL2,Hepatocyte 4,Macrophage 2,0,1.61259595922184e-09,2.18310637291647e-07,3.54909219751671e-07,all4,2,2,2,2,8.06297979610921e-10,2.86609928521659e-07,0,1.61259595922184e-09,2.18310637291647e-07,3.54909219751671e-07,-2.05334597926382,TRUE,FALSE,TRUE,TRUE,AIH
IL2,Hepatocyte 4,Sinusoidal endothelial cell,3.56260277797083e-08,0,1.45711773771626e-06,1.28013274858571e-06,all4,2,2,2,2,1.78130138898541e-08,1.36862524315098e-06,0,3.56260277797083e-08,1.28013274858571e-06,1.45711773771626e-06,-3.75917673546915,TRUE,FALSE,TRUE,TRUE,AIH
IL2,Hepatocyte 4,Stellate cell,8.08007123339628e-08,6.41214924651181e-10,5.42642792616434e-07,5.16283096364297e-07,all4,2,2,2,2,4.0720963629307e-08,5.29462944490365e-07,6.41214924651181e-10,8.08007123339628e-08,5.16283096364297e-07,5.42642792616434e-07,-2.24535003117847,TRUE,FALSE,TRUE,TRUE,AIH
IL2,Hepatocyte 4,Vascular endothelial cell,0,0,5.74784698490816e-08,1.54455405830296e-08,all4,2,2,2,2,0,3.64620052160556e-08,0,0,1.54455405830296e-08,5.74784698490816e-08,-0.491143903423535,TRUE,FALSE,TRUE,TRUE,AIH
IL2,Ig+ hepatocyte,CD4+ T cell,0,,9.80452804686139e-07,4.80124417581699e-07,all4,2,2,1,2,0,7.30288611133919e-07,,,4.80124417581699e-07,9.80452804686139e-07,-3.18948304011845,FALSE,FALSE,FALSE,FALSE,
IL2,Ig+ hepatocyte,CD8+ T cell 1,0,,2.40859518067747e-06,1.2214426988602e-06,all4,2,2,1,2,0,1.81501893976883e-06,,,1.2214426988602e-06,2.40859518067747e-06,-4.40517944830812,FALSE,FALSE,FALSE,FALSE,
IL2,Ig+ hepatocyte,CD8+ T cell 2,0,,3.3999010659255e-06,3.86393836631921e-07,all4,2,2,1,2,0,1.89314745127871e-06,,,3.86393836631921e-07,3.3999010659255e-06,-4.46316887357113,FALSE,FALSE,FALSE,FALSE,
IL2,Ig+ hepatocyte,CD8+ T cell 3,0,,3.25359096428039e-07,7.65914231608161e-07,all4,2,2,1,2,0,5.456366640181e-07,,,3.25359096428039e-07,7.65914231608161e-07,-2.82150553448892,FALSE,FALSE,FALSE,FALSE,
IL2,Ig+ hepatocyte,Cholangiocyte,0,,3.77635341822661e-07,3.69628052590328e-08,all4,2,2,1,2,0,2.07299073540847e-07,,,3.69628052590328e-08,3.77635341822661e-07,-1.72497420231554,FALSE,FALSE,FALSE,FALSE,
IL2,Ig+ hepatocyte,Hepatocyte 1,0,,7.85143254097909e-07,1.6246894104718e-07,all4,2,2,1,2,0,4.73806097572544e-07,,,1.6246894104718e-07,7.85143254097909e-07,-2.6484749635633,FALSE,FALSE,FALSE,FALSE,
IL2,Ig+ hepatocyte,Hepatocyte 2,0,,1.26526545815074e-07,5.85261855597181e-08,all4,2,2,1,2,0,9.25263656873958e-08,,,5.85261855597181e-08,1.26526545815074e-07,-1.02087586234487,FALSE,FALSE,FALSE,FALSE,
IL2,Ig+ hepatocyte,Hepatocyte 3,0,,2.85416909568739e-07,0,all4,2,2,1,2,0,1.42708454784369e-07,,,0,2.85416909568739e-07,-1.3714556341004,FALSE,FALSE,FALSE,FALSE,
IL2,Ig+ hepatocyte,Hepatocyte 4,0,,3.62584381506136e-06,6.24507645439326e-09,all4,2,2,1,2,0,1.81604444575787e-06,,,6.24507645439326e-09,3.62584381506136e-06,-4.40595590653423,FALSE,FALSE,FALSE,FALSE,
IL2,Ig+ hepatocyte,Ig+ hepatocyte,0,,1.65498729901318e-06,3.82108544153463e-07,all4,2,2,1,2,0,1.01854792158332e-06,,,3.82108544153463e-07,1.65498729901318e-06,-3.62399386342062,FALSE,FALSE,FALSE,FALSE,
IL2,Ig+ hepatocyte,IgG+ plasmablast / plasma cell,0,,2.0961587635394e-06,1.04580420256375e-08,all4,2,2,1,2,0,1.05330840278252e-06,,,1.04580420256375e-08,2.0961587635394e-06,-3.66854107907338,FALSE,FALSE,FALSE,FALSE,
IL2,Ig+ hepatocyte,IgM+ B cell,0,,1.50330034867649e-07,3.86126976131403e-08,all4,2,2,1,2,0,9.44713662403946e-08,,,3.86126976131403e-08,1.50330034867649e-07,-1.03617575881632,FALSE,FALSE,FALSE,FALSE,
IL2,Ig+ hepatocyte,Macrophage 1,0,,7.48853872951292e-07,6.56177651115539e-07,all4,2,2,1,2,0,7.02515762033415e-07,,,6.56177651115539e-07,7.48853872951292e-07,-3.13978525008505,FALSE,FALSE,FALSE,FALSE,
IL2,Ig+ hepatocyte,Macrophage 2,0,,6.73505534144731e-08,8.66573658692008e-08,all4,2,2,1,2,0,7.70039596418369e-08,,,6.73505534144731e-08,8.66573658692008e-08,-0.89258388977116,FALSE,FALSE,FALSE,FALSE,
IL2,Ig+ hepatocyte,Sinusoidal endothelial cell,0,,8.39864097543585e-07,7.96752001709546e-07,all4,2,2,1,2,0,8.18308049626566e-07,,,7.96752001709546e-07,8.39864097543585e-07,-3.33654920251527,FALSE,FALSE,FALSE,FALSE,
IL2,Ig+ hepatocyte,Stellate cell,0,,1.59477165806127e-07,1.0628361234639e-07,all4,2,2,1,2,0,1.32880389076259e-07,,,1.0628361234639e-07,1.59477165806127e-07,-1.30917586353813,FALSE,FALSE,FALSE,FALSE,
IL2,Ig+ hepatocyte,Vascular endothelial cell,0,,1.18046935968529e-07,1.31864908044742e-07,all4,2,2,1,2,0,1.24955922006636e-07,,,1.18046935968529e-07,1.31864908044742e-07,-1.25692449653634,FALSE,FALSE,FALSE,FALSE,
IL2,IgG+ B cell,CD4+ T cell,9.87775103024456e-07,0,9.65469895026558e-07,9.35783303856709e-07,all4,2,2,2,2,4.93887551512228e-07,9.50626599441634e-07,0,9.87775103024456e-07,9.35783303856709e-07,9.65469895026558e-07,-0.833792446099379,TRUE,FALSE,FALSE,FALSE,
IL2,IgG+ B cell,CD8+ T cell 1,2.72648777531484e-06,2.77511370073598e-08,9.12494114859547e-07,5.46341239161972e-07,all4,2,2,2,2,1.3771194561611e-06,7.2941767701076e-07,2.77511370073598e-08,2.72648777531484e-06,5.46341239161972e-07,9.12494114859547e-07,0.840388824116938,TRUE,FALSE,FALSE,FALSE,
IL2,IgG+ B cell,CD8+ T cell 2,0,0,3.4128517040349e-07,2.26287883300822e-07,all4,2,2,2,2,0,2.83786526852156e-07,0,0,2.26287883300822e-07,3.4128517040349e-07,-2.05536759379647,TRUE,FALSE,TRUE,TRUE,AIH
IL2,IgG+ B cell,CD8+ T cell 3,3.88752802850009e-06,0,7.23956897970101e-07,7.84087844331546e-07,all4,2,2,2,2,1.94376401425004e-06,7.54022371150823e-07,0,3.88752802850009e-06,7.23956897970101e-07,7.84087844331546e-07,1.26889357052853,TRUE,FALSE,FALSE,FALSE,
IL2,IgG+ B cell,Cholangiocyte,6.78548389187556e-07,0,2.2609310536601e-07,2.36027367259811e-07,all4,2,2,2,2,3.39274194593778e-07,2.3106023631291e-07,0,6.78548389187556e-07,2.2609310536601e-07,2.36027367259811e-07,0.419162441107245,TRUE,FALSE,FALSE,FALSE,
IL2,IgG+ B cell,Hepatocyte 1,3.88352036667912e-08,4.08628454888461e-09,2.75700672896133e-07,4.88814178005469e-08,all4,2,2,2,2,2.14607441078379e-08,1.6229104534834e-07,4.08628454888461e-09,3.88352036667912e-08,4.88814178005469e-08,2.75700672896133e-07,-1.17923596660291,TRUE,FALSE,TRUE,TRUE,AIH
IL2,IgG+ B cell,Hepatocyte 2,0,0,2.09353436512835e-10,5.71717525702278e-09,all4,2,2,2,2,0,2.96326434676781e-09,0,0,2.09353436512835e-10,5.71717525702278e-09,-0.0467840255061035,TRUE,FALSE,TRUE,TRUE,AIH
IL2,IgG+ B cell,Hepatocyte 4,0,0,1.16690750388637e-08,4.48269186891527e-08,all4,2,2,2,2,0,2.82479968640082e-08,0,0,1.16690750388637e-08,4.48269186891527e-08,-0.394180761155425,TRUE,FALSE,TRUE,TRUE,AIH
IL2,IgG+ B cell,Ig+ hepatocyte,0,,1.68730038935384e-07,1.92448189863077e-07,all4,2,2,1,2,0,1.80589114399231e-07,,,1.68730038935384e-07,1.92448189863077e-07,-1.58911779101907,FALSE,FALSE,FALSE,FALSE,
IL2,IgG+ B cell,IgG+ B cell,0,0,0,1.1949345668459e-07,all4,2,2,2,2,0,5.97467283422949e-08,0,0,0,1.1949345668459e-07,-0.735132002768996,TRUE,FALSE,FALSE,FALSE,
IL2,IgG+ B cell,IgG+ plasmablast / plasma cell,7.53029403413077e-08,0,2.38716952722038e-07,2.99470193075018e-07,all4,2,2,2,2,3.76514701706539e-08,2.69093572898528e-07,0,7.53029403413077e-08,2.38716952722038e-07,2.99470193075018e-07,-1.49283784005206,TRUE,FALSE,TRUE,TRUE,AIH
IL2,IgG+ B cell,IgM+ B cell,5.43631045609921e-07,0,2.84385261900024e-07,1.15126996107655e-06,all4,2,2,2,2,2.7181552280496e-07,7.17827611488289e-07,0,5.43631045609921e-07,2.84385261900024e-07,1.15126996107655e-06,-1.15900106893001,TRUE,FALSE,FALSE,FALSE,
IL2,IgG+ B cell,Macrophage 1,1.98741484966988e-06,0,1.61202880144928e-07,1.97510242954356e-07,all4,2,2,2,2,9.93707424834942e-07,1.79356561549642e-07,0,1.98741484966988e-06,1.61202880144928e-07,1.97510242954356e-07,2.00876632998868,TRUE,FALSE,FALSE,FALSE,
IL2,IgG+ B cell,Macrophage 2,0,7.11048646009304e-09,1.59392680636958e-08,8.38026032548415e-08,all4,2,2,2,2,3.55524323004652e-09,4.98709356592686e-08,0,7.11048646009304e-09,1.59392680636958e-08,8.38026032548415e-08,-0.580688366960937,TRUE,FALSE,TRUE,TRUE,AIH
IL2,IgG+ B cell,Sinusoidal endothelial cell,0,0,1.4455444420416e-07,1.4183204937644e-07,all4,2,2,2,2,0,1.431932467903e-07,0,0,1.4183204937644e-07,1.4455444420416e-07,-1.37445923288281,TRUE,FALSE,TRUE,TRUE,AIH
IL2,IgG+ B cell,Stellate cell,8.11004103847454e-08,0,1.65160233085747e-07,2.93271082345564e-08,all4,2,2,2,2,4.05502051923727e-08,9.72436706601515e-08,0,8.11004103847454e-08,2.93271082345564e-08,1.65160233085747e-07,-0.520628366863029,TRUE,FALSE,FALSE,FALSE,
IL2,IgG+ B cell,Vascular endothelial cell,0,0,1.38151943613325e-07,1.07075732047685e-07,all4,2,2,2,2,0,1.22613837830505e-07,0,0,1.07075732047685e-07,1.38151943613325e-07,-1.24111215217777,TRUE,FALSE,TRUE,TRUE,AIH
IL2,IgG+ plasmablast / plasma cell,CD4+ T cell,1.30255733997538e-05,5.14293927258745e-06,3.07767528008921e-06,3.84444631092087e-06,all4,2,2,2,2,9.08425633617064e-06,3.46106079550504e-06,5.14293927258745e-06,1.30255733997538e-05,3.07767528008921e-06,3.84444631092087e-06,1.36936467197491,TRUE,TRUE,FALSE,TRUE,irHepatitis
IL2,IgG+ plasmablast / plasma cell,CD8+ T cell 1,8.18720553018297e-06,3.92229104113241e-06,3.72276830301503e-06,3.66463210481944e-06,all4,2,2,2,2,6.05474828565769e-06,3.69370020391724e-06,3.92229104113241e-06,8.18720553018297e-06,3.66463210481944e-06,3.72276830301503e-06,0.699569964001872,TRUE,TRUE,FALSE,TRUE,irHepatitis
IL2,IgG+ plasmablast / plasma cell,CD8+ T cell 2,1.94661526964928e-07,9.23390988652222e-07,2.68767570284078e-06,2.33489033911406e-06,all4,2,2,2,2,5.59026257808575e-07,2.51128302097742e-06,1.94661526964928e-07,9.23390988652222e-07,2.33489033911406e-06,2.68767570284078e-06,-2.00303216167891,TRUE,FALSE,TRUE,TRUE,AIH
IL2,IgG+ plasmablast / plasma cell,CD8+ T cell 3,7.8586962980238e-06,3.70937998034879e-06,2.45942989813562e-06,4.39168539291455e-06,all4,2,2,2,2,5.7840381391863e-06,3.42555764552509e-06,3.70937998034879e-06,7.8586962980238e-06,2.45942989813562e-06,4.39168539291455e-06,0.740614640696725,TRUE,FALSE,FALSE,FALSE,
IL2,IgG+ plasmablast / plasma cell,Cholangiocyte,9.49073984216533e-07,0,1.03293510274796e-06,7.71414919324505e-07,all4,2,2,2,2,4.74536992108267e-07,9.02175011036235e-07,0,9.49073984216533e-07,7.71414919324505e-07,1.03293510274796e-06,-0.813630523028819,TRUE,FALSE,FALSE,FALSE,
IL2,IgG+ plasmablast / plasma cell,Hepatocyte 1,9.47372583653641e-08,0,6.32153879998452e-07,2.19257413185646e-07,all4,2,2,2,2,4.73686291826821e-08,4.25705646592049e-07,0,9.47372583653641e-08,2.19257413185646e-07,6.32153879998452e-07,-1.90922311869469,TRUE,FALSE,TRUE,TRUE,AIH
IL2,IgG+ plasmablast / plasma cell,Hepatocyte 2,0,0,6.3601386842579e-08,2.56338100615815e-08,all4,2,2,2,2,0,4.46175984520802e-08,0,0,2.56338100615815e-08,6.3601386842579e-08,-0.581372236366825,TRUE,FALSE,TRUE,TRUE,AIH
IL2,IgG+ plasmablast / plasma cell,Hepatocyte 3,0,0,1.13189099077829e-08,0,all4,2,2,2,2,0,5.65945495389144e-09,0,0,0,1.13189099077829e-08,-0.0880722115299096,TRUE,FALSE,FALSE,FALSE,
IL2,IgG+ plasmablast / plasma cell,Hepatocyte 4,0,0,8.52472618657729e-07,2.73081783418778e-07,all4,2,2,2,2,0,5.62777201038253e-07,0,0,2.73081783418778e-07,8.52472618657729e-07,-2.85989949041687,TRUE,FALSE,TRUE,TRUE,AIH
IL2,IgG+ plasmablast / plasma cell,Ig+ hepatocyte,0,,5.50867314615487e-07,1.25455359313329e-06,all4,2,2,1,2,0,9.02710453874388e-07,,,5.50867314615487e-07,1.25455359313329e-06,-3.46475327459806,FALSE,FALSE,FALSE,FALSE,
IL2,IgG+ plasmablast / plasma cell,IgG+ B cell,0,0,0,2.16471158100888e-08,all4,2,2,2,2,0,1.08235579050444e-08,0,0,0,2.16471158100888e-08,-0.16399851676326,TRUE,FALSE,FALSE,FALSE,
IL2,IgG+ plasmablast / plasma cell,IgG+ plasmablast / plasma cell,0,0,2.1257755281688e-06,1.26768540211098e-06,all4,2,2,2,2,0,1.69673046513989e-06,0,0,1.26768540211098e-06,2.1257755281688e-06,-4.31269138767541,TRUE,FALSE,TRUE,TRUE,AIH
IL2,IgG+ plasmablast / plasma cell,IgM+ B cell,3.29959196577003e-06,0,1.54982906653607e-06,1.88451720999542e-06,all4,2,2,2,2,1.64979598288502e-06,1.71717313826575e-06,0,3.29959196577003e-06,1.54982906653607e-06,1.88451720999542e-06,-0.0548195128981245,TRUE,FALSE,FALSE,FALSE,
IL2,IgG+ plasmablast / plasma cell,Macrophage 1,9.29718827641002e-07,0,1.33580374792115e-06,1.23657391202784e-06,all4,2,2,2,2,4.64859413820501e-07,1.2861888299745e-06,0,9.29718827641002e-07,1.23657391202784e-06,1.33580374792115e-06,-1.31063080097339,TRUE,FALSE,TRUE,TRUE,AIH
IL2,IgG+ plasmablast / plasma cell,Macrophage 2,0,4.37377590720689e-07,1.84174899187368e-07,3.34892511359168e-07,all4,2,2,2,2,2.18688795360345e-07,2.59533705273268e-07,0,4.37377590720689e-07,1.84174899187368e-07,3.34892511359168e-07,-0.179330046901938,TRUE,FALSE,FALSE,FALSE,
IL2,IgG+ plasmablast / plasma cell,Sinusoidal endothelial cell,0,0,7.7765962884406e-07,8.83046267654603e-07,all4,2,2,2,2,0,8.30352948249331e-07,0,0,7.7765962884406e-07,8.83046267654603e-07,-3.35555672953895,TRUE,FALSE,TRUE,TRUE,AIH
IL2,IgG+ plasmablast / plasma cell,Stellate cell,8.19308905130702e-07,5.1795210281984e-07,6.19311199652561e-07,5.19231193693303e-07,all4,2,2,2,2,6.68630503975271e-07,5.69271196672932e-07,5.1795210281984e-07,8.19308905130702e-07,5.19231193693303e-07,6.19311199652561e-07,0.202552397361744,TRUE,FALSE,FALSE,FALSE,
IL2,IgG+ plasmablast / plasma cell,Vascular endothelial cell,0,0,6.54264998603258e-07,2.83581383637488e-07,all4,2,2,2,2,0,4.68923191120373e-07,0,0,2.83581383637488e-07,6.54264998603258e-07,-2.63592380884573,TRUE,FALSE,TRUE,TRUE,AIH
IL2,IgM+ B cell,CD4+ T cell,2.83676332344788e-05,1.48759739366505e-06,4.81762435024242e-06,7.27941926766703e-06,all4,2,2,2,2,1.49276153140719e-05,6.04852180895472e-06,1.48759739366505e-06,2.83676332344788e-05,4.81762435024242e-06,7.27941926766703e-06,1.2907056695924,TRUE,FALSE,FALSE,FALSE,
IL2,IgM+ B cell,CD8+ T cell 1,1.23516959192588e-05,2.22122844924212e-06,1.96711705058992e-06,2.41877270676642e-06,all4,2,2,2,2,7.28646218425046e-06,2.19294487867817e-06,2.22122844924212e-06,1.23516959192588e-05,1.96711705058992e-06,2.41877270676642e-06,1.69207423164861,TRUE,FALSE,FALSE,FALSE,
IL2,IgM+ B cell,CD8+ T cell 2,8.11221723042918e-08,7.09758496813142e-07,1.39021256019238e-06,1.6364651440506e-06,all4,2,2,2,2,3.95440334558717e-07,1.51333885212149e-06,8.11221723042918e-08,7.09758496813142e-07,1.39021256019238e-06,1.6364651440506e-06,-1.72390915518525,TRUE,FALSE,TRUE,TRUE,AIH
IL2,IgM+ B cell,CD8+ T cell 3,1.84869353121816e-05,5.55326084336594e-07,2.59987820008397e-06,1.3059798087342e-06,all4,2,2,2,2,9.5211306982591e-06,1.95292900440908e-06,5.55326084336594e-07,1.84869353121816e-05,1.3059798087342e-06,2.59987820008397e-06,2.23411960763295,TRUE,FALSE,FALSE,FALSE,
IL2,IgM+ B cell,Cholangiocyte,1.72720823983591e-06,2.83993163934198e-09,1.03427346178533e-06,1.00489348456087e-06,all4,2,2,2,2,8.65024085737626e-07,1.0195834731731e-06,2.83993163934198e-09,1.72720823983591e-06,1.00489348456087e-06,1.03427346178533e-06,-0.216429052238744,TRUE,FALSE,FALSE,FALSE,
IL2,IgM+ B cell,Hepatocyte 1,4.34842386991438e-08,0,1.52138096694466e-07,5.67482812270833e-08,all4,2,2,2,2,2.17421193495719e-08,1.04443188960774e-07,0,4.34842386991438e-08,5.67482812270833e-08,1.52138096694466e-07,-0.799694476902279,TRUE,FALSE,TRUE,TRUE,AIH
IL2,IgM+ B cell,Hepatocyte 2,0,0,2.40768319416089e-08,3.8722813982188e-11,all4,2,2,2,2,0,1.20577773777955e-08,0,0,3.8722813982188e-11,2.40768319416089e-08,-0.181568229092129,TRUE,FALSE,TRUE,TRUE,AIH
IL2,IgM+ B cell,Hepatocyte 3,0,0,6.21479178292426e-07,0,all4,2,2,2,2,0,3.10739589146213e-07,0,0,0,6.21479178292426e-07,-2.15584258511518,TRUE,FALSE,FALSE,FALSE,
IL2,IgM+ B cell,Hepatocyte 4,0,0,3.7343731266846e-07,2.56094561205153e-07,all4,2,2,2,2,0,3.14765936936806e-07,0,0,2.56094561205153e-07,3.7343731266846e-07,-2.17026881164663,TRUE,FALSE,TRUE,TRUE,AIH
IL2,IgM+ B cell,Ig+ hepatocyte,0,,1.53843845036188e-07,5.07813317853695e-08,all4,2,2,1,2,0,1.02312588410779e-07,,,5.07813317853695e-08,1.53843845036188e-07,-1.09626218808969,FALSE,FALSE,FALSE,FALSE,
IL2,IgM+ B cell,IgG+ B cell,0,0,0,2.13348590741862e-07,all4,2,2,2,2,0,1.06674295370931e-07,0,0,0,2.13348590741862e-07,-1.12863311835677,TRUE,FALSE,FALSE,FALSE,
IL2,IgM+ B cell,IgG+ plasmablast / plasma cell,1.42431722941717e-06,0,5.86191908721338e-07,7.38862369451854e-07,all4,2,2,2,2,7.12158614708586e-07,6.62527139086596e-07,0,1.42431722941717e-06,5.86191908721338e-07,7.38862369451854e-07,0.0921551257959987,TRUE,FALSE,FALSE,FALSE,
IL2,IgM+ B cell,IgM+ B cell,1.25095653097195e-06,0,3.46196001456464e-06,1.16609507276154e-05,all4,2,2,2,2,6.25478265485975e-07,7.56145537109e-06,0,1.25095653097195e-06,3.46196001456464e-06,1.16609507276154e-05,-3.41892694808116,TRUE,FALSE,TRUE,TRUE,AIH
IL2,IgM+ B cell,Macrophage 1,1.00730390581161e-06,0,5.98638656411338e-07,6.14900559991754e-07,all4,2,2,2,2,5.03651952905805e-07,6.06769608201546e-07,0,1.00730390581161e-06,5.98638656411338e-07,6.14900559991754e-07,-0.231098309647457,TRUE,FALSE,FALSE,FALSE,
IL2,IgM+ B cell,Macrophage 2,0,0,3.7765911119229e-07,1.92991478010065e-07,all4,2,2,2,2,0,2.85325294601177e-07,0,0,1.92991478010065e-07,3.7765911119229e-07,-2.0612960425479,TRUE,FALSE,TRUE,TRUE,AIH
IL2,IgM+ B cell,Sinusoidal endothelial cell,2.19745049044521e-09,0,1.8035498868198e-07,1.17372561810349e-07,all4,2,2,2,2,1.09872524522261e-09,1.48863775246165e-07,0,2.19745049044521e-09,1.17372561810349e-07,1.8035498868198e-07,-1.39161103714813,TRUE,FALSE,TRUE,TRUE,AIH
IL2,IgM+ B cell,Stellate cell,4.53658710496251e-06,5.66822452817882e-07,5.34921303921921e-07,2.07528744483804e-07,all4,2,2,2,2,2.5517047788902e-06,3.71225024202862e-07,5.66822452817882e-07,4.53658710496251e-06,2.07528744483804e-07,5.34921303921921e-07,2.51817037455425,TRUE,TRUE,FALSE,TRUE,irHepatitis
IL2,IgM+ B cell,Vascular endothelial cell,0,0,8.6114283815061e-07,1.92305769103727e-07,all4,2,2,2,2,0,5.26724303627169e-07,0,0,1.92305769103727e-07,8.6114283815061e-07,-2.77792231904569,TRUE,FALSE,TRUE,TRUE,AIH
IL2,Macrophage 1,CD4+ T cell,1.06396393025478e-05,1.10169824133819e-06,4.40256261519168e-06,3.59660029709556e-06,all4,2,2,2,2,5.87066877194298e-06,3.99958145614362e-06,1.10169824133819e-06,1.06396393025478e-05,3.59660029709556e-06,4.40256261519168e-06,0.543531463512476,TRUE,FALSE,FALSE,FALSE,
IL2,Macrophage 1,CD8+ T cell 1,1.43522701248497e-05,2.15311121149237e-05,9.80426362553733e-06,9.86001598116349e-06,all4,2,2,2,2,1.79416911198867e-05,9.83213980335041e-06,1.43522701248497e-05,2.15311121149237e-05,9.80426362553733e-06,9.86001598116349e-06,0.861817692359654,TRUE,TRUE,FALSE,TRUE,irHepatitis
IL2,Macrophage 1,CD8+ T cell 2,2.10197625563523e-05,2.61241127706897e-05,1.26515528976754e-05,8.95045477220445e-06,all4,2,2,2,2,2.3571937663521e-05,1.08010038349399e-05,2.10197625563523e-05,2.61241127706897e-05,8.95045477220445e-06,1.26515528976754e-05,1.11943803623458,TRUE,TRUE,FALSE,TRUE,irHepatitis
IL2,Macrophage 1,CD8+ T cell 3,3.20202383077517e-05,8.27297834149762e-05,1.18204686164195e-05,1.23318622304604e-05,all4,2,2,2,2,5.7375010861364e-05,1.207616542344e-05,3.20202383077517e-05,8.27297834149762e-05,1.18204686164195e-05,1.23318622304604e-05,2.23981810002187,TRUE,TRUE,FALSE,TRUE,irHepatitis
IL2,Macrophage 1,Cholangiocyte,4.72610617479157e-06,3.3426189879935e-07,8.8468496456849e-07,7.59310036083063e-07,all4,2,2,2,2,2.53018403679546e-06,8.21997500325777e-07,3.3426189879935e-07,4.72610617479157e-06,7.59310036083063e-07,8.8468496456849e-07,1.52266375993076,TRUE,FALSE,FALSE,FALSE,
IL2,Macrophage 1,Hepatocyte 1,4.69063052200909e-07,1.60548342579794e-07,3.26971578448191e-06,7.36580116960142e-07,all4,2,2,2,2,3.14805697390352e-07,2.00314795072103e-06,1.60548342579794e-07,4.69063052200909e-07,7.36580116960142e-07,3.26971578448191e-06,-2.37064426965992,TRUE,FALSE,TRUE,TRUE,AIH
IL2,Macrophage 1,Hepatocyte 2,0,0,3.67335088113795e-07,1.20536650879326e-07,all4,2,2,2,2,0,2.4393586949656e-07,0,0,1.20536650879326e-07,3.67335088113795e-07,-1.8926805896356,TRUE,FALSE,TRUE,TRUE,AIH
IL2,Macrophage 1,Hepatocyte 3,0,0,2.64332540116724e-07,0,all4,2,2,2,2,0,1.32166270058362e-07,0,0,0,2.64332540116724e-07,-1.30454401564481,TRUE,FALSE,FALSE,FALSE,
IL2,Macrophage 1,Hepatocyte 4,0,0,3.07287317653958e-06,6.08553387440417e-07,all4,2,2,2,2,0,1.84071328199e-06,0,0,6.08553387440417e-07,3.07287317653958e-06,-4.4245089935884,TRUE,FALSE,TRUE,TRUE,AIH
IL2,Macrophage 1,Ig+ hepatocyte,0,,1.15958384916159e-06,6.0070501064774e-07,all4,2,2,1,2,0,8.80144429904663e-07,,,6.0070501064774e-07,1.15958384916159e-06,-3.43157664135863,FALSE,FALSE,FALSE,FALSE,
IL2,Macrophage 1,IgG+ B cell,0,0,0,2.99775146347709e-08,all4,2,2,2,2,0,1.49887573173855e-08,0,0,0,2.99775146347709e-08,-0.222454244616671,TRUE,FALSE,FALSE,FALSE,
IL2,Macrophage 1,IgG+ plasmablast / plasma cell,4.78079976364505e-06,0,1.6046707813374e-06,7.76529469986206e-07,all4,2,2,2,2,2.39039988182253e-06,1.1906001256618e-06,0,4.78079976364505e-06,7.76529469986206e-07,1.6046707813374e-06,0.953804128255896,TRUE,FALSE,FALSE,FALSE,
IL2,Macrophage 1,IgM+ B cell,2.59964606205633e-06,7.97465253345994e-06,1.70541210435784e-06,1.74504562814067e-06,all4,2,2,2,2,5.28714929775813e-06,1.72522886624925e-06,2.59964606205633e-06,7.97465253345994e-06,1.70541210435784e-06,1.74504562814067e-06,1.56673978661222,TRUE,TRUE,FALSE,TRUE,irHepatitis
IL2,Macrophage 1,Macrophage 1,6.12988970699413e-06,2.22217161520279e-06,5.81303391185589e-06,5.25727300863668e-06,all4,2,2,2,2,4.17603066109846e-06,5.53515346024628e-06,2.22217161520279e-06,6.12988970699413e-06,5.25727300863668e-06,5.81303391185589e-06,-0.399005836044887,TRUE,FALSE,FALSE,FALSE,
IL2,Macrophage 1,Macrophage 2,0,4.56678029401752e-07,1.76182716776621e-07,6.43106376496238e-07,all4,2,2,2,2,2.28339014700876e-07,4.0964454663643e-07,0,4.56678029401752e-07,1.76182716776621e-07,6.43106376496238e-07,-0.650493448947752,TRUE,FALSE,FALSE,FALSE,
IL2,Macrophage 1,Sinusoidal endothelial cell,5.43129595357026e-08,0,5.0085957384728e-06,3.26931727435316e-06,all4,2,2,2,2,2.71564797678513e-08,4.13895650641298e-06,0,5.43129595357026e-08,3.26931727435316e-06,5.0085957384728e-06,-5.17492410320969,TRUE,FALSE,TRUE,TRUE,AIH
IL2,Macrophage 1,Stellate cell,3.27629833866898e-06,8.31943153993311e-08,1.15380974810021e-06,1.05313365891149e-06,all4,2,2,2,2,1.67974632703416e-06,1.10347170350585e-06,8.31943153993311e-08,3.27629833866898e-06,1.05313365891149e-06,1.15380974810021e-06,0.568415390389723,TRUE,FALSE,FALSE,FALSE,
IL2,Macrophage 1,Vascular endothelial cell,0,0,5.01437434937559e-07,1.84075806525873e-07,all4,2,2,2,2,0,3.42756620731716e-07,0,0,1.84075806525873e-07,5.01437434937559e-07,-2.26675859144413,TRUE,FALSE,TRUE,TRUE,AIH
IL2,Macrophage 2,CD4+ T cell,1.01469261955929e-05,4.20867076521924e-06,3.1388514478216e-06,3.76867738049869e-06,all4,2,2,2,2,7.17779848040608e-06,3.45376441416015e-06,4.20867076521924e-06,1.01469261955929e-05,3.1388514478216e-06,3.76867738049869e-06,1.03625541710321,TRUE,TRUE,FALSE,TRUE,irHepatitis
IL2,Macrophage 2,CD8+ T cell 1,8.69881689877813e-06,7.10616682700259e-06,2.90735884385816e-06,3.91070428044088e-06,all4,2,2,2,2,7.90249186289036e-06,3.40903156214952e-06,7.10616682700259e-06,8.69881689877813e-06,2.90735884385816e-06,3.91070428044088e-06,1.19171158095622,TRUE,TRUE,FALSE,TRUE,irHepatitis
IL2,Macrophage 2,CD8+ T cell 2,7.01254305234029e-06,1.40006265771611e-05,1.44916905229437e-06,3.64643500536525e-06,all4,2,2,2,2,1.05065848147507e-05,2.54780202882981e-06,7.01254305234029e-06,1.40006265771611e-05,1.44916905229437e-06,3.64643500536525e-06,2.00622996396137,TRUE,TRUE,FALSE,TRUE,irHepatitis
IL2,Macrophage 2,CD8+ T cell 3,1.6804390321296e-05,1.77916752674869e-05,2.86790791852055e-06,3.94435885904923e-06,all4,2,2,2,2,1.72980327943915e-05,3.40613338878489e-06,1.6804390321296e-05,1.77916752674869e-05,2.86790791852055e-06,3.94435885904923e-06,2.31429371829559,TRUE,TRUE,FALSE,TRUE,irHepatitis
IL2,Macrophage 2,Cholangiocyte,1.50165466201063e-06,3.66020282498411e-07,9.78058648512902e-07,7.99572730036202e-07,all4,2,2,2,2,9.33837472254519e-07,8.88815689274552e-07,3.66020282498411e-07,1.50165466201063e-06,7.99572730036202e-07,9.78058648512902e-07,0.0648837039565062,TRUE,FALSE,FALSE,FALSE,
IL2,Macrophage 2,Hepatocyte 1,7.41737503889019e-08,1.46472623734539e-08,4.64041985798183e-07,2.96126280187469e-07,all4,2,2,2,2,4.44105063811779e-08,3.80084132992826e-07,1.46472623734539e-08,7.41737503889019e-08,2.96126280187469e-07,4.64041985798183e-07,-1.80699712242055,TRUE,FALSE,TRUE,TRUE,AIH
IL2,Macrophage 2,Hepatocyte 2,0,0,6.31739958133357e-09,6.67580611212903e-08,all4,2,2,2,2,0,3.65377303513119e-08,0,0,6.31739958133357e-09,6.67580611212903e-08,-0.492008172227194,TRUE,FALSE,TRUE,TRUE,AIH
IL2,Macrophage 2,Hepatocyte 3,0,0,2.67058415548752e-09,0,all4,2,2,2,2,0,1.33529207774376e-09,0,0,0,2.67058415548752e-09,-0.0212695776992216,TRUE,FALSE,FALSE,FALSE,
IL2,Macrophage 2,Hepatocyte 4,0,0,3.24654860332971e-07,1.6839865413807e-07,all4,2,2,2,2,0,2.46526757235521e-07,0,0,1.6839865413807e-07,3.24654860332971e-07,-1.90383388145286,TRUE,FALSE,TRUE,TRUE,AIH
IL2,Macrophage 2,Ig+ hepatocyte,0,,3.63010494693011e-07,8.46571337687272e-07,all4,2,2,1,2,0,6.04790916190142e-07,,,3.63010494693011e-07,8.46571337687272e-07,-2.94990033316709,FALSE,FALSE,FALSE,FALSE,
IL2,Macrophage 2,IgG+ B cell,0,0,0,2.95921547157883e-08,all4,2,2,2,2,0,1.47960773578941e-08,0,0,0,2.95921547157883e-08,-0.219801727183005,TRUE,FALSE,FALSE,FALSE,
IL2,Macrophage 2,IgG+ plasmablast / plasma cell,1.60243787250646e-05,0,7.99807085544999e-07,5.41459186508964e-07,all4,2,2,2,2,8.0121893625323e-06,6.70633136026982e-07,0,1.60243787250646e-05,5.41459186508964e-07,7.99807085544999e-07,3.41320140363173,TRUE,FALSE,FALSE,FALSE,
IL2,Macrophage 2,IgM+ B cell,6.91148793016372e-06,2.45387163345202e-06,9.98761095322744e-07,2.08238789246599e-06,all4,2,2,2,2,4.68267978180787e-06,1.54057449389437e-06,2.45387163345202e-06,6.91148793016372e-06,9.98761095322744e-07,2.08238789246599e-06,1.54947419490365,TRUE,TRUE,FALSE,TRUE,irHepatitis
IL2,Macrophage 2,Macrophage 1,2.18202930046601e-06,7.88093793235273e-08,1.03926014711964e-06,1.11497140673456e-06,all4,2,2,2,2,1.13041933989477e-06,1.0771157769271e-06,7.88093793235273e-08,2.18202930046601e-06,1.03926014711964e-06,1.11497140673456e-06,0.0644343635548831,TRUE,FALSE,FALSE,FALSE,
IL2,Macrophage 2,Macrophage 2,0,2.56012653205508e-06,2.45087750698475e-07,6.22339077325279e-07,all4,2,2,2,2,1.28006326602754e-06,4.33713414011877e-07,0,2.56012653205508e-06,2.45087750698475e-07,6.22339077325279e-07,1.38755375874855,TRUE,FALSE,FALSE,FALSE,
IL2,Macrophage 2,Sinusoidal endothelial cell,9.22133472319737e-08,0,8.88365297043689e-07,1.08502878610572e-06,all4,2,2,2,2,4.61066736159868e-08,9.86697041574706e-07,0,9.22133472319737e-08,8.88365297043689e-07,1.08502878610572e-06,-2.98467735681077,TRUE,FALSE,TRUE,TRUE,AIH
IL2,Macrophage 2,Stellate cell,2.26370935726717e-06,4.37176502698639e-07,5.62010543073336e-07,6.336363615732e-07,all4,2,2,2,2,1.3504429299829e-06,5.97823452323268e-07,4.37176502698639e-07,2.26370935726717e-06,5.62010543073336e-07,6.336363615732e-07,1.06650578266651,TRUE,FALSE,FALSE,FALSE,
IL2,Macrophage 2,Vascular endothelial cell,0,0,5.67705309960598e-07,4.69275769047772e-07,all4,2,2,2,2,0,5.18490539504185e-07,0,0,4.69275769047772e-07,5.67705309960598e-07,-2.75852846189036,TRUE,FALSE,TRUE,TRUE,AIH
IL2,Sinusoidal endothelial cell,CD4+ T cell,1.38529141212842e-07,3.02503752928818e-07,2.7839062893662e-06,1.18913931154274e-06,all4,2,2,2,2,2.2051644707083e-07,1.98652280045447e-06,1.38529141212842e-07,3.02503752928818e-07,1.18913931154274e-06,2.7839062893662e-06,-2.74180129568773,TRUE,FALSE,TRUE,TRUE,AIH
IL2,Sinusoidal endothelial cell,CD8+ T cell 1,4.13057544300735e-06,8.32738909732354e-06,9.14277362499325e-06,6.14469746450262e-06,all4,2,2,2,2,6.22898227016544e-06,7.64373554474793e-06,4.13057544300735e-06,8.32738909732354e-06,6.14469746450262e-06,9.14277362499325e-06,-0.291477158175433,TRUE,FALSE,FALSE,FALSE,
IL2,Sinusoidal endothelial cell,CD8+ T cell 2,8.86104472404199e-08,2.0688917539798e-05,1.05758525033072e-05,4.33710799337552e-06,all4,2,2,2,2,1.03887639935192e-05,7.45648024834136e-06,8.86104472404199e-08,2.0688917539798e-05,4.33710799337552e-06,1.05758525033072e-05,0.473597788086081,TRUE,FALSE,FALSE,FALSE,
IL2,Sinusoidal endothelial cell,CD8+ T cell 3,8.36204265307291e-06,1.84347521238384e-05,8.83769268604075e-06,7.69759255159657e-06,all4,2,2,2,2,1.33983973884556e-05,8.26764261881866e-06,8.36204265307291e-06,1.84347521238384e-05,7.69759255159657e-06,8.83769268604075e-06,0.690557172166941,TRUE,FALSE,FALSE,FALSE,
IL2,Sinusoidal endothelial cell,Cholangiocyte,1.69299172300711e-08,0,5.57336277489718e-07,1.36055047834687e-06,all4,2,2,2,2,8.46495861503555e-09,9.58943377918294e-07,0,1.69299172300711e-08,5.57336277489718e-07,1.36055047834687e-06,-3.41443689522126,TRUE,FALSE,TRUE,TRUE,AIH
IL2,Sinusoidal endothelial cell,Hepatocyte 1,1.05520120851438e-08,0,2.66674684854215e-06,4.46097712794867e-07,all4,2,2,2,2,5.27600604257188e-09,1.55642228066851e-06,0,1.05520120851438e-08,4.46097712794867e-07,2.66674684854215e-06,-4.11242544586303,TRUE,FALSE,TRUE,TRUE,AIH
IL2,Sinusoidal endothelial cell,Hepatocyte 2,0,0,1.35548063907769e-07,1.87384334199875e-07,all4,2,2,2,2,0,1.61466199053822e-07,0,0,1.35548063907769e-07,1.87384334199875e-07,-1.48334018281516,TRUE,FALSE,TRUE,TRUE,AIH
IL2,Sinusoidal endothelial cell,Hepatocyte 3,0,0,1.90953633152012e-09,0,all4,2,2,2,2,0,9.54768165760058e-10,0,0,0,1.90953633152012e-09,-0.01524017501558,TRUE,FALSE,FALSE,FALSE,
IL2,Sinusoidal endothelial cell,Hepatocyte 4,0,0,1.15676550846336e-06,5.53957936676011e-07,all4,2,2,2,2,0,8.55361722569685e-07,0,0,5.53957936676011e-07,1.15676550846336e-06,-3.39423986745646,TRUE,FALSE,TRUE,TRUE,AIH
IL2,Sinusoidal endothelial cell,Ig+ hepatocyte,0,,5.97663055782771e-08,1.03888763973643e-06,all4,2,2,1,2,0,5.49326972657353e-07,,,5.97663055782771e-08,1.03888763973643e-06,-2.82985839007617,FALSE,FALSE,FALSE,FALSE,
IL2,Sinusoidal endothelial cell,IgG+ B cell,0,0,0,2.50924474994996e-08,all4,2,2,2,2,0,1.25462237497498e-08,0,0,0,2.50924474994996e-08,-0.188462830586441,TRUE,FALSE,FALSE,FALSE,
IL2,Sinusoidal endothelial cell,IgG+ plasmablast / plasma cell,1.1748185651482e-06,0,1.17788276006161e-06,3.47976787640612e-07,all4,2,2,2,2,5.87409282574099e-07,7.62929773851113e-07,0,1.1748185651482e-06,3.47976787640612e-07,1.17788276006161e-06,-0.332440594228847,TRUE,FALSE,FALSE,FALSE,
IL2,Sinusoidal endothelial cell,IgM+ B cell,3.67094863747825e-08,7.87583997447818e-07,9.79114579208874e-07,5.26483223260917e-07,all4,2,2,2,2,4.121467419113e-07,7.52798901234895e-07,3.67094863747825e-08,7.87583997447818e-07,5.26483223260917e-07,9.79114579208874e-07,-0.747189079403663,TRUE,FALSE,FALSE,FALSE,
IL2,Sinusoidal endothelial cell,Macrophage 1,8.01900910682475e-07,3.4123622112392e-09,3.71754079743413e-06,2.58867526130667e-06,all4,2,2,2,2,4.02656636446857e-07,3.1531080293704e-06,3.4123622112392e-09,8.01900910682475e-07,2.58867526130667e-06,3.71754079743413e-06,-2.71895722110801,TRUE,FALSE,TRUE,TRUE,AIH
IL2,Sinusoidal endothelial cell,Macrophage 2,0,1.37161197709669e-09,9.8994244544231e-08,4.63302886925547e-07,all4,2,2,2,2,6.85805988548347e-10,2.81148565734889e-07,0,1.37161197709669e-09,9.8994244544231e-08,4.63302886925547e-07,-2.03418401126142,TRUE,FALSE,TRUE,TRUE,AIH
IL2,Sinusoidal endothelial cell,Sinusoidal endothelial cell,3.48714462730973e-06,0,8.89786943928502e-06,4.67813793772042e-06,all4,2,2,2,2,1.74357231365486e-06,6.78800368850272e-06,0,3.48714462730973e-06,4.67813793772042e-06,8.89786943928502e-06,-1.90738721603031,TRUE,FALSE,TRUE,TRUE,AIH
IL2,Sinusoidal endothelial cell,Stellate cell,2.29829658495472e-08,2.42506417295516e-08,1.01994120999491e-06,4.66366972374185e-07,all4,2,2,2,2,2.36168037895494e-08,7.43154091184546e-07,2.29829658495472e-08,2.42506417295516e-08,4.66366972374185e-07,1.01994120999491e-06,-2.8754431093347,TRUE,FALSE,TRUE,TRUE,AIH
IL2,Sinusoidal endothelial cell,Vascular endothelial cell,0,0,2.31559479494654e-07,8.37255521538578e-08,all4,2,2,2,2,0,1.57642515824256e-07,0,0,8.37255521538578e-08,2.31559479494654e-07,-1.46122634353961,TRUE,FALSE,TRUE,TRUE,AIH
IL2,Stellate cell,CD4+ T cell,4.25871438018015e-06,3.4104365604692e-06,4.73206398212436e-06,4.43948382510544e-06,all4,2,2,2,2,3.83457547032467e-06,4.5857739036149e-06,3.4104365604692e-06,4.25871438018015e-06,4.43948382510544e-06,4.73206398212436e-06,-0.252674143948376,TRUE,FALSE,TRUE,TRUE,AIH
IL2,Stellate cell,CD8+ T cell 1,4.21029547904536e-06,1.01214414447358e-05,5.21036810322279e-06,5.86279138812098e-06,all4,2,2,2,2,7.16586846189058e-06,5.53657974567188e-06,4.21029547904536e-06,1.01214414447358e-05,5.21036810322279e-06,5.86279138812098e-06,0.366895527653609,TRUE,FALSE,FALSE,FALSE,
IL2,Stellate cell,CD8+ T cell 2,8.03126130145622e-06,1.12619444986741e-05,2.30422706679354e-06,4.39361554200508e-06,all4,2,2,2,2,9.64660290006517e-06,3.34892130439931e-06,8.03126130145622e-06,1.12619444986741e-05,2.30422706679354e-06,4.39361554200508e-06,1.5014880246116,TRUE,TRUE,FALSE,TRUE,irHepatitis
IL2,Stellate cell,CD8+ T cell 3,8.68807962627857e-06,3.90501207483418e-05,4.06472166270819e-06,6.89125342983881e-06,all4,2,2,2,2,2.38691001873102e-05,5.4779875462735e-06,8.68807962627857e-06,3.90501207483418e-05,4.06472166270819e-06,6.89125342983881e-06,2.10536461804988,TRUE,TRUE,FALSE,TRUE,irHepatitis
IL2,Stellate cell,Cholangiocyte,2.69636025068592e-06,9.31791241466787e-08,1.23216262403036e-06,1.14088991577873e-06,all4,2,2,2,2,1.3947696874163e-06,1.18652626990455e-06,9.31791241466787e-08,2.69636025068592e-06,1.14088991577873e-06,1.23216262403036e-06,0.21803090312749,TRUE,FALSE,FALSE,FALSE,
IL2,Stellate cell,Hepatocyte 1,1.70876035540256e-07,1.0535052771696e-08,7.83110964989048e-07,4.98561797960818e-07,all4,2,2,2,2,9.0705544155976e-08,6.40836381474933e-07,1.0535052771696e-08,1.70876035540256e-07,4.98561797960818e-07,7.83110964989048e-07,-2.01647533320006,TRUE,FALSE,TRUE,TRUE,AIH
IL2,Stellate cell,Hepatocyte 2,0,0,2.2229512096395e-08,1.0309093820045e-07,all4,2,2,2,2,0,6.26602251484224e-08,0,0,2.2229512096395e-08,1.0309093820045e-07,-0.762949116172567,TRUE,FALSE,TRUE,TRUE,AIH
IL2,Stellate cell,Hepatocyte 3,0,0,3.84263532725636e-08,0,all4,2,2,2,2,0,1.92131766362818e-08,0,0,0,3.84263532725636e-08,-0.279416561545239,TRUE,FALSE,FALSE,FALSE,
IL2,Stellate cell,Hepatocyte 4,0,0,4.13797056295571e-07,4.88643009664591e-07,all4,2,2,2,2,0,4.51220032980081e-07,0,0,4.13797056295571e-07,4.88643009664591e-07,-2.58948103873358,TRUE,FALSE,TRUE,TRUE,AIH
IL2,Stellate cell,Ig+ hepatocyte,0,,2.8288014554397e-07,1.07311317400693e-06,all4,2,2,1,2,0,6.77996659775451e-07,,,2.8288014554397e-07,1.07311317400693e-06,-3.09444016914415,FALSE,FALSE,FALSE,FALSE,
IL2,Stellate cell,IgG+ B cell,0,0,0,3.45094682959202e-08,all4,2,2,2,2,0,1.72547341479601e-08,0,0,0,3.45094682959202e-08,-0.253288165228198,TRUE,FALSE,FALSE,FALSE,
IL2,Stellate cell,IgG+ plasmablast / plasma cell,1.20135770060005e-06,0,1.33645643818713e-06,5.78133524428657e-07,all4,2,2,2,2,6.00678850300025e-07,9.57294981307891e-07,0,1.20135770060005e-06,5.78133524428657e-07,1.33645643818713e-06,-0.60064806648942,TRUE,FALSE,FALSE,FALSE,
IL2,Stellate cell,IgM+ B cell,1.13345233143304e-06,4.3629034621299e-06,1.73858772614804e-06,2.87323594190937e-06,all4,2,2,2,2,2.74817789678147e-06,2.3059118340287e-06,1.13345233143304e-06,4.3629034621299e-06,1.73858772614804e-06,2.87323594190937e-06,0.244399060556852,TRUE,FALSE,FALSE,FALSE,
IL2,Stellate cell,Macrophage 1,1.57685219630543e-06,3.65928841926317e-07,1.65280209503254e-06,2.37543640275397e-06,all4,2,2,2,2,9.71390519115872e-07,2.01411924889326e-06,3.65928841926317e-07,1.57685219630543e-06,1.65280209503254e-06,2.37543640275397e-06,-0.987324512266169,TRUE,FALSE,TRUE,TRUE,AIH
IL2,Stellate cell,Macrophage 2,0,8.48869604118369e-07,3.06403461502818e-07,4.84847018773351e-07,all4,2,2,2,2,4.24434802059185e-07,3.95625240138085e-07,0,8.48869604118369e-07,3.06403461502818e-07,4.84847018773351e-07,0.083160551599403,TRUE,FALSE,FALSE,FALSE,
IL2,Stellate cell,Sinusoidal endothelial cell,4.35281404607872e-08,0,2.32018006104937e-06,1.99807608699604e-06,all4,2,2,2,2,2.17640702303936e-08,2.1591280740227e-06,0,4.35281404607872e-08,1.99807608699604e-06,2.32018006104937e-06,-4.33199627098441,TRUE,FALSE,TRUE,TRUE,AIH
IL2,Stellate cell,Stellate cell,1.97949881228205e-06,3.09803740631727e-07,1.23731240220021e-06,1.28559835738253e-06,all4,2,2,2,2,1.14465127645689e-06,1.26145537979137e-06,3.09803740631727e-07,1.97949881228205e-06,1.23731240220021e-06,1.28559835738253e-06,-0.130419802488542,TRUE,FALSE,FALSE,FALSE,
IL2,Stellate cell,Vascular endothelial cell,0,0,7.9926752139447e-07,5.23097462854408e-07,all4,2,2,2,2,0,6.61182492124439e-07,0,0,5.23097462854408e-07,7.9926752139447e-07,-3.06249960032335,TRUE,FALSE,TRUE,TRUE,AIH
IL2,Vascular endothelial cell,CD4+ T cell,8.77936903332681e-06,5.47887582446425e-06,5.91029372521834e-06,4.0833769477296e-06,all4,2,2,2,2,7.12912242889553e-06,4.99683533647397e-06,5.47887582446425e-06,8.77936903332681e-06,4.0833769477296e-06,5.91029372521834e-06,0.505062986829005,TRUE,FALSE,FALSE,FALSE,
IL2,Vascular endothelial cell,CD8+ T cell 1,1.06386271398248e-05,6.66580197980811e-06,3.02436990894717e-06,3.13219727157383e-06,all4,2,2,2,2,8.65221455981646e-06,3.0782835902605e-06,6.66580197980811e-06,1.06386271398248e-05,3.02436990894717e-06,3.13219727157383e-06,1.46432472604231,TRUE,TRUE,FALSE,TRUE,irHepatitis
IL2,Vascular endothelial cell,CD8+ T cell 2,6.17897446094458e-06,7.93411841836141e-06,1.60409157355217e-06,1.96170429218415e-06,all4,2,2,2,2,7.056546439653e-06,1.78289793286816e-06,6.17897446094458e-06,7.93411841836141e-06,1.60409157355217e-06,1.96170429218415e-06,1.93202762605889,TRUE,TRUE,FALSE,TRUE,irHepatitis
IL2,Vascular endothelial cell,CD8+ T cell 3,1.38931829855208e-05,1.36435859123265e-05,3.83827200290054e-06,2.44063523778172e-06,all4,2,2,2,2,1.37683844489237e-05,3.13945362034113e-06,1.36435859123265e-05,1.38931829855208e-05,2.44063523778172e-06,3.83827200290054e-06,2.10142943116331,TRUE,TRUE,FALSE,TRUE,irHepatitis
IL2,Vascular endothelial cell,Cholangiocyte,2.47637307174686e-06,1.84358323750388e-07,1.26610506169532e-06,6.89395403977647e-07,all4,2,2,2,2,1.33036569774863e-06,9.77750232836484e-07,1.84358323750388e-07,2.47637307174686e-06,6.89395403977647e-07,1.26610506169532e-06,0.411719887706082,TRUE,FALSE,FALSE,FALSE,
IL2,Vascular endothelial cell,Hepatocyte 1,4.22208198173223e-07,8.89713206165044e-11,4.1202899816656e-07,2.05141391926818e-07,all4,2,2,2,2,2.1114858474692e-07,3.08585195046689e-07,8.89713206165044e-11,4.22208198173223e-07,2.05141391926818e-07,4.1202899816656e-07,-0.404523257428202,TRUE,FALSE,FALSE,FALSE,
IL2,Vascular endothelial cell,Hepatocyte 2,0,0,2.02150849760319e-07,7.01826558856181e-10,all4,2,2,2,2,0,1.01426338159588e-07,0,0,7.01826558856181e-10,2.02150849760319e-07,-1.08959504760723,TRUE,FALSE,TRUE,TRUE,AIH
IL2,Vascular endothelial cell,Hepatocyte 4,0,0,1.16482659870331e-06,1.92421001616706e-07,all4,2,2,2,2,0,6.7862380016001e-07,0,0,1.92421001616706e-07,1.16482659870331e-06,-3.09561792722689,TRUE,FALSE,TRUE,TRUE,AIH
IL2,Vascular endothelial cell,Ig+ hepatocyte,0,,1.14657119428517e-08,2.34082790335289e-07,all4,2,2,1,2,0,1.2277425113907e-07,,,1.14657119428517e-08,2.34082790335289e-07,-1.24220071243414,FALSE,FALSE,FALSE,FALSE,
IL2,Vascular endothelial cell,IgG+ B cell,0,0,0,1.11479408663605e-08,all4,2,2,2,2,0,5.57397043318025e-09,0,0,0,1.11479408663605e-08,-0.086781119095186,TRUE,FALSE,FALSE,FALSE,
IL2,Vascular endothelial cell,IgG+ plasmablast / plasma cell,1.41388241131889e-06,0,8.23014144841457e-07,6.70761826625307e-07,all4,2,2,2,2,7.06941205659445e-07,7.46887985733382e-07,0,1.41388241131889e-06,6.70761826625307e-07,8.23014144841457e-07,-0.0705694033836743,TRUE,FALSE,FALSE,FALSE,
IL2,Vascular endothelial cell,IgM+ B cell,4.32576554092371e-06,1.15587985312166e-09,1.6164453672118e-06,2.9684729785948e-06,all4,2,2,2,2,2.16346071038842e-06,2.2924591729033e-06,1.15587985312166e-09,4.32576554092371e-06,1.6164453672118e-06,2.9684729785948e-06,-0.0803124683394388,TRUE,FALSE,FALSE,FALSE,
IL2,Vascular endothelial cell,Macrophage 1,6.75631479089624e-07,1.02047238530436e-07,7.74548963465821e-07,1.04825580402284e-06,all4,2,2,2,2,3.8883935881003e-07,9.11402383744331e-07,1.02047238530436e-07,6.75631479089624e-07,7.74548963465821e-07,1.04825580402284e-06,-1.0645566281199,TRUE,FALSE,TRUE,TRUE,AIH
IL2,Vascular endothelial cell,Macrophage 2,0,9.30411632859069e-07,2.78996230604306e-07,2.79689544557673e-07,all4,2,2,2,2,4.65205816429535e-07,2.7934288758099e-07,0,9.30411632859069e-07,2.78996230604306e-07,2.79689544557673e-07,0.588185385447807,TRUE,FALSE,FALSE,FALSE,
IL2,Vascular endothelial cell,Sinusoidal endothelial cell,3.57856814797716e-08,0,2.49759918640377e-07,7.85558733966369e-07,all4,2,2,2,2,1.78928407398858e-08,5.17659326303373e-07,0,3.57856814797716e-08,2.49759918640377e-07,7.85558733966369e-07,-2.49470255844808,TRUE,FALSE,TRUE,TRUE,AIH
IL2,Vascular endothelial cell,Stellate cell,4.52871033713366e-06,2.9346365605025e-07,6.48478135869141e-07,4.10969047874384e-07,all4,2,2,2,2,2.41108699659196e-06,5.29723591871763e-07,2.9346365605025e-07,4.52871033713366e-06,4.10969047874384e-07,6.48478135869141e-07,2.01302381269191,TRUE,FALSE,FALSE,FALSE,
IL2,Vascular endothelial cell,Vascular endothelial cell,0,0,1.36798105167615e-06,6.57199991103043e-07,all4,2,2,2,2,0,1.0125905213896e-06,0,0,6.57199991103043e-07,1.36798105167615e-06,-3.61621916557354,TRUE,FALSE,TRUE,TRUE,AIH
LCK,CD4+ T cell,CD4+ T cell,,0.0003363720561839,5.03851940697507e-05,5.55657478014954e-05,partial,1,2,1,2,0.0003363720561839,5.2975470935623e-05,,,5.03851940697507e-05,5.55657478014954e-05,2.66460065222361,FALSE,FALSE,FALSE,FALSE,
LCK,CD4+ T cell,CD8+ T cell 1,,0.000429120381204091,7.76367158771846e-05,8.63884403519573e-05,partial,1,2,1,2,0.000429120381204091,8.2012578114571e-05,,,7.76367158771846e-05,8.63884403519573e-05,2.3861868823665,FALSE,FALSE,FALSE,FALSE,
LCK,CD4+ T cell,CD8+ T cell 2,,0.000206009525812417,4.46997550031868e-05,5.729934735814e-05,partial,1,2,1,2,0.000206009525812417,5.09995511806634e-05,,,4.46997550031868e-05,5.729934735814e-05,2.01224302413904,FALSE,FALSE,FALSE,FALSE,
LCK,CD4+ T cell,CD8+ T cell 3,,0.000531901270216419,7.10851834913037e-05,9.4303260773802e-05,partial,1,2,1,2,0.000531901270216419,8.26942221325528e-05,,,7.10851834913037e-05,9.4303260773802e-05,2.68397622592342,FALSE,FALSE,FALSE,FALSE,
LCK,CD4+ T cell,Cholangiocyte,,0.000104406359477709,1.59005338246199e-05,9.80393633497034e-06,partial,1,2,1,2,0.000104406359477709,1.28522350797951e-05,,,9.80393633497034e-06,1.59005338246199e-05,3.01330321119788,FALSE,FALSE,FALSE,FALSE,
LCK,CD4+ T cell,Hepatocyte 1,,2.06683421107126e-06,3.38768154722813e-06,1.88415309131996e-06,partial,1,2,1,2,2.06683421107126e-06,2.63591731927405e-06,,,1.88415309131996e-06,3.38768154722813e-06,-0.337839704940584,FALSE,FALSE,FALSE,FALSE,
LCK,CD4+ T cell,Hepatocyte 2,,7.14325793469504e-07,1.92912699324964e-06,1.42667178003972e-06,partial,1,2,1,2,7.14325793469504e-07,1.67789938664468e-06,,,1.42667178003972e-06,1.92912699324964e-06,-1.13627660073464,FALSE,FALSE,FALSE,FALSE,
LCK,CD4+ T cell,Hepatocyte 3,,6.35501188232186e-07,1.65973548987497e-06,1.23064622867642e-06,partial,1,2,1,2,6.35501188232186e-07,1.44519085927569e-06,,,1.23064622867642e-06,1.65973548987497e-06,-1.08146718736725,FALSE,FALSE,FALSE,FALSE,
LCK,CD4+ T cell,Hepatocyte 4,,3.14780727774673e-06,3.49075568728771e-06,2.14779300582124e-06,partial,1,2,1,2,3.14780727774673e-06,2.81927434655448e-06,,,2.14779300582124e-06,3.49075568728771e-06,0.15436251684714,FALSE,FALSE,FALSE,FALSE,
LCK,CD4+ T cell,Ig+ hepatocyte,,,6.36716526103389e-06,4.87471539247687e-06,partial,1,2,0,2,,5.62094032675538e-06,,,4.87471539247687e-06,6.36716526103389e-06,,FALSE,FALSE,FALSE,FALSE,
LCK,CD4+ T cell,IgG+ B cell,,6.69723753207412e-05,7.30487589779748e-06,3.45295195140106e-06,partial,1,2,1,2,6.69723753207412e-05,5.37891392459927e-06,,,3.45295195140106e-06,7.30487589779748e-06,3.61620020114577,FALSE,FALSE,FALSE,FALSE,
LCK,CD4+ T cell,IgG+ plasmablast / plasma cell,,8.77751955831096e-05,1.31599500052973e-05,9.74161600254081e-06,partial,1,2,1,2,8.77751955831096e-05,1.1450783003919e-05,,,9.74161600254081e-06,1.31599500052973e-05,2.92856095461719,FALSE,FALSE,FALSE,FALSE,
LCK,CD4+ T cell,IgM+ B cell,,0.000160134654495887,2.10245352413149e-05,2.7790694216126e-05,partial,1,2,1,2,0.000160134654495887,2.44076147287205e-05,,,2.10245352413149e-05,2.7790694216126e-05,2.70938767990917,FALSE,FALSE,FALSE,FALSE,
LCK,CD4+ T cell,Macrophage 1,,1.31556647347703e-05,8.19657672563608e-06,6.07421183563932e-06,partial,1,2,1,2,1.31556647347703e-05,7.1353942806377e-06,,,6.07421183563932e-06,8.19657672563608e-06,0.874380595744396,FALSE,FALSE,FALSE,FALSE,
LCK,CD4+ T cell,Macrophage 2,,9.49407516223091e-06,5.64961823766965e-06,4.77133136803727e-06,partial,1,2,1,2,9.49407516223091e-06,5.21047480285346e-06,,,4.77133136803727e-06,5.64961823766965e-06,0.85452911120263,FALSE,FALSE,FALSE,FALSE,
LCK,CD4+ T cell,Sinusoidal endothelial cell,,9.86392955865645e-07,5.14258309180643e-06,4.25601636268239e-06,partial,1,2,1,2,9.86392955865645e-07,4.69929972724441e-06,,,4.25601636268239e-06,5.14258309180643e-06,-2.15370799148804,FALSE,FALSE,FALSE,FALSE,
LCK,CD4+ T cell,Stellate cell,,9.77111627908703e-06,4.85834410807128e-06,4.98487527654206e-06,partial,1,2,1,2,9.77111627908703e-06,4.92160969230667e-06,,,4.85834410807128e-06,4.98487527654206e-06,0.976490276036585,FALSE,FALSE,FALSE,FALSE,
LCK,CD4+ T cell,Vascular endothelial cell,,1.15464693721432e-05,8.65651491758816e-06,4.46491484877638e-06,partial,1,2,1,2,1.15464693721432e-05,6.56071488318227e-06,,,4.46491484877638e-06,8.65651491758816e-06,0.807080843095905,FALSE,FALSE,FALSE,FALSE,
LCK,CD8+ T cell 1,CD4+ T cell,,9.06153285031162e-05,1.9464294669267e-05,1.75896281715217e-05,partial,1,2,1,2,9.06153285031162e-05,1.85269614203943e-05,,,1.75896281715217e-05,1.9464294669267e-05,2.28457549849158,FALSE,FALSE,FALSE,FALSE,
LCK,CD8+ T cell 1,CD8+ T cell 1,,0.00128677413949912,0.000120480356936366,0.000144723545426331,partial,1,2,1,2,0.00128677413949912,0.000132601951181349,,,0.000120480356936366,0.000144723545426331,3.27770790247028,FALSE,FALSE,FALSE,FALSE,
LCK,CD8+ T cell 1,CD8+ T cell 2,,0.0006900256002171,0.000124222399153269,0.000115865784354834,partial,1,2,1,2,0.0006900256002171,0.000120044091754051,,,0.000115865784354834,0.000124222399153269,2.52219336398984,FALSE,FALSE,FALSE,FALSE,
LCK,CD8+ T cell 1,CD8+ T cell 3,,0.00121725318986363,9.86945816979316e-05,0.00012668354341053,partial,1,2,1,2,0.00121725318986363,0.000112689062554231,,,9.86945816979316e-05,0.00012668354341053,3.43216588059478,FALSE,FALSE,FALSE,FALSE,
LCK,CD8+ T cell 1,Cholangiocyte,,7.30783124628192e-05,9.46267596114697e-06,6.84875006115646e-06,partial,1,2,1,2,7.30783124628192e-05,8.15571301115171e-06,,,6.84875006115646e-06,9.46267596114697e-06,3.14951748971522,FALSE,FALSE,FALSE,FALSE,
LCK,CD8+ T cell 1,Hepatocyte 1,,8.75827030017395e-06,9.34427102802345e-06,4.18904399465831e-06,partial,1,2,1,2,8.75827030017395e-06,6.76665751134088e-06,,,4.18904399465831e-06,9.34427102802345e-06,0.367894468555357,FALSE,FALSE,FALSE,FALSE,
LCK,CD8+ T cell 1,Hepatocyte 2,,5.95166752545443e-06,6.75401313080622e-06,1.97581492135561e-06,partial,1,2,1,2,5.95166752545443e-06,4.36491402608092e-06,,,1.97581492135561e-06,6.75401313080622e-06,0.439557235732813,FALSE,FALSE,FALSE,FALSE,
LCK,CD8+ T cell 1,Hepatocyte 3,,2.30516627443782e-06,5.8988393062065e-06,1.91418538662321e-06,partial,1,2,1,2,2.30516627443782e-06,3.90651234641486e-06,,,1.91418538662321e-06,5.8988393062065e-06,-0.738638523710705,FALSE,FALSE,FALSE,FALSE,
LCK,CD8+ T cell 1,Hepatocyte 4,,2.02204946739814e-05,9.15112479893668e-06,4.7853660199994e-06,partial,1,2,1,2,2.02204946739814e-05,6.96824540946804e-06,,,4.7853660199994e-06,9.15112479893668e-06,1.52485647362163,FALSE,FALSE,FALSE,FALSE,
LCK,CD8+ T cell 1,Ig+ hepatocyte,,,1.18306693815703e-05,1.14769025546691e-05,partial,1,2,0,2,,1.16537859681197e-05,,,1.14769025546691e-05,1.18306693815703e-05,,FALSE,FALSE,FALSE,FALSE,
LCK,CD8+ T cell 1,IgG+ B cell,,0.000111265096552758,6.4891584405572e-06,1.72644296449004e-06,partial,1,2,1,2,0.000111265096552758,4.10780070252362e-06,,,1.72644296449004e-06,6.4891584405572e-06,4.72942133446872,FALSE,FALSE,FALSE,FALSE,
LCK,CD8+ T cell 1,IgG+ plasmablast / plasma cell,,3.5605181972516e-05,1.25490173106725e-05,6.33909539684463e-06,partial,1,2,1,2,3.5605181972516e-05,9.44405635375855e-06,,,6.33909539684463e-06,1.25490173106725e-05,1.90457777093141,FALSE,FALSE,FALSE,FALSE,
LCK,CD8+ T cell 1,IgM+ B cell,,4.71079387139426e-05,9.57420653136505e-06,7.10381118077133e-06,partial,1,2,1,2,4.71079387139426e-05,8.33900885606819e-06,,,7.10381118077133e-06,9.57420653136505e-06,2.48530222560817,FALSE,FALSE,FALSE,FALSE,
LCK,CD8+ T cell 1,Macrophage 1,,4.69209706984999e-05,1.70393929396244e-05,1.16409972038216e-05,partial,1,2,1,2,4.69209706984999e-05,1.4340195071723e-05,,,1.16409972038216e-05,1.70393929396244e-05,1.70391321003033,FALSE,FALSE,FALSE,FALSE,
LCK,CD8+ T cell 1,Macrophage 2,,2.27937729945648e-05,5.06864918708715e-06,3.88498514811032e-06,partial,1,2,1,2,2.27937729945648e-05,4.47681716759874e-06,,,3.88498514811032e-06,5.06864918708715e-06,2.32508787747714,FALSE,FALSE,FALSE,FALSE,
LCK,CD8+ T cell 1,Sinusoidal endothelial cell,,1.40345522866923e-05,1.29781237200088e-05,1.02385841361502e-05,partial,1,2,1,2,1.40345522866923e-05,1.16083539280795e-05,,,1.02385841361502e-05,1.29781237200088e-05,0.271901595792081,FALSE,FALSE,FALSE,FALSE,
LCK,CD8+ T cell 1,Stellate cell,,1.45536441498072e-05,5.8565624147348e-06,5.90152650872854e-06,partial,1,2,1,2,1.45536441498072e-05,5.87904446173167e-06,,,5.8565624147348e-06,5.90152650872854e-06,1.29471623518225,FALSE,FALSE,FALSE,FALSE,
LCK,CD8+ T cell 1,Vascular endothelial cell,,7.63080701594287e-06,3.48002423099461e-06,2.55503230972042e-06,partial,1,2,1,2,7.63080701594287e-06,3.01752827035752e-06,,,2.55503230972042e-06,3.48002423099461e-06,1.31301033092524,FALSE,FALSE,FALSE,FALSE,
LCK,CD8+ T cell 2,CD4+ T cell,,1.75163798950365e-05,8.176932471643e-06,8.05314465586405e-06,partial,1,2,1,2,1.75163798950365e-05,8.11503856375353e-06,,,8.05314465586405e-06,8.176932471643e-06,1.10152514847021,FALSE,FALSE,FALSE,FALSE,
LCK,CD8+ T cell 2,CD8+ T cell 1,,0.000672179032551965,0.000100153932189393,9.60670682928859e-05,partial,1,2,1,2,0.000672179032551965,9.81105002411394e-05,,,9.60670682928859e-05,0.000100153932189393,2.77523760041793,FALSE,FALSE,FALSE,FALSE,
LCK,CD8+ T cell 2,CD8+ T cell 2,,0.003221662310329,0.000468621799090082,0.000299877488388,partial,1,2,1,2,0.003221662310329,0.000384249643739041,,,0.000299877488388,0.000468621799090082,3.06739219564667,FALSE,FALSE,FALSE,FALSE,
LCK,CD8+ T cell 2,CD8+ T cell 3,,0.000860514996831357,0.000115811235427095,0.000108650143357826,partial,1,2,1,2,0.000860514996831357,0.000112230689392461,,,0.000108650143357826,0.000115811235427095,2.93772857577953,FALSE,FALSE,FALSE,FALSE,
LCK,CD8+ T cell 2,Cholangiocyte,,0.000118151197861128,3.43250037597921e-06,4.99510583698277e-06,partial,1,2,1,2,0.000118151197861128,4.21380310648099e-06,,,3.43250037597921e-06,4.99510583698277e-06,4.78000740294018,FALSE,FALSE,FALSE,FALSE,
LCK,CD8+ T cell 2,Hepatocyte 1,,9.03673996479778e-06,2.24103716236614e-05,4.35632704066965e-06,partial,1,2,1,2,9.03673996479778e-06,1.33833493321655e-05,,,4.35632704066965e-06,2.24103716236614e-05,-0.561941817048087,FALSE,FALSE,FALSE,FALSE,
LCK,CD8+ T cell 2,Hepatocyte 2,,3.07403363822026e-06,2.27039217410003e-05,2.2536866215387e-06,partial,1,2,1,2,3.07403363822026e-06,1.24788041812695e-05,,,2.2536866215387e-06,2.27039217410003e-05,-1.99004276975368,FALSE,FALSE,FALSE,FALSE,
LCK,CD8+ T cell 2,Hepatocyte 3,,1.14225288221078e-06,1.30643568604173e-05,2.22439796970066e-06,partial,1,2,1,2,1.14225288221078e-06,7.64437741505898e-06,,,2.22439796970066e-06,1.30643568604173e-05,-2.65007975226706,FALSE,FALSE,FALSE,FALSE,
LCK,CD8+ T cell 2,Hepatocyte 4,,5.1661717638932e-06,2.22651476263444e-05,6.2120549063725e-06,partial,1,2,1,2,5.1661717638932e-06,1.42386012663585e-05,,,6.2120549063725e-06,2.22651476263444e-05,-1.44682986677645,FALSE,FALSE,FALSE,FALSE,
LCK,CD8+ T cell 2,Ig+ hepatocyte,,,1.67462970230223e-05,8.53645655703502e-06,partial,1,2,0,2,,1.26413767900287e-05,,,8.53645655703502e-06,1.67462970230223e-05,,FALSE,FALSE,FALSE,FALSE,
LCK,CD8+ T cell 2,IgG+ B cell,,4.10232821842826e-06,2.53979089893991e-06,7.80387649513511e-07,partial,1,2,1,2,4.10232821842826e-06,1.66008927422671e-06,,,7.80387649513511e-07,2.53979089893991e-06,1.26036850013256,FALSE,FALSE,FALSE,FALSE,
LCK,CD8+ T cell 2,IgG+ plasmablast / plasma cell,,1.18226250143005e-05,6.94416493762268e-06,2.90656247300658e-06,partial,1,2,1,2,1.18226250143005e-05,4.92536370531463e-06,,,2.90656247300658e-06,6.94416493762268e-06,1.24808084946477,FALSE,FALSE,FALSE,FALSE,
LCK,CD8+ T cell 2,IgM+ B cell,,9.89233324633513e-06,5.11419492107669e-06,2.47836124440823e-06,partial,1,2,1,2,9.89233324633513e-06,3.79627808274246e-06,,,2.47836124440823e-06,5.11419492107669e-06,1.3610093372293,FALSE,FALSE,FALSE,FALSE,
LCK,CD8+ T cell 2,Macrophage 1,,7.05240457308902e-05,2.17747598410916e-05,1.03018082822336e-05,partial,1,2,1,2,7.05240457308902e-05,1.60382840616626e-05,,,1.03018082822336e-05,2.17747598410916e-05,2.13036873976427,FALSE,FALSE,FALSE,FALSE,
LCK,CD8+ T cell 2,Macrophage 2,,1.34468817067413e-05,2.73874992860487e-06,2.58369510193965e-06,partial,1,2,1,2,1.34468817067413e-05,2.66122251527226e-06,,,2.58369510193965e-06,2.73874992860487e-06,2.29879016443736,FALSE,FALSE,FALSE,FALSE,
LCK,CD8+ T cell 2,Sinusoidal endothelial cell,,3.03052989769316e-06,1.43098288035819e-05,9.72618316446586e-06,partial,1,2,1,2,3.03052989769316e-06,1.20180059840239e-05,,,9.72618316446586e-06,1.43098288035819e-05,-1.95613075877041,FALSE,FALSE,FALSE,FALSE,
LCK,CD8+ T cell 2,Stellate cell,,1.08992781199004e-05,2.53492664031618e-06,4.33940071046726e-06,partial,1,2,1,2,1.08992781199004e-05,3.43716367539172e-06,,,2.53492664031618e-06,4.33940071046726e-06,1.63954241628024,FALSE,FALSE,FALSE,FALSE,
LCK,CD8+ T cell 2,Vascular endothelial cell,,9.21781244025349e-07,1.7360701323577e-06,1.27073936641962e-06,partial,1,2,1,2,9.21781244025349e-07,1.50340474938866e-06,,,1.27073936641962e-06,1.7360701323577e-06,-0.655264530085433,FALSE,FALSE,FALSE,FALSE,
LCK,CD8+ T cell 3,CD4+ T cell,,8.21767899282817e-05,1.91273043273435e-05,1.80032102716905e-05,partial,1,2,1,2,8.21767899282817e-05,1.8565257299517e-05,,,1.80032102716905e-05,1.91273043273435e-05,2.14073353829291,FALSE,FALSE,FALSE,FALSE,
LCK,CD8+ T cell 3,CD8+ T cell 1,,0.00100068234095989,8.34413192369354e-05,0.000108631620334541,partial,1,2,1,2,0.00100068234095989,9.60364697857384e-05,,,8.34413192369354e-05,0.000108631620334541,3.38003754099192,FALSE,FALSE,FALSE,FALSE,
LCK,CD8+ T cell 3,CD8+ T cell 2,,0.00105064138769501,0.000131486390162098,0.000129808381746914,partial,1,2,1,2,0.00105064138769501,0.000130647385954506,,,0.000129808381746914,0.000131486390162098,3.00665115210276,FALSE,FALSE,FALSE,FALSE,
LCK,CD8+ T cell 3,CD8+ T cell 3,,0.0091588917899334,0.000422697048030419,0.000517780869951664,partial,1,2,1,2,0.0091588917899334,0.000470238958991041,,,0.000422697048030419,0.000517780869951664,4.2834454272985,FALSE,FALSE,FALSE,FALSE,
LCK,CD8+ T cell 3,Cholangiocyte,,0.000100137113209319,8.65065432953142e-06,8.2146414818311e-06,partial,1,2,1,2,0.000100137113209319,8.43264790568126e-06,,,8.2146414818311e-06,8.65065432953142e-06,3.55584191898095,FALSE,FALSE,FALSE,FALSE,
LCK,CD8+ T cell 3,Hepatocyte 1,,1.20461670006691e-05,7.70491176834748e-06,4.07498570761891e-06,partial,1,2,1,2,1.20461670006691e-05,5.8899487379832e-06,,,4.07498570761891e-06,7.70491176834748e-06,1.0211193767074,FALSE,FALSE,FALSE,FALSE,
LCK,CD8+ T cell 3,Hepatocyte 2,,5.89559572387439e-06,7.29801554866843e-06,2.01143511694049e-06,partial,1,2,1,2,5.89559572387439e-06,4.65472533280446e-06,,,2.01143511694049e-06,7.29801554866843e-06,0.335176219010779,FALSE,FALSE,FALSE,FALSE,
LCK,CD8+ T cell 3,Hepatocyte 3,,9.51428413127201e-07,1.73532351540505e-06,1.60196203775555e-06,partial,1,2,1,2,9.51428413127201e-07,1.6686427765803e-06,,,1.60196203775555e-06,1.73532351540505e-06,-0.755952143006113,FALSE,FALSE,FALSE,FALSE,
LCK,CD8+ T cell 3,Hepatocyte 4,,2.14609500549937e-05,1.79781845056104e-05,2.94021905280721e-06,partial,1,2,1,2,2.14609500549937e-05,1.04592017792088e-05,,,2.94021905280721e-06,1.79781845056104e-05,1.03062422363195,FALSE,FALSE,FALSE,FALSE,
LCK,CD8+ T cell 3,Ig+ hepatocyte,,,1.73208035954016e-05,5.91611104975087e-06,partial,1,2,0,2,,1.16184573225762e-05,,,5.91611104975087e-06,1.73208035954016e-05,,FALSE,FALSE,FALSE,FALSE,
LCK,CD8+ T cell 3,IgG+ B cell,,0.000126526319172834,4.6443691369043e-06,1.4088234408927e-06,partial,1,2,1,2,0.000126526319172834,3.0265962888985e-06,,,1.4088234408927e-06,4.6443691369043e-06,5.3443908996207,FALSE,FALSE,FALSE,FALSE,
LCK,CD8+ T cell 3,IgG+ plasmablast / plasma cell,,6.73227146651272e-05,9.91046864134097e-06,7.18861235016637e-06,partial,1,2,1,2,6.73227146651272e-05,8.54954049575367e-06,,,7.18861235016637e-06,9.91046864134097e-06,2.96400798185634,FALSE,FALSE,FALSE,FALSE,
LCK,CD8+ T cell 3,IgM+ B cell,,6.76769340123922e-05,9.22972038804942e-06,5.76130443712467e-06,partial,1,2,1,2,6.76769340123922e-05,7.49551241258704e-06,,,5.76130443712467e-06,9.22972038804942e-06,3.15927890458714,FALSE,FALSE,FALSE,FALSE,
LCK,CD8+ T cell 3,Macrophage 1,,4.41566072549848e-05,1.45982665935871e-05,1.00168774850775e-05,partial,1,2,1,2,4.41566072549848e-05,1.23075720393323e-05,,,1.00168774850775e-05,1.45982665935871e-05,1.83551713725288,FALSE,FALSE,FALSE,FALSE,
LCK,CD8+ T cell 3,Macrophage 2,,1.72257112276876e-05,4.19086618414011e-06,3.70729414151594e-06,partial,1,2,1,2,1.72257112276876e-05,3.94908016282803e-06,,,3.70729414151594e-06,4.19086618414011e-06,2.10000882226476,FALSE,FALSE,FALSE,FALSE,
LCK,CD8+ T cell 3,Sinusoidal endothelial cell,,4.91345833528445e-06,5.79673563469448e-06,8.61638861343573e-06,partial,1,2,1,2,4.91345833528445e-06,7.2065621240651e-06,,,5.79673563469448e-06,8.61638861343573e-06,-0.54429982050891,FALSE,FALSE,FALSE,FALSE,
LCK,CD8+ T cell 3,Stellate cell,,1.90795205496341e-05,3.92274667309722e-06,5.00602568733103e-06,partial,1,2,1,2,1.90795205496341e-05,4.46438618021412e-06,,,3.92274667309722e-06,5.00602568733103e-06,2.0735085268949,FALSE,FALSE,FALSE,FALSE,
LCK,CD8+ T cell 3,Vascular endothelial cell,,9.67034153104773e-06,2.28840688007759e-06,3.18676412477904e-06,partial,1,2,1,2,9.67034153104773e-06,2.73758550242832e-06,,,2.28840688007759e-06,3.18676412477904e-06,1.78739520243071,FALSE,FALSE,FALSE,FALSE,
LCK,Cholangiocyte,CD4+ T cell,,2.7976484887465e-05,4.37010621459717e-06,3.22886107292366e-06,partial,1,2,1,2,2.7976484887465e-05,3.79948364376042e-06,,,3.22886107292366e-06,4.37010621459717e-06,2.85122801467993,FALSE,FALSE,FALSE,FALSE,
LCK,Cholangiocyte,CD8+ T cell 1,,7.41363801231572e-05,1.24730273512795e-05,1.08409547577946e-05,partial,1,2,1,2,7.41363801231572e-05,1.16569910545371e-05,,,1.08409547577946e-05,1.24730273512795e-05,2.65965051117875,FALSE,FALSE,FALSE,FALSE,
LCK,Cholangiocyte,CD8+ T cell 2,,9.15085365811119e-05,5.52990000110003e-06,8.63015280076456e-06,partial,1,2,1,2,9.15085365811119e-05,7.0800264009323e-06,,,5.52990000110003e-06,8.63015280076456e-06,3.67529172558202,FALSE,FALSE,FALSE,FALSE,
LCK,Cholangiocyte,CD8+ T cell 3,,0.000106108098594454,1.1458253366127e-05,1.2479754024077e-05,partial,1,2,1,2,0.000106108098594454,1.1969003695102e-05,,,1.1458253366127e-05,1.2479754024077e-05,3.13858532688437,FALSE,FALSE,FALSE,FALSE,
LCK,Cholangiocyte,Cholangiocyte,,0.000124809730574966,1.08130723279349e-05,5.77768406299457e-06,partial,1,2,1,2,0.000124809730574966,8.29537819546471e-06,,,5.77768406299457e-06,1.08130723279349e-05,3.89676585647654,FALSE,FALSE,FALSE,FALSE,
LCK,Cholangiocyte,Hepatocyte 1,,1.26919876729406e-07,3.38517498309985e-07,2.18182525222846e-07,partial,1,2,1,2,1.26919876729406e-07,2.78350011766416e-07,,,2.18182525222846e-07,3.38517498309985e-07,-0.764173298569827,FALSE,FALSE,FALSE,FALSE,
LCK,Cholangiocyte,Hepatocyte 2,,5.33046265790244e-08,1.1382629038998e-07,2.45023365404295e-07,partial,1,2,1,2,5.33046265790244e-08,1.79424827897138e-07,,,1.1382629038998e-07,2.45023365404295e-07,-0.911242830914693,FALSE,FALSE,FALSE,FALSE,
LCK,Cholangiocyte,Hepatocyte 3,,0,2.30759006423318e-07,3.90028977501088e-07,partial,1,2,1,2,0,3.10393991962203e-07,,,2.30759006423318e-07,3.90028977501088e-07,-2.15459757692491,FALSE,FALSE,FALSE,FALSE,
LCK,Cholangiocyte,Hepatocyte 4,,4.0939057577977e-06,7.10015561018048e-07,4.47984271130742e-07,partial,1,2,1,2,4.0939057577977e-06,5.78999916074395e-07,,,4.47984271130742e-07,7.10015561018048e-07,2.64494350267548,FALSE,FALSE,FALSE,FALSE,
LCK,Cholangiocyte,Ig+ hepatocyte,,,6.88111083235155e-07,7.15051660771567e-07,partial,1,2,0,2,,7.01581372003361e-07,,,6.88111083235155e-07,7.15051660771567e-07,,FALSE,FALSE,FALSE,FALSE,
LCK,Cholangiocyte,IgG+ B cell,,1.74254666974964e-06,1.24303611431096e-06,4.61644267305895e-07,partial,1,2,1,2,1.74254666974964e-06,8.52340190808427e-07,,,4.61644267305895e-07,1.24303611431096e-06,0.959600289432479,FALSE,FALSE,FALSE,FALSE,
LCK,Cholangiocyte,IgG+ plasmablast / plasma cell,,2.97460160509823e-05,2.04777875381931e-06,1.28816630376764e-06,partial,1,2,1,2,2.97460160509823e-05,1.66797252879348e-06,,,1.28816630376764e-06,2.04777875381931e-06,4.08514340401525,FALSE,FALSE,FALSE,FALSE,
LCK,Cholangiocyte,IgM+ B cell,,1.89293295963642e-05,2.60771083000737e-06,1.64910346692914e-06,partial,1,2,1,2,1.89293295963642e-05,2.12840714846826e-06,,,1.64910346692914e-06,2.60771083000737e-06,3.09992456512141,FALSE,FALSE,FALSE,FALSE,
LCK,Cholangiocyte,Macrophage 1,,1.29233370793656e-06,1.13322967643996e-06,8.06103706286154e-07,partial,1,2,1,2,1.29233370793656e-06,9.69666691363057e-07,,,8.06103706286154e-07,1.13322967643996e-06,0.383525398412843,FALSE,FALSE,FALSE,FALSE,
LCK,Cholangiocyte,Macrophage 2,,7.19938234501432e-07,1.35693676200891e-06,5.65746676261773e-07,partial,1,2,1,2,7.19938234501432e-07,9.61341719135339e-07,,,5.65746676261773e-07,1.35693676200891e-06,-0.37638649264992,FALSE,FALSE,FALSE,FALSE,
LCK,Cholangiocyte,Sinusoidal endothelial cell,,5.90549592182938e-07,3.64266574654038e-07,8.19408254261644e-07,partial,1,2,1,2,5.90549592182938e-07,5.91837414457841e-07,,,3.64266574654038e-07,8.19408254261644e-07,-0.00272784888953825,FALSE,FALSE,FALSE,FALSE,
LCK,Cholangiocyte,Stellate cell,,1.1263866720398e-06,1.13610430325051e-06,5.74849208193182e-07,partial,1,2,1,2,1.1263866720398e-06,8.55476755721846e-07,,,5.74849208193182e-07,1.13610430325051e-06,0.363520111062629,FALSE,FALSE,FALSE,FALSE,
LCK,Cholangiocyte,Vascular endothelial cell,,6.53732738142982e-06,8.28615925946311e-07,3.33633557250759e-07,partial,1,2,1,2,6.53732738142982e-06,5.81124741598535e-07,,,3.33633557250759e-07,8.28615925946311e-07,3.30395678122996,FALSE,FALSE,FALSE,FALSE,
LCK,Hepatocyte 1,CD4+ T cell,,2.15020888445119e-07,9.0477080511766e-07,7.40001606883838e-07,partial,1,2,1,2,2.15020888445119e-07,8.22386206000749e-07,,,7.40001606883838e-07,9.0477080511766e-07,-1.58103395927738,FALSE,FALSE,FALSE,FALSE,
LCK,Hepatocyte 1,CD8+ T cell 1,,2.0396851246389e-05,1.02549743492367e-05,8.99055744927335e-06,partial,1,2,1,2,2.0396851246389e-05,9.62276589925501e-06,,,8.99055744927335e-06,1.02549743492367e-05,1.0767515458373,FALSE,FALSE,FALSE,FALSE,
LCK,Hepatocyte 1,CD8+ T cell 2,,1.78864949530075e-05,3.02292180401326e-05,1.24240938420215e-05,partial,1,2,1,2,1.78864949530075e-05,2.13266559410771e-05,,,1.24240938420215e-05,3.02292180401326e-05,-0.252622695953202,FALSE,FALSE,FALSE,FALSE,
LCK,Hepatocyte 1,CD8+ T cell 3,,2.42003086437227e-05,1.40774005924441e-05,9.48854885101611e-06,partial,1,2,1,2,2.42003086437227e-05,1.17829747217301e-05,,,9.48854885101611e-06,1.40774005924441e-05,1.03270524591029,FALSE,FALSE,FALSE,FALSE,
LCK,Hepatocyte 1,Cholangiocyte,,1.54720898996278e-06,4.67896255238684e-07,3.41821531010626e-07,partial,1,2,1,2,1.54720898996278e-06,4.04858893124655e-07,,,3.41821531010626e-07,4.67896255238684e-07,1.72634148496053,FALSE,FALSE,FALSE,FALSE,
LCK,Hepatocyte 1,Hepatocyte 1,,1.96815038651335e-07,3.50866568411798e-06,4.89603542715241e-07,partial,1,2,1,2,1.96815038651335e-07,1.99913461341661e-06,,,4.89603542715241e-07,3.50866568411798e-06,-2.86512271372958,FALSE,FALSE,FALSE,FALSE,
LCK,Hepatocyte 1,Hepatocyte 2,,6.53361754294847e-08,1.56229061374981e-06,1.94782353174756e-07,partial,1,2,1,2,6.53361754294847e-08,8.78536483462285e-07,,,1.94782353174756e-07,1.56229061374981e-06,-2.64114913400094,FALSE,FALSE,FALSE,FALSE,
LCK,Hepatocyte 1,Hepatocyte 3,,4.43660404795054e-08,1.11364361266698e-06,2.06964873738403e-07,partial,1,2,1,2,4.43660404795054e-08,6.60304243202693e-07,,,2.06964873738403e-07,1.11364361266698e-06,-2.48213979191873,FALSE,FALSE,FALSE,FALSE,
LCK,Hepatocyte 1,Hepatocyte 4,,1.93181715683677e-07,2.66780145893627e-06,6.66756204960296e-07,partial,1,2,1,2,1.93181715683677e-07,1.66727883194828e-06,,,6.66756204960296e-07,2.66780145893627e-06,-2.63394671901597,FALSE,FALSE,FALSE,FALSE,
LCK,Hepatocyte 1,Ig+ hepatocyte,,,2.3367964903781e-06,1.39760658103414e-06,partial,1,2,0,2,,1.86720153570612e-06,,,1.39760658103414e-06,2.3367964903781e-06,,FALSE,FALSE,FALSE,FALSE,
LCK,Hepatocyte 1,IgG+ B cell,,3.05531421855486e-07,3.04286777225176e-07,1.42764525871966e-07,partial,1,2,1,2,3.05531421855486e-07,2.23525651548571e-07,,,1.42764525871966e-07,3.04286777225176e-07,0.335298935679856,FALSE,FALSE,FALSE,FALSE,
LCK,Hepatocyte 1,IgG+ plasmablast / plasma cell,,1.69747073814009e-08,8.78833253979461e-07,3.01704044916032e-07,partial,1,2,1,2,1.69747073814009e-08,5.90268649447747e-07,,,3.01704044916032e-07,8.78833253979461e-07,-2.66990861660209,FALSE,FALSE,FALSE,FALSE,
LCK,Hepatocyte 1,IgM+ B cell,,2.409108234418e-07,4.7158793522404e-07,1.32826207928794e-07,partial,1,2,1,2,2.409108234418e-07,3.02207071576417e-07,,,1.32826207928794e-07,4.7158793522404e-07,-0.245237423216684,FALSE,FALSE,FALSE,FALSE,
LCK,Hepatocyte 1,Macrophage 1,,1.05705789028223e-06,2.28344311571541e-06,9.13549717435704e-07,partial,1,2,1,2,1.05705789028223e-06,1.59849641657556e-06,,,9.13549717435704e-07,2.28344311571541e-06,-0.557838999059222,FALSE,FALSE,FALSE,FALSE,
LCK,Hepatocyte 1,Macrophage 2,,8.34333954231803e-07,2.82088580780577e-07,2.47616670737136e-07,partial,1,2,1,2,8.34333954231803e-07,2.64852625758857e-07,,,2.47616670737136e-07,2.82088580780577e-07,1.3814307606984,FALSE,FALSE,FALSE,FALSE,
LCK,Hepatocyte 1,Sinusoidal endothelial cell,,4.55649644776623e-07,1.65004671082486e-06,9.67436320983556e-07,partial,1,2,1,2,4.55649644776623e-07,1.30874151590421e-06,,,9.67436320983556e-07,1.65004671082486e-06,-1.35823485074021,FALSE,FALSE,FALSE,FALSE,
LCK,Hepatocyte 1,Stellate cell,,1.24051975892169e-07,3.33166761706898e-07,4.23187051524083e-07,partial,1,2,1,2,1.24051975892169e-07,3.78176906615491e-07,,,3.33166761706898e-07,4.23187051524083e-07,-1.1294381790354,FALSE,FALSE,FALSE,FALSE,
LCK,Hepatocyte 1,Vascular endothelial cell,,1.77038991214266e-08,1.42986319085293e-07,7.86997757573285e-08,partial,1,2,1,2,1.77038991214266e-08,1.10843047421311e-07,,,7.86997757573285e-08,1.42986319085293e-07,-0.899584990043748,FALSE,FALSE,FALSE,FALSE,
LCK,Hepatocyte 2,CD4+ T cell,,2.87877141647872e-08,9.11790287821242e-07,3.95279084881828e-07,partial,1,2,1,2,2.87877141647872e-08,6.53534686351535e-07,,,3.95279084881828e-07,9.11790287821242e-07,-2.64697845699329,FALSE,FALSE,FALSE,FALSE,
LCK,Hepatocyte 2,CD8+ T cell 1,,1.35024543056912e-05,6.79899611758811e-06,6.10510220451085e-06,partial,1,2,1,2,1.35024543056912e-05,6.45204916104948e-06,,,6.10510220451085e-06,6.79899611758811e-06,1.05500227346269,FALSE,FALSE,FALSE,FALSE,
LCK,Hepatocyte 2,CD8+ T cell 2,,1.97974900605803e-05,1.89239136449527e-05,7.36621742881856e-06,partial,1,2,1,2,1.97974900605803e-05,1.31450655368856e-05,,,7.36621742881856e-06,1.89239136449527e-05,0.587499313816471,FALSE,FALSE,FALSE,FALSE,
LCK,Hepatocyte 2,CD8+ T cell 3,,2.96018621430639e-05,5.27559098322246e-06,5.46939292638436e-06,partial,1,2,1,2,2.96018621430639e-05,5.37249195480341e-06,,,5.27559098322246e-06,5.46939292638436e-06,2.44245677156951,FALSE,FALSE,FALSE,FALSE,
LCK,Hepatocyte 2,Cholangiocyte,,3.4444021373158e-07,2.17296866426077e-07,2.13814018023015e-07,partial,1,2,1,2,3.4444021373158e-07,2.15555442224546e-07,,,2.13814018023015e-07,2.17296866426077e-07,0.507855774622324,FALSE,FALSE,FALSE,FALSE,
LCK,Hepatocyte 2,Hepatocyte 1,,1.60089280996487e-07,1.56514676727982e-06,2.29457691408169e-07,partial,1,2,1,2,1.60089280996487e-07,8.97302229343996e-07,,,2.29457691408169e-07,1.56514676727982e-06,-1.9814553922357,FALSE,FALSE,FALSE,FALSE,
LCK,Hepatocyte 2,Hepatocyte 2,,9.17970851946248e-08,4.96935824873e-06,2.79888344333528e-07,partial,1,2,1,2,9.17970851946248e-08,2.62462329653176e-06,,,2.79888344333528e-07,4.96935824873e-06,-3.90105038567437,FALSE,FALSE,FALSE,FALSE,
LCK,Hepatocyte 2,Hepatocyte 3,,2.28795531854515e-08,1.08070198063113e-06,6.40671641905618e-08,partial,1,2,1,2,2.28795531854515e-08,5.72384572410845e-07,,,6.40671641905618e-08,1.08070198063113e-06,-2.55388655453213,FALSE,FALSE,FALSE,FALSE,
LCK,Hepatocyte 2,Hepatocyte 4,,4.94626555453365e-08,2.59290623775668e-06,1.47193693207389e-07,partial,1,2,1,2,4.94626555453365e-08,1.37004996548203e-06,,,1.47193693207389e-07,2.59290623775668e-06,-3.38895080400132,FALSE,FALSE,FALSE,FALSE,
LCK,Hepatocyte 2,Ig+ hepatocyte,,,1.31437024356592e-06,1.71506158210905e-06,partial,1,2,0,2,,1.51471591283749e-06,,,1.31437024356592e-06,1.71506158210905e-06,,FALSE,FALSE,FALSE,FALSE,
LCK,Hepatocyte 2,IgG+ B cell,,6.40826874220205e-08,3.14832685741782e-07,4.08450602969445e-08,partial,1,2,1,2,6.40826874220205e-08,1.77838873019363e-07,,,4.08450602969445e-08,3.14832685741782e-07,-0.798036274066496,FALSE,FALSE,FALSE,FALSE,
LCK,Hepatocyte 2,IgG+ plasmablast / plasma cell,,1.28540364864443e-08,5.32778172397056e-07,1.94701728443036e-07,partial,1,2,1,2,1.28540364864443e-08,3.63739950420046e-07,,,1.94701728443036e-07,5.32778172397056e-07,-2.14229209333289,FALSE,FALSE,FALSE,FALSE,
LCK,Hepatocyte 2,IgM+ B cell,,1.97447774606613e-09,3.16979831364372e-07,1.0504071748648e-07,partial,1,2,1,2,1.97447774606613e-09,2.11010274425426e-07,,,1.0504071748648e-07,3.16979831364372e-07,-1.71153651180868,FALSE,FALSE,FALSE,FALSE,
LCK,Hepatocyte 2,Macrophage 1,,3.88032317129138e-07,1.19699045379745e-06,5.74431162266993e-07,partial,1,2,1,2,3.88032317129138e-07,8.8571080803222e-07,,,5.74431162266993e-07,1.19699045379745e-06,-1.02949083292304,FALSE,FALSE,FALSE,FALSE,
LCK,Hepatocyte 2,Macrophage 2,,4.60531340652794e-07,1.63543679145922e-07,2.98534252279847e-07,partial,1,2,1,2,4.60531340652794e-07,2.31038965712884e-07,,,1.63543679145922e-07,2.98534252279847e-07,0.778253209289043,FALSE,FALSE,FALSE,FALSE,
LCK,Hepatocyte 2,Sinusoidal endothelial cell,,2.47124133666348e-09,9.7982646812778e-07,4.81697284581331e-07,partial,1,2,1,2,2.47124133666348e-09,7.30761876354555e-07,,,4.81697284581331e-07,9.7982646812778e-07,-3.15119501117403,FALSE,FALSE,FALSE,FALSE,
LCK,Hepatocyte 2,Stellate cell,,9.517955752305e-09,1.10511403817905e-07,3.28693459112153e-07,partial,1,2,1,2,9.517955752305e-09,2.19602431465029e-07,,,1.10511403817905e-07,3.28693459112153e-07,-1.63831749243979,FALSE,FALSE,FALSE,FALSE,
LCK,Hepatocyte 2,Vascular endothelial cell,,2.78261392907589e-09,1.18874047549839e-07,4.21800852955902e-08,partial,1,2,1,2,2.78261392907589e-09,8.05270664227144e-08,,,4.21800852955902e-08,1.18874047549839e-07,-0.87874425603802,FALSE,FALSE,FALSE,FALSE,
LCK,Hepatocyte 3,CD4+ T cell,,4.65232884998681e-07,1.89125941972857e-06,8.18620333543938e-07,partial,1,2,1,2,4.65232884998681e-07,1.35493987663625e-06,,,8.18620333543938e-07,1.89125941972857e-06,-1.3799956318431,FALSE,FALSE,FALSE,FALSE,
LCK,Hepatocyte 3,CD8+ T cell 1,,1.29297663836678e-05,1.4789513936179e-05,9.89840790050081e-06,partial,1,2,1,2,1.29297663836678e-05,1.23439609183399e-05,,,9.89840790050081e-06,1.4789513936179e-05,0.0664181057141635,FALSE,FALSE,FALSE,FALSE,
LCK,Hepatocyte 3,CD8+ T cell 2,,7.58752937579666e-06,2.88947529376673e-05,1.39754814445791e-05,partial,1,2,1,2,7.58752937579666e-06,2.14351171911232e-05,,,1.39754814445791e-05,2.88947529376673e-05,-1.48731847483241,FALSE,FALSE,FALSE,FALSE,
LCK,Hepatocyte 3,CD8+ T cell 3,,2.42657781404393e-05,1.39079941601339e-05,1.07831703988638e-05,partial,1,2,1,2,2.42657781404393e-05,1.23455822794988e-05,,,1.07831703988638e-05,1.39079941601339e-05,0.969795376482281,FALSE,FALSE,FALSE,FALSE,
LCK,Hepatocyte 3,Cholangiocyte,,2.12219648026183e-08,1.34627590518924e-06,1.72325618274245e-06,partial,1,2,1,2,2.12219648026183e-08,1.53476604396585e-06,,,1.34627590518924e-06,1.72325618274245e-06,-3.86985985696782,FALSE,FALSE,FALSE,FALSE,
LCK,Hepatocyte 3,Hepatocyte 1,,2.45573518385195e-08,1.54241515806381e-06,5.51267843781667e-07,partial,1,2,1,2,2.45573518385195e-08,1.04684150092274e-06,,,5.51267843781667e-07,1.54241515806381e-06,-3.31195899119696,FALSE,FALSE,FALSE,FALSE,
LCK,Hepatocyte 3,Hepatocyte 2,,5.19061788910433e-10,3.45476654659158e-06,1.0393374107668e-07,partial,1,2,1,2,5.19061788910433e-10,1.77935014383413e-06,,,1.0393374107668e-07,3.45476654659158e-06,-4.36960424635219,FALSE,FALSE,FALSE,FALSE,
LCK,Hepatocyte 3,Hepatocyte 3,,0,2.71778248327717e-06,1.61366018322633e-06,partial,1,2,1,2,0,2.16572133325175e-06,,,1.61366018322633e-06,2.71778248327717e-06,-4.64897407691214,FALSE,FALSE,FALSE,FALSE,
LCK,Hepatocyte 3,Hepatocyte 4,,0,2.93521902913753e-06,2.91229161577523e-07,partial,1,2,1,2,0,1.61322409535753e-06,,,2.91229161577523e-07,2.93521902913753e-06,-4.24363389914,FALSE,FALSE,FALSE,FALSE,
LCK,Hepatocyte 3,Ig+ hepatocyte,,,1.61328079331675e-06,3.54466669463208e-06,partial,1,2,0,2,,2.57897374397441e-06,,,1.61328079331675e-06,3.54466669463208e-06,,FALSE,FALSE,FALSE,FALSE,
LCK,Hepatocyte 3,IgG+ B cell,,5.97120189977295e-07,5.24906901010042e-07,3.36628450184653e-07,partial,1,2,1,2,5.97120189977295e-07,4.30767675597348e-07,,,3.36628450184653e-07,5.24906901010042e-07,0.399985913946957,FALSE,FALSE,FALSE,FALSE,
LCK,Hepatocyte 3,IgG+ plasmablast / plasma cell,,0,7.91713040704638e-07,4.63459802719571e-07,partial,1,2,1,2,0,6.27586421712104e-07,,,4.63459802719571e-07,7.91713040704638e-07,-2.99648026198088,FALSE,FALSE,FALSE,FALSE,
LCK,Hepatocyte 3,IgM+ B cell,,2.74191576646966e-07,7.917581986347e-07,7.80629858637004e-08,partial,1,2,1,2,2.74191576646966e-07,4.349105922492e-07,,,7.80629858637004e-08,7.917581986347e-07,-0.527488709726247,FALSE,FALSE,FALSE,FALSE,
LCK,Hepatocyte 3,Macrophage 1,,1.88622972361204e-07,1.532361758571e-06,9.00553144168853e-07,partial,1,2,1,2,1.88622972361204e-07,1.21645745136993e-06,,,9.00553144168853e-07,1.532361758571e-06,-2.22965875936292,FALSE,FALSE,FALSE,FALSE,
LCK,Hepatocyte 3,Macrophage 2,,1.97740974010922e-07,3.91993071839272e-07,1.44605533005061e-07,partial,1,2,1,2,1.97740974010922e-07,2.68299302422167e-07,,,1.44605533005061e-07,3.91993071839272e-07,-0.31648782027057,FALSE,FALSE,FALSE,FALSE,
LCK,Hepatocyte 3,Sinusoidal endothelial cell,,0,9.96819223098365e-07,7.17575273607679e-07,partial,1,2,1,2,0,8.57197248353022e-07,,,7.17575273607679e-07,9.96819223098365e-07,-3.39703858505156,FALSE,FALSE,FALSE,FALSE,
LCK,Hepatocyte 3,Stellate cell,,0,3.55277590003805e-07,4.15395143012387e-07,partial,1,2,1,2,0,3.85336366508096e-07,,,3.55277590003805e-07,4.15395143012387e-07,-2.40217968603694,FALSE,FALSE,FALSE,FALSE,
LCK,Hepatocyte 3,Vascular endothelial cell,,0,4.83201280770239e-07,1.77949152107639e-07,partial,1,2,1,2,0,3.30575216438939e-07,,,1.77949152107639e-07,4.83201280770239e-07,-2.22555741822158,FALSE,FALSE,FALSE,FALSE,
LCK,Hepatocyte 4,CD4+ T cell,,3.50656989208742e-08,1.11094641971335e-06,8.54652321483629e-07,partial,1,2,1,2,3.50656989208742e-08,9.8279937059849e-07,,,8.54652321483629e-07,1.11094641971335e-06,-3.10158489515007,FALSE,FALSE,FALSE,FALSE,
LCK,Hepatocyte 4,CD8+ T cell 1,,3.40703580555031e-05,1.38447324131996e-05,9.30938447761301e-06,partial,1,2,1,2,3.40703580555031e-05,1.15770584454063e-05,,,9.30938447761301e-06,1.38447324131996e-05,1.54988991748051,FALSE,FALSE,FALSE,FALSE,
LCK,Hepatocyte 4,CD8+ T cell 2,,2.79097649366337e-05,3.9948506898465e-05,1.11022399202145e-05,partial,1,2,1,2,2.79097649366337e-05,2.55253734093397e-05,,,1.11022399202145e-05,3.9948506898465e-05,0.128405245503821,FALSE,FALSE,FALSE,FALSE,
LCK,Hepatocyte 4,CD8+ T cell 3,,4.50555500276631e-05,2.48233041895194e-05,1.02189588011397e-05,partial,1,2,1,2,4.50555500276631e-05,1.75211314953295e-05,,,1.02189588011397e-05,2.48233041895194e-05,1.3581009031686,FALSE,FALSE,FALSE,FALSE,
LCK,Hepatocyte 4,Cholangiocyte,,0,6.14343386878595e-07,1.66975640834234e-07,partial,1,2,1,2,0,3.90659513856414e-07,,,1.66975640834234e-07,6.14343386878595e-07,-2.41824936840293,FALSE,FALSE,FALSE,FALSE,
LCK,Hepatocyte 4,Hepatocyte 1,,6.19906195893231e-07,3.52688324430787e-06,3.3986751834391e-07,partial,1,2,1,2,6.19906195893231e-07,1.93337538132589e-06,,,3.3986751834391e-07,3.52688324430787e-06,-1.51118826553456,FALSE,FALSE,FALSE,FALSE,
LCK,Hepatocyte 4,Hepatocyte 2,,5.23444735038854e-08,4.42087626554326e-06,1.0193462899429e-07,partial,1,2,1,2,5.23444735038854e-08,2.26140544726877e-06,,,1.0193462899429e-07,4.42087626554326e-06,-4.04696434096142,FALSE,FALSE,FALSE,FALSE,
LCK,Hepatocyte 4,Hepatocyte 3,,0,2.13279345755333e-07,9.64381719018807e-08,partial,1,2,1,2,0,1.54858758828607e-07,,,9.64381719018807e-08,2.13279345755333e-07,-1.44491086977618,FALSE,FALSE,FALSE,FALSE,
LCK,Hepatocyte 4,Hepatocyte 4,,9.15944767596501e-05,1.09314892799729e-05,1.37343009382708e-06,partial,1,2,1,2,9.15944767596501e-05,6.1524596869e-06,,,1.37343009382708e-06,1.09314892799729e-05,3.87651132205628,FALSE,FALSE,FALSE,FALSE,
LCK,Hepatocyte 4,Ig+ hepatocyte,,,5.6179889451641e-06,1.03752262432202e-06,partial,1,2,0,2,,3.32775578474306e-06,,,1.03752262432202e-06,5.6179889451641e-06,,FALSE,FALSE,FALSE,FALSE,
LCK,Hepatocyte 4,IgG+ B cell,,0,3.99657044650592e-07,4.99567142681365e-08,partial,1,2,1,2,0,2.24806879459364e-07,,,4.99567142681365e-08,3.99657044650592e-07,-1.80755179449746,FALSE,FALSE,FALSE,FALSE,
LCK,Hepatocyte 4,IgG+ plasmablast / plasma cell,,0,1.88801104970058e-06,1.70473448858332e-07,partial,1,2,1,2,0,1.02924224927946e-06,,,1.70473448858332e-07,1.88801104970058e-06,-3.63784622733322,FALSE,FALSE,FALSE,FALSE,
LCK,Hepatocyte 4,IgM+ B cell,,5.8705777864302e-10,6.01794298932354e-07,7.9434180895602e-08,partial,1,2,1,2,5.8705777864302e-10,3.40614239913978e-07,,,7.9434180895602e-08,6.01794298932354e-07,-2.25020739753892,FALSE,FALSE,FALSE,FALSE,
LCK,Hepatocyte 4,Macrophage 1,,1.73831322345217e-06,2.88764668111989e-06,6.10901784473128e-07,partial,1,2,1,2,1.73831322345217e-06,1.74927423279651e-06,,,6.10901784473128e-07,2.88764668111989e-06,-0.00862379174576735,FALSE,FALSE,FALSE,FALSE,
LCK,Hepatocyte 4,Macrophage 2,,2.15089378073057e-10,3.21562151963361e-07,5.24125697261137e-07,partial,1,2,1,2,2.15089378073057e-10,4.22843924612249e-07,,,3.21562151963361e-07,5.24125697261137e-07,-2.50832433107598,FALSE,FALSE,FALSE,FALSE,
LCK,Hepatocyte 4,Sinusoidal endothelial cell,,2.18372317533462e-06,2.03249644761017e-06,1.03811030927504e-06,partial,1,2,1,2,2.18372317533462e-06,1.5353033784426e-06,,,1.03811030927504e-06,2.03249644761017e-06,0.484371485347363,FALSE,FALSE,FALSE,FALSE,
LCK,Hepatocyte 4,Stellate cell,,1.79974584915564e-06,4.29567621429103e-07,4.8075986901527e-07,partial,1,2,1,2,1.79974584915564e-06,4.55163745222186e-07,,,4.29567621429103e-07,4.8075986901527e-07,1.79360850807349,FALSE,FALSE,FALSE,FALSE,
LCK,Hepatocyte 4,Vascular endothelial cell,,6.65354060268064e-08,3.61400833942234e-08,4.77717548606368e-08,partial,1,2,1,2,6.65354060268064e-08,4.19559191274301e-08,,,3.61400833942234e-08,4.77717548606368e-08,0.246595155294476,FALSE,FALSE,FALSE,FALSE,
LCK,Ig+ hepatocyte,CD4+ T cell,,,4.30778340939315e-06,2.90523756387841e-06,partial,1,2,0,2,,3.60651048663578e-06,,,2.90523756387841e-06,4.30778340939315e-06,,FALSE,FALSE,FALSE,FALSE,
LCK,Ig+ hepatocyte,CD8+ T cell 1,,,2.85704151956519e-05,1.37592383920083e-05,partial,1,2,0,2,,2.11648267938301e-05,,,1.37592383920083e-05,2.85704151956519e-05,,FALSE,FALSE,FALSE,FALSE,
LCK,Ig+ hepatocyte,CD8+ T cell 2,,,3.02805863228599e-05,1.93873394322675e-05,partial,1,2,0,2,,2.48339628775637e-05,,,1.93873394322675e-05,3.02805863228599e-05,,FALSE,FALSE,FALSE,FALSE,
LCK,Ig+ hepatocyte,CD8+ T cell 3,,,2.71379660288242e-05,1.66764751538905e-05,partial,1,2,0,2,,2.19072205913573e-05,,,1.66764751538905e-05,2.71379660288242e-05,,FALSE,FALSE,FALSE,FALSE,
LCK,Ig+ hepatocyte,Cholangiocyte,,,2.94197855621341e-06,1.06648401179338e-06,partial,1,2,0,2,,2.00423128400339e-06,,,1.06648401179338e-06,2.94197855621341e-06,,FALSE,FALSE,FALSE,FALSE,
LCK,Ig+ hepatocyte,Hepatocyte 1,,,2.46702030996836e-06,4.8955920572837e-07,partial,1,2,0,2,,1.47828975784836e-06,,,4.8955920572837e-07,2.46702030996836e-06,,FALSE,FALSE,FALSE,FALSE,
LCK,Ig+ hepatocyte,Hepatocyte 2,,,1.0019308380924e-06,3.04238482285403e-07,partial,1,2,0,2,,6.53084660188901e-07,,,3.04238482285403e-07,1.0019308380924e-06,,FALSE,FALSE,FALSE,FALSE,
LCK,Ig+ hepatocyte,Hepatocyte 3,,,1.05119644791681e-06,2.4811629098055e-07,partial,1,2,0,2,,6.49656369448679e-07,,,2.4811629098055e-07,1.05119644791681e-06,,FALSE,FALSE,FALSE,FALSE,
LCK,Ig+ hepatocyte,Hepatocyte 4,,,5.73952549581082e-06,9.5348153272447e-07,partial,1,2,0,2,,3.34650351426765e-06,,,9.5348153272447e-07,5.73952549581082e-06,,FALSE,FALSE,FALSE,FALSE,
LCK,Ig+ hepatocyte,Ig+ hepatocyte,,,3.48962393112103e-05,1.39093991350232e-05,partial,1,2,0,2,,2.44028192231168e-05,,,1.39093991350232e-05,3.48962393112103e-05,,FALSE,FALSE,FALSE,FALSE,
LCK,Ig+ hepatocyte,IgG+ B cell,,,1.53143313966309e-06,3.69666857833481e-07,partial,1,2,0,2,,9.50549998748288e-07,,,3.69666857833481e-07,1.53143313966309e-06,,FALSE,FALSE,FALSE,FALSE,
LCK,Ig+ hepatocyte,IgG+ plasmablast / plasma cell,,,7.48662355102875e-06,1.33047672529419e-06,partial,1,2,0,2,,4.40855013816147e-06,,,1.33047672529419e-06,7.48662355102875e-06,,FALSE,FALSE,FALSE,FALSE,
LCK,Ig+ hepatocyte,IgM+ B cell,,,1.92119129367562e-06,7.30233088405175e-07,partial,1,2,0,2,,1.3257121910404e-06,,,7.30233088405175e-07,1.92119129367562e-06,,FALSE,FALSE,FALSE,FALSE,
LCK,Ig+ hepatocyte,Macrophage 1,,,7.53915899104148e-06,1.45420470708682e-06,partial,1,2,0,2,,4.49668184906415e-06,,,1.45420470708682e-06,7.53915899104148e-06,,FALSE,FALSE,FALSE,FALSE,
LCK,Ig+ hepatocyte,Macrophage 2,,,2.30067967202343e-06,6.01706832200387e-07,partial,1,2,0,2,,1.45119325211191e-06,,,6.01706832200387e-07,2.30067967202343e-06,,FALSE,FALSE,FALSE,FALSE,
LCK,Ig+ hepatocyte,Sinusoidal endothelial cell,,,3.12302781183107e-06,1.82837722479275e-06,partial,1,2,0,2,,2.47570251831191e-06,,,1.82837722479275e-06,3.12302781183107e-06,,FALSE,FALSE,FALSE,FALSE,
LCK,Ig+ hepatocyte,Stellate cell,,,1.10717915678816e-06,1.11184920191593e-06,partial,1,2,0,2,,1.10951417935205e-06,,,1.10717915678816e-06,1.11184920191593e-06,,FALSE,FALSE,FALSE,FALSE,
LCK,Ig+ hepatocyte,Vascular endothelial cell,,,5.5649599954808e-07,1.02305958179896e-06,partial,1,2,0,2,,7.89777790673522e-07,,,5.5649599954808e-07,1.02305958179896e-06,,FALSE,FALSE,FALSE,FALSE,
LCK,IgG+ B cell,CD4+ T cell,,1.65653753314353e-05,3.89294989570599e-06,3.1416958599147e-06,partial,1,2,1,2,1.65653753314353e-05,3.51732287781034e-06,,,3.1416958599147e-06,3.89294989570599e-06,2.20701698691717,FALSE,FALSE,FALSE,FALSE,
LCK,IgG+ B cell,CD8+ T cell 1,,6.8822882864729e-05,1.17794929361969e-05,8.69010003105096e-06,partial,1,2,1,2,6.8822882864729e-05,1.02347964836239e-05,,,8.69010003105096e-06,1.17794929361969e-05,2.73867158470719,FALSE,FALSE,FALSE,FALSE,
LCK,IgG+ B cell,CD8+ T cell 2,,5.38289349060699e-06,4.47794791361975e-06,5.75878595322085e-06,partial,1,2,1,2,5.38289349060699e-06,5.1183669334203e-06,,,4.47794791361975e-06,5.75878595322085e-06,0.0714739533275843,FALSE,FALSE,FALSE,FALSE,
LCK,IgG+ B cell,CD8+ T cell 3,,0.000228069300619663,1.09375716479447e-05,7.41268968784108e-06,partial,1,2,1,2,0.000228069300619663,9.17513066789289e-06,,,7.41268968784108e-06,1.09375716479447e-05,4.6221004375819,FALSE,FALSE,FALSE,FALSE,
LCK,IgG+ B cell,Cholangiocyte,,6.22996301550376e-08,2.32748245534284e-06,2.15139018276627e-06,partial,1,2,1,2,6.22996301550376e-08,2.23943631905456e-06,,,2.15139018276627e-06,2.32748245534284e-06,-3.93583281170747,FALSE,FALSE,FALSE,FALSE,
LCK,IgG+ B cell,Hepatocyte 1,,1.2673493772176e-09,3.19533943151291e-07,3.37938044589623e-07,partial,1,2,1,2,1.2673493772176e-09,3.28735993870457e-07,,,3.19533943151291e-07,3.37938044589623e-07,-2.19903822092304,FALSE,FALSE,FALSE,FALSE,
LCK,IgG+ B cell,Hepatocyte 2,,2.05617518629677e-08,5.42898696273014e-08,1.78172511299306e-07,partial,1,2,1,2,2.05617518629677e-08,1.16231190463303e-07,,,5.42898696273014e-08,1.78172511299306e-07,-0.899982118380112,FALSE,FALSE,FALSE,FALSE,
LCK,IgG+ B cell,Hepatocyte 3,,0,5.34746322613117e-07,4.85212305209135e-08,partial,1,2,1,2,0,2.91633776567015e-07,,,4.85212305209135e-08,5.34746322613117e-07,-2.08534938457495,FALSE,FALSE,FALSE,FALSE,
LCK,IgG+ B cell,Hepatocyte 4,,5.37020646886677e-06,5.02601373309754e-07,1.65577043169649e-07,partial,1,2,1,2,5.37020646886677e-06,3.34089208239702e-07,,,1.65577043169649e-07,5.02601373309754e-07,3.68681213843485,FALSE,FALSE,FALSE,FALSE,
LCK,IgG+ B cell,Ig+ hepatocyte,,,2.00504646429294e-06,8.16388287618415e-07,partial,1,2,0,2,,1.41071737595568e-06,,,8.16388287618415e-07,2.00504646429294e-06,,FALSE,FALSE,FALSE,FALSE,
LCK,IgG+ B cell,IgG+ B cell,,1.59943670058718e-07,3.88621901957977e-06,1.09800404884289e-06,partial,1,2,1,2,1.59943670058718e-07,2.49211153421133e-06,,,1.09800404884289e-06,3.88621901957977e-06,-3.36936879908361,FALSE,FALSE,FALSE,FALSE,
LCK,IgG+ B cell,IgG+ plasmablast / plasma cell,,4.69233795986102e-08,3.42479059470337e-06,1.66025452162588e-06,partial,1,2,1,2,4.69233795986102e-08,2.54252255816462e-06,,,1.66025452162588e-06,3.42479059470337e-06,-4.26594869173948,FALSE,FALSE,FALSE,FALSE,
LCK,IgG+ B cell,IgM+ B cell,,2.40666580966239e-07,9.73353454429112e-07,1.42492808788057e-06,partial,1,2,1,2,2.40666580966239e-07,1.19914077115484e-06,,,9.73353454429112e-07,1.42492808788057e-06,-1.96326701977803,FALSE,FALSE,FALSE,FALSE,
LCK,IgG+ B cell,Macrophage 1,,1.33534201582618e-05,1.54179260363374e-06,4.03452742183998e-07,partial,1,2,1,2,1.33534201582618e-05,9.72622672908869e-07,,,4.03452742183998e-07,1.54179260363374e-06,3.66131698831272,FALSE,FALSE,FALSE,FALSE,
LCK,IgG+ B cell,Macrophage 2,,3.62420910365321e-06,7.43128515212224e-07,5.87180232602225e-07,partial,1,2,1,2,3.62420910365321e-06,6.65154373907225e-07,,,5.87180232602225e-07,7.43128515212224e-07,2.29835526339228,FALSE,FALSE,FALSE,FALSE,
LCK,IgG+ B cell,Sinusoidal endothelial cell,,7.35241876095542e-07,9.57082066101181e-07,1.1732199461856e-06,partial,1,2,1,2,7.35241876095542e-07,1.06515100614339e-06,,,9.57082066101181e-07,1.1732199461856e-06,-0.485239672615492,FALSE,FALSE,FALSE,FALSE,
LCK,IgG+ B cell,Stellate cell,,2.07978129644823e-06,1.02018468979989e-06,7.81117764438317e-07,partial,1,2,1,2,2.07978129644823e-06,9.00651227119103e-07,,,7.81117764438317e-07,1.02018468979989e-06,1.13117523681828,FALSE,FALSE,FALSE,FALSE,
LCK,IgG+ B cell,Vascular endothelial cell,,5.09980817647493e-06,6.23583552751937e-07,1.29974107670388e-06,partial,1,2,1,2,5.09980817647493e-06,9.61662314727908e-07,,,6.23583552751937e-07,1.29974107670388e-06,2.30311297258467,FALSE,FALSE,FALSE,FALSE,
LCK,IgG+ plasmablast / plasma cell,CD4+ T cell,,4.76841306916925e-05,5.47733445019783e-06,6.39522167236145e-06,partial,1,2,1,2,4.76841306916925e-05,5.93627806127964e-06,,,5.47733445019783e-06,6.39522167236145e-06,2.98691022843437,FALSE,FALSE,FALSE,FALSE,
LCK,IgG+ plasmablast / plasma cell,CD8+ T cell 1,,0.000209829597284087,1.78367302599046e-05,1.54902558065991e-05,partial,1,2,1,2,0.000209829597284087,1.66634930332518e-05,,,1.54902558065991e-05,1.78367302599046e-05,3.64731051177931,FALSE,FALSE,FALSE,FALSE,
LCK,IgG+ plasmablast / plasma cell,CD8+ T cell 2,,0.000111842326786199,1.19156259296733e-05,5.63092838190662e-06,partial,1,2,1,2,0.000111842326786199,8.77327715578996e-06,,,5.63092838190662e-06,1.19156259296733e-05,3.65865687163664,FALSE,FALSE,FALSE,FALSE,
LCK,IgG+ plasmablast / plasma cell,CD8+ T cell 3,,7.82695118065408e-05,1.87602636334179e-05,1.40848841497446e-05,partial,1,2,1,2,7.82695118065408e-05,1.64225738915813e-05,,,1.40848841497446e-05,1.87602636334179e-05,2.24654990347585,FALSE,FALSE,FALSE,FALSE,
LCK,IgG+ plasmablast / plasma cell,Cholangiocyte,,0.00027498950316785,2.66679137095923e-06,1.58635703344044e-06,partial,1,2,1,2,0.00027498950316785,2.12657420219984e-06,,,1.58635703344044e-06,2.66679137095923e-06,6.95543414022596,FALSE,FALSE,FALSE,FALSE,
LCK,IgG+ plasmablast / plasma cell,Hepatocyte 1,,0,7.47020476459792e-07,3.05920814161409e-07,partial,1,2,1,2,0,5.26470645310601e-07,,,3.05920814161409e-07,7.47020476459792e-07,-2.77732872652223,FALSE,FALSE,FALSE,FALSE,
LCK,IgG+ plasmablast / plasma cell,Hepatocyte 2,,0,2.41281281002946e-07,2.29508453016271e-07,partial,1,2,1,2,0,2.35394867009609e-07,,,2.29508453016271e-07,2.41281281002946e-07,-1.85529030413812,FALSE,FALSE,FALSE,FALSE,
LCK,IgG+ plasmablast / plasma cell,Hepatocyte 3,,0,7.29168393206241e-07,3.76640248913523e-07,partial,1,2,1,2,0,5.52904321059882e-07,,,3.76640248913523e-07,7.29168393206241e-07,-2.83790966205078,FALSE,FALSE,FALSE,FALSE,
LCK,IgG+ plasmablast / plasma cell,Hepatocyte 4,,0,1.25603449283913e-06,1.82029881079411e-07,partial,1,2,1,2,0,7.19032186959269e-07,,,1.82029881079411e-07,1.25603449283913e-06,-3.16954623168381,FALSE,FALSE,FALSE,FALSE,
LCK,IgG+ plasmablast / plasma cell,Ig+ hepatocyte,,,5.28267710014799e-06,1.1932326373444e-06,partial,1,2,0,2,,3.2379548687462e-06,,,1.1932326373444e-06,5.28267710014799e-06,,FALSE,FALSE,FALSE,FALSE,
LCK,IgG+ plasmablast / plasma cell,IgG+ B cell,,0,2.60170001452273e-06,1.53556128950026e-06,partial,1,2,1,2,0,2.0686306520115e-06,,,1.53556128950026e-06,2.60170001452273e-06,-4.58549892421263,FALSE,FALSE,FALSE,FALSE,
LCK,IgG+ plasmablast / plasma cell,IgG+ plasmablast / plasma cell,,0.000395275471057545,6.60333337536469e-06,4.82602190101883e-06,partial,1,2,1,2,0.000395275471057545,5.71467763819176e-06,,,4.82602190101883e-06,6.60333337536469e-06,6.08985024433787,FALSE,FALSE,FALSE,FALSE,
LCK,IgG+ plasmablast / plasma cell,IgM+ B cell,,4.03647003522597e-05,2.27255068975062e-06,2.09391630289882e-06,partial,1,2,1,2,4.03647003522597e-05,2.18323349632472e-06,,,2.09391630289882e-06,2.27255068975062e-06,4.15354611273643,FALSE,FALSE,FALSE,FALSE,
LCK,IgG+ plasmablast / plasma cell,Macrophage 1,,4.21416816825687e-08,2.46913914327814e-06,1.13797801922801e-06,partial,1,2,1,2,4.21416816825687e-08,1.80355858125307e-06,,,1.13797801922801e-06,2.46913914327814e-06,-3.84190188151119,FALSE,FALSE,FALSE,FALSE,
LCK,IgG+ plasmablast / plasma cell,Macrophage 2,,1.59920016800721e-07,1.17626201846166e-06,8.11957821229677e-07,partial,1,2,1,2,1.59920016800721e-07,9.94109919845668e-07,,,8.11957821229677e-07,1.17626201846166e-06,-2.11739220349461,FALSE,FALSE,FALSE,FALSE,
LCK,IgG+ plasmablast / plasma cell,Sinusoidal endothelial cell,,1.20893218688679e-07,1.32133703660297e-06,4.15985339509532e-07,partial,1,2,1,2,1.20893218688679e-07,8.68661188056252e-07,,,4.15985339509532e-07,1.32133703660297e-06,-2.18501230905462,FALSE,FALSE,FALSE,FALSE,
LCK,IgG+ plasmablast / plasma cell,Stellate cell,,1.73174220471039e-05,1.25443223874004e-06,8.75621757721562e-07,partial,1,2,1,2,1.73174220471039e-05,1.0650269982308e-06,,,8.75621757721562e-07,1.25443223874004e-06,3.91381420520565,FALSE,FALSE,FALSE,FALSE,
LCK,IgG+ plasmablast / plasma cell,Vascular endothelial cell,,2.45570561279185e-06,8.79278736060098e-07,4.74927972684042e-07,partial,1,2,1,2,2.45570561279185e-06,6.7710335437207e-07,,,4.74927972684042e-07,8.79278736060098e-07,1.73069680349105,FALSE,FALSE,FALSE,FALSE,
LCK,IgM+ B cell,CD4+ T cell,,6.45020685588052e-05,1.63611646790357e-05,2.18025241499728e-05,partial,1,2,1,2,6.45020685588052e-05,1.90818444145043e-05,,,1.63611646790357e-05,2.18025241499728e-05,1.7523728825928,FALSE,FALSE,FALSE,FALSE,
LCK,IgM+ B cell,CD8+ T cell 1,,0.000146868740053927,2.00751038441096e-05,1.82690091469633e-05,partial,1,2,1,2,0.000146868740053927,1.91720564955365e-05,,,1.82690091469633e-05,2.00751038441096e-05,2.93158366355449,FALSE,FALSE,FALSE,FALSE,
LCK,IgM+ B cell,CD8+ T cell 2,,0.000116947378624031,6.11298227958135e-06,8.46587535054592e-06,partial,1,2,1,2,0.000116947378624031,7.28942881506363e-06,,,6.11298227958135e-06,8.46587535054592e-06,3.9873336954738,FALSE,FALSE,FALSE,FALSE,
LCK,IgM+ B cell,CD8+ T cell 3,,0.000266151731936633,1.88365601921469e-05,1.77038887332593e-05,partial,1,2,1,2,0.000266151731936633,1.82702244627031e-05,,,1.77038887332593e-05,1.88365601921469e-05,3.85808802995915,FALSE,FALSE,FALSE,FALSE,
LCK,IgM+ B cell,Cholangiocyte,,1.38309274847618e-05,4.3143589907746e-06,2.59170042725588e-06,partial,1,2,1,2,1.38309274847618e-05,3.45302970901524e-06,,,2.59170042725588e-06,4.3143589907746e-06,1.97422853039618,FALSE,FALSE,FALSE,FALSE,
LCK,IgM+ B cell,Hepatocyte 1,,4.36967207647492e-07,5.24308745605877e-07,2.36739131600113e-07,partial,1,2,1,2,4.36967207647492e-07,3.80523938602995e-07,,,2.36739131600113e-07,5.24308745605877e-07,0.163476080439066,FALSE,FALSE,FALSE,FALSE,
LCK,IgM+ B cell,Hepatocyte 2,,4.33112294889193e-07,1.36078043963201e-07,2.91260570810783e-07,partial,1,2,1,2,4.33112294889193e-07,2.13669307386992e-07,,,1.36078043963201e-07,2.91260570810783e-07,0.784807812790556,FALSE,FALSE,FALSE,FALSE,
LCK,IgM+ B cell,Hepatocyte 3,,0,1.43544205033057e-07,2.78414884404735e-07,partial,1,2,1,2,0,2.10979544718896e-07,,,1.43544205033057e-07,2.78414884404735e-07,-1.74273028119566,FALSE,FALSE,FALSE,FALSE,
LCK,IgM+ B cell,Hepatocyte 4,,3.74026534108272e-07,7.47368101602525e-07,2.21488967104377e-07,partial,1,2,1,2,3.74026534108272e-07,4.84428534353451e-07,,,2.21488967104377e-07,7.47368101602525e-07,-0.307976545644279,FALSE,FALSE,FALSE,FALSE,
LCK,IgM+ B cell,Ig+ hepatocyte,,,1.37510509949775e-06,7.86952279591302e-07,partial,1,2,0,2,,1.08102868954452e-06,,,7.86952279591302e-07,1.37510509949775e-06,,FALSE,FALSE,FALSE,FALSE,
LCK,IgM+ B cell,IgG+ B cell,,1.56927851731604e-06,1.43436306426352e-06,7.1292766540174e-07,partial,1,2,1,2,1.56927851731604e-06,1.07364536483263e-06,,,7.1292766540174e-07,1.43436306426352e-06,0.511939594671568,FALSE,FALSE,FALSE,FALSE,
LCK,IgM+ B cell,IgG+ plasmablast / plasma cell,,2.60245408437872e-06,3.97953960767569e-06,2.45519888349249e-06,partial,1,2,1,2,2.60245408437872e-06,3.21736924558409e-06,,,2.45519888349249e-06,3.97953960767569e-06,-0.296771786917715,FALSE,FALSE,FALSE,FALSE,
LCK,IgM+ B cell,IgM+ B cell,,0.000142082876126845,1.3918939929436e-05,2.76730154586026e-05,partial,1,2,1,2,0.000142082876126845,2.07959776940193e-05,,,1.3918939929436e-05,2.76730154586026e-05,2.76704523254277,FALSE,FALSE,FALSE,FALSE,
LCK,IgM+ B cell,Macrophage 1,,1.46166335044492e-05,1.97498351776635e-06,1.43670103119353e-06,partial,1,2,1,2,1.46166335044492e-05,1.70584227447994e-06,,,1.43670103119353e-06,1.97498351776635e-06,3.0338010815388,FALSE,FALSE,FALSE,FALSE,
LCK,IgM+ B cell,Macrophage 2,,2.45819240186595e-06,1.66220393396853e-06,1.3757016073866e-06,partial,1,2,1,2,2.45819240186595e-06,1.51895277067757e-06,,,1.3757016073866e-06,1.66220393396853e-06,0.663383444441916,FALSE,FALSE,FALSE,FALSE,
LCK,IgM+ B cell,Sinusoidal endothelial cell,,6.17952725046523e-08,1.23224521692067e-06,3.60134770454377e-07,partial,1,2,1,2,6.17952725046523e-08,7.96189993687523e-07,,,3.60134770454377e-07,1.23224521692067e-06,-2.54623316568305,FALSE,FALSE,FALSE,FALSE,
LCK,IgM+ B cell,Stellate cell,,3.28499477026779e-06,1.42108453325207e-06,1.1170454369904e-06,partial,1,2,1,2,3.28499477026779e-06,1.26906498512124e-06,,,1.1170454369904e-06,1.42108453325207e-06,1.31233070011558,FALSE,FALSE,FALSE,FALSE,
LCK,IgM+ B cell,Vascular endothelial cell,,2.6498737054557e-06,2.98331671131881e-06,5.16452050579727e-07,partial,1,2,1,2,2.6498737054557e-06,1.74988438094927e-06,,,5.16452050579727e-07,2.98331671131881e-06,0.574518606014607,FALSE,FALSE,FALSE,FALSE,
LCK,Macrophage 1,CD4+ T cell,,4.04471042093522e-06,3.45656356894987e-06,2.89401702946842e-06,partial,1,2,1,2,4.04471042093522e-06,3.17529029920915e-06,,,2.89401702946842e-06,3.45656356894987e-06,0.340583805321884,FALSE,FALSE,FALSE,FALSE,
LCK,Macrophage 1,CD8+ T cell 1,,9.47262948668568e-05,2.40029167785973e-05,2.04879700912659e-05,partial,1,2,1,2,9.47262948668568e-05,2.22454434349316e-05,,,2.04879700912659e-05,2.40029167785973e-05,2.0858047830778,FALSE,FALSE,FALSE,FALSE,
LCK,Macrophage 1,CD8+ T cell 2,,0.000111780747429384,3.51138887608909e-05,2.21810521232609e-05,partial,1,2,1,2,0.000111780747429384,2.86474704420759e-05,,,2.21810521232609e-05,3.51138887608909e-05,1.96083138241127,FALSE,FALSE,FALSE,FALSE,
LCK,Macrophage 1,CD8+ T cell 3,,0.000108992041766531,2.14993544928648e-05,2.24420227738466e-05,partial,1,2,1,2,0.000108992041766531,2.19706886333557e-05,,,2.14993544928648e-05,2.24420227738466e-05,2.30586880478934,FALSE,FALSE,FALSE,FALSE,
LCK,Macrophage 1,Cholangiocyte,,1.29422138971495e-05,1.33521549591652e-06,9.03497173472135e-07,partial,1,2,1,2,1.29422138971495e-05,1.11935633469433e-06,,,9.03497173472135e-07,1.33521549591652e-06,3.42987308383337,FALSE,FALSE,FALSE,FALSE,
LCK,Macrophage 1,Hepatocyte 1,,7.11729647131611e-07,2.42611221173425e-06,6.75756147959797e-07,partial,1,2,1,2,7.11729647131611e-07,1.55093417984702e-06,,,6.75756147959797e-07,2.42611221173425e-06,-1.03341654798451,FALSE,FALSE,FALSE,FALSE,
LCK,Macrophage 1,Hepatocyte 2,,5.4212867990872e-07,1.64927330890692e-06,3.27026132240896e-07,partial,1,2,1,2,5.4212867990872e-07,9.88149720573909e-07,,,3.27026132240896e-07,1.64927330890692e-06,-0.770356522501608,FALSE,FALSE,FALSE,FALSE,
LCK,Macrophage 1,Hepatocyte 3,,2.48125985528523e-09,1.07254509592658e-06,4.56235511278484e-07,partial,1,2,1,2,2.48125985528523e-09,7.64390303602531e-07,,,4.56235511278484e-07,1.07254509592658e-06,-3.20897664241106,FALSE,FALSE,FALSE,FALSE,
LCK,Macrophage 1,Hepatocyte 4,,1.56890179770281e-06,2.44758018476848e-06,6.30598538343012e-07,partial,1,2,1,2,1.56890179770281e-06,1.53908936155575e-06,,,6.30598538343012e-07,2.44758018476848e-06,0.0261642450463925,FALSE,FALSE,FALSE,FALSE,
LCK,Macrophage 1,Ig+ hepatocyte,,,4.02021764229012e-06,2.59765790751212e-06,partial,1,2,0,2,,3.30893777490112e-06,,,2.59765790751212e-06,4.02021764229012e-06,,FALSE,FALSE,FALSE,FALSE,
LCK,Macrophage 1,IgG+ B cell,,1.39669828856931e-06,1.05777437635097e-06,1.98695389567325e-07,partial,1,2,1,2,1.39669828856931e-06,6.28234882959148e-07,,,1.98695389567325e-07,1.05777437635097e-06,1.04968231592643,FALSE,FALSE,FALSE,FALSE,
LCK,Macrophage 1,IgG+ plasmablast / plasma cell,,1.6791953783674e-06,2.48768213769132e-06,9.30242336646604e-07,partial,1,2,1,2,1.6791953783674e-06,1.70896223716896e-06,,,9.30242336646604e-07,2.48768213769132e-06,-0.0240727981649286,FALSE,FALSE,FALSE,FALSE,
LCK,Macrophage 1,IgM+ B cell,,3.41171885653186e-06,1.62161032424638e-06,1.02223332531545e-06,partial,1,2,1,2,3.41171885653186e-06,1.32192182478091e-06,,,1.02223332531545e-06,1.62161032424638e-06,1.31046062989835,FALSE,FALSE,FALSE,FALSE,
LCK,Macrophage 1,Macrophage 1,,1.33204747902164e-05,6.23044845276275e-06,3.17295523287744e-06,partial,1,2,1,2,1.33204747902164e-05,4.70170184282009e-06,,,3.17295523287744e-06,6.23044845276275e-06,1.48476854145511,FALSE,FALSE,FALSE,FALSE,
LCK,Macrophage 1,Macrophage 2,,6.91246932108911e-07,1.08875447272253e-06,6.23239436698713e-07,partial,1,2,1,2,6.91246932108911e-07,8.55996954710622e-07,,,6.23239436698713e-07,1.08875447272253e-06,-0.276087291023081,FALSE,FALSE,FALSE,FALSE,
LCK,Macrophage 1,Sinusoidal endothelial cell,,5.58036126114224e-07,3.11375073706985e-06,1.65226894762264e-06,partial,1,2,1,2,5.58036126114224e-07,2.38300984234624e-06,,,1.65226894762264e-06,3.11375073706985e-06,-1.93227697917736,FALSE,FALSE,FALSE,FALSE,
LCK,Macrophage 1,Stellate cell,,1.30096730830215e-06,1.14821342842951e-06,9.78087622497281e-07,partial,1,2,1,2,1.30096730830215e-06,1.0631505254634e-06,,,9.78087622497281e-07,1.14821342842951e-06,0.270527865937655,FALSE,FALSE,FALSE,FALSE,
LCK,Macrophage 1,Vascular endothelial cell,,2.67251016556634e-07,5.36226273082464e-07,3.05725105377137e-07,partial,1,2,1,2,2.67251016556634e-07,4.209756892298e-07,,,3.05725105377137e-07,5.36226273082464e-07,-0.51643128129515,FALSE,FALSE,FALSE,FALSE,
LCK,Macrophage 2,CD4+ T cell,,1.32159787806241e-05,4.0771629673705e-06,3.25256615765588e-06,partial,1,2,1,2,1.32159787806241e-05,3.66486456251319e-06,,,3.25256615765588e-06,4.0771629673705e-06,1.82526790473637,FALSE,FALSE,FALSE,FALSE,
LCK,Macrophage 2,CD8+ T cell 1,,7.77654010898193e-05,1.25145824061588e-05,1.24438100699808e-05,partial,1,2,1,2,7.77654010898193e-05,1.24791962380698e-05,,,1.24438100699808e-05,1.25145824061588e-05,2.63091381909288,FALSE,FALSE,FALSE,FALSE,
LCK,Macrophage 2,CD8+ T cell 2,,4.6246029105227e-05,8.62086555191635e-06,1.08799454639465e-05,partial,1,2,1,2,4.6246029105227e-05,9.75040550793144e-06,,,8.62086555191635e-06,1.08799454639465e-05,2.23535564433739,FALSE,FALSE,FALSE,FALSE,
LCK,Macrophage 2,CD8+ T cell 3,,0.000133233957418851,1.30430702253291e-05,1.3518246498706e-05,partial,1,2,1,2,0.000133233957418851,1.32806583620176e-05,,,1.30430702253291e-05,1.3518246498706e-05,3.3178028034968,FALSE,FALSE,FALSE,FALSE,
LCK,Macrophage 2,Cholangiocyte,,1.24629141958701e-05,2.71265824131276e-06,1.30499244753246e-06,partial,1,2,1,2,1.24629141958701e-05,2.00882534442261e-06,,,1.30499244753246e-06,2.71265824131276e-06,2.58042236292026,FALSE,FALSE,FALSE,FALSE,
LCK,Macrophage 2,Hepatocyte 1,,4.74724311856198e-07,5.5477783647205e-07,3.95292221202763e-07,partial,1,2,1,2,4.74724311856198e-07,4.75035028837406e-07,,,3.95292221202763e-07,5.5477783647205e-07,-0.00079369966427362,FALSE,FALSE,FALSE,FALSE,
LCK,Macrophage 2,Hepatocyte 2,,8.43929260414385e-08,4.89122240953173e-07,2.16370268914973e-07,partial,1,2,1,2,8.43929260414385e-08,3.52746254934073e-07,,,2.16370268914973e-07,4.89122240953173e-07,-1.34461222577697,FALSE,FALSE,FALSE,FALSE,
LCK,Macrophage 2,Hepatocyte 3,,0,1.15033119123268e-06,3.5099303878612e-07,partial,1,2,1,2,0,7.50662115009401e-07,,,3.5099303878612e-07,1.15033119123268e-06,-3.22488152565612,FALSE,FALSE,FALSE,FALSE,
LCK,Macrophage 2,Hepatocyte 4,,7.38170663359316e-09,6.11719883319949e-07,2.72949800319712e-07,partial,1,2,1,2,7.38170663359316e-09,4.42334841819831e-07,,,2.72949800319712e-07,6.11719883319949e-07,-2.45175495589344,FALSE,FALSE,FALSE,FALSE,
LCK,Macrophage 2,Ig+ hepatocyte,,,1.78962144389753e-06,9.91845829149128e-07,partial,1,2,0,2,,1.39073363652333e-06,,,9.91845829149128e-07,1.78962144389753e-06,,FALSE,FALSE,FALSE,FALSE,
LCK,Macrophage 2,IgG+ B cell,,1.73381978611495e-05,1.08125262893136e-06,1.8740140590738e-07,partial,1,2,1,2,1.73381978611495e-05,6.34327017419373e-07,,,1.8740140590738e-07,1.08125262893136e-06,4.58881866811711,FALSE,FALSE,FALSE,FALSE,
LCK,Macrophage 2,IgG+ plasmablast / plasma cell,,3.14683551343182e-06,1.80529898745832e-06,7.79499544645578e-07,partial,1,2,1,2,3.14683551343182e-06,1.29239926605195e-06,,,7.79499544645578e-07,1.80529898745832e-06,1.22746615744187,FALSE,FALSE,FALSE,FALSE,
LCK,Macrophage 2,IgM+ B cell,,7.93954843385589e-06,1.90475606503148e-06,1.80280442986114e-06,partial,1,2,1,2,7.93954843385589e-06,1.85378024744631e-06,,,1.80280442986114e-06,1.90475606503148e-06,2.04650684977708,FALSE,FALSE,FALSE,FALSE,
LCK,Macrophage 2,Macrophage 1,,2.44974542609245e-06,1.76574196674905e-06,1.15163157055354e-06,partial,1,2,1,2,2.44974542609245e-06,1.4586867686513e-06,,,1.15163157055354e-06,1.76574196674905e-06,0.713672841113891,FALSE,FALSE,FALSE,FALSE,
LCK,Macrophage 2,Macrophage 2,,2.77237435779814e-06,1.2462366155633e-06,7.42138129905404e-07,partial,1,2,1,2,2.77237435779814e-06,9.94187372734352e-07,,,7.42138129905404e-07,1.2462366155633e-06,1.4006763203965,FALSE,FALSE,FALSE,FALSE,
LCK,Macrophage 2,Sinusoidal endothelial cell,,7.92682429710154e-08,1.25441845465546e-06,8.94294946696501e-07,partial,1,2,1,2,7.92682429710154e-08,1.07435670067598e-06,,,8.94294946696501e-07,1.25441845465546e-06,-2.78283788384692,FALSE,FALSE,FALSE,FALSE,
LCK,Macrophage 2,Stellate cell,,6.60214525171219e-07,9.26597820004929e-07,9.70768150809701e-07,partial,1,2,1,2,6.60214525171219e-07,9.48682985407315e-07,,,9.26597820004929e-07,9.70768150809701e-07,-0.469430734129345,FALSE,FALSE,FALSE,FALSE,
LCK,Macrophage 2,Vascular endothelial cell,,1.81745484414405e-06,7.20084753618392e-07,5.37732960755328e-07,partial,1,2,1,2,1.81745484414405e-06,6.2890885718686e-07,,,5.37732960755328e-07,7.20084753618392e-07,1.40788620462473,FALSE,FALSE,FALSE,FALSE,
LCK,Sinusoidal endothelial cell,CD4+ T cell,,2.51967611553549e-06,2.56531895640226e-06,2.2843789752207e-06,partial,1,2,1,2,2.51967611553549e-06,2.42484896581148e-06,,,2.2843789752207e-06,2.56531895640226e-06,0.0534009760233544,FALSE,FALSE,FALSE,FALSE,
LCK,Sinusoidal endothelial cell,CD8+ T cell 1,,3.0608863697125e-05,2.46215257676305e-05,2.18992852768447e-05,partial,1,2,1,2,3.0608863697125e-05,2.32604055222376e-05,,,2.18992852768447e-05,2.46215257676305e-05,0.394739047296642,FALSE,FALSE,FALSE,FALSE,
LCK,Sinusoidal endothelial cell,CD8+ T cell 2,,4.02151891394129e-05,2.76342570765171e-05,2.59097785058764e-05,partial,1,2,1,2,4.02151891394129e-05,2.67720177911967e-05,,,2.59097785058764e-05,2.76342570765171e-05,0.585399604079551,FALSE,FALSE,FALSE,FALSE,
LCK,Sinusoidal endothelial cell,CD8+ T cell 3,,8.26773559401286e-05,1.47042045437692e-05,2.45351800548892e-05,partial,1,2,1,2,8.26773559401286e-05,1.96196922993292e-05,,,1.47042045437692e-05,2.45351800548892e-05,2.07016188234628,FALSE,FALSE,FALSE,FALSE,
LCK,Sinusoidal endothelial cell,Cholangiocyte,,1.52237598202199e-06,6.33181120406576e-07,7.24615285260839e-07,partial,1,2,1,2,1.52237598202199e-06,6.78898202833708e-07,,,6.33181120406576e-07,7.24615285260839e-07,1.06841637752468,FALSE,FALSE,FALSE,FALSE,
LCK,Sinusoidal endothelial cell,Hepatocyte 1,,1.41748770851476e-07,1.6366537310093e-06,8.90200742844524e-07,partial,1,2,1,2,1.41748770851476e-07,1.26342723692691e-06,,,8.90200742844524e-07,1.6366537310093e-06,-2.54647102067628,FALSE,FALSE,FALSE,FALSE,
LCK,Sinusoidal endothelial cell,Hepatocyte 2,,2.90824401078312e-07,1.16779284134605e-06,5.25890396326772e-07,partial,1,2,1,2,2.90824401078312e-07,8.46841618836411e-07,,,5.25890396326772e-07,1.16779284134605e-06,-1.2988915895699,FALSE,FALSE,FALSE,FALSE,
LCK,Sinusoidal endothelial cell,Hepatocyte 3,,0,5.44318771618824e-07,7.69041462103303e-07,partial,1,2,1,2,0,6.56680116861064e-07,,,5.44318771618824e-07,7.69041462103303e-07,-3.05382538272674,FALSE,FALSE,FALSE,FALSE,
LCK,Sinusoidal endothelial cell,Hepatocyte 4,,3.86116912889486e-07,1.57226911274178e-06,9.26281524619159e-07,partial,1,2,1,2,3.86116912889486e-07,1.24927531868047e-06,,,9.26281524619159e-07,1.57226911274178e-06,-1.49224921601631,FALSE,FALSE,FALSE,FALSE,
LCK,Sinusoidal endothelial cell,Ig+ hepatocyte,,,2.80721970468833e-06,1.39761963514892e-06,partial,1,2,0,2,,2.10241966991863e-06,,,1.39761963514892e-06,2.80721970468833e-06,,FALSE,FALSE,FALSE,FALSE,
LCK,Sinusoidal endothelial cell,IgG+ B cell,,0,7.25776177750913e-07,7.70986972500524e-08,partial,1,2,1,2,0,4.01437437500483e-07,,,7.70986972500524e-08,7.25776177750913e-07,-2.4502480613416,FALSE,FALSE,FALSE,FALSE,
LCK,Sinusoidal endothelial cell,IgG+ plasmablast / plasma cell,,0,1.81219823204803e-06,4.11985746395226e-07,partial,1,2,1,2,0,1.11209198922163e-06,,,4.11985746395226e-07,1.81219823204803e-06,-3.74087959050443,FALSE,FALSE,FALSE,FALSE,
LCK,Sinusoidal endothelial cell,IgM+ B cell,,1.63110754971856e-08,1.33965357308207e-06,6.48542922987259e-07,partial,1,2,1,2,1.63110754971856e-08,9.94098248034664e-07,,,6.48542922987259e-07,1.33965357308207e-06,-3.35128800545408,FALSE,FALSE,FALSE,FALSE,
LCK,Sinusoidal endothelial cell,Macrophage 1,,1.09321850437955e-06,4.12951122041433e-06,1.851276864459e-06,partial,1,2,1,2,1.09321850437955e-06,2.99039404243666e-06,,,1.851276864459e-06,4.12951122041433e-06,-1.38046930419427,FALSE,FALSE,FALSE,FALSE,
LCK,Sinusoidal endothelial cell,Macrophage 2,,1.14687775725898e-07,7.79492804655066e-07,6.0119116045985e-07,partial,1,2,1,2,1.14687775725898e-07,6.90341982557458e-07,,,6.0119116045985e-07,7.79492804655066e-07,-1.93117268033477,FALSE,FALSE,FALSE,FALSE,
LCK,Sinusoidal endothelial cell,Sinusoidal endothelial cell,,4.88689222126245e-06,1.0537221198636e-05,5.00405916737861e-06,partial,1,2,1,2,4.88689222126245e-06,7.77064018300732e-06,,,5.00405916737861e-06,1.0537221198636e-05,-0.659411709852596,FALSE,FALSE,FALSE,FALSE,
LCK,Sinusoidal endothelial cell,Stellate cell,,2.7951189403145e-07,1.83386727353789e-06,1.46577473577787e-06,partial,1,2,1,2,2.7951189403145e-07,1.64982100465788e-06,,,1.46577473577787e-06,1.83386727353789e-06,-2.23553659214307,FALSE,FALSE,FALSE,FALSE,
LCK,Sinusoidal endothelial cell,Vascular endothelial cell,,6.95282247431646e-08,8.00523434572388e-08,3.53010332086351e-07,partial,1,2,1,2,6.95282247431646e-08,2.16531337771795e-07,,,8.00523434572388e-08,3.53010332086351e-07,-0.942632582975112,FALSE,FALSE,FALSE,FALSE,
LCK,Stellate cell,CD4+ T cell,,9.45375722391572e-06,4.66393639400767e-06,3.82226823682185e-06,partial,1,2,1,2,9.45375722391572e-06,4.24310231541476e-06,,,3.82226823682185e-06,4.66393639400767e-06,1.1391742062987,FALSE,FALSE,FALSE,FALSE,
LCK,Stellate cell,CD8+ T cell 1,,3.35453691864022e-05,1.40610533055971e-05,1.47638304126116e-05,partial,1,2,1,2,3.35453691864022e-05,1.44124418591044e-05,,,1.40610533055971e-05,1.47638304126116e-05,1.21368860126831,FALSE,FALSE,FALSE,FALSE,
LCK,Stellate cell,CD8+ T cell 2,,3.3269366521241e-05,7.57591462596033e-06,1.06319007800568e-05,partial,1,2,1,2,3.3269366521241e-05,9.10390770300857e-06,,,7.57591462596033e-06,1.06319007800568e-05,1.8593525382736,FALSE,FALSE,FALSE,FALSE,
LCK,Stellate cell,CD8+ T cell 3,,4.69558260396712e-05,1.1554512979061e-05,1.47857900518519e-05,partial,1,2,1,2,4.69558260396712e-05,1.31701515154565e-05,,,1.1554512979061e-05,1.47857900518519e-05,1.82697684856702,FALSE,FALSE,FALSE,FALSE,
LCK,Stellate cell,Cholangiocyte,,5.66901555880156e-06,2.21977059452034e-06,1.46740113552412e-06,partial,1,2,1,2,5.66901555880156e-06,1.84358586502223e-06,,,1.46740113552412e-06,2.21977059452034e-06,1.57459018795279,FALSE,FALSE,FALSE,FALSE,
LCK,Stellate cell,Hepatocyte 1,,1.45637550955145e-07,5.27197271042484e-07,4.17853142561596e-07,partial,1,2,1,2,1.45637550955145e-07,4.7252520680204e-07,,,4.17853142561596e-07,5.27197271042484e-07,-1.25568432769951,FALSE,FALSE,FALSE,FALSE,
LCK,Stellate cell,Hepatocyte 2,,3.6696294803272e-08,1.99436085343098e-07,1.94402399580968e-07,partial,1,2,1,2,3.6696294803272e-08,1.96919242462033e-07,,,1.94402399580968e-07,1.99436085343098e-07,-1.17987114926238,FALSE,FALSE,FALSE,FALSE,
LCK,Stellate cell,Hepatocyte 3,,0,1.58068195447229e-07,2.66849332989582e-07,partial,1,2,1,2,0,2.12458764218406e-07,,,1.58068195447229e-07,2.66849332989582e-07,-1.7498055197574,FALSE,FALSE,FALSE,FALSE,
LCK,Stellate cell,Hepatocyte 4,,7.29197811597417e-07,5.1312981724414e-07,6.17469843425743e-07,partial,1,2,1,2,7.29197811597417e-07,5.65299830334941e-07,,,5.1312981724414e-07,6.17469843425743e-07,0.322098300416929,FALSE,FALSE,FALSE,FALSE,
LCK,Stellate cell,Ig+ hepatocyte,,,9.36409384098703e-07,1.73019885869028e-06,partial,1,2,0,2,,1.33330412139449e-06,,,9.36409384098703e-07,1.73019885869028e-06,,FALSE,FALSE,FALSE,FALSE,
LCK,Stellate cell,IgG+ B cell,,1.63976135672074e-06,1.46603435143978e-06,6.26365195741487e-07,partial,1,2,1,2,1.63976135672074e-06,1.04619977359063e-06,,,6.26365195741487e-07,1.46603435143978e-06,0.606397637420251,FALSE,FALSE,FALSE,FALSE,
LCK,Stellate cell,IgG+ plasmablast / plasma cell,,3.91820665774864e-06,1.78513900579726e-06,1.11930334609609e-06,partial,1,2,1,2,3.91820665774864e-06,1.45222117594668e-06,,,1.11930334609609e-06,1.78513900579726e-06,1.3780015583178,FALSE,FALSE,FALSE,FALSE,
LCK,Stellate cell,IgM+ B cell,,6.02231362196958e-06,2.15251419023668e-06,2.33384126788249e-06,partial,1,2,1,2,6.02231362196958e-06,2.24317772905958e-06,,,2.15251419023668e-06,2.33384126788249e-06,1.38945846207362,FALSE,FALSE,FALSE,FALSE,
LCK,Stellate cell,Macrophage 1,,9.85791217601219e-07,1.68907550796578e-06,1.24097514186169e-06,partial,1,2,1,2,9.85791217601219e-07,1.46502532491374e-06,,,1.24097514186169e-06,1.68907550796578e-06,-0.531578987843297,FALSE,FALSE,FALSE,FALSE,
LCK,Stellate cell,Macrophage 2,,5.80535832653319e-07,9.23780050320627e-07,6.7672223015718e-07,partial,1,2,1,2,5.80535832653319e-07,8.00251140238903e-07,,,6.7672223015718e-07,9.23780050320627e-07,-0.40894809507537,FALSE,FALSE,FALSE,FALSE,
LCK,Stellate cell,Sinusoidal endothelial cell,,8.49998337584286e-08,1.4304737505681e-06,1.5506533292389e-06,partial,1,2,1,2,8.49998337584286e-08,1.4905635399035e-06,,,1.4304737505681e-06,1.5506533292389e-06,-3.17570603765793,FALSE,FALSE,FALSE,FALSE,
LCK,Stellate cell,Stellate cell,,1.06769502342801e-06,1.51573922336666e-06,1.40518499596051e-06,partial,1,2,1,2,1.06769502342801e-06,1.46046210966359e-06,,,1.40518499596051e-06,1.51573922336666e-06,-0.421472832503099,FALSE,FALSE,FALSE,FALSE,
LCK,Stellate cell,Vascular endothelial cell,,9.09349649962869e-07,8.08696190176097e-07,8.95055009580717e-07,partial,1,2,1,2,9.09349649962869e-07,8.51875599878407e-07,,,8.08696190176097e-07,8.95055009580717e-07,0.0854613262439924,FALSE,FALSE,FALSE,FALSE,
LCK,Vascular endothelial cell,CD4+ T cell,,4.96267055626097e-06,4.73427409723337e-06,5.18365766101884e-06,partial,1,2,1,2,4.96267055626097e-06,4.9589658791261e-06,,,4.73427409723337e-06,5.18365766101884e-06,0.00105820864297882,FALSE,FALSE,FALSE,FALSE,
LCK,Vascular endothelial cell,CD8+ T cell 1,,2.21384250149465e-05,1.0110566016783e-05,1.01644254665256e-05,partial,1,2,1,2,2.21384250149465e-05,1.01374957416543e-05,,,1.0110566016783e-05,1.01644254665256e-05,1.11995998517428,FALSE,FALSE,FALSE,FALSE,
LCK,Vascular endothelial cell,CD8+ T cell 2,,1.85935448758025e-05,4.91650376642376e-06,3.64218240471378e-06,partial,1,2,1,2,1.85935448758025e-05,4.27934308556877e-06,,,3.64218240471378e-06,4.91650376642376e-06,2.09630379682578,FALSE,FALSE,FALSE,FALSE,
LCK,Vascular endothelial cell,CD8+ T cell 3,,2.99687251428863e-05,1.09386846946945e-05,7.44592868335191e-06,partial,1,2,1,2,2.99687251428863e-05,9.19230668902318e-06,,,7.44592868335191e-06,1.09386846946945e-05,1.69523869639729,FALSE,FALSE,FALSE,FALSE,
LCK,Vascular endothelial cell,Cholangiocyte,,5.1987715025609e-06,2.86063095914109e-06,1.87654200446904e-06,partial,1,2,1,2,5.1987715025609e-06,2.36858648180507e-06,,,1.87654200446904e-06,2.86063095914109e-06,1.10513319447816,FALSE,FALSE,FALSE,FALSE,
LCK,Vascular endothelial cell,Hepatocyte 1,,5.96744687594752e-08,4.33983390315965e-07,1.00731517241264e-07,partial,1,2,1,2,5.96744687594752e-08,2.67357453778615e-07,,,1.00731517241264e-07,4.33983390315965e-07,-1.25606891705139,FALSE,FALSE,FALSE,FALSE,
LCK,Vascular endothelial cell,Hepatocyte 2,,2.30705520833291e-08,1.40698930158573e-07,6.45825513534463e-08,partial,1,2,1,2,2.30705520833291e-08,1.0264074075601e-07,,,6.45825513534463e-08,1.40698930158573e-07,-0.769187571244559,FALSE,FALSE,FALSE,FALSE,
LCK,Vascular endothelial cell,Hepatocyte 3,,0,7.72272452940539e-08,3.51880970439508e-08,partial,1,2,1,2,0,5.62076711690024e-08,,,3.51880970439508e-08,7.72272452940539e-08,-0.70060449298457,FALSE,FALSE,FALSE,FALSE,
LCK,Vascular endothelial cell,Hepatocyte 4,,0,7.89398258650003e-07,2.84380407826382e-07,partial,1,2,1,2,0,5.36889333238192e-07,,,2.84380407826382e-07,7.89398258650003e-07,-2.80151098268432,FALSE,FALSE,FALSE,FALSE,
LCK,Vascular endothelial cell,Ig+ hepatocyte,,,7.55003486863591e-07,2.45576406018906e-07,partial,1,2,0,2,,5.00289946441248e-07,,,2.45576406018906e-07,7.55003486863591e-07,,FALSE,FALSE,FALSE,FALSE,
LCK,Vascular endothelial cell,IgG+ B cell,,8.88326991153317e-07,8.52887224335227e-07,6.46184316929898e-07,partial,1,2,1,2,8.88326991153317e-07,7.49535770632562e-07,,,6.46184316929898e-07,8.52887224335227e-07,0.220747970971707,FALSE,FALSE,FALSE,FALSE,
LCK,Vascular endothelial cell,IgG+ plasmablast / plasma cell,,4.54034752090921e-06,1.95131923629548e-06,1.81838572822224e-06,partial,1,2,1,2,4.54034752090921e-06,1.88485248225886e-06,,,1.81838572822224e-06,1.95131923629548e-06,1.22941514702689,FALSE,FALSE,FALSE,FALSE,
LCK,Vascular endothelial cell,IgM+ B cell,,7.85072990433436e-06,2.34972422962903e-06,2.4908925800169e-06,partial,1,2,1,2,7.85072990433436e-06,2.42030840482296e-06,,,2.34972422962903e-06,2.4908925800169e-06,1.66144411928417,FALSE,FALSE,FALSE,FALSE,
LCK,Vascular endothelial cell,Macrophage 1,,6.61114279158404e-07,8.59876361269797e-07,6.38966527015489e-07,partial,1,2,1,2,6.61114279158404e-07,7.49421444142643e-07,,,6.38966527015489e-07,8.59876361269797e-07,-0.160381976376694,FALSE,FALSE,FALSE,FALSE,
LCK,Vascular endothelial cell,Macrophage 2,,1.33436712454586e-07,7.54259568701362e-07,1.78276681483279e-07,partial,1,2,1,2,1.33436712454586e-07,4.66268125092321e-07,,,1.78276681483279e-07,7.54259568701362e-07,-1.31627909144399,FALSE,FALSE,FALSE,FALSE,
LCK,Vascular endothelial cell,Sinusoidal endothelial cell,,1.14721556205404e-07,2.49255558850314e-07,6.13066990950146e-07,partial,1,2,1,2,1.14721556205404e-07,4.3116127490023e-07,,,2.49255558850314e-07,6.13066990950146e-07,-1.34847103353794,FALSE,FALSE,FALSE,FALSE,
LCK,Vascular endothelial cell,Stellate cell,,1.05099037452477e-07,6.78391286305235e-07,6.09981434349744e-07,partial,1,2,1,2,1.05099037452477e-07,6.4418636032749e-07,,,6.09981434349744e-07,6.78391286305235e-07,-1.91245250714837,FALSE,FALSE,FALSE,FALSE,
LCK,Vascular endothelial cell,Vascular endothelial cell,,1.90695049667747e-06,2.91908477282104e-06,5.59965111192253e-07,partial,1,2,1,2,1.90695049667747e-06,1.73952494200665e-06,,,5.59965111192253e-07,2.91908477282104e-06,0.126335728566271,FALSE,FALSE,FALSE,FALSE,
NCAM,CD4+ T cell,CD4+ T cell,,,8.05518702423786e-06,,partial,0,1,0,1,,8.05518702423786e-06,,,,,,FALSE,FALSE,FALSE,FALSE,
NCAM,CD4+ T cell,CD8+ T cell 1,,,1.87025536333523e-06,,partial,0,1,0,1,,1.87025536333523e-06,,,,,,FALSE,FALSE,FALSE,FALSE,
NCAM,CD4+ T cell,CD8+ T cell 2,,,1.96396467178602e-07,,partial,0,1,0,1,,1.96396467178602e-07,,,,,,FALSE,FALSE,FALSE,FALSE,
NCAM,CD4+ T cell,CD8+ T cell 3,,,3.15511103820839e-06,,partial,0,1,0,1,,3.15511103820839e-06,,,,,,FALSE,FALSE,FALSE,FALSE,
NCAM,CD4+ T cell,Cholangiocyte,,,5.20060003922049e-06,,partial,0,1,0,1,,5.20060003922049e-06,,,,,,FALSE,FALSE,FALSE,FALSE,
NCAM,CD4+ T cell,Hepatocyte 1,,,4.90208378262527e-08,,partial,0,1,0,1,,4.90208378262527e-08,,,,,,FALSE,FALSE,FALSE,FALSE,
NCAM,CD4+ T cell,Hepatocyte 2,,,2.78912440227659e-08,,partial,0,1,0,1,,2.78912440227659e-08,,,,,,FALSE,FALSE,FALSE,FALSE,
NCAM,CD4+ T cell,Hepatocyte 4,,,4.88883134934166e-08,,partial,0,1,0,1,,4.88883134934166e-08,,,,,,FALSE,FALSE,FALSE,FALSE,
NCAM,CD4+ T cell,Ig+ hepatocyte,,,2.55105209028445e-10,,partial,0,1,0,1,,2.55105209028445e-10,,,,,,FALSE,FALSE,FALSE,FALSE,
NCAM,CD4+ T cell,IgG+ B cell,,,1.16150238557946e-07,,partial,0,1,0,1,,1.16150238557946e-07,,,,,,FALSE,FALSE,FALSE,FALSE,
NCAM,CD4+ T cell,IgG+ plasmablast / plasma cell,,,5.24085671666829e-07,,partial,0,1,0,1,,5.24085671666829e-07,,,,,,FALSE,FALSE,FALSE,FALSE,
NCAM,CD4+ T cell,IgM+ B cell,,,9.02909238481104e-07,,partial,0,1,0,1,,9.02909238481104e-07,,,,,,FALSE,FALSE,FALSE,FALSE,
NCAM,CD4+ T cell,Macrophage 1,,,2.45441128906996e-07,,partial,0,1,0,1,,2.45441128906996e-07,,,,,,FALSE,FALSE,FALSE,FALSE,
NCAM,CD4+ T cell,Macrophage 2,,,5.31903735076479e-07,,partial,0,1,0,1,,5.31903735076479e-07,,,,,,FALSE,FALSE,FALSE,FALSE,
NCAM,CD4+ T cell,Sinusoidal endothelial cell,,,2.88638926515104e-07,,partial,0,1,0,1,,2.88638926515104e-07,,,,,,FALSE,FALSE,FALSE,FALSE,
NCAM,CD4+ T cell,Stellate cell,,,2.08997630569944e-06,,partial,0,1,0,1,,2.08997630569944e-06,,,,,,FALSE,FALSE,FALSE,FALSE,
NCAM,CD4+ T cell,Vascular endothelial cell,,,2.68736168005014e-07,,partial,0,1,0,1,,2.68736168005014e-07,,,,,,FALSE,FALSE,FALSE,FALSE,
NCAM,CD8+ T cell 1,CD4+ T cell,,,1.87023782677196e-06,,partial,0,1,0,1,,1.87023782677196e-06,,,,,,FALSE,FALSE,FALSE,FALSE,
NCAM,CD8+ T cell 1,CD8+ T cell 1,,,2.83600903138767e-05,,partial,0,1,0,1,,2.83600903138767e-05,,,,,,FALSE,FALSE,FALSE,FALSE,
NCAM,CD8+ T cell 1,CD8+ T cell 2,,,1.57785255115847e-06,,partial,0,1,0,1,,1.57785255115847e-06,,,,,,FALSE,FALSE,FALSE,FALSE,
NCAM,CD8+ T cell 1,CD8+ T cell 3,,,9.62921109743656e-06,,partial,0,1,0,1,,9.62921109743656e-06,,,,,,FALSE,FALSE,FALSE,FALSE,
NCAM,CD8+ T cell 1,Cholangiocyte,,,1.35471055493092e-05,,partial,0,1,0,1,,1.35471055493092e-05,,,,,,FALSE,FALSE,FALSE,FALSE,
NCAM,CD8+ T cell 1,Hepatocyte 1,,,7.94253283129424e-07,,partial,0,1,0,1,,7.94253283129424e-07,,,,,,FALSE,FALSE,FALSE,FALSE,
NCAM,CD8+ T cell 1,Hepatocyte 2,,,3.2365334436164e-07,,partial,0,1,0,1,,3.2365334436164e-07,,,,,,FALSE,FALSE,FALSE,FALSE,
NCAM,CD8+ T cell 1,Hepatocyte 4,,,1.66888310218025e-06,,partial,0,1,0,1,,1.66888310218025e-06,,,,,,FALSE,FALSE,FALSE,FALSE,
NCAM,CD8+ T cell 1,Ig+ hepatocyte,,,1.12636323600319e-07,,partial,0,1,0,1,,1.12636323600319e-07,,,,,,FALSE,FALSE,FALSE,FALSE,
NCAM,CD8+ T cell 1,IgG+ B cell,,,1.36966965471425e-06,,partial,0,1,0,1,,1.36966965471425e-06,,,,,,FALSE,FALSE,FALSE,FALSE,
NCAM,CD8+ T cell 1,IgG+ plasmablast / plasma cell,,,2.1334182646876e-06,,partial,0,1,0,1,,2.1334182646876e-06,,,,,,FALSE,FALSE,FALSE,FALSE,
NCAM,CD8+ T cell 1,IgM+ B cell,,,1.7403331194447e-06,,partial,0,1,0,1,,1.7403331194447e-06,,,,,,FALSE,FALSE,FALSE,FALSE,
NCAM,CD8+ T cell 1,Macrophage 1,,,2.60125732256841e-06,,partial,0,1,0,1,,2.60125732256841e-06,,,,,,FALSE,FALSE,FALSE,FALSE,
NCAM,CD8+ T cell 1,Macrophage 2,,,1.26841136502819e-06,,partial,0,1,0,1,,1.26841136502819e-06,,,,,,FALSE,FALSE,FALSE,FALSE,
NCAM,CD8+ T cell 1,Sinusoidal endothelial cell,,,4.91710111185926e-06,,partial,0,1,0,1,,4.91710111185926e-06,,,,,,FALSE,FALSE,FALSE,FALSE,
NCAM,CD8+ T cell 1,Stellate cell,,,1.55779316504786e-05,,partial,0,1,0,1,,1.55779316504786e-05,,,,,,FALSE,FALSE,FALSE,FALSE,
NCAM,CD8+ T cell 1,Vascular endothelial cell,,,7.34529138854485e-07,,partial,0,1,0,1,,7.34529138854485e-07,,,,,,FALSE,FALSE,FALSE,FALSE,
NCAM,CD8+ T cell 2,CD4+ T cell,,,1.96396611879857e-07,,partial,0,1,0,1,,1.96396611879857e-07,,,,,,FALSE,FALSE,FALSE,FALSE,
NCAM,CD8+ T cell 2,CD8+ T cell 1,,,1.57782591931033e-06,,partial,0,1,0,1,,1.57782591931033e-06,,,,,,FALSE,FALSE,FALSE,FALSE,
NCAM,CD8+ T cell 2,CD8+ T cell 2,,,2.08126742535753e-05,,partial,0,1,0,1,,2.08126742535753e-05,,,,,,FALSE,FALSE,FALSE,FALSE,
NCAM,CD8+ T cell 2,CD8+ T cell 3,,,1.47927691280107e-06,,partial,0,1,0,1,,1.47927691280107e-06,,,,,,FALSE,FALSE,FALSE,FALSE,
NCAM,CD8+ T cell 2,Cholangiocyte,,,5.404992736073e-07,,partial,0,1,0,1,,5.404992736073e-07,,,,,,FALSE,FALSE,FALSE,FALSE,
NCAM,CD8+ T cell 2,Hepatocyte 1,,,3.36286660597313e-07,,partial,0,1,0,1,,3.36286660597313e-07,,,,,,FALSE,FALSE,FALSE,FALSE,
NCAM,CD8+ T cell 2,Hepatocyte 2,,,1.33013839014206e-07,,partial,0,1,0,1,,1.33013839014206e-07,,,,,,FALSE,FALSE,FALSE,FALSE,
NCAM,CD8+ T cell 2,Hepatocyte 4,,,1.03098696716702e-08,,partial,0,1,0,1,,1.03098696716702e-08,,,,,,FALSE,FALSE,FALSE,FALSE,
NCAM,CD8+ T cell 2,IgG+ B cell,,,5.90569302993877e-08,,partial,0,1,0,1,,5.90569302993877e-08,,,,,,FALSE,FALSE,FALSE,FALSE,
NCAM,CD8+ T cell 2,IgG+ plasmablast / plasma cell,,,2.83666291992474e-08,,partial,0,1,0,1,,2.83666291992474e-08,,,,,,FALSE,FALSE,FALSE,FALSE,
NCAM,CD8+ T cell 2,IgM+ B cell,,,1.22496315692105e-08,,partial,0,1,0,1,,1.22496315692105e-08,,,,,,FALSE,FALSE,FALSE,FALSE,
NCAM,CD8+ T cell 2,Macrophage 1,,,1.63598047341252e-07,,partial,0,1,0,1,,1.63598047341252e-07,,,,,,FALSE,FALSE,FALSE,FALSE,
NCAM,CD8+ T cell 2,Macrophage 2,,,2.27609453743972e-08,,partial,0,1,0,1,,2.27609453743972e-08,,,,,,FALSE,FALSE,FALSE,FALSE,
NCAM,CD8+ T cell 2,Sinusoidal endothelial cell,,,3.42501639017546e-07,,partial,0,1,0,1,,3.42501639017546e-07,,,,,,FALSE,FALSE,FALSE,FALSE,
NCAM,CD8+ T cell 2,Stellate cell,,,1.19925529000842e-06,,partial,0,1,0,1,,1.19925529000842e-06,,,,,,FALSE,FALSE,FALSE,FALSE,
NCAM,CD8+ T cell 2,Vascular endothelial cell,,,7.67121095985764e-10,,partial,0,1,0,1,,7.67121095985764e-10,,,,,,FALSE,FALSE,FALSE,FALSE,
NCAM,CD8+ T cell 3,CD4+ T cell,,,3.15518497887131e-06,,partial,0,1,0,1,,3.15518497887131e-06,,,,,,FALSE,FALSE,FALSE,FALSE,
NCAM,CD8+ T cell 3,CD8+ T cell 1,,,9.62910108712944e-06,,partial,0,1,0,1,,9.62910108712944e-06,,,,,,FALSE,FALSE,FALSE,FALSE,
NCAM,CD8+ T cell 3,CD8+ T cell 2,,,1.4794466079868e-06,,partial,0,1,0,1,,1.4794466079868e-06,,,,,,FALSE,FALSE,FALSE,FALSE,
NCAM,CD8+ T cell 3,CD8+ T cell 3,,,0.000292547330992576,,partial,0,1,0,1,,0.000292547330992576,,,,,,FALSE,FALSE,FALSE,FALSE,
NCAM,CD8+ T cell 3,Cholangiocyte,,,1.59428059974918e-05,,partial,0,1,0,1,,1.59428059974918e-05,,,,,,FALSE,FALSE,FALSE,FALSE,
NCAM,CD8+ T cell 3,Hepatocyte 1,,,1.25252517938631e-06,,partial,0,1,0,1,,1.25252517938631e-06,,,,,,FALSE,FALSE,FALSE,FALSE,
NCAM,CD8+ T cell 3,Hepatocyte 2,,,5.50269056691464e-07,,partial,0,1,0,1,,5.50269056691464e-07,,,,,,FALSE,FALSE,FALSE,FALSE,
NCAM,CD8+ T cell 3,Hepatocyte 4,,,5.70988180739977e-06,,partial,0,1,0,1,,5.70988180739977e-06,,,,,,FALSE,FALSE,FALSE,FALSE,
NCAM,CD8+ T cell 3,Ig+ hepatocyte,,,2.49840675292646e-08,,partial,0,1,0,1,,2.49840675292646e-08,,,,,,FALSE,FALSE,FALSE,FALSE,
NCAM,CD8+ T cell 3,IgG+ B cell,,,2.140612464889e-06,,partial,0,1,0,1,,2.140612464889e-06,,,,,,FALSE,FALSE,FALSE,FALSE,
NCAM,CD8+ T cell 3,IgG+ plasmablast / plasma cell,,,1.72432852230176e-06,,partial,0,1,0,1,,1.72432852230176e-06,,,,,,FALSE,FALSE,FALSE,FALSE,
NCAM,CD8+ T cell 3,IgM+ B cell,,,1.74500405641029e-06,,partial,0,1,0,1,,1.74500405641029e-06,,,,,,FALSE,FALSE,FALSE,FALSE,
NCAM,CD8+ T cell 3,Macrophage 1,,,3.60466357683727e-06,,partial,0,1,0,1,,3.60466357683727e-06,,,,,,FALSE,FALSE,FALSE,FALSE,
NCAM,CD8+ T cell 3,Macrophage 2,,,1.22377566750887e-06,,partial,0,1,0,1,,1.22377566750887e-06,,,,,,FALSE,FALSE,FALSE,FALSE,
NCAM,CD8+ T cell 3,Sinusoidal endothelial cell,,,4.24677888783973e-06,,partial,0,1,0,1,,4.24677888783973e-06,,,,,,FALSE,FALSE,FALSE,FALSE,
NCAM,CD8+ T cell 3,Stellate cell,,,1.36557368981521e-05,,partial,0,1,0,1,,1.36557368981521e-05,,,,,,FALSE,FALSE,FALSE,FALSE,
NCAM,CD8+ T cell 3,Vascular endothelial cell,,,6.72007683222561e-07,,partial,0,1,0,1,,6.72007683222561e-07,,,,,,FALSE,FALSE,FALSE,FALSE,
NCAM,Cholangiocyte,CD4+ T cell,,,5.20067623507151e-06,,partial,0,1,0,1,,5.20067623507151e-06,,,,,,FALSE,FALSE,FALSE,FALSE,
NCAM,Cholangiocyte,CD8+ T cell 1,,,1.35470298065389e-05,,partial,0,1,0,1,,1.35470298065389e-05,,,,,,FALSE,FALSE,FALSE,FALSE,
NCAM,Cholangiocyte,CD8+ T cell 2,,,5.40522217837513e-07,,partial,0,1,0,1,,5.40522217837513e-07,,,,,,FALSE,FALSE,FALSE,FALSE,
NCAM,Cholangiocyte,CD8+ T cell 3,,,1.59433250610251e-05,,partial,0,1,0,1,,1.59433250610251e-05,,,,,,FALSE,FALSE,FALSE,FALSE,
NCAM,Cholangiocyte,Cholangiocyte,,,0.000264611379936322,,partial,0,1,0,1,,0.000264611379936322,,,,,,FALSE,FALSE,FALSE,FALSE,
NCAM,Cholangiocyte,Hepatocyte 1,,,5.10574555094418e-07,,partial,0,1,0,1,,5.10574555094418e-07,,,,,,FALSE,FALSE,FALSE,FALSE,
NCAM,Cholangiocyte,Hepatocyte 2,,,8.23363755591583e-07,,partial,0,1,0,1,,8.23363755591583e-07,,,,,,FALSE,FALSE,FALSE,FALSE,
NCAM,Cholangiocyte,Hepatocyte 4,,,5.38028249622144e-07,,partial,0,1,0,1,,5.38028249622144e-07,,,,,,FALSE,FALSE,FALSE,FALSE,
NCAM,Cholangiocyte,Ig+ hepatocyte,,,3.57277805114968e-09,,partial,0,1,0,1,,3.57277805114968e-09,,,,,,FALSE,FALSE,FALSE,FALSE,
NCAM,Cholangiocyte,IgG+ B cell,,,5.98911543134555e-06,,partial,0,1,0,1,,5.98911543134555e-06,,,,,,FALSE,FALSE,FALSE,FALSE,
NCAM,Cholangiocyte,IgG+ plasmablast / plasma cell,,,5.53913087356522e-06,,partial,0,1,0,1,,5.53913087356522e-06,,,,,,FALSE,FALSE,FALSE,FALSE,
NCAM,Cholangiocyte,IgM+ B cell,,,4.08247106054664e-06,,partial,0,1,0,1,,4.08247106054664e-06,,,,,,FALSE,FALSE,FALSE,FALSE,
NCAM,Cholangiocyte,Macrophage 1,,,2.53497444187706e-06,,partial,0,1,0,1,,2.53497444187706e-06,,,,,,FALSE,FALSE,FALSE,FALSE,
NCAM,Cholangiocyte,Macrophage 2,,,5.73515792524766e-06,,partial,0,1,0,1,,5.73515792524766e-06,,,,,,FALSE,FALSE,FALSE,FALSE,
NCAM,Cholangiocyte,Sinusoidal endothelial cell,,,4.63085140227008e-06,,partial,0,1,0,1,,4.63085140227008e-06,,,,,,FALSE,FALSE,FALSE,FALSE,
NCAM,Cholangiocyte,Stellate cell,,,1.60670284717137e-05,,partial,0,1,0,1,,1.60670284717137e-05,,,,,,FALSE,FALSE,FALSE,FALSE,
NCAM,Cholangiocyte,Vascular endothelial cell,,,2.16634055776621e-06,,partial,0,1,0,1,,2.16634055776621e-06,,,,,,FALSE,FALSE,FALSE,FALSE,
NCAM,Hepatocyte 1,CD4+ T cell,,,4.90136016294338e-08,,partial,0,1,0,1,,4.90136016294338e-08,,,,,,FALSE,FALSE,FALSE,FALSE,
NCAM,Hepatocyte 1,CD8+ T cell 1,,,7.94277479470388e-07,,partial,0,1,0,1,,7.94277479470388e-07,,,,,,FALSE,FALSE,FALSE,FALSE,
NCAM,Hepatocyte 1,CD8+ T cell 2,,,3.36033835182392e-07,,partial,0,1,0,1,,3.36033835182392e-07,,,,,,FALSE,FALSE,FALSE,FALSE,
NCAM,Hepatocyte 1,CD8+ T cell 3,,,1.25247198395488e-06,,partial,0,1,0,1,,1.25247198395488e-06,,,,,,FALSE,FALSE,FALSE,FALSE,
NCAM,Hepatocyte 1,Cholangiocyte,,,5.10497616321442e-07,,partial,0,1,0,1,,5.10497616321442e-07,,,,,,FALSE,FALSE,FALSE,FALSE,
NCAM,Hepatocyte 1,Hepatocyte 1,,,6.16916928506323e-06,,partial,0,1,0,1,,6.16916928506323e-06,,,,,,FALSE,FALSE,FALSE,FALSE,
NCAM,Hepatocyte 1,Hepatocyte 2,,,4.68020954029619e-09,,partial,0,1,0,1,,4.68020954029619e-09,,,,,,FALSE,FALSE,FALSE,FALSE,
NCAM,Hepatocyte 1,Hepatocyte 4,,,8.5701320827563e-07,,partial,0,1,0,1,,8.5701320827563e-07,,,,,,FALSE,FALSE,FALSE,FALSE,
NCAM,Hepatocyte 1,Ig+ hepatocyte,,,4.12518578366232e-09,,partial,0,1,0,1,,4.12518578366232e-09,,,,,,FALSE,FALSE,FALSE,FALSE,
NCAM,Hepatocyte 1,IgG+ B cell,,,1.81774016229533e-08,,partial,0,1,0,1,,1.81774016229533e-08,,,,,,FALSE,FALSE,FALSE,FALSE,
NCAM,Hepatocyte 1,IgG+ plasmablast / plasma cell,,,2.03424842227424e-07,,partial,0,1,0,1,,2.03424842227424e-07,,,,,,FALSE,FALSE,FALSE,FALSE,
NCAM,Hepatocyte 1,IgM+ B cell,,,3.07575775553028e-08,,partial,0,1,0,1,,3.07575775553028e-08,,,,,,FALSE,FALSE,FALSE,FALSE,
NCAM,Hepatocyte 1,Macrophage 1,,,1.86407180416947e-07,,partial,0,1,0,1,,1.86407180416947e-07,,,,,,FALSE,FALSE,FALSE,FALSE,
NCAM,Hepatocyte 1,Macrophage 2,,,2.07872345016413e-08,,partial,0,1,0,1,,2.07872345016413e-08,,,,,,FALSE,FALSE,FALSE,FALSE,
NCAM,Hepatocyte 1,Sinusoidal endothelial cell,,,7.45555206039815e-08,,partial,0,1,0,1,,7.45555206039815e-08,,,,,,FALSE,FALSE,FALSE,FALSE,
NCAM,Hepatocyte 1,Stellate cell,,,1.02812936613253e-06,,partial,0,1,0,1,,1.02812936613253e-06,,,,,,FALSE,FALSE,FALSE,FALSE,
NCAM,Hepatocyte 1,Vascular endothelial cell,,,1.27574262689519e-08,,partial,0,1,0,1,,1.27574262689519e-08,,,,,,FALSE,FALSE,FALSE,FALSE,
NCAM,Hepatocyte 2,CD4+ T cell,,,2.78877116941642e-08,,partial,0,1,0,1,,2.78877116941642e-08,,,,,,FALSE,FALSE,FALSE,FALSE,
NCAM,Hepatocyte 2,CD8+ T cell 1,,,3.23647121931284e-07,,partial,0,1,0,1,,3.23647121931284e-07,,,,,,FALSE,FALSE,FALSE,FALSE,
NCAM,Hepatocyte 2,CD8+ T cell 2,,,1.32894209861923e-07,,partial,0,1,0,1,,1.32894209861923e-07,,,,,,FALSE,FALSE,FALSE,FALSE,
NCAM,Hepatocyte 2,CD8+ T cell 3,,,5.4999772549746e-07,,partial,0,1,0,1,,5.4999772549746e-07,,,,,,FALSE,FALSE,FALSE,FALSE,
NCAM,Hepatocyte 2,Cholangiocyte,,,8.23440813426467e-07,,partial,0,1,0,1,,8.23440813426467e-07,,,,,,FALSE,FALSE,FALSE,FALSE,
NCAM,Hepatocyte 2,Hepatocyte 1,,,4.68538247508647e-09,,partial,0,1,0,1,,4.68538247508647e-09,,,,,,FALSE,FALSE,FALSE,FALSE,
NCAM,Hepatocyte 2,Hepatocyte 2,,,6.98811185825701e-06,,partial,0,1,0,1,,6.98811185825701e-06,,,,,,FALSE,FALSE,FALSE,FALSE,
NCAM,Hepatocyte 2,Hepatocyte 4,,,1.39537096856428e-09,,partial,0,1,0,1,,1.39537096856428e-09,,,,,,FALSE,FALSE,FALSE,FALSE,
NCAM,Hepatocyte 2,IgG+ B cell,,,1.8615239371693e-09,,partial,0,1,0,1,,1.8615239371693e-09,,,,,,FALSE,FALSE,FALSE,FALSE,
NCAM,Hepatocyte 2,IgG+ plasmablast / plasma cell,,,3.26003681125402e-07,,partial,0,1,0,1,,3.26003681125402e-07,,,,,,FALSE,FALSE,FALSE,FALSE,
NCAM,Hepatocyte 2,IgM+ B cell,,,2.06892643326915e-09,,partial,0,1,0,1,,2.06892643326915e-09,,,,,,FALSE,FALSE,FALSE,FALSE,
NCAM,Hepatocyte 2,Macrophage 1,,,4.37115419811712e-08,,partial,0,1,0,1,,4.37115419811712e-08,,,,,,FALSE,FALSE,FALSE,FALSE,
NCAM,Hepatocyte 2,Macrophage 2,,,1.18083151737649e-09,,partial,0,1,0,1,,1.18083151737649e-09,,,,,,FALSE,FALSE,FALSE,FALSE,
NCAM,Hepatocyte 2,Sinusoidal endothelial cell,,,2.51138195418812e-07,,partial,0,1,0,1,,2.51138195418812e-07,,,,,,FALSE,FALSE,FALSE,FALSE,
NCAM,Hepatocyte 2,Stellate cell,,,3.39167779493986e-07,,partial,0,1,0,1,,3.39167779493986e-07,,,,,,FALSE,FALSE,FALSE,FALSE,
NCAM,Hepatocyte 2,Vascular endothelial cell,,,3.01955878799662e-09,,partial,0,1,0,1,,3.01955878799662e-09,,,,,,FALSE,FALSE,FALSE,FALSE,
NCAM,Hepatocyte 4,CD4+ T cell,,,4.88761961225384e-08,,partial,0,1,0,1,,4.88761961225384e-08,,,,,,FALSE,FALSE,FALSE,FALSE,
NCAM,Hepatocyte 4,CD8+ T cell 1,,,1.66877817016502e-06,,partial,0,1,0,1,,1.66877817016502e-06,,,,,,FALSE,FALSE,FALSE,FALSE,
NCAM,Hepatocyte 4,CD8+ T cell 2,,,1.02518381511472e-08,,partial,0,1,0,1,,1.02518381511472e-08,,,,,,FALSE,FALSE,FALSE,FALSE,
NCAM,Hepatocyte 4,CD8+ T cell 3,,,5.70984463822073e-06,,partial,0,1,0,1,,5.70984463822073e-06,,,,,,FALSE,FALSE,FALSE,FALSE,
NCAM,Hepatocyte 4,Cholangiocyte,,,5.37753011988123e-07,,partial,0,1,0,1,,5.37753011988123e-07,,,,,,FALSE,FALSE,FALSE,FALSE,
NCAM,Hepatocyte 4,Hepatocyte 1,,,8.5695663271548e-07,,partial,0,1,0,1,,8.5695663271548e-07,,,,,,FALSE,FALSE,FALSE,FALSE,
NCAM,Hepatocyte 4,Hepatocyte 2,,,1.40097850735763e-09,,partial,0,1,0,1,,1.40097850735763e-09,,,,,,FALSE,FALSE,FALSE,FALSE,
NCAM,Hepatocyte 4,Hepatocyte 4,,,7.67273524881546e-05,,partial,0,1,0,1,,7.67273524881546e-05,,,,,,FALSE,FALSE,FALSE,FALSE,
NCAM,Hepatocyte 4,Ig+ hepatocyte,,,3.89634175878026e-08,,partial,0,1,0,1,,3.89634175878026e-08,,,,,,FALSE,FALSE,FALSE,FALSE,
NCAM,Hepatocyte 4,IgG+ B cell,,,3.01280969769365e-08,,partial,0,1,0,1,,3.01280969769365e-08,,,,,,FALSE,FALSE,FALSE,FALSE,
NCAM,Hepatocyte 4,IgG+ plasmablast / plasma cell,,,8.5425545590029e-09,,partial,0,1,0,1,,8.5425545590029e-09,,,,,,FALSE,FALSE,FALSE,FALSE,
NCAM,Hepatocyte 4,IgM+ B cell,,,2.69596167435511e-08,,partial,0,1,0,1,,2.69596167435511e-08,,,,,,FALSE,FALSE,FALSE,FALSE,
NCAM,Hepatocyte 4,Macrophage 1,,,8.41383103384269e-07,,partial,0,1,0,1,,8.41383103384269e-07,,,,,,FALSE,FALSE,FALSE,FALSE,
NCAM,Hepatocyte 4,Macrophage 2,,,1.19356515519999e-07,,partial,0,1,0,1,,1.19356515519999e-07,,,,,,FALSE,FALSE,FALSE,FALSE,
NCAM,Hepatocyte 4,Sinusoidal endothelial cell,,,5.98076329618318e-07,,partial,0,1,0,1,,5.98076329618318e-07,,,,,,FALSE,FALSE,FALSE,FALSE,
NCAM,Hepatocyte 4,Stellate cell,,,9.86209203539097e-07,,partial,0,1,0,1,,9.86209203539097e-07,,,,,,FALSE,FALSE,FALSE,FALSE,
NCAM,Hepatocyte 4,Vascular endothelial cell,,,9.20805663940699e-09,,partial,0,1,0,1,,9.20805663940699e-09,,,,,,FALSE,FALSE,FALSE,FALSE,
NCAM,Ig+ hepatocyte,CD4+ T cell,,,2.55237876375922e-10,,partial,0,1,0,1,,2.55237876375922e-10,,,,,,FALSE,FALSE,FALSE,FALSE,
NCAM,Ig+ hepatocyte,CD8+ T cell 1,,,1.12711339741214e-07,,partial,0,1,0,1,,1.12711339741214e-07,,,,,,FALSE,FALSE,FALSE,FALSE,
NCAM,Ig+ hepatocyte,CD8+ T cell 3,,,2.48460993502854e-08,,partial,0,1,0,1,,2.48460993502854e-08,,,,,,FALSE,FALSE,FALSE,FALSE,
NCAM,Ig+ hepatocyte,Cholangiocyte,,,3.57488911668066e-09,,partial,0,1,0,1,,3.57488911668066e-09,,,,,,FALSE,FALSE,FALSE,FALSE,
NCAM,Ig+ hepatocyte,Hepatocyte 1,,,4.09685907631148e-09,,partial,0,1,0,1,,4.09685907631148e-09,,,,,,FALSE,FALSE,FALSE,FALSE,
NCAM,Ig+ hepatocyte,Hepatocyte 4,,,3.86183688909353e-08,,partial,0,1,0,1,,3.86183688909353e-08,,,,,,FALSE,FALSE,FALSE,FALSE,
NCAM,Ig+ hepatocyte,Ig+ hepatocyte,,,7.72942569452865e-05,,partial,0,1,0,1,,7.72942569452865e-05,,,,,,FALSE,FALSE,FALSE,FALSE,
NCAM,Ig+ hepatocyte,IgG+ plasmablast / plasma cell,,,1.73346159369672e-10,,partial,0,1,0,1,,1.73346159369672e-10,,,,,,FALSE,FALSE,FALSE,FALSE,
NCAM,Ig+ hepatocyte,IgM+ B cell,,,4.16167150122441e-09,,partial,0,1,0,1,,4.16167150122441e-09,,,,,,FALSE,FALSE,FALSE,FALSE,
NCAM,Ig+ hepatocyte,Macrophage 1,,,1.00218287843291e-06,,partial,0,1,0,1,,1.00218287843291e-06,,,,,,FALSE,FALSE,FALSE,FALSE,
NCAM,Ig+ hepatocyte,Sinusoidal endothelial cell,,,3.49323879851788e-08,,partial,0,1,0,1,,3.49323879851788e-08,,,,,,FALSE,FALSE,FALSE,FALSE,
NCAM,Ig+ hepatocyte,Stellate cell,,,1.66232469982203e-07,,partial,0,1,0,1,,1.66232469982203e-07,,,,,,FALSE,FALSE,FALSE,FALSE,
NCAM,IgG+ B cell,CD4+ T cell,,,1.16163880319879e-07,,partial,0,1,0,1,,1.16163880319879e-07,,,,,,FALSE,FALSE,FALSE,FALSE,
NCAM,IgG+ B cell,CD8+ T cell 1,,,1.36964861126417e-06,,partial,0,1,0,1,,1.36964861126417e-06,,,,,,FALSE,FALSE,FALSE,FALSE,
NCAM,IgG+ B cell,CD8+ T cell 2,,,5.90580961770862e-08,,partial,0,1,0,1,,5.90580961770862e-08,,,,,,FALSE,FALSE,FALSE,FALSE,
NCAM,IgG+ B cell,CD8+ T cell 3,,,2.14030505969502e-06,,partial,0,1,0,1,,2.14030505969502e-06,,,,,,FALSE,FALSE,FALSE,FALSE,
NCAM,IgG+ B cell,Cholangiocyte,,,5.98921667277112e-06,,partial,0,1,0,1,,5.98921667277112e-06,,,,,,FALSE,FALSE,FALSE,FALSE,
NCAM,IgG+ B cell,Hepatocyte 1,,,1.81774447228062e-08,,partial,0,1,0,1,,1.81774447228062e-08,,,,,,FALSE,FALSE,FALSE,FALSE,
NCAM,IgG+ B cell,Hepatocyte 2,,,1.86256106811403e-09,,partial,0,1,0,1,,1.86256106811403e-09,,,,,,FALSE,FALSE,FALSE,FALSE,
NCAM,IgG+ B cell,Hepatocyte 4,,,3.01249334783741e-08,,partial,0,1,0,1,,3.01249334783741e-08,,,,,,FALSE,FALSE,FALSE,FALSE,
NCAM,IgG+ B cell,IgG+ B cell,,,1.05750835071866e-05,,partial,0,1,0,1,,1.05750835071866e-05,,,,,,FALSE,FALSE,FALSE,FALSE,
NCAM,IgG+ B cell,IgG+ plasmablast / plasma cell,,,3.63537761885611e-07,,partial,0,1,0,1,,3.63537761885611e-07,,,,,,FALSE,FALSE,FALSE,FALSE,
NCAM,IgG+ B cell,IgM+ B cell,,,1.53688464066408e-07,,partial,0,1,0,1,,1.53688464066408e-07,,,,,,FALSE,FALSE,FALSE,FALSE,
NCAM,IgG+ B cell,Macrophage 1,,,2.82018149849924e-07,,partial,0,1,0,1,,2.82018149849924e-07,,,,,,FALSE,FALSE,FALSE,FALSE,
NCAM,IgG+ B cell,Macrophage 2,,,2.23059571329422e-07,,partial,0,1,0,1,,2.23059571329422e-07,,,,,,FALSE,FALSE,FALSE,FALSE,
NCAM,IgG+ B cell,Sinusoidal endothelial cell,,,5.65485844313149e-07,,partial,0,1,0,1,,5.65485844313149e-07,,,,,,FALSE,FALSE,FALSE,FALSE,
NCAM,IgG+ B cell,Stellate cell,,,1.3239686812763e-06,,partial,0,1,0,1,,1.3239686812763e-06,,,,,,FALSE,FALSE,FALSE,FALSE,
NCAM,IgG+ B cell,Vascular endothelial cell,,,3.94335872480711e-07,,partial,0,1,0,1,,3.94335872480711e-07,,,,,,FALSE,FALSE,FALSE,FALSE,
NCAM,IgG+ plasmablast / plasma cell,CD4+ T cell,,,5.24078605476914e-07,,partial,0,1,0,1,,5.24078605476914e-07,,,,,,FALSE,FALSE,FALSE,FALSE,
NCAM,IgG+ plasmablast / plasma cell,CD8+ T cell 1,,,2.13343029493444e-06,,partial,0,1,0,1,,2.13343029493444e-06,,,,,,FALSE,FALSE,FALSE,FALSE,
NCAM,IgG+ plasmablast / plasma cell,CD8+ T cell 2,,,2.83723954354422e-08,,partial,0,1,0,1,,2.83723954354422e-08,,,,,,FALSE,FALSE,FALSE,FALSE,
NCAM,IgG+ plasmablast / plasma cell,CD8+ T cell 3,,,1.72410430122266e-06,,partial,0,1,0,1,,1.72410430122266e-06,,,,,,FALSE,FALSE,FALSE,FALSE,
NCAM,IgG+ plasmablast / plasma cell,Cholangiocyte,,,5.53930991131431e-06,,partial,0,1,0,1,,5.53930991131431e-06,,,,,,FALSE,FALSE,FALSE,FALSE,
NCAM,IgG+ plasmablast / plasma cell,Hepatocyte 1,,,2.03360928218833e-07,,partial,0,1,0,1,,2.03360928218833e-07,,,,,,FALSE,FALSE,FALSE,FALSE,
NCAM,IgG+ plasmablast / plasma cell,Hepatocyte 2,,,3.25994578378259e-07,,partial,0,1,0,1,,3.25994578378259e-07,,,,,,FALSE,FALSE,FALSE,FALSE,
NCAM,IgG+ plasmablast / plasma cell,Hepatocyte 4,,,8.53954449291471e-09,,partial,0,1,0,1,,8.53954449291471e-09,,,,,,FALSE,FALSE,FALSE,FALSE,
NCAM,IgG+ plasmablast / plasma cell,Ig+ hepatocyte,,,1.73277152013061e-10,,partial,0,1,0,1,,1.73277152013061e-10,,,,,,FALSE,FALSE,FALSE,FALSE,
NCAM,IgG+ plasmablast / plasma cell,IgG+ B cell,,,3.63511408635601e-07,,partial,0,1,0,1,,3.63511408635601e-07,,,,,,FALSE,FALSE,FALSE,FALSE,
NCAM,IgG+ plasmablast / plasma cell,IgG+ plasmablast / plasma cell,,,8.75562041359046e-06,,partial,0,1,0,1,,8.75562041359046e-06,,,,,,FALSE,FALSE,FALSE,FALSE,
NCAM,IgG+ plasmablast / plasma cell,IgM+ B cell,,,3.17706782895159e-07,,partial,0,1,0,1,,3.17706782895159e-07,,,,,,FALSE,FALSE,FALSE,FALSE,
NCAM,IgG+ plasmablast / plasma cell,Macrophage 1,,,3.58473190515234e-07,,partial,0,1,0,1,,3.58473190515234e-07,,,,,,FALSE,FALSE,FALSE,FALSE,
NCAM,IgG+ plasmablast / plasma cell,Macrophage 2,,,3.81128794778328e-07,,partial,0,1,0,1,,3.81128794778328e-07,,,,,,FALSE,FALSE,FALSE,FALSE,
NCAM,IgG+ plasmablast / plasma cell,Sinusoidal endothelial cell,,,8.64341839972127e-07,,partial,0,1,0,1,,8.64341839972127e-07,,,,,,FALSE,FALSE,FALSE,FALSE,
NCAM,IgG+ plasmablast / plasma cell,Stellate cell,,,3.17652533844064e-06,,partial,0,1,0,1,,3.17652533844064e-06,,,,,,FALSE,FALSE,FALSE,FALSE,
NCAM,IgG+ plasmablast / plasma cell,Vascular endothelial cell,,,2.76452319457579e-07,,partial,0,1,0,1,,2.76452319457579e-07,,,,,,FALSE,FALSE,FALSE,FALSE,
NCAM,IgM+ B cell,CD4+ T cell,,,9.02905475438538e-07,,partial,0,1,0,1,,9.02905475438538e-07,,,,,,FALSE,FALSE,FALSE,FALSE,
NCAM,IgM+ B cell,CD8+ T cell 1,,,1.74035020660454e-06,,partial,0,1,0,1,,1.74035020660454e-06,,,,,,FALSE,FALSE,FALSE,FALSE,
NCAM,IgM+ B cell,CD8+ T cell 2,,,1.22539731340034e-08,,partial,0,1,0,1,,1.22539731340034e-08,,,,,,FALSE,FALSE,FALSE,FALSE,
NCAM,IgM+ B cell,CD8+ T cell 3,,,1.7449058253254e-06,,partial,0,1,0,1,,1.7449058253254e-06,,,,,,FALSE,FALSE,FALSE,FALSE,
NCAM,IgM+ B cell,Cholangiocyte,,,4.08242656350539e-06,,partial,0,1,0,1,,4.08242656350539e-06,,,,,,FALSE,FALSE,FALSE,FALSE,
NCAM,IgM+ B cell,Hepatocyte 1,,,3.07688994980122e-08,,partial,0,1,0,1,,3.07688994980122e-08,,,,,,FALSE,FALSE,FALSE,FALSE,
NCAM,IgM+ B cell,Hepatocyte 2,,,2.0727243035333e-09,,partial,0,1,0,1,,2.0727243035333e-09,,,,,,FALSE,FALSE,FALSE,FALSE,
NCAM,IgM+ B cell,Hepatocyte 4,,,2.69434614929015e-08,,partial,0,1,0,1,,2.69434614929015e-08,,,,,,FALSE,FALSE,FALSE,FALSE,
NCAM,IgM+ B cell,Ig+ hepatocyte,,,4.15934257326782e-09,,partial,0,1,0,1,,4.15934257326782e-09,,,,,,FALSE,FALSE,FALSE,FALSE,
NCAM,IgM+ B cell,IgG+ B cell,,,1.53689811313165e-07,,partial,0,1,0,1,,1.53689811313165e-07,,,,,,FALSE,FALSE,FALSE,FALSE,
NCAM,IgM+ B cell,IgG+ plasmablast / plasma cell,,,3.17693930215778e-07,,partial,0,1,0,1,,3.17693930215778e-07,,,,,,FALSE,FALSE,FALSE,FALSE,
NCAM,IgM+ B cell,IgM+ B cell,,,1.043133645282e-05,,partial,0,1,0,1,,1.043133645282e-05,,,,,,FALSE,FALSE,FALSE,FALSE,
NCAM,IgM+ B cell,Macrophage 1,,,3.07843707610551e-07,,partial,0,1,0,1,,3.07843707610551e-07,,,,,,FALSE,FALSE,FALSE,FALSE,
NCAM,IgM+ B cell,Macrophage 2,,,4.68360706257737e-07,,partial,0,1,0,1,,4.68360706257737e-07,,,,,,FALSE,FALSE,FALSE,FALSE,
NCAM,IgM+ B cell,Sinusoidal endothelial cell,,,4.70843222995217e-07,,partial,0,1,0,1,,4.70843222995217e-07,,,,,,FALSE,FALSE,FALSE,FALSE,
NCAM,IgM+ B cell,Stellate cell,,,1.81480920926197e-06,,partial,0,1,0,1,,1.81480920926197e-06,,,,,,FALSE,FALSE,FALSE,FALSE,
NCAM,IgM+ B cell,Vascular endothelial cell,,,7.87228875638602e-07,,partial,0,1,0,1,,7.87228875638602e-07,,,,,,FALSE,FALSE,FALSE,FALSE,
NCAM,Macrophage 1,CD4+ T cell,,,2.45443179318199e-07,,partial,0,1,0,1,,2.45443179318199e-07,,,,,,FALSE,FALSE,FALSE,FALSE,
NCAM,Macrophage 1,CD8+ T cell 1,,,2.60134108237895e-06,,partial,0,1,0,1,,2.60134108237895e-06,,,,,,FALSE,FALSE,FALSE,FALSE,
NCAM,Macrophage 1,CD8+ T cell 2,,,1.63597478980003e-07,,partial,0,1,0,1,,1.63597478980003e-07,,,,,,FALSE,FALSE,FALSE,FALSE,
NCAM,Macrophage 1,CD8+ T cell 3,,,3.60466441132582e-06,,partial,0,1,0,1,,3.60466441132582e-06,,,,,,FALSE,FALSE,FALSE,FALSE,
NCAM,Macrophage 1,Cholangiocyte,,,2.5348445895803e-06,,partial,0,1,0,1,,2.5348445895803e-06,,,,,,FALSE,FALSE,FALSE,FALSE,
NCAM,Macrophage 1,Hepatocyte 1,,,1.86361006829907e-07,,partial,0,1,0,1,,1.86361006829907e-07,,,,,,FALSE,FALSE,FALSE,FALSE,
NCAM,Macrophage 1,Hepatocyte 2,,,4.37235675053628e-08,,partial,0,1,0,1,,4.37235675053628e-08,,,,,,FALSE,FALSE,FALSE,FALSE,
NCAM,Macrophage 1,Hepatocyte 4,,,8.41162294874626e-07,,partial,0,1,0,1,,8.41162294874626e-07,,,,,,FALSE,FALSE,FALSE,FALSE,
NCAM,Macrophage 1,Ig+ hepatocyte,,,1.00247986473377e-06,,partial,0,1,0,1,,1.00247986473377e-06,,,,,,FALSE,FALSE,FALSE,FALSE,
NCAM,Macrophage 1,IgG+ B cell,,,2.82016875932722e-07,,partial,0,1,0,1,,2.82016875932722e-07,,,,,,FALSE,FALSE,FALSE,FALSE,
NCAM,Macrophage 1,IgG+ plasmablast / plasma cell,,,3.58485765177813e-07,,partial,0,1,0,1,,3.58485765177813e-07,,,,,,FALSE,FALSE,FALSE,FALSE,
NCAM,Macrophage 1,IgM+ B cell,,,3.07834747876271e-07,,partial,0,1,0,1,,3.07834747876271e-07,,,,,,FALSE,FALSE,FALSE,FALSE,
NCAM,Macrophage 1,Macrophage 1,,,6.84803087236807e-06,,partial,0,1,0,1,,6.84803087236807e-06,,,,,,FALSE,FALSE,FALSE,FALSE,
NCAM,Macrophage 1,Macrophage 2,,,1.86795321889796e-07,,partial,0,1,0,1,,1.86795321889796e-07,,,,,,FALSE,FALSE,FALSE,FALSE,
NCAM,Macrophage 1,Sinusoidal endothelial cell,,,1.20304978158959e-06,,partial,0,1,0,1,,1.20304978158959e-06,,,,,,FALSE,FALSE,FALSE,FALSE,
NCAM,Macrophage 1,Stellate cell,,,3.31112012261068e-06,,partial,0,1,0,1,,3.31112012261068e-06,,,,,,FALSE,FALSE,FALSE,FALSE,
NCAM,Macrophage 1,Vascular endothelial cell,,,1.44852001853684e-07,,partial,0,1,0,1,,1.44852001853684e-07,,,,,,FALSE,FALSE,FALSE,FALSE,
NCAM,Macrophage 2,CD4+ T cell,,,5.31875520604127e-07,,partial,0,1,0,1,,5.31875520604127e-07,,,,,,FALSE,FALSE,FALSE,FALSE,
NCAM,Macrophage 2,CD8+ T cell 1,,,1.26842248271227e-06,,partial,0,1,0,1,,1.26842248271227e-06,,,,,,FALSE,FALSE,FALSE,FALSE,
NCAM,Macrophage 2,CD8+ T cell 2,,,2.27431856681675e-08,,partial,0,1,0,1,,2.27431856681675e-08,,,,,,FALSE,FALSE,FALSE,FALSE,
NCAM,Macrophage 2,CD8+ T cell 3,,,1.22374941654462e-06,,partial,0,1,0,1,,1.22374941654462e-06,,,,,,FALSE,FALSE,FALSE,FALSE,
NCAM,Macrophage 2,Cholangiocyte,,,5.73515270895304e-06,,partial,0,1,0,1,,5.73515270895304e-06,,,,,,FALSE,FALSE,FALSE,FALSE,
NCAM,Macrophage 2,Hepatocyte 1,,,2.07886345435238e-08,,partial,0,1,0,1,,2.07886345435238e-08,,,,,,FALSE,FALSE,FALSE,FALSE,
NCAM,Macrophage 2,Hepatocyte 2,,,1.17960104917683e-09,,partial,0,1,0,1,,1.17960104917683e-09,,,,,,FALSE,FALSE,FALSE,FALSE,
NCAM,Macrophage 2,Hepatocyte 4,,,1.19335826533449e-07,,partial,0,1,0,1,,1.19335826533449e-07,,,,,,FALSE,FALSE,FALSE,FALSE,
NCAM,Macrophage 2,IgG+ B cell,,,2.23064887546227e-07,,partial,0,1,0,1,,2.23064887546227e-07,,,,,,FALSE,FALSE,FALSE,FALSE,
NCAM,Macrophage 2,IgG+ plasmablast / plasma cell,,,3.81129648672224e-07,,partial,0,1,0,1,,3.81129648672224e-07,,,,,,FALSE,FALSE,FALSE,FALSE,
NCAM,Macrophage 2,IgM+ B cell,,,4.68360378906891e-07,,partial,0,1,0,1,,4.68360378906891e-07,,,,,,FALSE,FALSE,FALSE,FALSE,
NCAM,Macrophage 2,Macrophage 1,,,1.86802637874899e-07,,partial,0,1,0,1,,1.86802637874899e-07,,,,,,FALSE,FALSE,FALSE,FALSE,
NCAM,Macrophage 2,Macrophage 2,,,3.67230411865466e-06,,partial,0,1,0,1,,3.67230411865466e-06,,,,,,FALSE,FALSE,FALSE,FALSE,
NCAM,Macrophage 2,Sinusoidal endothelial cell,,,3.93161880681199e-07,,partial,0,1,0,1,,3.93161880681199e-07,,,,,,FALSE,FALSE,FALSE,FALSE,
NCAM,Macrophage 2,Stellate cell,,,1.58001304514954e-06,,partial,0,1,0,1,,1.58001304514954e-06,,,,,,FALSE,FALSE,FALSE,FALSE,
NCAM,Macrophage 2,Vascular endothelial cell,,,4.52210385576545e-08,,partial,0,1,0,1,,4.52210385576545e-08,,,,,,FALSE,FALSE,FALSE,FALSE,
NCAM,Sinusoidal endothelial cell,CD4+ T cell,,,2.88637169396972e-07,,partial,0,1,0,1,,2.88637169396972e-07,,,,,,FALSE,FALSE,FALSE,FALSE,
NCAM,Sinusoidal endothelial cell,CD8+ T cell 1,,,4.91710939033325e-06,,partial,0,1,0,1,,4.91710939033325e-06,,,,,,FALSE,FALSE,FALSE,FALSE,
NCAM,Sinusoidal endothelial cell,CD8+ T cell 2,,,3.42521557946569e-07,,partial,0,1,0,1,,3.42521557946569e-07,,,,,,FALSE,FALSE,FALSE,FALSE,
NCAM,Sinusoidal endothelial cell,CD8+ T cell 3,,,4.24665094111212e-06,,partial,0,1,0,1,,4.24665094111212e-06,,,,,,FALSE,FALSE,FALSE,FALSE,
NCAM,Sinusoidal endothelial cell,Cholangiocyte,,,4.63088435795221e-06,,partial,0,1,0,1,,4.63088435795221e-06,,,,,,FALSE,FALSE,FALSE,FALSE,
NCAM,Sinusoidal endothelial cell,Hepatocyte 1,,,7.45191794037602e-08,,partial,0,1,0,1,,7.45191794037602e-08,,,,,,FALSE,FALSE,FALSE,FALSE,
NCAM,Sinusoidal endothelial cell,Hepatocyte 2,,,2.51048464044449e-07,,partial,0,1,0,1,,2.51048464044449e-07,,,,,,FALSE,FALSE,FALSE,FALSE,
NCAM,Sinusoidal endothelial cell,Hepatocyte 4,,,5.97882706590344e-07,,partial,0,1,0,1,,5.97882706590344e-07,,,,,,FALSE,FALSE,FALSE,FALSE,
NCAM,Sinusoidal endothelial cell,Ig+ hepatocyte,,,3.46602170938881e-08,,partial,0,1,0,1,,3.46602170938881e-08,,,,,,FALSE,FALSE,FALSE,FALSE,
NCAM,Sinusoidal endothelial cell,IgG+ B cell,,,5.65526327911215e-07,,partial,0,1,0,1,,5.65526327911215e-07,,,,,,FALSE,FALSE,FALSE,FALSE,
NCAM,Sinusoidal endothelial cell,IgG+ plasmablast / plasma cell,,,8.64381335303029e-07,,partial,0,1,0,1,,8.64381335303029e-07,,,,,,FALSE,FALSE,FALSE,FALSE,
NCAM,Sinusoidal endothelial cell,IgM+ B cell,,,4.70860042808504e-07,,partial,0,1,0,1,,4.70860042808504e-07,,,,,,FALSE,FALSE,FALSE,FALSE,
NCAM,Sinusoidal endothelial cell,Macrophage 1,,,1.20307859651524e-06,,partial,0,1,0,1,,1.20307859651524e-06,,,,,,FALSE,FALSE,FALSE,FALSE,
NCAM,Sinusoidal endothelial cell,Macrophage 2,,,3.93180970321602e-07,,partial,0,1,0,1,,3.93180970321602e-07,,,,,,FALSE,FALSE,FALSE,FALSE,
NCAM,Sinusoidal endothelial cell,Sinusoidal endothelial cell,,,3.92462946091009e-05,,partial,0,1,0,1,,3.92462946091009e-05,,,,,,FALSE,FALSE,FALSE,FALSE,
NCAM,Sinusoidal endothelial cell,Stellate cell,,,1.05193139047229e-05,,partial,0,1,0,1,,1.05193139047229e-05,,,,,,FALSE,FALSE,FALSE,FALSE,
NCAM,Sinusoidal endothelial cell,Vascular endothelial cell,,,5.24688624477711e-08,,partial,0,1,0,1,,5.24688624477711e-08,,,,,,FALSE,FALSE,FALSE,FALSE,
NCAM,Stellate cell,CD4+ T cell,,,2.08998695049746e-06,,partial,0,1,0,1,,2.08998695049746e-06,,,,,,FALSE,FALSE,FALSE,FALSE,
NCAM,Stellate cell,CD8+ T cell 1,,,1.55778733840261e-05,,partial,0,1,0,1,,1.55778733840261e-05,,,,,,FALSE,FALSE,FALSE,FALSE,
NCAM,Stellate cell,CD8+ T cell 2,,,1.19932671239422e-06,,partial,0,1,0,1,,1.19932671239422e-06,,,,,,FALSE,FALSE,FALSE,FALSE,
NCAM,Stellate cell,CD8+ T cell 3,,,1.36557038621529e-05,,partial,0,1,0,1,,1.36557038621529e-05,,,,,,FALSE,FALSE,FALSE,FALSE,
NCAM,Stellate cell,Cholangiocyte,,,1.60669667582564e-05,,partial,0,1,0,1,,1.60669667582564e-05,,,,,,FALSE,FALSE,FALSE,FALSE,
NCAM,Stellate cell,Hepatocyte 1,,,1.02815197203496e-06,,partial,0,1,0,1,,1.02815197203496e-06,,,,,,FALSE,FALSE,FALSE,FALSE,
NCAM,Stellate cell,Hepatocyte 2,,,3.39173265046869e-07,,partial,0,1,0,1,,3.39173265046869e-07,,,,,,FALSE,FALSE,FALSE,FALSE,
NCAM,Stellate cell,Hepatocyte 4,,,9.86111153559329e-07,,partial,0,1,0,1,,9.86111153559329e-07,,,,,,FALSE,FALSE,FALSE,FALSE,
NCAM,Stellate cell,Ig+ hepatocyte,,,1.66095895176073e-07,,partial,0,1,0,1,,1.66095895176073e-07,,,,,,FALSE,FALSE,FALSE,FALSE,
NCAM,Stellate cell,IgG+ B cell,,,1.32398078119434e-06,,partial,0,1,0,1,,1.32398078119434e-06,,,,,,FALSE,FALSE,FALSE,FALSE,
NCAM,Stellate cell,IgG+ plasmablast / plasma cell,,,3.17658636088381e-06,,partial,0,1,0,1,,3.17658636088381e-06,,,,,,FALSE,FALSE,FALSE,FALSE,
NCAM,Stellate cell,IgM+ B cell,,,1.81481499606579e-06,,partial,0,1,0,1,,1.81481499606579e-06,,,,,,FALSE,FALSE,FALSE,FALSE,
NCAM,Stellate cell,Macrophage 1,,,3.31114231733679e-06,,partial,0,1,0,1,,3.31114231733679e-06,,,,,,FALSE,FALSE,FALSE,FALSE,
NCAM,Stellate cell,Macrophage 2,,,1.58000498041661e-06,,partial,0,1,0,1,,1.58000498041661e-06,,,,,,FALSE,FALSE,FALSE,FALSE,
NCAM,Stellate cell,Sinusoidal endothelial cell,,,1.05193902607361e-05,,partial,0,1,0,1,,1.05193902607361e-05,,,,,,FALSE,FALSE,FALSE,FALSE,
NCAM,Stellate cell,Stellate cell,,,6.13701640075529e-05,,partial,0,1,0,1,,6.13701640075529e-05,,,,,,FALSE,FALSE,FALSE,FALSE,
NCAM,Stellate cell,Vascular endothelial cell,,,4.98712936037314e-07,,partial,0,1,0,1,,4.98712936037314e-07,,,,,,FALSE,FALSE,FALSE,FALSE,
NCAM,Vascular endothelial cell,CD4+ T cell,,,2.68741306852108e-07,,partial,0,1,0,1,,2.68741306852108e-07,,,,,,FALSE,FALSE,FALSE,FALSE,
NCAM,Vascular endothelial cell,CD8+ T cell 1,,,7.34494794862128e-07,,partial,0,1,0,1,,7.34494794862128e-07,,,,,,FALSE,FALSE,FALSE,FALSE,
NCAM,Vascular endothelial cell,CD8+ T cell 2,,,7.68362467577963e-10,,partial,0,1,0,1,,7.68362467577963e-10,,,,,,FALSE,FALSE,FALSE,FALSE,
NCAM,Vascular endothelial cell,CD8+ T cell 3,,,6.72072824801172e-07,,partial,0,1,0,1,,6.72072824801172e-07,,,,,,FALSE,FALSE,FALSE,FALSE,
NCAM,Vascular endothelial cell,Cholangiocyte,,,2.16644531159775e-06,,partial,0,1,0,1,,2.16644531159775e-06,,,,,,FALSE,FALSE,FALSE,FALSE,
NCAM,Vascular endothelial cell,Hepatocyte 1,,,1.27482141593167e-08,,partial,0,1,0,1,,1.27482141593167e-08,,,,,,FALSE,FALSE,FALSE,FALSE,
NCAM,Vascular endothelial cell,Hepatocyte 2,,,3.02451301252056e-09,,partial,0,1,0,1,,3.02451301252056e-09,,,,,,FALSE,FALSE,FALSE,FALSE,
NCAM,Vascular endothelial cell,Hepatocyte 4,,,9.20202855587222e-09,,partial,0,1,0,1,,9.20202855587222e-09,,,,,,FALSE,FALSE,FALSE,FALSE,
NCAM,Vascular endothelial cell,IgG+ B cell,,,3.94292898862975e-07,,partial,0,1,0,1,,3.94292898862975e-07,,,,,,FALSE,FALSE,FALSE,FALSE,
NCAM,Vascular endothelial cell,IgG+ plasmablast / plasma cell,,,2.76419285842205e-07,,partial,0,1,0,1,,2.76419285842205e-07,,,,,,FALSE,FALSE,FALSE,FALSE,
NCAM,Vascular endothelial cell,IgM+ B cell,,,7.87179075107239e-07,,partial,0,1,0,1,,7.87179075107239e-07,,,,,,FALSE,FALSE,FALSE,FALSE,
NCAM,Vascular endothelial cell,Macrophage 1,,,1.44875005895752e-07,,partial,0,1,0,1,,1.44875005895752e-07,,,,,,FALSE,FALSE,FALSE,FALSE,
NCAM,Vascular endothelial cell,Macrophage 2,,,4.52216723017889e-08,,partial,0,1,0,1,,4.52216723017889e-08,,,,,,FALSE,FALSE,FALSE,FALSE,
NCAM,Vascular endothelial cell,Sinusoidal endothelial cell,,,5.24500914601059e-08,,partial,0,1,0,1,,5.24500914601059e-08,,,,,,FALSE,FALSE,FALSE,FALSE,
NCAM,Vascular endothelial cell,Stellate cell,,,4.98731086997197e-07,,partial,0,1,0,1,,4.98731086997197e-07,,,,,,FALSE,FALSE,FALSE,FALSE,
NCAM,Vascular endothelial cell,Vascular endothelial cell,,,1.43901013887672e-05,,partial,0,1,0,1,,1.43901013887672e-05,,,,,,FALSE,FALSE,FALSE,FALSE,
VEGF,CD4+ T cell,CD4+ T cell,3.68021304452333e-05,3.26798336344189e-05,5.50041984390769e-06,5.93359414080915e-06,all4,2,2,2,2,3.47409820398261e-05,5.71700699235842e-06,3.26798336344189e-05,3.68021304452333e-05,5.50041984390769e-06,5.93359414080915e-06,2.58452402133135,TRUE,TRUE,FALSE,TRUE,irHepatitis
VEGF,CD4+ T cell,CD8+ T cell 1,1.37746238725823e-05,7.61316189309593e-06,2.91779153922664e-06,1.55427354364267e-06,all4,2,2,2,2,1.06938928828391e-05,2.23603254143465e-06,7.61316189309593e-06,1.37746238725823e-05,1.55427354364267e-06,2.91779153922664e-06,2.21298082079803,TRUE,TRUE,FALSE,TRUE,irHepatitis
VEGF,CD4+ T cell,CD8+ T cell 2,1.87561246891004e-05,1.54548648881942e-06,5.36169730178144e-07,6.94610604400567e-07,all4,2,2,2,2,1.01508055889599e-05,6.15390167289355e-07,1.54548648881942e-06,1.87561246891004e-05,5.36169730178144e-07,6.94610604400567e-07,3.85994376668592,TRUE,TRUE,FALSE,TRUE,irHepatitis
VEGF,CD4+ T cell,CD8+ T cell 3,3.03837715653699e-05,1.07742641286303e-05,3.20711007990651e-06,1.61550854869931e-06,all4,2,2,2,2,2.05790178470001e-05,2.41130931430291e-06,1.07742641286303e-05,3.03837715653699e-05,1.61550854869931e-06,3.20711007990651e-06,3.04676232999926,TRUE,TRUE,FALSE,TRUE,irHepatitis
VEGF,CD4+ T cell,Cholangiocyte,1.30930027529912e-05,2.78981282635927e-06,1.02229301145681e-06,1.42131683137223e-06,all4,2,2,2,2,7.94140778967524e-06,1.22180492141452e-06,2.78981282635927e-06,1.30930027529912e-05,1.02229301145681e-06,1.42131683137223e-06,2.61418658983289,TRUE,TRUE,FALSE,TRUE,irHepatitis
VEGF,CD4+ T cell,Hepatocyte 1,1.05007190991983e-06,6.2665472017309e-07,5.10967030843464e-07,3.68890348739427e-07,all4,2,2,2,2,8.38363315046459e-07,4.39928689791446e-07,6.2665472017309e-07,1.05007190991983e-06,3.68890348739427e-07,5.10967030843464e-07,0.809001622537283,TRUE,TRUE,FALSE,TRUE,irHepatitis
VEGF,CD4+ T cell,Hepatocyte 2,5.10255546009447e-07,1.01003168734343e-06,6.4180692454418e-07,2.83754499487474e-07,all4,2,2,2,2,7.6014361667644e-07,4.62780712015827e-07,5.10255546009447e-07,1.01003168734343e-06,2.83754499487474e-07,6.4180692454418e-07,0.62108551420744,TRUE,FALSE,FALSE,FALSE,
VEGF,CD4+ T cell,Hepatocyte 3,3.97572775173951e-07,6.97680018275135e-07,1.41671448378121e-06,5.99854206933005e-07,all4,2,2,2,2,5.47626396724543e-07,1.00828434535711e-06,3.97572775173951e-07,6.97680018275135e-07,5.99854206933005e-07,1.41671448378121e-06,-0.784557976368739,TRUE,FALSE,FALSE,FALSE,
VEGF,CD4+ T cell,Hepatocyte 4,7.37091760629089e-06,2.52235481991119e-08,1.26183038076977e-06,2.38150781517811e-07,all4,2,2,2,2,3.698070577245e-06,7.4999058114379e-07,2.52235481991119e-08,7.37091760629089e-06,2.38150781517811e-07,1.26183038076977e-06,2.17314437804755,TRUE,FALSE,FALSE,FALSE,
VEGF,CD4+ T cell,Ig+ hepatocyte,0,,9.44572741447927e-07,1.18149629203901e-06,all4,2,2,1,2,0,1.06303451674347e-06,,,9.44572741447927e-07,1.18149629203901e-06,-3.68076316860356,FALSE,FALSE,FALSE,FALSE,
VEGF,CD4+ T cell,IgG+ B cell,1.24193005599594e-05,0,9.27489066838774e-07,2.02373754695133e-06,all4,2,2,2,2,6.2096502799797e-06,1.47561330689505e-06,0,1.24193005599594e-05,9.27489066838774e-07,2.02373754695133e-06,2.00860920743371,TRUE,FALSE,FALSE,FALSE,
VEGF,CD4+ T cell,IgG+ plasmablast / plasma cell,2.66598796579273e-05,0,2.17377027272951e-06,1.49324554535462e-06,all4,2,2,2,2,1.33299398289636e-05,1.83350790904207e-06,0,2.66598796579273e-05,1.49324554535462e-06,2.17377027272951e-06,2.80262720900653,TRUE,FALSE,FALSE,FALSE,
VEGF,CD4+ T cell,IgM+ B cell,4.27423434393135e-05,2.48894514250371e-05,4.97925174720468e-06,8.72291479734719e-06,all4,2,2,2,2,3.38158974321753e-05,6.85108327227594e-06,2.48894514250371e-05,4.27423434393135e-05,4.97925174720468e-06,8.72291479734719e-06,2.28831909710616,TRUE,TRUE,FALSE,TRUE,irHepatitis
VEGF,CD4+ T cell,Macrophage 1,7.53986671829248e-06,1.69610567019577e-06,2.79253101527568e-06,1.24165713415771e-06,all4,2,2,2,2,4.61798619424413e-06,2.01709407471669e-06,1.69610567019577e-06,7.53986671829248e-06,1.24165713415771e-06,2.79253101527568e-06,1.15989108020606,TRUE,FALSE,FALSE,FALSE,
VEGF,CD4+ T cell,Macrophage 2,7.18756190294557e-06,4.24813047579541e-06,1.72889640691207e-06,1.74847656541498e-06,all4,2,2,2,2,5.71784618937049e-06,1.73868648616353e-06,4.24813047579541e-06,7.18756190294557e-06,1.72889640691207e-06,1.74847656541498e-06,1.66724652954061,TRUE,TRUE,FALSE,TRUE,irHepatitis
VEGF,CD4+ T cell,Sinusoidal endothelial cell,3.95492608185163e-06,5.96838164602763e-06,1.39927265400113e-05,6.54893439034403e-06,all4,2,2,2,2,4.96165386393963e-06,1.02708304651776e-05,3.95492608185163e-06,5.96838164602763e-06,6.54893439034403e-06,1.39927265400113e-05,-1.0363257695423,TRUE,FALSE,TRUE,TRUE,AIH
VEGF,CD4+ T cell,Stellate cell,9.07793309629468e-06,5.4773287602241e-06,3.3525899757275e-06,3.13448608389305e-06,all4,2,2,2,2,7.27763092825939e-06,3.24353802981028e-06,5.4773287602241e-06,9.07793309629468e-06,3.13448608389305e-06,3.3525899757275e-06,1.14416898366571,TRUE,TRUE,FALSE,TRUE,irHepatitis
VEGF,CD4+ T cell,Vascular endothelial cell,0.000124206657791304,6.53336530691564e-05,4.10709159360916e-05,3.72715976828465e-05,all4,2,2,2,2,9.47701554302304e-05,3.91712568094691e-05,6.53336530691564e-05,0.000124206657791304,3.72715976828465e-05,4.10709159360916e-05,1.27269790969147,TRUE,TRUE,FALSE,TRUE,irHepatitis
VEGF,CD8+ T cell 1,CD4+ T cell,1.0895544764081e-05,1.76764626806523e-05,2.14399073474386e-06,1.91684243019285e-06,all4,2,2,2,2,1.42860037223666e-05,2.03041658246836e-06,1.0895544764081e-05,1.76764626806523e-05,1.91684243019285e-06,2.14399073474386e-06,2.76129782508911,TRUE,TRUE,FALSE,TRUE,irHepatitis
VEGF,CD8+ T cell 1,CD8+ T cell 1,1.99025200259577e-05,2.79696144928641e-05,5.7740788416507e-06,5.11361739279392e-06,all4,2,2,2,2,2.39360672594109e-05,5.44384811722231e-06,1.99025200259577e-05,2.79696144928641e-05,5.11361739279392e-06,5.7740788416507e-06,2.11826451234426,TRUE,TRUE,FALSE,TRUE,irHepatitis
VEGF,CD8+ T cell 1,CD8+ T cell 2,1.73941530858365e-05,1.74920768735167e-05,2.47324923404714e-06,1.85828118462882e-06,all4,2,2,2,2,1.74431149796766e-05,2.16576520933798e-06,1.73941530858365e-05,1.74920768735167e-05,1.85828118462882e-06,2.47324923404714e-06,2.95844613594185,TRUE,TRUE,FALSE,TRUE,irHepatitis
VEGF,CD8+ T cell 1,CD8+ T cell 3,1.54644713358685e-05,2.05908343076847e-05,4.31389507419319e-06,3.79078617676909e-06,all4,2,2,2,2,1.80276528217766e-05,4.05234062548114e-06,1.54644713358685e-05,2.05908343076847e-05,3.79078617676909e-06,4.31389507419319e-06,2.12890333466579,TRUE,TRUE,FALSE,TRUE,irHepatitis
VEGF,CD8+ T cell 1,Cholangiocyte,8.60567372585366e-06,2.66736303395348e-06,6.05078141497291e-07,9.51582257022077e-07,all4,2,2,2,2,5.63651837990357e-06,7.78330199259684e-07,2.66736303395348e-06,8.60567372585366e-06,6.05078141497291e-07,9.51582257022077e-07,2.72147571184989,TRUE,TRUE,FALSE,TRUE,irHepatitis
VEGF,CD8+ T cell 1,Hepatocyte 1,4.51441985911429e-06,5.87468079648033e-06,1.44015717230004e-06,1.22190282785151e-06,all4,2,2,2,2,5.19455032779731e-06,1.33103000007578e-06,4.51441985911429e-06,5.87468079648033e-06,1.22190282785151e-06,1.44015717230004e-06,1.89491379255291,TRUE,TRUE,FALSE,TRUE,irHepatitis
VEGF,CD8+ T cell 1,Hepatocyte 2,3.33952960632101e-06,6.56425161754251e-06,1.73806987090947e-06,1.10288900680908e-06,all4,2,2,2,2,4.95189061193176e-06,1.42047943885927e-06,3.33952960632101e-06,6.56425161754251e-06,1.10288900680908e-06,1.73806987090947e-06,1.73902144384188,TRUE,TRUE,FALSE,TRUE,irHepatitis
VEGF,CD8+ T cell 1,Hepatocyte 3,1.64741927318951e-06,4.81561174473035e-06,2.4859380096307e-06,1.50794211368444e-06,all4,2,2,2,2,3.23151550895993e-06,1.99694006165757e-06,1.64741927318951e-06,4.81561174473035e-06,1.50794211368444e-06,2.4859380096307e-06,0.670476748194444,TRUE,FALSE,FALSE,FALSE,
VEGF,CD8+ T cell 1,Hepatocyte 4,4.60745201618043e-06,1.16718411643702e-05,1.71752866102118e-06,1.49468068010858e-06,all4,2,2,2,2,8.13964659027531e-06,1.60610467056488e-06,4.60745201618043e-06,1.16718411643702e-05,1.49468068010858e-06,1.71752866102118e-06,2.2786690395099,TRUE,TRUE,FALSE,TRUE,irHepatitis
VEGF,CD8+ T cell 1,Ig+ hepatocyte,0,,2.64045477406973e-06,2.26854850731667e-06,all4,2,2,1,2,0,2.4545016406932e-06,,,2.26854850731667e-06,2.64045477406973e-06,-4.82277520129489,FALSE,FALSE,FALSE,FALSE,
VEGF,CD8+ T cell 1,IgG+ B cell,5.01038593963964e-06,0,1.06771262398141e-06,6.97399465195944e-07,all4,2,2,2,2,2.50519296981982e-06,8.82556044588676e-07,0,5.01038593963964e-06,6.97399465195944e-07,1.06771262398141e-06,1.41607610709658,TRUE,FALSE,FALSE,FALSE,
VEGF,CD8+ T cell 1,IgG+ plasmablast / plasma cell,7.99454326166104e-06,0,1.82146770127406e-06,1.53344127409182e-06,all4,2,2,2,2,3.99727163083052e-06,1.67745448768294e-06,0,7.99454326166104e-06,1.53344127409182e-06,1.82146770127406e-06,1.20950880640145,TRUE,FALSE,FALSE,FALSE,
VEGF,CD8+ T cell 1,IgM+ B cell,1.20888866309248e-05,1.84665659560552e-05,1.99894498179112e-06,2.20747964015579e-06,all4,2,2,2,2,1.527772629349e-05,2.10321231097345e-06,1.20888866309248e-05,1.84665659560552e-05,1.99894498179112e-06,2.20747964015579e-06,2.80883959712725,TRUE,TRUE,FALSE,TRUE,irHepatitis
VEGF,CD8+ T cell 1,Macrophage 1,1.22154433998024e-05,1.06235550271653e-05,4.8100819124775e-06,3.76510291670794e-06,all4,2,2,2,2,1.14194992134838e-05,4.28759241459272e-06,1.06235550271653e-05,1.22154433998024e-05,3.76510291670794e-06,4.8100819124775e-06,1.39463480499668,TRUE,TRUE,FALSE,TRUE,irHepatitis
VEGF,CD8+ T cell 1,Macrophage 2,5.48316507407343e-06,6.17204572930276e-06,1.5150439492131e-06,1.9407374943983e-06,all4,2,2,2,2,5.82760540168809e-06,1.7278907218057e-06,5.48316507407343e-06,6.17204572930276e-06,1.5150439492131e-06,1.9407374943983e-06,1.70279993793235,TRUE,TRUE,FALSE,TRUE,irHepatitis
VEGF,CD8+ T cell 1,Sinusoidal endothelial cell,3.06414730601288e-05,6.07324305414989e-05,2.8994122598228e-05,2.20654792078134e-05,all4,2,2,2,2,4.56869518008139e-05,2.55298009030207e-05,3.06414730601288e-05,6.07324305414989e-05,2.20654792078134e-05,2.8994122598228e-05,0.837364476952279,TRUE,TRUE,FALSE,TRUE,irHepatitis
VEGF,CD8+ T cell 1,Stellate cell,8.75356728339235e-06,1.03838128192274e-05,4.05700319075554e-06,3.38350305359767e-06,all4,2,2,2,2,9.56869005130986e-06,3.7202531221766e-06,8.75356728339235e-06,1.03838128192274e-05,3.38350305359767e-06,4.05700319075554e-06,1.34196234573482,TRUE,TRUE,FALSE,TRUE,irHepatitis
VEGF,CD8+ T cell 1,Vascular endothelial cell,4.8235800644589e-05,7.0445285173172e-05,1.6196241550964e-05,1.55274224073742e-05,all4,2,2,2,2,5.93405429088805e-05,1.58618319791691e-05,4.8235800644589e-05,7.0445285173172e-05,1.55274224073742e-05,1.6196241550964e-05,1.89748868901144,TRUE,TRUE,FALSE,TRUE,irHepatitis
VEGF,CD8+ T cell 2,CD4+ T cell,3.15998568825942e-05,1.83409853078401e-05,5.4735931977284e-06,6.94445829550113e-06,all4,2,2,2,2,2.49704210952171e-05,6.20902574661477e-06,1.83409853078401e-05,3.15998568825942e-05,5.4735931977284e-06,6.94445829550113e-06,1.992226234452,TRUE,TRUE,FALSE,TRUE,irHepatitis
VEGF,CD8+ T cell 2,CD8+ T cell 1,6.65383891347999e-05,6.26552297704316e-05,2.97187750051389e-05,1.9938847806851e-05,all4,2,2,2,2,6.45968094526157e-05,2.4828811405995e-05,6.26552297704316e-05,6.65383891347999e-05,1.9938847806851e-05,2.97187750051389e-05,1.37623966198518,TRUE,TRUE,FALSE,TRUE,irHepatitis
VEGF,CD8+ T cell 2,CD8+ T cell 2,0.000611685697049641,0.000328824558917003,3.49560306889609e-05,2.93194338726284e-05,all4,2,2,2,2,0.000470255127983322,3.21377322807946e-05,0.000328824558917003,0.000611685697049641,2.93194338726284e-05,3.49560306889609e-05,3.86734911663159,TRUE,TRUE,FALSE,TRUE,irHepatitis
VEGF,CD8+ T cell 2,CD8+ T cell 3,8.22309505486821e-05,0.000121507208775279,2.7652654548884e-05,1.79854062389978e-05,all4,2,2,2,2,0.00010186907966198,2.28190303939409e-05,8.22309505486821e-05,0.000121507208775279,1.79854062389978e-05,2.7652654548884e-05,2.15400656218459,TRUE,TRUE,FALSE,TRUE,irHepatitis
VEGF,CD8+ T cell 2,Cholangiocyte,2.44847019863133e-05,2.45142592185674e-05,1.13024159877463e-06,2.18676782340909e-06,all4,2,2,2,2,2.44994806024404e-05,1.65850471109186e-06,2.44847019863133e-05,2.45142592185674e-05,1.13024159877463e-06,2.18676782340909e-06,3.81392004600126,TRUE,TRUE,FALSE,TRUE,irHepatitis
VEGF,CD8+ T cell 2,Hepatocyte 1,2.56800055313165e-05,2.29862781197115e-05,1.3492555138609e-05,7.08841444619322e-06,all4,2,2,2,2,2.4333141825514e-05,1.02904847924011e-05,2.29862781197115e-05,2.56800055313165e-05,7.08841444619322e-06,1.3492555138609e-05,1.23438252569896,TRUE,TRUE,FALSE,TRUE,irHepatitis
VEGF,CD8+ T cell 2,Hepatocyte 2,2.1630434199881e-05,2.88240938418143e-05,1.64724991850549e-05,6.02989232709793e-06,all4,2,2,2,2,2.52272640208477e-05,1.12511957560764e-05,2.1630434199881e-05,2.88240938418143e-05,6.02989232709793e-06,1.64724991850549e-05,1.15855537688696,TRUE,TRUE,FALSE,TRUE,irHepatitis
VEGF,CD8+ T cell 2,Hepatocyte 3,1.93133910186781e-05,3.15443815036943e-05,2.2188750027813e-05,8.9720404244879e-06,all4,2,2,2,2,2.54288862611862e-05,1.55803952261504e-05,1.93133910186781e-05,3.15443815036943e-05,8.9720404244879e-06,2.2188750027813e-05,0.703527154159934,TRUE,FALSE,FALSE,FALSE,
VEGF,CD8+ T cell 2,Hepatocyte 4,3.7006764421352e-05,3.03382668792149e-05,1.87032209594763e-05,8.20327420263782e-06,all4,2,2,2,2,3.36725156502834e-05,1.34532475810571e-05,3.03382668792149e-05,3.7006764421352e-05,8.20327420263782e-06,1.87032209594763e-05,1.31785469821494,TRUE,TRUE,FALSE,TRUE,irHepatitis
VEGF,CD8+ T cell 2,Ig+ hepatocyte,0,,1.19896940231829e-05,5.05113207689346e-06,all4,2,2,1,2,0,8.52041305003817e-06,,,5.05113207689346e-06,1.19896940231829e-05,-6.58151224408708,FALSE,FALSE,FALSE,FALSE,
VEGF,CD8+ T cell 2,IgG+ B cell,7.89625985015086e-06,0,2.86846939741357e-06,8.23009972646631e-07,all4,2,2,2,2,3.94812992507543e-06,1.8457396850301e-06,0,7.89625985015086e-06,8.23009972646631e-07,2.86846939741357e-06,1.06083901587032,TRUE,FALSE,FALSE,FALSE,
VEGF,CD8+ T cell 2,IgG+ plasmablast / plasma cell,1.80633231744082e-05,0,5.92257796295974e-06,3.72232898489052e-06,all4,2,2,2,2,9.03166158720408e-06,4.82245347392513e-06,0,1.80633231744082e-05,3.72232898489052e-06,5.92257796295974e-06,0.892865700441101,TRUE,FALSE,FALSE,FALSE,
VEGF,CD8+ T cell 2,IgM+ B cell,1.41090035743469e-05,2.24370579458501e-05,3.31128846234097e-06,7.1113677782446e-06,all4,2,2,2,2,1.82730307600985e-05,5.21132812029278e-06,1.41090035743469e-05,2.24370579458501e-05,3.31128846234097e-06,7.1113677782446e-06,1.79239672648926,TRUE,TRUE,FALSE,TRUE,irHepatitis
VEGF,CD8+ T cell 2,Macrophage 1,6.94385819081916e-05,4.83354690724469e-05,2.94557412629031e-05,1.97187916356852e-05,all4,2,2,2,2,5.88870254903193e-05,2.45872664492941e-05,4.83354690724469e-05,6.94385819081916e-05,1.97187916356852e-05,2.94557412629031e-05,1.25697367926207,TRUE,TRUE,FALSE,TRUE,irHepatitis
VEGF,CD8+ T cell 2,Macrophage 2,4.22790142915853e-05,2.48032525548387e-05,5.55639772572058e-06,7.29143547310484e-06,all4,2,2,2,2,3.3541133423212e-05,6.42391659941271e-06,2.48032525548387e-05,4.22790142915853e-05,5.55639772572058e-06,7.29143547310484e-06,2.36821711010368,TRUE,TRUE,FALSE,TRUE,irHepatitis
VEGF,CD8+ T cell 2,Sinusoidal endothelial cell,0.000115150715325036,0.000243501918646311,0.000142410015008051,0.00011119771492128,all4,2,2,2,2,0.000179326316985673,0.000126803864964666,0.000115150715325036,0.000243501918646311,0.00011119771492128,0.000142410015008051,0.4996890963676,TRUE,FALSE,FALSE,FALSE,
VEGF,CD8+ T cell 2,Stellate cell,3.50343771713254e-05,4.55244717252478e-05,1.12857261463325e-05,1.35888415107067e-05,all4,2,2,2,2,4.02794244482866e-05,1.24372838285196e-05,3.50343771713254e-05,4.55244717252478e-05,1.12857261463325e-05,1.35888415107067e-05,1.68819687549348,TRUE,TRUE,FALSE,TRUE,irHepatitis
VEGF,CD8+ T cell 2,Vascular endothelial cell,0.000160688595322342,0.000104289395102073,2.18508935861124e-05,3.3440804289308e-05,all4,2,2,2,2,0.000132488995212207,2.76458489377102e-05,0.000104289395102073,0.000160688595322342,2.18508935861124e-05,3.3440804289308e-05,2.25703231902398,TRUE,TRUE,FALSE,TRUE,irHepatitis
VEGF,CD8+ T cell 3,CD4+ T cell,4.04769352587405e-05,1.00872763436804e-05,3.98089426710976e-06,4.34494053682654e-06,all4,2,2,2,2,2.52821058012105e-05,4.16291740196815e-06,1.00872763436804e-05,4.04769352587405e-05,3.98089426710976e-06,4.34494053682654e-06,2.57674518490635,TRUE,TRUE,FALSE,TRUE,irHepatitis
VEGF,CD8+ T cell 3,CD8+ T cell 1,2.72036382207606e-05,1.8275372139365e-05,1.16523706352442e-05,8.50733900660437e-06,all4,2,2,2,2,2.27395051800628e-05,1.00798548209243e-05,1.8275372139365e-05,2.72036382207606e-05,8.50733900660437e-06,1.16523706352442e-05,1.16660793393699,TRUE,TRUE,FALSE,TRUE,irHepatitis
VEGF,CD8+ T cell 3,CD8+ T cell 2,1.74933467000032e-05,1.89101177708002e-05,4.73791532953186e-06,5.42234615439269e-06,all4,2,2,2,2,1.82017322354017e-05,5.08013074196227e-06,1.74933467000032e-05,1.89101177708002e-05,4.73791532953186e-06,5.42234615439269e-06,1.82293793817208,TRUE,TRUE,FALSE,TRUE,irHepatitis
VEGF,CD8+ T cell 3,CD8+ T cell 3,7.77326273863192e-05,0.00028060331109926,3.39966988292065e-05,3.43229092461769e-05,all4,2,2,2,2,0.000179167969242789,3.41598040376917e-05,7.77326273863192e-05,0.00028060331109926,3.39966988292065e-05,3.43229092461769e-05,2.38787283678596,TRUE,TRUE,FALSE,TRUE,irHepatitis
VEGF,CD8+ T cell 3,Cholangiocyte,1.81857337495011e-05,1.31760615937013e-05,1.55433978056284e-06,1.75471072314079e-06,all4,2,2,2,2,1.56808976716012e-05,1.65452525185182e-06,1.31760615937013e-05,1.81857337495011e-05,1.55433978056284e-06,1.75471072314079e-06,3.17642784687983,TRUE,TRUE,FALSE,TRUE,irHepatitis
VEGF,CD8+ T cell 3,Hepatocyte 1,1.79300612319671e-06,9.24153614056471e-06,4.30628711708471e-06,3.1350666854157e-06,all4,2,2,2,2,5.51727113188071e-06,3.72067690125021e-06,1.79300612319671e-06,9.24153614056471e-06,3.1350666854157e-06,4.30628711708471e-06,0.557262994884205,TRUE,FALSE,FALSE,FALSE,
VEGF,CD8+ T cell 3,Hepatocyte 2,1.89020098506722e-06,7.64368900451185e-06,4.18702456643132e-06,3.03129075467222e-06,all4,2,2,2,2,4.76694499478953e-06,3.60915766055177e-06,1.89020098506722e-06,7.64368900451185e-06,3.03129075467222e-06,4.18702456643132e-06,0.392861136274994,TRUE,FALSE,FALSE,FALSE,
VEGF,CD8+ T cell 3,Hepatocyte 3,1.08640220718142e-06,1.30636984339661e-05,5.02452413173705e-06,3.69839087425371e-06,all4,2,2,2,2,7.07505032057375e-06,4.36145750299538e-06,1.08640220718142e-06,1.30636984339661e-05,3.69839087425371e-06,5.02452413173705e-06,0.686710644116758,TRUE,FALSE,FALSE,FALSE,
VEGF,CD8+ T cell 3,Hepatocyte 4,1.46180448951767e-05,4.3498190668727e-05,4.52552005833576e-06,3.73576487678264e-06,all4,2,2,2,2,2.90581177819518e-05,4.1306424675592e-06,1.46180448951767e-05,4.3498190668727e-05,3.73576487678264e-06,4.52552005833576e-06,2.78789580035688,TRUE,TRUE,FALSE,TRUE,irHepatitis
VEGF,CD8+ T cell 3,Ig+ hepatocyte,0,,4.80855243531903e-06,3.35982877372229e-06,all4,2,2,1,2,0,4.08419060452066e-06,,,3.35982877372229e-06,4.80855243531903e-06,-5.5369094618824,FALSE,FALSE,FALSE,FALSE,
VEGF,CD8+ T cell 3,IgG+ B cell,1.01641701266226e-05,0,3.02508388475373e-06,1.67652856049975e-06,all4,2,2,2,2,5.0820850633113e-06,2.35080622262674e-06,0,1.01641701266226e-05,1.67652856049975e-06,3.02508388475373e-06,1.08341771402424,TRUE,FALSE,FALSE,FALSE,
VEGF,CD8+ T cell 3,IgG+ plasmablast / plasma cell,3.39684545094355e-05,0,3.80984688198974e-06,3.45949301564108e-06,all4,2,2,2,2,1.69842272547178e-05,3.63466994881541e-06,0,3.39684545094355e-05,3.45949301564108e-06,3.80984688198974e-06,2.19666438675056,TRUE,FALSE,FALSE,FALSE,
VEGF,CD8+ T cell 3,IgM+ B cell,3.96803411645342e-05,1.42864316144089e-05,3.98640925966716e-06,3.93987240968874e-06,all4,2,2,2,2,2.69833863894716e-05,3.96314083467795e-06,1.42864316144089e-05,3.96803411645342e-05,3.93987240968874e-06,3.98640925966716e-06,2.73979172194417,TRUE,TRUE,FALSE,TRUE,irHepatitis
VEGF,CD8+ T cell 3,Macrophage 1,1.67593158084801e-05,1.59679744133292e-05,1.14169451251664e-05,7.47684055152699e-06,all4,2,2,2,2,1.63636451109046e-05,9.44689283834671e-06,1.59679744133292e-05,1.67593158084801e-05,7.47684055152699e-06,1.14169451251664e-05,0.786822024752369,TRUE,TRUE,FALSE,TRUE,irHepatitis
VEGF,CD8+ T cell 3,Macrophage 2,8.79809411287154e-06,8.96223672998884e-06,3.34566828929488e-06,3.57393990763086e-06,all4,2,2,2,2,8.88016542143019e-06,3.45980409846287e-06,8.79809411287154e-06,8.96223672998884e-06,3.34566828929488e-06,3.57393990763086e-06,1.3374183708461,TRUE,TRUE,FALSE,TRUE,irHepatitis
VEGF,CD8+ T cell 3,Sinusoidal endothelial cell,1.63651242292628e-05,0.000105405240267156,7.07582973772446e-05,4.5752957810251e-05,all4,2,2,2,2,6.08851822482094e-05,5.82556275937478e-05,1.63651242292628e-05,0.000105405240267156,4.5752957810251e-05,7.07582973772446e-05,0.0635977209867533,TRUE,FALSE,FALSE,FALSE,
VEGF,CD8+ T cell 3,Stellate cell,1.15168147878034e-05,1.43763793024104e-05,8.32858998349957e-06,7.29505140852432e-06,all4,2,2,2,2,1.29465970451069e-05,7.81182069601194e-06,1.15168147878034e-05,1.43763793024104e-05,7.29505140852432e-06,8.32858998349957e-06,0.722317106226607,TRUE,TRUE,FALSE,TRUE,irHepatitis
VEGF,CD8+ T cell 3,Vascular endothelial cell,0.0001236789639264,7.52787079076953e-05,2.81567623980253e-05,3.69040363267638e-05,all4,2,2,2,2,9.94788359170477e-05,3.25303993623946e-05,7.52787079076953e-05,0.0001236789639264,2.81567623980253e-05,3.69040363267638e-05,1.60992262664637,TRUE,TRUE,FALSE,TRUE,irHepatitis
VEGF,Cholangiocyte,CD4+ T cell,0.000129274334920741,0.000305629030171417,2.94798984527964e-05,4.35166541103286e-05,all4,2,2,2,2,0.000217451682546079,3.64982762815625e-05,0.000129274334920741,0.000305629030171417,2.94798984527964e-05,4.35166541103286e-05,2.57184159993852,TRUE,TRUE,FALSE,TRUE,irHepatitis
VEGF,Cholangiocyte,CD8+ T cell 1,0.000149960973352549,0.000181396899517768,3.44355633551368e-05,2.99746638378763e-05,all4,2,2,2,2,0.000165678936435159,3.22051135965066e-05,0.000149960973352549,0.000181396899517768,2.99746638378763e-05,3.44355633551368e-05,2.35978928091617,TRUE,TRUE,FALSE,TRUE,irHepatitis
VEGF,Cholangiocyte,CD8+ T cell 2,0.000130235477931432,0.000107408737839444,5.1630860061838e-06,9.6689315366186e-06,all4,2,2,2,2,0.000118822107885438,7.4160087714012e-06,0.000107408737839444,0.000130235477931432,5.1630860061838e-06,9.6689315366186e-06,3.98572283808832,TRUE,TRUE,FALSE,TRUE,irHepatitis
VEGF,Cholangiocyte,CD8+ T cell 3,0.000227777858939583,0.000166765129511648,3.39211946023032e-05,3.63320742447962e-05,all4,2,2,2,2,0.000197271494225616,3.51266344235497e-05,0.000166765129511648,0.000227777858939583,3.39211946023032e-05,3.63320742447962e-05,2.48651477580379,TRUE,TRUE,FALSE,TRUE,irHepatitis
VEGF,Cholangiocyte,Cholangiocyte,0.000275733468020315,0.000501750933712464,2.72124136810412e-05,5.3380837469809e-05,all4,2,2,2,2,0.00038874220086639,4.02966255754251e-05,0.000275733468020315,0.000501750933712464,2.72124136810412e-05,5.3380837469809e-05,3.26720120774202,TRUE,TRUE,FALSE,TRUE,irHepatitis
VEGF,Cholangiocyte,Hepatocyte 1,2.47516120340141e-05,2.77370272590471e-05,3.55322789733555e-06,5.20364159727533e-06,all4,2,2,2,2,2.62443196465306e-05,4.37843474730544e-06,2.47516120340141e-05,2.77370272590471e-05,3.55322789733555e-06,5.20364159727533e-06,2.55912803963004,TRUE,TRUE,FALSE,TRUE,irHepatitis
VEGF,Cholangiocyte,Hepatocyte 2,1.74161033420709e-05,4.27709478898801e-05,6.74810160480816e-06,5.3123078657502e-06,all4,2,2,2,2,3.00935256159755e-05,6.03020473527918e-06,1.74161033420709e-05,4.27709478898801e-05,5.3123078657502e-06,6.74810160480816e-06,2.30212725618299,TRUE,TRUE,FALSE,TRUE,irHepatitis
VEGF,Cholangiocyte,Hepatocyte 3,9.54475302476726e-06,3.01916024948312e-05,1.61064007257505e-05,1.76315050600996e-05,all4,2,2,2,2,1.98681777597992e-05,1.68689528929251e-05,9.54475302476726e-06,3.01916024948312e-05,1.61064007257505e-05,1.76315050600996e-05,0.234934116087869,TRUE,FALSE,FALSE,FALSE,
VEGF,Cholangiocyte,Hepatocyte 4,4.91758236001411e-05,1.11995672791152e-05,3.73264380670715e-06,6.1207650578833e-06,all4,2,2,2,2,3.01876954396281e-05,4.92670443229523e-06,1.11995672791152e-05,4.91758236001411e-05,3.73264380670715e-06,6.1207650578833e-06,2.59346620886071,TRUE,TRUE,FALSE,TRUE,irHepatitis
VEGF,Cholangiocyte,Ig+ hepatocyte,0,,1.02193852672613e-05,2.43642965236145e-05,all4,2,2,1,2,0,1.72918408954379e-05,,,1.02193852672613e-05,2.43642965236145e-05,-7.59494676093917,FALSE,FALSE,FALSE,FALSE,
VEGF,Cholangiocyte,IgG+ B cell,3.89742770218637e-05,0,1.94704759444992e-05,3.34078321863729e-05,all4,2,2,2,2,1.94871385109318e-05,2.6439154065436e-05,0,3.89742770218637e-05,1.94704759444992e-05,3.34078321863729e-05,-0.438410587526442,TRUE,FALSE,FALSE,FALSE,
VEGF,Cholangiocyte,IgG+ plasmablast / plasma cell,0.000117379164615157,0,2.42070814400325e-05,3.82931625098442e-05,all4,2,2,2,2,5.86895823075783e-05,3.12501219749384e-05,0,0.000117379164615157,2.42070814400325e-05,3.82931625098442e-05,0.907306341511984,TRUE,FALSE,FALSE,FALSE,
VEGF,Cholangiocyte,IgM+ B cell,0.000131864410184478,0.000247913069017534,2.89368476191819e-05,6.47362648361426e-05,all4,2,2,2,2,0.000189888739601006,4.68365562276622e-05,0.000131864410184478,0.000247913069017534,2.89368476191819e-05,6.47362648361426e-05,2.01736366730905,TRUE,TRUE,FALSE,TRUE,irHepatitis
VEGF,Cholangiocyte,Macrophage 1,0.00010211050116872,5.60056799512688e-05,3.10486661551915e-05,1.9002631348302e-05,all4,2,2,2,2,7.90580905599946e-05,2.50256487517467e-05,5.60056799512688e-05,0.00010211050116872,1.9002631348302e-05,3.10486661551915e-05,1.6559717076031,TRUE,TRUE,FALSE,TRUE,irHepatitis
VEGF,Cholangiocyte,Macrophage 2,9.74176273713635e-05,7.67466079739158e-05,2.4827621906887e-05,2.93259674206797e-05,all4,2,2,2,2,8.70821176726396e-05,2.70767946637834e-05,7.67466079739158e-05,9.74176273713635e-05,2.4827621906887e-05,2.93259674206797e-05,1.68202585319638,TRUE,TRUE,FALSE,TRUE,irHepatitis
VEGF,Cholangiocyte,Sinusoidal endothelial cell,0.000101373071474395,0.000289063108427422,0.00022455527973012,0.000135588917724482,all4,2,2,2,2,0.000195218089950909,0.000180072098727301,0.000101373071474395,0.000289063108427422,0.000135588917724482,0.00022455527973012,0.116456228934239,TRUE,FALSE,FALSE,FALSE,
VEGF,Cholangiocyte,Stellate cell,0.00010666228539528,0.000186681892521937,5.07831562652868e-05,6.22292289539423e-05,all4,2,2,2,2,0.000146672088958609,5.65061926096145e-05,0.00010666228539528,0.000186681892521937,5.07831562652868e-05,6.22292289539423e-05,1.37470391628729,TRUE,TRUE,FALSE,TRUE,irHepatitis
VEGF,Cholangiocyte,Vascular endothelial cell,0.000792773992458518,0.00182505726184611,0.00040836260283614,0.000666875290118558,all4,2,2,2,2,0.00130891562715232,0.000537618946477349,0.000792773992458518,0.00182505726184611,0.00040836260283614,0.000666875290118558,1.28357406774158,TRUE,TRUE,FALSE,TRUE,irHepatitis
VEGF,Hepatocyte 1,CD4+ T cell,2.3998886920441e-05,1.81575848751763e-05,1.47774656771721e-05,1.66828858891764e-05,all4,2,2,2,2,2.10782358978087e-05,1.57301757831743e-05,1.81575848751763e-05,2.3998886920441e-05,1.47774656771721e-05,1.66828858891764e-05,0.420137589521516,TRUE,TRUE,FALSE,TRUE,irHepatitis
VEGF,Hepatocyte 1,CD8+ T cell 1,7.55736515327864e-05,0.000123080114745637,8.32414345138896e-05,4.88378037674805e-05,all4,2,2,2,2,9.93268831392115e-05,6.6039619140685e-05,7.55736515327864e-05,0.000123080114745637,4.88378037674805e-05,8.32414345138896e-05,0.588194970481364,TRUE,FALSE,FALSE,FALSE,
VEGF,Hepatocyte 1,CD8+ T cell 2,9.01120837806257e-05,0.000145113617742129,7.09696285217967e-05,3.11221227278766e-05,all4,2,2,2,2,0.000117612850761378,5.10458756248366e-05,9.01120837806257e-05,0.000145113617742129,3.11221227278766e-05,7.09696285217967e-05,1.20274305999435,TRUE,TRUE,FALSE,TRUE,irHepatitis
VEGF,Hepatocyte 1,CD8+ T cell 3,5.75356769323338e-05,0.000143541932755113,9.49031738162529e-05,4.95102888185948e-05,all4,2,2,2,2,0.000100538804843723,7.22067313174238e-05,5.75356769323338e-05,0.000143541932755113,4.95102888185948e-05,9.49031738162529e-05,0.477041537481448,TRUE,FALSE,FALSE,FALSE,
VEGF,Hepatocyte 1,Cholangiocyte,2.31250448771254e-05,1.97816231082885e-05,3.03533660112696e-06,6.31377675104944e-06,all4,2,2,2,2,2.1453333992707e-05,4.6745566760882e-06,1.97816231082885e-05,2.31250448771254e-05,3.03533660112696e-06,6.31377675104944e-06,2.17684991551199,TRUE,TRUE,FALSE,TRUE,irHepatitis
VEGF,Hepatocyte 1,Hepatocyte 1,0.000105612806772634,8.82024307965396e-05,6.57051021877649e-05,2.46067148591916e-05,all4,2,2,2,2,9.69076187845869e-05,4.51559085234783e-05,8.82024307965396e-05,0.000105612806772634,2.46067148591916e-05,6.57051021877649e-05,1.10016359836525,TRUE,TRUE,FALSE,TRUE,irHepatitis
VEGF,Hepatocyte 1,Hepatocyte 2,6.88499023146676e-05,9.13788929049682e-05,6.16685260384131e-05,1.95243749914998e-05,all4,2,2,2,2,8.01143976098179e-05,4.05964505149565e-05,6.88499023146676e-05,9.13788929049682e-05,1.95243749914998e-05,6.16685260384131e-05,0.979134566371568,TRUE,TRUE,FALSE,TRUE,irHepatitis
VEGF,Hepatocyte 1,Hepatocyte 3,5.53047667134417e-05,8.09818241426857e-05,6.64934111090277e-05,2.3474611912803e-05,all4,2,2,2,2,6.81432954280637e-05,4.49840115109154e-05,5.53047667134417e-05,8.09818241426857e-05,2.3474611912803e-05,6.64934111090277e-05,0.598181067696096,TRUE,FALSE,FALSE,FALSE,
VEGF,Hepatocyte 1,Hepatocyte 4,8.09982198282654e-05,0.000109424794121618,5.94489931861257e-05,2.24262323122925e-05,all4,2,2,2,2,9.52115069749416e-05,4.09376127492091e-05,8.09982198282654e-05,0.000109424794121618,2.24262323122925e-05,5.94489931861257e-05,1.21590570679751,TRUE,TRUE,FALSE,TRUE,irHepatitis
VEGF,Hepatocyte 1,Ig+ hepatocyte,0,,4.94694804800777e-05,1.98300066015712e-05,all4,2,2,1,2,0,3.46497435408245e-05,,,1.98300066015712e-05,4.94694804800777e-05,-8.5939568957976,FALSE,FALSE,FALSE,FALSE,
VEGF,Hepatocyte 1,IgG+ B cell,3.9749026580742e-05,0,7.85833355862464e-06,4.16520248498428e-06,all4,2,2,2,2,1.9874513290371e-05,6.01176802180446e-06,0,3.9749026580742e-05,4.16520248498428e-06,7.85833355862464e-06,1.71015416645066,TRUE,FALSE,FALSE,FALSE,
VEGF,Hepatocyte 1,IgG+ plasmablast / plasma cell,4.29871674370186e-05,0,1.56437086890767e-05,1.04079680789347e-05,all4,2,2,2,2,2.14935837185093e-05,1.30258383840057e-05,0,4.29871674370186e-05,1.04079680789347e-05,1.56437086890767e-05,0.718628473582977,TRUE,FALSE,FALSE,FALSE,
VEGF,Hepatocyte 1,IgM+ B cell,2.24774425629931e-05,5.30088820648265e-05,1.03435749964983e-05,1.34792711569282e-05,all4,2,2,2,2,3.77431623139098e-05,1.19114230767133e-05,2.24774425629931e-05,5.30088820648265e-05,1.03435749964983e-05,1.34792711569282e-05,1.65645363592609,TRUE,TRUE,FALSE,TRUE,irHepatitis
VEGF,Hepatocyte 1,Macrophage 1,0.000100896827872708,0.000107462083731634,8.68659809981411e-05,4.96470055370979e-05,all4,2,2,2,2,0.000104179455802171,6.82564932676195e-05,0.000100896827872708,0.000107462083731634,4.96470055370979e-05,8.68659809981411e-05,0.609378067400201,TRUE,TRUE,FALSE,TRUE,irHepatitis
VEGF,Hepatocyte 1,Macrophage 2,3.95836835861345e-05,4.56339666662601e-05,1.5836862914304e-05,1.8744547493301e-05,all4,2,2,2,2,4.26088251261973e-05,1.72907052038025e-05,3.95836835861345e-05,4.56339666662601e-05,1.5836862914304e-05,1.8744547493301e-05,1.29671440237712,TRUE,TRUE,FALSE,TRUE,irHepatitis
VEGF,Hepatocyte 1,Sinusoidal endothelial cell,0.000585027974292964,0.000799126408942876,0.000437068951962519,0.000300750173048003,all4,2,2,2,2,0.00069207719161792,0.000368909562505261,0.000585027974292964,0.000799126408942876,0.000300750173048003,0.000437068951962519,0.907501626668052,TRUE,TRUE,FALSE,TRUE,irHepatitis
VEGF,Hepatocyte 1,Stellate cell,0.000104111935714048,9.96692251058272e-05,3.56899392585449e-05,3.34645718517442e-05,all4,2,2,2,2,0.000101890580409938,3.45772555551446e-05,9.96692251058272e-05,0.000104111935714048,3.34645718517442e-05,3.56899392585449e-05,1.55665151303825,TRUE,TRUE,FALSE,TRUE,irHepatitis
VEGF,Hepatocyte 1,Vascular endothelial cell,0.000284713103376655,0.000273255903560211,7.02972370418566e-05,9.05131869422485e-05,all4,2,2,2,2,0.000278984503468433,8.04052119920525e-05,0.000273255903560211,0.000284713103376655,7.02972370418566e-05,9.05131869422485e-05,1.79367665190505,TRUE,TRUE,FALSE,TRUE,irHepatitis
VEGF,Hepatocyte 2,CD4+ T cell,6.64507527577507e-06,1.11982213208123e-05,7.76965063410783e-06,8.50926009546244e-06,all4,2,2,2,2,8.92164829829371e-06,8.13945536478513e-06,6.64507527577507e-06,1.11982213208123e-05,7.76965063410783e-06,8.50926009546244e-06,0.130995492270872,TRUE,FALSE,FALSE,FALSE,
VEGF,Hepatocyte 2,CD8+ T cell 1,3.07299775081524e-05,4.97070542224318e-05,4.0614201740343e-05,2.47947806873354e-05,all4,2,2,2,2,4.02185158652921e-05,3.27044912138392e-05,3.07299775081524e-05,4.97070542224318e-05,2.47947806873354e-05,4.0614201740343e-05,0.297631946668496,TRUE,FALSE,FALSE,FALSE,
VEGF,Hepatocyte 2,CD8+ T cell 2,3.99215318969499e-05,6.62241595526394e-05,3.67456639747825e-05,1.66138238576837e-05,all4,2,2,2,2,5.30728457247946e-05,2.66797439162331e-05,3.99215318969499e-05,6.62241595526394e-05,1.66138238576837e-05,3.67456639747825e-05,0.989817520330416,TRUE,TRUE,FALSE,TRUE,irHepatitis
VEGF,Hepatocyte 2,CD8+ T cell 3,1.82608560078632e-05,4.64901537502512e-05,4.56608710752977e-05,2.81541799124506e-05,all4,2,2,2,2,3.23755048790572e-05,3.69075254938741e-05,1.82608560078632e-05,4.64901537502512e-05,2.81541799124506e-05,4.56608710752977e-05,-0.188521650924918,TRUE,FALSE,FALSE,FALSE,
VEGF,Hepatocyte 2,Cholangiocyte,7.90756190899698e-06,8.23620658432794e-06,1.54879010756649e-06,2.88953280157157e-06,all4,2,2,2,2,8.07188424666246e-06,2.21916145456903e-06,7.90756190899698e-06,8.23620658432794e-06,1.54879010756649e-06,2.88953280157157e-06,1.82157550623586,TRUE,TRUE,FALSE,TRUE,irHepatitis
VEGF,Hepatocyte 2,Hepatocyte 1,3.25615079305854e-05,2.83693057259995e-05,2.67800146377639e-05,1.20860651973791e-05,all4,2,2,2,2,3.04654068282924e-05,1.94330399175715e-05,2.83693057259995e-05,3.25615079305854e-05,1.20860651973791e-05,2.67800146377639e-05,0.646252497916344,TRUE,TRUE,FALSE,TRUE,irHepatitis
VEGF,Hepatocyte 2,Hepatocyte 2,3.85813121979665e-05,5.76431677757354e-05,4.92493241902952e-05,1.70911893492946e-05,all4,2,2,2,2,4.81122399868509e-05,3.31702567697949e-05,3.85813121979665e-05,5.76431677757354e-05,1.70911893492946e-05,4.92493241902952e-05,0.535302154251115,TRUE,FALSE,FALSE,FALSE,
VEGF,Hepatocyte 2,Hepatocyte 3,2.56664596639107e-05,5.05178193631556e-05,5.46992779667274e-05,1.39565503081701e-05,all4,2,2,2,2,3.80921395135331e-05,3.43279141374487e-05,2.56664596639107e-05,5.05178193631556e-05,1.39565503081701e-05,5.46992779667274e-05,0.149738668807958,TRUE,FALSE,FALSE,FALSE,
VEGF,Hepatocyte 2,Hepatocyte 4,3.59564333299046e-05,3.73538091498107e-05,3.11514214843831e-05,1.35320616687824e-05,all4,2,2,2,2,3.66551212398576e-05,2.23417415765828e-05,3.59564333299046e-05,3.73538091498107e-05,1.35320616687824e-05,3.11514214843831e-05,0.712013443245915,TRUE,TRUE,FALSE,TRUE,irHepatitis
VEGF,Hepatocyte 2,Ig+ hepatocyte,0,,1.93233932646053e-05,1.17829337409125e-05,all4,2,2,1,2,0,1.55531635027589e-05,,,1.17829337409125e-05,1.93233932646053e-05,-7.44289730210064,FALSE,FALSE,FALSE,FALSE,
VEGF,Hepatocyte 2,IgG+ B cell,1.0286762735507e-05,0,4.80280366883087e-06,2.26948604624963e-06,all4,2,2,2,2,5.14338136775352e-06,3.53614485754025e-06,0,1.0286762735507e-05,2.26948604624963e-06,4.80280366883087e-06,0.529318373808366,TRUE,FALSE,FALSE,FALSE,
VEGF,Hepatocyte 2,IgG+ plasmablast / plasma cell,1.27052453293839e-05,0,7.02228586884951e-06,4.79954153002308e-06,all4,2,2,2,2,6.35262266469194e-06,5.9109136994363e-06,0,1.27052453293839e-05,4.79954153002308e-06,7.02228586884951e-06,0.102467474773544,TRUE,FALSE,FALSE,FALSE,
VEGF,Hepatocyte 2,IgM+ B cell,7.80989602394095e-06,2.24372536881508e-05,4.79502693358606e-06,6.80622984190475e-06,all4,2,2,2,2,1.51235748560459e-05,5.80062838774541e-06,7.80989602394095e-06,2.24372536881508e-05,4.79502693358606e-06,6.80622984190475e-06,1.36887991839791,TRUE,TRUE,FALSE,TRUE,irHepatitis
VEGF,Hepatocyte 2,Macrophage 1,4.05978716908496e-05,4.28656411838827e-05,4.2886939439346e-05,2.67266150396369e-05,all4,2,2,2,2,4.17317564373662e-05,3.48067772394915e-05,4.05978716908496e-05,4.28656411838827e-05,2.67266150396369e-05,4.2886939439346e-05,0.261160492231088,TRUE,FALSE,FALSE,FALSE,
VEGF,Hepatocyte 2,Macrophage 2,1.58356366799392e-05,2.15633182862524e-05,9.15976044084206e-06,1.01708385647698e-05,all4,2,2,2,2,1.86994774830958e-05,9.66529950280591e-06,1.58356366799392e-05,2.15633182862524e-05,9.15976044084206e-06,1.01708385647698e-05,0.945673590079628,TRUE,TRUE,FALSE,TRUE,irHepatitis
VEGF,Hepatocyte 2,Sinusoidal endothelial cell,0.000236175191729451,0.000375990877196923,0.00022101976560249,0.000166176097423462,all4,2,2,2,2,0.000306083034463187,0.000193597931512976,0.000236175191729451,0.000375990877196923,0.000166176097423462,0.00022101976560249,0.660613420580311,TRUE,TRUE,FALSE,TRUE,irHepatitis
VEGF,Hepatocyte 2,Stellate cell,3.81540875011496e-05,4.51825994888593e-05,1.883677583268e-05,1.82450756845267e-05,all4,2,2,2,2,4.16683434950045e-05,1.85409257586033e-05,3.81540875011496e-05,4.51825994888593e-05,1.82450756845267e-05,1.883677583268e-05,1.16436916999137,TRUE,TRUE,FALSE,TRUE,irHepatitis
VEGF,Hepatocyte 2,Vascular endothelial cell,9.75556554639044e-05,0.000123285800277132,3.49664444966634e-05,4.53877855588875e-05,all4,2,2,2,2,0.000110420727870518,4.01771150277755e-05,9.75556554639044e-05,0.000123285800277132,3.49664444966634e-05,4.53877855588875e-05,1.45651455899827,TRUE,TRUE,FALSE,TRUE,irHepatitis
VEGF,Hepatocyte 3,CD4+ T cell,1.69352859976815e-06,2.34740190896241e-06,1.93369338283683e-06,4.4671630481588e-06,all4,2,2,2,2,2.02046525436528e-06,3.20042821549781e-06,1.69352859976815e-06,2.34740190896241e-06,1.93369338283683e-06,4.4671630481588e-06,-0.640737418676912,TRUE,FALSE,FALSE,FALSE,
VEGF,Hepatocyte 3,CD8+ T cell 1,1.1823639833157e-05,1.88262019081395e-05,9.0238526183041e-06,7.941206971409e-06,all4,2,2,2,2,1.53249208706482e-05,8.48252979485655e-06,1.1823639833157e-05,1.88262019081395e-05,7.941206971409e-06,9.0238526183041e-06,0.846541618974373,TRUE,TRUE,FALSE,TRUE,irHepatitis
VEGF,Hepatocyte 3,CD8+ T cell 2,1.55695499643424e-05,1.44717360025715e-05,7.50195363735897e-06,4.57899666083704e-06,all4,2,2,2,2,1.5020642983457e-05,6.04047514909801e-06,1.44717360025715e-05,1.55695499643424e-05,4.57899666083704e-06,7.50195363735897e-06,1.30150745606855,TRUE,TRUE,FALSE,TRUE,irHepatitis
VEGF,Hepatocyte 3,CD8+ T cell 3,3.0077703412584e-06,7.98537207268171e-06,9.01839323510946e-06,7.20370808395255e-06,all4,2,2,2,2,5.49657120697005e-06,8.111050659531e-06,3.0077703412584e-06,7.98537207268171e-06,7.20370808395255e-06,9.01839323510946e-06,-0.553853431614134,TRUE,FALSE,FALSE,FALSE,
VEGF,Hepatocyte 3,Cholangiocyte,1.21971726319381e-06,1.18813148721244e-06,5.39741837372059e-07,2.04196726361145e-06,all4,2,2,2,2,1.20392437520313e-06,1.29085455049175e-06,1.18813148721244e-06,1.21971726319381e-06,5.39741837372059e-07,2.04196726361145e-06,-0.0938146927051759,TRUE,FALSE,FALSE,FALSE,
VEGF,Hepatocyte 3,Hepatocyte 1,1.39064924650785e-05,1.02653517643279e-05,4.30234426818837e-06,4.1380644560136e-06,all4,2,2,2,2,1.20859221147032e-05,4.22020436210098e-06,1.02653517643279e-05,1.39064924650785e-05,4.1380644560136e-06,4.30234426818837e-06,1.49822327400052,TRUE,TRUE,FALSE,TRUE,irHepatitis
VEGF,Hepatocyte 3,Hepatocyte 2,1.44105473101787e-05,1.68682373266201e-05,6.93481771634052e-06,4.30579118794991e-06,all4,2,2,2,2,1.56393923183994e-05,5.62030445214522e-06,1.44105473101787e-05,1.68682373266201e-05,4.30579118794991e-06,6.93481771634052e-06,1.46183855946345,TRUE,TRUE,FALSE,TRUE,irHepatitis
VEGF,Hepatocyte 3,Hepatocyte 3,1.89189464992088e-05,3.28578032013977e-05,3.26690810056384e-05,1.29302851797519e-05,all4,2,2,2,2,2.58883748503033e-05,2.27996830926952e-05,1.89189464992088e-05,3.28578032013977e-05,1.29302851797519e-05,3.26690810056384e-05,0.182614400455764,TRUE,FALSE,FALSE,FALSE,
VEGF,Hepatocyte 3,Hepatocyte 4,8.23334904244147e-06,1.3754759078839e-05,4.599766907206e-06,3.5697332238149e-06,all4,2,2,2,2,1.09940540606402e-05,4.08475006551045e-06,8.23334904244147e-06,1.3754759078839e-05,3.5697332238149e-06,4.599766907206e-06,1.40874425979309,TRUE,TRUE,FALSE,TRUE,irHepatitis
VEGF,Hepatocyte 3,Ig+ hepatocyte,0,,2.15242642201569e-06,4.40220791158416e-06,all4,2,2,1,2,0,3.27731716679993e-06,,,2.15242642201569e-06,4.40220791158416e-06,-5.22700477698754,FALSE,FALSE,FALSE,FALSE,
VEGF,Hepatocyte 3,IgG+ B cell,6.42390897713939e-06,0,8.62253256479397e-07,2.26788791243256e-06,all4,2,2,2,2,3.2119544885697e-06,1.56507058445598e-06,0,6.42390897713939e-06,8.62253256479397e-07,2.26788791243256e-06,0.996468544151966,TRUE,FALSE,FALSE,FALSE,
VEGF,Hepatocyte 3,IgG+ plasmablast / plasma cell,3.9438576135944e-06,0,2.02744271063402e-06,2.14735565431059e-06,all4,2,2,2,2,1.9719288067972e-06,2.0873991824723e-06,0,3.9438576135944e-06,2.02744271063402e-06,2.14735565431059e-06,-0.0786149038545611,TRUE,FALSE,FALSE,FALSE,
VEGF,Hepatocyte 3,IgM+ B cell,1.14579387549533e-06,4.53454314171342e-06,1.1124701195613e-06,6.5978148986574e-06,all4,2,2,2,2,2.84016850860438e-06,3.85514250910935e-06,1.14579387549533e-06,4.53454314171342e-06,1.1124701195613e-06,6.5978148986574e-06,-0.429105742640051,TRUE,FALSE,FALSE,FALSE,
VEGF,Hepatocyte 3,Macrophage 1,1.65223335842973e-05,1.53221762077611e-05,9.34521494802063e-06,8.41688326924454e-06,all4,2,2,2,2,1.59222548960292e-05,8.88104910863259e-06,1.53221762077611e-05,1.65223335842973e-05,8.41688326924454e-06,9.34521494802063e-06,0.835834550209387,TRUE,TRUE,FALSE,TRUE,irHepatitis
VEGF,Hepatocyte 3,Macrophage 2,8.66971178742279e-06,7.16084751491634e-06,2.35033189514614e-06,3.93545611048259e-06,all4,2,2,2,2,7.91527965116956e-06,3.14289400281437e-06,7.16084751491634e-06,8.66971178742279e-06,2.35033189514614e-06,3.93545611048259e-06,1.30815071650983,TRUE,TRUE,FALSE,TRUE,irHepatitis
VEGF,Hepatocyte 3,Sinusoidal endothelial cell,0.00011626991152789,0.000140988105125383,5.0396941269524e-05,5.3126821705313e-05,all4,2,2,2,2,0.000128629008326637,5.17618814874185e-05,0.00011626991152789,0.000140988105125383,5.0396941269524e-05,5.3126821705313e-05,1.3117584408994,TRUE,TRUE,FALSE,TRUE,irHepatitis
VEGF,Hepatocyte 3,Stellate cell,1.64266203287085e-05,1.24149108925306e-05,4.45461765254226e-06,6.92282355297456e-06,all4,2,2,2,2,1.44207656106195e-05,5.68872060275841e-06,1.24149108925306e-05,1.64266203287085e-05,4.45461765254226e-06,6.92282355297456e-06,1.32831580296387,TRUE,TRUE,FALSE,TRUE,irHepatitis
VEGF,Hepatocyte 3,Vascular endothelial cell,3.23931747904127e-05,3.62242063489782e-05,1.77271585932281e-05,3.64558031475722e-05,all4,2,2,2,2,3.43086905696954e-05,2.70914808704001e-05,3.23931747904127e-05,3.62242063489782e-05,1.77271585932281e-05,3.64558031475722e-05,0.33973064194893,TRUE,FALSE,FALSE,FALSE,
VEGF,Hepatocyte 4,CD4+ T cell,1.73641701539174e-05,4.83602188559937e-06,1.10267610073558e-05,1.16353212713054e-05,all4,2,2,2,2,1.11000960197584e-05,1.13310411393306e-05,4.83602188559937e-06,1.73641701539174e-05,1.10267610073558e-05,1.16353212713054e-05,-0.0294720027783463,TRUE,FALSE,FALSE,FALSE,
VEGF,Hepatocyte 4,CD8+ T cell 1,8.48033264488288e-05,0.000115995015625704,6.84732026876899e-05,3.69849360227588e-05,all4,2,2,2,2,0.000100399171037266,5.27290693552244e-05,8.48033264488288e-05,0.000115995015625704,3.69849360227588e-05,6.84732026876899e-05,0.92791047757016,TRUE,TRUE,FALSE,TRUE,irHepatitis
VEGF,Hepatocyte 4,CD8+ T cell 2,6.88582237595464e-05,0.00014527216191772,5.54152191583799e-05,2.24272818820706e-05,all4,2,2,2,2,0.000107065192838633,3.89212505202253e-05,6.88582237595464e-05,0.00014527216191772,2.24272818820706e-05,5.54152191583799e-05,1.45774183637821,TRUE,TRUE,FALSE,TRUE,irHepatitis
VEGF,Hepatocyte 4,CD8+ T cell 3,0.00016117813285621,0.000174537445016394,0.000111688197195036,4.63031733350447e-05,all4,2,2,2,2,0.000167857788936302,7.89956852650405e-05,0.00016117813285621,0.000174537445016394,4.63031733350447e-05,0.000111688197195036,1.08652522223282,TRUE,TRUE,FALSE,TRUE,irHepatitis
VEGF,Hepatocyte 4,Cholangiocyte,6.59573215653132e-06,7.7100268776715e-07,2.39249945051021e-06,4.82405730328526e-06,all4,2,2,2,2,3.68336742214924e-06,3.60827837689773e-06,7.7100268776715e-07,6.59573215653132e-06,2.39249945051021e-06,4.82405730328526e-06,0.0289994954108578,TRUE,FALSE,FALSE,FALSE,
VEGF,Hepatocyte 4,Hepatocyte 1,6.18291332593048e-05,5.75506607185755e-05,4.4037895840975e-05,1.61227344058621e-05,all4,2,2,2,2,5.96898969889402e-05,3.00803151234185e-05,5.75506607185755e-05,6.18291332593048e-05,1.61227344058621e-05,4.4037895840975e-05,0.986532882222416,TRUE,TRUE,FALSE,TRUE,irHepatitis
VEGF,Hepatocyte 4,Hepatocyte 2,4.97465082071281e-05,6.19486565740152e-05,4.48844750643666e-05,1.51452200559421e-05,all4,2,2,2,2,5.58475823905716e-05,3.00148475601544e-05,4.97465082071281e-05,6.19486565740152e-05,1.51452200559421e-05,4.48844750643666e-05,0.89382417980359,TRUE,TRUE,FALSE,TRUE,irHepatitis
VEGF,Hepatocyte 4,Hepatocyte 3,3.44282989968435e-05,4.77154478917594e-05,6.90222105754673e-05,1.81257165205678e-05,all4,2,2,2,2,4.10718734443014e-05,4.35739635480175e-05,3.44282989968435e-05,4.77154478917594e-05,1.81257165205678e-05,6.90222105754673e-05,-0.0851346383225459,TRUE,FALSE,FALSE,FALSE,
VEGF,Hepatocyte 4,Hepatocyte 4,0.00079851445025631,0.000634411779296252,0.000215265662781477,3.81807804124496e-05,all4,2,2,2,2,0.000716463114776281,0.000126723221596963,0.000634411779296252,0.00079851445025631,3.81807804124496e-05,0.000215265662781477,2.49836936362055,TRUE,TRUE,FALSE,TRUE,irHepatitis
VEGF,Hepatocyte 4,Ig+ hepatocyte,0,,2.28244539628604e-05,1.51348006547816e-05,all4,2,2,1,2,0,1.8979627308821e-05,,,1.51348006547816e-05,2.28244539628604e-05,-7.72864321811348,FALSE,FALSE,FALSE,FALSE,
VEGF,Hepatocyte 4,IgG+ B cell,2.88194614279453e-05,0,8.03923976501013e-06,2.53550716487645e-06,all4,2,2,2,2,1.44097307139727e-05,5.28737346494329e-06,0,2.88194614279453e-05,2.53550716487645e-06,8.03923976501013e-06,1.431068468419,TRUE,FALSE,FALSE,FALSE,
VEGF,Hepatocyte 4,IgG+ plasmablast / plasma cell,4.27160718815282e-05,0,1.16214720713595e-05,6.85117920837186e-06,all4,2,2,2,2,2.13580359407641e-05,9.23632563986567e-06,0,4.27160718815282e-05,6.85117920837186e-06,1.16214720713595e-05,1.20147308817721,TRUE,FALSE,FALSE,FALSE,
VEGF,Hepatocyte 4,IgM+ B cell,9.32189919073409e-06,2.24050189577563e-06,6.56259476927234e-06,9.30709420203145e-06,all4,2,2,2,2,5.78120054325486e-06,7.9348444856519e-06,2.24050189577563e-06,9.32189919073409e-06,6.56259476927234e-06,9.30709420203145e-06,-0.450824125555779,TRUE,FALSE,FALSE,FALSE,
VEGF,Hepatocyte 4,Macrophage 1,8.24654877929464e-05,8.37088595870774e-05,7.41361313887561e-05,3.74461059771962e-05,all4,2,2,2,2,8.30871736900119e-05,5.57911186829761e-05,8.24654877929464e-05,8.37088595870774e-05,3.74461059771962e-05,7.41361313887561e-05,0.573827561603708,TRUE,TRUE,FALSE,TRUE,irHepatitis
VEGF,Hepatocyte 4,Macrophage 2,2.89645745279268e-05,3.8176558225229e-05,1.32861643080528e-05,1.35761350220782e-05,all4,2,2,2,2,3.35705663765779e-05,1.34311496650655e-05,2.89645745279268e-05,3.8176558225229e-05,1.32861643080528e-05,1.35761350220782e-05,1.31584765478007,TRUE,TRUE,FALSE,TRUE,irHepatitis
VEGF,Hepatocyte 4,Sinusoidal endothelial cell,0.000399229934620265,0.000581456597075505,0.000323380815818557,0.000231611990836067,all4,2,2,2,2,0.000490343265847885,0.000277496403327312,0.000399229934620265,0.000581456597075505,0.000231611990836067,0.000323380815818557,0.821120148738087,TRUE,TRUE,FALSE,TRUE,irHepatitis
VEGF,Hepatocyte 4,Stellate cell,6.99613469702718e-05,5.18698827671778e-05,2.80379185068049e-05,2.57016135894636e-05,all4,2,2,2,2,6.09156148687248e-05,2.68697660481342e-05,5.18698827671778e-05,6.99613469702718e-05,2.57016135894636e-05,2.80379185068049e-05,1.1781368751838,TRUE,TRUE,FALSE,TRUE,irHepatitis
VEGF,Hepatocyte 4,Vascular endothelial cell,0.000189086173628317,3.84906752465579e-05,4.95991879201002e-05,5.89057959018062e-05,all4,2,2,2,2,0.000113788424437437,5.42524919109532e-05,3.84906752465579e-05,0.000189086173628317,4.95991879201002e-05,5.89057959018062e-05,1.06734312060506,TRUE,FALSE,FALSE,FALSE,
VEGF,Ig+ hepatocyte,CD4+ T cell,8.75689927851193e-05,,9.59356883141685e-06,1.23913975820231e-05,all4,2,2,1,2,8.75689927851193e-05,1.099248320672e-05,,,9.59356883141685e-06,1.23913975820231e-05,2.98363166389974,FALSE,FALSE,FALSE,FALSE,
VEGF,Ig+ hepatocyte,CD8+ T cell 1,3.40568045550401e-05,,3.38733407971292e-05,2.17743057332211e-05,all4,2,2,1,2,3.40568045550401e-05,2.78238232651752e-05,,,2.17743057332211e-05,3.38733407971292e-05,0.290771729639182,FALSE,FALSE,FALSE,FALSE,
VEGF,Ig+ hepatocyte,CD8+ T cell 2,5.83743969912101e-07,,1.9749181845137e-05,8.48595150672737e-06,all4,2,2,1,2,5.83743969912101e-07,1.41175666759322e-05,,,8.48595150672737e-06,1.9749181845137e-05,-4.39850784020994,FALSE,FALSE,FALSE,FALSE,
VEGF,Ig+ hepatocyte,CD8+ T cell 3,0.000182500540855331,,4.41501784614208e-05,1.45614773244389e-05,all4,2,2,1,2,0.000182500540855331,2.93558278929298e-05,,,1.45614773244389e-05,4.41501784614208e-05,2.63248076667646,FALSE,FALSE,FALSE,FALSE,
VEGF,Ig+ hepatocyte,Cholangiocyte,2.89714052458615e-06,,2.45444977705233e-06,9.81300127951084e-06,all4,2,2,1,2,2.89714052458615e-06,6.13372552828159e-06,,,2.45444977705233e-06,9.81300127951084e-06,-1.05903704615067,FALSE,FALSE,FALSE,FALSE,
VEGF,Ig+ hepatocyte,Hepatocyte 1,1.80691153312251e-05,,1.12451238660728e-05,7.24354347901785e-06,all4,2,2,1,2,1.80691153312251e-05,9.2443336725453e-06,,,7.24354347901785e-06,1.12451238660728e-05,0.960082067013824,FALSE,FALSE,FALSE,FALSE,
VEGF,Ig+ hepatocyte,Hepatocyte 2,1.08675182695154e-05,,1.13109104091778e-05,8.50439107711704e-06,all4,2,2,1,2,1.08675182695154e-05,9.90765074314744e-06,,,8.50439107711704e-06,1.13109104091778e-05,0.132261243842318,FALSE,FALSE,FALSE,FALSE,
VEGF,Ig+ hepatocyte,Hepatocyte 3,1.13204839514847e-06,,2.35994133323722e-05,1.63468924535048e-05,all4,2,2,1,2,1.13204839514847e-06,1.99731528929384e-05,,,1.63468924535048e-05,2.35994133323722e-05,-4.03727970535271,FALSE,FALSE,FALSE,FALSE,
VEGF,Ig+ hepatocyte,Hepatocyte 4,0,,1.49151244175864e-05,9.10467689371048e-06,all4,2,2,1,2,0,1.20099006556485e-05,,,9.10467689371048e-06,1.49151244175864e-05,-7.07235765742822,FALSE,FALSE,FALSE,FALSE,
VEGF,Ig+ hepatocyte,Ig+ hepatocyte,0,,8.29922197824005e-05,8.16822101100551e-05,all4,2,2,1,2,0,8.23372149462278e-05,,,8.16822101100551e-05,8.29922197824005e-05,-9.84049281064295,FALSE,FALSE,FALSE,FALSE,
VEGF,Ig+ hepatocyte,IgG+ B cell,0,,1.13017776204514e-05,7.1765624493537e-06,all4,2,2,1,2,0,9.23917003490254e-06,,,7.1765624493537e-06,1.13017776204514e-05,-6.69717975435874,FALSE,FALSE,FALSE,FALSE,
VEGF,Ig+ hepatocyte,IgG+ plasmablast / plasma cell,0.000161780861197465,,1.31547914127512e-05,1.9264218175961e-05,all4,2,2,1,2,0.000161780861197465,1.62095047943561e-05,,,1.31547914127512e-05,1.9264218175961e-05,3.31195078305513,FALSE,FALSE,FALSE,FALSE,
VEGF,Ig+ hepatocyte,IgM+ B cell,2.82883473190203e-06,,7.00212257277986e-06,1.16791908802853e-05,all4,2,2,1,2,2.82883473190203e-06,9.34065672653257e-06,,,7.00212257277986e-06,1.16791908802853e-05,-1.69199794132184,FALSE,FALSE,FALSE,FALSE,
VEGF,Ig+ hepatocyte,Macrophage 1,3.89734041641255e-05,,2.93568839192275e-05,1.95354165585887e-05,all4,2,2,1,2,3.89734041641255e-05,2.44461502389081e-05,,,1.95354165585887e-05,2.93568839192275e-05,0.670910836930572,FALSE,FALSE,FALSE,FALSE,
VEGF,Ig+ hepatocyte,Macrophage 2,2.11759906407435e-05,,7.92786589652681e-06,1.30684376268069e-05,all4,2,2,1,2,2.11759906407435e-05,1.04981517616668e-05,,,7.92786589652681e-06,1.30684376268069e-05,1.00610374377785,FALSE,FALSE,FALSE,FALSE,
VEGF,Ig+ hepatocyte,Sinusoidal endothelial cell,0.0002867454931791,,0.000146844944574446,0.000107587679466801,all4,2,2,1,2,0.0002867454931791,0.000127216312020623,,,0.000107587679466801,0.000146844944574446,1.17192019829284,FALSE,FALSE,FALSE,FALSE,
VEGF,Ig+ hepatocyte,Stellate cell,5.15955761237112e-05,,1.30771944180531e-05,2.29795198615721e-05,all4,2,2,1,2,5.15955761237112e-05,1.80283571398126e-05,,,1.30771944180531e-05,2.29795198615721e-05,1.51231446067456,FALSE,FALSE,FALSE,FALSE,
VEGF,Ig+ hepatocyte,Vascular endothelial cell,0.000201712688867931,,6.12711691747408e-05,0.00011634923834007,all4,2,2,1,2,0.000201712688867931,8.88102037574052e-05,,,6.12711691747408e-05,0.00011634923834007,1.18268762390259,FALSE,FALSE,FALSE,FALSE,
VEGF,IgG+ B cell,CD4+ T cell,3.61100268356204e-05,1.11041909580537e-05,2.33425660335719e-06,2.90873501517159e-06,all4,2,2,2,2,2.3607108896837e-05,2.62149580926439e-06,1.11041909580537e-05,3.61100268356204e-05,2.33425660335719e-06,2.90873501517159e-06,3.127594704735,TRUE,TRUE,FALSE,TRUE,irHepatitis
VEGF,IgG+ B cell,CD8+ T cell 1,2.00818226759119e-05,3.55531396191731e-05,3.78216195971016e-06,1.14590761426844e-06,all4,2,2,2,2,2.78174811475425e-05,2.4640347869893e-06,2.00818226759119e-05,3.55531396191731e-05,1.14590761426844e-06,3.78216195971016e-06,3.44985029384836,TRUE,TRUE,FALSE,TRUE,irHepatitis
VEGF,IgG+ B cell,CD8+ T cell 2,1.9106398384637e-05,5.09529659041547e-06,5.53835226291637e-07,2.38730569963111e-07,all4,2,2,2,2,1.21008474875262e-05,3.96282898127374e-07,5.09529659041547e-06,1.9106398384637e-05,2.38730569963111e-07,5.53835226291637e-07,4.64812775048335,TRUE,TRUE,FALSE,TRUE,irHepatitis
VEGF,IgG+ B cell,CD8+ T cell 3,1.90691098070172e-05,3.55254795937345e-06,2.87521690836437e-06,9.88051489908689e-07,all4,2,2,2,2,1.13108288831953e-05,1.93163419913653e-06,3.55254795937345e-06,1.90691098070172e-05,9.88051489908689e-07,2.87521690836437e-06,2.49560027472164,TRUE,TRUE,FALSE,TRUE,irHepatitis
VEGF,IgG+ B cell,Cholangiocyte,1.69465333283851e-05,4.35905254058839e-07,1.00711763784802e-06,1.81270199793489e-06,all4,2,2,2,2,8.69121929122196e-06,1.40990981789145e-06,4.35905254058839e-07,1.69465333283851e-05,1.00711763784802e-06,1.81270199793489e-06,2.54962082662844,TRUE,FALSE,FALSE,FALSE,
VEGF,IgG+ B cell,Hepatocyte 1,2.99430820944641e-06,2.02095606113316e-06,3.38150380018695e-07,1.79929429475167e-07,all4,2,2,2,2,2.50763213528978e-06,2.59039904746931e-07,2.02095606113316e-06,2.99430820944641e-06,1.79929429475167e-07,3.38150380018695e-07,2.8960711474193,TRUE,TRUE,FALSE,TRUE,irHepatitis
VEGF,IgG+ B cell,Hepatocyte 2,3.30911043621491e-06,3.4919879009981e-06,1.87938385746803e-07,3.16446790454617e-07,all4,2,2,2,2,3.4005491686065e-06,2.5219258810071e-07,3.30911043621491e-06,3.4919879009981e-06,1.87938385746803e-07,3.16446790454617e-07,3.35093274520496,TRUE,TRUE,FALSE,TRUE,irHepatitis
VEGF,IgG+ B cell,Hepatocyte 3,1.80779279560963e-06,3.71743428426572e-06,1.96525275905025e-06,9.24369345535185e-07,all4,2,2,2,2,2.76261353993768e-06,1.44481105229272e-06,1.80779279560963e-06,3.71743428426572e-06,9.24369345535185e-07,1.96525275905025e-06,0.894264255869757,TRUE,FALSE,FALSE,FALSE,
VEGF,IgG+ B cell,Hepatocyte 4,4.94529356341688e-06,1.04487829899298e-05,5.82122132828213e-08,1.82699023260841e-07,all4,2,2,2,2,7.69703827667336e-06,1.20455618271831e-07,4.94529356341688e-06,1.04487829899298e-05,5.82122132828213e-08,1.82699023260841e-07,5.21011673629168,TRUE,TRUE,FALSE,TRUE,irHepatitis
VEGF,IgG+ B cell,Ig+ hepatocyte,0,,1.12871133545411e-06,1.45018496372946e-06,all4,2,2,1,2,0,1.28944814959179e-06,,,1.12871133545411e-06,1.45018496372946e-06,-3.93943809034856,FALSE,FALSE,FALSE,FALSE,
VEGF,IgG+ B cell,IgG+ B cell,9.76749520241677e-05,0,2.56854660905855e-06,6.82406958060378e-06,all4,2,2,2,2,4.88374760120838e-05,4.69630809483117e-06,0,9.76749520241677e-05,2.56854660905855e-06,6.82406958060378e-06,3.3536853679317,TRUE,FALSE,FALSE,FALSE,
VEGF,IgG+ B cell,IgG+ plasmablast / plasma cell,2.66202907199029e-05,0,3.10911917327445e-06,2.04238119060641e-06,all4,2,2,2,2,1.33101453599514e-05,2.57575018194043e-06,0,2.66202907199029e-05,2.04238119060641e-06,3.10911917327445e-06,2.32967609696139,TRUE,FALSE,FALSE,FALSE,
VEGF,IgG+ B cell,IgM+ B cell,9.11157041873358e-05,2.57078826118266e-05,2.2673299320988e-06,3.0207430065688e-06,all4,2,2,2,2,5.84117933995812e-05,2.6440364693338e-06,2.57078826118266e-05,9.11157041873358e-05,2.2673299320988e-06,3.0207430065688e-06,4.41942395821913,TRUE,TRUE,FALSE,TRUE,irHepatitis
VEGF,IgG+ B cell,Macrophage 1,1.18975247175074e-05,6.30557276817032e-07,3.21919624913093e-06,5.70755920034539e-07,all4,2,2,2,2,6.26404099716221e-06,1.89497608458273e-06,6.30557276817032e-07,1.18975247175074e-05,5.70755920034539e-07,3.21919624913093e-06,1.67859996413529,TRUE,FALSE,FALSE,FALSE,
VEGF,IgG+ B cell,Macrophage 2,6.06442268690664e-06,1.0744236338467e-06,2.0252419626939e-06,1.94569469677852e-06,all4,2,2,2,2,3.56942316037667e-06,1.98546832973621e-06,1.0744236338467e-06,6.06442268690664e-06,1.94569469677852e-06,2.0252419626939e-06,0.818207746444533,TRUE,FALSE,FALSE,FALSE,
VEGF,IgG+ B cell,Sinusoidal endothelial cell,2.87144112143505e-05,4.45287512744102e-05,2.64176108250111e-05,4.96639198811577e-06,all4,2,2,2,2,3.66215812443804e-05,1.56920014065634e-05,2.87144112143505e-05,4.45287512744102e-05,4.96639198811577e-06,2.64176108250111e-05,1.21796000332085,TRUE,TRUE,FALSE,TRUE,irHepatitis
VEGF,IgG+ B cell,Stellate cell,1.0871417479098e-05,1.68670942177678e-05,4.96574545729711e-06,3.79295025995424e-06,all4,2,2,2,2,1.38692558484329e-05,4.37934785862567e-06,1.0871417479098e-05,1.68670942177678e-05,3.79295025995424e-06,4.96574545729711e-06,1.64310651475465,TRUE,TRUE,FALSE,TRUE,irHepatitis
VEGF,IgG+ B cell,Vascular endothelial cell,0.000129301446589171,0.000216342990211243,2.94869918021811e-05,4.56938649404743e-05,all4,2,2,2,2,0.000172822218400207,3.75904283713277e-05,0.000129301446589171,0.000216342990211243,2.94869918021811e-05,4.56938649404743e-05,2.19815537294875,TRUE,TRUE,FALSE,TRUE,irHepatitis
VEGF,IgG+ plasmablast / plasma cell,CD4+ T cell,3.95784405809004e-05,7.09983178631912e-05,1.025171309924e-05,9.59447381172157e-06,all4,2,2,2,2,5.52883792220458e-05,9.92309345548078e-06,3.95784405809004e-05,7.09983178631912e-05,9.59447381172157e-06,1.025171309924e-05,2.46744622476896,TRUE,TRUE,FALSE,TRUE,irHepatitis
VEGF,IgG+ plasmablast / plasma cell,CD8+ T cell 1,3.4432421737943e-05,3.24588590203758e-05,1.7168859472925e-05,8.34472284764555e-06,all4,2,2,2,2,3.34456403791594e-05,1.27567911602853e-05,3.24588590203758e-05,3.4432421737943e-05,8.34472284764555e-06,1.7168859472925e-05,1.38429364151141,TRUE,TRUE,FALSE,TRUE,irHepatitis
VEGF,IgG+ plasmablast / plasma cell,CD8+ T cell 2,2.297690079005e-05,3.89267144335233e-06,4.23830932546579e-06,2.37639164818041e-06,all4,2,2,2,2,1.34347861167012e-05,3.3073504868231e-06,3.89267144335233e-06,2.297690079005e-05,2.37639164818041e-06,4.23830932546579e-06,1.9931538391042,TRUE,FALSE,FALSE,FALSE,
VEGF,IgG+ plasmablast / plasma cell,CD8+ T cell 3,6.08911590355427e-05,2.55163958234599e-06,1.30866874860733e-05,9.37107813322148e-06,all4,2,2,2,2,3.17213993089444e-05,1.12288828096474e-05,2.55163958234599e-06,6.08911590355427e-05,9.37107813322148e-06,1.30866874860733e-05,1.49082001806909,TRUE,FALSE,FALSE,FALSE,
VEGF,IgG+ plasmablast / plasma cell,Cholangiocyte,1.61815170921179e-05,7.28084551652536e-06,3.45497874003487e-06,5.41445980029615e-06,all4,2,2,2,2,1.17311813043216e-05,4.43471927016551e-06,7.28084551652536e-06,1.61815170921179e-05,3.45497874003487e-06,5.41445980029615e-06,1.38549260640446,TRUE,TRUE,FALSE,TRUE,irHepatitis
VEGF,IgG+ plasmablast / plasma cell,Hepatocyte 1,3.70318898311892e-06,2.84692156049797e-06,2.62626114714048e-06,1.64277507767164e-06,all4,2,2,2,2,3.27505527180844e-06,2.13451811240606e-06,2.84692156049797e-06,3.70318898311892e-06,1.64277507767164e-06,2.62626114714048e-06,0.597158113201254,TRUE,TRUE,FALSE,TRUE,irHepatitis
VEGF,IgG+ plasmablast / plasma cell,Hepatocyte 2,1.89592174027656e-06,9.4936240774349e-06,3.18670005308217e-06,1.38784670313165e-06,all4,2,2,2,2,5.69477290885573e-06,2.28727337810691e-06,1.89592174027656e-06,9.4936240774349e-06,1.38784670313165e-06,3.18670005308217e-06,1.2829862629358,TRUE,FALSE,FALSE,FALSE,
VEGF,IgG+ plasmablast / plasma cell,Hepatocyte 3,9.33694063739527e-07,1.4748289888926e-06,8.28559221552788e-06,2.97227178899868e-06,all4,2,2,2,2,1.20426152631606e-06,5.62893200226328e-06,9.33694063739527e-07,1.4748289888926e-06,2.97227178899868e-06,8.28559221552788e-06,-2.14369802364204,TRUE,FALSE,TRUE,TRUE,AIH
VEGF,IgG+ plasmablast / plasma cell,Hepatocyte 4,1.85627212912483e-05,0,4.02608200590482e-06,1.53935789635696e-06,all4,2,2,2,2,9.28136064562417e-06,2.78271995113089e-06,0,1.85627212912483e-05,1.53935789635696e-06,4.02608200590482e-06,1.70587405815443,TRUE,FALSE,FALSE,FALSE,
VEGF,IgG+ plasmablast / plasma cell,Ig+ hepatocyte,0,,8.89157606864257e-06,6.44054284238195e-06,all4,2,2,1,2,0,7.66605945551226e-06,,,6.44054284238195e-06,8.89157606864257e-06,-6.43075191725366,FALSE,FALSE,FALSE,FALSE,
VEGF,IgG+ plasmablast / plasma cell,IgG+ B cell,3.67161178057516e-05,0,6.9753191877926e-06,6.30864471258009e-06,all4,2,2,2,2,1.83580589028758e-05,6.64198195018634e-06,0,3.67161178057516e-05,6.30864471258009e-06,6.9753191877926e-06,1.45437866245217,TRUE,FALSE,FALSE,FALSE,
VEGF,IgG+ plasmablast / plasma cell,IgG+ plasmablast / plasma cell,0.000105082982446506,0,1.38675355120063e-05,1.62400409484421e-05,all4,2,2,2,2,5.25414912232528e-05,1.50537882302242e-05,0,0.000105082982446506,1.38675355120063e-05,1.62400409484421e-05,1.79720653725401,TRUE,FALSE,FALSE,FALSE,
VEGF,IgG+ plasmablast / plasma cell,IgM+ B cell,2.25166496450642e-05,0.00015940985139626,1.00203336745955e-05,1.10111159738083e-05,all4,2,2,2,2,9.09632505206621e-05,1.05157248242019e-05,2.25166496450642e-05,0.00015940985139626,1.00203336745955e-05,1.10111159738083e-05,3.10187864771955,TRUE,TRUE,FALSE,TRUE,irHepatitis
VEGF,IgG+ plasmablast / plasma cell,Macrophage 1,1.31326879961003e-05,2.68116707541499e-06,1.4735207136094e-05,5.37213787810638e-06,all4,2,2,2,2,7.90692753575765e-06,1.00536725071002e-05,2.68116707541499e-06,1.31326879961003e-05,5.37213787810638e-06,1.4735207136094e-05,-0.343065958441121,TRUE,FALSE,FALSE,FALSE,
VEGF,IgG+ plasmablast / plasma cell,Macrophage 2,1.8600454007381e-05,1.12786012041326e-05,7.80716581587644e-06,6.39548106692902e-06,all4,2,2,2,2,1.49395276057568e-05,7.10132344140273e-06,1.12786012041326e-05,1.8600454007381e-05,6.39548106692902e-06,7.80716581587644e-06,1.06348034008311,TRUE,TRUE,FALSE,TRUE,irHepatitis
VEGF,IgG+ plasmablast / plasma cell,Sinusoidal endothelial cell,4.08331437493479e-05,2.2112266476109e-05,0.000105441424581816,3.38224322706107e-05,all4,2,2,2,2,3.14727051127284e-05,6.96319284262134e-05,2.2112266476109e-05,4.08331437493479e-05,3.38224322706107e-05,0.000105441424581816,-1.14339397722909,TRUE,FALSE,FALSE,FALSE,
VEGF,IgG+ plasmablast / plasma cell,Stellate cell,2.37024476248139e-05,2.36301592453634e-05,1.76198522250488e-05,1.21225209029955e-05,all4,2,2,2,2,2.36663034350886e-05,1.48711865640221e-05,2.36301592453634e-05,2.37024476248139e-05,1.21225209029955e-05,1.76198522250488e-05,0.667089137012731,TRUE,TRUE,FALSE,TRUE,irHepatitis
VEGF,IgG+ plasmablast / plasma cell,Vascular endothelial cell,0.000224939192982433,0.000449347158092418,0.000107400412654965,0.000141037807351472,all4,2,2,2,2,0.000337143175537426,0.000124219110003219,0.000224939192982433,0.000449347158092418,0.000107400412654965,0.000141037807351472,1.43981513297509,TRUE,TRUE,FALSE,TRUE,irHepatitis
VEGF,IgM+ B cell,CD4+ T cell,4.14084172381788e-05,2.46999395096947e-05,4.91437130396169e-06,9.55955936827469e-06,all4,2,2,2,2,3.30541783739368e-05,7.23696533611819e-06,2.46999395096947e-05,4.14084172381788e-05,4.91437130396169e-06,9.55955936827469e-06,2.17748227682862,TRUE,TRUE,FALSE,TRUE,irHepatitis
VEGF,IgM+ B cell,CD8+ T cell 1,1.05081084221111e-05,5.29278429168832e-06,3.1604934354593e-06,2.09586824032817e-06,all4,2,2,2,2,7.90044635689971e-06,2.62818083789373e-06,5.29278429168832e-06,1.05081084221111e-05,2.09586824032817e-06,3.1604934354593e-06,1.55566772493973,TRUE,TRUE,FALSE,TRUE,irHepatitis
VEGF,IgM+ B cell,CD8+ T cell 2,1.43812228679913e-05,2.9107842241862e-06,8.33577584091193e-07,1.51800281204132e-06,all4,2,2,2,2,8.64600354608875e-06,1.17579019806626e-06,2.9107842241862e-06,1.43812228679913e-05,8.33577584091193e-07,1.51800281204132e-06,2.78702717324148,TRUE,TRUE,FALSE,TRUE,irHepatitis
VEGF,IgM+ B cell,CD8+ T cell 3,3.52874324437058e-05,2.91293362305813e-05,3.44634140085848e-06,2.03986599577095e-06,all4,2,2,2,2,3.22083843371436e-05,2.74310369831472e-06,2.91293362305813e-05,3.52874324437058e-05,2.03986599577095e-06,3.44634140085848e-06,3.51105055201289,TRUE,TRUE,FALSE,TRUE,irHepatitis
VEGF,IgM+ B cell,Cholangiocyte,1.70453254609717e-05,5.92432748711093e-07,1.02403257815894e-06,1.5824517173637e-06,all4,2,2,2,2,8.81887910484139e-06,1.30324214776132e-06,5.92432748711093e-07,1.70453254609717e-05,1.02403257815894e-06,1.5824517173637e-06,2.67688039321342,TRUE,FALSE,FALSE,FALSE,
VEGF,IgM+ B cell,Hepatocyte 1,2.23276279019315e-06,1.17355773121475e-06,3.83590835993361e-07,3.87471449242899e-07,all4,2,2,2,2,1.70316026070395e-06,3.8553114261813e-07,1.17355773121475e-06,2.23276279019315e-06,3.83590835993361e-07,3.87471449242899e-07,1.91510323056442,TRUE,TRUE,FALSE,TRUE,irHepatitis
VEGF,IgM+ B cell,Hepatocyte 2,2.42522924065154e-06,1.29068179811984e-06,5.44988404464438e-07,3.25308656086425e-07,all4,2,2,2,2,1.85795551938569e-06,4.35148530275431e-07,1.29068179811984e-06,2.42522924065154e-06,3.25308656086425e-07,5.44988404464438e-07,1.89135279981102,TRUE,TRUE,FALSE,TRUE,irHepatitis
VEGF,IgM+ B cell,Hepatocyte 3,1.0654879436287e-06,2.85380950593855e-07,1.99364071636876e-06,3.47791480591541e-07,all4,2,2,2,2,6.75434447111278e-07,1.17071609848015e-06,2.85380950593855e-07,1.0654879436287e-06,3.47791480591541e-07,1.99364071636876e-06,-0.719962622296855,TRUE,FALSE,FALSE,FALSE,
VEGF,IgM+ B cell,Hepatocyte 4,1.19149089991107e-05,2.70951384713321e-06,8.97653671318683e-07,2.67192883769736e-07,all4,2,2,2,2,7.31221142312193e-06,5.8242327754421e-07,2.70951384713321e-06,1.19149089991107e-05,2.67192883769736e-07,8.97653671318683e-07,3.46069897179072,TRUE,TRUE,FALSE,TRUE,irHepatitis
VEGF,IgM+ B cell,Ig+ hepatocyte,0,,4.33235429484954e-07,1.17777840002756e-06,all4,2,2,1,2,0,8.05506914756255e-07,,,4.33235429484954e-07,1.17777840002756e-06,-3.31606996486127,FALSE,FALSE,FALSE,FALSE,
VEGF,IgM+ B cell,IgG+ B cell,4.56323366970032e-05,0,1.3330960506699e-06,1.70240847640674e-06,all4,2,2,2,2,2.28161683485016e-05,1.51775226353832e-06,0,4.56323366970032e-05,1.3330960506699e-06,1.70240847640674e-06,3.83269791162792,TRUE,FALSE,FALSE,FALSE,
VEGF,IgM+ B cell,IgG+ plasmablast / plasma cell,7.63624196790703e-05,0,2.25272971745501e-06,1.39071397692161e-06,all4,2,2,2,2,3.81812098395352e-05,1.82172184718831e-06,0,7.63624196790703e-05,1.39071397692161e-06,2.25272971745501e-06,4.32338267610061,TRUE,FALSE,FALSE,FALSE,
VEGF,IgM+ B cell,IgM+ B cell,6.40938256807773e-05,6.82623841613205e-05,6.91991934638783e-06,2.46363828784601e-05,all4,2,2,2,2,6.61781049210489e-05,1.5778151112424e-05,6.40938256807773e-05,6.82623841613205e-05,6.91991934638783e-06,2.46363828784601e-05,2.0621871508609,TRUE,TRUE,FALSE,TRUE,irHepatitis
VEGF,IgM+ B cell,Macrophage 1,5.77094756189014e-06,1.92079373681676e-06,2.48610931262345e-06,1.30576920626706e-06,all4,2,2,2,2,3.84587064935345e-06,1.89593925944525e-06,1.92079373681676e-06,5.77094756189014e-06,1.30576920626706e-06,2.48610931262345e-06,0.986895295012906,TRUE,FALSE,FALSE,FALSE,
VEGF,IgM+ B cell,Macrophage 2,5.00493699737944e-06,2.02092931772294e-06,2.25141792114068e-06,1.93205800621952e-06,all4,2,2,2,2,3.51293315755119e-06,2.0917379636801e-06,2.02092931772294e-06,5.00493699737944e-06,1.93205800621952e-06,2.25141792114068e-06,0.723718679288712,TRUE,FALSE,FALSE,FALSE,
VEGF,IgM+ B cell,Sinusoidal endothelial cell,1.05901861564011e-05,8.13358162698854e-06,1.45387934729474e-05,9.21023290719883e-06,all4,2,2,2,2,9.36188389169481e-06,1.18745131900731e-05,8.13358162698854e-06,1.05901861564011e-05,9.21023290719883e-06,1.45387934729474e-05,-0.34009091249231,TRUE,FALSE,FALSE,FALSE,
VEGF,IgM+ B cell,Stellate cell,1.72491703488639e-05,1.16783300724006e-05,4.08970403181819e-06,3.31474130733036e-06,all4,2,2,2,2,1.44637502106322e-05,3.70222266957427e-06,1.16783300724006e-05,1.72491703488639e-05,3.31474130733036e-06,4.08970403181819e-06,1.94030193446383,TRUE,TRUE,FALSE,TRUE,irHepatitis
VEGF,IgM+ B cell,Vascular endothelial cell,0.000112148491293122,0.000130912066295881,5.19632131799219e-05,4.36894809791239e-05,all4,2,2,2,2,0.000121530278794501,4.78263470795229e-05,0.000112148491293122,0.000130912066295881,4.36894809791239e-05,5.19632131799219e-05,1.34379569166452,TRUE,TRUE,FALSE,TRUE,irHepatitis
VEGF,Macrophage 1,CD4+ T cell,1.0096795515636e-05,7.35206457593308e-06,2.91751451519436e-06,2.71020397506753e-06,all4,2,2,2,2,8.72443004578455e-06,2.81385924513094e-06,7.35206457593308e-06,1.0096795515636e-05,2.71020397506753e-06,2.91751451519436e-06,1.60192721866362,TRUE,TRUE,FALSE,TRUE,irHepatitis
VEGF,Macrophage 1,CD8+ T cell 1,1.92077985186545e-05,2.99528091382143e-05,9.53705563972686e-06,5.87087463251075e-06,all4,2,2,2,2,2.45803038284344e-05,7.70396513611881e-06,1.92077985186545e-05,2.99528091382143e-05,5.87087463251075e-06,9.53705563972686e-06,1.66235805688362,TRUE,TRUE,FALSE,TRUE,irHepatitis
VEGF,Macrophage 1,CD8+ T cell 2,2.78907083467013e-05,2.85484062207978e-05,4.43105031266001e-06,3.32346655802428e-06,all4,2,2,2,2,2.82195572837496e-05,3.87725843534215e-06,2.78907083467013e-05,2.85484062207978e-05,3.32346655802428e-06,4.43105031266001e-06,2.83510442842183,TRUE,TRUE,FALSE,TRUE,irHepatitis
VEGF,Macrophage 1,CD8+ T cell 3,1.65511040800864e-05,2.98414494196074e-05,7.90840152261317e-06,5.19720232614716e-06,all4,2,2,2,2,2.31962767498469e-05,6.55280192438017e-06,1.65511040800864e-05,2.98414494196074e-05,5.19720232614716e-06,7.90840152261317e-06,1.80963084077115,TRUE,TRUE,FALSE,TRUE,irHepatitis
VEGF,Macrophage 1,Cholangiocyte,8.55399737433232e-06,9.13942127595241e-06,4.8114705238159e-07,7.8039976835762e-07,all4,2,2,2,2,8.84670932514237e-06,6.30773410369605e-07,8.55399737433232e-06,9.13942127595241e-06,4.8114705238159e-07,7.8039976835762e-07,3.6322997746197,TRUE,TRUE,FALSE,TRUE,irHepatitis
VEGF,Macrophage 1,Hepatocyte 1,7.40927942280318e-06,9.95377814069937e-06,2.55390719394404e-06,2.05276592532053e-06,all4,2,2,2,2,8.68152878175127e-06,2.30333655963228e-06,7.40927942280318e-06,9.95377814069937e-06,2.05276592532053e-06,2.55390719394404e-06,1.87384641225514,TRUE,TRUE,FALSE,TRUE,irHepatitis
VEGF,Macrophage 1,Hepatocyte 2,5.93757843462322e-06,1.31403447768764e-05,3.27500405912111e-06,1.88717242674534e-06,all4,2,2,2,2,9.53896160574982e-06,2.58108824293322e-06,5.93757843462322e-06,1.31403447768764e-05,1.88717242674534e-06,3.27500405912111e-06,1.84998944089044,TRUE,TRUE,FALSE,TRUE,irHepatitis
VEGF,Macrophage 1,Hepatocyte 3,5.47715283844051e-06,9.71962933122634e-06,4.04193969090458e-06,1.98825331549099e-06,all4,2,2,2,2,7.59839108483343e-06,3.01509650319779e-06,5.47715283844051e-06,9.71962933122634e-06,1.98825331549099e-06,4.04193969090458e-06,1.30806977095928,TRUE,TRUE,FALSE,TRUE,irHepatitis
VEGF,Macrophage 1,Hepatocyte 4,6.68026071098492e-06,1.27839341939946e-05,3.21744769586474e-06,2.06101970616055e-06,all4,2,2,2,2,9.73209745248976e-06,2.63923370101264e-06,6.68026071098492e-06,1.27839341939946e-05,2.06101970616055e-06,3.21744769586474e-06,1.84757124595031,TRUE,TRUE,FALSE,TRUE,irHepatitis
VEGF,Macrophage 1,Ig+ hepatocyte,0,,5.93381551425832e-06,1.94883229806701e-06,all4,2,2,1,2,0,3.94132390616267e-06,,,1.94883229806701e-06,5.93381551425832e-06,-5.48666553058492,FALSE,FALSE,FALSE,FALSE,
VEGF,Macrophage 1,IgG+ B cell,4.40854660036595e-06,0,1.78432529800388e-06,5.72580158925229e-07,all4,2,2,2,2,2.20427330018298e-06,1.17845272846455e-06,0,4.40854660036595e-06,5.72580158925229e-07,1.78432529800388e-06,0.855015526126576,TRUE,FALSE,FALSE,FALSE,
VEGF,Macrophage 1,IgG+ plasmablast / plasma cell,1.31575058192474e-05,0,2.57927531917986e-06,1.99469055367324e-06,all4,2,2,2,2,6.57875290962369e-06,2.28698293642655e-06,0,1.31575058192474e-05,1.99469055367324e-06,2.57927531917986e-06,1.4883223329879,TRUE,FALSE,FALSE,FALSE,
VEGF,Macrophage 1,IgM+ B cell,1.36729516409043e-05,1.22075438027419e-05,2.46805434481826e-06,2.92720912786617e-06,all4,2,2,2,2,1.29402477218231e-05,2.69763173634221e-06,1.22075438027419e-05,1.36729516409043e-05,2.46805434481826e-06,2.92720912786617e-06,2.22479103636665,TRUE,TRUE,FALSE,TRUE,irHepatitis
VEGF,Macrophage 1,Macrophage 1,2.95527306508991e-05,4.23360471375772e-05,1.12439995988989e-05,8.06839603903513e-06,all4,2,2,2,2,3.59443888942381e-05,9.65619781896704e-06,2.95527306508991e-05,4.23360471375772e-05,8.06839603903513e-06,1.12439995988989e-05,1.88647316562409,TRUE,TRUE,FALSE,TRUE,irHepatitis
VEGF,Macrophage 1,Macrophage 2,8.98187443251409e-06,1.47745640414433e-05,2.72260933617756e-06,2.30380654625318e-06,all4,2,2,2,2,1.18782192369787e-05,2.51320794121537e-06,8.98187443251409e-06,1.47745640414433e-05,2.30380654625318e-06,2.72260933617756e-06,2.20088699499694,TRUE,TRUE,FALSE,TRUE,irHepatitis
VEGF,Macrophage 1,Sinusoidal endothelial cell,5.48509106141188e-05,0.000126226145854854,5.59431196513841e-05,3.26081044079807e-05,all4,2,2,2,2,9.05385282344862e-05,4.42756120296824e-05,5.48509106141188e-05,0.000126226145854854,3.26081044079807e-05,5.59431196513841e-05,1.03052495289399,TRUE,FALSE,FALSE,FALSE,
VEGF,Macrophage 1,Stellate cell,1.47253577531541e-05,2.24686428484103e-05,6.5302954403694e-06,4.47526276703652e-06,all4,2,2,2,2,1.85970003007822e-05,5.50277910370296e-06,1.47253577531541e-05,2.24686428484103e-05,4.47526276703652e-06,6.5302954403694e-06,1.74041481454323,TRUE,TRUE,FALSE,TRUE,irHepatitis
VEGF,Macrophage 1,Vascular endothelial cell,6.40477482074208e-05,7.81314996328683e-05,1.81954421207548e-05,1.8342256224556e-05,all4,2,2,2,2,7.10896239201446e-05,1.82688491726554e-05,6.40477482074208e-05,7.81314996328683e-05,1.81954421207548e-05,1.8342256224556e-05,1.95499419073535,TRUE,TRUE,FALSE,TRUE,irHepatitis
VEGF,Macrophage 2,CD4+ T cell,8.52461000549249e-06,1.44103249743949e-05,3.8634062813508e-06,4.41071045692397e-06,all4,2,2,2,2,1.14674674899437e-05,4.13705836913739e-06,8.52461000549249e-06,1.44103249743949e-05,3.8634062813508e-06,4.41071045692397e-06,1.45111980620477,TRUE,TRUE,FALSE,TRUE,irHepatitis
VEGF,Macrophage 2,CD8+ T cell 1,9.41880140177542e-06,1.10839352597474e-05,4.52734010235526e-06,3.25441584132738e-06,all4,2,2,2,2,1.02513683307614e-05,3.89087797184132e-06,9.41880140177542e-06,1.10839352597474e-05,3.25441584132738e-06,4.52734010235526e-06,1.37728958448773,TRUE,TRUE,FALSE,TRUE,irHepatitis
VEGF,Macrophage 2,CD8+ T cell 2,1.04620332058093e-05,9.94591325691045e-06,7.96951886201301e-07,1.47001231496817e-06,all4,2,2,2,2,1.02039732313599e-05,1.13348210058473e-06,9.94591325691045e-06,1.04620332058093e-05,7.96951886201301e-07,1.47001231496817e-06,3.07283315024712,TRUE,TRUE,FALSE,TRUE,irHepatitis
VEGF,Macrophage 2,CD8+ T cell 3,1.07484885723405e-05,1.14155170286497e-05,4.37980782198835e-06,3.74773697767471e-06,all4,2,2,2,2,1.10820028004951e-05,4.06377239983153e-06,1.07484885723405e-05,1.14155170286497e-05,3.74773697767471e-06,4.37980782198835e-06,1.42741437009335,TRUE,TRUE,FALSE,TRUE,irHepatitis
VEGF,Macrophage 2,Cholangiocyte,1.27722419833132e-05,3.55094482859953e-06,1.49104182859021e-06,1.88730604425904e-06,all4,2,2,2,2,8.16159340595639e-06,1.68917393642462e-06,3.55094482859953e-06,1.27722419833132e-05,1.49104182859021e-06,1.88730604425904e-06,2.21352523623316,TRUE,TRUE,FALSE,TRUE,irHepatitis
VEGF,Macrophage 2,Hepatocyte 1,3.71560323486365e-06,3.70863280557578e-06,5.38002900978689e-07,8.58543916467261e-07,all4,2,2,2,2,3.71211802021972e-06,6.98273408722975e-07,3.70863280557578e-06,3.71560323486365e-06,5.38002900978689e-07,8.58543916467261e-07,2.27017229948136,TRUE,TRUE,FALSE,TRUE,irHepatitis
VEGF,Macrophage 2,Hepatocyte 2,3.1285075390753e-06,4.71734753427021e-06,8.22547739870107e-07,8.46448226137663e-07,all4,2,2,2,2,3.92292753667275e-06,8.34497983003885e-07,3.1285075390753e-06,4.71734753427021e-06,8.22547739870107e-07,8.46448226137663e-07,2.11802644040774,TRUE,TRUE,FALSE,TRUE,irHepatitis
VEGF,Macrophage 2,Hepatocyte 3,3.02886802338861e-06,4.18203418480107e-06,2.03665870098444e-06,1.43625506368727e-06,all4,2,2,2,2,3.60545110409484e-06,1.73645688233585e-06,3.02886802338861e-06,4.18203418480107e-06,1.43625506368727e-06,2.03665870098444e-06,1.01674051252168,TRUE,TRUE,FALSE,TRUE,irHepatitis
VEGF,Macrophage 2,Hepatocyte 4,4.80022862232836e-06,6.04457115444162e-06,4.87006493672013e-07,7.81007075715307e-07,all4,2,2,2,2,5.42239988838499e-06,6.3400678469366e-07,4.80022862232836e-06,6.04457115444162e-06,4.87006493672013e-07,7.81007075715307e-07,2.92876888441006,TRUE,TRUE,FALSE,TRUE,irHepatitis
VEGF,Macrophage 2,Ig+ hepatocyte,0,,1.07647471894394e-06,2.53637329159165e-06,all4,2,2,1,2,0,1.80642400526779e-06,,,1.07647471894394e-06,2.53637329159165e-06,-4.39865534325956,FALSE,FALSE,FALSE,FALSE,
VEGF,Macrophage 2,IgG+ B cell,2.24304753365384e-06,0,1.94831031752798e-06,1.87873440315757e-06,all4,2,2,2,2,1.12152376682692e-06,1.91352236034277e-06,0,2.24304753365384e-06,1.87873440315757e-06,1.94831031752798e-06,-0.725760356023912,TRUE,FALSE,FALSE,FALSE,
VEGF,Macrophage 2,IgG+ plasmablast / plasma cell,8.1232059036687e-06,0,2.72034672517276e-06,2.57752042663903e-06,all4,2,2,2,2,4.06160295183435e-06,2.64893357590589e-06,0,8.1232059036687e-06,2.57752042663903e-06,2.72034672517276e-06,0.600071120950712,TRUE,FALSE,FALSE,FALSE,
VEGF,Macrophage 2,IgM+ B cell,1.10595757716894e-05,3.61048806426947e-05,3.50192456160142e-06,6.37002068208187e-06,all4,2,2,2,2,2.35822282071921e-05,4.93597262184164e-06,1.10595757716894e-05,3.61048806426947e-05,3.50192456160142e-06,6.37002068208187e-06,2.23574214236665,TRUE,TRUE,FALSE,TRUE,irHepatitis
VEGF,Macrophage 2,Macrophage 1,7.7225553784221e-06,9.97608746977591e-06,4.34589965732715e-06,2.80863747455242e-06,all4,2,2,2,2,8.849321424099e-06,3.57726856593978e-06,7.7225553784221e-06,9.97608746977591e-06,2.80863747455242e-06,4.34589965732715e-06,1.28548130680647,TRUE,TRUE,FALSE,TRUE,irHepatitis
VEGF,Macrophage 2,Macrophage 2,1.12478510580094e-05,1.28264589473005e-05,3.2412182903485e-06,3.22715802106451e-06,all4,2,2,2,2,1.20371550026549e-05,3.23418815570651e-06,1.12478510580094e-05,1.28264589473005e-05,3.22715802106451e-06,3.2412182903485e-06,1.86719693678369,TRUE,TRUE,FALSE,TRUE,irHepatitis
VEGF,Macrophage 2,Sinusoidal endothelial cell,2.83234506578913e-05,4.73969331815449e-05,2.94528275866408e-05,1.67966987093988e-05,all4,2,2,2,2,3.78601919197181e-05,2.31247631480198e-05,2.83234506578913e-05,4.73969331815449e-05,1.67966987093988e-05,2.94528275866408e-05,0.709066898410254,TRUE,FALSE,FALSE,FALSE,
VEGF,Macrophage 2,Stellate cell,9.03724501873457e-06,9.54040048048263e-06,6.16747053682831e-06,4.38861187250495e-06,all4,2,2,2,2,9.2888227496086e-06,5.27804120466663e-06,9.03724501873457e-06,9.54040048048263e-06,4.38861187250495e-06,6.16747053682831e-06,0.805021950888333,TRUE,TRUE,FALSE,TRUE,irHepatitis
VEGF,Macrophage 2,Vascular endothelial cell,4.74503464757311e-05,0.00010074539063267,4.28938798285739e-05,3.97909811471098e-05,all4,2,2,2,2,7.40978685542006e-05,4.13424304878419e-05,4.74503464757311e-05,0.00010074539063267,3.97909811471098e-05,4.28938798285739e-05,0.840424290126748,TRUE,TRUE,FALSE,TRUE,irHepatitis
VEGF,Sinusoidal endothelial cell,CD4+ T cell,9.17463918451932e-07,1.89800963849451e-06,4.00006712394798e-06,2.62652538360095e-06,all4,2,2,2,2,1.40773677847322e-06,3.31329625377446e-06,9.17463918451932e-07,1.89800963849451e-06,2.62652538360095e-06,4.00006712394798e-06,-1.18419957377565,TRUE,FALSE,TRUE,TRUE,AIH
VEGF,Sinusoidal endothelial cell,CD8+ T cell 1,6.85278747419107e-06,1.76687889074968e-05,2.65865955791719e-05,7.92856729665075e-06,all4,2,2,2,2,1.22607881908439e-05,1.72575814379113e-05,6.85278747419107e-06,1.76687889074968e-05,7.92856729665075e-06,2.65865955791719e-05,-0.49013460318375,TRUE,FALSE,FALSE,FALSE,
VEGF,Sinusoidal endothelial cell,CD8+ T cell 2,7.22863398821145e-06,2.09632420180316e-05,9.0317051309044e-06,4.34701824762742e-06,all4,2,2,2,2,1.40959380031215e-05,6.68936168926591e-06,7.22863398821145e-06,2.09632420180316e-05,4.34701824762742e-06,9.0317051309044e-06,1.06525069130395,TRUE,FALSE,FALSE,FALSE,
VEGF,Sinusoidal endothelial cell,CD8+ T cell 3,5.36544856023734e-06,1.6613354717741e-05,1.84970701775782e-05,8.70966586166319e-06,all4,2,2,2,2,1.09894016389892e-05,1.36033680196207e-05,5.36544856023734e-06,1.6613354717741e-05,8.70966586166319e-06,1.84970701775782e-05,-0.305599714127653,TRUE,FALSE,FALSE,FALSE,
VEGF,Sinusoidal endothelial cell,Cholangiocyte,1.02037429621241e-06,4.4892484398586e-06,4.75436818774253e-07,1.03621400367271e-06,all4,2,2,2,2,2.75481136803551e-06,7.55825411223481e-07,1.02037429621241e-06,4.4892484398586e-06,4.75436818774253e-07,1.03621400367271e-06,1.75001436551886,TRUE,FALSE,FALSE,FALSE,
VEGF,Sinusoidal endothelial cell,Hepatocyte 1,8.27061178811154e-06,1.0920000727261e-05,6.39578610442431e-06,2.78115805353384e-06,all4,2,2,2,2,9.59530625768628e-06,4.58847207897907e-06,8.27061178811154e-06,1.0920000727261e-05,2.78115805353384e-06,6.39578610442431e-06,1.04977527807907,TRUE,TRUE,FALSE,TRUE,irHepatitis
VEGF,Sinusoidal endothelial cell,Hepatocyte 2,6.70972023413473e-06,1.07556033800896e-05,6.27261731012627e-06,2.70428902503252e-06,all4,2,2,2,2,8.73266180711218e-06,4.4884531675794e-06,6.70972023413473e-06,1.07556033800896e-05,2.70428902503252e-06,6.27261731012627e-06,0.946368032310651,TRUE,TRUE,FALSE,TRUE,irHepatitis
VEGF,Sinusoidal endothelial cell,Hepatocyte 3,5.45420164029213e-06,8.25301753036328e-06,1.02972314035838e-05,2.60198594685226e-06,all4,2,2,2,2,6.85360958532771e-06,6.44960867521805e-06,5.45420164029213e-06,8.25301753036328e-06,2.60198594685226e-06,1.02972314035838e-05,0.0864827358186978,TRUE,FALSE,FALSE,FALSE,
VEGF,Sinusoidal endothelial cell,Hepatocyte 4,5.04575733365258e-06,1.40422446339263e-05,5.10411590639107e-06,3.02803713736696e-06,all4,2,2,2,2,9.54400098378946e-06,4.06607652187902e-06,5.04575733365258e-06,1.40422446339263e-05,3.02803713736696e-06,5.10411590639107e-06,1.21293149168123,TRUE,FALSE,FALSE,FALSE,
VEGF,Sinusoidal endothelial cell,Ig+ hepatocyte,0,,4.96321651895641e-06,2.67844902610947e-06,all4,2,2,1,2,0,3.82083277253294e-06,,,2.67844902610947e-06,4.96321651895641e-06,-5.44288663253332,FALSE,FALSE,FALSE,FALSE,
VEGF,Sinusoidal endothelial cell,IgG+ B cell,4.95709240070559e-06,0,3.22307935962675e-06,6.19586786046501e-07,all4,2,2,2,2,2.47854620035279e-06,1.92133307283663e-06,0,4.95709240070559e-06,6.19586786046501e-07,3.22307935962675e-06,0.352814708439409,TRUE,FALSE,FALSE,FALSE,
VEGF,Sinusoidal endothelial cell,IgG+ plasmablast / plasma cell,1.75098160206759e-06,0,4.71784449816231e-06,1.34217948389407e-06,all4,2,2,2,2,8.75490801033793e-07,3.03001199102819e-06,0,1.75098160206759e-06,1.34217948389407e-06,4.71784449816231e-06,-1.69231459522778,TRUE,FALSE,FALSE,FALSE,
VEGF,Sinusoidal endothelial cell,IgM+ B cell,3.75238290161828e-06,1.93103353378553e-06,5.18238186592062e-06,2.44870197984854e-06,all4,2,2,2,2,2.8417082177019e-06,3.81554192288458e-06,1.93103353378553e-06,3.75238290161828e-06,2.44870197984854e-06,5.18238186592062e-06,-0.413792809155747,TRUE,FALSE,FALSE,FALSE,
VEGF,Sinusoidal endothelial cell,Macrophage 1,8.5035847303376e-06,1.39077535337639e-05,2.44018268259565e-05,7.46728018326273e-06,all4,2,2,2,2,1.12056691320508e-05,1.59345535046096e-05,8.5035847303376e-06,1.39077535337639e-05,7.46728018326273e-06,2.44018268259565e-05,-0.50451798276765,TRUE,FALSE,FALSE,FALSE,
VEGF,Sinusoidal endothelial cell,Macrophage 2,4.49149673766638e-06,6.10712765529664e-06,5.73535608474709e-06,2.85037625665272e-06,all4,2,2,2,2,5.29931219648151e-06,4.29286617069991e-06,4.49149673766638e-06,6.10712765529664e-06,2.85037625665272e-06,5.73535608474709e-06,0.29823234001045,TRUE,FALSE,FALSE,FALSE,
VEGF,Sinusoidal endothelial cell,Sinusoidal endothelial cell,0.00011552287848116,0.000179351514959361,0.00025531465178699,8.29488854446976e-05,all4,2,2,2,2,0.00014743719672026,0.000169131768615844,0.00011552287848116,0.000179351514959361,8.29488854446976e-05,0.00025531465178699,-0.197934345829579,TRUE,FALSE,FALSE,FALSE,
VEGF,Sinusoidal endothelial cell,Stellate cell,1.22821640027602e-05,1.34327847270463e-05,2.24658231386038e-05,5.80352562160863e-06,all4,2,2,2,2,1.28574743649032e-05,1.41346743801062e-05,1.22821640027602e-05,1.34327847270463e-05,5.80352562160863e-06,2.24658231386038e-05,-0.135725870560134,TRUE,FALSE,FALSE,FALSE,
VEGF,Sinusoidal endothelial cell,Vascular endothelial cell,1.93504574490282e-05,3.98497823760046e-05,1.0589599751337e-05,1.48893382551283e-05,all4,2,2,2,2,2.96001199125164e-05,1.27394690032326e-05,1.93504574490282e-05,3.98497823760046e-05,1.0589599751337e-05,1.48893382551283e-05,1.21052748993414,TRUE,TRUE,FALSE,TRUE,irHepatitis
VEGF,Stellate cell,CD4+ T cell,1.77249421448609e-05,1.51951886638721e-05,1.17134053226487e-05,9.15260956363905e-06,all4,2,2,2,2,1.64600654043665e-05,1.04330074431439e-05,1.51951886638721e-05,1.77249421448609e-05,9.15260956363905e-06,1.17134053226487e-05,0.653294551550008,TRUE,TRUE,FALSE,TRUE,irHepatitis
VEGF,Stellate cell,CD8+ T cell 1,2.00440292506781e-05,2.07747033953093e-05,1.83423943464516e-05,1.02875043104886e-05,all4,2,2,2,2,2.04093663229937e-05,1.43149493284701e-05,2.00440292506781e-05,2.07747033953093e-05,1.02875043104886e-05,1.83423943464516e-05,0.509017539727596,TRUE,TRUE,FALSE,TRUE,irHepatitis
VEGF,Stellate cell,CD8+ T cell 2,2.41884596668158e-05,2.07296644412535e-05,3.50271405077702e-06,4.34712312280371e-06,all4,2,2,2,2,2.24590620540346e-05,3.92491858679036e-06,2.07296644412535e-05,2.41884596668158e-05,3.50271405077702e-06,4.34712312280371e-06,2.4896526753138,TRUE,TRUE,FALSE,TRUE,irHepatitis
VEGF,Stellate cell,CD8+ T cell 3,1.79769964833064e-05,2.38649030845846e-05,1.34771645444546e-05,9.14605339953373e-06,all4,2,2,2,2,2.09209497839455e-05,1.13116089719942e-05,1.79769964833064e-05,2.38649030845846e-05,9.14605339953373e-06,1.34771645444546e-05,0.881909414925305,TRUE,TRUE,FALSE,TRUE,irHepatitis
VEGF,Stellate cell,Cholangiocyte,1.15282435609903e-05,8.01119325940727e-06,3.06505208544547e-06,4.28022077840564e-06,all4,2,2,2,2,9.7697184101988e-06,3.67263643192556e-06,8.01119325940727e-06,1.15282435609903e-05,3.06505208544547e-06,4.28022077840564e-06,1.3898249390167,TRUE,TRUE,FALSE,TRUE,irHepatitis
VEGF,Stellate cell,Hepatocyte 1,8.66188528126297e-06,7.05525908292197e-06,2.75794567962419e-06,2.82453255807303e-06,all4,2,2,2,2,7.85857218209247e-06,2.79123911884861e-06,7.05525908292197e-06,8.66188528126297e-06,2.75794567962419e-06,2.82453255807303e-06,1.46403647520741,TRUE,TRUE,FALSE,TRUE,irHepatitis
VEGF,Stellate cell,Hepatocyte 2,9.21244405356126e-06,9.85176069995034e-06,3.85279220443377e-06,2.52038133995536e-06,all4,2,2,2,2,9.5321023767558e-06,3.18658677219457e-06,9.21244405356126e-06,9.85176069995034e-06,2.52038133995536e-06,3.85279220443377e-06,1.55418582975815,TRUE,TRUE,FALSE,TRUE,irHepatitis
VEGF,Stellate cell,Hepatocyte 3,5.36389142279602e-06,8.8983778510916e-06,7.72482569140561e-06,3.74906216379272e-06,all4,2,2,2,2,7.13113463694381e-06,5.73694392759916e-06,5.36389142279602e-06,8.8983778510916e-06,3.74906216379272e-06,7.72482569140561e-06,0.309490627683831,TRUE,FALSE,FALSE,FALSE,
VEGF,Stellate cell,Hepatocyte 4,1.36216542709024e-05,7.40744191732271e-06,3.0345256690898e-06,2.8567060428627e-06,all4,2,2,2,2,1.05145480941125e-05,2.94561585597625e-06,7.40744191732271e-06,1.36216542709024e-05,2.8567060428627e-06,3.0345256690898e-06,1.80465403288708,TRUE,TRUE,FALSE,TRUE,irHepatitis
VEGF,Stellate cell,Ig+ hepatocyte,0,,6.37472531161409e-06,5.6588168685193e-06,all4,2,2,1,2,0,6.01677109006669e-06,,,5.6588168685193e-06,6.37472531161409e-06,-6.08583307819224,FALSE,FALSE,FALSE,FALSE,
VEGF,Stellate cell,IgG+ B cell,1.7656837201793e-05,0,7.23120861740006e-06,5.58583581345227e-06,all4,2,2,2,2,8.82841860089651e-06,6.40852221542617e-06,0,1.7656837201793e-05,5.58583581345227e-06,7.23120861740006e-06,0.456681922591739,TRUE,FALSE,FALSE,FALSE,
VEGF,Stellate cell,IgG+ plasmablast / plasma cell,3.0101267217812e-05,0,7.88305359725562e-06,5.86675325589944e-06,all4,2,2,2,2,1.5050633608906e-05,6.87490342657753e-06,0,3.0101267217812e-05,5.86675325589944e-06,7.88305359725562e-06,1.12026088851319,TRUE,FALSE,FALSE,FALSE,
VEGF,Stellate cell,IgM+ B cell,2.64703386698432e-05,2.54882972165494e-05,1.19736929487366e-05,1.29300840278839e-05,all4,2,2,2,2,2.59793179431963e-05,1.24518884883103e-05,2.54882972165494e-05,2.64703386698432e-05,1.19736929487366e-05,1.29300840278839e-05,1.05560387653134,TRUE,TRUE,FALSE,TRUE,irHepatitis
VEGF,Stellate cell,Macrophage 1,2.02545932364521e-05,1.23958015017816e-05,1.66160773466826e-05,8.25210174176353e-06,all4,2,2,2,2,1.63251973691169e-05,1.24340895442231e-05,1.23958015017816e-05,2.02545932364521e-05,8.25210174176353e-06,1.66160773466826e-05,0.390328946182918,TRUE,FALSE,FALSE,FALSE,
VEGF,Stellate cell,Macrophage 2,1.44178105511228e-05,9.82668148225894e-06,8.23324482462186e-06,6.06233240981151e-06,all4,2,2,2,2,1.21222460166909e-05,7.14778861721669e-06,9.82668148225894e-06,1.44178105511228e-05,6.06233240981151e-06,8.23324482462186e-06,0.7547153460346,TRUE,TRUE,FALSE,TRUE,irHepatitis
VEGF,Stellate cell,Sinusoidal endothelial cell,6.63052486385357e-05,8.6693761007326e-05,0.000131284806561972,5.66217248522941e-05,all4,2,2,2,2,7.64995048229308e-05,9.3953265707133e-05,6.63052486385357e-05,8.6693761007326e-05,5.66217248522941e-05,0.000131284806561972,-0.296178257409347,TRUE,FALSE,FALSE,FALSE,
VEGF,Stellate cell,Stellate cell,3.38053488409212e-05,3.1689974054274e-05,2.64511204501871e-05,1.75584677007589e-05,all4,2,2,2,2,3.27476614475976e-05,2.2004794075473e-05,3.1689974054274e-05,3.38053488409212e-05,1.75584677007589e-05,2.64511204501871e-05,0.571646920350826,TRUE,TRUE,FALSE,TRUE,irHepatitis
VEGF,Stellate cell,Vascular endothelial cell,0.000134860158344621,0.000168722823316395,0.000124173618863715,9.89191527203776e-05,all4,2,2,2,2,0.000151791490830508,0.000111546385792047,0.000134860158344621,0.000168722823316395,9.89191527203776e-05,0.000124173618863715,0.444139065336453,TRUE,TRUE,FALSE,TRUE,irHepatitis
VEGF,Vascular endothelial cell,CD4+ T cell,3.04027063276594e-05,2.79615119548e-05,1.11819976153094e-05,1.13633160439632e-05,all4,2,2,2,2,2.91821091412297e-05,1.12726568296363e-05,2.79615119548e-05,3.04027063276594e-05,1.11819976153094e-05,1.13633160439632e-05,1.36523382822497,TRUE,TRUE,FALSE,TRUE,irHepatitis
VEGF,Vascular endothelial cell,CD8+ T cell 1,2.16996024155097e-05,1.28742852866702e-05,6.4157969736915e-06,3.74568472087913e-06,all4,2,2,2,2,1.72869438510899e-05,5.08074084728531e-06,1.28742852866702e-05,2.16996024155097e-05,3.74568472087913e-06,6.4157969736915e-06,1.74874997347175,TRUE,TRUE,FALSE,TRUE,irHepatitis
VEGF,Vascular endothelial cell,CD8+ T cell 2,1.06669359049587e-05,3.22106244240375e-06,8.60124880720298e-07,4.76547749674748e-07,all4,2,2,2,2,6.94399917368124e-06,6.68336315197523e-07,3.22106244240375e-06,1.06669359049587e-05,4.76547749674748e-07,8.60124880720298e-07,3.21359573170386,TRUE,TRUE,FALSE,TRUE,irHepatitis
VEGF,Vascular endothelial cell,CD8+ T cell 3,3.07195847151269e-05,1.25826072574484e-05,4.91862923819896e-06,2.78577250505899e-06,all4,2,2,2,2,2.16510959862877e-05,3.85220087162898e-06,1.25826072574484e-05,3.07195847151269e-05,2.78577250505899e-06,4.91862923819896e-06,2.46337976555665,TRUE,TRUE,FALSE,TRUE,irHepatitis
VEGF,Vascular endothelial cell,Cholangiocyte,1.32611231209798e-05,8.13731419035054e-06,2.86431600595256e-06,3.23489919683427e-06,all4,2,2,2,2,1.06992186556652e-05,3.04960760139341e-06,8.13731419035054e-06,1.32611231209798e-05,2.86431600595256e-06,3.23489919683427e-06,1.78096499166632,TRUE,TRUE,FALSE,TRUE,irHepatitis
VEGF,Vascular endothelial cell,Hepatocyte 1,4.64629010990202e-06,1.53573455640862e-06,6.16349754828381e-07,4.54080076669142e-07,all4,2,2,2,2,3.09101233315532e-06,5.35214915748761e-07,1.53573455640862e-06,4.64629010990202e-06,4.54080076669142e-07,6.16349754828381e-07,2.3472369424773,TRUE,TRUE,FALSE,TRUE,irHepatitis
VEGF,Vascular endothelial cell,Hepatocyte 2,4.45836058142343e-06,2.29858439777204e-06,1.0703958221895e-06,4.2774561847937e-07,all4,2,2,2,2,3.37847248959773e-06,7.49070720334433e-07,2.29858439777204e-06,4.45836058142343e-06,4.2774561847937e-07,1.0703958221895e-06,2.04755921223561,TRUE,TRUE,FALSE,TRUE,irHepatitis
VEGF,Vascular endothelial cell,Hepatocyte 3,2.34353879243559e-06,1.56625220149488e-06,5.12587527362716e-06,2.45313543881498e-06,all4,2,2,2,2,1.95489549696524e-06,3.78950535622107e-06,1.56625220149488e-06,2.34353879243559e-06,2.45313543881498e-06,5.12587527362716e-06,-0.923877105607275,TRUE,FALSE,TRUE,TRUE,AIH
VEGF,Vascular endothelial cell,Hepatocyte 4,5.43360910489291e-06,1.64729654193331e-08,1.37699604403889e-06,3.8311690920311e-07,all4,2,2,2,2,2.72504103515612e-06,8.80056476620999e-07,1.64729654193331e-08,5.43360910489291e-06,3.8311690920311e-07,1.37699604403889e-06,1.53710734996759,TRUE,FALSE,FALSE,FALSE,
VEGF,Vascular endothelial cell,Ig+ hepatocyte,0,,1.8243332536474e-06,1.80555774729419e-06,all4,2,2,1,2,0,1.81494550047079e-06,,,1.80555774729419e-06,1.8243332536474e-06,-4.40512382796586,FALSE,FALSE,FALSE,FALSE,
VEGF,Vascular endothelial cell,IgG+ B cell,2.97358023677264e-05,0,5.86712539331478e-06,1.25984286378988e-05,all4,2,2,2,2,1.48679011838632e-05,9.23277701560678e-06,0,2.97358023677264e-05,5.86712539331478e-06,1.25984286378988e-05,0.682081597038425,TRUE,FALSE,FALSE,FALSE,
VEGF,Vascular endothelial cell,IgG+ plasmablast / plasma cell,6.21383513159223e-05,0,5.94782410263833e-06,5.97378636579686e-06,all4,2,2,2,2,3.10691756579612e-05,5.96080523421759e-06,0,6.21383513159223e-05,5.94782410263833e-06,5.97378636579686e-06,2.36447615581402,TRUE,FALSE,FALSE,FALSE,
VEGF,Vascular endothelial cell,IgM+ B cell,7.0898727760839e-05,5.46752545075695e-05,1.37733413710777e-05,1.743280600116e-05,all4,2,2,2,2,6.27869911342043e-05,1.56030736861188e-05,5.46752545075695e-05,7.0898727760839e-05,1.37733413710777e-05,1.743280600116e-05,2.00241074586562,TRUE,TRUE,FALSE,TRUE,irHepatitis
VEGF,Vascular endothelial cell,Macrophage 1,1.75143705239276e-05,3.04861003235809e-06,5.13666183910021e-06,2.02063115479774e-06,all4,2,2,2,2,1.02814902781428e-05,3.57864649694897e-06,3.04861003235809e-06,1.75143705239276e-05,2.02063115479774e-06,5.13666183910021e-06,1.49932740684309,TRUE,FALSE,FALSE,FALSE,
VEGF,Vascular endothelial cell,Macrophage 2,1.867053297944e-05,1.04194285774342e-05,4.90475643500268e-06,5.56311054190289e-06,all4,2,2,2,2,1.45449807784371e-05,5.23393348845278e-06,1.04194285774342e-05,1.867053297944e-05,4.90475643500268e-06,5.56311054190289e-06,1.4588726775004,TRUE,TRUE,FALSE,TRUE,irHepatitis
VEGF,Vascular endothelial cell,Sinusoidal endothelial cell,2.37069720961543e-05,2.23420466528162e-05,2.71863931086343e-05,1.22475694076728e-05,all4,2,2,2,2,2.30245093744853e-05,1.97169812581535e-05,2.23420466528162e-05,2.37069720961543e-05,1.22475694076728e-05,2.71863931086343e-05,0.222790705850661,TRUE,FALSE,FALSE,FALSE,
VEGF,Vascular endothelial cell,Stellate cell,1.86757604483982e-05,2.05599276296657e-05,9.87168092587657e-06,9.12736932708943e-06,all4,2,2,2,2,1.9617844039032e-05,9.499525126483e-06,1.86757604483982e-05,2.05599276296657e-05,9.12736932708943e-06,9.87168092587657e-06,1.03924597354749,TRUE,TRUE,FALSE,TRUE,irHepatitis
VEGF,Vascular endothelial cell,Vascular endothelial cell,0.000439626268110316,0.000445742518714151,0.000286245222175289,0.000294509622565447,all4,2,2,2,2,0.000442684393412233,0.000290377422370368,0.000439626268110316,0.000445742518714151,0.000286245222175289,0.000294509622565447,0.608195585756049,TRUE,TRUE,FALSE,TRUE,irHepatitis
